event_id,home_away,minute,minute_sec,player_in,player_out
401866261,home,45',2700.0,Farouck Adekami,
401866261,away,59',3540.0,Junya Ito,
401866261,home,69',4140.0,Youssef Hamdaoui,
401866261,home,70',4200.0,Marwan Al-Sahafi,
401866261,away,71',4260.0,Aaron Bibout,
401866261,away,84',5040.0,Ken Nkuba Tshiend,
401866261,away,84',5040.0,Nikolas Sattlberger,
401866261,away,85',5100.0,Yira Sor,
401866261,home,90'+1',5400.0,Boubakar Kiki Kouyate,
401866262,away,57',3420.0,Dante Vanzeir,
401866262,home,58',3480.0,Yannick Cappelle,
401866262,home,58',3480.0,Wilguens Paugain,
401866262,away,65',3900.0,Makaya Diaby,
401866262,away,65',3900.0,Ibrahim Diakité,
401866262,home,76',4560.0,Malick Mbaye,
401866262,away,83',4980.0,Steve Ngoura,
401866262,away,83',4980.0,Oluwaseun Adewumi,
401866262,home,86',5160.0,Benoit De Jaegere,
401866263,away,60',3600.0,Dennis Eckert,
401866263,away,61',3660.0,Bernard Nguene,
401866263,home,67',4020.0,Wouter George,
401866263,home,67',4020.0,Kyan Vaesen,
401866263,home,76',4560.0,Lukasz Lakomy,
401866263,home,77',4620.0,Mathieu Maertens,
401866263,away,81',4860.0,Ibrahim Karamoko,
401866263,away,81',4860.0,Mohamed El Hankouri,
401866263,home,86',5160.0,Abdoul Traoré,
401866263,away,87',5220.0,Nayel Mehssatou Sepúlveda,
401866264,away,68',4080.0,Oumar Diouf,
401866264,away,69',4140.0,Visar Musliu,
401866264,home,72',4320.0,Kevin Rodríguez,
401866264,away,79',4740.0,Ryan Merlen,
401866264,away,79',4740.0,Kaito Matsuzawa,
401866264,home,82',4920.0,Louis Patris,
401866264,home,82',4920.0,Mohammed Fuseini,
401866264,home,90'+3',5400.0,Ivan Pavlic,
401866265,home,62',3720.0,Dylan Ourega,
401866265,away,72',4320.0,Jakob Romsaas,
401866265,home,76',4560.0,Naoufal Bohamdi-Kamoni,
401866265,away,83',4980.0,Yassine Khalifi,
401866265,away,83',4980.0,Filip Szymczak,
401866265,home,83',4980.0,Serhiy Sydorchuk,
401866265,home,83',4980.0,Thomas Van Den Keybus,
401866265,home,84',5040.0,Fernand Gouré,
401866266,away,45',2700.0,Mario Stroeykens,
401866266,home,64',3840.0,Romeo Vermant,
401866266,away,71',4260.0,Joshua-Williame Nga Kana,
401866266,home,75',4500.0,Hugo Vetlesen,
401866266,away,82',4920.0,Coba da Costa,
401866266,home,87',5220.0,Bjorn Meijer,
401866266,home,87',5220.0,Hugo Siquet,
401866266,home,87',5220.0,Shandre Campbell,
401866266,away,88',5280.0,Yari Verschaeren,
401866267,home,45',2700.0,Owen Maes,
401866267,away,62',3720.0,Amine Daali,
401866267,away,62',3720.0,David Tosevski,
401866267,home,73',4380.0,Maxence Maisonneuve,
401866267,home,73',4380.0,Nachon Nsingi,
401866267,away,79',4740.0,Kobe Cools,
401866267,away,87',5220.0,Desmond Acquah,
401866268,away,45',2700.0,Bill Antonio,
401866268,home,67',4020.0,Bi Goore,
401866268,away,68',4080.0,Bouke Boersma,
401866268,home,71',4260.0,Atsuki Ito,
401866268,away,90',5400.0,Maksim Kireev,
401866268,home,90',5400.0,Jean-Kévin Duverne,
401866268,home,90',5400.0,Ibrahima Cisse,
401866269,away,62',3720.0,Daam Foulon,
401866269,home,68',4080.0,Yassine Khalifi,
401866269,away,71',4260.0,Youssef Hamdaoui,
401866269,away,71',4260.0,Boubakar Kiki Kouyate,
401866269,away,71',4260.0,Xander Dierckx,
401866269,home,71',4260.0,Antoine Colassin,
401866269,home,72',4320.0,Jakob Romsaas,
401866269,away,83',4980.0,Jeff Godelaine,
401866269,home,83',4980.0,Lewin Blum,
401866269,home,83',4980.0,Mehdi Boukamir,
401866270,away,45',2700.0,Bryan Soumaré,
401866270,away,64',3840.0,Samuel Gueulette,
401866270,away,64',3840.0,Cristian Makaté,
401866270,home,69',4140.0,Oumar Diakité,
401866270,home,69',4140.0,Oluwaseun Adewumi,
401866270,away,77',4620.0,Alexis Beka Beka,
401866270,away,77',4620.0,Nachon Nsingi,
401866270,home,83',4980.0,Lawrence Agyekum,
401866270,home,83',4980.0,Makaya Diaby,
401866270,home,90',5400.0,Charles Herrmann,
401866271,away,45',2700.0,Dylan Ourega,
401866271,home,71',4260.0,Timothé Nkada,
401866271,home,71',4260.0,Bernard Nguene,
401866271,away,73',4380.0,Thomas Van Den Keybus,
401866271,away,84',5040.0,Afonso Patrão,
401866271,away,84',5040.0,Naoufal Bohamdi-Kamoni,
401866271,home,86',5160.0,Mohamed El Hankouri,
401866271,away,90'+1',5400.0,Fernand Gouré,
401866272,away,29',1740.0,Mamadou Diakhon,
401866272,away,29',1740.0,Hugo Siquet,
401866272,away,45',2700.0,Hugo Vetlesen,
401866272,home,74',4440.0,Kaito Matsuzawa,
401866272,home,82',4920.0,Ryan Merlen,
401866272,away,83',4980.0,Romeo Vermant,
401866272,home,86',5160.0,Oumar Diouf,
401866272,home,86',5160.0,Joederik Pupe,
401866272,away,89',5340.0,Jorne Spileers,
401866273,away,65',3900.0,Raul Florucz,
401866273,home,74',4440.0,Bouke Boersma,
401866273,away,76',4560.0,Kamiel Van De Perre,
401866273,away,76',4560.0,Mohammed Fuseini,
401866273,home,80',4800.0,Keano Van Rafelghem,
401866273,home,88',5280.0,Maksim Kireev,
401866273,home,88',5280.0,Bilal Bafdili,
401866273,away,90'+5',5400.0,Ivan Pavlic,
401866274,home,45',2700.0,Yaimar Medina,
401866274,home,45',2700.0,Aaron Bibout,
401866274,home,65',3900.0,Jarne Steuckers,
401866274,home,65',3900.0,Joris Kayembe,
401866274,away,69',4140.0,Thibaud Verlinden,
401866274,away,69',4140.0,Lukasz Lakomy,
401866274,home,76',4560.0,Ayumu Yokoyama,
401866274,away,81',4860.0,Mathieu Maertens,
401866274,away,82',4920.0,Chukwubuikem Ikwuemesi,
401866275,home,43',2580.0,Yari Verschaeren,
401866275,away,59',3540.0,Abdelkahar Kadri,
401866275,home,67',4020.0,Tristan Degreef,
401866275,home,68',4080.0,Coba da Costa,
401866275,away,80',4800.0,Bi Goore,
401866275,away,88',5280.0,Jean-Kévin Duverne,
401866275,away,88',5280.0,Ibrahima Cisse,
401866275,home,89',5340.0,Adriano Bertaccini,
401866276,home,57',3420.0,David Tosevski,
401866276,home,66',3960.0,Jordan Attah Kadiri,
401866276,away,73',4380.0,Wilguens Paugain,
401866276,away,73',4380.0,Malick Mbaye,
401866276,home,77',4620.0,Krzysztof Koton,
401866276,home,77',4620.0,Elnora Lembi,
401866276,away,84',5040.0,Yannick Cappelle,
401866276,away,90'+5',5400.0,Tobias Hedl,
401866277,away,66',3960.0,Chukwubuikem Ikwuemesi,
401866277,away,66',3960.0,Thibault Vlietinck,
401866277,away,76',4560.0,Siebe Schrijvers,
401866277,home,79',4740.0,Youssef Hamdaoui,
401866277,away,79',4740.0,Lukasz Lakomy,
401866277,away,79',4740.0,Mathieu Maertens,
401866277,home,86',5160.0,Eran Tuypens,
401866278,away,17',1020.0,Ibrahim Karamoko,
401866278,home,60',3600.0,Aurelien Scheidler,
401866278,away,67',4020.0,Timothé Nkada,
401866278,away,67',4020.0,Bernard Nguene,
401866278,home,70',4200.0,Yassine Khalifi,
401866278,home,84',5040.0,Yoann Cisse,
401866278,home,84',5040.0,Jakob Romsaas,
401866278,away,87',5220.0,Tobias Mohr,
401866279,home,56',3360.0,Dylan Ourega,
401866279,away,70',4200.0,Aaron Bibout,
401866279,away,70',4200.0,Joris Kayembe,
401866279,home,75',4500.0,Afonso Patrão,
401866279,home,75',4500.0,Serhiy Sydorchuk,
401866279,away,83',4980.0,Noah Adedeji-Sternberg,
401866279,home,88',5280.0,Naoufal Bohamdi-Kamoni,
401866280,away,21',1260.0,Yari Verschaeren,
401866280,home,33',1980.0,Bill Antonio,
401866280,away,45',2700.0,Killian Sardella,
401866280,away,60',3600.0,Adriano Bertaccini,
401866280,away,61',3660.0,Mihajlo Cvetkovic,
401866280,home,76',4560.0,Maksim Kireev,
401866280,home,88',5280.0,Mory Konaté,
401866280,away,90',5400.0,Lucas Hey,
401866281,home,45',2700.0,Aime Omgba,
401866281,home,65',3900.0,Abdelkahar Kadri,
401866281,home,65',3900.0,Ibrahima Cisse,
401866281,away,72',4320.0,Oumar Diouf,
401866281,away,83',4980.0,Joederik Pupe,
401866281,home,90'+2',5400.0,Jean-Kévin Duverne,
401866281,home,90'+2',5400.0,Bi Goore,
401866282,home,60',3600.0,Luc Rollet,
401866282,home,60',3600.0,Ragnar Oratmangoen,
401866282,away,66',3960.0,Oluwaseun Adewumi,
401866282,away,66',3960.0,Heriberto De Jesus,
401866282,away,66',3960.0,Oumar Diakité,
401866282,home,66',3960.0,Guillaume Dietsch,
401866282,home,72',4320.0,Bruny Nsimba,
401866282,home,72',4320.0,Nail Moutha-Sebtaoui,
401866282,away,74',4440.0,Royer Caicedo,
401866282,away,80',4800.0,Nils De Wilde,
401866283,home,64',3840.0,Besfort Zeneli,
401866283,away,69',4140.0,Hans Vanaken,
401866283,away,84',5040.0,Nicolo Tresoldi,
401866283,away,84',5040.0,Hugo Siquet,
401866283,home,86',5160.0,Ivan Pavlic,
401866283,home,87',5220.0,Mohammed Fuseini,
401866283,away,90',5400.0,Gustaf Nilsson,
401866283,away,90',5400.0,Mamadou Diakhon,
401866283,home,90'+5',5400.0,Massiré Sylla,
401866284,home,69',4140.0,Noah Makembo,
401866284,home,69',4140.0,Owen Maes,
401866284,away,70',4200.0,Serxho Ujka,
401866284,away,70',4200.0,Benoit Nyssen,
401866284,home,76',4560.0,Nachon Nsingi,
401866284,away,84',5040.0,Benoit De Jaegere,
401866284,away,90'+2',5400.0,Thomas Claes,
401866285,away,63',3780.0,Aurelien Scheidler,
401866285,away,63',3780.0,Jakob Romsaas,
401866285,home,63',3780.0,Joris Kayembe,
401866285,home,63',3780.0,Ayumu Yokoyama,
401866285,home,63',3780.0,Robin Mirisola,
401866285,away,66',3960.0,Yassine Khalifi,
401866285,away,81',4860.0,Mehdi Boukamir,
401866285,away,81',4860.0,Filip Szymczak,
401866285,home,83',4980.0,Jarne Steuckers,
401866285,home,83',4980.0,Jusef Erabi,
401866286,home,45',2700.0,Takuma Ominami,
401866286,away,45',2700.0,Shunsuke Saito,
401866286,away,69',4140.0,Fernand Gouré,
401866286,home,70',4200.0,Thibaud Verlinden,
401866286,home,70',4200.0,Sory Kaba,
401866286,away,75',4500.0,Afonso Patrão,
401866286,away,75',4500.0,Lucas Mbamba-Muanda,
401866286,home,76',4560.0,William Balikwisha,
401866286,home,76',4560.0,Chukwubuikem Ikwuemesi,
401866286,away,84',5040.0,Amando Lapage,
401866287,home,62',3720.0,Rafiki Said,
401866287,home,67',4020.0,Tobias Mohr,
401866287,home,67',4020.0,René Muteba,
401866287,away,68',4080.0,Youssef Hamdaoui,
401866287,away,68',4080.0,Thibo Somers,
401866287,away,85',5100.0,Rein Van Helden,
401866287,home,87',5220.0,Steeven Assengue,
401866288,away,68',4080.0,Keano Van Rafelghem,
401866288,away,68',4080.0,Massimo Decoene,
401866288,away,68',4080.0,Gora Diouf,
401866288,home,71',4260.0,Bjorn Meijer,
401866288,home,71',4260.0,Raphael Onyedika,
401866288,home,71',4260.0,Romeo Vermant,
401866288,home,81',4860.0,Cisse Sandra,
401866288,away,85',5100.0,Mauro Lenaerts,
401866288,home,86',5160.0,Gustaf Nilsson,
401866289,away,56',3360.0,Abdelkahar Kadri,
401866289,away,56',3360.0,Max Dean,
401866289,home,63',3780.0,Ousseynou Niang,
401866289,home,74',4440.0,Mohammed Fuseini,
401866289,home,74',4440.0,Raul Florucz,
401866289,home,82',4920.0,Louis Patris,
401866289,home,82',4920.0,Rob Schoofs,
401866289,away,85',5100.0,Atsuki Ito,
401866289,away,85',5100.0,Ibrahima Cisse,
401866289,away,90'+1',5400.0,Hatim Essaoubi,
401866290,home,66',3960.0,Simen Jukleröd,
401866290,away,70',4200.0,Ilay Camara,
401866290,away,70',4200.0,Thorgan Hazard,
401866290,home,71',4260.0,Ryan Merlen,
401866290,away,80',4800.0,Coba da Costa,
401866290,away,85',5100.0,Joshua-Williame Nga Kana,
401866290,home,85',5100.0,Oumar Diouf,
401866290,home,85',5100.0,Loïc Mbe Soh,
401866291,home,45',2700.0,Pieter Gerkens,
401866291,away,45',2700.0,Luc Rollet,
401866291,home,62',3720.0,Dante Vanzeir,
401866291,away,62',3720.0,Bruny Nsimba,
401866291,away,62',3720.0,Mohamed Berte,
401866291,away,72',4320.0,Nail Moutha-Sebtaoui,
401866291,away,73',4380.0,Krzysztof Koton,
401866291,home,73',4380.0,Oluwaseun Adewumi,
401866291,home,73',4380.0,Lawrence Agyekum,
401866291,home,81',4860.0,Heriberto De Jesus,
401866292,home,45',2700.0,Lukasz Lakomy,
401866292,home,45',2700.0,Óscar Gil,
401866292,away,59',3540.0,Jakob Romsaas,
401866292,away,59',3540.0,Aurelien Scheidler,
401866292,home,77',4620.0,Chukwubuikem Ikwuemesi,
401866292,home,77',4620.0,Mathieu Maertens,
401866292,home,77',4620.0,Kyan Vaesen,
401866292,away,80',4800.0,Yoann Cisse,
401866292,away,86',5160.0,Jules Gaudin,
401866292,away,86',5160.0,Mehdi Boukamir,
401866293,away,45',2700.0,Steeven Assengue,
401866293,home,69',4140.0,Joris Kayembe,
401866293,home,69',4140.0,Konstantinos Karetsas,
401866293,away,76',4560.0,Timothé Nkada,
401866293,away,76',4560.0,Bernard Nguene,
401866293,away,83',4980.0,Nayel Mehssatou Sepúlveda,
401866293,away,83',4980.0,Josué Homawoo,
401866293,home,83',4980.0,Ayumu Yokoyama,
401866294,home,32',1920.0,Lucas Mbamba-Muanda,
401866294,away,61',3660.0,Rein Van Helden,
401866294,away,61',3660.0,Thibo Somers,
401866294,away,61',3660.0,Youssef Hamdaoui,
401866294,away,69',4140.0,Farouck Adekami,
401866294,home,69',4140.0,Thomas Van Den Keybus,
401866294,home,69',4140.0,Shunsuke Saito,
401866294,away,78',4680.0,Mauricio Benitez,
401866294,home,79',4740.0,Naoufal Bohamdi-Kamoni,
401866294,home,80',4800.0,Serhiy Sydorchuk,
401866295,home,62',3720.0,Bi Goore,
401866295,away,73',4380.0,Romeo Vermant,
401866295,away,74',4440.0,Raphael Onyedika,
401866295,home,75',4500.0,Ibrahima Cisse,
401866295,home,75',4500.0,Abdelkahar Kadri,
401866295,away,85',5100.0,Bjorn Meijer,
401866295,away,86',5160.0,Jorne Spileers,
401866295,home,87',5220.0,Momodou Sonko,
401866295,away,90'+1',5400.0,Cisse Sandra,
401866296,away,45',2700.0,Ryan Merlen,
401866296,home,73',4380.0,Keano Van Rafelghem,
401866296,home,73',4380.0,Benito Raman,
401866296,away,73',4380.0,Simen Jukleröd,
401866296,away,83',4980.0,Shion Shinkawa,
401866296,away,84',5040.0,Loïc Mbe Soh,
401866296,home,86',5160.0,Bilal Bafdili,
401866296,away,88',5280.0,Wolke Janssens,
401866297,home,45',2700.0,Lucas Hey,
401866297,home,61',3660.0,Adriano Bertaccini,
401866297,away,66',3960.0,Ousseynou Niang,
401866297,home,70',4200.0,Ibrahim Kanate,
401866297,away,76',4560.0,Louis Patris,
401866297,away,76',4560.0,Rob Schoofs,
401866297,away,81',4860.0,Mohammed Fuseini,
401866297,away,81',4860.0,Ivan Pavlic,
401866297,home,81',4860.0,Joshua-Williame Nga Kana,
401866297,home,81',4860.0,Mathys Angély,
401866298,away,45',2700.0,Nachon Nsingi,
401866298,away,45',2700.0,Pape Fall,
401866298,home,62',3720.0,Yannick Cappelle,
401866298,home,63',3780.0,Dirk Asare,
401866298,home,63',3780.0,Joseph Opoku,
401866298,home,67',4020.0,Lukas Willen,
401866298,away,71',4260.0,Joël Ito,
401866298,away,71',4260.0,Thierry Lutonda,
401866298,home,79',4740.0,Serxho Ujka,
401866298,away,79',4740.0,Noah Makembo,
401866299,home,27',1620.0,Oluwaseun Adewumi,
401866299,home,58',3480.0,Oumar Diakité,
401866299,away,59',3540.0,Thomas Claes,
401866299,away,70',4200.0,Yannick Cappelle,
401866299,away,70',4200.0,Tobias Hedl,
401866299,home,77',4620.0,Ibrahim Diakité,
401866299,home,77',4620.0,Nils De Wilde,
401866299,home,77',4620.0,Krys Kouassi,
401866299,away,87',5220.0,Serxho Ujka,
401866299,away,88',5280.0,Lukas Willen,
401866300,home,45',2700.0,Afonso Patrão,
401866300,home,45',2700.0,Lucas Mbamba-Muanda,
401866300,away,45',2700.0,Matteo Heremans,
401866300,away,69',4140.0,Chukwubuikem Ikwuemesi,
401866300,away,69',4140.0,Siebe Schrijvers,
401866300,away,76',4560.0,Youssef Maziz,
401866300,home,79',4740.0,Thomas Van Den Keybus,
401866300,away,79',4740.0,Bryang Kayo,
401866300,home,90',5400.0,Fernand Gouré,
401866300,home,90',5400.0,Serhiy Sydorchuk,
401866301,away,60',3600.0,Ayumu Yokoyama,
401866301,away,60',3600.0,Robin Mirisola,
401866301,away,60',3600.0,Konstantinos Karetsas,
401866301,home,62',3720.0,Yacine Titraoui,
401866301,home,62',3720.0,Parfait Guiagon,
401866301,home,77',4620.0,Patrick Pflücke,
401866301,home,77',4620.0,Mehdi Boukamir,
401866301,away,82',4920.0,Yira Sor,
401866301,away,83',4980.0,Nikolas Sattlberger,
401866301,home,90'+4',5400.0,Jules Gaudin,
401866302,away,18',1080.0,Fedde Leysen,
401866302,away,45',2700.0,Rob Schoofs,
401866302,home,63',3780.0,Kaito Matsuzawa,
401866302,home,79',4740.0,Oumar Diouf,
401866302,home,85',5100.0,Simen Jukleröd,
401866302,away,89',5340.0,Mohammed Fuseini,
401866302,away,90',5400.0,Massiré Sylla,
401866302,away,90'+6',5400.0,Louis Patris,
401866303,away,45',2700.0,Bi Goore,
401866303,away,45',2700.0,Ibrahima Cisse,
401866303,away,45',2700.0,Momodou Sonko,
401866303,home,56',3360.0,Dikeni-Rafid Salifou,
401866303,away,70',4200.0,Aime Omgba,
401866303,home,80',4800.0,Massimo Decoene,
401866303,away,83',4980.0,Hong Hyun-Seok,
401866303,home,89',5340.0,Gora Diouf,
401866303,home,89',5340.0,Maksim Kireev,
401866304,home,45',2700.0,Farouck Adekami,
401866304,away,55',3300.0,Josué Homawoo,
401866304,away,63',3780.0,Tobias Mohr,
401866304,away,63',3780.0,Dennis Eckert,
401866304,home,66',3960.0,Marwan Al-Sahafi,
401866304,home,66',3960.0,Rein Van Helden,
401866304,home,66',3960.0,Boubakar Kiki Kouyate,
401866304,away,82',4920.0,Bernard Nguene,
401866304,away,82',4920.0,Nayel Mehssatou Sepúlveda,
401866304,home,85',5100.0,Mauricio Benitez,
401866305,away,20',1200.0,Dani van den Heuvel,
401866305,home,29',1740.0,Mihajlo Ilic,
401866305,home,45',2700.0,Nathan De Cat,
401866305,home,69',4140.0,Adriano Bertaccini,
401866305,home,69',4140.0,Ibrahim Kanate,
401866305,away,75',4500.0,Jorne Spileers,
401866305,away,75',4500.0,Romeo Vermant,
401866305,away,75',4500.0,Cisse Sandra,
401866305,home,75',4500.0,César Huerta,
401866305,away,79',4740.0,Raphael Onyedika,
401866306,home,32',1920.0,Bruny Nsimba,
401866306,home,45',2700.0,Ragnar Oratmangoen,
401866306,away,45',2700.0,Jerry Afriyie,
401866306,away,45',2700.0,Majeed Ashimeru,
401866306,home,60',3600.0,Junior Sambu Mansoni,
401866306,away,61',3660.0,Samuel Gueulette,
401866306,away,72',4320.0,Thierry Lutonda,
401866306,home,75',4500.0,Roman Kvet,
401866306,home,76',4560.0,Amine Daali,
401866307,home,45',2700.0,Marco Ilaimaharitra,
401866307,home,63',3780.0,Dennis Eckert,
401866307,away,73',4380.0,Chukwubuikem Ikwuemesi,
401866307,away,73',4380.0,William Balikwisha,
401866307,home,75',4500.0,Tobias Mohr,
401866307,home,75',4500.0,Teddy Teuma,
401866307,away,79',4740.0,Mathieu Maertens,
401866307,away,79',4740.0,Siebe Schrijvers,
401866307,away,87',5220.0,Bryang Kayo,
401866307,home,90'+3',5400.0,Bernard Nguene,
401866308,home,45',2700.0,Bryan Soumaré,
401866308,home,45',2700.0,Samuel Gueulette,
401866308,away,60',3600.0,Gary Magnée,
401866308,away,60',3600.0,Názinho,
401866308,away,60',3600.0,Christiaan Ravych,
401866308,away,70',4200.0,Oluwaseun Adewumi,
401866308,away,78',4680.0,Krys Kouassi,
401866308,home,80',4800.0,Alexis Beka Beka,
401866308,home,87',5220.0,Soumaela Traore,
401866308,home,90',5400.0,Maxence Maisonneuve,
401866309,home,45',2700.0,Enrique Lofolomo,
401866309,home,45',2700.0,Jakob Kiilerich,
401866309,home,56',3360.0,Anosike Ementa,
401866309,away,60',3600.0,Amine Daali,
401866309,away,60',3600.0,David Tosevski,
401866309,away,60',3600.0,Elnora Lembi,
401866309,away,60',3600.0,Nail Moutha-Sebtaoui,
401866309,home,66',3960.0,Stavros Gavriel,
401866309,away,70',4200.0,Desmond Acquah,
401866309,home,76',4560.0,Jeppe Erenbjerg,
401866310,away,64',3840.0,Simen Jukleröd,
401866310,home,73',4380.0,Romeo Vermant,
401866310,away,73',4380.0,Kaito Matsuzawa,
401866310,home,81',4860.0,Bjorn Meijer,
401866310,home,81',4860.0,Lynnt Audoor,
401866310,home,81',4860.0,Jorne Spileers,
401866310,away,82',4920.0,Oumar Diouf,
401866310,away,82',4920.0,Loïc Mbe Soh,
401866310,away,82',4920.0,Alouis Diriken,
401866310,home,88',5280.0,Mamadou Diakhon,
401866311,away,60',3600.0,Mats Rits,
401866311,away,60',3600.0,Ali Maamar,
401866311,away,60',3600.0,Ibrahim Kanate,
401866311,home,66',3960.0,Momodou Sonko,
401866311,home,67',4020.0,Max Dean,
401866311,away,73',4380.0,César Huerta,
401866311,home,78',4680.0,Wilfried Kanga,
401866311,home,78',4680.0,Abdelkahar Kadri,
401866311,away,90',5400.0,Danylo Sikan,
401866311,home,90'+2',5400.0,Hong Hyun-Seok,
401866312,away,63',3780.0,Jakob Romsaas,
401866312,home,70',4200.0,Farouck Adekami,
401866312,home,70',4200.0,Mauricio Benitez,
401866312,away,74',4440.0,Patrick Pflücke,
401866312,away,74',4440.0,Yassine Khalifi,
401866312,home,77',4620.0,Geoffrey Hairemans,
401866312,away,87',5220.0,Antoine Colassin,
401866312,home,87',5220.0,Gerard Vandeplas,
401866313,home,33',1980.0,Besfort Zeneli,
401866313,away,59',3540.0,Dikeni-Rafid Salifou,
401866313,home,65',3900.0,Louis Patris,
401866313,home,66',3960.0,Ousseynou Niang,
401866313,away,68',4080.0,Keano Van Rafelghem,
401866313,home,78',4680.0,Mohammed Fuseini,
401866313,home,78',4680.0,Ivan Pavlic,
401866313,away,79',4740.0,Mauro Lenaerts,
401866313,away,79',4740.0,Benito Raman,
401866314,home,33',1980.0,Noah Adedeji-Sternberg,
401866314,home,45',2700.0,Robin Mirisola,
401866314,away,74',4440.0,Shunsuke Saito,
401866314,away,74',4440.0,Afonso Patrão,
401866314,away,87',5220.0,Fernand Gouré,
401866314,away,87',5220.0,Naoufal Bohamdi-Kamoni,
401866314,home,88',5280.0,Ayumu Yokoyama,
401866314,home,88',5280.0,Nikolas Sattlberger,
401866314,home,88',5280.0,August De Wannemacker,
401866315,away,45',2700.0,Rein Van Helden,
401866315,away,45',2700.0,Anthony Valencia,
401866315,away,59',3540.0,Mauricio Benitez,
401866315,away,59',3540.0,Geoffrey Hairemans,
401866315,home,70',4200.0,Mathieu Maertens,
401866315,home,70',4200.0,Sory Kaba,
401866315,home,75',4500.0,Wouter George,
401866315,away,75',4500.0,Gerard Vandeplas,
401866315,home,86',5160.0,Óscar Gil,
401866315,home,86',5160.0,William Balikwisha,
401866316,home,57',3420.0,Yassine Khalifi,
401866316,home,57',3420.0,Patrick Pflücke,
401866316,home,75',4500.0,Antoine Colassin,
401866316,home,75',4500.0,Jakob Romsaas,
401866316,away,77',4620.0,Enis Destan,
401866316,away,83',4980.0,Reda Laalaoui,
401866316,away,83',4980.0,Thomas Van Den Keybus,
401866316,home,86',5160.0,Filip Szymczak,
401866317,away,34',2040.0,Ayumu Yokoyama,
401866317,away,45',2700.0,Nikolas Sattlberger,
401866317,home,63',3780.0,Teddy Teuma,
401866317,home,63',3780.0,Tobias Mohr,
401866317,home,73',4380.0,Timothé Nkada,
401866317,away,80',4800.0,Jusef Erabi,
401866317,away,88',5280.0,Ken Nkuba Tshiend,
401866318,home,12',720.0,Arbnor Muja,
401866318,away,45',2700.0,Max Dean,
401866318,away,61',3660.0,Abdelkahar Kadri,
401866318,home,61',3660.0,Simen Jukleröd,
401866318,home,61',3660.0,Kaito Matsuzawa,
401866318,home,81',4860.0,Taiga Hata,
401866318,home,81',4860.0,Shion Shinkawa,
401866318,away,86',5160.0,Aime Omgba,
401866319,away,45',2700.0,Ortwin De Wolf,
401866319,home,61',3660.0,Adriano Bertaccini,
401866319,away,69',4140.0,Mory Konaté,
401866319,home,72',4320.0,Thorgan Hazard,
401866319,home,72',4320.0,Killian Sardella,
401866319,home,73',4380.0,Marco Kana,
401866319,away,79',4740.0,Bill Antonio,
401866319,home,83',4980.0,Ali Maamar,
401866319,away,85',5100.0,Massimo Decoene,
401866319,away,85',5100.0,Benito Raman,
401866320,away,45',2700.0,Ousseynou Niang,
401866320,away,61',3660.0,Mohammed Fuseini,
401866320,away,61',3660.0,Rob Schoofs,
401866320,home,62',3720.0,Cisse Sandra,
401866320,home,75',4500.0,Romeo Vermant,
401866320,home,75',4500.0,Raphael Onyedika,
401866320,home,75',4500.0,Jorne Spileers,
401866320,away,78',4680.0,Anouar Ait El Hadj,
401866320,home,84',5040.0,Bjorn Meijer,
401866320,away,89',5340.0,Raul Florucz,
401866321,away,62',3720.0,Tobias Mohr,
401866321,home,62',3720.0,Shunsuke Saito,
401866321,home,78',4680.0,Reda Laalaoui,
401866321,home,78',4680.0,Enis Destan,
401866321,away,78',4680.0,Dennis Eckert,
401866321,away,78',4680.0,Nayel Mehssatou Sepúlveda,
401866321,away,79',4740.0,Teddy Teuma,
401866321,home,89',5340.0,Afonso Patrão,
401866321,away,90',5400.0,Bernard Nguene,
401866322,home,45',2700.0,Jules Gaudin,
401866322,home,58',3480.0,Antoine Colassin,
401866322,home,58',3480.0,Antoine Bernier,
401866322,away,64',3840.0,Bryang Kayo,
401866322,away,64',3840.0,Youssef Maziz,
401866322,home,73',4380.0,Yassine Khalifi,
401866322,away,73',4380.0,Sory Kaba,
401866322,away,73',4380.0,Chukwubuikem Ikwuemesi,
401866322,away,83',4980.0,Lukasz Lakomy,
401866322,home,87',5220.0,Yoann Cisse,
401866323,home,45',2700.0,Jusef Erabi,
401866323,away,60',3600.0,Gyrano Kerk,
401866323,away,60',3600.0,Anthony Valencia,
401866323,home,71',4260.0,Yira Sor,
401866323,home,71',4260.0,August De Wannemacker,
401866323,away,72',4320.0,Eran Tuypens,
401866323,away,72',4320.0,Semm Renders,
401866323,away,81',4860.0,Modibo Fofana,
401866323,home,90',5400.0,Jarne Steuckers,
401866323,home,90',5400.0,Mujaid Sadick,
401866324,home,68',4080.0,Benito Raman,
401866324,away,79',4740.0,Romeo Vermant,
401866324,away,79',4740.0,Cisse Sandra,
401866324,home,79',4740.0,Mory Konaté,
401866324,home,79',4740.0,Bill Antonio,
401866324,away,82',4920.0,Jorne Spileers,
401866324,home,86',5160.0,Gora Diouf,
401866325,home,53',3180.0,Momodou Sonko,
401866325,away,62',3720.0,Mohammed Fuseini,
401866325,away,62',3720.0,Guilherme Smith,
401866325,away,62',3720.0,Mateo Biondic,
401866325,home,71',4260.0,Ibrahima Cisse,
401866325,away,82',4920.0,Louis Patris,
401866325,home,84',5040.0,Hong Hyun-Seok,
401866325,home,84',5040.0,Matties Volckaert,
401866325,away,89',5340.0,Raul Florucz,
401866326,home,14',840.0,Killian Sardella,
401866326,away,45',2700.0,Kaito Matsuzawa,
401866326,away,58',3480.0,Oumar Diouf,
401866326,home,64',3840.0,Enric Llansana,
401866326,home,64',3840.0,Thorgan Hazard,
401866326,away,72',4320.0,Wolke Janssens,
401866326,away,72',4320.0,Keisuke Goto,
401866326,home,83',4980.0,Ludwig Augustinsson,
401866326,home,83',4980.0,Adriano Bertaccini,
401866326,away,87',5220.0,Simen Jukleröd,
401866327,home,45',2700.0,Sory Kaba,
401866327,home,45',2700.0,Óscar Gil,
401866327,home,64',3840.0,Youssef Maziz,
401866327,away,72',4320.0,Jarne Steuckers,
401866327,away,72',4320.0,August De Wannemacker,
401866327,home,76',4560.0,Wouter George,
401866327,home,81',4860.0,Chukwubuikem Ikwuemesi,
401866327,away,81',4860.0,Ken Nkuba Tshiend,
401866327,away,90'+1',5400.0,Robin Mirisola,
401866328,home,67',4020.0,Casper Nielsen,
401866328,home,67',4020.0,Teddy Teuma,
401866328,home,67',4020.0,Dennis Eckert,
401866328,away,68',4080.0,Parfait Guiagon,
401866328,away,68',4080.0,Jakob Romsaas,
401866328,home,79',4740.0,Bernard Nguene,
401866328,home,79',4740.0,Tobias Mohr,
401866328,away,81',4860.0,Yassine Khalifi,
401866328,away,90',5400.0,Antoine Colassin,
401866328,away,90',5400.0,Amine Boukamir,
401866329,home,64',3840.0,Modibo Fofana,
401866329,home,64',3840.0,Thibo Somers,
401866329,away,71',4260.0,Afonso Patrão,
401866329,away,71',4260.0,Reda Laalaoui,
401866329,away,71',4260.0,Naoufal Bohamdi-Kamoni,
401866329,away,80',4800.0,Lucas Mbamba-Muanda,
401866329,away,80',4800.0,Fernand Gouré,
401866329,home,82',4920.0,Jules Ahoka,
401866329,home,89',5340.0,Geoffrey Hairemans,
401866329,home,90',5400.0,Gerard Vandeplas,
401866330,home,45',2700.0,Aleksandar Stankovic,
401866330,away,45',2700.0,Momodou Sonko,
401866330,away,57',3420.0,Aime Omgba,
401866330,away,57',3420.0,Atsuki Ito,
401866330,home,62',3720.0,Romeo Vermant,
401866330,home,63',3780.0,Kyriani Sabbe,
401866330,away,69',4140.0,Hannes Vernemmen,
401866330,home,70',4200.0,Jorne Spileers,
401866330,away,76',4560.0,Abdelkahar Kadri,
401866330,home,78',4680.0,Argus Driessche,
401866331,away,45',2700.0,Benito Raman,
401866331,away,63',3780.0,Bill Antonio,
401866331,away,74',4440.0,Keano Van Rafelghem,
401866331,away,79',4740.0,Mory Konaté,
401866331,away,79',4740.0,Maksim Kireev,
401866331,home,81',4860.0,Oumar Diouf,
401866331,home,81',4860.0,Kaito Matsuzawa,
401866331,home,85',5100.0,Shion Shinkawa,
401866331,home,85',5100.0,Wolke Janssens,
401866331,home,89',5340.0,Jo Coppens,
401866332,away,45',2700.0,Mats Rits,
401866332,away,55',3300.0,Yari Verschaeren,
401866332,away,55',3300.0,Alexander De Ridder,
401866332,home,64',3840.0,Mohammed Fuseini,
401866332,home,64',3840.0,Fedde Leysen,
401866332,home,64',3840.0,Ivan Pavlic,
401866332,away,65',3900.0,Ibrahim Kanate,
401866332,home,72',4320.0,Guillaume François,
401866332,home,77',4620.0,Ousseynou Niang,
401866332,away,89',5340.0,Adjani Mujangi Bia,
401873711,away,64',3828.0,Robin Mirisola,
401873711,away,64',3832.0,Yira Sor,
401873711,home,66',3943.0,Momodou Sonko,
401873711,home,72',4276.0,Hong Hyun-Seok,
401873711,away,85',5060.0,Kayden Pierre,
401873711,home,88',5259.0,Ibrahima Cisse,
401873711,away,101',6020.0,August De Wannemacker,
401873711,home,105',6300.0,Bi Goore,
401873711,home,105',6300.0,El Hadji Seck,
401873711,home,105',6300.0,Aime Omgba,
742534,away,45',2700.0,Raul Florucz,
742534,away,59',3540.0,Cristian Makaté,
742534,away,60',3600.0,Anan Khalaili,
742534,home,79',4740.0,David Gabriel Jesus,
742534,away,81',4860.0,Adem Zorgane,
742534,home,85',5100.0,Mauricio Benitez,
742534,away,89',5340.0,Sofiane Boufal,
742535,home,64',3840.0,Krzysztof Koton,
742535,away,72',4320.0,Edan Diop,
742535,home,76',4560.0,Benjamin Fredrick,
742535,home,76',4560.0,Bruny Nsimba,
742535,away,89',5340.0,Alama Bayo,
742535,away,89',5340.0,Ibrahim Diakité,
742536,away,61',3660.0,Halil Özdemir,
742536,away,61',3660.0,Thérence Koudou,
742536,away,73',4380.0,Bilal Bafdili,
742536,away,73',4380.0,Ryan Teague,
742536,home,73',4380.0,Stavros Gavriel,
742536,home,75',4500.0,Serxho Ujka,
742536,home,87',5220.0,Wilguens Paugain,
742536,home,87',5220.0,Tobias Hedl,
742537,home,45',2700.0,Mohamed Guindo,
742537,away,54',3240.0,Nayel Mehssatou Sepúlveda,
742537,home,63',3780.0,Sekou Sidibe,
742537,away,74',4440.0,Rafiki Said,
742537,away,74',4440.0,Ibrahim Karamoko,
742537,home,81',4860.0,Oucasse Mendy,
742537,home,81',4860.0,Joël Ito,
742537,away,85',5100.0,Léandre Kuavita,
742537,away,85',5100.0,René Muteba,
742538,home,45',2700.0,Basile Vroninks,
742538,away,45',2700.0,Kyan Vaesen,
742538,away,66',3960.0,Nacho Ferri,
742538,home,68',4080.0,Nathan Saliba,
742538,home,77',4620.0,Ibrahim Kanate,
742538,home,77',4620.0,Yari Verschaeren,
742538,away,77',4620.0,Allahyar Sayyad,
742538,home,85',5100.0,Mario Stroeykens,
742538,away,87',5220.0,Griffin Yow,
742539,away,62',3720.0,Jeremy Petris,
742539,away,62',3720.0,Jakob Romsaas,
742539,home,62',3720.0,Casper Terho,
742539,home,62',3720.0,Youssef Maziz,
742539,home,71',4260.0,Jovan Mijatovic,
742539,away,74',4440.0,Antoine Bernier,
742539,away,80',4800.0,Massamba Sow,
742539,home,87',5220.0,Nachon Nsingi,
742540,home,45',2700.0,Carlos Forbs,
742540,home,45',2700.0,Michal Skoras,
742540,home,60',3600.0,Bjorn Meijer,
742540,away,70',4200.0,Tolu Arokodare,
742540,away,70',4200.0,Yira Sor,
742540,away,75',4500.0,Ken Nkuba Tshiend,
742540,away,76',4560.0,Daan Heymans,
742540,away,82',4920.0,Ibrahima Bangoura,
742540,home,82',4920.0,Nicolo Tresoldi,
742540,home,90',5400.0,Lynnt Audoor,
742541,away,62',3720.0,Aime Omgba,
742541,away,62',3720.0,Bi Goore,
742541,home,63',3780.0,Adriano Bertaccini,
742541,away,70',4200.0,Momodou Sonko,
742541,home,76',4560.0,Ryan Merlen,
742541,home,77',4620.0,Shogo Taniguchi,
742541,away,86',5160.0,Mohammed El Adfaoui,
742541,away,86',5160.0,Andri Gudjohnsen,
742542,away,59',3540.0,Bjorn Meijer,
742542,away,59',3540.0,Nicolo Tresoldi,
742542,away,60',3600.0,Carlos Forbs,
742542,away,60',3600.0,Michal Skoras,
742542,home,71',4260.0,Mory Konaté,
742542,home,78',4680.0,Halil Özdemir,
742542,home,78',4680.0,Ian Struyf,
742542,away,79',4740.0,Aleksandar Stankovic,
742542,home,85',5100.0,Ryan Teague,
742543,home,60',3600.0,Arthur Piedfort,
742543,home,60',3600.0,Adedire Mebude,
742543,home,67',4020.0,Nacho Ferri,
742543,away,70',4200.0,Wilguens Paugain,
742543,away,70',4200.0,Serxho Ujka,
742543,away,81',4860.0,Tobias Hedl,
742543,away,81',4860.0,Stavros Gavriel,
742543,home,86',5160.0,Serhiy Sydorchuk,
742544,home,58',3480.0,Hakim Sahabo,
742544,away,60',3600.0,Bruny Nsimba,
742544,away,76',4560.0,David Hrncar,
742544,away,76',4560.0,Kobe Cools,
742544,away,76',4560.0,Dion Moise Sahi,
742544,away,83',4980.0,Nail Moutha-Sebtaoui,
742544,home,87',5220.0,Nayel Mehssatou Sepúlveda,
742545,away,30',1800.0,Joël Ito,
742545,away,66',3960.0,Oucasse Mendy,
742545,away,66',3960.0,Nolan Gillot,
742545,home,66',3960.0,Momodou Sonko,
742545,home,66',3960.0,Aime Omgba,
742545,home,76',4560.0,Dante Vanzeir,
742545,home,76',4560.0,Mohammed El Adfaoui,
742545,away,77',4620.0,Théo Épailly,
742545,home,90',5400.0,Andri Gudjohnsen,
742546,home,72',4320.0,Yira Sor,
742546,home,72',4320.0,Tolu Arokodare,
742546,home,72',4320.0,Daan Heymans,
742546,away,75',4500.0,Semm Renders,
742546,home,83',4980.0,Yaimar Medina,
742546,away,83',4980.0,Mauricio Benitez,
742546,home,87',5220.0,Ibrahima Bangoura,
742546,away,90',5400.0,David Gabriel Jesus,
742547,home,45',2700.0,Emmanuel Kakou,
742547,home,45',2700.0,Edan Diop,
742547,away,61',3660.0,Adriano Bertaccini,
742547,away,61',3660.0,Ilay Camara,
742547,home,72',4320.0,Gary Magnée,
742547,home,73',4380.0,Nils De Wilde,
742547,away,74',4440.0,Nathan Saliba,
742547,away,74',4440.0,Ludwig Augustinsson,
742547,home,83',4980.0,Erick,
742547,away,87',5220.0,Tristan Degreef,
742548,away,58',3480.0,Casper Terho,
742548,away,58',3480.0,Mathieu Maertens,
742548,away,58',3480.0,Abdoul Traoré,
742548,home,67',4020.0,Alessio Castro-Montes,
742548,home,68',4080.0,Sofiane Boufal,
742548,away,72',4320.0,Thibault Vlietinck,
742548,home,80',4800.0,Mamadou Barry,
742548,home,80',4800.0,Marc Giger,
742548,away,83',4980.0,Nachon Nsingi,
742548,home,86',5160.0,Guillaume François,
742549,away,57',3420.0,Alouis Diriken,
742549,home,57',3420.0,Parfait Guiagon,
742549,home,57',3420.0,Jakob Romsaas,
742549,home,75',4500.0,Cheick Keita,
742549,away,80',4800.0,Shogo Taniguchi,
742549,away,80',4800.0,Ryan Merlen,
742549,home,87',5220.0,Vetle Dragsnes,
742549,home,87',5220.0,Anthony Descotte,
742549,away,87',5220.0,Jay David Mbalanda,
742550,away,57',3420.0,Krzysztof Koton,
742550,away,58',3480.0,David Hrncar,
742550,away,66',3960.0,Dion Moise Sahi,
742550,away,67',4020.0,Ryan Adewusi,
742550,home,72',4320.0,Shogo Taniguchi,
742550,home,72',4320.0,Ryan Merlen,
742550,home,80',4800.0,Keisuke Goto,
742550,away,80',4800.0,Nail Moutha-Sebtaoui,
742550,home,90'+2',5400.0,Kaito Matsuzawa,
742550,home,90'+2',5400.0,Alouis Diriken,
742551,away,14',840.0,Gary Magnée,
742551,away,43',2580.0,Edgaras Utkus,
742551,home,45',2700.0,Ludovit Reis,
742551,home,61',3660.0,Kyriani Sabbe,
742551,home,61',3660.0,Joaquin Seys,
742551,away,70',4200.0,Krys Kouassi,
742551,away,70',4200.0,Erick,
742551,home,72',4320.0,Raphael Onyedika,
742551,home,79',4740.0,Nicolo Tresoldi,
742552,home,45',2700.0,Amando Lapage,
742552,home,45',2700.0,Adedire Mebude,
742552,away,59',3540.0,Bill Antonio,
742552,away,60',3600.0,Benito Raman,
742552,away,60',3600.0,Tommy St. Jago,
742552,away,70',4200.0,Ian Struyf,
742552,home,72',4320.0,Matija Frigan,
742552,home,72',4320.0,Antonio Cordero,
742552,away,80',4800.0,Halil Özdemir,
742552,home,87',5220.0,Kyan Vaesen,
742553,away,63',3780.0,Sofiane Boufal,
742553,home,63',3780.0,Omri Gandelman,
742553,home,63',3780.0,Hélio Varela,
742553,away,75',4500.0,Cristian Makaté,
742553,away,75',4500.0,Mathias Rasmussen,
742553,away,84',5040.0,Ross Sykes,
742553,away,84',5040.0,Alessio Castro-Montes,
742553,home,88',5280.0,Mohammed El Adfaoui,
742553,home,88',5280.0,Aime Omgba,
742553,home,88',5280.0,Momodou Sonko,
742554,away,61',3660.0,Isaac Mbenza,
742554,away,61',3660.0,Yassine Khalifi,
742554,away,61',3660.0,Antoine Colassin,
742554,home,68',4080.0,Théo Épailly,
742554,away,78',4680.0,Freddy Mbemba,
742554,home,78',4680.0,Owen Maes,
742554,away,78',4680.0,Massamba Sow,
742554,home,84',5040.0,Yllan Okou,
742555,home,45',2700.0,Tristan Degreef,
742555,home,45',2700.0,Adriano Bertaccini,
742555,home,76',4560.0,Mario Stroeykens,
742555,home,76',4560.0,Luis Vázquez,
742555,away,78',4680.0,Benoit Nyssen,
742555,away,85',5100.0,Abdoulaye Traoré,
742555,away,86',5160.0,Enrique Lofolomo,
742555,away,86',5160.0,Jeppe Erenbjerg,
742555,home,88',5280.0,Lucas Hey,
742555,away,90'+6',5400.0,Jelle Vossen,
742556,home,45',2700.0,Ibe Hautekiet,
742556,home,59',3540.0,Dennis Eckert,
742556,away,66',3960.0,Yaimar Medina,
742556,away,67',4020.0,Tolu Arokodare,
742556,away,67',4020.0,Yira Sor,
742556,home,71',4260.0,Timothé Nkada,
742556,home,71',4260.0,Léandre Kuavita,
742556,home,85',5100.0,Ibrahim Karamoko,
742556,away,90',5400.0,Adrian Palacios,
742556,away,90',5400.0,Ken Nkuba Tshiend,
742557,home,55',3300.0,Andreas Verstraeten,
742557,away,71',4260.0,Thibault Vlietinck,
742557,away,72',4320.0,Thibaud Verlinden,
742557,away,72',4320.0,Wouter George,
742557,home,80',4800.0,Farouck Adekami,
742557,away,80',4800.0,Nachon Nsingi,
742557,home,86',5160.0,David Gabriel Jesus,
742557,home,86',5160.0,Mukhammadali Urinboev,
742557,home,86',5160.0,Mauricio Benitez,
742557,away,88',5280.0,William Balikwisha,
742558,home,69',4140.0,William Balikwisha,
742558,home,69',4140.0,Thibault Vlietinck,
742558,away,71',4260.0,Tolu Arokodare,
742558,away,71',4260.0,Patrik Hrosovský,
742558,away,71',4260.0,Nikolas Sattlberger,
742558,away,79',4740.0,Junya Ito,
742558,home,82',4920.0,Youssef Maziz,
742558,home,83',4980.0,Nachon Nsingi,
742558,home,90',5400.0,Sebastian Murru,
742558,away,90'+5',5400.0,Noah Adedeji-Sternberg,
742559,away,66',3960.0,Kyriani Sabbe,
742559,away,66',3960.0,Joaquin Seys,
742559,away,66',3960.0,Raphael Onyedika,
742559,away,75',4500.0,Romeo Vermant,
742559,home,81',4860.0,Jeppe Erenbjerg,
742559,home,81',4860.0,Jelle Vossen,
742559,away,83',4980.0,Shandre Campbell,
742559,home,83',4980.0,Benoit Nyssen,
742559,home,90'+1',5400.0,Enrique Lofolomo,
742560,home,45',2700.0,Gora Diouf,
742560,home,59',3540.0,Bill Antonio,
742560,away,63',3780.0,Abdelkahar Kadri,
742560,away,63',3780.0,Momodou Sonko,
742560,home,72',4320.0,Kerim Mrabti,
742560,home,72',4320.0,Halil Özdemir,
742560,away,83',4980.0,Franck Surdez,
742560,away,83',4980.0,Tibe De Vlieger,
742560,home,85',5100.0,Mory Konaté,
742560,away,89',5340.0,Samuel Junior Kotto,
742561,away,45',2700.0,Boli Bolingoli-Mbombo,
742561,away,45',2700.0,Timothé Nkada,
742561,home,73',4380.0,Sofiane Boufal,
742561,home,73',4380.0,Promise David,
742561,away,73',4380.0,Nayel Mehssatou Sepúlveda,
742561,away,73',4380.0,Hakim Sahabo,
742561,home,82',4920.0,Alessio Castro-Montes,
742561,home,82',4920.0,Mohammed Fuseini,
742561,home,85',5100.0,Mathias Rasmussen,
742562,home,52',3120.0,Bryan Goncalves,
742562,away,60',3600.0,César Huerta,
742562,away,61',3660.0,Kasper Dolberg,
742562,home,74',4440.0,Bruny Nsimba,
742562,home,74',4440.0,Ragnar Oratmangoen,
742562,away,81',4860.0,Nathan Saliba,
742562,home,82',4920.0,David Hrncar,
742562,home,82',4920.0,Dion Moise Sahi,
742562,away,88',5280.0,Tristan Degreef,
742562,away,88',5280.0,Mario Stroeykens,
742563,home,57',3420.0,Keisuke Goto,
742563,away,61',3660.0,Sekou Sidibe,
742563,away,61',3660.0,Owen Maes,
742563,home,72',4320.0,Ryan Merlen,
742563,home,72',4320.0,Shogo Taniguchi,
742563,away,84',5040.0,Théo Épailly,
742563,home,87',5220.0,Kaito Matsuzawa,
742564,away,70',4200.0,David Gabriel Jesus,
742564,away,70',4200.0,Andreas Verstraeten,
742564,home,81',4860.0,Antoine Colassin,
742564,away,81',4860.0,Youssef Hamdaoui,
742564,home,85',5100.0,Freddy Mbemba,
742564,away,90'+3',5400.0,Mauricio Benitez,
742565,away,45',2700.0,Seiji Kimura,
742565,away,45',2700.0,Kyan Vaesen,
742565,away,60',3600.0,Adedire Mebude,
742565,home,73',4380.0,Oluwaseun Adewumi,
742565,home,73',4380.0,Edgaras Utkus,
742565,away,74',4440.0,Antonio Cordero,
742565,home,82',4920.0,Makaya Diaby,
742565,home,87',5220.0,Erick,
742565,home,88',5280.0,Alama Bayo,
742566,home,16',960.0,Aleksandar Stankovic,
742566,home,45',2700.0,Mamadou Diakhon,
742566,away,60',3600.0,Griffin Yow,
742566,home,67',4020.0,Bjorn Meijer,
742566,home,67',4020.0,Joel Ordóñez,
742566,away,71',4260.0,Adedire Mebude,
742566,away,72',4320.0,Thomas Van Den Keybus,
742566,home,76',4560.0,Romeo Vermant,
742566,away,79',4740.0,Kyan Vaesen,
742566,away,79',4740.0,Mathias Fixelles,
742567,home,45',2700.0,René Muteba,
742567,home,45',2700.0,Hakim Sahabo,
742567,away,65',3900.0,Oluwaseun Adewumi,
742567,home,69',4140.0,Mohamed El Hankouri,
742567,away,77',4620.0,Erick,
742567,away,86',5160.0,Nils De Wilde,
742567,away,86',5160.0,Valy Konaté,
742567,away,86',5160.0,Makaya Diaby,
742567,home,87',5220.0,James Nam,
742568,away,69',4140.0,Ryan Merlen,
742568,away,69',4140.0,Keisuke Goto,
742568,home,73',4380.0,Stavros Gavriel,
742568,home,79',4740.0,Anosike Ementa,
742568,home,79',4740.0,Serxho Ujka,
742568,away,87',5220.0,Shogo Taniguchi,
742568,home,88',5280.0,Enrique Lofolomo,
742568,away,90'+1',5400.0,Kaito Matsuzawa,
742569,away,21',1260.0,Patrick Pflücke,
742569,away,44',2640.0,Mardochee Nzita,
742569,home,62',3720.0,Robin Mirisola,
742569,home,62',3720.0,Patrik Hrosovský,
742569,home,62',3720.0,Jusef Erabi,
742569,away,69',4140.0,Mehdi Boukamir,
742569,away,69',4140.0,Kevin Guiton,
742569,away,69',4140.0,Filip Szymczak,
742569,home,77',4620.0,Yaimar Medina,
742569,home,89',5340.0,Adrian Palacios,
742570,home,52',3120.0,Semm Renders,
742570,home,52',3120.0,Andreas Verstraeten,
742570,away,61',3660.0,Benito Raman,
742570,away,61',3660.0,Bill Antonio,
742570,home,62',3720.0,Boubakar Kiki Kouyate,
742570,home,62',3720.0,David Gabriel Jesus,
742570,away,79',4740.0,Halil Özdemir,
742570,away,85',5100.0,Patrick Pflücke,
742570,home,90'+3',5400.0,Mauricio Benitez,
742571,away,45',2700.0,Leo Da Silva Lopes,
742571,away,59',3540.0,Bi Goore,
742571,away,59',3540.0,Matisse Samoise,
742571,home,70',4200.0,Yari Verschaeren,
742571,away,77',4620.0,Franck Surdez,
742571,away,77',4620.0,Dante Vanzeir,
742571,home,79',4740.0,Enric Llansana,
742571,home,79',4740.0,Ilay Camara,
742571,home,90'+3',5400.0,Mihajlo Ilic,
742572,away,45',2700.0,Sofiane Boufal,
742572,away,45',2700.0,Ousseynou Niang,
742572,home,45',2700.0,Jerry Afriyie,
742572,away,63',3780.0,Promise David,
742572,home,73',4380.0,Samuel Gueulette,
742572,home,87',5220.0,Yllan Okou,
742572,home,90'+6',5400.0,Matthis Riou,
742572,away,90'+6',5400.0,Marc Giger,
742573,away,45',2700.0,Birger Verstraete,
742573,away,45',2700.0,Thibault Vlietinck,
742573,home,59',3540.0,Dion Moise Sahi,
742573,home,59',3540.0,Jordan Attah Kadiri,
742573,away,68',4080.0,Youssef Maziz,
742573,home,72',4320.0,Krzysztof Koton,
742573,home,77',4620.0,Malcolm Viltard,
742573,home,77',4620.0,David Hrncar,
742573,away,83',4980.0,Nachon Nsingi,
742573,away,89',5340.0,Mathieu Maertens,
742574,home,65',3900.0,Erick,
742574,away,65',3900.0,Shogo Taniguchi,
742574,home,76',4560.0,Oluwaseun Adewumi,
742574,away,76',4560.0,Ryan Merlen,
742574,away,76',4560.0,Keisuke Goto,
742574,home,90'+4',5400.0,Alama Bayo,
742575,home,45',2700.0,Lion Lauberbach,
742575,away,45',2700.0,Joël Ito,
742575,away,45',2700.0,Oucasse Mendy,
742575,away,70',4200.0,Darío Benavides,
742575,home,76',4560.0,Bill Antonio,
742575,home,81',4860.0,Ryan Teague,
742575,home,81',4860.0,Patrick Pflücke,
742575,away,89',5340.0,Yllan Okou,
742575,away,90'+2',5400.0,Samuel Gueulette,
742576,away,45',2700.0,Gyrano Kerk,
742576,away,45',2700.0,Boubakar Kiki Kouyate,
742576,away,65',3900.0,Mukhammadali Urinboev,
742576,home,77',4620.0,Mathias Fixelles,
742576,away,78',4680.0,David Gabriel Jesus,
742576,home,85',5100.0,Allahyar Sayyad,
742576,home,85',5100.0,Kyan Vaesen,
742576,home,90'+2',5400.0,Griffin Yow,
742577,away,61',3660.0,Ibe Hautekiet,
742577,home,61',3660.0,Birger Verstraete,
742577,home,61',3660.0,Davis Opoku,
742577,away,68',4080.0,Adnane Abid,
742577,away,69',4140.0,Mohamed El Hankouri,
742577,home,73',4380.0,Chukwubuikem Ikwuemesi,
742577,home,73',4380.0,Youssef Maziz,
742577,away,75',4500.0,Hakim Sahabo,
742577,away,75',4500.0,Alexandro Calut,
742577,home,86',5160.0,Mathieu Maertens,
742578,home,66',3960.0,Franck Surdez,
742578,home,66',3960.0,Leo Da Silva Lopes,
742578,away,69',4140.0,Mamadou Diakhon,
742578,away,77',4620.0,Kaye Furo,
742578,home,78',4680.0,Tiago Araújo,
742578,home,80',4800.0,Bi Goore,
742578,away,90'+3',5400.0,Hugo Siquet,
742578,away,90'+3',5400.0,Lynnt Audoor,
742579,home,45',2700.0,Massamba Sow,
742579,away,58',3480.0,Jordan Attah Kadiri,
742579,away,58',3480.0,Ragnar Oratmangoen,
742579,home,68',4080.0,Antoine Colassin,
742579,home,68',4080.0,Jules Gaudin,
742579,away,72',4320.0,Desmond Acquah,
742579,home,75',4500.0,Kevin Guiton,
742579,away,83',4980.0,Krzysztof Koton,
742579,away,83',4980.0,Nail Moutha-Sebtaoui,
742579,home,85',5100.0,Yassine Khalifi,
742580,home,62',3720.0,Promise David,
742580,away,66',3960.0,Nathan De Cat,
742580,away,73',4380.0,Kasper Dolberg,
742580,away,73',4380.0,Mario Stroeykens,
742580,home,74',4440.0,Mohammed Fuseini,
742580,away,84',5040.0,Killian Sardella,
742580,home,85',5100.0,Marc Giger,
742581,home,38',2280.0,Josué Ndenge,
742581,away,63',3780.0,Nikola Mituljikic,
742581,home,77',4620.0,Yaimar Medina,
742581,home,77',4620.0,Noah Adedeji-Sternberg,
742581,home,77',4620.0,Nikolas Sattlberger,
742581,away,78',4680.0,Anosike Ementa,
742581,away,82',4920.0,Stavros Gavriel,
742581,home,88',5280.0,Ken Nkuba Tshiend,
742582,home,9',540.0,Ibrahim Karamoko,
742582,home,45',2700.0,Dennis Eckert,
742582,away,60',3600.0,Benito Raman,
742582,away,76',4560.0,Bill Antonio,
742582,away,77',4620.0,Myron van Brederode,
742582,home,84',5040.0,Hakim Sahabo,
742582,home,84',5040.0,Nayel Mehssatou Sepúlveda,
742582,away,87',5220.0,Ryan Teague,
742583,away,45',2700.0,Chukwubuikem Ikwuemesi,
742583,away,45',2700.0,Davis Opoku,
742583,home,69',4140.0,Marley Aké,
742583,away,72',4320.0,Mathieu Maertens,
742583,away,72',4320.0,Henok Teklab,
742583,home,78',4680.0,Lukas Willen,
742583,home,78',4680.0,Serxho Ujka,
742583,away,78',4680.0,Nachon Nsingi,
742583,home,90'+5',5400.0,Benoit Nyssen,
742584,away,66',3960.0,Kevin Rodríguez,
742584,away,66',3960.0,Rob Schoofs,
742584,away,66',3960.0,Louis Patris,
742584,home,68',4080.0,Nail Moutha-Sebtaoui,
742584,home,68',4080.0,Jordan Attah Kadiri,
742584,home,78',4680.0,Benjamin Fredrick,
742584,away,84',5040.0,Kamiel Van De Perre,
742584,away,84',5040.0,Marc Giger,
742584,home,86',5160.0,Mohamed Berte,
742585,away,45',2700.0,Raphael Onyedika,
742585,away,45',2700.0,Joel Ordóñez,
742585,away,45',2700.0,Christos Tzolis,
742585,home,73',4380.0,Mouhamed Belkheir,
742585,away,75',4500.0,Kaye Furo,
742585,home,84',5040.0,Samuel Gueulette,
742585,away,84',5040.0,Shandre Campbell,
742585,home,87',5220.0,Nolan Gillot,
742586,away,21',1260.0,Jean-Kévin Duverne,
742586,home,45',2700.0,Mukhammadali Urinboev,
742586,home,61',3660.0,Youssef Hamdaoui,
742586,home,66',3960.0,Marwan Al-Sahafi,
742586,away,77',4620.0,Franck Surdez,
742586,home,80',4800.0,Boubakar Kiki Kouyate,
742586,home,80',4800.0,Andreas Verstraeten,
742586,away,90'+1',5400.0,Tibe De Vlieger,
742587,home,45',2700.0,Oumar Diakité,
742587,home,45',2700.0,Oluwaseun Adewumi,
742587,away,60',3600.0,Antoine Bernier,
742587,home,70',4200.0,Makaya Diaby,
742587,away,75',4500.0,Filip Szymczak,
742587,away,75',4500.0,Lewin Blum,
742587,home,84',5040.0,Nils De Wilde,
742587,home,84',5040.0,Alama Bayo,
742587,away,88',5280.0,Jules Gaudin,
742587,away,88',5280.0,Mehdi Boukamir,
742588,home,34',2040.0,N'Diaye Moussa,
742588,home,70',4200.0,Mario Stroeykens,
742588,home,70',4200.0,Ali Maamar,
742588,away,72',4320.0,Patrik Hrosovský,
742588,away,72',4320.0,Jusef Erabi,
742588,away,81',4860.0,Yaimar Medina,
742588,away,81',4860.0,Noah Adedeji-Sternberg,
742588,home,84',5040.0,Ibrahim Kanate,
742589,home,59',3540.0,Keisuke Goto,
742589,home,59',3540.0,Ryan Merlen,
742589,home,59',3540.0,Arbnor Muja,
742589,home,69',4140.0,Simen Jukleröd,
742589,away,71',4260.0,Kyan Vaesen,
742589,home,76',4560.0,Kaito Matsuzawa,
742589,away,78',4680.0,Thomas Van Den Keybus,
742589,away,89',5340.0,Adedire Mebude,
742589,away,89',5340.0,Mathias Fixelles,
742590,away,62',3720.0,Kamiel Van De Perre,
742590,away,62',3720.0,Raul Florucz,
742590,away,69',4140.0,Louis Patris,
742590,home,69',4140.0,Noah Adedeji-Sternberg,
742590,home,69',4140.0,Oh Hyun-Gyu,
742590,home,70',4200.0,Ken Nkuba Tshiend,
742590,away,81',4860.0,Ross Sykes,
742590,away,81',4860.0,Rob Schoofs,
742591,away,64',3840.0,Andrés Ferrari,
742591,home,72',4320.0,Mamadou Diakhon,
742591,home,72',4320.0,Joaquin Seys,
742591,home,72',4320.0,Jorne Spileers,
742591,home,77',4620.0,Gustaf Nilsson,
742591,away,77',4620.0,Kaito Matsuzawa,
742591,away,83',4980.0,Alouis Diriken,
742591,home,83',4980.0,Cisse Sandra,
742591,away,83',4980.0,Isaias Del Pupo,
742592,away,45',2700.0,Boubakar Kiki Kouyate,
742592,away,57',3420.0,Andreas Verstraeten,
742592,home,63',3780.0,Nathan Saliba,
742592,away,67',4020.0,Christopher Scott,
742592,home,69',4140.0,N'Diaye Moussa,
742592,home,69',4140.0,Ali Maamar,
742592,away,81',4860.0,Farouck Adekami,
742592,away,81',4860.0,Youssef Hamdaoui,
742592,home,84',5040.0,Mihajlo Cvetkovic,
742592,home,84',5040.0,Ibrahim Kanate,
742593,away,42',2520.0,Nathan Rodes,
742593,away,57',3420.0,Junior Sambu Mansoni,
742593,away,57',3420.0,Benjamin Fredrick,
742593,away,66',3960.0,Ragnar Oratmangoen,
742593,away,66',3960.0,Mohamed Berte,
742593,home,72',4320.0,Hatim Essaoubi,
742593,home,79',4740.0,Leo Da Silva Lopes,
742593,home,80',4800.0,Bi Goore,
742593,home,87',5220.0,Franck Surdez,
742593,home,87',5220.0,Momodou Sonko,
742594,home,45',2700.0,Antonio Cordero,
742594,away,45',2700.0,Henry Lawrence,
742594,away,63',3780.0,Nayel Mehssatou Sepúlveda,
742594,away,63',3780.0,Léandre Kuavita,
742594,home,77',4620.0,Allahyar Sayyad,
742594,away,77',4620.0,Hakim Sahabo,
742594,home,82',4920.0,Kyan Vaesen,
742594,away,83',4980.0,Ibe Hautekiet,
742595,home,27',1620.0,Mehdi Boukamir,
742595,away,45',2700.0,Jelle Vossen,
742595,away,45',2700.0,Marley Aké,
742595,home,55',3300.0,Lewin Blum,
742595,home,55',3300.0,Jules Gaudin,
742595,away,62',3720.0,Emran Soglo,
742595,away,62',3720.0,Benoit Nyssen,
742595,away,77',4620.0,Serxho Ujka,
742595,home,78',4680.0,Yassine Khalifi,
742595,home,78',4680.0,Filip Szymczak,
742596,home,62',3720.0,Casper Terho,
742596,home,62',3720.0,Youssef Maziz,
742596,away,71',4260.0,Pape Fall,
742596,home,75',4500.0,Mathieu Maertens,
742596,away,85',5100.0,Samuel Gueulette,
742596,home,90',5400.0,Chukwubuikem Ikwuemesi,
742596,away,90'+3',5400.0,Maxence Maisonneuve,
742597,home,45',2700.0,José Marsà,
742597,home,68',4080.0,Bilal Bafdili,
742597,home,68',4080.0,Myron van Brederode,
742597,away,75',4500.0,Erick,
742597,home,76',4560.0,Bill Antonio,
742597,away,87',5220.0,Makaya Diaby,
742597,away,87',5220.0,Alama Bayo,
742598,home,45',2700.0,Emmanuel Kakou,
742598,home,59',3540.0,Erick,
742598,away,67',4020.0,Bi Goore,
742598,home,73',4380.0,Warleson,
742598,home,73',4380.0,Alan Minda,
742598,home,73',4380.0,Krys Kouassi,
742598,away,78',4680.0,Tibe De Vlieger,
742598,away,78',4680.0,Franck Surdez,
742598,away,90'+2',5400.0,Tiago Araújo,
742598,away,90'+2',5400.0,Hatim Essaoubi,
742599,home,45',2700.0,Ragnar Oratmangoen,
742599,home,62',3720.0,David Hrncar,
742599,away,65',3900.0,Samuel Gueulette,
742599,away,66',3960.0,Pape Fall,
742599,away,76',4560.0,Mohamed Guindo,
742599,home,77',4620.0,Nathan Rodes,
742599,home,77',4620.0,Jordan Attah Kadiri,
742599,home,88',5280.0,Junior Sambu Mansoni,
742600,away,45',2700.0,Yari Verschaeren,
742600,home,61',3660.0,Abdoul Traoré,
742600,away,73',4380.0,Ilay Camara,
742600,away,73',4380.0,Thorgan Hazard,
742600,home,75',4500.0,Youssef Maziz,
742600,home,75',4500.0,Jovan Mijatovic,
742600,home,76',4560.0,Mathieu Maertens,
742600,away,81',4860.0,Ludwig Augustinsson,
742600,away,90',5400.0,Mihajlo Cvetkovic,
742601,home,45',2700.0,Kamiel Van De Perre,
742601,home,45',2700.0,Louis Patris,
742601,home,64',3840.0,Marc Giger,
742601,away,72',4320.0,Griffin Yow,
742601,away,73',4380.0,Thomas Van Den Keybus,
742601,home,75',4500.0,Sofiane Boufal,
742601,home,81',4860.0,Fedde Leysen,
742601,away,82',4920.0,Kyan Vaesen,
742601,away,89',5340.0,Antonio Cordero,
742601,away,90',5400.0,Eliot Bujupi,
742602,home,67',4020.0,Henry Lawrence,
742602,away,68',4080.0,Romeo Vermant,
742602,away,69',4140.0,Ludovit Reis,
742602,home,73',4380.0,Timothé Nkada,
742602,home,73',4380.0,Ibe Hautekiet,
742602,away,75',4500.0,Kyriani Sabbe,
742602,away,83',4980.0,Shandre Campbell,
742602,away,83',4980.0,Hugo Siquet,
742602,home,88',5280.0,Hakim Sahabo,
742602,home,88',5280.0,Léandre Kuavita,
742603,home,45',2700.0,Filip Szymczak,
742603,home,45',2700.0,Mardochee Nzita,
742603,away,64',3840.0,Kerim Mrabti,
742603,home,68',4080.0,Lewin Blum,
742603,away,78',4680.0,Bill Antonio,
742603,home,78',4680.0,Raymond Anokye Asante,
742603,home,79',4740.0,Isaac Mbenza,
742603,away,86',5160.0,Ian Struyf,
742604,home,64',3840.0,Andrés Ferrari,
742604,home,64',3840.0,Kaito Matsuzawa,
742604,away,74',4440.0,Oh Hyun-Gyu,
742604,away,75',4500.0,Konstantinos Karetsas,
742604,away,75',4500.0,Jarne Steuckers,
742604,away,88',5280.0,Ibrahima Bangoura,
742604,away,88',5280.0,Robin Mirisola,
742605,away,62',3720.0,Farouck Adekami,
742605,away,63',3780.0,Youssef Hamdaoui,
742605,home,71',4260.0,Marley Aké,
742605,away,83',4980.0,Boubakar Kiki Kouyate,
742605,away,83',4980.0,Christopher Scott,
742605,home,90',5400.0,Lukas Willen,
742605,home,90',5400.0,Emran Soglo,
742606,away,45',2700.0,Promise David,
742606,away,58',3480.0,Marc Giger,
742606,away,59',3540.0,Mathias Rasmussen,
742606,home,66',3960.0,Mamadou Diakhon,
742606,away,81',4860.0,Louis Patris,
742606,away,81',4860.0,Rob Schoofs,
742606,home,84',5040.0,Ludovit Reis,
742606,home,88',5280.0,Cisse Sandra,
742607,home,22',1320.0,Semm Renders,
742607,away,65',3900.0,Nils De Wilde,
742607,away,65',3900.0,Makaya Diaby,
742607,home,65',3900.0,Mukhammadali Urinboev,
742607,away,75',4500.0,Alan Minda,
742607,away,76',4560.0,Krys Kouassi,
742607,home,79',4740.0,Isaac Babadi,
742607,home,79',4740.0,Mahamadou Diawara,
742607,home,79',4740.0,Marwan Al-Sahafi,
742607,away,89',5340.0,Oluwaseun Adewumi,
742608,home,52',3120.0,Mihajlo Cvetkovic,
742608,home,52',3120.0,Yari Verschaeren,
742608,home,52',3120.0,Ilay Camara,
742608,away,64',3840.0,Léandre Kuavita,
742608,away,64',3840.0,Timothé Nkada,
742608,away,74',4440.0,Hakim Sahabo,
742608,away,74',4440.0,Nayel Mehssatou Sepúlveda,
742608,home,76',4560.0,Enric Llansana,
742608,away,80',4800.0,Alexandro Calut,
742608,home,89',5340.0,N'Diaye Moussa,
742609,away,45',2700.0,Junior Sambu Mansoni,
742609,home,62',3720.0,Oh Hyun-Gyu,
742609,home,62',3720.0,Yira Sor,
742609,home,62',3720.0,Robin Mirisola,
742609,away,63',3780.0,David Tosevski,
742609,away,63',3780.0,Nathan Rodes,
742609,away,69',4140.0,Bryan Goncalves,
742609,home,72',4320.0,Junya Ito,
742609,away,78',4680.0,Ragnar Oratmangoen,
742609,home,90'+1',5400.0,Nikolas Sattlberger,
742610,home,60',3600.0,Bi Goore,
742610,away,68',4080.0,Lewin Blum,
742610,away,75',4500.0,Filip Szymczak,
742610,home,78',4680.0,Franck Surdez,
742610,away,84',5040.0,Raymond Anokye Asante,
742610,away,84',5040.0,Quentin Benaets,
742610,home,89',5340.0,Leo Da Silva Lopes,
742611,away,18',1080.0,Arbnor Muja,
742611,home,70',4200.0,Benito Raman,
742611,home,70',4200.0,Bill Antonio,
742611,away,70',4200.0,Kaito Matsuzawa,
742611,away,71',4260.0,Simen Jukleröd,
742611,home,81',4860.0,Moncef Zekri,
742611,home,81',4860.0,Kerim Mrabti,
742612,home,60',3600.0,Pape Fall,
742612,away,60',3600.0,Marley Aké,
742612,away,69',4140.0,Benoit Nyssen,
742612,away,82',4920.0,Jelle Vossen,
742612,home,82',4920.0,Mohamed Guindo,
742612,home,82',4920.0,Samuel Gueulette,
742613,away,45',2700.0,Youssef Maziz,
742613,away,62',3720.0,Henok Teklab,
742613,away,62',3720.0,Thibaud Verlinden,
742613,home,71',4260.0,Adedire Mebude,
742613,away,80',4800.0,Mathieu Maertens,
742613,away,80',4800.0,Roggerio Nyakossi,
742613,home,82',4920.0,Kyan Vaesen,
742613,home,82',4920.0,Thomas Van Den Keybus,
742613,home,90',5400.0,Raf Smekens,
742613,home,90',5400.0,Antonio Cordero,
742614,home,18',1080.0,Wouter George,
742614,away,45',2700.0,Kyriani Sabbe,
742614,home,55',3300.0,Jovan Mijatovic,
742614,away,57',3420.0,Lynnt Audoor,
742614,away,67',4020.0,Mamadou Diakhon,
742614,away,67',4020.0,Joel Ordóñez,
742614,home,74',4440.0,Sory Kaba,
742614,home,74',4440.0,Abdoul Traoré,
742614,away,88',5280.0,Romeo Vermant,
742615,away,34',2040.0,Dikeni-Rafid Salifou,
742615,home,59',3540.0,David Hrncar,
742615,home,59',3540.0,Jordan Attah Kadiri,
742615,home,72',4320.0,Nail Moutha-Sebtaoui,
742615,home,72',4320.0,Benjamin Fredrick,
742615,away,75',4500.0,Bill Antonio,
742615,away,83',4980.0,Gora Diouf,
742615,away,83',4980.0,Benito Raman,
742615,home,83',4980.0,Ragnar Oratmangoen,
742616,home,34',2040.0,Alan Minda,
742616,away,45',2700.0,Yaimar Medina,
742616,home,69',4140.0,Názinho,
742616,home,69',4140.0,Abdoul Ouattara,
742616,away,70',4200.0,Konstantinos Karetsas,
742616,home,78',4680.0,Erick,
742616,away,89',5340.0,Noah Adedeji-Sternberg,
742616,away,90',5400.0,Robin Mirisola,
742616,away,90',5400.0,Daan Heymans,
742617,away,8',480.0,Thomas Van Den Keybus,
742617,away,45',2700.0,Adedire Mebude,
742617,home,61',3660.0,Pape Fall,
742617,home,72',4320.0,Darío Benavides,
742617,home,72',4320.0,Max Pau,
742617,away,76',4560.0,Griffin Yow,
742617,away,76',4560.0,Kyan Vaesen,
742617,home,85',5100.0,Samuel Gueulette,
742617,home,85',5100.0,Mohamed Guindo,
742617,away,90'+1',5400.0,Mathias Fixelles,
742618,away,45',2700.0,Momodou Sonko,
742618,away,45',2700.0,Mohammed El Adfaoui,
742618,away,45',2700.0,Dante Vanzeir,
742618,away,60',3600.0,Aime Omgba,
742618,home,68',4080.0,Marley Aké,
742618,away,83',4980.0,Tibe De Vlieger,
742618,home,85',5100.0,Enrique Lofolomo,
742619,away,63',3780.0,Lewin Blum,
742619,home,64',3840.0,Kamiel Van De Perre,
742619,home,64',3840.0,Kevin Rodríguez,
742619,home,71',4260.0,Marc Giger,
742619,home,71',4260.0,Anan Khalaili,
742619,away,79',4740.0,Antoine Bernier,
742619,away,80',4800.0,Jules Gaudin,
742619,away,80',4800.0,Filip Szymczak,
742619,home,86',5160.0,Rob Schoofs,
742619,away,86',5160.0,Mehdi Boukamir,
742620,away,45',2700.0,Youssef Hamdaoui,
742620,away,45',2700.0,Isaac Babadi,
742620,away,66',3960.0,Anthony Valencia,
742620,away,66',3960.0,David Gabriel Jesus,
742620,home,73',4380.0,Léandre Kuavita,
742620,home,73',4380.0,Henry Lawrence,
742620,home,73',4380.0,Timothé Nkada,
742620,home,85',5100.0,Nayel Mehssatou Sepúlveda,
742620,away,90',5400.0,Boubakar Kiki Kouyate,
742621,away,45',2700.0,Adriano Bertaccini,
742621,away,61',3660.0,Yari Verschaeren,
742621,away,61',3660.0,Enric Llansana,
742621,home,68',4080.0,Kaito Matsuzawa,
742621,home,68',4080.0,Simen Jukleröd,
742621,home,77',4620.0,Isaias Del Pupo,
742621,away,82',4920.0,Ibrahim Kanate,
742621,away,89',5340.0,Mario Stroeykens,
742621,home,90',5400.0,Wolke Janssens,
742622,home,45',2700.0,Marwan Al-Sahafi,
742622,away,61',3660.0,Bjorn Meijer,
742622,away,62',3720.0,Nicolo Tresoldi,
742622,home,66',3960.0,Isaac Babadi,
742622,away,75',4500.0,Mamadou Diakhon,
742622,home,84',5040.0,Anthony Valencia,
742622,away,85',5100.0,Hugo Siquet,
742623,home,45',2700.0,Erick,
742623,home,45',2700.0,Steve Ngoura,
742623,away,59',3540.0,Marley Aké,
742623,away,75',4500.0,Emran Soglo,
742623,home,82',4920.0,Abdoul Ouattara,
742623,away,89',5340.0,Laurent Lemoine,
742623,away,89',5340.0,Jelle Vossen,
742623,home,90'+3',5400.0,Krys Kouassi,
742624,home,58',3480.0,Oh Hyun-Gyu,
742624,home,58',3480.0,Patrik Hrosovský,
742624,away,65',3900.0,Mohamed Guindo,
742624,away,71',4260.0,Pape Fall,
742624,away,71',4260.0,Darío Benavides,
742624,home,71',4260.0,Noah Adedeji-Sternberg,
742624,home,87',5220.0,Jusef Erabi,
742624,away,88',5280.0,Maxence Maisonneuve,
742624,away,88',5280.0,Max Pau,
742625,home,62',3720.0,Kevin Rodríguez,
742625,away,65',3900.0,Simen Jukleröd,
742625,away,65',3900.0,Ryotaro Ito,
742625,away,65',3900.0,Kaito Matsuzawa,
742625,home,76',4560.0,Adem Zorgane,
742625,away,77',4620.0,Alouis Diriken,
742625,home,77',4620.0,Mathias Rasmussen,
742625,home,84',5040.0,Louis Patris,
742626,away,45',2700.0,Mario Stroeykens,
742626,away,45',2700.0,Adriano Bertaccini,
742626,home,65',3900.0,Antoine Bernier,
742626,away,74',4440.0,Tristan Degreef,
742626,away,84',5040.0,Luis Vázquez,
742626,home,86',5160.0,Mehdi Boukamir,
742626,home,86',5160.0,Antoine Colassin,
742627,home,45',2700.0,Dikeni-Rafid Salifou,
742627,away,45',2700.0,Jovan Mijatovic,
742627,away,63',3780.0,Davis Opoku,
742627,away,63',3780.0,Sory Kaba,
742627,home,73',4380.0,Bill Antonio,
742627,away,81',4860.0,Abdoul Traoré,
742627,away,81',4860.0,Thibaud Verlinden,
742627,home,86',5160.0,Benito Raman,
742627,home,90'+1',5400.0,Tommy St. Jago,
742628,away,45',2700.0,Timothé Nkada,
742628,away,45',2700.0,Mohamed El Hankouri,
742628,away,45',2700.0,Casper Hojer Nielsen,
742628,away,56',3360.0,Nayel Mehssatou Sepúlveda,
742628,home,62',3720.0,Tibe De Vlieger,
742628,home,68',4080.0,Michal Skoras,
742628,home,68',4080.0,Max Dean,
742628,away,74',4440.0,Ibrahim Karamoko,
742628,home,81',4860.0,Leo Da Silva Lopes,
742628,home,82',4920.0,Hatim Essaoubi,
742629,away,71',4260.0,Kobe Cools,
742629,away,72',4320.0,Mohamed Berte,
742629,home,74',4440.0,Kyan Vaesen,
742629,home,74',4440.0,Adedire Mebude,
742629,away,82',4920.0,Nathan Rodes,
742629,home,84',5040.0,Eliot Bujupi,
742629,home,88',5280.0,Antonio Cordero,
742629,away,90'+2',5400.0,Ragnar Oratmangoen,
742630,away,45',2700.0,Max Dean,
742630,away,61',3660.0,Abdelkahar Kadri,
742630,away,62',3720.0,Momodou Sonko,
742630,home,73',4380.0,Birger Verstraete,
742630,home,73',4380.0,Mathieu Maertens,
742630,home,78',4680.0,Henok Teklab,
742630,away,85',5100.0,Leo Da Silva Lopes,
742630,away,85',5100.0,Hatim Essaoubi,
742630,home,87',5220.0,Davis Opoku,
742630,home,87',5220.0,Abdoul Traoré,
742631,away,63',3780.0,Mohamed Berte,
742631,home,63',3780.0,Raphael Onyedika,
742631,away,63',3780.0,Desmond Acquah,
742631,away,71',4260.0,Nail Moutha-Sebtaoui,
742631,home,79',4740.0,Mamadou Diakhon,
742631,home,79',4740.0,Shandre Campbell,
742631,away,82',4920.0,Nathan Rodes,
742631,away,82',4920.0,Jordan Attah Kadiri,
742631,home,90',5400.0,Hugo Siquet,
742632,home,58',3480.0,Mario Stroeykens,
742632,home,58',3480.0,Yari Verschaeren,
742632,away,58',3480.0,Benito Raman,
742632,away,58',3480.0,Tommy St. Jago,
742632,home,71',4260.0,Killian Sardella,
742632,home,71',4260.0,Tristan Degreef,
742632,home,75',4500.0,N'Diaye Moussa,
742632,away,85',5100.0,Ian Struyf,
742632,away,85',5100.0,Bilal Bafdili,
742633,home,66',3960.0,Maxence Maisonneuve,
742633,home,66',3960.0,Darío Benavides,
742633,home,66',3960.0,Max Pau,
742633,away,75',4500.0,Krys Kouassi,
742633,away,75',4500.0,Heriberto De Jesus,
742633,away,83',4980.0,Oluwaseun Adewumi,
742633,away,83',4980.0,Erick,
742633,away,89',5340.0,Lawrence Agyekum,
742634,away,43',2580.0,Dennis Praet,
742634,away,60',3600.0,Christopher Scott,
742634,home,68',4080.0,Kaito Matsuzawa,
742634,away,70',4200.0,Isaac Babadi,
742634,away,70',4200.0,Glenn Bijl,
742634,home,80',4800.0,Andrés Ferrari,
742634,home,89',5340.0,Alouis Diriken,
742635,home,43',2580.0,Dennis Eckert,
742635,home,45',2700.0,Léandre Kuavita,
742635,away,66',3960.0,Antoine Bernier,
742635,away,66',3960.0,Yassine Khalifi,
742635,home,72',4320.0,Timothé Nkada,
742635,home,72',4320.0,Daan Dierckx,
742635,away,76',4560.0,Lewin Blum,
742635,away,76',4560.0,Filip Szymczak,
742635,away,76',4560.0,Antoine Colassin,
742636,home,45',2700.0,Griffin Yow,
742636,home,66',3960.0,Adedire Mebude,
742636,away,72',4320.0,Yaimar Medina,
742636,away,72',4320.0,Jusef Erabi,
742636,away,82',4920.0,Noah Adedeji-Sternberg,
742636,home,82',4920.0,Kyan Vaesen,
742636,away,82',4920.0,Nikolas Sattlberger,
742636,home,90'+2',5400.0,Eliot Bujupi,
742636,away,90'+3',5400.0,Josué Ndenge,
742637,home,45',2700.0,Marley Aké,
742637,home,56',3360.0,Laurent Lemoine,
742637,home,56',3360.0,Emran Soglo,
742637,away,60',3600.0,Promise David,
742637,away,61',3660.0,Louis Patris,
742637,away,67',4020.0,Sofiane Boufal,
742637,away,83',4980.0,Rob Schoofs,
742637,away,83',4980.0,Fedde Leysen,
742637,home,83',4980.0,Jelle Vossen,
742638,away,22',1320.0,Birger Verstraete,
742638,away,29',1740.0,Davis Opoku,
742638,away,45',2700.0,Thibaud Verlinden,
742638,away,45',2700.0,Mathieu Maertens,
742638,home,67',4020.0,Steve Ngoura,
742638,home,67',4020.0,Oluwaseun Adewumi,
742638,away,80',4800.0,Jovan Mijatovic,
742638,home,82',4920.0,Erick,
742638,home,82',4920.0,Christiaan Ravych,
742639,away,45',2700.0,Maxence Maisonneuve,
742639,away,64',3840.0,Pape Fall,
742639,away,64',3840.0,Max Pau,
742639,home,65',3900.0,Isaac Babadi,
742639,home,67',4020.0,Christopher Scott,
742639,away,77',4620.0,Lucas Bretelle,
742639,away,77',4620.0,Alexis Beka Beka,
742639,home,79',4740.0,David Gabriel Jesus,
742639,home,79',4740.0,Rosen Bozhinov,
742640,away,15',900.0,Hugo Siquet,
742640,away,60',3600.0,Mamadou Diakhon,
742640,away,60',3600.0,Nicolo Tresoldi,
742640,home,70',4200.0,Enric Llansana,
742640,home,70',4200.0,Killian Sardella,
742640,home,75',4500.0,Mario Stroeykens,
742640,home,88',5280.0,N'Diaye Moussa,
742640,away,88',5280.0,Shandre Campbell,
742640,home,88',5280.0,Tristan Degreef,
742640,away,88',5280.0,Hugo Vetlesen,
742641,home,42',2520.0,Mohamed Berte,
742641,away,58',3480.0,Stavros Gavriel,
742641,away,58',3480.0,Emran Soglo,
742641,home,69',4140.0,Nathan Rodes,
742641,home,69',4140.0,Alireza Jahanbakhsh,
742641,away,78',4680.0,Enrique Lofolomo,
742641,away,78',4680.0,Jakob Kiilerich,
742641,home,80',4800.0,Nail Moutha-Sebtaoui,
742641,home,80',4800.0,Jordan Attah Kadiri,
742641,away,86',5160.0,Serxho Ujka,
742642,away,45',2700.0,Griffin Yow,
742642,away,61',3660.0,Adedire Mebude,
742642,home,63',3780.0,Lewin Blum,
742642,away,72',4320.0,Thomas Van Den Keybus,
742642,home,74',4440.0,Jakob Romsaas,
742642,away,83',4980.0,Kyan Vaesen,
742642,home,88',5280.0,Mehdi Boukamir,
742642,home,88',5280.0,Filip Szymczak,
742643,away,59',3540.0,Timothé Nkada,
742643,away,59',3540.0,Nayel Mehssatou Sepúlveda,
742643,away,75',4500.0,Steeven Assengue,
742643,home,76',4560.0,Kaito Matsuzawa,
742643,away,79',4740.0,Léandre Kuavita,
742643,home,87',5220.0,Ryan Merlen,
742644,away,59',3540.0,Promise David,
742644,away,75',4500.0,Louis Patris,
742644,away,75',4500.0,Raul Florucz,
742644,home,75',4500.0,Gora Diouf,
742644,home,83',4980.0,Hassane Bandé,
742644,away,86',5160.0,Sofiane Boufal,
742644,away,86',5160.0,Mathias Rasmussen,
742644,home,88',5280.0,Bill Antonio,
742645,home,65',3900.0,Leo Da Silva Lopes,
742645,home,73',4380.0,Wilfried Kanga,
742645,home,74',4440.0,Momodou Sonko,
742645,away,74',4440.0,Jarne Steuckers,
742645,away,74',4440.0,Robin Mirisola,
742645,away,74',4440.0,Yira Sor,
742645,home,84',5040.0,Matisse Samoise,
742645,away,87',5220.0,Joris Kayembe,
742646,away,45',2700.0,Alireza Jahanbakhsh,
742646,home,60',3600.0,Gyrano Kerk,
742646,away,66',3960.0,Ragnar Oratmangoen,
742646,home,68',4080.0,Gerard Vandeplas,
742646,home,68',4080.0,Youssef Hamdaoui,
742646,home,82',4920.0,Isaac Babadi,
742646,away,90'+2',5400.0,Mohamed Berte,
742646,away,90'+5',5400.0,Krzysztof Koton,
742647,home,63',3780.0,Romeo Vermant,
742647,away,63',3780.0,Lewin Blum,
742647,away,74',4440.0,Yassine Khalifi,
742647,home,79',4740.0,Cisse Sandra,
742647,away,82',4920.0,Filip Szymczak,
742647,away,82',4920.0,Jules Gaudin,
742647,away,82',4920.0,Antoine Colassin,
742647,home,87',5220.0,Hugo Vetlesen,
742648,away,65',3900.0,Dikeni-Rafid Salifou,
742648,home,72',4320.0,Robin Mirisola,
742648,home,72',4320.0,Konstantinos Karetsas,
742648,home,72',4320.0,Adrian Palacios,
742648,away,79',4740.0,Gora Diouf,
742648,home,81',4860.0,Jusef Erabi,
742648,home,81',4860.0,Noah Adedeji-Sternberg,
742649,home,12',720.0,Ross Sykes,
742649,home,65',3900.0,Raul Florucz,
742649,home,65',3900.0,Mathias Rasmussen,
742649,away,69',4140.0,Alan Minda,
742649,away,84',5040.0,Emmanuel Kakou,
742649,away,84',5040.0,Makaya Diaby,
742649,home,87',5220.0,Anouar Ait El Hadj,
742650,home,45',2700.0,Hakim Sahabo,
742650,home,45',2700.0,Timothé Nkada,
742650,away,73',4380.0,Enrique Lofolomo,
742650,home,73',4380.0,Alexandro Calut,
742650,home,80',4800.0,Dennis Eckert,
742650,home,87',5220.0,Marco Ilaimaharitra,
742650,away,88',5280.0,Jakob Kiilerich,
742651,home,62',3720.0,Alexis Beka Beka,
742651,away,66',3960.0,Yari Verschaeren,
742651,away,66',3960.0,Mario Stroeykens,
742651,home,78',4680.0,Darío Benavides,
742651,home,79',4740.0,Mohamed Guindo,
742651,away,87',5220.0,Ibrahim Kanate,
742651,away,90'+1',5400.0,Tristan Degreef,
742652,away,28',1680.0,Visar Musliu,
742652,home,45',2700.0,Davis Opoku,
742652,home,61',3660.0,Wouter George,
742652,home,73',4380.0,Henok Teklab,
742652,home,73',4380.0,Jovan Mijatovic,
742652,away,77',4620.0,Ryan Merlen,
742652,away,78',4680.0,Kaito Matsuzawa,
742652,home,86',5160.0,Abdoul Traoré,
742652,away,89',5340.0,Wolke Janssens,
742652,away,89',5340.0,Andrés Ferrari,
742653,away,19',1140.0,Leo Da Silva Lopes,
742653,away,64',3840.0,Bi Goore,
742653,away,64',3840.0,Siebe van der Heyden,
742653,home,71',4260.0,Thomas Van Den Keybus,
742653,home,80',4800.0,Adedire Mebude,
742653,away,85',5100.0,Momodou Sonko,
742653,home,90'+1',5400.0,Eliot Bujupi,
742654,home,55',3300.0,Lucas Hey,
742654,away,61',3660.0,Kevin Rodríguez,
742654,away,62',3720.0,Mathias Rasmussen,
742654,away,62',3720.0,Louis Patris,
742654,home,64',3840.0,Mario Stroeykens,
742654,home,64',3840.0,Yari Verschaeren,
742654,home,64',3840.0,N'Diaye Moussa,
742654,away,78',4680.0,Marc Giger,
742654,home,83',4980.0,Ali Maamar,
742654,away,88',5280.0,Rob Schoofs,
742655,home,45',2700.0,Dani van den Heuvel,
742655,away,63',3780.0,Gerard Vandeplas,
742655,away,75',4500.0,Isaac Babadi,
742655,away,75',4500.0,Xander Dierckx,
742655,home,81',4860.0,Shandre Campbell,
742655,home,81',4860.0,Kaye Furo,
742655,home,82',4920.0,Aleksandar Stankovic,
742655,home,82',4920.0,Hugo Siquet,
742655,away,86',5160.0,Youssef Hamdaoui,
742656,away,45',2700.0,Josimar Alcócer,
742656,home,63',3780.0,Alireza Jahanbakhsh,
742656,away,69',4140.0,Thomas Van Den Keybus,
742656,home,78',4680.0,Desmond Acquah,
742656,away,86',5160.0,Antonio Cordero,
742656,home,86',5160.0,Mohamed Berte,
742656,away,90'+5',5400.0,Serhiy Sydorchuk,
742657,away,45',2700.0,Óscar Gil,
742657,away,67',4020.0,Youssef Maziz,
742657,away,67',4020.0,Sory Kaba,
742657,home,75',4500.0,Oh Hyun-Gyu,
742657,home,75',4500.0,Nikolas Sattlberger,
742657,away,79',4740.0,Casper Terho,
742657,home,84',5040.0,Jarne Steuckers,
742657,home,85',5100.0,Yira Sor,
742657,away,87',5220.0,Abdoul Traoré,
742657,home,90'+1',5400.0,Adrian Palacios,
742658,away,59',3540.0,Simen Jukleröd,
742658,home,65',3900.0,Bi Goore,
742658,home,78',4680.0,Tibe De Vlieger,
742658,home,78',4680.0,Momodou Sonko,
742658,away,82',4920.0,Andrés Ferrari,
742658,away,82',4920.0,Ryan Merlen,
742658,home,84',5040.0,Abdul Ayinde,
742658,home,84',5040.0,Leo Da Silva Lopes,
742658,away,90'+3',5400.0,Kaito Matsuzawa,
742658,away,90'+3',5400.0,Alouis Diriken,
742659,away,31',1860.0,Dennis Eckert,
742659,away,45',2700.0,Léandre Kuavita,
742659,away,45',2700.0,Timothé Nkada,
742659,home,67',4020.0,Kerim Mrabti,
742659,home,67',4020.0,Bill Antonio,
742659,home,68',4080.0,Moncef Zekri,
742659,away,78',4680.0,Alexandro Calut,
742659,home,78',4680.0,Hassane Bandé,
742659,home,82',4920.0,Bilal Bafdili,
742660,away,45',2700.0,Maxence Maisonneuve,
742660,away,62',3720.0,Samuel Gueulette,
742660,home,62',3720.0,Jakob Romsaas,
742660,away,63',3780.0,Darío Benavides,
742660,away,79',4740.0,Pape Fall,
742660,home,83',4980.0,Jules Gaudin,
742660,home,89',5340.0,Antoine Colassin,
742661,home,63',3780.0,Emran Soglo,
742661,away,70',4200.0,Oluwaseun Adewumi,
742661,home,77',4620.0,Jelle Vossen,
742661,away,83',4980.0,Pieter Gerkens,
742661,away,83',4980.0,Alan Minda,
742662,home,66',3960.0,Promise David,
742662,home,74',4440.0,Sofiane Boufal,
742662,home,74',4440.0,Marc Giger,
742662,away,74',4440.0,Franck Surdez,
742662,away,76',4560.0,Atsuki Ito,
742662,away,77',4620.0,Jean-Kévin Duverne,
742662,away,86',5160.0,Max Dean,
742662,home,90',5400.0,Louis Patris,
742663,away,45',2700.0,Carlos Forbs,
742663,away,64',3840.0,Cisse Sandra,
742663,away,64',3840.0,Kaye Furo,
742663,home,73',4380.0,Andrés Ferrari,
742663,home,75',4500.0,Ryan Merlen,
742663,home,75',4500.0,Simen Jukleröd,
742663,away,85',5100.0,Gustaf Nilsson,
742663,away,85',5100.0,Jorne Spileers,
742663,home,87',5220.0,Wolke Janssens,
742664,away,45',2700.0,Alireza Jahanbakhsh,
742664,away,62',3720.0,Mohamed Berte,
742664,home,69',4140.0,Oucasse Mendy,
742664,away,72',4320.0,Desmond Acquah,
742664,away,72',4320.0,Luc Rollet,
742664,home,78',4680.0,Alexis Beka Beka,
742664,away,87',5220.0,Kobe Cools,
742665,home,39',2340.0,Casper Terho,
742665,home,64',3840.0,Chukwubuikem Ikwuemesi,
742665,away,66',3960.0,Joseph Opoku,
742665,home,75',4500.0,Davis Opoku,
742665,home,75',4500.0,Abdoul Traoré,
742665,home,75',4500.0,Wouter George,
742665,away,89',5340.0,Stavros Gavriel,
742666,away,45',2700.0,Filip Szymczak,
742666,away,45',2700.0,Mehdi Boukamir,
742666,home,66',3960.0,Bilal Bafdili,
742666,home,69',4140.0,Gora Diouf,
742666,home,69',4140.0,Moncef Zekri,
742666,away,69',4140.0,Jakob Romsaas,
742666,away,77',4620.0,Antoine Colassin,
742666,away,77',4620.0,Jules Gaudin,
742666,home,85',5100.0,Benito Raman,
742667,home,45',2700.0,Oumar Diakité,
742667,home,45',2700.0,Alan Minda,
742667,home,45',2700.0,Pieter Gerkens,
742667,away,65',3900.0,Nayel Mehssatou Sepúlveda,
742667,away,66',3960.0,Rafiki Said,
742667,home,66',3960.0,Emmanuel Kakou,
742667,away,70',4200.0,Thomas Henry,
742667,away,70',4200.0,Léandre Kuavita,
742667,home,86',5160.0,Heriberto De Jesus,
742668,away,45',2700.0,Adrian Palacios,
742668,away,45',2700.0,Yira Sor,
742668,home,63',3780.0,Mahamadou Diawara,
742668,home,70',4200.0,Farouck Adekami,
742668,away,74',4440.0,Ibrahima Bangoura,
742668,away,74',4440.0,Patrik Hrosovský,
742668,home,82',4920.0,Semm Renders,
742668,home,82',4920.0,Isaac Babadi,
742668,home,83',4980.0,Gerard Vandeplas,
742668,away,85',5100.0,Jusef Erabi,
742669,away,45',2700.0,Luis Vázquez,
742669,away,45',2700.0,Enric Llansana,
742669,away,45',2700.0,Ali Maamar,
742669,home,45',2700.0,Tuur Rommens,
742669,away,60',3600.0,Nathan Saliba,
742669,away,69',4140.0,Tristan Degreef,
742669,home,73',4380.0,Serhiy Sydorchuk,
742669,home,78',4680.0,Kyan Vaesen,
742669,home,78',4680.0,Thomas Van Den Keybus,
742669,home,86',5160.0,Griffin Yow,
742670,home,45',2700.0,Alexandro Calut,
742670,home,57',3420.0,Thomas Henry,
742670,away,63',3780.0,Takuma Ominami,
742670,away,68',4080.0,Mathieu Maertens,
742670,home,77',4620.0,Léandre Kuavita,
742670,away,79',4740.0,Wouter George,
742670,away,80',4800.0,Davis Opoku,
742670,home,83',4980.0,René Muteba,
742671,home,68',4080.0,Yassine Khalifi,
742671,home,68',4080.0,Jakob Romsaas,
742671,away,70',4200.0,Ross Sykes,
742671,away,70',4200.0,Mathias Rasmussen,
742671,home,76',4560.0,Jules Gaudin,
742671,home,76',4560.0,Antoine Colassin,
742671,away,83',4980.0,Ousseynou Niang,
742671,away,83',4980.0,Anouar Ait El Hadj,
742672,away,45',2700.0,Yannick Thoelen,
742672,home,60',3600.0,Mathias Delorge-Knieper,
742672,away,63',3780.0,Anthony Valencia,
742672,home,68',4080.0,Max Dean,
742672,home,68',4080.0,Franck Surdez,
742672,home,84',5040.0,Momodou Sonko,
742672,home,84',5040.0,Tiago Araújo,
742672,away,84',5040.0,Gerard Vandeplas,
742673,home,65',3900.0,Patrik Hrosovský,
742673,home,65',3900.0,Konstantinos Karetsas,
742673,home,65',3900.0,Oh Hyun-Gyu,
742673,away,73',4380.0,Roman Neustädter,
742673,away,77',4620.0,Lucas Mbamba-Muanda,
742673,home,77',4620.0,Jusef Erabi,
742673,away,90'+1',5400.0,Kyan Vaesen,
742674,away,33',1980.0,Bjorn Meijer,
742674,away,61',3660.0,Romeo Vermant,
742674,home,62',3720.0,Luc Rollet,
742674,home,62',3720.0,Mohamed Berte,
742674,home,73',4380.0,Alireza Jahanbakhsh,
742674,away,78',4680.0,Shandre Campbell,
742674,away,78',4680.0,Kyriani Sabbe,
742674,away,79',4740.0,Hugo Vetlesen,
742674,home,82',4920.0,Jordan Attah Kadiri,
742674,home,82',4920.0,David Hrncar,
742675,home,45',2700.0,Pieter Gerkens,
742675,away,45',2700.0,Gora Diouf,
742675,home,71',4260.0,Heriberto De Jesus,
742675,home,71',4260.0,Oumar Diakité,
742675,away,80',4800.0,Hassane Bandé,
742675,home,82',4920.0,Krys Kouassi,
742675,home,82',4920.0,Nils De Wilde,
742675,away,90'+1',5400.0,Massimo Decoene,
742676,home,16',960.0,Ali Maamar,
742676,home,57',3420.0,Mihajlo Cvetkovic,
742676,away,80',4800.0,Andrés Ferrari,
742676,away,80',4800.0,Kaito Matsuzawa,
742676,home,81',4860.0,Yasin Ozcan,
742676,home,81',4860.0,Tristan Degreef,
742676,home,81',4860.0,Enric Llansana,
742676,away,84',5040.0,Ryan Merlen,
742676,away,88',5280.0,Isaias Del Pupo,
742677,home,45',2700.0,Jakob Kiilerich,
742677,home,61',3660.0,Marley Aké,
742677,home,66',3960.0,Wilguens Paugain,
742677,home,77',4620.0,Stavros Gavriel,
742677,home,77',4620.0,Jelle Vossen,
742677,away,80',4800.0,Sekou Sidibe,
742677,away,80',4800.0,Oucasse Mendy,
742677,away,80',4800.0,Max Pau,
742677,away,86',5160.0,Nolan Gillot,
742677,away,86',5160.0,Mohamed Guindo,
742678,away,45',2700.0,Mihajlo Cvetkovic,
742678,home,68',4080.0,Dennis Praet,
742678,away,73',4380.0,Yasin Ozcan,
742678,away,73',4380.0,Tristan Degreef,
742678,home,73',4380.0,Isaac Babadi,
742678,away,83',4980.0,Ibrahim Kanate,
742678,away,89',5340.0,Luis Vázquez,
742678,home,89',5340.0,Anthony Valencia,
742678,home,90',5400.0,Daam Foulon,
742679,home,38',2280.0,Jorne Spileers,
742679,away,63',3780.0,Leo Da Silva Lopes,
742679,home,69',4140.0,Kaye Furo,
742679,home,69',4140.0,Nicolo Tresoldi,
742679,away,71',4260.0,Jean-Kévin Duverne,
742679,away,78',4680.0,Dante Vanzeir,
742679,away,78',4680.0,Franck Surdez,
742679,home,78',4680.0,Hugo Siquet,
742679,home,78',4680.0,Bjorn Meijer,
742680,away,45',2700.0,Nolan Gillot,
742680,away,45',2700.0,Joël Ito,
742680,away,67',4020.0,Mohamed Guindo,
742680,home,69',4140.0,Adedire Mebude,
742680,away,78',4680.0,Sekou Sidibe,
742680,away,78',4680.0,Max Pau,
742680,home,81',4860.0,Kyan Vaesen,
742680,home,90'+2',5400.0,Serhiy Sydorchuk,
742681,home,69',4140.0,Rob Schoofs,
742681,home,70',4200.0,Kevin Rodríguez,
742681,away,74',4440.0,Nikola Mituljikic,
742681,home,87',5220.0,Guilherme Smith,
742681,home,87',5220.0,Louis Patris,
742681,away,87',5220.0,Tobias Hedl,
742681,away,88',5280.0,Benoit De Jaegere,
742681,home,90'+4',5400.0,Ivan Pavlic,
742682,away,43',2580.0,Josué Ndenge,
742682,home,68',4080.0,Jules Gaudin,
742682,home,68',4080.0,Kevin Guiton,
742682,away,74',4440.0,Robin Mirisola,
742682,home,81',4860.0,Antoine Colassin,
742682,home,81',4860.0,Yassine Khalifi,
742682,home,81',4860.0,Jakob Romsaas,
742682,away,90',5400.0,Yira Sor,
742682,away,90',5400.0,Ibrahima Bangoura,
742683,away,57',3420.0,Halil Özdemir,
742683,home,71',4260.0,Andrés Ferrari,
742683,home,83',4980.0,Ryan Merlen,
742683,away,83',4980.0,Moncef Zekri,
742683,away,84',5040.0,Maksim Kireev,
742684,home,28',1680.0,Mathieu Maertens,
742684,home,28',1680.0,Davis Opoku,
742684,home,45',2700.0,Thibaud Verlinden,
742684,home,45',2700.0,Wouter George,
742684,home,78',4680.0,Casper Terho,
742684,away,80',4800.0,Ibrahim Diakité,
742684,away,80',4800.0,Makaya Diaby,
742684,away,85',5100.0,Krys Kouassi,
742685,home,45',2700.0,Luc Rollet,
742685,away,58',3480.0,Léandre Kuavita,
742685,home,65',3900.0,Krzysztof Koton,
742685,home,65',3900.0,Roman Kvet,
742685,home,72',4320.0,David Tosevski,
742685,away,78',4680.0,Thomas Henry,
742685,away,78',4680.0,Adnane Abid,
742685,home,81',4860.0,David Hrncar,
742686,home,64',3840.0,Tristan Degreef,
742686,home,64',3840.0,Yari Verschaeren,
742686,away,67',4020.0,Kevin Guiton,
742686,away,76',4560.0,Antoine Colassin,
742686,away,76',4560.0,Jakob Romsaas,
742686,away,76',4560.0,Mardochee Nzita,
742686,home,76',4560.0,Ibrahim Kanate,
742686,home,89',5340.0,Luis Vázquez,
742686,away,90'+5',5400.0,Nikoloz Chikovani,
742687,home,73',4380.0,Owen Maes,
742687,home,73',4380.0,Jordi Liongola,
742687,away,73',4380.0,Lukasz Lakomy,
742687,away,73',4380.0,Chukwubuikem Ikwuemesi,
742687,away,73',4380.0,Davis Opoku,
742687,away,83',4980.0,Jovan Mijatovic,
742687,away,90'+5',5400.0,Abdoul Traoré,
742688,home,65',3900.0,Redouane Halal,
742688,home,65',3900.0,Maksim Kireev,
742688,away,77',4620.0,Junior Sambu Mansoni,
742688,away,78',4680.0,Mohamed Berte,
742688,away,83',4980.0,Nathan Rodes,
742688,home,89',5340.0,Keano Van Rafelghem,
742688,home,89',5340.0,Ryan Teague,
742688,away,90',5400.0,Alireza Jahanbakhsh,
742689,home,68',4080.0,Leo Da Silva Lopes,
742689,away,75',4500.0,Thomas Van Den Keybus,
742689,away,75',4500.0,Kyan Vaesen,
742689,home,80',4800.0,Jean-Kévin Duverne,
742689,home,80',4800.0,Omri Gandelman,
742689,away,88',5280.0,Fernand Gouré,
742689,away,88',5280.0,Eliot Bujupi,
742689,home,89',5340.0,Aime Omgba,
742690,home,45',2700.0,Robin Mirisola,
742690,away,65',3900.0,Hugo Siquet,
742690,home,72',4320.0,Junya Ito,
742690,home,72',4320.0,Adrian Palacios,
742690,away,74',4440.0,Nicolo Tresoldi,
742690,home,81',4860.0,Ken Nkuba Tshiend,
742690,home,81',4860.0,Jarne Steuckers,
742690,away,90'+1',5400.0,Cisse Sandra,
742690,away,90'+1',5400.0,Bjorn Meijer,
742691,home,45',2700.0,Makaya Diaby,
742691,away,60',3600.0,Kevin Rodríguez,
742691,away,72',4320.0,Rob Schoofs,
742691,away,90',5400.0,Louis Patris,
742691,home,90'+3',5400.0,Nils De Wilde,
742691,home,90'+6',5400.0,Krys Kouassi,
742692,away,16',960.0,Benoit De Jaegere,
742692,home,45',2700.0,Andreas Verstraeten,
742692,home,61',3660.0,Daam Foulon,
742692,home,61',3660.0,Gerard Vandeplas,
742692,away,72',4320.0,Benoit Nyssen,
742692,away,72',4320.0,Stavros Gavriel,
742692,away,89',5340.0,Jelle Vossen,
742692,home,90'+1',5400.0,Yuto Tsunashima,
742692,home,90'+11',5400.0,Yannick Thoelen,
742693,home,45',2700.0,Adnane Abid,
742693,away,45',2700.0,Simen Jukleröd,
742693,away,61',3660.0,Taiga Hata,
742693,home,65',3900.0,Boli Bolingoli-Mbombo,
742693,home,65',3900.0,Steeven Assengue,
742693,away,79',4740.0,Ryan Merlen,
742693,home,79',4740.0,René Muteba,
742693,away,79',4740.0,Wolke Janssens,
742693,away,87',5220.0,Andrés Ferrari,
742693,home,88',5280.0,Mohamed El Hankouri,
742694,home,19',1140.0,Nordin Jackers,
742694,away,45',2700.0,Pape Fall,
742694,away,45',2700.0,Sami Lahssaini,
742694,home,65',3900.0,Ludovit Reis,
742694,home,65',3900.0,Hugo Siquet,
742694,away,65',3900.0,Nolan Gillot,
742694,home,72',4320.0,Nicolo Tresoldi,
742694,home,72',4320.0,Bjorn Meijer,
742695,away,45',2700.0,Anthony Valencia,
742695,away,45',2700.0,Daam Foulon,
742695,away,59',3540.0,Andreas Verstraeten,
742695,away,59',3540.0,Gerard Vandeplas,
742695,home,75',4500.0,Nail Moutha-Sebtaoui,
742695,away,83',4980.0,Isaac Babadi,
742695,home,83',4980.0,Mohamed Berte,
742695,home,89',5340.0,Nathan Rodes,
742695,home,90',5400.0,Alireza Jahanbakhsh,
742696,away,6',360.0,N'Diaye Moussa,
742696,home,38',2280.0,Samuel Junior Kotto,
742696,away,45',2700.0,Yari Verschaeren,
742696,away,45',2700.0,Yasin Ozcan,
742696,home,66',3960.0,Bi Goore,
742696,away,66',3960.0,Luis Vázquez,
742696,home,76',4560.0,Max Dean,
742696,home,77',4620.0,Aime Omgba,
742696,home,77',4620.0,Momodou Sonko,
742696,away,85',5100.0,Adriano Bertaccini,
742697,away,45',2700.0,Chukwubuikem Ikwuemesi,
742697,away,45',2700.0,Lukasz Lakomy,
742697,home,80',4800.0,Taiga Hata,
742697,home,80',4800.0,Abdoulage Sissako,
742697,away,80',4800.0,Siebe Schrijvers,
742697,away,80',4800.0,Abdoul Traoré,
742697,away,80',4800.0,Takahiro Akimoto,
742697,home,84',5040.0,Andrés Ferrari,
742698,away,60',3600.0,Teddy Teuma,
742698,away,61',3660.0,René Muteba,
742698,away,61',3660.0,Gustav Julius Mortensen,
742698,away,71',4260.0,Nayel Mehssatou Sepúlveda,
742698,home,72',4320.0,Jakob Romsaas,
742698,home,72',4320.0,Lewin Blum,
742698,away,80',4800.0,Steeven Assengue,
742698,home,80',4800.0,Antoine Colassin,
742698,home,90',5400.0,Jules Gaudin,
742698,home,90',5400.0,Mehdi Boukamir,
742699,away,45',2700.0,José Marsà,
742699,home,57',3420.0,Fedde Leysen,
742699,home,57',3420.0,Mathias Rasmussen,
742699,home,70',4200.0,Kevin Rodríguez,
742699,away,70',4200.0,Bill Antonio,
742699,home,70',4200.0,Mohammed Fuseini,
742699,away,78',4680.0,Keano Van Rafelghem,
742699,away,78',4680.0,Hassane Bandé,
742699,home,87',5220.0,Mateo Biondic,
742700,home,45',2700.0,Raf Smekens,
742700,away,45',2700.0,Ibrahim Diakité,
742700,home,64',3840.0,Naoufal Bohamdi-Kamoni,
742700,away,74',4440.0,Dante Vanzeir,
742700,home,74',4440.0,Kyan Vaesen,
742700,home,74',4440.0,Shunsuke Saito,
742700,away,82',4920.0,Erick,
742700,home,84',5040.0,Fernand Gouré,
742700,away,90'+1',5400.0,Oumar Diakité,
742701,away,66',3960.0,Junya Ito,
742701,away,66',3960.0,Ibrahima Bangoura,
742701,away,66',3960.0,Aaron Bibout,
742701,home,73',4380.0,Yannick Cappelle,
742701,home,73',4380.0,Wilguens Paugain,
742701,away,82',4920.0,Jarne Steuckers,
742701,away,85',5100.0,Adrian Palacios,
742701,home,85',5100.0,Stavros Gavriel,
742701,home,90'+3',5400.0,Anton Tanghe,
742702,away,30',1800.0,Yannick Cappelle,
742702,away,64',3840.0,Tochukwu Nnadi,
742702,away,64',3840.0,Joseph Opoku,
742702,away,64',3840.0,Benoit De Jaegere,
742702,home,75',4500.0,Vince Osuji,
742702,home,75',4500.0,Nicolo Tresoldi,
742702,away,79',4740.0,Tobias Hedl,
742702,home,81',4860.0,Hugo Vetlesen,
742702,home,81',4860.0,Hugo Siquet,
742702,home,90',5400.0,Bjorn Meijer,
742703,home,36',2160.0,Yuto Tsunashima,
742703,home,58',3480.0,Farouck Adekami,
742703,home,58',3480.0,Anthony Valencia,
742703,away,61',3660.0,Lewin Blum,
742703,home,72',4320.0,Gerard Vandeplas,
742703,home,72',4320.0,Christopher Scott,
742703,away,81',4860.0,Jakob Romsaas,
742703,away,88',5280.0,Antoine Colassin,
742703,away,88',5280.0,Mehdi Boukamir,
742704,home,61',3660.0,N'Diaye Moussa,
742704,home,61',3660.0,Enric Llansana,
742704,home,68',4080.0,Ibrahim Kanate,
742704,home,68',4080.0,Mihajlo Cvetkovic,
742704,away,76',4560.0,Luc Rollet,
742704,home,79',4740.0,Tristan Degreef,
742704,away,82',4920.0,Desmond Acquah,
742704,away,82',4920.0,Mohamed Berte,
742704,away,90',5400.0,Nail Moutha-Sebtaoui,
742704,away,90',5400.0,Nathan Rodes,
742705,away,61',3660.0,Dante Vanzeir,
742705,away,61',3660.0,Makaya Diaby,
742705,home,67',4020.0,Nikolas Sattlberger,
742705,home,67',4020.0,Jarne Steuckers,
742705,home,79',4740.0,Ibrahima Bangoura,
742705,home,79',4740.0,Robin Mirisola,
742705,away,79',4740.0,Erick,
742705,away,79',4740.0,Oumar Diakité,
742705,home,90'+2',5400.0,Adrian Palacios,
742706,home,45',2700.0,Bernard Nguene,
742706,home,45',2700.0,Dennis Eckert,
742706,home,62',3720.0,René Muteba,
742706,away,66',3960.0,Bi Goore,
742706,home,70',4200.0,Tobias Mohr,
742706,away,82',4920.0,Aime Omgba,
742706,home,85',5100.0,David Bates,
742706,away,89',5340.0,Max Dean,
742706,away,89',5340.0,Abdul Ayinde,
742706,away,89',5340.0,Momodou Sonko,
742707,away,69',4140.0,Kaito Matsuzawa,
742707,home,72',4320.0,Nolan Gillot,
742707,home,77',4620.0,Thierry Lutonda,
742707,home,81',4860.0,Nachon Nsingi,
742707,away,88',5280.0,Oumar Diouf,
742707,away,90'+3',5400.0,Loïc Mbe Soh,
742708,away,71',4260.0,Mohammed Fuseini,
742708,away,72',4320.0,Besfort Zeneli,
742708,home,72',4320.0,Abdoul Traoré,
742708,home,72',4320.0,Wouter George,
742708,home,78',4680.0,Sory Kaba,
742708,home,78',4680.0,Davis Opoku,
742708,away,80',4800.0,Ousseynou Niang,
742708,home,89',5340.0,Mathieu Maertens,
742709,home,45',2700.0,Kerim Mrabti,
742709,home,45',2700.0,Bill Antonio,
742709,away,58',3480.0,Josimar Alcócer,
742709,home,65',3900.0,Keano Van Rafelghem,
742709,away,78',4680.0,Kyan Vaesen,
742709,away,78',4680.0,Thomas Van Den Keybus,
742709,home,87',5220.0,Hassane Bandé,
742709,away,90',5400.0,Naoufal Bohamdi-Kamoni,
742709,away,90',5400.0,Serhiy Sydorchuk,
742710,home,12',720.0,Maxime Delanghe,
742710,away,37',2220.0,Anthony Valencia,
742710,home,45',2700.0,Dante Vanzeir,
742710,away,62',3720.0,Isaac Babadi,
742710,away,62',3720.0,Mukhammadali Urinboev,
742710,home,65',3900.0,Emmanuel Kakou,
742710,home,66',3960.0,Erick,
742710,away,78',4680.0,Semm Renders,
742710,away,78',4680.0,Orseer Achihi,
742710,home,86',5160.0,Ibrahim Diakité,
742711,home,45',2700.0,Alireza Jahanbakhsh,
742711,home,45',2700.0,Luc Rollet,
742711,away,65',3900.0,Yira Sor,
742711,away,65',3900.0,Ibrahima Bangoura,
742711,home,71',4260.0,Dion Moise Sahi,
742711,away,77',4620.0,Josué Ndenge,
742711,home,82',4920.0,Mohamed Berte,
742711,away,83',4980.0,Nikolas Sattlberger,
742711,away,84',5040.0,Oh Hyun-Gyu,
742711,home,89',5340.0,Nathan Rodes,
742712,home,43',2580.0,Takuma Ominami,
742712,away,56',3360.0,Bill Antonio,
742712,away,56',3360.0,Keano Van Rafelghem,
742712,home,70',4200.0,Mathieu Maertens,
742712,home,70',4200.0,Davis Opoku,
742712,home,80',4800.0,Birger Verstraete,
742712,home,80',4800.0,Abdoul Traoré,
742712,away,88',5280.0,Mory Konaté,
742713,away,57',3420.0,Nicolo Tresoldi,
742713,away,77',4620.0,Felix Lemarechal,
742713,home,79',4740.0,Besfort Zeneli,
742713,away,88',5280.0,Bjorn Meijer,
742713,away,88',5280.0,Romeo Vermant,
742713,away,89',5340.0,Hugo Siquet,
742713,home,90',5400.0,Ousseynou Niang,
742713,home,90',5400.0,Mohammed Fuseini,
742713,home,90'+2',5400.0,Fedde Leysen,
742714,away,43',2580.0,Ilay Camara,
742714,home,45',2700.0,David Bates,
742714,away,45',2700.0,Enric Llansana,
742714,home,61',3660.0,Nayel Mehssatou Sepúlveda,
742714,away,68',4080.0,Ali Maamar,
742714,away,68',4080.0,Mihajlo Cvetkovic,
742714,home,77',4620.0,Tobias Mohr,
742714,away,81',4860.0,Ibrahim Kanate,
742714,home,89',5340.0,Adnane Abid,
742714,home,89',5340.0,Daan Dierckx,
742715,away,54',3240.0,Yassine Khalifi,
742715,away,67',4020.0,Jakob Romsaas,
742715,away,67',4020.0,Lewin Blum,
742715,home,73',4380.0,Oumar Diouf,
742715,home,79',4740.0,Ryan Merlen,
742715,away,82',4920.0,Mehdi Boukamir,
742715,away,82',4920.0,Antoine Colassin,
742715,home,84',5040.0,Kaito Matsuzawa,
742716,home,40',2400.0,Samuel Gueulette,
742716,home,66',3960.0,Cristian Makaté,
742716,home,66',3960.0,Nolan Gillot,
742716,away,71',4260.0,Momodou Sonko,
742716,away,79',4740.0,Aime Omgba,
742716,away,88',5280.0,Bi Goore,
742716,away,88',5280.0,Max Dean,
742717,away,45',2700.0,Serhiy Sydorchuk,
742717,home,62',3720.0,Benoit Nyssen,
742717,home,62',3720.0,Emran Soglo,
742717,home,62',3720.0,Stavros Gavriel,
742717,home,73',4380.0,Jelle Vossen,
742717,home,73',4380.0,Benoit De Jaegere,
742717,away,78',4680.0,Thomas Van Den Keybus,
742717,away,78',4680.0,Fernand Gouré,
742718,home,38',2280.0,Bi Goore,
742718,home,38',2280.0,Max Dean,
742718,home,67',4020.0,Momodou Sonko,
742718,away,69',4140.0,Birger Verstraete,
742718,away,69',4140.0,Maxence Prevot,
742718,away,77',4620.0,Davis Opoku,
742718,away,77',4620.0,Kyan Vaesen,
742718,home,77',4620.0,Daiki Hashioka,
742718,home,77',4620.0,Aime Omgba,
742718,away,88',5280.0,Mathieu Maertens,
742719,away,45',2700.0,Ibrahim Kanate,
742719,home,64',3840.0,Jarne Steuckers,
742719,home,64',3840.0,Yira Sor,
742719,away,64',3840.0,Thorgan Hazard,
742719,away,64',3840.0,Mihajlo Cvetkovic,
742719,away,75',4500.0,Adriano Bertaccini,
742719,away,75',4500.0,Ilay Camara,
742719,home,77',4620.0,Robin Mirisola,
742720,away,45',2700.0,Timothé Nkada,
742720,away,45',2700.0,Steeven Assengue,
742720,away,45',2700.0,Tobias Mohr,
742720,home,67',4020.0,Hugo Siquet,
742720,home,67',4020.0,Bjorn Meijer,
742720,away,67',4020.0,Charli Spoden,
742720,away,69',4140.0,Daan Dierckx,
742720,home,78',4680.0,Hugo Vetlesen,
742720,home,85',5100.0,Shandre Campbell,
742720,home,85',5100.0,Gustaf Nilsson,
742721,away,38',2280.0,Marwan Al-Sahafi,
742721,away,61',3660.0,Anthony Valencia,
742721,away,61',3660.0,Youssef Hamdaoui,
742721,home,71',4260.0,Moncef Zekri,
742721,home,71',4260.0,Massimo Decoene,
742721,home,79',4740.0,Bilal Bafdili,
742721,home,79',4740.0,Benito Raman,
742721,away,79',4740.0,Glenn Bijl,
742721,away,79',4740.0,Isaac Babadi,
742721,home,90'+3',5400.0,Hassane Bandé,
742722,home,60',3600.0,Marley Aké,
742722,away,68',4080.0,David Tosevski,
742722,away,68',4080.0,Bo De Kerf,
742722,away,72',4320.0,Luc Rollet,
742722,away,72',4320.0,Mohamed Berte,
742722,home,78',4680.0,Stavros Gavriel,
742722,away,82',4920.0,Desmond Acquah,
742722,home,86',5160.0,Wilguens Paugain,
742722,home,86',5160.0,Yannick Cappelle,
742723,away,6',360.0,Loïc Mbe Soh,
742723,home,45',2700.0,Afonso Patrão,
742723,home,66',3960.0,Fernand Gouré,
742723,away,67',4020.0,Kaito Matsuzawa,
742723,home,74',4440.0,Naoufal Bohamdi-Kamoni,
742723,home,84',5040.0,Serhiy Sydorchuk,
742723,away,86',5160.0,Ryan Merlen,
742723,away,86',5160.0,Oumar Diouf,
742724,away,45',2700.0,Wagane Faye,
742724,home,60',3600.0,Anouar Ait El Hadj,
742724,home,60',3600.0,Mohammed Fuseini,
742724,away,63',3780.0,Samuel Gueulette,
742724,away,76',4560.0,Majeed Ashimeru,
742724,away,76',4560.0,Cristian Makaté,
742724,home,80',4800.0,Adem Zorgane,
742724,home,80',4800.0,Mateo Biondic,
742724,away,88',5280.0,Darío Benavides,
742725,home,45',2700.0,Parfait Guiagon,
742725,away,45',2700.0,Makaya Diaby,
742725,home,45',2700.0,Yacine Titraoui,
742725,away,61',3660.0,Steve Ngoura,
742725,away,61',3660.0,Ibrahim Diakité,
742725,home,69',4140.0,Kevin Guiton,
742725,home,74',4440.0,Filip Szymczak,
742725,away,86',5160.0,Nils De Wilde,
742726,away,61',3660.0,Christos Tzolis,
742726,home,63',3780.0,Makaya Diaby,
742726,home,63',3780.0,Dante Vanzeir,
742726,away,67',4020.0,Shandre Campbell,
742726,away,67',4020.0,Romeo Vermant,
742726,home,76',4560.0,Charles Herrmann,
742726,home,76',4560.0,Valy Konaté,
742727,home,45',2700.0,Semm Renders,
742727,home,45',2700.0,Marwan Al-Sahafi,
742727,home,60',3600.0,Isaac Babadi,
742727,home,74',4440.0,Anthony Valencia,
742727,home,83',4980.0,Glenn Bijl,
742727,away,87',5220.0,Thomas Van Den Keybus,
742727,away,87',5220.0,Fernand Gouré,
742728,home,54',3240.0,Nathan Saliba,
742728,home,54',3240.0,Ilay Camara,
742728,away,62',3720.0,Majeed Ashimeru,
742728,home,69',4140.0,Ibrahim Kanate,
742728,home,69',4140.0,Mihajlo Cvetkovic,
742728,home,83',4980.0,Danylo Sikan,
742729,away,62',3720.0,Jarne Steuckers,
742729,away,62',3720.0,Yira Sor,
742729,home,67',4020.0,Bill Antonio,
742729,away,80',4800.0,Robin Mirisola,
742729,home,80',4800.0,Benito Raman,
742729,home,84',5040.0,Maksim Kireev,
742730,away,60',3600.0,Luc Rollet,
742730,away,60',3600.0,Mohamed Berte,
742730,home,68',4080.0,Kyan Vaesen,
742730,away,78',4680.0,Nail Moutha-Sebtaoui,
742730,away,78',4680.0,Alireza Jahanbakhsh,
742730,home,80',4800.0,Birger Verstraete,
742730,home,80',4800.0,Sory Kaba,
742730,away,84',5040.0,Bo De Kerf,
742730,home,86',5160.0,Davis Opoku,
742730,home,86',5160.0,William Balikwisha,
742731,away,66',3960.0,Yannick Cappelle,
742731,away,66',3960.0,Wilguens Paugain,
742731,home,69',4140.0,Oumar Diouf,
742731,away,76',4560.0,Dirk Asare,
742731,home,82',4920.0,Ryan Merlen,
742731,away,90',5400.0,Stavros Gavriel,
742731,away,90',5400.0,Marley Aké,
742732,home,45',2700.0,Lewin Blum,
742732,home,65',3900.0,Jakob Romsaas,
742732,away,68',4080.0,Hong Hyun-Seok,
742732,home,78',4680.0,Filip Szymczak,
742732,home,78',4680.0,Antoine Colassin,
742732,away,80',4800.0,Hatim Essaoubi,
742732,away,89',5340.0,Aime Omgba,
742732,away,89',5340.0,Moctar Diop,
742732,home,89',5340.0,Yoann Cisse,
742733,home,40',2400.0,Daan Dierckx,
742733,away,45',2700.0,Guilherme Smith,
742733,home,45',2700.0,David Bates,
742733,away,65',3900.0,Rob Schoofs,
742733,away,65',3900.0,Raul Florucz,
742733,away,65',3900.0,Besfort Zeneli,
742733,home,69',4140.0,Mohamed El Hankouri,
742733,home,80',4800.0,Timothé Nkada,
742733,away,86',5160.0,Mateo Biondic,
742734,home,45',2700.0,Yira Sor,
742734,home,45',2700.0,Robin Mirisola,
742734,away,66',3960.0,Timothé Nkada,
742734,away,66',3960.0,Adnane Abid,
742734,home,69',4140.0,Jusef Erabi,
742734,away,78',4680.0,Mohamed El Hankouri,
742734,home,85',5100.0,Nikolas Sattlberger,
742734,home,85',5100.0,Noah Adedeji-Sternberg,
742734,away,89',5340.0,Nayel Mehssatou Sepúlveda,
742734,away,89',5340.0,Josué Homawoo,
742735,home,20',1200.0,Mohamed Berte,
742735,home,65',3900.0,Junior Sambu Mansoni,
742735,home,65',3900.0,Krzysztof Koton,
742735,away,68',4080.0,Arbnor Muja,
742735,away,75',4500.0,Ryan Merlen,
742735,home,77',4620.0,Nathan Rodes,
742735,home,77',4620.0,Alireza Jahanbakhsh,
742735,away,90',5400.0,Kaito Matsuzawa,
742735,away,90',5400.0,Oumar Diouf,
742735,away,90',5400.0,Isaias Del Pupo,
742736,home,56',3360.0,Aleksandar Stankovic,
742736,away,63',3780.0,Youssef Maziz,
742736,away,74',4440.0,Birger Verstraete,
742736,away,75',4500.0,William Balikwisha,
742736,home,75',4500.0,Mamadou Diakhon,
742736,home,75',4500.0,Joaquin Seys,
742736,home,75',4500.0,Romeo Vermant,
742736,away,79',4740.0,Sory Kaba,
742736,away,79',4740.0,Kyan Vaesen,
742736,home,86',5160.0,Kyriani Sabbe,
742737,home,33',1980.0,Hatim Essaoubi,
742737,home,45',2700.0,Wilfried Kanga,
742737,home,54',3240.0,Siebe van der Heyden,
742737,away,54',3240.0,Charles Herrmann,
742737,home,77',4620.0,Moctar Diop,
742737,home,77',4620.0,Aime Omgba,
742737,away,82',4920.0,Makaya Diaby,
742737,away,88',5280.0,Valy Konaté,
742738,away,64',3840.0,Ibrahim Kanate,
742738,away,64',3840.0,Ali Maamar,
742738,away,65',3900.0,Killian Sardella,
742738,home,73',4380.0,Marley Aké,
742738,away,76',4560.0,Mario Stroeykens,
742738,home,79',4740.0,Tobias Hedl,
742738,home,79',4740.0,Stavros Gavriel,
742738,home,79',4740.0,Malick Mbaye,
742738,home,87',5220.0,Jelle Vossen,
742738,away,89',5340.0,Enric Llansana,
742739,away,66',3960.0,Jakob Romsaas,
742739,home,66',3960.0,Dylan Ourega,
742739,away,79',4740.0,Filip Szymczak,
742739,away,79',4740.0,Lewin Blum,
742739,home,82',4920.0,Fernand Gouré,
742739,home,82',4920.0,Shunsuke Saito,
742739,home,90'+5',5400.0,Serhiy Sydorchuk,
742740,home,67',4020.0,Louis Patris,
742740,home,67',4020.0,Rob Schoofs,
742740,home,76',4560.0,Mateo Biondic,
742740,home,87',5220.0,Besfort Zeneli,
742740,home,87',5220.0,Marc Giger,
742740,away,90'+2',5400.0,Youssef Hamdaoui,
742740,away,90'+2',5400.0,Gerard Vandeplas,
742741,home,34',2040.0,Owen Maes,
742741,home,63',3780.0,Cristian Makaté,
742741,home,63',3780.0,Thierry Lutonda,
742741,home,75',4500.0,Samuel Gueulette,
742741,home,75',4500.0,Darío Benavides,
742741,away,77',4620.0,José Marsà,
742741,away,77',4620.0,Bill Antonio,
742741,away,82',4920.0,Maksim Kireev,
742741,away,88',5280.0,Dikeni-Rafid Salifou,
742741,away,88',5280.0,Benito Raman,
742742,away,41',2460.0,Davis Opoku,
742742,away,45',2700.0,Noe Dussenne,
742742,away,61',3660.0,Siebe Schrijvers,
742742,away,62',3720.0,Mathieu Maertens,
742742,home,66',3960.0,Ibrahim Kanate,
742742,home,74',4440.0,Mario Stroeykens,
742742,away,74',4440.0,Sory Kaba,
742742,home,75',4500.0,Danylo Sikan,
742742,home,87',5220.0,Adriano Bertaccini,
742742,home,88',5280.0,Killian Sardella,
742743,away,60',3600.0,Kaito Matsuzawa,
742743,away,60',3600.0,Taiga Hata,
742743,away,72',4320.0,Ryan Merlen,
742743,away,85',5100.0,Oumar Diouf,
742743,home,85',5100.0,Luca Schelfhout,
742743,home,85',5100.0,Youssef Hamdaoui,
742743,home,90'+3',5400.0,Orseer Achihi,
742743,home,90'+3',5400.0,Gerard Vandeplas,
742744,home,45',2700.0,Charles Herrmann,
742744,home,63',3780.0,Oluwaseun Adewumi,
742744,home,66',3960.0,Steve Ngoura,
742744,away,69',4140.0,Mohamed Berte,
742744,away,78',4680.0,Ragnar Oratmangoen,
742744,away,78',4680.0,David Hrncar,
742744,away,87',5220.0,Krzysztof Koton,
742744,home,88',5280.0,Nils De Wilde,
742744,home,88',5280.0,Heriberto De Jesus,
742745,away,57',3420.0,Max Dean,
742745,away,57',3420.0,Hong Hyun-Seok,
742745,away,57',3420.0,Tibe De Vlieger,
742745,home,73',4380.0,Yira Sor,
742745,home,73',4380.0,Junya Ito,
742745,home,73',4380.0,Konstantinos Karetsas,
742745,home,73',4380.0,Aaron Bibout,
742745,away,74',4440.0,Moctar Diop,
742745,away,83',4980.0,Jean-Kévin Duverne,
742745,home,89',5340.0,Ibrahima Bangoura,
742746,home,64',3840.0,José Marsà,
742746,home,64',3840.0,Bill Antonio,
742746,away,67',4020.0,Marley Aké,
742746,home,85',5100.0,Benito Raman,
742746,home,85',5100.0,Dikeni-Rafid Salifou,
742747,home,65',3900.0,Lewin Blum,
742747,home,76',4560.0,Mehdi Boukamir,
742747,away,85',5100.0,Hugo Siquet,
742747,away,85',5100.0,Mamadou Diakhon,
742747,away,85',5100.0,Romeo Vermant,
742747,home,89',5340.0,Patrick Pflücke,
742747,away,90',5400.0,Hugo Vetlesen,
742748,away,45',2700.0,Samuel Gueulette,
742748,home,59',3540.0,Mohamed El Hankouri,
742748,home,59',3540.0,Josué Homawoo,
742748,away,61',3660.0,Cristian Makaté,
742748,home,68',4080.0,Timothé Nkada,
742748,home,68',4080.0,Bernard Nguene,
742748,home,81',4860.0,Nayel Mehssatou Sepúlveda,
742749,home,45',2700.0,Dylan Ourega,
742749,away,66',3960.0,Besfort Zeneli,
742749,away,66',3960.0,Guilherme Smith,
742749,home,71',4260.0,Thomas Van Den Keybus,
742749,away,83',4980.0,Sekou Keita,
742749,away,88',5280.0,Fedde Leysen,
742750,away,65',3900.0,Adriano Bertaccini,
742750,away,65',3900.0,Killian Sardella,
742750,home,75',4500.0,Romeo Vermant,
742750,home,75',4500.0,Mamadou Diakhon,
742750,away,77',4620.0,Mario Stroeykens,
742750,home,78',4680.0,Bjorn Meijer,
742750,home,78',4680.0,Hugo Siquet,
742750,home,89',5340.0,Hugo Vetlesen,
742750,away,90',5400.0,Ali Maamar,
742750,away,90',5400.0,Lucas Hey,
742751,home,33',1980.0,Bo De Kerf,
742751,away,45',2700.0,Patrick Pflücke,
742751,away,62',3720.0,Antoine Colassin,
742751,home,68',4080.0,Krzysztof Koton,
742751,home,68',4080.0,Mohamed Berte,
742751,home,68',4080.0,Malcolm Viltard,
742751,home,83',4980.0,Jordan Attah Kadiri,
742751,away,90'+2',5400.0,Filip Szymczak,
742752,home,18',1080.0,Ibrahima Cisse,
742752,away,45',2700.0,Benito Raman,
742752,away,45',2700.0,Bill Antonio,
742752,home,60',3600.0,Momodou Sonko,
742752,away,74',4440.0,Maksim Kireev,
742752,home,82',4920.0,Hatim Essaoubi,
742752,home,82',4920.0,Aime Omgba,
742752,home,82',4920.0,Jean-Kévin Duverne,
742752,away,90'+5',5400.0,José Marsà,
742753,away,52',3120.0,Shunsuke Saito,
742753,home,62',3720.0,Thibaud Verlinden,
742753,home,62',3720.0,Sory Kaba,
742753,away,67',4020.0,Afonso Patrão,
742753,home,79',4740.0,William Balikwisha,
742753,home,79',4740.0,Abdoul Traoré,
742753,away,86',5160.0,Thomas Van Den Keybus,
742753,away,86',5160.0,Serhiy Sydorchuk,
742753,home,87',5220.0,Mathieu Maertens,
742754,away,54',3240.0,Gerard Vandeplas,
742754,home,63',3780.0,Joël Ito,
742754,home,63',3780.0,Nolan Gillot,
742754,away,63',3780.0,Luca Schelfhout,
742754,away,76',4560.0,Isaac Babadi,
742754,away,77',4620.0,Marwan Al-Sahafi,
742754,home,77',4620.0,Owen Maes,
742754,home,77',4620.0,Nachon Nsingi,
742754,away,77',4620.0,Xander Dierckx,
742755,away,64',3840.0,Oumar Diakité,
742755,home,74',4440.0,Kaito Matsuzawa,
742755,home,74',4440.0,Ryan Merlen,
742755,away,77',4620.0,Steve Ngoura,
742755,away,86',5160.0,Heriberto De Jesus,
742755,away,86',5160.0,Krys Kouassi,
742756,away,63',3780.0,Noah Adedeji-Sternberg,
742756,away,63',3780.0,Jarne Steuckers,
742756,away,63',3780.0,Ibrahima Bangoura,
742756,home,75',4500.0,Rob Schoofs,
742756,home,77',4620.0,Mateo Biondic,
742756,away,82',4920.0,Yaimar Medina,
742756,away,82',4920.0,Aaron Bibout,
742756,home,90'+3',5400.0,Ivan Pavlic,
742757,away,62',3720.0,Timothé Nkada,
742757,away,62',3720.0,Adnane Abid,
742757,home,68',4080.0,Marley Aké,
742757,away,78',4680.0,Casper Hojer Nielsen,
742757,home,79',4740.0,Stavros Gavriel,
742757,away,86',5160.0,Bernard Nguene,
742757,home,89',5340.0,Malick Mbaye,
742757,home,89',5340.0,Jelle Vossen,
742758,away,61',3660.0,Teddy Teuma,
742758,away,61',3660.0,Adnane Abid,
742758,away,61',3660.0,Bernard Nguene,
742758,home,81',4860.0,Eran Tuypens,
742758,home,81',4860.0,Gerard Vandeplas,
742758,away,81',4860.0,Thomas Henry,
742758,home,84',5040.0,Mauricio Benitez,
742758,away,86',5160.0,Tobias Mohr,
742758,home,87',5220.0,Boubakar Kiki Kouyate,
742759,home,45',2700.0,Makaya Diaby,
742759,home,45',2700.0,Steve Ngoura,
742759,away,57',3420.0,Samuel Gueulette,
742759,away,57',3420.0,Djibril Lamego,
742759,home,67',4020.0,Valy Konaté,
742759,away,78',4680.0,Bryan Soumaré,
742759,away,78',4680.0,Nachon Nsingi,
742759,away,84',5040.0,Cristian Makaté,
742759,home,84',5040.0,Krys Kouassi,
742759,home,90'+4',5400.0,Ibrahim Diakité,
742760,away,45',2700.0,Hugo Vetlesen,
742760,away,72',4320.0,Bjorn Meijer,
742760,away,73',4380.0,Romeo Vermant,
742760,home,77',4620.0,Thomas Van Den Keybus,
742760,away,82',4920.0,Gustaf Nilsson,
742760,home,85',5100.0,Naoufal Bohamdi-Kamoni,
742760,home,85',5100.0,Afonso Patrão,
742761,home,45',2700.0,Vic Chambaere,
742761,home,63',3780.0,Kevin Rodríguez,
742761,home,63',3780.0,Rob Schoofs,
742761,away,68',4080.0,Amine Daali,
742761,away,76',4560.0,Desmond Acquah,
742761,away,76',4560.0,Ragnar Oratmangoen,
742761,home,79',4740.0,Louis Patris,
742761,away,84',5040.0,Jordan Attah Kadiri,
742761,away,84',5040.0,Alireza Jahanbakhsh,
742761,home,86',5160.0,Marc Giger,
742762,away,45',2700.0,Thibaud Verlinden,
742762,away,45',2700.0,Wouter George,
742762,home,65',3900.0,Antoine Colassin,
742762,away,80',4800.0,Bryang Kayo,
742762,away,80',4800.0,Takuma Ominami,
742762,home,83',4980.0,Antoine Bernier,
742762,home,83',4980.0,Filip Szymczak,
742762,away,89',5340.0,Sory Kaba,
742763,away,60',3600.0,Mario Stroeykens,
742763,away,60',3600.0,Adriano Bertaccini,
742763,home,62',3720.0,Bill Antonio,
742763,home,63',3780.0,Benito Raman,
742763,home,84',5040.0,Ian Struyf,
742763,home,84',5040.0,Keano Van Rafelghem,
742763,away,85',5100.0,Yari Verschaeren,
742763,away,86',5160.0,Killian Sardella,
742763,away,90'+3',5400.0,Ibrahim Kanate,
742763,home,90'+3',5400.0,Massimo Decoene,
742764,away,45',2700.0,Marley Aké,
742764,away,45',2700.0,Laurent Lemoine,
742764,home,61',3660.0,Abdelkahar Kadri,
742764,away,69',4140.0,Jelle Vossen,
742764,away,83',4980.0,Malick Mbaye,
742764,home,83',4980.0,Gilles De Meyer,
742764,home,83',4980.0,Bi Goore,
742764,home,83',4980.0,Ibrahima Cisse,
742765,away,63',3780.0,Kaito Matsuzawa,
742765,home,69',4140.0,Aaron Bibout,
742765,home,69',4140.0,Jarne Steuckers,
742765,away,77',4620.0,Oumar Diouf,
742765,away,77',4620.0,Simen Jukleröd,
742765,away,77',4620.0,Ryan Merlen,
742765,home,80',4800.0,Ken Nkuba Tshiend,
742765,home,80',4800.0,Noah Adedeji-Sternberg,
742766,home,45',2700.0,Ibrahim Kanate,
742766,away,57',3420.0,Steve Ngoura,
742766,away,57',3420.0,Lawrence Agyekum,
742766,home,77',4620.0,Yari Verschaeren,
742766,home,77',4620.0,Mats Rits,
742766,away,85',5100.0,Makaya Diaby,
742766,home,89',5340.0,Ali Maamar,
742766,away,90',5400.0,Ibrahim Diakité,
742767,home,24',1440.0,Nayel Mehssatou Sepúlveda,
742767,home,57',3420.0,Dennis Eckert,
742767,home,57',3420.0,Adnane Abid,
742767,home,57',3420.0,Bernard Nguene,
742767,away,69',4140.0,Thomas Van Den Keybus,
742767,home,83',4980.0,Tobias Mohr,
742767,away,87',5220.0,Naoufal Bohamdi-Kamoni,
742768,home,62',3720.0,Kaito Matsuzawa,
742768,home,62',3720.0,Ryan Merlen,
742768,away,65',3900.0,Mohammed Fuseini,
742768,home,73',4380.0,Oumar Diouf,
742768,home,75',4500.0,Simen Jukleröd,
742768,away,75',4500.0,Louis Patris,
742768,away,75',4500.0,Ivan Pavlic,
742769,away,58',3480.0,Nikolas Sattlberger,
742769,away,69',4140.0,Yira Sor,
742769,home,71',4260.0,Bryan Soumaré,
742769,home,80',4800.0,Nachon Nsingi,
742769,away,80',4800.0,Aaron Bibout,
742769,away,80',4800.0,Mujaid Sadick,
742769,home,87',5220.0,Owen Maes,
742769,home,87',5220.0,Samuel Gueulette,
742770,home,63',3780.0,Sory Kaba,
742770,away,71',4260.0,Eran Tuypens,
742770,home,72',4320.0,Mathieu Maertens,
742770,away,78',4680.0,Youssef Hamdaoui,
742770,home,83',4980.0,Kyan Vaesen,
742770,home,83',4980.0,Davis Opoku,
742770,home,83',4980.0,Wouter George,
742770,away,87',5220.0,Boubakar Kiki Kouyate,
742770,away,87',5220.0,Marwan Al-Sahafi,
742771,away,61',3660.0,Bi Goore,
742771,away,61',3660.0,Abdelkahar Kadri,
742771,home,71',4260.0,Ragnar Oratmangoen,
742771,home,71',4260.0,Mohamed Berte,
742771,home,71',4260.0,Alireza Jahanbakhsh,
742771,home,78',4680.0,Amine Daali,
742771,away,79',4740.0,Aime Omgba,
742771,home,88',5280.0,Jordan Attah Kadiri,
742771,away,90'+3',5400.0,Jean-Kévin Duverne,
742771,away,90'+3',5400.0,Ibrahima Cisse,
742772,away,54',3240.0,Bill Antonio,
742772,away,69',4140.0,Hassane Bandé,
742772,away,69',4140.0,Keano Van Rafelghem,
742772,home,76',4560.0,Romeo Vermant,
742772,home,81',4860.0,Shandre Campbell,
742772,home,81',4860.0,Mamadou Diakhon,
742772,home,86',5160.0,Gustaf Nilsson,
742772,home,86',5160.0,Hugo Siquet,
742773,home,56',3360.0,Enrique Lofolomo,
742773,away,66',3960.0,Filip Szymczak,
742773,home,79',4740.0,Malick Mbaye,
742773,home,80',4800.0,Benoit De Jaegere,
742773,away,80',4800.0,Mardochee Nzita,
742773,away,80',4800.0,Antoine Colassin,
742773,away,86',5160.0,Yoann Cisse,
742773,home,90',5400.0,Wilguens Paugain,
