event_id,home_away,minute,minute_sec,player_in,player_out
746418,home,59',3511.0,Hong Hyun-Seok,Herba Guirassy
746418,home,59',3512.0,Matthis Abline,Yassine Benhattab because of an injury
746418,away,61',3629.0,Nuno Mendes,Lucas Hernández
746418,away,61',3641.0,Achraf Hakimi,Fabián Ruiz
746418,away,61',3647.0,Ousmane Dembélé,Ibrahim Mbaye
746418,away,61',3653.0,Désiré Doué,Lee Kang-In
746418,away,78',4660.0,Khvicha Kvaratskhelia,Gonçalo Ramos
746418,home,79',4689.0,Francis Coquelin,Kwon Hyeok-Kyu
746418,home,79',4694.0,Amady Camara,Mostafa Mohamed
746418,home,86',5135.0,Dehmaine Tabibou,Louis Leroux
746423,away,16',912.0,Mahamadou Nagida,Mohamed Meïté
746423,home,45',2700.0,Abdoulaye Faye,Formose Mendy
746423,home,56',3324.0,Pablo Pagis,Dermane Karim
746423,home,56',3341.0,Mohamed Bamba,Sambou Soumano
746423,away,63',3728.0,Djaoui Cissé,Fabian Rieder
746423,away,63',3738.0,Ibrahim Salah,Ludovic Blas
746423,home,66',3926.0,Théo Le Bris,Aiyegun Tosin
746423,away,73',4343.0,Alidu Seidu,Mahamadou Nagida
746423,home,73',4378.0,Darlin Yongwa,Arsène Kouassi
746427,away,45',2700.0,Pierrick Capelle,Marius Courcoul
746427,away,62',3713.0,Jim Allevinah,Sidiki Cherif
746427,home,67',3961.0,Warren Zaïre-Emery,João Neves
746427,home,67',3971.0,Gonçalo Ramos,Bradley Barcola
746427,away,76',4547.0,Florent Hanin,Jacques Ekomié
746427,home,77',4570.0,Ibrahim Mbaye,Désiré Doué
746427,away,77',4588.0,Emmanuel Biumla,Lilian Raolisoa
746427,home,81',4816.0,Lee Kang-In,Ousmane Dembélé
746427,away,87',5185.0,Lanroy Machine,Yassin Belkhdim
746416,away,55',3244.0,Dilane Bakwa,Abdoul Ouattara
746416,home,59',3528.0,Idrissa Gueye,Brian Madjo
746416,away,72',4269.0,Sebastian Nanasi,Samir El Mourabet
746416,home,73',4328.0,Alpha Touré,Jessy Deminguet because of an injury
746416,home,73',4350.0,Ibou Sané,Cheikh Sabaly
746416,away,80',4772.0,Kendry Páez,Sam Amo-Ameyaw
746416,home,84',4997.0,Maxime Colin,Koffi Kouao
746416,home,84',5006.0,Joseph Nduquidi,Boubacar Traoré
746413,away,65',3870.0,Sambou Soumano,Mohamed Bamba
746413,away,65',3900.0,Panos Katseris,Joel Mvuka
746413,away,66',3901.0,Dermane Karim,Pablo Pagis
746413,away,75',4465.0,Darlin Yongwa,Arsène Kouassi
746413,home,82',4868.0,Rudy Matondo,Ibrahim Osman
746413,home,82',4884.0,Lasso Coulibaly,Josué Casimir
746413,home,88',5271.0,Theo Bair,Lassine Sinayoko
746413,home,90',5382.0,Fredrik Oppegård,Gideon Mensah
746424,away,41',2434.0,Alpha Touré,Michel Mboula because of an injury
746424,away,62',3705.0,Ibou Sané,Giorgi Tsitaishvili
746424,away,62',3714.0,Morgan Bokele,Giorgi Abuashvili
746424,home,74',4403.0,Nicolás Tagliafico,Abner Vinícius
746424,home,74',4430.0,Adam Karabec,Pavel Sulc
746424,home,75',4466.0,Khalis Merah,Corentin Tolisso
746424,away,80',4762.0,Idrissa Gueye,Brian Madjo
746424,home,86',5116.0,Afonso Moreira,Malick Fofana
746424,home,86',5117.0,Ruben Kluivert,Clinton Mata
746415,home,57',3406.0,Florian Thauvin,Rayan Fofana
746415,away,66',3945.0,Khalis Merah,Saël Kumbedi
746415,home,76',4509.0,Anthony Bermont,Deiver Machado
746415,home,85',5100.0,Saud Abdulhamid,Ruben Aguilar
746415,home,86',5108.0,Florian Sotoca,Wesley Saïd
746415,away,90'+2',5400.0,Adam Karabec,Georges Mikautadze
746415,away,90'+2',5400.0,Pavel Sulc,Malick Fofana
746420,home,37',2210.0,Christopher Wooh,Mohamed Meïté
746420,away,45',2700.0,Timothy Weah,Geoffrey Kondogbia
746420,away,63',3759.0,Pierre-Emerick Aubameyang,Jonathan Rowe
746420,home,64',3800.0,Mahdi Camara,Fabian Rieder
746420,away,78',4640.0,Ulisses Garcia,Amir Murillo
746420,home,84',5034.0,Ibrahim Salah,Mousa Tamari
746420,home,85',5055.0,Mahamadou Nagida,Przemyslaw Frankowski
746420,home,86',5101.0,Ludovic Blas,Seko Fofana
746420,away,86',5110.0,Darryl Bakola,Angel Gomes
746420,away,86',5111.0,Robinio Vaz,Amine Gouiri
746414,away,45',2700.0,Matias Fernandez-Pardo,Marius Broholm
746414,away,52',3118.0,Maxima Goffi,Ousmane Touré because of an injury
746414,away,72',4281.0,Vincent Burlet,Romain Perraud
746414,away,85',5050.0,Ayyoub Bouaddi,Ngal'ayel Mukau
746414,away,85',5056.0,Nabil Bentaleb,Hákon Haraldsson
746414,home,90',5367.0,Hamidou Makalou,Mama Baldé
746414,home,90'+6',5400.0,Luck Zogbé,Kamory Doumbia
746421,away,59',3524.0,Mamadou Sangaré,Fode Sylla
746421,home,63',3740.0,Younes Namli,Fodé Doucouré
746421,home,63',3742.0,Abdoulaye Touré,Rassoul Ndiaye
746421,home,73',4328.0,Felix Mambimbi,Mbwana Samatta
746421,away,73',4343.0,Florian Sotoca,Florian Thauvin
746421,away,73',4350.0,Morgan Guilavogui,Rayan Fofana
746421,home,84',4995.0,Simon Ebonog,Arouna Sangante
746421,home,84',4999.0,Godson Kyeremeh,Yassine Kechta
746421,away,89',5311.0,Andrija Bulatovic,Wesley Saïd
746422,home,60',3542.0,Matias Fernandez-Pardo,Ngal'ayel Mukau because of an injury
746422,away,74',4395.0,Vanderson,Jordan Teze
746422,away,74',4413.0,Eliesse Ben Seghir,Aleksandr Golovin
746422,away,74',4419.0,Mika Biereth,Takumi Minamino
746422,home,81',4831.0,Nabil Bentaleb,Félix Correia
746422,away,85',5043.0,Kassoum Ouattara,Caio Henrique
746417,away,58',3463.0,Mbwana Samatta,Simon Ebonog
746417,away,58',3478.0,Fodé Doucouré,Younes Namli
746417,home,63',3723.0,Vanderson,Jordan Teze
746417,home,63',3736.0,Eliesse Ben Seghir,Lamine Camara
746417,away,78',4670.0,Godson Kyeremeh,Arouna Sangante because of an injury
746417,away,78',4679.0,Felix Mambimbi,Étienne Youté
746417,away,79',4700.0,Daren Mosengo,Rassoul Ndiaye
746417,home,80',4799.0,Paris Brunner,Mika Biereth
746417,home,81',4819.0,George Ilenikhena,Takumi Minamino
746417,home,89',5334.0,Aladji Bamba,Aleksandr Golovin
746425,home,63',3760.0,Bilal Nadir,Timothy Weah
746425,away,64',3809.0,Jean-Philippe Krasso,Moses Simon
746425,away,64',3810.0,Alimami Gory,Willem Geubbels
746425,away,69',4087.0,Lohann Doucet,Adama Camara
746425,home,74',4439.0,Robinio Vaz,Pierre-Emerick Aubameyang
746425,away,83',4921.0,Pierre-Yves Hamel,Vincent Marchetti
746425,away,83',4927.0,Julien Lopez,Nhoa Sangui
746425,home,90'+1',5400.0,Derek Cornelius,Ulisses Garcia
746425,home,90'+1',5400.0,Darryl Bakola,Amine Gouiri
746419,away,68',4054.0,Warren Kamanzi,Noah Edjouma
746419,away,68',4071.0,Alexis Vossah,Mário Sauer
746419,away,76',4506.0,Santiago Hidalgo,Frank Magri
746419,home,76',4508.0,Bernard Nguene,Terem Moffi
746419,home,76',4521.0,Sofiane Diop,Badredine Bouanani
746419,home,76',4530.0,Salis Abdul Samed,Tom Louchet
746419,home,76',4546.0,Jérémie Boga,Isak Jansson
746419,away,82',4901.0,Rasmus Nicolaisen,Dayann Methalie
746419,home,90'+1',5400.0,Billal Brahimi,Kojo Peprah Oppong
746426,away,45'+5',2700.0,Théo De Percin,Gabriel Osho
746426,away,62',3708.0,Danny Namaso,Ibrahim Osman
746426,home,63',3737.0,Pablo Rosario,Salis Abdul Samed
746426,home,63',3750.0,Sofiane Diop,Isak Jansson
746426,home,73',4321.0,Terem Moffi,Kevin Carlos
746426,home,73',4328.0,Badredine Bouanani,Jérémie Boga
746426,away,73',4356.0,Fredrik Oppegård,Gideon Mensah
746426,away,73',4366.0,Lasso Coulibaly,Lassine Sinayoko
746426,away,73',4370.0,Lamine Sy,Marvin Senaya
746426,home,90'+1',5400.0,Hamza Koutoune,Tom Louchet
746429,home,60',3571.0,Warren Kamanzi,Mário Sauer
746429,home,70',4186.0,Rasmus Nicolaisen,Djibril Sidibé
746429,home,71',4205.0,Noah Edjouma,Yann Gboho
746429,away,72',4280.0,Hamidou Makalou,Romain Del Castillo
746429,away,72',4281.0,Joris Chotard,Hugo Magnetti
746429,away,72',4301.0,Junior Diaz,Brendan Chardonnet
746429,away,79',4703.0,Axel Camblan,Kamory Doumbia
746429,home,83',4955.0,Santiago Hidalgo,Frank Magri
746429,home,83',4967.0,Mathis Saka,Dayann Methalie
746429,away,84',4989.0,Saliou Diop,Mama Baldé
746412,away,61',3645.0,Vincent Marchetti,Lohann Doucet
746412,away,61',3646.0,Alimami Gory,Jean-Philippe Krasso
746412,home,62',3662.0,Lanroy Machine,Sidiki Cherif
746412,home,62',3676.0,Jim Allevinah,Lilian Raolisoa
746412,away,71',4259.0,Julien Lopez,Pierre-Yves Hamel
746412,home,72',4286.0,Jacques Ekomié,Florent Hanin
746412,away,72',4305.0,Mathieu Cafaro,Moses Simon
746412,home,85',5044.0,Prosper Peter,Estéban Lepaul
746412,home,85',5070.0,Marius Courcoul,Yassin Belkhdim
746412,away,85',5071.0,Nouha Dicko,Timothée Kolodziejczak
746430,away,60',3582.0,Mohamed Meïté,Mousa Tamari
746430,home,69',4115.0,Marius Courcoul,Louis Mouton
746430,home,69',4133.0,Jim Allevinah,Sidiki Cherif
746430,home,70',4147.0,Lanroy Machine,Prosper Peter
746430,away,83',4943.0,Mikayil Faye,Lilian Brassier
746430,away,83',4948.0,Djaoui Cissé,Seko Fofana
746430,away,83',4956.0,Fabian Rieder,Estéban Lepaul
746430,away,88',5273.0,Bertug Yildirim,Ludovic Blas
746431,away,60',3559.0,Jonathan Clauss,Isak Jansson
746431,away,60',3568.0,Sofiane Diop,Salis Abdul Samed
746431,home,66',3952.0,Abdoulaye Touré,Rassoul Ndiaye
746431,home,67',3971.0,Thomas Delaine,Yanis Zouaoui
746431,home,67',3978.0,Felix Mambimbi,Yassine Kechta
746431,away,67',4007.0,Terem Moffi,Jérémie Boga
746431,away,67',4017.0,Bernard Nguene,Antoine Mendy
746431,away,82',4867.0,Morgan Sanson,Tom Louchet
746431,home,82',4885.0,Younes Namli,Fodé Doucouré
746431,home,85',5064.0,Simon Ebonog,Mbwana Samatta
746428,home,41',2421.0,Valentín Barco,Andrew Omobamidele because of an injury
746428,home,45',2700.0,Emmanuel Emegha,Sebastian Nanasi
746428,away,56',3328.0,Matthis Abline,Herba Guirassy
746428,away,56',3330.0,Kwon Hyeok-Kyu,Francis Coquelin
746428,home,64',3827.0,Diego Moreira,Kendry Páez
746428,home,65',3845.0,Dilane Bakwa,Samir El Mourabet
746428,away,71',4218.0,Hong Hyun-Seok,Louis Leroux
746428,home,75',4446.0,Rafael Luís,Félix Lemaréchal
746428,away,85',5045.0,Youssef El-Arabi,Yassine Benhattab
746428,away,85',5060.0,Dehmaine Tabibou,Johann Lepenant
746433,home,15',868.0,Joel Mvuka,Panos Katseris because of an injury
746433,away,45',2700.0,Hamza Igamane,Marius Broholm
746433,home,68',4056.0,Mohamed Bamba,Sambou Soumano
746433,home,68',4068.0,Noah Cadiou,Aiyegun Tosin
746433,home,82',4863.0,Théo Le Bris,Arthur Avom
746433,away,82',4873.0,Nabil Bentaleb,Félix Correia
746433,home,82',4873.0,Darlin Yongwa,Arsène Kouassi
746433,away,85',5060.0,Osame Sahraoui,Matias Fernandez-Pardo
746433,away,85',5061.0,Aïssa Mandi,Thomas Meunier
746433,away,88',5242.0,Ugo Raghouber,Ayyoub Bouaddi
746434,away,62',3695.0,Morgan Bokele,Giorgi Tsitaishvili
746434,away,62',3695.0,Ibou Sané,Giorgi Abuashvili
746434,home,66',3929.0,Pierre Lees-Melou,Adama Camara
746434,home,66',3939.0,Jean-Philippe Krasso,Willem Geubbels
746434,home,77',4592.0,Nhoa Sangui,Thibault De Smet because of an injury
746434,away,77',4605.0,Alpha Touré,Terry Yegbe because of an injury
746434,away,90',5382.0,Brian Madjo,Idrissa Gueye
746434,home,90',5385.0,Nouha Dicko,Moses Simon
746434,away,90',5398.0,Jessy Deminguet,Boubacar Traoré
746434,home,90',5399.0,Mathieu Cafaro,Vincent Marchetti
746439,away,63',3728.0,Caio Henrique,Kassoum Ouattara
746439,away,63',3749.0,Paris Brunner,Folarin Balogun
746439,home,65',3848.0,Lasso Coulibaly,Sékou Mara
746439,home,77',4615.0,Rudy Matondo,Lassine Sinayoko
746439,away,78',4648.0,Lamine Camara,Aladji Bamba
746439,away,78',4660.0,George Ilenikhena,Mika Biereth
746439,home,90',5395.0,Ibrahim Osman,Kévin Danois because of an injury
746439,away,90'+2',5400.0,Mamadou Coulibaly,Takumi Minamino
746438,away,34',2013.0,Derek Cornelius,Bilal Nadir
746438,away,45',2700.0,Ulisses Garcia,Mason Greenwood
746438,home,53',3163.0,Nicolás Tagliafico,Malick Fofana because of an injury
746438,home,71',4249.0,Afonso Moreira,Abner Vinícius
746438,home,71',4260.0,Pavel Sulc,Khalis Merah
746438,away,72',4301.0,Pol Lirola,Timothy Weah
746438,away,85',5073.0,Robinio Vaz,Pierre-Emerick Aubameyang
746438,away,86',5101.0,Darryl Bakola,Hamed Traoré because of an injury
746438,home,90'+2',5400.0,Ruben Kluivert,Adam Karabec
746432,home,45',2700.0,Samson Baidoo,Deiver Machado
746432,away,59',3499.0,Grégoire Coudert,Romain Del Castillo
746432,away,75',4484.0,Justin Bourgault,Kamory Doumbia
746432,away,75',4488.0,Hamidou Makalou,Mama Baldé
746432,home,75',4495.0,Morgan Guilavogui,Rayan Fofana
746432,home,76',4503.0,Anthony Bermont,Florian Thauvin
746432,home,76',4507.0,Saud Abdulhamid,Ruben Aguilar
746432,away,86',5140.0,Saliou Diop,Joris Chotard
746432,away,86',5143.0,Raphaël Le Guen,Bradley Locko
746432,home,90'+3',5400.0,Florian Sotoca,Wesley Saïd
746442,away,14',796.0,Arsène Kouassi,Noah Cadiou
746442,home,44',2613.0,Matt O'Riley,Amine Gouiri because of an injury
746442,home,61',3602.0,Emerson,Facundo Medina
746442,home,61',3617.0,Pierre-Emile Højbjerg,Geoffrey Kondogbia
746442,home,61',3623.0,Igor Paixão,Timothy Weah
746442,away,62',3680.0,Théo Le Bris,Dermane Karim
746442,away,62',3700.0,Mohamed Bamba,Sambou Soumano
746442,away,62',3705.0,Arthur Avom,Jean-Victor Makengo
746442,away,74',4415.0,Aiyegun Tosin,Joel Mvuka
746442,home,78',4645.0,Arthur Vermeeren,Benjamin Pavard
746436,home,65',3846.0,Louis Leroux,Hong Hyun-Seok
746436,home,72',4274.0,Matthis Abline,Herba Guirassy
746436,home,72',4287.0,Kwon Hyeok-Kyu,Francis Coquelin
746436,away,72',4314.0,Lasso Coulibaly,Josué Casimir
746436,away,72',4319.0,Oussama El Azzouzi,Francisco Sierralta
746436,away,73',4335.0,Fredrik Oppegård,Ibrahim Osman
746436,away,84',4997.0,Theo Bair,Gideon Mensah
746436,home,87',5170.0,Dehmaine Tabibou,Yassine Benhattab
746436,home,87',5190.0,Amady Camara,Mostafa Mohamed
746436,away,88',5278.0,Rudy Matondo,Elisha Owusu
746437,away,45',2700.0,Willian Pacho,Nuno Mendes
746437,away,45',2700.0,Warren Zaïre-Emery,Vitinha
746437,away,63',3726.0,Khvicha Kvaratskhelia,Désiré Doué
746437,home,63',3747.0,Noah Edjouma,Djibril Sidibé
746437,home,63',3757.0,Warren Kamanzi,Rasmus Nicolaisen
746437,home,63',3763.0,Alexis Vossah,Mário Sauer
746437,home,70',4141.0,Santiago Hidalgo,Frank Magri
746437,away,70',4187.0,Gonçalo Ramos,Ousmane Dembélé because of an injury
746437,away,75',4494.0,Ibrahim Mbaye,Bradley Barcola
746437,home,79',4695.0,Seny Koumbassa,Dayann Methalie
746441,home,45'+2',2700.0,Chancel Mbemba,Alexsandro Ribeiro because of an injury
746441,away,55',3265.0,Rafik Messali,Santiago Hidalgo
746441,home,61',3648.0,Hamza Igamane,Ngal'ayel Mukau
746441,away,71',4255.0,Warren Kamanzi,Rafik Messali because of an injury
746441,away,72',4270.0,Alexis Vossah,Abu Francis
746441,home,80',4796.0,Ethan Mbappé,Matias Fernandez-Pardo
746441,home,81',4801.0,Nabil Bentaleb,Ayyoub Bouaddi
746441,home,81',4804.0,Osame Sahraoui,Félix Correia
746441,away,89',5306.0,Mário Sauer,Frank Magri
746441,away,89',5312.0,Djibril Sidibé,Dayann Methalie
746435,away,45',2700.0,Dilane Bakwa,Ismaël Doukouré
746435,away,45',2700.0,Kendry Páez,Abdoul Ouattara
746435,away,71',4208.0,Sam Amo-Ameyaw,Diego Moreira
746435,away,71',4215.0,Samir El Mourabet,Mathis Amougou
746435,home,78',4674.0,Aladji Bamba,Lamine Camara
746435,home,79',4688.0,George Ilenikhena,Mika Biereth
746435,home,79',4712.0,Philipp Köhn,Lukás Hrádecky because of an injury
746435,home,85',5085.0,Takumi Minamino,Aleksandr Golovin
746435,away,90'+2',5400.0,Rabby Nzingoula,Félix Lemaréchal
746435,home,90'+10',5400.0,Mamadou Coulibaly,Folarin Balogun
746444,away,45',2700.0,Amady Camara,Yassine Benhattab
746444,home,62',3677.0,Terem Moffi,Kevin Carlos
746444,home,62',3692.0,Morgan Sanson,Sofiane Diop
746444,away,65',3855.0,Louis Leroux,Hong Hyun-Seok
746444,home,75',4457.0,Isak Jansson,Jérémie Boga
746444,home,75',4472.0,Tiago Gouveia,Dante
746444,away,77',4617.0,Mayckel Lahdo,Junior Mwanga
746444,home,81',4846.0,Tom Louchet,Hicham Boudaoui
746444,away,86',5118.0,Dehmaine Tabibou,Nicolas Cozza
746444,away,86',5125.0,Youssef El-Arabi,Mostafa Mohamed
746445,home,30',1773.0,Ibrahim Mbaye,Khvicha Kvaratskhelia because of an injury
746445,away,45',2700.0,Abdallah Sima,Morgan Guilavogui
746445,home,57',3410.0,Senny Mayulu,Lee Kang-In because of an injury
746445,away,66',3944.0,Saud Abdulhamid,Ruben Aguilar
746445,away,66',3953.0,Rayan Fofana,Odsonne Édouard
746445,home,70',4196.0,Nuno Mendes,Beraldo because of an injury
746445,home,71',4221.0,Fabián Ruiz,Bradley Barcola
746445,home,71',4230.0,João Neves,Warren Zaïre-Emery
746445,away,80',4775.0,Anthony Bermont,Matthieu Udol
746445,away,80',4777.0,Wesley Saïd,Florian Thauvin
746448,away,56',3331.0,Warren Kamanzi,Dayann Methalie
746448,away,56',3339.0,Emersonn,Noah Edjouma
746448,home,65',3880.0,Clément Akpa,Sékou Mara
746448,away,70',4179.0,Djibril Sidibé,Rasmus Nicolaisen
746448,away,70',4188.0,Mário Sauer,Abu Francis
746448,away,82',4901.0,Santiago Hidalgo,Yann Gboho
746448,home,85',5092.0,Assane Dioussé,Lassine Sinayoko
746443,away,61',3612.0,Lanroy Machine,Sidiki Cherif
746443,away,61',3613.0,Jacques Ekomié,Florent Hanin
746443,away,71',4258.0,Himad Abdelli,Louis Mouton
746443,home,72',4292.0,Giorgi Abuashvili,Giorgi Tsitaishvili
746443,home,73',4325.0,Cheikh Sabaly,Ibou Sané
746443,away,80',4756.0,Justin Kalumba,Lilian Raolisoa
746443,home,85',5060.0,Jessy Deminguet,Benjamin Stambouli
746440,away,45',2700.0,Adama Camara,Vincent Marchetti
746440,home,45',2700.0,Pathé Mboup,Mama Baldé because of an injury
746440,away,60',3599.0,Jean-Philippe Krasso,Willem Geubbels
746440,away,60',3600.0,Alimami Gory,Moses Simon
746440,home,68',4058.0,Junior Dina Ebimbe,Hamidou Makalou
746440,home,78',4625.0,Rémy Labeau Lascary,Kamory Doumbia
746440,away,82',4879.0,Nhoa Sangui,Samir Chergui
746440,home,86',5102.0,Daouda Guindo,Bradley Locko
746440,away,87',5164.0,Timothée Kolodziejczak,Ilan Kebbal
746450,away,62',3717.0,Sambou Soumano,Mohamed Bamba
746450,away,63',3722.0,Jean-Victor Makengo,Aiyegun Tosin
746450,home,63',3744.0,Rassoul Ndiaye,Yassine Kechta
746450,home,63',3750.0,Younes Namli,Fodé Doucouré
746450,away,74',4418.0,Joel Mvuka,Théo Le Bris
746450,home,77',4561.0,Damián Pizarro,Mbwana Samatta
746450,home,85',5042.0,Enzo Koffi,Thomas Delaine
746450,home,85',5059.0,Felix Mambimbi,Abdoulaye Touré
746446,home,45',2700.0,Alidu Seidu,Abdelhamid Aït Boudlal
746446,home,45',2700.0,Mousa Tamari,Przemyslaw Frankowski
746446,away,67',3988.0,Rachid Ghezzal,Adam Karabec because of an injury
746446,home,69',4102.0,Seko Fofana,Djaoui Cissé
746446,home,69',4113.0,Mohamed Meïté,Breel Embolo
746446,away,75',4450.0,Pavel Sulc,Khalis Merah
746446,away,85',5083.0,Ruben Kluivert,Malick Fofana
746446,home,90'+9',5400.0,Mahamadou Nagida,Ludovic Blas
746452,away,61',3651.0,Himad Abdelli,Louis Mouton
746452,away,62',3663.0,Sidiki Cherif,Justin Kalumba
746452,home,64',3826.0,Pavel Sulc,Khalis Merah
746452,home,81',4842.0,Mathys de Carvalho,Corentin Tolisso
746452,home,81',4856.0,Enzo Molébé,Martín Satriano
746452,away,82',4871.0,Pierrick Capelle,Yassin Belkhdim
746452,away,90',5341.0,Lanroy Machine,Lilian Raolisoa
746452,home,90'+2',5400.0,Afonso Moreira,Malick Fofana
746452,home,90'+2',5400.0,Rachid Ghezzal,Adam Karabec
746449,home,61',3635.0,Rémy Labeau Lascary,Pathé Mboup
746449,away,63',3729.0,Kevin Carlos,Terem Moffi
746449,away,63',3731.0,Isak Jansson,Tiago Gouveia
746449,away,73',4323.0,Tom Louchet,Charles Vanhoutte
746449,away,73',4330.0,Morgan Sanson,Hicham Boudaoui
746449,home,79',4709.0,Junior Dina Ebimbe,Kamory Doumbia
746449,away,79',4717.0,Mohamed-Ali Cho,Jérémie Boga
746449,home,85',5043.0,Hamidou Makalou,Ludovic Ajorque
746449,home,85',5059.0,Daouda Guindo,Romain Del Castillo
746451,away,18',1065.0,Calvin Verdonk,Romain Perraud because of an injury
746451,away,45',2700.0,Osame Sahraoui,Félix Correia
746451,away,59',3504.0,Ngal'ayel Mukau,Hákon Haraldsson
746451,home,69',4085.0,Saud Abdulhamid,Ruben Aguilar
746451,home,69',4092.0,Odsonne Édouard,Rayan Fofana
746451,home,74',4408.0,Morgan Guilavogui,Wesley Saïd
746451,away,77',4591.0,Ethan Mbappé,Nabil Bentaleb
746451,away,78',4622.0,Hamza Igamane,Olivier Giroud
746451,home,86',5115.0,Fode Sylla,Mamadou Sangaré
746451,home,86',5127.0,Florian Sotoca,Florian Thauvin
746447,home,45',2700.0,Kendry Páez,Félix Lemaréchal
746447,home,45',2700.0,Abdoul Ouattara,Ben Chilwell
746447,home,45',2700.0,Sam Amo-Ameyaw,Mathis Amougou
746447,away,69',4100.0,Ayumu Seko,Rassoul Ndiaye
746447,away,69',4108.0,Reda Khadra,Fodé Doucouré
746447,home,70',4178.0,Samir El Mourabet,Rafael Luís
746447,away,76',4517.0,Simon Ebonog,Abdoulaye Touré because of an injury
746447,home,82',4867.0,Martial Godo,Diego Moreira
746447,away,90'+3',5400.0,Étienne Youté,Yassine Kechta
746447,away,90'+3',5400.0,Felix Mambimbi,Arouna Sangante
746454,home,33',1965.0,Krépin Diatta,Aladji Bamba because of an injury
746454,home,45',2700.0,Ansu Fati,Paris Brunner
746454,home,68',4021.0,George Ilenikhena,Mika Biereth
746454,away,75',4446.0,Alpha Touré,Fodé Ballo-Touré
746454,away,75',4447.0,Ismaël Guerti,Jessy Deminguet
746454,home,79',4730.0,Stanis Idumbo,Takumi Minamino
746454,home,79',4736.0,Caio Henrique,Kassoum Ouattara
746454,away,90',5342.0,Giorgi Tsitaishvili,Benjamin Stambouli
746454,away,90',5356.0,Morgan Bokele,Koffi Kouao
746455,away,45',2700.0,Djaoui Cissé,Valentin Rongier
746455,away,45',2700.0,Lilian Brassier,Alidu Seidu
746455,away,65',3855.0,Mousa Tamari,Breel Embolo
746455,home,66',3946.0,Francis Coquelin,Tylel Tati
746455,home,67',3969.0,Yassine Benhattab,Mostafa Mohamed
746455,away,69',4129.0,Hans Hateboer,Ludovic Blas
746455,home,77',4589.0,Dehmaine Tabibou,Francis Coquelin because of an injury
746455,home,78',4621.0,Amady Camara,Mayckel Lahdo
746455,away,81',4845.0,Mohamed Meïté,Estéban Lepaul
746455,home,82',4875.0,Youssef El-Arabi,Nicolas Cozza
746455,home,90',5396.0,Uros Radakovic,Louis Leroux
746458,home,74',4400.0,Osame Sahraoui,Félix Correia
746458,home,74',4405.0,Nabil Bentaleb,Ngal'ayel Mukau
746458,away,75',4447.0,Afonso Moreira,Adam Karabec
746458,away,75',4456.0,Pavel Sulc,Khalis Merah
746458,home,79',4707.0,Hamza Igamane,Ayyoub Bouaddi
746458,away,90'+2',5400.0,Mathys de Carvalho,Malick Fofana
746458,home,90'+2',5400.0,Ethan Mbappé,Tiago Santos because of an injury
746453,home,61',3650.0,Pierre-Emerick Aubameyang,Igor Paixão
746453,away,64',3814.0,Lee Kang-In,Willian Pacho
746453,away,73',4329.0,Senny Mayulu,Warren Zaïre-Emery
746453,home,78',4664.0,Bilal Nadir,Amine Gouiri
746453,home,78',4670.0,Amir Murillo,Timothy Weah
746453,away,89',5307.0,Ibrahim Mbaye,Gonçalo Ramos
746453,home,89',5329.0,Robinio Vaz,Mason Greenwood
746463,home,29',1715.0,Mousa Tamari,Djaoui Cissé
746463,away,61',3627.0,Rayan Fofana,Odsonne Édouard
746463,away,61',3650.0,Morgan Guilavogui,Wesley Saïd
746463,home,61',3657.0,Mohamed Meïté,Breel Embolo
746463,home,62',3664.0,Nordan Mukiele,Ludovic Blas
746463,away,78',4632.0,Saud Abdulhamid,Ruben Aguilar
746463,home,80',4760.0,Mahamadou Nagida,Quentin Merlin
746456,home,45',2700.0,Alimami Gory,Willem Geubbels
746456,away,60',3593.0,Emanuel Emegha,Joaquín Panichelli
746456,away,61',3602.0,Félix Lemaréchal,Kendry Páez
746456,away,61',3624.0,Guéla Doué,Martial Godo
746456,home,69',4126.0,Thibault De Smet,Hamari Traoré
746456,home,69',4140.0,Nouha Dicko,Moses Simon
746456,away,73',4364.0,Mathis Amougou,Samir El Mourabet
746456,home,79',4736.0,Mathieu Cafaro,Adama Camara
746456,away,85',5078.0,Andrew Omobamidele,Diego Moreira
746456,home,88',5280.0,Jean-Philippe Krasso,Nhoa Sangui
746457,home,45',2700.0,Emmanuel Biumla,Ousmane Camara
746457,away,63',3765.0,Pathé Mboup,Rémy Labeau Lascary because of an injury
746457,home,66',3949.0,Florent Hanin,Jacques Ekomié
746457,home,70',4155.0,Lanroy Machine,Sidiki Cherif
746457,home,70',4164.0,Louis Mouton,Himad Abdelli
746457,away,75',4459.0,Junior Dina Ebimbe,Kamory Doumbia
746457,home,79',4716.0,Marius Louãr,Carlens Arcus
746457,home,79',4720.0,Marius Courcoul,Yassin Belkhdim
746457,away,89',5281.0,Luck Zogbé,Romain Del Castillo
746462,home,36',2107.0,Achraf Hakimi,Vitinha
746462,home,45',2700.0,Bradley Barcola,Khvicha Kvaratskhelia
746462,away,45',2700.0,Sékou Mara,Telli Siwe
746462,home,62',3692.0,Quentin Ndjantou,Senny Mayulu
746462,away,65',3870.0,Lasso Coulibaly,Clément Akpa
746462,away,74',4437.0,Ibrahim Osman,Danny Namaso
746462,away,75',4449.0,Rudy Matondo,Kévin Danois
746462,home,80',4766.0,Mathis Jangeal,Lee Kang-In
746462,away,87',5195.0,Assane Dioussé,Elisha Owusu
746466,away,41',2445.0,Rayan Fofana,Odsonne Édouard because of an injury
746466,home,69',4096.0,Ibrahim Osman,Lassine Sinayoko
746466,home,76',4508.0,Rudy Matondo,Elisha Owusu
746466,away,81',4856.0,Morgan Guilavogui,Wesley Saïd
746466,away,82',4861.0,Abdallah Sima,Florian Thauvin
746466,home,84',5008.0,Lamine Sy,Francisco Sierralta because of an injury
746465,home,45',2700.0,Hicham Boudaoui,Salis Abdul Samed
746465,home,45',2700.0,Melvin Bard,Ali Abdi
746465,home,68',4064.0,Isak Jansson,Mohamed-Ali Cho
746465,away,68',4078.0,Jonathan Ikoné,Ilan Kebbal
746465,home,75',4500.0,Jérémie Boga,Terem Moffi
746465,home,78',4648.0,Morgan Sanson,Hicham Boudaoui because of an injury
746465,away,78',4667.0,Jean-Philippe Krasso,Adama Camara
746465,away,78',4679.0,Nouha Dicko,Willem Geubbels
746465,away,90'+1',5400.0,Nhoa Sangui,Moses Simon
746465,away,90'+2',5400.0,Mathieu Cafaro,Hamari Traoré because of an injury
746459,away,45',2700.0,Folarin Balogun,Mika Biereth
746459,away,45',2700.0,Krépin Diatta,Vanderson
746459,home,62',3690.0,Sambou Soumano,Mohamed Bamba because of an injury
746459,home,62',3691.0,Jean-Victor Makengo,Aiyegun Tosin
746459,away,65',3850.0,Ansu Fati,George Ilenikhena
746459,away,65',3855.0,Stanis Idumbo,Takumi Minamino
746459,home,72',4293.0,Pablo Pagis,Dermane Karim
746459,away,81',4830.0,Pape Cabral,Mamadou Coulibaly
746459,home,83',4930.0,Joel Mvuka,Théo Le Bris
746459,home,83',4931.0,Noah Cadiou,Arthur Avom
746464,away,45',2700.0,Yassine Benhattab,Amady Camara
746464,home,45',2700.0,Yann Gboho,Emersonn
746464,home,62',3704.0,Cristian Cásseres,Abu Francis
746464,away,73',4340.0,Herba Guirassy,Mayckel Lahdo
746464,away,73',4354.0,Hong Hyun-Seok,Dehmaine Tabibou
746464,home,76',4530.0,Dayann Methalie,Warren Kamanzi
746464,away,84',4983.0,Kwon Hyeok-Kyu,Johann Lepenant because of an injury
746464,home,86',5124.0,Noah Edjouma,Djibril Sidibé
746464,away,89',5316.0,Youssef El-Arabi,Matthis Abline
746460,home,45',2700.0,Giorgi Tsitaishvili,Michel Mboula
746460,away,61',3636.0,Rassoul Ndiaye,Simon Ebonog
746460,away,61',3643.0,Fodé Doucouré,Mbwana Samatta because of an injury
746460,away,76',4549.0,Thomas Delaine,Yanis Zouaoui
746460,home,80',4799.0,Ibou Sané,Gauthier Hein
746460,home,81',4810.0,Giorgi Abuashvili,Morgan Bokele
746460,away,85',5100.0,Felix Mambimbi,Reda Khadra
746460,away,86',5116.0,Younes Namli,Abdoulaye Touré
746460,home,87',5186.0,Alpha Touré,Jessy Deminguet
746468,away,63',3761.0,Seko Fofana,Djaoui Cissé
746468,home,63',3776.0,Godson Kyeremeh,Felix Mambimbi
746468,home,63',3780.0,Fodé Doucouré,Younes Namli
746468,home,77',4596.0,Damián Pizarro,Simon Ebonog
746468,home,78',4630.0,Yassine Kechta,Loïc Négo
746468,home,90',5348.0,Enzo Koffi,Rassoul Ndiaye
746468,away,90',5357.0,Mousa Tamari,Estéban Lepaul
746467,away,63',3754.0,Herba Guirassy,Mayckel Lahdo
746467,home,78',4673.0,Daouda Guindo,Pathé Mboup
746467,home,78',4679.0,Hamidou Makalou,Junior Dina Ebimbe
746467,away,85',5042.0,Youssef El-Arabi,Mostafa Mohamed
746467,away,85',5055.0,Bahmed Deuff,Dehmaine Tabibou because of an injury
746467,away,87',5220.0,Nicolas Cozza,Hong Hyun-Seok because of an injury
746461,home,45',2700.0,Sam Amo-Ameyaw,Félix Lemaréchal
746461,home,45',2700.0,Abdoul Ouattara,Kendry Páez
746461,away,58',3425.0,Mason Greenwood,Igor Paixão
746461,away,58',3428.0,Emerson,Timothy Weah
746461,away,58',3436.0,Pierre-Emerick Aubameyang,Amine Gouiri
746461,home,62',3679.0,Joaquín Panichelli,Emanuel Emegha because of an injury
746461,home,84',5038.0,Andrew Omobamidele,Guéla Doué
746461,home,84',5040.0,Samir El Mourabet,Valentín Barco
746461,away,85',5050.0,Benjamin Pavard,Matt O'Riley
746461,away,85',5064.0,Robinio Vaz,Facundo Medina
746469,away,59',3492.0,Vitinha,Senny Mayulu
746469,away,59',3502.0,Nuno Mendes,Bradley Barcola
746469,away,59',3505.0,Achraf Hakimi,Ibrahim Mbaye
746469,home,66',3945.0,Félix Correia,Hákon Haraldsson
746469,home,66',3950.0,Osame Sahraoui,Nabil Bentaleb
746469,away,68',4070.0,Illia Zabarnyi,Lucas Hernández
746469,home,76',4521.0,Tiago Santos,Thomas Meunier
746469,home,76',4533.0,Hamza Igamane,Olivier Giroud
746469,home,81',4852.0,Ethan Mbappé,Matias Fernandez-Pardo
746470,away,45',2700.0,Dayann Methalie,Warren Kamanzi
746470,away,45',2700.0,Abu Francis,Mário Sauer
746470,away,71',4245.0,Emersonn,Frank Magri
746470,home,78',4642.0,Afonso Moreira,Adam Karabec
746470,away,78',4660.0,Alexis Vossah,Cristian Cásseres
746470,away,78',4666.0,Santiago Hidalgo,Djibril Sidibé
746470,home,90'+2',5400.0,Pavel Sulc,Tanner Tessmann
746471,home,21',1210.0,Maxime Colin,Jean-Philippe Gbamin because of an injury
746471,away,64',3785.0,Amine Gouiri,Robinio Vaz because of an injury
746471,away,64',3791.0,Leonardo Balerdi,Angel Gomes
746471,home,79',4692.0,Alpha Touré,Jessy Deminguet
746471,home,79',4699.0,Giorgi Tsitaishvili,Fodé Ballo-Touré
746471,home,79',4724.0,Brian Madjo,Habib Diallo
746471,away,79',4736.0,Amir Murillo,Timothy Weah
746471,away,80',4772.0,Bilal Nadir,Igor Paixão
746471,away,85',5060.0,Arthur Vermeeren,Matt O'Riley
746473,away,60',3568.0,Aiyegun Tosin,Pablo Pagis
746473,away,60',3580.0,Sambou Soumano,Mohamed Bamba
746473,home,68',4050.0,Samir Chergui,Hamari Traoré
746473,home,68',4051.0,Jonathan Ikoné,Jean-Philippe Krasso
746473,home,68',4060.0,Willem Geubbels,Adama Camara
746473,away,77',4566.0,Joel Mvuka,Jean-Victor Makengo
746473,away,77',4579.0,Darlin Yongwa,Arsène Kouassi
746473,away,79',4725.0,Bamba Dieng,Abdoulaye Faye
746473,home,85',5061.0,Nhoa Sangui,Moses Simon
746473,home,90'+2',5400.0,Julien Lopez,Ilan Kebbal
746478,away,38',2244.0,Étienne Youté,Mbwana Samatta
746478,away,65',3850.0,Simon Ebonog,Rassoul Ndiaye
746478,away,65',3851.0,Abdoulaye Touré,Fodé Doucouré
746478,home,65',3861.0,Amir Murillo,Emerson
746478,home,65',3885.0,Robinio Vaz,Angel Gomes
746478,home,65',3898.0,Bilal Nadir,Matt O'Riley
746478,home,71',4240.0,Timothy Weah,Igor Paixão
746478,home,79',4723.0,Darryl Bakola,Mason Greenwood
746478,away,84',4994.0,Younes Namli,Ayumu Seko
746478,away,84',4995.0,Godson Kyeremeh,Yassine Kechta
746475,home,62',3665.0,Aiyegun Tosin,Jean-Victor Makengo
746475,away,64',3796.0,Rémy Labeau Lascary,Junior Dina Ebimbe
746475,away,64',3802.0,Lucas Tousart,Kamory Doumbia
746475,home,72',4318.0,Bamba Dieng,Pablo Pagis
746475,home,73',4325.0,Sambou Soumano,Mohamed Bamba
746475,away,78',4667.0,Julien Le Cardinal,Kenny Lala because of an injury
746475,home,83',4947.0,Joel Mvuka,Théo Le Bris
746475,home,83',4958.0,Darlin Yongwa,Arsène Kouassi
746475,away,88',5258.0,Pathé Mboup,Romain Del Castillo
746472,away,38',2264.0,Kojo Peprah Oppong,Terem Moffi
746472,home,45',2700.0,Folarin Balogun,Mamadou Coulibaly
746472,away,56',3317.0,Tom Louchet,Moïse Bombito because of an injury
746472,home,69',4133.0,George Ilenikhena,Mika Biereth
746472,home,70',4142.0,Caio Henrique,Kassoum Ouattara
746472,home,70',4158.0,Stanis Idumbo,Takumi Minamino
746472,away,71',4253.0,Salis Abdul Samed,Hicham Boudaoui
746472,away,72',4262.0,Jérémie Boga,Mohamed-Ali Cho
746472,away,72',4296.0,Morgan Sanson,Sofiane Diop
746477,home,61',3603.0,Sidiki Cherif,Prosper Peter
746477,away,62',3684.0,Folarin Balogun,Mika Biereth
746477,away,70',4190.0,Stanis Idumbo,Kassoum Ouattara
746477,away,70',4192.0,Takumi Minamino,Ansu Fati
746477,home,71',4233.0,Jacques Ekomié,Amine Sbaï
746477,home,71',4245.0,Lilian Raolisoa,Himad Abdelli because of an injury
746477,home,79',4682.0,Djibirin Harouna,Louis Mouton
746477,home,79',4701.0,Lanroy Machine,Florent Hanin
746477,away,84',5024.0,George Ilenikhena,Maghnes Akliouche
746477,away,84',5025.0,Aladji Bamba,Jordan Teze
746474,away,63',3725.0,Sidiki Cherif,Justin Kalumba
746474,away,63',3744.0,Florent Hanin,Lilian Raolisoa
746474,away,71',4258.0,Ousmane Camara,Emmanuel Biumla
746474,away,72',4286.0,Louis Mouton,Himad Abdelli
746474,home,72',4308.0,Julio Enciso,Félix Lemaréchal
746474,home,73',4324.0,Sam Amo-Ameyaw,Martial Godo
746474,home,73',4345.0,Rafael Luís,Valentín Barco
746474,home,77',4612.0,Andrew Omobamidele,Lucas Høgsberg
746474,away,82',4875.0,Marius Courcoul,Haris Belkebla
746474,home,84',5031.0,Kendry Páez,Joaquín Panichelli
746482,away,68',4025.0,Elisha Owusu,Kévin Danois
746482,away,68',4041.0,Lasso Coulibaly,Ibrahim Osman
746482,away,68',4052.0,Sékou Mara,Josué Casimir
746482,away,77',4573.0,Assane Dioussé,Oussama El Azzouzi because of an injury
746482,home,77',4588.0,Mohamed Meïté,Breel Embolo
746482,home,77',4619.0,Mousa Tamari,Ludovic Blas
746480,home,66',3941.0,Juma Bah,Dante
746480,away,68',4035.0,Rachid Ghezzal,Adam Karabec
746480,away,68',4040.0,Nicolás Tagliafico,Abner Vinícius
746480,home,73',4342.0,Tom Louchet,Mohamed-Ali Cho
746480,home,73',4356.0,Tiago Gouveia,Jérémie Boga
746480,home,73',4367.0,Morgan Sanson,Sofiane Diop because of an injury
746480,away,77',4597.0,Afonso Moreira,Malick Fofana
746480,away,77',4608.0,Tanner Tessmann,Tyler Morton
746480,away,77',4610.0,Moussa Niakhaté,Clinton Mata
746484,home,28',1666.0,Sidiki Cherif,Prosper Peter because of an injury
746484,away,45',2700.0,Igor Silva,Bamo Meïté
746484,home,64',3832.0,Lilian Raolisoa,Amine Sbaï
746484,home,64',3834.0,Lanroy Machine,Louis Mouton
746484,away,65',3862.0,Dermane Karim,Jean-Victor Makengo
746484,away,65',3870.0,Sambou Soumano,Aiyegun Tosin
746484,away,65',3881.0,Mohamed Bamba,Pablo Pagis
746484,away,78',4636.0,Noah Cadiou,Laurent Abergel
746484,home,89',5316.0,Marius Courcoul,Yassin Belkhdim
746484,home,89',5320.0,Jacques Ekomié,Himad Abdelli
746486,away,67',3961.0,Ousmane Dembélé,Lee Kang-In
746486,away,67',3976.0,Marquinhos,Willian Pacho
746486,home,67',3997.0,Lucas Tousart,Junior Dina Ebimbe
746486,home,67',4011.0,Mama Baldé,Pathé Mboup
746486,away,70',4172.0,Désiré Doué,Khvicha Kvaratskhelia
746486,home,78',4679.0,Hamidou Makalou,Hugo Magnetti
746486,home,79',4701.0,Daouda Guindo,Bradley Locko
746486,away,79',4717.0,Gonçalo Ramos,Bradley Barcola
746486,away,79',4730.0,Quentin Ndjantou,Senny Mayulu
746486,home,90'+3',5400.0,Luck Zogbé,Romain Del Castillo
746479,home,63',3756.0,Youssef El-Arabi,Mostafa Mohamed
746479,home,63',3769.0,Yassine Benhattab,Herba Guirassy
746479,home,69',4094.0,Bahmed Deuff,Dehmaine Tabibou
746479,away,76',4534.0,Hamza Igamane,Olivier Giroud
746479,away,82',4876.0,Calvin Verdonk,Romain Perraud
746479,away,82',4914.0,Osame Sahraoui,Félix Correia
746479,home,83',4965.0,Uros Radakovic,Kwon Hyeok-Kyu
746479,away,90'+1',5400.0,André Gomes,Hákon Haraldsson
746479,away,90'+1',5400.0,Ethan Mbappé,Matias Fernandez-Pardo
746476,away,45',2700.0,Nhoa Sangui,Thibault De Smet
746476,home,59',3534.0,Wesley Saïd,Odsonne Édouard
746476,away,63',3758.0,Alimami Gory,Moses Simon
746476,away,63',3761.0,Willem Geubbels,Jean-Philippe Krasso
746476,away,72',4268.0,Jonathan Ikoné,Adama Camara
746476,home,72',4309.0,Abdallah Sima,Florian Thauvin
746476,home,73',4322.0,Saud Abdulhamid,Ruben Aguilar
746476,away,82',4916.0,Vincent Marchetti,Pierre Lees-Melou
746476,home,90'+4',5400.0,Florian Sotoca,Morgan Guilavogui because of an injury
746485,home,45',2700.0,Assane Dioussé,Elisha Owusu
746485,away,62',3704.0,Younes Namli,Mbwana Samatta
746485,home,68',4021.0,Rudy Matondo,Josué Casimir
746485,home,68',4030.0,Lasso Coulibaly,Sékou Mara
746485,away,78',4627.0,Simon Ebonog,Rassoul Ndiaye
746485,away,78',4637.0,Fodé Doucouré,Yassine Kechta
746485,home,82',4890.0,Ibrahim Osman,Marvin Senaya
746485,home,87',5203.0,Fredrik Oppegård,Gideon Mensah
746483,home,61',3614.0,Quentin Ndjantou,Désiré Doué
746483,home,61',3618.0,Khvicha Kvaratskhelia,Bradley Barcola
746483,home,61',3624.0,Willian Pacho,Beraldo
746483,away,65',3856.0,Andrew Omobamidele,Samir El Mourabet
746483,away,65',3860.0,Félix Lemaréchal,Julio Enciso
746483,away,73',4341.0,Martial Godo,Diego Moreira
746483,home,89',5337.0,Nuno Mendes,Senny Mayulu
746483,away,90'+1',5400.0,Rafael Luís,Ismaël Doukouré because of an injury
746488,away,52',3076.0,Pierre-Emerick Aubameyang,Robinio Vaz
746488,away,52',3084.0,Leonardo Balerdi,Timothy Weah because of an injury
746488,away,61',3611.0,Bilal Nadir,Benjamin Pavard
746488,home,69',4104.0,Morgan Guilavogui,Wesley Saïd
746488,away,74',4382.0,Pierre-Emile Højbjerg,Matt O'Riley
746488,away,74',4401.0,Angel Gomes,Amir Murillo
746488,home,81',4840.0,Rayan Fofana,Odsonne Édouard
746488,home,81',4844.0,Abdallah Sima,Florian Thauvin
746488,home,85',5059.0,Saud Abdulhamid,Ruben Aguilar because of an injury
746487,home,45',2700.0,Przemyslaw Frankowski,Alidu Seidu
746487,home,45',2700.0,Mousa Tamari,Estéban Lepaul
746487,away,45',2700.0,Tom Louchet,Jonathan Clauss
746487,home,58',3437.0,Djaoui Cissé,Mahdi Camara
746487,home,58',3448.0,Abdelhamid Aït Boudlal,Seko Fofana
746487,away,61',3605.0,Bernard Nguene,Kevin Carlos
746487,home,62',3718.0,Mohamed Meïté,Quentin Merlin
746487,away,71',4255.0,Juma Bah,Ali Abdi
746487,away,77',4595.0,Tiago Gouveia,Salis Abdul Samed
746487,away,77',4597.0,Morgan Sanson,Sofiane Diop
746481,away,45',2700.0,Terry Yegbe,Giorgi Abuashvili
746481,home,64',3782.0,Mário Sauer,Djibril Sidibé
746481,home,64',3791.0,Mark McKenzie,Frank Magri
746481,away,71',4212.0,Jessy Deminguet,Boubacar Traoré
746481,away,71',4222.0,Giorgi Tsitaishvili,Fodé Ballo-Touré
746481,home,76',4541.0,Santiago Hidalgo,Emersonn
746481,home,76',4549.0,Warren Kamanzi,Dayann Méthalie
746481,home,83',4970.0,Julián Vignolo,Yann Gboho
746481,away,83',4973.0,Ibou Sané,Gauthier Hein
746481,away,84',5017.0,Joel Asoro,Habib Diallo
746490,home,45',2700.0,Jordan Teze,Mamadou Coulibaly
746490,home,60',3566.0,George Ilenikhena,Folarin Balogun
746490,home,60',3572.0,Maghnes Akliouche,Ansu Fati
746490,away,66',3951.0,Alexis Vossah,Abu Francis
746490,away,73',4326.0,Djibril Sidibé,Rasmus Nicolaisen
746490,away,73',4350.0,Santiago Hidalgo,Frank Magri
746490,home,76',4554.0,Pape Cabral,Aleksandr Golovin
746490,away,84',4995.0,Mário Sauer,Cristian Cásseres
746490,away,84',5009.0,Warren Kamanzi,Dayann Méthalie
746491,home,45',2700.0,Otávio,Hamari Traoré
746491,home,61',3653.0,Jonathan Ikoné,Vincent Marchetti
746491,away,69',4130.0,Bahmed Deuff,Kwon Hyeok-Kyu
746491,away,70',4147.0,Mostafa Mohamed,Youssef El-Arabi
746491,home,73',4354.0,Willem Geubbels,Jean-Philippe Krasso
746491,away,76',4559.0,Nicolas Cozza,Dehmaine Tabibou
746491,home,85',5085.0,Alimami Gory,Ilan Kebbal
746491,home,85',5092.0,Nouha Dicko,Moses Simon
746491,away,90',5360.0,Fabien Centonze,Herba Guirassy
746492,home,45',2700.0,Ngal'ayel Mukau,Ayyoub Bouaddi
746492,away,61',3605.0,Morgan Bokele,Giorgi Abuashvili
746492,away,61',3621.0,Cleo Mélières,Koffi Kouao
746492,away,61',3634.0,Gauthier Hein,Alpha Touré
746492,home,68',4039.0,Nathan Ngoy,Aïssa Mandi
746492,home,68',4049.0,Nabil Bentaleb,Matias Fernandez-Pardo
746492,home,68',4056.0,Osame Sahraoui,Hamza Igamane
746492,away,77',4615.0,Jonathan Fischer,Pape Sy because of an injury
746492,home,83',4950.0,Marius Broholm,Félix Correia
746492,home,90',5370.0,Soriba Diaoune,Benjamin André
746492,away,90',5391.0,Ismaël Guerti,Jessy Deminguet
746492,away,90',5399.0,Ibou Sané,Cheikh Sabaly
746495,home,45',2700.0,Robinio Vaz,Amir Murillo
746495,home,45',2700.0,Matt O'Riley,Arthur Vermeeren
746495,home,45',2700.0,Benjamin Pavard,Angel Gomes
746495,away,59',3496.0,Lanroy Machine,Sidiki Cherif
746495,away,59',3508.0,Amine Sbaï,Lilian Raolisoa
746495,away,69',4090.0,Djibirin Harouna,Yassin Belkhdim
746495,home,76',4508.0,Bilal Nadir,Igor Paixão
746495,away,80',4798.0,Marius Courcoul,Carlens Arcus
746495,away,81',4807.0,Abdoulaye Bamba,Louis Mouton because of an injury
746495,home,89',5318.0,Pol Lirola,Bilal Nadir because of an injury
746489,home,68',4062.0,Afonso Moreira,Malick Fofana because of an injury
746489,away,77',4562.0,Andrew Omobamidele,Samir El Mourabet
746489,away,77',4575.0,Félix Lemaréchal,Julio Enciso
746489,home,77',4576.0,Rachid Ghezzal,Adam Karabec
746489,home,77',4578.0,Martín Satriano,Pavel Sulc
746489,away,90'+1',5400.0,Martial Godo,Diego Moreira
746489,away,90'+3',5400.0,Kendry Páez,Lucas Høgsberg
746489,home,90'+7',5400.0,Mathys de Carvalho,Tanner Tessmann
746493,away,57',3390.0,Mama Baldé,Junior Dina Ebimbe
746493,home,65',3867.0,Yanis Zouaoui,Thomas Delaine
746493,home,65',3874.0,Loïc Négo,Stephan Zagadou
746493,home,72',4289.0,Rassoul Ndiaye,Fodé Doucouré
746493,home,72',4307.0,Yassine Kechta,Simon Ebonog
746493,away,74',4400.0,Bradley Locko,Daouda Guindo
746493,away,74',4413.0,Pathé Mboup,Lucas Tousart
746493,home,83',4925.0,Étienne Youté,Arouna Sangante because of an injury
746498,home,68',4037.0,Hicham Boudaoui,Sofiane Diop
746498,home,68',4063.0,Tom Louchet,Jérémie Boga
746498,home,69',4105.0,Isak Jansson,Salis Abdul Samed
746498,away,69',4119.0,Nabil Bentaleb,Ayyoub Bouaddi
746498,away,69',4140.0,Osame Sahraoui,Félix Correia
746498,away,70',4144.0,Marius Broholm,Hamza Igamane
746498,away,81',4815.0,Olivier Giroud,Benjamin André
746498,away,85',5065.0,Ngal'ayel Mukau,Hákon Haraldsson
746498,home,85',5067.0,Morgan Sanson,Charles Vanhoutte
746499,home,23',1359.0,Moses Simon,Jonathan Ikoné because of an injury
746499,away,68',4059.0,Nicolás Tagliafico,Adam Karabec
746499,away,68',4061.0,Tanner Tessmann,Corentin Tolisso
746499,home,71',4209.0,Tuomas Ollila,Adama Camara
746499,home,71',4215.0,Jean-Philippe Krasso,Willem Geubbels
746499,away,74',4386.0,Hans Hateboer,Afonso Moreira
746499,home,82',4914.0,Vincent Marchetti,Pierre Lees-Melou
746499,away,85',5049.0,Martín Satriano,Pavel Sulc
746502,home,43',2527.0,Ibrahim Osman,Lasso Coulibaly because of an injury
746502,away,63',3762.0,Igor Paixão,Robinio Vaz
746502,away,63',3778.0,Arthur Vermeeren,Angel Gomes
746502,home,69',4120.0,Sékou Mara,Gideon Mensah
746502,home,69',4128.0,Fredrik Oppegård,Josué Casimir
746502,away,78',4641.0,Pol Lirola,Pierre-Emerick Aubameyang
746502,home,83',4980.0,Lamine Sy,Marvin Senaya because of an injury
746502,home,84',4998.0,Rudy Matondo,Elisha Owusu
746500,away,14',815.0,Francisco Sierralta,Oussama El Azzouzi because of an injury
746500,home,45',2700.0,Sam Amo-Ameyaw,Abdoul Ouattara
746500,home,45',2700.0,Samir El Mourabet,Rafael Luís
746500,home,62',3666.0,Ben Chilwell,Diego Moreira
746500,home,62',3710.0,Mathis Amougou,Valentín Barco
746500,home,66',3937.0,Kendry Páez,Joaquín Panichelli
746500,away,69',4089.0,Rudy Matondo,Elisha Owusu
746500,away,69',4100.0,Kévin Danois,Assane Dioussé
746500,away,69',4114.0,Lasso Coulibaly,Sinaly Diomandé
746500,away,83',4926.0,Ryan Rodin,Lassine Sinayoko
746497,home,63',3760.0,Bahmed Deuff,Dehmaine Tabibou
746497,home,64',3786.0,Nicolas Cozza,Kwon Hyeok-Kyu
746497,away,69',4128.0,Pape Cabral,Christian Mawissa because of an injury
746497,away,69',4130.0,Aleksandr Golovin,Takumi Minamino
746497,home,71',4240.0,Mostafa Mohamed,Youssef El-Arabi
746497,home,71',4251.0,Amady Camara,Herba Guirassy
746497,away,73',4357.0,Mika Biereth,Folarin Balogun
746497,home,76',4520.0,Fabien Centonze,Chidozie Awaziem
746497,away,81',4854.0,Ansu Fati,Maghnes Akliouche
746494,away,45',2700.0,Vitinha,Ibrahim Mbaye
746494,away,45',2700.0,João Neves,Quentin Ndjantou
746494,away,61',3660.0,Khvicha Kvaratskhelia,Ousmane Dembélé
746494,away,63',3766.0,Bradley Barcola,Désiré Doué because of an injury
746494,home,68',4066.0,Jean-Victor Makengo,Pablo Pagis
746494,home,69',4084.0,Aiyegun Tosin,Mohamed Bamba
746494,home,69',4097.0,Arthur Avom,Dermane Karim
746494,away,77',4562.0,Gonçalo Ramos,Warren Zaïre-Emery
746494,home,77',4564.0,Théo Le Bris,Joel Mvuka
746494,home,90'+2',5400.0,Sambou Soumano,Noah Cadiou
746504,home,59',3487.0,Andrija Bulatovic,Mamadou Sangaré
746504,away,65',3863.0,Pablo Pagis,Mohamed Bamba
746504,away,65',3869.0,Noah Cadiou,Arthur Avom
746504,home,71',4238.0,Rayan Fofana,Odsonne Édouard
746504,home,71',4246.0,Morgan Guilavogui,Florian Thauvin
746504,away,75',4457.0,Sambou Soumano,Aiyegun Tosin
746504,away,75',4469.0,Joel Mvuka,Théo Le Bris
746504,home,82',4863.0,Saud Abdulhamid,Ruben Aguilar
746504,home,82',4868.0,Florian Sotoca,Wesley Saïd
746504,away,82',4892.0,Jean-Victor Makengo,Dermane Karim
746496,away,45',2700.0,Morgan Guilavogui,Abdallah Sima
746496,away,45',2700.0,Wesley Saïd,Odsonne Édouard
746496,away,63',3731.0,Ruben Aguilar,Deiver Machado
746496,home,81',4848.0,Giorgi Abuashvili,Giorgi Tsitaishvili
746496,home,81',4851.0,Ismaël Guerti,Jessy Deminguet
746496,home,81',4857.0,Ibou Sané,Cheikh Sabaly
746496,away,88',5260.0,Rayan Fofana,Florian Thauvin
746496,away,88',5264.0,Andrija Bulatovic,Jonathan Gradit
746503,away,15',863.0,Ainsley Maitland-Niles,Tanner Tessmann
746503,home,71',4258.0,Hugo Magnetti,Lucas Tousart
746503,home,72',4267.0,Rémy Labeau Lascary,Mama Baldé
746503,away,76',4555.0,Rachid Ghezzal,Martín Satriano
746503,home,82',4863.0,Junior Dina Ebimbe,Pathé Mboup
746503,away,84',5039.0,Mathys de Carvalho,Corentin Tolisso
746509,away,52',3069.0,Sebastian Nanasi,Sam Amo-Ameyaw
746509,away,52',3077.0,Mathis Amougou,Samir El Mourabet
746509,home,59',3525.0,Quentin Merlin,Mousa Tamari
746509,away,61',3637.0,Rabby Nzingoula,Abdoul Ouattara
746509,home,68',4050.0,Breel Embolo,Mohamed Meïté
746509,home,68',4063.0,Ludovic Blas,Djaoui Cissé
746509,away,83',4973.0,Kendry Páez,Julio Enciso
746509,away,83',4976.0,Martial Godo,Diego Moreira
746509,home,90'+3',5400.0,Lucas Rosier,Estéban Lepaul
746501,home,61',3621.0,Emersonn,Djibril Sidibé
746501,home,61',3634.0,Mário Sauer,Abu Francis
746501,away,69',4090.0,Breel Embolo,Mohamed Meïté
746501,away,71',4231.0,Glen Kamara,Djaoui Cissé
746501,away,79',4720.0,Alidu Seidu,Przemyslaw Frankowski
746501,away,80',4748.0,Mahamadou Nagida,Estéban Lepaul
746501,home,80',4756.0,Noah Edjouma,Frank Magri
746501,home,80',4766.0,Alexis Vossah,Cristian Cásseres
746507,home,67',3983.0,Yassine Benhattab,Herba Guirassy
746507,away,78',4649.0,Boubacar Traoré,Jessy Deminguet
746507,away,78',4675.0,Giorgi Abuashvili,Ibou Sané
746507,away,79',4685.0,Morgan Bokele,Giorgi Tsitaishvili
746507,home,79',4695.0,Bahmed Deuff,Dehmaine Tabibou
746507,home,79',4709.0,Mostafa Mohamed,Youssef El-Arabi
746507,home,89',5283.0,Uros Radakovic,Nicolas Cozza
746507,home,89',5298.0,Patrik Carlgren,Anthony Lopes because of an injury
746507,away,90'+2',5400.0,Joel Asoro,Habib Diallo
746507,away,90'+2',5400.0,Benjamin Stambouli,Alpha Touré
746506,home,45',2700.0,Stanis Idumbo,Kassoum Ouattara
746506,home,45',2700.0,Folarin Balogun,Mika Biereth
746506,home,61',3640.0,Ansu Fati,Maghnes Akliouche
746506,home,61',3650.0,Takumi Minamino,Aleksandr Golovin
746506,away,75',4491.0,Willem Geubbels,Jean-Philippe Krasso
746506,home,82',4875.0,George Ilenikhena,Mamadou Coulibaly
746506,away,90',5387.0,Nouha Dicko,Moses Simon
746506,away,90'+1',5400.0,Timothée Kolodziejczak,Tuomas Ollila
746506,away,90'+6',5400.0,Lohann Doucet,Adama Camara because of an injury
746505,away,61',3630.0,Yassin Belkhdim,Lilian Raolisoa
746505,away,61',3636.0,Djibirin Harouna,Amine Sbaï
746505,home,71',4255.0,Hamza Igamane,Olivier Giroud
746505,away,72',4268.0,Prosper Peter,Sidiki Cherif
746505,home,78',4666.0,Osame Sahraoui,Matias Fernandez-Pardo
746505,home,79',4684.0,Nabil Bentaleb,Hákon Haraldsson
746505,away,83',4937.0,Marius Courcoul,Louis Mouton
746505,away,83',4963.0,Lanroy Machine,Haris Belkebla
746505,home,85',5060.0,Ngal'ayel Mukau,Félix Correia
746508,away,45',2700.0,Sofiane Diop,Isak Jansson
746508,home,65',3891.0,Fabián Ruiz,João Neves
746508,home,66',3907.0,Lee Kang-In,Bradley Barcola
746508,away,71',4246.0,Charles Vanhoutte,Morgan Sanson
746508,away,72',4282.0,Jérémie Boga,Sofiane Diop because of an injury
746508,home,72',4306.0,Ousmane Dembélé,Warren Zaïre-Emery
746508,home,72',4313.0,Gonçalo Ramos,Senny Mayulu
746508,away,84',5024.0,Salis Abdul Samed,Tom Louchet
746510,home,60',3593.0,Alexis Vossah,Mário Sauer
746510,away,66',3904.0,Reda Khadra,Felix Mambimbi
746510,away,66',3921.0,Simon Ebonog,Yassine Kechta
746510,away,77',4561.0,Thomas Delaine,Yanis Zouaoui
746510,home,79',4704.0,Noah Edjouma,Frank Magri
746510,home,79',4718.0,Warren Kamanzi,Dayann Méthalie
746516,away,45',2700.0,Melvin Bard,Ali Abdi
746516,away,71',4251.0,Jérémie Boga,Kevin Carlos
746516,home,77',4590.0,Boubacar Traoré,Jessy Deminguet
746516,home,77',4594.0,Ibou Sané,Cheikh Sabaly
746516,away,79',4711.0,Terem Moffi,Mohamed-Ali Cho
746516,away,79',4718.0,Morgan Sanson,Sofiane Diop
746516,away,86',5150.0,Tiago Gouveia,Antoine Mendy
746516,home,88',5252.0,Joel Asoro,Habib Diallo because of an injury
746516,home,90'+3',5400.0,Cleo Mélières,Gauthier Hein
746516,home,90'+4',5400.0,Benjamin Stambouli,Alpha Touré
746512,away,59',3488.0,Bahmed Deuff,Dehmaine Tabibou because of an injury
746512,home,63',3728.0,Fodé Doucouré,Felix Mambimbi
746512,home,63',3736.0,Reda Khadra,Yassine Kechta
746512,away,71',4223.0,Mostafa Mohamed,Youssef El-Arabi
746512,away,71',4224.0,Yassine Benhattab,Herba Guirassy
746512,home,79',4696.0,Godson Kyeremeh,Loïc Négo
746512,home,79',4714.0,Younes Namli,Rassoul Ndiaye
746512,away,85',5077.0,Fabien Centonze,Matthis Abline
746513,away,64',3812.0,Hamza Igamane,Matias Fernandez-Pardo
746513,home,76',4501.0,Samir El Mourabet,Julio Enciso
746513,home,76',4511.0,Rabby Nzingoula,Emanuel Emegha
746513,away,76',4528.0,Marius Broholm,Olivier Giroud
746513,away,76',4535.0,Osame Sahraoui,Félix Correia
746513,away,85',5087.0,Ngal'ayel Mukau,Ayyoub Bouaddi
746513,away,85',5098.0,Calvin Verdonk,Romain Perraud
746513,home,89',5290.0,Martial Godo,Abdoul Ouattara
746513,home,89',5307.0,Andrew Omobamidele,Diego Moreira because of an injury
746513,home,90'+8',5400.0,Mathis Amougou,Joaquín Panichelli
746514,home,64',3787.0,Adam Karabec,Rachid Ghezzal
746514,away,67',3990.0,Quentin Ndjantou,Senny Mayulu
746514,away,74',4400.0,Ibrahim Mbaye,Fabián Ruiz
746514,away,74',4406.0,Gonçalo Ramos,Khvicha Kvaratskhelia
746514,away,74',4410.0,Marquinhos,Lucas Hernández
746514,home,78',4644.0,Corentin Tolisso,Khalis Merah
746519,away,33',1953.0,Daouda Guindo,Bradley Locko because of an injury
746519,away,45',2700.0,Rémy Labeau Lascary,Mama Baldé
746519,away,45',2700.0,Lucas Tousart,Pathé Mboup
746519,home,70',4183.0,Matt O'Riley,Angel Gomes
746519,away,74',4414.0,Hamidou Makalou,Hugo Magnetti
746519,home,79',4695.0,Robinio Vaz,Mason Greenwood
746519,home,79',4697.0,CJ Egan-Riley,Nayef Aguerd
746519,away,82',4908.0,Junior Dina Ebimbe,Joris Chotard
746519,home,86',5133.0,Tadjidine Mmadi,Pierre-Emerick Aubameyang
746519,home,86',5138.0,Darryl Bakola,Pierre-Emile Højbjerg
746515,home,60',3571.0,Noah Cadiou,Laurent Abergel because of an injury
746515,away,66',3930.0,Alexis Vossah,Abu Francis
746515,home,69',4094.0,Jean-Victor Makengo,Pablo Pagis
746515,home,69',4106.0,Sambou Soumano,Aiyegun Tosin
746515,away,80',4755.0,Rafik Messali,Mark McKenzie because of an injury
746515,home,80',4755.0,Théo Le Bris,Joel Mvuka
746515,away,80',4758.0,Santiago Hidalgo,Emersonn
746515,home,80',4760.0,Mohamed Bamba,Dermane Karim
746515,away,90',5353.0,Mário Sauer,Yann Gboho
746511,away,45',2700.0,Josué Casimir,Ibrahim Osman
746511,home,64',3785.0,Lilian Raolisoa,Yassin Belkhdim
746511,away,72',4300.0,Sékou Mara,Rudy Matondo
746511,home,75',4468.0,Florent Hanin,Jacques Ekomié
746511,home,75',4498.0,Marius Courcoul,Louis Mouton
746511,away,77',4610.0,Gideon Mensah,Lassine Sinayoko
746511,home,82',4874.0,Prosper Peter,Amine Sbaï
746511,home,82',4896.0,Djibirin Harouna,Sidiki Cherif
746511,away,83',4958.0,Assane Dioussé,Elisha Owusu
746511,away,83',4975.0,Lamine Sy,Marvin Senaya
746522,home,55',3284.0,Bradley Barcola,Lee Kang-In
746522,away,58',3471.0,Reda Khadra,Abdoulaye Touré because of an injury
746522,home,64',3810.0,Lucas Hernández,Beraldo
746522,home,64',3821.0,Quentin Ndjantou,Gonçalo Ramos
746522,home,71',4237.0,Fabián Ruiz,Vitinha
746522,home,71',4245.0,Khvicha Kvaratskhelia,Senny Mayulu
746522,away,75',4453.0,Fodé Doucouré,Yassine Kechta
746522,away,84',4998.0,Felix Mambimbi,Rassoul Ndiaye because of an injury
746522,away,84',5006.0,Younes Namli,Loïc Négo
746520,away,59',3481.0,Pablo Pagis,Dermane Karim
746520,away,59',3493.0,Jean-Victor Makengo,Aiyegun Tosin
746520,home,59',3508.0,Mostafa Mohamed,Youssef El-Arabi
746520,home,59',3515.0,Johann Lepenant,Kwon Hyeok-Kyu
746520,home,61',3657.0,Herba Guirassy,Mayckel Lahdo because of an injury
746520,away,71',4242.0,Mohamed Bamba,Sambou Soumano
746520,home,81',4836.0,Amady Camara,Dehmaine Tabibou
746520,away,90'+2',5400.0,Nathaniel Adjei,Bamo Meïté
746518,away,66',3907.0,Breel Embolo,Mohamed Meïté
746518,away,66',3920.0,Ludovic Blas,Djaoui Cissé
746518,home,73',4359.0,Willem Geubbels,Jean-Philippe Krasso
746518,home,80',4768.0,Mathieu Cafaro,Moses Simon
746518,away,83',4944.0,Seko Fofana,Estéban Lepaul
746518,home,87',5164.0,Nouha Dicko,Pierre Lees-Melou
746518,home,87',5166.0,Vincent Marchetti,Adama Camara
746518,home,87',5170.0,Tuomas Ollila,Thibault De Smet
746518,away,90'+1',5400.0,Przemyslaw Frankowski,Mousa Tamari
746517,home,45',2700.0,Lucas Michal,Aleksandr Golovin
746517,home,61',3645.0,George Ilenikhena,Mika Biereth
746517,home,61',3650.0,Pape Cabral,Jordan Teze
746517,away,63',3751.0,Andrija Bulatovic,Mamadou Sangaré because of an injury
746517,away,72',4263.0,Rayan Fofana,Odsonne Édouard
746517,away,72',4277.0,Morgan Guilavogui,Wesley Saïd
746517,home,73',4360.0,Ansu Fati,Maghnes Akliouche
746517,home,79',4733.0,Denis Zakaria,Mamadou Coulibaly
746517,away,84',5013.0,Florian Sotoca,Adrien Thomasson
746517,away,84',5028.0,Anthony Bermont,Ruben Aguilar
746525,away,60',3543.0,Jean-Philippe Krasso,Willem Geubbels
746525,away,60',3557.0,Timothée Kolodziejczak,Samir Chergui
746525,away,60',3574.0,Moses Simon,Mathieu Cafaro
746525,home,61',3614.0,Hákon Haraldsson,Hamza Igamane
746525,home,73',4326.0,Marius Broholm,Osame Sahraoui because of an injury
746525,home,73',4341.0,Ngal'ayel Mukau,Nabil Bentaleb
746525,away,74',4405.0,Alimami Gory,Pierre Lees-Melou because of an injury
746525,away,83',4965.0,Lohann Doucet,Vincent Marchetti
746525,home,86',5155.0,Ethan Mbappé,Olivier Giroud
746525,home,86',5158.0,Nathan Ngoy,Aïssa Mandi
746530,home,19',1130.0,Joel Asoro,Cheikh Sabaly because of an injury
746530,away,62',3682.0,Quentin Merlin,Przemyslaw Frankowski
746530,away,62',3694.0,Anthony Rouault,Djaoui Cissé
746530,away,62',3715.0,Ludovic Blas,Lilian Brassier
746530,home,75',4486.0,Alpha Touré,Jessy Deminguet
746530,home,76',4510.0,Morgan Bokele,Ibou Sané
746530,home,76',4539.0,Malick Mbaye,Fodé Ballo-Touré
746530,away,76',4547.0,Mohamed Meïté,Estéban Lepaul
746530,home,88',5248.0,Giorgi Abuashvili,Boubacar Traoré
746521,home,67',4012.0,Morgan Sanson,Salis Abdul Samed
746521,home,68',4021.0,Jérémie Boga,Terem Moffi
746521,home,68',4028.0,Ali Abdi,Kojo Peprah Oppong
746521,away,70',4172.0,Bilal Nadir,Geoffrey Kondogbia
746521,away,70',4176.0,Matt O'Riley,Angel Gomes
746521,away,77',4586.0,Robinio Vaz,Pierre-Emerick Aubameyang
746521,home,77',4603.0,Bernard Nguene,Mohamed-Ali Cho
746521,home,77',4603.0,Isak Jansson,Sofiane Diop because of an injury
746521,away,77',4608.0,CJ Egan-Riley,Leonardo Balerdi
746521,away,89',5303.0,Neal Maupay,Igor Paixão
746531,home,58',3461.0,Lilian Raolisoa,Himad Abdelli
746531,home,64',3832.0,Prosper Peter,Louis Mouton
746531,home,65',3852.0,Djibirin Harouna,Carlens Arcus
746531,away,70',4157.0,Florian Sotoca,Wesley Saïd
746531,home,71',4216.0,Florent Hanin,Jacques Ekomié
746531,home,71',4230.0,Marius Courcoul,Yassin Belkhdim
746531,away,78',4652.0,Saud Abdulhamid,Ruben Aguilar
746531,away,78',4656.0,Abdallah Sima,Odsonne Édouard
746531,away,90',5341.0,Deiver Machado,Matthieu Udol
746529,home,45',2700.0,Robinio Vaz,Angel Gomes
746529,away,76',4511.0,Rafik Messali,Alexis Vossah
746529,home,76',4553.0,Leonardo Balerdi,Nayef Aguerd
746529,home,77',4583.0,Geoffrey Kondogbia,Bilal Nadir
746529,away,78',4632.0,Warren Kamanzi,Dayann Méthalie
746529,away,85',5055.0,Julián Vignolo,Djibril Sidibé
746529,away,85',5056.0,Noah Edjouma,Emersonn
746529,away,89',5322.0,Santiago Hidalgo,Frank Magri
746529,home,90',5355.0,CJ Egan-Riley,Emerson
746529,home,90',5382.0,Matt O'Riley,Igor Paixão
746534,away,39',2308.0,Chancel Mbemba,Aïssa Mandi because of an injury
746534,away,57',3381.0,Hamza Igamane,Olivier Giroud because of an injury
746534,away,57',3385.0,Ethan Mbappé,Félix Correia
746534,home,64',3823.0,Mbwana Samatta,Simon Ebonog
746534,home,64',3834.0,Yassine Kechta,Fodé Doucouré
746534,away,72',4319.0,Hákon Haraldsson,Osame Sahraoui
746534,away,73',4332.0,Nabil Bentaleb,Ngal'ayel Mukau
746534,home,80',4778.0,Felix Mambimbi,Rassoul Ndiaye
746534,home,80',4786.0,Reda Khadra,Godson Kyeremeh
746534,home,90'+1',5400.0,Enzo Koffi,Yanis Zouaoui
746523,home,67',3975.0,Rémy Labeau Lascary,Kamory Doumbia
746523,away,68',4023.0,Fodé Ballo-Touré,Koffi Kouao
746523,away,68',4043.0,Boubacar Traoré,Jessy Deminguet
746523,away,68',4062.0,Morgan Bokele,Giorgi Tsitaishvili
746523,home,78',4656.0,Lucas Tousart,Hugo Magnetti
746523,home,78',4659.0,Mama Baldé,Pathé Mboup
746523,away,78',4679.0,Ibou Sané,Joel Asoro
746527,away,61',3617.0,Takumi Minamino,Ansu Fati
746527,away,61',3622.0,Mika Biereth,George Ilenikhena
746527,away,70',4181.0,Vanderson,Krépin Diatta
746527,away,70',4191.0,Lamine Camara,Maghnes Akliouche
746527,home,74',4439.0,Quentin Merlin,Djaoui Cissé
746527,home,75',4454.0,Ludovic Blas,Estéban Lepaul
746527,away,85',5052.0,Paul Pogba,Mamadou Coulibaly
746527,home,85',5055.0,Glen Kamara,Mousa Tamari
746527,home,90'+1',5400.0,Lucas Rosier,Breel Embolo
746527,home,90'+1',5400.0,Alidu Seidu,Przemyslaw Frankowski
746524,home,66',3945.0,Rafik Messali,Frank Magri
746524,away,68',4035.0,Prosper Peter,Sidiki Cherif
746524,home,72',4285.0,Noah Edjouma,Dayann Méthalie
746524,home,72',4292.0,Djibril Sidibé,Alexis Vossah
746524,away,81',4816.0,Djibirin Harouna,Louis Mouton
746524,home,82',4907.0,Julián Vignolo,Mark McKenzie
746524,away,90'+1',5400.0,Marius Courcoul,Amine Sbaï
746524,away,90'+1',5400.0,Florent Hanin,Himad Abdelli
746526,away,45',2700.0,Pavel Sulc,Khalis Merah
746526,away,63',3754.0,Mathys de Carvalho,Clinton Mata because of an injury
746526,home,72',4294.0,Josué Casimir,Sékou Mara
746526,home,84',5033.0,Fredrik Oppegård,Gideon Mensah
746526,away,85',5042.0,Adil Hamdani,Adam Karabec
746526,home,89',5293.0,Assane Dioussé,Oussama El Azzouzi
746526,home,89',5298.0,Ibrahim Osman,Lassine Sinayoko
746533,away,59',3492.0,Kevin Carlos,Sofiane Diop
746533,away,60',3578.0,Isak Jansson,Tiago Gouveia
746533,away,61',3609.0,Ali Abdi,Kojo Peprah Oppong because of an injury
746533,home,63',3778.0,Dermane Karim,Jean-Victor Makengo
746533,home,64',3790.0,Noah Cadiou,Pablo Pagis
746533,away,68',4040.0,Morgan Sanson,Salis Abdul Samed
746533,away,76',4529.0,Jérémie Boga,Mohamed-Ali Cho
746533,home,79',4721.0,Bamba Dieng,Sambou Soumano
746533,home,79',4737.0,Joel Mvuka,Théo Le Bris
746533,home,85',5044.0,Nathaniel Adjei,Bamo Meïté because of an injury
746528,away,45',2700.0,Andrew Omobamidele,Lucas Høgsberg
746528,away,61',3633.0,Julio Enciso,Félix Lemaréchal
746528,away,61',3635.0,Mathis Amougou,Samir El Mourabet
746528,home,75',4449.0,Morgan Guilavogui,Wesley Saïd
746528,home,75',4474.0,Abdallah Sima,Florian Thauvin
746528,away,85',5090.0,Rabby Nzingoula,Diego Moreira
746528,home,85',5091.0,Florian Sotoca,Odsonne Édouard
746528,away,90'+1',5400.0,Sam Amo-Ameyaw,Guéla Doué
746532,home,61',3608.0,Lohann Doucet,Alimami Gory
746532,home,70',4182.0,Mathieu Cafaro,Moses Simon
746532,away,71',4256.0,Ibrahim Osman,Sékou Mara
746532,home,79',4716.0,Willem Geubbels,Jean-Philippe Krasso
746532,home,79',4719.0,Jonathan Ikoné,Adama Camara
746532,home,79',4736.0,Tuomas Ollila,Thibault De Smet
746532,away,85',5081.0,Josué Casimir,Lassine Sinayoko
746532,away,85',5087.0,Assane Dioussé,Oussama El Azzouzi
746537,away,45',2700.0,Julien Le Cardinal,Brendan Chardonnet
746537,home,57',3380.0,Martial Godo,Sam Amo-Ameyaw
746537,home,57',3406.0,Diego Moreira,Kendry Páez
746537,away,65',3875.0,Rémy Labeau Lascary,Pathé Mboup
746537,home,69',4130.0,Emmanuel Emegha,Ben Chilwell
746537,away,76',4507.0,Mama Baldé,Romain Del Castillo
746537,away,76',4514.0,Lucas Tousart,Kamory Doumbia
746537,home,84',5039.0,Sebastian Nanasi,Martial Godo
746535,away,64',3802.0,Ousmane Dembélé,Lee Kang-In
746535,away,64',3815.0,Quentin Ndjantou,Senny Mayulu
746535,home,65',3855.0,Krépin Diatta,Vanderson
746535,home,72',4305.0,Ansu Fati,Aleksandr Golovin
746535,away,76',4528.0,Ibrahim Mbaye,Khvicha Kvaratskhelia
746535,away,83',4936.0,Gonçalo Ramos,Fabián Ruiz
746535,home,85',5097.0,Mika Biereth,Folarin Balogun because of an injury
746535,home,86',5123.0,Paul Pogba,Takumi Minamino
746542,away,45',2700.0,Hans Hateboer,Mathys de Carvalho
746542,away,70',4190.0,Afonso Moreira,Nicolás Tagliafico
746542,home,71',4233.0,Bamba Dieng,Sambou Soumano
746542,home,71',4250.0,Dermane Karim,Pablo Pagis
746542,home,78',4647.0,Noah Cadiou,Jean-Victor Makengo
746542,home,90'+1',5400.0,Joel Mvuka,Théo Le Bris
746542,home,90'+1',5400.0,Aiyegun Tosin,Laurent Abergel
746536,away,58',3476.0,Herba Guirassy,Mayckel Lahdo
746536,away,59',3488.0,Bahmed Deuff,Youssef El-Arabi
746536,home,72',4265.0,Ainsley Maitland-Niles,Hans Hateboer
746536,home,72',4288.0,Afonso Moreira,Mathys de Carvalho
746536,away,78',4655.0,Uros Radakovic,Kwon Hyeok-Kyu
746536,home,85',5066.0,Orel Mangala,Tyler Morton
746536,home,85',5067.0,Adam Karabec,Martín Satriano
746536,away,89',5318.0,Mostafa Mohamed,Tylel Tati
746536,away,89',5333.0,Fabien Centonze,Johann Lepenant
746536,home,90',5344.0,Khalis Merah,Tanner Tessmann because of an injury
746538,away,45',2700.0,Habib Diallo,Joel Asoro
746538,away,68',4032.0,Ibou Sané,Giorgi Tsitaishvili
746538,away,68',4037.0,Malick Mbaye,Cheikh Sabaly
746538,home,73',4343.0,Gideon Mensah,Fredrik Oppegård
746538,home,73',4377.0,Josué Casimir,Sékou Mara
746538,away,80',4776.0,Alpha Touré,Jessy Deminguet
746538,away,84',5018.0,Brian Madjo,Boubacar Traoré
746538,home,90'+4',5400.0,Assane Dioussé,Oussama El Azzouzi
746538,home,90'+4',5400.0,Mamoudou Cissokho,Lassine Sinayoko
746541,home,32',1875.0,Mama Baldé,Rémy Labeau Lascary because of an injury
746541,away,69',4087.0,Stanis Idumbo,Aleksandr Golovin
746541,away,69',4095.0,Paul Pogba,Mamadou Coulibaly
746541,home,69',4115.0,Pathé Mboup,Kamory Doumbia
746541,away,77',4570.0,Paris Brunner,Takumi Minamino
746541,away,77',4580.0,Lucas Michal,Lamine Camara
746541,home,83',4932.0,Junior Dina Ebimbe,Romain Del Castillo
746541,away,83',4957.0,Krépin Diatta,Vanderson
746541,home,83',4959.0,Lucas Tousart,Joris Chotard
746540,home,45'+1',2700.0,Yassine Kechta,Simon Ebonog because of an injury
746540,away,66',3950.0,Jonathan Ikoné,Moses Simon
746540,away,66',3957.0,Alimami Gory,Vincent Marchetti
746540,away,72',4294.0,Thibault De Smet,Tuomas Ollila
746540,away,72',4305.0,Nouha Dicko,Jean-Philippe Krasso
746540,home,73',4339.0,Noam Obougou,Mbwana Samatta
746540,home,73',4340.0,Fodé Doucouré,Godson Kyeremeh
746540,home,84',5029.0,Étienne Youté,Arouna Sangante
746540,home,85',5043.0,Younes Namli,Rassoul Ndiaye
746540,away,89',5284.0,Timothée Kolodziejczak,Ilan Kebbal
746543,away,45',2700.0,Quentin Merlin,Djaoui Cissé
746543,home,64',3787.0,Ousmane Dembélé,Lee Kang-In
746543,home,71',4220.0,Gonçalo Ramos,Khvicha Kvaratskhelia
746543,home,71',4227.0,Fabián Ruiz,Vitinha
746543,away,75',4499.0,Anthony Rouault,Estéban Lepaul
746543,home,80',4793.0,Quentin Ndjantou,Warren Zaïre-Emery
746543,home,80',4797.0,Ibrahim Mbaye,João Neves
746543,away,82',4879.0,Elias Legendre,Mousa Tamari
746543,away,82',4884.0,Mohamed Meïté,Breel Embolo
746543,away,82',4903.0,Ludovic Blas,Mahdi Camara
746539,home,26',1504.0,Olivier Giroud,Hamza Igamane because of an injury
746539,away,66',3906.0,Darryl Bakola,Benjamin Pavard
746539,away,66',3913.0,Robinio Vaz,Pierre-Emerick Aubameyang
746539,home,69',4137.0,Ngal'ayel Mukau,Ethan Mbappé
746539,home,70',4163.0,Félix Correia,Osame Sahraoui
746539,away,80',4747.0,Bilal Nadir,Geoffrey Kondogbia
746539,away,80',4752.0,Tadjidine Mmadi,Igor Paixão
746539,home,84',5023.0,André Gomes,Hákon Haraldsson
746546,home,45',2700.0,Rafik Messali,Frank Magri
746546,away,61',3656.0,Mathis Amougou,Sebastian Nanasi
746546,away,61',3658.0,Kendry Páez,Andrew Omobamidele
746546,away,75',4442.0,Sam Amo-Ameyaw,Guéla Doué
746546,home,78',4678.0,Santiago Hidalgo,Emersonn because of an injury
746546,away,87',5212.0,Martial Godo,Diego Moreira
746544,home,45',2700.0,Bernard Nguene,Juma Bah
746544,home,63',3740.0,Isak Jansson,Sofiane Diop
746544,home,63',3755.0,Hicham Boudaoui,Morgan Sanson
746544,away,65',3892.0,Lilian Raolisoa,Carlens Arcus
746544,away,72',4266.0,Prosper Peter,Amine Sbaï
746544,away,72',4279.0,Djibirin Harouna,Sidiki Cherif
746544,home,77',4614.0,Tanguy Ndombélé,Mohamed-Ali Cho
746544,away,83',4930.0,Pierrick Capelle,Louis Mouton
746544,away,83',4950.0,Jim Allevinah,Yassin Belkhdim
746544,home,88',5265.0,Kevin Carlos,Charles Vanhoutte
746551,away,45',2700.0,Kevin Carlos,Charles Vanhoutte
746551,away,70',4148.0,Salis Abdul Samed,Hicham Boudaoui
746551,away,70',4158.0,Ali Abdi,Kojo Peprah Oppong
746551,away,70',4168.0,Tanguy Ndombélé,Morgan Sanson
746551,away,70',4175.0,Tiago Gouveia,Isak Jansson
746551,home,78',4622.0,Florian Sotoca,Wesley Saïd
746551,home,78',4645.0,Morgan Guilavogui,Florian Thauvin
746551,home,86',5126.0,Rayan Fofana,Odsonne Édouard
746551,home,90'+3',5400.0,Andrija Bulatovic,Adrien Thomasson
746547,away,64',3814.0,Mayckel Lahdo,Yassine Benhattab
746547,away,64',3816.0,Youssef El-Arabi,Mostafa Mohamed
746547,home,73',4372.0,Prosper Peter,Sidiki Cherif
746547,home,82',4865.0,Harouna Djibirin,Amine Sbaï
746547,home,82',4866.0,Marius Courcoul,Louis Mouton
746547,home,82',4892.0,Lilian Raolisoa,Yassin Belkhdim
746547,away,82',4893.0,Bahmed Deuff,Johann Lepenant
746547,away,82',4898.0,Amady Camara,Deiver Machado
746547,home,90'+1',5400.0,Florent Hanin,Himad Abdelli
746545,home,45',2655.0,Mayckel Lahdo,Herba Guirassy because of an injury
746545,home,59',3534.0,Mostafa Mohamed,Youssef El-Arabi
746545,home,60',3541.0,Dehmaine Tabibou,Bahmed Deuff
746545,away,69',4084.0,Rayan Fofana,Odsonne Édouard
746545,home,87',5214.0,Fabien Centonze,Nicolas Cozza
746545,home,87',5219.0,Amady Camara,Kwon Hyeok-Kyu
746545,away,90'+2',5400.0,Florian Sotoca,Wesley Saïd
746552,away,45',2700.0,Désiré Doué,Fabián Ruiz
746552,away,66',3942.0,Khvicha Kvaratskhelia,Quentin Ndjantou
746552,away,66',3945.0,Bradley Barcola,Gonçalo Ramos
746552,home,74',4430.0,Sadibou Sané,Terry Yegbe because of an injury
746552,home,84',5022.0,Cheikh Sabaly,Malick Mbaye
746552,home,85',5047.0,Giorgi Abuashvili,Giorgi Tsitaishvili
746552,home,85',5048.0,Alpha Touré,Boubacar Traoré
746552,home,85',5050.0,Benjamin Stambouli,Jessy Deminguet
746552,away,90'+1',5400.0,Beraldo,Ibrahim Mbaye
746549,home,45',2700.0,Andrew Omobamidele,Mamadou Sarr
746549,away,66',3940.0,Joel Mvuka,Théo Le Bris
746549,away,66',3944.0,Mohamed Bamba,Sambou Soumano
746549,away,74',4424.0,Dermane Karim,Pablo Pagis
746549,away,74',4425.0,Noah Cadiou,Jean-Victor Makengo
746549,home,75',4452.0,Kendry Páez,Julio Enciso
746549,home,75',4453.0,Martial Godo,Sebastian Nanasi
746549,home,81',4841.0,Abdoul Ouattara,Samir El Mourabet
746548,home,45',2700.0,Sékou Mara,Rudy Matondo
746548,away,45',2700.0,Chancel Mbemba,Osame Sahraoui
746548,home,63',3763.0,Assane Dioussé,Josué Casimir
746548,away,74',4418.0,Tiago Santos,Thomas Meunier
746548,away,74',4432.0,Félix Correia,Hákon Haraldsson
746548,away,75',4448.0,Soriba Diaoune,Olivier Giroud
746548,home,81',4842.0,Gideon Mensah,Fredrik Oppegård
746548,away,84',5005.0,Ngal'ayel Mukau,Ethan Mbappé
746548,home,90',5393.0,Lasso Coulibaly,Kévin Danois
746550,away,63',3721.0,Godson Kyeremeh,Yassine Kechta
746550,away,63',3728.0,Fodé Doucouré,Loïc Négo
746550,home,73',4356.0,Adam Karabec,Martín Satriano
746550,home,73',4364.0,Mathys de Carvalho,Khalis Merah
746550,away,78',4636.0,Noam Obougou,Mbwana Samatta
746550,away,78',4645.0,Kenny Quetant,Younes Namli
746550,home,85',5064.0,Ruben Kluivert,Hans Hateboer
746550,home,89',5295.0,Rachid Ghezzal,Pavel Sulc
746555,home,45',2700.0,Matt O'Riley,Geoffrey Kondogbia
746555,home,58',3436.0,Igor Paixão,Benjamin Pavard
746555,home,58',3451.0,Leonardo Balerdi,Amir Murillo
746555,away,73',4364.0,Jordan Teze,Aleksandr Golovin
746555,home,81',4858.0,Bilal Nadir,Arthur Vermeeren
746555,home,86',5116.0,Darryl Bakola,Pierre-Emerick Aubameyang
746555,away,86',5122.0,Mika Biereth,Takumi Minamino
746555,away,86',5137.0,George Ilenikhena,Lamine Camara
746553,home,52',3086.0,Nhoa Sangui,Hamari Traoré because of an injury
746553,away,63',3769.0,Frank Magri,Santiago Hidalgo
746553,away,63',3777.0,Warren Kamanzi,Dayann Méthalie
746553,home,70',4156.0,Willem Geubbels,Vincent Marchetti
746553,away,70',4181.0,Rafik Messali,Emersonn
746553,home,77',4583.0,Julien Lopez,Jonathan Ikoné
746553,home,77',4590.0,Thibault De Smet,Tuomas Ollila
746553,home,77',4615.0,Jean-Philippe Krasso,Moses Simon
746553,away,84',5000.0,Noah Edjouma,Djibril Sidibé
746553,away,84',5001.0,Julián Vignolo,Yann Gboho
746556,home,15',887.0,Pathé Mboup,Mama Baldé because of an injury
746556,away,60',3591.0,Lasso Coulibaly,Rudy Matondo because of an injury
746556,home,68',4048.0,Lucas Tousart,Rémy Labeau Lascary
746556,away,76',4523.0,Assane Dioussé,Josué Casimir because of an injury
746556,away,76',4537.0,Ryan Rodin,Sékou Mara
746556,away,76',4549.0,Fredrik Oppegård,Gideon Mensah
746556,away,86',5106.0,Tidiane Devernois,Kévin Danois
746556,home,86',5123.0,Bradley Locko,Pathé Mboup
746554,home,51',3007.0,Quentin Merlin,Przemyslaw Frankowski because of an injury
746554,home,58',3452.0,Ludovic Blas,Djaoui Cissé
746554,away,70',4148.0,Rémy Labeau Lascary,Mama Baldé
746554,home,78',4680.0,Mohamed Meïté,Estéban Lepaul
746554,home,79',4689.0,Seko Fofana,Breel Embolo
746554,home,79',4715.0,Alidu Seidu,Mousa Tamari
746554,away,81',4814.0,Lucas Tousart,Hugo Magnetti
746554,away,81',4834.0,Junior Dina Ebimbe,Kamory Doumbia
746554,away,88',5266.0,Bradley Locko,Daouda Guindo
746554,away,88',5266.0,Hamidou Makalou,Romain Del Castillo
746558,away,62',3705.0,Ludovic Blas,Quentin Merlin
746558,away,62',3713.0,Estéban Lepaul,Mohamed Meïté
746558,home,70',4167.0,Félix Correia,Marius Broholm
746558,home,70',4192.0,Ayyoub Bouaddi,Matias Fernandez-Pardo
746558,home,70',4193.0,Soriba Diaoune,Olivier Giroud because of an injury
746558,home,74',4388.0,Tiago Santos,Calvin Verdonk
746558,home,84',4993.0,Osame Sahraoui,Hákon Haraldsson
746558,away,90'+2',5400.0,Elías Legendre,Mousa Tamari
746557,home,57',3374.0,Daren Mosengo,Simon Ebonog
746557,away,58',3447.0,Jacques Ekomié,Florent Hanin
746557,away,58',3463.0,Lilian Raolisoa,Amine Sbaï
746557,home,66',3909.0,Noam Obougou,Felix Mambimbi
746557,home,66',3912.0,Enzo Koffi,Yassine Kechta
746557,away,76',4512.0,Prosper Peter,Louis Mouton
746557,home,83',4959.0,Godson Kyeremeh,Kenny Quetant
746557,away,90',5358.0,Lanroy Machine,Marius Courcoul
746559,away,45',2700.0,Alpha Touré,Jessy Deminguet because of an injury
746559,home,60',3571.0,Bamba Dieng,Jean-Victor Makengo
746559,home,60',3591.0,Mohamed Bamba,Sambou Soumano
746559,home,74',4430.0,Dermane Karim,Laurent Abergel
746559,away,79',4730.0,Joel Asoro,Ibou Sané
746559,away,84',5017.0,Benjamin Stambouli,Boubacar Traoré
746559,away,84',5037.0,Morgan Bokele,Giorgi Tsitaishvili
746565,away,61',3646.0,Pierre-Emerick Aubameyang,Amine Gouiri
746565,away,61',3657.0,Igor Paixão,Hamed Traoré
746565,away,62',3682.0,Matt O'Riley,Mason Greenwood
746565,home,62',3716.0,Harouna Djibirin,Marius Courcoul
746565,home,62',3719.0,Sidiki Cherif,Prosper Peter
746565,home,76',4552.0,Jim Allevinah,Amine Sbaï
746565,home,76',4557.0,Pierrick Capelle,Louis Mouton
746565,away,82',4906.0,Angel Gomes,Bilal Nadir because of an injury
746565,home,86',5159.0,Marius Louër,Carlens Arcus
746565,away,90'+1',5400.0,Arthur Vermeeren,Emerson
746560,home,31',1857.0,Bilal Nadir,Igor Paixão
746560,away,45',2700.0,Sékou Doucouré,Fabien Centonze because of an injury
746560,home,45',2700.0,Amir Murillo,Facundo Medina
746560,away,58',3430.0,Louis Leroux,Francis Coquelin
746560,away,58',3445.0,Rémy Cabella,Dehmaine Tabibou
746560,home,61',3601.0,Matt O'Riley,Pierre-Emerick Aubameyang
746560,away,63',3721.0,Johann Lepenant,Junior Mwanga because of an injury
746560,home,73',4334.0,Hamed Traoré,CJ Egan-Riley
746560,home,73',4346.0,Amine Gouiri,Mason Greenwood
746560,away,82',4899.0,Herba Guirassy,Youssef El-Arabi
746564,home,30',1763.0,Seny Koumbassa,Rasmus Nicolaisen because of an injury
746564,away,38',2221.0,Rayan Fofana,Odsonne Édouard because of an injury
746564,home,63',3739.0,Santiago Hidalgo,Rafik Messali
746564,home,63',3752.0,Mário Sauer,Alexis Vossah
746564,away,74',4394.0,Morgan Guilavogui,Florian Thauvin
746564,home,77',4604.0,Julián Vignolo,Aron Dønnum
746564,home,77',4608.0,Warren Kamanzi,Seny Koumbassa
746564,away,90',5360.0,Anthony Bermont,Saud Abdulhamid
746564,away,90',5367.0,Florian Sotoca,Andrija Bulatovic
746571,away,24',1406.0,Mbwana Samatta,Issa Soumaré because of an injury
746571,away,42',2492.0,Timothée Pembélé,Gautier Lloris because of an injury
746571,home,73',4335.0,Ludovic Blas,Quentin Merlin
746571,home,73',4345.0,Mohamed Meïté,Estéban Lepaul
746571,away,78',4680.0,Yassine Kechta,Timothée Pembélé
746571,away,79',4686.0,Fodé Doucouré,Kenny Quetant
746571,away,79',4696.0,Sofiane Boufal,Felix Mambimbi
746571,home,80',4785.0,Elías Legendre,Mousa Tamari
746571,home,90'+2',5400.0,Seko Fofana,Przemyslaw Frankowski
746570,home,45',2700.0,Illia Zabarnyi,Senny Mayulu
746570,home,63',3745.0,Bradley Barcola,Khvicha Kvaratskhelia
746570,home,76',4552.0,Gonçalo Ramos,Ousmane Dembélé
746570,away,77',4566.0,Osame Sahraoui,Ngal'ayel Mukau
746570,away,77',4579.0,Soriba Diaoune,Olivier Giroud
746570,away,77',4597.0,Marius Broholm,Ethan Mbappé
746570,home,84',4995.0,Lucas Hernández,Désiré Doué
746570,away,87',5187.0,Thomas Meunier,Tiago Santos
746570,away,89',5339.0,Félix Correia,Hákon Haraldsson
746562,home,45',2700.0,Elye Wahi,Tiago Gouveia
746562,away,67',3981.0,Sam Amo-Ameyaw,Martial Godo
746562,home,69',4112.0,Salis Abdul Samed,Everton Pereira
746562,away,80',4792.0,Kendry Páez,Julio Enciso
746562,away,81',4801.0,Mathis Amougou,Samir El Mourabet
746562,home,81',4828.0,Bernard Nguene,Tanguy Ndombélé
746562,home,81',4841.0,Zoumana Diallo,Morgan Sanson
746562,away,89',5315.0,Abakar Sylla,Lucas Høgsberg
746568,home,62',3705.0,George Ilenikhena,Mika Biereth
746568,home,70',4150.0,Vanderson,Kassoum Ouattara
746568,home,70',4151.0,Ansu Fati,Jordan Teze
746568,away,75',4469.0,Mohamed Bamba,Bamba Dieng
746568,away,75',4473.0,Dermane Karim,Pablo Pagis
746568,away,90'+1',5400.0,Nathaniel Adjei,Igor Silva
746568,away,90'+1',5400.0,Joel Mvuka,Théo Le Bris
746568,home,90'+3',5400.0,Paris Brunner,Folarin Balogun because of an injury
746568,away,90'+5',5400.0,Martin Bley,Noah Cadiou because of an injury
746569,home,18',1026.0,Johann Lepenant,Deiver Machado because of an injury
746569,home,65',3872.0,Ignatius Ganago,Youssef El-Arabi
746569,home,65',3889.0,Herba Guirassy,Francis Coquelin
746569,away,67',3971.0,Luca Koleosho,Alimami Gory
746569,away,81',4809.0,Vincent Marchetti,Otávio
746569,home,82',4919.0,Amady Camara,Ibrahima Sissoko
746569,away,87',5189.0,Marshall Munetsi,Ilan Kebbal
746561,home,12',674.0,Philipp Köhn,Lukás Hrádecký because of an injury
746561,home,36',2116.0,Kassoum Ouattara,Christian Mawissa because of an injury
746561,away,66',3905.0,Tanner Tessmann,Khalis Merah
746561,home,77',4582.0,George Ilenikhena,Mika Biereth
746561,home,77',4595.0,Stanis Idumbo,Aleksandr Golovin
746561,away,81',4814.0,Orel Mangala,Abner Vinícius
746561,away,81',4830.0,Adam Karabec,Pavel Sulc
746561,away,90'+2',5400.0,Martín Satriano,Corentin Tolisso
746563,away,68',4048.0,Mathieu Cafaro,Jonathan Ikoné
746563,home,70',4155.0,Bradley Barcola,Désiré Doué
746563,home,70',4170.0,Gonçalo Ramos,Ousmane Dembélé
746563,home,70',4183.0,Marquinhos,Illia Zabarnyi
746563,away,77',4561.0,Vincent Marchetti,Alimami Gory
746563,home,80',4748.0,Lucas Hernández,Nuno Mendes
746563,home,83',4953.0,Noah Nsoki,Senny Mayulu
746563,away,89',5323.0,Julien Lopez,Willem Geubbels
746563,away,89',5328.0,Mohamed Benoit-Dao,Adama Camara
746563,away,89',5335.0,Tuomas Ollila,Thibault De Smet
746566,home,56',3359.0,Abdallah Sima,Rayan Fofana
746566,home,57',3374.0,Mamadou Sangaré,Adrien Thomasson
746566,home,66',3947.0,Morgan Guilavogui,Wesley Saïd
746566,home,66',3953.0,Ruben Aguilar,Saud Abdulhamid
746566,away,76',4524.0,Rudy Matondo,Kévin Danois
746566,away,76',4539.0,Romain Faivre,Naouirou Ahamada
746566,away,76',4545.0,Josué Casimir,Marvin Senaya
746566,home,86',5140.0,Florian Sotoca,Florian Thauvin
746566,away,88',5225.0,Assane Dioussé,Oussama El Azzouzi
746566,away,88',5238.0,Sékou Mara,Danny Namaso
746575,home,45',2700.0,Pathé Mboup,Lucas Tousart
746575,home,73',4361.0,Junior Dina Ebimbe,Hugo Magnetti
746575,away,80',4800.0,Julián Vignolo,Santiago Hidalgo
746575,home,83',4952.0,Hamidou Makalou,Rémy Labeau Lascary
746575,away,90',5370.0,Alexis Vossah,Pape Diop because of an injury
746574,home,45',2700.0,Rudy Matondo,Naouirou Ahamada
746574,away,61',3647.0,Désiré Doué,Ibrahim Mbaye
746574,away,62',3661.0,Ousmane Dembélé,Gonçalo Ramos
746574,home,85',5050.0,Elisha Owusu,Sinaly Diomandé
746574,home,85',5075.0,Romain Faivre,Lamine Sy
746574,home,90',5399.0,Lasso Coulibaly,Kévin Danois
746574,home,90'+1',5400.0,Sékou Mara,Danny Namaso
746567,away,57',3415.0,Pathé Mboup,Rémy Labeau Lascary
746567,away,69',4083.0,Daouda Guindo,Ludovic Ajorque
746567,away,69',4102.0,Kamory Doumbia,Lucas Tousart
746567,home,74',4383.0,Khalis Merah,Ainsley Maitland-Niles
746567,home,74',4397.0,Orel Mangala,Tanner Tessmann
746567,away,81',4837.0,Junior Dina Ebimbe,Bradley Locko
746567,away,81',4855.0,Luck Zogbé,Kenny Lala
746567,home,89',5334.0,Adam Karabec,Endrick
746567,home,90',5350.0,Hans Hateboer,Abner Vinícius because of an injury
746567,home,90',5358.0,Rémi Himbert,Afonso Moreira
746573,away,45',2700.0,Tiago Gouveia,Tanguy Ndombélé
746573,away,45',2700.0,Mohamed-Ali Cho,Isak Jansson
746573,home,56',3332.0,Cristian Cásseres,Alexis Vossah
746573,away,67',3990.0,Kevin Carlos,Everton Pereira
746573,away,70',4162.0,Ali Abdi,Melvin Bard because of an injury
746573,home,75',4481.0,Julián Vignolo,Santiago Hidalgo
746573,home,82',4886.0,Seny Koumbassa,Rasmus Nicolaisen
746573,home,82',4892.0,Noah Edjouma,Frank Magri because of an injury
746573,home,82',4906.0,Mário Sauer,Pape Diop
746573,away,82',4916.0,Charles Vanhoutte,Elye Wahi
746576,away,29',1690.0,Eric Dier,Wout Faes because of an injury
746576,home,45',2700.0,Issa Soumaré,Mbwana Samatta
746576,away,57',3406.0,Ansu Fati,George Ilenikhena
746576,away,57',3418.0,Vanderson,Kassoum Ouattara
746576,home,65',3877.0,Noam Obougou,Felix Mambimbi
746576,home,65',3888.0,Sofiane Boufal,Kenny Quetant
746576,home,66',3906.0,Enzo Koffi,Yanis Zouaoui
746576,away,71',4201.0,Jordan Teze,Eric Dier because of an injury
746576,home,90'+3',5400.0,Yassine Kechta,Rassoul Ndiaye
746572,home,64',3821.0,Abdoul Ouattara,Lucas Høgsberg
746572,away,71',4254.0,Alpha Touré,Jessy Deminguet
746572,away,72',4266.0,Giorgi Abuashvili,Fodé Ballo-Touré
746572,home,80',4775.0,Félix Lemaréchal,Martial Godo
746572,home,80',4783.0,Sam Amo-Ameyaw,Julio Enciso
746572,away,81',4815.0,Joel Asoro,Ibou Sané
746572,away,90'+1',5400.0,Benjamin Stambouli,Jean-Philippe Gbamin
746572,away,90'+1',5400.0,Morgan Bokele,Malick Mbaye
746572,home,90'+3',5400.0,Kendry Páez,Diego Moreira
746577,away,61',3646.0,Abdoul Ouattara,Samir El Mourabet
746577,home,69',4084.0,Calvin Verdonk,Romain Perraud
746577,home,69',4131.0,Soriba Diaoune,Tiago Santos
746577,home,69',4134.0,Thomas Meunier,Aïssa Mandi
746577,away,76',4530.0,Sebastian Nanasi,Julio Enciso
746577,away,76',4538.0,Sam Amo-Ameyaw,Diego Moreira
746577,away,76',4548.0,Rafael Luís,Guéla Doué
746577,home,80',4790.0,Félix Correia,Olivier Giroud
746577,away,87',5179.0,Gessime Yassine,Joaquín Panichelli
746577,home,87',5191.0,Marius Broholm,Ethan Mbappé
746578,home,58',3459.0,Mason Greenwood,Ethan Nwaneri
746578,away,59',3494.0,Abdallah Sima,Odsonne Édouard
746578,away,71',4260.0,Rayan Fofana,Wesley Saïd
746578,away,72',4261.0,Andrija Bulatovic,Adrien Thomasson
746578,home,74',4390.0,Benjamin Pavard,Nayef Aguerd
746578,home,74',4398.0,Darryl Bakola,Hamed Traoré
746578,home,74',4417.0,Matt O'Riley,Quinten Timber
746578,away,78',4638.0,Anthony Bermont,Ruben Aguilar
746578,away,78',4671.0,Florian Sotoca,Florian Thauvin
746578,home,80',4770.0,Pierre-Emerick Aubameyang,Amine Gouiri
746583,away,68',4032.0,Marius Broholm,Ngal'ayel Mukau
746583,away,68',4035.0,Olivier Giroud,Félix Correia
746583,away,78',4642.0,Calvin Verdonk,Romain Perraud
746583,home,82',4907.0,Rémi Himbert,Pavel Sulc
746583,away,85',5070.0,Soriba Diaoune,Tiago Santos
746583,home,90'+1',5400.0,Adam Karabec,Endrick
746583,home,90'+1',5400.0,Hans Hateboer,Abner Vinícius
746579,away,45',2700.0,Moussa Niakhaté,Corentin Tolisso
746579,home,62',3699.0,Benjamin Stambouli,Alpha Touré
746579,home,62',3702.0,Believe Munongo,Jessy Deminguet
746579,home,62',3715.0,Michel Mboula,Terry Yegbe
746579,away,74',4385.0,Mathys de Carvalho,Khalis Merah
746579,home,78',4655.0,Giorgi Abuashvili,Maxime Colin
746579,home,88',5252.0,Ibou Sané,Gauthier Hein
746579,away,90'+2',5400.0,Rémi Himbert,Afonso Moreira
746579,away,90'+2',5400.0,Adil Hamdani,Endrick
746580,away,70',4165.0,Tiago Gouveia,Sofiane Diop
746580,away,70',4175.0,Tom Louchet,Elye Wahi
746580,away,81',4809.0,Dante,Charles Vanhoutte
746580,home,81',4810.0,Bahmed Deuff,Ibrahima Sissoko
746580,home,87',5188.0,Youssef El-Arabi,Matthis Abline
746580,away,89',5300.0,Gabin Bernardeau,Mohamed-Ali Cho
746580,away,89',5301.0,Tanguy Ndombélé,Morgan Sanson
746587,away,60',3598.0,Mohamed Kaba,Ibrahima Sissoko
746587,away,61',3611.0,Dehmaine Tabibou,Louis Leroux
746587,home,66',3917.0,Sambou Soumano,Bamba Dieng
746587,home,66',3918.0,Arthur Avom,Jean-Victor Makengo
746587,home,74',4410.0,Dermane Karim,Pablo Pagis
746587,home,74',4413.0,Nathaniel Adjei,Bamo Meïté
746587,away,77',4600.0,Youssef El-Arabi,Mostafa Mohamed
746587,away,78',4629.0,Francis Coquelin,Johann Lepenant
746587,away,78',4660.0,Mathieu Acapandié,Fabien Centonze
746587,home,85',5095.0,Mohamed Bamba,Laurent Abergel
746590,home,57',3408.0,Florent Hanin,Jacques Ekomié
746590,home,58',3435.0,Harouna Djibirin,Haris Belkebla
746590,away,58',3474.0,Jessy Deminguet,Believe Munongo
746590,away,59',3488.0,Alpha Touré,Gauthier Hein
746590,away,59',3495.0,Maxime Colin,Fodé Ballo-Touré
746590,away,68',4041.0,Giorgi Abuashvili,Boubacar Traoré
746590,home,69',4095.0,Goduine Koyalipou,Prosper Peter
746590,home,69',4099.0,Marius Courcoul,Branco van den Boomen
746590,home,81',4825.0,Lilian Raolisoa,Amine Sbaï
746590,away,86',5101.0,Nathan Mbala,Koffi Kouao
746584,home,45',2700.0,Maghnes Akliouche,Ansu Fati
746584,away,56',3321.0,Sebastian Szymanski,Lilian Brassier
746584,away,56',3338.0,Alidu Seidu,Przemyslaw Frankowski
746584,away,56',3353.0,Ludovic Blas,Estéban Lepaul
746584,home,56',3357.0,Mika Biereth,Folarin Balogun because of an injury
746584,away,65',3893.0,Glen Kamara,Djaoui Cissé
746584,home,71',4248.0,Vanderson,Krépin Diatta
746584,away,78',4674.0,Elías Legendre,Mousa Tamari
746584,home,81',4815.0,Stanis Idumbo,Aleksandr Golovin
746584,home,81',4824.0,Aladji Bamba,Denis Zakaria
746591,away,45',2700.0,Désiré Doué,Ibrahim Mbaye
746591,away,59',3536.0,Ousmane Dembélé,Senny Mayulu
746591,away,60',3546.0,Lee Kang-In,Bradley Barcola
746591,home,72',4298.0,Rafael Luís,Julio Enciso
746591,home,82',4916.0,Sam Amo-Ameyaw,Ben Chilwell
746591,home,90'+4',5400.0,Gessime Yassine,Samir El Mourabet
746582,home,59',3522.0,Mousa Tamari,Przemyslaw Frankowski
746582,home,59',3533.0,Mohamed Meïté,Estéban Lepaul
746582,home,60',3542.0,Ludovic Blas,Djaoui Cissé
746582,away,63',3724.0,Pablo Pagis,Dermane Karim
746582,away,63',3725.0,Arthur Avom,Jean-Victor Makengo
746582,away,74',4438.0,Nathaniel Adjei,Igor Silva
746582,away,74',4438.0,Sambou Soumano,Bamba Dieng
746582,home,76',4557.0,Sebastian Szymanski,Mahdi Camara
746582,home,81',4855.0,Elías Legendre,Breel Embolo
746581,home,60',3543.0,Maxime Lopez,Vincent Marchetti
746581,home,60',3562.0,Luca Koleosho,Alimami Gory
746581,home,60',3569.0,Willem Geubbels,Jean-Philippe Krasso
746581,away,60',3580.0,Prosper Peter,Sidiki Cherif
746581,away,61',3637.0,Branco van den Boomen,Harouna Djibirin
746581,away,61',3641.0,Jim Allevinah,Amine Sbaï
746581,home,74',4433.0,Jonathan Ikoné,Ilan Kebbal
746581,away,87',5172.0,Lilian Raolisoa,Yassin Belkhdim
746581,home,87',5175.0,Marshall Munetsi,Adama Camara
746581,away,87',5185.0,Florent Hanin,Jacques Ekomié because of an injury
746586,home,45',2700.0,Marshall Munetsi,Maxime Lopez
746586,home,64',3784.0,Luca Koleosho,Moses Simon
746586,home,64',3821.0,Jonathan Ikoné,Jean-Philippe Krasso
746586,home,64',3826.0,Tuomas Ollila,Alimami Gory
746586,away,67',3983.0,Amine Gouiri,Pierre-Emerick Aubameyang
746586,away,67',3990.0,Hamed Traoré,Ethan Nwaneri
746586,away,79',4730.0,Arthur Vermeeren,Igor Paixão because of an injury
746586,away,79',4738.0,Bilal Nadir,Quinten Timber
746586,away,80',4749.0,Amir Murillo,Timothy Weah
746586,home,86',5155.0,Willem Geubbels,Adama Camara
746585,home,45',2700.0,Kail Boudache,Salis Abdul Samed
746585,home,67',4010.0,Kevin Carlos,Mohamed-Ali Cho
746585,away,70',4176.0,Pathé Mboup,Rémy Labeau Lascary
746585,home,73',4322.0,Hicham Boudaoui,Charles Vanhoutte
746585,away,74',4402.0,Junior Diaz,Soumaïla Coulibaly
746585,home,82',4913.0,Tom Louchet,Elye Wahi
746585,home,82',4919.0,Isak Jansson,Sofiane Diop
746585,away,84',5030.0,Junior Dina Ebimbe,Romain Del Castillo
746596,away,29',1700.0,Alidu Seidu,Abdelhamid Aït Boudlal because of an injury
746596,home,60',3591.0,Kyllian Antonio,Samson Baidoo
746596,home,61',3614.0,Saud Abdulhamid,Odsonne Édouard
746596,home,61',3623.0,Allan Saint-Maximin,Wesley Saïd
746596,away,64',3800.0,Ludovic Blas,Arnaud Nordin
746596,away,64',3800.0,Quentin Merlin,Sebastian Szymanski
746596,away,64',3803.0,Lilian Brassier,Anthony Rouault
746596,away,69',4134.0,Aboubakar Nagida,Jérémy Jacquet because of an injury
746596,home,78',4680.0,Amadou Haidara,Florian Thauvin
746596,home,89',5287.0,Florian Sotoca,Mamadou Sangaré
746594,away,63',3753.0,Sambou Soumano,Bamba Dieng
746594,away,63',3765.0,Aiyegun Tosin,Jean-Victor Makengo
746594,away,64',3793.0,Darlin Yongwa,Arsène Kouassi
746594,away,73',4356.0,Dermane Karim,Pablo Pagis
746594,home,73',4380.0,Junior Dina Ebimbe,Rémy Labeau Lascary
746594,away,80',4782.0,Mohamed Bamba,Arthur Avom
746594,home,83',4970.0,Lucas Tousart,Kamory Doumbia
746594,home,90'+2',5400.0,Pathé Mboup,Romain Del Castillo
746597,away,61',3614.0,Félix Correia,Noah Edjouma
746597,home,62',3666.0,Giorgi Abuashvili,Lucas Michal
746597,home,70',4185.0,Gauthier Hein,Jessy Deminguet
746597,home,70',4197.0,Believe Munongo,Benjamin Stambouli because of an injury
746597,away,71',4205.0,Soriba Diaoune,Olivier Giroud
746597,away,71',4211.0,Gaëtan Perrin,Hákon Haraldsson
746597,away,82',4874.0,Calvin Verdonk,Romain Perraud
746597,away,82',4884.0,Ngal'ayel Mukau,Tiago Santos
746597,home,90',5378.0,Giorgi Kvilitaia,Giorgi Tsitaishvili
746593,away,45',2700.0,Marshall Munetsi,Adama Camara
746593,home,61',3643.0,Lasso Coulibaly,Josué Casimir
746593,away,63',3764.0,Luca Koleosho,Moses Simon
746593,away,63',3777.0,Jonathan Ikoné,Ilan Kebbal
746593,home,78',4675.0,Sékou Mara,Naouirou Ahamada
746593,away,79',4693.0,Jean-Philippe Krasso,Ciro Immobile
746595,away,45',2700.0,Igor Paixão,Ethan Nwaneri
746595,away,62',3664.0,Himad Abdelli,Benjamin Pavard
746595,home,62',3689.0,Khvicha Kvaratskhelia,Désiré Doué
746595,home,68',4041.0,Lee Kang-In,Bradley Barcola
746595,home,75',4449.0,Lucas Hernández,Warren Zaïre-Emery
746595,home,75',4465.0,Dro Fernández,Senny Mayulu
746595,home,75',4468.0,Gonçalo Ramos,Ousmane Dembélé
746595,away,80',4765.0,Bilal Nadir,Mason Greenwood
746592,away,63',3744.0,Julián Vignolo,Emersonn
746592,home,66',3931.0,Lanroy Machine,Amine Sbaï
746592,away,74',4421.0,Dayann Methalie,Aron Dønnum
746592,away,74',4422.0,Jacen Russell-Rowe,Santiago Hidalgo
746592,home,79',4684.0,Prosper Peter,Goduine Koyalipou
746592,away,81',4808.0,Mark McKenzie,Rafik Messali
746592,away,81',4810.0,Mário Sauer,Pape Diop
746592,home,90'+4',5400.0,Pierrick Capelle,Louis Mouton
746588,away,73',4352.0,Josué Casimir,Romain Faivre
746588,home,73',4368.0,Rafik Messali,Djibril Sidibé
746588,home,74',4384.0,Noah Edjouma,Emersonn
746588,away,80',4753.0,Naouirou Ahamada,Elisha Owusu
746588,away,85',5089.0,Bryan Okoh,Gideon Mensah
746588,away,85',5100.0,Assane Dioussé,Oussama El Azzouzi because of an injury
746588,away,86',5130.0,Sékou Mara,Danny Namaso
746589,away,59',3510.0,Daren Mosengo,Arouna Sangante because of an injury
746589,away,69',4132.0,Noam Obougou,Sofiane Boufal
746589,away,70',4146.0,Timothée Pembélé,Yanis Zouaoui
746589,home,74',4440.0,Rayan Fofana,Odsonne Édouard
746589,away,78',4666.0,Fodé Doucouré,Loïc Négo
746589,away,90'+3',5400.0,Kenny Quetant,Simon Ebonog
746589,away,90'+4',5400.0,Felix Mambimbi,Stephan Zagadou
746589,home,90'+5',5400.0,Abdallah Sima,Wesley Saïd
746589,home,90'+5',5400.0,Florian Sotoca,Florian Thauvin
746598,home,45',2700.0,Youssef El-Arabi,Mostafa Mohamed
746598,home,63',3726.0,Deiver Machado,Dehmaine Tabibou
746598,home,71',4253.0,Francis Coquelin,Kelvin Amian
746598,home,71',4259.0,Abakar Sylla,Nicolas Cozza
746598,away,86',5143.0,Hans Hateboer,Afonso Moreira because of an injury
746598,home,88',5228.0,Herba Guirassy,Mohamed Kaba
746598,away,90'+4',5400.0,Khalis Merah,Pavel Sulc
746599,home,64',3831.0,Kail Boudache,Gabin Bernardeau
746599,home,64',3835.0,Tanguy Ndombélé,Tom Louchet
746599,away,65',3878.0,Caio Henrique,Aleksandr Golovin
746599,away,75',4488.0,Mamadou Coulibaly,Aladji Bamba
746599,away,75',4498.0,Mika Biereth,Simon Adingra
746599,away,76',4504.0,Vanderson,Krépin Diatta
746599,home,84',5016.0,Juma Bah,Morgan Sanson because of an injury
746599,home,84',5036.0,Isak Jansson,Sofiane Diop
746599,home,90'+1',5400.0,Everton Pereira,Charles Vanhoutte
746601,away,60',3578.0,Bradley Barcola,Désiré Doué
746601,away,60',3587.0,Lee Kang-In,Khvicha Kvaratskhelia
746601,home,65',3889.0,Ludovic Blas,Arnaud Nordin
746601,away,71',4205.0,Dro Fernández,João Neves
746601,away,74',4400.0,Gonçalo Ramos,Ousmane Dembélé
746601,home,74',4419.0,Breel Embolo,Estéban Lepaul
746601,home,74',4425.0,Djaoui Cissé,Sebastian Szymanski
746601,home,90'+1',5400.0,Elías Legendre,Mousa Tamari
746604,home,66',3924.0,Nabil Bentaleb,Ngal'ayel Mukau
746604,home,66',3928.0,Gaëtan Perrin,Soriba Diaoune
746604,away,70',4178.0,Pathé Mboup,Rémy Labeau Lascary
746604,home,74',4399.0,Olivier Giroud,Hákon Haraldsson
746604,home,74',4413.0,Marius Broholm,Félix Correia
746604,away,77',4582.0,Lucas Tousart,Junior Dina Ebimbe
746604,home,85',5055.0,Tiago Santos,Ayyoub Bouaddi
746600,away,33',1977.0,Andrew Omobamidele,Junior Mwanga
746600,home,63',3766.0,Timothée Pembélé,Enzo Koffi
746600,home,64',3782.0,Mbwana Samatta,Fodé Doucouré
746600,away,76',4512.0,Sam Amo-Ameyaw,Martial Godo
746600,home,79',4682.0,Gautier Lloris,Arouna Sangante
746600,home,79',4703.0,Yassine Kechta,Sofiane Boufal
746600,away,83',4979.0,Sebastian Nanasi,Julio Enciso
746600,home,89',5310.0,Daren Mosengo,Simon Ebonog
746602,away,48',2821.0,Andrija Bulatovic,Mamadou Sangaré because of an injury
746602,home,63',3759.0,Moses Simon,Luca Koleosho
746602,away,68',4078.0,Allan Saint-Maximin,Wesley Saïd
746602,away,69',4084.0,Rayan Fofana,Odsonne Édouard
746602,home,73',4375.0,Jean-Philippe Krasso,Ciro Immobile
746602,home,73',4378.0,Vincent Marchetti,Marshall Munetsi
746602,home,74',4386.0,Moustapha Mbow,Otávio
746602,home,81',4858.0,Pierre Lees-Melou,Maxime Lopez
746602,away,90'+1',5400.0,Abdallah Sima,Florian Thauvin
746602,away,90'+1',5400.0,Arthur Masuaku,Matthieu Udol
746605,home,67',4001.0,Arthur Avom,Jean-Victor Makengo
746605,away,67',4008.0,Florent Hanin,Yassin Belkhdim
746605,away,67',4008.0,Amine Sbaï,Jacques Ekomié
746605,home,74',4434.0,Sambou Soumano,Bamba Dieng
746605,home,74',4440.0,Dermane Karim,Pablo Pagis
746605,away,75',4460.0,Lanroy Machine,Louis Mouton
746605,away,75',4467.0,Prosper Peter,Goduine Koyalipou
746605,away,81',4841.0,Marius Courcoul,Branco van den Boomen
746605,home,85',5091.0,Panos Katseris,Théo Le Bris
746605,home,86',5103.0,Bamo Meïté,Darlin Yongwa
746608,home,45',2700.0,Alpha Touré,Jessy Deminguet
746608,home,62',3715.0,Lucas Michal,Fodé Ballo-Touré
746608,home,63',3724.0,Maxime Colin,Koffi Kouao
746608,home,70',4169.0,Giorgi Kvilitaia,Gauthier Hein
746608,away,72',4292.0,Lasso Coulibaly,Romain Faivre
746608,away,72',4302.0,Josué Casimir,Sékou Mara
746608,away,82',4862.0,Assane Dioussé,Naouirou Ahamada
746608,away,82',4872.0,Marvin Senaya,Lamine Sy
746608,home,82',4887.0,Nathan Mbala,Giorgi Abuashvili
746608,away,90'+1',5400.0,Yvan Zaddy,Kévin Danois
746606,away,6',345.0,Kail Boudache,Elye Wahi because of an injury
746606,home,66',3937.0,Khalis Merah,Corentin Tolisso
746606,away,74',4423.0,Kevin Carlos,Mohamed-Ali Cho
746606,away,75',4442.0,Juma Bah,Dante
746606,away,75',4455.0,Hicham Boudaoui,Tom Louchet
746606,home,81',4802.0,Roman Yaremchuk,Pavel Sulc
746606,away,83',4955.0,Isak Jansson,Morgan Sanson
746606,home,90'+1',5400.0,Noham Kamara,Ainsley Maitland-Niles
746607,away,45',2700.0,Abdoul Ouattara,Samir El Mourabet
746607,away,63',3766.0,Sebastian Nanasi,Julio Enciso
746607,away,64',3784.0,Gessime Yassine,Lucas Høgsberg
746607,home,71',4217.0,Himad Abdelli,Bilal Nadir
746607,home,71',4231.0,Igor Paixão,Pierre-Emerick Aubameyang
746607,home,85',5077.0,Facundo Medina,Amine Gouiri
746607,away,85',5097.0,David Datro Fofana,Ben Chilwell
746607,away,90'+8',5400.0,Aaron Anselmino,Gessime Yassine because of an injury
746610,home,61',3628.0,Julián Vignolo,Warren Kamanzi
746610,home,64',3813.0,Jacen Russell-Rowe,Emersonn because of an injury
746610,away,67',3972.0,Thibault De Smet,Alimami Gory
746610,away,67',3995.0,Luca Koleosho,Jonathan Ikoné
746610,away,67',4000.0,Vincent Marchetti,Marshall Munetsi
746610,away,81',4811.0,Jean-Philippe Krasso,Ciro Immobile
746610,away,85',5082.0,Moses Simon,Ilan Kebbal
746610,home,86',5101.0,Mário Sauer,Pape Diop
746609,home,43',2545.0,Mamadou Coulibaly,Maghnes Akliouche because of an injury
746609,away,45',2700.0,Nicolas Cozza,Abakar Sylla
746609,home,62',3705.0,Ansu Fati,Lamine Camara because of an injury
746609,away,66',3938.0,Ignatius Ganago,Rémy Cabella
746609,away,66',3947.0,Ibrahima Sissoko,Francis Coquelin
746609,away,66',3953.0,Johann Lepenant,Mohamed Kaba because of an injury
746609,home,76',4520.0,Krépin Diatta,Vanderson because of an injury
746609,home,76',4537.0,Jordan Teze,Denis Zakaria
746609,home,76',4538.0,Mika Biereth,Folarin Balogun
746609,away,78',4652.0,Youssef El-Arabi,Ali Youssif
746603,away,30',1750.0,Santiago Hidalgo,Rafik Messali because of an injury
746603,home,45',2700.0,Lionel Mpasi,Mory Diaw because of an injury
746603,away,62',3701.0,Dayann Methalie,Rasmus Nicolaisen
746603,away,62',3706.0,Jacen Russell-Rowe,Emersonn
746603,away,63',3722.0,Mário Sauer,Cristian Cásseres
746603,home,65',3846.0,Daren Mosengo,Sofiane Boufal
746603,home,65',3858.0,Mbwana Samatta,Simon Ebonog
746603,away,83',4978.0,Julián Vignolo,Djibril Sidibé
746603,home,84',5017.0,Timothée Pembélé,Stephan Zagadou because of an injury
746603,home,90'+5',5400.0,Yassine Kechta,Rassoul Ndiaye
746614,away,31',1831.0,Aladji Bamba,Krépin Diatta because of an injury
746614,home,63',3752.0,Abdallah Sima,Odsonne Édouard
746614,away,68',4080.0,Ansu Fati,Simon Adingra
746614,home,75',4478.0,Ruben Aguilar,Saud Abdulhamid
746614,home,75',4490.0,Rayan Fofana,Allan Saint-Maximin
746614,away,85',5090.0,Mika Biereth,Folarin Balogun
746614,home,87',5183.0,Florian Sotoca,Andrija Bulatovic
746614,home,87',5185.0,Anthony Bermont,Ruben Aguilar because of an injury
746613,away,45',2700.0,Pierre-Emerick Aubameyang,Arthur Vermeeren
746613,away,71',4237.0,Ethan Nwaneri,Amine Gouiri
746613,away,71',4239.0,Hamed Traoré,Igor Paixão
746613,home,73',4365.0,Rémy Labeau Lascary,Junior Dina Ebimbe
746613,away,79',4708.0,Himad Abdelli,Quinten Timber
746613,home,79',4735.0,Lucas Tousart,Kamory Doumbia
746613,away,87',5211.0,Bilal Nadir,Pierre-Emile Højbjerg
746613,home,88',5240.0,Bradley Locko,Romain Del Castillo
746611,home,67',4001.0,Harouna Djibirin,Haris Belkebla
746611,away,73',4372.0,Hákon Haraldsson,Gaëtan Perrin
746611,home,78',4669.0,Prosper Peter,Louis Mouton
746611,home,78',4675.0,Florent Hanin,Jacques Ekomié
746611,away,79',4690.0,Ngal'ayel Mukau,Olivier Giroud
746611,away,79',4729.0,Nabil Bentaleb,Félix Correia
746611,away,84',5034.0,Romain Perraud,Calvin Verdonk
746615,away,45',2700.0,Kenny Quetant,Fodé Doucouré
746615,home,45',2700.0,Dehmaine Tabibou,Deiver Machado
746615,away,45',2700.0,Mbwana Samatta,Timothée Pembélé
746615,home,53',3150.0,Herba Guirassy,Ignatius Ganago because of an injury
746615,away,62',3718.0,Enzo Koffi,Yanis Zouaoui
746615,away,63',3725.0,Yassine Kechta,Sofiane Boufal
746615,home,81',4847.0,Francis Coquelin,Louis Leroux
746616,home,45',2700.0,Jonathan Clauss,Antoine Mendy
746616,home,45',2700.0,Kail Boudache,Kevin Carlos
746616,away,45',2700.0,Bamo Meïté,Arsène Kouassi because of an injury
746616,home,64',3810.0,Hicham Boudaoui,Sofiane Diop
746616,home,64',3815.0,Melvin Bard,Ali Abdi
746616,away,67',3990.0,Jean-Victor Makengo,Pablo Pagis
746616,away,67',3992.0,Aiyegun Tosin,Dermane Karim
746616,away,77',4562.0,Sambou Soumano,Bamba Dieng
746616,away,77',4570.0,Panos Katseris,Théo Le Bris
746616,home,85',5099.0,Gabin Bernardeau,Tom Louchet
746612,home,45',2700.0,Fredrik Oppegård,Lamine Sy
746612,home,45',2700.0,Marvin Senaya,Clément Akpa
746612,home,45',2700.0,Gideon Mensah,Sékou Mara
746612,home,45',2700.0,Josué Casimir,Naouirou Ahamada
746612,away,68',4032.0,Breel Embolo,Estéban Lepaul
746612,away,68',4039.0,Ludovic Blas,Mousa Tamari
746612,away,78',4631.0,Djaoui Cissé,Sebastian Szymanski
746612,away,78',4642.0,Yassir Zabiri,Arnaud Nordin
746612,home,86',5115.0,Tidiane Devernois,Kévin Danois
746612,away,88',5272.0,Henrick Do Marcolino,Mahdi Camara
746622,away,60',3597.0,Allan Saint-Maximin,Odsonne Édouard
746622,away,72',4313.0,Abdallah Sima,Wesley Saïd
746622,away,73',4334.0,Amadou Haidara,Adrien Thomasson
746622,home,76',4521.0,Lucas Høgsberg,Martial Godo
746622,away,81',4824.0,Florian Sotoca,Florian Thauvin
746622,home,90'+2',5400.0,Maxi Oyedele,Diego Moreira
746618,away,28',1672.0,Noah Nartey,Pavel Sulc because of an injury
746618,away,58',3448.0,Roman Yaremchuk,Tanner Tessmann
746618,away,83',4942.0,Rémi Himbert,Corentin Tolisso
746618,home,85',5060.0,Abdoul Ouattara,Julio Enciso
746618,away,85',5060.0,Nicolás Tagliafico,Ruben Kluivert
746618,home,90',5371.0,Sam Amo-Ameyaw,Diego Moreira
746618,home,90',5391.0,Aaron Anselmino,Andrew Omobamidele
746618,home,90'+9',5400.0,Gessime Yassine,Sam Amo-Ameyaw because of an injury
746621,home,71',4253.0,Arthur Avom,Laurent Abergel
746621,home,72',4266.0,Dermane Karim,Jean-Victor Makengo
746621,home,80',4787.0,Aiyegun Tosin,Pablo Pagis
746621,home,81',4808.0,Sambou Soumano,Bamba Dieng
746621,away,81',4825.0,Sékou Mara,Josué Casimir
746621,home,90',5344.0,Panos Katseris,Théo Le Bris
746624,home,45',2700.0,Simon Adingra,Caio Henrique
746624,home,67',3972.0,Christian Mawissa,Aladji Bamba
746624,away,69',4140.0,Pierrick Capelle,Louis Mouton
746624,away,70',4142.0,Harouna Djibirin,Goduine Koyalipou
746624,home,73',4346.0,Mika Biereth,Folarin Balogun
746624,home,73',4357.0,Paris Brunner,Ansu Fati
746624,away,81',4818.0,Marius Courcoul,Yassin Belkhdim
746624,away,81',4823.0,Jacques Ekomié,Florent Hanin
746624,away,85',5053.0,Marius Louër,Lilian Raolisoa
746624,home,90'+5',5400.0,Samuel Nibombé,Denis Zakaria
746617,home,45',2700.0,Ibrahim Mbaye,Désiré Doué because of an injury
746617,home,63',3753.0,João Neves,Dro Fernández
746617,home,63',3778.0,Vitinha,Lee Kang-In
746617,home,64',3787.0,Khvicha Kvaratskhelia,Bradley Barcola
746617,away,66',3942.0,Giorgi Abuashvili,Koffi Kouao
746617,away,66',3947.0,Bouna Sarr,Lucas Michal
746617,away,66',3959.0,Jessy Deminguet,Fodé Ballo-Touré
746617,away,78',4654.0,Giorgi Kvilitaia,Alpha Touré
746617,away,88',5276.0,Nathan Mbala,Giorgi Tsitaishvili
746623,home,45',2700.0,Igor Paixão,Quinten Timber
746623,away,60',3584.0,Rémi Himbert,Roman Yaremchuk
746623,home,63',3778.0,Ethan Nwaneri,Hamed Traoré
746623,home,84',5040.0,Benjamin Pavard,Timothy Weah
746623,home,85',5053.0,Himad Abdelli,Geoffrey Kondogbia
746623,away,88',5229.0,Abner Vinícius,Nicolás Tagliafico because of an injury
746623,home,90'+4',5400.0,Tochukwu Nnadi,Mason Greenwood
746627,away,26',1523.0,Bradley Locko,Junior Dina Ebimbe
746627,home,45',2700.0,Giorgi Abuashvili,Believe Munongo
746627,home,59',3531.0,Giorgi Kvilitaia,Bouna Sarr
746627,away,74',4433.0,Rémy Labeau Lascary,Kamory Doumbia
746627,home,76',4548.0,Nathan Mbala,Alpha Touré
746627,home,76',4554.0,Lucas Michal,Maxime Colin
746627,home,81',4817.0,Michel Mboula,Boubacar Traoré
746627,away,83',4947.0,Lucas Tousart,Romain Del Castillo
746620,away,62',3681.0,Francis Coquelin,Louis Leroux
746620,away,63',3722.0,Matthis Abline,Youssef El-Arabi
746620,away,63',3740.0,Dehmaine Tabibou,Deiver Machado
746620,home,63',3742.0,Noah Edjouma,Félix Correia
746620,home,63',3747.0,Thomas Meunier,Tiago Santos
746620,home,74',4402.0,Soriba Diaoune,Hákon Haraldsson
746620,home,74',4409.0,Olivier Giroud,Gaëtan Perrin
746620,away,75',4443.0,Rémy Cabella,Ignatius Ganago
746620,away,81',4841.0,Ibrahima Sissoko,Mohamed Kaba
746620,home,81',4858.0,Nabil Bentaleb,Ngal'ayel Mukau
746630,away,45',2700.0,Jessy Deminguet,Boubacar Traoré
746630,home,45',2700.0,Amadou Haidara,Nidal Celik
746630,away,54',3189.0,Nathan Mbala,Believe Munongo
746630,away,54',3201.0,Gauthier Hein,Giorgi Kvilitaia
746630,home,63',3739.0,Rayan Fofana,Odsonne Édouard
746630,home,63',3745.0,Florian Sotoca,Florian Thauvin
746630,away,72',4310.0,Giorgi Tsitaishvili,Bouna Sarr
746630,away,73',4328.0,Michel Mboula,Fodé Ballo-Touré
746630,home,73',4345.0,Andrija Bulatovic,Mamadou Sangaré
746630,home,83',4969.0,Anthony Bermont,Abdallah Sima
746619,away,61',3615.0,Désiré Doué,Lee Kang-In
746619,away,61',3620.0,Nuno Mendes,Dro Fernández
746619,home,61',3655.0,Fodé Doucouré,Timothée Pembélé
746619,home,62',3662.0,Enzo Koffi,Yanis Zouaoui
746619,home,71',4227.0,Kenny Quetant,Sofiane Boufal
746619,away,71',4240.0,Ibrahim Mbaye,Khvicha Kvaratskhelia
746619,home,84',5012.0,Yassine Kechta,Stephan Zagadou
746619,home,84',5020.0,Mbwana Samatta,Lucas Gourna-Douath
746625,away,45',2700.0,Kail Boudache,Kevin Carlos
746625,away,67',3962.0,Tiago Gouveia,Tom Louchet
746625,away,67',3986.0,Gabin Bernardeau,Sofiane Diop
746625,home,69',4140.0,Rudy Matondo,Ilan Kebbal
746625,home,70',4148.0,Jean-Philippe Krasso,Ciro Immobile
746625,home,80',4773.0,Alimami Gory,Moses Simon
746625,home,80',4774.0,Nhoa Sangui,Jonathan Ikoné
746625,away,88',5242.0,Tanguy Ndombélé,Charles Vanhoutte
746625,home,90'+3',5400.0,Vincent Marchetti,Marshall Munetsi
746626,away,45',2700.0,Emersonn,Julián Vignolo
746626,home,73',4324.0,Djaoui Cissé,Sebastian Szymanski
746626,home,73',4346.0,Ludovic Blas,Mousa Tamari
746626,away,74',4408.0,Mário Sauer,Alexis Vossah
746626,away,81',4809.0,Jacen Russell-Rowe,Warren Kamanzi
746626,home,81',4832.0,Breel Embolo,Estéban Lepaul
746626,home,90',5369.0,Nordan Mukiele,Arnaud Nordin
746629,away,63',3780.0,Stephan Zagadou,Gautier Lloris because of an injury
746629,away,64',3798.0,Enzo Koffi,Yanis Zouaoui
746629,away,64',3813.0,Mbwana Samatta,Kenny Quetant
746629,home,70',4178.0,Rémy Labeau Lascary,Junior Dina Ebimbe
746629,home,79',4681.0,Lucas Tousart,Kamory Doumbia
746629,away,81',4802.0,Reda Khadra,Sofiane Boufal
746629,away,81',4809.0,Yassine Kechta,Arouna Sangante
746629,home,90'+2',5400.0,Luck Zogbé,Bradley Locko
746629,home,90'+2',5400.0,Pathé Mboup,Ludovic Ajorque
746629,home,90'+2',5400.0,Hamidou Makalou,Romain Del Castillo
746635,away,15',893.0,Jordan Teze,Vanderson because of an injury
746635,away,54',3194.0,Christian Mawissa,Caio Henrique because of an injury
746635,away,54',3218.0,Aleksandr Golovin,Aladji Bamba
746635,home,60',3570.0,Senny Mayulu,Désiré Doué
746635,home,60',3582.0,Ousmane Dembélé,Khvicha Kvaratskhelia
746635,home,60',3585.0,Lee Kang-In,Dro Fernández
746635,home,74',4430.0,Gonçalo Ramos,Warren Zaïre-Emery
746635,away,81',4820.0,Mika Biereth,Folarin Balogun
746635,away,81',4834.0,Simon Adingra,Maghnes Akliouche
746636,home,45',2700.0,Santiago Hidalgo,Emersonn
746636,away,66',3916.0,Amine Gouiri,Mason Greenwood
746636,away,66',3921.0,Tochukwu Nnadi,Geoffrey Kondogbia
746636,home,69',4138.0,Alexis Vossah,Cristian Cásseres
746636,home,78',4675.0,Jacen Russell-Rowe,Warren Kamanzi
746636,home,79',4686.0,Julián Vignolo,Dayann Methalie
746636,away,82',4888.0,Arthur Vermeeren,Quinten Timber because of an injury
746636,away,83',4921.0,Emerson,Pierre-Emerick Aubameyang
746636,home,84',5020.0,Mário Sauer,Pape Diop
746631,away,66',3918.0,Théo Le Bris,Jean-Victor Makengo
746631,away,66',3920.0,Bamba Dieng,Aiyegun Tosin
746631,home,73',4337.0,Thomas Meunier,Tiago Santos
746631,home,73',4372.0,Félix Correia,Gaëtan Perrin
746631,home,74',4384.0,Ngal'ayel Mukau,Ayyoub Bouaddi
746631,away,74',4413.0,Darlin Yongwa,Arsène Kouassi
746631,away,74',4419.0,Sambou Soumano,Panos Katseris
746631,away,80',4741.0,Daniel Semedo,Dermane Karim
746631,home,87',5218.0,Noah Edjouma,Matias Fernandez-Pardo
746631,home,88',5240.0,Soriba Diaoune,Hákon Haraldsson
746628,away,45',2700.0,Sam Amo-Ameyaw,Gessime Yassine
746628,away,64',3836.0,Joaquín Panichelli,David Datro Fofana
746628,away,65',3856.0,Sebastian Nanasi,Martial Godo
746628,away,65',3890.0,Valentín Barco,Ben Chilwell
746628,home,77',4605.0,Lamine Sy,Marvin Senaya
746628,home,77',4610.0,Naouirou Ahamada,Josué Casimir
746628,away,78',4668.0,Maxi Oyedele,Samir El Mourabet
746637,home,21',1219.0,Emmanuel Biumla,Carlens Arcus because of an injury
746637,away,62',3707.0,Elye Wahi,Kevin Carlos
746637,away,62',3717.0,Sofiane Diop,Charles Vanhoutte
746637,away,63',3724.0,Tom Louchet,Kail Boudache
746637,home,64',3782.0,Louis Mouton,Pierrick Capelle
746637,home,64',3785.0,Prosper Peter,Goduine Koyalipou
746637,home,79',4681.0,Dan Sinaté,Florent Hanin
746637,home,79',4683.0,Harouna Djibirin,Emmanuel Biumla
746637,away,79',4698.0,Youssouf Ndayishimiye,Dante
746637,away,85',5045.0,Djibril Coulibaly,Morgan Sanson
746632,home,58',3460.0,Roman Yaremchuk,Nicolás Tagliafico
746632,home,58',3478.0,Corentin Tolisso,Khalis Merah
746632,home,65',3886.0,Endrick,Adam Karabec
746632,home,65',3895.0,Noah Nartey,Tanner Tessmann
746632,away,73',4342.0,Ciro Immobile,Jonathan Ikoné
746632,away,73',4347.0,Alimami Gory,Moses Simon
746632,away,73',4360.0,Luca Koleosho,Jean-Philippe Krasso
746632,home,82',4880.0,Adil Hamdani,Rémi Himbert
746632,away,87',5178.0,Vincent Marchetti,Rudy Matondo because of an injury
746632,away,90'+1',5400.0,Tuomas Ollila,Marshall Munetsi because of an injury
746638,away,58',3463.0,Roman Yaremchuk,Adam Karabec
746638,home,63',3773.0,Yassine Kechta,Mbwana Samatta
746638,home,68',4065.0,Yanis Zouaoui,Enzo Koffi
746638,away,72',4294.0,Noah Nartey,Orel Mangala
746638,away,80',4760.0,Adil Hamdani,Hans Hateboer
746638,away,80',4770.0,Rachid Ghezzal,Endrick
746638,away,80',4788.0,Steeve Kango,Nicolás Tagliafico
746638,home,85',5043.0,Kenny Quetant,Sofiane Boufal
746634,home,18',1075.0,Dante,Kojo Peprah Oppong because of an injury
746634,home,45',2700.0,Kevin Carlos,Mohamed-Ali Cho
746634,home,45',2700.0,Kail Boudache,Hicham Boudaoui
746634,away,45',2700.0,Djaoui Cissé,Sebastian Szymanski
746634,home,70',4160.0,Tiago Gouveia,Sofiane Diop
746634,away,70',4166.0,Ludovic Blas,Mousa Tamari
746634,away,70',4176.0,Breel Embolo,Estéban Lepaul
746634,away,70',4192.0,Nordan Mukiele,Arnaud Nordin
746634,home,80',4745.0,Antoine Mendy,Tom Louchet
746634,away,88',5224.0,Abdelhamid Aït Boudlal,Aboubakar Nagida because of an injury
746639,home,64',3799.0,Aiyegun Tosin,Bamba Dieng
746639,away,68',4080.0,Amadou Haidara,Nidal Celik
746639,away,73',4365.0,Andrija Bulatovic,Adrien Thomasson
746639,away,73',4373.0,Anthony Bermont,Abdallah Sima
746639,home,81',4845.0,Panos Katseris,Jean-Victor Makengo
746639,home,82',4876.0,Sambou Soumano,Dermane Karim
746639,away,84',4997.0,Erawan Garnier,Saud Abdulhamid
746639,away,84',4998.0,Rayan Fofana,Odsonne Édouard
746639,home,90'+6',5400.0,Nathaniel Adjei,Théo Le Bris
746640,home,62',3703.0,Amine Gouiri,CJ Egan-Riley
746640,home,63',3726.0,Emerson,Geoffrey Kondogbia
746640,away,67',3996.0,Romain Faivre,Sékou Mara
746640,away,67',4012.0,Marvin Senaya,Lamine Sy
746640,away,75',4468.0,Naouirou Ahamada,Josué Casimir
746640,away,88',5251.0,Ryan Rodin,Bryan Okoh
746640,home,90'+3',5400.0,Ethan Nwaneri,Mason Greenwood
746640,home,90'+3',5400.0,Tochukwu Nnadi,Pierre-Emerick Aubameyang
746640,home,90'+5',5400.0,Hamed Traoré,Igor Paixão
746641,away,60',3582.0,Kjetil Haug,Guillaume Restes because of an injury
746641,away,64',3835.0,Emersonn,Jacen Russell-Rowe
746641,away,65',3855.0,Mário Sauer,Alexis Vossah
746641,home,70',4177.0,Habib Diallo,Nathan Mbala
746641,home,70',4194.0,Alpha Touré,Jessy Deminguet
746641,home,71',4207.0,Giorgi Abuashvili,Koffi Kouao
746641,home,76',4535.0,Terry Yegbe,Michel Mboula because of an injury
746641,away,76',4555.0,Seny Koumbassa,Santiago Hidalgo
746641,home,89',5281.0,Lucas Michal,Bouna Sarr
746644,home,70',4193.0,Przemyslaw Frankowski,Aboubakar Nagida
746644,home,70',4198.0,Sebastian Szymanski,Mousa Tamari
746644,home,71',4217.0,Breel Embolo,Arnaud Nordin
746644,away,74',4409.0,Romain Perraud,Ngal'ayel Mukau
746644,home,81',4848.0,Yassir Zabiri,Ludovic Blas
746644,away,84',5032.0,Tiago Santos,Calvin Verdonk
746644,away,84',5036.0,Olivier Giroud,Félix Correia
746644,home,87',5215.0,Abdelhamid Aït Boudlal,Anthony Rouault
746644,away,89',5308.0,Alexsandro Ribeiro,Hákon Haraldsson
746643,home,60',3573.0,Fabián Ruiz,João Neves
746643,home,60',3589.0,Lucas Hernández,Achraf Hakimi
746643,home,60',3591.0,Senny Mayulu,Warren Zaïre-Emery
746643,away,65',3870.0,Dehmaine Tabibou,Louis Leroux
746643,away,65',3880.0,Ignatius Ganago,Mostafa Mohamed
746643,home,65',3890.0,Bradley Barcola,Ousmane Dembélé
746643,home,65',3895.0,Ibrahim Mbaye,Khvicha Kvaratskhelia
746643,away,73',4365.0,Bahmed Deuff,Johann Lepenant
746643,away,79',4738.0,Chidozie Awaziem,Mathieu Acapandié
746643,away,80',4747.0,Youssef El-Arabi,Matthis Abline
746642,home,57',3398.0,Mamadou Coulibaly,Aladji Bamba
746642,away,67',3983.0,Rémy Labeau Lascary,Junior Dina Ebimbe
746642,home,70',4177.0,Ansu Fati,Maghnes Akliouche
746642,home,70',4192.0,Mika Biereth,Folarin Balogun
746642,away,83',4926.0,Lucas Tousart,Hugo Magnetti
746642,away,83',4938.0,Pathé Mboup,Romain Del Castillo
746642,home,83',4956.0,Christian Mawissa,Simon Adingra
746642,home,83',4976.0,Kassoum Ouattara,Jordan Teze
746646,home,8',467.0,Théo De Percin,Fredrik Oppegård
746646,away,45',2700.0,Pathé Mboup,Lucas Tousart
746646,home,64',3833.0,Josué Casimir,Romain Faivre
746646,away,65',3848.0,Mama Baldé,Junior Dina Ebimbe
746646,away,76',4501.0,Bradley Locko,Daouda Guindo
746646,away,76',4505.0,Hamidou Makalou,Joris Chotard
746646,away,81',4848.0,Raphaël Le Guen,Soumaïla Coulibaly
746646,home,84',4989.0,Naouirou Ahamada,Danny Namaso
746646,home,84',4996.0,Clément Akpa,Gideon Mensah
746648,away,45',2700.0,Mamadou Coulibaly,Aladji Bamba because of an injury
746648,away,63',3737.0,Ansu Fati,Aleksandr Golovin
746648,home,68',4034.0,Noah Nartey,Khalis Merah
746648,away,74',4405.0,Christian Mawissa,Simon Adingra
746648,away,85',5062.0,Mika Biereth,Folarin Balogun
746648,away,85',5062.0,Krépin Diatta,Maghnes Akliouche
746648,home,85',5080.0,Steeve Kango,Hans Hateboer
746648,home,85',5081.0,Tanner Tessmann,Orel Mangala
746648,home,85',5085.0,Malick Fofana,Afonso Moreira
746645,home,63',3763.0,Sebastian Nanasi,Martial Godo
746645,away,64',3791.0,Willem Geubbels,Ciro Immobile
746645,away,64',3814.0,Luca Koleosho,Moses Simon
746645,away,64',3818.0,Jean-Philippe Krasso,Jonathan Ikoné
746645,home,69',4115.0,Sam Amo-Ameyaw,Gessime Yassine
746645,home,79',4738.0,David Datro Fofana,Julio Enciso
746645,away,89',5319.0,Mathieu Cafaro,Rudy Matondo
746647,home,45',2700.0,Andrija Bulatovic,Mamadou Sangaré
746647,away,58',3425.0,Lilian Raolisoa,Louis Mouton
746647,home,69',4115.0,Abdallah Sima,Florian Thauvin
746647,home,69',4128.0,Allan Saint-Maximin,Odsonne Édouard
746647,home,70',4151.0,Rayan Fofana,Florian Sotoca
746647,away,70',4170.0,Marius Courcoul,Haris Belkebla
746647,away,71',4202.0,Dan Sinaté,Florent Hanin
746647,away,71',4241.0,Harouna Djibirin,Lanroy Machine because of an injury
746647,home,81',4824.0,Fodé Sylla,Adrien Thomasson
746647,away,81',4837.0,Pierrick Capelle,Branco van den Boomen
746654,home,64',3822.0,Emersonn,Jacen Russell-Rowe
746654,home,65',3842.0,Warren Kamanzi,Santiago Hidalgo
746654,away,73',4349.0,Aiyegun Tosin,Dermane Karim
746654,away,73',4358.0,Sambou Soumano,Bamba Dieng
746654,away,79',4683.0,Panos Katseris,Théo Le Bris
746654,home,84',5028.0,Mário Sauer,Djibril Sidibé because of an injury
746649,home,18',1040.0,Ethan Nwaneri,Mason Greenwood because of an injury
746649,away,45'+8',2700.0,Arnaud Bodart,Berke Özer because of an injury
746649,home,65',3842.0,Amine Gouiri,Geoffrey Kondogbia
746649,home,75',4485.0,Hamed Traoré,Ethan Nwaneri
746649,away,78',4624.0,Romain Perraud,Calvin Verdonk
746649,away,78',4649.0,Olivier Giroud,Félix Correia
746649,home,90',5385.0,Bilal Nadir,Quinten Timber
746649,away,90',5390.0,Chancel Mbemba,Hákon Haraldsson
746650,away,45',2700.0,Joaquín Panichelli,David Datro Fofana
746650,away,62',3690.0,Samir El Mourabet,Maxi Oyedele
746650,away,62',3700.0,Gessime Yassine,Sam Amo-Ameyaw
746650,away,62',3705.0,Abdoul Ouattara,Lucas Høgsberg
746650,away,76',4533.0,Julio Enciso,Andrew Omobamidele
746650,home,81',4807.0,Louis Leroux,Dehmaine Tabibou
746650,home,81',4823.0,Herba Guirassy,Mohamed Kaba
746650,home,86',5108.0,Rémy Cabella,Ibrahima Sissoko
746651,away,43',2540.0,Beraldo,Senny Mayulu because of an injury
746651,away,64',3819.0,Ousmane Dembélé,Lee Kang-In because of an injury
746651,home,65',3870.0,Kail Boudache,Sofiane Diop
746651,home,71',4255.0,Ali Abdi,Dante
746651,home,72',4261.0,Kevin Carlos,Elye Wahi
746651,away,76',4514.0,Ibrahim Mbaye,Khvicha Kvaratskhelia
746651,away,76',4523.0,Gonçalo Ramos,Désiré Doué
746651,away,76',4529.0,Dro Fernández,Nuno Mendes
746656,home,76',4511.0,Soumaïla Coulibaly,Junior Diaz
746656,home,76',4526.0,Pathé Mboup,Junior Dina Ebimbe
746656,away,81',4812.0,Aboubakar Nagida,Alidu Seidu
746656,away,81',4827.0,Nordan Mukiele,Mousa Tamari
746656,away,88',5266.0,Sebastian Szymanski,Ludovic Blas
746655,away,55',3259.0,Roman Yaremchuk,Pavel Sulc because of an injury
746655,away,64',3804.0,Rachid Ghezzal,Corentin Tolisso
746655,home,68',4030.0,Prosper Peter,Lanroy Machine
746655,away,73',4328.0,Khalis Merah,Ainsley Maitland-Niles
746655,away,73',4340.0,Adam Karabec,Endrick
746655,away,73',4358.0,Steeve Kango,Tanner Tessmann
746655,home,86',5148.0,Florent Hanin,Lilian Raolisoa
746655,home,89',5323.0,Louis Mouton,Amine Sbaï
746655,home,89',5325.0,Pierrick Capelle,Yassin Belkhdim
746652,away,42',2510.0,Timothée Pembélé,Enzo Koffi
746652,away,42',2517.0,Yassine Kechta,Felix Mambimbi
746652,home,72',4306.0,Luca Koleosho,Jonathan Ikoné
746652,home,73',4330.0,Alimami Gory,Ciro Immobile
746652,away,75',4448.0,Mbwana Samatta,Simon Ebonog
746652,away,75',4457.0,Reda Khadra,Sofiane Boufal
746652,home,84',4989.0,Otávio,Moses Simon
746652,away,90'+2',5400.0,Godson Kyeremeh,Lucas Gourna-Douath
746657,home,71',4238.0,Mbwana Samatta,Sofiane Boufal
746657,home,77',4611.0,Godson Kyeremeh,Simon Ebonog
746657,away,78',4641.0,Josué Casimir,Fredrik Oppegård
746657,away,90'+1',5400.0,Sékou Mara,Danny Namaso
746657,home,90'+4',5400.0,Timothée Pembélé,Yanis Zouaoui because of an injury
746660,away,45',2700.0,Ali Youssif,Fabien Centonze
746660,away,45',2700.0,Deiver Machado,Ignatius Ganago
746660,home,63',3762.0,Nathan Mbala,Maxime Colin
746660,home,63',3772.0,Believe Munongo,Michel Mboula
746660,away,73',4375.0,Herba Guirassy,Matthis Abline
746660,home,80',4786.0,Lucas Michal,Bouna Sarr
746660,away,84',5036.0,Ibrahima Sissoko,Francis Coquelin
746660,home,87',5185.0,Giorgi Abuashvili,Jessy Deminguet
746660,away,90'+2',5400.0,Kelvin Amian,Mohamed Kaba
746653,home,67',3976.0,Djaoui Cissé,Sebastian Szymanski
746653,home,67',3983.0,Aboubakar Nagida,Przemyslaw Frankowski
746653,home,67',3995.0,Mousa Tamari,Arnaud Nordin
746653,home,74',4438.0,Breel Embolo,Ludovic Blas
746653,away,80',4752.0,Believe Munongo,Jessy Deminguet
746653,away,85',5076.0,Nathan Mbala,Giorgi Tsitaishvili
746653,home,85',5082.0,Yassir Zabiri,Mahdi Camara
746659,away,55',3244.0,Allan Saint-Maximin,Wesley Saïd
746659,away,55',3255.0,Amadou Haidara,Nidal Celik
746659,away,67',4000.0,Florian Sotoca,Adrien Thomasson
746659,home,73',4335.0,Olivier Giroud,Félix Correia
746659,home,73',4346.0,Benjamin André,Hákon Haraldsson
746659,home,80',4760.0,Gaëtan Perrin,Matias Fernandez-Pardo because of an injury
746659,home,80',4764.0,Ethan Mbappé,Ngal'ayel Mukau
746659,away,85',5057.0,Andrija Bulatovic,Florian Thauvin
746659,away,85',5067.0,Rayan Fofana,Odsonne Édouard
746659,home,90'+4',5400.0,Calvin Verdonk,Romain Perraud
746661,home,65',3858.0,Krépin Diatta,Christian Mawissa
746661,home,65',3883.0,Aladji Bamba,Mamadou Coulibaly
746661,away,73',4350.0,Ethan Nwaneri,Hamed Traoré
746661,home,75',4480.0,Ansu Fati,Aleksandr Golovin
746661,away,77',4570.0,Leonardo Balerdi,CJ Egan-Riley because of an injury
746661,home,84',5030.0,Mika Biereth,Folarin Balogun
746661,home,84',5036.0,Simon Adingra,Maghnes Akliouche
746661,away,89',5295.0,Emerson,Timothy Weah
746661,away,89',5300.0,Himad Abdelli,Pierre-Emile Højbjerg
746658,away,45',2700.0,Dante,Juma Bah
746658,away,45',2700.0,Charles Vanhoutte,Sofiane Diop
746658,away,45',2700.0,Mohamed-Ali Cho,Isak Jansson
746658,home,58',3431.0,Lucas Høgsberg,Ben Chilwell
746658,home,58',3442.0,Valentín Barco,Samir El Mourabet
746658,away,64',3802.0,Ali Abdi,Morgan Sanson
746658,home,77',4579.0,Emmanuel Emegha,Martial Godo
746658,home,77',4598.0,Aaron Anselmino,Andrew Omobamidele
746658,away,80',4751.0,Kail Boudache,Elye Wahi
746658,home,90'+1',5400.0,Mathis Amougou,Julio Enciso
746664,home,67',3974.0,Sékou Mara,Danny Namaso
746664,away,73',4376.0,Ibrahima Sissoko,Francis Coquelin
746664,away,74',4385.0,Fabien Centonze,Dehmaine Tabibou
746664,home,77',4600.0,Naouirou Ahamada,Romain Faivre
746664,home,77',4615.0,Lasso Coulibaly,Fredrik Oppegård
746664,away,81',4860.0,Mostafa Mohamed,Matthis Abline
746664,away,82',4876.0,Rémy Cabella,Frédéric Guilbert
746662,home,59',3529.0,João Neves,Lee Kang-In
746662,away,67',3990.0,Warren Kamanzi,Dayann Methalie
746662,home,67',4011.0,Vitinha,Beraldo
746662,home,68',4035.0,Nuno Mendes,Khvicha Kvaratskhelia
746662,away,83',4929.0,Mário Sauer,Cristian Cásseres
746662,away,83',4942.0,Ilyas Azizi,Djibril Sidibé
746662,away,83',4943.0,Jacen Russell-Rowe,Emersonn
746662,home,87',5183.0,Gonçalo Ramos,Désiré Doué
746663,home,67',3987.0,Sambou Soumano,Bamba Dieng
746663,away,71',4203.0,Luca Koleosho,Willem Geubbels
746663,away,71',4215.0,Ilan Kebbal,Jonathan Ikoné
746663,away,71',4215.0,Hamari Traoré,Maxime Lopez
746663,away,71',4217.0,Alimami Gory,Adama Camara
746663,home,72',4261.0,Aiyegun Tosin,Jean-Victor Makengo
746663,home,72',4280.0,Dermane Karim,Pablo Pagis
746663,home,81',4845.0,Panos Katseris,Théo Le Bris
746663,away,90'+3',5400.0,Samir Chergui,Moses Simon
746670,away,45',2700.0,Krépin Diatta,Jordan Teze
746670,away,45',2700.0,Christian Mawissa,Lamine Camara
746670,home,65',3860.0,Hamari Traoré,Adama Camara
746670,home,65',3876.0,Rudy Matondo,Maxime Lopez
746670,home,65',3880.0,Luca Koleosho,Jonathan Ikoné because of an injury
746670,away,69',4105.0,Paul Pogba,Thilo Kehrer
746670,away,69',4115.0,Maghnes Akliouche,Mamadou Coulibaly
746670,home,75',4484.0,Alimami Gory,Ciro Immobile
746670,away,87',5198.0,Mika Biereth,Ansu Fati
746670,home,87',5208.0,Willem Geubbels,Moses Simon because of an injury
746672,home,59',3520.0,Charlie Cresswell,Djibril Sidibé
746672,home,60',3541.0,Warren Kamanzi,Aron Dønnum
746672,home,60',3542.0,Alexis Vossah,Pape Diop
746672,home,71',4220.0,Jacen Russell-Rowe,Emersonn
746672,away,71',4236.0,Ethan Mbappé,Ngal'ayel Mukau
746672,away,71',4242.0,Gaëtan Perrin,Félix Correia
746672,home,76',4540.0,Santiago Hidalgo,Yann Gboho
746672,away,76',4547.0,Olivier Giroud,Benjamin André
746672,away,82',4919.0,Tiago Santos,Thomas Meunier
746672,away,83',4924.0,Calvin Verdonk,Romain Perraud
746667,away,23',1368.0,Panos Katseris,Théo Le Bris because of an injury
746667,home,45',2700.0,Corentin Tolisso,Rachid Ghezzal
746667,home,45',2700.0,Orel Mangala,Noah Nartey
746667,home,45',2700.0,Endrick,Steeve Kango
746667,away,73',4327.0,Darlin Yongwa,Arsène Kouassi
746667,away,73',4347.0,Aiyegun Tosin,Jean-Victor Makengo
746667,away,80',4773.0,Sambou Soumano,Bamba Dieng
746667,home,82',4876.0,Tanner Tessmann,Tyler Morton
746667,home,86',5105.0,Ruben Kluivert,Roman Yaremchuk
746666,away,45',2700.0,Vitinha,Bradley Barcola
746666,home,60',3570.0,Florian Thauvin,Wesley Saïd
746666,home,60',3575.0,Kyllian Antonio,Samson Baidoo because of an injury
746666,home,61',3612.0,Allan Saint-Maximin,Odsonne Édouard
746666,away,61',3620.0,Fabián Ruiz,Lucas Hernández
746666,away,72',4312.0,Gonçalo Ramos,Khvicha Kvaratskhelia
746666,away,76',4510.0,Dimitri Lucea,João Neves
746666,away,76',4524.0,Ibrahim Mbaye,Ousmane Dembélé
746666,home,85',5082.0,Andrija Bulatovic,Ruben Aguilar
746666,home,85',5089.0,Florian Sotoca,Abdallah Sima
746669,away,70',4195.0,Sofiane Boufal,Fodé Doucouré
746669,away,71',4204.0,Timothée Pembélé,Simon Ebonog
746669,home,75',4497.0,Sofiane Diop,Charles Vanhoutte because of an injury
746669,home,81',4823.0,Tom Louchet,Ali Abdi
746669,home,81',4826.0,Kevin Carlos,Mohamed-Ali Cho
746669,away,85',5055.0,Loïc Négo,Yanis Zouaoui
746669,away,87',5180.0,Stephan Zagadou,Mbwana Samatta because of an injury
746669,home,90'+1',5400.0,Isak Jansson,Elye Wahi
746668,home,72',4310.0,Arthur Vermeeren,Pierre-Emerick Aubameyang
746668,away,81',4854.0,Nathan Mbala,Jessy Deminguet
746668,away,82',4868.0,Fodé Ballo-Touré,Maxime Colin
746668,home,82',4894.0,Hamed Traoré,Mason Greenwood
746668,home,82',4914.0,Tochukwu Nnadi,Quinten Timber
746668,away,87',5202.0,Lucas Michal,Alpha Touré
746668,home,90'+1',5400.0,Himad Abdelli,Igor Paixão
746665,home,64',3824.0,Rémy Labeau Lascary,Junior Dina Ebimbe
746665,away,72',4313.0,Sam Amo-Ameyaw,Diego Moreira
746665,home,77',4617.0,Hamidou Makalou,Kamory Doumbia
746665,home,78',4628.0,Pathé Mboup,Romain Del Castillo
746665,away,82',4864.0,Yaya Diémé,Martial Godo
746665,home,83',4970.0,Lucas Tousart,Joris Chotard
746665,home,84',4982.0,Mama Baldé,Hugo Magnetti
746665,away,90'+2',5400.0,Tyrese Noubissie,Valentín Barco
746673,home,45',2700.0,Emmanuel Biumla,Ousmane Camara
746673,away,68',4061.0,Simon Ebonog,Lucas Gourna-Douath
746673,away,68',4079.0,Yassine Kechta,Mbwana Samatta
746673,away,69',4104.0,Loïc Négo,Fodé Doucouré
746673,home,73',4373.0,Louis Mouton,Pierrick Capelle
746673,away,80',4792.0,Timothée Pembélé,Sofiane Boufal
746673,home,80',4795.0,Goduine Koyalipou,Prosper Peter
746673,home,89',5312.0,Lanroy Machine,Amine Sbaï
746673,away,90'+1',5400.0,Daren Mosengo,Rassoul Ndiaye
746674,away,45',2700.0,Pape Diop,Santiago Hidalgo
746674,home,55',3282.0,Odsonne Édouard,Rayan Fofana
746674,home,55',3294.0,Allan Saint-Maximin,Wesley Saïd
746674,away,64',3807.0,Dayann Methalie,Aron Dønnum
746674,away,64',3833.0,Jacen Russell-Rowe,Emersonn
746674,away,72',4303.0,Djibril Sidibé,Charlie Cresswell
746674,home,72',4305.0,Florian Thauvin,Florian Sotoca
746674,away,76',4517.0,Mário Sauer,Alexis Vossah because of an injury
746674,home,85',5048.0,Samson Baidoo,Arthur Masuaku
746674,home,85',5064.0,Andrija Bulatovic,Adrien Thomasson
746677,home,30',1769.0,Giorgi Kvilitaia,Habib Diallo because of an injury
746677,home,57',3374.0,Bouna Sarr,Michel Mboula
746677,away,66',3914.0,Vincent Marchetti,Alimami Gory
746677,home,74',4433.0,Jahyann Pandore,Terry Yegbe
746677,home,75',4449.0,Lucas Michal,Nathan Mbala
746677,home,75',4458.0,Benjamin Stambouli,Jessy Deminguet
746677,away,78',4622.0,Willem Geubbels,Ciro Immobile
746677,away,78',4630.0,Adama Camara,Hamari Traoré
746677,away,88',5226.0,Mathieu Cafaro,Luca Koleosho because of an injury
746677,away,88',5231.0,Nhoa Sangui,Thibault De Smet
746676,away,45',2700.0,Timothy Weah,Igor Paixão
746676,away,59',3525.0,Ethan Nwaneri,Amine Gouiri
746676,away,59',3540.0,Bilal Nadir,Himad Abdelli
746676,home,69',4121.0,Laurent Abergel,Jean-Victor Makengo
746676,home,75',4456.0,Aiyegun Tosin,Bamba Dieng
746676,away,76',4537.0,Arthur Vermeeren,Pierre-Emile Højbjerg
746676,away,76',4548.0,Ugo El Kadmiri,Pierre-Emerick Aubameyang
746676,home,82',4881.0,Igor Silva,Panos Katseris
746676,home,82',4891.0,Sambou Soumano,Pablo Pagis
746671,away,62',3684.0,Prosper Peter,Lanroy Machine
746671,away,62',3688.0,Pierrick Capelle,Louis Mouton
746671,home,73',4345.0,Przemyslaw Frankowski,Alidu Seidu
746671,home,73',4346.0,Nordan Mukiele,Mousa Tamari
746671,home,73',4379.0,Sebastian Szymanski,Breel Embolo
746671,home,85',5097.0,Aboubakar Nagida,Ludovic Blas
746671,away,86',5105.0,Goduine Koyalipou,Branco van den Boomen
746671,away,90'+3',5400.0,Florent Hanin,Amine Sbaï
746671,away,90'+3',5400.0,Dan Sinaté,Lilian Raolisoa
746675,home,56',3322.0,Ethan Mbappé,Félix Correia
746675,home,56',3334.0,Olivier Giroud,Ngal'ayel Mukau
746675,home,78',4650.0,Osame Sahraoui,Ayyoub Bouaddi
746675,away,83',4954.0,Isak Jansson,Jonathan Clauss because of an injury
746675,away,83',4974.0,Tom Louchet,Mohamed-Ali Cho
746675,away,84',5000.0,Djibril Coulibaly,Tanguy Ndombélé
746675,away,90',5380.0,Kail Boudache,Sofiane Diop
746675,away,90',5399.0,Tiago Gouveia,Elye Wahi
746675,home,90'+1',5400.0,Gaëtan Perrin,Matias Fernandez-Pardo
746678,home,45',2700.0,Simon Adingra,Aladji Bamba
746678,away,54',3221.0,Josué Casimir,Fredrik Oppegård because of an injury
746678,away,68',4046.0,Lamine Sy,Marvin Senaya
746678,away,68',4054.0,Naouirou Ahamada,Danny Namaso
746678,away,72',4316.0,Théo De Percin,Donovan Léon because of an injury
746678,home,77',4615.0,Mamadou Coulibaly,Jordan Teze
746678,home,78',4637.0,Aleksandr Golovin,Ansu Fati
746678,home,88',5268.0,Mika Biereth,Folarin Balogun
746681,home,45',2700.0,Martial Godo,David Datro Fofana
746681,home,57',3389.0,Samir El Mourabet,Maxi Oyedele
746681,home,57',3415.0,Julio Enciso,Idrissa Sabaly
746681,home,57',3419.0,Andrew Omobamidele,Gessime Yassine
746681,away,68',4034.0,Arnaud Nordin,Mousa Tamari
746681,away,68',4054.0,Djaoui Cissé,Breel Embolo
746681,away,68',4069.0,Aboubakar Nagida,Alidu Seidu
746681,home,82',4865.0,Tyrese Noubissie,Sebastian Nanasi
746681,away,82',4896.0,Glen Kamara,Mahdi Camara
746681,away,86',5150.0,Yassir Zabiri,Sebastian Szymanski
746685,away,65',3894.0,Andrew Omobamidele,Ismaël Doukouré
746685,away,67',3981.0,Abdoul Ouattara,Samir El Mourabet
746685,away,67',4004.0,Martial Godo,Julio Enciso
746685,home,69',4126.0,Aiyegun Tosin,Bamba Dieng
746685,home,70',4147.0,Arthur Avom,Laurent Abergel
746685,away,76',4513.0,Diego Moreira,Junior Mwanga
746685,home,82',4866.0,Sambou Soumano,Jean-Victor Makengo
746685,home,82',4894.0,Dermane Karim,Pablo Pagis
746685,away,85',5085.0,Emmanuel Emegha,Gessime Yassine
746685,home,85',5098.0,Igor Silva,Panos Katseris because of an injury
746679,home,45',2700.0,Louis Leroux,Francis Coquelin
746679,away,67',3981.0,Hamidou Makalou,Junior Dina Ebimbe
746679,away,67',4004.0,Kenny Lala,Daouda Guindo
746679,home,77',4608.0,Matthis Abline,Mostafa Mohamed
746679,away,78',4624.0,Pathé Mboup,Hugo Magnetti
746679,home,90'+1',5400.0,Mathieu Acapandié,Ignatius Ganago
746680,home,39',2295.0,Warren Zaïre-Emery,Vitinha because of an injury
746680,home,59',3508.0,Ousmane Dembélé,Gonçalo Ramos
746680,home,59',3513.0,Khvicha Kvaratskhelia,Désiré Doué
746680,home,59',3519.0,Lee Kang-In,Senny Mayulu
746680,away,60',3589.0,Hans Hateboer,Ruben Kluivert
746680,home,72',4285.0,Fabián Ruiz,Bradley Barcola
746680,away,79',4720.0,Tanner Tessmann,Orel Mangala
746680,away,79',4725.0,Adam Karabec,Endrick
746680,away,85',5091.0,Noham Kamara,Khalis Merah because of an injury
746683,away,52',3102.0,Florian Thauvin,Florian Sotoca
746683,away,52',3117.0,Saud Abdulhamid,Ruben Aguilar
746683,away,53',3128.0,Allan Saint-Maximin,Wesley Saïd
746683,away,53',3132.0,Samson Baidoo,Arthur Masuaku because of an injury
746683,away,64',3827.0,Odsonne Édouard,Abdallah Sima
746683,home,67',3974.0,Mama Baldé,Junior Dina Ebimbe
746683,home,80',4745.0,Junior Diaz,Lucas Tousart
746683,home,88',5277.0,Luck Zogbé,Daouda Guindo because of an injury
746683,home,89',5296.0,Pathé Mboup,Romain Del Castillo
746689,home,68',4039.0,Sebastian Szymanski,Ludovic Blas
746689,home,68',4041.0,Aboubakar Nagida,Alidu Seidu
746689,away,68',4062.0,Dehmaine Tabibou,Mohamed Kaba
746689,away,68',4067.0,Herba Guirassy,Louis Leroux
746689,away,77',4563.0,Mathieu Acapandié,Frédéric Guilbert
746689,home,81',4829.0,Yassir Zabiri,Breel Embolo
746689,away,87',5200.0,Youssef El-Arabi,Matthis Abline
746689,away,87',5205.0,Mostafa Mohamed,Ignatius Ganago
746689,home,90'+1',5400.0,Nordan Mukiele,Mousa Tamari
746692,home,70',4183.0,Pavel Sulc,Roman Yaremchuk
746692,away,70',4197.0,Ludovic Blas,Sebastian Szymanski
746692,away,71',4205.0,Aboubakar Nagida,Alidu Seidu
746692,home,84',5005.0,Ruben Kluivert,Tyler Morton because of an injury
746692,home,84',5024.0,Mathys de Carvalho,Khalis Merah because of an injury
746692,home,84',5035.0,Ernest Nuamah,Endrick
746692,away,87',5200.0,Nordan Mukiele,Mousa Tamari
746692,away,87',5205.0,Yassir Zabiri,Estéban Lepaul
746692,away,87',5210.0,Djaoui Cissé,Mahdi Camara
746692,home,90'+3',5400.0,Noah Nartey,Abner Vinícius
746682,away,45',2700.0,Dro Fernández,Achraf Hakimi
746682,away,45',2700.0,Warren Zaïre-Emery,Lucas Hernández
746682,away,45',2700.0,João Neves,Fabián Ruiz
746682,away,63',3748.0,Ibrahim Mbaye,Bradley Barcola
746682,home,66',3958.0,Lanroy Machine,Amine Sbaï
746682,home,67',3978.0,Goduine Koyalipou,Prosper Peter
746682,home,67',4008.0,Florent Hanin,Lilian Raolisoa
746682,away,72',4261.0,Nuno Mendes,Senny Mayulu
746682,home,73',4373.0,Louis Mouton,Pierrick Capelle
746682,home,86',5137.0,Bané Diatta,Abdoulaye Bamba
746686,home,34',2005.0,Tanner Tessmann,Orel Mangala because of an injury
746686,home,58',3441.0,Corentin Tolisso,Khalis Merah
746686,home,58',3444.0,Pavel Sulc,Tyler Morton
746686,away,59',3511.0,Clément Akpa,Fredrik Oppegård because of an injury
746686,away,59',3512.0,Lamine Sy,Marvin Senaya
746686,away,75',4472.0,Naouirou Ahamada,Romain Faivre
746686,away,75',4490.0,Josué Casimir,Lassine Sinayoko
746686,away,75',4492.0,Sékou Mara,Danny Namaso
746686,home,77',4587.0,Nicolás Tagliafico,Roman Yaremchuk
746686,home,77',4599.0,Ruben Kluivert,Endrick
746687,away,45',2700.0,Sofiane Diop,Morgan Sanson
746687,home,62',3715.0,Tadjidine Mmadi,Emerson
746687,home,63',3727.0,Mason Greenwood,Arthur Vermeeren
746687,away,67',4009.0,Kail Boudache,Mohamed-Ali Cho
746687,home,80',4794.0,Nouhoum Kamissoko,Tochukwu Nnadi because of an injury
746687,home,81',4816.0,Himad Abdelli,Quinten Timber
746687,away,81',4843.0,Kevin Carlos,Salis Abdul Samed
746687,away,81',4853.0,Ali Abdi,Melvin Bard
746687,away,90'+1',5400.0,Charles Vanhoutte,Elye Wahi
746684,away,18',1044.0,Nathan Mbala,Jean-Philippe Gbamin because of an injury
746684,away,45',2700.0,Benjamin Stambouli,Alpha Touré
746684,home,45',2700.0,Lucas Gourna-Douath,Rassoul Ndiaye
746684,away,45',2700.0,Jahyann Pandore,Michel Mboula
746684,home,69',4135.0,Godson Kyeremeh,Fodé Doucouré
746684,home,79',4687.0,Timothée Pembélé,Yanis Zouaoui
746684,home,79',4702.0,Sofiane Boufal,Yassine Kechta
746684,away,82',4867.0,Giorgi Abuashvili,Jessy Deminguet
746684,away,82',4873.0,Lucas Michal,Giorgi Kvilitaia
746684,home,90'+4',5400.0,Daren Mosengo,Simon Ebonog
746688,home,45',2700.0,Rudy Matondo,Maxime Lopez
746688,home,45',2700.0,Alimami Gory,Marshall Munetsi
746688,home,69',4081.0,Ilan Kebbal,Moses Simon
746688,home,69',4090.0,Luca Koleosho,Ciro Immobile
746688,away,78',4667.0,Ethan Mbappé,Hákon Haraldsson
746688,away,83',4966.0,Olivier Giroud,Matias Fernandez-Pardo
746688,away,83',4978.0,Gaëtan Perrin,Félix Correia
746688,home,90'+2',5400.0,Hamari Traoré,Adama Camara
746693,away,58',3440.0,Ansu Fati,Simon Adingra
746693,away,58',3451.0,Aladji Bamba,Paul Pogba
746693,away,58',3455.0,Mamadou Coulibaly,Lamine Camara
746693,home,73',4374.0,Believe Munongo,Benjamin Stambouli
746693,home,74',4384.0,Giorgi Abuashvili,Nathan Mbala
746693,away,74',4405.0,Mika Biereth,Aleksandr Golovin
746693,home,81',4859.0,Jahyann Pandore,Jessy Deminguet
746693,home,81',4860.0,Habib Diallo,Giorgi Kvilitaia
746693,away,84',4991.0,Caio Henrique,Christian Mawissa
746696,home,45',2700.0,Samir El Mourabet,Abdoul Ouattara
746696,away,63',3730.0,Emersonn,Jacen Russell-Rowe
746696,home,63',3747.0,Diego Moreira,Mathis Amougou
746696,home,71',4242.0,Andrew Omobamidele,Ismaël Doukouré
746696,home,72',4263.0,Julio Enciso,Yaya Diémé because of an injury
746696,away,77',4620.0,Warren Kamanzi,Dayann Methalie
746696,away,78',4640.0,Djibril Sidibé,Santiago Hidalgo
746696,away,82',4880.0,Ilyas Azizi,Yann Gboho
746696,away,82',4894.0,Mário Sauer,Alexis Vossah because of an injury
746696,home,82',4900.0,Emmanuel Emegha,Sebastian Nanasi
746697,home,71',4245.0,Salis Abdul Samed,Morgan Sanson
746697,home,71',4250.0,Ali Abdi,Kail Boudache
746697,home,71',4253.0,Isak Jansson,Mohamed-Ali Cho
746697,away,77',4584.0,Abdallah Sima,Odsonne Édouard
746697,away,86',5116.0,Ruben Aguilar,Florian Thauvin
746697,home,90'+1',5400.0,Kevin Carlos,Sofiane Diop
746697,home,90'+1',5400.0,Charles Vanhoutte,Hicham Boudaoui
746690,away,61',3606.0,Aleksandr Golovin,Ansu Fati
746690,home,74',4384.0,Emersonn,Jacen Russell-Rowe
746690,away,75',4454.0,Eric Dier,Maghnes Akliouche
746690,home,79',4716.0,Mário Sauer,Alexis Vossah
746690,home,79',4725.0,Ilyas Azizi,Santiago Hidalgo
746690,away,84',4982.0,Mika Biereth,Folarin Balogun
746690,away,84',4991.0,Paul Pogba,Simon Adingra
746690,home,90'+1',5400.0,Julián Vignolo,Pape Diop
746690,home,90'+1',5400.0,Warren Kamanzi,Dayann Methalie
746694,home,26',1524.0,Mathieu Acapandié,Deiver Machado because of an injury
746694,away,45',2700.0,Ange Lago,Pierre-Emerick Aubameyang
746694,away,45',2700.0,Igor Paixão,Quinten Timber
746694,away,65',3873.0,Amine Gouiri,Arthur Vermeeren
746694,home,69',4096.0,Francis Coquelin,Mohamed Kaba
746694,home,69',4109.0,Louis Leroux,Rémy Cabella
746694,home,79',4711.0,Uros Radakovic,Ibrahima Sissoko
746694,home,79',4728.0,Ali Youssif,Frédéric Guilbert
746694,away,88',5235.0,Hilan Slimani,Leonardo Balerdi
746694,away,90'+4',5400.0,Ugo El Kadmiri,Hamed Traoré because of an injury
746691,away,64',3836.0,Timothée Pembélé,Fodé Doucouré
746691,away,65',3852.0,Yassine Kechta,Sofiane Boufal
746691,home,66',3950.0,Ethan Mbappé,Ngal'ayel Mukau
746691,home,74',4411.0,Calvin Verdonk,Romain Perraud
746691,home,74',4412.0,Olivier Giroud,Félix Correia
746691,away,75',4452.0,Enzo Koffi,Yanis Zouaoui
746691,home,84',5035.0,Gaëtan Perrin,Ayyoub Bouaddi
746691,home,85',5048.0,Tiago Santos,Thomas Meunier
746691,away,88',5255.0,Étienne Youté,Mbwana Samatta because of an injury
746695,home,61',3654.0,Warren Zaïre-Emery,Fabián Ruiz
746695,home,62',3667.0,João Neves,Ibrahim Mbaye
746695,away,72',4294.0,Dermane Karim,Pablo Pagis
746695,away,72',4311.0,Aiyegun Tosin,Bamba Dieng
746695,away,73',4325.0,Jean-Victor Makengo,Arthur Avom
746695,home,75',4451.0,Pierre Mounguengue,Désiré Doué
746695,away,80',4747.0,Darlin Yongwa,Panos Katseris
746698,away,60',3550.0,Junior Dina Ebimbe,Rémy Labeau Lascary
746698,away,60',3575.0,Hamidou Makalou,Lucas Tousart
746698,home,65',3868.0,Luca Koleosho,Willem Geubbels
746698,home,65',3887.0,Maxime Lopez,Ilan Kebbal
746698,away,70',4192.0,Kamory Doumbia,Hugo Magnetti
746698,away,71',4210.0,Mama Baldé,Romain Del Castillo
746698,home,77',4578.0,Vincent Marchetti,Rudy Matondo
746698,home,77',4582.0,Ciro Immobile,Jonathan Ikoné
746698,away,83',4932.0,Pathé Mboup,Joris Chotard
746698,home,85',5093.0,Tuomas Ollila,Hamari Traoré
746700,home,13',753.0,Clément Akpa,Bryan Okoh because of an injury
746700,away,59',3521.0,Ali Abdi,Melvin Bard
746700,away,59',3536.0,Tom Louchet,Salis Abdul Samed
746700,home,71',4245.0,Marvin Senaya,Lamine Sy
746700,away,76',4520.0,Elye Wahi,Mohamed-Ali Cho
746700,away,76',4535.0,Kevin Carlos,Morgan Sanson
746700,away,81',4850.0,Isak Jansson,Sofiane Diop
746700,home,86',5130.0,Lasso Coulibaly,Danny Namaso
746700,home,86',5139.0,Josué Casimir,Sékou Mara
746699,away,62',3710.0,Goduine Koyalipou,Prosper Peter
746699,away,62',3715.0,Louis Mouton,Pierrick Capelle
746699,away,71',4218.0,Lanroy Machine,Marius Louër
746699,home,78',4674.0,Clément Akpa,Gideon Mensah
746699,home,79',4681.0,Lasso Coulibaly,Sékou Mara
746699,home,79',4692.0,Josué Casimir,Naouirou Ahamada
746699,away,86',5102.0,Carlens Arcus,Lilian Raolisoa
746699,away,86',5108.0,Florent Hanin,Branco van den Boomen
746699,home,87',5201.0,Assane Dioussé,Kévin Danois
746699,home,90'+5',5400.0,Mamoudou Cissokho,Danny Namaso because of an injury
746702,home,45',2700.0,Florian Sotoca,Rayan Fofana
746702,home,59',3521.0,Ruben Aguilar,Odsonne Édouard
746702,home,65',3864.0,Fodé Sylla,Amadou Haidara
746702,away,66',3936.0,Ali Youssif,Uros Radakovic because of an injury
746702,home,79',4687.0,Anthony Bermont,Wesley Saïd
746702,home,79',4701.0,Mezian Soares,Abdallah Sima
746702,away,82',4881.0,Mostafa Mohamed,Ignatius Ganago
746702,away,82',4890.0,Louis Leroux,Mohamed Kaba
746702,away,82',4902.0,Youssef El-Arabi,Matthis Abline
746702,away,87',5182.0,Dehmaine Tabibou,Frédéric Guilbert
746703,away,45',2700.0,Nabil Bentaleb,Ayyoub Bouaddi
746703,home,58',3458.0,Wout Faes,Simon Adingra
746703,home,58',3479.0,Mamadou Coulibaly,Aladji Bamba
746703,home,59',3491.0,Ansu Fati,Aleksandr Golovin
746703,away,62',3666.0,Ethan Mbappé,Ngal'ayel Mukau
746703,away,71',4230.0,Gaëtan Perrin,Félix Correia
746703,home,80',4759.0,Mika Biereth,Jordan Teze
746703,home,80',4761.0,Ilane Touré,Thilo Kehrer
746703,away,89',5338.0,Calvin Verdonk,Hákon Haraldsson
746703,away,90',5352.0,Alexsandro Ribeiro,Romain Perraud
746701,away,66',3923.0,Arthur Vermeeren,Tochukwu Nnadi
746701,home,72',4285.0,Simon Ebonog,Sofiane Boufal
746701,home,72',4290.0,Timothée Pembélé,Fodé Doucouré
746701,home,80',4753.0,Enzo Koffi,Yanis Zouaoui
746701,away,87',5164.0,Nouhoum Kamissoko,Quinten Timber
746701,away,87',5167.0,Ange Lago,Mason Greenwood
746701,home,89',5281.0,Yassine Kechta,Lucas Gourna-Douath
746701,away,90',5352.0,Ugo El Kadmiri,Amine Gouiri
746710,home,45',2700.0,Ethan Mbappé,Nabil Bentaleb
746710,home,45',2700.0,Olivier Giroud,Ngal'ayel Mukau
746710,home,45',2700.0,Calvin Verdonk,Romain Perraud
746710,home,62',3695.0,Osame Sahraoui,Félix Correia
746710,away,72',4302.0,Josué Casimir,Danny Namaso because of an injury
746710,home,82',4889.0,Gaëtan Perrin,Hákon Haraldsson
746710,away,82',4918.0,Marvin Senaya,Sékou Mara
746709,away,49',2901.0,Melvin Zinga,Hervé Koffi because of an injury
746709,home,64',3825.0,Rémy Labeau Lascary,Romain Del Castillo because of an injury
746709,away,65',3890.0,Jacques Ekomié,Florent Hanin
746709,away,65',3892.0,Carlens Arcus,Abdoulaye Bamba
746709,home,73',4372.0,Hugo Magnetti,Kamory Doumbia
746709,home,74',4382.0,Joris Chotard,Lucas Tousart
746709,away,78',4675.0,Lanroy Machine,Goduine Koyalipou
746709,away,78',4676.0,Emmanuel Biumla,Pierrick Capelle
746709,home,82',4889.0,Bradley Locko,Daouda Guindo
746709,home,82',4904.0,Ibrahim Kanté,Pathé Mboup
746708,home,40',2364.0,Giorgi Abuashvili,Nathan Mbala because of an injury
746708,away,62',3691.0,Pablo Pagis,Dermane Karim
746708,away,62',3700.0,Isaak Touré,Abdoulaye Faye
746708,home,64',3839.0,Habib Diallo,Giorgi Kvilitaia
746708,home,65',3845.0,Benjamin Stambouli,Koffi Kouao
746708,away,74',4412.0,Bamba Dieng,Aiyegun Tosin
746708,away,74',4438.0,Arthur Avom,Jean-Victor Makengo
746708,home,76',4552.0,Believe Munongo,Jean-Philippe Gbamin
746708,away,90'+5',5400.0,Igor Silva,Panos Katseris
746704,home,45',2700.0,Goduine Koyalipou,Prosper Peter
746704,away,45',2700.0,Rafael Luís,Maxi Oyedele
746704,home,61',3623.0,Lanroy Machine,Louis Mouton because of an injury
746704,away,75',4449.0,Tyrese Noubissie,Mathis Amougou
746704,away,75',4451.0,Gessime Yassine,Yaya Diémé
746704,home,86',5124.0,Emmanuel Biumla,Goduine Koyalipou because of an injury
746704,home,86',5138.0,Abdoulaye Bamba,Lilian Raolisoa
746704,away,90',5368.0,Jean-Baptiste Bosey,Lucas Høgsberg
746704,home,90'+2',5400.0,Florent Hanin,Pierrick Capelle
746707,home,60',3546.0,Warren Kamanzi,Dayann Methalie because of an injury
746707,home,61',3606.0,Pape Diop,Alexis Vossah
746707,home,61',3622.0,Emersonn,Jacen Russell-Rowe
746707,away,67',3975.0,Pavel Sulc,Khalis Merah
746707,home,82',4870.0,Djibril Sidibé,Santiago Hidalgo
746707,away,83',4949.0,Noah Nartey,Tyler Morton
746707,away,83',4960.0,Ernest Nuamah,Roman Yaremchuk
746707,away,89',5336.0,Malick Fofana,Ainsley Maitland-Niles
746707,home,90'+1',5400.0,Seny Koumbassa,Yann Gboho
746705,home,53',3161.0,Désiré Doué,Lee Kang-In
746705,home,61',3646.0,Ousmane Dembélé,Gonçalo Ramos
746705,home,61',3656.0,Khvicha Kvaratskhelia,Fabián Ruiz
746705,away,67',4003.0,Rémy Labeau Lascary,Kamory Doumbia
746705,home,69',4107.0,João Neves,Bradley Barcola
746705,away,87',5219.0,Mama Baldé,Romain Del Castillo
746705,away,88',5229.0,Hamidou Makalou,Lucas Tousart
746713,away,27',1605.0,Gonçalo Ramos,Ousmane Dembélé because of an injury
746713,away,45',2700.0,Dro Fernández,Dimitri Lucea because of an injury
746713,away,58',3461.0,Senny Mayulu,Khvicha Kvaratskhelia
746713,away,58',3468.0,Ibrahim Mbaye,Bradley Barcola
746713,away,58',3471.0,Lee Kang-In,Warren Zaïre-Emery
746713,home,67',3990.0,Maxime Lopez,Moses Simon
746713,home,67',4009.0,Alimami Gory,Jonathan Ikoné
746713,home,67',4020.0,Ilan Kebbal,Marshall Munetsi
746713,home,68',4040.0,Luca Koleosho,Willem Geubbels
746713,away,68',4045.0,João Neves,Vitinha
746713,home,77',4572.0,Vincent Marchetti,Rudy Matondo
746713,home,84',5032.0,Hamari Traoré,Otávio
746706,away,45',2700.0,Maxime Lopez,Ilan Kebbal
746706,home,66',3952.0,Arnaud Nordin,Ludovic Blas
746706,home,67',3974.0,Breel Embolo,Sebastian Szymanski
746706,away,71',4220.0,Ciro Immobile,Willem Geubbels because of an injury
746706,home,76',4545.0,Alidu Seidu,Aboubakar Nagida
746706,away,76',4558.0,Adama Camara,Hamari Traoré
746706,away,77',4572.0,Jonathan Ikoné,Alimami Gory
746706,away,83',4932.0,Vincent Marchetti,Pierre Lees-Melou
746706,home,87',5175.0,Djaoui Cissé,Estéban Lepaul
746716,away,21',1202.0,Aladji Bamba,Thilo Kehrer because of an injury
746716,home,59',3482.0,Tyrese Noubissie,Valentín Barco
746716,away,67',3987.0,Mamadou Coulibaly,Maghnes Akliouche
746716,away,67',3990.0,Ilane Touré,Jordan Teze
746716,away,76',4541.0,Paris Brunner,Simon Adingra
746716,away,76',4551.0,Mika Biereth,Folarin Balogun
746716,home,90'+1',5400.0,Lucas Høgsberg,Sebastian Nanasi
746712,away,39',2299.0,Ismaëlo Ganiou,Kyllian Antonio because of an injury
746712,home,45',2700.0,Roman Yaremchuk,Ruben Kluivert
746712,home,45',2700.0,Hans Hateboer,Ainsley Maitland-Niles
746712,away,45',2700.0,Matthieu Udol,Malang Sarr
746712,away,45',2700.0,Ruben Aguilar,Saud Abdulhamid
746712,away,61',3629.0,Abdallah Sima,Florian Thauvin
746712,away,61',3635.0,Adrien Thomasson,Amadou Haidara
746712,home,71',4238.0,Ernest Nuamah,Orel Mangala
746712,home,71',4239.0,Malick Fofana,Endrick
746711,away,45',2700.0,Timothée Pembélé,Enzo Koffi
746711,home,66',3960.0,Arthur Avom,Laurent Abergel
746711,home,67',3969.0,Dermane Karim,Jean-Victor Makengo
746711,home,67',3970.0,Aiyegun Tosin,Pablo Pagis
746711,away,73',4330.0,Simon Ebonog,Yassine Kechta
746711,away,73',4331.0,Loïc Négo,Fodé Doucouré
746711,home,73',4356.0,Bamo Meïté,Nathaniel Adjei
746711,home,81',4841.0,Sambou Soumano,Bamba Dieng
746711,away,85',5064.0,Felix Mambimbi,Sofiane Boufal
746711,away,90'+3',5400.0,Georges Gomis,Arouna Sangante
746715,home,45',2700.0,Mohamed-Ali Cho,Kail Boudache
746715,home,45',2700.0,Hicham Boudaoui,Charles Vanhoutte
746715,away,65',3881.0,Jean-Philippe Gbamin,Believe Munongo
746715,away,65',3883.0,Boubacar Traoré,Benjamin Stambouli
746715,home,72',4293.0,Isak Jansson,Sofiane Diop
746715,away,75',4487.0,Jahyann Pandore,Giorgi Abuashvili
746715,home,78',4672.0,Kevin Carlos,Jonathan Clauss
746715,away,85',5053.0,Michel Mboula,Alpha Touré
746715,home,87',5199.0,Tom Louchet,Morgan Sanson
746717,away,45',2700.0,Breel Embolo,Sebastian Szymanski
746717,away,67',4000.0,Arnaud Nordin,Mousa Tamari
746717,home,72',4309.0,Arthur Vermeeren,Igor Paixão
746717,away,79',4732.0,Nordan Mukiele,Ludovic Blas
746717,home,82',4915.0,Nouhoum Kamissoko,Tochukwu Nnadi
746717,home,82',4918.0,Quinten Timber,Pierre-Emile Højbjerg
746717,home,88',5267.0,Benjamin Pavard,Timothy Weah
746633,away,15',890.0,Pierrick Capelle,Yassin Belkhdim because of an injury
746633,away,45',2700.0,Lilian Raolisoa,Emmanuel Biumla
746633,home,65',3892.0,Francis Coquelin,Louis Leroux
746633,home,65',3897.0,Dehmaine Tabibou,Deiver Machado
746633,home,66',3908.0,Mostafa Mohamed,Ignatius Ganago
746633,home,75',4459.0,Frédéric Guilbert,Chidozie Awaziem
746633,home,75',4479.0,Rémy Cabella,Fabien Centonze
746633,away,87',5212.0,Louis Mouton,Amine Sbaï
746633,away,87',5216.0,Lanroy Machine,Goduine Koyalipou
746633,away,90'+3',5400.0,Abdoulaye Bamba,Carlens Arcus because of an injury
