event_id,home_away,minute,minute_sec,player_in,player_out
748144,home,67',4014.0,Arnaut Danjuma,Hugo Duro
748144,home,68',4028.0,André Almeida,Dani Raba
748144,away,68',4067.0,Orri Óskarsson,Brais Méndez
748144,away,68',4070.0,Aritz Elustondo,Duje Caleta-Car
748144,home,80',4745.0,Jesús Vázquez,José Gayà because of an injury
748144,home,80',4751.0,Baptiste Santamaría,Pepelu
748144,away,80',4766.0,Sergio Gómez,Aihen Muñoz
748144,away,80',4767.0,Gonçalo Guedes,Takefusa Kubo
748144,away,80',4768.0,Urko González de Zárate,Beñat Turrientes
748144,home,87',5203.0,Filip Ugrinic,Javi Guerra
748145,away,66',3910.0,Víctor Muñoz,Rubén García
748145,home,68',4056.0,Dani Carvajal,Trent Alexander-Arnold
748145,home,68',4069.0,Franco Mastantuono,Brahim Díaz
748145,away,77',4616.0,Moi Gómez,Aimar Oroz
748145,home,78',4648.0,Gonzalo García,Vinícius Júnior
748145,away,85',5054.0,Raúl García,Juan Cruz
748145,home,90',5385.0,Dani Ceballos,Arda Güler
748146,home,45',2700.0,Kike García,Ramon Terrats
748146,home,45',2700.0,Tyrhys Dolan,Jofre Carreras
748146,away,45',2700.0,Pablo Barrios,Johnny Cardoso
748146,away,45',2700.0,Koke,Conor Gallagher
748146,home,66',3907.0,Miguel Rubio,Fernando Calero
748146,away,68',4054.0,Antoine Griezmann,Álex Baena
748146,away,68',4068.0,Giacomo Raspadori,Thiago Almada
748146,home,74',4394.0,Pere Milla,Roberto Fernández
748146,away,82',4873.0,Alexander Sørloth,Julián Alvarez
748146,home,88',5237.0,José Salinas,Javi Puado
748147,home,65',3858.0,Mourad El Ghezouani,Álvaro Rodríguez
748147,home,65',3862.0,Jairo Izquierdo,Marc Aguado
748147,home,65',3880.0,Martim Neto,Ali Houary
748147,away,70',4179.0,Chimy Ávila,Rodrigo Riquelme
748147,away,71',4201.0,Pablo García,Aitor Ruibal
748147,home,73',4369.0,Rafa Mir,Léo Pétrot
748147,home,82',4893.0,John Donald,Germán Valera
748147,away,84',4984.0,Cédric Bakambu,Cucho Hernández
748148,home,57',3362.0,Hugo Sotelo,Fran Beltrán because of an injury
748148,home,57',3365.0,Bryan Zaragoza,Mihailo Ristic
748148,home,57',3370.0,Jones El Abdellaoui,Williot Swedberg
748148,home,67',3966.0,Borja Iglesias,Ferran Jutglà
748148,away,78',4655.0,Alex Sola,Adrián Liso
748148,home,82',4889.0,Pablo Durán,Yoel Lago
748149,away,45',2700.0,Chidera Ejuke,Stanis Idumbo
748149,home,67',3971.0,Gorka Guruzeta,Maroan Sannadi
748149,home,67',3974.0,Robert Navarro,Alex Berenguer
748149,away,71',4224.0,Adnan Januzaj,Andrés Castrín
748149,home,78',4622.0,Mikel Vesga,Íñigo Ruíz de Galarreta
748149,away,82',4889.0,Marcão,Nemanja Gudelj
748149,home,83',4948.0,Alejandro Rego,Nico Williams
748149,home,83',4967.0,Andoni Gorosabel,Jesús Areso
748149,away,87',5207.0,Isaac Romero,Djibril Sow
748150,away,54',3205.0,José Luis Morales,Víctor García
748150,home,77',4589.0,Mariano Díaz,Pablo Ibáñez
748150,home,77',4592.0,Abde Rebbach,Jon Guridi
748150,away,79',4687.0,Diego Pampín,Manu Sánchez
748150,away,79',4691.0,Sergio Lozano,Iván Romero
748150,away,85',5095.0,Matías Moreno,Pablo Martínez
748150,away,86',5105.0,Carlos Álvarez,Roger Brugué
748150,home,86',5152.0,Calebe,Carlos Vicente
748150,home,90'+1',5400.0,Youssef Enríquez,Victor Parada
748150,home,90'+1',5400.0,Ander Guevara,Carles Aleñá
748151,away,45',2700.0,Marco Esteban,Haissem Hassan
748151,home,47',2818.0,Tajon Buchanan,Gerard Moreno because of an injury
748151,away,63',3758.0,Federico Viñas,Salomón Rondón
748151,home,70',4142.0,Alberto Moleiro,Juan Foyth
748151,home,70',4152.0,Dani Parejo,Pape Gueye
748151,away,77',4564.0,Borja Sánchez,Luka Ilic
748151,away,77',4565.0,Omar Falah,Ilyas Chaira because of an injury
748151,home,82',4870.0,Alfonso Pedraza,Nicolas Pépé
748151,home,82',4879.0,Thomas Partey,Santi Comesaña
748151,away,85',5048.0,Santi Cazorla,Rahim Alhassane
748152,home,45',2665.0,Vladyslav Krapyvtsov,Bojan Miovski
748152,home,45',2700.0,Portu,Yáser Asprilla
748152,away,45',2700.0,Pelayo Fernández,Luiz Felipe
748152,home,58',3452.0,Vitor Reis,Daley Blind
748152,home,58',3455.0,Hugo Rincón,Arnau Martínez
748152,home,70',4150.0,Thomas Lemar,Yangel Herrera
748152,away,70',4171.0,Gerard Gumbau,Pedro Díaz
748152,away,81',4840.0,Óscar Valentín,Unai López
748152,away,81',4845.0,Randy Nteka,Jorge de Frutos
748152,away,85',5086.0,Pacha Espino,Álvaro García
748153,away,45',2700.0,Dani Olmo,Fermín López
748153,home,45',2700.0,Dani Rodríguez,Pablo Torre
748153,home,45',2700.0,Omar Mascarell,Mateu Morey
748153,home,45',2700.0,Mateo Joseph,Takuma Asano
748153,away,68',4072.0,Jofre Torrents,Alejandro Balde
748153,away,69',4083.0,Gavi,Pau Cubarsí
748153,away,69',4104.0,Marcus Rashford,Ferran Torres
748153,away,77',4576.0,Jules Koundé,Raphinha
748153,home,83',4970.0,Jan Salas,Sergi Darder
748153,home,90'+1',5400.0,Toni Lato,Johan Mojica
748154,home,45',2700.0,Marash Kumbulla,Antonio Sánchez
748154,away,63',3766.0,Javi Rodríguez,Manuel Fernández
748154,away,63',3779.0,Williot Swedberg,Iago Aspas
748154,home,68',4022.0,Abdón Prats,Mateo Joseph
748154,home,68',4024.0,Dani Rodríguez,Omar Mascarell
748154,home,68',4037.0,Marc Domenech,Takuma Asano
748154,away,73',4374.0,Borja Iglesias,Hugo Sotelo
748154,away,73',4378.0,Fran Beltrán,Ferran Jutglà
748154,home,82',4862.0,Jan Salas,Pablo Torre
748154,away,90',5398.0,Bryan Zaragoza,Pablo Durán
748155,home,45',2700.0,Haissem Hassan,Oier Luengo
748155,away,63',3745.0,Brahim Díaz,Franco Mastantuono
748155,away,63',3760.0,Vinícius Júnior,Rodrygo
748155,home,72',4306.0,Federico Viñas,Salomón Rondón
748155,home,72',4315.0,Ovie Ejaria,Luka Ilic
748155,away,74',4435.0,Gonzalo García,Arda Güler
748155,home,79',4716.0,Josip Brekalo,Ilyas Chaira
748155,away,87',5170.0,Trent Alexander-Arnold,Dani Carvajal
748155,away,87',5181.0,Dani Ceballos,Kylian Mbappé
748155,home,90',5355.0,Santi Cazorla,Leander Dendoncker
748156,home,56',3345.0,Orri Óskarsson,Luka Sucic
748156,home,56',3360.0,Jon Gorrotxategi,Beñat Turrientes
748156,away,70',4149.0,Fernando Calero,Pol Lozano
748156,away,70',4150.0,Ramon Terrats,Pere Milla
748156,away,70',4152.0,Kike García,Roberto Fernández
748156,home,71',4259.0,Aihen Muñoz,Sergio Gómez
748156,home,72',4263.0,Brais Méndez,Mikel Oyarzabal
748156,home,80',4770.0,Gonçalo Guedes,Ander Barrenetxea
748156,away,81',4840.0,José Salinas,Edu Expósito
748156,away,86',5123.0,Antoniu Roca,Tyrhys Dolan
748157,home,57',3417.0,Peque Fernández,Rubén Vargas
748157,home,67',3965.0,Isaac Romero,Chidera Ejuke
748157,home,85',5071.0,Adrià Pedrosa,Juanlu Sánchez
748157,away,90'+5',5400.0,Ismael Bekhoucha,Luis Milla because of an injury
748158,away,58',3440.0,Abde Rebbach,Jon Guridi
748158,away,58',3459.0,Ander Guevara,Pablo Ibáñez
748158,home,58',3465.0,Pablo García,Rodrigo Riquelme
748158,away,58',3471.0,Mariano Díaz,Toni Martínez
748158,home,71',4211.0,Ricardo Rodríguez,Junior Firpo
748158,away,77',4610.0,Calebe,Victor Parada
748158,home,85',5097.0,Cédric Bakambu,Cucho Hernández
748158,home,86',5120.0,Valentín Gómez,Giovani Lo Celso
748158,away,89',5282.0,Lander Pinillos,Antonio Blanco
748159,away,26',1515.0,Jesús Vázquez,Dani Raba
748159,home,62',3681.0,Rubén García,Víctor Muñoz
748159,away,67',4011.0,Filip Ugrinic,Javi Guerra
748159,away,67',4019.0,Mouctar Diakhaby,Luis Rioja
748159,away,78',4638.0,Baptiste Santamaría,Pepelu
748159,away,78',4648.0,Hugo Duro,Copete
748159,home,78',4658.0,Raúl García,Aimar Oroz
748159,home,78',4665.0,Jorge Herrando,Lucas Torró
748159,home,84',5017.0,Asier Osambela,Moi Gómez because of an injury
748160,home,45',2700.0,Oihan Sancet,Maroan Sannadi
748160,away,55',3280.0,Gerard Gumbau,Unai López
748160,away,55',3292.0,Fran Pérez,Pedro Díaz
748160,home,67',4013.0,Beñat Prados,Íñigo Ruíz de Galarreta
748160,away,79',4705.0,Randy Nteka,Isi Palazón
748160,away,79',4711.0,Sergio Camello,Jorge de Frutos
748160,home,79',4735.0,Gorka Guruzeta,Iñaki Williams
748160,away,82',4913.0,Óscar Trejo,Pep Chavarría
748160,home,87',5220.0,Mikel Vesga,Alex Berenguer
748160,home,88',5231.0,Unai Gómez,Nico Williams
748161,away,45',2700.0,Victor Chust,John Donald
748161,away,67',4011.0,André Silva,Rafa Mir
748161,away,68',4026.0,Martim Neto,Rodrigo Mendoza
748161,home,68',4036.0,Antoine Griezmann,Johnny Cardoso because of an injury
748161,home,68',4043.0,Conor Gallagher,Thiago Almada
748161,home,68',4048.0,Giacomo Raspadori,Alexander Sørloth
748161,home,75',4493.0,Javi Galán,Matteo Ruggeri
748161,home,75',4499.0,Nahuel Molina,Giuliano Simeone
748161,away,82',4872.0,Léo Pétrot,Pedro Bigas
748161,away,85',5100.0,Federico Redondo,Marc Aguado
748162,away,45',2700.0,Gavi,Marc Casadó
748162,away,45',2700.0,Dani Olmo,Marcus Rashford
748162,home,59',3531.0,Carlos Álvarez,José Luis Morales
748162,home,75',4454.0,Iker Losada,Iván Romero
748162,home,75',4456.0,Carlos Espí,Roger Brugué
748162,home,75',4457.0,Diego Pampín,Manu Sánchez
748162,away,76',4539.0,Andreas Christensen,Ronald Araujo
748162,away,76',4548.0,Robert Lewandowski,Alejandro Balde
748162,away,85',5060.0,Jules Koundé,Eric García
748162,home,86',5139.0,Víctor García,Jeremy Toljan
748163,away,42',2470.0,David López,Yangel Herrera because of an injury
748163,home,45',2700.0,Thomas Partey,Santi Comesaña
748163,home,45',2700.0,Renato Veiga,Juan Foyth
748163,away,45',2700.0,Thomas Lemar,Dawda Camara
748163,away,45',2700.0,Álex Moreno,Portu
748163,home,63',3727.0,Ilias Akhomach,Nicolas Pépé
748163,home,66',3933.0,Dani Parejo,Pape Gueye
748163,home,70',4156.0,Alberto Moleiro,Yéremy Pino
748163,away,71',4244.0,Iván Martín,Jhon Solís
748163,away,78',4645.0,Yáser Asprilla,Viktor Tsygankov
748164,away,18',1060.0,Juanlu Sánchez,Chidera Ejuke because of an injury
748164,home,64',3821.0,Hugo Rincón,Arnau Martínez
748164,home,64',3823.0,Dawda Camara,Cristhian Stuani
748164,home,64',3835.0,Daley Blind,David López
748164,away,78',4651.0,Manu Bueno,Rubén Vargas because of an injury
748164,home,78',4657.0,Portu,Axel Witsel
748164,home,78',4660.0,Jhon Solís,Thomas Lemar
748164,away,84',4989.0,Marcão,Lucien Agoumé
748164,away,84',5003.0,Peque Fernández,Isaac Romero
748165,home,59',3484.0,Fran Pérez,Unai López
748165,away,62',3699.0,Marcus Rashford,Raphinha
748165,away,62',3719.0,Fermín López,Dani Olmo
748165,home,76',4528.0,Óscar Valentín,Luiz Felipe because of an injury
748165,home,76',4536.0,Sergio Camello,Jorge de Frutos
748165,away,78',4639.0,Gerard Martín,Alejandro Balde
748165,away,78',4647.0,Robert Lewandowski,Ferran Torres
748165,home,90'+2',5400.0,Pacha Espino,Isi Palazón
748165,home,90'+3',5400.0,Gerard Gumbau,Álvaro García
748166,away,62',3676.0,Mikel Vesga,Beñat Prados
748166,home,72',4308.0,Cédric Bakambu,Pablo García
748166,home,72',4320.0,Nelson Deossa,Rodrigo Riquelme
748166,away,75',4490.0,Andoni Gorosabel,Jesús Areso
748166,away,75',4490.0,Maroan Sannadi,Iñaki Williams
748166,away,85',5048.0,Unai Gómez,Oihan Sancet
748166,away,85',5059.0,Robert Navarro,Nico Williams
748166,home,88',5261.0,Héctor Bellerín,Ángel Ortiz
748166,home,88',5271.0,Chimy Ávila,Giovani Lo Celso
748167,away,64',3787.0,Samú Costa,Pablo Torre
748167,home,66',3934.0,Brahim Díaz,Franco Mastantuono
748167,home,72',4270.0,Dani Ceballos,Arda Güler
748167,home,72',4276.0,Rodrygo,Vinícius Júnior
748167,home,72',4281.0,Dani Carvajal,Trent Alexander-Arnold
748167,away,78',4648.0,Johan Mojica,Toni Lato
748167,away,78',4653.0,Antonio Sánchez,Mateu Morey
748167,away,87',5174.0,Takuma Asano,Mateo Joseph
748167,away,87',5182.0,Jan Virgili,Manu Morlanes
748167,home,90'+5',5400.0,Gonzalo García,Kylian Mbappé
748168,away,58',3470.0,Coba da Costa,Davinchi
748168,away,58',3477.0,Borja Mayoral,Mario Martín
748168,home,62',3711.0,Pepelu,Javi Guerra
748168,home,63',3722.0,Dani Raba,Arnaut Danjuma
748168,home,83',4924.0,Copete,Diego López
748168,home,87',5208.0,Largie Ramazani,Luis Rioja
748169,home,66',3931.0,Urko González de Zárate,Edu Expósito
748169,home,66',3933.0,Roberto Fernández,Kike García
748169,away,66',3940.0,Rubén García,Moi Gómez
748169,away,74',4409.0,Raúl García,Víctor Muñoz
748169,home,79',4696.0,Ramon Terrats,Pere Milla
748169,home,79',4707.0,Luca Koleosho,Tyrhys Dolan
748169,away,84',5005.0,Iker Benito,Juan Cruz
748169,away,84',5014.0,Kike Barja,Jon Moncayola
748169,home,84',5037.0,Miguel Rubio,Javi Puado
748170,away,62',3679.0,José Luis Morales,Jorge Cabello
748170,home,65',3887.0,Mourad El Ghezouani,Rafa Mir
748170,away,68',4038.0,Jon Olasagasti,Carlos Álvarez
748170,away,68',4049.0,Víctor García,Jeremy Toljan
748170,home,70',4158.0,Martim Neto,Marc Aguado
748170,home,70',4178.0,André Silva,Álvaro Rodríguez
748170,away,84',4982.0,Carlos Espí,Iván Romero
748170,away,84',4998.0,Iker Losada,Manu Sánchez
748170,home,86',5139.0,Léo Pétrot,Germán Valera
748170,home,86',5142.0,Federico Redondo,Rodrigo Mendoza
748171,home,62',3715.0,Borja Iglesias,Bryan Zaragoza
748171,home,62',3718.0,Hugo Álvarez,Pablo Durán
748171,away,68',4048.0,Thomas Partey,Alberto Moleiro
748171,home,70',4179.0,Williot Swedberg,Iago Aspas
748171,home,70',4182.0,Ilaix Moriba,Miguel Román
748171,home,75',4486.0,Óscar Mingueza,Javi Rodríguez
748171,away,77',4606.0,Dani Parejo,Pape Gueye
748171,away,77',4609.0,Tani Oluwaseyi,Etta Eyong
748171,away,78',4630.0,Ilias Akhomach,Tajon Buchanan
748171,away,85',5092.0,Renato Veiga,Nicolas Pépé
748172,home,57',3391.0,Victor Parada,Jon Guridi
748172,home,58',3429.0,Ander Guevara,Moussa Diarra because of an injury
748172,away,72',4305.0,Matteo Ruggeri,Johnny Cardoso
748172,away,72',4313.0,Conor Gallagher,Dávid Hancko
748172,away,73',4323.0,Antoine Griezmann,Thiago Almada
748172,home,79',4736.0,Carlos Protesoni,Pablo Ibáñez
748172,home,80',4746.0,Mariano Díaz,Toni Martínez
748172,away,88',5259.0,Giacomo Raspadori,Julián Alvarez
748172,away,88',5267.0,Koke,Giuliano Simeone
748172,home,89',5303.0,Denis Suárez,Carlos Protesoni because of an injury
748173,home,31',1835.0,Haissem Hassan,Ilyas Chaira because of an injury
748173,away,56',3357.0,Brais Méndez,Orri Óskarsson because of an injury
748173,away,56',3360.0,Jon Karrikaburu,Pablo Marín
748173,home,61',3632.0,Salomón Rondón,Federico Viñas
748173,home,61',3635.0,Santi Cazorla,Ovie Ejaria
748173,away,65',3899.0,Gonçalo Guedes,Takefusa Kubo
748173,away,71',4221.0,Sergio Gómez,Aihen Muñoz because of an injury
748173,home,73',4360.0,Josip Brekalo,Luka Ilic
748173,home,73',4375.0,Kwasi Sibo,Alberto Reina
748173,away,78',4654.0,Beñat Turrientes,Jon Gorrotxategi
748173,away,78',4658.0,Luka Sucic,Mikel Oyarzabal
748174,away,16',927.0,Lucas Ahijado,Nacho Vidal because of an injury
748174,home,45',2700.0,Davinchi,Djené Dakonam
748174,away,58',3435.0,Santi Cazorla,Josip Brekalo
748174,away,58',3441.0,Federico Viñas,Álex Forés
748174,away,58',3442.0,Santiago Colombatto,Alberto Reina
748174,away,65',3847.0,Rahim Alhassane,Javi López
748174,home,67',3989.0,Juan Iglesias,Kiko Femenía because of an injury
748174,home,68',4030.0,Abu Kamara,Borja Mayoral
748174,home,73',4358.0,Ismael Bekhoucha,Abdel Abqar because of an injury
748174,away,78',4652.0,David Carmo,David Costas because of an injury
748174,home,85',5041.0,Yvan Neyou,Mario Martín
748174,home,90'+2',5400.0,Coba da Costa,Adrián Liso
748175,away,45',2700.0,Giovani Lo Celso,Nelson Deossa
748175,home,62',3677.0,José Luis Morales,Etta Eyong
748175,home,62',3685.0,Roger Brugué,Jon Olasagasti
748175,home,66',3930.0,Goduine Koyalipou,Iván Romero
748175,home,66',3939.0,Adrián de la Fuente,Matías Moreno because of an injury
748175,away,72',4310.0,Abde Ezzalzouli,Rodrigo Riquelme
748175,away,73',4330.0,Sofyan Amrabat,Sergi Altimira
748175,home,85',5063.0,Kervin Arriaga,Pablo Martínez
748175,away,87',5200.0,Cédric Bakambu,Cucho Hernández
748176,away,10',590.0,Jozhua Vertrouwd,Luiz Felipe because of an injury
748176,home,60',3580.0,Ante Budimir,Raúl García
748176,home,60',3597.0,Rubén García,Víctor Muñoz
748176,away,64',3839.0,Alemão,Unai López
748176,away,65',3846.0,Sergio Camello,Álvaro García
748176,home,71',4229.0,Iker Benito,Aimar Oroz
748176,away,81',4822.0,Óscar Trejo,Pedro Díaz
748176,away,81',4824.0,Samu Becerra,Florian Lejeune
748177,away,45',2700.0,Federico Valverde,Brahim Díaz
748177,home,57',3361.0,Jon Aramburu,Aritz Elustondo
748177,home,57',3363.0,Carlos Soler,Mikel Goti
748177,home,66',3913.0,Arsen Zakharyan,Pablo Marín
748177,home,66',3920.0,Takefusa Kubo,Gonçalo Guedes
748177,away,68',4060.0,Fran García,Vinícius Júnior
748177,away,68',4068.0,Raúl Asencio,Dani Ceballos
748177,home,78',4641.0,Jon Karrikaburu,Jon Gorrotxategi
748177,away,82',4912.0,Trent Alexander-Arnold,Dani Carvajal
748177,away,88',5221.0,David Alaba,Arda Güler
748178,away,45',2700.0,Pablo Maffeo,Mateu Morey
748178,away,45',2700.0,Jan Virgili,Marash Kumbulla
748178,home,58',3473.0,Charles Pickel,Pol Lozano
748178,away,65',3844.0,Abdón Prats,Mateo Joseph
748178,away,71',4229.0,Samú Costa,Pablo Torre
748178,home,72',4285.0,Rubén Sánchez,Javi Puado
748178,home,72',4291.0,Kike García,Roberto Fernández
748178,away,82',4906.0,Marc Domenech,Manu Morlanes
748178,home,85',5071.0,Ramon Terrats,Omar El Hilali
748178,home,85',5081.0,Miguel Rubio,Tyrhys Dolan because of an injury
748179,away,45',2700.0,Portu,Joel Roca
748179,home,59',3540.0,Borja Iglesias,Ferran Jutglà
748179,home,60',3544.0,Bryan Zaragoza,Pablo Durán
748179,away,67',3990.0,Bryan Gil,Vladyslav Vanat
748179,away,67',3997.0,Alejandro Francés,Arnau Martínez
748179,home,70',4187.0,Hugo Álvarez,Iago Aspas
748179,home,70',4193.0,Carl Starfelt,Javi Rodríguez
748179,home,80',4781.0,Javi Rueda,Manuel Fernández
748179,away,82',4863.0,Donny van de Beek,Azzedine Ounahi
748179,away,82',4873.0,Jhon Solís,Iván Martín
748180,home,45',2700.0,Raphinha,Roony Bardghji
748180,away,57',3380.0,Largie Ramazani,Arnaut Danjuma
748180,away,57',3385.0,Filip Ugrinic,Javi Guerra
748180,away,57',3390.0,Luis Rioja,Diego López
748180,away,65',3851.0,Thierry Correia,Mouctar Diakhaby
748180,home,68',4040.0,Dani Olmo,Marcus Rashford
748180,home,68',4045.0,Robert Lewandowski,Ferran Torres
748180,home,74',4439.0,Jofre Torrents,Gerard Martín
748180,away,77',4610.0,Lucas Beltrán,Hugo Duro
748180,home,81',4853.0,Marc Bernal,Pedri
748181,home,45',2700.0,Alexander Sørloth,Julián Alvarez
748181,away,64',3784.0,Ayoze Pérez,Nicolas Pépé
748181,away,64',3791.0,Santi Comesaña,Alberto Moleiro
748181,away,64',3810.0,Pape Gueye,Thomas Partey
748181,home,76',4505.0,Conor Gallagher,Nico González because of an injury
748181,home,76',4520.0,Dávid Hancko,Matteo Ruggeri
748181,home,77',4612.0,Marc Pubill,Robin Le Normand because of an injury
748181,away,79',4711.0,Tani Oluwaseyi,Georges Mikautadze
748181,away,79',4718.0,Alfonso Pedraza,Sergi Cardona
748181,home,83',4946.0,Javi Galán,Dávid Hancko because of an injury
748182,away,45',2700.0,Lucas Boyé,Carlos Vicente
748182,away,45',2700.0,Denis Suárez,Jon Guridi
748182,away,45',2700.0,Toni Martínez,Mariano Díaz
748182,home,59',3527.0,Mikel Vesga,Íñigo Ruíz de Galarreta
748182,home,59',3535.0,Maroan Sannadi,Gorka Guruzeta
748182,home,68',4025.0,Robert Navarro,Oihan Sancet
748182,away,75',4453.0,Jon Pacheco,Carles Aleñá
748182,home,80',4783.0,Nico Serrano,Alex Berenguer
748182,home,80',4788.0,Urko Izeta,Iñaki Williams
748182,away,89',5329.0,Victor Parada,Moussa Diarra
748183,away,60',3560.0,Rodrigo Mendoza,Ali Houary
748183,home,61',3604.0,Andrés Castrín,Tanguy Nianzou
748183,home,61',3638.0,Alexis Sánchez,Nemanja Gudelj
748183,home,61',3644.0,Gabriel Suazo,Alfon González
748183,home,79',4699.0,Peque Fernández,Rubén Vargas because of an injury
748183,home,79',4700.0,Adnan Januzaj,Juanlu Sánchez
748183,away,80',4780.0,Álvaro Rodríguez,Rafa Mir
748183,away,80',4787.0,Héctor Fort,Victor Chust
748183,away,88',5252.0,Léo Pétrot,Adrià Pedrosa
748183,away,88',5255.0,John Donald,Martim Neto
748184,away,60',3572.0,Óscar Mingueza,Javi Rueda
748184,home,60',3580.0,Alemão,Sergio Camello
748184,home,60',3584.0,Pep Chavarría,Pacha Espino
748184,away,60',3588.0,Pablo Durán,Hugo Álvarez
748184,home,68',4073.0,Iván Balliu,Isi Palazón
748184,away,71',4203.0,Ilaix Moriba,Hugo Sotelo
748184,away,79',4703.0,Carl Starfelt,Mihailo Ristic because of an injury
748184,away,79',4726.0,Ferran Jutglà,Bryan Zaragoza
748184,home,90'+1',5400.0,Unai López,Pedro Díaz
748184,home,90'+1',5400.0,Samu Becerra,Jorge de Frutos
748185,home,45',2700.0,Marc Bartra,Diego Llorente
748185,away,58',3465.0,Gonçalo Guedes,Jon Gorrotxategi
748185,away,58',3470.0,Carlos Soler,Ander Barrenetxea
748185,away,66',3932.0,Luka Sucic,Takefusa Kubo
748185,away,66',3944.0,Arsen Zakharyan,Pablo Marín
748185,home,70',4189.0,Marc Roca,Pablo Fornals
748185,home,70',4196.0,Valentín Gómez,Junior Firpo
748185,home,71',4204.0,Pablo García,Antony
748185,away,75',4474.0,Aritz Elustondo,Jon Aramburu
748185,home,86',5149.0,Rodrigo Riquelme,Giovani Lo Celso
748186,home,61',3608.0,Arda Güler,Gonzalo García
748186,away,63',3757.0,Luca Koleosho,Edu Expósito
748186,away,63',3765.0,Jofre Carreras,Pol Lozano
748186,away,63',3775.0,Charles Pickel,Tyrhys Dolan
748186,home,77',4570.0,Rodrygo,Vinícius Júnior
748186,home,77',4584.0,Brahim Díaz,Franco Mastantuono
748186,away,77',4584.0,Kike García,Javi Puado
748186,away,84',5029.0,Antoniu Roca,Roberto Fernández
748186,home,89',5324.0,Jude Bellingham,Kylian Mbappé
748186,home,90',5351.0,Eduardo Camavinga,Aurélien Tchouaméni
748187,away,64',3783.0,Aymeric Laporte,Alex Berenguer
748187,home,64',3786.0,Largie Ramazani,Dani Raba
748187,away,68',4067.0,Mikel Vesga,Íñigo Ruíz de Galarreta
748187,away,68',4074.0,Maroan Sannadi,Oihan Sancet
748187,away,69',4083.0,Unai Gómez,Robert Navarro
748187,home,70',4196.0,Hugo Duro,Luis Rioja
748187,home,71',4202.0,Lucas Beltrán,Diego López
748187,home,71',4212.0,Jesús Vázquez,José Gayà
748187,home,80',4791.0,André Almeida,Arnaut Danjuma
748187,away,81',4813.0,Alejandro Rego,Mikel Jauregizar
748188,home,36',2123.0,Pablo Torre,Marash Kumbulla because of an injury
748188,away,62',3695.0,Antoine Griezmann,Giuliano Simeone
748188,away,62',3708.0,Alexander Sørloth,Julián Alvarez
748188,away,62',3717.0,Nahuel Molina,Giacomo Raspadori
748188,home,67',4013.0,Antonio Sánchez,Samú Costa
748188,home,68',4034.0,Marc Domenech,Takuma Asano
748188,away,68',4046.0,Conor Gallagher,Pablo Barrios
748188,away,77',4561.0,Matteo Ruggeri,Nico González
748188,home,82',4872.0,Jan Virgili,Mateu Morey
748188,home,82',4873.0,Abdón Prats,Manu Morlanes
748189,home,45',2700.0,Tajon Buchanan,Ilias Akhomach because of an injury
748189,away,45',2700.0,Asier Osambela,Juan Cruz
748189,away,45',2700.0,Jorge Herrando,Rubén García
748189,home,58',3439.0,Tani Oluwaseyi,Thomas Partey
748189,home,58',3443.0,Santi Comesaña,Pau Navarro
748189,home,67',4008.0,Renato Veiga,Juan Foyth
748189,home,67',4012.0,Manor Solomon,Alberto Moleiro
748189,away,77',4580.0,Raúl García,Ante Budimir
748189,away,77',4588.0,Sheraldo Becker,Víctor Muñoz
748189,away,88',5246.0,Kike Barja,Enzo Boyomo
748190,away,14',835.0,Alexis Sánchez,Alfon González because of an injury
748190,home,58',3475.0,Toni Martínez,Jon Guridi
748190,home,58',3479.0,Pablo Ibáñez,Carles Aleñá
748190,home,71',4255.0,Mariano Díaz,Lucas Boyé
748190,home,72',4270.0,Youssef Enríquez,Moussa Diarra
748190,home,72',4280.0,Abde Rebbach,Denis Suárez
748190,away,75',4477.0,Nemanja Gudelj,Tanguy Nianzou
748190,away,75',4485.0,Akor Adams,Rubén Vargas
748190,away,86',5144.0,Peque Fernández,Isaac Romero
748190,away,86',5144.0,Juanlu Sánchez,José Ángel Carmona
748191,home,45',2700.0,Marcus Rashford,Raphinha
748191,away,45',2700.0,Abu Kamara,Borja Mayoral
748191,away,45',2700.0,Davinchi,Djené Dakonam
748191,away,45',2700.0,Javi Muñoz,Mario Martín
748191,home,60',3592.0,Fermín López,Ferran Torres
748191,home,60',3594.0,Marc Casadó,Frenkie de Jong
748191,away,70',4184.0,Coba da Costa,Mauro Arambarri
748191,home,76',4525.0,Roony Bardghji,Pedri
748191,away,80',4773.0,Alex Sancris,Adrián Liso
748191,home,84',4981.0,Ronald Araujo,Gerard Martín
748192,away,58',3455.0,Ilyas Chaira,Josip Brekalo
748192,away,58',3464.0,Santi Cazorla,Haissem Hassan
748192,away,65',3891.0,Lucas Ahijado,Nacho Vidal because of an injury
748192,away,71',4206.0,Álex Forés,Luka Ilic because of an injury
748192,away,71',4207.0,Alberto Reina,Kwasi Sibo
748192,home,72',4310.0,Grady Diangana,Martim Neto
748192,home,72',4312.0,Léo Pétrot,Germán Valera
748192,home,78',4658.0,Héctor Fort,Josan
748192,home,87',5200.0,Bambo Diaby,Rafa Mir
748192,home,87',5206.0,Marc Aguado,Rodrigo Mendoza
748193,home,45',2700.0,Hugo Rincón,Yáser Asprilla
748193,home,45',2700.0,Alejandro Francés,Arnau Martínez
748193,home,53',3134.0,Jhon Solís,Vladyslav Vanat
748193,home,53',3142.0,Portu,Joel Roca
748193,away,55',3296.0,Jon Olasagasti,Unai Vencedor
748193,away,71',4250.0,José Luis Morales,Oriol Rey
748193,away,71',4256.0,Pablo Martínez,Iván Romero
748193,away,72',4277.0,Goduine Koyalipou,Etta Eyong
748193,away,72',4284.0,Kervin Arriaga,Carlos Álvarez
748193,home,75',4488.0,Bryan Gil,Azzedine Ounahi
748194,away,33',1971.0,Portu,Donny van de Beek because of an injury
748194,home,45',2700.0,Alex Berenguer,Nico Serrano
748194,home,45',2700.0,Yuri Berchiche,Adama Boiro
748194,home,45',2700.0,Íñigo Ruíz de Galarreta,Mikel Vesga
748194,home,45',2700.0,Jesús Areso,Andoni Gorosabel
748194,away,76',4517.0,Yáser Asprilla,Jhon Solís
748194,away,76',4524.0,Arnau Martínez,Bryan Gil
748194,home,81',4804.0,Robert Navarro,Oihan Sancet
748194,away,86',5123.0,Cristhian Stuani,Vladyslav Vanat
748194,away,86',5145.0,Lancinet Kourouma,Hugo Rincón
748195,home,56',3302.0,Giuliano Simeone,Nahuel Molina
748195,home,56',3317.0,Nico González,Koke
748195,away,66',3907.0,Álvaro García,Fran Pérez
748195,away,66',3908.0,Pacha Espino,Alemão
748195,away,66',3911.0,Pathé Ciss,Óscar Valentín
748195,home,73',4355.0,Giacomo Raspadori,Javi Galán
748195,away,79',4705.0,Pedro Díaz,Unai López
748195,home,79',4711.0,Marc Pubill,Conor Gallagher
748195,home,79',4715.0,Matteo Ruggeri,Antoine Griezmann
748195,away,85',5065.0,Gerard Gumbau,Isi Palazón
748196,away,28',1676.0,Alfonso Pedraza,Santi Comesaña because of an injury
748196,home,54',3233.0,Tanguy Nianzou,Andrés Castrín
748196,home,55',3243.0,Alexis Sánchez,Chidera Ejuke
748196,home,59',3501.0,Rubén Vargas,Adnan Januzaj because of an injury
748196,away,69',4095.0,Georges Mikautadze,Alberto Moleiro
748196,away,69',4102.0,Nicolas Pépé,Tani Oluwaseyi
748196,home,71',4210.0,José Ángel Carmona,Juanlu Sánchez
748196,home,71',4237.0,Batista Mendy,Nemanja Gudelj
748196,away,84',5019.0,Manor Solomon,Sergi Cardona
748196,away,84',5023.0,Thomas Partey,Dani Parejo
748197,away,44',2632.0,Samú Costa,Omar Mascarell because of an injury
748197,away,62',3718.0,Marc Domenech,David López
748197,away,63',3723.0,Sergi Darder,Antonio Sánchez
748197,home,64',3804.0,Beñat Turrientes,Carlos Soler
748197,home,74',4438.0,Aihen Muñoz,Sergio Gómez
748197,home,75',4446.0,Pablo Marín,Brais Méndez
748197,away,79',4717.0,Johan Mojica,Toni Lato
748197,away,79',4728.0,Mateu Morey,Pablo Maffeo
748197,home,85',5052.0,Gonçalo Guedes,Takefusa Kubo
748197,home,85',5057.0,Umar Sadiq,Ander Barrenetxea
748198,home,45',2700.0,Javi Rueda,Williot Swedberg
748198,away,53',3176.0,Pablo García,Aitor Ruibal because of an injury
748198,home,58',3422.0,Marcos Alonso,Mihailo Ristic
748198,home,67',3978.0,Ferran Jutglà,Borja Iglesias
748198,away,72',4262.0,Chimy Ávila,Sergi Altimira
748198,away,72',4270.0,Cédric Bakambu,Rodrigo Riquelme
748198,away,72',4280.0,Valentín Gómez,Cucho Hernández
748198,home,72',4280.0,Bryan Zaragoza,Hugo Álvarez
748198,home,72',4281.0,Iago Aspas,Pablo Durán
748198,away,90',5361.0,Dani Pérez,Giovani Lo Celso
748199,home,45',2700.0,Alex Sancris,Abu Kamara
748199,away,45',2700.0,Carlos Vicente,Calebe
748199,home,61',3609.0,Javi Muñoz,Mario Martín
748199,away,78',4662.0,Denis Suárez,Pablo Ibáñez
748199,away,78',4666.0,Carles Aleñá,Toni Martínez
748199,away,78',4667.0,Lucas Boyé,Mariano Díaz
748199,home,79',4689.0,Davinchi,Diego Rico
748199,home,83',4960.0,Coba da Costa,Borja Mayoral
748199,away,88',5269.0,Victor Parada,Youssef Enríquez
748200,home,65',3880.0,Roger Brugué,Jon Olasagasti
748200,home,65',3885.0,Kervin Arriaga,Unai Vencedor
748200,away,71',4238.0,Aurélien Tchouaméni,Franco Mastantuono
748200,away,71',4253.0,Jude Bellingham,Federico Valverde
748200,home,74',4402.0,José Luis Morales,Carlos Álvarez
748200,home,74',4405.0,Goduine Koyalipou,Iván Romero
748200,home,74',4415.0,Iker Losada,Etta Eyong
748200,away,82',4889.0,David Alaba,Álvaro Carreras
748200,away,82',4901.0,Eduardo Camavinga,Dani Ceballos
748200,away,82',4905.0,Rodrygo,Kylian Mbappé
748201,away,45',2700.0,David Affengruber,Bambo Diaby
748201,away,55',3268.0,Rafa Mir,André Silva
748201,away,69',4096.0,Adrià Pedrosa,Héctor Fort
748201,away,69',4105.0,Germán Valera,Grady Diangana
748201,home,72',4298.0,Juan Cruz,Iker Benito
748201,home,72',4313.0,Sheraldo Becker,Víctor Muñoz
748201,home,80',4788.0,Raúl García,Ante Budimir
748201,away,84',5015.0,Josan,Álvaro Núñez
748201,home,86',5147.0,Kike Barja,Moi Gómez
748202,away,45',2700.0,Frenkie de Jong,Marc Casadó
748202,home,65',3862.0,Luka Ilic,Santi Cazorla
748202,home,65',3863.0,Kwasi Sibo,Haissem Hassan
748202,away,65',3863.0,Robert Lewandowski,Raphinha
748202,away,73',4356.0,Jules Koundé,Gerard Martín
748202,home,75',4495.0,Álex Forés,Ilyas Chaira
748202,home,76',4505.0,Josip Brekalo,Alberto Reina
748202,home,89',5305.0,Santiago Colombatto,Leander Dendoncker
748202,away,90'+1',5400.0,Marc Bernal,Pedri
748202,away,90'+1',5400.0,Andreas Christensen,Marcus Rashford
748203,home,57',3381.0,Roberto Fernández,Charles Pickel
748203,away,60',3570.0,Filip Ugrinic,Pepelu
748203,away,60',3575.0,Lucas Beltrán,Diego López
748203,home,68',4037.0,Urko González de Zárate,Pol Lozano
748203,home,68',4042.0,Rubén Sánchez,Omar El Hilali
748203,away,71',4240.0,Thierry Correia,Arnaut Danjuma
748203,away,76',4523.0,Jesús Vázquez,José Gayà because of an injury
748203,away,76',4530.0,Javi Guerra,Luis Rioja
748203,home,82',4885.0,José Salinas,Carlos Romero
748203,home,82',4893.0,Antoniu Roca,Tyrhys Dolan
748204,home,45',2700.0,Tajon Buchanan,Ilias Akhomach
748204,away,57',3367.0,Robert Navarro,Unai Gómez
748204,away,67',4015.0,Mikel Vesga,Íñigo Ruíz de Galarreta
748204,away,68',4030.0,Jesús Areso,Gorka Guruzeta
748204,home,72',4280.0,Alberto Moleiro,Manor Solomon
748204,home,72',4285.0,Dani Parejo,Thomas Partey
748204,home,72',4307.0,Tani Oluwaseyi,Georges Mikautadze
748204,away,74',4434.0,Alejandro Rego,Mikel Vesga because of an injury
748204,away,75',4458.0,Maroan Sannadi,Iñaki Williams
748204,home,90',5352.0,Alfonso Pedraza,Nicolas Pépé
748205,away,65',3855.0,Edu Expósito,Urko González de Zárate
748205,away,65',3865.0,Charles Pickel,Tyrhys Dolan
748205,home,69',4111.0,Bryan Gil,Portu
748205,home,69',4116.0,Yáser Asprilla,Hugo Rincón
748205,away,75',4462.0,Jofre Carreras,Javi Puado
748205,home,78',4626.0,Arnau Martínez,Alejandro Francés
748205,home,78',4635.0,Cristhian Stuani,Vladyslav Vanat
748205,away,86',5145.0,Kike García,Pere Milla
748205,home,86',5146.0,Jhon Solís,Axel Witsel
748205,away,87',5169.0,Ramon Terrats,Pol Lozano
748206,home,40',2361.0,Alex Sancris,Djené Dakonam
748206,home,40',2362.0,Coba da Costa,Mario Martín
748206,home,45',2700.0,Kiko Femenía,Domingos Duarte
748206,away,62',3666.0,Pablo Martínez,Unai Vencedor
748206,away,62',3677.0,Oriol Rey,Kervin Arriaga
748206,away,74',4430.0,Jon Olasagasti,Carlos Álvarez
748206,away,75',4446.0,Goduine Koyalipou,Roger Brugué
748206,home,77',4603.0,Allan Nyom,Borja Mayoral
748206,home,77',4613.0,Yvan Neyou,Javi Muñoz
748206,away,85',5077.0,José Luis Morales,Iván Romero
748207,away,45',2700.0,Javi Rueda,Óscar Mingueza
748207,away,45',2700.0,Javi Rodríguez,Ilaix Moriba
748207,home,64',3832.0,Álvaro Rodríguez,André Silva
748207,away,67',3986.0,Williot Swedberg,Bryan Zaragoza
748207,home,73',4343.0,Léo Pétrot,Adrià Pedrosa
748207,home,73',4361.0,Victor Chust,Pedro Bigas
748207,away,73',4379.0,Iago Aspas,Yoel Lago
748207,home,81',4837.0,Grady Diangana,Rafa Mir
748207,home,81',4858.0,Marc Aguado,Josan
748207,away,82',4880.0,Manuel Fernández,Marcos Alonso
748208,home,45',2700.0,Dani Olmo,Dro Fernández
748208,away,57',3398.0,Sergio Gómez,Álvaro Odriozola
748208,away,57',3416.0,Takefusa Kubo,Gonçalo Guedes
748208,home,58',3425.0,Lamine Yamal,Roony Bardghji
748208,away,66',3951.0,Carlos Soler,Beñat Turrientes
748208,away,67',3965.0,Brais Méndez,Pablo Marín
748208,home,78',4632.0,Eric García,Gerard Martín
748208,home,78',4642.0,Ferran Torres,Marcus Rashford
748208,away,81',4802.0,Umar Sadiq,Ander Barrenetxea
748208,home,90'+5',5400.0,Marc Casadó,Pedri
748209,home,58',3471.0,Antonio Sánchez,Marc Domenech
748209,away,64',3830.0,Youssef Enríquez,Victor Parada
748209,away,65',3842.0,Mariano Díaz,Lucas Boyé
748209,away,65',3843.0,Toni Martínez,Pablo Ibáñez
748209,home,68',4073.0,Mateu Morey,Vedat Muriqi
748209,home,69',4083.0,Mateo Joseph,Takuma Asano because of an injury
748209,away,81',4858.0,Calebe,Jonny
748209,away,82',4870.0,Denis Suárez,Carles Aleñá
748209,home,87',5199.0,Pablo Torre,Manu Morlanes
748209,home,87',5200.0,Javi Llabrés,Sergi Darder
748210,away,45',2700.0,Raúl Asencio,Éder Militão because of an injury
748210,away,59',3525.0,Eduardo Camavinga,Dani Carvajal
748210,away,59',3529.0,Franco Mastantuono,Arda Güler
748210,home,67',4015.0,Conor Gallagher,Alexander Sørloth
748210,away,70',4155.0,Rodrygo,Jude Bellingham
748210,home,83',4973.0,Javi Galán,Dávid Hancko
748210,home,83',4975.0,Antoine Griezmann,Nico González
748210,away,89',5337.0,Gonzalo García,Dean Huijsen
748210,home,90'+2',5400.0,Álex Baena,Giuliano Simeone
748210,home,90'+2',5400.0,Nahuel Molina,Julián Alvarez
748211,home,55',3260.0,Diego López,André Almeida
748211,home,55',3270.0,Pepelu,Javi Guerra
748211,home,55',3282.0,Lucas Beltrán,Hugo Duro
748211,away,65',3852.0,Luka Ilic,Josip Brekalo
748211,away,76',4540.0,Ilyas Chaira,Alberto Reina
748211,away,76',4541.0,Salomón Rondón,Federico Viñas
748211,home,78',4650.0,Dani Raba,Arnaut Danjuma
748211,home,85',5095.0,Largie Ramazani,Luis Rioja
748211,away,88',5246.0,David Costas,Haissem Hassan
748212,away,45',2700.0,Sheraldo Becker,Lucas Torró
748212,away,45',2700.0,Víctor Muñoz,Jorge Herrando
748212,home,56',3303.0,Aitor Ruibal,Abde Ezzalzouli
748212,away,65',3887.0,Iker Muñoz,Moi Gómez
748212,home,68',4058.0,Sergi Altimira,Marc Roca
748212,home,76',4560.0,Rodrigo Riquelme,Pablo Fornals because of an injury
748212,home,77',4578.0,Ángel Ortiz,Héctor Bellerín
748212,away,83',4924.0,Asier Osambela,Jon Moncayola
748212,away,83',4935.0,Kike Barja,Valentin Rosier
748213,home,67',4009.0,Unai López,Pedro Díaz
748213,home,67',4011.0,Fran Pérez,Jorge de Frutos
748213,away,69',4087.0,Adnan Januzaj,Rubén Vargas
748213,away,69',4090.0,Akor Adams,Isaac Romero
748213,away,77',4582.0,Djibril Sow,Lucien Agoumé
748213,away,77',4588.0,Ramón Martínez,Fábio Cardoso
748213,home,78',4634.0,Óscar Trejo,Isi Palazón
748213,home,78',4640.0,Sergio Camello,Alemão
748213,home,90'+2',5400.0,Samu Becerra,Óscar Valentín
748213,away,90'+3',5400.0,Peque Fernández,Alexis Sánchez
748214,away,45',2700.0,Georges Mikautadze,Alberto Moleiro
748214,away,45',2700.0,Nicolas Pépé,Tajon Buchanan
748214,home,64',3820.0,Eduardo Camavinga,Dani Ceballos
748214,home,64',3830.0,Jude Bellingham,Arda Güler
748214,away,73',4378.0,Alfonso Pedraza,Pape Gueye
748214,home,75',4468.0,Brahim Díaz,Franco Mastantuono
748214,away,82',4870.0,Adrià Alti,Tani Oluwaseyi
748214,home,83',4974.0,Rodrygo,Kylian Mbappé because of an injury
748214,away,86',5132.0,Dani Parejo,Santi Comesaña
748215,away,45',2700.0,Eric García,Ronald Araujo
748215,away,45',2700.0,Alejandro Balde,Gerard Martín
748215,home,61',3647.0,Nemanja Gudelj,Djibril Sow
748215,home,61',3648.0,Akor Adams,Isaac Romero
748215,away,69',4114.0,Roony Bardghji,Ferran Torres
748215,home,73',4327.0,Adnan Januzaj,Rubén Vargas
748215,home,73',4344.0,Peque Fernández,Batista Mendy
748215,away,88',5264.0,Andreas Christensen,Frenkie de Jong
748215,home,90'+3',5400.0,Chidera Ejuke,Alexis Sánchez
748216,home,45',2700.0,Ilyas Chaira,Josip Brekalo
748216,home,58',3423.0,Santi Cazorla,Alberto Reina
748216,home,58',3425.0,Federico Viñas,Salomón Rondón
748216,away,66',3923.0,Pablo Martínez,Roger Brugué
748216,away,66',3932.0,Oriol Rey,Unai Vencedor
748216,home,74',4388.0,Ovie Ejaria,Santiago Colombatto
748216,away,80',4751.0,José Luis Morales,Iván Romero
748216,away,80',4761.0,Víctor García,Carlos Álvarez
748216,home,83',4930.0,Álex Forés,Leander Dendoncker
748216,away,87',5169.0,Goduine Koyalipou,Etta Eyong
748217,away,45',2700.0,Fran Pérez,Álvaro García
748217,home,61',3633.0,Takefusa Kubo,Carlos Soler
748217,home,61',3641.0,Luka Sucic,Gonçalo Guedes
748217,away,65',3888.0,Pedro Díaz,Isi Palazón
748217,away,71',4248.0,Jozhua Vertrouwd,Pathé Ciss because of an injury
748217,away,77',4607.0,Randy Nteka,Jorge de Frutos
748217,away,77',4613.0,Pacha Espino,Alemão
748217,home,80',4745.0,Pablo Marín,Brais Méndez
748217,home,80',4752.0,Jon Karrikaburu,Ander Barrenetxea
748218,home,37',2193.0,Carlos Vicente,Calebe because of an injury
748218,away,45',2700.0,Martim Neto,Grady Diangana because of an injury
748218,away,69',4112.0,André Silva,Rafa Mir
748218,home,72',4282.0,Carles Aleñá,Abde Rebbach
748218,home,72',4284.0,Denis Suárez,Antonio Blanco
748218,home,72',4287.0,Ander Guevara,Pablo Ibáñez
748218,away,77',4575.0,John Donald,Marc Aguado
748218,away,85',5065.0,Adam El Mokhtari,Martim Neto
748218,away,85',5068.0,Léo Pétrot,Álvaro Rodríguez
748218,home,85',5074.0,Victor Parada,Toni Martínez because of an injury
748219,away,6',303.0,Copete,Mouctar Diakhaby because of an injury
748219,home,23',1324.0,Hugo Rincón,Alejandro Francés because of an injury
748219,away,45',2700.0,Javi Guerra,Baptiste Santamaría
748219,home,68',4071.0,Cristhian Stuani,Vladyslav Vanat
748219,away,72',4305.0,Largie Ramazani,Thierry Correia
748219,away,72',4319.0,Hugo Duro,Lucas Beltrán
748219,away,83',4961.0,Dani Raba,Diego López
748219,home,83',4965.0,Lancinet Kourouma,Yáser Asprilla
748219,home,83',4976.0,Bryan Gil,Portu
748220,home,60',3550.0,Urko González de Zárate,Pere Milla
748220,away,68',4022.0,Rodrigo Riquelme,Giovani Lo Celso
748220,home,68',4055.0,Kike García,Pol Lozano
748220,home,68',4063.0,Luca Koleosho,Tyrhys Dolan
748220,away,77',4573.0,Aitor Ruibal,Antony
748220,away,77',4581.0,Sergi Altimira,Pablo Fornals
748220,home,83',4937.0,Rubén Sánchez,Omar El Hilali
748220,home,83',4949.0,Ramon Terrats,Edu Expósito
748220,away,90'+1',5400.0,Cédric Bakambu,Cucho Hernández
748221,away,45',2700.0,Javi Galán,Antoine Griezmann
748221,home,55',3247.0,Hugo Álvarez,Fran Beltrán
748221,home,63',3733.0,Bryan Zaragoza,Williot Swedberg
748221,home,63',3734.0,Iago Aspas,Ferran Jutglà
748221,away,76',4522.0,Álex Baena,Javi Galán
748221,away,77',4565.0,Conor Gallagher,Koke
748221,away,81',4860.0,Alexander Sørloth,Julián Alvarez
748221,away,82',4861.0,Nahuel Molina,Giuliano Simeone
748221,home,84',4987.0,Ilaix Moriba,Sergio Carreira
748221,home,84',4988.0,Pablo Durán,Borja Iglesias
748222,home,53',3150.0,Nico Williams,Iñaki Williams because of an injury
748222,home,62',3693.0,Maroan Sannadi,Gorka Guruzeta
748222,home,62',3698.0,Alejandro Rego,Nico Serrano
748222,away,66',3931.0,Mateo Joseph,Pablo Torre
748222,away,66',3941.0,Javi Llabrés,Marc Domenech
748222,home,82',4861.0,Urko Izeta,Robert Navarro
748222,home,82',4871.0,Íñigo Lekue,Íñigo Ruíz de Galarreta
748222,away,83',4976.0,Antonio Sánchez,Manu Morlanes
748222,away,88',5231.0,Mateu Morey,Pablo Maffeo
748222,away,88',5242.0,Toni Lato,Johan Mojica
748223,away,45',2700.0,Yvan Neyou,Mario Martín
748223,away,45',2700.0,Djené Dakonam,Abdel Abqar
748223,home,45',2700.0,Rubén García,Lucas Torró because of an injury
748223,home,66',3960.0,Raúl García,Juan Cruz
748223,away,74',4433.0,Coba da Costa,Alex Sancris
748223,away,75',4446.0,Juanmi,Borja Mayoral
748223,home,84',5002.0,Kike Barja,Víctor Muñoz
748223,home,90'+2',5400.0,Jorge Herrando,Rubén García
748224,away,41',2416.0,Iker Benito,Valentin Rosier because of an injury
748224,home,43',2524.0,Giuliano Simeone,Nico González because of an injury
748224,home,54',3234.0,Conor Gallagher,Koke
748224,home,55',3242.0,Alexander Sørloth,Antoine Griezmann
748224,away,63',3726.0,Moi Gómez,Rubén García
748224,home,63',3733.0,Thiago Almada,Álex Baena
748224,away,74',4434.0,Kike Barja,Lucas Torró
748224,away,74',4437.0,Raúl García,Jorge Herrando
748224,home,82',4872.0,Giacomo Raspadori,Julián Alvarez
748224,away,85',5065.0,Iker Muñoz,Jon Moncayola
748224,away,85',5074.0,Sheraldo Becker,Víctor Muñoz
748225,away,57',3400.0,Giovani Lo Celso,Marc Roca
748225,home,63',3769.0,Nicolas Pépé,Gerard Moreno
748225,home,63',3770.0,Ayoze Pérez,Tani Oluwaseyi
748225,away,69',4118.0,Aitor Ruibal,Abde Ezzalzouli
748225,home,73',4349.0,Sergi Cardona,Alberto Moleiro
748225,home,73',4370.0,Pape Gueye,Dani Parejo
748225,home,81',4825.0,Manor Solomon,Alfonso Pedraza
748225,away,90',5359.0,Pablo García,Héctor Bellerín
748226,home,60',3589.0,Carles Aleñá,Abde Rebbach
748226,home,60',3598.0,Denis Suárez,Pablo Ibáñez
748226,home,61',3609.0,Carlos Vicente,Calebe
748226,away,71',4225.0,Dani Raba,Arnaut Danjuma
748226,home,71',4226.0,Jon Guridi,Toni Martínez
748226,away,80',4775.0,Eray Cömert,Copete because of an injury
748226,away,80',4786.0,Lucas Beltrán,Hugo Duro
748226,away,80',4790.0,Baptiste Santamaría,Javi Guerra
748227,home,3',180.0,Ramón Martínez,César Azpilicueta because of an injury
748227,away,62',3681.0,Mateo Joseph,Javi Llabrés because of an injury
748227,away,62',3689.0,Johan Mojica,Mateu Morey
748227,home,71',4217.0,Adnan Januzaj,Juanlu Sánchez
748227,home,71',4224.0,Alexis Sánchez,Djibril Sow
748227,home,71',4230.0,Akor Adams,Isaac Romero
748227,away,80',4780.0,Omar Mascarell,Manu Morlanes because of an injury
748227,away,80',4795.0,Pablo Torre,Sergi Darder
748227,home,88',5260.0,Chidera Ejuke,Rubén Vargas
748227,away,90',5391.0,Abdón Prats,Vedat Muriqi
748228,home,45',2700.0,Fermín López,Toni Fernández
748228,away,63',3733.0,Jhon Solís,Bryan Gil
748228,away,63',3755.0,Viktor Tsygankov,Portu
748228,home,63',3769.0,Andreas Christensen,Pedri
748228,home,64',3782.0,Roony Bardghji,Lamine Yamal
748228,away,68',4072.0,Yáser Asprilla,Joel Roca
748228,away,68',4074.0,Cristhian Stuani,Vladyslav Vanat
748228,home,76',4515.0,Gerard Martín,Alejandro Balde
748228,away,79',4737.0,Lancinet Kourouma,Arnau Martínez because of an injury
748228,home,81',4856.0,Ronald Araujo,Marc Casadó
748229,home,45',2700.0,Alberto Reina,Luka Ilic
748229,home,65',3865.0,Federico Viñas,Salomón Rondón
748229,home,65',3876.0,Josip Brekalo,Haissem Hassan
748229,away,74',4428.0,Antoniu Roca,Tyrhys Dolan
748229,away,74',4433.0,Charles Pickel,Kike García
748229,home,79',4739.0,Álex Forés,Ilyas Chaira
748229,away,80',4755.0,Omar El Hilali,Rubén Sánchez
748229,away,80',4761.0,Urko González de Zárate,Edu Expósito
748229,home,80',4777.0,Ovie Ejaria,Santiago Colombatto
748229,away,87',5169.0,José Salinas,Pere Milla
748230,away,63',3739.0,Isi Palazón,Unai López
748230,away,63',3753.0,Álvaro García,Alemão
748230,home,74',4400.0,Pablo Martínez,Carlos Álvarez because of an injury
748230,home,74',4416.0,Jon Olasagasti,Unai Vencedor
748230,home,74',4431.0,Carlos Espí,Roger Brugué
748230,away,74',4438.0,Pacha Espino,Fran Pérez
748230,home,74',4439.0,Goduine Koyalipou,Etta Eyong
748230,away,75',4450.0,Pathé Ciss,Jorge de Frutos
748230,away,82',4865.0,Gerard Gumbau,Nobel Mendy because of an injury
748230,home,82',4872.0,José Luis Morales,Matías Moreno
748231,away,45',2700.0,Raúl Asencio,David Alaba because of an injury
748231,away,55',3299.0,Vinícius Júnior,Franco Mastantuono
748231,away,65',3847.0,Arda Güler,Eduardo Camavinga
748231,home,76',4522.0,Allan Nyom,Kiko Femenía
748231,away,86',5142.0,Brahim Díaz,Rodrygo
748231,away,86',5148.0,Gonzalo García,Jude Bellingham
748231,home,87',5198.0,Abu Kamara,Mario Martín
748231,home,90',5373.0,Coba da Costa,Adrián Liso
748232,away,45',2700.0,Iñaki Williams,Gorka Guruzeta
748232,away,45',2700.0,Nico Williams,Robert Navarro
748232,away,58',3470.0,Unai Gómez,Oihan Sancet
748232,home,62',3673.0,Adrià Pedrosa,Léo Pétrot
748232,away,68',4060.0,Alejandro Rego,Íñigo Ruíz de Galarreta
748232,home,75',4479.0,Rodrigo Mendoza,Marc Aguado
748232,away,81',4848.0,Aitor Paredes,Aymeric Laporte
748232,home,89',5313.0,Josan,Germán Valera
748232,home,89',5327.0,John Donald,Álvaro Núñez
748233,home,45',2700.0,Carlos Domínguez,Hugo Sotelo
748233,home,54',3209.0,Hugo Álvarez,Borja Iglesias
748233,home,54',3222.0,Javi Rueda,Óscar Mingueza
748233,away,57',3398.0,Pablo Marín,Yangel Herrera
748233,away,67',3989.0,Carlos Soler,Brais Méndez
748233,away,67',3990.0,Gonçalo Guedes,Aihen Muñoz
748233,home,70',4186.0,Jones El Abdellaoui,Ferran Jutglà
748233,away,76',4508.0,Jon Karrikaburu,Jon Aramburu
748233,away,76',4511.0,Arsen Zakharyan,Ander Barrenetxea
748233,home,85',5091.0,Fran Beltrán,Pablo Durán
748234,home,33',1931.0,Carlos Soler,Yangel Herrera because of an injury
748234,away,52',3110.0,Chidera Ejuke,Fábio Cardoso
748234,away,52',3113.0,Juanlu Sánchez,Alexis Sánchez
748234,away,53',3133.0,Peque Fernández,Lucien Agoumé because of an injury
748234,away,66',3910.0,Akor Adams,Isaac Romero
748234,home,69',4106.0,Aihen Muñoz,Gonçalo Guedes
748234,home,69',4127.0,Arsen Zakharyan,Ander Barrenetxea
748234,home,69',4131.0,Beñat Turrientes,Brais Méndez
748234,away,79',4687.0,Alfon González,Djibril Sow
748234,home,86',5145.0,Pablo Marín,Sergio Gómez
748235,home,45',2700.0,Hugo Duro,Lucas Beltrán
748235,home,60',3593.0,Jesús Vázquez,José Gayà
748235,home,61',3608.0,André Almeida,Javi Guerra
748235,away,68',4056.0,Ayoze Pérez,Gerard Moreno
748235,away,68',4063.0,Thomas Partey,Pape Gueye
748235,away,79',4735.0,Ilias Akhomach,Georges Mikautadze
748235,away,79',4737.0,Dani Parejo,Santi Comesaña
748235,home,83',4962.0,Baptiste Santamaría,Pepelu
748235,home,83',4970.0,Dani Raba,Thierry Correia
748235,away,88',5235.0,Tajon Buchanan,Alberto Moleiro
748236,home,66',3915.0,Brahim Díaz,Arda Güler
748236,home,72',4297.0,Dani Carvajal,Federico Valverde because of an injury
748236,home,72',4311.0,Rodrygo,Vinícius Júnior
748236,away,74',4421.0,Ronald Araujo,Eric García
748236,away,74',4430.0,Marc Casadó,Ferran Torres
748236,away,83',4965.0,Roony Bardghji,Pau Cubarsí
748236,home,90',5364.0,Gonzalo García,Jude Bellingham
748236,home,90'+1',5400.0,Dani Ceballos,Kylian Mbappé
748236,away,90'+7',5400.0,Gerard Martín,Alejandro Balde
748237,home,45',2700.0,Giovani Lo Celso,Marc Roca
748237,away,55',3265.0,Conor Gallagher,Pablo Barrios because of an injury
748237,away,60',3563.0,Antoine Griezmann,Álex Baena
748237,away,60',3565.0,Alexander Sørloth,Julián Alvarez
748237,home,69',4085.0,Junior Firpo,Ricardo Rodríguez
748237,home,69',4087.0,Aitor Ruibal,Héctor Bellerín
748237,home,76',4534.0,Nelson Deossa,Pablo Fornals
748237,home,76',4540.0,Cédric Bakambu,Cucho Hernández
748237,away,82',4871.0,Thiago Almada,Koke
748237,away,82',4874.0,Nahuel Molina,Giuliano Simeone
748238,away,45',2700.0,Victor Parada,Jon Pacheco because of an injury
748238,away,57',3372.0,Pablo Ibáñez,Carlos Vicente
748238,away,57',3380.0,Ander Guevara,Antonio Blanco
748238,home,61',3631.0,Álvaro García,Unai López
748238,home,61',3636.0,Isi Palazón,Fran Pérez
748238,away,70',4179.0,Carlos Protesoni,Denis Suárez
748238,home,83',4940.0,Iván Balliu,Jorge de Frutos
748238,home,83',4949.0,Pathé Ciss,Óscar Valentín
748238,away,84',5000.0,Jon Guridi,Toni Martínez
748238,home,90'+3',5400.0,Pacha Espino,Alemão
748239,away,49',2927.0,Alberto Reina,Ovie Ejaria because of an injury
748239,home,59',3490.0,Azzedine Ounahi,Viktor Tsygankov
748239,home,59',3504.0,Cristhian Stuani,Vladyslav Vanat
748239,home,59',3516.0,Hugo Rincón,Daley Blind
748239,away,65',3883.0,Luka Ilic,Federico Viñas
748239,away,65',3895.0,Kwasi Sibo,Leander Dendoncker
748239,home,68',4077.0,Thomas Lemar,Bryan Gil
748239,home,73',4322.0,Portu,Joel Roca
748239,away,76',4504.0,Rahim Alhassane,Javi López because of an injury
748239,away,76',4515.0,Josip Brekalo,Ilyas Chaira
748240,away,58',3466.0,Roger Brugué,Goduine Koyalipou
748240,home,61',3628.0,Pablo Torre,Sergi Darder
748240,away,73',4327.0,Adrián de la Fuente,Víctor García
748240,home,73',4328.0,Javi Llabrés,Samú Costa
748240,away,73',4332.0,Carlos Álvarez,Jeremy Toljan
748240,home,83',4924.0,Antonio Sánchez,Vedat Muriqi
748240,home,83',4931.0,Marc Domenech,Jan Virgili
748240,away,88',5259.0,José Luis Morales,Unai Vencedor
748240,away,88',5271.0,Jon Olasagasti,Pablo Martínez
748241,away,61',3625.0,Óscar Mingueza,Manu Fernández
748241,away,61',3629.0,Hugo Sotelo,Damián Rodríguez
748241,away,61',3638.0,Jones El Abdellaoui,Mihailo Ristic
748241,home,72',4295.0,Raúl García,Rubén García
748241,away,75',4452.0,Pablo Durán,Bryan Zaragoza
748241,away,81',4813.0,Iago Aspas,Borja Iglesias
748241,home,82',4900.0,Kike Barja,Víctor Muñoz
748241,home,82',4906.0,Juan Cruz,Asier Osambela
748241,home,89',5286.0,Iker Benito,Lucas Torró
748241,home,89',5294.0,Sheraldo Becker,Abel Bretones
748242,home,31',1840.0,Jesús Areso,Íñigo Lekue because of an injury
748242,home,59',3515.0,Mikel Vesga,Íñigo Ruíz de Galarreta
748242,home,59',3522.0,Maroan Sannadi,Gorka Guruzeta
748242,home,59',3526.0,Robert Navarro,Alex Berenguer
748242,away,68',4031.0,Mario Martín,Coba da Costa
748242,home,76',4525.0,Urko Izeta,Oihan Sancet
748242,away,85',5073.0,Javi Muñoz,Kiko Femenía because of an injury
748243,home,45',2700.0,Fernando Calero,Clemens Riedel
748243,away,56',3322.0,Adrià Pedrosa,Léo Pétrot
748243,away,56',3328.0,Rodrigo Mendoza,Martim Neto
748243,home,65',3855.0,Tyrhys Dolan,Jofre Carreras
748243,away,70',4148.0,Álvaro Rodríguez,Marc Aguado
748243,away,70',4158.0,Josan,Germán Valera
748243,home,75',4475.0,José Salinas,Carlos Romero because of an injury
748243,home,75',4488.0,Urko González de Zárate,Edu Expósito
748243,away,79',4724.0,Victor Chust,Pedro Bigas
748243,home,82',4874.0,Omar El Hilali,Pere Milla
748244,home,45',2700.0,Jon Olasagasti,Víctor García
748244,home,58',3466.0,Carlos Espí,Roger Brugué
748244,away,60',3591.0,Carlos Domínguez,Marcos Alonso
748244,away,68',4058.0,Iago Aspas,Fran Beltrán
748244,away,68',4061.0,Hugo Sotelo,Ferran Jutglà
748244,away,79',4728.0,Miguel Román,Ilaix Moriba
748244,away,79',4735.0,Jones El Abdellaoui,Javi Rodríguez because of an injury
748244,home,82',4889.0,Adrián de la Fuente,Jeremy Toljan
748244,home,82',4905.0,Alan Matturro,Manu Sánchez
748244,home,90',5350.0,José Luis Morales,Carlos Álvarez
748245,away,45',2700.0,Nemanja Gudelj,Batista Mendy
748245,away,45',2700.0,Tanguy Nianzou,César Azpilicueta
748245,home,68',4052.0,Thiago Almada,Alexander Sørloth
748245,home,69',4098.0,Conor Gallagher,Nico González because of an injury
748245,away,72',4261.0,Akor Adams,Juanlu Sánchez
748245,home,74',4391.0,Antoine Griezmann,Álex Baena
748245,away,79',4694.0,Alfon González,Peque Fernández
748245,away,79',4695.0,Chidera Ejuke,Isaac Romero
748245,home,86',5125.0,Giacomo Raspadori,Giuliano Simeone
748245,home,86',5136.0,Nahuel Molina,Julián Alvarez
748246,away,45',2700.0,Roberto Fernández,Jofre Carreras
748246,away,45',2700.0,Tyrhys Dolan,Antoniu Roca
748246,home,61',3643.0,Abde Rebbach,Carles Aleñá
748246,home,61',3652.0,Ander Guevara,Toni Martínez
748246,home,62',3663.0,Carlos Vicente,Calebe
748246,away,62',3701.0,Ramon Terrats,Kike García because of an injury
748246,away,70',4188.0,Omar El Hilali,Rubén Sánchez
748246,home,76',4541.0,Pablo Ibáñez,Denis Suárez
748246,away,81',4805.0,Urko González de Zárate,Pol Lozano
748246,home,86',5130.0,Carlos Protesoni,Youssef Enríquez
748247,away,45',2700.0,Rodrigo Mendoza,Martim Neto
748247,home,66',3931.0,Dani Olmo,Fermín López
748247,away,70',4166.0,Héctor Fort,Pedro Bigas because of an injury
748247,away,70',4172.0,Yago Santiago,Germán Valera
748247,home,74',4405.0,Robert Lewandowski,Marcus Rashford
748247,home,74',4406.0,Gerard Martín,Alejandro Balde
748247,away,74',4433.0,Álvaro Rodríguez,André Silva
748247,away,82',4898.0,John Donald,Adrià Pedrosa
748247,home,88',5260.0,Roony Bardghji,Lamine Yamal
748247,home,88',5274.0,Dro Fernández,Ferran Torres
748248,home,45',2700.0,Mario Martín,Kiko Femenía
748248,home,45',2700.0,Alex Sancris,Coba da Costa
748248,home,45',2700.0,Abdel Abqar,Djené Dakonam
748248,away,59',3514.0,Bryan Gil,Joel Roca
748248,away,59',3526.0,Thomas Lemar,Viktor Tsygankov
748248,away,76',4511.0,Cristhian Stuani,Iván Martín
748248,away,76',4515.0,Hugo Rincón,Arnau Martínez
748248,home,90'+1',5400.0,Abu Kamara,Luis Milla
748248,home,90'+1',5400.0,Yvan Neyou,Adrián Liso
748249,home,45',2700.0,Tani Oluwaseyi,Georges Mikautadze
748249,home,63',3771.0,Tajon Buchanan,Alberto Moleiro
748249,home,64',3781.0,Ayoze Pérez,Gerard Moreno
748249,away,66',3920.0,Fran Pérez,Isi Palazón
748249,away,66',3925.0,Sergio Camello,Álvaro García
748249,away,66',3927.0,Óscar Valentín,Jorge de Frutos
748249,home,74',4382.0,Dani Parejo,Santi Comesaña
748249,home,77',4620.0,Ilias Akhomach,Nicolas Pépé
748249,away,79',4699.0,Óscar Trejo,Pedro Díaz
748249,away,79',4700.0,Iván Balliu,Alemão
748250,home,45',2700.0,Valentín Gómez,Ricardo Rodríguez
748250,away,64',3791.0,Pablo Torre,Sergi Darder
748250,away,64',3794.0,Omar Mascarell,Manu Morlanes
748250,away,64',3801.0,Takuma Asano,Mateo Joseph
748250,home,69',4100.0,Aitor Ruibal,Abde Ezzalzouli
748250,home,69',4114.0,Marc Roca,Pablo Fornals
748250,home,77',4593.0,Nelson Deossa,Giovani Lo Celso
748250,away,79',4714.0,Javi Llabrés,Jan Virgili
748250,away,79',4725.0,Abdón Prats,Vedat Muriqi
748250,home,83',4975.0,Pablo García,Antony
748251,home,45',2700.0,Dani Ceballos,Arda Güler
748251,home,45',2700.0,Eduardo Camavinga,Aurélien Tchouaméni
748251,away,45',2700.0,André Almeida,Lucas Beltrán
748251,away,55',3279.0,Hugo Duro,Luis Rioja
748251,away,55',3281.0,Eray Cömert,Diego López
748251,away,55',3284.0,Jesús Vázquez,Thierry Correia
748251,home,68',4059.0,Raúl Asencio,Dean Huijsen
748251,home,79',4690.0,Rodrygo,Vinícius Júnior
748251,home,79',4713.0,Endrick,Kylian Mbappé
748251,away,87',5191.0,Javi Guerra,Pepelu
748252,away,18',1052.0,Iker Muñoz,Lucas Torró because of an injury
748252,home,69',4135.0,Haissem Hassan,Ilyas Chaira
748252,away,70',4148.0,Aimar Oroz,Rubén García
748252,home,82',4890.0,Luka Ilic,Alberto Reina
748252,home,82',4897.0,Pablo Agudín,Federico Viñas
748252,away,85',5077.0,Kike Barja,Moi Gómez
748252,away,85',5084.0,Jorge Herrando,Ante Budimir
748252,home,86',5119.0,Rahim Alhassane,Javi López because of an injury
748253,home,41',2435.0,Arsen Zakharyan,Ander Barrenetxea because of an injury
748253,away,53',3146.0,Nico Williams,Oihan Sancet
748253,home,63',3738.0,Pablo Marín,Brais Méndez
748253,home,63',3741.0,Takefusa Kubo,Gonçalo Guedes
748253,away,68',4062.0,Alejandro Rego,Íñigo Ruíz de Galarreta
748253,home,82',4902.0,Aihen Muñoz,Arsen Zakharyan because of an injury
748253,home,82',4908.0,Mikel Goti,Carlos Soler
748253,away,83',4925.0,Jesús Areso,Andoni Gorosabel
748254,home,27',1612.0,Pacha Espino,Pedro Díaz because of an injury
748254,away,45',2700.0,Éder Militão,Dean Huijsen
748254,home,71',4240.0,Fran Pérez,Isi Palazón
748254,away,71',4246.0,Dani Ceballos,Brahim Díaz
748254,home,71',4249.0,Óscar Valentín,Jorge de Frutos
748254,away,79',4727.0,Rodrygo,Eduardo Camavinga
748254,away,83',4939.0,Trent Alexander-Arnold,Federico Valverde because of an injury
748254,home,83',4965.0,Alemão,Álvaro García
748254,home,83',4967.0,Gerard Gumbau,Unai López
748255,away,54',3225.0,Aimar Oroz,Kike Barja
748255,home,65',3897.0,Nemanja Gudelj,Djibril Sow
748255,away,70',4146.0,Sheraldo Becker,Rubén García
748255,home,76',4523.0,Alfon González,Peque Fernández
748255,away,81',4835.0,Jorge Herrando,Enzo Boyomo
748255,home,86',5149.0,Manu Bueno,Juanlu Sánchez
748255,home,86',5158.0,Chidera Ejuke,Rubén Vargas
748256,home,63',3768.0,Antonio Sánchez,Jan Virgili
748256,away,67',3981.0,Coba da Costa,Adrián Liso
748256,away,75',4490.0,Juanmi,Mario Martín
748256,away,75',4496.0,Abu Kamara,Alex Sancris
748256,away,76',4507.0,Djené Dakonam,Abdel Abqar
748256,home,81',4854.0,Takuma Asano,Mateo Joseph
748256,home,82',4872.0,Manu Morlanes,Sergi Darder
748256,home,88',5243.0,Abdón Prats,Vedat Muriqi
748256,away,90',5356.0,Allan Nyom,Diego Rico
748257,away,45',2700.0,Jon Guridi,Mariano Díaz
748257,away,45',2700.0,Abde Rebbach,Carles Aleñá
748257,away,45',2700.0,Carlos Vicente,Calebe
748257,home,63',3735.0,Joel Roca,Bryan Gil
748257,home,71',4235.0,Cristhian Stuani,Vladyslav Vanat
748257,home,71',4236.0,Abel Ruiz,Azzedine Ounahi
748257,away,81',4819.0,Diego Morcillo,Denis Suárez
748257,home,85',5068.0,Hugo Rincón,Viktor Tsygankov
748257,home,85',5073.0,Jhon Solís,Axel Witsel
748257,away,88',5239.0,Pablo Ibáñez,Youssef Enríquez
748258,home,68',4053.0,Hugo Duro,Lucas Beltrán
748258,home,68',4060.0,Luis Rioja,Diego López
748258,away,76',4549.0,Rodrigo Riquelme,Abde Ezzalzouli
748258,away,77',4584.0,Marc Roca,Giovani Lo Celso
748258,home,77',4604.0,Dani Raba,André Almeida
748258,home,77',4605.0,Jesús Vázquez,José Gayà
748258,home,77',4606.0,Baptiste Santamaría,Pepelu
748258,away,90'+2',5400.0,Chimy Ávila,Cucho Hernández
748259,away,64',3788.0,Arsen Zakharyan,Takefusa Kubo
748259,away,64',3797.0,Umar Sadiq,Gonçalo Guedes
748259,home,74',4418.0,Germán Valera,Álvaro Rodríguez
748259,home,74',4434.0,Héctor Fort,Josan
748259,away,75',4470.0,Aihen Muñoz,Carlos Soler
748259,away,75',4472.0,Pablo Marín,Brais Méndez
748259,away,81',4828.0,Luka Sucic,Sergio Gómez
748259,home,84',4985.0,John Donald,Marc Aguado
748259,home,84',4990.0,Léo Pétrot,Victor Chust
748259,home,90',5350.0,Federico Redondo,Rodrigo Mendoza
748259,away,90'+3',5400.0,Aritz Elustondo,Jon Aramburu because of an injury
748259,home,90'+4',5400.0,André Silva,Rafa Mir
748260,home,45',2700.0,Javi Rodríguez,Óscar Mingueza
748260,home,58',3460.0,Bryan Zaragoza,Ferran Jutglà
748260,home,70',4194.0,Iago Aspas,Borja Iglesias
748260,home,78',4647.0,Miguel Román,Manu Fernández
748260,home,78',4652.0,Jones El Abdellaoui,Hugo Sotelo
748260,away,86',5132.0,Andreas Christensen,Dani Olmo
748260,away,86',5145.0,Gerard Martín,Alejandro Balde
748260,away,88',5235.0,Ferran Torres,Marcus Rashford
748260,away,90'+7',5400.0,Marc Bernal,Lamine Yamal
748261,home,61',3602.0,Antoine Griezmann,Pablo Barrios
748261,home,61',3611.0,Thiago Almada,Alexander Sørloth
748261,home,73',4354.0,Nico González,Giuliano Simeone
748261,away,74',4385.0,Goduine Koyalipou,Jon Olasagasti
748261,away,74',4399.0,José Luis Morales,Roger Brugué
748261,home,79',4718.0,Nahuel Molina,Matteo Ruggeri
748261,home,79',4738.0,Conor Gallagher,Álex Baena
748261,away,85',5096.0,Oriol Rey,Unai Elgezabal
748261,away,86',5101.0,Alan Matturro,Manu Sánchez
748261,away,86',5106.0,Víctor García,Jeremy Toljan
748262,away,53',3135.0,Haissem Hassan,Ilyas Chaira
748262,home,64',3797.0,Unai Gómez,Selton Sánchez
748262,away,72',4292.0,Pablo Agudín,Salomón Rondón
748262,away,72',4302.0,Luka Ilic,Alberto Reina
748262,home,72',4307.0,Robert Navarro,Nico Williams because of an injury
748262,home,72',4319.0,Alejandro Rego,Íñigo Ruíz de Galarreta
748262,home,84',5002.0,Nico Serrano,Alex Berenguer
748262,home,84',5003.0,Mikel Vesga,Gorka Guruzeta
748262,away,85',5081.0,Kwasi Sibo,Leander Dendoncker
748262,away,85',5086.0,Álex Forés,Santiago Colombatto
748263,home,60',3545.0,Kike García,Pol Lozano
748263,home,71',4230.0,Jofre Carreras,Edu Expósito
748263,home,71',4238.0,Charles Pickel,Pere Milla
748263,away,71',4259.0,Nicolas Pépé,Gerard Moreno
748263,away,74',4418.0,Ayoze Pérez,Tani Oluwaseyi
748263,away,74',4419.0,Pape Gueye,Santi Comesaña
748263,home,82',4868.0,Miguel Rubio,Urko González de Zárate
748263,home,82',4869.0,Rubén Sánchez,Omar El Hilali
748263,away,83',4950.0,Sergi Cardona,Alberto Moleiro
748263,away,83',4951.0,Ilias Akhomach,Tajon Buchanan
748264,away,14',805.0,Antoine Griezmann,Marcos Llorente because of an injury
748264,away,59',3517.0,Alexander Sørloth,Koke
748264,away,59',3518.0,Giacomo Raspadori,Julián Alvarez
748264,away,68',4079.0,Dávid Hancko,Nico González
748264,away,69',4090.0,Conor Gallagher,Matteo Ruggeri
748264,home,76',4548.0,Kiko Femenía,Abdel Abqar
748264,home,76',4558.0,Coba da Costa,Adrián Liso
748264,home,86',5150.0,Alex Sancris,Mario Martín
748264,home,87',5180.0,Juanmi,Juan Iglesias
748264,home,90',5364.0,Javi Muñoz,Luis Milla
748265,away,34',1991.0,Chidera Ejuke,Adnan Januzaj because of an injury
748265,away,54',3190.0,Alfon González,Rubén Vargas because of an injury
748265,home,62',3669.0,Pol Lozano,Edu Expósito
748265,home,62',3671.0,Roberto Fernández,Ramon Terrats
748265,away,71',4237.0,Lucien Agoumé,Djibril Sow
748265,away,71',4250.0,Alexis Sánchez,Peque Fernández
748265,away,71',4255.0,Nemanja Gudelj,Batista Mendy
748265,home,74',4429.0,Charles Pickel,Pere Milla
748265,home,74',4436.0,Jofre Carreras,Kike García
748265,home,88',5245.0,Antoniu Roca,Tyrhys Dolan
748266,away,57',3393.0,Eduardo Camavinga,Dani Ceballos
748266,away,57',3404.0,Vinícius Júnior,Rodrygo
748266,away,57',3410.0,Federico Valverde,Fran García
748266,away,64',3800.0,Gonzalo García,Arda Güler
748266,home,66',3919.0,Martim Neto,Grady Diangana
748266,home,66',3923.0,Adrià Pedrosa,Héctor Fort
748266,home,79',4693.0,Álvaro Rodríguez,André Silva
748266,home,83',4963.0,Léo Pétrot,Germán Valera
748266,home,83',4977.0,Federico Redondo,Marc Aguado
748266,away,88',5223.0,Brahim Díaz,Álvaro Carreras
748267,away,60',3562.0,Takefusa Kubo,Gonçalo Guedes
748267,away,60',3569.0,Ander Barrenetxea,Arsen Zakharyan
748267,home,61',3630.0,Rubén García,Juan Cruz
748267,home,71',4225.0,Iñigo Arguibide,Jon Moncayola
748267,away,75',4453.0,Pablo Marín,Brais Méndez
748267,away,75',4459.0,Sergio Gómez,Aihen Muñoz
748267,home,78',4662.0,Kike Barja,Víctor Muñoz
748267,home,78',4673.0,Ante Budimir,Moi Gómez
748267,home,78',4678.0,Jorge Herrando,Enzo Boyomo
748267,away,85',5052.0,Aritz Elustondo,Carlos Soler
748268,home,45',2700.0,Aitor Ruibal,Héctor Bellerín
748268,home,45',2700.0,Abde Ezzalzouli,Rodrigo Riquelme
748268,home,45',2700.0,Sofyan Amrabat,Giovani Lo Celso
748268,home,60',3560.0,Isco,Pablo Fornals
748268,away,66',3946.0,Joel Roca,Viktor Tsygankov
748268,away,66',3953.0,Yáser Asprilla,Bryan Gil
748268,home,76',4520.0,Nelson Deossa,Marc Roca
748268,away,82',4884.0,Abel Ruiz,Azzedine Ounahi
748268,away,82',4890.0,Cristhian Stuani,Vladyslav Vanat
748269,home,45',2700.0,Rahim Alhassane,Javi López
748269,away,57',3392.0,Pathé Ciss,Nobel Mendy
748269,home,61',3654.0,Pablo Agudín,Salomón Rondón
748269,home,62',3666.0,Haissem Hassan,Santi Cazorla
748269,away,70',4170.0,Alemão,Sergio Camello
748269,home,79',4694.0,Alberto Reina,Leander Dendoncker
748269,away,85',5098.0,Fran Pérez,Isi Palazón
748269,home,86',5101.0,Álex Forés,Federico Viñas
748269,away,86',5106.0,Gerard Gumbau,Óscar Valentín
748270,home,54',3217.0,Hugo Duro,Lucas Beltrán
748270,away,70',4163.0,Roger Brugué,Iván Romero
748270,away,70',4172.0,Kervin Arriaga,Oriol Rey
748270,away,70',4175.0,Goduine Koyalipou,Etta Eyong
748270,home,73',4325.0,Luis Rioja,Arnaut Danjuma
748270,away,83',4978.0,Jon Olasagasti,Unai Elgezabal
748270,away,84',4987.0,José Luis Morales,Unai Vencedor
748270,home,85',5053.0,Dimitri Foulquier,Thierry Correia because of an injury
748270,home,85',5074.0,Dani Raba,André Almeida
748270,home,85',5089.0,Baptiste Santamaría,Javi Guerra
748271,home,63',3769.0,Georges Mikautadze,Gerard Moreno
748271,home,63',3776.0,Tani Oluwaseyi,Ayoze Pérez
748271,home,63',3777.0,Pape Gueye,Thomas Partey
748271,away,69',4101.0,Sergi Darder,Pablo Torre
748271,home,74',4414.0,Manor Solomon,Alberto Moleiro
748271,away,74',4432.0,Vedat Muriqi,Jan Virgili
748271,home,80',4757.0,Tajon Buchanan,Rafa Marín
748271,away,86',5132.0,Javi Llabrés,Omar Mascarell
748271,away,86',5133.0,Takuma Asano,Antonio Sánchez
748271,away,86',5134.0,Manu Morlanes,Mateo Joseph
748272,home,45',2700.0,Ronald Araujo,Alejandro Balde
748272,away,55',3275.0,Alejandro Rego,Íñigo Ruíz de Galarreta
748272,away,55',3287.0,Gorka Guruzeta,Unai Gómez
748272,away,55',3299.0,Robert Navarro,Nico Williams
748272,home,64',3809.0,Dro Fernández,Robert Lewandowski
748272,home,64',3819.0,Marc Casadó,Fermín López
748272,away,68',4049.0,Mikel Vesga,Mikel Jauregizar
748272,away,68',4056.0,Adama Boiro,Alex Berenguer
748272,home,74',4398.0,Marc Bernal,Eric García
748272,home,81',4830.0,Raphinha,Dani Olmo
748273,home,61',3649.0,Abde Rebbach,Carles Aleñá
748273,home,62',3670.0,Pablo Ibáñez,Carlos Vicente
748273,away,66',3957.0,Óscar Mingueza,Javi Rueda
748273,away,73',4327.0,Miguel Román,Iago Aspas
748273,away,73',4341.0,Joseph Aidoo,Carl Starfelt
748273,away,73',4348.0,Borja Iglesias,Pablo Durán
748273,home,81',4803.0,Ander Guevara,Jonny
748273,home,81',4820.0,Mariano Díaz,Denis Suárez
748273,away,83',4951.0,Jones El Abdellaoui,Bryan Zaragoza
748273,home,90',5386.0,Jon Guridi,Toni Martínez because of an injury
748274,home,56',3324.0,Ander Barrenetxea,Umar Sadiq
748274,away,68',4050.0,Georges Mikautadze,Gerard Moreno
748274,away,68',4065.0,Dani Parejo,Pape Gueye
748274,home,77',4589.0,Gorka Carrera,Gonçalo Guedes
748274,home,77',4590.0,Arsen Zakharyan,Carlos Soler
748274,away,78',4661.0,Sergi Cardona,Alfonso Pedraza
748274,away,79',4681.0,Ilias Akhomach,Tajon Buchanan
748274,home,84',5039.0,Mikel Goti,Brais Méndez
748274,home,85',5045.0,Beñat Turrientes,Takefusa Kubo
748274,away,86',5136.0,Tani Oluwaseyi,Ayoze Pérez
748275,home,45',2700.0,Giuliano Simeone,Álex Baena
748275,away,61',3641.0,Dani Calvo,David Carmo because of an injury
748275,home,63',3738.0,Pablo Barrios,Antoine Griezmann
748275,home,63',3761.0,Julián Alvarez,Alexander Sørloth
748275,away,74',4437.0,Álex Forés,Salomón Rondón
748275,away,75',4460.0,Ovie Ejaria,Santi Cazorla
748275,home,75',4474.0,Giacomo Raspadori,Koke
748275,away,82',4909.0,Alberto Reina,Santiago Colombatto
748275,away,82',4915.0,Luka Ilic,Haissem Hassan
748275,home,87',5220.0,José María Giménez,Nico González
748276,away,57',3370.0,Arnaut Danjuma,Javi Guerra
748276,home,69',4089.0,Alemão,Unai López
748276,home,69',4092.0,Pacha Espino,Fran Pérez
748276,away,74',4397.0,Lucas Beltrán,Hugo Duro
748276,away,74',4402.0,Filip Ugrinic,Luis Rioja
748276,home,83',4922.0,Luiz Felipe,Nobel Mendy because of an injury
748276,home,83',4932.0,Iván Balliu,Jorge de Frutos
748276,home,90'+2',5400.0,Sergio Camello,Álvaro García
748276,away,90'+2',5400.0,Baptiste Santamaría,Pepelu
748276,away,90'+2',5400.0,Dani Raba,Diego López
748277,home,65',3864.0,Antonio Sánchez,Mateo Joseph
748277,away,71',4204.0,Raúl García,Ante Budimir
748277,away,71',4207.0,Moi Gómez,Asier Osambela
748277,away,76',4552.0,Kike Barja,Víctor Muñoz
748277,home,81',4805.0,Pablo Torre,Sergi Darder
748277,home,81',4814.0,Takuma Asano,Jan Virgili
748277,away,83',4940.0,Juan Cruz,Abel Bretones
748277,away,83',4944.0,Sheraldo Becker,Jon Moncayola
748278,home,45',2700.0,Iván Romero,Goduine Koyalipou
748278,home,45',2700.0,Jorge Cabello,Unai Elgezabal
748278,home,45',2700.0,Roger Brugué,Kervin Arriaga
748278,home,58',3465.0,Víctor García,Alan Matturro
748278,away,62',3682.0,Unai Gómez,Robert Navarro because of an injury
748278,home,73',4322.0,José Luis Morales,Jeremy Toljan
748278,away,81',4802.0,Selton Sánchez,Nico Williams
748278,away,81',4814.0,Mikel Vesga,Mikel Jauregizar
748278,away,88',5245.0,Urko Izeta,Gorka Guruzeta
748278,away,88',5254.0,Nico Serrano,Alex Berenguer
748279,away,45',2700.0,Eduardo Camavinga,Arda Güler
748279,home,72',4282.0,Joel Roca,Bryan Gil
748279,home,72',4292.0,Yáser Asprilla,Viktor Tsygankov
748279,home,72',4298.0,Alejandro Francés,Hugo Rincón
748279,away,72',4311.0,Rodrygo,Aurélien Tchouaméni
748279,home,83',4930.0,Lancinet Kourouma,Vladyslav Vanat
748279,home,83',4942.0,Abel Ruiz,Azzedine Ounahi
748279,away,90',5366.0,Gonzalo García,Trent Alexander-Arnold
748279,away,90',5367.0,Álvaro Carreras,Fran García
748280,away,45',2700.0,Rodrigo Mendoza,Grady Diangana because of an injury
748280,away,61',3604.0,Marc Aguado,Martim Neto
748280,away,64',3799.0,Adrià Pedrosa,Héctor Fort because of an injury
748280,home,65',3844.0,Diego Rico,Allan Nyom
748280,away,71',4249.0,Rafa Mir,André Silva
748280,away,72',4271.0,Yago Santiago,Germán Valera
748280,home,80',4742.0,Abu Kamara,Alex Sancris
748280,home,80',4750.0,Javi Muñoz,Kiko Femenía
748280,home,90',5358.0,Yvan Neyou,Borja Mayoral
748281,away,60',3556.0,Kike García,Ramon Terrats
748281,home,70',4149.0,Ilaix Moriba,Javi Rueda
748281,home,70',4159.0,Jones El Abdellaoui,Iago Aspas
748281,away,76',4521.0,Clemens Riedel,Fernando Calero because of an injury
748281,away,76',4541.0,Edu Expósito,Roberto Fernández
748281,away,76',4545.0,Jofre Carreras,Pere Milla
748281,home,79',4693.0,Williot Swedberg,Borja Iglesias
748281,home,79',4701.0,Pablo Durán,Fran Beltrán
748281,home,87',5200.0,Ferran Jutglà,Miguel Román
748281,away,90',5373.0,José Salinas,Tyrhys Dolan
748282,home,45',2700.0,Marcus Rashford,Marc Bernal
748282,home,45',2700.0,Jules Koundé,Eric García because of an injury
748282,away,58',3474.0,Carles Aleñá,Abde Rebbach
748282,away,59',3487.0,Carlos Vicente,Calebe
748282,home,60',3581.0,Ferran Torres,Robert Lewandowski
748282,home,60',3600.0,Pedri,Raphinha
748282,away,68',4040.0,Jon Guridi,Pablo Ibáñez
748282,away,68',4054.0,Ander Guevara,Denis Suárez
748282,away,80',4759.0,Toni Martínez,Victor Parada because of an injury
748282,home,84',4998.0,Andreas Christensen,Pau Cubarsí
748283,home,45',2700.0,Kike Salas,Marcão because of an injury
748283,home,61',3634.0,Isaac Romero,Alfon González
748283,home,61',3639.0,Alexis Sánchez,Batista Mendy
748283,away,63',3761.0,Sergi Altimira,Nelson Deossa
748283,home,70',4141.0,Lucien Agoumé,Djibril Sow
748283,away,72',4318.0,Ángel Ortiz,Pablo García
748283,home,79',4733.0,Miguel Sierra,Chidera Ejuke
748283,away,89',5338.0,Rodrigo Riquelme,Aitor Ruibal
748283,away,90',5356.0,Chimy Ávila,Cucho Hernández
748283,away,90',5358.0,Ricardo Rodríguez,Pablo Fornals
748284,away,52',3075.0,Sergio Camello,Gerard Gumbau
748284,home,56',3340.0,Charles Pickel,Pol Lozano
748284,away,70',4193.0,Iván Balliu,Fran Pérez
748284,away,70',4196.0,Álvaro García,Jorge de Frutos
748284,home,80',4749.0,Kike García,Roberto Fernández
748284,home,80',4769.0,Ramon Terrats,Edu Expósito
748284,away,86',5117.0,Randy Nteka,Nobel Mendy
748284,home,89',5320.0,Rubén Sánchez,Pere Milla
748285,home,45',2700.0,Rodrigo Mendoza,Grady Diangana because of an injury
748285,home,59',3524.0,Josan,Héctor Fort
748285,home,59',3526.0,Léo Pétrot,Pedro Bigas
748285,away,66',3938.0,Thomas Lemar,Vladyslav Vanat
748285,away,66',3943.0,Jhon Solís,Axel Witsel
748285,away,66',3954.0,Joel Roca,Yáser Asprilla
748285,home,71',4208.0,Adrià Pedrosa,Germán Valera
748285,away,72',4302.0,Hugo Rincón,Alejandro Francés
748285,home,82',4874.0,John Donald,Marc Aguado because of an injury
748285,away,83',4974.0,Juan Arango,Viktor Tsygankov
748286,home,33',1964.0,Dani Vivian,Aymeric Laporte because of an injury
748286,away,45',2700.0,Koke,Conor Gallagher
748286,away,62',3675.0,Matteo Ruggeri,Clément Lenglet
748286,away,62',3681.0,Alexander Sørloth,Thiago Almada
748286,away,66',3904.0,Antoine Griezmann,Julián Alvarez
748286,home,66',3925.0,Alejandro Rego,Íñigo Ruíz de Galarreta
748286,home,66',3933.0,Unai Gómez,Gorka Guruzeta
748286,away,72',4292.0,Giacomo Raspadori,Nico González
748286,home,82',4896.0,Urko Izeta,Oihan Sancet
748286,home,82',4904.0,Andoni Gorosabel,Jesús Areso
748287,home,51',3041.0,Carlos Vicente,Calebe
748287,away,56',3308.0,Ander Barrenetxea,Umar Sadiq
748287,away,56',3333.0,Duje Caleta-Car,Aritz Elustondo
748287,home,76',4538.0,Carlos Protesoni,Ander Guevara
748287,home,76',4544.0,Carles Aleñá,Abde Rebbach
748287,away,78',4622.0,Jon Karrikaburu,Takefusa Kubo
748287,away,78',4631.0,Arsen Zakharyan,Jon Gorrotxategi
748287,away,87',5199.0,Mikel Goti,Carlos Soler
748287,home,90'+3',5400.0,Youssef Enríquez,Denis Suárez
748288,away,45',2700.0,Diego Rico,Allan Nyom
748288,home,51',3049.0,Carlos Macià,Dani Parejo because of an injury
748288,home,70',4172.0,Manor Solomon,Alberto Moleiro
748288,home,70',4176.0,Nicolas Pépé,Ayoze Pérez
748288,away,74',4429.0,Abdel Abqar,Domingos Duarte
748288,away,74',4437.0,Alex Sancris,Kiko Femenía
748288,away,75',4444.0,Abu Kamara,Adrián Liso
748288,home,80',4783.0,Ilias Akhomach,Tajon Buchanan
748288,away,80',4796.0,Hugo Solozabal,Mauro Arambarri
748288,home,80',4800.0,Tani Oluwaseyi,Georges Mikautadze
748289,home,45',2700.0,Nelson Deossa,Sergi Altimira
748289,away,45',2700.0,Andreas Christensen,Alejandro Balde
748289,home,60',3588.0,Junior Firpo,Natan
748289,home,60',3598.0,Diego Llorente,Marc Bartra
748289,away,63',3748.0,Frenkie de Jong,Gerard Martín
748289,away,63',3760.0,Marc Bernal,Pedri
748289,away,68',4026.0,Fermín López,Roony Bardghji
748289,home,75',4496.0,Pablo García,Antony
748289,away,81',4803.0,Jofre Torrents,Eric García because of an injury
748289,home,89',5290.0,Ricardo Rodríguez,Junior Firpo because of an injury
748290,home,24',1386.0,Antonio Rüdiger,Éder Militão because of an injury
748290,away,45',2700.0,Williot Swedberg,Pablo Durán
748290,home,54',3235.0,Rodrygo,Raúl Asencio
748290,away,71',4247.0,Javi Rueda,Bryan Zaragoza
748290,away,71',4250.0,Ferran Jutglà,Óscar Mingueza
748290,home,74',4420.0,Gonzalo García,Arda Güler
748290,away,84',5001.0,Fran Beltrán,Miguel Román
748290,away,88',5236.0,Iago Aspas,Borja Iglesias
748291,home,66',3945.0,Haissem Hassan,Ilyas Chaira
748291,away,75',4492.0,Manu Morlanes,Sergi Darder
748291,away,80',4790.0,Takuma Asano,Jan Virgili
748291,home,82',4878.0,Ovie Ejaria,Leander Dendoncker
748291,home,82',4883.0,Álex Forés,Salomón Rondón
748291,away,90'+1',5400.0,Javi Llabrés,Mateo Joseph
748291,away,90'+1',5400.0,Pablo Torre,Samú Costa
748291,home,90'+1',5400.0,Alberto Reina,Santiago Colombatto
748292,home,63',3727.0,Lucas Beltrán,Javi Guerra
748292,home,63',3732.0,Diego López,Arnaut Danjuma
748292,home,63',3739.0,Filip Ugrinic,André Almeida
748292,home,68',4067.0,Largie Ramazani,Luis Rioja
748292,home,77',4597.0,Jesús Vázquez,José Gayà
748292,away,81',4807.0,Joan Jordán,Peque Fernández
748292,away,85',5095.0,Alfon González,Oso
748292,away,86',5113.0,Alexis Sánchez,Lucien Agoumé
748293,home,51',3055.0,Iker Muñoz,Lucas Torró because of an injury
748293,away,62',3672.0,Iker Losada,Roger Brugué
748293,home,69',4126.0,Juan Cruz,Iñigo Arguibide
748293,home,69',4135.0,Moi Gómez,Rubén García
748293,home,74',4396.0,Sheraldo Becker,Aimar Oroz because of an injury
748293,home,74',4431.0,Jorge Herrando,Víctor Muñoz
748293,away,77',4562.0,Jon Olasagasti,Jorge Cabello
748293,away,77',4569.0,José Luis Morales,Unai Vencedor
748293,away,77',4570.0,Víctor García,Karl Eyong
748293,away,82',4880.0,Goduine Koyalipou,Iván Romero
748294,away,45',2700.0,Joel Roca,Vladyslav Vanat
748294,home,45',2700.0,Jon Karrikaburu,Ander Barrenetxea
748294,home,64',3784.0,Pablo Marín,Carlos Soler
748294,home,64',3791.0,Arsen Zakharyan,Gonçalo Guedes
748294,away,64',3812.0,Thomas Lemar,Iván Martín
748294,away,77',4595.0,Yáser Asprilla,Bryan Gil
748294,home,77',4601.0,Beñat Turrientes,Brais Méndez
748294,home,84',5040.0,Aihen Muñoz,Sergio Gómez
748294,away,90',5351.0,Jhon Solís,Viktor Tsygankov
748295,away,45',2700.0,Álex Forés,Ilyas Chaira
748295,away,45',2700.0,Dani Calvo,Lucas Ahijado
748295,home,45',2700.0,Manu Bueno,Djibril Sow
748295,away,61',3605.0,Josip Brekalo,Alberto Reina
748295,away,70',4162.0,Javi López,Rahim Alhassane
748295,home,77',4576.0,Chidera Ejuke,Alexis Sánchez
748295,home,77',4586.0,Miguel Sierra,Batista Mendy
748295,away,79',4740.0,Pablo Agudín,Salomón Rondón
748295,home,86',5134.0,Joan Jordán,Lucien Agoumé
748296,home,45',2700.0,Robin Le Normand,Nahuel Molina
748296,away,55',3257.0,Lucas Beltrán,Diego López
748296,home,59',3515.0,Conor Gallagher,Nico González
748296,home,59',3517.0,Antoine Griezmann,Julián Alvarez
748296,home,59',3539.0,Thiago Almada,Pablo Barrios
748296,away,71',4254.0,Baptiste Santamaría,Eray Cömert because of an injury
748296,away,72',4292.0,Javi Guerra,Filip Ugrinic
748296,away,82',4872.0,José Gayà,Jesús Vázquez
748296,away,82',4873.0,Largie Ramazani,Pepelu
748297,home,67',4009.0,Toni Martínez,Pablo Ibáñez
748297,home,67',4013.0,Carles Aleñá,Abde Rebbach
748297,home,67',4018.0,Carlos Vicente,Calebe
748297,away,78',4661.0,Dean Huijsen,Valde
748297,away,78',4671.0,Gonzalo García,Arda Güler
748297,home,83',4948.0,Ander Guevara,Denis Suárez
748297,away,83',4952.0,Brahim Díaz,Rodrygo because of an injury
748297,home,89',5286.0,Youssef Enríquez,Victor Parada
748297,away,89',5314.0,Franco Mastantuono,Vinícius Júnior
748298,away,7',366.0,Marc Bartra,Diego Llorente because of an injury
748298,home,18',1033.0,Fran Pérez,Jorge de Frutos because of an injury
748298,away,59',3532.0,Giovani Lo Celso,Nelson Deossa
748298,home,66',3901.0,Sergio Camello,Pacha Espino
748298,home,66',3913.0,Pedro Díaz,Óscar Valentín
748298,away,74',4381.0,Pablo García,Rodrigo Riquelme
748298,away,74',4392.0,Sergi Altimira,Pablo Fornals
748298,home,83',4942.0,Gerard Gumbau,Isi Palazón
748298,home,83',4949.0,Iván Balliu,Álvaro García
748299,away,45',2700.0,Iker Muñoz,Lucas Torró
748299,away,64',3827.0,Rubén García,Aimar Oroz
748299,away,64',3836.0,Raúl García,Ante Budimir
748299,away,65',3844.0,Sheraldo Becker,Víctor Muñoz
748299,away,69',4128.0,Valentin Rosier,Iñigo Arguibide
748299,home,74',4421.0,Frenkie de Jong,Marcus Rashford
748299,home,75',4441.0,Fermín López,Pau Cubarsí
748299,home,88',5227.0,Andreas Christensen,Alejandro Balde
748299,home,88',5259.0,Marc Casadó,Raphinha
748299,home,88',5261.0,Roony Bardghji,Pedri
748300,home,45',2700.0,Jones El Abdellaoui,Ferran Jutglà
748300,away,45',2700.0,Iñaki Williams,Alex Berenguer
748300,away,45',2700.0,Selton Sánchez,Oihan Sancet
748300,away,51',3051.0,Adama Boiro,Yuri Berchiche because of an injury
748300,home,61',3617.0,Sergio Carreira,Javi Rueda because of an injury
748300,home,61',3624.0,Ilaix Moriba,Hugo Sotelo
748300,away,76',4539.0,Nico Serrano,Nico Williams
748300,home,76',4540.0,Borja Iglesias,Williot Swedberg
748300,home,80',4758.0,Hugo Álvarez,Iago Aspas
748300,away,80',4761.0,Urko Izeta,Gorka Guruzeta
748301,home,55',3293.0,Borja Mayoral,Adrián Liso
748301,home,56',3307.0,Coba da Costa,Alex Sancris
748301,home,56',3314.0,Abu Kamara,Kiko Femenía
748301,home,67',3986.0,Juanmi,Domingos Duarte
748301,away,69',4095.0,Rubén Sánchez,Jofre Carreras
748301,away,69',4100.0,Charles Pickel,Kike García
748301,away,78',4670.0,Pol Lozano,Edu Expósito
748301,home,81',4850.0,Javi Muñoz,Mario Martín
748301,away,90',5341.0,Miguel Rubio,Pere Milla
748302,home,65',3860.0,Unai Vencedor,Ugo Raghouber
748302,home,65',3861.0,Karl Etta Eyong,Matías Moreno
748302,home,65',3863.0,Alan Matturro,Víctor García
748302,away,71',4255.0,Alfonso Pedraza,Ayoze Pérez
748302,home,74',4436.0,Carlos Álvarez,Iker Losada
748302,away,79',4700.0,Thomas Partey,Pape Gueye
748302,away,79',4705.0,Renato Veiga,Rafa Marín because of an injury
748302,away,88',5269.0,Alexander Freeman,Alberto Moleiro
748302,home,89',5283.0,Kareem Tunde,Paco Cortés
748302,away,89',5296.0,Tani Oluwaseyi,Georges Mikautadze
748303,away,66',3951.0,John Donald,Yago Santiago
748303,away,66',3952.0,Álvaro Rodríguez,Álvaro Núñez
748303,home,71',4239.0,Antonio Sánchez,Manu Morlanes because of an injury
748303,home,71',4257.0,Takuma Asano,Mateo Joseph
748303,away,78',4648.0,Rodrigo Mendoza,Martim Neto
748303,home,86',5110.0,Mateu Morey,Jan Virgili
748303,home,86',5112.0,Pablo Torre,Sergi Darder
748303,away,87',5164.0,André Silva,Rafa Mir
748303,away,87',5165.0,Josan,David Affengruber
748303,home,90',5387.0,Abdón Prats,Vedat Muriqi
748304,away,57',3389.0,Jofre Carreras,Pere Milla because of an injury
748304,home,57',3400.0,Gorka Guruzeta,Nico Williams
748304,home,57',3401.0,Alejandro Rego,Íñigo Ruíz de Galarreta
748304,away,72',4287.0,Kike García,Pol Lozano
748304,home,76',4504.0,Unai Gómez,Adama Boiro
748304,home,76',4505.0,Jesús Areso,Andoni Gorosabel
748304,home,79',4706.0,Robert Navarro,Iñaki Williams
748304,away,83',4977.0,José Salinas,Tyrhys Dolan
748304,away,83',4980.0,Clemens Riedel,Carlos Romero
748304,away,84',4989.0,Rubén Sánchez,Edu Expósito
748305,away,57',3419.0,Sergi Darder,Manu Morlanes
748305,away,66',3921.0,Marash Kumbulla,Jan Virgili
748305,home,72',4273.0,Largie Ramazani,Luis Rioja
748305,home,72',4274.0,Javi Guerra,Filip Ugrinic
748305,home,76',4555.0,Dimitri Foulquier,Thierry Correia
748305,home,76',4557.0,Arnaut Danjuma,André Almeida
748305,away,87',5194.0,Mateu Morey,Mateo Joseph
748305,home,87',5198.0,Diego López,Lucas Beltrán
748305,away,87',5209.0,Takuma Asano,Antonio Sánchez
748306,away,63',3764.0,Iago Aspas,Bryan Zaragoza
748306,away,63',3776.0,Ilaix Moriba,Fran Beltrán
748306,home,71',4224.0,Haissem Hassan,Josip Brekalo
748306,away,76',4556.0,Javi Rodríguez,Manu Fernández
748306,away,77',4566.0,Jones El Abdellaoui,Williot Swedberg
748306,home,82',4878.0,Santi Cazorla,Alberto Reina
748306,home,82',4891.0,Salomón Rondón,Ilyas Chaira because of an injury
748306,away,83',4959.0,Hugo Álvarez,Ferran Jutglà
748306,home,86',5133.0,Luka Ilic,Federico Viñas
748307,away,60',3587.0,Oso,Gabriel Suazo
748307,away,70',4184.0,Peque Fernández,Isaac Romero
748307,home,72',4294.0,Eduardo Camavinga,Arda Güler
748307,home,83',4967.0,Gonzalo García,Vinícius Júnior
748307,away,84',5021.0,Alfon González,Batista Mendy
748307,away,84',5036.0,Kike Salas,José Ángel Carmona
748307,away,84',5039.0,Adnan Januzaj,Lucien Agoumé
748307,home,90'+3',5400.0,David Jiménez,Raúl Asencio
748308,away,58',3450.0,Javi Muñoz,Mario Martín
748308,away,58',3451.0,Diego Rico,Allan Nyom
748308,away,58',3452.0,Alex Sancris,Adrián Liso
748308,away,58',3453.0,Juanmi,Kiko Femenía
748308,home,66',3953.0,Giovani Lo Celso,Antony
748308,home,67',3972.0,Valentín Gómez,Natan
748308,home,75',4484.0,Rodrigo Riquelme,Aitor Ruibal
748308,home,86',5120.0,Héctor Bellerín,Ángel Ortiz
748308,home,86',5140.0,Chimy Ávila,Pablo Fornals
748309,away,28',1670.0,Conor Gallagher,Nico González because of an injury
748309,home,45',2700.0,Yáser Asprilla,Joel Roca
748309,home,61',3638.0,Hugo Rincón,Alejandro Francés
748309,home,61',3644.0,Bryan Gil,Arnau Martínez
748309,home,71',4204.0,Jhon Solís,Viktor Tsygankov
748309,home,71',4224.0,Thomas Lemar,Iván Martín
748309,away,77',4598.0,Robin Le Normand,Conor Gallagher
748309,away,77',4610.0,Thiago Almada,Julián Alvarez
748309,away,78',4625.0,Antoine Griezmann,Marcos Llorente
748309,away,83',4927.0,Giacomo Raspadori,Alexander Sørloth
748310,home,67',3981.0,Carlos Espí,Pablo Martínez
748310,away,70',4180.0,Brais Méndez,Gonçalo Guedes
748310,away,70',4190.0,Arsen Zakharyan,Luka Sucic
748310,home,74',4381.0,Kareem Tunde,Jeremy Toljan
748310,home,74',4388.0,Alan Matturro,Matías Moreno
748310,home,82',4889.0,Oriol Rey,Unai Vencedor
748310,home,82',4894.0,Iker Losada,Iván Romero
748310,away,83',4925.0,Carlos Soler,Pablo Marín because of an injury
748310,away,90'+1',5400.0,Arkaitz Mariezkurrena,Takefusa Kubo
748310,away,90'+1',5400.0,Lander Astiazarán,Mikel Oyarzabal
748311,away,45',2700.0,Carles Aleñá,Abde Rebbach
748311,away,45',2700.0,Carlos Vicente,Calebe
748311,home,69',4082.0,Kike Barja,Rubén García
748311,home,69',4092.0,Iñigo Arguibide,Valentin Rosier
748311,away,77',4567.0,Aitor Mañas,Pablo Ibáñez
748311,home,86',5101.0,Juan Cruz,Abel Bretones
748311,home,89',5312.0,Asier Osambela,Aimar Oroz
748311,away,89',5312.0,Jon Guridi,Denis Suárez
748311,home,89',5318.0,Raúl García,Ante Budimir
748312,away,62',3711.0,Robert Lewandowski,Ferran Torres
748312,away,62',3718.0,Marcus Rashford,Fermín López
748312,home,64',3840.0,Georges Mikautadze,Ayoze Pérez
748312,away,66',3944.0,Marc Bernal,Eric García
748312,home,75',4450.0,Tani Oluwaseyi,Nicolas Pépé
748312,home,75',4462.0,Carlos Macià,Dani Parejo
748312,away,79',4699.0,Marc Casadó,Jules Koundé because of an injury
748313,home,12',676.0,Martim Neto,Héctor Fort because of an injury
748313,away,33',1949.0,Fran Pérez,Iván Balliu because of an injury
748313,away,60',3573.0,Pedro Díaz,Óscar Valentín
748313,away,75',4478.0,Luiz Felipe,Nobel Mendy
748313,away,75',4479.0,Gerard Gumbau,Unai López
748313,away,75',4491.0,Jozhua Vertrouwd,Pacha Espino
748313,home,80',4777.0,Josan,Marc Aguado
748313,home,80',4791.0,Léo Pétrot,Pedro Bigas
748313,home,80',4798.0,Yago Santiago,Álvaro Rodríguez
748313,home,89',5320.0,Adam El Mokhtari,Rafa Mir
748314,away,45',2700.0,Conor Gallagher,Pablo Barrios
748314,away,45',2700.0,Robin Le Normand,Matteo Ruggeri
748314,away,60',3544.0,Johnny Cardoso,Álex Baena
748314,away,60',3550.0,Antoine Griezmann,Julián Alvarez
748314,away,72',4278.0,Giacomo Raspadori,Koke
748314,home,72',4302.0,Ander Barrenetxea,Gonçalo Guedes
748314,home,72',4304.0,Pablo Marín,Beñat Turrientes
748314,home,88',5275.0,Orri Óskarsson,Brais Méndez
748314,home,89',5282.0,Arsen Zakharyan,Takefusa Kubo
748315,away,45',2700.0,Héctor Bellerín,Ángel Ortiz
748315,away,45',2700.0,Giovani Lo Celso,Nelson Deossa
748315,away,67',3980.0,Sergi Altimira,Marc Roca
748315,away,67',3982.0,Rodrigo Riquelme,Aitor Ruibal
748315,home,77',4611.0,Arda Güler,Rodrygo
748315,home,77',4612.0,Franco Mastantuono,Vinícius Júnior
748315,home,81',4853.0,Dani Ceballos,Aurélien Tchouaméni
748315,away,88',5224.0,Pablo García,Antony
748315,home,88',5276.0,Fran García,Gonzalo García
748315,home,89',5285.0,Ferland Mendy,Antonio Rüdiger
748316,home,40',2380.0,Nobel Mendy,Luiz Felipe because of an injury
748316,away,58',3421.0,Juanmi,Mario Martín because of an injury
748316,away,58',3438.0,Alex Sancris,Juan Iglesias
748316,home,67',3966.0,Fran Pérez,Sergio Camello
748316,home,67',3975.0,Pacha Espino,Jorge de Frutos
748316,away,67',3996.0,Coba da Costa,Adrián Liso
748316,home,81',4828.0,Pedro Díaz,Isi Palazón
748316,home,81',4841.0,Gerard Gumbau,Unai López
748316,away,82',4889.0,Joselu Pérez,Alex Sancris
748316,away,82',4890.0,Alejandro Mestanza,Javi Muñoz
748317,away,60',3574.0,Alejandro Rego,Íñigo Ruíz de Galarreta
748317,away,60',3580.0,Robert Navarro,Oihan Sancet
748317,away,60',3584.0,Alex Berenguer,Iñaki Williams
748317,away,69',4111.0,Jesús Areso,Andoni Gorosabel
748317,home,76',4552.0,Kike Barja,Rubén García
748317,home,76',4553.0,Raúl García,Ante Budimir
748317,home,83',4978.0,Moi Gómez,Aimar Oroz
748317,home,86',5116.0,Iñigo Arguibide,Valentin Rosier
748317,away,90',5362.0,Nico Serrano,Nico Williams
748318,home,45',2700.0,Omar Mascarell,Manu Morlanes
748318,home,64',3800.0,Mateo Joseph,Takuma Asano
748318,home,64',3804.0,Pablo Torre,Sergi Darder
748318,home,64',3806.0,Antonio Sánchez,Samú Costa
748318,away,70',4165.0,Alejandro Francés,Thomas Lemar
748318,away,75',4487.0,Joel Roca,Bryan Gil
748318,home,89',5292.0,Javi Llabrés,Pablo Maffeo
748319,away,45',2700.0,Fermín López,Marcus Rashford
748319,home,60',3562.0,Jofre Carreras,Edu Expósito
748319,away,64',3829.0,Robert Lewandowski,Ferran Torres
748319,away,64',3833.0,Pedri,Gerard Martín
748319,away,64',3838.0,Dani Olmo,Raphinha
748319,home,75',4482.0,Kike García,Roberto Fernández
748319,home,82',4907.0,Ramon Terrats,Tyrhys Dolan
748319,home,82',4916.0,Javi Puado,Pere Milla
748320,home,61',3603.0,Bambo Diaby,David Affengruber
748320,away,67',4015.0,Gerard Moreno,Ayoze Pérez
748320,away,68',4029.0,Sergi Cardona,Nicolas Pépé
748320,home,71',4221.0,Grady Diangana,Marc Aguado
748320,away,76',4510.0,Carlos Macià,Dani Parejo
748320,away,76',4521.0,Tani Oluwaseyi,Georges Mikautadze
748320,home,79',4704.0,Adam El Mokhtari,Rafa Mir
748320,home,79',4709.0,Josan,Álvaro Núñez
748320,home,79',4721.0,Rodrigo Mendoza,Martim Neto
748320,away,80',4760.0,Juan Foyth,Santiago Mouriño because of an injury
748321,home,28',1641.0,Pablo Durán,Williot Swedberg because of an injury
748321,away,57',3380.0,Luis Rioja,Thierry Correia
748321,away,57',3392.0,Largie Ramazani,Lucas Beltrán
748321,away,66',3934.0,Arnaut Danjuma,Javi Guerra
748321,away,66',3938.0,César Tárrega,Dimitri Foulquier
748321,home,67',4001.0,Hugo Álvarez,Bryan Zaragoza
748321,home,67',4003.0,Jones El Abdellaoui,Borja Iglesias
748321,away,81',4807.0,Diego López,Copete
748321,home,81',4835.0,Manu Fernández,Javi Rodríguez
748321,home,81',4850.0,Iago Aspas,Pablo Durán
748322,home,45',2700.0,Lucas Boyé,Denis Suárez
748322,home,45',2700.0,Carlos Vicente,Calebe
748322,away,54',3209.0,Haissem Hassan,Josip Brekalo
748322,away,54',3212.0,David Carmo,Eric Bailly because of an injury
748322,home,62',3690.0,Abde Rebbach,Carles Aleñá
748322,home,62',3690.0,Carlos Protesoni,Pablo Ibáñez
748322,away,74',4393.0,Nicolás Fonseca,Alberto Reina
748322,away,85',5046.0,Javi López,Ilyas Chaira
748322,away,85',5055.0,Álex Forés,Santiago Colombatto
748322,home,90',5342.0,Aitor Mañas,Toni Martínez
748323,home,45',2700.0,Adnan Januzaj,Peque Fernández
748323,home,59',3510.0,Isaac Romero,Juanlu Sánchez
748323,away,65',3852.0,Carlos Espí,Kareem Tunde
748323,away,71',4202.0,Alan Matturro,Diego Pampín
748323,away,71',4208.0,José Luis Morales,Iker Losada
748323,away,80',4743.0,Jon Olasagasti,Iván Romero
748323,away,80',4770.0,Unai Vencedor,Pablo Martínez
748324,home,17',967.0,Dimitri Foulquier,Thierry Correia because of an injury
748324,away,60',3560.0,Adam El Mokhtari,Yago Santiago
748324,away,60',3565.0,David Affengruber,Pedro Bigas because of an injury
748324,home,65',3846.0,Arnaut Danjuma,André Almeida
748324,home,65',3867.0,Umar Sadiq,Lucas Beltrán
748324,away,74',4400.0,Grady Diangana,Martim Neto
748324,away,74',4405.0,Adrià Pedrosa,Álvaro Núñez
748324,home,77',4605.0,Javi Guerra,Filip Ugrinic
748324,home,77',4606.0,Largie Ramazani,Diego López
748324,away,83',4924.0,Federico Redondo,Aleix Febas
748325,away,58',3448.0,Pablo Durán,Borja Iglesias
748325,away,58',3466.0,Williot Swedberg,Iago Aspas
748325,home,58',3472.0,Alexis Sánchez,Isaac Romero
748325,home,59',3489.0,Rubén Vargas,Peque Fernández
748325,home,67',3975.0,Adnan Januzaj,Rubén Vargas because of an injury
748325,away,67',3985.0,Javi Rueda,Jones El Abdellaoui
748325,away,67',4008.0,Hugo Álvarez,Bryan Zaragoza
748325,home,82',4910.0,Tanguy Nianzou,Kike Salas
748325,home,83',4922.0,Miguel Sierra,Juanlu Sánchez
748325,away,90'+1',5400.0,Sergio Carreira,Óscar Mingueza
748326,home,57',3386.0,Nicolás Fonseca,Kwasi Sibo
748326,away,61',3652.0,Héctor Bellerín,Ángel Ortiz because of an injury
748326,away,74',4437.0,Rodrigo Riquelme,Aitor Ruibal
748326,home,76',4529.0,Josip Brekalo,Haissem Hassan
748326,home,76',4541.0,Thiago Borbas,Álex Forés
748326,away,80',4758.0,Ricardo Rodríguez,Junior Firpo
748326,away,80',4795.0,Chimy Ávila,Cucho Hernández because of an injury
748326,home,85',5091.0,Javi López,Ilyas Chaira
748326,home,86',5102.0,Leander Dendoncker,Santiago Colombatto
748327,home,38',2230.0,Iván Balliu,Andrei Ratiu because of an injury
748327,away,59',3495.0,Mateo Joseph,Toni Lato
748327,home,69',4102.0,Pacha Espino,Jorge de Frutos
748327,home,69',4120.0,Gerard Gumbau,Pedro Díaz
748327,away,70',4144.0,Pablo Torre,Omar Mascarell
748327,away,70',4150.0,Sergi Darder,Antonio Sánchez
748327,home,79',4703.0,Fran Pérez,Carlos Martín
748327,home,81',4821.0,Randy Nteka,Álvaro García
748327,away,81',4831.0,Javi Llabrés,Samú Costa
748327,away,81',4837.0,Abdón Prats,Pablo Maffeo
748328,away,61',3601.0,Roberto Fernández,Kike García
748328,home,65',3848.0,Carlos Espí,Iker Losada
748328,away,69',4121.0,Javi Puado,Pere Milla
748328,away,69',4124.0,Ramon Terrats,Jofre Carreras
748328,away,73',4330.0,Charles Pickel,Javi Puado because of an injury
748328,home,79',4681.0,Unai Vencedor,Kervin Arriaga because of an injury
748328,home,79',4700.0,Jon Olasagasti,Carlos Álvarez
748328,home,88',5260.0,Karl Etta Eyong,Iván Romero
748328,home,88',5276.0,José Luis Morales,Kareem Tunde because of an injury
748329,away,67',4017.0,Moi Gómez,Jon Moncayola
748329,away,75',4468.0,Raúl García,Rubén García
748329,away,75',4471.0,Abel Bretones,Javi Galán
748329,home,79',4735.0,Joel Roca,Thomas Lemar
748329,home,79',4739.0,Alejandro Francés,Bryan Gil
748329,home,80',4760.0,Lancinet Kourouma,Hugo Rincón because of an injury
748329,away,85',5070.0,Kike Barja,Víctor Muñoz
748329,home,88',5279.0,Cristhian Stuani,Vladyslav Vanat
748330,home,57',3409.0,Alex Sancris,Alejandro Mestanza
748330,home,57',3418.0,Juanmi,Adrián Liso
748330,away,58',3438.0,Luka Sucic,Brais Méndez
748330,away,58',3447.0,Ander Barrenetxea,Gonçalo Guedes
748330,home,64',3788.0,Jorge Montes,Mario Martín
748330,away,65',3852.0,Jon Gorrotxategi,Beñat Turrientes because of an injury
748330,home,78',4663.0,Joselu Pérez,Javi Muñoz
748330,home,78',4671.0,Ismael Bekhoucha,Juan Iglesias because of an injury
748330,away,83',4974.0,Pablo Marín,Carlos Soler
748330,away,83',4976.0,Aihen Muñoz,Sergio Gómez
748331,away,14',806.0,Koke,Johnny Cardoso because of an injury
748331,away,45',2700.0,Conor Gallagher,Nico González
748331,away,62',3712.0,Thiago Almada,Álex Baena because of an injury
748331,away,63',3723.0,Alexander Sørloth,Giuliano Simeone
748331,home,66',3955.0,Ferran Torres,Dani Olmo because of an injury
748331,home,67',3980.0,Marcus Rashford,Robert Lewandowski
748331,home,73',4378.0,Dro Fernández,Pedri because of an injury
748331,home,73',4379.0,Marc Casadó,Raphinha
748331,away,75',4447.0,Antoine Griezmann,Koke
748331,home,88',5221.0,Andreas Christensen,Lamine Yamal
748332,home,45',2700.0,Jesús Areso,Íñigo Lekue
748332,home,45',2700.0,Unai Gómez,Íñigo Ruíz de Galarreta
748332,away,55',3296.0,Raúl Asencio,Trent Alexander-Arnold because of an injury
748332,home,69',4107.0,Nico Serrano,Alex Berenguer
748332,home,69',4114.0,Mikel Vesga,Mikel Jauregizar
748332,away,69',4121.0,Arda Güler,Eduardo Camavinga because of an injury
748332,away,78',4630.0,Brahim Díaz,Vinícius Júnior
748332,away,78',4638.0,Rodrygo,Kylian Mbappé
748332,away,78',4650.0,Gonzalo García,Éder Militão
748332,home,78',4652.0,Selton Sánchez,Nico Williams
748333,home,45',2700.0,Gerard Moreno,Ayoze Pérez
748333,away,59',3506.0,Youssef Enríquez,Jonny
748333,away,59',3516.0,Ander Guevara,Pablo Ibáñez
748333,home,67',3981.0,Nicolas Pépé,Tajon Buchanan
748333,home,67',3996.0,Thomas Partey,Dani Parejo
748333,home,77',4599.0,Sergi Cardona,Alberto Moleiro
748333,away,80',4792.0,Abde Rebbach,Jon Guridi
748333,away,80',4797.0,Aitor Mañas,Carles Aleñá
748333,home,82',4866.0,Tani Oluwaseyi,Alfonso Pedraza
748334,away,54',3232.0,Denis Suárez,Jon Guridi
748334,away,55',3253.0,Ander Guevara,Pablo Ibáñez
748334,away,55',3263.0,Lucas Boyé,Toni Martínez
748334,home,62',3669.0,Koke,Giuliano Simeone
748334,home,62',3684.0,Antoine Griezmann,Julián Alvarez
748334,home,62',3685.0,Álex Baena,Thiago Almada
748334,away,69',4093.0,Abde Rebbach,Carles Aleñá
748334,home,78',4651.0,Robin Le Normand,Johnny Cardoso
748334,away,81',4827.0,Aitor Mañas,Antonio Blanco
748334,home,86',5155.0,Nahuel Molina,Alexander Sørloth
748335,away,61',3616.0,Randy Nteka,Gerard Gumbau
748335,away,61',3629.0,Alemão,Pacha Espino
748335,home,62',3715.0,Williot Swedberg,Hugo Álvarez
748335,home,63',3724.0,Miguel Román,Hugo Sotelo
748335,away,68',4050.0,Jozhua Vertrouwd,Carlos Martín
748335,home,71',4212.0,Manu Fernández,Javi Rodríguez
748335,home,71',4230.0,Javi Rueda,Óscar Mingueza
748335,away,78',4668.0,Óscar Trejo,Jorge de Frutos
748335,away,78',4678.0,Fran Pérez,Isi Palazón
748335,home,83',4930.0,Hugo Burcio,Carl Starfelt
748336,away,45',2700.0,Akor Adams,Peque Fernández
748336,away,45',2700.0,Tanguy Nianzou,Juanlu Sánchez
748336,away,63',3772.0,Chidera Ejuke,Isaac Romero
748336,away,63',3773.0,Miguel Sierra,Djibril Sow
748336,away,67',4004.0,Gabriel Suazo,Tanguy Nianzou
748336,home,67',4016.0,Rodrigo Mendoza,Martim Neto
748336,home,68',4038.0,Yago Santiago,Grady Diangana
748336,home,68',4052.0,Bambo Diaby,Josan
748336,home,80',4793.0,Adrià Pedrosa,Germán Valera
748336,home,87',5189.0,Federico Redondo,Aleix Febas
748337,home,45',2700.0,Jofre Carreras,Tyrhys Dolan
748337,home,56',3303.0,Rubén Sánchez,Omar El Hilali
748337,home,56',3316.0,Ramon Terrats,Edu Expósito
748337,home,70',4166.0,Kike García,Pere Milla
748337,away,73',4355.0,Alejandro Francés,Bryan Gil
748337,away,73',4356.0,Yáser Asprilla,Thomas Lemar
748337,home,81',4854.0,Antoniu Roca,Pol Lozano
748337,away,82',4867.0,Joel Roca,Viktor Tsygankov
748338,away,30',1791.0,Baptiste Santamaría,César Tárrega because of an injury
748338,away,61',3611.0,Diego López,Arnaut Danjuma
748338,away,61',3639.0,Umar Sadiq,Hugo Duro
748338,home,72',4279.0,Juanmi,Adrián Liso
748338,home,85',5094.0,Alejandro Mestanza,Javi Muñoz
748338,home,85',5100.0,Coba da Costa,Mario Martín
748338,away,87',5166.0,Javi Guerra,Filip Ugrinic because of an injury
748338,away,87',5205.0,Rubén Iranzo,Lucas Beltrán
748339,away,59',3516.0,Oihan Sancet,Unai Gómez
748339,away,59',3531.0,Iñaki Williams,Alex Berenguer
748339,away,72',4290.0,Robert Navarro,Nico Williams
748339,home,73',4337.0,Antonio Sánchez,Mateo Joseph
748339,away,76',4550.0,Urko Izeta,Íñigo Ruíz de Galarreta
748339,away,76',4555.0,Andoni Gorosabel,Jesús Areso
748339,home,83',4944.0,Pablo Torre,Jan Virgili
748339,home,83',4956.0,Johan Mojica,Toni Lato
748339,home,90'+3',5400.0,Javi Llabrés,Sergi Darder
748340,home,64',3823.0,Raúl García,Moi Gómez
748340,away,71',4228.0,Leander Dendoncker,Kwasi Sibo
748340,away,71',4231.0,Nicolás Fonseca,Santiago Colombatto
748340,home,73',4349.0,Enzo Boyomo,Jorge Herrando
748340,home,73',4353.0,Iker Muñoz,Lucas Torró
748340,home,73',4362.0,Kike Barja,Valentin Rosier
748340,away,86',5146.0,Luka Ilic,Haissem Hassan
748340,home,90'+4',5400.0,Asier Osambela,Aimar Oroz because of an injury
748340,away,90'+4',5400.0,Thiago Borbas,Lucas Ahijado
748341,away,45',2700.0,Santiago Mouriño,Pau Navarro
748341,away,45',2700.0,Sergi Cardona,Alfonso Pedraza
748341,away,65',3888.0,Nicolas Pépé,Gerard Moreno
748341,home,72',4278.0,Pablo García,Chimy Ávila
748341,away,75',4465.0,Ayoze Pérez,Tajon Buchanan
748341,home,79',4735.0,Rodrigo Riquelme,Giovani Lo Celso
748341,away,81',4856.0,Carlos Macià,Alberto Moleiro
748341,home,89',5333.0,Ángel Ortiz,Antony
748342,home,45',2700.0,Franco Mastantuono,Gonzalo García
748342,home,45',2700.0,Arda Güler,Eduardo Camavinga
748342,home,61',3643.0,Dani Ceballos,Dean Huijsen
748342,away,66',3947.0,Ugo Raghouber,Unai Vencedor
748342,away,66',3954.0,Iker Losada,Karl Etta Eyong
748342,away,83',4921.0,Carlos Espí,Kareem Tunde
748342,away,83',4947.0,Paco Cortés,Carlos Álvarez
748342,away,83',4966.0,Jon Olasagasti,Iván Romero because of an injury
748342,home,90',5361.0,David Alaba,Raúl Asencio
748343,home,58',3444.0,Jon Gorrotxategi,Beñat Turrientes
748343,home,58',3452.0,Álvaro Odriozola,Brais Méndez
748343,away,62',3711.0,Robert Lewandowski,Ferran Torres
748343,away,62',3712.0,João Cancelo,Alejandro Balde
748343,away,63',3729.0,Marcus Rashford,Dani Olmo
748343,home,69',4111.0,Aihen Muñoz,Sergio Gómez
748343,home,69',4115.0,Ander Barrenetxea,Takefusa Kubo because of an injury
748343,home,82',4867.0,Duje Caleta-Car,Jon Aramburu
748343,away,85',5090.0,Gerard Martín,Pau Cubarsí
748343,away,85',5095.0,Roony Bardghji,Jules Koundé
748344,away,60',3541.0,Pablo García,Antony
748344,away,60',3544.0,Diego Llorente,Natan
748344,away,60',3546.0,Chimy Ávila,Sergi Altimira
748344,home,72',4308.0,Jon Guridi,Toni Martínez
748344,away,76',4502.0,Nelson Deossa,Pablo Fornals
748344,away,76',4504.0,Iván Corralejo,Cédric Bakambu
748344,home,83',4978.0,Ander Guevara,Carlos Vicente
748344,home,90'+2',5400.0,Youssef Enríquez,Carles Aleñá
748344,home,90'+2',5400.0,Abde Rebbach,Pablo Ibáñez
748345,home,59',3493.0,Nico González,Álex Baena
748345,away,63',3761.0,Takuma Asano,Antonio Sánchez
748345,away,63',3771.0,Jan Virgili,Mateo Joseph
748345,home,72',4319.0,Thiago Almada,Alexander Sørloth
748345,home,73',4335.0,Robin Le Normand,Johnny Cardoso
748345,away,74',4400.0,Pablo Torre,Sergi Darder
748345,away,74',4406.0,Mateu Morey,Pablo Maffeo
748345,home,79',4699.0,Koke,Giuliano Simeone
748345,away,88',5254.0,Javi Llabrés,Samú Costa
748346,home,45',2700.0,Jules Koundé,Gerard Martín
748346,home,60',3575.0,Fermín López,Raphinha
748346,home,60',3577.0,Alejandro Balde,João Cancelo
748346,away,66',3936.0,Nacho Vidal,Lucas Ahijado
748346,away,66',3945.0,Nicolás Fonseca,Alberto Reina
748346,home,75',4448.0,Marc Bernal,Dani Olmo
748346,home,79',4690.0,Roony Bardghji,Lamine Yamal
748346,away,82',4900.0,Thiago Borbas,Federico Viñas
748346,away,82',4903.0,Santi Cazorla,Santiago Colombatto
748346,away,82',4914.0,Josip Brekalo,Haissem Hassan
748347,home,63',3735.0,Claudio Echeverri,Thomas Lemar
748347,home,71',4250.0,Joel Roca,Bryan Gil
748347,home,81',4860.0,Juan Arango,Iván Martín
748347,home,82',4866.0,Alejandro Francés,Hugo Rincón
748347,away,86',5134.0,Sebastián Boselli,Luis Vázquez because of an injury
748348,home,45',2700.0,Alemão,Óscar Valentín
748348,home,45',2700.0,Ilias Akhomach,Carlos Martín
748348,away,67',3987.0,Asier Osambela,Iker Muñoz
748348,home,72',4294.0,Jozhua Vertrouwd,Isi Palazón
748348,home,72',4299.0,Sergio Camello,Jorge de Frutos
748348,away,81',4818.0,Abel Bretones,Ante Budimir
748348,away,81',4826.0,Raúl García,Aimar Oroz
748348,home,90',5359.0,Fran Pérez,Álvaro García
748348,away,90'+4',5400.0,Lucas Torró,Víctor Muñoz
748349,home,24',1384.0,Rafa Marín,Juan Foyth because of an injury
748349,home,70',4150.0,Nicolas Pépé,Tajon Buchanan
748349,home,70',4155.0,Tani Oluwaseyi,Gerard Moreno
748349,away,74',4394.0,Gonzalo García,Franco Mastantuono
748349,home,77',4595.0,Ayoze Pérez,Georges Mikautadze
748349,home,77',4604.0,Thomas Partey,Dani Parejo
748349,away,80',4790.0,Brahim Díaz,Arda Güler
748350,away,45',2700.0,Óscar Mingueza,Manu Fernández
748350,home,45',2700.0,Igor Zubeldia,Ander Barrenetxea
748350,home,45',2700.0,Álvaro Odriozola,Beñat Turrientes
748350,away,56',3353.0,Borja Iglesias,Pablo Durán
748350,away,56',3357.0,Iago Aspas,Ilaix Moriba
748350,home,70',4190.0,Pablo Marín,Gonçalo Guedes
748350,away,76',4525.0,Williot Swedberg,Sergio Carreira
748350,away,76',4526.0,Miguel Román,Hugo Sotelo
748350,home,81',4860.0,Brais Méndez,Luka Sucic
748350,home,86',5125.0,Orri Óskarsson,Mikel Oyarzabal
748351,home,45',2700.0,Andrés Castrín,Djibril Sow
748351,away,57',3403.0,Nico Williams,Robert Navarro
748351,away,57',3405.0,Unai Gómez,Íñigo Ruíz de Galarreta
748351,away,57',3407.0,Asier Hierro,Urko Izeta
748351,home,57',3408.0,Oso,Gabriel Suazo
748351,away,72',4288.0,Mikel Vesga,Mikel Jauregizar
748351,home,73',4332.0,Manu Bueno,Nemanja Gudelj
748351,away,77',4595.0,Nico Serrano,Oihan Sancet
748351,home,81',4838.0,Chidera Ejuke,Isaac Romero
748351,home,81',4841.0,Joan Jordán,Peque Fernández
748352,away,51',3010.0,Kike García,Pere Milla
748352,away,51',3020.0,Edu Expósito,Pol Lozano
748352,home,63',3773.0,Diego López,Arnaut Danjuma
748352,home,64',3793.0,Umar Sadiq,Hugo Duro
748352,away,70',4177.0,Tyrhys Dolan,Jofre Carreras
748352,away,79',4683.0,Miguel Rubio,Fernando Calero
748352,away,79',4685.0,Charles Pickel,Ramon Terrats
748352,home,88',5222.0,Baptiste Santamaría,Filip Ugrinic
748352,home,88',5232.0,Largie Ramazani,Luis Rioja
748352,home,88',5242.0,Javi Guerra,Pepelu
748353,home,45',2700.0,Paco Cortés,Iker Losada
748353,away,62',3714.0,Josan,Martim Neto
748353,away,70',4145.0,André Silva,Álvaro Rodríguez
748353,away,70',4159.0,Adam El Mokhtari,Yago Santiago
748353,away,70',4176.0,Rodrigo Mendoza,Grady Diangana
748353,home,74',4412.0,Carlos Espí,Karl Etta Eyong
748353,home,74',4425.0,Jon Olasagasti,Carlos Álvarez
748353,away,85',5058.0,Álex Sánchez,Marc Aguado
748354,away,45',2700.0,Marcus Rashford,Raphinha because of an injury
748354,home,56',3304.0,Federico Redondo,Marc Aguado
748354,home,60',3592.0,Adam El Mokhtari,André Silva
748354,home,60',3593.0,Martim Neto,Grady Diangana
748354,away,62',3689.0,Robert Lewandowski,Ferran Torres
748354,away,62',3698.0,Marc Bernal,Dani Olmo
748354,home,74',4437.0,Léo Pétrot,David Affengruber
748354,home,75',4443.0,Lucas Cepeda,Álvaro Rodríguez
748354,away,84',5030.0,Ronald Araujo,Jules Koundé because of an injury
748354,away,84',5039.0,Marc Casadó,Fermín López
748355,away,45',2700.0,Facundo Garcés,Carlos Protesoni because of an injury
748355,home,57',3376.0,Tyrhys Dolan,Ramon Terrats
748355,home,57',3383.0,Pere Milla,Jofre Carreras
748355,away,61',3645.0,Youssef Enríquez,Victor Parada
748355,away,61',3658.0,Ander Guevara,Calebe
748355,away,74',4381.0,Jon Guridi,Toni Martínez because of an injury
748355,home,78',4680.0,Rubén Sánchez,Clemens Riedel
748355,home,84',5026.0,Miguel Rubio,Fernando Calero
748355,home,84',5029.0,Charles Pickel,Urko González de Zárate
748356,home,10',585.0,Brahim Díaz,Jude Bellingham because of an injury
748356,home,45',2700.0,Dani Ceballos,Raúl Asencio
748356,away,56',3316.0,Óscar Valentín,Gerard Gumbau
748356,away,56',3340.0,Pedro Díaz,Jorge de Frutos
748356,home,60',3571.0,Gonzalo García,Franco Mastantuono
748356,home,77',4601.0,David Alaba,Dean Huijsen
748356,home,77',4603.0,Rodrygo,Arda Güler
748356,away,77',4616.0,Pacha Espino,Álvaro García
748356,away,83',4952.0,Luiz Felipe,Isi Palazón
748356,away,83',4969.0,Carlos Martín,Ilias Akhomach
748357,away,27',1603.0,Julián Alvarez,Alexander Sørloth because of an injury
748357,home,29',1720.0,Manu Sánchez,Matías Moreno because of an injury
748357,away,45',2700.0,Dávid Hancko,Clément Lenglet
748357,away,50',2986.0,Koke,Pablo Barrios because of an injury
748357,away,58',3479.0,Marc Pubill,Thiago Almada
748357,away,59',3486.0,Álex Baena,Marcos Llorente
748357,home,59',3505.0,Karl Etta Eyong,Iker Losada
748357,away,73',4336.0,Jano Monserrate,Nico González
748357,home,75',4442.0,Jon Olasagasti,Carlos Álvarez
748357,home,75',4445.0,Paco Cortés,Kareem Tunde
748357,home,89',5299.0,Tai Abed,Iván Romero
748358,home,45',2700.0,Íñigo Ruíz de Galarreta,Alejandro Rego
748358,home,62',3714.0,Robert Navarro,Unai Gómez
748358,away,63',3724.0,Brais Méndez,Luka Sucic
748358,away,63',3728.0,Beñat Turrientes,Jon Gorrotxategi
748358,home,72',4285.0,Iñaki Williams,Nico Williams
748358,home,72',4290.0,Urko Izeta,Alex Berenguer
748358,away,77',4589.0,Wesley,Gonçalo Guedes
748358,away,77',4611.0,Orri Óskarsson,Mikel Oyarzabal
748358,home,79',4705.0,Andoni Gorosabel,Jesús Areso
748358,away,85',5073.0,Aihen Muñoz,Pablo Marín
748359,home,45',2700.0,Jorge Herrando,Alejandro Catena
748359,away,45',2700.0,Sergi Cardona,Alfonso Pedraza
748359,home,62',3674.0,Aimar Oroz,Raúl Moro
748359,away,75',4451.0,Tajon Buchanan,Georges Mikautadze
748359,away,75',4453.0,Santi Comesaña,Dani Parejo
748359,home,76',4538.0,Raúl García,Ante Budimir
748359,home,76',4545.0,Abel Bretones,Rubén García
748359,away,83',4947.0,Tani Oluwaseyi,Gerard Moreno
748360,home,45',2700.0,Pablo Fornals,Sergi Altimira
748360,home,67',4018.0,Pablo García,Chimy Ávila
748360,away,71',4257.0,Umar Sadiq,Hugo Duro
748360,away,72',4265.0,Baptiste Santamaría,Pepelu
748360,away,72',4275.0,André Almeida,Lucas Beltrán
748360,away,77',4581.0,Diego López,Luis Rioja
748360,away,80',4792.0,César Tárrega,Copete because of an injury
748360,home,90'+1',5400.0,Ángel Ortiz,Antony
748360,home,90'+1',5400.0,Valentín Gómez,Diego Llorente
748361,away,68',4032.0,Sergio Carreira,Óscar Mingueza
748361,away,68',4052.0,Pablo Durán,Williot Swedberg
748361,home,68',4075.0,Javi Muñoz,Mario Martín
748361,away,76',4552.0,Hugo Álvarez,Borja Iglesias
748361,away,77',4567.0,Javi Rueda,Jones El Abdellaoui
748361,home,77',4579.0,Adrián Liso,Martín Satriano
748361,away,81',4842.0,Iago Aspas,Fer López
748361,home,90',5343.0,Sebastián Boselli,Domingos Duarte because of an injury
748361,home,90',5344.0,Alex Sancris,Kiko Femenía because of an injury
748361,home,90',5355.0,Allan Nyom,Luis Vázquez
748362,home,64',3817.0,Thiago Fernández,Haissem Hassan
748362,home,64',3840.0,Santi Cazorla,Alberto Reina
748362,away,69',4130.0,Hugo Rincón,Arnau Martínez
748362,away,69',4134.0,Claudio Echeverri,Bryan Gil
748362,away,70',4165.0,Axel Witsel,Iván Martín
748362,home,70',4185.0,Nicolás Fonseca,Kwasi Sibo
748362,home,70',4195.0,Lucas Ahijado,Nacho Vidal
748362,away,79',4695.0,Cristhian Stuani,Fran Beltrán
748362,home,87',5170.0,Leander Dendoncker,Santiago Colombatto
748363,home,55',3274.0,Antonio Sánchez,Takuma Asano
748363,away,60',3546.0,Chidera Ejuke,Juanlu Sánchez
748363,away,60',3557.0,Alexis Sánchez,Peque Fernández
748363,away,79',4699.0,Isaac Romero,Neal Maupay
748363,away,79',4711.0,Djibril Sow,Fábio Cardoso
748363,home,83',4969.0,Manu Morlanes,Sergi Darder
748363,home,84',4983.0,Mateo Joseph,Jan Virgili
748363,home,90'+1',5400.0,Abdón Prats,Vedat Muriqi
748363,home,90'+2',5400.0,Pablo Torre,Samú Costa
748364,home,72',4310.0,Guido Rodríguez,Pepelu
748364,home,72',4319.0,Thierry Correia,Unai Núñez
748364,away,76',4554.0,Brahim Díaz,Gonzalo García
748364,away,76',4560.0,Trent Alexander-Arnold,David Jiménez
748364,home,81',4859.0,Javi Guerra,Filip Ugrinic
748364,home,81',4860.0,Largie Ramazani,Luis Rioja
748364,home,82',4872.0,Umar Sadiq,Lucas Beltrán
748364,away,82',4905.0,Franco Mastantuono,Arda Güler
748364,away,90'+2',5400.0,Jorge Cestero,Federico Valverde
748365,away,45',2700.0,Claudio Echeverri,Vladyslav Vanat
748365,home,45',2700.0,Juanlu Sánchez,José Ángel Carmona
748365,home,45',2700.0,Oso,César Azpilicueta
748365,home,45',2700.0,Chidera Ejuke,Peque Fernández
748365,away,56',3319.0,Axel Witsel,Fran Beltrán because of an injury
748365,home,63',3730.0,Djibril Sow,Batista Mendy
748365,away,73',4378.0,Joel Roca,Bryan Gil
748365,away,74',4384.0,Alejandro Francés,Thomas Lemar
748365,home,74',4393.0,Alexis Sánchez,Akor Adams
748365,away,90'+6',5400.0,Cristhian Stuani,Iván Martín
748366,home,29',1715.0,Beñat Turrientes,Luka Sucic because of an injury
748366,away,55',3290.0,Adrià Pedrosa,John Donald
748366,away,55',3293.0,Marc Aguado,Martim Neto
748366,home,65',3848.0,Jon Aramburu,Álvaro Odriozola
748366,home,65',3857.0,Job Ochieng,Gonçalo Guedes
748366,away,72',4319.0,Pedro Bigas,Victor Chust
748366,away,73',4332.0,Lucas Cepeda,Léo Pétrot
748366,away,79',4698.0,Gonzalo Villar,Grady Diangana
748366,home,82',4864.0,Yangel Herrera,Carlos Soler
748366,home,82',4882.0,Orri Óskarsson,Mikel Oyarzabal
748367,away,34',2028.0,Abdel Abqar,Mario Martín because of an injury
748367,home,58',3478.0,Abde Rebbach,Calebe
748367,home,59',3483.0,Denis Suárez,Pablo Ibáñez
748367,home,59',3498.0,Aitor Mañas,Toni Martínez
748367,away,67',3989.0,Adrián Liso,Luis Vázquez
748367,home,77',4589.0,Youssef Enríquez,Jonny
748367,home,77',4592.0,Ángel Pérez,Carles Aleñá
748367,away,90'+1',5400.0,Diego Rico,Kiko Femenía
748367,away,90'+1',5400.0,Allan Nyom,Martín Satriano
748368,away,45',2700.0,Clemens Riedel,Fernando Calero
748368,away,59',3517.0,Cyril Ngonge,Tyrhys Dolan
748368,away,59',3523.0,Charles Pickel,Edu Expósito
748368,away,59',3529.0,Kike García,Roberto Fernández
748368,home,64',3838.0,Ayoze Pérez,Tajon Buchanan
748368,home,65',3842.0,Santi Comesaña,Dani Parejo
748368,away,72',4283.0,Antoniu Roca,Pere Milla
748368,home,73',4354.0,Tani Oluwaseyi,Georges Mikautadze
748368,home,73',4366.0,Alexander Freeman,Santiago Mouriño
748368,home,80',4760.0,Hugo Lopez,Alberto Moleiro
748369,home,45',2700.0,Alexander Sørloth,Julián Alvarez
748369,home,45',2700.0,Robin Le Normand,Matteo Ruggeri
748369,home,45',2700.0,Álex Baena,Thiago Almada
748369,home,55',3278.0,Antoine Griezmann,Rodrigo Mendoza
748369,home,70',4173.0,Obed Vargas,Ademola Lookman
748369,away,70',4198.0,Sergi Altimira,Pablo Fornals
748369,away,79',4727.0,Nelson Deossa,Cédric Bakambu
748369,away,87',5203.0,Marc Bartra,Álvaro Fidalgo
748369,away,87',5211.0,Rodrigo Riquelme,Antony because of an injury
748370,away,62',3710.0,Sergi Darder,Pablo Torre
748370,away,62',3715.0,Mateo Joseph,Jan Virgili
748370,away,62',3717.0,Antonio Sánchez,Mateu Morey
748370,home,67',4000.0,Ferran Torres,Marcus Rashford
748370,home,67',4017.0,Marc Bernal,Dani Olmo
748370,away,77',4618.0,Manu Morlanes,Samú Costa
748370,away,77',4620.0,Javi Llabrés,Vedat Muriqi
748370,home,78',4637.0,Roony Bardghji,Lamine Yamal
748370,home,78',4654.0,João Cancelo,Robert Lewandowski
748370,home,84',5010.0,Tomás Marqués,Fermín López
748371,away,31',1841.0,Jorge Herrando,Enzo Boyomo because of an injury
748371,home,67',3963.0,Óscar Mingueza,Javi Rueda
748371,home,67',3979.0,Williot Swedberg,Hugo Álvarez
748371,away,70',4171.0,Raúl García,Ante Budimir
748371,away,70',4176.0,Asier Osambela,Rubén García
748371,home,75',4496.0,Ferran Jutglà,Borja Iglesias
748371,home,83',4925.0,Jones El Abdellaoui,Sergio Carreira
748371,home,83',4930.0,Iago Aspas,Fer López
748371,away,88',5232.0,Abel Bretones,Raúl Moro
748371,away,88',5248.0,Moi Gómez,Aimar Oroz
748372,away,45',2700.0,Santi Cazorla,Kwasi Sibo
748372,away,45',2700.0,Thiago Fernández,Ilyas Chaira
748372,away,61',3607.0,Luka Ilic,Haissem Hassan
748372,away,61',3615.0,Nicolás Fonseca,Santiago Colombatto
748372,home,65',3847.0,Isi Palazón,Pedro Díaz
748372,home,65',3859.0,Fran Pérez,Jorge de Frutos
748372,home,69',4109.0,Óscar Trejo,Ilias Akhomach
748372,away,74',4397.0,Thiago Borbas,Federico Viñas
748372,home,88',5228.0,Iván Balliu,Pathé Ciss because of an injury
748372,home,88',5244.0,Alemão,Álvaro García
748373,home,39',2313.0,Adama Boiro,Yuri Berchiche because of an injury
748373,away,45',2700.0,Kervin Arriaga,Carlos Álvarez
748373,home,62',3710.0,Robert Navarro,Gorka Guruzeta
748373,home,63',3722.0,Alejandro Rego,Mikel Jauregizar
748373,away,65',3844.0,Carlos Espí,Iván Romero
748373,away,65',3856.0,Jon Olasagasti,Pablo Martínez
748373,away,65',3862.0,Unai Elgezabal,Adrián de la Fuente
748373,home,76',4544.0,Unai Gómez,Íñigo Ruíz de Galarreta
748373,home,76',4555.0,Selton Sánchez,Nico Williams
748373,away,81',4813.0,Iker Losada,Ugo Raghouber
748373,away,90'+8',5400.0,Paco Cortés,Kervin Arriaga because of an injury
748373,home,90'+8',5400.0,Íñigo Lekue,Nico Serrano
748374,away,45',2700.0,Pablo Ibáñez,Antonio Blanco
748374,away,45',2700.0,Ander Guevara,Denis Suárez
748374,away,45',2700.0,Ángel Pérez,Calebe
748374,home,55',3276.0,José Ángel Carmona,César Azpilicueta because of an injury
748374,home,61',3604.0,Batista Mendy,Djibril Sow
748374,home,70',4152.0,Chidera Ejuke,Tanguy Nianzou
748374,home,70',4173.0,Isaac Romero,Neal Maupay
748374,home,81',4822.0,Federico Gattoni,Lucien Agoumé
748374,home,81',4827.0,Peque Fernández,Akor Adams
748374,away,84',5025.0,Jon Guridi,Carles Aleñá
748375,away,45',2700.0,Robert Navarro,Nico Serrano
748375,home,57',3365.0,Thiago Fernández,Haissem Hassan
748375,away,61',3645.0,Alejandro Rego,Mikel Jauregizar because of an injury
748375,home,65',3854.0,Santi Cazorla,Kwasi Sibo
748375,home,65',3867.0,Nicolás Fonseca,Alberto Reina
748375,away,66',3929.0,Jesús Areso,Andoni Gorosabel
748375,away,66',3935.0,Mikel Vesga,Íñigo Ruíz de Galarreta
748375,home,81',4835.0,Álex Forés,Santiago Colombatto
748375,home,81',4837.0,Lucas Ahijado,Nacho Vidal
748375,away,90',5368.0,Unai Gómez,Oihan Sancet
748376,away,66',3957.0,Jon Moncayola,Iker Muñoz
748376,away,66',3960.0,Asier Osambela,Lucas Torró
748376,away,67',3972.0,Raúl Moro,Víctor Muñoz
748376,away,74',4397.0,Raúl García,Ante Budimir
748376,home,80',4768.0,John Donald,Marc Aguado
748376,home,80',4780.0,Martim Neto,Lucas Cepeda
748376,home,85',5072.0,Yago Santiago,Tete Morente
748376,home,85',5078.0,Rafa Mir,André Silva
748376,away,85',5100.0,Abel Bretones,Rubén García
748377,home,56',3313.0,Urko González de Zárate,Edu Expósito
748377,home,56',3324.0,Kike García,Cyril Ngonge
748377,home,56',3329.0,Tyrhys Dolan,Charles Pickel
748377,away,70',4168.0,Ilaix Moriba,Ferran Jutglà
748377,away,70',4174.0,Pablo Durán,Williot Swedberg
748377,away,70',4180.0,Óscar Mingueza,Javi Rueda
748377,home,72',4290.0,Jofre Carreras,Pere Milla
748377,home,83',4959.0,Ramon Terrats,Roberto Fernández
748377,away,87',5213.0,Iago Aspas,Javi Rodríguez
748377,away,88',5224.0,Matías Vecino,Miguel Román
748378,away,45',2700.0,Ayoze Pérez,Hugo Lopez
748378,away,65',3844.0,Georges Mikautadze,Tajon Buchanan
748378,away,65',3849.0,Santi Comesaña,Dani Parejo
748378,away,78',4675.0,Alexander Freeman,Santiago Mouriño
748378,home,80',4780.0,Javi Muñoz,Djené Dakonam
748378,home,81',4814.0,Adrián Liso,Luis Vázquez
748378,home,86',5107.0,Sebastián Boselli,Kiko Femenía
748378,home,90'+2',5400.0,Allan Nyom,Martín Satriano
748379,away,45',2700.0,Marc Bartra,Diego Llorente
748379,home,45',2700.0,Manu Morlanes,Omar Mascarell
748379,home,45',2700.0,Zito Luvumbo,Mateo Joseph
748379,away,67',3993.0,Sergi Altimira,Álvaro Fidalgo
748379,away,67',3996.0,Ángel Ortiz,Aitor Ruibal
748379,home,78',4651.0,Pablo Torre,Sergi Darder
748379,home,78',4657.0,Antonio Sánchez,Samú Costa
748379,home,82',4866.0,Toni Lato,Johan Mojica
748379,away,89',5330.0,Nelson Deossa,Cédric Bakambu
748380,away,58',3464.0,Javi Guerra,Filip Ugrinic
748380,away,58',3466.0,Umar Sadiq,Hugo Duro
748380,away,58',3475.0,Guido Rodríguez,Pepelu
748380,home,69',4087.0,Jon Olasagasti,Carlos Álvarez
748380,home,69',4088.0,Carlos Espí,Iván Romero
748380,home,69',4125.0,Karl Etta Eyong,Iker Losada
748380,home,78',4670.0,Unai Vencedor,Pablo Martínez because of an injury
748380,home,78',4675.0,Paco Cortés,Nacho Pérez
748380,away,88',5265.0,Baptiste Santamaría,Eray Cömert because of an injury
748380,away,88',5277.0,Jesús Vázquez,Largie Ramazani
748381,away,63',3744.0,Roony Bardghji,Raphinha
748381,away,63',3757.0,Alejandro Balde,Gerard Martín
748381,home,68',4036.0,Joel Roca,Bryan Gil
748381,home,68',4038.0,Fran Beltrán,Thomas Lemar
748381,home,73',4335.0,Claudio Echeverri,Vladyslav Vanat
748381,away,73',4340.0,Robert Lewandowski,Ferran Torres
748381,away,73',4346.0,Ronald Araujo,Eric García
748381,away,80',4741.0,Marc Bernal,Dani Olmo
748381,home,90'+2',5400.0,Alejandro Francés,Iván Martín
748382,away,56',3354.0,Robin Le Normand,Rodrigo Mendoza
748382,away,56',3359.0,Obed Vargas,Matteo Ruggeri
748382,away,56',3360.0,Julián Alvarez,Álex Baena
748382,away,63',3766.0,Marcos Llorente,Johnny Cardoso
748382,away,63',3780.0,Ademola Lookman,Clément Lenglet
748382,home,64',3824.0,Pedro Díaz,Isi Palazón
748382,home,64',3833.0,Jozhua Vertrouwd,Jorge de Frutos
748382,home,64',3837.0,Álvaro García,Fran Pérez
748382,home,74',4420.0,Randy Nteka,Ilias Akhomach
748382,home,83',4972.0,Unai López,Gerard Gumbau
748383,away,45',2700.0,Gonçalo Guedes,Wesley
748383,home,60',3545.0,David Alaba,Antonio Rüdiger
748383,home,60',3562.0,Dani Carvajal,Trent Alexander-Arnold
748383,away,60',3566.0,Beñat Turrientes,Yangel Herrera
748383,away,60',3567.0,Orri Óskarsson,Mikel Oyarzabal
748383,away,73',4328.0,Daniel Díaz,Pablo Marín
748383,home,73',4330.0,Dani Ceballos,Eduardo Camavinga
748383,home,73',4345.0,Brahim Díaz,Federico Valverde
748383,home,79',4726.0,Jorge Cestero,Aurélien Tchouaméni
748384,away,45',2700.0,Chidera Ejuke,Batista Mendy
748384,away,45',2700.0,Adnan Januzaj,Gabriel Suazo
748384,away,55',3293.0,José Ángel Carmona,Tanguy Nianzou
748384,home,67',4002.0,Diego Rico,Abdel Abqar because of an injury
748384,home,67',4010.0,Adrián Liso,Juan Iglesias
748384,home,76',4529.0,Mario Martín,Mauro Arambarri
748384,home,76',4559.0,Veljko Birmancevic,Luis Vázquez
748384,away,80',4782.0,Alexis Sánchez,Neal Maupay
748384,away,89',5333.0,Peque Fernández,Akor Adams
748385,home,45',2700.0,Yangel Herrera,Beñat Turrientes
748385,home,53',3157.0,Álvaro Odriozola,Jon Aramburu
748385,home,53',3166.0,Orri Óskarsson,Pablo Marín
748385,home,56',3358.0,Aritz Elustondo,Álvaro Odriozola because of an injury
748385,away,76',4515.0,Thiago Fernández,Haissem Hassan
748385,away,76',4538.0,Leander Dendoncker,Kwasi Sibo
748385,away,76',4556.0,Santi Cazorla,Alberto Reina because of an injury
748385,home,77',4576.0,Arsen Zakharyan,Jon Gorrotxategi
748385,away,84',5027.0,Thiago Borbas,Federico Viñas
748385,away,90'+2',5400.0,Álex Forés,Nicolás Fonseca
748386,home,45',2700.0,Cucho Hernández,Cédric Bakambu
748386,away,61',3633.0,Álvaro García,Fran Pérez
748386,away,61',3645.0,Pathé Ciss,Gerard Gumbau
748386,home,61',3658.0,Rodrigo Riquelme,Pablo Fornals
748386,home,69',4138.0,Ángel Ortiz,Aitor Ruibal because of an injury
748386,home,70',4145.0,Valentín Gómez,Ricardo Rodríguez
748386,home,75',4493.0,Nelson Deossa,Álvaro Fidalgo
748386,away,77',4584.0,Pep Chavarría,Jorge de Frutos
748386,away,90'+6',5400.0,Randy Nteka,Ilias Akhomach
748386,away,90'+6',5400.0,Pedro Díaz,Pacha Espino
748387,away,64',3808.0,Trent Alexander-Arnold,Dani Carvajal
748387,away,64',3810.0,Brahim Díaz,Eduardo Camavinga
748387,home,66',3941.0,Abel Bretones,Rubén García
748387,home,67',3961.0,Raúl García,Ante Budimir
748387,home,71',4235.0,Iker Muñoz,Aimar Oroz
748387,away,75',4486.0,Gonzalo García,Federico Valverde
748387,away,82',4908.0,Dani Ceballos,Arda Güler
748387,home,83',4929.0,Iñigo Arguibide,Valentin Rosier
748387,home,83',4939.0,Raúl Moro,Jon Moncayola
748388,home,70',4177.0,Mikel Vesga,Alejandro Rego
748388,home,70',4178.0,Eder García,Unai Gómez
748388,away,75',4442.0,Rafa Mir,Álvaro Rodríguez
748388,home,75',4443.0,Robert Navarro,Oihan Sancet
748388,away,75',4446.0,Buba Sangaré,Tete Morente
748388,away,75',4458.0,David Affengruber,Léo Pétrot
748388,home,80',4760.0,Jesús Areso,Íñigo Lekue
748388,home,80',4766.0,Urko Izeta,Iñaki Williams
748388,away,81',4841.0,Adrià Pedrosa,Germán Valera
748388,away,90'+3',5400.0,Adam El Mokhtari,Pedro Bigas
748389,home,58',3466.0,Thomas Partey,Pape Gueye because of an injury
748389,home,70',4168.0,Alfonso Pedraza,Alberto Moleiro
748389,home,70',4177.0,Tajon Buchanan,Ayoze Pérez
748389,away,70',4182.0,Arnaut Danjuma,Filip Ugrinic
748389,away,70',4185.0,Thierry Correia,Unai Núñez
748389,away,78',4641.0,Hugo Duro,Luis Rioja
748389,away,78',4651.0,Jesús Vázquez,José Gayà
748389,home,83',4969.0,Alfon González,Nicolas Pépé
748389,home,83',4975.0,Dani Parejo,Santi Comesaña
748389,away,88',5245.0,André Almeida,Guido Rodríguez
748390,away,57',3378.0,Ramon Terrats,Clemens Riedel
748390,home,61',3620.0,Koke,Álex Baena
748390,home,61',3624.0,Julián Alvarez,Ademola Lookman
748390,away,70',4155.0,Edu Expósito,Pol Lozano
748390,away,70',4158.0,Cyril Ngonge,Tyrhys Dolan
748390,away,70',4161.0,Roberto Fernández,Kike García
748390,home,74',4435.0,Nahuel Molina,Marcos Llorente
748390,home,74',4439.0,Thiago Almada,Antoine Griezmann
748390,away,77',4605.0,Pere Milla,Jofre Carreras
748390,home,84',4997.0,Robin Le Normand,Giuliano Simeone
748391,away,45',2700.0,Paco Cortés,Víctor García
748391,home,66',3918.0,Fermín López,Dani Olmo
748391,home,66',3926.0,Pedri,Marc Bernal
748391,home,66',3938.0,Ferran Torres,Robert Lewandowski
748391,away,70',4159.0,Tai Abed,Kareem Tunde
748391,away,70',4166.0,Karl Etta Eyong,Iván Romero
748391,away,84',4999.0,Iker Losada,Carlos Álvarez
748391,home,88',5234.0,Ronald Araujo,Gerard Martín
748391,away,88',5245.0,Nacho Pérez,Jeremy Toljan
748391,home,88',5249.0,Roony Bardghji,Lamine Yamal
748392,home,44',2605.0,Williot Swedberg,Pablo Durán because of an injury
748392,home,68',4072.0,Borja Iglesias,Ferran Jutglà
748392,away,68',4076.0,Johan Mojica,Toni Lato
748392,away,69',4081.0,Manu Morlanes,Omar Mascarell
748392,home,69',4088.0,Ilaix Moriba,Matías Vecino
748392,home,69',4089.0,Iago Aspas,Fer López
748392,away,77',4580.0,Mateo Joseph,Vedat Muriqi
748392,away,77',4588.0,Pablo Torre,Jan Virgili
748392,home,79',4716.0,Jones El Abdellaoui,Javi Rueda
748392,away,86',5148.0,Javi Llabrés,Antonio Sánchez
748393,away,61',3603.0,Fran Beltrán,Thomas Lemar
748393,away,61',3615.0,Claudio Echeverri,Iván Martín
748393,away,68',4023.0,Azzedine Ounahi,Vladyslav Vanat
748393,home,76',4548.0,Calebe,Ángel Pérez
748393,home,76',4557.0,Denis Suárez,Pablo Ibáñez
748393,away,84',5030.0,Alejandro Francés,Bryan Gil
748393,away,84',5038.0,Cristhian Stuani,Viktor Tsygankov
748393,home,88',5250.0,Ander Guevara,Antonio Blanco
748393,home,88',5261.0,Aitor Mañas,Carles Aleñá
748394,away,45',2700.0,Julián Alvarez,Ademola Lookman
748394,away,61',3617.0,Koke,Rodrigo Mendoza
748394,away,61',3628.0,Giuliano Simeone,Alexander Sørloth
748394,away,61',3635.0,Antoine Griezmann,Johnny Cardoso
748394,home,65',3863.0,Santiago Colombatto,Nicolás Fonseca
748394,away,72',4261.0,Marcos Llorente,Thiago Almada
748394,home,72',4273.0,Thiago Fernández,Haissem Hassan
748394,home,72',4279.0,Luka Ilic,Ilyas Chaira
748394,home,80',4791.0,Santi Cazorla,Alberto Reina because of an injury
748394,home,80',4795.0,Lucas Ahijado,Nacho Vidal
748395,home,55',3271.0,Rodrygo,Thiago Pitarch
748395,home,55',3284.0,Dean Huijsen,David Alaba
748395,home,55',3285.0,Dani Carvajal,Trent Alexander-Arnold
748395,away,58',3441.0,Adrián Liso,Kiko Femenía
748395,home,69',4134.0,Franco Mastantuono,Arda Güler
748395,away,69',4138.0,Mario Martín,Luis Vázquez
748395,home,87',5169.0,Brahim Díaz,Aurélien Tchouaméni
748395,away,90'+1',5400.0,Abdel Abqar,Martín Satriano
748396,away,45',2700.0,Oso,Gabriel Suazo
748396,away,45',2700.0,Chidera Ejuke,José Ángel Carmona
748396,away,70',4166.0,Isaac Romero,Alexis Sánchez because of an injury
748396,home,70',4169.0,Sergi Altimira,Álvaro Fidalgo
748396,home,70',4195.0,Cédric Bakambu,Cucho Hernández
748396,away,74',4405.0,Adnan Januzaj,César Azpilicueta
748396,away,90',5378.0,Batista Mendy,Djibril Sow
748397,away,45',2700.0,Alex Berenguer,Unai Gómez
748397,away,59',3495.0,Alejandro Rego,Íñigo Ruíz de Galarreta because of an injury
748397,home,61',3625.0,Unai López,Gerard Gumbau
748397,home,61',3628.0,Fran Pérez,Álvaro García
748397,home,61',3635.0,Óscar Valentín,Nobel Mendy
748397,home,69',4139.0,Pedro Díaz,Isi Palazón
748397,away,73',4331.0,Andoni Gorosabel,Jesús Areso
748397,away,86',5129.0,Mikel Vesga,Mikel Jauregizar
748397,away,86',5132.0,Selton Sánchez,Oihan Sancet
748397,home,86',5142.0,Alemão,Ilias Akhomach
748398,home,56',3305.0,Arnaut Danjuma,Luis Rioja
748398,away,74',4440.0,Raúl García,Rubén García
748398,home,77',4574.0,Jesús Vázquez,José Gayà
748398,home,77',4579.0,César Tárrega,Filip Ugrinic
748398,away,81',4806.0,Juan Cruz,Jorge Herrando
748398,away,81',4809.0,Kike Barja,Raúl Moro
748398,away,81',4810.0,Moi Gómez,Lucas Torró
748398,home,90',5375.0,Hugo Duro,Umar Sadiq
748398,home,90',5388.0,Diego López,Largie Ramazani
748398,away,90'+3',5400.0,Asier Osambela,Jon Moncayola
748399,home,57',3419.0,Carlos Espí,Carlos Álvarez because of an injury
748399,home,58',3432.0,Oriol Rey,Ugo Raghouber
748399,away,63',3774.0,Facundo Garcés,Toni Martínez
748399,home,69',4099.0,José Luis Morales,Paco Cortés
748399,away,72',4312.0,Ander Guevara,Carles Aleñá
748399,home,79',4696.0,Iker Losada,Kareem Tunde
748399,home,79',4703.0,Karl Etta Eyong,Iván Romero
748399,away,90',5394.0,Abde Rebbach,Ángel Pérez
748399,away,90'+1',5400.0,Carlos Protesoni,Antonio Blanco
748400,away,59',3505.0,Williot Swedberg,Hugo Álvarez
748400,home,64',3831.0,Azzedine Ounahi,Thomas Lemar
748400,home,65',3843.0,Iván Martín,Bryan Gil because of an injury
748400,away,73',4365.0,Andrés Antañón,Ferran Jutglà
748400,away,73',4367.0,Jones El Abdellaoui,Fer López
748400,home,73',4367.0,Abel Ruiz,Vladyslav Vanat
748400,home,73',4373.0,Claudio Echeverri,Axel Witsel
748400,home,81',4831.0,Joel Roca,Hugo Rincón
748400,away,85',5065.0,Manu Fernández,Carlos Domínguez because of an injury
748400,away,85',5073.0,Javi Rueda,Óscar Mingueza
748401,home,45',2700.0,Victor Chust,Pedro Bigas
748401,away,58',3441.0,Charles Pickel,Pol Lozano
748401,away,58',3442.0,Jofre Carreras,Pere Milla
748401,home,66',3930.0,Josan,Tete Morente
748401,home,73',4330.0,Álvaro Rodríguez,André Silva
748401,home,73',4335.0,Grady Diangana,Lucas Cepeda
748401,home,76',4515.0,Adrià Pedrosa,Germán Valera because of an injury
748401,away,76',4525.0,Roberto Fernández,Kike García
748401,away,76',4533.0,Ramon Terrats,Edu Expósito
748401,away,90'+7',5400.0,Miguel Rubio,Tyrhys Dolan
748402,home,59',3482.0,Pedri,Dani Olmo
748402,home,67',4004.0,Ronald Araujo,Marc Bernal
748402,home,67',4006.0,Robert Lewandowski,Ferran Torres
748402,away,67',4014.0,Alfonso Pedraza,Alberto Moleiro
748402,away,67',4015.0,Tajon Buchanan,Ayoze Pérez
748402,home,73',4365.0,Marcus Rashford,Raphinha
748402,home,73',4379.0,Roony Bardghji,Lamine Yamal
748402,away,80',4786.0,Alfon González,Sergi Cardona
748402,away,80',4791.0,Dani Parejo,Santi Comesaña
748402,away,84',4982.0,Tani Oluwaseyi,Nicolas Pépé
748403,away,63',3765.0,Ander Barrenetxea,Carlos Soler
748403,away,63',3776.0,Luka Sucic,Arsen Zakharyan
748403,home,69',4095.0,Zito Luvumbo,Mateo Joseph
748403,home,79',4687.0,Manu Morlanes,Omar Mascarell
748403,home,79',4695.0,Mateu Morey,Pablo Maffeo
748403,away,84',4988.0,Yangel Herrera,Jon Gorrotxategi
748403,home,84',4989.0,Javi Llabrés,Samú Costa
748403,home,84',4997.0,Abdón Prats,Jan Virgili
748403,away,84',5007.0,Pablo Marín,Mikel Oyarzabal
748404,away,30',1751.0,Youssef Enríquez,Carlos Protesoni because of an injury
748404,away,68',4074.0,Denis Suárez,Jon Guridi
748404,away,68',4077.0,Ander Guevara,Carles Aleñá
748404,home,70',4172.0,Arnaut Danjuma,Luis Rioja
748404,home,74',4389.0,Hugo Duro,Filip Ugrinic
748404,home,82',4906.0,André Almeida,Javi Guerra
748404,home,82',4910.0,Diego López,Largie Ramazani
748404,home,82',4916.0,Dani Raba,Thierry Correia
748404,away,84',4986.0,Mariano Díaz,Toni Martínez
748405,away,58',3454.0,Ilias Akhomach,Jorge de Frutos
748405,home,59',3489.0,José Ángel Carmona,César Azpilicueta because of an injury
748405,away,67',3990.0,Unai López,Carlos Martín
748405,away,67',3992.0,Álvaro García,Gerard Gumbau
748405,home,67',4006.0,Chidera Ejuke,Alexis Sánchez
748405,home,67',4008.0,Isaac Romero,Akor Adams
748405,home,84',4985.0,Batista Mendy,Djibril Sow
748405,away,86',5142.0,Alemão,Fran Pérez
748405,away,86',5157.0,Pedro Díaz,Isi Palazón
748406,away,53',3140.0,Sergi Darder,Pablo Torre because of an injury
748406,away,53',3168.0,David López,Antonio Raíllo because of an injury
748406,home,56',3325.0,Raúl Moro,Lucas Torró
748406,home,56',3336.0,Raúl García,Rubén García
748406,away,63',3747.0,Jan Virgili,Manu Morlanes
748406,home,77',4568.0,Kike Barja,Jon Moncayola
748406,home,77',4588.0,Juan Cruz,Jorge Herrando
748406,home,77',4596.0,Moi Gómez,Javi Galán
748406,away,88',5253.0,Antonio Sánchez,Mateo Joseph
748406,away,88',5268.0,Mateu Morey,Pablo Maffeo
748407,home,18',1037.0,Víctor García,Kareem Tunde because of an injury
748407,away,54',3230.0,Joel Roca,Claudio Echeverri
748407,away,54',3238.0,Alejandro Francés,Hugo Rincón
748407,away,63',3737.0,Azzedine Ounahi,Arnau Martínez
748407,home,66',3936.0,Kervin Arriaga,Iván Romero
748407,home,66',3938.0,Karl Etta Eyong,Carlos Espí
748407,away,72',4312.0,Abel Ruiz,Thomas Lemar
748407,away,72',4318.0,Iván Martín,Fran Beltrán
748407,home,78',4650.0,Alan Matturro,Paco Cortés
748407,home,78',4653.0,Unai Vencedor,Oriol Rey
748408,away,59',3512.0,Martim Neto,Grady Diangana
748408,home,65',3842.0,Alfon González,Tajon Buchanan
748408,home,65',3850.0,Gerard Moreno,Alberto Moleiro
748408,away,68',4034.0,Josan,Buba Sangaré
748408,away,68',4036.0,Gonzalo Villar,Aleix Febas
748408,away,68',4038.0,Federico Redondo,Marc Aguado
748408,home,75',4475.0,Dani Parejo,Santi Comesaña
748408,home,75',4477.0,Renato Veiga,Pau Navarro because of an injury
748408,home,75',4483.0,Thomas Partey,Pape Gueye
748408,away,77',4580.0,André Silva,Rafa Mir
748409,home,10',600.0,Robert Navarro,Unai Gómez because of an injury
748409,away,45',2700.0,Pedri,Marc Bernal
748409,home,45',2700.0,Oihan Sancet,Selton Sánchez
748409,away,62',3680.0,Robert Lewandowski,Ferran Torres
748409,away,62',3681.0,Raphinha,Marcus Rashford
748409,away,62',3701.0,Fermín López,Dani Olmo
748409,home,69',4103.0,Mikel Vesga,Alejandro Rego
748409,home,69',4120.0,Gorka Guruzeta,Iñaki Williams
748409,home,74',4425.0,Eder García,Mikel Jauregizar
748409,away,78',4652.0,Ronald Araujo,Marc Casadó
748410,home,45',2700.0,Marcos Llorente,Rodrigo Mendoza because of an injury
748410,home,53',3176.0,Julián Alvarez,Giuliano Simeone
748410,home,53',3177.0,Antoine Griezmann,Ademola Lookman
748410,home,54',3183.0,Nico González,Thiago Almada
748410,away,55',3292.0,Gonçalo Guedes,Pablo Marín
748410,away,56',3301.0,Mikel Oyarzabal,Orri Óskarsson
748410,home,61',3650.0,Johnny Cardoso,Koke
748410,away,65',3860.0,Arsen Zakharyan,Ander Barrenetxea
748410,away,74',4382.0,Beñat Turrientes,Carlos Soler
748410,away,74',4406.0,Brais Méndez,Luka Sucic
748411,away,65',3856.0,César Palacios,Arda Güler
748411,home,69',4140.0,Fer López,Williot Swedberg
748411,home,70',4147.0,Jones El Abdellaoui,Borja Iglesias
748411,home,70',4150.0,Hugo Álvarez,Ferran Jutglà
748411,away,77',4610.0,Gonzalo García,Brahim Díaz
748411,home,83',4972.0,Iago Aspas,Óscar Mingueza
748411,away,90',5354.0,Manuel Ángel,Thiago Pitarch
748411,home,90'+1',5400.0,Matías Vecino,Ilaix Moriba
748412,away,56',3332.0,Haissem Hassan,Luka Ilic
748412,away,56',3343.0,Santiago Colombatto,Nicolás Fonseca
748412,away,56',3350.0,Ilyas Chaira,Thiago Fernández
748412,home,62',3714.0,Pere Milla,Cyril Ngonge
748412,home,68',4043.0,Roberto Fernández,Ramon Terrats
748412,away,72',4269.0,Santi Cazorla,Alberto Reina
748412,home,79',4706.0,Jofre Carreras,Tyrhys Dolan
748412,home,79',4724.0,Fernando Calero,Pol Lozano
748413,home,45',2700.0,Mario Martín,Abdel Abqar
748413,away,61',3610.0,Pablo Fornals,Álvaro Fidalgo
748413,away,61',3626.0,Rodrigo Riquelme,Nelson Deossa
748413,away,61',3628.0,Antony,Abde Ezzalzouli
748413,home,68',4058.0,Sebastián Boselli,Domingos Duarte
748413,away,68',4062.0,Diego Llorente,Junior Firpo
748413,away,75',4445.0,Cédric Bakambu,Cucho Hernández
748413,home,77',4617.0,Allan Nyom,Kiko Femenía
748413,home,85',5063.0,Diego Rico,Luis Vázquez
748414,away,45',2700.0,Gorka Guruzeta,Robert Navarro
748414,away,45',2700.0,Jesús Areso,Andoni Gorosabel
748414,away,68',4072.0,Mikel Vesga,Mikel Jauregizar
748414,home,70',4163.0,Claudio Echeverri,Vladyslav Vanat
748414,home,70',4167.0,Iván Martín,Fran Beltrán
748414,away,74',4426.0,Nico Serrano,Oihan Sancet
748414,away,79',4695.0,Urko Izeta,Iñaki Williams
748414,home,83',4921.0,Álex Moreno,Joel Roca
748414,home,83',4932.0,Abel Ruiz,Azzedine Ounahi
748414,home,90'+3',5400.0,David López,Alejandro Francés
748415,away,45',2700.0,Chidera Ejuke,José Ángel Carmona
748415,away,45',2700.0,Neal Maupay,Akor Adams
748415,away,45',2700.0,Rubén Vargas,Gabriel Suazo
748415,home,45',2700.0,Fermín López,Pedri
748415,home,66',3942.0,Ronald Araujo,João Cancelo
748415,home,67',3966.0,Lamine Yamal,Roony Bardghji
748415,home,67',3978.0,Marc Casadó,Marc Bernal
748415,away,70',4160.0,Andrés Castrín,Tanguy Nianzou
748415,away,78',4668.0,Manu Bueno,Lucien Agoumé
748415,home,82',4902.0,Gavi,Raphinha
748416,home,45',2700.0,Ilias Akhomach,Fran Pérez
748416,home,45',2700.0,Álvaro García,Gerard Gumbau
748416,away,55',3294.0,Paco Cortés,Kareem Tunde
748416,home,65',3843.0,Isi Palazón,Óscar Valentín
748416,home,65',3850.0,Andrei Ratiu,Alemão
748416,away,74',4391.0,José Luis Morales,Víctor García
748416,away,74',4399.0,Ugo Raghouber,Iván Romero
748416,away,74',4400.0,Kervin Arriaga,Iker Losada
748416,home,76',4519.0,Pathé Ciss,Iván Balliu
748416,away,84',5006.0,Karl Etta Eyong,Carlos Espí
748417,away,58',3455.0,Javi Rodríguez,Álvaro Núñez
748417,away,58',3466.0,Ilaix Moriba,Fer López
748417,away,66',3938.0,Borja Iglesias,Hugo Álvarez
748417,away,66',3940.0,Williot Swedberg,Ferran Jutglà because of an injury
748417,home,67',3981.0,Valentín Gómez,Junior Firpo
748417,home,67',3989.0,Antony,Abde Ezzalzouli
748417,away,79',4740.0,Jones El Abdellaoui,Pablo Durán
748417,home,80',4757.0,Cédric Bakambu,Cucho Hernández
748417,home,87',5164.0,Sergi Altimira,Álvaro Fidalgo
748418,away,23',1351.0,Adrià Pedrosa,Buba Sangaré because of an injury
748418,home,58',3451.0,Arda Güler,Vinícius Júnior
748418,home,58',3461.0,Gonzalo García,Federico Valverde
748418,home,58',3471.0,Daniel Yáñez,Aurélien Tchouaméni
748418,home,61',3636.0,Diego Aguado,Antonio Rüdiger
748418,home,63',3779.0,Manuel Ángel,Brahim Díaz
748418,home,64',3786.0,César Palacios,Thiago Pitarch
748418,away,64',3805.0,Rafa Mir,Lucas Cepeda
748418,away,64',3810.0,Marc Aguado,Federico Redondo
748418,away,64',3818.0,Josan,Léo Pétrot
748418,away,74',4389.0,Pedro Bigas,David Affengruber
748418,away,74',4400.0,Grady Diangana,Martim Neto
748419,away,56',3312.0,Hugo Duro,Umar Sadiq
748419,away,56',3316.0,André Almeida,Filip Ugrinic
748419,away,56',3341.0,Luis Rioja,Arnaut Danjuma
748419,home,63',3759.0,Ilyas Chaira,Luka Ilic
748419,away,70',4167.0,Diego López,Javi Guerra
748419,home,70',4184.0,Santiago Colombatto,Nicolás Fonseca
748419,home,70',4189.0,Haissem Hassan,Thiago Fernández
748419,away,80',4785.0,Lucas Beltrán,José Gayà
748419,home,85',5074.0,Dani Calvo,Nacho Vidal
748419,home,85',5096.0,Santi Cazorla,Alberto Reina
748420,away,45',2700.0,Iker Muñoz,Raúl Moro
748420,away,45',2700.0,Moi Gómez,Lucas Torró
748420,away,58',3448.0,Jorge Herrando,Alejandro Catena
748420,home,63',3756.0,Pablo Marín,Gonçalo Guedes
748420,home,63',3774.0,Yangel Herrera,Beñat Turrientes
748420,home,64',3783.0,Luka Sucic,Brais Méndez
748420,home,69',4085.0,Orri Óskarsson,Yangel Herrera because of an injury
748420,away,74',4398.0,Kike Barja,Aimar Oroz
748420,away,84',5000.0,Asier Osambela,Jon Moncayola
748420,home,84',5010.0,Wesley,Ander Barrenetxea
748421,away,57',3404.0,Miguel Rubio,Edu Expósito
748421,home,57',3409.0,Justin Kalumba,Manu Morlanes
748421,away,71',4205.0,Pol Lozano,Clemens Riedel
748421,away,71',4229.0,Roberto Fernández,Kike García
748421,home,75',4486.0,Sergi Darder,Pablo Torre
748421,away,81',4820.0,Jofre Carreras,Tyrhys Dolan
748421,away,81',4844.0,José Salinas,Ramon Terrats
748421,home,83',4973.0,Antonio Sánchez,Pablo Maffeo
748421,home,83',4980.0,Zito Luvumbo,Johan Mojica
748422,away,59',3517.0,Gerard Moreno,Tajon Buchanan
748422,away,59',3532.0,Alberto Moleiro,Sergi Cardona
748422,away,67',4011.0,Thomas Partey,Pape Gueye
748422,home,75',4463.0,Jon Guridi,Carles Aleñá
748422,home,80',4792.0,Ville Koski,Youssef Enríquez
748422,away,83',4971.0,Alexander Freeman,Santiago Mouriño
748422,away,83',4978.0,Tani Oluwaseyi,Georges Mikautadze
748422,home,90'+1',5400.0,Abde Rebbach,Toni Martínez
748422,home,90'+1',5400.0,Carlos Ballestero,Nahuel Tenaglia because of an injury
748423,away,45',2700.0,Veljko Birmancevic,Kiko Femenía
748423,home,66',3922.0,Ademola Lookman,Thiago Almada
748423,home,66',3925.0,Julián Alvarez,Alexander Sørloth
748423,home,66',3929.0,Giuliano Simeone,Marc Pubill
748423,home,73',4345.0,Marcos Llorente,Obed Vargas
748423,home,73',4357.0,Antoine Griezmann,Álex Baena
748423,away,74',4427.0,Adrián Liso,Luis Vázquez
748423,away,74',4440.0,Mario Martín,Mauro Arambarri
748423,away,83',4938.0,Diego Rico,Domingos Duarte
748423,away,90'+2',5400.0,Javi Muñoz,Luis Milla
748424,away,45',2700.0,Pablo Fornals,Antony
748424,away,45',2700.0,Héctor Bellerín,Ángel Ortiz
748424,away,45',2700.0,Sergi Altimira,Marc Roca
748424,home,62',3696.0,Mikel Jauregizar,Gorka Guruzeta
748424,home,62',3702.0,Mikel Vesga,Íñigo Ruíz de Galarreta
748424,away,62',3715.0,Cédric Bakambu,Cucho Hernández
748424,home,72',4268.0,Unai Gómez,Oihan Sancet
748424,away,74',4416.0,Chimy Ávila,Aitor Ruibal
748424,home,86',5108.0,Nico Serrano,Alex Berenguer
748424,home,86',5114.0,Robert Navarro,Alejandro Rego
748425,away,34',2015.0,Mario Martín,Diego Rico
748425,home,45',2700.0,Roberto Fernández,Cyril Ngonge
748425,home,65',3851.0,Rubén Sánchez,Omar El Hilali
748425,home,65',3854.0,Pere Milla,Ramon Terrats
748425,home,78',4664.0,Miguel Rubio,Clemens Riedel
748425,home,78',4666.0,Jofre Carreras,Tyrhys Dolan
748425,away,84',5016.0,Sebastián Boselli,Mauro Arambarri
748426,home,61',3632.0,Pablo Martínez,Iker Losada because of an injury
748426,away,64',3815.0,Rahim Alhassane,Javi López
748426,away,64',3825.0,Haissem Hassan,Thiago Fernández
748426,away,64',3830.0,Santi Cazorla,Nicolás Fonseca
748426,away,70',4179.0,Santiago Colombatto,Kwasi Sibo
748426,home,75',4468.0,Paco Cortés,Kareem Tunde
748426,home,75',4473.0,Iván Romero,Carlos Espí because of an injury
748426,away,80',4794.0,Álex Forés,Alberto Reina
748426,home,84',5001.0,Tai Abed,Víctor García
748426,away,84',5010.0,Pablo Agudín,Nacho Vidal
748426,home,89',5285.0,Kervin Arriaga,Jon Olasagasti
748426,home,89',5289.0,Ugo Raghouber,Oriol Rey
748427,away,60',3598.0,Claudio Echeverri,Joel Roca
748427,home,69',4105.0,Kike Barja,Aimar Oroz
748427,away,75',4474.0,Iván Martín,Vladyslav Vanat
748427,away,75',4486.0,Álex Moreno,Arnau Martínez
748427,home,83',4936.0,Asier Osambela,Iker Muñoz
748427,home,83',4965.0,Raúl García,Ante Budimir
748427,home,83',4968.0,Abel Bretones,Rubén García
748427,away,86',5126.0,Abel Ruiz,Fran Beltrán
748427,away,86',5135.0,Thomas Lemar,Viktor Tsygankov
748428,away,26',1525.0,Jesús Vázquez,José Gayà because of an injury
748428,home,37',2216.0,Akor Adams,César Azpilicueta
748428,home,45',2700.0,Batista Mendy,Lucien Agoumé
748428,home,45',2700.0,Isaac Romero,Alexis Sánchez
748428,home,45',2700.0,José Ángel Carmona,Juanlu Sánchez
748428,away,66',3953.0,Lucas Beltrán,Largie Ramazani
748428,away,67',3962.0,Umar Sadiq,Hugo Duro
748428,home,71',4233.0,Oso,Rubén Vargas
748428,home,73',4330.0,Andrés Castrín,Djibril Sow
748428,away,80',4791.0,Diego López,André Almeida
748428,away,89',5331.0,Pepelu,Javi Guerra because of an injury
748429,away,45',2700.0,Luka Sucic,Jon Gorrotxategi
748429,away,54',3184.0,Duje Caleta-Car,Igor Zubeldia because of an injury
748429,away,68',4042.0,Orri Óskarsson,Brais Méndez
748429,away,68',4043.0,Aritz Elustondo,Jon Aramburu
748429,home,74',4398.0,Tajon Buchanan,Gerard Moreno
748429,home,74',4411.0,Alfon González,Alberto Moleiro
748429,away,82',4897.0,Arsen Zakharyan,Mikel Oyarzabal
748429,home,89',5318.0,Thomas Partey,Santi Comesaña
748429,home,89',5325.0,Dani Parejo,Pape Gueye
748429,home,89',5332.0,Tani Oluwaseyi,Georges Mikautadze
748430,home,64',3840.0,Gonzalo Villar,Grady Diangana
748430,away,65',3877.0,Manu Morlanes,Zito Luvumbo
748430,away,65',3886.0,Sergi Darder,Pablo Torre
748430,home,79',4709.0,Federico Redondo,Marc Aguado because of an injury
748430,home,80',4749.0,Buba Sangaré,Rafa Mir
748430,away,88',5273.0,Justin Kalumba,Antonio Sánchez
748430,home,90'+5',5400.0,Léo Pétrot,Álvaro Rodríguez
748430,home,90'+5',5400.0,Adrià Pedrosa,Germán Valera because of an injury
748431,away,45',2700.0,Jon Guridi,Pablo Ibáñez
748431,away,45',2700.0,Abde Rebbach,Jon Pacheco
748431,away,45',2700.0,Denis Suárez,Carles Aleñá
748431,away,45',2700.0,Ibrahim Diabate,Lucas Boyé
748431,home,54',3199.0,Sergio Carreira,Álvaro Núñez
748431,home,54',3205.0,Fer López,Óscar Mingueza
748431,home,69',4096.0,Pablo Durán,Jones El Abdellaoui
748431,home,69',4122.0,Javi Rueda,Borja Iglesias
748431,home,82',4874.0,Iago Aspas,Joseph Aidoo
748431,away,90'+4',5400.0,Ville Koski,Toni Martínez because of an injury
748432,home,45',2700.0,Ferran Torres,Robert Lewandowski
748432,away,45',2700.0,Álvaro García,Carlos Martín
748432,away,45',2700.0,Pacha Espino,Óscar Valentín
748432,away,59',3506.0,Unai López,Gerard Gumbau
748432,away,59',3510.0,Jorge de Frutos,Pedro Díaz
748432,home,61',3627.0,Dani Olmo,Fermín López
748432,home,61',3632.0,Marc Casadó,Marc Bernal
748432,home,82',4916.0,Marcus Rashford,Lamine Yamal
748432,away,82',4919.0,Sergio Camello,Fran Pérez
748432,home,90',5398.0,Xavi Espart,João Cancelo
748433,away,45',2700.0,José María Giménez,Robin Le Normand
748433,away,57',3389.0,Alexander Sørloth,Antoine Griezmann
748433,away,57',3390.0,Nico González,Johnny Cardoso
748433,away,57',3391.0,Nahuel Molina,Ademola Lookman
748433,home,64',3799.0,Kylian Mbappé,Thiago Pitarch
748433,home,64',3803.0,Trent Alexander-Arnold,Dani Carvajal
748433,away,71',4235.0,Álex Baena,Giuliano Simeone
748433,home,74',4422.0,Jude Bellingham,Arda Güler
748433,home,74',4435.0,Eduardo Camavinga,Brahim Díaz
748433,home,87',5211.0,Álvaro Carreras,Vinícius Júnior
748434,away,40',2366.0,Marc Bernal,Ronald Araujo because of an injury
748434,away,45',2700.0,Ferran Torres,Fermín López
748434,home,45',2700.0,Matteo Ruggeri,Koke
748434,home,61',3611.0,Javier Morcillo,Antoine Griezmann
748434,home,61',3612.0,José María Giménez,Álex Baena
748434,home,61',3613.0,Alexander Sørloth,Giuliano Simeone
748434,away,62',3695.0,Jules Koundé,Marc Bernal because of an injury
748434,home,68',4052.0,Taufik Seidu,Clément Lenglet
748434,away,78',4679.0,Gavi,Eric García
748434,away,79',4685.0,Robert Lewandowski,Marcus Rashford
748435,away,45',2700.0,Íñigo Ruíz de Galarreta,Alejandro Rego
748435,away,45',2700.0,Nico Williams,Gorka Guruzeta
748435,away,64',3798.0,Mikel Vesga,Mikel Jauregizar
748435,away,64',3799.0,Jesús Areso,Yeray Álvarez
748435,home,67',3989.0,Mario Martín,Luis Vázquez
748435,away,71',4258.0,Maroan Sannadi,Oihan Sancet
748435,home,81',4851.0,Veljko Birmancevic,Adrián Liso
748435,home,82',4870.0,Diego Rico,Djené Dakonam
748436,home,12',681.0,Abel Ruiz,Vladyslav Vanat because of an injury
748436,away,70',4183.0,Alfon González,Alberto Moleiro
748436,away,70',4188.0,Tajon Buchanan,Nicolas Pépé
748436,away,70',4199.0,Alexander Freeman,Santiago Mouriño
748436,home,74',4419.0,Alejandro Francés,Daley Blind because of an injury
748436,home,74',4427.0,Thomas Lemar,Iván Martín
748436,away,80',4789.0,Sergi Cardona,Alfonso Pedraza
748436,home,85',5071.0,Hugo Rincón,Arnau Martínez because of an injury
748436,home,85',5084.0,Joel Roca,Azzedine Ounahi
748437,away,59',3529.0,Vinícius Júnior,Manuel Ángel
748437,away,59',3535.0,Éder Militão,Dean Huijsen
748437,away,59',3539.0,Jude Bellingham,Eduardo Camavinga
748437,home,70',4168.0,Mateo Joseph,Manu Morlanes
748437,home,70',4176.0,Jan Virgili,Pablo Torre
748437,home,70',4186.0,David López,Samú Costa
748437,away,72',4302.0,Thiago Pitarch,Arda Güler
748437,away,76',4556.0,Franco Mastantuono,Brahim Díaz
748437,home,81',4825.0,Antonio Sánchez,Zito Luvumbo
748438,home,45',2700.0,Carles Aleñá,Jon Guridi
748438,home,45',2700.0,Abde Rebbach,Youssef Enríquez
748438,away,60',3599.0,Víctor Muñoz,Kike Barja
748438,home,73',4349.0,Ander Guevara,Ibrahim Diabate
748438,away,77',4585.0,Raúl García,Aimar Oroz
748438,away,77',4590.0,Iker Muñoz,Lucas Torró
748438,away,77',4595.0,Abel Bretones,Rubén García
748438,home,81',4859.0,Lucas Boyé,Pablo Ibáñez
748438,away,85',5098.0,Jorge Herrando,Ante Budimir
748439,away,58',3462.0,Kike García,Roberto Fernández
748439,home,66',3918.0,Abde Ezzalzouli,Antony
748439,home,74',4434.0,Chimy Ávila,Héctor Bellerín
748439,home,75',4445.0,Pablo García,Sergi Altimira
748439,away,78',4653.0,Rubén Sánchez,Cyril Ngonge
748439,away,78',4660.0,Jofre Carreras,Tyrhys Dolan
748439,away,84',5028.0,Ramon Terrats,Edu Expósito
748440,away,45',2700.0,Jones El Abdellaoui,Javi Rodríguez
748440,away,45',2700.0,Williot Swedberg,Hugo Álvarez because of an injury
748440,away,45',2700.0,Fer López,Pablo Durán
748440,home,63',3736.0,Thierry Correia,André Almeida
748440,home,63',3745.0,Lucas Beltrán,Javi Guerra
748440,home,63',3746.0,Umar Sadiq,Hugo Duro
748440,home,63',3757.0,Filip Ugrinic,Unai Núñez
748440,away,71',4250.0,Borja Iglesias,Ferran Jutglà
748440,home,78',4677.0,Arnaut Danjuma,José Gayà
748440,away,88',5270.0,Yoel Lago,Óscar Mingueza
748441,away,45',2700.0,Andrés Castrín,José Ángel Carmona
748441,away,45',2700.0,Manu Bueno,Djibril Sow
748441,home,59',3515.0,Santiago Colombatto,Kwasi Sibo
748441,home,59',3516.0,Thiago Borbas,Federico Viñas
748441,home,72',4297.0,Haissem Hassan,Thiago Fernández
748441,home,72',4306.0,Santi Cazorla,Alberto Reina
748441,away,72',4315.0,Isaac Romero,Batista Mendy
748441,away,73',4323.0,Gabriel Suazo,Oso
748441,away,80',4755.0,Chidera Ejuke,Rubén Vargas because of an injury
748441,home,85',5058.0,Rahim Alhassane,Javi López
748442,away,45',2700.0,Alan Matturro,Matías Moreno
748442,away,45',2700.0,Pablo Martínez,Iker Losada
748442,away,59',3524.0,Iván Romero,Kareem Tunde
748442,away,59',3527.0,Ugo Raghouber,Oriol Rey
748442,home,63',3772.0,Pablo Marín,Ander Barrenetxea because of an injury
748442,home,64',3784.0,Brais Méndez,Luka Sucic
748442,home,69',4096.0,Aritz Elustondo,Duje Caleta-Car
748442,away,81',4845.0,Tai Abed,Víctor García
748442,home,85',5059.0,Orri Óskarsson,Gonçalo Guedes
748442,home,85',5087.0,Ibai Aguirre,Beñat Turrientes
748443,away,45',2700.0,Adrià Pedrosa,Rafa Mir
748443,home,66',3935.0,Randy Nteka,Óscar Valentín
748443,home,66',3939.0,Pedro Díaz,Isi Palazón
748443,away,77',4561.0,André Silva,Álvaro Rodríguez
748443,away,77',4570.0,Federico Redondo,Marc Aguado
748443,away,77',4571.0,Gonzalo Villar,Aleix Febas
748443,away,83',4949.0,Yago Santiago,Buba Sangaré
748443,home,83',4976.0,Sergio Camello,Alemão
748443,home,84',4989.0,Pacha Espino,Álvaro García
748443,home,90'+3',5400.0,Carlos Martín,Jorge de Frutos
748444,away,45',2700.0,Rodrigo Riquelme,Antony
748444,away,45',2700.0,Aitor Ruibal,Héctor Bellerín
748444,home,45',2700.0,Juan Cruz,Jorge Herrando
748444,home,72',4269.0,Raúl Moro,Rubén García
748444,away,74',4417.0,Giovani Lo Celso,Pablo Fornals
748444,away,74',4419.0,Nelson Deossa,Sergi Altimira
748444,home,81',4851.0,Kike Barja,Aimar Oroz
748444,home,81',4855.0,Raúl García,Ante Budimir
748444,home,90'+3',5400.0,Lucas Torró,Iker Muñoz
748445,away,45',2700.0,Jorge de Frutos,Nobel Mendy
748445,away,45',2700.0,Pathé Ciss,Óscar Valentín
748445,home,62',3683.0,Jan Virgili,Zito Luvumbo
748445,away,67',3961.0,Pep Chavarría,Ilias Akhomach
748445,home,72',4285.0,Marash Kumbulla,Samú Costa
748445,home,72',4297.0,Takuma Asano,Pablo Torre
748445,away,77',4587.0,Sergio Camello,Álvaro García
748445,home,81',4815.0,Abdón Prats,Pablo Maffeo
748445,home,81',4823.0,Antonio Sánchez,Manu Morlanes
748445,away,81',4830.0,Alemão,Randy Nteka
748446,away,55',3285.0,Mario Martín,Luis Vázquez
748446,home,63',3725.0,Carlos Álvarez,Pablo Martínez
748446,home,63',3739.0,Kervin Arriaga,Ugo Raghouber
748446,away,70',4195.0,Veljko Birmancevic,Adrián Liso
748446,away,70',4199.0,Davinchi,Abdel Abqar
748446,home,79',4704.0,Karl Etta Eyong,Kareem Tunde
748446,home,79',4705.0,Víctor García,Jon Olasagasti
748446,away,86',5155.0,Abu Kamara,Kiko Femenía
748446,away,87',5165.0,Sebastián Boselli,Djené Dakonam
748446,home,87',5213.0,Alan Matturro,Carlos Espí
748447,away,60',3598.0,Diego López,Luis Rioja
748447,away,61',3606.0,Hugo Duro,Umar Sadiq
748447,home,64',3812.0,Álvaro Rodríguez,André Silva
748447,home,64',3818.0,John Donald,Buba Sangaré
748447,home,72',4272.0,Adrià Pedrosa,Gonzalo Villar
748447,home,72',4274.0,Lucas Cepeda,Martim Neto
748447,away,75',4442.0,Jesús Vázquez,José Gayà
748447,away,75',4447.0,Pepelu,Eray Cömert because of an injury
748447,away,81',4830.0,Arnaut Danjuma,Lucas Beltrán
748447,home,82',4894.0,Victor Chust,Germán Valera
748448,home,45',2700.0,Ilaix Moriba,Matías Vecino
748448,home,45',2700.0,Iago Aspas,Andrés Antañón
748448,home,60',3554.0,Borja Iglesias,Pablo Durán
748448,home,60',3555.0,Ferran Jutglà,Williot Swedberg
748448,home,60',3556.0,Óscar Mingueza,Álvaro Núñez
748448,away,66',3951.0,Haissem Hassan,Thiago Fernández
748448,away,74',4401.0,Santiago Colombatto,Nicolás Fonseca
748448,away,74',4405.0,David Costas,Alberto Reina
748448,away,83',4944.0,Rahim Alhassane,Ilyas Chaira
748448,away,83',4946.0,Thiago Borbas,Federico Viñas
748449,home,45',2700.0,Marc Casadó,Gerard Martín because of an injury
748449,away,45',2700.0,Roberto Fernández,Tyrhys Dolan
748449,away,64',3821.0,Rubén Sánchez,Cyril Ngonge
748449,home,64',3831.0,João Cancelo,Alejandro Balde
748449,home,64',3838.0,Marcus Rashford,Gavi
748449,away,71',4219.0,Pere Milla,Kike García
748449,away,71',4228.0,Ramon Terrats,Edu Expósito
748449,home,74',4402.0,Dani Olmo,Ferran Torres
748449,away,80',4770.0,Charles Pickel,Pol Lozano
748449,home,84',4998.0,Frenkie de Jong,Fermín López
748450,home,70',4150.0,Djibril Sow,Manu Bueno
748450,home,70',4194.0,Peque Fernández,Isaac Romero
748450,away,71',4209.0,Ademola Lookman,Rayane Belaid
748450,away,71',4219.0,Javier Morcillo,Rodrigo Mendoza
748450,home,78',4627.0,Alexis Sánchez,Rubén Vargas
748450,away,86',5137.0,Jano Monserrate,Julio Díaz
748450,home,90'+4',5400.0,Batista Mendy,Akor Adams
748450,home,90'+4',5400.0,Gabriel Suazo,Juanlu Sánchez
748451,home,45',2700.0,Andoni Gorosabel,Íñigo Lekue
748451,away,45',2700.0,Rafa Marín,Pau Navarro
748451,home,66',3905.0,Robert Navarro,Nico Williams
748451,home,66',3909.0,Alejandro Rego,Íñigo Ruíz de Galarreta
748451,home,66',3913.0,Alex Berenguer,Oihan Sancet
748451,away,69',4102.0,Nicolas Pépé,Alfon González
748451,away,69',4110.0,Georges Mikautadze,Tani Oluwaseyi
748451,away,78',4626.0,Alberto Moleiro,Tajon Buchanan
748451,home,82',4878.0,Nico Serrano,Iñaki Williams
748451,away,82',4891.0,Dani Parejo,Pape Gueye
748452,home,45',2700.0,Gonçalo Guedes,Ander Barrenetxea
748452,home,54',3197.0,Takefusa Kubo,Brais Méndez
748452,away,60',3573.0,Lucas Boyé,Ibrahim Diabate
748452,away,66',3935.0,Carles Aleñá,Jon Guridi
748452,away,66',3944.0,Ander Guevara,Pablo Ibáñez
748452,home,72',4306.0,Pablo Marín,Orri Óskarsson
748452,home,86',5119.0,Luken Beitia,Luka Sucic
748452,home,86',5138.0,Aihen Muñoz,Aritz Elustondo
748452,away,86',5145.0,Denis Suárez,Ángel Pérez
748453,away,64',3808.0,Abel Ruiz,Claudio Echeverri
748453,home,64',3817.0,Dean Huijsen,Éder Militão
748453,home,64',3823.0,Arda Güler,Jude Bellingham
748453,away,70',4167.0,Bryan Gil,Azzedine Ounahi
748453,away,70',4177.0,Hugo Rincón,Thomas Lemar
748453,home,79',4712.0,Ferland Mendy,Fran García
748453,home,79',4714.0,Aurélien Tchouaméni,Eduardo Camavinga
748453,home,84',4987.0,Gonzalo García,Brahim Díaz
748453,away,84',5035.0,Fran Beltrán,Iván Martín
748453,away,84',5038.0,Cristhian Stuani,Abel Ruiz because of an injury
748454,away,61',3637.0,Bryan Gil,Claudio Echeverri
748454,away,61',3653.0,Joel Roca,Thomas Lemar
748454,away,61',3657.0,Alejandro Francés,Álex Moreno
748454,home,65',3853.0,Diego López,Lucas Beltrán
748454,home,65',3854.0,Filip Ugrinic,Javi Guerra
748454,away,69',4100.0,Cristhian Stuani,Azzedine Ounahi
748454,away,69',4106.0,Hugo Rincón,Daley Blind
748454,home,71',4245.0,Hugo Duro,Umar Sadiq
748454,home,71',4250.0,Unai Núñez,Renzo Saravia
748454,home,84',5040.0,André Almeida,Largie Ramazani
748455,home,4',232.0,Ibrahim Diabate,Lucas Boyé because of an injury
748455,home,63',3776.0,Denis Suárez,Carles Aleñá
748455,away,70',4159.0,Manu Morlanes,Pablo Torre
748455,home,81',4805.0,Jon Guridi,Toni Martínez because of an injury
748455,home,81',4851.0,Jon Pacheco,Victor Parada
748455,home,81',4852.0,Calebe,Ángel Pérez
748455,away,81',4855.0,Abdón Prats,Sergi Darder
748455,away,85',5095.0,Mateu Morey,Pablo Maffeo
748455,away,86',5103.0,Toni Lato,Johan Mojica
748456,home,45',2700.0,Thiago Fernández,Kwasi Sibo
748456,home,58',3478.0,Thiago Borbas,Haissem Hassan
748456,home,58',3479.0,Santi Cazorla,Rahim Alhassane
748456,away,62',3698.0,Tete Morente,Héctor Fort
748456,home,65',3843.0,Javi López,David Carmo
748456,away,69',4109.0,John Donald,Marc Aguado
748456,away,69',4123.0,Germán Valera,André Silva
748456,home,76',4504.0,Santiago Colombatto,Nicolás Fonseca
748456,away,82',4864.0,Victor Chust,Buba Sangaré
748456,away,82',4867.0,Léo Pétrot,Adrià Pedrosa
748457,home,32',1907.0,Diego Llorente,Marc Bartra because of an injury
748457,home,45',2700.0,Marc Roca,Álvaro Fidalgo
748457,home,45',2700.0,Cucho Hernández,Cédric Bakambu
748457,home,68',4048.0,Giovani Lo Celso,Pablo Fornals
748457,away,73',4329.0,Eduardo Camavinga,Thiago Pitarch
748457,away,73',4348.0,David Alaba,Dean Huijsen
748457,home,73',4354.0,Isco,Sofyan Amrabat
748457,away,81',4838.0,Gonzalo García,Kylian Mbappé because of an injury
748457,away,82',4865.0,Manuel Ángel,Brahim Díaz
748458,away,56',3315.0,Luka Sucic,Takefusa Kubo
748458,away,56',3324.0,Pablo Marín,Ander Barrenetxea
748458,home,64',3815.0,Pedro Díaz,Carlos Martín
748458,home,64',3823.0,Jorge de Frutos,Sergio Camello
748458,home,64',3833.0,Alemão,Nobel Mendy
748458,away,67',3999.0,Jon Gorrotxategi,Orri Óskarsson
748458,away,67',4020.0,Yangel Herrera,Beñat Turrientes
748458,home,68',4028.0,Gerard Gumbau,Isi Palazón
748458,home,81',4858.0,Fran Pérez,Unai López
748458,away,90'+1',5400.0,Aihen Muñoz,Sergio Gómez
748459,home,62',3709.0,Raúl Moro,Aimar Oroz
748459,away,71',4232.0,Batista Mendy,Djibril Sow because of an injury
748459,home,71',4244.0,Moi Gómez,Rubén García
748459,home,71',4246.0,Raúl García,Iker Muñoz
748459,away,76',4530.0,Juanlu Sánchez,Rubén Vargas because of an injury
748459,away,87',5195.0,Akor Adams,Oso
748459,away,87',5201.0,Peque Fernández,Isaac Romero
748459,away,87',5210.0,Nemanja Gudelj,Neal Maupay
748459,home,89',5337.0,Kike Barja,Víctor Muñoz
748459,home,89',5339.0,Abel Bretones,Javi Galán
748460,home,45',2700.0,Kiko Femenía,Sebastián Boselli
748460,home,45',2700.0,Luis Vázquez,Veljko Birmancevic
748460,away,60',3578.0,Ronald Araujo,Jules Koundé
748460,away,60',3585.0,Marcus Rashford,Roony Bardghji
748460,away,60',3594.0,Frenkie de Jong,Gavi
748460,home,76',4521.0,Abdel Abqar,Djené Dakonam
748460,home,76',4525.0,Alex Sancris,Davinchi
748460,home,81',4804.0,Abu Kamara,Mauro Arambarri
748460,away,82',4893.0,Alejandro Balde,Fermín López
748460,away,88',5256.0,Marc Casadó,Pedri
748461,home,58',3448.0,Roberto Fernández,Ramon Terrats
748461,home,58',3464.0,Tyrhys Dolan,Cyril Ngonge
748461,away,60',3588.0,Iker Losada,Paco Cortés
748461,away,60',3589.0,Kervin Arriaga,Ugo Raghouber
748461,home,69',4109.0,Antoniu Roca,Pere Milla
748461,away,72',4269.0,Karl Etta Eyong,Carlos Espí
748461,away,72',4284.0,Carlos Álvarez,Pablo Martínez
748461,home,85',5047.0,Charles Pickel,Kike García
748461,home,85',5060.0,Pol Lozano,Urko González de Zárate
748461,away,86',5134.0,Tai Abed,Víctor García
748462,home,58',3450.0,Johnny Cardoso,Pablo Barrios because of an injury
748462,home,63',3738.0,Nico González,Antoine Griezmann
748462,away,63',3745.0,Adama Boiro,Yuri Berchiche
748462,away,63',3746.0,Oihan Sancet,Unai Gómez
748462,home,63',3749.0,Nahuel Molina,Marcos Llorente
748462,away,70',4158.0,Robert Navarro,Nico Williams
748462,away,70',4165.0,Alex Berenguer,Iñaki Williams
748462,away,70',4170.0,Mikel Vesga,Íñigo Ruíz de Galarreta
748462,home,72',4269.0,Robin Le Normand,Giuliano Simeone
748462,home,72',4282.0,Obed Vargas,Koke
748463,away,45',2700.0,Ferran Jutglà,Pablo Durán
748463,away,76',4536.0,Fer López,Hugo Sotelo
748463,away,76',4548.0,Iago Aspas,Marcos Alonso
748463,away,76',4560.0,Álvaro Núñez,Hugo Álvarez
748463,home,78',4654.0,Alfon González,Nicolas Pépé
748463,home,78',4673.0,Dani Parejo,Pape Gueye
748463,home,78',4679.0,Sergi Cardona,Alfonso Pedraza
748463,away,83',4961.0,Hugo González,Borja Iglesias
748463,home,85',5085.0,Ayoze Pérez,Georges Mikautadze
748463,home,90'+2',5400.0,Thomas Partey,Alberto Moleiro
748464,away,45',2700.0,Georges Mikautadze,Tajon Buchanan
748464,away,63',3723.0,Alberto Moleiro,Alfon González
748464,away,63',3731.0,Ayoze Pérez,Tani Oluwaseyi
748464,home,71',4239.0,Haissem Hassan,Thiago Fernández
748464,home,71',4250.0,Ovie Ejaria,Kwasi Sibo
748464,home,72',4269.0,Santi Cazorla,Alberto Reina
748464,away,78',4654.0,Alexander Freeman,Santiago Mouriño because of an injury
748464,away,78',4664.0,Thomas Partey,Dani Parejo
748464,home,90',5388.0,Rahim Alhassane,Javi López
748464,home,90'+1',5400.0,Pablo Agudín,Ilyas Chaira
748465,home,23',1348.0,Alejandro Balde,João Cancelo because of an injury
748465,home,45'+9',2700.0,Roony Bardghji,Lamine Yamal because of an injury
748465,home,45',2700.0,Fermín López,Gavi
748465,away,63',3776.0,Óscar Mingueza,Yoel Lago
748465,away,63',3777.0,Williot Swedberg,Hugo Álvarez
748465,away,72',4319.0,Borja Iglesias,Pablo Durán
748465,home,73',4353.0,Frenkie de Jong,Dani Olmo
748465,home,73',4361.0,Marcus Rashford,Ferran Torres
748465,away,81',4832.0,Iago Aspas,Fer López
748465,away,81',4834.0,Hugo Sotelo,Ferran Jutglà
748466,away,45',2700.0,Nahuel Molina,Robin Le Normand
748466,away,45',2700.0,Marc Pubill,Julio Díaz
748466,home,60',3588.0,Victor Chust,Buba Sangaré
748466,away,62',3697.0,Antoine Griezmann,Rodrigo Mendoza
748466,away,62',3702.0,Giuliano Simeone,Álex Baena
748466,away,62',3707.0,Pablo Barrios,Obed Vargas
748466,home,67',3963.0,Josan,Tete Morente
748466,home,67',3970.0,Lucas Cepeda,Martim Neto
748466,home,67',3977.0,Álvaro Rodríguez,Rafa Mir
748466,home,82',4915.0,Pedro Bigas,Léo Pétrot
748467,away,45',2700.0,Rodrigo Riquelme,Giovani Lo Celso
748467,away,45',2700.0,Cédric Bakambu,Cucho Hernández
748467,home,66',3925.0,Joel Roca,Fran Beltrán
748467,home,73',4369.0,Cristhian Stuani,Claudio Echeverri
748467,away,75',4445.0,Héctor Bellerín,Aitor Ruibal
748467,away,75',4450.0,Isco,Pablo Fornals
748467,home,83',4963.0,Hugo Rincón,Arnau Martínez
748467,home,83',4967.0,Thomas Lemar,Iván Martín
748467,away,88',5269.0,Ricardo Rodríguez,Abde Ezzalzouli
748468,away,11',640.0,Renzo Saravia,Thierry Correia because of an injury
748468,home,56',3337.0,Jan Virgili,Takuma Asano
748468,away,60',3576.0,Arnaut Danjuma,Lucas Beltrán
748468,away,60',3578.0,Luis Rioja,Filip Ugrinic
748468,away,60',3585.0,Javi Guerra,Diego López
748468,home,76',4548.0,Antonio Sánchez,Omar Mascarell
748468,home,76',4553.0,David López,Manu Morlanes
748468,home,85',5047.0,Javi Llabrés,Pablo Torre
748468,away,90'+5',5400.0,Jesús Vázquez,Largie Ramazani
748469,home,65',3853.0,Oihan Sancet,Alex Berenguer
748469,home,65',3858.0,Alejandro Rego,Íñigo Ruíz de Galarreta
748469,home,65',3866.0,Robert Navarro,Nico Williams
748469,away,71',4218.0,Iker Muñoz,Lucas Torró
748469,away,71',4238.0,Raúl Moro,Rubén García
748469,home,75',4444.0,Dani Vivian,Aymeric Laporte because of an injury
748469,away,78',4625.0,Kike Barja,Aimar Oroz
748469,home,81',4841.0,Adama Boiro,Yuri Berchiche because of an injury
748469,away,84',5022.0,Raúl García,Jon Moncayola
748469,away,84',5029.0,Moi Gómez,Jorge Herrando
748470,away,45',2700.0,Charles Pickel,Pol Lozano
748470,home,58',3450.0,Ilias Akhomach,Pacha Espino
748470,away,67',4010.0,Ramon Terrats,Roberto Fernández
748470,home,76',4516.0,Unai López,Óscar Valentín
748470,home,76',4523.0,Gerard Gumbau,Alemão
748470,away,78',4669.0,Clemens Riedel,Fernando Calero
748470,away,78',4675.0,Cyril Ngonge,Tyrhys Dolan
748470,home,81',4845.0,Abdul Mumin,Jozhua Vertrouwd because of an injury
748470,home,81',4851.0,Sergio Camello,Pedro Díaz
748470,away,90'+1',5400.0,Miguel Rubio,Pere Milla
748471,home,45'+2',2700.0,Antonio Rüdiger,Éder Militão because of an injury
748471,home,58',3426.0,Brahim Díaz,Jude Bellingham
748471,away,58',3426.0,Pablo Ibáñez,Denis Suárez
748471,home,58',3430.0,Franco Mastantuono,Arda Güler
748471,away,58',3440.0,Carles Aleñá,Jon Guridi
748471,home,63',3739.0,Dani Carvajal,Trent Alexander-Arnold
748471,home,63',3740.0,Eduardo Camavinga,Aurélien Tchouaméni
748471,away,66',3915.0,Calebe,Youssef Enríquez
748471,away,66',3921.0,Ibrahim Diabate,Lucas Boyé
748471,away,75',4441.0,Ander Guevara,Antonio Blanco
748472,home,45',2700.0,Jon Aramburu,Aritz Elustondo
748472,home,56',3311.0,Ander Barrenetxea,Pablo Marín
748472,home,56',3313.0,Mikel Oyarzabal,Brais Méndez
748472,away,68',4040.0,Javi Muñoz,Mario Martín because of an injury
748472,home,78',4659.0,Wesley,Aihen Muñoz
748472,away,80',4756.0,Diego Rico,Kiko Femenía
748472,away,80',4760.0,Allan Nyom,Abdel Abqar
748472,away,87',5216.0,Adrián Liso,Luis Vázquez
748472,home,88',5230.0,Beñat Turrientes,Carlos Soler
748472,home,88',5232.0,Jon Karrikaburu,Jon Gorrotxategi
748473,home,42',2471.0,Víctor García,Kareem Tunde because of an injury
748473,home,63',3746.0,Carlos Álvarez,Ugo Raghouber
748473,home,63',3764.0,Kervin Arriaga,Jon Olasagasti
748473,away,64',3840.0,Djibril Sow,Manu Bueno
748473,away,65',3845.0,José Ángel Carmona,Juanlu Sánchez
748473,away,71',4252.0,Peque Fernández,Nemanja Gudelj
748473,away,72',4283.0,Alexis Sánchez,Isaac Romero
748473,away,83',4980.0,Chidera Ejuke,Rubén Vargas
748473,home,85',5070.0,Karl Etta Eyong,Carlos Espí
748474,home,45',2700.0,Abu Kamara,Davinchi
748474,home,45',2700.0,Diego Rico,Adrián Liso
748474,home,45',2700.0,Alex Sancris,Kiko Femenía
748474,away,68',4021.0,Pep Chavarría,Pacha Espino
748474,away,68',4046.0,Unai López,Jorge de Frutos
748474,away,68',4052.0,Andrei Ratiu,Alemão
748474,away,70',4194.0,Randy Nteka,Sergio Camello
748474,home,79',4724.0,Javi Muñoz,Luis Milla
748474,home,79',4740.0,Borja Mayoral,Luis Vázquez
748474,away,90'+1',5400.0,Óscar Valentín,Gerard Gumbau
748475,away,14',791.0,Fran García,Ferland Mendy because of an injury
748475,away,53',3152.0,Gonzalo García,Brahim Díaz
748475,away,53',3157.0,Franco Mastantuono,Thiago Pitarch
748475,home,61',3651.0,Charles Pickel,Edu Expósito
748475,home,61',3658.0,Antoniu Roca,Rubén Sánchez because of an injury
748475,home,73',4355.0,Jofre Carreras,Ramon Terrats
748475,home,73',4360.0,Kike García,Roberto Fernández
748475,home,73',4371.0,Pere Milla,Tyrhys Dolan
748475,away,84',5003.0,César Palacios,Vinícius Júnior
748475,away,84',5007.0,Eduardo Camavinga,Aurélien Tchouaméni
748476,away,45',2700.0,Jan Virgili,Justin Kalumba
748476,away,66',3937.0,Zito Luvumbo,Pablo Torre
748476,home,70',4166.0,Cristhian Stuani,Claudio Echeverri
748476,home,70',4173.0,Bryan Gil,Joel Roca
748476,away,71',4255.0,Antonio Sánchez,Jan Virgili because of an injury
748476,home,74',4383.0,Hugo Rincón,Daley Blind
748476,home,74',4384.0,Thomas Lemar,Fran Beltrán
748476,away,78',4676.0,Javi Llabrés,Manu Morlanes because of an injury
748476,away,79',4688.0,David López,Sergi Darder
748477,away,30',1743.0,Iker Losada,Carlos Álvarez because of an injury
748477,away,45',2700.0,Kareem Tunde,Iván Romero
748477,away,68',4036.0,Ugo Raghouber,Kervin Arriaga
748477,away,68',4041.0,Karl Etta Eyong,Kareem Tunde because of an injury
748477,home,73',4377.0,Sergi Cardona,Alfonso Pedraza
748477,home,74',4390.0,Ayoze Pérez,Georges Mikautadze
748477,home,74',4395.0,Thomas Partey,Dani Parejo
748477,away,77',4576.0,Roger Brugué,Pablo Martínez
748477,home,81',4832.0,Willy Kambwala,Pau Navarro
748477,home,84',5022.0,Tajon Buchanan,Gerard Moreno
748478,home,45',2700.0,Alexis Sánchez,Isaac Romero
748478,away,45',2700.0,Orri Óskarsson,Jon Gorrotxategi
748478,away,58',3453.0,Takefusa Kubo,Pablo Marín
748478,away,69',4138.0,Yangel Herrera,Beñat Turrientes
748478,home,75',4453.0,Juanlu Sánchez,Rubén Vargas
748478,away,82',4882.0,Wesley,Ander Barrenetxea
748478,away,82',4888.0,Luka Sucic,Jon Aramburu
748478,home,82',4907.0,Batista Mendy,Nemanja Gudelj because of an injury
748478,home,90'+1',5400.0,Peque Fernández,Neal Maupay
748478,home,90'+1',5400.0,Oso,Chidera Ejuke
748479,away,55',3288.0,Santi Cazorla,Nicolás Fonseca
748479,home,62',3718.0,Marc Roca,Antony
748479,home,63',3723.0,Rodrigo Riquelme,Pablo Fornals
748479,away,64',3823.0,Kwasi Sibo,Santiago Colombatto
748479,away,64',3832.0,Haissem Hassan,Thiago Fernández
748479,home,70',4193.0,Nelson Deossa,Sofyan Amrabat
748479,home,71',4208.0,Isco,Giovani Lo Celso
748479,away,81',4805.0,Lucas Ahijado,Nacho Vidal
748479,away,81',4810.0,Thiago Borbas,Federico Viñas
748479,home,81',4844.0,Chimy Ávila,Cucho Hernández
748480,away,62',3693.0,Frenkie de Jong,Gavi
748480,away,62',3695.0,Ferran Torres,Dani Olmo
748480,away,62',3704.0,Marcus Rashford,Roony Bardghji
748480,home,70',4165.0,Aimar Oroz,Moi Gómez
748480,home,70',4172.0,Raúl García,Ante Budimir
748480,away,82',4886.0,Ronald Araujo,Eric García
748480,home,85',5091.0,Kike Barja,Lucas Torró
748480,home,85',5099.0,Asier Osambela,Jon Moncayola
748480,home,86',5108.0,Abel Bretones,Rubén García
748480,away,88',5224.0,Marc Bernal,Pedri
748481,home,59',3526.0,Hugo Duro,Filip Ugrinic
748481,home,59',3530.0,Diego López,Luis Rioja
748481,away,63',3759.0,Cubo,Javier Morcillo
748481,away,63',3762.0,Iker Luque,Rayane Belaid
748481,away,73',4338.0,Koke,Thiago Almada
748481,away,73',4350.0,Antoine Griezmann,Rodrigo Mendoza
748481,home,73',4370.0,Arnaut Danjuma,Largie Ramazani
748481,home,73',4372.0,Jesús Vázquez,José Gayà
748481,home,82',4900.0,Dani Raba,Renzo Saravia
748481,away,90'+7',5400.0,Aleksa Puric,Javier Boñar
748482,away,45',2700.0,Íñigo Ruíz de Galarreta,Mikel Jauregizar
748482,away,45',2700.0,Robert Navarro,Iñaki Williams
748482,away,45',2700.0,Oihan Sancet,Unai Gómez
748482,home,62',3705.0,Jon Guridi,Denis Suárez
748482,home,62',3709.0,Ander Guevara,Pablo Ibáñez
748482,home,73',4338.0,Carles Aleñá,Ibrahim Diabate
748482,away,73',4344.0,Jesús Areso,Andoni Gorosabel
748482,away,89',5334.0,Adama Boiro,Nico Williams
748483,home,45',2700.0,Manu Fernández,Javi Rueda
748483,away,58',3472.0,Victor Chust,David Affengruber
748483,away,58',3478.0,Martim Neto,Gonzalo Villar
748483,home,63',3724.0,Jones El Abdellaoui,Iago Aspas
748483,away,69',4103.0,Josan,Adrià Pedrosa
748483,away,69',4104.0,Héctor Fort,Tete Morente
748483,home,71',4201.0,Borja Iglesias,Ferran Jutglà
748483,home,71',4202.0,Williot Swedberg,Hugo Álvarez
748483,away,77',4600.0,Lucas Cepeda,Marc Aguado
748483,home,78',4673.0,Óscar Mingueza,Álvaro Núñez
748484,home,64',3788.0,Frenkie de Jong,Dani Olmo
748484,home,64',3792.0,Raphinha,Marcus Rashford
748484,away,70',4194.0,Thiago Pitarch,Eduardo Camavinga
748484,home,77',4578.0,Robert Lewandowski,Ferran Torres
748484,home,77',4586.0,Marc Bernal,Gavi
748484,away,79',4685.0,César Palacios,Gonzalo García
748484,away,79',4686.0,Franco Mastantuono,Brahim Díaz
748484,home,88',5227.0,Alejandro Balde,Fermín López
748485,home,54',3191.0,Luka Sucic,Carlos Soler
748485,home,54',3193.0,Pablo Marín,Takefusa Kubo
748485,away,59',3539.0,Rodrigo Riquelme,Antony
748485,away,69',4113.0,Sofyan Amrabat,Sergi Altimira
748485,away,69',4119.0,Isco,Pablo Fornals
748485,away,69',4140.0,Héctor Bellerín,Ricardo Rodríguez
748485,home,77',4598.0,Gorka Carrera,Aritz Elustondo
748485,away,78',4625.0,Nelson Deossa,Cucho Hernández
748486,home,45',2700.0,Alexis Sánchez,Isaac Romero
748486,home,58',3422.0,Djibril Sow,Lucien Agoumé
748486,home,64',3803.0,Juanlu Sánchez,José Ángel Carmona
748486,home,64',3806.0,Oso,Gabriel Suazo
748486,away,66',3943.0,Charles Pickel,Rubén Sánchez
748486,away,75',4448.0,José Salinas,Carlos Romero
748486,away,75',4456.0,Jofre Carreras,Ramon Terrats
748486,home,75',4464.0,Akor Adams,Rubén Vargas
748486,away,83',4956.0,Kike García,Roberto Fernández
748486,away,83',4965.0,Pol Lozano,Edu Expósito
748487,home,20',1179.0,Robin Le Normand,José María Giménez because of an injury
748487,home,60',3597.0,Nahuel Molina,Ademola Lookman
748487,home,61',3602.0,Thiago Almada,Antoine Griezmann
748487,away,68',4056.0,Ferran Jutglà,Borja Iglesias
748487,away,68',4062.0,Sergio Carreira,Álvaro Núñez
748487,away,68',4065.0,Iago Aspas,Pablo Durán
748487,home,69',4130.0,Obed Vargas,Álex Baena
748487,home,69',4137.0,Cubo,Robin Le Normand
748487,away,77',4610.0,Hugo Álvarez,Williot Swedberg
748487,away,89',5306.0,Mihailo Ristic,Óscar Mingueza
748488,home,36',2152.0,Iñaki Williams,Nico Williams because of an injury
748488,home,45',2700.0,Dani Vivian,Aymeric Laporte
748488,home,65',3886.0,Alex Berenguer,Oihan Sancet
748488,away,70',4168.0,Umar Sadiq,Hugo Duro
748488,away,70',4179.0,Filip Ugrinic,Pepelu
748488,away,70',4180.0,Largie Ramazani,Diego López because of an injury
748488,home,70',4197.0,Unai Gómez,Robert Navarro
748488,home,71',4201.0,Mikel Vesga,Alejandro Rego
748488,away,83',4921.0,Unai Núñez,Javi Guerra
748488,away,90'+6',5400.0,Jesús Vázquez,Renzo Saravia
748489,home,58',3471.0,Gerard Gumbau,Pedro Díaz
748489,home,58',3479.0,Alemão,Fran Pérez
748489,away,60',3550.0,Claudio Echeverri,Thomas Lemar
748489,away,60',3555.0,Iván Martín,Azzedine Ounahi
748489,home,68',4034.0,Carlos Martín,Jorge de Frutos
748489,home,68',4075.0,Pacha Espino,Sergio Camello
748489,away,72',4286.0,Hugo Rincón,Arnau Martínez
748489,away,85',5041.0,Cristhian Stuani,Fran Beltrán
748489,home,88',5267.0,Nobel Mendy,Unai López
748490,home,62',3668.0,Toni Lato,Johan Mojica because of an injury
748490,away,63',3726.0,Alberto Moleiro,Alfon González
748490,away,63',3733.0,Nicolas Pépé,Tani Oluwaseyi
748490,home,70',4177.0,Jan Virgili,Manu Morlanes
748490,home,70',4184.0,Miguel Calatayud,Mateu Morey because of an injury
748490,away,70',4188.0,Georges Mikautadze,Ayoze Pérez because of an injury
748490,away,71',4212.0,Gerard Moreno,Tajon Buchanan
748490,away,75',4486.0,Dani Parejo,Santi Comesaña
748490,home,76',4556.0,David López,Pablo Torre because of an injury
748491,away,45'+2',2700.0,Aitor Fernández,Aimar Oroz
748491,home,45',2700.0,Roger Brugué,Kareem Tunde
748491,away,62',3694.0,Lucas Torró,Iker Muñoz
748491,away,62',3706.0,Raúl García,Ante Budimir
748491,home,66',3923.0,José Luis Morales,Víctor García
748491,home,76',4541.0,Alan Matturro,Adrián de la Fuente
748491,home,76',4548.0,Karl Etta Eyong,Pablo Martínez
748491,away,82',4910.0,Iker Benito,Rubén García
748491,away,83',4926.0,Asier Osambela,Raúl Moro
748491,home,88',5229.0,Tai Abed,Manu Sánchez
748492,away,45',2700.0,Denis Suárez,Pablo Ibáñez
748492,home,67',3968.0,Josan,Tete Morente
748492,home,67',3977.0,Grady Diangana,Aleix Febas
748492,away,67',3997.0,Youssef Enríquez,Toni Martínez because of an injury
748492,away,82',4890.0,Ander Guevara,Jon Guridi because of an injury
748492,away,82',4900.0,Carlos Protesoni,Ibrahim Diabate
748492,home,85',5081.0,John Donald,Marc Aguado
748492,home,85',5089.0,Buba Sangaré,Victor Chust
748492,home,89',5325.0,Héctor Fort,Germán Valera
748492,away,90',5352.0,Aitor Mañas,Abde Rebbach
748493,home,12',716.0,David Costas,Eric Bailly because of an injury
748493,away,45',2700.0,Luis Vázquez,Mario Martín
748493,home,57',3405.0,Rahim Alhassane,Haissem Hassan
748493,home,64',3801.0,Santi Cazorla,Thiago Fernández
748493,away,64',3833.0,Javi Muñoz,Davinchi
748493,away,73',4378.0,Alex Sancris,Abdel Abqar
748493,home,84',5027.0,Thiago Borbas,Ilyas Chaira
748493,home,84',5039.0,Álex Forés,Federico Viñas
748493,home,85',5048.0,Lucas Ahijado,Nacho Vidal
748493,away,86',5133.0,Borja Mayoral,Juan Iglesias
748494,away,18',1075.0,Robin Le Normand,Rodrigo Mendoza because of an injury
748494,home,37',2179.0,Kike Barja,Raúl Moro because of an injury
748494,away,45',2700.0,Alexander Sørloth,Thiago Almada
748494,home,60',3578.0,Raúl García,Rubén García
748494,home,60',3582.0,Abel Bretones,Javi Galán
748494,home,72',4288.0,Aimar Oroz,Lucas Torró
748494,home,72',4290.0,Asier Osambela,Moi Gómez
748494,away,82',4903.0,Clément Lenglet,Ademola Lookman
748495,away,34',2002.0,Pablo Marín,Ander Barrenetxea because of an injury
748495,home,45',2700.0,Cristhian Stuani,Bryan Gil
748495,away,57',3381.0,Carlos Soler,Jon Gorrotxategi
748495,home,57',3385.0,Fran Beltrán,Axel Witsel
748495,away,57',3389.0,Gorka Carrera,Takefusa Kubo
748495,home,57',3391.0,Thomas Lemar,Iván Martín
748495,home,80',4754.0,Claudio Echeverri,Viktor Tsygankov
748495,away,87',5162.0,Igor Zubeldia,Yangel Herrera
748495,away,87',5163.0,Beñat Turrientes,Jon Aramburu
748496,away,45',2700.0,Pablo Torre,Zito Luvumbo
748496,home,64',3813.0,Davinchi,Allan Nyom
748496,away,66',3907.0,Antonio Sánchez,Sergi Darder
748496,away,66',3909.0,Takuma Asano,Jan Virgili
748496,home,71',4218.0,Sebastián Boselli,Djené Dakonam because of an injury
748496,away,79',4706.0,Abdón Prats,Manu Morlanes
748497,away,45',2700.0,Yeray Álvarez,Dani Vivian because of an injury
748497,home,63',3745.0,Jofre Carreras,Rubén Sánchez
748497,home,63',3749.0,Pere Milla,Antoniu Roca
748497,away,63',3763.0,Mikel Jauregizar,Íñigo Ruíz de Galarreta
748497,away,63',3770.0,Gorka Guruzeta,Iñaki Williams
748497,away,71',4217.0,Andoni Gorosabel,Jesús Areso
748497,away,78',4667.0,Nico Serrano,Unai Gómez
748497,home,84',4985.0,Kike García,Roberto Fernández
748497,home,84',4998.0,Ramon Terrats,Edu Expósito
748497,home,90'+1',5400.0,Charles Pickel,Urko González de Zárate
748498,away,62',3662.0,Xavi Espart,Pau Cubarsí
748498,away,62',3667.0,Ferran Torres,Roony Bardghji
748498,away,62',3668.0,Pedri,Marc Casadó
748498,home,64',3814.0,Aitor Mañas,Ibrahim Diabate
748498,home,64',3824.0,Pablo Ibáñez,Denis Suárez
748498,away,79',4718.0,João Cancelo,Alejandro Balde
748498,home,80',4772.0,Carlos Protesoni,Victor Parada
748498,away,87',5213.0,Tomás Marqués,Marc Bernal
748499,away,57',3400.0,Victor Chust,Grady Diangana
748499,home,63',3728.0,Isco,Giovani Lo Celso
748499,away,64',3790.0,Tete Morente,Héctor Fort
748499,away,64',3803.0,Álvaro Rodríguez,André Silva
748499,home,66',3946.0,Natan,Junior Firpo
748499,away,81',4828.0,John Donald,Gonzalo Villar
748499,away,81',4829.0,Adrià Pedrosa,Buba Sangaré
748499,home,83',4939.0,Sergi Altimira,Pablo Fornals
748499,home,83',4954.0,Rodrigo Riquelme,Abde Ezzalzouli
748500,away,45',2700.0,Iker Losada,Kareem Tunde
748500,away,61',3646.0,Roger Brugué,Víctor García
748500,away,62',3665.0,Ugo Raghouber,Pablo Martínez
748500,home,66',3915.0,Pablo Durán,Iago Aspas
748500,home,66',3925.0,Williot Swedberg,Hugo Álvarez
748500,home,66',3927.0,Borja Iglesias,Javi Rueda
748500,home,76',4512.0,Óscar Mingueza,Hugo Sotelo
748500,home,76',4515.0,Jones El Abdellaoui,Ferran Jutglà
748500,away,77',4581.0,Manu Sánchez,Diego Pampín
748500,away,86',5101.0,Iván Romero,Carlos Espí
748501,home,60',3580.0,Tajon Buchanan,Nicolas Pépé
748501,home,60',3595.0,Thomas Partey,Pape Gueye
748501,away,67',4015.0,Juanlu Sánchez,Rubén Vargas
748501,home,70',4156.0,Santi Comesaña,Dani Parejo
748501,home,70',4160.0,Ayoze Pérez,Georges Mikautadze
748501,away,71',4258.0,Alexis Sánchez,Neal Maupay
748501,away,86',5117.0,Andrés Castrín,Akor Adams
748501,away,86',5153.0,Nemanja Gudelj,Djibril Sow
748502,home,32',1909.0,Unai Núñez,Renzo Saravia because of an injury
748502,away,60',3562.0,Alemão,Randy Nteka
748502,away,60',3575.0,Jorge de Frutos,Fran Pérez
748502,away,60',3593.0,Pathé Ciss,Óscar Valentín
748502,home,61',3601.0,Filip Ugrinic,Pepelu
748502,home,61',3614.0,Largie Ramazani,Javi Guerra
748502,home,61',3615.0,Umar Sadiq,Hugo Duro
748502,home,63',3765.0,Jesús Vázquez,José Gayà because of an injury
748502,away,67',3982.0,Unai López,Gerard Gumbau because of an injury
748502,away,73',4332.0,Andrei Ratiu,Iván Balliu because of an injury
748503,away,54',3237.0,Santi Cazorla,Ilyas Chaira
748503,home,64',3787.0,Jude Bellingham,Aurélien Tchouaméni
748503,home,64',3796.0,Dani Carvajal,Trent Alexander-Arnold
748503,away,69',4090.0,Haissem Hassan,Thiago Fernández
748503,home,69',4115.0,Kylian Mbappé,Gonzalo García
748503,home,77',4594.0,César Palacios,Brahim Díaz
748503,home,77',4600.0,Daniel Yáñez,Franco Mastantuono
748503,away,79',4704.0,Lucas Ahijado,Nacho Vidal
748503,away,79',4720.0,Pablo Agudín,Nicolás Fonseca
748504,home,53',3179.0,Alexis Sánchez,Neal Maupay
748504,home,54',3185.0,Lucien Agoumé,Nemanja Gudelj
748504,home,54',3190.0,Chidera Ejuke,Rubén Vargas
748504,away,70',4175.0,Franco Mastantuono,Thiago Pitarch
748504,away,70',4182.0,Eduardo Camavinga,Aurélien Tchouaméni
748504,home,70',4183.0,Juanlu Sánchez,José Ángel Carmona
748504,away,77',4593.0,Gonzalo García,Vinícius Júnior
748504,away,77',4614.0,Trent Alexander-Arnold,Brahim Díaz
748504,home,78',4626.0,Isaac Romero,Oso
748504,away,87',5198.0,Álvaro Leiva,Jude Bellingham
748505,home,57',3416.0,Sergio Gómez,Aihen Muñoz
748505,home,57',3417.0,Mikel Oyarzabal,Arsen Zakharyan
748505,home,57',3418.0,Luka Sucic,Brais Méndez
748505,away,73',4355.0,Umar Sadiq,Hugo Duro
748505,away,73',4378.0,Thierry Correia,Filip Ugrinic
748505,away,74',4404.0,Largie Ramazani,Luis Rioja
748505,away,74',4410.0,Pepelu,Diego López
748505,home,79',4692.0,Gonçalo Guedes,Orri Óskarsson
748505,away,83',4944.0,André Almeida,Unai Núñez
748505,home,84',4987.0,Jon Aramburu,Aritz Elustondo
748506,home,45',2700.0,Robert Navarro,Unai Gómez
748506,away,45',2700.0,Óscar Mingueza,Javi Rueda
748506,away,59',3483.0,Pablo Durán,Ferran Jutglà
748506,away,59',3484.0,Iago Aspas,Borja Iglesias
748506,home,71',4227.0,Alejandro Rego,Mikel Jauregizar
748506,away,74',4394.0,Hugo Álvarez,Williot Swedberg
748506,home,82',4880.0,Maroan Sannadi,Gorka Guruzeta
748506,home,82',4881.0,Nico Serrano,Alex Berenguer
748506,home,86',5118.0,Urko Izeta,Iñaki Williams
748506,away,90'+1',5400.0,Matías Vecino,Fer López
748507,away,53',3178.0,Davinchi,Damián Cáceres
748507,home,66',3953.0,Adrià Pedrosa,André Silva
748507,away,71',4255.0,Luis Vázquez,Allan Nyom
748507,away,72',4265.0,Abdel Abqar,Domingos Duarte
748507,home,84',5025.0,John Donald,Marc Aguado
748507,home,84',5032.0,Lucas Cepeda,Grady Diangana
748507,home,85',5042.0,Buba Sangaré,Victor Chust
748507,away,85',5055.0,Veljko Birmancevic,Mario Martín
748507,home,86',5159.0,Josan,Álvaro Rodríguez
748508,away,45',2700.0,Isco,Giovani Lo Celso
748508,away,45',2700.0,Cédric Bakambu,Álvaro Fidalgo
748508,home,45',2700.0,Alejandro Balde,Fermín López
748508,home,63',3758.0,Roony Bardghji,Raphinha
748508,home,63',3780.0,Ronald Araujo,Eric García
748508,home,75',4482.0,Dani Olmo,Marc Bernal
748508,away,79',4734.0,Rodrigo Riquelme,Abde Ezzalzouli
748508,away,80',4742.0,Marc Roca,Sofyan Amrabat
748508,home,85',5045.0,Marc Casadó,Robert Lewandowski
748508,away,85',5060.0,Chimy Ávila,Antony
748509,home,45',2700.0,Thiago Almada,Giuliano Simeone
748509,away,56',3316.0,Cristhian Stuani,Bryan Gil because of an injury
748509,away,56',3325.0,Fran Beltrán,Axel Witsel
748509,home,61',3612.0,Javier Morcillo,Obed Vargas
748509,home,61',3619.0,Alexander Sørloth,Álex Baena
748509,away,63',3763.0,Claudio Echeverri,Joel Roca
748509,home,63',3771.0,Clément Lenglet,Ademola Lookman
748509,away,77',4561.0,David López,Arnau Martínez
748510,home,23',1370.0,Nacho Pérez,Jeremy Toljan because of an injury
748510,away,45',2700.0,Javier Olaizola,David López
748510,away,61',3647.0,Jan Virgili,Pablo Torre
748510,home,65',3841.0,Roger Brugué,Iker Losada
748510,away,69',4107.0,Takuma Asano,Zito Luvumbo
748510,away,69',4115.0,Miguel Calatayud,Martin Valjent because of an injury
748510,away,79',4696.0,Abdón Prats,Manu Morlanes
748510,home,90'+2',5400.0,Karl Etta Eyong,Carlos Espí
748510,home,90'+2',5400.0,Ugo Raghouber,Jon Olasagasti
748510,home,90'+2',5400.0,Kareem Tunde,Iván Romero
748511,away,55',3256.0,Charles Pickel,Pol Lozano
748511,home,58',3429.0,Raúl García,Aimar Oroz
748511,home,58',3430.0,Moi Gómez,Jon Moncayola
748511,home,58',3431.0,Iker Muñoz,Lucas Torró
748511,away,64',3829.0,Roberto Fernández,Kike García because of an injury
748511,away,64',3830.0,Fernando Calero,Edu Expósito
748511,home,67',3977.0,Javi Galán,Abel Bretones
748511,away,76',4510.0,Rubén Sánchez,Pere Milla
748511,away,76',4513.0,Antoniu Roca,Tyrhys Dolan
748511,home,78',4646.0,Kike Barja,Valentin Rosier
748512,away,45',2700.0,Alfon González,Tajon Buchanan
748512,away,63',3775.0,Gerard Moreno,Tani Oluwaseyi
748512,away,64',3819.0,Thomas Partey,Santi Comesaña
748512,home,66',3930.0,Pedro Díaz,Óscar Trejo
748512,away,72',4281.0,Dani Parejo,Pape Gueye
748512,home,73',4374.0,Fran Pérez,Sergio Camello
748512,home,74',4393.0,Carlos Martín,Alemão
748512,away,77',4619.0,Logan Costa,Willy Kambwala
748512,home,81',4837.0,Pacha Espino,Pep Chavarría because of an injury
748512,home,82',4880.0,Abdul Mumin,Unai López
748513,away,45',2700.0,Youssef Enríquez,Abde Rebbach
748513,home,45',2700.0,Thiago Fernández,Nicolás Fonseca
748513,home,66',3910.0,Ilyas Chaira,Santiago Colombatto
748513,away,68',4079.0,Aitor Mañas,Ibrahim Diabate
748513,away,69',4107.0,Pablo Ibáñez,Denis Suárez
748513,home,79',4707.0,Álex Forés,Federico Viñas
748513,home,79',4720.0,Thiago Borbas,Haissem Hassan
748513,away,82',4876.0,Lucas Boyé,Toni Martínez
748513,home,85',5075.0,Nacho Vidal,Lucas Ahijado
748513,away,87',5214.0,Carlos Protesoni,Jon Guridi
748514,away,45',2700.0,Andoni Gorosabel,Yeray Álvarez
748514,away,60',3581.0,Íñigo Lekue,Íñigo Ruíz de Galarreta
748514,away,60',3586.0,Alejandro Rego,Unai Gómez
748514,home,70',4146.0,Dean Huijsen,David Alaba
748514,home,74',4389.0,Dani Ceballos,Jude Bellingham
748514,away,74',4406.0,Urko Izeta,Gorka Guruzeta
748514,home,74',4414.0,Arda Güler,Gonzalo García
748514,home,74',4420.0,Brahim Díaz,Franco Mastantuono
748514,home,84',4984.0,Manuel Serrano,Dani Carvajal
748514,away,85',5097.0,Mikel Vesga,Mikel Jauregizar
748515,away,45',2700.0,Alexander Sørloth,Giuliano Simeone
748515,away,45',2700.0,Aleksa Puric,Dávid Hancko
748515,away,45',2700.0,Matteo Ruggeri,Marc Pubill
748515,away,61',3617.0,Javier Boñar,Ademola Lookman
748515,away,61',3631.0,Javier Morcillo,Álex Baena
748515,home,66',3959.0,Alassane Diatta,Dani Parejo
748515,home,67',3965.0,Sergi Cardona,Alfonso Pedraza
748515,home,75',4480.0,Logan Costa,Pape Gueye
748515,home,75',4484.0,Pau Cabanes,Ayoze Pérez
748515,home,89',5288.0,Carlos Macià,Georges Mikautadze because of an injury
748516,home,45',2700.0,Tyrhys Dolan,Ramon Terrats
748516,home,45',2700.0,Pere Milla,Antoniu Roca
748516,home,67',4017.0,Kike García,Roberto Fernández
748516,away,68',4021.0,Aihen Muñoz,Sergio Gómez
748516,away,68',4036.0,Pablo Marín,Job Ochieng
748516,home,72',4311.0,Lluc Castell,Jofre Carreras
748516,away,77',4591.0,Aritz Elustondo,Jon Aramburu
748516,away,77',4597.0,Mikel Oyarzabal,Orri Óskarsson
748516,home,79',4685.0,Omar El Hilali,Rubén Sánchez
748516,away,90',5383.0,Iñaki Rupérez,Carlos Soler
748517,away,64',3815.0,Rubén Vargas,Peque Fernández
748517,away,64',3816.0,Neal Maupay,Alexis Sánchez
748517,away,64',3820.0,Akor Adams,Isaac Romero
748517,home,65',3899.0,Hugo Álvarez,Williot Swedberg
748517,home,66',3907.0,Ferran Jutglà,Iago Aspas
748517,home,74',4432.0,Matías Vecino,Fer López because of an injury
748517,home,74',4438.0,Pablo Durán,Borja Iglesias
748517,away,77',4615.0,Chidera Ejuke,Oso
748517,away,86',5123.0,Nemanja Gudelj,Lucien Agoumé
748517,home,90'+3',5400.0,Óscar Mingueza,Javi Rueda
748518,away,68',4041.0,Rubén García,Jorge Herrando
748518,away,68',4045.0,Kike Barja,Lucas Torró
748518,away,70',4200.0,Moi Gómez,Rubén García because of an injury
748518,away,81',4858.0,Asier Osambela,Jon Moncayola
748518,away,82',4870.0,Raúl Moro,Aimar Oroz
748518,home,82',4892.0,Damián Cáceres,Adrián Liso
748518,home,89',5317.0,Davinchi,Mario Martín because of an injury
748519,away,45',2700.0,Xavi Espart,Ronald Araujo
748519,home,52',3113.0,Largie Ramazani,Diego López because of an injury
748519,away,62',3691.0,Andreas Christensen,Eric García
748519,away,62',3696.0,Frenkie de Jong,Dani Olmo
748519,home,80',4789.0,Thierry Correia,Jesús Vázquez
748519,home,80',4797.0,Umar Sadiq,Hugo Duro
748519,away,83',4960.0,Marc Casadó,Marc Bernal
748519,away,83',4964.0,João Cancelo,Ferran Torres
748519,home,90'+7',5400.0,André Almeida,Javi Guerra
748520,away,45',2700.0,John Donald,Buba Sangaré
748520,home,58',3457.0,Cristhian Stuani,Bryan Gil
748520,home,58',3458.0,Hugo Rincón,Arnau Martínez
748520,home,58',3461.0,Fran Beltrán,Axel Witsel
748520,home,67',4011.0,Claudio Echeverri,Joel Roca
748520,away,75',4451.0,André Silva,Álvaro Rodríguez
748520,away,75',4461.0,Adrià Pedrosa,Gonzalo Villar
748520,home,77',4597.0,Thomas Lemar,David López
748520,away,84',4988.0,Héctor Fort,Aleix Febas
748520,away,90',5400.0,Léo Pétrot,Germán Valera
748521,away,45',2700.0,Haissem Hassan,Álex Forés
748521,home,53',3176.0,Antonio Raíllo,Omar Mascarell because of an injury
748521,home,61',3651.0,Jan Virgili,Takuma Asano
748521,home,62',3671.0,Antonio Sánchez,Samú Costa
748521,away,63',3750.0,Luka Ilic,Santiago Colombatto
748521,away,63',3770.0,Thiago Borbas,Santi Cazorla
748521,away,77',4582.0,Lucas Ahijado,Nacho Vidal
748521,away,77',4591.0,Javi López,Rahim Alhassane
748521,home,85',5045.0,Abdón Prats,Pablo Torre
748521,home,85',5052.0,Javier Olaizola,Toni Lato
748522,away,45',2700.0,Oriol Rey,Kervin Arriaga
748522,away,45',2700.0,Tai Abed,Kareem Tunde
748522,home,54',3228.0,Giovani Lo Celso,Isco
748522,away,78',4629.0,Iker Losada,Iván Romero
748522,away,78',4633.0,Ugo Raghouber,Jon Olasagasti
748522,home,79',4726.0,Valentín Gómez,Natan
748522,home,80',4753.0,Álvaro Fidalgo,Pablo Fornals
748522,home,80',4759.0,Chimy Ávila,Abde Ezzalzouli
748522,away,86',5116.0,Karl Etta Eyong,Pablo Martínez
748523,home,33',1964.0,Carlos Protesoni,Victor Parada because of an injury
748523,away,38',2278.0,Sergio Camello,Carlos Martín because of an injury
748523,away,45',2700.0,Jorge de Frutos,Álvaro García
748523,away,61',3635.0,Alemão,Óscar Valentín
748523,away,61',3645.0,Pathé Ciss,Abdul Mumin
748523,home,74',4437.0,Denis Suárez,Pablo Ibáñez
748523,home,84',4991.0,Ander Guevara,Jon Guridi
748523,home,84',4992.0,Ibrahim Diabate,Lucas Boyé
748523,away,88',5242.0,Andrei Ratiu,Iván Balliu
