squad,date,opponent,home_away,formation,starter,jersey,player,espn_pos,formation_place,event_id
Leverkusen,2025-08-23,Hoffenheim,home,3-4-2-1,True,1,Mark Flekken,G,1,746722
Leverkusen,2025-08-23,Hoffenheim,home,3-4-2-1,True,12,Edmond Tapsoba,CD,5,746722
Leverkusen,2025-08-23,Hoffenheim,home,3-4-2-1,True,3,Piero Hincapié,CD-L,4,746722
Leverkusen,2025-08-23,Hoffenheim,home,3-4-2-1,True,4,Jarell Quansah,CD-R,6,746722
Leverkusen,2025-08-23,Hoffenheim,home,3-4-2-1,True,8,Robert Andrich,CM-L,8,746722
Leverkusen,2025-08-23,Hoffenheim,home,3-4-2-1,True,24,Aleix García,CM-R,7,746722
Leverkusen,2025-08-23,Hoffenheim,home,3-4-2-1,True,20,Alejandro Grimaldo,LM,3,746722
Leverkusen,2025-08-23,Hoffenheim,home,3-4-2-1,True,13,Arthur,RM,2,746722
Leverkusen,2025-08-23,Hoffenheim,home,3-4-2-1,True,14,Patrik Schick,F,9,746722
Leverkusen,2025-08-23,Hoffenheim,home,3-4-2-1,True,23,Nathan Tella,CF-L,11,746722
Leverkusen,2025-08-23,Hoffenheim,home,3-4-2-1,True,30,Ibrahim Maza,CF-R,10,746722
Leverkusen,2025-08-23,Hoffenheim,home,3-4-2-1,False,28,Janis Blaswich,SUB,0,746722
Leverkusen,2025-08-23,Hoffenheim,home,3-4-2-1,False,18,Alejo Sarco,SUB,0,746722
Leverkusen,2025-08-23,Hoffenheim,home,3-4-2-1,False,36,Niklas Lomb,SUB,0,746722
Leverkusen,2025-08-23,Hoffenheim,home,3-4-2-1,False,9,Claudio Echeverri,SUB,0,746722
Leverkusen,2025-08-23,Hoffenheim,home,3-4-2-1,False,16,Axel Tape,SUB,0,746722
Leverkusen,2025-08-23,Hoffenheim,home,3-4-2-1,False,26,Andrea Natali,SUB,0,746722
Leverkusen,2025-08-23,Hoffenheim,home,3-4-2-1,False,27,Jeremiah Mensah,SUB,0,746722
Leverkusen,2025-08-23,Hoffenheim,home,3-4-2-1,False,19,Ernest Poku,SUB,0,746722
Leverkusen,2025-08-23,Hoffenheim,home,3-4-2-1,False,35,Christian Kofane,SUB,0,746722
Hoffenheim,2025-08-23,Leverkusen,away,4-3-3,True,1,Oliver Baumann,G,1,746722
Hoffenheim,2025-08-23,Leverkusen,away,4-3-3,True,28,Koki Machida,CD-L,6,746722
Hoffenheim,2025-08-23,Leverkusen,away,4-3-3,True,2,Robin Hranác,CD-R,5,746722
Hoffenheim,2025-08-23,Leverkusen,away,4-3-3,True,13,Bernardo,LB,3,746722
Hoffenheim,2025-08-23,Leverkusen,away,4-3-3,True,34,Vladimír Coufal,RB,2,746722
Hoffenheim,2025-08-23,Leverkusen,away,4-3-3,True,7,Leon Avdullahu,CM,4,746722
Hoffenheim,2025-08-23,Leverkusen,away,4-3-3,True,27,Andrej Kramaric,LM,8,746722
Hoffenheim,2025-08-23,Leverkusen,away,4-3-3,True,18,Wouter Burger,RM,7,746722
Hoffenheim,2025-08-23,Leverkusen,away,4-3-3,True,19,Tim Lemperle,F,9,746722
Hoffenheim,2025-08-23,Leverkusen,away,4-3-3,True,29,Bazoumana Touré,LF,11,746722
Hoffenheim,2025-08-23,Leverkusen,away,4-3-3,True,11,Fisnik Asllani,RF,10,746722
Hoffenheim,2025-08-23,Leverkusen,away,4-3-3,False,10,Muhammed Damar,SUB,0,746722
Hoffenheim,2025-08-23,Leverkusen,away,4-3-3,False,6,Grischa Prömel,SUB,0,746722
Hoffenheim,2025-08-23,Leverkusen,away,4-3-3,False,17,Umut Tohumcu,SUB,0,746722
Hoffenheim,2025-08-23,Leverkusen,away,4-3-3,False,33,Max Moerstedt,SUB,0,746722
Hoffenheim,2025-08-23,Leverkusen,away,4-3-3,False,35,Arthur Chaves,SUB,0,746722
Hoffenheim,2025-08-23,Leverkusen,away,4-3-3,False,25,Kevin Akpoguma,SUB,0,746722
Hoffenheim,2025-08-23,Leverkusen,away,4-3-3,False,24,David Mokwa,SUB,0,746722
Hoffenheim,2025-08-23,Leverkusen,away,4-3-3,False,22,Alexander Prass,SUB,0,746722
Hoffenheim,2025-08-23,Leverkusen,away,4-3-3,False,37,Luca Philipp,SUB,0,746722
Frankfurt,2025-08-23,Werder Bremen,home,4-2-3-1,True,23,Michael Zetterer,G,1,746724
Frankfurt,2025-08-23,Werder Bremen,home,4-2-3-1,True,4,Robin Koch,CD-L,6,746724
Frankfurt,2025-08-23,Werder Bremen,home,4-2-3-1,True,34,Nnamdi Collins,CD-R,5,746724
Frankfurt,2025-08-23,Werder Bremen,home,4-2-3-1,True,3,Arthur Theate,LB,3,746724
Frankfurt,2025-08-23,Werder Bremen,home,4-2-3-1,True,13,Rasmus Kristensen,RB,2,746724
Frankfurt,2025-08-23,Werder Bremen,home,4-2-3-1,True,42,Can Uzun,AM,10,746724
Frankfurt,2025-08-23,Werder Bremen,home,4-2-3-1,True,8,Farès Chaïbi,LM,4,746724
Frankfurt,2025-08-23,Werder Bremen,home,4-2-3-1,True,16,Hugo Larsson,RM,8,746724
Frankfurt,2025-08-23,Werder Bremen,home,4-2-3-1,True,9,Jonathan Burkardt,F,9,746724
Frankfurt,2025-08-23,Werder Bremen,home,4-2-3-1,True,19,Jean-Mattéo Bahoya,AM-L,11,746724
Frankfurt,2025-08-23,Werder Bremen,home,4-2-3-1,True,20,Ritsu Doan,AM-R,7,746724
Frankfurt,2025-08-23,Werder Bremen,home,4-2-3-1,False,27,Mario Götze,SUB,0,746724
Frankfurt,2025-08-23,Werder Bremen,home,4-2-3-1,False,21,Nathaniel Brown,SUB,0,746724
Frankfurt,2025-08-23,Werder Bremen,home,4-2-3-1,False,29,Niels Nkounkou,SUB,0,746724
Frankfurt,2025-08-23,Werder Bremen,home,4-2-3-1,False,30,Michy Batshuayi,SUB,0,746724
Frankfurt,2025-08-23,Werder Bremen,home,4-2-3-1,False,33,Jens Grahl,SUB,0,746724
Frankfurt,2025-08-23,Werder Bremen,home,4-2-3-1,False,17,Elye Wahi,SUB,0,746724
Frankfurt,2025-08-23,Werder Bremen,home,4-2-3-1,False,6,Oscar Højlund,SUB,0,746724
Frankfurt,2025-08-23,Werder Bremen,home,4-2-3-1,False,7,Ansgar Knauff,SUB,0,746724
Frankfurt,2025-08-23,Werder Bremen,home,4-2-3-1,False,24,Buta,SUB,0,746724
Werder Bremen,2025-08-23,Frankfurt,away,4-2-3-1,True,30,Mio Backhaus,G,1,746724
Werder Bremen,2025-08-23,Frankfurt,away,4-2-3-1,True,32,Marco Friedl,CD-L,6,746724
Werder Bremen,2025-08-23,Frankfurt,away,4-2-3-1,True,4,Niklas Stark,CD-R,5,746724
Werder Bremen,2025-08-23,Frankfurt,away,4-2-3-1,True,27,Felix Agu,LB,3,746724
Werder Bremen,2025-08-23,Frankfurt,away,4-2-3-1,True,22,Julian Malatini,RB,2,746724
Werder Bremen,2025-08-23,Frankfurt,away,4-2-3-1,True,20,Romano Schmid,AM,10,746724
Werder Bremen,2025-08-23,Frankfurt,away,4-2-3-1,True,14,Senne Lynen,LM,4,746724
Werder Bremen,2025-08-23,Frankfurt,away,4-2-3-1,True,10,Leonardo Bittencourt,RM,8,746724
Werder Bremen,2025-08-23,Frankfurt,away,4-2-3-1,True,17,Marco Grüll,F,9,746724
Werder Bremen,2025-08-23,Frankfurt,away,4-2-3-1,True,7,Samuel Mbangula,AM-L,11,746724
Werder Bremen,2025-08-23,Frankfurt,away,4-2-3-1,True,11,Justin Njinmah,AM-R,7,746724
Werder Bremen,2025-08-23,Frankfurt,away,4-2-3-1,False,25,Markus Kolke,SUB,0,746724
Werder Bremen,2025-08-23,Frankfurt,away,4-2-3-1,False,33,Mick Schmetgens,SUB,0,746724
Werder Bremen,2025-08-23,Frankfurt,away,4-2-3-1,False,31,Karim Coulibaly,SUB,0,746724
Werder Bremen,2025-08-23,Frankfurt,away,4-2-3-1,False,24,Patrice Covic,SUB,0,746724
Werder Bremen,2025-08-23,Frankfurt,away,4-2-3-1,False,21,Isak Hansen-Aarøen,SUB,0,746724
Werder Bremen,2025-08-23,Frankfurt,away,4-2-3-1,False,34,Wesley Adeh,SUB,0,746724
Werder Bremen,2025-08-23,Frankfurt,away,4-2-3-1,False,28,Skelly Alvero,SUB,0,746724
Werder Bremen,2025-08-23,Frankfurt,away,4-2-3-1,False,9,Keke Topp,SUB,0,746724
Werder Bremen,2025-08-23,Frankfurt,away,4-2-3-1,False,35,Leon Opitz,SUB,0,746724
Union Berlin,2025-08-23,Stuttgart,home,5-3-2,True,1,Frederik Ronnow,G,1,746720
Union Berlin,2025-08-23,Stuttgart,home,5-3-2,True,14,Leopold Querfeld,CD,5,746720
Union Berlin,2025-08-23,Stuttgart,home,5-3-2,True,15,Tom Rothe,CD-L,4,746720
Union Berlin,2025-08-23,Stuttgart,home,5-3-2,True,5,Danilho Doekhi,CD-R,6,746720
Union Berlin,2025-08-23,Stuttgart,home,5-3-2,True,24,Robert Skov,LB,3,746720
Union Berlin,2025-08-23,Stuttgart,home,5-3-2,True,28,Christopher Trimmel,RB,2,746720
Union Berlin,2025-08-23,Stuttgart,home,5-3-2,True,8,Rani Khedira,CM,8,746720
Union Berlin,2025-08-23,Stuttgart,home,5-3-2,True,19,Janik Haberer,CM-L,11,746720
Union Berlin,2025-08-23,Stuttgart,home,5-3-2,True,13,András Schäfer,CM-R,7,746720
Union Berlin,2025-08-23,Stuttgart,home,5-3-2,True,23,Andrej Ilic,CF-L,9,746720
Union Berlin,2025-08-23,Stuttgart,home,5-3-2,True,10,Ilyas Ansah,CF-R,10,746720
Union Berlin,2025-08-23,Stuttgart,home,5-3-2,False,11,Jeong Woo-Yeong,SUB,0,746720
Union Berlin,2025-08-23,Stuttgart,home,5-3-2,False,6,Aljoscha Kemlein,SUB,0,746720
Union Berlin,2025-08-23,Stuttgart,home,5-3-2,False,18,Josip Juranovic,SUB,0,746720
Union Berlin,2025-08-23,Stuttgart,home,5-3-2,False,21,Tim Skarke,SUB,0,746720
Union Berlin,2025-08-23,Stuttgart,home,5-3-2,False,39,Derrick Köhn,SUB,0,746720
Union Berlin,2025-08-23,Stuttgart,home,5-3-2,False,7,Oliver Burke,SUB,0,746720
Union Berlin,2025-08-23,Stuttgart,home,5-3-2,False,33,Alex Král,SUB,0,746720
Union Berlin,2025-08-23,Stuttgart,home,5-3-2,False,31,Matheo Raab,SUB,0,746720
Union Berlin,2025-08-23,Stuttgart,home,5-3-2,False,27,Marin Ljubicic,SUB,0,746720
Stuttgart,2025-08-23,Union Berlin,away,4-2-3-1,True,33,Alexander Nübel,G,1,746720
Stuttgart,2025-08-23,Union Berlin,away,4-2-3-1,True,24,Jeff Chabot,CD-L,6,746720
Stuttgart,2025-08-23,Union Berlin,away,4-2-3-1,True,14,Luca Jaquez,CD-R,5,746720
Stuttgart,2025-08-23,Union Berlin,away,4-2-3-1,True,7,Maximilian Mittelstädt,LB,3,746720
Stuttgart,2025-08-23,Union Berlin,away,4-2-3-1,True,4,Josha Vagnoman,RB,2,746720
Stuttgart,2025-08-23,Union Berlin,away,4-2-3-1,True,26,Deniz Undav,AM,10,746720
Stuttgart,2025-08-23,Union Berlin,away,4-2-3-1,True,6,Angelo Stiller,LM,4,746720
Stuttgart,2025-08-23,Union Berlin,away,4-2-3-1,True,16,Atakan Karazor,RM,8,746720
Stuttgart,2025-08-23,Union Berlin,away,4-2-3-1,True,9,Ermedin Demirovic,F,9,746720
Stuttgart,2025-08-23,Union Berlin,away,4-2-3-1,True,18,Jamie Leweling,AM-L,11,746720
Stuttgart,2025-08-23,Union Berlin,away,4-2-3-1,True,11,Nick Woltemade,AM-R,7,746720
Stuttgart,2025-08-23,Union Berlin,away,4-2-3-1,False,28,Nikolas Nartey,SUB,0,746720
Stuttgart,2025-08-23,Union Berlin,away,4-2-3-1,False,29,Finn Jeltsch,SUB,0,746720
Stuttgart,2025-08-23,Union Berlin,away,4-2-3-1,False,15,Pascal Stenzel,SUB,0,746720
Stuttgart,2025-08-23,Union Berlin,away,4-2-3-1,False,1,Fabian Bredlow,SUB,0,746720
Stuttgart,2025-08-23,Union Berlin,away,4-2-3-1,False,8,Tiago Tomás,SUB,0,746720
Stuttgart,2025-08-23,Union Berlin,away,4-2-3-1,False,45,Lazar Jovanovic,SUB,0,746720
Stuttgart,2025-08-23,Union Berlin,away,4-2-3-1,False,30,Chema Andrés,SUB,0,746720
Stuttgart,2025-08-23,Union Berlin,away,4-2-3-1,False,3,Ramon Hendriks,SUB,0,746720
Stuttgart,2025-08-23,Union Berlin,away,4-2-3-1,False,10,Chris Führich,SUB,0,746720
Bayern Munich,2025-08-22,RB Leipzig,home,4-2-3-1,True,1,Manuel Neuer,G,1,746718
Bayern Munich,2025-08-22,RB Leipzig,home,4-2-3-1,True,4,Jonathan Tah,CD-L,6,746718
Bayern Munich,2025-08-22,RB Leipzig,home,4-2-3-1,True,2,Dayot Upamecano,CD-R,5,746718
Bayern Munich,2025-08-22,RB Leipzig,home,4-2-3-1,True,44,Josip Stanisic,LB,3,746718
Bayern Munich,2025-08-22,RB Leipzig,home,4-2-3-1,True,27,Konrad Laimer,RB,2,746718
Bayern Munich,2025-08-22,RB Leipzig,home,4-2-3-1,True,7,Serge Gnabry,AM,10,746718
Bayern Munich,2025-08-22,RB Leipzig,home,4-2-3-1,True,8,Leon Goretzka,LM,4,746718
Bayern Munich,2025-08-22,RB Leipzig,home,4-2-3-1,True,6,Joshua Kimmich,RM,8,746718
Bayern Munich,2025-08-22,RB Leipzig,home,4-2-3-1,True,9,Harry Kane,F,9,746718
Bayern Munich,2025-08-22,RB Leipzig,home,4-2-3-1,True,14,Luis Díaz,AM-L,11,746718
Bayern Munich,2025-08-22,RB Leipzig,home,4-2-3-1,True,17,Michael Olise,AM-R,7,746718
Bayern Munich,2025-08-22,RB Leipzig,home,4-2-3-1,False,36,Wisdom Mike,SUB,0,746718
Bayern Munich,2025-08-22,RB Leipzig,home,4-2-3-1,False,23,Sacha Boey,SUB,0,746718
Bayern Munich,2025-08-22,RB Leipzig,home,4-2-3-1,False,3,Kim Min-Jae,SUB,0,746718
Bayern Munich,2025-08-22,RB Leipzig,home,4-2-3-1,False,26,Sven Ulreich,SUB,0,746718
Bayern Munich,2025-08-22,RB Leipzig,home,4-2-3-1,False,45,Aleksandar Pavlovic,SUB,0,746718
Bayern Munich,2025-08-22,RB Leipzig,home,4-2-3-1,False,22,Raphaël Guerreiro,SUB,0,746718
Bayern Munich,2025-08-22,RB Leipzig,home,4-2-3-1,False,41,Jonah Kusi-Asare,SUB,0,746718
Bayern Munich,2025-08-22,RB Leipzig,home,4-2-3-1,False,40,Jonas Urbig,SUB,0,746718
Bayern Munich,2025-08-22,RB Leipzig,home,4-2-3-1,False,42,Lennart Karl,SUB,0,746718
RB Leipzig,2025-08-22,Bayern Munich,away,4-3-3,True,1,Péter Gulácsi,G,1,746718
RB Leipzig,2025-08-22,Bayern Munich,away,4-3-3,True,23,Castello Lukeba,CD-L,6,746718
RB Leipzig,2025-08-22,Bayern Munich,away,4-3-3,True,4,Willi Orbán,CD-R,5,746718
RB Leipzig,2025-08-22,Bayern Munich,away,4-3-3,True,22,David Raum,LB,3,746718
RB Leipzig,2025-08-22,Bayern Munich,away,4-3-3,True,17,Ridle Baku,RB,2,746718
RB Leipzig,2025-08-22,Bayern Munich,away,4-3-3,True,13,Nicolas Seiwald,CM,4,746718
RB Leipzig,2025-08-22,Bayern Munich,away,4-3-3,True,10,Xavi Simons,LM,8,746718
RB Leipzig,2025-08-22,Bayern Munich,away,4-3-3,True,24,Xaver Schlager,RM,7,746718
RB Leipzig,2025-08-22,Bayern Munich,away,4-3-3,True,11,Loïs Openda,F,9,746718
RB Leipzig,2025-08-22,Bayern Munich,away,4-3-3,True,49,Yan Diomande,LF,11,746718
RB Leipzig,2025-08-22,Bayern Munich,away,4-3-3,True,9,Johan Bakayoko,RF,10,746718
RB Leipzig,2025-08-22,Bayern Munich,away,4-3-3,False,14,Christoph Baumgartner,SUB,0,746718
RB Leipzig,2025-08-22,Bayern Munich,away,4-3-3,False,2,Lutsharel Geertruida,SUB,0,746718
RB Leipzig,2025-08-22,Bayern Munich,away,4-3-3,False,19,Kosta Nedeljkovic,SUB,0,746718
RB Leipzig,2025-08-22,Bayern Munich,away,4-3-3,False,40,Rômulo,SUB,0,746718
RB Leipzig,2025-08-22,Bayern Munich,away,4-3-3,False,7,Antonio Nusa,SUB,0,746718
RB Leipzig,2025-08-22,Bayern Munich,away,4-3-3,False,5,El Chadaille Bitshiabu,SUB,0,746718
RB Leipzig,2025-08-22,Bayern Munich,away,4-3-3,False,20,Assan Ouédraogo,SUB,0,746718
RB Leipzig,2025-08-22,Bayern Munich,away,4-3-3,False,6,Ezechiel Banzuzi,SUB,0,746718
RB Leipzig,2025-08-22,Bayern Munich,away,4-3-3,False,26,Maarten Vandevoordt,SUB,0,746718
St Pauli,2025-08-23,Dortmund,home,3-4-1-2,True,22,Nikola Vasilj,G,1,746725
St Pauli,2025-08-23,Dortmund,home,3-4-1-2,True,8,Eric Smith,CD,5,746725
St Pauli,2025-08-23,Dortmund,home,3-4-1-2,True,25,Adam Dzwigala,CD-L,4,746725
St Pauli,2025-08-23,Dortmund,home,3-4-1-2,True,5,Hauke Wahl,CD-R,6,746725
St Pauli,2025-08-23,Dortmund,home,3-4-1-2,True,16,Joel Chima Fujita,CM-L,8,746725
St Pauli,2025-08-23,Dortmund,home,3-4-1-2,True,6,James Sands,CM-R,7,746725
St Pauli,2025-08-23,Dortmund,home,3-4-1-2,True,10,Danel Sinani,AM,9,746725
St Pauli,2025-08-23,Dortmund,home,3-4-1-2,True,23,Louis Oppie,LM,3,746725
St Pauli,2025-08-23,Dortmund,home,3-4-1-2,True,11,Arkadiusz Pyrka,RM,2,746725
St Pauli,2025-08-23,Dortmund,home,3-4-1-2,True,28,Mathias Pereira Lage,CF-L,11,746725
St Pauli,2025-08-23,Dortmund,home,3-4-1-2,True,27,Andreas Hountondji,CF-R,10,746725
St Pauli,2025-08-23,Dortmund,home,3-4-1-2,False,9,Abdoulie Ceesay,SUB,0,746725
St Pauli,2025-08-23,Dortmund,home,3-4-1-2,False,34,Jannik Robatsch,SUB,0,746725
St Pauli,2025-08-23,Dortmund,home,3-4-1-2,False,20,Erik Ahlstrand,SUB,0,746725
St Pauli,2025-08-23,Dortmund,home,3-4-1-2,False,18,Scott Banks,SUB,0,746725
St Pauli,2025-08-23,Dortmund,home,3-4-1-2,False,24,Connor Metcalfe,SUB,0,746725
St Pauli,2025-08-23,Dortmund,home,3-4-1-2,False,2,Manolis Saliakas,SUB,0,746725
St Pauli,2025-08-23,Dortmund,home,3-4-1-2,False,1,Ben Voll,SUB,0,746725
St Pauli,2025-08-23,Dortmund,home,3-4-1-2,False,21,Lars Ritzka,SUB,0,746725
St Pauli,2025-08-23,Dortmund,home,3-4-1-2,False,17,Oladapo Afolayan,SUB,0,746725
Dortmund,2025-08-23,St Pauli,away,3-4-1-2,True,1,Gregor Kobel,G,1,746725
Dortmund,2025-08-23,St Pauli,away,3-4-1-2,True,3,Waldemar Anton,CD,5,746725
Dortmund,2025-08-23,St Pauli,away,3-4-1-2,True,5,Ramy Bensebaini,CD-L,4,746725
Dortmund,2025-08-23,St Pauli,away,3-4-1-2,True,39,Filippo Mané,CD-R,6,746725
Dortmund,2025-08-23,St Pauli,away,3-4-1-2,True,20,Marcel Sabitzer,CM-L,8,746725
Dortmund,2025-08-23,St Pauli,away,3-4-1-2,True,13,Pascal Gross,CM-R,7,746725
Dortmund,2025-08-23,St Pauli,away,3-4-1-2,True,7,Jobe Bellingham,AM,9,746725
Dortmund,2025-08-23,St Pauli,away,3-4-1-2,True,24,Daniel Svensson,LM,3,746725
Dortmund,2025-08-23,St Pauli,away,3-4-1-2,True,2,Yan Couto,RM,2,746725
Dortmund,2025-08-23,St Pauli,away,3-4-1-2,True,27,Karim Adeyemi,CF-L,11,746725
Dortmund,2025-08-23,St Pauli,away,3-4-1-2,True,9,Serhou Guirassy,CF-R,10,746725
Dortmund,2025-08-23,St Pauli,away,3-4-1-2,False,10,Julian Brandt,SUB,0,746725
Dortmund,2025-08-23,St Pauli,away,3-4-1-2,False,49,Yannik Lührs,SUB,0,746725
Dortmund,2025-08-23,St Pauli,away,3-4-1-2,False,37,Cole Campbell,SUB,0,746725
Dortmund,2025-08-23,St Pauli,away,3-4-1-2,False,14,Maximilian Beier,SUB,0,746725
Dortmund,2025-08-23,St Pauli,away,3-4-1-2,False,8,Felix Nmecha,SUB,0,746725
Dortmund,2025-08-23,St Pauli,away,3-4-1-2,False,26,Julian Ryerson,SUB,0,746725
Dortmund,2025-08-23,St Pauli,away,3-4-1-2,False,33,Alexander Meyer,SUB,0,746725
Dortmund,2025-08-23,St Pauli,away,3-4-1-2,False,6,Salih Özcan,SUB,0,746725
Dortmund,2025-08-23,St Pauli,away,3-4-1-2,False,42,Almugera Kabar,SUB,0,746725
Heidenheim,2025-08-23,Wolfsburg,home,3-4-2-1,True,41,Diant Ramaj,G,1,746719
Heidenheim,2025-08-23,Wolfsburg,home,3-4-2-1,True,5,Benedikt Gimber,CD,5,746719
Heidenheim,2025-08-23,Wolfsburg,home,3-4-2-1,True,4,Tim Siersleben,CD-L,4,746719
Heidenheim,2025-08-23,Wolfsburg,home,3-4-2-1,True,6,Patrick Mainka,CD-R,6,746719
Heidenheim,2025-08-23,Wolfsburg,home,3-4-2-1,True,30,Niklas Dorsch,CM-L,8,746719
Heidenheim,2025-08-23,Wolfsburg,home,3-4-2-1,True,3,Jan Schöppner,CM-R,7,746719
Heidenheim,2025-08-23,Wolfsburg,home,3-4-2-1,True,19,Jonas Föhrenbach,LM,3,746719
Heidenheim,2025-08-23,Wolfsburg,home,3-4-2-1,True,2,Marnon Busch,RM,2,746719
Heidenheim,2025-08-23,Wolfsburg,home,3-4-2-1,True,11,Budu Zivzivadze,F,9,746719
Heidenheim,2025-08-23,Wolfsburg,home,3-4-2-1,True,8,Léo Scienza,CF-L,11,746719
Heidenheim,2025-08-23,Wolfsburg,home,3-4-2-1,True,22,Arijon Ibrahimovic,CF-R,10,746719
Heidenheim,2025-08-23,Wolfsburg,home,3-4-2-1,False,1,Kevin Müller,SUB,0,746719
Heidenheim,2025-08-23,Wolfsburg,home,3-4-2-1,False,16,Julian Niehues,SUB,0,746719
Heidenheim,2025-08-23,Wolfsburg,home,3-4-2-1,False,23,Omar-Haktab Traoré,SUB,0,746719
Heidenheim,2025-08-23,Wolfsburg,home,3-4-2-1,False,17,Mathias Honsak,SUB,0,746719
Heidenheim,2025-08-23,Wolfsburg,home,3-4-2-1,False,38,Yannik Wagner,SUB,0,746719
Heidenheim,2025-08-23,Wolfsburg,home,3-4-2-1,False,21,Adrian Beck,SUB,0,746719
Heidenheim,2025-08-23,Wolfsburg,home,3-4-2-1,False,20,Luca Kerber,SUB,0,746719
Heidenheim,2025-08-23,Wolfsburg,home,3-4-2-1,False,28,Adam Kölle,SUB,0,746719
Heidenheim,2025-08-23,Wolfsburg,home,3-4-2-1,False,29,Mikkel Kaufmann,SUB,0,746719
Wolfsburg,2025-08-23,Heidenheim,away,4-2-3-1,True,1,Kamil Grabara,G,1,746719
Wolfsburg,2025-08-23,Heidenheim,away,4-2-3-1,True,4,Konstantinos Koulierakis,CD-L,6,746719
Wolfsburg,2025-08-23,Heidenheim,away,4-2-3-1,True,15,Moritz Jenz,CD-R,5,746719
Wolfsburg,2025-08-23,Heidenheim,away,4-2-3-1,True,25,Aaron Zehnter,LB,3,746719
Wolfsburg,2025-08-23,Heidenheim,away,4-2-3-1,True,2,Kilian Fischer,RB,2,746719
Wolfsburg,2025-08-23,Heidenheim,away,4-2-3-1,True,10,Lovro Majer,AM,10,746719
Wolfsburg,2025-08-23,Heidenheim,away,4-2-3-1,True,5,Vinicius Souza,LM,4,746719
Wolfsburg,2025-08-23,Heidenheim,away,4-2-3-1,True,27,Maximilian Arnold,RM,8,746719
Wolfsburg,2025-08-23,Heidenheim,away,4-2-3-1,True,17,Dzenan Pejcinovic,F,9,746719
Wolfsburg,2025-08-23,Heidenheim,away,4-2-3-1,True,39,Patrick Wimmer,AM-L,11,746719
Wolfsburg,2025-08-23,Heidenheim,away,4-2-3-1,True,7,Andreas Skov Olsen,AM-R,7,746719
Wolfsburg,2025-08-23,Heidenheim,away,4-2-3-1,False,18,Václav Cerný,SUB,0,746719
Wolfsburg,2025-08-23,Heidenheim,away,4-2-3-1,False,23,Jonas Wind,SUB,0,746719
Wolfsburg,2025-08-23,Heidenheim,away,4-2-3-1,False,32,Mattias Svanberg,SUB,0,746719
Wolfsburg,2025-08-23,Heidenheim,away,4-2-3-1,False,29,Marius Müller,SUB,0,746719
Wolfsburg,2025-08-23,Heidenheim,away,4-2-3-1,False,9,Mohamed Amoura,SUB,0,746719
Wolfsburg,2025-08-23,Heidenheim,away,4-2-3-1,False,31,Yannick Gerhardt,SUB,0,746719
Wolfsburg,2025-08-23,Heidenheim,away,4-2-3-1,False,33,David Odogu,SUB,0,746719
Wolfsburg,2025-08-23,Heidenheim,away,4-2-3-1,False,22,Mathys Angély,SUB,0,746719
Wolfsburg,2025-08-23,Heidenheim,away,4-2-3-1,False,8,Bence Dárdai,SUB,0,746719
Mainz 05,2025-08-24,Köln,home,3-4-2-1,True,27,Robin Zentner,G,1,746721
Mainz 05,2025-08-24,Köln,home,3-4-2-1,True,25,Andreas Hanche-Olsen,CD,5,746721
Mainz 05,2025-08-24,Köln,home,3-4-2-1,True,31,Dominik Kohr,CD-L,4,746721
Mainz 05,2025-08-24,Köln,home,3-4-2-1,True,21,Danny da Costa,CD-R,6,746721
Mainz 05,2025-08-24,Köln,home,3-4-2-1,True,10,Nadiem Amiri,CM-L,8,746721
Mainz 05,2025-08-24,Köln,home,3-4-2-1,True,6,Kaishu Sano,CM-R,7,746721
Mainz 05,2025-08-24,Köln,home,3-4-2-1,True,2,Phillipp Mwene,LM,3,746721
Mainz 05,2025-08-24,Köln,home,3-4-2-1,True,19,Anthony Caci,RM,2,746721
Mainz 05,2025-08-24,Köln,home,3-4-2-1,True,17,Benedict Hollerbach,F,9,746721
Mainz 05,2025-08-24,Köln,home,3-4-2-1,True,7,Lee Jae-Sung,CF-L,11,746721
Mainz 05,2025-08-24,Köln,home,3-4-2-1,True,8,Paul Nebel,CF-R,10,746721
Mainz 05,2025-08-24,Köln,home,3-4-2-1,False,16,Stefan Bell,SUB,0,746721
Mainz 05,2025-08-24,Köln,home,3-4-2-1,False,44,Nelson Weiper,SUB,0,746721
Mainz 05,2025-08-24,Köln,home,3-4-2-1,False,5,Maxim Leitsch,SUB,0,746721
Mainz 05,2025-08-24,Köln,home,3-4-2-1,False,30,Silvan Widmer,SUB,0,746721
Mainz 05,2025-08-24,Köln,home,3-4-2-1,False,37,Ben Bobzien,SUB,0,746721
Mainz 05,2025-08-24,Köln,home,3-4-2-1,False,15,Lennard Maloney,SUB,0,746721
Mainz 05,2025-08-24,Köln,home,3-4-2-1,False,9,Arnaud Nordin,SUB,0,746721
Mainz 05,2025-08-24,Köln,home,3-4-2-1,False,1,Lasse Rieß,SUB,0,746721
Mainz 05,2025-08-24,Köln,home,3-4-2-1,False,11,Armindo Sieb,SUB,0,746721
Köln,2025-08-24,Mainz 05,away,3-4-2-1,True,1,Marvin Schwäbe,G,1,746721
Köln,2025-08-24,Mainz 05,away,3-4-2-1,True,4,Timo Hübers,CD,5,746721
Köln,2025-08-24,Mainz 05,away,3-4-2-1,True,5,Tom Krauss,CD-L,4,746721
Köln,2025-08-24,Mainz 05,away,3-4-2-1,True,2,Joel Schmied,CD-R,6,746721
Köln,2025-08-24,Mainz 05,away,3-4-2-1,True,6,Eric Martel,CM-L,8,746721
Köln,2025-08-24,Mainz 05,away,3-4-2-1,True,18,Ísak Jóhannesson,CM-R,7,746721
Köln,2025-08-24,Mainz 05,away,3-4-2-1,True,32,Kristoffer Lund,LM,3,746721
Köln,2025-08-24,Mainz 05,away,3-4-2-1,True,28,Sebastian Sebulonsen,RM,2,746721
Köln,2025-08-24,Mainz 05,away,3-4-2-1,True,30,Marius Bulter,F,9,746721
Köln,2025-08-24,Mainz 05,away,3-4-2-1,True,16,Jakub Kaminski,CF-L,11,746721
Köln,2025-08-24,Mainz 05,away,3-4-2-1,True,29,Jan Thielmann,CF-R,10,746721
Köln,2025-08-24,Mainz 05,away,3-4-2-1,False,8,Denis Huseinbasic,SUB,0,746721
Köln,2025-08-24,Mainz 05,away,3-4-2-1,False,39,Cenk Özkacar,SUB,0,746721
Köln,2025-08-24,Mainz 05,away,3-4-2-1,False,11,Florian Kainz,SUB,0,746721
Köln,2025-08-24,Mainz 05,away,3-4-2-1,False,13,Said El Mala,SUB,0,746721
Köln,2025-08-24,Mainz 05,away,3-4-2-1,False,33,Rav van den Berg,SUB,0,746721
Köln,2025-08-24,Mainz 05,away,3-4-2-1,False,7,Luca Waldschmidt,SUB,0,746721
Köln,2025-08-24,Mainz 05,away,3-4-2-1,False,20,Ron-Robert Zieler,SUB,0,746721
Köln,2025-08-24,Mainz 05,away,3-4-2-1,False,25,Jusuf Gazibegovic,SUB,0,746721
Köln,2025-08-24,Mainz 05,away,3-4-2-1,False,9,Ragnar Ache,SUB,0,746721
Freiburg,2025-08-23,Augsburg,home,4-2-3-1,True,1,Noah Atubolu,G,1,746726
Freiburg,2025-08-23,Augsburg,home,4-2-3-1,True,3,Philipp Lienhart,CD-L,6,746726
Freiburg,2025-08-23,Augsburg,home,4-2-3-1,True,28,Matthias Ginter,CD-R,5,746726
Freiburg,2025-08-23,Augsburg,home,4-2-3-1,True,30,Christian Günter,LB,3,746726
Freiburg,2025-08-23,Augsburg,home,4-2-3-1,True,17,Lukas Kübler,RB,2,746726
Freiburg,2025-08-23,Augsburg,home,4-2-3-1,True,14,Yuito Suzuki,AM,10,746726
Freiburg,2025-08-23,Augsburg,home,4-2-3-1,True,44,Johan Manzambi,LM,4,746726
Freiburg,2025-08-23,Augsburg,home,4-2-3-1,True,8,Maximilian Eggestein,RM,8,746726
Freiburg,2025-08-23,Augsburg,home,4-2-3-1,True,9,Lucas Höler,F,9,746726
Freiburg,2025-08-23,Augsburg,home,4-2-3-1,True,32,Vincenzo Grifo,AM-L,11,746726
Freiburg,2025-08-23,Augsburg,home,4-2-3-1,True,18,Eren Dinkci,AM-R,7,746726
Freiburg,2025-08-23,Augsburg,home,4-2-3-1,False,43,Ifechukwu Ogbus,SUB,0,746726
Freiburg,2025-08-23,Augsburg,home,4-2-3-1,False,22,Cyriaque Irié,SUB,0,746726
Freiburg,2025-08-23,Augsburg,home,4-2-3-1,False,33,Jordy Makengo,SUB,0,746726
Freiburg,2025-08-23,Augsburg,home,4-2-3-1,False,7,Derry Scherhant,SUB,0,746726
Freiburg,2025-08-23,Augsburg,home,4-2-3-1,False,21,Florian Müller,SUB,0,746726
Freiburg,2025-08-23,Augsburg,home,4-2-3-1,False,5,Anthony Jung,SUB,0,746726
Freiburg,2025-08-23,Augsburg,home,4-2-3-1,False,27,Nicolas Höfler,SUB,0,746726
Freiburg,2025-08-23,Augsburg,home,4-2-3-1,False,34,Merlin Röhl,SUB,0,746726
Freiburg,2025-08-23,Augsburg,home,4-2-3-1,False,20,Junior Adamu,SUB,0,746726
Augsburg,2025-08-23,Freiburg,away,3-4-3,True,1,Finn Dahmen,G,1,746726
Augsburg,2025-08-23,Freiburg,away,3-4-3,True,6,Jeffrey Gouweleeuw,CD,5,746726
Augsburg,2025-08-23,Freiburg,away,3-4-3,True,31,Keven Schlotterbeck,CD-L,4,746726
Augsburg,2025-08-23,Freiburg,away,3-4-3,True,5,Chrislain Matsima,CD-R,6,746726
Augsburg,2025-08-23,Freiburg,away,3-4-3,True,4,Han-Noah Massengo,CM-L,8,746726
Augsburg,2025-08-23,Freiburg,away,3-4-3,True,19,Robin Fellhauer,CM-R,7,746726
Augsburg,2025-08-23,Freiburg,away,3-4-3,True,13,Dimitris Giannoulis,LM,3,746726
Augsburg,2025-08-23,Freiburg,away,3-4-3,True,27,Marius Wolf,RM,2,746726
Augsburg,2025-08-23,Freiburg,away,3-4-3,True,36,Mert Kömür,F,9,746726
Augsburg,2025-08-23,Freiburg,away,3-4-3,True,26,Elias Saad,CF-L,11,746726
Augsburg,2025-08-23,Freiburg,away,3-4-3,True,17,Kristijan Jakic,CF-R,10,746726
Augsburg,2025-08-23,Freiburg,away,3-4-3,False,10,Arne Maier,SUB,0,746726
Augsburg,2025-08-23,Freiburg,away,3-4-3,False,8,Elvis Rexhbecaj,SUB,0,746726
Augsburg,2025-08-23,Freiburg,away,3-4-3,False,21,Phillip Tietz,SUB,0,746726
Augsburg,2025-08-23,Freiburg,away,3-4-3,False,16,Cédric Zesiger,SUB,0,746726
Augsburg,2025-08-23,Freiburg,away,3-4-3,False,3,Mads Pedersen,SUB,0,746726
Augsburg,2025-08-23,Freiburg,away,3-4-3,False,15,Steve Mounié,SUB,0,746726
Augsburg,2025-08-23,Freiburg,away,3-4-3,False,29,Kyliane Dong,SUB,0,746726
Augsburg,2025-08-23,Freiburg,away,3-4-3,False,40,Noahkai Banks,SUB,0,746726
Augsburg,2025-08-23,Freiburg,away,3-4-3,False,22,Nediljko Labrovic,SUB,0,746726
Dortmund,2025-08-31,Union Berlin,home,3-4-2-1,True,1,Gregor Kobel,G,1,746728
Dortmund,2025-08-31,Union Berlin,home,3-4-2-1,True,3,Waldemar Anton,CD,5,746728
Dortmund,2025-08-31,Union Berlin,home,3-4-2-1,True,5,Ramy Bensebaini,CD-L,4,746728
Dortmund,2025-08-31,Union Berlin,home,3-4-2-1,True,28,Aaron Anselmino,CD-R,6,746728
Dortmund,2025-08-31,Union Berlin,home,3-4-2-1,True,7,Jobe Bellingham,CM-L,8,746728
Dortmund,2025-08-31,Union Berlin,home,3-4-2-1,True,20,Marcel Sabitzer,CM-R,7,746728
Dortmund,2025-08-31,Union Berlin,home,3-4-2-1,True,24,Daniel Svensson,LM,3,746728
Dortmund,2025-08-31,Union Berlin,home,3-4-2-1,True,2,Yan Couto,RM,2,746728
Dortmund,2025-08-31,Union Berlin,home,3-4-2-1,True,9,Serhou Guirassy,F,9,746728
Dortmund,2025-08-31,Union Berlin,home,3-4-2-1,True,14,Maximilian Beier,CF-L,11,746728
Dortmund,2025-08-31,Union Berlin,home,3-4-2-1,True,10,Julian Brandt,CF-R,10,746728
Dortmund,2025-08-31,Union Berlin,home,3-4-2-1,False,13,Pascal Gross,SUB,0,746728
Dortmund,2025-08-31,Union Berlin,home,3-4-2-1,False,8,Felix Nmecha,SUB,0,746728
Dortmund,2025-08-31,Union Berlin,home,3-4-2-1,False,26,Julian Ryerson,SUB,0,746728
Dortmund,2025-08-31,Union Berlin,home,3-4-2-1,False,33,Alexander Meyer,SUB,0,746728
Dortmund,2025-08-31,Union Berlin,home,3-4-2-1,False,37,Cole Campbell,SUB,0,746728
Dortmund,2025-08-31,Union Berlin,home,3-4-2-1,False,27,Karim Adeyemi,SUB,0,746728
Dortmund,2025-08-31,Union Berlin,home,3-4-2-1,False,17,Carney Chukwuemeka,SUB,0,746728
Dortmund,2025-08-31,Union Berlin,home,3-4-2-1,False,6,Salih Özcan,SUB,0,746728
Union Berlin,2025-08-31,Dortmund,away,5-3-2,True,1,Frederik Ronnow,G,1,746728
Union Berlin,2025-08-31,Dortmund,away,5-3-2,True,14,Leopold Querfeld,CD,5,746728
Union Berlin,2025-08-31,Dortmund,away,5-3-2,True,15,Tom Rothe,CD-L,4,746728
Union Berlin,2025-08-31,Dortmund,away,5-3-2,True,5,Danilho Doekhi,CD-R,6,746728
Union Berlin,2025-08-31,Dortmund,away,5-3-2,True,24,Robert Skov,LB,3,746728
Union Berlin,2025-08-31,Dortmund,away,5-3-2,True,28,Christopher Trimmel,RB,2,746728
Union Berlin,2025-08-31,Dortmund,away,5-3-2,True,8,Rani Khedira,CM,8,746728
Union Berlin,2025-08-31,Dortmund,away,5-3-2,True,19,Janik Haberer,CM-L,11,746728
Union Berlin,2025-08-31,Dortmund,away,5-3-2,True,33,Alex Král,CM-R,7,746728
Union Berlin,2025-08-31,Dortmund,away,5-3-2,True,23,Andrej Ilic,CF-L,9,746728
Union Berlin,2025-08-31,Dortmund,away,5-3-2,True,10,Ilyas Ansah,CF-R,10,746728
Union Berlin,2025-08-31,Dortmund,away,5-3-2,False,7,Oliver Burke,SUB,0,746728
Union Berlin,2025-08-31,Dortmund,away,5-3-2,False,41,Oluwaseun Ogbemudia,SUB,0,746728
Union Berlin,2025-08-31,Dortmund,away,5-3-2,False,6,Aljoscha Kemlein,SUB,0,746728
Union Berlin,2025-08-31,Dortmund,away,5-3-2,False,39,Derrick Köhn,SUB,0,746728
Union Berlin,2025-08-31,Dortmund,away,5-3-2,False,21,Tim Skarke,SUB,0,746728
Union Berlin,2025-08-31,Dortmund,away,5-3-2,False,17,David Preu,SUB,0,746728
Union Berlin,2025-08-31,Dortmund,away,5-3-2,False,13,András Schäfer,SUB,0,746728
Union Berlin,2025-08-31,Dortmund,away,5-3-2,False,31,Matheo Raab,SUB,0,746728
Union Berlin,2025-08-31,Dortmund,away,5-3-2,False,11,Jeong Woo-Yeong,SUB,0,746728
Leverkusen,2025-09-12,Frankfurt,home,3-4-2-1,True,1,Mark Flekken,G,1,746739
Leverkusen,2025-09-12,Frankfurt,home,3-4-2-1,True,5,Loïc Badé,CD,5,746739
Leverkusen,2025-09-12,Frankfurt,home,3-4-2-1,True,12,Edmond Tapsoba,CD-L,4,746739
Leverkusen,2025-09-12,Frankfurt,home,3-4-2-1,True,4,Jarell Quansah,CD-R,6,746739
Leverkusen,2025-09-12,Frankfurt,home,3-4-2-1,True,25,Exequiel Palacios,CM-L,8,746739
Leverkusen,2025-09-12,Frankfurt,home,3-4-2-1,True,8,Robert Andrich,CM-R,7,746739
Leverkusen,2025-09-12,Frankfurt,home,3-4-2-1,True,20,Alejandro Grimaldo,LM,3,746739
Leverkusen,2025-09-12,Frankfurt,home,3-4-2-1,True,21,Lucas Vázquez,RM,2,746739
Leverkusen,2025-09-12,Frankfurt,home,3-4-2-1,True,14,Patrik Schick,F,9,746739
Leverkusen,2025-09-12,Frankfurt,home,3-4-2-1,True,10,Malik Tillman,CF-L,11,746739
Leverkusen,2025-09-12,Frankfurt,home,3-4-2-1,True,23,Nathan Tella,CF-R,10,746739
Leverkusen,2025-09-12,Frankfurt,home,3-4-2-1,False,28,Janis Blaswich,SUB,0,746739
Leverkusen,2025-09-12,Frankfurt,home,3-4-2-1,False,30,Ibrahim Maza,SUB,0,746739
Leverkusen,2025-09-12,Frankfurt,home,3-4-2-1,False,24,Aleix García,SUB,0,746739
Leverkusen,2025-09-12,Frankfurt,home,3-4-2-1,False,17,Eliesse Ben Seghir,SUB,0,746739
Leverkusen,2025-09-12,Frankfurt,home,3-4-2-1,False,6,Ezequiel Fernández,SUB,0,746739
Leverkusen,2025-09-12,Frankfurt,home,3-4-2-1,False,35,Christian Kofane,SUB,0,746739
Leverkusen,2025-09-12,Frankfurt,home,3-4-2-1,False,19,Ernest Poku,SUB,0,746739
Leverkusen,2025-09-12,Frankfurt,home,3-4-2-1,False,16,Axel Tape,SUB,0,746739
Leverkusen,2025-09-12,Frankfurt,home,3-4-2-1,False,9,Claudio Echeverri,SUB,0,746739
Frankfurt,2025-09-12,Leverkusen,away,4-2-3-1,True,23,Michael Zetterer,G,1,746739
Frankfurt,2025-09-12,Leverkusen,away,4-2-3-1,True,4,Robin Koch,CD-L,6,746739
Frankfurt,2025-09-12,Leverkusen,away,4-2-3-1,True,34,Nnamdi Collins,CD-R,5,746739
Frankfurt,2025-09-12,Leverkusen,away,4-2-3-1,True,3,Arthur Theate,LB,3,746739
Frankfurt,2025-09-12,Leverkusen,away,4-2-3-1,True,13,Rasmus Kristensen,RB,2,746739
Frankfurt,2025-09-12,Leverkusen,away,4-2-3-1,True,42,Can Uzun,AM,10,746739
Frankfurt,2025-09-12,Leverkusen,away,4-2-3-1,True,8,Farès Chaïbi,LM,4,746739
Frankfurt,2025-09-12,Leverkusen,away,4-2-3-1,True,6,Oscar Højlund,RM,8,746739
Frankfurt,2025-09-12,Leverkusen,away,4-2-3-1,True,9,Jonathan Burkardt,F,9,746739
Frankfurt,2025-09-12,Leverkusen,away,4-2-3-1,True,19,Jean-Mattéo Bahoya,AM-L,11,746739
Frankfurt,2025-09-12,Leverkusen,away,4-2-3-1,True,20,Ritsu Doan,AM-R,7,746739
Frankfurt,2025-09-12,Leverkusen,away,4-2-3-1,False,41,Fousseny Doumbia,SUB,0,746739
Frankfurt,2025-09-12,Leverkusen,away,4-2-3-1,False,15,Ellyes Skhiri,SUB,0,746739
Frankfurt,2025-09-12,Leverkusen,away,4-2-3-1,False,24,Buta,SUB,0,746739
Frankfurt,2025-09-12,Leverkusen,away,4-2-3-1,False,21,Nathaniel Brown,SUB,0,746739
Frankfurt,2025-09-12,Leverkusen,away,4-2-3-1,False,40,Kauã Santos,SUB,0,746739
Frankfurt,2025-09-12,Leverkusen,away,4-2-3-1,False,7,Ansgar Knauff,SUB,0,746739
Frankfurt,2025-09-12,Leverkusen,away,4-2-3-1,False,18,Mahmoud Dahoud,SUB,0,746739
Frankfurt,2025-09-12,Leverkusen,away,4-2-3-1,False,30,Michy Batshuayi,SUB,0,746739
Frankfurt,2025-09-12,Leverkusen,away,4-2-3-1,False,17,Elye Wahi,SUB,0,746739
Heidenheim,2025-09-13,Dortmund,home,4-2-3-1,True,41,Diant Ramaj,G,1,746736
Heidenheim,2025-09-13,Dortmund,home,4-2-3-1,True,5,Benedikt Gimber,CD-L,6,746736
Heidenheim,2025-09-13,Dortmund,home,4-2-3-1,True,6,Patrick Mainka,CD-R,5,746736
Heidenheim,2025-09-13,Dortmund,home,4-2-3-1,True,32,Leart Paqarada,LB,3,746736
Heidenheim,2025-09-13,Dortmund,home,4-2-3-1,True,23,Omar-Haktab Traoré,RB,2,746736
Heidenheim,2025-09-13,Dortmund,home,4-2-3-1,True,21,Adrian Beck,AM,10,746736
Heidenheim,2025-09-13,Dortmund,home,4-2-3-1,True,20,Luca Kerber,LM,4,746736
Heidenheim,2025-09-13,Dortmund,home,4-2-3-1,True,3,Jan Schöppner,RM,8,746736
Heidenheim,2025-09-13,Dortmund,home,4-2-3-1,True,11,Budu Zivzivadze,F,9,746736
Heidenheim,2025-09-13,Dortmund,home,4-2-3-1,True,17,Mathias Honsak,AM-L,11,746736
Heidenheim,2025-09-13,Dortmund,home,4-2-3-1,True,22,Arijon Ibrahimovic,AM-R,7,746736
Heidenheim,2025-09-13,Dortmund,home,4-2-3-1,False,29,Mikkel Kaufmann,SUB,0,746736
Heidenheim,2025-09-13,Dortmund,home,4-2-3-1,False,4,Tim Siersleben,SUB,0,746736
Heidenheim,2025-09-13,Dortmund,home,4-2-3-1,False,19,Jonas Föhrenbach,SUB,0,746736
Heidenheim,2025-09-13,Dortmund,home,4-2-3-1,False,9,Stefan Schimmer,SUB,0,746736
Heidenheim,2025-09-13,Dortmund,home,4-2-3-1,False,2,Marnon Busch,SUB,0,746736
Heidenheim,2025-09-13,Dortmund,home,4-2-3-1,False,1,Kevin Müller,SUB,0,746736
Heidenheim,2025-09-13,Dortmund,home,4-2-3-1,False,16,Julian Niehues,SUB,0,746736
Heidenheim,2025-09-13,Dortmund,home,4-2-3-1,False,31,Sirlord Conteh,SUB,0,746736
Heidenheim,2025-09-13,Dortmund,home,4-2-3-1,False,30,Niklas Dorsch,SUB,0,746736
Dortmund,2025-09-13,Heidenheim,away,3-4-3,True,1,Gregor Kobel,G,1,746736
Dortmund,2025-09-13,Heidenheim,away,3-4-3,True,3,Waldemar Anton,CD,5,746736
Dortmund,2025-09-13,Heidenheim,away,3-4-3,True,5,Ramy Bensebaini,CD-L,4,746736
Dortmund,2025-09-13,Heidenheim,away,3-4-3,True,26,Julian Ryerson,CD-R,6,746736
Dortmund,2025-09-13,Heidenheim,away,3-4-3,True,8,Felix Nmecha,CM-L,8,746736
Dortmund,2025-09-13,Heidenheim,away,3-4-3,True,13,Pascal Gross,CM-R,7,746736
Dortmund,2025-09-13,Heidenheim,away,3-4-3,True,24,Daniel Svensson,LM,3,746736
Dortmund,2025-09-13,Heidenheim,away,3-4-3,True,2,Yan Couto,RM,2,746736
Dortmund,2025-09-13,Heidenheim,away,3-4-3,True,9,Serhou Guirassy,F,9,746736
Dortmund,2025-09-13,Heidenheim,away,3-4-3,True,14,Maximilian Beier,CF-L,11,746736
Dortmund,2025-09-13,Heidenheim,away,3-4-3,True,27,Karim Adeyemi,CF-R,10,746736
Dortmund,2025-09-13,Heidenheim,away,3-4-3,False,37,Cole Campbell,SUB,0,746736
Dortmund,2025-09-13,Heidenheim,away,3-4-3,False,33,Alexander Meyer,SUB,0,746736
Dortmund,2025-09-13,Heidenheim,away,3-4-3,False,17,Carney Chukwuemeka,SUB,0,746736
Dortmund,2025-09-13,Heidenheim,away,3-4-3,False,42,Almugera Kabar,SUB,0,746736
Dortmund,2025-09-13,Heidenheim,away,3-4-3,False,7,Jobe Bellingham,SUB,0,746736
Dortmund,2025-09-13,Heidenheim,away,3-4-3,False,39,Filippo Mané,SUB,0,746736
Dortmund,2025-09-13,Heidenheim,away,3-4-3,False,6,Salih Özcan,SUB,0,746736
Dortmund,2025-09-13,Heidenheim,away,3-4-3,False,20,Marcel Sabitzer,SUB,0,746736
Mainz 05,2025-09-13,RB Leipzig,home,3-4-2-1,True,27,Robin Zentner,G,1,746738
Mainz 05,2025-09-13,RB Leipzig,home,3-4-2-1,True,16,Stefan Bell,CD,5,746738
Mainz 05,2025-09-13,RB Leipzig,home,3-4-2-1,True,31,Dominik Kohr,CD-L,4,746738
Mainz 05,2025-09-13,RB Leipzig,home,3-4-2-1,True,21,Danny da Costa,CD-R,6,746738
Mainz 05,2025-09-13,RB Leipzig,home,3-4-2-1,True,10,Nadiem Amiri,CM-L,8,746738
Mainz 05,2025-09-13,RB Leipzig,home,3-4-2-1,True,6,Kaishu Sano,CM-R,7,746738
Mainz 05,2025-09-13,RB Leipzig,home,3-4-2-1,True,2,Phillipp Mwene,LM,3,746738
Mainz 05,2025-09-13,RB Leipzig,home,3-4-2-1,True,19,Anthony Caci,RM,2,746738
Mainz 05,2025-09-13,RB Leipzig,home,3-4-2-1,True,44,Nelson Weiper,F,9,746738
Mainz 05,2025-09-13,RB Leipzig,home,3-4-2-1,True,14,William Bøving,CF-L,11,746738
Mainz 05,2025-09-13,RB Leipzig,home,3-4-2-1,True,9,Arnaud Nordin,CF-R,10,746738
Mainz 05,2025-09-13,RB Leipzig,home,3-4-2-1,False,22,Nikolas Veratschnig,SUB,0,746738
Mainz 05,2025-09-13,RB Leipzig,home,3-4-2-1,False,5,Maxim Leitsch,SUB,0,746738
Mainz 05,2025-09-13,RB Leipzig,home,3-4-2-1,False,30,Silvan Widmer,SUB,0,746738
Mainz 05,2025-09-13,RB Leipzig,home,3-4-2-1,False,37,Ben Bobzien,SUB,0,746738
Mainz 05,2025-09-13,RB Leipzig,home,3-4-2-1,False,25,Andreas Hanche-Olsen,SUB,0,746738
Mainz 05,2025-09-13,RB Leipzig,home,3-4-2-1,False,24,Sota Kawasaki,SUB,0,746738
Mainz 05,2025-09-13,RB Leipzig,home,3-4-2-1,False,1,Lasse Rieß,SUB,0,746738
Mainz 05,2025-09-13,RB Leipzig,home,3-4-2-1,False,11,Armindo Sieb,SUB,0,746738
Mainz 05,2025-09-13,RB Leipzig,home,3-4-2-1,False,15,Lennard Maloney,SUB,0,746738
RB Leipzig,2025-09-13,Mainz 05,away,4-2-3-1,True,1,Péter Gulácsi,G,1,746738
RB Leipzig,2025-09-13,Mainz 05,away,4-2-3-1,True,23,Castello Lukeba,CD-L,6,746738
RB Leipzig,2025-09-13,Mainz 05,away,4-2-3-1,True,4,Willi Orbán,CD-R,5,746738
RB Leipzig,2025-09-13,Mainz 05,away,4-2-3-1,True,22,David Raum,LB,3,746738
RB Leipzig,2025-09-13,Mainz 05,away,4-2-3-1,True,17,Ridle Baku,RB,2,746738
RB Leipzig,2025-09-13,Mainz 05,away,4-2-3-1,True,14,Christoph Baumgartner,AM,10,746738
RB Leipzig,2025-09-13,Mainz 05,away,4-2-3-1,True,24,Xaver Schlager,LM,4,746738
RB Leipzig,2025-09-13,Mainz 05,away,4-2-3-1,True,13,Nicolas Seiwald,RM,8,746738
RB Leipzig,2025-09-13,Mainz 05,away,4-2-3-1,True,40,Rômulo,F,9,746738
RB Leipzig,2025-09-13,Mainz 05,away,4-2-3-1,True,7,Antonio Nusa,AM-L,11,746738
RB Leipzig,2025-09-13,Mainz 05,away,4-2-3-1,True,9,Johan Bakayoko,AM-R,7,746738
RB Leipzig,2025-09-13,Mainz 05,away,4-2-3-1,False,6,Ezechiel Banzuzi,SUB,0,746738
RB Leipzig,2025-09-13,Mainz 05,away,4-2-3-1,False,5,El Chadaille Bitshiabu,SUB,0,746738
RB Leipzig,2025-09-13,Mainz 05,away,4-2-3-1,False,19,Kosta Nedeljkovic,SUB,0,746738
RB Leipzig,2025-09-13,Mainz 05,away,4-2-3-1,False,20,Assan Ouédraogo,SUB,0,746738
RB Leipzig,2025-09-13,Mainz 05,away,4-2-3-1,False,44,Kevin Kampl,SUB,0,746738
RB Leipzig,2025-09-13,Mainz 05,away,4-2-3-1,False,26,Maarten Vandevoordt,SUB,0,746738
RB Leipzig,2025-09-13,Mainz 05,away,4-2-3-1,False,49,Yan Diomande,SUB,0,746738
RB Leipzig,2025-09-13,Mainz 05,away,4-2-3-1,False,11,Conrad Harder,SUB,0,746738
RB Leipzig,2025-09-13,Mainz 05,away,4-2-3-1,False,35,Max Finkgrafe,SUB,0,746738
Union Berlin,2025-09-13,Hoffenheim,home,3-4-2-1,True,1,Frederik Ronnow,G,1,746737
Union Berlin,2025-09-13,Hoffenheim,home,3-4-2-1,True,14,Leopold Querfeld,CD,5,746737
Union Berlin,2025-09-13,Hoffenheim,home,3-4-2-1,True,15,Tom Rothe,CD-L,4,746737
Union Berlin,2025-09-13,Hoffenheim,home,3-4-2-1,True,5,Danilho Doekhi,CD-R,6,746737
Union Berlin,2025-09-13,Hoffenheim,home,3-4-2-1,True,19,Janik Haberer,CM-L,8,746737
Union Berlin,2025-09-13,Hoffenheim,home,3-4-2-1,True,8,Rani Khedira,CM-R,7,746737
Union Berlin,2025-09-13,Hoffenheim,home,3-4-2-1,True,24,Robert Skov,LM,3,746737
Union Berlin,2025-09-13,Hoffenheim,home,3-4-2-1,True,28,Christopher Trimmel,RM,2,746737
Union Berlin,2025-09-13,Hoffenheim,home,3-4-2-1,True,23,Andrej Ilic,F,9,746737
Union Berlin,2025-09-13,Hoffenheim,home,3-4-2-1,True,10,Ilyas Ansah,CF-L,11,746737
Union Berlin,2025-09-13,Hoffenheim,home,3-4-2-1,True,7,Oliver Burke,CF-R,10,746737
Union Berlin,2025-09-13,Hoffenheim,home,3-4-2-1,False,31,Matheo Raab,SUB,0,746737
Union Berlin,2025-09-13,Hoffenheim,home,3-4-2-1,False,27,Marin Ljubicic,SUB,0,746737
Union Berlin,2025-09-13,Hoffenheim,home,3-4-2-1,False,41,Oluwaseun Ogbemudia,SUB,0,746737
Union Berlin,2025-09-13,Hoffenheim,home,3-4-2-1,False,21,Tim Skarke,SUB,0,746737
Union Berlin,2025-09-13,Hoffenheim,home,3-4-2-1,False,39,Derrick Köhn,SUB,0,746737
Union Berlin,2025-09-13,Hoffenheim,home,3-4-2-1,False,6,Aljoscha Kemlein,SUB,0,746737
Union Berlin,2025-09-13,Hoffenheim,home,3-4-2-1,False,33,Alex Král,SUB,0,746737
Union Berlin,2025-09-13,Hoffenheim,home,3-4-2-1,False,17,David Preu,SUB,0,746737
Union Berlin,2025-09-13,Hoffenheim,home,3-4-2-1,False,11,Jeong Woo-Yeong,SUB,0,746737
Hoffenheim,2025-09-13,Union Berlin,away,4-2-3-1,True,1,Oliver Baumann,G,1,746737
Hoffenheim,2025-09-13,Union Berlin,away,4-2-3-1,True,21,Albian Hajdari,CD-L,6,746737
Hoffenheim,2025-09-13,Union Berlin,away,4-2-3-1,True,2,Robin Hranác,CD-R,5,746737
Hoffenheim,2025-09-13,Union Berlin,away,4-2-3-1,True,13,Bernardo,LB,3,746737
Hoffenheim,2025-09-13,Union Berlin,away,4-2-3-1,True,34,Vladimír Coufal,RB,2,746737
Hoffenheim,2025-09-13,Union Berlin,away,4-2-3-1,True,27,Andrej Kramaric,AM,10,746737
Hoffenheim,2025-09-13,Union Berlin,away,4-2-3-1,True,18,Wouter Burger,LM,4,746737
Hoffenheim,2025-09-13,Union Berlin,away,4-2-3-1,True,7,Leon Avdullahu,RM,8,746737
Hoffenheim,2025-09-13,Union Berlin,away,4-2-3-1,True,11,Fisnik Asllani,F,9,746737
Hoffenheim,2025-09-13,Union Berlin,away,4-2-3-1,True,29,Bazoumana Touré,AM-L,11,746737
Hoffenheim,2025-09-13,Union Berlin,away,4-2-3-1,True,19,Tim Lemperle,AM-R,7,746737
Hoffenheim,2025-09-13,Union Berlin,away,4-2-3-1,False,9,Ihlas Bebou,SUB,0,746737
Hoffenheim,2025-09-13,Union Berlin,away,4-2-3-1,False,10,Muhammed Damar,SUB,0,746737
Hoffenheim,2025-09-13,Union Berlin,away,4-2-3-1,False,22,Alexander Prass,SUB,0,746737
Hoffenheim,2025-09-13,Union Berlin,away,4-2-3-1,False,35,Arthur Chaves,SUB,0,746737
Hoffenheim,2025-09-13,Union Berlin,away,4-2-3-1,False,25,Kevin Akpoguma,SUB,0,746737
Hoffenheim,2025-09-13,Union Berlin,away,4-2-3-1,False,37,Luca Philipp,SUB,0,746737
Hoffenheim,2025-09-13,Union Berlin,away,4-2-3-1,False,6,Grischa Prömel,SUB,0,746737
Hoffenheim,2025-09-13,Union Berlin,away,4-2-3-1,False,33,Max Moerstedt,SUB,0,746737
Hoffenheim,2025-09-13,Union Berlin,away,4-2-3-1,False,17,Umut Tohumcu,SUB,0,746737
Köln,2025-08-31,Freiburg,home,4-2-3-1,True,1,Marvin Schwäbe,G,1,746727
Köln,2025-08-31,Freiburg,home,4-2-3-1,True,4,Timo Hübers,CD-L,6,746727
Köln,2025-08-31,Freiburg,home,4-2-3-1,True,33,Rav van den Berg,CD-R,5,746727
Köln,2025-08-31,Freiburg,home,4-2-3-1,True,32,Kristoffer Lund,LB,3,746727
Köln,2025-08-31,Freiburg,home,4-2-3-1,True,28,Sebastian Sebulonsen,RB,2,746727
Köln,2025-08-31,Freiburg,home,4-2-3-1,True,18,Ísak Jóhannesson,AM,10,746727
Köln,2025-08-31,Freiburg,home,4-2-3-1,True,8,Denis Huseinbasic,LM,4,746727
Köln,2025-08-31,Freiburg,home,4-2-3-1,True,6,Eric Martel,RM,8,746727
Köln,2025-08-31,Freiburg,home,4-2-3-1,True,16,Jakub Kaminski,F,9,746727
Köln,2025-08-31,Freiburg,home,4-2-3-1,True,30,Marius Bulter,AM-L,11,746727
Köln,2025-08-31,Freiburg,home,4-2-3-1,True,29,Jan Thielmann,AM-R,7,746727
Köln,2025-08-31,Freiburg,home,4-2-3-1,False,20,Ron-Robert Zieler,SUB,0,746727
Köln,2025-08-31,Freiburg,home,4-2-3-1,False,2,Joel Schmied,SUB,0,746727
Köln,2025-08-31,Freiburg,home,4-2-3-1,False,39,Cenk Özkacar,SUB,0,746727
Köln,2025-08-31,Freiburg,home,4-2-3-1,False,13,Said El Mala,SUB,0,746727
Köln,2025-08-31,Freiburg,home,4-2-3-1,False,37,Linton Maina,SUB,0,746727
Köln,2025-08-31,Freiburg,home,4-2-3-1,False,5,Tom Krauss,SUB,0,746727
Köln,2025-08-31,Freiburg,home,4-2-3-1,False,25,Jusuf Gazibegovic,SUB,0,746727
Köln,2025-08-31,Freiburg,home,4-2-3-1,False,9,Ragnar Ache,SUB,0,746727
Köln,2025-08-31,Freiburg,home,4-2-3-1,False,7,Luca Waldschmidt,SUB,0,746727
Freiburg,2025-08-31,Köln,away,4-2-3-1,True,1,Noah Atubolu,G,1,746727
Freiburg,2025-08-31,Köln,away,4-2-3-1,True,3,Philipp Lienhart,CD-L,6,746727
Freiburg,2025-08-31,Köln,away,4-2-3-1,True,28,Matthias Ginter,CD-R,5,746727
Freiburg,2025-08-31,Köln,away,4-2-3-1,True,30,Christian Günter,LB,3,746727
Freiburg,2025-08-31,Köln,away,4-2-3-1,True,17,Lukas Kübler,RB,2,746727
Freiburg,2025-08-31,Köln,away,4-2-3-1,True,14,Yuito Suzuki,AM,10,746727
Freiburg,2025-08-31,Köln,away,4-2-3-1,True,44,Johan Manzambi,LM,4,746727
Freiburg,2025-08-31,Köln,away,4-2-3-1,True,8,Maximilian Eggestein,RM,8,746727
Freiburg,2025-08-31,Köln,away,4-2-3-1,True,9,Lucas Höler,F,9,746727
Freiburg,2025-08-31,Köln,away,4-2-3-1,True,32,Vincenzo Grifo,AM-L,11,746727
Freiburg,2025-08-31,Köln,away,4-2-3-1,True,18,Eren Dinkci,AM-R,7,746727
Freiburg,2025-08-31,Köln,away,4-2-3-1,False,21,Florian Müller,SUB,0,746727
Freiburg,2025-08-31,Köln,away,4-2-3-1,False,20,Junior Adamu,SUB,0,746727
Freiburg,2025-08-31,Köln,away,4-2-3-1,False,29,Philipp Treu,SUB,0,746727
Freiburg,2025-08-31,Köln,away,4-2-3-1,False,7,Derry Scherhant,SUB,0,746727
Freiburg,2025-08-31,Köln,away,4-2-3-1,False,33,Jordy Makengo,SUB,0,746727
Freiburg,2025-08-31,Köln,away,4-2-3-1,False,34,Merlin Röhl,SUB,0,746727
Freiburg,2025-08-31,Köln,away,4-2-3-1,False,5,Anthony Jung,SUB,0,746727
Freiburg,2025-08-31,Köln,away,4-2-3-1,False,27,Nicolas Höfler,SUB,0,746727
Freiburg,2025-08-31,Köln,away,4-2-3-1,False,22,Cyriaque Irié,SUB,0,746727
Freiburg,2025-09-13,Stuttgart,home,4-2-3-1,True,1,Noah Atubolu,G,1,746743
Freiburg,2025-09-13,Stuttgart,home,4-2-3-1,True,3,Philipp Lienhart,CD-L,6,746743
Freiburg,2025-09-13,Stuttgart,home,4-2-3-1,True,28,Matthias Ginter,CD-R,5,746743
Freiburg,2025-09-13,Stuttgart,home,4-2-3-1,True,33,Jordy Makengo,LB,3,746743
Freiburg,2025-09-13,Stuttgart,home,4-2-3-1,True,17,Lukas Kübler,RB,2,746743
Freiburg,2025-09-13,Stuttgart,home,4-2-3-1,True,44,Johan Manzambi,AM,10,746743
Freiburg,2025-09-13,Stuttgart,home,4-2-3-1,True,6,Patrick Osterhage,LM,4,746743
Freiburg,2025-09-13,Stuttgart,home,4-2-3-1,True,8,Maximilian Eggestein,RM,8,746743
Freiburg,2025-09-13,Stuttgart,home,4-2-3-1,True,9,Lucas Höler,F,9,746743
Freiburg,2025-09-13,Stuttgart,home,4-2-3-1,True,32,Vincenzo Grifo,AM-L,11,746743
Freiburg,2025-09-13,Stuttgart,home,4-2-3-1,True,19,Niklas Beste,AM-R,7,746743
Freiburg,2025-09-13,Stuttgart,home,4-2-3-1,False,30,Christian Günter,SUB,0,746743
Freiburg,2025-09-13,Stuttgart,home,4-2-3-1,False,7,Derry Scherhant,SUB,0,746743
Freiburg,2025-09-13,Stuttgart,home,4-2-3-1,False,20,Junior Adamu,SUB,0,746743
Freiburg,2025-09-13,Stuttgart,home,4-2-3-1,False,5,Anthony Jung,SUB,0,746743
Freiburg,2025-09-13,Stuttgart,home,4-2-3-1,False,27,Nicolas Höfler,SUB,0,746743
Freiburg,2025-09-13,Stuttgart,home,4-2-3-1,False,31,Igor Matanovic,SUB,0,746743
Freiburg,2025-09-13,Stuttgart,home,4-2-3-1,False,18,Eren Dinkci,SUB,0,746743
Freiburg,2025-09-13,Stuttgart,home,4-2-3-1,False,29,Philipp Treu,SUB,0,746743
Freiburg,2025-09-13,Stuttgart,home,4-2-3-1,False,21,Florian Müller,SUB,0,746743
Stuttgart,2025-09-13,Freiburg,away,4-2-3-1,True,33,Alexander Nübel,G,1,746743
Stuttgart,2025-09-13,Freiburg,away,4-2-3-1,True,24,Jeff Chabot,CD-L,6,746743
Stuttgart,2025-09-13,Freiburg,away,4-2-3-1,True,29,Finn Jeltsch,CD-R,5,746743
Stuttgart,2025-09-13,Freiburg,away,4-2-3-1,True,7,Maximilian Mittelstädt,LB,3,746743
Stuttgart,2025-09-13,Freiburg,away,4-2-3-1,True,4,Josha Vagnoman,RB,2,746743
Stuttgart,2025-09-13,Freiburg,away,4-2-3-1,True,11,Bilal El Khannouss,AM,10,746743
Stuttgart,2025-09-13,Freiburg,away,4-2-3-1,True,6,Angelo Stiller,LM,4,746743
Stuttgart,2025-09-13,Freiburg,away,4-2-3-1,True,16,Atakan Karazor,RM,8,746743
Stuttgart,2025-09-13,Freiburg,away,4-2-3-1,True,9,Ermedin Demirovic,F,9,746743
Stuttgart,2025-09-13,Freiburg,away,4-2-3-1,True,18,Jamie Leweling,AM-L,11,746743
Stuttgart,2025-09-13,Freiburg,away,4-2-3-1,True,27,Badredine Bouanani,AM-R,7,746743
Stuttgart,2025-09-13,Freiburg,away,4-2-3-1,False,21,Stefan Drljaca,SUB,0,746743
Stuttgart,2025-09-13,Freiburg,away,4-2-3-1,False,3,Ramon Hendriks,SUB,0,746743
Stuttgart,2025-09-13,Freiburg,away,4-2-3-1,False,45,Lazar Jovanovic,SUB,0,746743
Stuttgart,2025-09-13,Freiburg,away,4-2-3-1,False,10,Chris Führich,SUB,0,746743
Stuttgart,2025-09-13,Freiburg,away,4-2-3-1,False,22,Lorenz Assignon,SUB,0,746743
Stuttgart,2025-09-13,Freiburg,away,4-2-3-1,False,28,Nikolas Nartey,SUB,0,746743
Stuttgart,2025-09-13,Freiburg,away,4-2-3-1,False,23,Dan-Axel Zagadou,SUB,0,746743
Stuttgart,2025-09-13,Freiburg,away,4-2-3-1,False,30,Chema Andrés,SUB,0,746743
Stuttgart,2025-09-13,Freiburg,away,4-2-3-1,False,8,Tiago Tomás,SUB,0,746743
Augsburg,2025-08-30,Bayern Munich,home,3-4-2-1,True,1,Finn Dahmen,G,1,746729
Augsburg,2025-08-30,Bayern Munich,home,3-4-2-1,True,6,Jeffrey Gouweleeuw,CD,5,746729
Augsburg,2025-08-30,Bayern Munich,home,3-4-2-1,True,31,Keven Schlotterbeck,CD-L,4,746729
Augsburg,2025-08-30,Bayern Munich,home,3-4-2-1,True,5,Chrislain Matsima,CD-R,6,746729
Augsburg,2025-08-30,Bayern Munich,home,3-4-2-1,True,4,Han-Noah Massengo,CM-L,8,746729
Augsburg,2025-08-30,Bayern Munich,home,3-4-2-1,True,17,Kristijan Jakic,CM-R,7,746729
Augsburg,2025-08-30,Bayern Munich,home,3-4-2-1,True,13,Dimitris Giannoulis,LM,3,746729
Augsburg,2025-08-30,Bayern Munich,home,3-4-2-1,True,27,Marius Wolf,RM,2,746729
Augsburg,2025-08-30,Bayern Munich,home,3-4-2-1,True,36,Mert Kömür,F,9,746729
Augsburg,2025-08-30,Bayern Munich,home,3-4-2-1,True,26,Elias Saad,CF-L,11,746729
Augsburg,2025-08-30,Bayern Munich,home,3-4-2-1,True,19,Robin Fellhauer,CF-R,10,746729
Augsburg,2025-08-30,Bayern Munich,home,3-4-2-1,False,40,Noahkai Banks,SUB,0,746729
Augsburg,2025-08-30,Bayern Munich,home,3-4-2-1,False,28,Aiman Dardari,SUB,0,746729
Augsburg,2025-08-30,Bayern Munich,home,3-4-2-1,False,30,Anton Kade,SUB,0,746729
Augsburg,2025-08-30,Bayern Munich,home,3-4-2-1,False,22,Nediljko Labrovic,SUB,0,746729
Augsburg,2025-08-30,Bayern Munich,home,3-4-2-1,False,3,Mads Pedersen,SUB,0,746729
Augsburg,2025-08-30,Bayern Munich,home,3-4-2-1,False,10,Arne Maier,SUB,0,746729
Augsburg,2025-08-30,Bayern Munich,home,3-4-2-1,False,21,Phillip Tietz,SUB,0,746729
Augsburg,2025-08-30,Bayern Munich,home,3-4-2-1,False,16,Cédric Zesiger,SUB,0,746729
Augsburg,2025-08-30,Bayern Munich,home,3-4-2-1,False,8,Elvis Rexhbecaj,SUB,0,746729
Bayern Munich,2025-08-30,Augsburg,away,4-2-3-1,True,1,Manuel Neuer,G,1,746729
Bayern Munich,2025-08-30,Augsburg,away,4-2-3-1,True,4,Jonathan Tah,CD-L,6,746729
Bayern Munich,2025-08-30,Augsburg,away,4-2-3-1,True,2,Dayot Upamecano,CD-R,5,746729
Bayern Munich,2025-08-30,Augsburg,away,4-2-3-1,True,44,Josip Stanisic,LB,3,746729
Bayern Munich,2025-08-30,Augsburg,away,4-2-3-1,True,27,Konrad Laimer,RB,2,746729
Bayern Munich,2025-08-30,Augsburg,away,4-2-3-1,True,7,Serge Gnabry,AM,10,746729
Bayern Munich,2025-08-30,Augsburg,away,4-2-3-1,True,8,Leon Goretzka,LM,4,746729
Bayern Munich,2025-08-30,Augsburg,away,4-2-3-1,True,6,Joshua Kimmich,RM,8,746729
Bayern Munich,2025-08-30,Augsburg,away,4-2-3-1,True,9,Harry Kane,F,9,746729
Bayern Munich,2025-08-30,Augsburg,away,4-2-3-1,True,14,Luis Díaz,AM-L,11,746729
Bayern Munich,2025-08-30,Augsburg,away,4-2-3-1,True,17,Michael Olise,AM-R,7,746729
Bayern Munich,2025-08-30,Augsburg,away,4-2-3-1,False,23,Sacha Boey,SUB,0,746729
Bayern Munich,2025-08-30,Augsburg,away,4-2-3-1,False,36,Wisdom Mike,SUB,0,746729
Bayern Munich,2025-08-30,Augsburg,away,4-2-3-1,False,45,Aleksandar Pavlovic,SUB,0,746729
Bayern Munich,2025-08-30,Augsburg,away,4-2-3-1,False,35,Jannis Bärtl,SUB,0,746729
Bayern Munich,2025-08-30,Augsburg,away,4-2-3-1,False,22,Raphaël Guerreiro,SUB,0,746729
Bayern Munich,2025-08-30,Augsburg,away,4-2-3-1,False,42,Lennart Karl,SUB,0,746729
Bayern Munich,2025-08-30,Augsburg,away,4-2-3-1,False,41,Jonah Kusi-Asare,SUB,0,746729
Bayern Munich,2025-08-30,Augsburg,away,4-2-3-1,False,40,Jonas Urbig,SUB,0,746729
Bayern Munich,2025-08-30,Augsburg,away,4-2-3-1,False,3,Kim Min-Jae,SUB,0,746729
Stuttgart,2025-08-30,Gladbach,home,4-2-3-1,True,33,Alexander Nübel,G,1,746734
Stuttgart,2025-08-30,Gladbach,home,4-2-3-1,True,3,Ramon Hendriks,CD-L,6,746734
Stuttgart,2025-08-30,Gladbach,home,4-2-3-1,True,29,Finn Jeltsch,CD-R,5,746734
Stuttgart,2025-08-30,Gladbach,home,4-2-3-1,True,7,Maximilian Mittelstädt,LB,3,746734
Stuttgart,2025-08-30,Gladbach,home,4-2-3-1,True,4,Josha Vagnoman,RB,2,746734
Stuttgart,2025-08-30,Gladbach,home,4-2-3-1,True,26,Deniz Undav,AM,10,746734
Stuttgart,2025-08-30,Gladbach,home,4-2-3-1,True,6,Angelo Stiller,LM,4,746734
Stuttgart,2025-08-30,Gladbach,home,4-2-3-1,True,16,Atakan Karazor,RM,8,746734
Stuttgart,2025-08-30,Gladbach,home,4-2-3-1,True,9,Ermedin Demirovic,F,9,746734
Stuttgart,2025-08-30,Gladbach,home,4-2-3-1,True,18,Jamie Leweling,AM-L,11,746734
Stuttgart,2025-08-30,Gladbach,home,4-2-3-1,True,8,Tiago Tomás,AM-R,7,746734
Stuttgart,2025-08-30,Gladbach,home,4-2-3-1,False,1,Fabian Bredlow,SUB,0,746734
Stuttgart,2025-08-30,Gladbach,home,4-2-3-1,False,28,Nikolas Nartey,SUB,0,746734
Stuttgart,2025-08-30,Gladbach,home,4-2-3-1,False,30,Chema Andrés,SUB,0,746734
Stuttgart,2025-08-30,Gladbach,home,4-2-3-1,False,23,Dan-Axel Zagadou,SUB,0,746734
Stuttgart,2025-08-30,Gladbach,home,4-2-3-1,False,45,Lazar Jovanovic,SUB,0,746734
Stuttgart,2025-08-30,Gladbach,home,4-2-3-1,False,22,Lorenz Assignon,SUB,0,746734
Stuttgart,2025-08-30,Gladbach,home,4-2-3-1,False,19,Noah Darvich,SUB,0,746734
Stuttgart,2025-08-30,Gladbach,home,4-2-3-1,False,10,Chris Führich,SUB,0,746734
Stuttgart,2025-08-30,Gladbach,home,4-2-3-1,False,15,Pascal Stenzel,SUB,0,746734
Gladbach,2025-08-30,Stuttgart,away,4-1-4-1,True,33,Moritz Nicolas,G,1,746734
Gladbach,2025-08-30,Stuttgart,away,4-1-4-1,True,4,Kevin Diks,CD-L,6,746734
Gladbach,2025-08-30,Stuttgart,away,4-1-4-1,True,30,Nico Elvedi,CD-R,5,746734
Gladbach,2025-08-30,Stuttgart,away,4-1-4-1,True,16,Philipp Sander,DM,4,746734
Gladbach,2025-08-30,Stuttgart,away,4-1-4-1,True,26,Lukas Ullrich,LB,3,746734
Gladbach,2025-08-30,Stuttgart,away,4-1-4-1,True,29,Joe Scally,RB,2,746734
Gladbach,2025-08-30,Stuttgart,away,4-1-4-1,True,7,Kevin Stöger,CM-L,10,746734
Gladbach,2025-08-30,Stuttgart,away,4-1-4-1,True,27,Rocco Reitz,CM-R,8,746734
Gladbach,2025-08-30,Stuttgart,away,4-1-4-1,True,25,Robin Hack,LM,11,746734
Gladbach,2025-08-30,Stuttgart,away,4-1-4-1,True,9,Franck Honorat,RM,7,746734
Gladbach,2025-08-30,Stuttgart,away,4-1-4-1,True,18,Shuto Machino,F,9,746734
Gladbach,2025-08-30,Stuttgart,away,4-1-4-1,False,5,Marvin Friedrich,SUB,0,746734
Gladbach,2025-08-30,Stuttgart,away,4-1-4-1,False,22,Oscar Fraulo,SUB,0,746734
Gladbach,2025-08-30,Stuttgart,away,4-1-4-1,False,20,Luca Netz,SUB,0,746734
Gladbach,2025-08-30,Stuttgart,away,4-1-4-1,False,10,Florian Neuhaus,SUB,0,746734
Gladbach,2025-08-30,Stuttgart,away,4-1-4-1,False,28,Grant-Leon Ranos,SUB,0,746734
Gladbach,2025-08-30,Stuttgart,away,4-1-4-1,False,1,Jonas Omlin,SUB,0,746734
Gladbach,2025-08-30,Stuttgart,away,4-1-4-1,False,21,Tobias Sippel,SUB,0,746734
Gladbach,2025-08-30,Stuttgart,away,4-1-4-1,False,17,Jens Castrop,SUB,0,746734
Gladbach,2025-08-30,Stuttgart,away,4-1-4-1,False,2,Fabio Chiarodia,SUB,0,746734
Wolfsburg,2025-08-31,Mainz 05,home,4-2-3-1,True,1,Kamil Grabara,G,1,746735
Wolfsburg,2025-08-31,Mainz 05,home,4-2-3-1,True,4,Konstantinos Koulierakis,CD-L,6,746735
Wolfsburg,2025-08-31,Mainz 05,home,4-2-3-1,True,15,Moritz Jenz,CD-R,5,746735
Wolfsburg,2025-08-31,Mainz 05,home,4-2-3-1,True,25,Aaron Zehnter,LB,3,746735
Wolfsburg,2025-08-31,Mainz 05,home,4-2-3-1,True,2,Kilian Fischer,RB,2,746735
Wolfsburg,2025-08-31,Mainz 05,home,4-2-3-1,True,10,Lovro Majer,AM,10,746735
Wolfsburg,2025-08-31,Mainz 05,home,4-2-3-1,True,5,Vinicius Souza,LM,4,746735
Wolfsburg,2025-08-31,Mainz 05,home,4-2-3-1,True,27,Maximilian Arnold,RM,8,746735
Wolfsburg,2025-08-31,Mainz 05,home,4-2-3-1,True,17,Dzenan Pejcinovic,F,9,746735
Wolfsburg,2025-08-31,Mainz 05,home,4-2-3-1,True,39,Patrick Wimmer,AM-L,11,746735
Wolfsburg,2025-08-31,Mainz 05,home,4-2-3-1,True,7,Andreas Skov Olsen,AM-R,7,746735
Wolfsburg,2025-08-31,Mainz 05,home,4-2-3-1,False,18,Václav Cerný,SUB,0,746735
Wolfsburg,2025-08-31,Mainz 05,home,4-2-3-1,False,31,Yannick Gerhardt,SUB,0,746735
Wolfsburg,2025-08-31,Mainz 05,home,4-2-3-1,False,9,Mohamed Amoura,SUB,0,746735
Wolfsburg,2025-08-31,Mainz 05,home,4-2-3-1,False,23,Jonas Wind,SUB,0,746735
Wolfsburg,2025-08-31,Mainz 05,home,4-2-3-1,False,8,Bence Dárdai,SUB,0,746735
Wolfsburg,2025-08-31,Mainz 05,home,4-2-3-1,False,33,David Odogu,SUB,0,746735
Wolfsburg,2025-08-31,Mainz 05,home,4-2-3-1,False,21,Joakim Maehle,SUB,0,746735
Wolfsburg,2025-08-31,Mainz 05,home,4-2-3-1,False,29,Marius Müller,SUB,0,746735
Wolfsburg,2025-08-31,Mainz 05,home,4-2-3-1,False,32,Mattias Svanberg,SUB,0,746735
Mainz 05,2025-08-31,Wolfsburg,away,3-4-3-d,True,27,Robin Zentner,G,1,746735
Mainz 05,2025-08-31,Wolfsburg,away,3-4-3-d,True,16,Stefan Bell,CD,5,746735
Mainz 05,2025-08-31,Wolfsburg,away,3-4-3-d,True,31,Dominik Kohr,CD-L,4,746735
Mainz 05,2025-08-31,Wolfsburg,away,3-4-3-d,True,21,Danny da Costa,DM,6,746735
Mainz 05,2025-08-31,Wolfsburg,away,3-4-3-d,True,6,Kaishu Sano,SW,8,746735
Mainz 05,2025-08-31,Wolfsburg,away,3-4-3-d,True,10,Nadiem Amiri,AM,7,746735
Mainz 05,2025-08-31,Wolfsburg,away,3-4-3-d,True,2,Phillipp Mwene,LM,3,746735
Mainz 05,2025-08-31,Wolfsburg,away,3-4-3-d,True,19,Anthony Caci,RM,2,746735
Mainz 05,2025-08-31,Wolfsburg,away,3-4-3-d,True,44,Nelson Weiper,F,9,746735
Mainz 05,2025-08-31,Wolfsburg,away,3-4-3-d,True,7,Lee Jae-Sung,LF,11,746735
Mainz 05,2025-08-31,Wolfsburg,away,3-4-3-d,True,9,Arnaud Nordin,RF,10,746735
Mainz 05,2025-08-31,Wolfsburg,away,3-4-3-d,False,37,Ben Bobzien,SUB,0,746735
Mainz 05,2025-08-31,Wolfsburg,away,3-4-3-d,False,5,Maxim Leitsch,SUB,0,746735
Mainz 05,2025-08-31,Wolfsburg,away,3-4-3-d,False,11,Armindo Sieb,SUB,0,746735
Mainz 05,2025-08-31,Wolfsburg,away,3-4-3-d,False,24,Sota Kawasaki,SUB,0,746735
Mainz 05,2025-08-31,Wolfsburg,away,3-4-3-d,False,1,Lasse Rieß,SUB,0,746735
Mainz 05,2025-08-31,Wolfsburg,away,3-4-3-d,False,30,Silvan Widmer,SUB,0,746735
Mainz 05,2025-08-31,Wolfsburg,away,3-4-3-d,False,22,Nikolas Veratschnig,SUB,0,746735
Mainz 05,2025-08-31,Wolfsburg,away,3-4-3-d,False,25,Andreas Hanche-Olsen,SUB,0,746735
Mainz 05,2025-08-31,Wolfsburg,away,3-4-3-d,False,15,Lennard Maloney,SUB,0,746735
Hoffenheim,2025-08-30,Frankfurt,home,4-3-3,True,1,Oliver Baumann,G,1,746733
Hoffenheim,2025-08-30,Frankfurt,home,4-3-3,True,35,Arthur Chaves,CD-L,6,746733
Hoffenheim,2025-08-30,Frankfurt,home,4-3-3,True,2,Robin Hranác,CD-R,5,746733
Hoffenheim,2025-08-30,Frankfurt,home,4-3-3,True,13,Bernardo,LB,3,746733
Hoffenheim,2025-08-30,Frankfurt,home,4-3-3,True,34,Vladimír Coufal,RB,2,746733
Hoffenheim,2025-08-30,Frankfurt,home,4-3-3,True,7,Leon Avdullahu,CM,4,746733
Hoffenheim,2025-08-30,Frankfurt,home,4-3-3,True,17,Umut Tohumcu,LM,8,746733
Hoffenheim,2025-08-30,Frankfurt,home,4-3-3,True,27,Andrej Kramaric,RM,7,746733
Hoffenheim,2025-08-30,Frankfurt,home,4-3-3,True,11,Fisnik Asllani,F,9,746733
Hoffenheim,2025-08-30,Frankfurt,home,4-3-3,True,29,Bazoumana Touré,LF,11,746733
Hoffenheim,2025-08-30,Frankfurt,home,4-3-3,True,19,Tim Lemperle,RF,10,746733
Hoffenheim,2025-08-30,Frankfurt,home,4-3-3,False,25,Kevin Akpoguma,SUB,0,746733
Hoffenheim,2025-08-30,Frankfurt,home,4-3-3,False,37,Luca Philipp,SUB,0,746733
Hoffenheim,2025-08-30,Frankfurt,home,4-3-3,False,24,David Mokwa,SUB,0,746733
Hoffenheim,2025-08-30,Frankfurt,home,4-3-3,False,10,Muhammed Damar,SUB,0,746733
Hoffenheim,2025-08-30,Frankfurt,home,4-3-3,False,5,Ozan Kabak,SUB,0,746733
Hoffenheim,2025-08-30,Frankfurt,home,4-3-3,False,21,Albian Hajdari,SUB,0,746733
Hoffenheim,2025-08-30,Frankfurt,home,4-3-3,False,33,Max Moerstedt,SUB,0,746733
Hoffenheim,2025-08-30,Frankfurt,home,4-3-3,False,22,Alexander Prass,SUB,0,746733
Hoffenheim,2025-08-30,Frankfurt,home,4-3-3,False,6,Grischa Prömel,SUB,0,746733
Frankfurt,2025-08-30,Hoffenheim,away,4-2-3-1,True,23,Michael Zetterer,G,1,746733
Frankfurt,2025-08-30,Hoffenheim,away,4-2-3-1,True,4,Robin Koch,CD-L,6,746733
Frankfurt,2025-08-30,Hoffenheim,away,4-2-3-1,True,34,Nnamdi Collins,CD-R,5,746733
Frankfurt,2025-08-30,Hoffenheim,away,4-2-3-1,True,3,Arthur Theate,LB,3,746733
Frankfurt,2025-08-30,Hoffenheim,away,4-2-3-1,True,13,Rasmus Kristensen,RB,2,746733
Frankfurt,2025-08-30,Hoffenheim,away,4-2-3-1,True,42,Can Uzun,AM,10,746733
Frankfurt,2025-08-30,Hoffenheim,away,4-2-3-1,True,8,Farès Chaïbi,LM,4,746733
Frankfurt,2025-08-30,Hoffenheim,away,4-2-3-1,True,16,Hugo Larsson,RM,8,746733
Frankfurt,2025-08-30,Hoffenheim,away,4-2-3-1,True,17,Elye Wahi,F,9,746733
Frankfurt,2025-08-30,Hoffenheim,away,4-2-3-1,True,19,Jean-Mattéo Bahoya,AM-L,11,746733
Frankfurt,2025-08-30,Hoffenheim,away,4-2-3-1,True,20,Ritsu Doan,AM-R,7,746733
Frankfurt,2025-08-30,Hoffenheim,away,4-2-3-1,False,15,Ellyes Skhiri,SUB,0,746733
Frankfurt,2025-08-30,Hoffenheim,away,4-2-3-1,False,30,Michy Batshuayi,SUB,0,746733
Frankfurt,2025-08-30,Hoffenheim,away,4-2-3-1,False,7,Ansgar Knauff,SUB,0,746733
Frankfurt,2025-08-30,Hoffenheim,away,4-2-3-1,False,29,Niels Nkounkou,SUB,0,746733
Frankfurt,2025-08-30,Hoffenheim,away,4-2-3-1,False,33,Jens Grahl,SUB,0,746733
Frankfurt,2025-08-30,Hoffenheim,away,4-2-3-1,False,2,Elias Baum,SUB,0,746733
Frankfurt,2025-08-30,Hoffenheim,away,4-2-3-1,False,21,Nathaniel Brown,SUB,0,746733
Frankfurt,2025-08-30,Hoffenheim,away,4-2-3-1,False,24,Buta,SUB,0,746733
Frankfurt,2025-08-30,Hoffenheim,away,4-2-3-1,False,6,Oscar Højlund,SUB,0,746733
Wolfsburg,2025-09-13,Köln,home,4-2-3-1,True,1,Kamil Grabara,G,1,746744
Wolfsburg,2025-09-13,Köln,home,4-2-3-1,True,4,Konstantinos Koulierakis,CD-L,6,746744
Wolfsburg,2025-09-13,Köln,home,4-2-3-1,True,15,Moritz Jenz,CD-R,5,746744
Wolfsburg,2025-09-13,Köln,home,4-2-3-1,True,21,Joakim Maehle,LB,3,746744
Wolfsburg,2025-09-13,Köln,home,4-2-3-1,True,2,Kilian Fischer,RB,2,746744
Wolfsburg,2025-09-13,Köln,home,4-2-3-1,True,10,Lovro Majer,AM,10,746744
Wolfsburg,2025-09-13,Köln,home,4-2-3-1,True,5,Vinicius Souza,LM,4,746744
Wolfsburg,2025-09-13,Köln,home,4-2-3-1,True,27,Maximilian Arnold,RM,8,746744
Wolfsburg,2025-09-13,Köln,home,4-2-3-1,True,9,Mohamed Amoura,F,9,746744
Wolfsburg,2025-09-13,Köln,home,4-2-3-1,True,39,Patrick Wimmer,AM-L,11,746744
Wolfsburg,2025-09-13,Köln,home,4-2-3-1,True,7,Andreas Skov Olsen,AM-R,7,746744
Wolfsburg,2025-09-13,Köln,home,4-2-3-1,False,17,Dzenan Pejcinovic,SUB,0,746744
Wolfsburg,2025-09-13,Köln,home,4-2-3-1,False,29,Marius Müller,SUB,0,746744
Wolfsburg,2025-09-13,Köln,home,4-2-3-1,False,24,Christian Eriksen,SUB,0,746744
Wolfsburg,2025-09-13,Köln,home,4-2-3-1,False,23,Jonas Wind,SUB,0,746744
Wolfsburg,2025-09-13,Köln,home,4-2-3-1,False,25,Aaron Zehnter,SUB,0,746744
Wolfsburg,2025-09-13,Köln,home,4-2-3-1,False,14,Jenson Seelt,SUB,0,746744
Wolfsburg,2025-09-13,Köln,home,4-2-3-1,False,8,Bence Dárdai,SUB,0,746744
Wolfsburg,2025-09-13,Köln,home,4-2-3-1,False,19,Jesper Lindstrom,SUB,0,746744
Wolfsburg,2025-09-13,Köln,home,4-2-3-1,False,11,Adam Daghim,SUB,0,746744
Köln,2025-09-13,Wolfsburg,away,5-3-2,True,1,Marvin Schwäbe,G,1,746744
Köln,2025-09-13,Wolfsburg,away,5-3-2,True,33,Rav van den Berg,CD,5,746744
Köln,2025-09-13,Wolfsburg,away,5-3-2,True,4,Timo Hübers,CD-L,4,746744
Köln,2025-09-13,Wolfsburg,away,5-3-2,True,2,Joel Schmied,CD-R,6,746744
Köln,2025-09-13,Wolfsburg,away,5-3-2,True,32,Kristoffer Lund,LB,3,746744
Köln,2025-09-13,Wolfsburg,away,5-3-2,True,28,Sebastian Sebulonsen,RB,2,746744
Köln,2025-09-13,Wolfsburg,away,5-3-2,True,6,Eric Martel,CM,8,746744
Köln,2025-09-13,Wolfsburg,away,5-3-2,True,16,Jakub Kaminski,CM-L,11,746744
Köln,2025-09-13,Wolfsburg,away,5-3-2,True,29,Jan Thielmann,CM-R,7,746744
Köln,2025-09-13,Wolfsburg,away,5-3-2,True,30,Marius Bulter,CF-L,9,746744
Köln,2025-09-13,Wolfsburg,away,5-3-2,True,7,Luca Waldschmidt,CF-R,10,746744
Köln,2025-09-13,Wolfsburg,away,5-3-2,False,11,Florian Kainz,SUB,0,746744
Köln,2025-09-13,Wolfsburg,away,5-3-2,False,13,Said El Mala,SUB,0,746744
Köln,2025-09-13,Wolfsburg,away,5-3-2,False,9,Ragnar Ache,SUB,0,746744
Köln,2025-09-13,Wolfsburg,away,5-3-2,False,20,Ron-Robert Zieler,SUB,0,746744
Köln,2025-09-13,Wolfsburg,away,5-3-2,False,8,Denis Huseinbasic,SUB,0,746744
Köln,2025-09-13,Wolfsburg,away,5-3-2,False,39,Cenk Özkacar,SUB,0,746744
Köln,2025-09-13,Wolfsburg,away,5-3-2,False,17,Alessio Castro-Montes,SUB,0,746744
Köln,2025-09-13,Wolfsburg,away,5-3-2,False,18,Ísak Jóhannesson,SUB,0,746744
Köln,2025-09-13,Wolfsburg,away,5-3-2,False,5,Tom Krauss,SUB,0,746744
Hamburger SV,2025-08-29,St Pauli,home,3-4-3,True,1,Daniel Heuer Fernandes,G,1,746730
Hamburger SV,2025-08-29,St Pauli,home,3-4-3,True,8,Daniel Elfadli,CD,5,746730
Hamburger SV,2025-08-29,St Pauli,home,3-4-3,True,25,Jordan Torunarigha,CD-L,4,746730
Hamburger SV,2025-08-29,St Pauli,home,3-4-3,True,17,Warmed Omari,CD-R,6,746730
Hamburger SV,2025-08-29,St Pauli,home,3-4-3,True,24,Nicolás Capaldo,CM-L,8,746730
Hamburger SV,2025-08-29,St Pauli,home,3-4-3,True,21,Nicolai Remberg,CM-R,7,746730
Hamburger SV,2025-08-29,St Pauli,home,3-4-3,True,28,Miro Muheim,LM,3,746730
Hamburger SV,2025-08-29,St Pauli,home,3-4-3,True,16,Giorgi Gocholeishvili,RM,2,746730
Hamburger SV,2025-08-29,St Pauli,home,3-4-3,True,11,Ransford-Yeboah Königsdörffer,F,9,746730
Hamburger SV,2025-08-29,St Pauli,home,3-4-3,True,38,Alexander Røssing-Lelesiit,CF-L,11,746730
Hamburger SV,2025-08-29,St Pauli,home,3-4-3,True,29,Emir Sahiti,CF-R,10,746730
Hamburger SV,2025-08-29,St Pauli,home,3-4-3,False,49,Otto Stange,SUB,0,746730
Hamburger SV,2025-08-29,St Pauli,home,3-4-3,False,14,Rayan Philippe,SUB,0,746730
Hamburger SV,2025-08-29,St Pauli,home,3-4-3,False,22,Aboubaka Soumahoro,SUB,0,746730
Hamburger SV,2025-08-29,St Pauli,home,3-4-3,False,2,William Mikelbrencis,SUB,0,746730
Hamburger SV,2025-08-29,St Pauli,home,3-4-3,False,26,Daniel Peretz,SUB,0,746730
Hamburger SV,2025-08-29,St Pauli,home,3-4-3,False,44,Luka Vuskovic,SUB,0,746730
Hamburger SV,2025-08-29,St Pauli,home,3-4-3,False,7,Jean-Luc Dompé,SUB,0,746730
Hamburger SV,2025-08-29,St Pauli,home,3-4-3,False,15,Yussuf Poulsen,SUB,0,746730
Hamburger SV,2025-08-29,St Pauli,home,3-4-3,False,23,Jonas Meffert,SUB,0,746730
St Pauli,2025-08-29,Hamburger SV,away,3-4-1-2,True,22,Nikola Vasilj,G,1,746730
St Pauli,2025-08-29,Hamburger SV,away,3-4-1-2,True,8,Eric Smith,CD,5,746730
St Pauli,2025-08-29,Hamburger SV,away,3-4-1-2,True,25,Adam Dzwigala,CD-L,4,746730
St Pauli,2025-08-29,Hamburger SV,away,3-4-1-2,True,5,Hauke Wahl,CD-R,6,746730
St Pauli,2025-08-29,Hamburger SV,away,3-4-1-2,True,16,Joel Chima Fujita,CM-L,8,746730
St Pauli,2025-08-29,Hamburger SV,away,3-4-1-2,True,6,James Sands,CM-R,7,746730
St Pauli,2025-08-29,Hamburger SV,away,3-4-1-2,True,10,Danel Sinani,AM,9,746730
St Pauli,2025-08-29,Hamburger SV,away,3-4-1-2,True,23,Louis Oppie,LM,3,746730
St Pauli,2025-08-29,Hamburger SV,away,3-4-1-2,True,11,Arkadiusz Pyrka,RM,2,746730
St Pauli,2025-08-29,Hamburger SV,away,3-4-1-2,True,28,Mathias Pereira Lage,CF-L,11,746730
St Pauli,2025-08-29,Hamburger SV,away,3-4-1-2,True,27,Andreas Hountondji,CF-R,10,746730
St Pauli,2025-08-29,Hamburger SV,away,3-4-1-2,False,44,Nick Schmidt,SUB,0,746730
St Pauli,2025-08-29,Hamburger SV,away,3-4-1-2,False,17,Oladapo Afolayan,SUB,0,746730
St Pauli,2025-08-29,Hamburger SV,away,3-4-1-2,False,2,Manolis Saliakas,SUB,0,746730
St Pauli,2025-08-29,Hamburger SV,away,3-4-1-2,False,1,Ben Voll,SUB,0,746730
St Pauli,2025-08-29,Hamburger SV,away,3-4-1-2,False,24,Connor Metcalfe,SUB,0,746730
St Pauli,2025-08-29,Hamburger SV,away,3-4-1-2,False,20,Erik Ahlstrand,SUB,0,746730
St Pauli,2025-08-29,Hamburger SV,away,3-4-1-2,False,19,Martijn Kaars,SUB,0,746730
St Pauli,2025-08-29,Hamburger SV,away,3-4-1-2,False,34,Jannik Robatsch,SUB,0,746730
St Pauli,2025-08-29,Hamburger SV,away,3-4-1-2,False,21,Lars Ritzka,SUB,0,746730
Werder Bremen,2025-08-30,Leverkusen,home,4-2-3-1,True,30,Mio Backhaus,G,1,746732
Werder Bremen,2025-08-30,Leverkusen,home,4-2-3-1,True,31,Karim Coulibaly,CD-L,6,746732
Werder Bremen,2025-08-30,Leverkusen,home,4-2-3-1,True,4,Niklas Stark,CD-R,5,746732
Werder Bremen,2025-08-30,Leverkusen,home,4-2-3-1,True,27,Felix Agu,LB,3,746732
Werder Bremen,2025-08-30,Leverkusen,home,4-2-3-1,True,3,Yukinari Sugawara,RB,2,746732
Werder Bremen,2025-08-30,Leverkusen,home,4-2-3-1,True,20,Romano Schmid,AM,10,746732
Werder Bremen,2025-08-30,Leverkusen,home,4-2-3-1,True,14,Senne Lynen,LM,4,746732
Werder Bremen,2025-08-30,Leverkusen,home,4-2-3-1,True,24,Patrice Covic,RM,8,746732
Werder Bremen,2025-08-30,Leverkusen,home,4-2-3-1,True,17,Marco Grüll,F,9,746732
Werder Bremen,2025-08-30,Leverkusen,home,4-2-3-1,True,7,Samuel Mbangula,AM-L,11,746732
Werder Bremen,2025-08-30,Leverkusen,home,4-2-3-1,True,11,Justin Njinmah,AM-R,7,746732
Werder Bremen,2025-08-30,Leverkusen,home,4-2-3-1,False,34,Wesley Adeh,SUB,0,746732
Werder Bremen,2025-08-30,Leverkusen,home,4-2-3-1,False,21,Isak Hansen-Aarøen,SUB,0,746732
Werder Bremen,2025-08-30,Leverkusen,home,4-2-3-1,False,33,Mick Schmetgens,SUB,0,746732
Werder Bremen,2025-08-30,Leverkusen,home,4-2-3-1,False,35,Leon Opitz,SUB,0,746732
Werder Bremen,2025-08-30,Leverkusen,home,4-2-3-1,False,28,Skelly Alvero,SUB,0,746732
Werder Bremen,2025-08-30,Leverkusen,home,4-2-3-1,False,9,Keke Topp,SUB,0,746732
Werder Bremen,2025-08-30,Leverkusen,home,4-2-3-1,False,23,Isaac Schmidt,SUB,0,746732
Werder Bremen,2025-08-30,Leverkusen,home,4-2-3-1,False,10,Leonardo Bittencourt,SUB,0,746732
Werder Bremen,2025-08-30,Leverkusen,home,4-2-3-1,False,13,Karl Hein,SUB,0,746732
Leverkusen,2025-08-30,Werder Bremen,away,4-2-3-1,True,1,Mark Flekken,G,1,746732
Leverkusen,2025-08-30,Werder Bremen,away,4-2-3-1,True,12,Edmond Tapsoba,CD-L,6,746732
Leverkusen,2025-08-30,Werder Bremen,away,4-2-3-1,True,4,Jarell Quansah,CD-R,5,746732
Leverkusen,2025-08-30,Werder Bremen,away,4-2-3-1,True,20,Alejandro Grimaldo,LB,3,746732
Leverkusen,2025-08-30,Werder Bremen,away,4-2-3-1,True,16,Axel Tape,RB,2,746732
Leverkusen,2025-08-30,Werder Bremen,away,4-2-3-1,True,10,Malik Tillman,AM,10,746732
Leverkusen,2025-08-30,Werder Bremen,away,4-2-3-1,True,8,Robert Andrich,LM,4,746732
Leverkusen,2025-08-30,Werder Bremen,away,4-2-3-1,True,24,Aleix García,RM,8,746732
Leverkusen,2025-08-30,Werder Bremen,away,4-2-3-1,True,14,Patrik Schick,F,9,746732
Leverkusen,2025-08-30,Werder Bremen,away,4-2-3-1,True,35,Christian Kofane,AM-L,11,746732
Leverkusen,2025-08-30,Werder Bremen,away,4-2-3-1,True,23,Nathan Tella,AM-R,7,746732
Leverkusen,2025-08-30,Werder Bremen,away,4-2-3-1,False,3,Piero Hincapié,SUB,0,746732
Leverkusen,2025-08-30,Werder Bremen,away,4-2-3-1,False,19,Ernest Poku,SUB,0,746732
Leverkusen,2025-08-30,Werder Bremen,away,4-2-3-1,False,18,Alejo Sarco,SUB,0,746732
Leverkusen,2025-08-30,Werder Bremen,away,4-2-3-1,False,9,Claudio Echeverri,SUB,0,746732
Leverkusen,2025-08-30,Werder Bremen,away,4-2-3-1,False,28,Janis Blaswich,SUB,0,746732
Leverkusen,2025-08-30,Werder Bremen,away,4-2-3-1,False,5,Loïc Badé,SUB,0,746732
Leverkusen,2025-08-30,Werder Bremen,away,4-2-3-1,False,30,Ibrahim Maza,SUB,0,746732
Leverkusen,2025-08-30,Werder Bremen,away,4-2-3-1,False,13,Arthur,SUB,0,746732
Leverkusen,2025-08-30,Werder Bremen,away,4-2-3-1,False,25,Exequiel Palacios,SUB,0,746732
RB Leipzig,2025-08-30,Heidenheim,home,4-2-3-1,True,1,Péter Gulácsi,G,1,746731
RB Leipzig,2025-08-30,Heidenheim,home,4-2-3-1,True,23,Castello Lukeba,CD-L,6,746731
RB Leipzig,2025-08-30,Heidenheim,home,4-2-3-1,True,4,Willi Orbán,CD-R,5,746731
RB Leipzig,2025-08-30,Heidenheim,home,4-2-3-1,True,22,David Raum,LB,3,746731
RB Leipzig,2025-08-30,Heidenheim,home,4-2-3-1,True,17,Ridle Baku,RB,2,746731
RB Leipzig,2025-08-30,Heidenheim,home,4-2-3-1,True,14,Christoph Baumgartner,AM,10,746731
RB Leipzig,2025-08-30,Heidenheim,home,4-2-3-1,True,24,Xaver Schlager,LM,4,746731
RB Leipzig,2025-08-30,Heidenheim,home,4-2-3-1,True,6,Ezechiel Banzuzi,RM,8,746731
RB Leipzig,2025-08-30,Heidenheim,home,4-2-3-1,True,40,Rômulo,F,9,746731
RB Leipzig,2025-08-30,Heidenheim,home,4-2-3-1,True,7,Antonio Nusa,AM-L,11,746731
RB Leipzig,2025-08-30,Heidenheim,home,4-2-3-1,True,9,Johan Bakayoko,AM-R,7,746731
RB Leipzig,2025-08-30,Heidenheim,home,4-2-3-1,False,33,Andrija Maksimovic,SUB,0,746731
RB Leipzig,2025-08-30,Heidenheim,home,4-2-3-1,False,19,Kosta Nedeljkovic,SUB,0,746731
RB Leipzig,2025-08-30,Heidenheim,home,4-2-3-1,False,20,Assan Ouédraogo,SUB,0,746731
RB Leipzig,2025-08-30,Heidenheim,home,4-2-3-1,False,13,Nicolas Seiwald,SUB,0,746731
RB Leipzig,2025-08-30,Heidenheim,home,4-2-3-1,False,11,Loïs Openda,SUB,0,746731
RB Leipzig,2025-08-30,Heidenheim,home,4-2-3-1,False,49,Yan Diomande,SUB,0,746731
RB Leipzig,2025-08-30,Heidenheim,home,4-2-3-1,False,35,Max Finkgrafe,SUB,0,746731
RB Leipzig,2025-08-30,Heidenheim,home,4-2-3-1,False,5,El Chadaille Bitshiabu,SUB,0,746731
RB Leipzig,2025-08-30,Heidenheim,home,4-2-3-1,False,26,Maarten Vandevoordt,SUB,0,746731
Heidenheim,2025-08-30,RB Leipzig,away,4-2-3-1,True,41,Diant Ramaj,G,1,746731
Heidenheim,2025-08-30,RB Leipzig,away,4-2-3-1,True,5,Benedikt Gimber,CD-L,6,746731
Heidenheim,2025-08-30,RB Leipzig,away,4-2-3-1,True,6,Patrick Mainka,CD-R,5,746731
Heidenheim,2025-08-30,RB Leipzig,away,4-2-3-1,True,19,Jonas Föhrenbach,LB,3,746731
Heidenheim,2025-08-30,RB Leipzig,away,4-2-3-1,True,2,Marnon Busch,RB,2,746731
Heidenheim,2025-08-30,RB Leipzig,away,4-2-3-1,True,8,Léo Scienza,AM,10,746731
Heidenheim,2025-08-30,RB Leipzig,away,4-2-3-1,True,30,Niklas Dorsch,LM,4,746731
Heidenheim,2025-08-30,RB Leipzig,away,4-2-3-1,True,20,Luca Kerber,RM,8,746731
Heidenheim,2025-08-30,RB Leipzig,away,4-2-3-1,True,29,Mikkel Kaufmann,F,9,746731
Heidenheim,2025-08-30,RB Leipzig,away,4-2-3-1,True,17,Mathias Honsak,AM-L,11,746731
Heidenheim,2025-08-30,RB Leipzig,away,4-2-3-1,True,22,Arijon Ibrahimovic,AM-R,7,746731
Heidenheim,2025-08-30,RB Leipzig,away,4-2-3-1,False,1,Kevin Müller,SUB,0,746731
Heidenheim,2025-08-30,RB Leipzig,away,4-2-3-1,False,31,Sirlord Conteh,SUB,0,746731
Heidenheim,2025-08-30,RB Leipzig,away,4-2-3-1,False,4,Tim Siersleben,SUB,0,746731
Heidenheim,2025-08-30,RB Leipzig,away,4-2-3-1,False,3,Jan Schöppner,SUB,0,746731
Heidenheim,2025-08-30,RB Leipzig,away,4-2-3-1,False,23,Omar-Haktab Traoré,SUB,0,746731
Heidenheim,2025-08-30,RB Leipzig,away,4-2-3-1,False,11,Budu Zivzivadze,SUB,0,746731
Heidenheim,2025-08-30,RB Leipzig,away,4-2-3-1,False,16,Julian Niehues,SUB,0,746731
Heidenheim,2025-08-30,RB Leipzig,away,4-2-3-1,False,32,Leart Paqarada,SUB,0,746731
Heidenheim,2025-08-30,RB Leipzig,away,4-2-3-1,False,21,Adrian Beck,SUB,0,746731
Gladbach,2025-08-24,Hamburger SV,home,4-2-3-1,True,33,Moritz Nicolas,G,1,746723
Gladbach,2025-08-24,Hamburger SV,home,4-2-3-1,True,2,Fabio Chiarodia,CD-L,6,746723
Gladbach,2025-08-24,Hamburger SV,home,4-2-3-1,True,30,Nico Elvedi,CD-R,5,746723
Gladbach,2025-08-24,Hamburger SV,home,4-2-3-1,True,26,Lukas Ullrich,LB,3,746723
Gladbach,2025-08-24,Hamburger SV,home,4-2-3-1,True,29,Joe Scally,RB,2,746723
Gladbach,2025-08-24,Hamburger SV,home,4-2-3-1,True,7,Kevin Stöger,AM,10,746723
Gladbach,2025-08-24,Hamburger SV,home,4-2-3-1,True,16,Philipp Sander,LM,4,746723
Gladbach,2025-08-24,Hamburger SV,home,4-2-3-1,True,27,Rocco Reitz,RM,8,746723
Gladbach,2025-08-24,Hamburger SV,home,4-2-3-1,True,15,Haris Tabakovic,F,9,746723
Gladbach,2025-08-24,Hamburger SV,home,4-2-3-1,True,25,Robin Hack,AM-L,11,746723
Gladbach,2025-08-24,Hamburger SV,home,4-2-3-1,True,9,Franck Honorat,AM-R,7,746723
Gladbach,2025-08-24,Hamburger SV,home,4-2-3-1,False,10,Florian Neuhaus,SUB,0,746723
Gladbach,2025-08-24,Hamburger SV,home,4-2-3-1,False,5,Marvin Friedrich,SUB,0,746723
Gladbach,2025-08-24,Hamburger SV,home,4-2-3-1,False,28,Grant-Leon Ranos,SUB,0,746723
Gladbach,2025-08-24,Hamburger SV,home,4-2-3-1,False,18,Shuto Machino,SUB,0,746723
Gladbach,2025-08-24,Hamburger SV,home,4-2-3-1,False,17,Jens Castrop,SUB,0,746723
Gladbach,2025-08-24,Hamburger SV,home,4-2-3-1,False,20,Luca Netz,SUB,0,746723
Gladbach,2025-08-24,Hamburger SV,home,4-2-3-1,False,1,Jonas Omlin,SUB,0,746723
Gladbach,2025-08-24,Hamburger SV,home,4-2-3-1,False,22,Oscar Fraulo,SUB,0,746723
Gladbach,2025-08-24,Hamburger SV,home,4-2-3-1,False,4,Kevin Diks,SUB,0,746723
Hamburger SV,2025-08-24,Gladbach,away,3-4-3,True,1,Daniel Heuer Fernandes,G,1,746723
Hamburger SV,2025-08-24,Gladbach,away,3-4-3,True,8,Daniel Elfadli,CD,5,746723
Hamburger SV,2025-08-24,Gladbach,away,3-4-3,True,25,Jordan Torunarigha,CD-L,4,746723
Hamburger SV,2025-08-24,Gladbach,away,3-4-3,True,17,Warmed Omari,CD-R,6,746723
Hamburger SV,2025-08-24,Gladbach,away,3-4-3,True,24,Nicolás Capaldo,CM-L,8,746723
Hamburger SV,2025-08-24,Gladbach,away,3-4-3,True,21,Nicolai Remberg,CM-R,7,746723
Hamburger SV,2025-08-24,Gladbach,away,3-4-3,True,28,Miro Muheim,LM,3,746723
Hamburger SV,2025-08-24,Gladbach,away,3-4-3,True,16,Giorgi Gocholeishvili,RM,2,746723
Hamburger SV,2025-08-24,Gladbach,away,3-4-3,True,11,Ransford-Yeboah Königsdörffer,F,9,746723
Hamburger SV,2025-08-24,Gladbach,away,3-4-3,True,38,Alexander Røssing-Lelesiit,CF-L,11,746723
Hamburger SV,2025-08-24,Gladbach,away,3-4-3,True,29,Emir Sahiti,CF-R,10,746723
Hamburger SV,2025-08-24,Gladbach,away,3-4-3,False,15,Yussuf Poulsen,SUB,0,746723
Hamburger SV,2025-08-24,Gladbach,away,3-4-3,False,7,Jean-Luc Dompé,SUB,0,746723
Hamburger SV,2025-08-24,Gladbach,away,3-4-3,False,22,Aboubaka Soumahoro,SUB,0,746723
Hamburger SV,2025-08-24,Gladbach,away,3-4-3,False,49,Otto Stange,SUB,0,746723
Hamburger SV,2025-08-24,Gladbach,away,3-4-3,False,13,Guilherme Ramos,SUB,0,746723
Hamburger SV,2025-08-24,Gladbach,away,3-4-3,False,26,Daniel Peretz,SUB,0,746723
Hamburger SV,2025-08-24,Gladbach,away,3-4-3,False,23,Jonas Meffert,SUB,0,746723
Hamburger SV,2025-08-24,Gladbach,away,3-4-3,False,14,Rayan Philippe,SUB,0,746723
Hamburger SV,2025-08-24,Gladbach,away,3-4-3,False,2,William Mikelbrencis,SUB,0,746723
Bayern Munich,2025-09-13,Hamburger SV,home,4-2-3-1,True,1,Manuel Neuer,G,1,746741
Bayern Munich,2025-09-13,Hamburger SV,home,4-2-3-1,True,4,Jonathan Tah,CD-L,6,746741
Bayern Munich,2025-09-13,Hamburger SV,home,4-2-3-1,True,2,Dayot Upamecano,CD-R,5,746741
Bayern Munich,2025-09-13,Hamburger SV,home,4-2-3-1,True,44,Josip Stanisic,LB,3,746741
Bayern Munich,2025-09-13,Hamburger SV,home,4-2-3-1,True,27,Konrad Laimer,RB,2,746741
Bayern Munich,2025-09-13,Hamburger SV,home,4-2-3-1,True,7,Serge Gnabry,AM,10,746741
Bayern Munich,2025-09-13,Hamburger SV,home,4-2-3-1,True,45,Aleksandar Pavlovic,LM,4,746741
Bayern Munich,2025-09-13,Hamburger SV,home,4-2-3-1,True,6,Joshua Kimmich,RM,8,746741
Bayern Munich,2025-09-13,Hamburger SV,home,4-2-3-1,True,9,Harry Kane,F,9,746741
Bayern Munich,2025-09-13,Hamburger SV,home,4-2-3-1,True,14,Luis Díaz,AM-L,11,746741
Bayern Munich,2025-09-13,Hamburger SV,home,4-2-3-1,True,17,Michael Olise,AM-R,7,746741
Bayern Munich,2025-09-13,Hamburger SV,home,4-2-3-1,False,8,Leon Goretzka,SUB,0,746741
Bayern Munich,2025-09-13,Hamburger SV,home,4-2-3-1,False,20,Tom Bischof,SUB,0,746741
Bayern Munich,2025-09-13,Hamburger SV,home,4-2-3-1,False,23,Sacha Boey,SUB,0,746741
Bayern Munich,2025-09-13,Hamburger SV,home,4-2-3-1,False,26,Sven Ulreich,SUB,0,746741
Bayern Munich,2025-09-13,Hamburger SV,home,4-2-3-1,False,22,Raphaël Guerreiro,SUB,0,746741
Bayern Munich,2025-09-13,Hamburger SV,home,4-2-3-1,False,42,Lennart Karl,SUB,0,746741
Bayern Munich,2025-09-13,Hamburger SV,home,4-2-3-1,False,40,Jonas Urbig,SUB,0,746741
Bayern Munich,2025-09-13,Hamburger SV,home,4-2-3-1,False,11,Nicolas Jackson,SUB,0,746741
Bayern Munich,2025-09-13,Hamburger SV,home,4-2-3-1,False,3,Kim Min-Jae,SUB,0,746741
Hamburger SV,2025-09-13,Bayern Munich,away,5-4-1,True,1,Daniel Heuer Fernandes,G,1,746741
Hamburger SV,2025-09-13,Bayern Munich,away,5-4-1,True,44,Luka Vuskovic,CD,5,746741
Hamburger SV,2025-09-13,Bayern Munich,away,5-4-1,True,22,Aboubaka Soumahoro,CD-L,4,746741
Hamburger SV,2025-09-13,Bayern Munich,away,5-4-1,True,17,Warmed Omari,CD-R,6,746741
Hamburger SV,2025-09-13,Bayern Munich,away,5-4-1,True,28,Miro Muheim,LB,3,746741
Hamburger SV,2025-09-13,Bayern Munich,away,5-4-1,True,2,William Mikelbrencis,RB,2,746741
Hamburger SV,2025-09-13,Bayern Munich,away,5-4-1,True,24,Nicolás Capaldo,CM-L,10,746741
Hamburger SV,2025-09-13,Bayern Munich,away,5-4-1,True,21,Nicolai Remberg,CM-R,8,746741
Hamburger SV,2025-09-13,Bayern Munich,away,5-4-1,True,38,Alexander Røssing-Lelesiit,LM,11,746741
Hamburger SV,2025-09-13,Bayern Munich,away,5-4-1,True,20,Fabio Vieira,RM,7,746741
Hamburger SV,2025-09-13,Bayern Munich,away,5-4-1,True,11,Ransford-Yeboah Königsdörffer,F,9,746741
Hamburger SV,2025-09-13,Bayern Munich,away,5-4-1,False,23,Jonas Meffert,SUB,0,746741
Hamburger SV,2025-09-13,Bayern Munich,away,5-4-1,False,29,Emir Sahiti,SUB,0,746741
Hamburger SV,2025-09-13,Bayern Munich,away,5-4-1,False,45,Fabio Baldé,SUB,0,746741
Hamburger SV,2025-09-13,Bayern Munich,away,5-4-1,False,3,Noah Katterbach,SUB,0,746741
Hamburger SV,2025-09-13,Bayern Munich,away,5-4-1,False,14,Rayan Philippe,SUB,0,746741
Hamburger SV,2025-09-13,Bayern Munich,away,5-4-1,False,26,Daniel Peretz,SUB,0,746741
Hamburger SV,2025-09-13,Bayern Munich,away,5-4-1,False,9,Robert Glatzel,SUB,0,746741
Hamburger SV,2025-09-13,Bayern Munich,away,5-4-1,False,8,Daniel Elfadli,SUB,0,746741
Hamburger SV,2025-09-13,Bayern Munich,away,5-4-1,False,6,Albert Sambi Lokonga,SUB,0,746741
St Pauli,2025-09-14,Augsburg,home,3-4-1-2,True,22,Nikola Vasilj,G,1,746742
St Pauli,2025-09-14,Augsburg,home,3-4-1-2,True,8,Eric Smith,CD,5,746742
St Pauli,2025-09-14,Augsburg,home,3-4-1-2,True,25,Adam Dzwigala,CD-L,4,746742
St Pauli,2025-09-14,Augsburg,home,3-4-1-2,True,5,Hauke Wahl,CD-R,6,746742
St Pauli,2025-09-14,Augsburg,home,3-4-1-2,True,16,Joel Chima Fujita,CM-L,8,746742
St Pauli,2025-09-14,Augsburg,home,3-4-1-2,True,6,James Sands,CM-R,7,746742
St Pauli,2025-09-14,Augsburg,home,3-4-1-2,True,10,Danel Sinani,AM,9,746742
St Pauli,2025-09-14,Augsburg,home,3-4-1-2,True,23,Louis Oppie,LM,3,746742
St Pauli,2025-09-14,Augsburg,home,3-4-1-2,True,11,Arkadiusz Pyrka,RM,2,746742
St Pauli,2025-09-14,Augsburg,home,3-4-1-2,True,28,Mathias Pereira Lage,CF-L,11,746742
St Pauli,2025-09-14,Augsburg,home,3-4-1-2,True,27,Andreas Hountondji,CF-R,10,746742
St Pauli,2025-09-14,Augsburg,home,3-4-1-2,False,34,Jannik Robatsch,SUB,0,746742
St Pauli,2025-09-14,Augsburg,home,3-4-1-2,False,21,Lars Ritzka,SUB,0,746742
St Pauli,2025-09-14,Augsburg,home,3-4-1-2,False,19,Martijn Kaars,SUB,0,746742
St Pauli,2025-09-14,Augsburg,home,3-4-1-2,False,2,Manolis Saliakas,SUB,0,746742
St Pauli,2025-09-14,Augsburg,home,3-4-1-2,False,7,Jackson Irvine,SUB,0,746742
St Pauli,2025-09-14,Augsburg,home,3-4-1-2,False,24,Connor Metcalfe,SUB,0,746742
St Pauli,2025-09-14,Augsburg,home,3-4-1-2,False,20,Erik Ahlstrand,SUB,0,746742
St Pauli,2025-09-14,Augsburg,home,3-4-1-2,False,1,Ben Voll,SUB,0,746742
St Pauli,2025-09-14,Augsburg,home,3-4-1-2,False,17,Oladapo Afolayan,SUB,0,746742
Augsburg,2025-09-14,St Pauli,away,3-4-2-1,True,1,Finn Dahmen,G,1,746742
Augsburg,2025-09-14,St Pauli,away,3-4-2-1,True,6,Jeffrey Gouweleeuw,CD,5,746742
Augsburg,2025-09-14,St Pauli,away,3-4-2-1,True,16,Cédric Zesiger,CD-L,4,746742
Augsburg,2025-09-14,St Pauli,away,3-4-2-1,True,5,Chrislain Matsima,CD-R,6,746742
Augsburg,2025-09-14,St Pauli,away,3-4-2-1,True,4,Han-Noah Massengo,CM-L,8,746742
Augsburg,2025-09-14,St Pauli,away,3-4-2-1,True,17,Kristijan Jakic,CM-R,7,746742
Augsburg,2025-09-14,St Pauli,away,3-4-2-1,True,8,Elvis Rexhbecaj,LM,3,746742
Augsburg,2025-09-14,St Pauli,away,3-4-2-1,True,27,Marius Wolf,RM,2,746742
Augsburg,2025-09-14,St Pauli,away,3-4-2-1,True,36,Mert Kömür,F,9,746742
Augsburg,2025-09-14,St Pauli,away,3-4-2-1,True,26,Elias Saad,CF-L,11,746742
Augsburg,2025-09-14,St Pauli,away,3-4-2-1,True,32,Fabian Rieder,CF-R,10,746742
Augsburg,2025-09-14,St Pauli,away,3-4-2-1,False,28,Aiman Dardari,SUB,0,746742
Augsburg,2025-09-14,St Pauli,away,3-4-2-1,False,19,Robin Fellhauer,SUB,0,746742
Augsburg,2025-09-14,St Pauli,away,3-4-2-1,False,3,Mads Pedersen,SUB,0,746742
Augsburg,2025-09-14,St Pauli,away,3-4-2-1,False,21,Phillip Tietz,SUB,0,746742
Augsburg,2025-09-14,St Pauli,away,3-4-2-1,False,11,Ismaël Gharbi,SUB,0,746742
Augsburg,2025-09-14,St Pauli,away,3-4-2-1,False,10,Arne Maier,SUB,0,746742
Augsburg,2025-09-14,St Pauli,away,3-4-2-1,False,22,Nediljko Labrovic,SUB,0,746742
Augsburg,2025-09-14,St Pauli,away,3-4-2-1,False,20,Alexis Claude-Maurice,SUB,0,746742
Augsburg,2025-09-14,St Pauli,away,3-4-2-1,False,40,Noahkai Banks,SUB,0,746742
Augsburg,2025-09-20,Mainz 05,home,3-4-2-1,True,1,Finn Dahmen,G,1,746748
Augsburg,2025-09-20,Mainz 05,home,3-4-2-1,True,6,Jeffrey Gouweleeuw,CD,5,746748
Augsburg,2025-09-20,Mainz 05,home,3-4-2-1,True,16,Cédric Zesiger,CD-L,4,746748
Augsburg,2025-09-20,Mainz 05,home,3-4-2-1,True,5,Chrislain Matsima,CD-R,6,746748
Augsburg,2025-09-20,Mainz 05,home,3-4-2-1,True,4,Han-Noah Massengo,CM-L,8,746748
Augsburg,2025-09-20,Mainz 05,home,3-4-2-1,True,36,Mert Kömür,CM-R,7,746748
Augsburg,2025-09-20,Mainz 05,home,3-4-2-1,True,8,Elvis Rexhbecaj,LM,3,746748
Augsburg,2025-09-20,Mainz 05,home,3-4-2-1,True,27,Marius Wolf,RM,2,746748
Augsburg,2025-09-20,Mainz 05,home,3-4-2-1,True,20,Alexis Claude-Maurice,F,9,746748
Augsburg,2025-09-20,Mainz 05,home,3-4-2-1,True,26,Elias Saad,CF-L,11,746748
Augsburg,2025-09-20,Mainz 05,home,3-4-2-1,True,32,Fabian Rieder,CF-R,10,746748
Augsburg,2025-09-20,Mainz 05,home,3-4-2-1,False,22,Nediljko Labrovic,SUB,0,746748
Augsburg,2025-09-20,Mainz 05,home,3-4-2-1,False,19,Robin Fellhauer,SUB,0,746748
Augsburg,2025-09-20,Mainz 05,home,3-4-2-1,False,10,Arne Maier,SUB,0,746748
Augsburg,2025-09-20,Mainz 05,home,3-4-2-1,False,11,Ismaël Gharbi,SUB,0,746748
Augsburg,2025-09-20,Mainz 05,home,3-4-2-1,False,9,Samuel Essende,SUB,0,746748
Augsburg,2025-09-20,Mainz 05,home,3-4-2-1,False,21,Phillip Tietz,SUB,0,746748
Augsburg,2025-09-20,Mainz 05,home,3-4-2-1,False,31,Keven Schlotterbeck,SUB,0,746748
Augsburg,2025-09-20,Mainz 05,home,3-4-2-1,False,17,Kristijan Jakic,SUB,0,746748
Augsburg,2025-09-20,Mainz 05,home,3-4-2-1,False,40,Noahkai Banks,SUB,0,746748
Mainz 05,2025-09-20,Augsburg,away,3-4-2-1,True,27,Robin Zentner,G,1,746748
Mainz 05,2025-09-20,Augsburg,away,3-4-2-1,True,25,Andreas Hanche-Olsen,CD,5,746748
Mainz 05,2025-09-20,Augsburg,away,3-4-2-1,True,31,Dominik Kohr,CD-L,4,746748
Mainz 05,2025-09-20,Augsburg,away,3-4-2-1,True,21,Danny da Costa,CD-R,6,746748
Mainz 05,2025-09-20,Augsburg,away,3-4-2-1,True,10,Nadiem Amiri,CM-L,8,746748
Mainz 05,2025-09-20,Augsburg,away,3-4-2-1,True,6,Kaishu Sano,CM-R,7,746748
Mainz 05,2025-09-20,Augsburg,away,3-4-2-1,True,2,Phillipp Mwene,LM,3,746748
Mainz 05,2025-09-20,Augsburg,away,3-4-2-1,True,19,Anthony Caci,RM,2,746748
Mainz 05,2025-09-20,Augsburg,away,3-4-2-1,True,11,Armindo Sieb,F,9,746748
Mainz 05,2025-09-20,Augsburg,away,3-4-2-1,True,9,Arnaud Nordin,CF-L,11,746748
Mainz 05,2025-09-20,Augsburg,away,3-4-2-1,True,8,Paul Nebel,CF-R,10,746748
Mainz 05,2025-09-20,Augsburg,away,3-4-2-1,False,22,Nikolas Veratschnig,SUB,0,746748
Mainz 05,2025-09-20,Augsburg,away,3-4-2-1,False,1,Lasse Rieß,SUB,0,746748
Mainz 05,2025-09-20,Augsburg,away,3-4-2-1,False,14,William Bøving,SUB,0,746748
Mainz 05,2025-09-20,Augsburg,away,3-4-2-1,False,15,Lennard Maloney,SUB,0,746748
Mainz 05,2025-09-20,Augsburg,away,3-4-2-1,False,16,Stefan Bell,SUB,0,746748
Mainz 05,2025-09-20,Augsburg,away,3-4-2-1,False,44,Nelson Weiper,SUB,0,746748
Mainz 05,2025-09-20,Augsburg,away,3-4-2-1,False,37,Ben Bobzien,SUB,0,746748
Mainz 05,2025-09-20,Augsburg,away,3-4-2-1,False,30,Silvan Widmer,SUB,0,746748
Mainz 05,2025-09-20,Augsburg,away,3-4-2-1,False,5,Maxim Leitsch,SUB,0,746748
Gladbach,2025-09-14,Werder Bremen,home,4-2-3-1,True,33,Moritz Nicolas,G,1,746740
Gladbach,2025-09-14,Werder Bremen,home,4-2-3-1,True,2,Fabio Chiarodia,CD-L,6,746740
Gladbach,2025-09-14,Werder Bremen,home,4-2-3-1,True,30,Nico Elvedi,CD-R,5,746740
Gladbach,2025-09-14,Werder Bremen,home,4-2-3-1,True,26,Lukas Ullrich,LB,3,746740
Gladbach,2025-09-14,Werder Bremen,home,4-2-3-1,True,4,Kevin Diks,RB,2,746740
Gladbach,2025-09-14,Werder Bremen,home,4-2-3-1,True,13,Giovanni Reyna,AM,10,746740
Gladbach,2025-09-14,Werder Bremen,home,4-2-3-1,True,16,Philipp Sander,LM,4,746740
Gladbach,2025-09-14,Werder Bremen,home,4-2-3-1,True,27,Rocco Reitz,RM,8,746740
Gladbach,2025-09-14,Werder Bremen,home,4-2-3-1,True,18,Shuto Machino,F,9,746740
Gladbach,2025-09-14,Werder Bremen,home,4-2-3-1,True,25,Robin Hack,AM-L,11,746740
Gladbach,2025-09-14,Werder Bremen,home,4-2-3-1,True,9,Franck Honorat,AM-R,7,746740
Gladbach,2025-09-14,Werder Bremen,home,4-2-3-1,False,7,Kevin Stöger,SUB,0,746740
Gladbach,2025-09-14,Werder Bremen,home,4-2-3-1,False,20,Luca Netz,SUB,0,746740
Gladbach,2025-09-14,Werder Bremen,home,4-2-3-1,False,29,Joe Scally,SUB,0,746740
Gladbach,2025-09-14,Werder Bremen,home,4-2-3-1,False,1,Jonas Omlin,SUB,0,746740
Gladbach,2025-09-14,Werder Bremen,home,4-2-3-1,False,5,Marvin Friedrich,SUB,0,746740
Gladbach,2025-09-14,Werder Bremen,home,4-2-3-1,False,6,Yannick Engelhardt,SUB,0,746740
Gladbach,2025-09-14,Werder Bremen,home,4-2-3-1,False,28,Grant-Leon Ranos,SUB,0,746740
Gladbach,2025-09-14,Werder Bremen,home,4-2-3-1,False,17,Jens Castrop,SUB,0,746740
Gladbach,2025-09-14,Werder Bremen,home,4-2-3-1,False,15,Haris Tabakovic,SUB,0,746740
Werder Bremen,2025-09-14,Gladbach,away,4-2-3-1,True,30,Mio Backhaus,G,1,746740
Werder Bremen,2025-09-14,Gladbach,away,4-2-3-1,True,31,Karim Coulibaly,CD-L,6,746740
Werder Bremen,2025-09-14,Gladbach,away,4-2-3-1,True,32,Marco Friedl,CD-R,5,746740
Werder Bremen,2025-09-14,Gladbach,away,4-2-3-1,True,27,Felix Agu,LB,3,746740
Werder Bremen,2025-09-14,Gladbach,away,4-2-3-1,True,3,Yukinari Sugawara,RB,2,746740
Werder Bremen,2025-09-14,Gladbach,away,4-2-3-1,True,18,Cameron Puertas,AM,10,746740
Werder Bremen,2025-09-14,Gladbach,away,4-2-3-1,True,14,Senne Lynen,LM,4,746740
Werder Bremen,2025-09-14,Gladbach,away,4-2-3-1,True,6,Jens Stage,RM,8,746740
Werder Bremen,2025-09-14,Gladbach,away,4-2-3-1,True,17,Marco Grüll,F,9,746740
Werder Bremen,2025-09-14,Gladbach,away,4-2-3-1,True,7,Samuel Mbangula,AM-L,11,746740
Werder Bremen,2025-09-14,Gladbach,away,4-2-3-1,True,20,Romano Schmid,AM-R,7,746740
Werder Bremen,2025-09-14,Gladbach,away,4-2-3-1,False,13,Karl Hein,SUB,0,746740
Werder Bremen,2025-09-14,Gladbach,away,4-2-3-1,False,28,Skelly Alvero,SUB,0,746740
Werder Bremen,2025-09-14,Gladbach,away,4-2-3-1,False,10,Leonardo Bittencourt,SUB,0,746740
Werder Bremen,2025-09-14,Gladbach,away,4-2-3-1,False,24,Patrice Covic,SUB,0,746740
Werder Bremen,2025-09-14,Gladbach,away,4-2-3-1,False,11,Justin Njinmah,SUB,0,746740
Werder Bremen,2025-09-14,Gladbach,away,4-2-3-1,False,9,Keke Topp,SUB,0,746740
Werder Bremen,2025-09-14,Gladbach,away,4-2-3-1,False,23,Isaac Schmidt,SUB,0,746740
Werder Bremen,2025-09-14,Gladbach,away,4-2-3-1,False,44,Victor Boniface,SUB,0,746740
Werder Bremen,2025-09-14,Gladbach,away,4-2-3-1,False,33,Mick Schmetgens,SUB,0,746740
Stuttgart,2025-09-19,St Pauli,home,4-2-3-1,True,33,Alexander Nübel,G,1,746753
Stuttgart,2025-09-19,St Pauli,home,4-2-3-1,True,24,Jeff Chabot,CD-L,6,746753
Stuttgart,2025-09-19,St Pauli,home,4-2-3-1,True,29,Finn Jeltsch,CD-R,5,746753
Stuttgart,2025-09-19,St Pauli,home,4-2-3-1,True,7,Maximilian Mittelstädt,LB,3,746753
Stuttgart,2025-09-19,St Pauli,home,4-2-3-1,True,22,Lorenz Assignon,RB,2,746753
Stuttgart,2025-09-19,St Pauli,home,4-2-3-1,True,11,Bilal El Khannouss,AM,10,746753
Stuttgart,2025-09-19,St Pauli,home,4-2-3-1,True,6,Angelo Stiller,LM,4,746753
Stuttgart,2025-09-19,St Pauli,home,4-2-3-1,True,30,Chema Andrés,RM,8,746753
Stuttgart,2025-09-19,St Pauli,home,4-2-3-1,True,9,Ermedin Demirovic,F,9,746753
Stuttgart,2025-09-19,St Pauli,home,4-2-3-1,True,18,Jamie Leweling,AM-L,11,746753
Stuttgart,2025-09-19,St Pauli,home,4-2-3-1,True,8,Tiago Tomás,AM-R,7,746753
Stuttgart,2025-09-19,St Pauli,home,4-2-3-1,False,16,Atakan Karazor,SUB,0,746753
Stuttgart,2025-09-19,St Pauli,home,4-2-3-1,False,3,Ramon Hendriks,SUB,0,746753
Stuttgart,2025-09-19,St Pauli,home,4-2-3-1,False,27,Badredine Bouanani,SUB,0,746753
Stuttgart,2025-09-19,St Pauli,home,4-2-3-1,False,10,Chris Führich,SUB,0,746753
Stuttgart,2025-09-19,St Pauli,home,4-2-3-1,False,28,Nikolas Nartey,SUB,0,746753
Stuttgart,2025-09-19,St Pauli,home,4-2-3-1,False,21,Stefan Drljaca,SUB,0,746753
Stuttgart,2025-09-19,St Pauli,home,4-2-3-1,False,15,Pascal Stenzel,SUB,0,746753
Stuttgart,2025-09-19,St Pauli,home,4-2-3-1,False,2,Ameen Al Dakhil,SUB,0,746753
Stuttgart,2025-09-19,St Pauli,home,4-2-3-1,False,4,Josha Vagnoman,SUB,0,746753
St Pauli,2025-09-19,Stuttgart,away,3-4-1-2,True,22,Nikola Vasilj,G,1,746753
St Pauli,2025-09-19,Stuttgart,away,3-4-1-2,True,8,Eric Smith,CD,5,746753
St Pauli,2025-09-19,Stuttgart,away,3-4-1-2,True,25,Adam Dzwigala,CD-L,4,746753
St Pauli,2025-09-19,Stuttgart,away,3-4-1-2,True,5,Hauke Wahl,CD-R,6,746753
St Pauli,2025-09-19,Stuttgart,away,3-4-1-2,True,16,Joel Chima Fujita,CM-L,8,746753
St Pauli,2025-09-19,Stuttgart,away,3-4-1-2,True,6,James Sands,CM-R,7,746753
St Pauli,2025-09-19,Stuttgart,away,3-4-1-2,True,10,Danel Sinani,AM,9,746753
St Pauli,2025-09-19,Stuttgart,away,3-4-1-2,True,23,Louis Oppie,LM,3,746753
St Pauli,2025-09-19,Stuttgart,away,3-4-1-2,True,2,Manolis Saliakas,RM,2,746753
St Pauli,2025-09-19,Stuttgart,away,3-4-1-2,True,28,Mathias Pereira Lage,CF-L,11,746753
St Pauli,2025-09-19,Stuttgart,away,3-4-1-2,True,27,Andreas Hountondji,CF-R,10,746753
St Pauli,2025-09-19,Stuttgart,away,3-4-1-2,False,24,Connor Metcalfe,SUB,0,746753
St Pauli,2025-09-19,Stuttgart,away,3-4-1-2,False,21,Lars Ritzka,SUB,0,746753
St Pauli,2025-09-19,Stuttgart,away,3-4-1-2,False,34,Jannik Robatsch,SUB,0,746753
St Pauli,2025-09-19,Stuttgart,away,3-4-1-2,False,17,Oladapo Afolayan,SUB,0,746753
St Pauli,2025-09-19,Stuttgart,away,3-4-1-2,False,44,Nick Schmidt,SUB,0,746753
St Pauli,2025-09-19,Stuttgart,away,3-4-1-2,False,1,Ben Voll,SUB,0,746753
St Pauli,2025-09-19,Stuttgart,away,3-4-1-2,False,19,Martijn Kaars,SUB,0,746753
St Pauli,2025-09-19,Stuttgart,away,3-4-1-2,False,20,Erik Ahlstrand,SUB,0,746753
St Pauli,2025-09-19,Stuttgart,away,3-4-1-2,False,11,Arkadiusz Pyrka,SUB,0,746753
Hamburger SV,2025-09-20,Heidenheim,home,3-4-3,True,1,Daniel Heuer Fernandes,G,1,746749
Hamburger SV,2025-09-20,Heidenheim,home,3-4-3,True,44,Luka Vuskovic,CD,5,746749
Hamburger SV,2025-09-20,Heidenheim,home,3-4-3,True,8,Daniel Elfadli,CD-L,4,746749
Hamburger SV,2025-09-20,Heidenheim,home,3-4-3,True,17,Warmed Omari,CD-R,6,746749
Hamburger SV,2025-09-20,Heidenheim,home,3-4-3,True,21,Nicolai Remberg,CM-L,8,746749
Hamburger SV,2025-09-20,Heidenheim,home,3-4-3,True,20,Fabio Vieira,CM-R,7,746749
Hamburger SV,2025-09-20,Heidenheim,home,3-4-3,True,28,Miro Muheim,LM,3,746749
Hamburger SV,2025-09-20,Heidenheim,home,3-4-3,True,16,Giorgi Gocholeishvili,RM,2,746749
Hamburger SV,2025-09-20,Heidenheim,home,3-4-3,True,11,Ransford-Yeboah Königsdörffer,F,9,746749
Hamburger SV,2025-09-20,Heidenheim,home,3-4-3,True,7,Jean-Luc Dompé,CF-L,11,746749
Hamburger SV,2025-09-20,Heidenheim,home,3-4-3,True,14,Rayan Philippe,CF-R,10,746749
Hamburger SV,2025-09-20,Heidenheim,home,3-4-3,False,24,Nicolás Capaldo,SUB,0,746749
Hamburger SV,2025-09-20,Heidenheim,home,3-4-3,False,22,Aboubaka Soumahoro,SUB,0,746749
Hamburger SV,2025-09-20,Heidenheim,home,3-4-3,False,26,Daniel Peretz,SUB,0,746749
Hamburger SV,2025-09-20,Heidenheim,home,3-4-3,False,45,Fabio Baldé,SUB,0,746749
Hamburger SV,2025-09-20,Heidenheim,home,3-4-3,False,38,Alexander Røssing-Lelesiit,SUB,0,746749
Hamburger SV,2025-09-20,Heidenheim,home,3-4-3,False,2,William Mikelbrencis,SUB,0,746749
Hamburger SV,2025-09-20,Heidenheim,home,3-4-3,False,6,Albert Sambi Lokonga,SUB,0,746749
Hamburger SV,2025-09-20,Heidenheim,home,3-4-3,False,23,Jonas Meffert,SUB,0,746749
Hamburger SV,2025-09-20,Heidenheim,home,3-4-3,False,9,Robert Glatzel,SUB,0,746749
Heidenheim,2025-09-20,Hamburger SV,away,4-3-2-1,True,41,Diant Ramaj,G,1,746749
Heidenheim,2025-09-20,Hamburger SV,away,4-3-2-1,True,5,Benedikt Gimber,CD-L,6,746749
Heidenheim,2025-09-20,Hamburger SV,away,4-3-2-1,True,6,Patrick Mainka,CD-R,5,746749
Heidenheim,2025-09-20,Hamburger SV,away,4-3-2-1,True,19,Jonas Föhrenbach,LB,3,746749
Heidenheim,2025-09-20,Hamburger SV,away,4-3-2-1,True,23,Omar-Haktab Traoré,RB,2,746749
Heidenheim,2025-09-20,Hamburger SV,away,4-3-2-1,True,30,Niklas Dorsch,CM,4,746749
Heidenheim,2025-09-20,Hamburger SV,away,4-3-2-1,True,3,Jan Schöppner,CM-L,7,746749
Heidenheim,2025-09-20,Hamburger SV,away,4-3-2-1,True,20,Luca Kerber,CM-R,8,746749
Heidenheim,2025-09-20,Hamburger SV,away,4-3-2-1,True,29,Mikkel Kaufmann,F,9,746749
Heidenheim,2025-09-20,Hamburger SV,away,4-3-2-1,True,22,Arijon Ibrahimovic,CF-L,11,746749
Heidenheim,2025-09-20,Hamburger SV,away,4-3-2-1,True,31,Sirlord Conteh,CF-R,10,746749
Heidenheim,2025-09-20,Hamburger SV,away,4-3-2-1,False,1,Kevin Müller,SUB,0,746749
Heidenheim,2025-09-20,Hamburger SV,away,4-3-2-1,False,38,Yannik Wagner,SUB,0,746749
Heidenheim,2025-09-20,Hamburger SV,away,4-3-2-1,False,9,Stefan Schimmer,SUB,0,746749
Heidenheim,2025-09-20,Hamburger SV,away,4-3-2-1,False,33,Nick Rothweiler,SUB,0,746749
Heidenheim,2025-09-20,Hamburger SV,away,4-3-2-1,False,21,Adrian Beck,SUB,0,746749
Heidenheim,2025-09-20,Hamburger SV,away,4-3-2-1,False,4,Tim Siersleben,SUB,0,746749
Heidenheim,2025-09-20,Hamburger SV,away,4-3-2-1,False,2,Marnon Busch,SUB,0,746749
Heidenheim,2025-09-20,Hamburger SV,away,4-3-2-1,False,28,Adam Kölle,SUB,0,746749
Heidenheim,2025-09-20,Hamburger SV,away,4-3-2-1,False,16,Julian Niehues,SUB,0,746749
Hoffenheim,2025-09-20,Bayern Munich,home,4-4-2,True,1,Oliver Baumann,G,1,746752
Hoffenheim,2025-09-20,Bayern Munich,home,4-4-2,True,21,Albian Hajdari,CD-L,6,746752
Hoffenheim,2025-09-20,Bayern Munich,home,4-4-2,True,2,Robin Hranác,CD-R,5,746752
Hoffenheim,2025-09-20,Bayern Munich,home,4-4-2,True,13,Bernardo,LB,3,746752
Hoffenheim,2025-09-20,Bayern Munich,home,4-4-2,True,34,Vladimír Coufal,RB,2,746752
Hoffenheim,2025-09-20,Bayern Munich,home,4-4-2,True,18,Wouter Burger,CM-L,8,746752
Hoffenheim,2025-09-20,Bayern Munich,home,4-4-2,True,7,Leon Avdullahu,CM-R,4,746752
Hoffenheim,2025-09-20,Bayern Munich,home,4-4-2,True,22,Alexander Prass,LM,11,746752
Hoffenheim,2025-09-20,Bayern Munich,home,4-4-2,True,29,Bazoumana Touré,RM,7,746752
Hoffenheim,2025-09-20,Bayern Munich,home,4-4-2,True,10,Muhammed Damar,CF-L,9,746752
Hoffenheim,2025-09-20,Bayern Munich,home,4-4-2,True,11,Fisnik Asllani,CF-R,10,746752
Hoffenheim,2025-09-20,Bayern Munich,home,4-4-2,False,27,Andrej Kramaric,SUB,0,746752
Hoffenheim,2025-09-20,Bayern Munich,home,4-4-2,False,17,Umut Tohumcu,SUB,0,746752
Hoffenheim,2025-09-20,Bayern Munich,home,4-4-2,False,24,David Mokwa,SUB,0,746752
Hoffenheim,2025-09-20,Bayern Munich,home,4-4-2,False,25,Kevin Akpoguma,SUB,0,746752
Hoffenheim,2025-09-20,Bayern Munich,home,4-4-2,False,35,Arthur Chaves,SUB,0,746752
Hoffenheim,2025-09-20,Bayern Munich,home,4-4-2,False,37,Luca Philipp,SUB,0,746752
Hoffenheim,2025-09-20,Bayern Munich,home,4-4-2,False,9,Ihlas Bebou,SUB,0,746752
Hoffenheim,2025-09-20,Bayern Munich,home,4-4-2,False,53,Precious Benjamin,SUB,0,746752
Hoffenheim,2025-09-20,Bayern Munich,home,4-4-2,False,6,Grischa Prömel,SUB,0,746752
Bayern Munich,2025-09-20,Hoffenheim,away,4-2-3-1,True,1,Manuel Neuer,G,1,746752
Bayern Munich,2025-09-20,Hoffenheim,away,4-2-3-1,True,3,Kim Min-Jae,CD-L,6,746752
Bayern Munich,2025-09-20,Hoffenheim,away,4-2-3-1,True,4,Jonathan Tah,CD-R,5,746752
Bayern Munich,2025-09-20,Hoffenheim,away,4-2-3-1,True,27,Konrad Laimer,LB,3,746752
Bayern Munich,2025-09-20,Hoffenheim,away,4-2-3-1,True,23,Sacha Boey,RB,2,746752
Bayern Munich,2025-09-20,Hoffenheim,away,4-2-3-1,True,9,Harry Kane,AM,10,746752
Bayern Munich,2025-09-20,Hoffenheim,away,4-2-3-1,True,45,Aleksandar Pavlovic,LM,4,746752
Bayern Munich,2025-09-20,Hoffenheim,away,4-2-3-1,True,8,Leon Goretzka,RM,8,746752
Bayern Munich,2025-09-20,Hoffenheim,away,4-2-3-1,True,11,Nicolas Jackson,F,9,746752
Bayern Munich,2025-09-20,Hoffenheim,away,4-2-3-1,True,14,Luis Díaz,AM-L,11,746752
Bayern Munich,2025-09-20,Hoffenheim,away,4-2-3-1,True,42,Lennart Karl,AM-R,7,746752
Bayern Munich,2025-09-20,Hoffenheim,away,4-2-3-1,False,22,Raphaël Guerreiro,SUB,0,746752
Bayern Munich,2025-09-20,Hoffenheim,away,4-2-3-1,False,30,Cassiano Kiala,SUB,0,746752
Bayern Munich,2025-09-20,Hoffenheim,away,4-2-3-1,False,17,Michael Olise,SUB,0,746752
Bayern Munich,2025-09-20,Hoffenheim,away,4-2-3-1,False,20,Tom Bischof,SUB,0,746752
Bayern Munich,2025-09-20,Hoffenheim,away,4-2-3-1,False,2,Dayot Upamecano,SUB,0,746752
Bayern Munich,2025-09-20,Hoffenheim,away,4-2-3-1,False,36,Wisdom Mike,SUB,0,746752
Bayern Munich,2025-09-20,Hoffenheim,away,4-2-3-1,False,7,Serge Gnabry,SUB,0,746752
Bayern Munich,2025-09-20,Hoffenheim,away,4-2-3-1,False,40,Jonas Urbig,SUB,0,746752
Bayern Munich,2025-09-20,Hoffenheim,away,4-2-3-1,False,6,Joshua Kimmich,SUB,0,746752
Dortmund,2025-09-21,Wolfsburg,home,3-4-2-1,True,1,Gregor Kobel,G,1,746746
Dortmund,2025-09-21,Wolfsburg,home,3-4-2-1,True,4,Nico Schlotterbeck,CD,5,746746
Dortmund,2025-09-21,Wolfsburg,home,3-4-2-1,True,5,Ramy Bensebaini,CD-L,4,746746
Dortmund,2025-09-21,Wolfsburg,home,3-4-2-1,True,3,Waldemar Anton,CD-R,6,746746
Dortmund,2025-09-21,Wolfsburg,home,3-4-2-1,True,8,Felix Nmecha,CM-L,8,746746
Dortmund,2025-09-21,Wolfsburg,home,3-4-2-1,True,20,Marcel Sabitzer,CM-R,7,746746
Dortmund,2025-09-21,Wolfsburg,home,3-4-2-1,True,24,Daniel Svensson,LM,3,746746
Dortmund,2025-09-21,Wolfsburg,home,3-4-2-1,True,26,Julian Ryerson,RM,2,746746
Dortmund,2025-09-21,Wolfsburg,home,3-4-2-1,True,9,Serhou Guirassy,F,9,746746
Dortmund,2025-09-21,Wolfsburg,home,3-4-2-1,True,14,Maximilian Beier,CF-L,11,746746
Dortmund,2025-09-21,Wolfsburg,home,3-4-2-1,True,27,Karim Adeyemi,CF-R,10,746746
Dortmund,2025-09-21,Wolfsburg,home,3-4-2-1,False,13,Pascal Gross,SUB,0,746746
Dortmund,2025-09-21,Wolfsburg,home,3-4-2-1,False,37,Cole Campbell,SUB,0,746746
Dortmund,2025-09-21,Wolfsburg,home,3-4-2-1,False,17,Carney Chukwuemeka,SUB,0,746746
Dortmund,2025-09-21,Wolfsburg,home,3-4-2-1,False,33,Alexander Meyer,SUB,0,746746
Dortmund,2025-09-21,Wolfsburg,home,3-4-2-1,False,2,Yan Couto,SUB,0,746746
Dortmund,2025-09-21,Wolfsburg,home,3-4-2-1,False,6,Salih Özcan,SUB,0,746746
Dortmund,2025-09-21,Wolfsburg,home,3-4-2-1,False,7,Jobe Bellingham,SUB,0,746746
Dortmund,2025-09-21,Wolfsburg,home,3-4-2-1,False,10,Julian Brandt,SUB,0,746746
Dortmund,2025-09-21,Wolfsburg,home,3-4-2-1,False,39,Filippo Mané,SUB,0,746746
Wolfsburg,2025-09-21,Dortmund,away,4-2-3-1,True,1,Kamil Grabara,G,1,746746
Wolfsburg,2025-09-21,Dortmund,away,4-2-3-1,True,4,Konstantinos Koulierakis,CD-L,6,746746
Wolfsburg,2025-09-21,Dortmund,away,4-2-3-1,True,15,Moritz Jenz,CD-R,5,746746
Wolfsburg,2025-09-21,Dortmund,away,4-2-3-1,True,21,Joakim Maehle,LB,3,746746
Wolfsburg,2025-09-21,Dortmund,away,4-2-3-1,True,2,Kilian Fischer,RB,2,746746
Wolfsburg,2025-09-21,Dortmund,away,4-2-3-1,True,10,Lovro Majer,AM,10,746746
Wolfsburg,2025-09-21,Dortmund,away,4-2-3-1,True,5,Vinicius Souza,LM,4,746746
Wolfsburg,2025-09-21,Dortmund,away,4-2-3-1,True,27,Maximilian Arnold,RM,8,746746
Wolfsburg,2025-09-21,Dortmund,away,4-2-3-1,True,9,Mohamed Amoura,F,9,746746
Wolfsburg,2025-09-21,Dortmund,away,4-2-3-1,True,39,Patrick Wimmer,AM-L,11,746746
Wolfsburg,2025-09-21,Dortmund,away,4-2-3-1,True,7,Andreas Skov Olsen,AM-R,7,746746
Wolfsburg,2025-09-21,Dortmund,away,4-2-3-1,False,8,Bence Dárdai,SUB,0,746746
Wolfsburg,2025-09-21,Dortmund,away,4-2-3-1,False,32,Mattias Svanberg,SUB,0,746746
Wolfsburg,2025-09-21,Dortmund,away,4-2-3-1,False,25,Aaron Zehnter,SUB,0,746746
Wolfsburg,2025-09-21,Dortmund,away,4-2-3-1,False,23,Jonas Wind,SUB,0,746746
Wolfsburg,2025-09-21,Dortmund,away,4-2-3-1,False,29,Marius Müller,SUB,0,746746
Wolfsburg,2025-09-21,Dortmund,away,4-2-3-1,False,24,Christian Eriksen,SUB,0,746746
Wolfsburg,2025-09-21,Dortmund,away,4-2-3-1,False,17,Dzenan Pejcinovic,SUB,0,746746
Wolfsburg,2025-09-21,Dortmund,away,4-2-3-1,False,11,Adam Daghim,SUB,0,746746
Wolfsburg,2025-09-21,Dortmund,away,4-2-3-1,False,26,Saël Kumbedi,SUB,0,746746
Wolfsburg,2025-09-27,RB Leipzig,home,4-2-3-1,True,1,Kamil Grabara,G,1,746761
Wolfsburg,2025-09-27,RB Leipzig,home,4-2-3-1,True,4,Konstantinos Koulierakis,CD-L,6,746761
Wolfsburg,2025-09-27,RB Leipzig,home,4-2-3-1,True,15,Moritz Jenz,CD-R,5,746761
Wolfsburg,2025-09-27,RB Leipzig,home,4-2-3-1,True,21,Joakim Maehle,LB,3,746761
Wolfsburg,2025-09-27,RB Leipzig,home,4-2-3-1,True,2,Kilian Fischer,RB,2,746761
Wolfsburg,2025-09-27,RB Leipzig,home,4-2-3-1,True,32,Mattias Svanberg,AM,10,746761
Wolfsburg,2025-09-27,RB Leipzig,home,4-2-3-1,True,5,Vinicius Souza,LM,4,746761
Wolfsburg,2025-09-27,RB Leipzig,home,4-2-3-1,True,27,Maximilian Arnold,RM,8,746761
Wolfsburg,2025-09-27,RB Leipzig,home,4-2-3-1,True,23,Jonas Wind,F,9,746761
Wolfsburg,2025-09-27,RB Leipzig,home,4-2-3-1,True,39,Patrick Wimmer,AM-L,11,746761
Wolfsburg,2025-09-27,RB Leipzig,home,4-2-3-1,True,9,Mohamed Amoura,AM-R,7,746761
Wolfsburg,2025-09-27,RB Leipzig,home,4-2-3-1,False,8,Bence Dárdai,SUB,0,746761
Wolfsburg,2025-09-27,RB Leipzig,home,4-2-3-1,False,29,Marius Müller,SUB,0,746761
Wolfsburg,2025-09-27,RB Leipzig,home,4-2-3-1,False,17,Dzenan Pejcinovic,SUB,0,746761
Wolfsburg,2025-09-27,RB Leipzig,home,4-2-3-1,False,26,Saël Kumbedi,SUB,0,746761
Wolfsburg,2025-09-27,RB Leipzig,home,4-2-3-1,False,10,Lovro Majer,SUB,0,746761
Wolfsburg,2025-09-27,RB Leipzig,home,4-2-3-1,False,31,Yannick Gerhardt,SUB,0,746761
Wolfsburg,2025-09-27,RB Leipzig,home,4-2-3-1,False,24,Christian Eriksen,SUB,0,746761
Wolfsburg,2025-09-27,RB Leipzig,home,4-2-3-1,False,11,Adam Daghim,SUB,0,746761
Wolfsburg,2025-09-27,RB Leipzig,home,4-2-3-1,False,25,Aaron Zehnter,SUB,0,746761
RB Leipzig,2025-09-27,Wolfsburg,away,4-3-3,True,1,Péter Gulácsi,G,1,746761
RB Leipzig,2025-09-27,Wolfsburg,away,4-3-3,True,23,Castello Lukeba,CD-L,6,746761
RB Leipzig,2025-09-27,Wolfsburg,away,4-3-3,True,4,Willi Orbán,CD-R,5,746761
RB Leipzig,2025-09-27,Wolfsburg,away,4-3-3,True,22,David Raum,LB,3,746761
RB Leipzig,2025-09-27,Wolfsburg,away,4-3-3,True,17,Ridle Baku,RB,2,746761
RB Leipzig,2025-09-27,Wolfsburg,away,4-3-3,True,14,Christoph Baumgartner,CM,4,746761
RB Leipzig,2025-09-27,Wolfsburg,away,4-3-3,True,13,Nicolas Seiwald,LM,8,746761
RB Leipzig,2025-09-27,Wolfsburg,away,4-3-3,True,20,Assan Ouédraogo,RM,7,746761
RB Leipzig,2025-09-27,Wolfsburg,away,4-3-3,True,40,Rômulo,F,9,746761
RB Leipzig,2025-09-27,Wolfsburg,away,4-3-3,True,49,Yan Diomande,LF,11,746761
RB Leipzig,2025-09-27,Wolfsburg,away,4-3-3,True,9,Johan Bakayoko,RF,10,746761
RB Leipzig,2025-09-27,Wolfsburg,away,4-3-3,False,11,Conrad Harder,SUB,0,746761
RB Leipzig,2025-09-27,Wolfsburg,away,4-3-3,False,36,Timo Werner,SUB,0,746761
RB Leipzig,2025-09-27,Wolfsburg,away,4-3-3,False,6,Ezechiel Banzuzi,SUB,0,746761
RB Leipzig,2025-09-27,Wolfsburg,away,4-3-3,False,44,Kevin Kampl,SUB,0,746761
RB Leipzig,2025-09-27,Wolfsburg,away,4-3-3,False,33,Andrija Maksimovic,SUB,0,746761
RB Leipzig,2025-09-27,Wolfsburg,away,4-3-3,False,5,El Chadaille Bitshiabu,SUB,0,746761
RB Leipzig,2025-09-27,Wolfsburg,away,4-3-3,False,26,Maarten Vandevoordt,SUB,0,746761
RB Leipzig,2025-09-27,Wolfsburg,away,4-3-3,False,16,Lukas Klostermann,SUB,0,746761
RB Leipzig,2025-09-27,Wolfsburg,away,4-3-3,False,7,Antonio Nusa,SUB,0,746761
Gladbach,2025-09-27,Frankfurt,home,3-4-2-1,True,33,Moritz Nicolas,G,1,746762
Gladbach,2025-09-27,Frankfurt,home,3-4-2-1,True,30,Nico Elvedi,CD,5,746762
Gladbach,2025-09-27,Frankfurt,home,3-4-2-1,True,2,Fabio Chiarodia,CD-L,4,746762
Gladbach,2025-09-27,Frankfurt,home,3-4-2-1,True,4,Kevin Diks,CD-R,6,746762
Gladbach,2025-09-27,Frankfurt,home,3-4-2-1,True,6,Yannick Engelhardt,CM-L,8,746762
Gladbach,2025-09-27,Frankfurt,home,3-4-2-1,True,27,Rocco Reitz,CM-R,7,746762
Gladbach,2025-09-27,Frankfurt,home,3-4-2-1,True,26,Lukas Ullrich,LM,3,746762
Gladbach,2025-09-27,Frankfurt,home,3-4-2-1,True,29,Joe Scally,RM,2,746762
Gladbach,2025-09-27,Frankfurt,home,3-4-2-1,True,18,Shuto Machino,F,9,746762
Gladbach,2025-09-27,Frankfurt,home,3-4-2-1,True,17,Jens Castrop,CF-L,11,746762
Gladbach,2025-09-27,Frankfurt,home,3-4-2-1,True,7,Kevin Stöger,CF-R,10,746762
Gladbach,2025-09-27,Frankfurt,home,3-4-2-1,False,10,Florian Neuhaus,SUB,0,746762
Gladbach,2025-09-27,Frankfurt,home,3-4-2-1,False,28,Grant-Leon Ranos,SUB,0,746762
Gladbach,2025-09-27,Frankfurt,home,3-4-2-1,False,34,Charles Herrmann,SUB,0,746762
Gladbach,2025-09-27,Frankfurt,home,3-4-2-1,False,1,Jonas Omlin,SUB,0,746762
Gladbach,2025-09-27,Frankfurt,home,3-4-2-1,False,22,Oscar Fraulo,SUB,0,746762
Gladbach,2025-09-27,Frankfurt,home,3-4-2-1,False,5,Marvin Friedrich,SUB,0,746762
Gladbach,2025-09-27,Frankfurt,home,3-4-2-1,False,16,Philipp Sander,SUB,0,746762
Gladbach,2025-09-27,Frankfurt,home,3-4-2-1,False,20,Luca Netz,SUB,0,746762
Gladbach,2025-09-27,Frankfurt,home,3-4-2-1,False,15,Haris Tabakovic,SUB,0,746762
Frankfurt,2025-09-27,Gladbach,away,4-5-1,True,40,Kauã Santos,G,1,746762
Frankfurt,2025-09-27,Gladbach,away,4-5-1,True,3,Arthur Theate,CD-L,6,746762
Frankfurt,2025-09-27,Gladbach,away,4-5-1,True,4,Robin Koch,CD-R,5,746762
Frankfurt,2025-09-27,Gladbach,away,4-5-1,True,21,Nathaniel Brown,LB,3,746762
Frankfurt,2025-09-27,Gladbach,away,4-5-1,True,34,Nnamdi Collins,RB,2,746762
Frankfurt,2025-09-27,Gladbach,away,4-5-1,True,42,Can Uzun,CM-L,8,746762
Frankfurt,2025-09-27,Gladbach,away,4-5-1,True,8,Farès Chaïbi,CM-R,4,746762
Frankfurt,2025-09-27,Gladbach,away,4-5-1,True,15,Ellyes Skhiri,AM,10,746762
Frankfurt,2025-09-27,Gladbach,away,4-5-1,True,7,Ansgar Knauff,LM,11,746762
Frankfurt,2025-09-27,Gladbach,away,4-5-1,True,20,Ritsu Doan,RM,7,746762
Frankfurt,2025-09-27,Gladbach,away,4-5-1,True,9,Jonathan Burkardt,F,9,746762
Frankfurt,2025-09-27,Gladbach,away,4-5-1,False,24,Buta,SUB,0,746762
Frankfurt,2025-09-27,Gladbach,away,4-5-1,False,17,Elye Wahi,SUB,0,746762
Frankfurt,2025-09-27,Gladbach,away,4-5-1,False,6,Oscar Højlund,SUB,0,746762
Frankfurt,2025-09-27,Gladbach,away,4-5-1,False,27,Mario Götze,SUB,0,746762
Frankfurt,2025-09-27,Gladbach,away,4-5-1,False,19,Jean-Mattéo Bahoya,SUB,0,746762
Frankfurt,2025-09-27,Gladbach,away,4-5-1,False,30,Michy Batshuayi,SUB,0,746762
Frankfurt,2025-09-27,Gladbach,away,4-5-1,False,23,Michael Zetterer,SUB,0,746762
Frankfurt,2025-09-27,Gladbach,away,4-5-1,False,5,Aurèle Amenda,SUB,0,746762
Frankfurt,2025-09-27,Gladbach,away,4-5-1,False,16,Hugo Larsson,SUB,0,746762
Köln,2025-09-28,Stuttgart,home,3-5-2,True,1,Marvin Schwäbe,G,1,746755
Köln,2025-09-28,Stuttgart,home,3-5-2,True,6,Eric Martel,CD,5,746755
Köln,2025-09-28,Stuttgart,home,3-5-2,True,4,Timo Hübers,CD-L,4,746755
Köln,2025-09-28,Stuttgart,home,3-5-2,True,2,Joel Schmied,CD-R,6,746755
Köln,2025-09-28,Stuttgart,home,3-5-2,True,16,Jakub Kaminski,CM-L,8,746755
Köln,2025-09-28,Stuttgart,home,3-5-2,True,18,Ísak Jóhannesson,CM-R,7,746755
Köln,2025-09-28,Stuttgart,home,3-5-2,True,5,Tom Krauss,AM,11,746755
Köln,2025-09-28,Stuttgart,home,3-5-2,True,37,Linton Maina,LM,3,746755
Köln,2025-09-28,Stuttgart,home,3-5-2,True,28,Sebastian Sebulonsen,RM,2,746755
Köln,2025-09-28,Stuttgart,home,3-5-2,True,9,Ragnar Ache,CF-L,9,746755
Köln,2025-09-28,Stuttgart,home,3-5-2,True,29,Jan Thielmann,CF-R,10,746755
Köln,2025-09-28,Stuttgart,home,3-5-2,False,8,Denis Huseinbasic,SUB,0,746755
Köln,2025-09-28,Stuttgart,home,3-5-2,False,32,Kristoffer Lund,SUB,0,746755
Köln,2025-09-28,Stuttgart,home,3-5-2,False,3,Dominique Heintz,SUB,0,746755
Köln,2025-09-28,Stuttgart,home,3-5-2,False,7,Luca Waldschmidt,SUB,0,746755
Köln,2025-09-28,Stuttgart,home,3-5-2,False,17,Alessio Castro-Montes,SUB,0,746755
Köln,2025-09-28,Stuttgart,home,3-5-2,False,13,Said El Mala,SUB,0,746755
Köln,2025-09-28,Stuttgart,home,3-5-2,False,11,Florian Kainz,SUB,0,746755
Köln,2025-09-28,Stuttgart,home,3-5-2,False,20,Ron-Robert Zieler,SUB,0,746755
Köln,2025-09-28,Stuttgart,home,3-5-2,False,39,Cenk Özkacar,SUB,0,746755
Stuttgart,2025-09-28,Köln,away,4-2-3-1,True,33,Alexander Nübel,G,1,746755
Stuttgart,2025-09-28,Köln,away,4-2-3-1,True,24,Jeff Chabot,CD-L,6,746755
Stuttgart,2025-09-28,Köln,away,4-2-3-1,True,14,Luca Jaquez,CD-R,5,746755
Stuttgart,2025-09-28,Köln,away,4-2-3-1,True,3,Ramon Hendriks,LB,3,746755
Stuttgart,2025-09-28,Köln,away,4-2-3-1,True,4,Josha Vagnoman,RB,2,746755
Stuttgart,2025-09-28,Köln,away,4-2-3-1,True,11,Bilal El Khannouss,AM,10,746755
Stuttgart,2025-09-28,Köln,away,4-2-3-1,True,6,Angelo Stiller,LM,4,746755
Stuttgart,2025-09-28,Köln,away,4-2-3-1,True,16,Atakan Karazor,RM,8,746755
Stuttgart,2025-09-28,Köln,away,4-2-3-1,True,9,Ermedin Demirovic,F,9,746755
Stuttgart,2025-09-28,Köln,away,4-2-3-1,True,10,Chris Führich,AM-L,11,746755
Stuttgart,2025-09-28,Köln,away,4-2-3-1,True,8,Tiago Tomás,AM-R,7,746755
Stuttgart,2025-09-28,Köln,away,4-2-3-1,False,1,Fabian Bredlow,SUB,0,746755
Stuttgart,2025-09-28,Köln,away,4-2-3-1,False,7,Maximilian Mittelstädt,SUB,0,746755
Stuttgart,2025-09-28,Köln,away,4-2-3-1,False,22,Lorenz Assignon,SUB,0,746755
Stuttgart,2025-09-28,Köln,away,4-2-3-1,False,30,Chema Andrés,SUB,0,746755
Stuttgart,2025-09-28,Köln,away,4-2-3-1,False,27,Badredine Bouanani,SUB,0,746755
Stuttgart,2025-09-28,Köln,away,4-2-3-1,False,15,Pascal Stenzel,SUB,0,746755
Stuttgart,2025-09-28,Köln,away,4-2-3-1,False,18,Jamie Leweling,SUB,0,746755
Stuttgart,2025-09-28,Köln,away,4-2-3-1,False,2,Ameen Al Dakhil,SUB,0,746755
Stuttgart,2025-09-28,Köln,away,4-2-3-1,False,28,Nikolas Nartey,SUB,0,746755
Union Berlin,2025-09-28,Hamburger SV,home,3-4-2-1,True,1,Frederik Ronnow,G,1,746756
Union Berlin,2025-09-28,Hamburger SV,home,3-4-2-1,True,14,Leopold Querfeld,CD,5,746756
Union Berlin,2025-09-28,Hamburger SV,home,3-4-2-1,True,4,Diogo Leite,CD-L,4,746756
Union Berlin,2025-09-28,Hamburger SV,home,3-4-2-1,True,5,Danilho Doekhi,CD-R,6,746756
Union Berlin,2025-09-28,Hamburger SV,home,3-4-2-1,True,19,Janik Haberer,CM-L,8,746756
Union Berlin,2025-09-28,Hamburger SV,home,3-4-2-1,True,8,Rani Khedira,CM-R,7,746756
Union Berlin,2025-09-28,Hamburger SV,home,3-4-2-1,True,39,Derrick Köhn,LM,3,746756
Union Berlin,2025-09-28,Hamburger SV,home,3-4-2-1,True,28,Christopher Trimmel,RM,2,746756
Union Berlin,2025-09-28,Hamburger SV,home,3-4-2-1,True,23,Andrej Ilic,F,9,746756
Union Berlin,2025-09-28,Hamburger SV,home,3-4-2-1,True,10,Ilyas Ansah,CF-L,11,746756
Union Berlin,2025-09-28,Hamburger SV,home,3-4-2-1,True,7,Oliver Burke,CF-R,10,746756
Union Berlin,2025-09-28,Hamburger SV,home,3-4-2-1,False,17,David Preu,SUB,0,746756
Union Berlin,2025-09-28,Hamburger SV,home,3-4-2-1,False,11,Jeong Woo-Yeong,SUB,0,746756
Union Berlin,2025-09-28,Hamburger SV,home,3-4-2-1,False,33,Alex Král,SUB,0,746756
Union Berlin,2025-09-28,Hamburger SV,home,3-4-2-1,False,6,Aljoscha Kemlein,SUB,0,746756
Union Berlin,2025-09-28,Hamburger SV,home,3-4-2-1,False,15,Tom Rothe,SUB,0,746756
Union Berlin,2025-09-28,Hamburger SV,home,3-4-2-1,False,13,András Schäfer,SUB,0,746756
Union Berlin,2025-09-28,Hamburger SV,home,3-4-2-1,False,27,Marin Ljubicic,SUB,0,746756
Union Berlin,2025-09-28,Hamburger SV,home,3-4-2-1,False,31,Matheo Raab,SUB,0,746756
Union Berlin,2025-09-28,Hamburger SV,home,3-4-2-1,False,21,Tim Skarke,SUB,0,746756
Hamburger SV,2025-09-28,Union Berlin,away,3-4-3,True,1,Daniel Heuer Fernandes,G,1,746756
Hamburger SV,2025-09-28,Union Berlin,away,3-4-3,True,44,Luka Vuskovic,CD,5,746756
Hamburger SV,2025-09-28,Union Berlin,away,3-4-3,True,8,Daniel Elfadli,CD-L,4,746756
Hamburger SV,2025-09-28,Union Berlin,away,3-4-3,True,17,Warmed Omari,CD-R,6,746756
Hamburger SV,2025-09-28,Union Berlin,away,3-4-3,True,21,Nicolai Remberg,CM-L,8,746756
Hamburger SV,2025-09-28,Union Berlin,away,3-4-3,True,20,Fabio Vieira,CM-R,7,746756
Hamburger SV,2025-09-28,Union Berlin,away,3-4-3,True,28,Miro Muheim,LM,3,746756
Hamburger SV,2025-09-28,Union Berlin,away,3-4-3,True,16,Giorgi Gocholeishvili,RM,2,746756
Hamburger SV,2025-09-28,Union Berlin,away,3-4-3,True,11,Ransford-Yeboah Königsdörffer,F,9,746756
Hamburger SV,2025-09-28,Union Berlin,away,3-4-3,True,7,Jean-Luc Dompé,CF-L,11,746756
Hamburger SV,2025-09-28,Union Berlin,away,3-4-3,True,14,Rayan Philippe,CF-R,10,746756
Hamburger SV,2025-09-28,Union Berlin,away,3-4-3,False,13,Guilherme Ramos,SUB,0,746756
Hamburger SV,2025-09-28,Union Berlin,away,3-4-3,False,38,Alexander Røssing-Lelesiit,SUB,0,746756
Hamburger SV,2025-09-28,Union Berlin,away,3-4-3,False,26,Daniel Peretz,SUB,0,746756
Hamburger SV,2025-09-28,Union Berlin,away,3-4-3,False,23,Jonas Meffert,SUB,0,746756
Hamburger SV,2025-09-28,Union Berlin,away,3-4-3,False,2,William Mikelbrencis,SUB,0,746756
Hamburger SV,2025-09-28,Union Berlin,away,3-4-3,False,24,Nicolás Capaldo,SUB,0,746756
Hamburger SV,2025-09-28,Union Berlin,away,3-4-3,False,9,Robert Glatzel,SUB,0,746756
Hamburger SV,2025-09-28,Union Berlin,away,3-4-3,False,6,Albert Sambi Lokonga,SUB,0,746756
Hamburger SV,2025-09-28,Union Berlin,away,3-4-3,False,45,Fabio Baldé,SUB,0,746756
Freiburg,2025-09-28,Hoffenheim,home,4-2-3-1,True,1,Noah Atubolu,G,1,746758
Freiburg,2025-09-28,Hoffenheim,home,4-2-3-1,True,5,Anthony Jung,CD-L,6,746758
Freiburg,2025-09-28,Hoffenheim,home,4-2-3-1,True,28,Matthias Ginter,CD-R,5,746758
Freiburg,2025-09-28,Hoffenheim,home,4-2-3-1,True,33,Jordy Makengo,LB,3,746758
Freiburg,2025-09-28,Hoffenheim,home,4-2-3-1,True,17,Lukas Kübler,RB,2,746758
Freiburg,2025-09-28,Hoffenheim,home,4-2-3-1,True,18,Eren Dinkci,AM,10,746758
Freiburg,2025-09-28,Hoffenheim,home,4-2-3-1,True,6,Patrick Osterhage,LM,4,746758
Freiburg,2025-09-28,Hoffenheim,home,4-2-3-1,True,8,Maximilian Eggestein,RM,8,746758
Freiburg,2025-09-28,Hoffenheim,home,4-2-3-1,True,20,Junior Adamu,F,9,746758
Freiburg,2025-09-28,Hoffenheim,home,4-2-3-1,True,32,Vincenzo Grifo,AM-L,11,746758
Freiburg,2025-09-28,Hoffenheim,home,4-2-3-1,True,19,Niklas Beste,AM-R,7,746758
Freiburg,2025-09-28,Hoffenheim,home,4-2-3-1,False,37,Max Rosenfelder,SUB,0,746758
Freiburg,2025-09-28,Hoffenheim,home,4-2-3-1,False,29,Philipp Treu,SUB,0,746758
Freiburg,2025-09-28,Hoffenheim,home,4-2-3-1,False,21,Florian Müller,SUB,0,746758
Freiburg,2025-09-28,Hoffenheim,home,4-2-3-1,False,30,Christian Günter,SUB,0,746758
Freiburg,2025-09-28,Hoffenheim,home,4-2-3-1,False,31,Igor Matanovic,SUB,0,746758
Freiburg,2025-09-28,Hoffenheim,home,4-2-3-1,False,9,Lucas Höler,SUB,0,746758
Freiburg,2025-09-28,Hoffenheim,home,4-2-3-1,False,27,Nicolas Höfler,SUB,0,746758
Freiburg,2025-09-28,Hoffenheim,home,4-2-3-1,False,7,Derry Scherhant,SUB,0,746758
Freiburg,2025-09-28,Hoffenheim,home,4-2-3-1,False,14,Yuito Suzuki,SUB,0,746758
Hoffenheim,2025-09-28,Freiburg,away,4-2-3-1,True,1,Oliver Baumann,G,1,746758
Hoffenheim,2025-09-28,Freiburg,away,4-2-3-1,True,35,Arthur Chaves,CD-L,6,746758
Hoffenheim,2025-09-28,Freiburg,away,4-2-3-1,True,2,Robin Hranác,CD-R,5,746758
Hoffenheim,2025-09-28,Freiburg,away,4-2-3-1,True,13,Bernardo,LB,3,746758
Hoffenheim,2025-09-28,Freiburg,away,4-2-3-1,True,34,Vladimír Coufal,RB,2,746758
Hoffenheim,2025-09-28,Freiburg,away,4-2-3-1,True,27,Andrej Kramaric,AM,10,746758
Hoffenheim,2025-09-28,Freiburg,away,4-2-3-1,True,18,Wouter Burger,LM,4,746758
Hoffenheim,2025-09-28,Freiburg,away,4-2-3-1,True,7,Leon Avdullahu,RM,8,746758
Hoffenheim,2025-09-28,Freiburg,away,4-2-3-1,True,11,Fisnik Asllani,F,9,746758
Hoffenheim,2025-09-28,Freiburg,away,4-2-3-1,True,29,Bazoumana Touré,AM-L,11,746758
Hoffenheim,2025-09-28,Freiburg,away,4-2-3-1,True,22,Alexander Prass,AM-R,7,746758
Hoffenheim,2025-09-28,Freiburg,away,4-2-3-1,False,25,Kevin Akpoguma,SUB,0,746758
Hoffenheim,2025-09-28,Freiburg,away,4-2-3-1,False,33,Max Moerstedt,SUB,0,746758
Hoffenheim,2025-09-28,Freiburg,away,4-2-3-1,False,17,Umut Tohumcu,SUB,0,746758
Hoffenheim,2025-09-28,Freiburg,away,4-2-3-1,False,9,Ihlas Bebou,SUB,0,746758
Hoffenheim,2025-09-28,Freiburg,away,4-2-3-1,False,10,Muhammed Damar,SUB,0,746758
Hoffenheim,2025-09-28,Freiburg,away,4-2-3-1,False,37,Luca Philipp,SUB,0,746758
Hoffenheim,2025-09-28,Freiburg,away,4-2-3-1,False,19,Tim Lemperle,SUB,0,746758
Hoffenheim,2025-09-28,Freiburg,away,4-2-3-1,False,6,Grischa Prömel,SUB,0,746758
Hoffenheim,2025-10-03,Köln,home,4-2-3-1,True,1,Oliver Baumann,G,1,746771
Hoffenheim,2025-10-03,Köln,home,4-2-3-1,True,21,Albian Hajdari,CD-L,6,746771
Hoffenheim,2025-10-03,Köln,home,4-2-3-1,True,2,Robin Hranác,CD-R,5,746771
Hoffenheim,2025-10-03,Köln,home,4-2-3-1,True,13,Bernardo,LB,3,746771
Hoffenheim,2025-10-03,Köln,home,4-2-3-1,True,34,Vladimír Coufal,RB,2,746771
Hoffenheim,2025-10-03,Köln,home,4-2-3-1,True,11,Fisnik Asllani,AM,10,746771
Hoffenheim,2025-10-03,Köln,home,4-2-3-1,True,18,Wouter Burger,LM,4,746771
Hoffenheim,2025-10-03,Köln,home,4-2-3-1,True,7,Leon Avdullahu,RM,8,746771
Hoffenheim,2025-10-03,Köln,home,4-2-3-1,True,19,Tim Lemperle,F,9,746771
Hoffenheim,2025-10-03,Köln,home,4-2-3-1,True,29,Bazoumana Touré,AM-L,11,746771
Hoffenheim,2025-10-03,Köln,home,4-2-3-1,True,10,Muhammed Damar,AM-R,7,746771
Hoffenheim,2025-10-03,Köln,home,4-2-3-1,False,25,Kevin Akpoguma,SUB,0,746771
Hoffenheim,2025-10-03,Köln,home,4-2-3-1,False,27,Andrej Kramaric,SUB,0,746771
Hoffenheim,2025-10-03,Köln,home,4-2-3-1,False,35,Arthur Chaves,SUB,0,746771
Hoffenheim,2025-10-03,Köln,home,4-2-3-1,False,9,Ihlas Bebou,SUB,0,746771
Hoffenheim,2025-10-03,Köln,home,4-2-3-1,False,17,Umut Tohumcu,SUB,0,746771
Hoffenheim,2025-10-03,Köln,home,4-2-3-1,False,22,Alexander Prass,SUB,0,746771
Hoffenheim,2025-10-03,Köln,home,4-2-3-1,False,33,Max Moerstedt,SUB,0,746771
Hoffenheim,2025-10-03,Köln,home,4-2-3-1,False,37,Luca Philipp,SUB,0,746771
Hoffenheim,2025-10-03,Köln,home,4-2-3-1,False,6,Grischa Prömel,SUB,0,746771
Köln,2025-10-03,Hoffenheim,away,3-4-2-1,True,1,Marvin Schwäbe,G,1,746771
Köln,2025-10-03,Hoffenheim,away,3-4-2-1,True,4,Timo Hübers,CD,5,746771
Köln,2025-10-03,Hoffenheim,away,3-4-2-1,True,3,Dominique Heintz,CD-L,4,746771
Köln,2025-10-03,Hoffenheim,away,3-4-2-1,True,2,Joel Schmied,CD-R,6,746771
Köln,2025-10-03,Hoffenheim,away,3-4-2-1,True,6,Eric Martel,CM-L,8,746771
Köln,2025-10-03,Hoffenheim,away,3-4-2-1,True,18,Ísak Jóhannesson,CM-R,7,746771
Köln,2025-10-03,Hoffenheim,away,3-4-2-1,True,32,Kristoffer Lund,LM,3,746771
Köln,2025-10-03,Hoffenheim,away,3-4-2-1,True,28,Sebastian Sebulonsen,RM,2,746771
Köln,2025-10-03,Hoffenheim,away,3-4-2-1,True,16,Jakub Kaminski,F,9,746771
Köln,2025-10-03,Hoffenheim,away,3-4-2-1,True,13,Said El Mala,CF-L,11,746771
Köln,2025-10-03,Hoffenheim,away,3-4-2-1,True,29,Jan Thielmann,CF-R,10,746771
Köln,2025-10-03,Hoffenheim,away,3-4-2-1,False,9,Ragnar Ache,SUB,0,746771
Köln,2025-10-03,Hoffenheim,away,3-4-2-1,False,39,Cenk Özkacar,SUB,0,746771
Köln,2025-10-03,Hoffenheim,away,3-4-2-1,False,5,Tom Krauss,SUB,0,746771
Köln,2025-10-03,Hoffenheim,away,3-4-2-1,False,7,Luca Waldschmidt,SUB,0,746771
Köln,2025-10-03,Hoffenheim,away,3-4-2-1,False,11,Florian Kainz,SUB,0,746771
Köln,2025-10-03,Hoffenheim,away,3-4-2-1,False,37,Linton Maina,SUB,0,746771
Köln,2025-10-03,Hoffenheim,away,3-4-2-1,False,17,Alessio Castro-Montes,SUB,0,746771
Köln,2025-10-03,Hoffenheim,away,3-4-2-1,False,20,Ron-Robert Zieler,SUB,0,746771
Köln,2025-10-03,Hoffenheim,away,3-4-2-1,False,8,Denis Huseinbasic,SUB,0,746771
Dortmund,2025-10-04,RB Leipzig,home,3-4-2-1,True,1,Gregor Kobel,G,1,746765
Dortmund,2025-10-04,RB Leipzig,home,3-4-2-1,True,4,Nico Schlotterbeck,CD,5,746765
Dortmund,2025-10-04,RB Leipzig,home,3-4-2-1,True,5,Ramy Bensebaini,CD-L,4,746765
Dortmund,2025-10-04,RB Leipzig,home,3-4-2-1,True,3,Waldemar Anton,CD-R,6,746765
Dortmund,2025-10-04,RB Leipzig,home,3-4-2-1,True,8,Felix Nmecha,CM-L,8,746765
Dortmund,2025-10-04,RB Leipzig,home,3-4-2-1,True,20,Marcel Sabitzer,CM-R,7,746765
Dortmund,2025-10-04,RB Leipzig,home,3-4-2-1,True,24,Daniel Svensson,LM,3,746765
Dortmund,2025-10-04,RB Leipzig,home,3-4-2-1,True,2,Yan Couto,RM,2,746765
Dortmund,2025-10-04,RB Leipzig,home,3-4-2-1,True,9,Serhou Guirassy,F,9,746765
Dortmund,2025-10-04,RB Leipzig,home,3-4-2-1,True,14,Maximilian Beier,CF-L,11,746765
Dortmund,2025-10-04,RB Leipzig,home,3-4-2-1,True,27,Karim Adeyemi,CF-R,10,746765
Dortmund,2025-10-04,RB Leipzig,home,3-4-2-1,False,21,Fábio Silva,SUB,0,746765
Dortmund,2025-10-04,RB Leipzig,home,3-4-2-1,False,7,Jobe Bellingham,SUB,0,746765
Dortmund,2025-10-04,RB Leipzig,home,3-4-2-1,False,26,Julian Ryerson,SUB,0,746765
Dortmund,2025-10-04,RB Leipzig,home,3-4-2-1,False,13,Pascal Gross,SUB,0,746765
Dortmund,2025-10-04,RB Leipzig,home,3-4-2-1,False,17,Carney Chukwuemeka,SUB,0,746765
Dortmund,2025-10-04,RB Leipzig,home,3-4-2-1,False,6,Salih Özcan,SUB,0,746765
Dortmund,2025-10-04,RB Leipzig,home,3-4-2-1,False,10,Julian Brandt,SUB,0,746765
Dortmund,2025-10-04,RB Leipzig,home,3-4-2-1,False,25,Niklas Süle,SUB,0,746765
Dortmund,2025-10-04,RB Leipzig,home,3-4-2-1,False,33,Alexander Meyer,SUB,0,746765
RB Leipzig,2025-10-04,Dortmund,away,4-3-3,True,1,Péter Gulácsi,G,1,746765
RB Leipzig,2025-10-04,Dortmund,away,4-3-3,True,23,Castello Lukeba,CD-L,6,746765
RB Leipzig,2025-10-04,Dortmund,away,4-3-3,True,4,Willi Orbán,CD-R,5,746765
RB Leipzig,2025-10-04,Dortmund,away,4-3-3,True,22,David Raum,LB,3,746765
RB Leipzig,2025-10-04,Dortmund,away,4-3-3,True,17,Ridle Baku,RB,2,746765
RB Leipzig,2025-10-04,Dortmund,away,4-3-3,True,13,Nicolas Seiwald,CM,4,746765
RB Leipzig,2025-10-04,Dortmund,away,4-3-3,True,14,Christoph Baumgartner,LM,8,746765
RB Leipzig,2025-10-04,Dortmund,away,4-3-3,True,20,Assan Ouédraogo,RM,7,746765
RB Leipzig,2025-10-04,Dortmund,away,4-3-3,True,40,Rômulo,F,9,746765
RB Leipzig,2025-10-04,Dortmund,away,4-3-3,True,7,Antonio Nusa,LF,11,746765
RB Leipzig,2025-10-04,Dortmund,away,4-3-3,True,9,Johan Bakayoko,RF,10,746765
RB Leipzig,2025-10-04,Dortmund,away,4-3-3,False,33,Andrija Maksimovic,SUB,0,746765
RB Leipzig,2025-10-04,Dortmund,away,4-3-3,False,5,El Chadaille Bitshiabu,SUB,0,746765
RB Leipzig,2025-10-04,Dortmund,away,4-3-3,False,6,Ezechiel Banzuzi,SUB,0,746765
RB Leipzig,2025-10-04,Dortmund,away,4-3-3,False,26,Maarten Vandevoordt,SUB,0,746765
RB Leipzig,2025-10-04,Dortmund,away,4-3-3,False,16,Lukas Klostermann,SUB,0,746765
RB Leipzig,2025-10-04,Dortmund,away,4-3-3,False,49,Yan Diomande,SUB,0,746765
RB Leipzig,2025-10-04,Dortmund,away,4-3-3,False,27,Tidiam Gomis,SUB,0,746765
RB Leipzig,2025-10-04,Dortmund,away,4-3-3,False,11,Conrad Harder,SUB,0,746765
RB Leipzig,2025-10-04,Dortmund,away,4-3-3,False,8,Amadou Haidara,SUB,0,746765
RB Leipzig,2025-09-20,Köln,home,4-2-3-1,True,1,Péter Gulácsi,G,1,746750
RB Leipzig,2025-09-20,Köln,home,4-2-3-1,True,23,Castello Lukeba,CD-L,6,746750
RB Leipzig,2025-09-20,Köln,home,4-2-3-1,True,4,Willi Orbán,CD-R,5,746750
RB Leipzig,2025-09-20,Köln,home,4-2-3-1,True,22,David Raum,LB,3,746750
RB Leipzig,2025-09-20,Köln,home,4-2-3-1,True,17,Ridle Baku,RB,2,746750
RB Leipzig,2025-09-20,Köln,home,4-2-3-1,True,14,Christoph Baumgartner,AM,10,746750
RB Leipzig,2025-09-20,Köln,home,4-2-3-1,True,13,Nicolas Seiwald,LM,4,746750
RB Leipzig,2025-09-20,Köln,home,4-2-3-1,True,20,Assan Ouédraogo,RM,8,746750
RB Leipzig,2025-09-20,Köln,home,4-2-3-1,True,40,Rômulo,F,9,746750
RB Leipzig,2025-09-20,Köln,home,4-2-3-1,True,49,Yan Diomande,AM-L,11,746750
RB Leipzig,2025-09-20,Köln,home,4-2-3-1,True,9,Johan Bakayoko,AM-R,7,746750
RB Leipzig,2025-09-20,Köln,home,4-2-3-1,False,6,Ezechiel Banzuzi,SUB,0,746750
RB Leipzig,2025-09-20,Köln,home,4-2-3-1,False,26,Maarten Vandevoordt,SUB,0,746750
RB Leipzig,2025-09-20,Köln,home,4-2-3-1,False,36,Timo Werner,SUB,0,746750
RB Leipzig,2025-09-20,Köln,home,4-2-3-1,False,33,Andrija Maksimovic,SUB,0,746750
RB Leipzig,2025-09-20,Köln,home,4-2-3-1,False,19,Kosta Nedeljkovic,SUB,0,746750
RB Leipzig,2025-09-20,Köln,home,4-2-3-1,False,5,El Chadaille Bitshiabu,SUB,0,746750
RB Leipzig,2025-09-20,Köln,home,4-2-3-1,False,27,Tidiam Gomis,SUB,0,746750
RB Leipzig,2025-09-20,Köln,home,4-2-3-1,False,44,Kevin Kampl,SUB,0,746750
RB Leipzig,2025-09-20,Köln,home,4-2-3-1,False,11,Conrad Harder,SUB,0,746750
Köln,2025-09-20,RB Leipzig,away,4-3-3,True,1,Marvin Schwäbe,G,1,746750
Köln,2025-09-20,RB Leipzig,away,4-3-3,True,4,Timo Hübers,CD-L,6,746750
Köln,2025-09-20,RB Leipzig,away,4-3-3,True,2,Joel Schmied,CD-R,5,746750
Köln,2025-09-20,RB Leipzig,away,4-3-3,True,5,Tom Krauss,LB,3,746750
Köln,2025-09-20,RB Leipzig,away,4-3-3,True,28,Sebastian Sebulonsen,RB,2,746750
Köln,2025-09-20,RB Leipzig,away,4-3-3,True,6,Eric Martel,CM,4,746750
Köln,2025-09-20,RB Leipzig,away,4-3-3,True,16,Jakub Kaminski,LM,8,746750
Köln,2025-09-20,RB Leipzig,away,4-3-3,True,18,Ísak Jóhannesson,RM,7,746750
Köln,2025-09-20,RB Leipzig,away,4-3-3,True,29,Jan Thielmann,F,9,746750
Köln,2025-09-20,RB Leipzig,away,4-3-3,True,30,Marius Bulter,LF,11,746750
Köln,2025-09-20,RB Leipzig,away,4-3-3,True,7,Luca Waldschmidt,RF,10,746750
Köln,2025-09-20,RB Leipzig,away,4-3-3,False,20,Ron-Robert Zieler,SUB,0,746750
Köln,2025-09-20,RB Leipzig,away,4-3-3,False,11,Florian Kainz,SUB,0,746750
Köln,2025-09-20,RB Leipzig,away,4-3-3,False,39,Cenk Özkacar,SUB,0,746750
Köln,2025-09-20,RB Leipzig,away,4-3-3,False,37,Linton Maina,SUB,0,746750
Köln,2025-09-20,RB Leipzig,away,4-3-3,False,32,Kristoffer Lund,SUB,0,746750
Köln,2025-09-20,RB Leipzig,away,4-3-3,False,9,Ragnar Ache,SUB,0,746750
Köln,2025-09-20,RB Leipzig,away,4-3-3,False,13,Said El Mala,SUB,0,746750
Köln,2025-09-20,RB Leipzig,away,4-3-3,False,8,Denis Huseinbasic,SUB,0,746750
Köln,2025-09-20,RB Leipzig,away,4-3-3,False,3,Dominique Heintz,SUB,0,746750
Heidenheim,2025-09-27,Augsburg,home,4-3-3,True,41,Diant Ramaj,G,1,746754
Heidenheim,2025-09-27,Augsburg,home,4-3-3,True,4,Tim Siersleben,CD-L,6,746754
Heidenheim,2025-09-27,Augsburg,home,4-3-3,True,6,Patrick Mainka,CD-R,5,746754
Heidenheim,2025-09-27,Augsburg,home,4-3-3,True,19,Jonas Föhrenbach,LB,3,746754
Heidenheim,2025-09-27,Augsburg,home,4-3-3,True,23,Omar-Haktab Traoré,RB,2,746754
Heidenheim,2025-09-27,Augsburg,home,4-3-3,True,16,Julian Niehues,CM,4,746754
Heidenheim,2025-09-27,Augsburg,home,4-3-3,True,30,Niklas Dorsch,LM,8,746754
Heidenheim,2025-09-27,Augsburg,home,4-3-3,True,3,Jan Schöppner,RM,7,746754
Heidenheim,2025-09-27,Augsburg,home,4-3-3,True,29,Mikkel Kaufmann,F,9,746754
Heidenheim,2025-09-27,Augsburg,home,4-3-3,True,22,Arijon Ibrahimovic,LF,11,746754
Heidenheim,2025-09-27,Augsburg,home,4-3-3,True,31,Sirlord Conteh,RF,10,746754
Heidenheim,2025-09-27,Augsburg,home,4-3-3,False,33,Nick Rothweiler,SUB,0,746754
Heidenheim,2025-09-27,Augsburg,home,4-3-3,False,21,Adrian Beck,SUB,0,746754
Heidenheim,2025-09-27,Augsburg,home,4-3-3,False,5,Benedikt Gimber,SUB,0,746754
Heidenheim,2025-09-27,Augsburg,home,4-3-3,False,2,Marnon Busch,SUB,0,746754
Heidenheim,2025-09-27,Augsburg,home,4-3-3,False,1,Kevin Müller,SUB,0,746754
Heidenheim,2025-09-27,Augsburg,home,4-3-3,False,28,Adam Kölle,SUB,0,746754
Heidenheim,2025-09-27,Augsburg,home,4-3-3,False,20,Luca Kerber,SUB,0,746754
Heidenheim,2025-09-27,Augsburg,home,4-3-3,False,37,Tobias Weigel,SUB,0,746754
Heidenheim,2025-09-27,Augsburg,home,4-3-3,False,38,Yannik Wagner,SUB,0,746754
Augsburg,2025-09-27,Heidenheim,away,3-3-3-1,False,26,Elias Saad,,0,746754
Augsburg,2025-09-27,Heidenheim,away,3-3-3-1,False,21,Phillip Tietz,,0,746754
Augsburg,2025-09-27,Heidenheim,away,3-3-3-1,False,10,Arne Maier,,0,746754
Augsburg,2025-09-27,Heidenheim,away,3-3-3-1,False,11,Ismaël Gharbi,,0,746754
Augsburg,2025-09-27,Heidenheim,away,3-3-3-1,False,8,Elvis Rexhbecaj,,0,746754
Augsburg,2025-09-27,Heidenheim,away,3-3-3-1,False,36,Mert Kömür,,0,746754
Augsburg,2025-09-27,Heidenheim,away,3-3-3-1,False,22,Nediljko Labrovic,,0,746754
Augsburg,2025-09-27,Heidenheim,away,3-3-3-1,False,13,Dimitris Giannoulis,,0,746754
Augsburg,2025-09-27,Heidenheim,away,3-3-3-1,False,40,Noahkai Banks,,0,746754
Augsburg,2025-09-27,Heidenheim,away,3-3-3-1,True,1,Finn Dahmen,G,1,746754
Augsburg,2025-09-27,Heidenheim,away,3-3-3-1,True,31,Keven Schlotterbeck,CD,5,746754
Augsburg,2025-09-27,Heidenheim,away,3-3-3-1,True,16,Cédric Zesiger,CD-L,4,746754
Augsburg,2025-09-27,Heidenheim,away,3-3-3-1,True,5,Chrislain Matsima,CD-R,6,746754
Augsburg,2025-09-27,Heidenheim,away,3-3-3-1,True,19,Robin Fellhauer,CM-L,3,746754
Augsburg,2025-09-27,Heidenheim,away,3-3-3-1,True,17,Kristijan Jakic,CM-R,2,746754
Augsburg,2025-09-27,Heidenheim,away,3-3-3-1,True,32,Fabian Rieder,AM,7,746754
Augsburg,2025-09-27,Heidenheim,away,3-3-3-1,True,4,Han-Noah Massengo,RCM,8,746754
Augsburg,2025-09-27,Heidenheim,away,3-3-3-1,True,20,Alexis Claude-Maurice,LM,11,746754
Augsburg,2025-09-27,Heidenheim,away,3-3-3-1,True,27,Marius Wolf,RM,10,746754
Augsburg,2025-09-27,Heidenheim,away,3-3-3-1,True,9,Samuel Essende,F,9,746754
Bayern Munich,2025-09-26,Werder Bremen,home,4-2-3-1,True,1,Manuel Neuer,G,1,746759
Bayern Munich,2025-09-26,Werder Bremen,home,4-2-3-1,True,4,Jonathan Tah,CD-L,6,746759
Bayern Munich,2025-09-26,Werder Bremen,home,4-2-3-1,True,2,Dayot Upamecano,CD-R,5,746759
Bayern Munich,2025-09-26,Werder Bremen,home,4-2-3-1,True,27,Konrad Laimer,LB,3,746759
Bayern Munich,2025-09-26,Werder Bremen,home,4-2-3-1,True,23,Sacha Boey,RB,2,746759
Bayern Munich,2025-09-26,Werder Bremen,home,4-2-3-1,True,7,Serge Gnabry,AM,10,746759
Bayern Munich,2025-09-26,Werder Bremen,home,4-2-3-1,True,20,Tom Bischof,LM,4,746759
Bayern Munich,2025-09-26,Werder Bremen,home,4-2-3-1,True,8,Leon Goretzka,RM,8,746759
Bayern Munich,2025-09-26,Werder Bremen,home,4-2-3-1,True,9,Harry Kane,F,9,746759
Bayern Munich,2025-09-26,Werder Bremen,home,4-2-3-1,True,14,Luis Díaz,AM-L,11,746759
Bayern Munich,2025-09-26,Werder Bremen,home,4-2-3-1,True,17,Michael Olise,AM-R,7,746759
Bayern Munich,2025-09-26,Werder Bremen,home,4-2-3-1,False,11,Nicolas Jackson,SUB,0,746759
Bayern Munich,2025-09-26,Werder Bremen,home,4-2-3-1,False,45,Aleksandar Pavlovic,SUB,0,746759
Bayern Munich,2025-09-26,Werder Bremen,home,4-2-3-1,False,3,Kim Min-Jae,SUB,0,746759
Bayern Munich,2025-09-26,Werder Bremen,home,4-2-3-1,False,42,Lennart Karl,SUB,0,746759
Bayern Munich,2025-09-26,Werder Bremen,home,4-2-3-1,False,6,Joshua Kimmich,SUB,0,746759
Bayern Munich,2025-09-26,Werder Bremen,home,4-2-3-1,False,30,Cassiano Kiala,SUB,0,746759
Bayern Munich,2025-09-26,Werder Bremen,home,4-2-3-1,False,36,Wisdom Mike,SUB,0,746759
Bayern Munich,2025-09-26,Werder Bremen,home,4-2-3-1,False,26,Sven Ulreich,SUB,0,746759
Bayern Munich,2025-09-26,Werder Bremen,home,4-2-3-1,False,22,Raphaël Guerreiro,SUB,0,746759
Werder Bremen,2025-09-26,Bayern Munich,away,4-2-3-1,True,13,Karl Hein,G,1,746759
Werder Bremen,2025-09-26,Bayern Munich,away,4-2-3-1,True,31,Karim Coulibaly,CD-L,6,746759
Werder Bremen,2025-09-26,Bayern Munich,away,4-2-3-1,True,32,Marco Friedl,CD-R,5,746759
Werder Bremen,2025-09-26,Bayern Munich,away,4-2-3-1,True,27,Felix Agu,LB,3,746759
Werder Bremen,2025-09-26,Bayern Munich,away,4-2-3-1,True,3,Yukinari Sugawara,RB,2,746759
Werder Bremen,2025-09-26,Bayern Munich,away,4-2-3-1,True,18,Cameron Puertas,AM,10,746759
Werder Bremen,2025-09-26,Bayern Munich,away,4-2-3-1,True,14,Senne Lynen,LM,4,746759
Werder Bremen,2025-09-26,Bayern Munich,away,4-2-3-1,True,6,Jens Stage,RM,8,746759
Werder Bremen,2025-09-26,Bayern Munich,away,4-2-3-1,True,11,Justin Njinmah,F,9,746759
Werder Bremen,2025-09-26,Bayern Munich,away,4-2-3-1,True,7,Samuel Mbangula,AM-L,11,746759
Werder Bremen,2025-09-26,Bayern Munich,away,4-2-3-1,True,20,Romano Schmid,AM-R,7,746759
Werder Bremen,2025-09-26,Bayern Munich,away,4-2-3-1,False,5,Amos Pieper,SUB,0,746759
Werder Bremen,2025-09-26,Bayern Munich,away,4-2-3-1,False,44,Victor Boniface,SUB,0,746759
Werder Bremen,2025-09-26,Bayern Munich,away,4-2-3-1,False,10,Leonardo Bittencourt,SUB,0,746759
Werder Bremen,2025-09-26,Bayern Munich,away,4-2-3-1,False,25,Markus Kolke,SUB,0,746759
Werder Bremen,2025-09-26,Bayern Munich,away,4-2-3-1,False,23,Isaac Schmidt,SUB,0,746759
Werder Bremen,2025-09-26,Bayern Munich,away,4-2-3-1,False,9,Keke Topp,SUB,0,746759
Werder Bremen,2025-09-26,Bayern Munich,away,4-2-3-1,False,28,Skelly Alvero,SUB,0,746759
Werder Bremen,2025-09-26,Bayern Munich,away,4-2-3-1,False,24,Patrice Covic,SUB,0,746759
Werder Bremen,2025-09-26,Bayern Munich,away,4-2-3-1,False,17,Marco Grüll,SUB,0,746759
Werder Bremen,2025-09-20,Freiburg,home,4-2-3-1,True,30,Mio Backhaus,G,1,746751
Werder Bremen,2025-09-20,Freiburg,home,4-2-3-1,True,31,Karim Coulibaly,CD-L,6,746751
Werder Bremen,2025-09-20,Freiburg,home,4-2-3-1,True,32,Marco Friedl,CD-R,5,746751
Werder Bremen,2025-09-20,Freiburg,home,4-2-3-1,True,27,Felix Agu,LB,3,746751
Werder Bremen,2025-09-20,Freiburg,home,4-2-3-1,True,3,Yukinari Sugawara,RB,2,746751
Werder Bremen,2025-09-20,Freiburg,home,4-2-3-1,True,20,Romano Schmid,AM,10,746751
Werder Bremen,2025-09-20,Freiburg,home,4-2-3-1,True,6,Jens Stage,LM,4,746751
Werder Bremen,2025-09-20,Freiburg,home,4-2-3-1,True,14,Senne Lynen,RM,8,746751
Werder Bremen,2025-09-20,Freiburg,home,4-2-3-1,True,17,Marco Grüll,F,9,746751
Werder Bremen,2025-09-20,Freiburg,home,4-2-3-1,True,11,Justin Njinmah,AM-L,11,746751
Werder Bremen,2025-09-20,Freiburg,home,4-2-3-1,True,18,Cameron Puertas,AM-R,7,746751
Werder Bremen,2025-09-20,Freiburg,home,4-2-3-1,False,10,Leonardo Bittencourt,SUB,0,746751
Werder Bremen,2025-09-20,Freiburg,home,4-2-3-1,False,24,Patrice Covic,SUB,0,746751
Werder Bremen,2025-09-20,Freiburg,home,4-2-3-1,False,13,Karl Hein,SUB,0,746751
Werder Bremen,2025-09-20,Freiburg,home,4-2-3-1,False,21,Isak Hansen-Aarøen,SUB,0,746751
Werder Bremen,2025-09-20,Freiburg,home,4-2-3-1,False,5,Amos Pieper,SUB,0,746751
Werder Bremen,2025-09-20,Freiburg,home,4-2-3-1,False,9,Keke Topp,SUB,0,746751
Werder Bremen,2025-09-20,Freiburg,home,4-2-3-1,False,28,Skelly Alvero,SUB,0,746751
Werder Bremen,2025-09-20,Freiburg,home,4-2-3-1,False,23,Isaac Schmidt,SUB,0,746751
Werder Bremen,2025-09-20,Freiburg,home,4-2-3-1,False,44,Victor Boniface,SUB,0,746751
Freiburg,2025-09-20,Werder Bremen,away,4-2-3-1,True,1,Noah Atubolu,G,1,746751
Freiburg,2025-09-20,Werder Bremen,away,4-2-3-1,True,3,Philipp Lienhart,CD-L,6,746751
Freiburg,2025-09-20,Werder Bremen,away,4-2-3-1,True,28,Matthias Ginter,CD-R,5,746751
Freiburg,2025-09-20,Werder Bremen,away,4-2-3-1,True,33,Jordy Makengo,LB,3,746751
Freiburg,2025-09-20,Werder Bremen,away,4-2-3-1,True,17,Lukas Kübler,RB,2,746751
Freiburg,2025-09-20,Werder Bremen,away,4-2-3-1,True,9,Lucas Höler,AM,10,746751
Freiburg,2025-09-20,Werder Bremen,away,4-2-3-1,True,6,Patrick Osterhage,LM,4,746751
Freiburg,2025-09-20,Werder Bremen,away,4-2-3-1,True,8,Maximilian Eggestein,RM,8,746751
Freiburg,2025-09-20,Werder Bremen,away,4-2-3-1,True,20,Junior Adamu,F,9,746751
Freiburg,2025-09-20,Werder Bremen,away,4-2-3-1,True,32,Vincenzo Grifo,AM-L,11,746751
Freiburg,2025-09-20,Werder Bremen,away,4-2-3-1,True,19,Niklas Beste,AM-R,7,746751
Freiburg,2025-09-20,Werder Bremen,away,4-2-3-1,False,27,Nicolas Höfler,SUB,0,746751
Freiburg,2025-09-20,Werder Bremen,away,4-2-3-1,False,14,Yuito Suzuki,SUB,0,746751
Freiburg,2025-09-20,Werder Bremen,away,4-2-3-1,False,21,Florian Müller,SUB,0,746751
Freiburg,2025-09-20,Werder Bremen,away,4-2-3-1,False,29,Philipp Treu,SUB,0,746751
Freiburg,2025-09-20,Werder Bremen,away,4-2-3-1,False,30,Christian Günter,SUB,0,746751
Freiburg,2025-09-20,Werder Bremen,away,4-2-3-1,False,18,Eren Dinkci,SUB,0,746751
Freiburg,2025-09-20,Werder Bremen,away,4-2-3-1,False,31,Igor Matanovic,SUB,0,746751
Freiburg,2025-09-20,Werder Bremen,away,4-2-3-1,False,5,Anthony Jung,SUB,0,746751
Freiburg,2025-09-20,Werder Bremen,away,4-2-3-1,False,7,Derry Scherhant,SUB,0,746751
Augsburg,2025-10-04,Wolfsburg,home,3-4-2-1,True,1,Finn Dahmen,G,1,746767
Augsburg,2025-10-04,Wolfsburg,home,3-4-2-1,True,5,Chrislain Matsima,CD,5,746767
Augsburg,2025-10-04,Wolfsburg,home,3-4-2-1,True,40,Noahkai Banks,CD-L,4,746767
Augsburg,2025-10-04,Wolfsburg,home,3-4-2-1,True,17,Kristijan Jakic,CD-R,6,746767
Augsburg,2025-10-04,Wolfsburg,home,3-4-2-1,True,8,Elvis Rexhbecaj,CM-L,8,746767
Augsburg,2025-10-04,Wolfsburg,home,3-4-2-1,True,4,Han-Noah Massengo,CM-R,7,746767
Augsburg,2025-10-04,Wolfsburg,home,3-4-2-1,True,13,Dimitris Giannoulis,LM,3,746767
Augsburg,2025-10-04,Wolfsburg,home,3-4-2-1,True,19,Robin Fellhauer,RM,2,746767
Augsburg,2025-10-04,Wolfsburg,home,3-4-2-1,True,36,Mert Kömür,F,9,746767
Augsburg,2025-10-04,Wolfsburg,home,3-4-2-1,True,26,Elias Saad,CF-L,11,746767
Augsburg,2025-10-04,Wolfsburg,home,3-4-2-1,True,32,Fabian Rieder,CF-R,10,746767
Augsburg,2025-10-04,Wolfsburg,home,3-4-2-1,False,11,Ismaël Gharbi,SUB,0,746767
Augsburg,2025-10-04,Wolfsburg,home,3-4-2-1,False,30,Anton Kade,SUB,0,746767
Augsburg,2025-10-04,Wolfsburg,home,3-4-2-1,False,20,Alexis Claude-Maurice,SUB,0,746767
Augsburg,2025-10-04,Wolfsburg,home,3-4-2-1,False,31,Keven Schlotterbeck,SUB,0,746767
Augsburg,2025-10-04,Wolfsburg,home,3-4-2-1,False,22,Nediljko Labrovic,SUB,0,746767
Augsburg,2025-10-04,Wolfsburg,home,3-4-2-1,False,21,Phillip Tietz,SUB,0,746767
Augsburg,2025-10-04,Wolfsburg,home,3-4-2-1,False,28,Aiman Dardari,SUB,0,746767
Augsburg,2025-10-04,Wolfsburg,home,3-4-2-1,False,9,Samuel Essende,SUB,0,746767
Augsburg,2025-10-04,Wolfsburg,home,3-4-2-1,False,16,Cédric Zesiger,SUB,0,746767
Wolfsburg,2025-10-04,Augsburg,away,4-2-3-1,True,1,Kamil Grabara,G,1,746767
Wolfsburg,2025-10-04,Augsburg,away,4-2-3-1,True,4,Konstantinos Koulierakis,CD-L,6,746767
Wolfsburg,2025-10-04,Augsburg,away,4-2-3-1,True,15,Moritz Jenz,CD-R,5,746767
Wolfsburg,2025-10-04,Augsburg,away,4-2-3-1,True,21,Joakim Maehle,LB,3,746767
Wolfsburg,2025-10-04,Augsburg,away,4-2-3-1,True,2,Kilian Fischer,RB,2,746767
Wolfsburg,2025-10-04,Augsburg,away,4-2-3-1,True,32,Mattias Svanberg,AM,10,746767
Wolfsburg,2025-10-04,Augsburg,away,4-2-3-1,True,5,Vinicius Souza,LM,4,746767
Wolfsburg,2025-10-04,Augsburg,away,4-2-3-1,True,27,Maximilian Arnold,RM,8,746767
Wolfsburg,2025-10-04,Augsburg,away,4-2-3-1,True,17,Dzenan Pejcinovic,F,9,746767
Wolfsburg,2025-10-04,Augsburg,away,4-2-3-1,True,9,Mohamed Amoura,AM-L,11,746767
Wolfsburg,2025-10-04,Augsburg,away,4-2-3-1,True,11,Adam Daghim,AM-R,7,746767
Wolfsburg,2025-10-04,Augsburg,away,4-2-3-1,False,14,Jenson Seelt,SUB,0,746767
Wolfsburg,2025-10-04,Augsburg,away,4-2-3-1,False,31,Yannick Gerhardt,SUB,0,746767
Wolfsburg,2025-10-04,Augsburg,away,4-2-3-1,False,8,Bence Dárdai,SUB,0,746767
Wolfsburg,2025-10-04,Augsburg,away,4-2-3-1,False,24,Christian Eriksen,SUB,0,746767
Wolfsburg,2025-10-04,Augsburg,away,4-2-3-1,False,25,Aaron Zehnter,SUB,0,746767
Wolfsburg,2025-10-04,Augsburg,away,4-2-3-1,False,7,Andreas Skov Olsen,SUB,0,746767
Wolfsburg,2025-10-04,Augsburg,away,4-2-3-1,False,29,Marius Müller,SUB,0,746767
Wolfsburg,2025-10-04,Augsburg,away,4-2-3-1,False,10,Lovro Majer,SUB,0,746767
Wolfsburg,2025-10-04,Augsburg,away,4-2-3-1,False,26,Saël Kumbedi,SUB,0,746767
Frankfurt,2025-09-21,Union Berlin,home,4-3-3,True,40,Kauã Santos,G,1,746747
Frankfurt,2025-09-21,Union Berlin,home,4-3-3,True,3,Arthur Theate,CD-L,6,746747
Frankfurt,2025-09-21,Union Berlin,home,4-3-3,True,4,Robin Koch,CD-R,5,746747
Frankfurt,2025-09-21,Union Berlin,home,4-3-3,True,21,Nathaniel Brown,LB,3,746747
Frankfurt,2025-09-21,Union Berlin,home,4-3-3,True,34,Nnamdi Collins,RB,2,746747
Frankfurt,2025-09-21,Union Berlin,home,4-3-3,True,16,Hugo Larsson,CM,4,746747
Frankfurt,2025-09-21,Union Berlin,home,4-3-3,True,42,Can Uzun,LM,8,746747
Frankfurt,2025-09-21,Union Berlin,home,4-3-3,True,8,Farès Chaïbi,RM,7,746747
Frankfurt,2025-09-21,Union Berlin,home,4-3-3,True,17,Elye Wahi,F,9,746747
Frankfurt,2025-09-21,Union Berlin,home,4-3-3,True,19,Jean-Mattéo Bahoya,LF,11,746747
Frankfurt,2025-09-21,Union Berlin,home,4-3-3,True,20,Ritsu Doan,RF,10,746747
Frankfurt,2025-09-21,Union Berlin,home,4-3-3,False,15,Ellyes Skhiri,SUB,0,746747
Frankfurt,2025-09-21,Union Berlin,home,4-3-3,False,5,Aurèle Amenda,SUB,0,746747
Frankfurt,2025-09-21,Union Berlin,home,4-3-3,False,7,Ansgar Knauff,SUB,0,746747
Frankfurt,2025-09-21,Union Berlin,home,4-3-3,False,23,Michael Zetterer,SUB,0,746747
Frankfurt,2025-09-21,Union Berlin,home,4-3-3,False,6,Oscar Højlund,SUB,0,746747
Frankfurt,2025-09-21,Union Berlin,home,4-3-3,False,9,Jonathan Burkardt,SUB,0,746747
Frankfurt,2025-09-21,Union Berlin,home,4-3-3,False,24,Buta,SUB,0,746747
Frankfurt,2025-09-21,Union Berlin,home,4-3-3,False,27,Mario Götze,SUB,0,746747
Frankfurt,2025-09-21,Union Berlin,home,4-3-3,False,30,Michy Batshuayi,SUB,0,746747
Union Berlin,2025-09-21,Frankfurt,away,3-4-2-1,True,1,Frederik Ronnow,G,1,746747
Union Berlin,2025-09-21,Frankfurt,away,3-4-2-1,True,14,Leopold Querfeld,CD,5,746747
Union Berlin,2025-09-21,Frankfurt,away,3-4-2-1,True,4,Diogo Leite,CD-L,4,746747
Union Berlin,2025-09-21,Frankfurt,away,3-4-2-1,True,5,Danilho Doekhi,CD-R,6,746747
Union Berlin,2025-09-21,Frankfurt,away,3-4-2-1,True,19,Janik Haberer,CM-L,8,746747
Union Berlin,2025-09-21,Frankfurt,away,3-4-2-1,True,8,Rani Khedira,CM-R,7,746747
Union Berlin,2025-09-21,Frankfurt,away,3-4-2-1,True,39,Derrick Köhn,LM,3,746747
Union Berlin,2025-09-21,Frankfurt,away,3-4-2-1,True,28,Christopher Trimmel,RM,2,746747
Union Berlin,2025-09-21,Frankfurt,away,3-4-2-1,True,23,Andrej Ilic,F,9,746747
Union Berlin,2025-09-21,Frankfurt,away,3-4-2-1,True,10,Ilyas Ansah,CF-L,11,746747
Union Berlin,2025-09-21,Frankfurt,away,3-4-2-1,True,7,Oliver Burke,CF-R,10,746747
Union Berlin,2025-09-21,Frankfurt,away,3-4-2-1,False,17,David Preu,SUB,0,746747
Union Berlin,2025-09-21,Frankfurt,away,3-4-2-1,False,41,Oluwaseun Ogbemudia,SUB,0,746747
Union Berlin,2025-09-21,Frankfurt,away,3-4-2-1,False,13,András Schäfer,SUB,0,746747
Union Berlin,2025-09-21,Frankfurt,away,3-4-2-1,False,33,Alex Král,SUB,0,746747
Union Berlin,2025-09-21,Frankfurt,away,3-4-2-1,False,21,Tim Skarke,SUB,0,746747
Union Berlin,2025-09-21,Frankfurt,away,3-4-2-1,False,27,Marin Ljubicic,SUB,0,746747
Union Berlin,2025-09-21,Frankfurt,away,3-4-2-1,False,11,Jeong Woo-Yeong,SUB,0,746747
Union Berlin,2025-09-21,Frankfurt,away,3-4-2-1,False,31,Matheo Raab,SUB,0,746747
Union Berlin,2025-09-21,Frankfurt,away,3-4-2-1,False,6,Aljoscha Kemlein,SUB,0,746747
Leverkusen,2025-10-04,Union Berlin,home,3-4-2-1,True,1,Mark Flekken,G,1,746766
Leverkusen,2025-10-04,Union Berlin,home,3-4-2-1,True,5,Loïc Badé,CD,5,746766
Leverkusen,2025-10-04,Union Berlin,home,3-4-2-1,True,12,Edmond Tapsoba,CD-L,4,746766
Leverkusen,2025-10-04,Union Berlin,home,3-4-2-1,True,4,Jarell Quansah,CD-R,6,746766
Leverkusen,2025-10-04,Union Berlin,home,3-4-2-1,True,24,Aleix García,CM-L,8,746766
Leverkusen,2025-10-04,Union Berlin,home,3-4-2-1,True,6,Ezequiel Fernández,CM-R,7,746766
Leverkusen,2025-10-04,Union Berlin,home,3-4-2-1,True,20,Alejandro Grimaldo,LM,3,746766
Leverkusen,2025-10-04,Union Berlin,home,3-4-2-1,True,21,Lucas Vázquez,RM,2,746766
Leverkusen,2025-10-04,Union Berlin,home,3-4-2-1,True,35,Christian Kofane,F,9,746766
Leverkusen,2025-10-04,Union Berlin,home,3-4-2-1,True,19,Ernest Poku,CF-L,11,746766
Leverkusen,2025-10-04,Union Berlin,home,3-4-2-1,True,10,Malik Tillman,CF-R,10,746766
Leverkusen,2025-10-04,Union Berlin,home,3-4-2-1,False,30,Ibrahim Maza,SUB,0,746766
Leverkusen,2025-10-04,Union Berlin,home,3-4-2-1,False,28,Janis Blaswich,SUB,0,746766
Leverkusen,2025-10-04,Union Berlin,home,3-4-2-1,False,38,Ken Izekor,SUB,0,746766
Leverkusen,2025-10-04,Union Berlin,home,3-4-2-1,False,13,Arthur,SUB,0,746766
Leverkusen,2025-10-04,Union Berlin,home,3-4-2-1,False,8,Robert Andrich,SUB,0,746766
Leverkusen,2025-10-04,Union Berlin,home,3-4-2-1,False,17,Eliesse Ben Seghir,SUB,0,746766
Leverkusen,2025-10-04,Union Berlin,home,3-4-2-1,False,7,Jonas Hofmann,SUB,0,746766
Leverkusen,2025-10-04,Union Berlin,home,3-4-2-1,False,9,Claudio Echeverri,SUB,0,746766
Leverkusen,2025-10-04,Union Berlin,home,3-4-2-1,False,44,Jeanuël Belocian,SUB,0,746766
Union Berlin,2025-10-04,Leverkusen,away,3-4-2-1,True,1,Frederik Ronnow,G,1,746766
Union Berlin,2025-10-04,Leverkusen,away,3-4-2-1,True,14,Leopold Querfeld,CD,5,746766
Union Berlin,2025-10-04,Leverkusen,away,3-4-2-1,True,4,Diogo Leite,CD-L,4,746766
Union Berlin,2025-10-04,Leverkusen,away,3-4-2-1,True,5,Danilho Doekhi,CD-R,6,746766
Union Berlin,2025-10-04,Leverkusen,away,3-4-2-1,True,13,András Schäfer,CM-L,8,746766
Union Berlin,2025-10-04,Leverkusen,away,3-4-2-1,True,8,Rani Khedira,CM-R,7,746766
Union Berlin,2025-10-04,Leverkusen,away,3-4-2-1,True,39,Derrick Köhn,LM,3,746766
Union Berlin,2025-10-04,Leverkusen,away,3-4-2-1,True,28,Christopher Trimmel,RM,2,746766
Union Berlin,2025-10-04,Leverkusen,away,3-4-2-1,True,23,Andrej Ilic,F,9,746766
Union Berlin,2025-10-04,Leverkusen,away,3-4-2-1,True,11,Jeong Woo-Yeong,CF-L,11,746766
Union Berlin,2025-10-04,Leverkusen,away,3-4-2-1,True,7,Oliver Burke,CF-R,10,746766
Union Berlin,2025-10-04,Leverkusen,away,3-4-2-1,False,30,Dmytro Bohdanov,SUB,0,746766
Union Berlin,2025-10-04,Leverkusen,away,3-4-2-1,False,33,Alex Král,SUB,0,746766
Union Berlin,2025-10-04,Leverkusen,away,3-4-2-1,False,21,Tim Skarke,SUB,0,746766
Union Berlin,2025-10-04,Leverkusen,away,3-4-2-1,False,6,Aljoscha Kemlein,SUB,0,746766
Union Berlin,2025-10-04,Leverkusen,away,3-4-2-1,False,31,Matheo Raab,SUB,0,746766
Union Berlin,2025-10-04,Leverkusen,away,3-4-2-1,False,10,Ilyas Ansah,SUB,0,746766
Union Berlin,2025-10-04,Leverkusen,away,3-4-2-1,False,34,Stanley N'Soki,SUB,0,746766
Union Berlin,2025-10-04,Leverkusen,away,3-4-2-1,False,19,Janik Haberer,SUB,0,746766
Union Berlin,2025-10-04,Leverkusen,away,3-4-2-1,False,15,Tom Rothe,SUB,0,746766
Mainz 05,2025-09-27,Dortmund,home,3-4-2-1,True,27,Robin Zentner,G,1,746757
Mainz 05,2025-09-27,Dortmund,home,3-4-2-1,True,25,Andreas Hanche-Olsen,CD,5,746757
Mainz 05,2025-09-27,Dortmund,home,3-4-2-1,True,5,Maxim Leitsch,CD-L,4,746757
Mainz 05,2025-09-27,Dortmund,home,3-4-2-1,True,21,Danny da Costa,CD-R,6,746757
Mainz 05,2025-09-27,Dortmund,home,3-4-2-1,True,10,Nadiem Amiri,CM-L,8,746757
Mainz 05,2025-09-27,Dortmund,home,3-4-2-1,True,6,Kaishu Sano,CM-R,7,746757
Mainz 05,2025-09-27,Dortmund,home,3-4-2-1,True,2,Phillipp Mwene,LM,3,746757
Mainz 05,2025-09-27,Dortmund,home,3-4-2-1,True,30,Silvan Widmer,RM,2,746757
Mainz 05,2025-09-27,Dortmund,home,3-4-2-1,True,11,Armindo Sieb,F,9,746757
Mainz 05,2025-09-27,Dortmund,home,3-4-2-1,True,7,Lee Jae-Sung,CF-L,11,746757
Mainz 05,2025-09-27,Dortmund,home,3-4-2-1,True,8,Paul Nebel,CF-R,10,746757
Mainz 05,2025-09-27,Dortmund,home,3-4-2-1,False,16,Stefan Bell,SUB,0,746757
Mainz 05,2025-09-27,Dortmund,home,3-4-2-1,False,44,Nelson Weiper,SUB,0,746757
Mainz 05,2025-09-27,Dortmund,home,3-4-2-1,False,14,William Bøving,SUB,0,746757
Mainz 05,2025-09-27,Dortmund,home,3-4-2-1,False,22,Nikolas Veratschnig,SUB,0,746757
Mainz 05,2025-09-27,Dortmund,home,3-4-2-1,False,42,Daniel Gleiber,SUB,0,746757
Mainz 05,2025-09-27,Dortmund,home,3-4-2-1,False,37,Ben Bobzien,SUB,0,746757
Mainz 05,2025-09-27,Dortmund,home,3-4-2-1,False,15,Lennard Maloney,SUB,0,746757
Mainz 05,2025-09-27,Dortmund,home,3-4-2-1,False,9,Arnaud Nordin,SUB,0,746757
Mainz 05,2025-09-27,Dortmund,home,3-4-2-1,False,1,Lasse Rieß,SUB,0,746757
Dortmund,2025-09-27,Mainz 05,away,3-4-3,True,1,Gregor Kobel,G,1,746757
Dortmund,2025-09-27,Mainz 05,away,3-4-3,True,4,Nico Schlotterbeck,CD,5,746757
Dortmund,2025-09-27,Mainz 05,away,3-4-3,True,5,Ramy Bensebaini,CD-L,4,746757
Dortmund,2025-09-27,Mainz 05,away,3-4-3,True,3,Waldemar Anton,CD-R,6,746757
Dortmund,2025-09-27,Mainz 05,away,3-4-3,True,8,Felix Nmecha,CM-L,8,746757
Dortmund,2025-09-27,Mainz 05,away,3-4-3,True,20,Marcel Sabitzer,CM-R,7,746757
Dortmund,2025-09-27,Mainz 05,away,3-4-3,True,24,Daniel Svensson,LM,3,746757
Dortmund,2025-09-27,Mainz 05,away,3-4-3,True,2,Yan Couto,RM,2,746757
Dortmund,2025-09-27,Mainz 05,away,3-4-3,True,14,Maximilian Beier,F,9,746757
Dortmund,2025-09-27,Mainz 05,away,3-4-3,True,10,Julian Brandt,CF-L,11,746757
Dortmund,2025-09-27,Mainz 05,away,3-4-3,True,27,Karim Adeyemi,CF-R,10,746757
Dortmund,2025-09-27,Mainz 05,away,3-4-3,False,21,Fábio Silva,SUB,0,746757
Dortmund,2025-09-27,Mainz 05,away,3-4-3,False,9,Serhou Guirassy,SUB,0,746757
Dortmund,2025-09-27,Mainz 05,away,3-4-3,False,17,Carney Chukwuemeka,SUB,0,746757
Dortmund,2025-09-27,Mainz 05,away,3-4-3,False,25,Niklas Süle,SUB,0,746757
Dortmund,2025-09-27,Mainz 05,away,3-4-3,False,7,Jobe Bellingham,SUB,0,746757
Dortmund,2025-09-27,Mainz 05,away,3-4-3,False,26,Julian Ryerson,SUB,0,746757
Dortmund,2025-09-27,Mainz 05,away,3-4-3,False,13,Pascal Gross,SUB,0,746757
Dortmund,2025-09-27,Mainz 05,away,3-4-3,False,6,Salih Özcan,SUB,0,746757
Dortmund,2025-09-27,Mainz 05,away,3-4-3,False,33,Alexander Meyer,SUB,0,746757
St Pauli,2025-09-27,Leverkusen,home,3-4-1-2,True,22,Nikola Vasilj,G,1,746760
St Pauli,2025-09-27,Leverkusen,home,3-4-1-2,True,8,Eric Smith,CD,5,746760
St Pauli,2025-09-27,Leverkusen,home,3-4-1-2,True,21,Lars Ritzka,CD-L,4,746760
St Pauli,2025-09-27,Leverkusen,home,3-4-1-2,True,5,Hauke Wahl,CD-R,6,746760
St Pauli,2025-09-27,Leverkusen,home,3-4-1-2,True,16,Joel Chima Fujita,CM-L,8,746760
St Pauli,2025-09-27,Leverkusen,home,3-4-1-2,True,6,James Sands,CM-R,7,746760
St Pauli,2025-09-27,Leverkusen,home,3-4-1-2,True,10,Danel Sinani,AM,9,746760
St Pauli,2025-09-27,Leverkusen,home,3-4-1-2,True,23,Louis Oppie,LM,3,746760
St Pauli,2025-09-27,Leverkusen,home,3-4-1-2,True,2,Manolis Saliakas,RM,2,746760
St Pauli,2025-09-27,Leverkusen,home,3-4-1-2,True,28,Mathias Pereira Lage,CF-L,11,746760
St Pauli,2025-09-27,Leverkusen,home,3-4-1-2,True,27,Andreas Hountondji,CF-R,10,746760
St Pauli,2025-09-27,Leverkusen,home,3-4-1-2,False,17,Oladapo Afolayan,SUB,0,746760
St Pauli,2025-09-27,Leverkusen,home,3-4-1-2,False,25,Adam Dzwigala,SUB,0,746760
St Pauli,2025-09-27,Leverkusen,home,3-4-1-2,False,9,Abdoulie Ceesay,SUB,0,746760
St Pauli,2025-09-27,Leverkusen,home,3-4-1-2,False,24,Connor Metcalfe,SUB,0,746760
St Pauli,2025-09-27,Leverkusen,home,3-4-1-2,False,3,Karol Mets,SUB,0,746760
St Pauli,2025-09-27,Leverkusen,home,3-4-1-2,False,1,Ben Voll,SUB,0,746760
St Pauli,2025-09-27,Leverkusen,home,3-4-1-2,False,11,Arkadiusz Pyrka,SUB,0,746760
St Pauli,2025-09-27,Leverkusen,home,3-4-1-2,False,19,Martijn Kaars,SUB,0,746760
St Pauli,2025-09-27,Leverkusen,home,3-4-1-2,False,20,Erik Ahlstrand,SUB,0,746760
Leverkusen,2025-09-27,St Pauli,away,3-4-2-1,True,1,Mark Flekken,G,1,746760
Leverkusen,2025-09-27,St Pauli,away,3-4-2-1,True,5,Loïc Badé,CD,5,746760
Leverkusen,2025-09-27,St Pauli,away,3-4-2-1,True,12,Edmond Tapsoba,CD-L,4,746760
Leverkusen,2025-09-27,St Pauli,away,3-4-2-1,True,4,Jarell Quansah,CD-R,6,746760
Leverkusen,2025-09-27,St Pauli,away,3-4-2-1,True,24,Aleix García,CM-L,8,746760
Leverkusen,2025-09-27,St Pauli,away,3-4-2-1,True,8,Robert Andrich,CM-R,7,746760
Leverkusen,2025-09-27,St Pauli,away,3-4-2-1,True,20,Alejandro Grimaldo,LM,3,746760
Leverkusen,2025-09-27,St Pauli,away,3-4-2-1,True,16,Axel Tape,RM,2,746760
Leverkusen,2025-09-27,St Pauli,away,3-4-2-1,True,14,Patrik Schick,F,9,746760
Leverkusen,2025-09-27,St Pauli,away,3-4-2-1,True,17,Eliesse Ben Seghir,CF-L,11,746760
Leverkusen,2025-09-27,St Pauli,away,3-4-2-1,True,10,Malik Tillman,CF-R,10,746760
Leverkusen,2025-09-27,St Pauli,away,3-4-2-1,False,35,Christian Kofane,SUB,0,746760
Leverkusen,2025-09-27,St Pauli,away,3-4-2-1,False,21,Lucas Vázquez,SUB,0,746760
Leverkusen,2025-09-27,St Pauli,away,3-4-2-1,False,19,Ernest Poku,SUB,0,746760
Leverkusen,2025-09-27,St Pauli,away,3-4-2-1,False,9,Claudio Echeverri,SUB,0,746760
Leverkusen,2025-09-27,St Pauli,away,3-4-2-1,False,30,Ibrahim Maza,SUB,0,746760
Leverkusen,2025-09-27,St Pauli,away,3-4-2-1,False,6,Ezequiel Fernández,SUB,0,746760
Leverkusen,2025-09-27,St Pauli,away,3-4-2-1,False,7,Jonas Hofmann,SUB,0,746760
Leverkusen,2025-09-27,St Pauli,away,3-4-2-1,False,28,Janis Blaswich,SUB,0,746760
Leverkusen,2025-09-27,St Pauli,away,3-4-2-1,False,44,Jeanuël Belocian,SUB,0,746760
Frankfurt,2025-10-04,Bayern Munich,home,4-2-3-1,True,40,Kauã Santos,G,1,746763
Frankfurt,2025-10-04,Bayern Munich,home,4-2-3-1,True,3,Arthur Theate,CD-L,6,746763
Frankfurt,2025-10-04,Bayern Munich,home,4-2-3-1,True,4,Robin Koch,CD-R,5,746763
Frankfurt,2025-10-04,Bayern Munich,home,4-2-3-1,True,21,Nathaniel Brown,LB,3,746763
Frankfurt,2025-10-04,Bayern Munich,home,4-2-3-1,True,24,Buta,RB,2,746763
Frankfurt,2025-10-04,Bayern Munich,home,4-2-3-1,True,42,Can Uzun,AM,10,746763
Frankfurt,2025-10-04,Bayern Munich,home,4-2-3-1,True,15,Ellyes Skhiri,LM,4,746763
Frankfurt,2025-10-04,Bayern Munich,home,4-2-3-1,True,16,Hugo Larsson,RM,8,746763
Frankfurt,2025-10-04,Bayern Munich,home,4-2-3-1,True,9,Jonathan Burkardt,F,9,746763
Frankfurt,2025-10-04,Bayern Munich,home,4-2-3-1,True,19,Jean-Mattéo Bahoya,AM-L,11,746763
Frankfurt,2025-10-04,Bayern Munich,home,4-2-3-1,True,20,Ritsu Doan,AM-R,7,746763
Frankfurt,2025-10-04,Bayern Munich,home,4-2-3-1,False,6,Oscar Højlund,SUB,0,746763
Frankfurt,2025-10-04,Bayern Munich,home,4-2-3-1,False,30,Michy Batshuayi,SUB,0,746763
Frankfurt,2025-10-04,Bayern Munich,home,4-2-3-1,False,8,Farès Chaïbi,SUB,0,746763
Frankfurt,2025-10-04,Bayern Munich,home,4-2-3-1,False,17,Elye Wahi,SUB,0,746763
Frankfurt,2025-10-04,Bayern Munich,home,4-2-3-1,False,7,Ansgar Knauff,SUB,0,746763
Frankfurt,2025-10-04,Bayern Munich,home,4-2-3-1,False,5,Aurèle Amenda,SUB,0,746763
Frankfurt,2025-10-04,Bayern Munich,home,4-2-3-1,False,27,Mario Götze,SUB,0,746763
Frankfurt,2025-10-04,Bayern Munich,home,4-2-3-1,False,34,Nnamdi Collins,SUB,0,746763
Frankfurt,2025-10-04,Bayern Munich,home,4-2-3-1,False,23,Michael Zetterer,SUB,0,746763
Bayern Munich,2025-10-04,Frankfurt,away,4-2-3-1,True,1,Manuel Neuer,G,1,746763
Bayern Munich,2025-10-04,Frankfurt,away,4-2-3-1,True,4,Jonathan Tah,CD-L,6,746763
Bayern Munich,2025-10-04,Frankfurt,away,4-2-3-1,True,2,Dayot Upamecano,CD-R,5,746763
Bayern Munich,2025-10-04,Frankfurt,away,4-2-3-1,True,27,Konrad Laimer,LB,3,746763
Bayern Munich,2025-10-04,Frankfurt,away,4-2-3-1,True,23,Sacha Boey,RB,2,746763
Bayern Munich,2025-10-04,Frankfurt,away,4-2-3-1,True,7,Serge Gnabry,AM,10,746763
Bayern Munich,2025-10-04,Frankfurt,away,4-2-3-1,True,8,Leon Goretzka,LM,4,746763
Bayern Munich,2025-10-04,Frankfurt,away,4-2-3-1,True,6,Joshua Kimmich,RM,8,746763
Bayern Munich,2025-10-04,Frankfurt,away,4-2-3-1,True,9,Harry Kane,F,9,746763
Bayern Munich,2025-10-04,Frankfurt,away,4-2-3-1,True,14,Luis Díaz,AM-L,11,746763
Bayern Munich,2025-10-04,Frankfurt,away,4-2-3-1,True,17,Michael Olise,AM-R,7,746763
Bayern Munich,2025-10-04,Frankfurt,away,4-2-3-1,False,36,Wisdom Mike,SUB,0,746763
Bayern Munich,2025-10-04,Frankfurt,away,4-2-3-1,False,3,Kim Min-Jae,SUB,0,746763
Bayern Munich,2025-10-04,Frankfurt,away,4-2-3-1,False,20,Tom Bischof,SUB,0,746763
Bayern Munich,2025-10-04,Frankfurt,away,4-2-3-1,False,22,Raphaël Guerreiro,SUB,0,746763
Bayern Munich,2025-10-04,Frankfurt,away,4-2-3-1,False,30,Cassiano Kiala,SUB,0,746763
Bayern Munich,2025-10-04,Frankfurt,away,4-2-3-1,False,42,Lennart Karl,SUB,0,746763
Bayern Munich,2025-10-04,Frankfurt,away,4-2-3-1,False,45,Aleksandar Pavlovic,SUB,0,746763
Bayern Munich,2025-10-04,Frankfurt,away,4-2-3-1,False,11,Nicolas Jackson,SUB,0,746763
Bayern Munich,2025-10-04,Frankfurt,away,4-2-3-1,False,26,Sven Ulreich,SUB,0,746763
Leverkusen,2025-09-21,Gladbach,home,3-4-2-1,True,1,Mark Flekken,G,1,746745
Leverkusen,2025-09-21,Gladbach,home,3-4-2-1,True,5,Loïc Badé,CD,5,746745
Leverkusen,2025-09-21,Gladbach,home,3-4-2-1,True,12,Edmond Tapsoba,CD-L,4,746745
Leverkusen,2025-09-21,Gladbach,home,3-4-2-1,True,4,Jarell Quansah,CD-R,6,746745
Leverkusen,2025-09-21,Gladbach,home,3-4-2-1,True,24,Aleix García,CM-L,8,746745
Leverkusen,2025-09-21,Gladbach,home,3-4-2-1,True,10,Malik Tillman,CM-R,7,746745
Leverkusen,2025-09-21,Gladbach,home,3-4-2-1,True,20,Alejandro Grimaldo,LM,3,746745
Leverkusen,2025-09-21,Gladbach,home,3-4-2-1,True,21,Lucas Vázquez,RM,2,746745
Leverkusen,2025-09-21,Gladbach,home,3-4-2-1,True,14,Patrik Schick,F,9,746745
Leverkusen,2025-09-21,Gladbach,home,3-4-2-1,True,17,Eliesse Ben Seghir,CF-L,11,746745
Leverkusen,2025-09-21,Gladbach,home,3-4-2-1,True,30,Ibrahim Maza,CF-R,10,746745
Leverkusen,2025-09-21,Gladbach,home,3-4-2-1,False,16,Axel Tape,SUB,0,746745
Leverkusen,2025-09-21,Gladbach,home,3-4-2-1,False,9,Claudio Echeverri,SUB,0,746745
Leverkusen,2025-09-21,Gladbach,home,3-4-2-1,False,13,Arthur,SUB,0,746745
Leverkusen,2025-09-21,Gladbach,home,3-4-2-1,False,44,Jeanuël Belocian,SUB,0,746745
Leverkusen,2025-09-21,Gladbach,home,3-4-2-1,False,36,Niklas Lomb,SUB,0,746745
Leverkusen,2025-09-21,Gladbach,home,3-4-2-1,False,7,Jonas Hofmann,SUB,0,746745
Leverkusen,2025-09-21,Gladbach,home,3-4-2-1,False,28,Janis Blaswich,SUB,0,746745
Leverkusen,2025-09-21,Gladbach,home,3-4-2-1,False,35,Christian Kofane,SUB,0,746745
Leverkusen,2025-09-21,Gladbach,home,3-4-2-1,False,19,Ernest Poku,SUB,0,746745
Gladbach,2025-09-21,Leverkusen,away,3-4-2-1,True,33,Moritz Nicolas,G,1,746745
Gladbach,2025-09-21,Leverkusen,away,3-4-2-1,True,30,Nico Elvedi,CD,5,746745
Gladbach,2025-09-21,Leverkusen,away,3-4-2-1,True,2,Fabio Chiarodia,CD-L,4,746745
Gladbach,2025-09-21,Leverkusen,away,3-4-2-1,True,4,Kevin Diks,CD-R,6,746745
Gladbach,2025-09-21,Leverkusen,away,3-4-2-1,True,6,Yannick Engelhardt,CM-L,8,746745
Gladbach,2025-09-21,Leverkusen,away,3-4-2-1,True,27,Rocco Reitz,CM-R,7,746745
Gladbach,2025-09-21,Leverkusen,away,3-4-2-1,True,26,Lukas Ullrich,LM,3,746745
Gladbach,2025-09-21,Leverkusen,away,3-4-2-1,True,29,Joe Scally,RM,2,746745
Gladbach,2025-09-21,Leverkusen,away,3-4-2-1,True,18,Shuto Machino,F,9,746745
Gladbach,2025-09-21,Leverkusen,away,3-4-2-1,True,17,Jens Castrop,CF-L,11,746745
Gladbach,2025-09-21,Leverkusen,away,3-4-2-1,True,7,Kevin Stöger,CF-R,10,746745
Gladbach,2025-09-21,Leverkusen,away,3-4-2-1,False,28,Grant-Leon Ranos,SUB,0,746745
Gladbach,2025-09-21,Leverkusen,away,3-4-2-1,False,20,Luca Netz,SUB,0,746745
Gladbach,2025-09-21,Leverkusen,away,3-4-2-1,False,16,Philipp Sander,SUB,0,746745
Gladbach,2025-09-21,Leverkusen,away,3-4-2-1,False,34,Charles Herrmann,SUB,0,746745
Gladbach,2025-09-21,Leverkusen,away,3-4-2-1,False,15,Haris Tabakovic,SUB,0,746745
Gladbach,2025-09-21,Leverkusen,away,3-4-2-1,False,1,Jonas Omlin,SUB,0,746745
Gladbach,2025-09-21,Leverkusen,away,3-4-2-1,False,10,Florian Neuhaus,SUB,0,746745
Gladbach,2025-09-21,Leverkusen,away,3-4-2-1,False,5,Marvin Friedrich,SUB,0,746745
Gladbach,2025-09-21,Leverkusen,away,3-4-2-1,False,13,Giovanni Reyna,SUB,0,746745
Werder Bremen,2025-10-04,St Pauli,home,4-3-3,True,13,Karl Hein,G,1,746769
Werder Bremen,2025-10-04,St Pauli,home,4-3-3,True,31,Karim Coulibaly,CD-L,6,746769
Werder Bremen,2025-10-04,St Pauli,home,4-3-3,True,32,Marco Friedl,CD-R,5,746769
Werder Bremen,2025-10-04,St Pauli,home,4-3-3,True,27,Felix Agu,LB,3,746769
Werder Bremen,2025-10-04,St Pauli,home,4-3-3,True,3,Yukinari Sugawara,RB,2,746769
Werder Bremen,2025-10-04,St Pauli,home,4-3-3,True,14,Senne Lynen,CM,4,746769
Werder Bremen,2025-10-04,St Pauli,home,4-3-3,True,18,Cameron Puertas,LM,8,746769
Werder Bremen,2025-10-04,St Pauli,home,4-3-3,True,6,Jens Stage,RM,7,746769
Werder Bremen,2025-10-04,St Pauli,home,4-3-3,True,20,Romano Schmid,F,9,746769
Werder Bremen,2025-10-04,St Pauli,home,4-3-3,True,7,Samuel Mbangula,LF,11,746769
Werder Bremen,2025-10-04,St Pauli,home,4-3-3,True,11,Justin Njinmah,RF,10,746769
Werder Bremen,2025-10-04,St Pauli,home,4-3-3,False,9,Keke Topp,SUB,0,746769
Werder Bremen,2025-10-04,St Pauli,home,4-3-3,False,25,Markus Kolke,SUB,0,746769
Werder Bremen,2025-10-04,St Pauli,home,4-3-3,False,28,Skelly Alvero,SUB,0,746769
Werder Bremen,2025-10-04,St Pauli,home,4-3-3,False,24,Patrice Covic,SUB,0,746769
Werder Bremen,2025-10-04,St Pauli,home,4-3-3,False,44,Victor Boniface,SUB,0,746769
Werder Bremen,2025-10-04,St Pauli,home,4-3-3,False,23,Isaac Schmidt,SUB,0,746769
Werder Bremen,2025-10-04,St Pauli,home,4-3-3,False,10,Leonardo Bittencourt,SUB,0,746769
Werder Bremen,2025-10-04,St Pauli,home,4-3-3,False,5,Amos Pieper,SUB,0,746769
Werder Bremen,2025-10-04,St Pauli,home,4-3-3,False,17,Marco Grüll,SUB,0,746769
St Pauli,2025-10-04,Werder Bremen,away,3-4-1-2,True,22,Nikola Vasilj,G,1,746769
St Pauli,2025-10-04,Werder Bremen,away,3-4-1-2,True,8,Eric Smith,CD,5,746769
St Pauli,2025-10-04,Werder Bremen,away,3-4-1-2,True,21,Lars Ritzka,CD-L,4,746769
St Pauli,2025-10-04,Werder Bremen,away,3-4-1-2,True,5,Hauke Wahl,CD-R,6,746769
St Pauli,2025-10-04,Werder Bremen,away,3-4-1-2,True,16,Joel Chima Fujita,CM-L,8,746769
St Pauli,2025-10-04,Werder Bremen,away,3-4-1-2,True,6,James Sands,CM-R,7,746769
St Pauli,2025-10-04,Werder Bremen,away,3-4-1-2,True,10,Danel Sinani,AM,9,746769
St Pauli,2025-10-04,Werder Bremen,away,3-4-1-2,True,23,Louis Oppie,LM,3,746769
St Pauli,2025-10-04,Werder Bremen,away,3-4-1-2,True,11,Arkadiusz Pyrka,RM,2,746769
St Pauli,2025-10-04,Werder Bremen,away,3-4-1-2,True,28,Mathias Pereira Lage,CF-L,11,746769
St Pauli,2025-10-04,Werder Bremen,away,3-4-1-2,True,19,Martijn Kaars,CF-R,10,746769
St Pauli,2025-10-04,Werder Bremen,away,3-4-1-2,False,2,Manolis Saliakas,SUB,0,746769
St Pauli,2025-10-04,Werder Bremen,away,3-4-1-2,False,24,Connor Metcalfe,SUB,0,746769
St Pauli,2025-10-04,Werder Bremen,away,3-4-1-2,False,1,Ben Voll,SUB,0,746769
St Pauli,2025-10-04,Werder Bremen,away,3-4-1-2,False,14,Fin Stevens,SUB,0,746769
St Pauli,2025-10-04,Werder Bremen,away,3-4-1-2,False,25,Adam Dzwigala,SUB,0,746769
St Pauli,2025-10-04,Werder Bremen,away,3-4-1-2,False,17,Oladapo Afolayan,SUB,0,746769
St Pauli,2025-10-04,Werder Bremen,away,3-4-1-2,False,9,Abdoulie Ceesay,SUB,0,746769
St Pauli,2025-10-04,Werder Bremen,away,3-4-1-2,False,20,Erik Ahlstrand,SUB,0,746769
St Pauli,2025-10-04,Werder Bremen,away,3-4-1-2,False,3,Karol Mets,SUB,0,746769
Gladbach,2025-10-05,Freiburg,home,4-4-2,True,33,Moritz Nicolas,G,1,746764
Gladbach,2025-10-05,Freiburg,home,4-4-2,True,4,Kevin Diks,CD-L,6,746764
Gladbach,2025-10-05,Freiburg,home,4-4-2,True,30,Nico Elvedi,CD-R,5,746764
Gladbach,2025-10-05,Freiburg,home,4-4-2,True,20,Luca Netz,LB,3,746764
Gladbach,2025-10-05,Freiburg,home,4-4-2,True,29,Joe Scally,RB,2,746764
Gladbach,2025-10-05,Freiburg,home,4-4-2,True,6,Yannick Engelhardt,CM-L,8,746764
Gladbach,2025-10-05,Freiburg,home,4-4-2,True,16,Philipp Sander,CM-R,4,746764
Gladbach,2025-10-05,Freiburg,home,4-4-2,True,17,Jens Castrop,LM,11,746764
Gladbach,2025-10-05,Freiburg,home,4-4-2,True,27,Rocco Reitz,RM,7,746764
Gladbach,2025-10-05,Freiburg,home,4-4-2,True,10,Florian Neuhaus,CF-L,9,746764
Gladbach,2025-10-05,Freiburg,home,4-4-2,True,15,Haris Tabakovic,CF-R,10,746764
Gladbach,2025-10-05,Freiburg,home,4-4-2,False,22,Oscar Fraulo,SUB,0,746764
Gladbach,2025-10-05,Freiburg,home,4-4-2,False,1,Jonas Omlin,SUB,0,746764
Gladbach,2025-10-05,Freiburg,home,4-4-2,False,18,Shuto Machino,SUB,0,746764
Gladbach,2025-10-05,Freiburg,home,4-4-2,False,26,Lukas Ullrich,SUB,0,746764
Gladbach,2025-10-05,Freiburg,home,4-4-2,False,40,Jan Urbich,SUB,0,746764
Gladbach,2025-10-05,Freiburg,home,4-4-2,False,28,Grant-Leon Ranos,SUB,0,746764
Gladbach,2025-10-05,Freiburg,home,4-4-2,False,5,Marvin Friedrich,SUB,0,746764
Gladbach,2025-10-05,Freiburg,home,4-4-2,False,7,Kevin Stöger,SUB,0,746764
Gladbach,2025-10-05,Freiburg,home,4-4-2,False,34,Charles Herrmann,SUB,0,746764
Freiburg,2025-10-05,Gladbach,away,4-2-3-1,True,1,Noah Atubolu,G,1,746764
Freiburg,2025-10-05,Gladbach,away,4-2-3-1,True,3,Philipp Lienhart,CD-L,6,746764
Freiburg,2025-10-05,Gladbach,away,4-2-3-1,True,28,Matthias Ginter,CD-R,5,746764
Freiburg,2025-10-05,Gladbach,away,4-2-3-1,True,30,Christian Günter,LB,3,746764
Freiburg,2025-10-05,Gladbach,away,4-2-3-1,True,29,Philipp Treu,RB,2,746764
Freiburg,2025-10-05,Gladbach,away,4-2-3-1,True,9,Lucas Höler,AM,10,746764
Freiburg,2025-10-05,Gladbach,away,4-2-3-1,True,6,Patrick Osterhage,LM,4,746764
Freiburg,2025-10-05,Gladbach,away,4-2-3-1,True,8,Maximilian Eggestein,RM,8,746764
Freiburg,2025-10-05,Gladbach,away,4-2-3-1,True,20,Junior Adamu,F,9,746764
Freiburg,2025-10-05,Gladbach,away,4-2-3-1,True,32,Vincenzo Grifo,AM-L,11,746764
Freiburg,2025-10-05,Gladbach,away,4-2-3-1,True,19,Niklas Beste,AM-R,7,746764
Freiburg,2025-10-05,Gladbach,away,4-2-3-1,False,44,Johan Manzambi,SUB,0,746764
Freiburg,2025-10-05,Gladbach,away,4-2-3-1,False,21,Florian Müller,SUB,0,746764
Freiburg,2025-10-05,Gladbach,away,4-2-3-1,False,5,Anthony Jung,SUB,0,746764
Freiburg,2025-10-05,Gladbach,away,4-2-3-1,False,27,Nicolas Höfler,SUB,0,746764
Freiburg,2025-10-05,Gladbach,away,4-2-3-1,False,37,Max Rosenfelder,SUB,0,746764
Freiburg,2025-10-05,Gladbach,away,4-2-3-1,False,18,Eren Dinkci,SUB,0,746764
Freiburg,2025-10-05,Gladbach,away,4-2-3-1,False,31,Igor Matanovic,SUB,0,746764
Freiburg,2025-10-05,Gladbach,away,4-2-3-1,False,33,Jordy Makengo,SUB,0,746764
Freiburg,2025-10-05,Gladbach,away,4-2-3-1,False,7,Derry Scherhant,SUB,0,746764
Hamburger SV,2025-10-05,Mainz 05,home,3-4-3,True,1,Daniel Heuer Fernandes,G,1,746768
Hamburger SV,2025-10-05,Mainz 05,home,3-4-3,True,44,Luka Vuskovic,CD,5,746768
Hamburger SV,2025-10-05,Mainz 05,home,3-4-3,True,8,Daniel Elfadli,CD-L,4,746768
Hamburger SV,2025-10-05,Mainz 05,home,3-4-3,True,24,Nicolás Capaldo,CD-R,6,746768
Hamburger SV,2025-10-05,Mainz 05,home,3-4-3,True,21,Nicolai Remberg,CM-L,8,746768
Hamburger SV,2025-10-05,Mainz 05,home,3-4-3,True,6,Albert Sambi Lokonga,CM-R,7,746768
Hamburger SV,2025-10-05,Mainz 05,home,3-4-3,True,28,Miro Muheim,LM,3,746768
Hamburger SV,2025-10-05,Mainz 05,home,3-4-3,True,16,Giorgi Gocholeishvili,RM,2,746768
Hamburger SV,2025-10-05,Mainz 05,home,3-4-3,True,11,Ransford-Yeboah Königsdörffer,F,9,746768
Hamburger SV,2025-10-05,Mainz 05,home,3-4-3,True,7,Jean-Luc Dompé,CF-L,11,746768
Hamburger SV,2025-10-05,Mainz 05,home,3-4-3,True,14,Rayan Philippe,CF-R,10,746768
Hamburger SV,2025-10-05,Mainz 05,home,3-4-3,False,23,Jonas Meffert,SUB,0,746768
Hamburger SV,2025-10-05,Mainz 05,home,3-4-3,False,45,Fabio Baldé,SUB,0,746768
Hamburger SV,2025-10-05,Mainz 05,home,3-4-3,False,2,William Mikelbrencis,SUB,0,746768
Hamburger SV,2025-10-05,Mainz 05,home,3-4-3,False,10,Immanuel Pherai,SUB,0,746768
Hamburger SV,2025-10-05,Mainz 05,home,3-4-3,False,13,Guilherme Ramos,SUB,0,746768
Hamburger SV,2025-10-05,Mainz 05,home,3-4-3,False,15,Yussuf Poulsen,SUB,0,746768
Hamburger SV,2025-10-05,Mainz 05,home,3-4-3,False,38,Alexander Røssing-Lelesiit,SUB,0,746768
Hamburger SV,2025-10-05,Mainz 05,home,3-4-3,False,9,Robert Glatzel,SUB,0,746768
Hamburger SV,2025-10-05,Mainz 05,home,3-4-3,False,26,Daniel Peretz,SUB,0,746768
Mainz 05,2025-10-05,Hamburger SV,away,3-4-2-1,True,1,Lasse Rieß,G,1,746768
Mainz 05,2025-10-05,Hamburger SV,away,3-4-2-1,True,25,Andreas Hanche-Olsen,CD,5,746768
Mainz 05,2025-10-05,Hamburger SV,away,3-4-2-1,True,31,Dominik Kohr,CD-L,4,746768
Mainz 05,2025-10-05,Hamburger SV,away,3-4-2-1,True,21,Danny da Costa,CD-R,6,746768
Mainz 05,2025-10-05,Hamburger SV,away,3-4-2-1,True,10,Nadiem Amiri,CM-L,8,746768
Mainz 05,2025-10-05,Hamburger SV,away,3-4-2-1,True,6,Kaishu Sano,CM-R,7,746768
Mainz 05,2025-10-05,Hamburger SV,away,3-4-2-1,True,2,Phillipp Mwene,LM,3,746768
Mainz 05,2025-10-05,Hamburger SV,away,3-4-2-1,True,9,Arnaud Nordin,RM,2,746768
Mainz 05,2025-10-05,Hamburger SV,away,3-4-2-1,True,17,Benedict Hollerbach,F,9,746768
Mainz 05,2025-10-05,Hamburger SV,away,3-4-2-1,True,7,Lee Jae-Sung,CF-L,11,746768
Mainz 05,2025-10-05,Hamburger SV,away,3-4-2-1,True,8,Paul Nebel,CF-R,10,746768
Mainz 05,2025-10-05,Hamburger SV,away,3-4-2-1,False,22,Nikolas Veratschnig,SUB,0,746768
Mainz 05,2025-10-05,Hamburger SV,away,3-4-2-1,False,14,William Bøving,SUB,0,746768
Mainz 05,2025-10-05,Hamburger SV,away,3-4-2-1,False,44,Nelson Weiper,SUB,0,746768
Mainz 05,2025-10-05,Hamburger SV,away,3-4-2-1,False,16,Stefan Bell,SUB,0,746768
Mainz 05,2025-10-05,Hamburger SV,away,3-4-2-1,False,15,Lennard Maloney,SUB,0,746768
Mainz 05,2025-10-05,Hamburger SV,away,3-4-2-1,False,30,Silvan Widmer,SUB,0,746768
Mainz 05,2025-10-05,Hamburger SV,away,3-4-2-1,False,37,Ben Bobzien,SUB,0,746768
Mainz 05,2025-10-05,Hamburger SV,away,3-4-2-1,False,11,Armindo Sieb,SUB,0,746768
Mainz 05,2025-10-05,Hamburger SV,away,3-4-2-1,False,33,Daniel Batz,SUB,0,746768
Stuttgart,2025-10-05,Heidenheim,home,4-2-3-1,True,33,Alexander Nübel,G,1,746770
Stuttgart,2025-10-05,Heidenheim,home,4-2-3-1,True,24,Jeff Chabot,CD-L,6,746770
Stuttgart,2025-10-05,Heidenheim,home,4-2-3-1,True,14,Luca Jaquez,CD-R,5,746770
Stuttgart,2025-10-05,Heidenheim,home,4-2-3-1,True,7,Maximilian Mittelstädt,LB,3,746770
Stuttgart,2025-10-05,Heidenheim,home,4-2-3-1,True,22,Lorenz Assignon,RB,2,746770
Stuttgart,2025-10-05,Heidenheim,home,4-2-3-1,True,11,Bilal El Khannouss,AM,10,746770
Stuttgart,2025-10-05,Heidenheim,home,4-2-3-1,True,30,Chema Andrés,LM,4,746770
Stuttgart,2025-10-05,Heidenheim,home,4-2-3-1,True,16,Atakan Karazor,RM,8,746770
Stuttgart,2025-10-05,Heidenheim,home,4-2-3-1,True,9,Ermedin Demirovic,F,9,746770
Stuttgart,2025-10-05,Heidenheim,home,4-2-3-1,True,18,Jamie Leweling,AM-L,11,746770
Stuttgart,2025-10-05,Heidenheim,home,4-2-3-1,True,27,Badredine Bouanani,AM-R,7,746770
Stuttgart,2025-10-05,Heidenheim,home,4-2-3-1,False,4,Josha Vagnoman,SUB,0,746770
Stuttgart,2025-10-05,Heidenheim,home,4-2-3-1,False,28,Nikolas Nartey,SUB,0,746770
Stuttgart,2025-10-05,Heidenheim,home,4-2-3-1,False,15,Pascal Stenzel,SUB,0,746770
Stuttgart,2025-10-05,Heidenheim,home,4-2-3-1,False,8,Tiago Tomás,SUB,0,746770
Stuttgart,2025-10-05,Heidenheim,home,4-2-3-1,False,1,Fabian Bredlow,SUB,0,746770
Stuttgart,2025-10-05,Heidenheim,home,4-2-3-1,False,10,Chris Führich,SUB,0,746770
Stuttgart,2025-10-05,Heidenheim,home,4-2-3-1,False,2,Ameen Al Dakhil,SUB,0,746770
Stuttgart,2025-10-05,Heidenheim,home,4-2-3-1,False,6,Angelo Stiller,SUB,0,746770
Stuttgart,2025-10-05,Heidenheim,home,4-2-3-1,False,3,Ramon Hendriks,SUB,0,746770
Heidenheim,2025-10-05,Stuttgart,away,4-1-4-1,True,41,Diant Ramaj,G,1,746770
Heidenheim,2025-10-05,Stuttgart,away,4-1-4-1,True,4,Tim Siersleben,CD-L,6,746770
Heidenheim,2025-10-05,Stuttgart,away,4-1-4-1,True,6,Patrick Mainka,CD-R,5,746770
Heidenheim,2025-10-05,Stuttgart,away,4-1-4-1,True,16,Julian Niehues,DM,4,746770
Heidenheim,2025-10-05,Stuttgart,away,4-1-4-1,True,19,Jonas Föhrenbach,LB,3,746770
Heidenheim,2025-10-05,Stuttgart,away,4-1-4-1,True,23,Omar-Haktab Traoré,RB,2,746770
Heidenheim,2025-10-05,Stuttgart,away,4-1-4-1,True,30,Niklas Dorsch,CM-L,10,746770
Heidenheim,2025-10-05,Stuttgart,away,4-1-4-1,True,3,Jan Schöppner,CM-R,8,746770
Heidenheim,2025-10-05,Stuttgart,away,4-1-4-1,True,22,Arijon Ibrahimovic,LM,11,746770
Heidenheim,2025-10-05,Stuttgart,away,4-1-4-1,True,20,Luca Kerber,RM,7,746770
Heidenheim,2025-10-05,Stuttgart,away,4-1-4-1,True,29,Mikkel Kaufmann,F,9,746770
Heidenheim,2025-10-05,Stuttgart,away,4-1-4-1,False,2,Marnon Busch,SUB,0,746770
Heidenheim,2025-10-05,Stuttgart,away,4-1-4-1,False,1,Kevin Müller,SUB,0,746770
Heidenheim,2025-10-05,Stuttgart,away,4-1-4-1,False,5,Benedikt Gimber,SUB,0,746770
Heidenheim,2025-10-05,Stuttgart,away,4-1-4-1,False,37,Tobias Weigel,SUB,0,746770
Heidenheim,2025-10-05,Stuttgart,away,4-1-4-1,False,9,Stefan Schimmer,SUB,0,746770
Heidenheim,2025-10-05,Stuttgart,away,4-1-4-1,False,33,Nick Rothweiler,SUB,0,746770
Heidenheim,2025-10-05,Stuttgart,away,4-1-4-1,False,38,Yannik Wagner,SUB,0,746770
Heidenheim,2025-10-05,Stuttgart,away,4-1-4-1,False,27,Thomas Keller,SUB,0,746770
Heidenheim,2025-10-05,Stuttgart,away,4-1-4-1,False,28,Adam Kölle,SUB,0,746770
Union Berlin,2025-10-17,Gladbach,home,3-4-2-1,True,1,Frederik Ronnow,G,1,746779
Union Berlin,2025-10-17,Gladbach,home,3-4-2-1,True,14,Leopold Querfeld,CD,5,746779
Union Berlin,2025-10-17,Gladbach,home,3-4-2-1,True,4,Diogo Leite,CD-L,4,746779
Union Berlin,2025-10-17,Gladbach,home,3-4-2-1,True,5,Danilho Doekhi,CD-R,6,746779
Union Berlin,2025-10-17,Gladbach,home,3-4-2-1,True,6,Aljoscha Kemlein,CM-L,8,746779
Union Berlin,2025-10-17,Gladbach,home,3-4-2-1,True,8,Rani Khedira,CM-R,7,746779
Union Berlin,2025-10-17,Gladbach,home,3-4-2-1,True,39,Derrick Köhn,LM,3,746779
Union Berlin,2025-10-17,Gladbach,home,3-4-2-1,True,28,Christopher Trimmel,RM,2,746779
Union Berlin,2025-10-17,Gladbach,home,3-4-2-1,True,23,Andrej Ilic,F,9,746779
Union Berlin,2025-10-17,Gladbach,home,3-4-2-1,True,10,Ilyas Ansah,CF-L,11,746779
Union Berlin,2025-10-17,Gladbach,home,3-4-2-1,True,21,Tim Skarke,CF-R,10,746779
Union Berlin,2025-10-17,Gladbach,home,3-4-2-1,False,27,Marin Ljubicic,SUB,0,746779
Union Berlin,2025-10-17,Gladbach,home,3-4-2-1,False,34,Stanley N'Soki,SUB,0,746779
Union Berlin,2025-10-17,Gladbach,home,3-4-2-1,False,31,Matheo Raab,SUB,0,746779
Union Berlin,2025-10-17,Gladbach,home,3-4-2-1,False,19,Janik Haberer,SUB,0,746779
Union Berlin,2025-10-17,Gladbach,home,3-4-2-1,False,15,Tom Rothe,SUB,0,746779
Union Berlin,2025-10-17,Gladbach,home,3-4-2-1,False,30,Dmytro Bohdanov,SUB,0,746779
Union Berlin,2025-10-17,Gladbach,home,3-4-2-1,False,11,Jeong Woo-Yeong,SUB,0,746779
Union Berlin,2025-10-17,Gladbach,home,3-4-2-1,False,33,Alex Král,SUB,0,746779
Union Berlin,2025-10-17,Gladbach,home,3-4-2-1,False,7,Oliver Burke,SUB,0,746779
Gladbach,2025-10-17,Union Berlin,away,4-4-2,True,33,Moritz Nicolas,G,1,746779
Gladbach,2025-10-17,Union Berlin,away,4-4-2,True,5,Marvin Friedrich,CD-L,6,746779
Gladbach,2025-10-17,Union Berlin,away,4-4-2,True,30,Nico Elvedi,CD-R,5,746779
Gladbach,2025-10-17,Union Berlin,away,4-4-2,True,4,Kevin Diks,LB,3,746779
Gladbach,2025-10-17,Union Berlin,away,4-4-2,True,29,Joe Scally,RB,2,746779
Gladbach,2025-10-17,Union Berlin,away,4-4-2,True,6,Yannick Engelhardt,CM-L,8,746779
Gladbach,2025-10-17,Union Berlin,away,4-4-2,True,16,Philipp Sander,CM-R,4,746779
Gladbach,2025-10-17,Union Berlin,away,4-4-2,True,17,Jens Castrop,LM,11,746779
Gladbach,2025-10-17,Union Berlin,away,4-4-2,True,27,Rocco Reitz,RM,7,746779
Gladbach,2025-10-17,Union Berlin,away,4-4-2,True,10,Florian Neuhaus,CF-L,9,746779
Gladbach,2025-10-17,Union Berlin,away,4-4-2,True,15,Haris Tabakovic,CF-R,10,746779
Gladbach,2025-10-17,Union Berlin,away,4-4-2,False,26,Lukas Ullrich,SUB,0,746779
Gladbach,2025-10-17,Union Berlin,away,4-4-2,False,13,Giovanni Reyna,SUB,0,746779
Gladbach,2025-10-17,Union Berlin,away,4-4-2,False,7,Kevin Stöger,SUB,0,746779
Gladbach,2025-10-17,Union Berlin,away,4-4-2,False,36,Wael Mohya,SUB,0,746779
Gladbach,2025-10-17,Union Berlin,away,4-4-2,False,40,Jan Urbich,SUB,0,746779
Gladbach,2025-10-17,Union Berlin,away,4-4-2,False,1,Jonas Omlin,SUB,0,746779
Gladbach,2025-10-17,Union Berlin,away,4-4-2,False,9,Franck Honorat,SUB,0,746779
Gladbach,2025-10-17,Union Berlin,away,4-4-2,False,22,Oscar Fraulo,SUB,0,746779
Gladbach,2025-10-17,Union Berlin,away,4-4-2,False,20,Luca Netz,SUB,0,746779
Wolfsburg,2025-10-18,Stuttgart,home,4-2-3-1,True,1,Kamil Grabara,G,1,746775
Wolfsburg,2025-10-18,Stuttgart,home,4-2-3-1,True,4,Konstantinos Koulierakis,CD-L,6,746775
Wolfsburg,2025-10-18,Stuttgart,home,4-2-3-1,True,15,Moritz Jenz,CD-R,5,746775
Wolfsburg,2025-10-18,Stuttgart,home,4-2-3-1,True,25,Aaron Zehnter,LB,3,746775
Wolfsburg,2025-10-18,Stuttgart,home,4-2-3-1,True,2,Kilian Fischer,RB,2,746775
Wolfsburg,2025-10-18,Stuttgart,home,4-2-3-1,True,24,Christian Eriksen,AM,10,746775
Wolfsburg,2025-10-18,Stuttgart,home,4-2-3-1,True,32,Mattias Svanberg,LM,4,746775
Wolfsburg,2025-10-18,Stuttgart,home,4-2-3-1,True,5,Vinicius Souza,RM,8,746775
Wolfsburg,2025-10-18,Stuttgart,home,4-2-3-1,True,23,Jonas Wind,F,9,746775
Wolfsburg,2025-10-18,Stuttgart,home,4-2-3-1,True,21,Joakim Maehle,AM-L,11,746775
Wolfsburg,2025-10-18,Stuttgart,home,4-2-3-1,True,11,Adam Daghim,AM-R,7,746775
Wolfsburg,2025-10-18,Stuttgart,home,4-2-3-1,False,14,Jenson Seelt,SUB,0,746775
Wolfsburg,2025-10-18,Stuttgart,home,4-2-3-1,False,27,Maximilian Arnold,SUB,0,746775
Wolfsburg,2025-10-18,Stuttgart,home,4-2-3-1,False,26,Saël Kumbedi,SUB,0,746775
Wolfsburg,2025-10-18,Stuttgart,home,4-2-3-1,False,9,Mohamed Amoura,SUB,0,746775
Wolfsburg,2025-10-18,Stuttgart,home,4-2-3-1,False,17,Dzenan Pejcinovic,SUB,0,746775
Wolfsburg,2025-10-18,Stuttgart,home,4-2-3-1,False,8,Bence Dárdai,SUB,0,746775
Wolfsburg,2025-10-18,Stuttgart,home,4-2-3-1,False,7,Andreas Skov Olsen,SUB,0,746775
Wolfsburg,2025-10-18,Stuttgart,home,4-2-3-1,False,29,Marius Müller,SUB,0,746775
Wolfsburg,2025-10-18,Stuttgart,home,4-2-3-1,False,10,Lovro Majer,SUB,0,746775
Stuttgart,2025-10-18,Wolfsburg,away,3-4-2-1,True,33,Alexander Nübel,G,1,746775
Stuttgart,2025-10-18,Wolfsburg,away,3-4-2-1,True,24,Jeff Chabot,CD,5,746775
Stuttgart,2025-10-18,Wolfsburg,away,3-4-2-1,True,3,Ramon Hendriks,CD-L,4,746775
Stuttgart,2025-10-18,Wolfsburg,away,3-4-2-1,True,14,Luca Jaquez,CD-R,6,746775
Stuttgart,2025-10-18,Wolfsburg,away,3-4-2-1,True,6,Angelo Stiller,CM-L,8,746775
Stuttgart,2025-10-18,Wolfsburg,away,3-4-2-1,True,30,Chema Andrés,CM-R,7,746775
Stuttgart,2025-10-18,Wolfsburg,away,3-4-2-1,True,7,Maximilian Mittelstädt,LM,3,746775
Stuttgart,2025-10-18,Wolfsburg,away,3-4-2-1,True,22,Lorenz Assignon,RM,2,746775
Stuttgart,2025-10-18,Wolfsburg,away,3-4-2-1,True,11,Bilal El Khannouss,F,9,746775
Stuttgart,2025-10-18,Wolfsburg,away,3-4-2-1,True,28,Nikolas Nartey,CF-L,11,746775
Stuttgart,2025-10-18,Wolfsburg,away,3-4-2-1,True,8,Tiago Tomás,CF-R,10,746775
Stuttgart,2025-10-18,Wolfsburg,away,3-4-2-1,False,10,Chris Führich,SUB,0,746775
Stuttgart,2025-10-18,Wolfsburg,away,3-4-2-1,False,29,Finn Jeltsch,SUB,0,746775
Stuttgart,2025-10-18,Wolfsburg,away,3-4-2-1,False,1,Fabian Bredlow,SUB,0,746775
Stuttgart,2025-10-18,Wolfsburg,away,3-4-2-1,False,27,Badredine Bouanani,SUB,0,746775
Stuttgart,2025-10-18,Wolfsburg,away,3-4-2-1,False,4,Josha Vagnoman,SUB,0,746775
Stuttgart,2025-10-18,Wolfsburg,away,3-4-2-1,False,45,Lazar Jovanovic,SUB,0,746775
Stuttgart,2025-10-18,Wolfsburg,away,3-4-2-1,False,26,Deniz Undav,SUB,0,746775
Stuttgart,2025-10-18,Wolfsburg,away,3-4-2-1,False,16,Atakan Karazor,SUB,0,746775
Stuttgart,2025-10-18,Wolfsburg,away,3-4-2-1,False,2,Ameen Al Dakhil,SUB,0,746775
Frankfurt,2025-10-25,St Pauli,home,3-1-4-2,False,30,Michy Batshuayi,,0,746784
Frankfurt,2025-10-25,St Pauli,home,3-1-4-2,False,17,Elye Wahi,,0,746784
Frankfurt,2025-10-25,St Pauli,home,3-1-4-2,False,27,Mario Götze,,0,746784
Frankfurt,2025-10-25,St Pauli,home,3-1-4-2,False,5,Aurèle Amenda,,0,746784
Frankfurt,2025-10-25,St Pauli,home,3-1-4-2,False,34,Nnamdi Collins,,0,746784
Frankfurt,2025-10-25,St Pauli,home,3-1-4-2,False,16,Hugo Larsson,,0,746784
Frankfurt,2025-10-25,St Pauli,home,3-1-4-2,False,18,Mahmoud Dahoud,,0,746784
Frankfurt,2025-10-25,St Pauli,home,3-1-4-2,False,40,Kauã Santos,,0,746784
Frankfurt,2025-10-25,St Pauli,home,3-1-4-2,False,19,Jean-Mattéo Bahoya,,0,746784
Frankfurt,2025-10-25,St Pauli,home,3-1-4-2,True,23,Michael Zetterer,G,1,746784
Frankfurt,2025-10-25,St Pauli,home,3-1-4-2,True,4,Robin Koch,CD,4,746784
Frankfurt,2025-10-25,St Pauli,home,3-1-4-2,True,3,Arthur Theate,CD-L,6,746784
Frankfurt,2025-10-25,St Pauli,home,3-1-4-2,True,13,Rasmus Kristensen,CD-R,5,746784
Frankfurt,2025-10-25,St Pauli,home,3-1-4-2,True,15,Ellyes Skhiri,SW,8,746784
Frankfurt,2025-10-25,St Pauli,home,3-1-4-2,True,42,Can Uzun,CM-L,11,746784
Frankfurt,2025-10-25,St Pauli,home,3-1-4-2,True,8,Farès Chaïbi,CM-R,7,746784
Frankfurt,2025-10-25,St Pauli,home,3-1-4-2,True,21,Nathaniel Brown,LM,3,746784
Frankfurt,2025-10-25,St Pauli,home,3-1-4-2,True,20,Ritsu Doan,RM,2,746784
Frankfurt,2025-10-25,St Pauli,home,3-1-4-2,True,9,Jonathan Burkardt,CF-L,10,746784
Frankfurt,2025-10-25,St Pauli,home,3-1-4-2,True,7,Ansgar Knauff,CF-R,9,746784
St Pauli,2025-10-25,Frankfurt,away,3-4-2-1,True,22,Nikola Vasilj,G,1,746784
St Pauli,2025-10-25,Frankfurt,away,3-4-2-1,True,8,Eric Smith,CD,5,746784
St Pauli,2025-10-25,Frankfurt,away,3-4-2-1,True,3,Karol Mets,CD-L,4,746784
St Pauli,2025-10-25,Frankfurt,away,3-4-2-1,True,5,Hauke Wahl,CD-R,6,746784
St Pauli,2025-10-25,Frankfurt,away,3-4-2-1,True,16,Joel Chima Fujita,CM-L,8,746784
St Pauli,2025-10-25,Frankfurt,away,3-4-2-1,True,10,Danel Sinani,CM-R,7,746784
St Pauli,2025-10-25,Frankfurt,away,3-4-2-1,True,23,Louis Oppie,LM,3,746784
St Pauli,2025-10-25,Frankfurt,away,3-4-2-1,True,2,Manolis Saliakas,RM,2,746784
St Pauli,2025-10-25,Frankfurt,away,3-4-2-1,True,19,Martijn Kaars,F,9,746784
St Pauli,2025-10-25,Frankfurt,away,3-4-2-1,True,28,Mathias Pereira Lage,CF-L,11,746784
St Pauli,2025-10-25,Frankfurt,away,3-4-2-1,True,27,Andreas Hountondji,CF-R,10,746784
St Pauli,2025-10-25,Frankfurt,away,3-4-2-1,False,24,Connor Metcalfe,SUB,0,746784
St Pauli,2025-10-25,Frankfurt,away,3-4-2-1,False,25,Adam Dzwigala,SUB,0,746784
St Pauli,2025-10-25,Frankfurt,away,3-4-2-1,False,21,Lars Ritzka,SUB,0,746784
St Pauli,2025-10-25,Frankfurt,away,3-4-2-1,False,9,Abdoulie Ceesay,SUB,0,746784
St Pauli,2025-10-25,Frankfurt,away,3-4-2-1,False,1,Ben Voll,SUB,0,746784
St Pauli,2025-10-25,Frankfurt,away,3-4-2-1,False,7,Jackson Irvine,SUB,0,746784
St Pauli,2025-10-25,Frankfurt,away,3-4-2-1,False,20,Erik Ahlstrand,SUB,0,746784
St Pauli,2025-10-25,Frankfurt,away,3-4-2-1,False,11,Arkadiusz Pyrka,SUB,0,746784
St Pauli,2025-10-25,Frankfurt,away,3-4-2-1,False,17,Oladapo Afolayan,SUB,0,746784
Hamburger SV,2025-10-25,Wolfsburg,home,3-4-3,True,1,Daniel Heuer Fernandes,G,1,746782
Hamburger SV,2025-10-25,Wolfsburg,home,3-4-3,True,44,Luka Vuskovic,CD,5,746782
Hamburger SV,2025-10-25,Wolfsburg,home,3-4-3,True,8,Daniel Elfadli,CD-L,4,746782
Hamburger SV,2025-10-25,Wolfsburg,home,3-4-3,True,24,Nicolás Capaldo,CD-R,6,746782
Hamburger SV,2025-10-25,Wolfsburg,home,3-4-3,True,21,Nicolai Remberg,CM-L,8,746782
Hamburger SV,2025-10-25,Wolfsburg,home,3-4-3,True,6,Albert Sambi Lokonga,CM-R,7,746782
Hamburger SV,2025-10-25,Wolfsburg,home,3-4-3,True,28,Miro Muheim,LM,3,746782
Hamburger SV,2025-10-25,Wolfsburg,home,3-4-3,True,2,William Mikelbrencis,RM,2,746782
Hamburger SV,2025-10-25,Wolfsburg,home,3-4-3,True,11,Ransford-Yeboah Königsdörffer,F,9,746782
Hamburger SV,2025-10-25,Wolfsburg,home,3-4-3,True,7,Jean-Luc Dompé,CF-L,11,746782
Hamburger SV,2025-10-25,Wolfsburg,home,3-4-3,True,14,Rayan Philippe,CF-R,10,746782
Hamburger SV,2025-10-25,Wolfsburg,home,3-4-3,False,38,Alexander Røssing-Lelesiit,SUB,0,746782
Hamburger SV,2025-10-25,Wolfsburg,home,3-4-3,False,26,Daniel Peretz,SUB,0,746782
Hamburger SV,2025-10-25,Wolfsburg,home,3-4-3,False,13,Guilherme Ramos,SUB,0,746782
Hamburger SV,2025-10-25,Wolfsburg,home,3-4-3,False,20,Fabio Vieira,SUB,0,746782
Hamburger SV,2025-10-25,Wolfsburg,home,3-4-3,False,25,Jordan Torunarigha,SUB,0,746782
Hamburger SV,2025-10-25,Wolfsburg,home,3-4-3,False,45,Fabio Baldé,SUB,0,746782
Hamburger SV,2025-10-25,Wolfsburg,home,3-4-3,False,10,Immanuel Pherai,SUB,0,746782
Hamburger SV,2025-10-25,Wolfsburg,home,3-4-3,False,15,Yussuf Poulsen,SUB,0,746782
Hamburger SV,2025-10-25,Wolfsburg,home,3-4-3,False,23,Jonas Meffert,SUB,0,746782
Wolfsburg,2025-10-25,Hamburger SV,away,4-2-3-1,True,1,Kamil Grabara,G,1,746782
Wolfsburg,2025-10-25,Hamburger SV,away,4-2-3-1,True,4,Konstantinos Koulierakis,CD-L,6,746782
Wolfsburg,2025-10-25,Hamburger SV,away,4-2-3-1,True,14,Jenson Seelt,CD-R,5,746782
Wolfsburg,2025-10-25,Hamburger SV,away,4-2-3-1,True,25,Aaron Zehnter,LB,3,746782
Wolfsburg,2025-10-25,Hamburger SV,away,4-2-3-1,True,26,Saël Kumbedi,RB,2,746782
Wolfsburg,2025-10-25,Hamburger SV,away,4-2-3-1,True,24,Christian Eriksen,AM,10,746782
Wolfsburg,2025-10-25,Hamburger SV,away,4-2-3-1,True,5,Vinicius Souza,LM,4,746782
Wolfsburg,2025-10-25,Hamburger SV,away,4-2-3-1,True,27,Maximilian Arnold,RM,8,746782
Wolfsburg,2025-10-25,Hamburger SV,away,4-2-3-1,True,23,Jonas Wind,F,9,746782
Wolfsburg,2025-10-25,Hamburger SV,away,4-2-3-1,True,9,Mohamed Amoura,AM-L,11,746782
Wolfsburg,2025-10-25,Hamburger SV,away,4-2-3-1,True,11,Adam Daghim,AM-R,7,746782
Wolfsburg,2025-10-25,Hamburger SV,away,4-2-3-1,False,29,Marius Müller,SUB,0,746782
Wolfsburg,2025-10-25,Hamburger SV,away,4-2-3-1,False,8,Bence Dárdai,SUB,0,746782
Wolfsburg,2025-10-25,Hamburger SV,away,4-2-3-1,False,17,Dzenan Pejcinovic,SUB,0,746782
Wolfsburg,2025-10-25,Hamburger SV,away,4-2-3-1,False,7,Andreas Skov Olsen,SUB,0,746782
Wolfsburg,2025-10-25,Hamburger SV,away,4-2-3-1,False,10,Lovro Majer,SUB,0,746782
Wolfsburg,2025-10-25,Hamburger SV,away,4-2-3-1,False,32,Mattias Svanberg,SUB,0,746782
Wolfsburg,2025-10-25,Hamburger SV,away,4-2-3-1,False,31,Yannick Gerhardt,SUB,0,746782
Wolfsburg,2025-10-25,Hamburger SV,away,4-2-3-1,False,39,Patrick Wimmer,SUB,0,746782
Wolfsburg,2025-10-25,Hamburger SV,away,4-2-3-1,False,21,Joakim Maehle,SUB,0,746782
Freiburg,2025-10-19,Frankfurt,home,4-2-3-1,True,1,Noah Atubolu,G,1,746774
Freiburg,2025-10-19,Frankfurt,home,4-2-3-1,True,3,Philipp Lienhart,CD-L,6,746774
Freiburg,2025-10-19,Frankfurt,home,4-2-3-1,True,28,Matthias Ginter,CD-R,5,746774
Freiburg,2025-10-19,Frankfurt,home,4-2-3-1,True,33,Jordy Makengo,LB,3,746774
Freiburg,2025-10-19,Frankfurt,home,4-2-3-1,True,17,Lukas Kübler,RB,2,746774
Freiburg,2025-10-19,Frankfurt,home,4-2-3-1,True,9,Lucas Höler,AM,10,746774
Freiburg,2025-10-19,Frankfurt,home,4-2-3-1,True,44,Johan Manzambi,LM,4,746774
Freiburg,2025-10-19,Frankfurt,home,4-2-3-1,True,8,Maximilian Eggestein,RM,8,746774
Freiburg,2025-10-19,Frankfurt,home,4-2-3-1,True,20,Junior Adamu,F,9,746774
Freiburg,2025-10-19,Frankfurt,home,4-2-3-1,True,7,Derry Scherhant,AM-L,11,746774
Freiburg,2025-10-19,Frankfurt,home,4-2-3-1,True,19,Niklas Beste,AM-R,7,746774
Freiburg,2025-10-19,Frankfurt,home,4-2-3-1,False,27,Nicolas Höfler,SUB,0,746774
Freiburg,2025-10-19,Frankfurt,home,4-2-3-1,False,37,Max Rosenfelder,SUB,0,746774
Freiburg,2025-10-19,Frankfurt,home,4-2-3-1,False,30,Christian Günter,SUB,0,746774
Freiburg,2025-10-19,Frankfurt,home,4-2-3-1,False,31,Igor Matanovic,SUB,0,746774
Freiburg,2025-10-19,Frankfurt,home,4-2-3-1,False,24,Jannik Huth,SUB,0,746774
Freiburg,2025-10-19,Frankfurt,home,4-2-3-1,False,18,Eren Dinkci,SUB,0,746774
Freiburg,2025-10-19,Frankfurt,home,4-2-3-1,False,29,Philipp Treu,SUB,0,746774
Freiburg,2025-10-19,Frankfurt,home,4-2-3-1,False,14,Yuito Suzuki,SUB,0,746774
Freiburg,2025-10-19,Frankfurt,home,4-2-3-1,False,32,Vincenzo Grifo,SUB,0,746774
Frankfurt,2025-10-19,Freiburg,away,4-1-4-1,True,40,Kauã Santos,G,1,746774
Frankfurt,2025-10-19,Freiburg,away,4-1-4-1,True,4,Robin Koch,CD-L,6,746774
Frankfurt,2025-10-19,Freiburg,away,4-1-4-1,True,5,Aurèle Amenda,CD-R,5,746774
Frankfurt,2025-10-19,Freiburg,away,4-1-4-1,True,16,Hugo Larsson,DM,4,746774
Frankfurt,2025-10-19,Freiburg,away,4-1-4-1,True,3,Arthur Theate,LB,3,746774
Frankfurt,2025-10-19,Freiburg,away,4-1-4-1,True,13,Rasmus Kristensen,RB,2,746774
Frankfurt,2025-10-19,Freiburg,away,4-1-4-1,True,42,Can Uzun,CM-L,10,746774
Frankfurt,2025-10-19,Freiburg,away,4-1-4-1,True,8,Farès Chaïbi,CM-R,8,746774
Frankfurt,2025-10-19,Freiburg,away,4-1-4-1,True,21,Nathaniel Brown,LM,11,746774
Frankfurt,2025-10-19,Freiburg,away,4-1-4-1,True,20,Ritsu Doan,RM,7,746774
Frankfurt,2025-10-19,Freiburg,away,4-1-4-1,True,9,Jonathan Burkardt,F,9,746774
Frankfurt,2025-10-19,Freiburg,away,4-1-4-1,False,7,Ansgar Knauff,SUB,0,746774
Frankfurt,2025-10-19,Freiburg,away,4-1-4-1,False,34,Nnamdi Collins,SUB,0,746774
Frankfurt,2025-10-19,Freiburg,away,4-1-4-1,False,17,Elye Wahi,SUB,0,746774
Frankfurt,2025-10-19,Freiburg,away,4-1-4-1,False,18,Mahmoud Dahoud,SUB,0,746774
Frankfurt,2025-10-19,Freiburg,away,4-1-4-1,False,27,Mario Götze,SUB,0,746774
Frankfurt,2025-10-19,Freiburg,away,4-1-4-1,False,6,Oscar Højlund,SUB,0,746774
Frankfurt,2025-10-19,Freiburg,away,4-1-4-1,False,15,Ellyes Skhiri,SUB,0,746774
Frankfurt,2025-10-19,Freiburg,away,4-1-4-1,False,19,Jean-Mattéo Bahoya,SUB,0,746774
Frankfurt,2025-10-19,Freiburg,away,4-1-4-1,False,23,Michael Zetterer,SUB,0,746774
Hoffenheim,2025-10-25,Heidenheim,home,4-4-2,True,1,Oliver Baumann,G,1,746789
Hoffenheim,2025-10-25,Heidenheim,home,4-4-2,True,21,Albian Hajdari,CD-L,6,746789
Hoffenheim,2025-10-25,Heidenheim,home,4-4-2,True,2,Robin Hranác,CD-R,5,746789
Hoffenheim,2025-10-25,Heidenheim,home,4-4-2,True,13,Bernardo,LB,3,746789
Hoffenheim,2025-10-25,Heidenheim,home,4-4-2,True,34,Vladimír Coufal,RB,2,746789
Hoffenheim,2025-10-25,Heidenheim,home,4-4-2,True,18,Wouter Burger,CM-L,8,746789
Hoffenheim,2025-10-25,Heidenheim,home,4-4-2,True,7,Leon Avdullahu,CM-R,4,746789
Hoffenheim,2025-10-25,Heidenheim,home,4-4-2,True,29,Bazoumana Touré,LM,11,746789
Hoffenheim,2025-10-25,Heidenheim,home,4-4-2,True,27,Andrej Kramaric,RM,7,746789
Hoffenheim,2025-10-25,Heidenheim,home,4-4-2,True,11,Fisnik Asllani,CF-L,9,746789
Hoffenheim,2025-10-25,Heidenheim,home,4-4-2,True,19,Tim Lemperle,CF-R,10,746789
Hoffenheim,2025-10-25,Heidenheim,home,4-4-2,False,6,Grischa Prömel,SUB,0,746789
Hoffenheim,2025-10-25,Heidenheim,home,4-4-2,False,33,Max Moerstedt,SUB,0,746789
Hoffenheim,2025-10-25,Heidenheim,home,4-4-2,False,17,Umut Tohumcu,SUB,0,746789
Hoffenheim,2025-10-25,Heidenheim,home,4-4-2,False,22,Alexander Prass,SUB,0,746789
Hoffenheim,2025-10-25,Heidenheim,home,4-4-2,False,5,Ozan Kabak,SUB,0,746789
Hoffenheim,2025-10-25,Heidenheim,home,4-4-2,False,10,Muhammed Damar,SUB,0,746789
Hoffenheim,2025-10-25,Heidenheim,home,4-4-2,False,25,Kevin Akpoguma,SUB,0,746789
Hoffenheim,2025-10-25,Heidenheim,home,4-4-2,False,9,Ihlas Bebou,SUB,0,746789
Hoffenheim,2025-10-25,Heidenheim,home,4-4-2,False,37,Luca Philipp,SUB,0,746789
Heidenheim,2025-10-25,Hoffenheim,away,3-4-2-1,True,41,Diant Ramaj,G,1,746789
Heidenheim,2025-10-25,Hoffenheim,away,3-4-2-1,True,5,Benedikt Gimber,CD,5,746789
Heidenheim,2025-10-25,Hoffenheim,away,3-4-2-1,True,4,Tim Siersleben,CD-L,4,746789
Heidenheim,2025-10-25,Hoffenheim,away,3-4-2-1,True,6,Patrick Mainka,CD-R,6,746789
Heidenheim,2025-10-25,Hoffenheim,away,3-4-2-1,True,3,Jan Schöppner,CM-L,8,746789
Heidenheim,2025-10-25,Hoffenheim,away,3-4-2-1,True,30,Niklas Dorsch,CM-R,7,746789
Heidenheim,2025-10-25,Hoffenheim,away,3-4-2-1,True,19,Jonas Föhrenbach,LM,3,746789
Heidenheim,2025-10-25,Hoffenheim,away,3-4-2-1,True,23,Omar-Haktab Traoré,RM,2,746789
Heidenheim,2025-10-25,Hoffenheim,away,3-4-2-1,True,11,Budu Zivzivadze,F,9,746789
Heidenheim,2025-10-25,Hoffenheim,away,3-4-2-1,True,21,Adrian Beck,CF-L,11,746789
Heidenheim,2025-10-25,Hoffenheim,away,3-4-2-1,True,22,Arijon Ibrahimovic,CF-R,10,746789
Heidenheim,2025-10-25,Hoffenheim,away,3-4-2-1,False,2,Marnon Busch,SUB,0,746789
Heidenheim,2025-10-25,Hoffenheim,away,3-4-2-1,False,20,Luca Kerber,SUB,0,746789
Heidenheim,2025-10-25,Hoffenheim,away,3-4-2-1,False,27,Thomas Keller,SUB,0,746789
Heidenheim,2025-10-25,Hoffenheim,away,3-4-2-1,False,16,Julian Niehues,SUB,0,746789
Heidenheim,2025-10-25,Hoffenheim,away,3-4-2-1,False,28,Adam Kölle,SUB,0,746789
Heidenheim,2025-10-25,Hoffenheim,away,3-4-2-1,False,17,Mathias Honsak,SUB,0,746789
Heidenheim,2025-10-25,Hoffenheim,away,3-4-2-1,False,1,Kevin Müller,SUB,0,746789
Heidenheim,2025-10-25,Hoffenheim,away,3-4-2-1,False,18,Marvin Pieringer,SUB,0,746789
Heidenheim,2025-10-25,Hoffenheim,away,3-4-2-1,False,9,Stefan Schimmer,SUB,0,746789
Dortmund,2025-10-25,Köln,home,3-4-2-1,True,1,Gregor Kobel,G,1,746787
Dortmund,2025-10-25,Köln,home,3-4-2-1,True,4,Nico Schlotterbeck,CD,5,746787
Dortmund,2025-10-25,Köln,home,3-4-2-1,True,5,Ramy Bensebaini,CD-L,4,746787
Dortmund,2025-10-25,Köln,home,3-4-2-1,True,3,Waldemar Anton,CD-R,6,746787
Dortmund,2025-10-25,Köln,home,3-4-2-1,True,8,Felix Nmecha,CM-L,8,746787
Dortmund,2025-10-25,Köln,home,3-4-2-1,True,13,Pascal Gross,CM-R,7,746787
Dortmund,2025-10-25,Köln,home,3-4-2-1,True,24,Daniel Svensson,LM,3,746787
Dortmund,2025-10-25,Köln,home,3-4-2-1,True,26,Julian Ryerson,RM,2,746787
Dortmund,2025-10-25,Köln,home,3-4-2-1,True,9,Serhou Guirassy,F,9,746787
Dortmund,2025-10-25,Köln,home,3-4-2-1,True,17,Carney Chukwuemeka,CF-L,11,746787
Dortmund,2025-10-25,Köln,home,3-4-2-1,True,27,Karim Adeyemi,CF-R,10,746787
Dortmund,2025-10-25,Köln,home,3-4-2-1,False,20,Marcel Sabitzer,SUB,0,746787
Dortmund,2025-10-25,Köln,home,3-4-2-1,False,14,Maximilian Beier,SUB,0,746787
Dortmund,2025-10-25,Köln,home,3-4-2-1,False,10,Julian Brandt,SUB,0,746787
Dortmund,2025-10-25,Köln,home,3-4-2-1,False,2,Yan Couto,SUB,0,746787
Dortmund,2025-10-25,Köln,home,3-4-2-1,False,33,Alexander Meyer,SUB,0,746787
Dortmund,2025-10-25,Köln,home,3-4-2-1,False,25,Niklas Süle,SUB,0,746787
Dortmund,2025-10-25,Köln,home,3-4-2-1,False,7,Jobe Bellingham,SUB,0,746787
Dortmund,2025-10-25,Köln,home,3-4-2-1,False,21,Fábio Silva,SUB,0,746787
Dortmund,2025-10-25,Köln,home,3-4-2-1,False,28,Aaron Anselmino,SUB,0,746787
Köln,2025-10-25,Dortmund,away,3-4-2-1,True,1,Marvin Schwäbe,G,1,746787
Köln,2025-10-25,Dortmund,away,3-4-2-1,True,6,Eric Martel,CD,5,746787
Köln,2025-10-25,Dortmund,away,3-4-2-1,True,39,Cenk Özkacar,CD-L,4,746787
Köln,2025-10-25,Dortmund,away,3-4-2-1,True,4,Timo Hübers,CD-R,6,746787
Köln,2025-10-25,Dortmund,away,3-4-2-1,True,8,Denis Huseinbasic,CM-L,8,746787
Köln,2025-10-25,Dortmund,away,3-4-2-1,True,18,Ísak Jóhannesson,CM-R,7,746787
Köln,2025-10-25,Dortmund,away,3-4-2-1,True,32,Kristoffer Lund,LM,3,746787
Köln,2025-10-25,Dortmund,away,3-4-2-1,True,28,Sebastian Sebulonsen,RM,2,746787
Köln,2025-10-25,Dortmund,away,3-4-2-1,True,13,Said El Mala,F,9,746787
Köln,2025-10-25,Dortmund,away,3-4-2-1,True,16,Jakub Kaminski,CF-L,11,746787
Köln,2025-10-25,Dortmund,away,3-4-2-1,True,30,Marius Bulter,CF-R,10,746787
Köln,2025-10-25,Dortmund,away,3-4-2-1,False,11,Florian Kainz,SUB,0,746787
Köln,2025-10-25,Dortmund,away,3-4-2-1,False,2,Joel Schmied,SUB,0,746787
Köln,2025-10-25,Dortmund,away,3-4-2-1,False,3,Dominique Heintz,SUB,0,746787
Köln,2025-10-25,Dortmund,away,3-4-2-1,False,20,Ron-Robert Zieler,SUB,0,746787
Köln,2025-10-25,Dortmund,away,3-4-2-1,False,9,Ragnar Ache,SUB,0,746787
Köln,2025-10-25,Dortmund,away,3-4-2-1,False,7,Luca Waldschmidt,SUB,0,746787
Köln,2025-10-25,Dortmund,away,3-4-2-1,False,17,Alessio Castro-Montes,SUB,0,746787
Köln,2025-10-25,Dortmund,away,3-4-2-1,False,5,Tom Krauss,SUB,0,746787
Köln,2025-10-25,Dortmund,away,3-4-2-1,False,37,Linton Maina,SUB,0,746787
Gladbach,2025-10-25,Bayern Munich,home,5-4-1,True,33,Moritz Nicolas,G,1,746785
Gladbach,2025-10-25,Bayern Munich,home,5-4-1,True,30,Nico Elvedi,CD,5,746785
Gladbach,2025-10-25,Bayern Munich,home,5-4-1,True,4,Kevin Diks,CD-L,4,746785
Gladbach,2025-10-25,Bayern Munich,home,5-4-1,True,16,Philipp Sander,CD-R,6,746785
Gladbach,2025-10-25,Bayern Munich,home,5-4-1,True,20,Luca Netz,LB,3,746785
Gladbach,2025-10-25,Bayern Munich,home,5-4-1,True,17,Jens Castrop,RB,2,746785
Gladbach,2025-10-25,Bayern Munich,home,5-4-1,True,6,Yannick Engelhardt,CM-L,10,746785
Gladbach,2025-10-25,Bayern Munich,home,5-4-1,True,27,Rocco Reitz,CM-R,8,746785
Gladbach,2025-10-25,Bayern Munich,home,5-4-1,True,7,Kevin Stöger,LM,11,746785
Gladbach,2025-10-25,Bayern Munich,home,5-4-1,True,9,Franck Honorat,RM,7,746785
Gladbach,2025-10-25,Bayern Munich,home,5-4-1,True,15,Haris Tabakovic,F,9,746785
Gladbach,2025-10-25,Bayern Munich,home,5-4-1,False,22,Oscar Fraulo,SUB,0,746785
Gladbach,2025-10-25,Bayern Munich,home,5-4-1,False,26,Lukas Ullrich,SUB,0,746785
Gladbach,2025-10-25,Bayern Munich,home,5-4-1,False,13,Giovanni Reyna,SUB,0,746785
Gladbach,2025-10-25,Bayern Munich,home,5-4-1,False,5,Marvin Friedrich,SUB,0,746785
Gladbach,2025-10-25,Bayern Munich,home,5-4-1,False,40,Jan Urbich,SUB,0,746785
Gladbach,2025-10-25,Bayern Munich,home,5-4-1,False,29,Joe Scally,SUB,0,746785
Gladbach,2025-10-25,Bayern Munich,home,5-4-1,False,18,Shuto Machino,SUB,0,746785
Gladbach,2025-10-25,Bayern Munich,home,5-4-1,False,1,Jonas Omlin,SUB,0,746785
Gladbach,2025-10-25,Bayern Munich,home,5-4-1,False,10,Florian Neuhaus,SUB,0,746785
Bayern Munich,2025-10-25,Gladbach,away,4-2-3-1,True,40,Jonas Urbig,G,1,746785
Bayern Munich,2025-10-25,Gladbach,away,4-2-3-1,True,3,Kim Min-Jae,CD-L,6,746785
Bayern Munich,2025-10-25,Gladbach,away,4-2-3-1,True,2,Dayot Upamecano,CD-R,5,746785
Bayern Munich,2025-10-25,Gladbach,away,4-2-3-1,True,20,Tom Bischof,LB,3,746785
Bayern Munich,2025-10-25,Gladbach,away,4-2-3-1,True,23,Sacha Boey,RB,2,746785
Bayern Munich,2025-10-25,Gladbach,away,4-2-3-1,True,9,Harry Kane,AM,10,746785
Bayern Munich,2025-10-25,Gladbach,away,4-2-3-1,True,8,Leon Goretzka,LM,4,746785
Bayern Munich,2025-10-25,Gladbach,away,4-2-3-1,True,6,Joshua Kimmich,RM,8,746785
Bayern Munich,2025-10-25,Gladbach,away,4-2-3-1,True,11,Nicolas Jackson,F,9,746785
Bayern Munich,2025-10-25,Gladbach,away,4-2-3-1,True,14,Luis Díaz,AM-L,11,746785
Bayern Munich,2025-10-25,Gladbach,away,4-2-3-1,True,17,Michael Olise,AM-R,7,746785
Bayern Munich,2025-10-25,Gladbach,away,4-2-3-1,False,45,Aleksandar Pavlovic,SUB,0,746785
Bayern Munich,2025-10-25,Gladbach,away,4-2-3-1,False,36,Wisdom Mike,SUB,0,746785
Bayern Munich,2025-10-25,Gladbach,away,4-2-3-1,False,27,Konrad Laimer,SUB,0,746785
Bayern Munich,2025-10-25,Gladbach,away,4-2-3-1,False,7,Serge Gnabry,SUB,0,746785
Bayern Munich,2025-10-25,Gladbach,away,4-2-3-1,False,42,Lennart Karl,SUB,0,746785
Bayern Munich,2025-10-25,Gladbach,away,4-2-3-1,False,44,Josip Stanisic,SUB,0,746785
Bayern Munich,2025-10-25,Gladbach,away,4-2-3-1,False,1,Manuel Neuer,SUB,0,746785
Bayern Munich,2025-10-25,Gladbach,away,4-2-3-1,False,4,Jonathan Tah,SUB,0,746785
Bayern Munich,2025-10-25,Gladbach,away,4-2-3-1,False,22,Raphaël Guerreiro,SUB,0,746785
Stuttgart,2025-10-26,Mainz 05,home,3-4-2-1,True,33,Alexander Nübel,G,1,746788
Stuttgart,2025-10-26,Mainz 05,home,3-4-2-1,True,23,Dan-Axel Zagadou,CD,5,746788
Stuttgart,2025-10-26,Mainz 05,home,3-4-2-1,True,2,Ameen Al Dakhil,CD-L,4,746788
Stuttgart,2025-10-26,Mainz 05,home,3-4-2-1,True,29,Finn Jeltsch,CD-R,6,746788
Stuttgart,2025-10-26,Mainz 05,home,3-4-2-1,True,28,Nikolas Nartey,CM-L,8,746788
Stuttgart,2025-10-26,Mainz 05,home,3-4-2-1,True,30,Chema Andrés,CM-R,7,746788
Stuttgart,2025-10-26,Mainz 05,home,3-4-2-1,True,4,Josha Vagnoman,LM,3,746788
Stuttgart,2025-10-26,Mainz 05,home,3-4-2-1,True,15,Pascal Stenzel,RM,2,746788
Stuttgart,2025-10-26,Mainz 05,home,3-4-2-1,True,26,Deniz Undav,F,9,746788
Stuttgart,2025-10-26,Mainz 05,home,3-4-2-1,True,10,Chris Führich,CF-L,11,746788
Stuttgart,2025-10-26,Mainz 05,home,3-4-2-1,True,18,Jamie Leweling,CF-R,10,746788
Stuttgart,2025-10-26,Mainz 05,home,3-4-2-1,False,3,Ramon Hendriks,SUB,0,746788
Stuttgart,2025-10-26,Mainz 05,home,3-4-2-1,False,24,Jeff Chabot,SUB,0,746788
Stuttgart,2025-10-26,Mainz 05,home,3-4-2-1,False,1,Fabian Bredlow,SUB,0,746788
Stuttgart,2025-10-26,Mainz 05,home,3-4-2-1,False,8,Tiago Tomás,SUB,0,746788
Stuttgart,2025-10-26,Mainz 05,home,3-4-2-1,False,27,Badredine Bouanani,SUB,0,746788
Stuttgart,2025-10-26,Mainz 05,home,3-4-2-1,False,6,Angelo Stiller,SUB,0,746788
Stuttgart,2025-10-26,Mainz 05,home,3-4-2-1,False,11,Bilal El Khannouss,SUB,0,746788
Stuttgart,2025-10-26,Mainz 05,home,3-4-2-1,False,22,Lorenz Assignon,SUB,0,746788
Stuttgart,2025-10-26,Mainz 05,home,3-4-2-1,False,16,Atakan Karazor,SUB,0,746788
Mainz 05,2025-10-26,Stuttgart,away,3-4-2-1,True,27,Robin Zentner,G,1,746788
Mainz 05,2025-10-26,Stuttgart,away,3-4-2-1,True,16,Stefan Bell,CD,5,746788
Mainz 05,2025-10-26,Stuttgart,away,3-4-2-1,True,31,Dominik Kohr,CD-L,4,746788
Mainz 05,2025-10-26,Stuttgart,away,3-4-2-1,True,21,Danny da Costa,CD-R,6,746788
Mainz 05,2025-10-26,Stuttgart,away,3-4-2-1,True,6,Kaishu Sano,CM-L,8,746788
Mainz 05,2025-10-26,Stuttgart,away,3-4-2-1,True,10,Nadiem Amiri,CM-R,7,746788
Mainz 05,2025-10-26,Stuttgart,away,3-4-2-1,True,30,Silvan Widmer,LM,3,746788
Mainz 05,2025-10-26,Stuttgart,away,3-4-2-1,True,2,Phillipp Mwene,RM,2,746788
Mainz 05,2025-10-26,Stuttgart,away,3-4-2-1,True,17,Benedict Hollerbach,F,9,746788
Mainz 05,2025-10-26,Stuttgart,away,3-4-2-1,True,7,Lee Jae-Sung,CF-L,11,746788
Mainz 05,2025-10-26,Stuttgart,away,3-4-2-1,True,8,Paul Nebel,CF-R,10,746788
Mainz 05,2025-10-26,Stuttgart,away,3-4-2-1,False,24,Sota Kawasaki,SUB,0,746788
Mainz 05,2025-10-26,Stuttgart,away,3-4-2-1,False,11,Armindo Sieb,SUB,0,746788
Mainz 05,2025-10-26,Stuttgart,away,3-4-2-1,False,9,Arnaud Nordin,SUB,0,746788
Mainz 05,2025-10-26,Stuttgart,away,3-4-2-1,False,22,Nikolas Veratschnig,SUB,0,746788
Mainz 05,2025-10-26,Stuttgart,away,3-4-2-1,False,44,Nelson Weiper,SUB,0,746788
Mainz 05,2025-10-26,Stuttgart,away,3-4-2-1,False,15,Lennard Maloney,SUB,0,746788
Mainz 05,2025-10-26,Stuttgart,away,3-4-2-1,False,25,Andreas Hanche-Olsen,SUB,0,746788
Mainz 05,2025-10-26,Stuttgart,away,3-4-2-1,False,37,Ben Bobzien,SUB,0,746788
Mainz 05,2025-10-26,Stuttgart,away,3-4-2-1,False,1,Lasse Rieß,SUB,0,746788
Augsburg,2025-10-31,Dortmund,home,5-4-1,True,1,Finn Dahmen,G,1,746791
Augsburg,2025-10-31,Dortmund,home,5-4-1,True,5,Chrislain Matsima,CD,5,746791
Augsburg,2025-10-31,Dortmund,home,5-4-1,True,31,Keven Schlotterbeck,CD-L,4,746791
Augsburg,2025-10-31,Dortmund,home,5-4-1,True,40,Noahkai Banks,CD-R,6,746791
Augsburg,2025-10-31,Dortmund,home,5-4-1,True,13,Dimitris Giannoulis,LB,3,746791
Augsburg,2025-10-31,Dortmund,home,5-4-1,True,19,Robin Fellhauer,RB,2,746791
Augsburg,2025-10-31,Dortmund,home,5-4-1,True,4,Han-Noah Massengo,CM-L,10,746791
Augsburg,2025-10-31,Dortmund,home,5-4-1,True,8,Elvis Rexhbecaj,CM-R,8,746791
Augsburg,2025-10-31,Dortmund,home,5-4-1,True,20,Alexis Claude-Maurice,LM,11,746791
Augsburg,2025-10-31,Dortmund,home,5-4-1,True,32,Fabian Rieder,RM,7,746791
Augsburg,2025-10-31,Dortmund,home,5-4-1,True,36,Mert Kömür,F,9,746791
Augsburg,2025-10-31,Dortmund,home,5-4-1,False,30,Anton Kade,SUB,0,746791
Augsburg,2025-10-31,Dortmund,home,5-4-1,False,9,Samuel Essende,SUB,0,746791
Augsburg,2025-10-31,Dortmund,home,5-4-1,False,21,Phillip Tietz,SUB,0,746791
Augsburg,2025-10-31,Dortmund,home,5-4-1,False,27,Marius Wolf,SUB,0,746791
Augsburg,2025-10-31,Dortmund,home,5-4-1,False,16,Cédric Zesiger,SUB,0,746791
Augsburg,2025-10-31,Dortmund,home,5-4-1,False,17,Kristijan Jakic,SUB,0,746791
Augsburg,2025-10-31,Dortmund,home,5-4-1,False,26,Elias Saad,SUB,0,746791
Augsburg,2025-10-31,Dortmund,home,5-4-1,False,22,Nediljko Labrovic,SUB,0,746791
Augsburg,2025-10-31,Dortmund,home,5-4-1,False,11,Ismaël Gharbi,SUB,0,746791
Dortmund,2025-10-31,Augsburg,away,3-4-3,True,1,Gregor Kobel,G,1,746791
Dortmund,2025-10-31,Augsburg,away,3-4-3,True,3,Waldemar Anton,CD,5,746791
Dortmund,2025-10-31,Augsburg,away,3-4-3,True,5,Ramy Bensebaini,CD-L,4,746791
Dortmund,2025-10-31,Augsburg,away,3-4-3,True,28,Aaron Anselmino,CD-R,6,746791
Dortmund,2025-10-31,Augsburg,away,3-4-3,True,8,Felix Nmecha,CM-L,8,746791
Dortmund,2025-10-31,Augsburg,away,3-4-3,True,13,Pascal Gross,CM-R,7,746791
Dortmund,2025-10-31,Augsburg,away,3-4-3,True,14,Maximilian Beier,LM,3,746791
Dortmund,2025-10-31,Augsburg,away,3-4-3,True,2,Yan Couto,RM,2,746791
Dortmund,2025-10-31,Augsburg,away,3-4-3,True,9,Serhou Guirassy,F,9,746791
Dortmund,2025-10-31,Augsburg,away,3-4-3,True,10,Julian Brandt,CF-L,11,746791
Dortmund,2025-10-31,Augsburg,away,3-4-3,True,17,Carney Chukwuemeka,CF-R,10,746791
Dortmund,2025-10-31,Augsburg,away,3-4-3,False,33,Alexander Meyer,SUB,0,746791
Dortmund,2025-10-31,Augsburg,away,3-4-3,False,24,Daniel Svensson,SUB,0,746791
Dortmund,2025-10-31,Augsburg,away,3-4-3,False,27,Karim Adeyemi,SUB,0,746791
Dortmund,2025-10-31,Augsburg,away,3-4-3,False,26,Julian Ryerson,SUB,0,746791
Dortmund,2025-10-31,Augsburg,away,3-4-3,False,20,Marcel Sabitzer,SUB,0,746791
Dortmund,2025-10-31,Augsburg,away,3-4-3,False,6,Salih Özcan,SUB,0,746791
Dortmund,2025-10-31,Augsburg,away,3-4-3,False,23,Emre Can,SUB,0,746791
Dortmund,2025-10-31,Augsburg,away,3-4-3,False,7,Jobe Bellingham,SUB,0,746791
Dortmund,2025-10-31,Augsburg,away,3-4-3,False,21,Fábio Silva,SUB,0,746791
Leverkusen,2025-10-26,Freiburg,home,3-4-2-1,True,1,Mark Flekken,G,1,746786
Leverkusen,2025-10-26,Freiburg,home,3-4-2-1,True,5,Loïc Badé,CD,5,746786
Leverkusen,2025-10-26,Freiburg,home,3-4-2-1,True,12,Edmond Tapsoba,CD-L,4,746786
Leverkusen,2025-10-26,Freiburg,home,3-4-2-1,True,4,Jarell Quansah,CD-R,6,746786
Leverkusen,2025-10-26,Freiburg,home,3-4-2-1,True,6,Ezequiel Fernández,CM-L,8,746786
Leverkusen,2025-10-26,Freiburg,home,3-4-2-1,True,24,Aleix García,CM-R,7,746786
Leverkusen,2025-10-26,Freiburg,home,3-4-2-1,True,20,Alejandro Grimaldo,LM,3,746786
Leverkusen,2025-10-26,Freiburg,home,3-4-2-1,True,13,Arthur,RM,2,746786
Leverkusen,2025-10-26,Freiburg,home,3-4-2-1,True,35,Christian Kofane,F,9,746786
Leverkusen,2025-10-26,Freiburg,home,3-4-2-1,True,19,Ernest Poku,CF-L,11,746786
Leverkusen,2025-10-26,Freiburg,home,3-4-2-1,True,7,Jonas Hofmann,CF-R,10,746786
Leverkusen,2025-10-26,Freiburg,home,3-4-2-1,False,11,Martin Terrier,SUB,0,746786
Leverkusen,2025-10-26,Freiburg,home,3-4-2-1,False,9,Claudio Echeverri,SUB,0,746786
Leverkusen,2025-10-26,Freiburg,home,3-4-2-1,False,27,Jeremiah Mensah,SUB,0,746786
Leverkusen,2025-10-26,Freiburg,home,3-4-2-1,False,28,Janis Blaswich,SUB,0,746786
Leverkusen,2025-10-26,Freiburg,home,3-4-2-1,False,30,Ibrahim Maza,SUB,0,746786
Leverkusen,2025-10-26,Freiburg,home,3-4-2-1,False,8,Robert Andrich,SUB,0,746786
Leverkusen,2025-10-26,Freiburg,home,3-4-2-1,False,44,Jeanuël Belocian,SUB,0,746786
Leverkusen,2025-10-26,Freiburg,home,3-4-2-1,False,17,Eliesse Ben Seghir,SUB,0,746786
Leverkusen,2025-10-26,Freiburg,home,3-4-2-1,False,14,Patrik Schick,SUB,0,746786
Freiburg,2025-10-26,Leverkusen,away,4-2-3-1,True,1,Noah Atubolu,G,1,746786
Freiburg,2025-10-26,Leverkusen,away,4-2-3-1,True,3,Philipp Lienhart,CD-L,6,746786
Freiburg,2025-10-26,Leverkusen,away,4-2-3-1,True,28,Matthias Ginter,CD-R,5,746786
Freiburg,2025-10-26,Leverkusen,away,4-2-3-1,True,33,Jordy Makengo,LB,3,746786
Freiburg,2025-10-26,Leverkusen,away,4-2-3-1,True,17,Lukas Kübler,RB,2,746786
Freiburg,2025-10-26,Leverkusen,away,4-2-3-1,True,9,Lucas Höler,AM,10,746786
Freiburg,2025-10-26,Leverkusen,away,4-2-3-1,True,44,Johan Manzambi,LM,4,746786
Freiburg,2025-10-26,Leverkusen,away,4-2-3-1,True,8,Maximilian Eggestein,RM,8,746786
Freiburg,2025-10-26,Leverkusen,away,4-2-3-1,True,20,Junior Adamu,F,9,746786
Freiburg,2025-10-26,Leverkusen,away,4-2-3-1,True,7,Derry Scherhant,AM-L,11,746786
Freiburg,2025-10-26,Leverkusen,away,4-2-3-1,True,29,Philipp Treu,AM-R,7,746786
Freiburg,2025-10-26,Leverkusen,away,4-2-3-1,False,30,Christian Günter,SUB,0,746786
Freiburg,2025-10-26,Leverkusen,away,4-2-3-1,False,21,Florian Müller,SUB,0,746786
Freiburg,2025-10-26,Leverkusen,away,4-2-3-1,False,5,Anthony Jung,SUB,0,746786
Freiburg,2025-10-26,Leverkusen,away,4-2-3-1,False,32,Vincenzo Grifo,SUB,0,746786
Freiburg,2025-10-26,Leverkusen,away,4-2-3-1,False,19,Niklas Beste,SUB,0,746786
Freiburg,2025-10-26,Leverkusen,away,4-2-3-1,False,27,Nicolas Höfler,SUB,0,746786
Freiburg,2025-10-26,Leverkusen,away,4-2-3-1,False,14,Yuito Suzuki,SUB,0,746786
Freiburg,2025-10-26,Leverkusen,away,4-2-3-1,False,37,Max Rosenfelder,SUB,0,746786
Freiburg,2025-10-26,Leverkusen,away,4-2-3-1,False,31,Igor Matanovic,SUB,0,746786
Heidenheim,2025-11-01,Frankfurt,home,4-4-2,True,41,Diant Ramaj,G,1,746797
Heidenheim,2025-11-01,Frankfurt,home,4-4-2,True,4,Tim Siersleben,CD-L,6,746797
Heidenheim,2025-11-01,Frankfurt,home,4-4-2,True,6,Patrick Mainka,CD-R,5,746797
Heidenheim,2025-11-01,Frankfurt,home,4-4-2,True,19,Jonas Föhrenbach,LB,3,746797
Heidenheim,2025-11-01,Frankfurt,home,4-4-2,True,2,Marnon Busch,RB,2,746797
Heidenheim,2025-11-01,Frankfurt,home,4-4-2,True,3,Jan Schöppner,CM-L,8,746797
Heidenheim,2025-11-01,Frankfurt,home,4-4-2,True,16,Julian Niehues,CM-R,4,746797
Heidenheim,2025-11-01,Frankfurt,home,4-4-2,True,17,Mathias Honsak,LM,11,746797
Heidenheim,2025-11-01,Frankfurt,home,4-4-2,True,22,Arijon Ibrahimovic,RM,7,746797
Heidenheim,2025-11-01,Frankfurt,home,4-4-2,True,11,Budu Zivzivadze,CF-L,9,746797
Heidenheim,2025-11-01,Frankfurt,home,4-4-2,True,9,Stefan Schimmer,CF-R,10,746797
Heidenheim,2025-11-01,Frankfurt,home,4-4-2,False,5,Benedikt Gimber,SUB,0,746797
Heidenheim,2025-11-01,Frankfurt,home,4-4-2,False,1,Kevin Müller,SUB,0,746797
Heidenheim,2025-11-01,Frankfurt,home,4-4-2,False,23,Omar-Haktab Traoré,SUB,0,746797
Heidenheim,2025-11-01,Frankfurt,home,4-4-2,False,21,Adrian Beck,SUB,0,746797
Heidenheim,2025-11-01,Frankfurt,home,4-4-2,False,18,Marvin Pieringer,SUB,0,746797
Heidenheim,2025-11-01,Frankfurt,home,4-4-2,False,28,Adam Kölle,SUB,0,746797
Heidenheim,2025-11-01,Frankfurt,home,4-4-2,False,20,Luca Kerber,SUB,0,746797
Heidenheim,2025-11-01,Frankfurt,home,4-4-2,False,30,Niklas Dorsch,SUB,0,746797
Heidenheim,2025-11-01,Frankfurt,home,4-4-2,False,27,Thomas Keller,SUB,0,746797
Frankfurt,2025-11-01,Heidenheim,away,3-4-1-2,True,23,Michael Zetterer,G,1,746797
Frankfurt,2025-11-01,Heidenheim,away,3-4-1-2,True,4,Robin Koch,CD,5,746797
Frankfurt,2025-11-01,Heidenheim,away,3-4-1-2,True,3,Arthur Theate,CD-L,4,746797
Frankfurt,2025-11-01,Heidenheim,away,3-4-1-2,True,13,Rasmus Kristensen,CD-R,6,746797
Frankfurt,2025-11-01,Heidenheim,away,3-4-1-2,True,15,Ellyes Skhiri,CM-L,8,746797
Frankfurt,2025-11-01,Heidenheim,away,3-4-1-2,True,16,Hugo Larsson,CM-R,7,746797
Frankfurt,2025-11-01,Heidenheim,away,3-4-1-2,True,42,Can Uzun,AM,9,746797
Frankfurt,2025-11-01,Heidenheim,away,3-4-1-2,True,21,Nathaniel Brown,LM,3,746797
Frankfurt,2025-11-01,Heidenheim,away,3-4-1-2,True,20,Ritsu Doan,RM,2,746797
Frankfurt,2025-11-01,Heidenheim,away,3-4-1-2,True,7,Ansgar Knauff,CF-L,11,746797
Frankfurt,2025-11-01,Heidenheim,away,3-4-1-2,True,17,Elye Wahi,CF-R,10,746797
Frankfurt,2025-11-01,Heidenheim,away,3-4-1-2,False,40,Kauã Santos,SUB,0,746797
Frankfurt,2025-11-01,Heidenheim,away,3-4-1-2,False,5,Aurèle Amenda,SUB,0,746797
Frankfurt,2025-11-01,Heidenheim,away,3-4-1-2,False,27,Mario Götze,SUB,0,746797
Frankfurt,2025-11-01,Heidenheim,away,3-4-1-2,False,9,Jonathan Burkardt,SUB,0,746797
Frankfurt,2025-11-01,Heidenheim,away,3-4-1-2,False,19,Jean-Mattéo Bahoya,SUB,0,746797
Frankfurt,2025-11-01,Heidenheim,away,3-4-1-2,False,18,Mahmoud Dahoud,SUB,0,746797
Frankfurt,2025-11-01,Heidenheim,away,3-4-1-2,False,30,Michy Batshuayi,SUB,0,746797
Frankfurt,2025-11-01,Heidenheim,away,3-4-1-2,False,8,Farès Chaïbi,SUB,0,746797
Frankfurt,2025-11-01,Heidenheim,away,3-4-1-2,False,34,Nnamdi Collins,SUB,0,746797
Heidenheim,2025-10-18,Werder Bremen,home,4-4-2,True,41,Diant Ramaj,G,1,746777
Heidenheim,2025-10-18,Werder Bremen,home,4-4-2,True,4,Tim Siersleben,CD-L,6,746777
Heidenheim,2025-10-18,Werder Bremen,home,4-4-2,True,6,Patrick Mainka,CD-R,5,746777
Heidenheim,2025-10-18,Werder Bremen,home,4-4-2,True,19,Jonas Föhrenbach,LB,3,746777
Heidenheim,2025-10-18,Werder Bremen,home,4-4-2,True,23,Omar-Haktab Traoré,RB,2,746777
Heidenheim,2025-10-18,Werder Bremen,home,4-4-2,True,30,Niklas Dorsch,CM-L,8,746777
Heidenheim,2025-10-18,Werder Bremen,home,4-4-2,True,3,Jan Schöppner,CM-R,4,746777
Heidenheim,2025-10-18,Werder Bremen,home,4-4-2,True,22,Arijon Ibrahimovic,LM,11,746777
Heidenheim,2025-10-18,Werder Bremen,home,4-4-2,True,21,Adrian Beck,RM,7,746777
Heidenheim,2025-10-18,Werder Bremen,home,4-4-2,True,11,Budu Zivzivadze,CF-L,9,746777
Heidenheim,2025-10-18,Werder Bremen,home,4-4-2,True,29,Mikkel Kaufmann,CF-R,10,746777
Heidenheim,2025-10-18,Werder Bremen,home,4-4-2,False,20,Luca Kerber,SUB,0,746777
Heidenheim,2025-10-18,Werder Bremen,home,4-4-2,False,5,Benedikt Gimber,SUB,0,746777
Heidenheim,2025-10-18,Werder Bremen,home,4-4-2,False,9,Stefan Schimmer,SUB,0,746777
Heidenheim,2025-10-18,Werder Bremen,home,4-4-2,False,17,Mathias Honsak,SUB,0,746777
Heidenheim,2025-10-18,Werder Bremen,home,4-4-2,False,2,Marnon Busch,SUB,0,746777
Heidenheim,2025-10-18,Werder Bremen,home,4-4-2,False,1,Kevin Müller,SUB,0,746777
Heidenheim,2025-10-18,Werder Bremen,home,4-4-2,False,28,Adam Kölle,SUB,0,746777
Heidenheim,2025-10-18,Werder Bremen,home,4-4-2,False,18,Marvin Pieringer,SUB,0,746777
Heidenheim,2025-10-18,Werder Bremen,home,4-4-2,False,16,Julian Niehues,SUB,0,746777
Werder Bremen,2025-10-18,Heidenheim,away,4-3-3,True,30,Mio Backhaus,G,1,746777
Werder Bremen,2025-10-18,Heidenheim,away,4-3-3,True,31,Karim Coulibaly,CD-L,6,746777
Werder Bremen,2025-10-18,Heidenheim,away,4-3-3,True,5,Amos Pieper,CD-R,5,746777
Werder Bremen,2025-10-18,Heidenheim,away,4-3-3,True,32,Marco Friedl,LB,3,746777
Werder Bremen,2025-10-18,Heidenheim,away,4-3-3,True,3,Yukinari Sugawara,RB,2,746777
Werder Bremen,2025-10-18,Heidenheim,away,4-3-3,True,6,Jens Stage,CM,4,746777
Werder Bremen,2025-10-18,Heidenheim,away,4-3-3,True,18,Cameron Puertas,LM,8,746777
Werder Bremen,2025-10-18,Heidenheim,away,4-3-3,True,24,Patrice Covic,RM,7,746777
Werder Bremen,2025-10-18,Heidenheim,away,4-3-3,True,20,Romano Schmid,F,9,746777
Werder Bremen,2025-10-18,Heidenheim,away,4-3-3,True,7,Samuel Mbangula,LF,11,746777
Werder Bremen,2025-10-18,Heidenheim,away,4-3-3,True,17,Marco Grüll,RF,10,746777
Werder Bremen,2025-10-18,Heidenheim,away,4-3-3,False,13,Karl Hein,SUB,0,746777
Werder Bremen,2025-10-18,Heidenheim,away,4-3-3,False,21,Isak Hansen-Aarøen,SUB,0,746777
Werder Bremen,2025-10-18,Heidenheim,away,4-3-3,False,11,Justin Njinmah,SUB,0,746777
Werder Bremen,2025-10-18,Heidenheim,away,4-3-3,False,22,Julian Malatini,SUB,0,746777
Werder Bremen,2025-10-18,Heidenheim,away,4-3-3,False,33,Mick Schmetgens,SUB,0,746777
Werder Bremen,2025-10-18,Heidenheim,away,4-3-3,False,9,Keke Topp,SUB,0,746777
Werder Bremen,2025-10-18,Heidenheim,away,4-3-3,False,10,Leonardo Bittencourt,SUB,0,746777
Werder Bremen,2025-10-18,Heidenheim,away,4-3-3,False,44,Victor Boniface,SUB,0,746777
Werder Bremen,2025-10-18,Heidenheim,away,4-3-3,False,28,Skelly Alvero,SUB,0,746777
Union Berlin,2025-11-01,Freiburg,home,3-4-2-1,True,1,Frederik Ronnow,G,1,746794
Union Berlin,2025-11-01,Freiburg,home,3-4-2-1,True,14,Leopold Querfeld,CD,5,746794
Union Berlin,2025-11-01,Freiburg,home,3-4-2-1,True,4,Diogo Leite,CD-L,4,746794
Union Berlin,2025-11-01,Freiburg,home,3-4-2-1,True,5,Danilho Doekhi,CD-R,6,746794
Union Berlin,2025-11-01,Freiburg,home,3-4-2-1,True,6,Aljoscha Kemlein,CM-L,8,746794
Union Berlin,2025-11-01,Freiburg,home,3-4-2-1,True,8,Rani Khedira,CM-R,7,746794
Union Berlin,2025-11-01,Freiburg,home,3-4-2-1,True,39,Derrick Köhn,LM,3,746794
Union Berlin,2025-11-01,Freiburg,home,3-4-2-1,True,19,Janik Haberer,RM,2,746794
Union Berlin,2025-11-01,Freiburg,home,3-4-2-1,True,23,Andrej Ilic,F,9,746794
Union Berlin,2025-11-01,Freiburg,home,3-4-2-1,True,13,András Schäfer,CF-L,11,746794
Union Berlin,2025-11-01,Freiburg,home,3-4-2-1,True,21,Tim Skarke,CF-R,10,746794
Union Berlin,2025-11-01,Freiburg,home,3-4-2-1,False,28,Christopher Trimmel,SUB,0,746794
Union Berlin,2025-11-01,Freiburg,home,3-4-2-1,False,7,Oliver Burke,SUB,0,746794
Union Berlin,2025-11-01,Freiburg,home,3-4-2-1,False,30,Dmytro Bohdanov,SUB,0,746794
Union Berlin,2025-11-01,Freiburg,home,3-4-2-1,False,33,Alex Král,SUB,0,746794
Union Berlin,2025-11-01,Freiburg,home,3-4-2-1,False,31,Matheo Raab,SUB,0,746794
Union Berlin,2025-11-01,Freiburg,home,3-4-2-1,False,10,Ilyas Ansah,SUB,0,746794
Union Berlin,2025-11-01,Freiburg,home,3-4-2-1,False,15,Tom Rothe,SUB,0,746794
Union Berlin,2025-11-01,Freiburg,home,3-4-2-1,False,34,Stanley N'Soki,SUB,0,746794
Union Berlin,2025-11-01,Freiburg,home,3-4-2-1,False,11,Jeong Woo-Yeong,SUB,0,746794
Freiburg,2025-11-01,Union Berlin,away,4-2-3-1,True,1,Noah Atubolu,G,1,746794
Freiburg,2025-11-01,Union Berlin,away,4-2-3-1,True,37,Max Rosenfelder,CD-L,6,746794
Freiburg,2025-11-01,Union Berlin,away,4-2-3-1,True,28,Matthias Ginter,CD-R,5,746794
Freiburg,2025-11-01,Union Berlin,away,4-2-3-1,True,33,Jordy Makengo,LB,3,746794
Freiburg,2025-11-01,Union Berlin,away,4-2-3-1,True,29,Philipp Treu,RB,2,746794
Freiburg,2025-11-01,Union Berlin,away,4-2-3-1,True,9,Lucas Höler,AM,10,746794
Freiburg,2025-11-01,Union Berlin,away,4-2-3-1,True,44,Johan Manzambi,LM,4,746794
Freiburg,2025-11-01,Union Berlin,away,4-2-3-1,True,8,Maximilian Eggestein,RM,8,746794
Freiburg,2025-11-01,Union Berlin,away,4-2-3-1,True,20,Junior Adamu,F,9,746794
Freiburg,2025-11-01,Union Berlin,away,4-2-3-1,True,32,Vincenzo Grifo,AM-L,11,746794
Freiburg,2025-11-01,Union Berlin,away,4-2-3-1,True,19,Niklas Beste,AM-R,7,746794
Freiburg,2025-11-01,Union Berlin,away,4-2-3-1,False,7,Derry Scherhant,SUB,0,746794
Freiburg,2025-11-01,Union Berlin,away,4-2-3-1,False,21,Florian Müller,SUB,0,746794
Freiburg,2025-11-01,Union Berlin,away,4-2-3-1,False,17,Lukas Kübler,SUB,0,746794
Freiburg,2025-11-01,Union Berlin,away,4-2-3-1,False,5,Anthony Jung,SUB,0,746794
Freiburg,2025-11-01,Union Berlin,away,4-2-3-1,False,14,Yuito Suzuki,SUB,0,746794
Freiburg,2025-11-01,Union Berlin,away,4-2-3-1,False,43,Ifechukwu Ogbus,SUB,0,746794
Freiburg,2025-11-01,Union Berlin,away,4-2-3-1,False,31,Igor Matanovic,SUB,0,746794
Freiburg,2025-11-01,Union Berlin,away,4-2-3-1,False,30,Christian Günter,SUB,0,746794
Freiburg,2025-11-01,Union Berlin,away,4-2-3-1,False,27,Nicolas Höfler,SUB,0,746794
Köln,2025-10-18,Augsburg,home,3-4-2-1,True,1,Marvin Schwäbe,G,1,746780
Köln,2025-10-18,Augsburg,home,3-4-2-1,True,4,Timo Hübers,CD,5,746780
Köln,2025-10-18,Augsburg,home,3-4-2-1,True,3,Dominique Heintz,CD-L,4,746780
Köln,2025-10-18,Augsburg,home,3-4-2-1,True,2,Joel Schmied,CD-R,6,746780
Köln,2025-10-18,Augsburg,home,3-4-2-1,True,6,Eric Martel,CM-L,8,746780
Köln,2025-10-18,Augsburg,home,3-4-2-1,True,18,Ísak Jóhannesson,CM-R,7,746780
Köln,2025-10-18,Augsburg,home,3-4-2-1,True,32,Kristoffer Lund,LM,3,746780
Köln,2025-10-18,Augsburg,home,3-4-2-1,True,28,Sebastian Sebulonsen,RM,2,746780
Köln,2025-10-18,Augsburg,home,3-4-2-1,True,29,Jan Thielmann,F,9,746780
Köln,2025-10-18,Augsburg,home,3-4-2-1,True,16,Jakub Kaminski,CF-L,11,746780
Köln,2025-10-18,Augsburg,home,3-4-2-1,True,7,Luca Waldschmidt,CF-R,10,746780
Köln,2025-10-18,Augsburg,home,3-4-2-1,False,20,Ron-Robert Zieler,SUB,0,746780
Köln,2025-10-18,Augsburg,home,3-4-2-1,False,37,Linton Maina,SUB,0,746780
Köln,2025-10-18,Augsburg,home,3-4-2-1,False,39,Cenk Özkacar,SUB,0,746780
Köln,2025-10-18,Augsburg,home,3-4-2-1,False,11,Florian Kainz,SUB,0,746780
Köln,2025-10-18,Augsburg,home,3-4-2-1,False,5,Tom Krauss,SUB,0,746780
Köln,2025-10-18,Augsburg,home,3-4-2-1,False,30,Marius Bulter,SUB,0,746780
Köln,2025-10-18,Augsburg,home,3-4-2-1,False,9,Ragnar Ache,SUB,0,746780
Köln,2025-10-18,Augsburg,home,3-4-2-1,False,13,Said El Mala,SUB,0,746780
Köln,2025-10-18,Augsburg,home,3-4-2-1,False,8,Denis Huseinbasic,SUB,0,746780
Augsburg,2025-10-18,Köln,away,3-4-2-1,True,1,Finn Dahmen,G,1,746780
Augsburg,2025-10-18,Köln,away,3-4-2-1,True,5,Chrislain Matsima,CD,5,746780
Augsburg,2025-10-18,Köln,away,3-4-2-1,True,40,Noahkai Banks,CD-L,4,746780
Augsburg,2025-10-18,Köln,away,3-4-2-1,True,17,Kristijan Jakic,CD-R,6,746780
Augsburg,2025-10-18,Köln,away,3-4-2-1,True,4,Han-Noah Massengo,CM-L,8,746780
Augsburg,2025-10-18,Köln,away,3-4-2-1,True,19,Robin Fellhauer,CM-R,7,746780
Augsburg,2025-10-18,Köln,away,3-4-2-1,True,13,Dimitris Giannoulis,LM,3,746780
Augsburg,2025-10-18,Köln,away,3-4-2-1,True,30,Anton Kade,RM,2,746780
Augsburg,2025-10-18,Köln,away,3-4-2-1,True,36,Mert Kömür,F,9,746780
Augsburg,2025-10-18,Köln,away,3-4-2-1,True,26,Elias Saad,CF-L,11,746780
Augsburg,2025-10-18,Köln,away,3-4-2-1,True,32,Fabian Rieder,CF-R,10,746780
Augsburg,2025-10-18,Köln,away,3-4-2-1,False,10,Arne Maier,SUB,0,746780
Augsburg,2025-10-18,Köln,away,3-4-2-1,False,9,Samuel Essende,SUB,0,746780
Augsburg,2025-10-18,Köln,away,3-4-2-1,False,20,Alexis Claude-Maurice,SUB,0,746780
Augsburg,2025-10-18,Köln,away,3-4-2-1,False,11,Ismaël Gharbi,SUB,0,746780
Augsburg,2025-10-18,Köln,away,3-4-2-1,False,21,Phillip Tietz,SUB,0,746780
Augsburg,2025-10-18,Köln,away,3-4-2-1,False,22,Nediljko Labrovic,SUB,0,746780
Augsburg,2025-10-18,Köln,away,3-4-2-1,False,16,Cédric Zesiger,SUB,0,746780
Augsburg,2025-10-18,Köln,away,3-4-2-1,False,31,Keven Schlotterbeck,SUB,0,746780
Augsburg,2025-10-18,Köln,away,3-4-2-1,False,27,Marius Wolf,SUB,0,746780
Mainz 05,2025-11-01,Werder Bremen,home,3-4-2-1,True,27,Robin Zentner,G,1,746790
Mainz 05,2025-11-01,Werder Bremen,home,3-4-2-1,True,15,Lennard Maloney,CD,5,746790
Mainz 05,2025-11-01,Werder Bremen,home,3-4-2-1,True,31,Dominik Kohr,CD-L,4,746790
Mainz 05,2025-11-01,Werder Bremen,home,3-4-2-1,True,25,Andreas Hanche-Olsen,CD-R,6,746790
Mainz 05,2025-11-01,Werder Bremen,home,3-4-2-1,True,10,Nadiem Amiri,CM-L,8,746790
Mainz 05,2025-11-01,Werder Bremen,home,3-4-2-1,True,6,Kaishu Sano,CM-R,7,746790
Mainz 05,2025-11-01,Werder Bremen,home,3-4-2-1,True,30,Silvan Widmer,LM,3,746790
Mainz 05,2025-11-01,Werder Bremen,home,3-4-2-1,True,2,Phillipp Mwene,RM,2,746790
Mainz 05,2025-11-01,Werder Bremen,home,3-4-2-1,True,7,Lee Jae-Sung,F,9,746790
Mainz 05,2025-11-01,Werder Bremen,home,3-4-2-1,True,17,Benedict Hollerbach,CF-L,11,746790
Mainz 05,2025-11-01,Werder Bremen,home,3-4-2-1,True,8,Paul Nebel,CF-R,10,746790
Mainz 05,2025-11-01,Werder Bremen,home,3-4-2-1,False,21,Danny da Costa,SUB,0,746790
Mainz 05,2025-11-01,Werder Bremen,home,3-4-2-1,False,22,Nikolas Veratschnig,SUB,0,746790
Mainz 05,2025-11-01,Werder Bremen,home,3-4-2-1,False,16,Stefan Bell,SUB,0,746790
Mainz 05,2025-11-01,Werder Bremen,home,3-4-2-1,False,36,Fabio Moreno Fell,SUB,0,746790
Mainz 05,2025-11-01,Werder Bremen,home,3-4-2-1,False,9,Arnaud Nordin,SUB,0,746790
Mainz 05,2025-11-01,Werder Bremen,home,3-4-2-1,False,24,Sota Kawasaki,SUB,0,746790
Mainz 05,2025-11-01,Werder Bremen,home,3-4-2-1,False,44,Nelson Weiper,SUB,0,746790
Mainz 05,2025-11-01,Werder Bremen,home,3-4-2-1,False,1,Lasse Rieß,SUB,0,746790
Mainz 05,2025-11-01,Werder Bremen,home,3-4-2-1,False,11,Armindo Sieb,SUB,0,746790
Werder Bremen,2025-11-01,Mainz 05,away,4-2-3-1,True,30,Mio Backhaus,G,1,746790
Werder Bremen,2025-11-01,Mainz 05,away,4-2-3-1,True,31,Karim Coulibaly,CD-L,6,746790
Werder Bremen,2025-11-01,Mainz 05,away,4-2-3-1,True,5,Amos Pieper,CD-R,5,746790
Werder Bremen,2025-11-01,Mainz 05,away,4-2-3-1,True,32,Marco Friedl,LB,3,746790
Werder Bremen,2025-11-01,Mainz 05,away,4-2-3-1,True,3,Yukinari Sugawara,RB,2,746790
Werder Bremen,2025-11-01,Mainz 05,away,4-2-3-1,True,20,Romano Schmid,AM,10,746790
Werder Bremen,2025-11-01,Mainz 05,away,4-2-3-1,True,14,Senne Lynen,LM,4,746790
Werder Bremen,2025-11-01,Mainz 05,away,4-2-3-1,True,6,Jens Stage,RM,8,746790
Werder Bremen,2025-11-01,Mainz 05,away,4-2-3-1,True,44,Victor Boniface,F,9,746790
Werder Bremen,2025-11-01,Mainz 05,away,4-2-3-1,True,7,Samuel Mbangula,AM-L,11,746790
Werder Bremen,2025-11-01,Mainz 05,away,4-2-3-1,True,17,Marco Grüll,AM-R,7,746790
Werder Bremen,2025-11-01,Mainz 05,away,4-2-3-1,False,11,Justin Njinmah,SUB,0,746790
Werder Bremen,2025-11-01,Mainz 05,away,4-2-3-1,False,9,Keke Topp,SUB,0,746790
Werder Bremen,2025-11-01,Mainz 05,away,4-2-3-1,False,10,Leonardo Bittencourt,SUB,0,746790
Werder Bremen,2025-11-01,Mainz 05,away,4-2-3-1,False,13,Karl Hein,SUB,0,746790
Werder Bremen,2025-11-01,Mainz 05,away,4-2-3-1,False,23,Isaac Schmidt,SUB,0,746790
Werder Bremen,2025-11-01,Mainz 05,away,4-2-3-1,False,4,Niklas Stark,SUB,0,746790
Werder Bremen,2025-11-01,Mainz 05,away,4-2-3-1,False,24,Patrice Covic,SUB,0,746790
Werder Bremen,2025-11-01,Mainz 05,away,4-2-3-1,False,22,Julian Malatini,SUB,0,746790
Werder Bremen,2025-11-01,Mainz 05,away,4-2-3-1,False,18,Cameron Puertas,SUB,0,746790
Mainz 05,2025-10-18,Leverkusen,home,3-4-2-1,True,1,Lasse Rieß,G,1,746778
Mainz 05,2025-10-18,Leverkusen,home,3-4-2-1,True,16,Stefan Bell,CD,5,746778
Mainz 05,2025-10-18,Leverkusen,home,3-4-2-1,True,31,Dominik Kohr,CD-L,4,746778
Mainz 05,2025-10-18,Leverkusen,home,3-4-2-1,True,21,Danny da Costa,CD-R,6,746778
Mainz 05,2025-10-18,Leverkusen,home,3-4-2-1,True,6,Kaishu Sano,CM-L,8,746778
Mainz 05,2025-10-18,Leverkusen,home,3-4-2-1,True,10,Nadiem Amiri,CM-R,7,746778
Mainz 05,2025-10-18,Leverkusen,home,3-4-2-1,True,2,Phillipp Mwene,LM,3,746778
Mainz 05,2025-10-18,Leverkusen,home,3-4-2-1,True,22,Nikolas Veratschnig,RM,2,746778
Mainz 05,2025-10-18,Leverkusen,home,3-4-2-1,True,17,Benedict Hollerbach,F,9,746778
Mainz 05,2025-10-18,Leverkusen,home,3-4-2-1,True,7,Lee Jae-Sung,CF-L,11,746778
Mainz 05,2025-10-18,Leverkusen,home,3-4-2-1,True,8,Paul Nebel,CF-R,10,746778
Mainz 05,2025-10-18,Leverkusen,home,3-4-2-1,False,33,Daniel Batz,SUB,0,746778
Mainz 05,2025-10-18,Leverkusen,home,3-4-2-1,False,11,Armindo Sieb,SUB,0,746778
Mainz 05,2025-10-18,Leverkusen,home,3-4-2-1,False,24,Sota Kawasaki,SUB,0,746778
Mainz 05,2025-10-18,Leverkusen,home,3-4-2-1,False,14,William Bøving,SUB,0,746778
Mainz 05,2025-10-18,Leverkusen,home,3-4-2-1,False,25,Andreas Hanche-Olsen,SUB,0,746778
Mainz 05,2025-10-18,Leverkusen,home,3-4-2-1,False,30,Silvan Widmer,SUB,0,746778
Mainz 05,2025-10-18,Leverkusen,home,3-4-2-1,False,37,Ben Bobzien,SUB,0,746778
Mainz 05,2025-10-18,Leverkusen,home,3-4-2-1,False,15,Lennard Maloney,SUB,0,746778
Mainz 05,2025-10-18,Leverkusen,home,3-4-2-1,False,9,Arnaud Nordin,SUB,0,746778
Leverkusen,2025-10-18,Mainz 05,away,3-4-2-1,True,1,Mark Flekken,G,1,746778
Leverkusen,2025-10-18,Mainz 05,away,3-4-2-1,True,5,Loïc Badé,CD,5,746778
Leverkusen,2025-10-18,Mainz 05,away,3-4-2-1,True,12,Edmond Tapsoba,CD-L,4,746778
Leverkusen,2025-10-18,Mainz 05,away,3-4-2-1,True,8,Robert Andrich,CD-R,6,746778
Leverkusen,2025-10-18,Mainz 05,away,3-4-2-1,True,24,Aleix García,CM-L,8,746778
Leverkusen,2025-10-18,Mainz 05,away,3-4-2-1,True,6,Ezequiel Fernández,CM-R,7,746778
Leverkusen,2025-10-18,Mainz 05,away,3-4-2-1,True,20,Alejandro Grimaldo,LM,3,746778
Leverkusen,2025-10-18,Mainz 05,away,3-4-2-1,True,13,Arthur,RM,2,746778
Leverkusen,2025-10-18,Mainz 05,away,3-4-2-1,True,35,Christian Kofane,F,9,746778
Leverkusen,2025-10-18,Mainz 05,away,3-4-2-1,True,19,Ernest Poku,CF-L,11,746778
Leverkusen,2025-10-18,Mainz 05,away,3-4-2-1,True,7,Jonas Hofmann,CF-R,10,746778
Leverkusen,2025-10-18,Mainz 05,away,3-4-2-1,False,9,Claudio Echeverri,SUB,0,746778
Leverkusen,2025-10-18,Mainz 05,away,3-4-2-1,False,27,Jeremiah Mensah,SUB,0,746778
Leverkusen,2025-10-18,Mainz 05,away,3-4-2-1,False,30,Ibrahim Maza,SUB,0,746778
Leverkusen,2025-10-18,Mainz 05,away,3-4-2-1,False,11,Martin Terrier,SUB,0,746778
Leverkusen,2025-10-18,Mainz 05,away,3-4-2-1,False,28,Janis Blaswich,SUB,0,746778
Leverkusen,2025-10-18,Mainz 05,away,3-4-2-1,False,42,Montrell Culbreath,SUB,0,746778
Leverkusen,2025-10-18,Mainz 05,away,3-4-2-1,False,44,Jeanuël Belocian,SUB,0,746778
Leverkusen,2025-10-18,Mainz 05,away,3-4-2-1,False,36,Niklas Lomb,SUB,0,746778
Leverkusen,2025-10-18,Mainz 05,away,3-4-2-1,False,17,Eliesse Ben Seghir,SUB,0,746778
Werder Bremen,2025-10-24,Union Berlin,home,4-2-3-1,True,30,Mio Backhaus,G,1,746781
Werder Bremen,2025-10-24,Union Berlin,home,4-2-3-1,True,31,Karim Coulibaly,CD-L,6,746781
Werder Bremen,2025-10-24,Union Berlin,home,4-2-3-1,True,5,Amos Pieper,CD-R,5,746781
Werder Bremen,2025-10-24,Union Berlin,home,4-2-3-1,True,32,Marco Friedl,LB,3,746781
Werder Bremen,2025-10-24,Union Berlin,home,4-2-3-1,True,3,Yukinari Sugawara,RB,2,746781
Werder Bremen,2025-10-24,Union Berlin,home,4-2-3-1,True,20,Romano Schmid,AM,10,746781
Werder Bremen,2025-10-24,Union Berlin,home,4-2-3-1,True,14,Senne Lynen,LM,4,746781
Werder Bremen,2025-10-24,Union Berlin,home,4-2-3-1,True,6,Jens Stage,RM,8,746781
Werder Bremen,2025-10-24,Union Berlin,home,4-2-3-1,True,44,Victor Boniface,F,9,746781
Werder Bremen,2025-10-24,Union Berlin,home,4-2-3-1,True,7,Samuel Mbangula,AM-L,11,746781
Werder Bremen,2025-10-24,Union Berlin,home,4-2-3-1,True,17,Marco Grüll,AM-R,7,746781
Werder Bremen,2025-10-24,Union Berlin,home,4-2-3-1,False,10,Leonardo Bittencourt,SUB,0,746781
Werder Bremen,2025-10-24,Union Berlin,home,4-2-3-1,False,13,Karl Hein,SUB,0,746781
Werder Bremen,2025-10-24,Union Berlin,home,4-2-3-1,False,18,Cameron Puertas,SUB,0,746781
Werder Bremen,2025-10-24,Union Berlin,home,4-2-3-1,False,9,Keke Topp,SUB,0,746781
Werder Bremen,2025-10-24,Union Berlin,home,4-2-3-1,False,22,Julian Malatini,SUB,0,746781
Werder Bremen,2025-10-24,Union Berlin,home,4-2-3-1,False,11,Justin Njinmah,SUB,0,746781
Werder Bremen,2025-10-24,Union Berlin,home,4-2-3-1,False,24,Patrice Covic,SUB,0,746781
Werder Bremen,2025-10-24,Union Berlin,home,4-2-3-1,False,28,Skelly Alvero,SUB,0,746781
Werder Bremen,2025-10-24,Union Berlin,home,4-2-3-1,False,4,Niklas Stark,SUB,0,746781
Union Berlin,2025-10-24,Werder Bremen,away,3-4-2-1,True,1,Frederik Ronnow,G,1,746781
Union Berlin,2025-10-24,Werder Bremen,away,3-4-2-1,True,14,Leopold Querfeld,CD,5,746781
Union Berlin,2025-10-24,Werder Bremen,away,3-4-2-1,True,4,Diogo Leite,CD-L,4,746781
Union Berlin,2025-10-24,Werder Bremen,away,3-4-2-1,True,5,Danilho Doekhi,CD-R,6,746781
Union Berlin,2025-10-24,Werder Bremen,away,3-4-2-1,True,6,Aljoscha Kemlein,CM-L,8,746781
Union Berlin,2025-10-24,Werder Bremen,away,3-4-2-1,True,8,Rani Khedira,CM-R,7,746781
Union Berlin,2025-10-24,Werder Bremen,away,3-4-2-1,True,39,Derrick Köhn,LM,3,746781
Union Berlin,2025-10-24,Werder Bremen,away,3-4-2-1,True,28,Christopher Trimmel,RM,2,746781
Union Berlin,2025-10-24,Werder Bremen,away,3-4-2-1,True,23,Andrej Ilic,F,9,746781
Union Berlin,2025-10-24,Werder Bremen,away,3-4-2-1,True,10,Ilyas Ansah,CF-L,11,746781
Union Berlin,2025-10-24,Werder Bremen,away,3-4-2-1,True,7,Oliver Burke,CF-R,10,746781
Union Berlin,2025-10-24,Werder Bremen,away,3-4-2-1,False,15,Tom Rothe,SUB,0,746781
Union Berlin,2025-10-24,Werder Bremen,away,3-4-2-1,False,13,András Schäfer,SUB,0,746781
Union Berlin,2025-10-24,Werder Bremen,away,3-4-2-1,False,21,Tim Skarke,SUB,0,746781
Union Berlin,2025-10-24,Werder Bremen,away,3-4-2-1,False,27,Marin Ljubicic,SUB,0,746781
Union Berlin,2025-10-24,Werder Bremen,away,3-4-2-1,False,19,Janik Haberer,SUB,0,746781
Union Berlin,2025-10-24,Werder Bremen,away,3-4-2-1,False,31,Matheo Raab,SUB,0,746781
Union Berlin,2025-10-24,Werder Bremen,away,3-4-2-1,False,30,Dmytro Bohdanov,SUB,0,746781
Union Berlin,2025-10-24,Werder Bremen,away,3-4-2-1,False,11,Jeong Woo-Yeong,SUB,0,746781
Union Berlin,2025-10-24,Werder Bremen,away,3-4-2-1,False,34,Stanley N'Soki,SUB,0,746781
RB Leipzig,2025-11-01,Stuttgart,home,4-3-3,True,1,Péter Gulácsi,G,1,746798
RB Leipzig,2025-11-01,Stuttgart,home,4-3-3,True,23,Castello Lukeba,CD-L,6,746798
RB Leipzig,2025-11-01,Stuttgart,home,4-3-3,True,4,Willi Orbán,CD-R,5,746798
RB Leipzig,2025-11-01,Stuttgart,home,4-3-3,True,22,David Raum,LB,3,746798
RB Leipzig,2025-11-01,Stuttgart,home,4-3-3,True,17,Ridle Baku,RB,2,746798
RB Leipzig,2025-11-01,Stuttgart,home,4-3-3,True,13,Nicolas Seiwald,CM,4,746798
RB Leipzig,2025-11-01,Stuttgart,home,4-3-3,True,14,Christoph Baumgartner,LM,8,746798
RB Leipzig,2025-11-01,Stuttgart,home,4-3-3,True,20,Assan Ouédraogo,RM,7,746798
RB Leipzig,2025-11-01,Stuttgart,home,4-3-3,True,40,Rômulo,F,9,746798
RB Leipzig,2025-11-01,Stuttgart,home,4-3-3,True,7,Antonio Nusa,LF,11,746798
RB Leipzig,2025-11-01,Stuttgart,home,4-3-3,True,49,Yan Diomande,RF,10,746798
RB Leipzig,2025-11-01,Stuttgart,home,4-3-3,False,27,Tidiam Gomis,SUB,0,746798
RB Leipzig,2025-11-01,Stuttgart,home,4-3-3,False,6,Ezechiel Banzuzi,SUB,0,746798
RB Leipzig,2025-11-01,Stuttgart,home,4-3-3,False,26,Maarten Vandevoordt,SUB,0,746798
RB Leipzig,2025-11-01,Stuttgart,home,4-3-3,False,5,El Chadaille Bitshiabu,SUB,0,746798
RB Leipzig,2025-11-01,Stuttgart,home,4-3-3,False,11,Conrad Harder,SUB,0,746798
RB Leipzig,2025-11-01,Stuttgart,home,4-3-3,False,24,Xaver Schlager,SUB,0,746798
RB Leipzig,2025-11-01,Stuttgart,home,4-3-3,False,16,Lukas Klostermann,SUB,0,746798
RB Leipzig,2025-11-01,Stuttgart,home,4-3-3,False,33,Andrija Maksimovic,SUB,0,746798
RB Leipzig,2025-11-01,Stuttgart,home,4-3-3,False,9,Johan Bakayoko,SUB,0,746798
Stuttgart,2025-11-01,RB Leipzig,away,3-4-1-2,True,33,Alexander Nübel,G,1,746798
Stuttgart,2025-11-01,RB Leipzig,away,3-4-1-2,True,24,Jeff Chabot,CD,5,746798
Stuttgart,2025-11-01,RB Leipzig,away,3-4-1-2,True,3,Ramon Hendriks,CD-L,4,746798
Stuttgart,2025-11-01,RB Leipzig,away,3-4-1-2,True,14,Luca Jaquez,CD-R,6,746798
Stuttgart,2025-11-01,RB Leipzig,away,3-4-1-2,True,6,Angelo Stiller,CM-L,8,746798
Stuttgart,2025-11-01,RB Leipzig,away,3-4-1-2,True,16,Atakan Karazor,CM-R,7,746798
Stuttgart,2025-11-01,RB Leipzig,away,3-4-1-2,True,11,Bilal El Khannouss,AM,9,746798
Stuttgart,2025-11-01,RB Leipzig,away,3-4-1-2,True,7,Maximilian Mittelstädt,LM,3,746798
Stuttgart,2025-11-01,RB Leipzig,away,3-4-1-2,True,4,Josha Vagnoman,RM,2,746798
Stuttgart,2025-11-01,RB Leipzig,away,3-4-1-2,True,10,Chris Führich,CF-L,11,746798
Stuttgart,2025-11-01,RB Leipzig,away,3-4-1-2,True,26,Deniz Undav,CF-R,10,746798
Stuttgart,2025-11-01,RB Leipzig,away,3-4-1-2,False,27,Badredine Bouanani,SUB,0,746798
Stuttgart,2025-11-01,RB Leipzig,away,3-4-1-2,False,29,Finn Jeltsch,SUB,0,746798
Stuttgart,2025-11-01,RB Leipzig,away,3-4-1-2,False,28,Nikolas Nartey,SUB,0,746798
Stuttgart,2025-11-01,RB Leipzig,away,3-4-1-2,False,15,Pascal Stenzel,SUB,0,746798
Stuttgart,2025-11-01,RB Leipzig,away,3-4-1-2,False,18,Jamie Leweling,SUB,0,746798
Stuttgart,2025-11-01,RB Leipzig,away,3-4-1-2,False,30,Chema Andrés,SUB,0,746798
Stuttgart,2025-11-01,RB Leipzig,away,3-4-1-2,False,2,Ameen Al Dakhil,SUB,0,746798
Stuttgart,2025-11-01,RB Leipzig,away,3-4-1-2,False,1,Fabian Bredlow,SUB,0,746798
Stuttgart,2025-11-01,RB Leipzig,away,3-4-1-2,False,8,Tiago Tomás,SUB,0,746798
St Pauli,2025-11-01,Gladbach,home,3-4-2-1,True,22,Nikola Vasilj,G,1,746793
St Pauli,2025-11-01,Gladbach,home,3-4-2-1,True,8,Eric Smith,CD,5,746793
St Pauli,2025-11-01,Gladbach,home,3-4-2-1,True,3,Karol Mets,CD-L,4,746793
St Pauli,2025-11-01,Gladbach,home,3-4-2-1,True,5,Hauke Wahl,CD-R,6,746793
St Pauli,2025-11-01,Gladbach,home,3-4-2-1,True,16,Joel Chima Fujita,CM-L,8,746793
St Pauli,2025-11-01,Gladbach,home,3-4-2-1,True,6,James Sands,CM-R,7,746793
St Pauli,2025-11-01,Gladbach,home,3-4-2-1,True,23,Louis Oppie,LM,3,746793
St Pauli,2025-11-01,Gladbach,home,3-4-2-1,True,2,Manolis Saliakas,RM,2,746793
St Pauli,2025-11-01,Gladbach,home,3-4-2-1,True,10,Danel Sinani,F,9,746793
St Pauli,2025-11-01,Gladbach,home,3-4-2-1,True,17,Oladapo Afolayan,CF-L,11,746793
St Pauli,2025-11-01,Gladbach,home,3-4-2-1,True,28,Mathias Pereira Lage,CF-R,10,746793
St Pauli,2025-11-01,Gladbach,home,3-4-2-1,False,14,Fin Stevens,SUB,0,746793
St Pauli,2025-11-01,Gladbach,home,3-4-2-1,False,9,Abdoulie Ceesay,SUB,0,746793
St Pauli,2025-11-01,Gladbach,home,3-4-2-1,False,19,Martijn Kaars,SUB,0,746793
St Pauli,2025-11-01,Gladbach,home,3-4-2-1,False,1,Ben Voll,SUB,0,746793
St Pauli,2025-11-01,Gladbach,home,3-4-2-1,False,21,Lars Ritzka,SUB,0,746793
St Pauli,2025-11-01,Gladbach,home,3-4-2-1,False,7,Jackson Irvine,SUB,0,746793
St Pauli,2025-11-01,Gladbach,home,3-4-2-1,False,34,Jannik Robatsch,SUB,0,746793
St Pauli,2025-11-01,Gladbach,home,3-4-2-1,False,27,Andreas Hountondji,SUB,0,746793
St Pauli,2025-11-01,Gladbach,home,3-4-2-1,False,24,Connor Metcalfe,SUB,0,746793
Gladbach,2025-11-01,St Pauli,away,3-4-2-1,True,33,Moritz Nicolas,G,1,746793
Gladbach,2025-11-01,St Pauli,away,3-4-2-1,True,30,Nico Elvedi,CD,5,746793
Gladbach,2025-11-01,St Pauli,away,3-4-2-1,True,4,Kevin Diks,CD-L,4,746793
Gladbach,2025-11-01,St Pauli,away,3-4-2-1,True,16,Philipp Sander,CD-R,6,746793
Gladbach,2025-11-01,St Pauli,away,3-4-2-1,True,6,Yannick Engelhardt,CM-L,8,746793
Gladbach,2025-11-01,St Pauli,away,3-4-2-1,True,27,Rocco Reitz,CM-R,7,746793
Gladbach,2025-11-01,St Pauli,away,3-4-2-1,True,26,Lukas Ullrich,LM,3,746793
Gladbach,2025-11-01,St Pauli,away,3-4-2-1,True,29,Joe Scally,RM,2,746793
Gladbach,2025-11-01,St Pauli,away,3-4-2-1,True,15,Haris Tabakovic,F,9,746793
Gladbach,2025-11-01,St Pauli,away,3-4-2-1,True,10,Florian Neuhaus,CF-L,11,746793
Gladbach,2025-11-01,St Pauli,away,3-4-2-1,True,9,Franck Honorat,CF-R,10,746793
Gladbach,2025-11-01,St Pauli,away,3-4-2-1,False,20,Luca Netz,SUB,0,746793
Gladbach,2025-11-01,St Pauli,away,3-4-2-1,False,40,Jan Urbich,SUB,0,746793
Gladbach,2025-11-01,St Pauli,away,3-4-2-1,False,22,Oscar Fraulo,SUB,0,746793
Gladbach,2025-11-01,St Pauli,away,3-4-2-1,False,7,Kevin Stöger,SUB,0,746793
Gladbach,2025-11-01,St Pauli,away,3-4-2-1,False,13,Giovanni Reyna,SUB,0,746793
Gladbach,2025-11-01,St Pauli,away,3-4-2-1,False,1,Jonas Omlin,SUB,0,746793
Gladbach,2025-11-01,St Pauli,away,3-4-2-1,False,18,Shuto Machino,SUB,0,746793
Gladbach,2025-11-01,St Pauli,away,3-4-2-1,False,5,Marvin Friedrich,SUB,0,746793
Gladbach,2025-11-01,St Pauli,away,3-4-2-1,False,36,Wael Mohya,SUB,0,746793
RB Leipzig,2025-10-18,Hamburger SV,home,4-3-3,True,1,Péter Gulácsi,G,1,746773
RB Leipzig,2025-10-18,Hamburger SV,home,4-3-3,True,23,Castello Lukeba,CD-L,6,746773
RB Leipzig,2025-10-18,Hamburger SV,home,4-3-3,True,4,Willi Orbán,CD-R,5,746773
RB Leipzig,2025-10-18,Hamburger SV,home,4-3-3,True,22,David Raum,LB,3,746773
RB Leipzig,2025-10-18,Hamburger SV,home,4-3-3,True,17,Ridle Baku,RB,2,746773
RB Leipzig,2025-10-18,Hamburger SV,home,4-3-3,True,13,Nicolas Seiwald,CM,4,746773
RB Leipzig,2025-10-18,Hamburger SV,home,4-3-3,True,14,Christoph Baumgartner,LM,8,746773
RB Leipzig,2025-10-18,Hamburger SV,home,4-3-3,True,20,Assan Ouédraogo,RM,7,746773
RB Leipzig,2025-10-18,Hamburger SV,home,4-3-3,True,40,Rômulo,F,9,746773
RB Leipzig,2025-10-18,Hamburger SV,home,4-3-3,True,7,Antonio Nusa,LF,11,746773
RB Leipzig,2025-10-18,Hamburger SV,home,4-3-3,True,9,Johan Bakayoko,RF,10,746773
RB Leipzig,2025-10-18,Hamburger SV,home,4-3-3,False,5,El Chadaille Bitshiabu,SUB,0,746773
RB Leipzig,2025-10-18,Hamburger SV,home,4-3-3,False,33,Andrija Maksimovic,SUB,0,746773
RB Leipzig,2025-10-18,Hamburger SV,home,4-3-3,False,11,Conrad Harder,SUB,0,746773
RB Leipzig,2025-10-18,Hamburger SV,home,4-3-3,False,26,Maarten Vandevoordt,SUB,0,746773
RB Leipzig,2025-10-18,Hamburger SV,home,4-3-3,False,6,Ezechiel Banzuzi,SUB,0,746773
RB Leipzig,2025-10-18,Hamburger SV,home,4-3-3,False,24,Xaver Schlager,SUB,0,746773
RB Leipzig,2025-10-18,Hamburger SV,home,4-3-3,False,49,Yan Diomande,SUB,0,746773
RB Leipzig,2025-10-18,Hamburger SV,home,4-3-3,False,27,Tidiam Gomis,SUB,0,746773
RB Leipzig,2025-10-18,Hamburger SV,home,4-3-3,False,16,Lukas Klostermann,SUB,0,746773
Hamburger SV,2025-10-18,RB Leipzig,away,3-4-3,True,1,Daniel Heuer Fernandes,G,1,746773
Hamburger SV,2025-10-18,RB Leipzig,away,3-4-3,True,44,Luka Vuskovic,CD,5,746773
Hamburger SV,2025-10-18,RB Leipzig,away,3-4-3,True,8,Daniel Elfadli,CD-L,4,746773
Hamburger SV,2025-10-18,RB Leipzig,away,3-4-3,True,24,Nicolás Capaldo,CD-R,6,746773
Hamburger SV,2025-10-18,RB Leipzig,away,3-4-3,True,21,Nicolai Remberg,CM-L,8,746773
Hamburger SV,2025-10-18,RB Leipzig,away,3-4-3,True,6,Albert Sambi Lokonga,CM-R,7,746773
Hamburger SV,2025-10-18,RB Leipzig,away,3-4-3,True,28,Miro Muheim,LM,3,746773
Hamburger SV,2025-10-18,RB Leipzig,away,3-4-3,True,2,William Mikelbrencis,RM,2,746773
Hamburger SV,2025-10-18,RB Leipzig,away,3-4-3,True,11,Ransford-Yeboah Königsdörffer,F,9,746773
Hamburger SV,2025-10-18,RB Leipzig,away,3-4-3,True,7,Jean-Luc Dompé,CF-L,11,746773
Hamburger SV,2025-10-18,RB Leipzig,away,3-4-3,True,14,Rayan Philippe,CF-R,10,746773
Hamburger SV,2025-10-18,RB Leipzig,away,3-4-3,False,26,Daniel Peretz,SUB,0,746773
Hamburger SV,2025-10-18,RB Leipzig,away,3-4-3,False,45,Fabio Baldé,SUB,0,746773
Hamburger SV,2025-10-18,RB Leipzig,away,3-4-3,False,38,Alexander Røssing-Lelesiit,SUB,0,746773
Hamburger SV,2025-10-18,RB Leipzig,away,3-4-3,False,23,Jonas Meffert,SUB,0,746773
Hamburger SV,2025-10-18,RB Leipzig,away,3-4-3,False,13,Guilherme Ramos,SUB,0,746773
Hamburger SV,2025-10-18,RB Leipzig,away,3-4-3,False,15,Yussuf Poulsen,SUB,0,746773
Hamburger SV,2025-10-18,RB Leipzig,away,3-4-3,False,10,Immanuel Pherai,SUB,0,746773
Hamburger SV,2025-10-18,RB Leipzig,away,3-4-3,False,25,Jordan Torunarigha,SUB,0,746773
Hamburger SV,2025-10-18,RB Leipzig,away,3-4-3,False,9,Robert Glatzel,SUB,0,746773
Bayern Munich,2025-10-18,Dortmund,home,4-2-3-1,True,1,Manuel Neuer,G,1,746776
Bayern Munich,2025-10-18,Dortmund,home,4-2-3-1,True,4,Jonathan Tah,CD-L,6,746776
Bayern Munich,2025-10-18,Dortmund,home,4-2-3-1,True,2,Dayot Upamecano,CD-R,5,746776
Bayern Munich,2025-10-18,Dortmund,home,4-2-3-1,True,27,Konrad Laimer,LB,3,746776
Bayern Munich,2025-10-18,Dortmund,home,4-2-3-1,True,23,Sacha Boey,RB,2,746776
Bayern Munich,2025-10-18,Dortmund,home,4-2-3-1,True,9,Harry Kane,AM,10,746776
Bayern Munich,2025-10-18,Dortmund,home,4-2-3-1,True,45,Aleksandar Pavlovic,LM,4,746776
Bayern Munich,2025-10-18,Dortmund,home,4-2-3-1,True,6,Joshua Kimmich,RM,8,746776
Bayern Munich,2025-10-18,Dortmund,home,4-2-3-1,True,11,Nicolas Jackson,F,9,746776
Bayern Munich,2025-10-18,Dortmund,home,4-2-3-1,True,14,Luis Díaz,AM-L,11,746776
Bayern Munich,2025-10-18,Dortmund,home,4-2-3-1,True,17,Michael Olise,AM-R,7,746776
Bayern Munich,2025-10-18,Dortmund,home,4-2-3-1,False,22,Raphaël Guerreiro,SUB,0,746776
Bayern Munich,2025-10-18,Dortmund,home,4-2-3-1,False,8,Leon Goretzka,SUB,0,746776
Bayern Munich,2025-10-18,Dortmund,home,4-2-3-1,False,47,David Daiber,SUB,0,746776
Bayern Munich,2025-10-18,Dortmund,home,4-2-3-1,False,26,Sven Ulreich,SUB,0,746776
Bayern Munich,2025-10-18,Dortmund,home,4-2-3-1,False,42,Lennart Karl,SUB,0,746776
Bayern Munich,2025-10-18,Dortmund,home,4-2-3-1,False,36,Wisdom Mike,SUB,0,746776
Bayern Munich,2025-10-18,Dortmund,home,4-2-3-1,False,20,Tom Bischof,SUB,0,746776
Bayern Munich,2025-10-18,Dortmund,home,4-2-3-1,False,40,Jonas Urbig,SUB,0,746776
Bayern Munich,2025-10-18,Dortmund,home,4-2-3-1,False,3,Kim Min-Jae,SUB,0,746776
Dortmund,2025-10-18,Bayern Munich,away,3-4-2-1,True,1,Gregor Kobel,G,1,746776
Dortmund,2025-10-18,Bayern Munich,away,3-4-2-1,True,3,Waldemar Anton,CD,5,746776
Dortmund,2025-10-18,Bayern Munich,away,3-4-2-1,True,4,Nico Schlotterbeck,CD-L,4,746776
Dortmund,2025-10-18,Bayern Munich,away,3-4-2-1,True,25,Niklas Süle,CD-R,6,746776
Dortmund,2025-10-18,Bayern Munich,away,3-4-2-1,True,20,Marcel Sabitzer,CM-L,8,746776
Dortmund,2025-10-18,Bayern Munich,away,3-4-2-1,True,13,Pascal Gross,CM-R,7,746776
Dortmund,2025-10-18,Bayern Munich,away,3-4-2-1,True,24,Daniel Svensson,LM,3,746776
Dortmund,2025-10-18,Bayern Munich,away,3-4-2-1,True,26,Julian Ryerson,RM,2,746776
Dortmund,2025-10-18,Bayern Munich,away,3-4-2-1,True,9,Serhou Guirassy,F,9,746776
Dortmund,2025-10-18,Bayern Munich,away,3-4-2-1,True,8,Felix Nmecha,CF-L,11,746776
Dortmund,2025-10-18,Bayern Munich,away,3-4-2-1,True,27,Karim Adeyemi,CF-R,10,746776
Dortmund,2025-10-18,Bayern Munich,away,3-4-2-1,False,17,Carney Chukwuemeka,SUB,0,746776
Dortmund,2025-10-18,Bayern Munich,away,3-4-2-1,False,5,Ramy Bensebaini,SUB,0,746776
Dortmund,2025-10-18,Bayern Munich,away,3-4-2-1,False,7,Jobe Bellingham,SUB,0,746776
Dortmund,2025-10-18,Bayern Munich,away,3-4-2-1,False,2,Yan Couto,SUB,0,746776
Dortmund,2025-10-18,Bayern Munich,away,3-4-2-1,False,14,Maximilian Beier,SUB,0,746776
Dortmund,2025-10-18,Bayern Munich,away,3-4-2-1,False,21,Fábio Silva,SUB,0,746776
Dortmund,2025-10-18,Bayern Munich,away,3-4-2-1,False,10,Julian Brandt,SUB,0,746776
Dortmund,2025-10-18,Bayern Munich,away,3-4-2-1,False,33,Alexander Meyer,SUB,0,746776
Dortmund,2025-10-18,Bayern Munich,away,3-4-2-1,False,6,Salih Özcan,SUB,0,746776
St Pauli,2025-10-19,Hoffenheim,home,3-4-1-2,True,22,Nikola Vasilj,G,1,746772
St Pauli,2025-10-19,Hoffenheim,home,3-4-1-2,True,8,Eric Smith,CD,5,746772
St Pauli,2025-10-19,Hoffenheim,home,3-4-1-2,True,21,Lars Ritzka,CD-L,4,746772
St Pauli,2025-10-19,Hoffenheim,home,3-4-1-2,True,25,Adam Dzwigala,CD-R,6,746772
St Pauli,2025-10-19,Hoffenheim,home,3-4-1-2,True,16,Joel Chima Fujita,CM-L,8,746772
St Pauli,2025-10-19,Hoffenheim,home,3-4-1-2,True,6,James Sands,CM-R,7,746772
St Pauli,2025-10-19,Hoffenheim,home,3-4-1-2,True,10,Danel Sinani,AM,9,746772
St Pauli,2025-10-19,Hoffenheim,home,3-4-1-2,True,23,Louis Oppie,LM,3,746772
St Pauli,2025-10-19,Hoffenheim,home,3-4-1-2,True,11,Arkadiusz Pyrka,RM,2,746772
St Pauli,2025-10-19,Hoffenheim,home,3-4-1-2,True,28,Mathias Pereira Lage,CF-L,11,746772
St Pauli,2025-10-19,Hoffenheim,home,3-4-1-2,True,19,Martijn Kaars,CF-R,10,746772
St Pauli,2025-10-19,Hoffenheim,home,3-4-1-2,False,24,Connor Metcalfe,SUB,0,746772
St Pauli,2025-10-19,Hoffenheim,home,3-4-1-2,False,2,Manolis Saliakas,SUB,0,746772
St Pauli,2025-10-19,Hoffenheim,home,3-4-1-2,False,17,Oladapo Afolayan,SUB,0,746772
St Pauli,2025-10-19,Hoffenheim,home,3-4-1-2,False,9,Abdoulie Ceesay,SUB,0,746772
St Pauli,2025-10-19,Hoffenheim,home,3-4-1-2,False,27,Andreas Hountondji,SUB,0,746772
St Pauli,2025-10-19,Hoffenheim,home,3-4-1-2,False,3,Karol Mets,SUB,0,746772
St Pauli,2025-10-19,Hoffenheim,home,3-4-1-2,False,1,Ben Voll,SUB,0,746772
St Pauli,2025-10-19,Hoffenheim,home,3-4-1-2,False,20,Erik Ahlstrand,SUB,0,746772
St Pauli,2025-10-19,Hoffenheim,home,3-4-1-2,False,7,Jackson Irvine,SUB,0,746772
Hoffenheim,2025-10-19,St Pauli,away,4-4-2,True,1,Oliver Baumann,G,1,746772
Hoffenheim,2025-10-19,St Pauli,away,4-4-2,True,21,Albian Hajdari,CD-L,6,746772
Hoffenheim,2025-10-19,St Pauli,away,4-4-2,True,2,Robin Hranác,CD-R,5,746772
Hoffenheim,2025-10-19,St Pauli,away,4-4-2,True,13,Bernardo,LB,3,746772
Hoffenheim,2025-10-19,St Pauli,away,4-4-2,True,34,Vladimír Coufal,RB,2,746772
Hoffenheim,2025-10-19,St Pauli,away,4-4-2,True,7,Leon Avdullahu,CM-L,8,746772
Hoffenheim,2025-10-19,St Pauli,away,4-4-2,True,18,Wouter Burger,CM-R,4,746772
Hoffenheim,2025-10-19,St Pauli,away,4-4-2,True,29,Bazoumana Touré,LM,11,746772
Hoffenheim,2025-10-19,St Pauli,away,4-4-2,True,27,Andrej Kramaric,RM,7,746772
Hoffenheim,2025-10-19,St Pauli,away,4-4-2,True,11,Fisnik Asllani,CF-L,9,746772
Hoffenheim,2025-10-19,St Pauli,away,4-4-2,True,19,Tim Lemperle,CF-R,10,746772
Hoffenheim,2025-10-19,St Pauli,away,4-4-2,False,33,Max Moerstedt,SUB,0,746772
Hoffenheim,2025-10-19,St Pauli,away,4-4-2,False,10,Muhammed Damar,SUB,0,746772
Hoffenheim,2025-10-19,St Pauli,away,4-4-2,False,35,Arthur Chaves,SUB,0,746772
Hoffenheim,2025-10-19,St Pauli,away,4-4-2,False,17,Umut Tohumcu,SUB,0,746772
Hoffenheim,2025-10-19,St Pauli,away,4-4-2,False,22,Alexander Prass,SUB,0,746772
Hoffenheim,2025-10-19,St Pauli,away,4-4-2,False,9,Ihlas Bebou,SUB,0,746772
Hoffenheim,2025-10-19,St Pauli,away,4-4-2,False,37,Luca Philipp,SUB,0,746772
Hoffenheim,2025-10-19,St Pauli,away,4-4-2,False,5,Ozan Kabak,SUB,0,746772
Hoffenheim,2025-10-19,St Pauli,away,4-4-2,False,6,Grischa Prömel,SUB,0,746772
Bayern Munich,2025-11-01,Leverkusen,home,4-2-3-1,True,1,Manuel Neuer,G,1,746792
Bayern Munich,2025-11-01,Leverkusen,home,4-2-3-1,True,4,Jonathan Tah,CD-L,6,746792
Bayern Munich,2025-11-01,Leverkusen,home,4-2-3-1,True,3,Kim Min-Jae,CD-R,5,746792
Bayern Munich,2025-11-01,Leverkusen,home,4-2-3-1,True,20,Tom Bischof,LB,3,746792
Bayern Munich,2025-11-01,Leverkusen,home,4-2-3-1,True,27,Konrad Laimer,RB,2,746792
Bayern Munich,2025-11-01,Leverkusen,home,4-2-3-1,True,22,Raphaël Guerreiro,AM,10,746792
Bayern Munich,2025-11-01,Leverkusen,home,4-2-3-1,True,8,Leon Goretzka,LM,4,746792
Bayern Munich,2025-11-01,Leverkusen,home,4-2-3-1,True,6,Joshua Kimmich,RM,8,746792
Bayern Munich,2025-11-01,Leverkusen,home,4-2-3-1,True,11,Nicolas Jackson,F,9,746792
Bayern Munich,2025-11-01,Leverkusen,home,4-2-3-1,True,7,Serge Gnabry,AM-L,11,746792
Bayern Munich,2025-11-01,Leverkusen,home,4-2-3-1,True,42,Lennart Karl,AM-R,7,746792
Bayern Munich,2025-11-01,Leverkusen,home,4-2-3-1,False,14,Luis Díaz,SUB,0,746792
Bayern Munich,2025-11-01,Leverkusen,home,4-2-3-1,False,2,Dayot Upamecano,SUB,0,746792
Bayern Munich,2025-11-01,Leverkusen,home,4-2-3-1,False,9,Harry Kane,SUB,0,746792
Bayern Munich,2025-11-01,Leverkusen,home,4-2-3-1,False,36,Wisdom Mike,SUB,0,746792
Bayern Munich,2025-11-01,Leverkusen,home,4-2-3-1,False,23,Sacha Boey,SUB,0,746792
Bayern Munich,2025-11-01,Leverkusen,home,4-2-3-1,False,45,Aleksandar Pavlovic,SUB,0,746792
Bayern Munich,2025-11-01,Leverkusen,home,4-2-3-1,False,40,Jonas Urbig,SUB,0,746792
Bayern Munich,2025-11-01,Leverkusen,home,4-2-3-1,False,17,Michael Olise,SUB,0,746792
Bayern Munich,2025-11-01,Leverkusen,home,4-2-3-1,False,44,Josip Stanisic,SUB,0,746792
Leverkusen,2025-11-01,Bayern Munich,away,5-4-1,True,1,Mark Flekken,G,1,746792
Leverkusen,2025-11-01,Bayern Munich,away,5-4-1,True,5,Loïc Badé,CD,5,746792
Leverkusen,2025-11-01,Bayern Munich,away,5-4-1,True,12,Edmond Tapsoba,CD-L,4,746792
Leverkusen,2025-11-01,Bayern Munich,away,5-4-1,True,4,Jarell Quansah,CD-R,6,746792
Leverkusen,2025-11-01,Bayern Munich,away,5-4-1,True,44,Jeanuël Belocian,LB,3,746792
Leverkusen,2025-11-01,Bayern Munich,away,5-4-1,True,13,Arthur,RB,2,746792
Leverkusen,2025-11-01,Bayern Munich,away,5-4-1,True,24,Aleix García,CM-L,10,746792
Leverkusen,2025-11-01,Bayern Munich,away,5-4-1,True,8,Robert Andrich,CM-R,8,746792
Leverkusen,2025-11-01,Bayern Munich,away,5-4-1,True,19,Ernest Poku,LM,11,746792
Leverkusen,2025-11-01,Bayern Munich,away,5-4-1,True,9,Claudio Echeverri,RM,7,746792
Leverkusen,2025-11-01,Bayern Munich,away,5-4-1,True,14,Patrik Schick,F,9,746792
Leverkusen,2025-11-01,Bayern Munich,away,5-4-1,False,20,Alejandro Grimaldo,SUB,0,746792
Leverkusen,2025-11-01,Bayern Munich,away,5-4-1,False,18,Alejo Sarco,SUB,0,746792
Leverkusen,2025-11-01,Bayern Munich,away,5-4-1,False,35,Christian Kofane,SUB,0,746792
Leverkusen,2025-11-01,Bayern Munich,away,5-4-1,False,30,Ibrahim Maza,SUB,0,746792
Leverkusen,2025-11-01,Bayern Munich,away,5-4-1,False,27,Jeremiah Mensah,SUB,0,746792
Leverkusen,2025-11-01,Bayern Munich,away,5-4-1,False,17,Eliesse Ben Seghir,SUB,0,746792
Leverkusen,2025-11-01,Bayern Munich,away,5-4-1,False,11,Martin Terrier,SUB,0,746792
Leverkusen,2025-11-01,Bayern Munich,away,5-4-1,False,7,Jonas Hofmann,SUB,0,746792
Leverkusen,2025-11-01,Bayern Munich,away,5-4-1,False,28,Janis Blaswich,SUB,0,746792
Augsburg,2025-10-25,RB Leipzig,home,3-4-2-1,True,1,Finn Dahmen,G,1,746783
Augsburg,2025-10-25,RB Leipzig,home,3-4-2-1,True,5,Chrislain Matsima,CD,5,746783
Augsburg,2025-10-25,RB Leipzig,home,3-4-2-1,True,40,Noahkai Banks,CD-L,4,746783
Augsburg,2025-10-25,RB Leipzig,home,3-4-2-1,True,17,Kristijan Jakic,CD-R,6,746783
Augsburg,2025-10-25,RB Leipzig,home,3-4-2-1,True,19,Robin Fellhauer,CM-L,8,746783
Augsburg,2025-10-25,RB Leipzig,home,3-4-2-1,True,4,Han-Noah Massengo,CM-R,7,746783
Augsburg,2025-10-25,RB Leipzig,home,3-4-2-1,True,13,Dimitris Giannoulis,LM,3,746783
Augsburg,2025-10-25,RB Leipzig,home,3-4-2-1,True,30,Anton Kade,RM,2,746783
Augsburg,2025-10-25,RB Leipzig,home,3-4-2-1,True,26,Elias Saad,F,9,746783
Augsburg,2025-10-25,RB Leipzig,home,3-4-2-1,True,20,Alexis Claude-Maurice,CF-L,11,746783
Augsburg,2025-10-25,RB Leipzig,home,3-4-2-1,True,32,Fabian Rieder,CF-R,10,746783
Augsburg,2025-10-25,RB Leipzig,home,3-4-2-1,False,31,Keven Schlotterbeck,SUB,0,746783
Augsburg,2025-10-25,RB Leipzig,home,3-4-2-1,False,16,Cédric Zesiger,SUB,0,746783
Augsburg,2025-10-25,RB Leipzig,home,3-4-2-1,False,22,Nediljko Labrovic,SUB,0,746783
Augsburg,2025-10-25,RB Leipzig,home,3-4-2-1,False,28,Aiman Dardari,SUB,0,746783
Augsburg,2025-10-25,RB Leipzig,home,3-4-2-1,False,11,Ismaël Gharbi,SUB,0,746783
Augsburg,2025-10-25,RB Leipzig,home,3-4-2-1,False,9,Samuel Essende,SUB,0,746783
Augsburg,2025-10-25,RB Leipzig,home,3-4-2-1,False,8,Elvis Rexhbecaj,SUB,0,746783
Augsburg,2025-10-25,RB Leipzig,home,3-4-2-1,False,21,Phillip Tietz,SUB,0,746783
Augsburg,2025-10-25,RB Leipzig,home,3-4-2-1,False,27,Marius Wolf,SUB,0,746783
RB Leipzig,2025-10-25,Augsburg,away,4-3-3,True,1,Péter Gulácsi,G,1,746783
RB Leipzig,2025-10-25,Augsburg,away,4-3-3,True,23,Castello Lukeba,CD-L,6,746783
RB Leipzig,2025-10-25,Augsburg,away,4-3-3,True,4,Willi Orbán,CD-R,5,746783
RB Leipzig,2025-10-25,Augsburg,away,4-3-3,True,22,David Raum,LB,3,746783
RB Leipzig,2025-10-25,Augsburg,away,4-3-3,True,17,Ridle Baku,RB,2,746783
RB Leipzig,2025-10-25,Augsburg,away,4-3-3,True,13,Nicolas Seiwald,CM,4,746783
RB Leipzig,2025-10-25,Augsburg,away,4-3-3,True,14,Christoph Baumgartner,LM,8,746783
RB Leipzig,2025-10-25,Augsburg,away,4-3-3,True,20,Assan Ouédraogo,RM,7,746783
RB Leipzig,2025-10-25,Augsburg,away,4-3-3,True,40,Rômulo,F,9,746783
RB Leipzig,2025-10-25,Augsburg,away,4-3-3,True,7,Antonio Nusa,LF,11,746783
RB Leipzig,2025-10-25,Augsburg,away,4-3-3,True,49,Yan Diomande,RF,10,746783
RB Leipzig,2025-10-25,Augsburg,away,4-3-3,False,16,Lukas Klostermann,SUB,0,746783
RB Leipzig,2025-10-25,Augsburg,away,4-3-3,False,27,Tidiam Gomis,SUB,0,746783
RB Leipzig,2025-10-25,Augsburg,away,4-3-3,False,11,Conrad Harder,SUB,0,746783
RB Leipzig,2025-10-25,Augsburg,away,4-3-3,False,5,El Chadaille Bitshiabu,SUB,0,746783
RB Leipzig,2025-10-25,Augsburg,away,4-3-3,False,33,Andrija Maksimovic,SUB,0,746783
RB Leipzig,2025-10-25,Augsburg,away,4-3-3,False,26,Maarten Vandevoordt,SUB,0,746783
RB Leipzig,2025-10-25,Augsburg,away,4-3-3,False,9,Johan Bakayoko,SUB,0,746783
RB Leipzig,2025-10-25,Augsburg,away,4-3-3,False,24,Xaver Schlager,SUB,0,746783
RB Leipzig,2025-10-25,Augsburg,away,4-3-3,False,6,Ezechiel Banzuzi,SUB,0,746783
Köln,2025-11-02,Hamburger SV,home,3-4-1-2,True,1,Marvin Schwäbe,G,1,746796
Köln,2025-11-02,Hamburger SV,home,3-4-1-2,True,6,Eric Martel,CD,5,746796
Köln,2025-11-02,Hamburger SV,home,3-4-1-2,True,39,Cenk Özkacar,CD-L,4,746796
Köln,2025-11-02,Hamburger SV,home,3-4-1-2,True,2,Joel Schmied,CD-R,6,746796
Köln,2025-11-02,Hamburger SV,home,3-4-1-2,True,8,Denis Huseinbasic,CM-L,8,746796
Köln,2025-11-02,Hamburger SV,home,3-4-1-2,True,18,Ísak Jóhannesson,CM-R,7,746796
Köln,2025-11-02,Hamburger SV,home,3-4-1-2,True,11,Florian Kainz,AM,9,746796
Köln,2025-11-02,Hamburger SV,home,3-4-1-2,True,32,Kristoffer Lund,LM,3,746796
Köln,2025-11-02,Hamburger SV,home,3-4-1-2,True,16,Jakub Kaminski,RM,2,746796
Köln,2025-11-02,Hamburger SV,home,3-4-1-2,True,37,Linton Maina,CF-L,11,746796
Köln,2025-11-02,Hamburger SV,home,3-4-1-2,True,9,Ragnar Ache,CF-R,10,746796
Köln,2025-11-02,Hamburger SV,home,3-4-1-2,False,13,Said El Mala,SUB,0,746796
Köln,2025-11-02,Hamburger SV,home,3-4-1-2,False,3,Dominique Heintz,SUB,0,746796
Köln,2025-11-02,Hamburger SV,home,3-4-1-2,False,28,Sebastian Sebulonsen,SUB,0,746796
Köln,2025-11-02,Hamburger SV,home,3-4-1-2,False,5,Tom Krauss,SUB,0,746796
Köln,2025-11-02,Hamburger SV,home,3-4-1-2,False,20,Ron-Robert Zieler,SUB,0,746796
Köln,2025-11-02,Hamburger SV,home,3-4-1-2,False,7,Luca Waldschmidt,SUB,0,746796
Köln,2025-11-02,Hamburger SV,home,3-4-1-2,False,25,Jusuf Gazibegovic,SUB,0,746796
Köln,2025-11-02,Hamburger SV,home,3-4-1-2,False,30,Marius Bulter,SUB,0,746796
Köln,2025-11-02,Hamburger SV,home,3-4-1-2,False,17,Alessio Castro-Montes,SUB,0,746796
Hamburger SV,2025-11-02,Köln,away,3-4-2-1,True,1,Daniel Heuer Fernandes,G,1,746796
Hamburger SV,2025-11-02,Köln,away,3-4-2-1,True,44,Luka Vuskovic,CD,5,746796
Hamburger SV,2025-11-02,Köln,away,3-4-2-1,True,8,Daniel Elfadli,CD-L,4,746796
Hamburger SV,2025-11-02,Köln,away,3-4-2-1,True,21,Nicolai Remberg,CD-R,6,746796
Hamburger SV,2025-11-02,Köln,away,3-4-2-1,True,6,Albert Sambi Lokonga,CM-L,8,746796
Hamburger SV,2025-11-02,Köln,away,3-4-2-1,True,20,Fabio Vieira,CM-R,7,746796
Hamburger SV,2025-11-02,Köln,away,3-4-2-1,True,28,Miro Muheim,LM,3,746796
Hamburger SV,2025-11-02,Köln,away,3-4-2-1,True,2,William Mikelbrencis,RM,2,746796
Hamburger SV,2025-11-02,Köln,away,3-4-2-1,True,11,Ransford-Yeboah Königsdörffer,F,9,746796
Hamburger SV,2025-11-02,Köln,away,3-4-2-1,True,7,Jean-Luc Dompé,CF-L,11,746796
Hamburger SV,2025-11-02,Köln,away,3-4-2-1,True,14,Rayan Philippe,CF-R,10,746796
Hamburger SV,2025-11-02,Köln,away,3-4-2-1,False,16,Giorgi Gocholeishvili,SUB,0,746796
Hamburger SV,2025-11-02,Köln,away,3-4-2-1,False,15,Yussuf Poulsen,SUB,0,746796
Hamburger SV,2025-11-02,Köln,away,3-4-2-1,False,38,Alexander Røssing-Lelesiit,SUB,0,746796
Hamburger SV,2025-11-02,Köln,away,3-4-2-1,False,10,Immanuel Pherai,SUB,0,746796
Hamburger SV,2025-11-02,Köln,away,3-4-2-1,False,9,Robert Glatzel,SUB,0,746796
Hamburger SV,2025-11-02,Köln,away,3-4-2-1,False,22,Aboubaka Soumahoro,SUB,0,746796
Hamburger SV,2025-11-02,Köln,away,3-4-2-1,False,23,Jonas Meffert,SUB,0,746796
Hamburger SV,2025-11-02,Köln,away,3-4-2-1,False,26,Daniel Peretz,SUB,0,746796
Hamburger SV,2025-11-02,Köln,away,3-4-2-1,False,25,Jordan Torunarigha,SUB,0,746796
Leverkusen,2025-11-08,Heidenheim,home,3-4-2-1,True,1,Mark Flekken,G,1,746799
Leverkusen,2025-11-08,Heidenheim,home,3-4-2-1,True,5,Loïc Badé,CD,5,746799
Leverkusen,2025-11-08,Heidenheim,home,3-4-2-1,True,12,Edmond Tapsoba,CD-L,4,746799
Leverkusen,2025-11-08,Heidenheim,home,3-4-2-1,True,8,Robert Andrich,CD-R,6,746799
Leverkusen,2025-11-08,Heidenheim,home,3-4-2-1,True,24,Aleix García,CM-L,8,746799
Leverkusen,2025-11-08,Heidenheim,home,3-4-2-1,True,30,Ibrahim Maza,CM-R,7,746799
Leverkusen,2025-11-08,Heidenheim,home,3-4-2-1,True,20,Alejandro Grimaldo,LM,3,746799
Leverkusen,2025-11-08,Heidenheim,home,3-4-2-1,True,13,Arthur,RM,2,746799
Leverkusen,2025-11-08,Heidenheim,home,3-4-2-1,True,14,Patrik Schick,F,9,746799
Leverkusen,2025-11-08,Heidenheim,home,3-4-2-1,True,19,Ernest Poku,CF-L,11,746799
Leverkusen,2025-11-08,Heidenheim,home,3-4-2-1,True,7,Jonas Hofmann,CF-R,10,746799
Leverkusen,2025-11-08,Heidenheim,home,3-4-2-1,False,11,Martin Terrier,SUB,0,746799
Leverkusen,2025-11-08,Heidenheim,home,3-4-2-1,False,18,Alejo Sarco,SUB,0,746799
Leverkusen,2025-11-08,Heidenheim,home,3-4-2-1,False,4,Jarell Quansah,SUB,0,746799
Leverkusen,2025-11-08,Heidenheim,home,3-4-2-1,False,28,Janis Blaswich,SUB,0,746799
Leverkusen,2025-11-08,Heidenheim,home,3-4-2-1,False,35,Christian Kofane,SUB,0,746799
Leverkusen,2025-11-08,Heidenheim,home,3-4-2-1,False,10,Malik Tillman,SUB,0,746799
Leverkusen,2025-11-08,Heidenheim,home,3-4-2-1,False,9,Claudio Echeverri,SUB,0,746799
Leverkusen,2025-11-08,Heidenheim,home,3-4-2-1,False,17,Eliesse Ben Seghir,SUB,0,746799
Leverkusen,2025-11-08,Heidenheim,home,3-4-2-1,False,44,Jeanuël Belocian,SUB,0,746799
Heidenheim,2025-11-08,Leverkusen,away,4-3-2-1,True,41,Diant Ramaj,G,1,746799
Heidenheim,2025-11-08,Leverkusen,away,4-3-2-1,True,4,Tim Siersleben,CD-L,6,746799
Heidenheim,2025-11-08,Leverkusen,away,4-3-2-1,True,6,Patrick Mainka,CD-R,5,746799
Heidenheim,2025-11-08,Leverkusen,away,4-3-2-1,True,19,Jonas Föhrenbach,LB,3,746799
Heidenheim,2025-11-08,Leverkusen,away,4-3-2-1,True,23,Omar-Haktab Traoré,RB,2,746799
Heidenheim,2025-11-08,Leverkusen,away,4-3-2-1,True,3,Jan Schöppner,CM,4,746799
Heidenheim,2025-11-08,Leverkusen,away,4-3-2-1,True,16,Julian Niehues,CM-L,7,746799
Heidenheim,2025-11-08,Leverkusen,away,4-3-2-1,True,2,Marnon Busch,CM-R,8,746799
Heidenheim,2025-11-08,Leverkusen,away,4-3-2-1,True,11,Budu Zivzivadze,F,9,746799
Heidenheim,2025-11-08,Leverkusen,away,4-3-2-1,True,17,Mathias Honsak,CF-L,11,746799
Heidenheim,2025-11-08,Leverkusen,away,4-3-2-1,True,22,Arijon Ibrahimovic,CF-R,10,746799
Heidenheim,2025-11-08,Leverkusen,away,4-3-2-1,False,30,Niklas Dorsch,SUB,0,746799
Heidenheim,2025-11-08,Leverkusen,away,4-3-2-1,False,5,Benedikt Gimber,SUB,0,746799
Heidenheim,2025-11-08,Leverkusen,away,4-3-2-1,False,27,Thomas Keller,SUB,0,746799
Heidenheim,2025-11-08,Leverkusen,away,4-3-2-1,False,28,Adam Kölle,SUB,0,746799
Heidenheim,2025-11-08,Leverkusen,away,4-3-2-1,False,20,Luca Kerber,SUB,0,746799
Heidenheim,2025-11-08,Leverkusen,away,4-3-2-1,False,1,Kevin Müller,SUB,0,746799
Heidenheim,2025-11-08,Leverkusen,away,4-3-2-1,False,21,Adrian Beck,SUB,0,746799
Heidenheim,2025-11-08,Leverkusen,away,4-3-2-1,False,18,Marvin Pieringer,SUB,0,746799
Heidenheim,2025-11-08,Leverkusen,away,4-3-2-1,False,9,Stefan Schimmer,SUB,0,746799
Werder Bremen,2025-11-07,Wolfsburg,home,4-2-3-1,True,30,Mio Backhaus,G,1,746804
Werder Bremen,2025-11-07,Wolfsburg,home,4-2-3-1,True,31,Karim Coulibaly,CD-L,6,746804
Werder Bremen,2025-11-07,Wolfsburg,home,4-2-3-1,True,5,Amos Pieper,CD-R,5,746804
Werder Bremen,2025-11-07,Wolfsburg,home,4-2-3-1,True,32,Marco Friedl,LB,3,746804
Werder Bremen,2025-11-07,Wolfsburg,home,4-2-3-1,True,3,Yukinari Sugawara,RB,2,746804
Werder Bremen,2025-11-07,Wolfsburg,home,4-2-3-1,True,20,Romano Schmid,AM,10,746804
Werder Bremen,2025-11-07,Wolfsburg,home,4-2-3-1,True,14,Senne Lynen,LM,4,746804
Werder Bremen,2025-11-07,Wolfsburg,home,4-2-3-1,True,6,Jens Stage,RM,8,746804
Werder Bremen,2025-11-07,Wolfsburg,home,4-2-3-1,True,9,Keke Topp,F,9,746804
Werder Bremen,2025-11-07,Wolfsburg,home,4-2-3-1,True,17,Marco Grüll,AM-L,11,746804
Werder Bremen,2025-11-07,Wolfsburg,home,4-2-3-1,True,11,Justin Njinmah,AM-R,7,746804
Werder Bremen,2025-11-07,Wolfsburg,home,4-2-3-1,False,10,Leonardo Bittencourt,SUB,0,746804
Werder Bremen,2025-11-07,Wolfsburg,home,4-2-3-1,False,24,Patrice Covic,SUB,0,746804
Werder Bremen,2025-11-07,Wolfsburg,home,4-2-3-1,False,18,Cameron Puertas,SUB,0,746804
Werder Bremen,2025-11-07,Wolfsburg,home,4-2-3-1,False,7,Samuel Mbangula,SUB,0,746804
Werder Bremen,2025-11-07,Wolfsburg,home,4-2-3-1,False,22,Julian Malatini,SUB,0,746804
Werder Bremen,2025-11-07,Wolfsburg,home,4-2-3-1,False,44,Victor Boniface,SUB,0,746804
Werder Bremen,2025-11-07,Wolfsburg,home,4-2-3-1,False,28,Skelly Alvero,SUB,0,746804
Werder Bremen,2025-11-07,Wolfsburg,home,4-2-3-1,False,23,Isaac Schmidt,SUB,0,746804
Werder Bremen,2025-11-07,Wolfsburg,home,4-2-3-1,False,13,Karl Hein,SUB,0,746804
Wolfsburg,2025-11-07,Werder Bremen,away,4-2-3-1,True,1,Kamil Grabara,G,1,746804
Wolfsburg,2025-11-07,Werder Bremen,away,4-2-3-1,True,15,Moritz Jenz,CD-L,6,746804
Wolfsburg,2025-11-07,Werder Bremen,away,4-2-3-1,True,14,Jenson Seelt,CD-R,5,746804
Wolfsburg,2025-11-07,Werder Bremen,away,4-2-3-1,True,25,Aaron Zehnter,LB,3,746804
Wolfsburg,2025-11-07,Werder Bremen,away,4-2-3-1,True,26,Saël Kumbedi,RB,2,746804
Wolfsburg,2025-11-07,Werder Bremen,away,4-2-3-1,True,24,Christian Eriksen,AM,10,746804
Wolfsburg,2025-11-07,Werder Bremen,away,4-2-3-1,True,5,Vinicius Souza,LM,4,746804
Wolfsburg,2025-11-07,Werder Bremen,away,4-2-3-1,True,27,Maximilian Arnold,RM,8,746804
Wolfsburg,2025-11-07,Werder Bremen,away,4-2-3-1,True,9,Mohamed Amoura,F,9,746804
Wolfsburg,2025-11-07,Werder Bremen,away,4-2-3-1,True,32,Mattias Svanberg,AM-L,11,746804
Wolfsburg,2025-11-07,Werder Bremen,away,4-2-3-1,True,11,Adam Daghim,AM-R,7,746804
Wolfsburg,2025-11-07,Werder Bremen,away,4-2-3-1,False,17,Dzenan Pejcinovic,SUB,0,746804
Wolfsburg,2025-11-07,Werder Bremen,away,4-2-3-1,False,12,Pavao Pervan,SUB,0,746804
Wolfsburg,2025-11-07,Werder Bremen,away,4-2-3-1,False,39,Patrick Wimmer,SUB,0,746804
Wolfsburg,2025-11-07,Werder Bremen,away,4-2-3-1,False,3,Denis Vavro,SUB,0,746804
Wolfsburg,2025-11-07,Werder Bremen,away,4-2-3-1,False,4,Konstantinos Koulierakis,SUB,0,746804
Wolfsburg,2025-11-07,Werder Bremen,away,4-2-3-1,False,37,Pharell Hensel,SUB,0,746804
Wolfsburg,2025-11-07,Werder Bremen,away,4-2-3-1,False,7,Andreas Skov Olsen,SUB,0,746804
Wolfsburg,2025-11-07,Werder Bremen,away,4-2-3-1,False,41,Jan Bürger,SUB,0,746804
Wolfsburg,2025-11-07,Werder Bremen,away,4-2-3-1,False,23,Jonas Wind,SUB,0,746804
Hoffenheim,2025-11-08,RB Leipzig,home,3-5-1-1,True,1,Oliver Baumann,G,1,746805
Hoffenheim,2025-11-08,RB Leipzig,home,3-5-1-1,True,21,Albian Hajdari,CD,5,746805
Hoffenheim,2025-11-08,RB Leipzig,home,3-5-1-1,True,13,Bernardo,CD-L,4,746805
Hoffenheim,2025-11-08,RB Leipzig,home,3-5-1-1,True,2,Robin Hranác,CD-R,6,746805
Hoffenheim,2025-11-08,RB Leipzig,home,3-5-1-1,True,6,Grischa Prömel,CM-L,8,746805
Hoffenheim,2025-11-08,RB Leipzig,home,3-5-1-1,True,18,Wouter Burger,CM-R,7,746805
Hoffenheim,2025-11-08,RB Leipzig,home,3-5-1-1,True,7,Leon Avdullahu,AM,11,746805
Hoffenheim,2025-11-08,RB Leipzig,home,3-5-1-1,True,29,Bazoumana Touré,LM,3,746805
Hoffenheim,2025-11-08,RB Leipzig,home,3-5-1-1,True,34,Vladimír Coufal,RM,2,746805
Hoffenheim,2025-11-08,RB Leipzig,home,3-5-1-1,True,19,Tim Lemperle,F,9,746805
Hoffenheim,2025-11-08,RB Leipzig,home,3-5-1-1,True,27,Andrej Kramaric,RCF,10,746805
Hoffenheim,2025-11-08,RB Leipzig,home,3-5-1-1,False,33,Max Moerstedt,SUB,0,746805
Hoffenheim,2025-11-08,RB Leipzig,home,3-5-1-1,False,11,Fisnik Asllani,SUB,0,746805
Hoffenheim,2025-11-08,RB Leipzig,home,3-5-1-1,False,22,Alexander Prass,SUB,0,746805
Hoffenheim,2025-11-08,RB Leipzig,home,3-5-1-1,False,37,Luca Philipp,SUB,0,746805
Hoffenheim,2025-11-08,RB Leipzig,home,3-5-1-1,False,35,Arthur Chaves,SUB,0,746805
Hoffenheim,2025-11-08,RB Leipzig,home,3-5-1-1,False,9,Ihlas Bebou,SUB,0,746805
Hoffenheim,2025-11-08,RB Leipzig,home,3-5-1-1,False,10,Muhammed Damar,SUB,0,746805
Hoffenheim,2025-11-08,RB Leipzig,home,3-5-1-1,False,17,Umut Tohumcu,SUB,0,746805
Hoffenheim,2025-11-08,RB Leipzig,home,3-5-1-1,False,5,Ozan Kabak,SUB,0,746805
RB Leipzig,2025-11-08,Hoffenheim,away,4-3-3,True,1,Péter Gulácsi,G,1,746805
RB Leipzig,2025-11-08,Hoffenheim,away,4-3-3,True,5,El Chadaille Bitshiabu,CD-L,6,746805
RB Leipzig,2025-11-08,Hoffenheim,away,4-3-3,True,4,Willi Orbán,CD-R,5,746805
RB Leipzig,2025-11-08,Hoffenheim,away,4-3-3,True,22,David Raum,LB,3,746805
RB Leipzig,2025-11-08,Hoffenheim,away,4-3-3,True,17,Ridle Baku,RB,2,746805
RB Leipzig,2025-11-08,Hoffenheim,away,4-3-3,True,13,Nicolas Seiwald,CM,4,746805
RB Leipzig,2025-11-08,Hoffenheim,away,4-3-3,True,14,Christoph Baumgartner,LM,8,746805
RB Leipzig,2025-11-08,Hoffenheim,away,4-3-3,True,20,Assan Ouédraogo,RM,7,746805
RB Leipzig,2025-11-08,Hoffenheim,away,4-3-3,True,40,Rômulo,F,9,746805
RB Leipzig,2025-11-08,Hoffenheim,away,4-3-3,True,7,Antonio Nusa,LF,11,746805
RB Leipzig,2025-11-08,Hoffenheim,away,4-3-3,True,49,Yan Diomande,RF,10,746805
RB Leipzig,2025-11-08,Hoffenheim,away,4-3-3,False,8,Amadou Haidara,SUB,0,746805
RB Leipzig,2025-11-08,Hoffenheim,away,4-3-3,False,26,Maarten Vandevoordt,SUB,0,746805
RB Leipzig,2025-11-08,Hoffenheim,away,4-3-3,False,6,Ezechiel Banzuzi,SUB,0,746805
RB Leipzig,2025-11-08,Hoffenheim,away,4-3-3,False,11,Conrad Harder,SUB,0,746805
RB Leipzig,2025-11-08,Hoffenheim,away,4-3-3,False,16,Lukas Klostermann,SUB,0,746805
RB Leipzig,2025-11-08,Hoffenheim,away,4-3-3,False,9,Johan Bakayoko,SUB,0,746805
RB Leipzig,2025-11-08,Hoffenheim,away,4-3-3,False,27,Tidiam Gomis,SUB,0,746805
RB Leipzig,2025-11-08,Hoffenheim,away,4-3-3,False,33,Andrija Maksimovic,SUB,0,746805
RB Leipzig,2025-11-08,Hoffenheim,away,4-3-3,False,23,Castello Lukeba,SUB,0,746805
Wolfsburg,2025-11-02,Hoffenheim,home,4-2-3-1,True,1,Kamil Grabara,G,1,746795
Wolfsburg,2025-11-02,Hoffenheim,home,4-2-3-1,True,4,Konstantinos Koulierakis,CD-L,6,746795
Wolfsburg,2025-11-02,Hoffenheim,home,4-2-3-1,True,14,Jenson Seelt,CD-R,5,746795
Wolfsburg,2025-11-02,Hoffenheim,home,4-2-3-1,True,25,Aaron Zehnter,LB,3,746795
Wolfsburg,2025-11-02,Hoffenheim,home,4-2-3-1,True,26,Saël Kumbedi,RB,2,746795
Wolfsburg,2025-11-02,Hoffenheim,home,4-2-3-1,True,24,Christian Eriksen,AM,10,746795
Wolfsburg,2025-11-02,Hoffenheim,home,4-2-3-1,True,5,Vinicius Souza,LM,4,746795
Wolfsburg,2025-11-02,Hoffenheim,home,4-2-3-1,True,27,Maximilian Arnold,RM,8,746795
Wolfsburg,2025-11-02,Hoffenheim,home,4-2-3-1,True,9,Mohamed Amoura,F,9,746795
Wolfsburg,2025-11-02,Hoffenheim,home,4-2-3-1,True,32,Mattias Svanberg,AM-L,11,746795
Wolfsburg,2025-11-02,Hoffenheim,home,4-2-3-1,True,11,Adam Daghim,AM-R,7,746795
Wolfsburg,2025-11-02,Hoffenheim,home,4-2-3-1,False,29,Marius Müller,SUB,0,746795
Wolfsburg,2025-11-02,Hoffenheim,home,4-2-3-1,False,23,Jonas Wind,SUB,0,746795
Wolfsburg,2025-11-02,Hoffenheim,home,4-2-3-1,False,10,Lovro Majer,SUB,0,746795
Wolfsburg,2025-11-02,Hoffenheim,home,4-2-3-1,False,3,Denis Vavro,SUB,0,746795
Wolfsburg,2025-11-02,Hoffenheim,home,4-2-3-1,False,8,Bence Dárdai,SUB,0,746795
Wolfsburg,2025-11-02,Hoffenheim,home,4-2-3-1,False,17,Dzenan Pejcinovic,SUB,0,746795
Wolfsburg,2025-11-02,Hoffenheim,home,4-2-3-1,False,7,Andreas Skov Olsen,SUB,0,746795
Wolfsburg,2025-11-02,Hoffenheim,home,4-2-3-1,False,15,Moritz Jenz,SUB,0,746795
Wolfsburg,2025-11-02,Hoffenheim,home,4-2-3-1,False,31,Yannick Gerhardt,SUB,0,746795
Hoffenheim,2025-11-02,Wolfsburg,away,3-5-1-1,True,1,Oliver Baumann,G,1,746795
Hoffenheim,2025-11-02,Wolfsburg,away,3-5-1-1,True,21,Albian Hajdari,CD,5,746795
Hoffenheim,2025-11-02,Wolfsburg,away,3-5-1-1,True,13,Bernardo,CD-L,4,746795
Hoffenheim,2025-11-02,Wolfsburg,away,3-5-1-1,True,2,Robin Hranác,CD-R,6,746795
Hoffenheim,2025-11-02,Wolfsburg,away,3-5-1-1,True,18,Wouter Burger,CM-L,8,746795
Hoffenheim,2025-11-02,Wolfsburg,away,3-5-1-1,True,6,Grischa Prömel,CM-R,7,746795
Hoffenheim,2025-11-02,Wolfsburg,away,3-5-1-1,True,7,Leon Avdullahu,AM,11,746795
Hoffenheim,2025-11-02,Wolfsburg,away,3-5-1-1,True,29,Bazoumana Touré,LM,3,746795
Hoffenheim,2025-11-02,Wolfsburg,away,3-5-1-1,True,34,Vladimír Coufal,RM,2,746795
Hoffenheim,2025-11-02,Wolfsburg,away,3-5-1-1,True,19,Tim Lemperle,F,9,746795
Hoffenheim,2025-11-02,Wolfsburg,away,3-5-1-1,True,11,Fisnik Asllani,RCF,10,746795
Hoffenheim,2025-11-02,Wolfsburg,away,3-5-1-1,False,33,Max Moerstedt,SUB,0,746795
Hoffenheim,2025-11-02,Wolfsburg,away,3-5-1-1,False,37,Luca Philipp,SUB,0,746795
Hoffenheim,2025-11-02,Wolfsburg,away,3-5-1-1,False,10,Muhammed Damar,SUB,0,746795
Hoffenheim,2025-11-02,Wolfsburg,away,3-5-1-1,False,22,Alexander Prass,SUB,0,746795
Hoffenheim,2025-11-02,Wolfsburg,away,3-5-1-1,False,5,Ozan Kabak,SUB,0,746795
Hoffenheim,2025-11-02,Wolfsburg,away,3-5-1-1,False,25,Kevin Akpoguma,SUB,0,746795
Hoffenheim,2025-11-02,Wolfsburg,away,3-5-1-1,False,17,Umut Tohumcu,SUB,0,746795
Hoffenheim,2025-11-02,Wolfsburg,away,3-5-1-1,False,27,Andrej Kramaric,SUB,0,746795
Hoffenheim,2025-11-02,Wolfsburg,away,3-5-1-1,False,9,Ihlas Bebou,SUB,0,746795
Stuttgart,2025-11-09,Augsburg,home,4-2-3-1,True,33,Alexander Nübel,G,1,746802
Stuttgart,2025-11-09,Augsburg,home,4-2-3-1,True,23,Dan-Axel Zagadou,CD-L,6,746802
Stuttgart,2025-11-09,Augsburg,home,4-2-3-1,True,29,Finn Jeltsch,CD-R,5,746802
Stuttgart,2025-11-09,Augsburg,home,4-2-3-1,True,7,Maximilian Mittelstädt,LB,3,746802
Stuttgart,2025-11-09,Augsburg,home,4-2-3-1,True,22,Lorenz Assignon,RB,2,746802
Stuttgart,2025-11-09,Augsburg,home,4-2-3-1,True,11,Bilal El Khannouss,AM,10,746802
Stuttgart,2025-11-09,Augsburg,home,4-2-3-1,True,6,Angelo Stiller,LM,4,746802
Stuttgart,2025-11-09,Augsburg,home,4-2-3-1,True,16,Atakan Karazor,RM,8,746802
Stuttgart,2025-11-09,Augsburg,home,4-2-3-1,True,26,Deniz Undav,F,9,746802
Stuttgart,2025-11-09,Augsburg,home,4-2-3-1,True,18,Jamie Leweling,AM-L,11,746802
Stuttgart,2025-11-09,Augsburg,home,4-2-3-1,True,27,Badredine Bouanani,AM-R,7,746802
Stuttgart,2025-11-09,Augsburg,home,4-2-3-1,False,8,Tiago Tomás,SUB,0,746802
Stuttgart,2025-11-09,Augsburg,home,4-2-3-1,False,10,Chris Führich,SUB,0,746802
Stuttgart,2025-11-09,Augsburg,home,4-2-3-1,False,4,Josha Vagnoman,SUB,0,746802
Stuttgart,2025-11-09,Augsburg,home,4-2-3-1,False,24,Jeff Chabot,SUB,0,746802
Stuttgart,2025-11-09,Augsburg,home,4-2-3-1,False,15,Pascal Stenzel,SUB,0,746802
Stuttgart,2025-11-09,Augsburg,home,4-2-3-1,False,30,Chema Andrés,SUB,0,746802
Stuttgart,2025-11-09,Augsburg,home,4-2-3-1,False,28,Nikolas Nartey,SUB,0,746802
Stuttgart,2025-11-09,Augsburg,home,4-2-3-1,False,1,Fabian Bredlow,SUB,0,746802
Stuttgart,2025-11-09,Augsburg,home,4-2-3-1,False,2,Ameen Al Dakhil,SUB,0,746802
Augsburg,2025-11-09,Stuttgart,away,3-4-2-1,True,1,Finn Dahmen,G,1,746802
Augsburg,2025-11-09,Stuttgart,away,3-4-2-1,True,5,Chrislain Matsima,CD,5,746802
Augsburg,2025-11-09,Stuttgart,away,3-4-2-1,True,31,Keven Schlotterbeck,CD-L,4,746802
Augsburg,2025-11-09,Stuttgart,away,3-4-2-1,True,40,Noahkai Banks,CD-R,6,746802
Augsburg,2025-11-09,Stuttgart,away,3-4-2-1,True,8,Elvis Rexhbecaj,CM-L,8,746802
Augsburg,2025-11-09,Stuttgart,away,3-4-2-1,True,4,Han-Noah Massengo,CM-R,7,746802
Augsburg,2025-11-09,Stuttgart,away,3-4-2-1,True,13,Dimitris Giannoulis,LM,3,746802
Augsburg,2025-11-09,Stuttgart,away,3-4-2-1,True,19,Robin Fellhauer,RM,2,746802
Augsburg,2025-11-09,Stuttgart,away,3-4-2-1,True,20,Alexis Claude-Maurice,F,9,746802
Augsburg,2025-11-09,Stuttgart,away,3-4-2-1,True,30,Anton Kade,CF-L,11,746802
Augsburg,2025-11-09,Stuttgart,away,3-4-2-1,True,32,Fabian Rieder,CF-R,10,746802
Augsburg,2025-11-09,Stuttgart,away,3-4-2-1,False,22,Nediljko Labrovic,SUB,0,746802
Augsburg,2025-11-09,Stuttgart,away,3-4-2-1,False,21,Phillip Tietz,SUB,0,746802
Augsburg,2025-11-09,Stuttgart,away,3-4-2-1,False,27,Marius Wolf,SUB,0,746802
Augsburg,2025-11-09,Stuttgart,away,3-4-2-1,False,36,Mert Kömür,SUB,0,746802
Augsburg,2025-11-09,Stuttgart,away,3-4-2-1,False,17,Kristijan Jakic,SUB,0,746802
Augsburg,2025-11-09,Stuttgart,away,3-4-2-1,False,9,Samuel Essende,SUB,0,746802
Augsburg,2025-11-09,Stuttgart,away,3-4-2-1,False,16,Cédric Zesiger,SUB,0,746802
Augsburg,2025-11-09,Stuttgart,away,3-4-2-1,False,26,Elias Saad,SUB,0,746802
Augsburg,2025-11-09,Stuttgart,away,3-4-2-1,False,6,Jeffrey Gouweleeuw,SUB,0,746802
Frankfurt,2025-11-09,Mainz 05,home,4-2-3-1,True,23,Michael Zetterer,G,1,746801
Frankfurt,2025-11-09,Mainz 05,home,4-2-3-1,True,3,Arthur Theate,CD-L,6,746801
Frankfurt,2025-11-09,Mainz 05,home,4-2-3-1,True,4,Robin Koch,CD-R,5,746801
Frankfurt,2025-11-09,Mainz 05,home,4-2-3-1,True,21,Nathaniel Brown,LB,3,746801
Frankfurt,2025-11-09,Mainz 05,home,4-2-3-1,True,13,Rasmus Kristensen,RB,2,746801
Frankfurt,2025-11-09,Mainz 05,home,4-2-3-1,True,8,Farès Chaïbi,AM,10,746801
Frankfurt,2025-11-09,Mainz 05,home,4-2-3-1,True,15,Ellyes Skhiri,LM,4,746801
Frankfurt,2025-11-09,Mainz 05,home,4-2-3-1,True,18,Mahmoud Dahoud,RM,8,746801
Frankfurt,2025-11-09,Mainz 05,home,4-2-3-1,True,9,Jonathan Burkardt,F,9,746801
Frankfurt,2025-11-09,Mainz 05,home,4-2-3-1,True,7,Ansgar Knauff,AM-L,11,746801
Frankfurt,2025-11-09,Mainz 05,home,4-2-3-1,True,20,Ritsu Doan,AM-R,7,746801
Frankfurt,2025-11-09,Mainz 05,home,4-2-3-1,False,40,Kauã Santos,SUB,0,746801
Frankfurt,2025-11-09,Mainz 05,home,4-2-3-1,False,30,Michy Batshuayi,SUB,0,746801
Frankfurt,2025-11-09,Mainz 05,home,4-2-3-1,False,5,Aurèle Amenda,SUB,0,746801
Frankfurt,2025-11-09,Mainz 05,home,4-2-3-1,False,17,Elye Wahi,SUB,0,746801
Frankfurt,2025-11-09,Mainz 05,home,4-2-3-1,False,34,Nnamdi Collins,SUB,0,746801
Frankfurt,2025-11-09,Mainz 05,home,4-2-3-1,False,27,Mario Götze,SUB,0,746801
Frankfurt,2025-11-09,Mainz 05,home,4-2-3-1,False,19,Jean-Mattéo Bahoya,SUB,0,746801
Frankfurt,2025-11-09,Mainz 05,home,4-2-3-1,False,24,Buta,SUB,0,746801
Frankfurt,2025-11-09,Mainz 05,home,4-2-3-1,False,16,Hugo Larsson,SUB,0,746801
Mainz 05,2025-11-09,Frankfurt,away,3-4-2-1,True,27,Robin Zentner,G,1,746801
Mainz 05,2025-11-09,Frankfurt,away,3-4-2-1,True,15,Lennard Maloney,CD,5,746801
Mainz 05,2025-11-09,Frankfurt,away,3-4-2-1,True,31,Dominik Kohr,CD-L,4,746801
Mainz 05,2025-11-09,Frankfurt,away,3-4-2-1,True,21,Danny da Costa,CD-R,6,746801
Mainz 05,2025-11-09,Frankfurt,away,3-4-2-1,True,6,Kaishu Sano,CM-L,8,746801
Mainz 05,2025-11-09,Frankfurt,away,3-4-2-1,True,10,Nadiem Amiri,CM-R,7,746801
Mainz 05,2025-11-09,Frankfurt,away,3-4-2-1,True,30,Silvan Widmer,LM,3,746801
Mainz 05,2025-11-09,Frankfurt,away,3-4-2-1,True,2,Phillipp Mwene,RM,2,746801
Mainz 05,2025-11-09,Frankfurt,away,3-4-2-1,True,7,Lee Jae-Sung,F,9,746801
Mainz 05,2025-11-09,Frankfurt,away,3-4-2-1,True,17,Benedict Hollerbach,CF-L,11,746801
Mainz 05,2025-11-09,Frankfurt,away,3-4-2-1,True,8,Paul Nebel,CF-R,10,746801
Mainz 05,2025-11-09,Frankfurt,away,3-4-2-1,False,44,Nelson Weiper,SUB,0,746801
Mainz 05,2025-11-09,Frankfurt,away,3-4-2-1,False,24,Sota Kawasaki,SUB,0,746801
Mainz 05,2025-11-09,Frankfurt,away,3-4-2-1,False,9,Arnaud Nordin,SUB,0,746801
Mainz 05,2025-11-09,Frankfurt,away,3-4-2-1,False,11,Armindo Sieb,SUB,0,746801
Mainz 05,2025-11-09,Frankfurt,away,3-4-2-1,False,16,Stefan Bell,SUB,0,746801
Mainz 05,2025-11-09,Frankfurt,away,3-4-2-1,False,14,William Bøving,SUB,0,746801
Mainz 05,2025-11-09,Frankfurt,away,3-4-2-1,False,1,Lasse Rieß,SUB,0,746801
Mainz 05,2025-11-09,Frankfurt,away,3-4-2-1,False,22,Nikolas Veratschnig,SUB,0,746801
Mainz 05,2025-11-09,Frankfurt,away,3-4-2-1,False,48,Kacper Potulski,SUB,0,746801
Dortmund,2025-11-22,Stuttgart,home,3-4-3,True,1,Gregor Kobel,G,1,746815
Dortmund,2025-11-22,Stuttgart,home,3-4-3,True,23,Emre Can,CD,5,746815
Dortmund,2025-11-22,Stuttgart,home,3-4-3,True,4,Nico Schlotterbeck,CD-L,4,746815
Dortmund,2025-11-22,Stuttgart,home,3-4-3,True,3,Waldemar Anton,CD-R,6,746815
Dortmund,2025-11-22,Stuttgart,home,3-4-3,True,7,Jobe Bellingham,CM-L,8,746815
Dortmund,2025-11-22,Stuttgart,home,3-4-3,True,8,Felix Nmecha,CM-R,7,746815
Dortmund,2025-11-22,Stuttgart,home,3-4-3,True,14,Maximilian Beier,LM,3,746815
Dortmund,2025-11-22,Stuttgart,home,3-4-3,True,26,Julian Ryerson,RM,2,746815
Dortmund,2025-11-22,Stuttgart,home,3-4-3,True,9,Serhou Guirassy,F,9,746815
Dortmund,2025-11-22,Stuttgart,home,3-4-3,True,17,Carney Chukwuemeka,CF-L,11,746815
Dortmund,2025-11-22,Stuttgart,home,3-4-3,True,10,Julian Brandt,CF-R,10,746815
Dortmund,2025-11-22,Stuttgart,home,3-4-3,False,6,Salih Özcan,SUB,0,746815
Dortmund,2025-11-22,Stuttgart,home,3-4-3,False,28,Aaron Anselmino,SUB,0,746815
Dortmund,2025-11-22,Stuttgart,home,3-4-3,False,2,Yan Couto,SUB,0,746815
Dortmund,2025-11-22,Stuttgart,home,3-4-3,False,27,Karim Adeyemi,SUB,0,746815
Dortmund,2025-11-22,Stuttgart,home,3-4-3,False,33,Alexander Meyer,SUB,0,746815
Dortmund,2025-11-22,Stuttgart,home,3-4-3,False,20,Marcel Sabitzer,SUB,0,746815
Dortmund,2025-11-22,Stuttgart,home,3-4-3,False,24,Daniel Svensson,SUB,0,746815
Dortmund,2025-11-22,Stuttgart,home,3-4-3,False,13,Pascal Gross,SUB,0,746815
Dortmund,2025-11-22,Stuttgart,home,3-4-3,False,21,Fábio Silva,SUB,0,746815
Stuttgart,2025-11-22,Dortmund,away,4-2-3-1,True,33,Alexander Nübel,G,1,746815
Stuttgart,2025-11-22,Dortmund,away,4-2-3-1,True,24,Jeff Chabot,CD-L,6,746815
Stuttgart,2025-11-22,Dortmund,away,4-2-3-1,True,29,Finn Jeltsch,CD-R,5,746815
Stuttgart,2025-11-22,Dortmund,away,4-2-3-1,True,7,Maximilian Mittelstädt,LB,3,746815
Stuttgart,2025-11-22,Dortmund,away,4-2-3-1,True,22,Lorenz Assignon,RB,2,746815
Stuttgart,2025-11-22,Dortmund,away,4-2-3-1,True,11,Bilal El Khannouss,AM,10,746815
Stuttgart,2025-11-22,Dortmund,away,4-2-3-1,True,6,Angelo Stiller,LM,4,746815
Stuttgart,2025-11-22,Dortmund,away,4-2-3-1,True,30,Chema Andrés,RM,8,746815
Stuttgart,2025-11-22,Dortmund,away,4-2-3-1,True,26,Deniz Undav,F,9,746815
Stuttgart,2025-11-22,Dortmund,away,4-2-3-1,True,18,Jamie Leweling,AM-L,11,746815
Stuttgart,2025-11-22,Dortmund,away,4-2-3-1,True,8,Tiago Tomás,AM-R,7,746815
Stuttgart,2025-11-22,Dortmund,away,4-2-3-1,False,3,Ramon Hendriks,SUB,0,746815
Stuttgart,2025-11-22,Dortmund,away,4-2-3-1,False,28,Nikolas Nartey,SUB,0,746815
Stuttgart,2025-11-22,Dortmund,away,4-2-3-1,False,23,Dan-Axel Zagadou,SUB,0,746815
Stuttgart,2025-11-22,Dortmund,away,4-2-3-1,False,10,Chris Führich,SUB,0,746815
Stuttgart,2025-11-22,Dortmund,away,4-2-3-1,False,4,Josha Vagnoman,SUB,0,746815
Stuttgart,2025-11-22,Dortmund,away,4-2-3-1,False,27,Badredine Bouanani,SUB,0,746815
Stuttgart,2025-11-22,Dortmund,away,4-2-3-1,False,16,Atakan Karazor,SUB,0,746815
Stuttgart,2025-11-22,Dortmund,away,4-2-3-1,False,1,Fabian Bredlow,SUB,0,746815
Stuttgart,2025-11-22,Dortmund,away,4-2-3-1,False,2,Ameen Al Dakhil,SUB,0,746815
Wolfsburg,2025-11-22,Leverkusen,home,4-2-3-1,True,1,Kamil Grabara,G,1,746810
Wolfsburg,2025-11-22,Leverkusen,home,4-2-3-1,True,14,Jenson Seelt,CD-L,6,746810
Wolfsburg,2025-11-22,Leverkusen,home,4-2-3-1,True,3,Denis Vavro,CD-R,5,746810
Wolfsburg,2025-11-22,Leverkusen,home,4-2-3-1,True,25,Aaron Zehnter,LB,3,746810
Wolfsburg,2025-11-22,Leverkusen,home,4-2-3-1,True,26,Saël Kumbedi,RB,2,746810
Wolfsburg,2025-11-22,Leverkusen,home,4-2-3-1,True,10,Lovro Majer,AM,10,746810
Wolfsburg,2025-11-22,Leverkusen,home,4-2-3-1,True,27,Maximilian Arnold,LM,4,746810
Wolfsburg,2025-11-22,Leverkusen,home,4-2-3-1,True,31,Yannick Gerhardt,RM,8,746810
Wolfsburg,2025-11-22,Leverkusen,home,4-2-3-1,True,17,Dzenan Pejcinovic,F,9,746810
Wolfsburg,2025-11-22,Leverkusen,home,4-2-3-1,True,9,Mohamed Amoura,AM-L,11,746810
Wolfsburg,2025-11-22,Leverkusen,home,4-2-3-1,True,39,Patrick Wimmer,AM-R,7,746810
Wolfsburg,2025-11-22,Leverkusen,home,4-2-3-1,False,5,Vinicius Souza,SUB,0,746810
Wolfsburg,2025-11-22,Leverkusen,home,4-2-3-1,False,37,Pharell Hensel,SUB,0,746810
Wolfsburg,2025-11-22,Leverkusen,home,4-2-3-1,False,41,Jan Bürger,SUB,0,746810
Wolfsburg,2025-11-22,Leverkusen,home,4-2-3-1,False,24,Christian Eriksen,SUB,0,746810
Wolfsburg,2025-11-22,Leverkusen,home,4-2-3-1,False,23,Jonas Wind,SUB,0,746810
Wolfsburg,2025-11-22,Leverkusen,home,4-2-3-1,False,4,Konstantinos Koulierakis,SUB,0,746810
Wolfsburg,2025-11-22,Leverkusen,home,4-2-3-1,False,32,Mattias Svanberg,SUB,0,746810
Wolfsburg,2025-11-22,Leverkusen,home,4-2-3-1,False,29,Marius Müller,SUB,0,746810
Wolfsburg,2025-11-22,Leverkusen,home,4-2-3-1,False,7,Andreas Skov Olsen,SUB,0,746810
Leverkusen,2025-11-22,Wolfsburg,away,3-4-2-1,True,1,Mark Flekken,G,1,746810
Leverkusen,2025-11-22,Wolfsburg,away,3-4-2-1,True,5,Loïc Badé,CD,5,746810
Leverkusen,2025-11-22,Wolfsburg,away,3-4-2-1,True,12,Edmond Tapsoba,CD-L,4,746810
Leverkusen,2025-11-22,Wolfsburg,away,3-4-2-1,True,8,Robert Andrich,CD-R,6,746810
Leverkusen,2025-11-22,Wolfsburg,away,3-4-2-1,True,24,Aleix García,CM-L,8,746810
Leverkusen,2025-11-22,Wolfsburg,away,3-4-2-1,True,30,Ibrahim Maza,CM-R,7,746810
Leverkusen,2025-11-22,Wolfsburg,away,3-4-2-1,True,20,Alejandro Grimaldo,LM,3,746810
Leverkusen,2025-11-22,Wolfsburg,away,3-4-2-1,True,7,Jonas Hofmann,RM,2,746810
Leverkusen,2025-11-22,Wolfsburg,away,3-4-2-1,True,14,Patrik Schick,F,9,746810
Leverkusen,2025-11-22,Wolfsburg,away,3-4-2-1,True,19,Ernest Poku,CF-L,11,746810
Leverkusen,2025-11-22,Wolfsburg,away,3-4-2-1,True,10,Malik Tillman,CF-R,10,746810
Leverkusen,2025-11-22,Wolfsburg,away,3-4-2-1,False,9,Claudio Echeverri,SUB,0,746810
Leverkusen,2025-11-22,Wolfsburg,away,3-4-2-1,False,18,Alejo Sarco,SUB,0,746810
Leverkusen,2025-11-22,Wolfsburg,away,3-4-2-1,False,17,Eliesse Ben Seghir,SUB,0,746810
Leverkusen,2025-11-22,Wolfsburg,away,3-4-2-1,False,4,Jarell Quansah,SUB,0,746810
Leverkusen,2025-11-22,Wolfsburg,away,3-4-2-1,False,44,Jeanuël Belocian,SUB,0,746810
Leverkusen,2025-11-22,Wolfsburg,away,3-4-2-1,False,28,Janis Blaswich,SUB,0,746810
Leverkusen,2025-11-22,Wolfsburg,away,3-4-2-1,False,11,Martin Terrier,SUB,0,746810
Leverkusen,2025-11-22,Wolfsburg,away,3-4-2-1,False,23,Nathan Tella,SUB,0,746810
Leverkusen,2025-11-22,Wolfsburg,away,3-4-2-1,False,35,Christian Kofane,SUB,0,746810
St Pauli,2025-11-23,Union Berlin,home,3-5-2,True,22,Nikola Vasilj,G,1,746812
St Pauli,2025-11-23,Union Berlin,home,3-5-2,True,8,Eric Smith,CD,5,746812
St Pauli,2025-11-23,Union Berlin,home,3-5-2,True,3,Karol Mets,CD-L,4,746812
St Pauli,2025-11-23,Union Berlin,home,3-5-2,True,5,Hauke Wahl,CD-R,6,746812
St Pauli,2025-11-23,Union Berlin,home,3-5-2,True,7,Jackson Irvine,CM-L,8,746812
St Pauli,2025-11-23,Union Berlin,home,3-5-2,True,16,Joel Chima Fujita,CM-R,7,746812
St Pauli,2025-11-23,Union Berlin,home,3-5-2,True,6,James Sands,AM,11,746812
St Pauli,2025-11-23,Union Berlin,home,3-5-2,True,23,Louis Oppie,LM,3,746812
St Pauli,2025-11-23,Union Berlin,home,3-5-2,True,11,Arkadiusz Pyrka,RM,2,746812
St Pauli,2025-11-23,Union Berlin,home,3-5-2,True,28,Mathias Pereira Lage,CF-L,9,746812
St Pauli,2025-11-23,Union Berlin,home,3-5-2,True,27,Andreas Hountondji,CF-R,10,746812
St Pauli,2025-11-23,Union Berlin,home,3-5-2,False,26,Ricky-Jade Jones,SUB,0,746812
St Pauli,2025-11-23,Union Berlin,home,3-5-2,False,19,Martijn Kaars,SUB,0,746812
St Pauli,2025-11-23,Union Berlin,home,3-5-2,False,9,Abdoulie Ceesay,SUB,0,746812
St Pauli,2025-11-23,Union Berlin,home,3-5-2,False,24,Connor Metcalfe,SUB,0,746812
St Pauli,2025-11-23,Union Berlin,home,3-5-2,False,1,Ben Voll,SUB,0,746812
St Pauli,2025-11-23,Union Berlin,home,3-5-2,False,10,Danel Sinani,SUB,0,746812
St Pauli,2025-11-23,Union Berlin,home,3-5-2,False,34,Jannik Robatsch,SUB,0,746812
St Pauli,2025-11-23,Union Berlin,home,3-5-2,False,14,Fin Stevens,SUB,0,746812
St Pauli,2025-11-23,Union Berlin,home,3-5-2,False,21,Lars Ritzka,SUB,0,746812
Union Berlin,2025-11-23,St Pauli,away,3-4-2-1,True,1,Frederik Ronnow,G,1,746812
Union Berlin,2025-11-23,St Pauli,away,3-4-2-1,True,14,Leopold Querfeld,CD,5,746812
Union Berlin,2025-11-23,St Pauli,away,3-4-2-1,True,4,Diogo Leite,CD-L,4,746812
Union Berlin,2025-11-23,St Pauli,away,3-4-2-1,True,5,Danilho Doekhi,CD-R,6,746812
Union Berlin,2025-11-23,St Pauli,away,3-4-2-1,True,6,Aljoscha Kemlein,CM-L,8,746812
Union Berlin,2025-11-23,St Pauli,away,3-4-2-1,True,8,Rani Khedira,CM-R,7,746812
Union Berlin,2025-11-23,St Pauli,away,3-4-2-1,True,15,Tom Rothe,LM,3,746812
Union Berlin,2025-11-23,St Pauli,away,3-4-2-1,True,28,Christopher Trimmel,RM,2,746812
Union Berlin,2025-11-23,St Pauli,away,3-4-2-1,True,23,Andrej Ilic,F,9,746812
Union Berlin,2025-11-23,St Pauli,away,3-4-2-1,True,10,Ilyas Ansah,CF-L,11,746812
Union Berlin,2025-11-23,St Pauli,away,3-4-2-1,True,7,Oliver Burke,CF-R,10,746812
Union Berlin,2025-11-23,St Pauli,away,3-4-2-1,False,33,Alex Král,SUB,0,746812
Union Berlin,2025-11-23,St Pauli,away,3-4-2-1,False,39,Derrick Köhn,SUB,0,746812
Union Berlin,2025-11-23,St Pauli,away,3-4-2-1,False,9,Livan Burcu,SUB,0,746812
Union Berlin,2025-11-23,St Pauli,away,3-4-2-1,False,27,Marin Ljubicic,SUB,0,746812
Union Berlin,2025-11-23,St Pauli,away,3-4-2-1,False,21,Tim Skarke,SUB,0,746812
Union Berlin,2025-11-23,St Pauli,away,3-4-2-1,False,34,Stanley N'Soki,SUB,0,746812
Union Berlin,2025-11-23,St Pauli,away,3-4-2-1,False,19,Janik Haberer,SUB,0,746812
Union Berlin,2025-11-23,St Pauli,away,3-4-2-1,False,11,Jeong Woo-Yeong,SUB,0,746812
Union Berlin,2025-11-23,St Pauli,away,3-4-2-1,False,31,Matheo Raab,SUB,0,746812
Gladbach,2025-11-28,RB Leipzig,home,4-4-2,True,33,Moritz Nicolas,G,1,746817
Gladbach,2025-11-28,RB Leipzig,home,4-4-2,True,4,Kevin Diks,CD-L,6,746817
Gladbach,2025-11-28,RB Leipzig,home,4-4-2,True,30,Nico Elvedi,CD-R,5,746817
Gladbach,2025-11-28,RB Leipzig,home,4-4-2,True,20,Luca Netz,LB,3,746817
Gladbach,2025-11-28,RB Leipzig,home,4-4-2,True,29,Joe Scally,RB,2,746817
Gladbach,2025-11-28,RB Leipzig,home,4-4-2,True,6,Yannick Engelhardt,CM-L,8,746817
Gladbach,2025-11-28,RB Leipzig,home,4-4-2,True,27,Rocco Reitz,CM-R,4,746817
Gladbach,2025-11-28,RB Leipzig,home,4-4-2,True,10,Florian Neuhaus,LM,11,746817
Gladbach,2025-11-28,RB Leipzig,home,4-4-2,True,17,Jens Castrop,RM,7,746817
Gladbach,2025-11-28,RB Leipzig,home,4-4-2,True,15,Haris Tabakovic,CF-L,9,746817
Gladbach,2025-11-28,RB Leipzig,home,4-4-2,True,9,Franck Honorat,CF-R,10,746817
Gladbach,2025-11-28,RB Leipzig,home,4-4-2,False,5,Marvin Friedrich,SUB,0,746817
Gladbach,2025-11-28,RB Leipzig,home,4-4-2,False,42,Tiago Pereira,SUB,0,746817
Gladbach,2025-11-28,RB Leipzig,home,4-4-2,False,26,Lukas Ullrich,SUB,0,746817
Gladbach,2025-11-28,RB Leipzig,home,4-4-2,False,13,Giovanni Reyna,SUB,0,746817
Gladbach,2025-11-28,RB Leipzig,home,4-4-2,False,25,Robin Hack,SUB,0,746817
Gladbach,2025-11-28,RB Leipzig,home,4-4-2,False,7,Kevin Stöger,SUB,0,746817
Gladbach,2025-11-28,RB Leipzig,home,4-4-2,False,11,Tim Kleindienst,SUB,0,746817
Gladbach,2025-11-28,RB Leipzig,home,4-4-2,False,22,Oscar Fraulo,SUB,0,746817
Gladbach,2025-11-28,RB Leipzig,home,4-4-2,False,18,Shuto Machino,SUB,0,746817
RB Leipzig,2025-11-28,Gladbach,away,4-3-3,True,1,Péter Gulácsi,G,1,746817
RB Leipzig,2025-11-28,Gladbach,away,4-3-3,True,23,Castello Lukeba,CD-L,6,746817
RB Leipzig,2025-11-28,Gladbach,away,4-3-3,True,4,Willi Orbán,CD-R,5,746817
RB Leipzig,2025-11-28,Gladbach,away,4-3-3,True,22,David Raum,LB,3,746817
RB Leipzig,2025-11-28,Gladbach,away,4-3-3,True,17,Ridle Baku,RB,2,746817
RB Leipzig,2025-11-28,Gladbach,away,4-3-3,True,13,Nicolas Seiwald,CM,4,746817
RB Leipzig,2025-11-28,Gladbach,away,4-3-3,True,14,Christoph Baumgartner,LM,8,746817
RB Leipzig,2025-11-28,Gladbach,away,4-3-3,True,24,Xaver Schlager,RM,7,746817
RB Leipzig,2025-11-28,Gladbach,away,4-3-3,True,11,Conrad Harder,F,9,746817
RB Leipzig,2025-11-28,Gladbach,away,4-3-3,True,7,Antonio Nusa,LF,11,746817
RB Leipzig,2025-11-28,Gladbach,away,4-3-3,True,49,Yan Diomande,RF,10,746817
RB Leipzig,2025-11-28,Gladbach,away,4-3-3,False,16,Lukas Klostermann,SUB,0,746817
RB Leipzig,2025-11-28,Gladbach,away,4-3-3,False,27,Tidiam Gomis,SUB,0,746817
RB Leipzig,2025-11-28,Gladbach,away,4-3-3,False,6,Ezechiel Banzuzi,SUB,0,746817
RB Leipzig,2025-11-28,Gladbach,away,4-3-3,False,26,Maarten Vandevoordt,SUB,0,746817
RB Leipzig,2025-11-28,Gladbach,away,4-3-3,False,35,Max Finkgrafe,SUB,0,746817
RB Leipzig,2025-11-28,Gladbach,away,4-3-3,False,9,Johan Bakayoko,SUB,0,746817
RB Leipzig,2025-11-28,Gladbach,away,4-3-3,False,19,Kosta Nedeljkovic,SUB,0,746817
RB Leipzig,2025-11-28,Gladbach,away,4-3-3,False,33,Andrija Maksimovic,SUB,0,746817
RB Leipzig,2025-11-28,Gladbach,away,4-3-3,False,8,Amadou Haidara,SUB,0,746817
RB Leipzig,2025-11-23,Werder Bremen,home,4-3-3,True,1,Péter Gulácsi,G,1,746811
RB Leipzig,2025-11-23,Werder Bremen,home,4-3-3,True,23,Castello Lukeba,CD-L,6,746811
RB Leipzig,2025-11-23,Werder Bremen,home,4-3-3,True,4,Willi Orbán,CD-R,5,746811
RB Leipzig,2025-11-23,Werder Bremen,home,4-3-3,True,22,David Raum,LB,3,746811
RB Leipzig,2025-11-23,Werder Bremen,home,4-3-3,True,17,Ridle Baku,RB,2,746811
RB Leipzig,2025-11-23,Werder Bremen,home,4-3-3,True,13,Nicolas Seiwald,CM,4,746811
RB Leipzig,2025-11-23,Werder Bremen,home,4-3-3,True,14,Christoph Baumgartner,LM,8,746811
RB Leipzig,2025-11-23,Werder Bremen,home,4-3-3,True,20,Assan Ouédraogo,RM,7,746811
RB Leipzig,2025-11-23,Werder Bremen,home,4-3-3,True,11,Conrad Harder,F,9,746811
RB Leipzig,2025-11-23,Werder Bremen,home,4-3-3,True,7,Antonio Nusa,LF,11,746811
RB Leipzig,2025-11-23,Werder Bremen,home,4-3-3,True,49,Yan Diomande,RF,10,746811
RB Leipzig,2025-11-23,Werder Bremen,home,4-3-3,False,26,Maarten Vandevoordt,SUB,0,746811
RB Leipzig,2025-11-23,Werder Bremen,home,4-3-3,False,35,Max Finkgrafe,SUB,0,746811
RB Leipzig,2025-11-23,Werder Bremen,home,4-3-3,False,6,Ezechiel Banzuzi,SUB,0,746811
RB Leipzig,2025-11-23,Werder Bremen,home,4-3-3,False,19,Kosta Nedeljkovic,SUB,0,746811
RB Leipzig,2025-11-23,Werder Bremen,home,4-3-3,False,24,Xaver Schlager,SUB,0,746811
RB Leipzig,2025-11-23,Werder Bremen,home,4-3-3,False,16,Lukas Klostermann,SUB,0,746811
RB Leipzig,2025-11-23,Werder Bremen,home,4-3-3,False,33,Andrija Maksimovic,SUB,0,746811
RB Leipzig,2025-11-23,Werder Bremen,home,4-3-3,False,27,Tidiam Gomis,SUB,0,746811
RB Leipzig,2025-11-23,Werder Bremen,home,4-3-3,False,9,Johan Bakayoko,SUB,0,746811
Werder Bremen,2025-11-23,RB Leipzig,away,4-2-3-1,True,30,Mio Backhaus,G,1,746811
Werder Bremen,2025-11-23,RB Leipzig,away,4-2-3-1,True,31,Karim Coulibaly,CD-L,6,746811
Werder Bremen,2025-11-23,RB Leipzig,away,4-2-3-1,True,5,Amos Pieper,CD-R,5,746811
Werder Bremen,2025-11-23,RB Leipzig,away,4-2-3-1,True,32,Marco Friedl,LB,3,746811
Werder Bremen,2025-11-23,RB Leipzig,away,4-2-3-1,True,3,Yukinari Sugawara,RB,2,746811
Werder Bremen,2025-11-23,RB Leipzig,away,4-2-3-1,True,20,Romano Schmid,AM,10,746811
Werder Bremen,2025-11-23,RB Leipzig,away,4-2-3-1,True,6,Jens Stage,LM,4,746811
Werder Bremen,2025-11-23,RB Leipzig,away,4-2-3-1,True,14,Senne Lynen,RM,8,746811
Werder Bremen,2025-11-23,RB Leipzig,away,4-2-3-1,True,9,Keke Topp,F,9,746811
Werder Bremen,2025-11-23,RB Leipzig,away,4-2-3-1,True,17,Marco Grüll,AM-L,11,746811
Werder Bremen,2025-11-23,RB Leipzig,away,4-2-3-1,True,18,Cameron Puertas,AM-R,7,746811
Werder Bremen,2025-11-23,RB Leipzig,away,4-2-3-1,False,28,Skelly Alvero,SUB,0,746811
Werder Bremen,2025-11-23,RB Leipzig,away,4-2-3-1,False,44,Victor Boniface,SUB,0,746811
Werder Bremen,2025-11-23,RB Leipzig,away,4-2-3-1,False,4,Niklas Stark,SUB,0,746811
Werder Bremen,2025-11-23,RB Leipzig,away,4-2-3-1,False,10,Leonardo Bittencourt,SUB,0,746811
Werder Bremen,2025-11-23,RB Leipzig,away,4-2-3-1,False,23,Isaac Schmidt,SUB,0,746811
Werder Bremen,2025-11-23,RB Leipzig,away,4-2-3-1,False,24,Patrice Covic,SUB,0,746811
Werder Bremen,2025-11-23,RB Leipzig,away,4-2-3-1,False,7,Samuel Mbangula,SUB,0,746811
Werder Bremen,2025-11-23,RB Leipzig,away,4-2-3-1,False,11,Justin Njinmah,SUB,0,746811
Werder Bremen,2025-11-23,RB Leipzig,away,4-2-3-1,False,13,Karl Hein,SUB,0,746811
Köln,2025-11-22,Frankfurt,home,4-3-3,True,1,Marvin Schwäbe,G,1,746809
Köln,2025-11-22,Frankfurt,home,4-3-3,True,3,Dominique Heintz,CD-L,6,746809
Köln,2025-11-22,Frankfurt,home,4-3-3,True,2,Joel Schmied,CD-R,5,746809
Köln,2025-11-22,Frankfurt,home,4-3-3,True,32,Kristoffer Lund,LB,3,746809
Köln,2025-11-22,Frankfurt,home,4-3-3,True,28,Sebastian Sebulonsen,RB,2,746809
Köln,2025-11-22,Frankfurt,home,4-3-3,True,6,Eric Martel,CM,4,746809
Köln,2025-11-22,Frankfurt,home,4-3-3,True,8,Denis Huseinbasic,LM,8,746809
Köln,2025-11-22,Frankfurt,home,4-3-3,True,18,Ísak Jóhannesson,RM,7,746809
Köln,2025-11-22,Frankfurt,home,4-3-3,True,9,Ragnar Ache,F,9,746809
Köln,2025-11-22,Frankfurt,home,4-3-3,True,16,Jakub Kaminski,LF,11,746809
Köln,2025-11-22,Frankfurt,home,4-3-3,True,29,Jan Thielmann,RF,10,746809
Köln,2025-11-22,Frankfurt,home,4-3-3,False,20,Ron-Robert Zieler,SUB,0,746809
Köln,2025-11-22,Frankfurt,home,4-3-3,False,39,Cenk Özkacar,SUB,0,746809
Köln,2025-11-22,Frankfurt,home,4-3-3,False,5,Tom Krauss,SUB,0,746809
Köln,2025-11-22,Frankfurt,home,4-3-3,False,30,Marius Bulter,SUB,0,746809
Köln,2025-11-22,Frankfurt,home,4-3-3,False,37,Linton Maina,SUB,0,746809
Köln,2025-11-22,Frankfurt,home,4-3-3,False,13,Said El Mala,SUB,0,746809
Köln,2025-11-22,Frankfurt,home,4-3-3,False,7,Luca Waldschmidt,SUB,0,746809
Köln,2025-11-22,Frankfurt,home,4-3-3,False,17,Alessio Castro-Montes,SUB,0,746809
Köln,2025-11-22,Frankfurt,home,4-3-3,False,11,Florian Kainz,SUB,0,746809
Frankfurt,2025-11-22,Köln,away,4-1-4-1,True,23,Michael Zetterer,G,1,746809
Frankfurt,2025-11-22,Köln,away,4-1-4-1,True,3,Arthur Theate,CD-L,6,746809
Frankfurt,2025-11-22,Köln,away,4-1-4-1,True,4,Robin Koch,CD-R,5,746809
Frankfurt,2025-11-22,Köln,away,4-1-4-1,True,18,Mahmoud Dahoud,DM,4,746809
Frankfurt,2025-11-22,Köln,away,4-1-4-1,True,21,Nathaniel Brown,LB,3,746809
Frankfurt,2025-11-22,Köln,away,4-1-4-1,True,34,Nnamdi Collins,RB,2,746809
Frankfurt,2025-11-22,Köln,away,4-1-4-1,True,8,Farès Chaïbi,CM-L,10,746809
Frankfurt,2025-11-22,Köln,away,4-1-4-1,True,27,Mario Götze,CM-R,8,746809
Frankfurt,2025-11-22,Köln,away,4-1-4-1,True,7,Ansgar Knauff,LM,11,746809
Frankfurt,2025-11-22,Köln,away,4-1-4-1,True,20,Ritsu Doan,RM,7,746809
Frankfurt,2025-11-22,Köln,away,4-1-4-1,True,9,Jonathan Burkardt,F,9,746809
Frankfurt,2025-11-22,Köln,away,4-1-4-1,False,13,Rasmus Kristensen,SUB,0,746809
Frankfurt,2025-11-22,Köln,away,4-1-4-1,False,15,Ellyes Skhiri,SUB,0,746809
Frankfurt,2025-11-22,Köln,away,4-1-4-1,False,40,Kauã Santos,SUB,0,746809
Frankfurt,2025-11-22,Köln,away,4-1-4-1,False,5,Aurèle Amenda,SUB,0,746809
Frankfurt,2025-11-22,Köln,away,4-1-4-1,False,17,Elye Wahi,SUB,0,746809
Frankfurt,2025-11-22,Köln,away,4-1-4-1,False,19,Jean-Mattéo Bahoya,SUB,0,746809
Frankfurt,2025-11-22,Köln,away,4-1-4-1,False,24,Buta,SUB,0,746809
Frankfurt,2025-11-22,Köln,away,4-1-4-1,False,2,Elias Baum,SUB,0,746809
Frankfurt,2025-11-22,Köln,away,4-1-4-1,False,32,Jessic Ngankam,SUB,0,746809
Hamburger SV,2025-11-08,Dortmund,home,3-4-3,True,1,Daniel Heuer Fernandes,G,1,746807
Hamburger SV,2025-11-08,Dortmund,home,3-4-3,True,44,Luka Vuskovic,CD,5,746807
Hamburger SV,2025-11-08,Dortmund,home,3-4-3,True,25,Jordan Torunarigha,CD-L,4,746807
Hamburger SV,2025-11-08,Dortmund,home,3-4-3,True,24,Nicolás Capaldo,CD-R,6,746807
Hamburger SV,2025-11-08,Dortmund,home,3-4-3,True,6,Albert Sambi Lokonga,CM-L,8,746807
Hamburger SV,2025-11-08,Dortmund,home,3-4-3,True,21,Nicolai Remberg,CM-R,7,746807
Hamburger SV,2025-11-08,Dortmund,home,3-4-3,True,28,Miro Muheim,LM,3,746807
Hamburger SV,2025-11-08,Dortmund,home,3-4-3,True,16,Giorgi Gocholeishvili,RM,2,746807
Hamburger SV,2025-11-08,Dortmund,home,3-4-3,True,15,Yussuf Poulsen,F,9,746807
Hamburger SV,2025-11-08,Dortmund,home,3-4-3,True,7,Jean-Luc Dompé,CF-L,11,746807
Hamburger SV,2025-11-08,Dortmund,home,3-4-3,True,14,Rayan Philippe,CF-R,10,746807
Hamburger SV,2025-11-08,Dortmund,home,3-4-3,False,23,Jonas Meffert,SUB,0,746807
Hamburger SV,2025-11-08,Dortmund,home,3-4-3,False,26,Daniel Peretz,SUB,0,746807
Hamburger SV,2025-11-08,Dortmund,home,3-4-3,False,45,Fabio Baldé,SUB,0,746807
Hamburger SV,2025-11-08,Dortmund,home,3-4-3,False,11,Ransford-Yeboah Königsdörffer,SUB,0,746807
Hamburger SV,2025-11-08,Dortmund,home,3-4-3,False,9,Robert Glatzel,SUB,0,746807
Hamburger SV,2025-11-08,Dortmund,home,3-4-3,False,13,Guilherme Ramos,SUB,0,746807
Hamburger SV,2025-11-08,Dortmund,home,3-4-3,False,22,Aboubaka Soumahoro,SUB,0,746807
Hamburger SV,2025-11-08,Dortmund,home,3-4-3,False,2,William Mikelbrencis,SUB,0,746807
Hamburger SV,2025-11-08,Dortmund,home,3-4-3,False,38,Alexander Røssing-Lelesiit,SUB,0,746807
Dortmund,2025-11-08,Hamburger SV,away,3-4-2-1,True,1,Gregor Kobel,G,1,746807
Dortmund,2025-11-08,Hamburger SV,away,3-4-2-1,True,23,Emre Can,CD,5,746807
Dortmund,2025-11-08,Hamburger SV,away,3-4-2-1,True,4,Nico Schlotterbeck,CD-L,4,746807
Dortmund,2025-11-08,Hamburger SV,away,3-4-2-1,True,3,Waldemar Anton,CD-R,6,746807
Dortmund,2025-11-08,Hamburger SV,away,3-4-2-1,True,7,Jobe Bellingham,CM-L,8,746807
Dortmund,2025-11-08,Hamburger SV,away,3-4-2-1,True,13,Pascal Gross,CM-R,7,746807
Dortmund,2025-11-08,Hamburger SV,away,3-4-2-1,True,24,Daniel Svensson,LM,3,746807
Dortmund,2025-11-08,Hamburger SV,away,3-4-2-1,True,26,Julian Ryerson,RM,2,746807
Dortmund,2025-11-08,Hamburger SV,away,3-4-2-1,True,9,Serhou Guirassy,F,9,746807
Dortmund,2025-11-08,Hamburger SV,away,3-4-2-1,True,17,Carney Chukwuemeka,CF-L,11,746807
Dortmund,2025-11-08,Hamburger SV,away,3-4-2-1,True,14,Maximilian Beier,CF-R,10,746807
Dortmund,2025-11-08,Hamburger SV,away,3-4-2-1,False,2,Yan Couto,SUB,0,746807
Dortmund,2025-11-08,Hamburger SV,away,3-4-2-1,False,20,Marcel Sabitzer,SUB,0,746807
Dortmund,2025-11-08,Hamburger SV,away,3-4-2-1,False,28,Aaron Anselmino,SUB,0,746807
Dortmund,2025-11-08,Hamburger SV,away,3-4-2-1,False,8,Felix Nmecha,SUB,0,746807
Dortmund,2025-11-08,Hamburger SV,away,3-4-2-1,False,10,Julian Brandt,SUB,0,746807
Dortmund,2025-11-08,Hamburger SV,away,3-4-2-1,False,21,Fábio Silva,SUB,0,746807
Dortmund,2025-11-08,Hamburger SV,away,3-4-2-1,False,27,Karim Adeyemi,SUB,0,746807
Dortmund,2025-11-08,Hamburger SV,away,3-4-2-1,False,5,Ramy Bensebaini,SUB,0,746807
Dortmund,2025-11-08,Hamburger SV,away,3-4-2-1,False,33,Alexander Meyer,SUB,0,746807
Union Berlin,2025-11-29,Heidenheim,home,3-4-2-1,True,1,Frederik Ronnow,G,1,746823
Union Berlin,2025-11-29,Heidenheim,home,3-4-2-1,True,14,Leopold Querfeld,CD,5,746823
Union Berlin,2025-11-29,Heidenheim,home,3-4-2-1,True,4,Diogo Leite,CD-L,4,746823
Union Berlin,2025-11-29,Heidenheim,home,3-4-2-1,True,5,Danilho Doekhi,CD-R,6,746823
Union Berlin,2025-11-29,Heidenheim,home,3-4-2-1,True,6,Aljoscha Kemlein,CM-L,8,746823
Union Berlin,2025-11-29,Heidenheim,home,3-4-2-1,True,8,Rani Khedira,CM-R,7,746823
Union Berlin,2025-11-29,Heidenheim,home,3-4-2-1,True,39,Derrick Köhn,LM,3,746823
Union Berlin,2025-11-29,Heidenheim,home,3-4-2-1,True,28,Christopher Trimmel,RM,2,746823
Union Berlin,2025-11-29,Heidenheim,home,3-4-2-1,True,7,Oliver Burke,F,9,746823
Union Berlin,2025-11-29,Heidenheim,home,3-4-2-1,True,10,Ilyas Ansah,CF-L,11,746823
Union Berlin,2025-11-29,Heidenheim,home,3-4-2-1,True,11,Jeong Woo-Yeong,CF-R,10,746823
Union Berlin,2025-11-29,Heidenheim,home,3-4-2-1,False,23,Andrej Ilic,SUB,0,746823
Union Berlin,2025-11-29,Heidenheim,home,3-4-2-1,False,33,Alex Král,SUB,0,746823
Union Berlin,2025-11-29,Heidenheim,home,3-4-2-1,False,19,Janik Haberer,SUB,0,746823
Union Berlin,2025-11-29,Heidenheim,home,3-4-2-1,False,34,Stanley N'Soki,SUB,0,746823
Union Berlin,2025-11-29,Heidenheim,home,3-4-2-1,False,15,Tom Rothe,SUB,0,746823
Union Berlin,2025-11-29,Heidenheim,home,3-4-2-1,False,9,Livan Burcu,SUB,0,746823
Union Berlin,2025-11-29,Heidenheim,home,3-4-2-1,False,21,Tim Skarke,SUB,0,746823
Union Berlin,2025-11-29,Heidenheim,home,3-4-2-1,False,13,András Schäfer,SUB,0,746823
Union Berlin,2025-11-29,Heidenheim,home,3-4-2-1,False,31,Matheo Raab,SUB,0,746823
Heidenheim,2025-11-29,Union Berlin,away,3-4-2-1,True,41,Diant Ramaj,G,1,746823
Heidenheim,2025-11-29,Union Berlin,away,3-4-2-1,True,6,Patrick Mainka,CD,5,746823
Heidenheim,2025-11-29,Union Berlin,away,3-4-2-1,True,5,Benedikt Gimber,CD-L,4,746823
Heidenheim,2025-11-29,Union Berlin,away,3-4-2-1,True,27,Thomas Keller,CD-R,6,746823
Heidenheim,2025-11-29,Union Berlin,away,3-4-2-1,True,30,Niklas Dorsch,CM-L,8,746823
Heidenheim,2025-11-29,Union Berlin,away,3-4-2-1,True,16,Julian Niehues,CM-R,7,746823
Heidenheim,2025-11-29,Union Berlin,away,3-4-2-1,True,19,Jonas Föhrenbach,LM,3,746823
Heidenheim,2025-11-29,Union Berlin,away,3-4-2-1,True,2,Marnon Busch,RM,2,746823
Heidenheim,2025-11-29,Union Berlin,away,3-4-2-1,True,18,Marvin Pieringer,F,9,746823
Heidenheim,2025-11-29,Union Berlin,away,3-4-2-1,True,21,Adrian Beck,CF-L,11,746823
Heidenheim,2025-11-29,Union Berlin,away,3-4-2-1,True,17,Mathias Honsak,CF-R,10,746823
Heidenheim,2025-11-29,Union Berlin,away,3-4-2-1,False,20,Luca Kerber,SUB,0,746823
Heidenheim,2025-11-29,Union Berlin,away,3-4-2-1,False,3,Jan Schöppner,SUB,0,746823
Heidenheim,2025-11-29,Union Berlin,away,3-4-2-1,False,28,Adam Kölle,SUB,0,746823
Heidenheim,2025-11-29,Union Berlin,away,3-4-2-1,False,22,Arijon Ibrahimovic,SUB,0,746823
Heidenheim,2025-11-29,Union Berlin,away,3-4-2-1,False,4,Tim Siersleben,SUB,0,746823
Heidenheim,2025-11-29,Union Berlin,away,3-4-2-1,False,9,Stefan Schimmer,SUB,0,746823
Heidenheim,2025-11-29,Union Berlin,away,3-4-2-1,False,1,Kevin Müller,SUB,0,746823
Heidenheim,2025-11-29,Union Berlin,away,3-4-2-1,False,38,Yannik Wagner,SUB,0,746823
Heidenheim,2025-11-29,Union Berlin,away,3-4-2-1,False,23,Omar-Haktab Traoré,SUB,0,746823
Union Berlin,2025-11-08,Bayern Munich,home,3-5-2,True,1,Frederik Ronnow,G,1,746806
Union Berlin,2025-11-08,Bayern Munich,home,3-5-2,True,14,Leopold Querfeld,CD,5,746806
Union Berlin,2025-11-08,Bayern Munich,home,3-5-2,True,4,Diogo Leite,CD-L,4,746806
Union Berlin,2025-11-08,Bayern Munich,home,3-5-2,True,5,Danilho Doekhi,CD-R,6,746806
Union Berlin,2025-11-08,Bayern Munich,home,3-5-2,True,8,Rani Khedira,CM-L,8,746806
Union Berlin,2025-11-08,Bayern Munich,home,3-5-2,True,13,András Schäfer,CM-R,7,746806
Union Berlin,2025-11-08,Bayern Munich,home,3-5-2,True,6,Aljoscha Kemlein,AM,11,746806
Union Berlin,2025-11-08,Bayern Munich,home,3-5-2,True,15,Tom Rothe,LM,3,746806
Union Berlin,2025-11-08,Bayern Munich,home,3-5-2,True,19,Janik Haberer,RM,2,746806
Union Berlin,2025-11-08,Bayern Munich,home,3-5-2,True,10,Ilyas Ansah,CF-L,9,746806
Union Berlin,2025-11-08,Bayern Munich,home,3-5-2,True,7,Oliver Burke,CF-R,10,746806
Union Berlin,2025-11-08,Bayern Munich,home,3-5-2,False,25,Carl Klaus,SUB,0,746806
Union Berlin,2025-11-08,Bayern Munich,home,3-5-2,False,11,Jeong Woo-Yeong,SUB,0,746806
Union Berlin,2025-11-08,Bayern Munich,home,3-5-2,False,9,Livan Burcu,SUB,0,746806
Union Berlin,2025-11-08,Bayern Munich,home,3-5-2,False,34,Stanley N'Soki,SUB,0,746806
Union Berlin,2025-11-08,Bayern Munich,home,3-5-2,False,21,Tim Skarke,SUB,0,746806
Union Berlin,2025-11-08,Bayern Munich,home,3-5-2,False,18,Josip Juranovic,SUB,0,746806
Union Berlin,2025-11-08,Bayern Munich,home,3-5-2,False,27,Marin Ljubicic,SUB,0,746806
Union Berlin,2025-11-08,Bayern Munich,home,3-5-2,False,33,Alex Král,SUB,0,746806
Union Berlin,2025-11-08,Bayern Munich,home,3-5-2,False,39,Derrick Köhn,SUB,0,746806
Bayern Munich,2025-11-08,Union Berlin,away,4-2-3-1,True,1,Manuel Neuer,G,1,746806
Bayern Munich,2025-11-08,Union Berlin,away,4-2-3-1,True,4,Jonathan Tah,CD-L,6,746806
Bayern Munich,2025-11-08,Union Berlin,away,4-2-3-1,True,2,Dayot Upamecano,CD-R,5,746806
Bayern Munich,2025-11-08,Union Berlin,away,4-2-3-1,True,44,Josip Stanisic,LB,3,746806
Bayern Munich,2025-11-08,Union Berlin,away,4-2-3-1,True,27,Konrad Laimer,RB,2,746806
Bayern Munich,2025-11-08,Union Berlin,away,4-2-3-1,True,7,Serge Gnabry,AM,10,746806
Bayern Munich,2025-11-08,Union Berlin,away,4-2-3-1,True,8,Leon Goretzka,LM,4,746806
Bayern Munich,2025-11-08,Union Berlin,away,4-2-3-1,True,6,Joshua Kimmich,RM,8,746806
Bayern Munich,2025-11-08,Union Berlin,away,4-2-3-1,True,9,Harry Kane,F,9,746806
Bayern Munich,2025-11-08,Union Berlin,away,4-2-3-1,True,14,Luis Díaz,AM-L,11,746806
Bayern Munich,2025-11-08,Union Berlin,away,4-2-3-1,True,17,Michael Olise,AM-R,7,746806
Bayern Munich,2025-11-08,Union Berlin,away,4-2-3-1,False,40,Jonas Urbig,SUB,0,746806
Bayern Munich,2025-11-08,Union Berlin,away,4-2-3-1,False,3,Kim Min-Jae,SUB,0,746806
Bayern Munich,2025-11-08,Union Berlin,away,4-2-3-1,False,42,Lennart Karl,SUB,0,746806
Bayern Munich,2025-11-08,Union Berlin,away,4-2-3-1,False,20,Tom Bischof,SUB,0,746806
Bayern Munich,2025-11-08,Union Berlin,away,4-2-3-1,False,23,Sacha Boey,SUB,0,746806
Bayern Munich,2025-11-08,Union Berlin,away,4-2-3-1,False,11,Nicolas Jackson,SUB,0,746806
Bayern Munich,2025-11-08,Union Berlin,away,4-2-3-1,False,45,Aleksandar Pavlovic,SUB,0,746806
Bayern Munich,2025-11-08,Union Berlin,away,4-2-3-1,False,47,David Daiber,SUB,0,746806
Bayern Munich,2025-11-08,Union Berlin,away,4-2-3-1,False,48,Leon Klanac,SUB,0,746806
Bayern Munich,2025-11-29,St Pauli,home,4-2-3-1,True,1,Manuel Neuer,G,1,746818
Bayern Munich,2025-11-29,St Pauli,home,4-2-3-1,True,4,Jonathan Tah,CD-L,6,746818
Bayern Munich,2025-11-29,St Pauli,home,4-2-3-1,True,3,Kim Min-Jae,CD-R,5,746818
Bayern Munich,2025-11-29,St Pauli,home,4-2-3-1,True,20,Tom Bischof,LB,3,746818
Bayern Munich,2025-11-29,St Pauli,home,4-2-3-1,True,27,Konrad Laimer,RB,2,746818
Bayern Munich,2025-11-29,St Pauli,home,4-2-3-1,True,22,Raphaël Guerreiro,AM,10,746818
Bayern Munich,2025-11-29,St Pauli,home,4-2-3-1,True,45,Aleksandar Pavlovic,LM,4,746818
Bayern Munich,2025-11-29,St Pauli,home,4-2-3-1,True,6,Joshua Kimmich,RM,8,746818
Bayern Munich,2025-11-29,St Pauli,home,4-2-3-1,True,9,Harry Kane,F,9,746818
Bayern Munich,2025-11-29,St Pauli,home,4-2-3-1,True,14,Luis Díaz,AM-L,11,746818
Bayern Munich,2025-11-29,St Pauli,home,4-2-3-1,True,42,Lennart Karl,AM-R,7,746818
Bayern Munich,2025-11-29,St Pauli,home,4-2-3-1,False,40,Jonas Urbig,SUB,0,746818
Bayern Munich,2025-11-29,St Pauli,home,4-2-3-1,False,11,Nicolas Jackson,SUB,0,746818
Bayern Munich,2025-11-29,St Pauli,home,4-2-3-1,False,30,Cassiano Kiala,SUB,0,746818
Bayern Munich,2025-11-29,St Pauli,home,4-2-3-1,False,44,Josip Stanisic,SUB,0,746818
Bayern Munich,2025-11-29,St Pauli,home,4-2-3-1,False,21,Hiroki Ito,SUB,0,746818
Bayern Munich,2025-11-29,St Pauli,home,4-2-3-1,False,17,Michael Olise,SUB,0,746818
Bayern Munich,2025-11-29,St Pauli,home,4-2-3-1,False,23,Sacha Boey,SUB,0,746818
Bayern Munich,2025-11-29,St Pauli,home,4-2-3-1,False,7,Serge Gnabry,SUB,0,746818
Bayern Munich,2025-11-29,St Pauli,home,4-2-3-1,False,8,Leon Goretzka,SUB,0,746818
St Pauli,2025-11-29,Bayern Munich,away,5-4-1,True,22,Nikola Vasilj,G,1,746818
St Pauli,2025-11-29,Bayern Munich,away,5-4-1,True,8,Eric Smith,CD,5,746818
St Pauli,2025-11-29,Bayern Munich,away,5-4-1,True,3,Karol Mets,CD-L,4,746818
St Pauli,2025-11-29,Bayern Munich,away,5-4-1,True,5,Hauke Wahl,CD-R,6,746818
St Pauli,2025-11-29,Bayern Munich,away,5-4-1,True,21,Lars Ritzka,LB,3,746818
St Pauli,2025-11-29,Bayern Munich,away,5-4-1,True,11,Arkadiusz Pyrka,RB,2,746818
St Pauli,2025-11-29,Bayern Munich,away,5-4-1,True,7,Jackson Irvine,CM-L,10,746818
St Pauli,2025-11-29,Bayern Munich,away,5-4-1,True,6,James Sands,CM-R,8,746818
St Pauli,2025-11-29,Bayern Munich,away,5-4-1,True,28,Mathias Pereira Lage,LM,11,746818
St Pauli,2025-11-29,Bayern Munich,away,5-4-1,True,16,Joel Chima Fujita,RM,7,746818
St Pauli,2025-11-29,Bayern Munich,away,5-4-1,True,27,Andreas Hountondji,F,9,746818
St Pauli,2025-11-29,Bayern Munich,away,5-4-1,False,24,Connor Metcalfe,SUB,0,746818
St Pauli,2025-11-29,Bayern Munich,away,5-4-1,False,26,Ricky-Jade Jones,SUB,0,746818
St Pauli,2025-11-29,Bayern Munich,away,5-4-1,False,25,Adam Dzwigala,SUB,0,746818
St Pauli,2025-11-29,Bayern Munich,away,5-4-1,False,9,Abdoulie Ceesay,SUB,0,746818
St Pauli,2025-11-29,Bayern Munich,away,5-4-1,False,10,Danel Sinani,SUB,0,746818
St Pauli,2025-11-29,Bayern Munich,away,5-4-1,False,19,Martijn Kaars,SUB,0,746818
St Pauli,2025-11-29,Bayern Munich,away,5-4-1,False,2,Manolis Saliakas,SUB,0,746818
St Pauli,2025-11-29,Bayern Munich,away,5-4-1,False,23,Louis Oppie,SUB,0,746818
St Pauli,2025-11-29,Bayern Munich,away,5-4-1,False,1,Ben Voll,SUB,0,746818
Hoffenheim,2025-11-29,Augsburg,home,4-1-2-1-2,True,1,Oliver Baumann,G,1,746821
Hoffenheim,2025-11-29,Augsburg,home,4-1-2-1-2,True,21,Albian Hajdari,CD-L,6,746821
Hoffenheim,2025-11-29,Augsburg,home,4-1-2-1-2,True,2,Robin Hranác,CD-R,5,746821
Hoffenheim,2025-11-29,Augsburg,home,4-1-2-1-2,True,7,Leon Avdullahu,DM,4,746821
Hoffenheim,2025-11-29,Augsburg,home,4-1-2-1-2,True,13,Bernardo,LB,3,746821
Hoffenheim,2025-11-29,Augsburg,home,4-1-2-1-2,True,34,Vladimír Coufal,RB,2,746821
Hoffenheim,2025-11-29,Augsburg,home,4-1-2-1-2,True,11,Fisnik Asllani,AM,8,746821
Hoffenheim,2025-11-29,Augsburg,home,4-1-2-1-2,True,18,Wouter Burger,LM,11,746821
Hoffenheim,2025-11-29,Augsburg,home,4-1-2-1-2,True,6,Grischa Prömel,RM,7,746821
Hoffenheim,2025-11-29,Augsburg,home,4-1-2-1-2,True,29,Bazoumana Touré,CF-L,9,746821
Hoffenheim,2025-11-29,Augsburg,home,4-1-2-1-2,True,19,Tim Lemperle,CF-R,10,746821
Hoffenheim,2025-11-29,Augsburg,home,4-1-2-1-2,False,33,Max Moerstedt,SUB,0,746821
Hoffenheim,2025-11-29,Augsburg,home,4-1-2-1-2,False,9,Ihlas Bebou,SUB,0,746821
Hoffenheim,2025-11-29,Augsburg,home,4-1-2-1-2,False,22,Alexander Prass,SUB,0,746821
Hoffenheim,2025-11-29,Augsburg,home,4-1-2-1-2,False,10,Muhammed Damar,SUB,0,746821
Hoffenheim,2025-11-29,Augsburg,home,4-1-2-1-2,False,5,Ozan Kabak,SUB,0,746821
Hoffenheim,2025-11-29,Augsburg,home,4-1-2-1-2,False,37,Luca Philipp,SUB,0,746821
Hoffenheim,2025-11-29,Augsburg,home,4-1-2-1-2,False,15,Valentin Gendrey,SUB,0,746821
Hoffenheim,2025-11-29,Augsburg,home,4-1-2-1-2,False,17,Umut Tohumcu,SUB,0,746821
Hoffenheim,2025-11-29,Augsburg,home,4-1-2-1-2,False,27,Andrej Kramaric,SUB,0,746821
Augsburg,2025-11-29,Hoffenheim,away,3-4-2-1,True,1,Finn Dahmen,G,1,746821
Augsburg,2025-11-29,Hoffenheim,away,3-4-2-1,True,5,Chrislain Matsima,CD,5,746821
Augsburg,2025-11-29,Hoffenheim,away,3-4-2-1,True,16,Cédric Zesiger,CD-L,4,746821
Augsburg,2025-11-29,Hoffenheim,away,3-4-2-1,True,40,Noahkai Banks,CD-R,6,746821
Augsburg,2025-11-29,Hoffenheim,away,3-4-2-1,True,4,Han-Noah Massengo,CM-L,8,746821
Augsburg,2025-11-29,Hoffenheim,away,3-4-2-1,True,19,Robin Fellhauer,CM-R,7,746821
Augsburg,2025-11-29,Hoffenheim,away,3-4-2-1,True,13,Dimitris Giannoulis,LM,3,746821
Augsburg,2025-11-29,Hoffenheim,away,3-4-2-1,True,30,Anton Kade,RM,2,746821
Augsburg,2025-11-29,Hoffenheim,away,3-4-2-1,True,9,Samuel Essende,F,9,746821
Augsburg,2025-11-29,Hoffenheim,away,3-4-2-1,True,36,Mert Kömür,CF-L,11,746821
Augsburg,2025-11-29,Hoffenheim,away,3-4-2-1,True,32,Fabian Rieder,CF-R,10,746821
Augsburg,2025-11-29,Hoffenheim,away,3-4-2-1,False,10,Arne Maier,SUB,0,746821
Augsburg,2025-11-29,Hoffenheim,away,3-4-2-1,False,3,Mads Pedersen,SUB,0,746821
Augsburg,2025-11-29,Hoffenheim,away,3-4-2-1,False,20,Alexis Claude-Maurice,SUB,0,746821
Augsburg,2025-11-29,Hoffenheim,away,3-4-2-1,False,22,Nediljko Labrovic,SUB,0,746821
Augsburg,2025-11-29,Hoffenheim,away,3-4-2-1,False,17,Kristijan Jakic,SUB,0,746821
Augsburg,2025-11-29,Hoffenheim,away,3-4-2-1,False,27,Marius Wolf,SUB,0,746821
Augsburg,2025-11-29,Hoffenheim,away,3-4-2-1,False,26,Elias Saad,SUB,0,746821
Augsburg,2025-11-29,Hoffenheim,away,3-4-2-1,False,8,Elvis Rexhbecaj,SUB,0,746821
Augsburg,2025-11-29,Hoffenheim,away,3-4-2-1,False,21,Phillip Tietz,SUB,0,746821
Werder Bremen,2025-11-29,Köln,home,4-2-3-1,True,30,Mio Backhaus,G,1,746820
Werder Bremen,2025-11-29,Köln,home,4-2-3-1,True,31,Karim Coulibaly,CD-L,6,746820
Werder Bremen,2025-11-29,Köln,home,4-2-3-1,True,5,Amos Pieper,CD-R,5,746820
Werder Bremen,2025-11-29,Köln,home,4-2-3-1,True,32,Marco Friedl,LB,3,746820
Werder Bremen,2025-11-29,Köln,home,4-2-3-1,True,3,Yukinari Sugawara,RB,2,746820
Werder Bremen,2025-11-29,Köln,home,4-2-3-1,True,20,Romano Schmid,AM,10,746820
Werder Bremen,2025-11-29,Köln,home,4-2-3-1,True,6,Jens Stage,LM,4,746820
Werder Bremen,2025-11-29,Köln,home,4-2-3-1,True,14,Senne Lynen,RM,8,746820
Werder Bremen,2025-11-29,Köln,home,4-2-3-1,True,9,Keke Topp,F,9,746820
Werder Bremen,2025-11-29,Köln,home,4-2-3-1,True,17,Marco Grüll,AM-L,11,746820
Werder Bremen,2025-11-29,Köln,home,4-2-3-1,True,18,Cameron Puertas,AM-R,7,746820
Werder Bremen,2025-11-29,Köln,home,4-2-3-1,False,7,Samuel Mbangula,SUB,0,746820
Werder Bremen,2025-11-29,Köln,home,4-2-3-1,False,11,Justin Njinmah,SUB,0,746820
Werder Bremen,2025-11-29,Köln,home,4-2-3-1,False,24,Patrice Covic,SUB,0,746820
Werder Bremen,2025-11-29,Köln,home,4-2-3-1,False,44,Victor Boniface,SUB,0,746820
Werder Bremen,2025-11-29,Köln,home,4-2-3-1,False,4,Niklas Stark,SUB,0,746820
Werder Bremen,2025-11-29,Köln,home,4-2-3-1,False,28,Skelly Alvero,SUB,0,746820
Werder Bremen,2025-11-29,Köln,home,4-2-3-1,False,13,Karl Hein,SUB,0,746820
Werder Bremen,2025-11-29,Köln,home,4-2-3-1,False,10,Leonardo Bittencourt,SUB,0,746820
Werder Bremen,2025-11-29,Köln,home,4-2-3-1,False,23,Isaac Schmidt,SUB,0,746820
Köln,2025-11-29,Werder Bremen,away,3-4-3,True,1,Marvin Schwäbe,G,1,746820
Köln,2025-11-29,Werder Bremen,away,3-4-3,True,3,Dominique Heintz,CD,5,746820
Köln,2025-11-29,Werder Bremen,away,3-4-3,True,39,Cenk Özkacar,CD-L,4,746820
Köln,2025-11-29,Werder Bremen,away,3-4-3,True,28,Sebastian Sebulonsen,CD-R,6,746820
Köln,2025-11-29,Werder Bremen,away,3-4-3,True,6,Eric Martel,CM-L,8,746820
Köln,2025-11-29,Werder Bremen,away,3-4-3,True,18,Ísak Jóhannesson,CM-R,7,746820
Köln,2025-11-29,Werder Bremen,away,3-4-3,True,17,Alessio Castro-Montes,LM,3,746820
Köln,2025-11-29,Werder Bremen,away,3-4-3,True,29,Jan Thielmann,RM,2,746820
Köln,2025-11-29,Werder Bremen,away,3-4-3,True,30,Marius Bulter,F,9,746820
Köln,2025-11-29,Werder Bremen,away,3-4-3,True,13,Said El Mala,CF-L,11,746820
Köln,2025-11-29,Werder Bremen,away,3-4-3,True,16,Jakub Kaminski,CF-R,10,746820
Köln,2025-11-29,Werder Bremen,away,3-4-3,False,11,Florian Kainz,SUB,0,746820
Köln,2025-11-29,Werder Bremen,away,3-4-3,False,32,Kristoffer Lund,SUB,0,746820
Köln,2025-11-29,Werder Bremen,away,3-4-3,False,25,Jusuf Gazibegovic,SUB,0,746820
Köln,2025-11-29,Werder Bremen,away,3-4-3,False,33,Rav van den Berg,SUB,0,746820
Köln,2025-11-29,Werder Bremen,away,3-4-3,False,7,Luca Waldschmidt,SUB,0,746820
Köln,2025-11-29,Werder Bremen,away,3-4-3,False,20,Ron-Robert Zieler,SUB,0,746820
Köln,2025-11-29,Werder Bremen,away,3-4-3,False,5,Tom Krauss,SUB,0,746820
Köln,2025-11-29,Werder Bremen,away,3-4-3,False,8,Denis Huseinbasic,SUB,0,746820
Köln,2025-11-29,Werder Bremen,away,3-4-3,False,37,Linton Maina,SUB,0,746820
Leverkusen,2025-11-29,Dortmund,home,3-4-2-1,True,1,Mark Flekken,G,1,746824
Leverkusen,2025-11-29,Dortmund,home,3-4-2-1,True,5,Loïc Badé,CD,5,746824
Leverkusen,2025-11-29,Dortmund,home,3-4-2-1,True,12,Edmond Tapsoba,CD-L,4,746824
Leverkusen,2025-11-29,Dortmund,home,3-4-2-1,True,8,Robert Andrich,CD-R,6,746824
Leverkusen,2025-11-29,Dortmund,home,3-4-2-1,True,24,Aleix García,CM-L,8,746824
Leverkusen,2025-11-29,Dortmund,home,3-4-2-1,True,30,Ibrahim Maza,CM-R,7,746824
Leverkusen,2025-11-29,Dortmund,home,3-4-2-1,True,20,Alejandro Grimaldo,LM,3,746824
Leverkusen,2025-11-29,Dortmund,home,3-4-2-1,True,7,Jonas Hofmann,RM,2,746824
Leverkusen,2025-11-29,Dortmund,home,3-4-2-1,True,14,Patrik Schick,F,9,746824
Leverkusen,2025-11-29,Dortmund,home,3-4-2-1,True,19,Ernest Poku,CF-L,11,746824
Leverkusen,2025-11-29,Dortmund,home,3-4-2-1,True,10,Malik Tillman,CF-R,10,746824
Leverkusen,2025-11-29,Dortmund,home,3-4-2-1,False,36,Niklas Lomb,SUB,0,746824
Leverkusen,2025-11-29,Dortmund,home,3-4-2-1,False,35,Christian Kofane,SUB,0,746824
Leverkusen,2025-11-29,Dortmund,home,3-4-2-1,False,9,Claudio Echeverri,SUB,0,746824
Leverkusen,2025-11-29,Dortmund,home,3-4-2-1,False,4,Jarell Quansah,SUB,0,746824
Leverkusen,2025-11-29,Dortmund,home,3-4-2-1,False,23,Nathan Tella,SUB,0,746824
Leverkusen,2025-11-29,Dortmund,home,3-4-2-1,False,11,Martin Terrier,SUB,0,746824
Leverkusen,2025-11-29,Dortmund,home,3-4-2-1,False,18,Alejo Sarco,SUB,0,746824
Leverkusen,2025-11-29,Dortmund,home,3-4-2-1,False,17,Eliesse Ben Seghir,SUB,0,746824
Leverkusen,2025-11-29,Dortmund,home,3-4-2-1,False,44,Jeanuël Belocian,SUB,0,746824
Dortmund,2025-11-29,Leverkusen,away,3-4-2-1,True,1,Gregor Kobel,G,1,746824
Dortmund,2025-11-29,Leverkusen,away,3-4-2-1,True,3,Waldemar Anton,CD,5,746824
Dortmund,2025-11-29,Leverkusen,away,3-4-2-1,True,4,Nico Schlotterbeck,CD-L,4,746824
Dortmund,2025-11-29,Leverkusen,away,3-4-2-1,True,28,Aaron Anselmino,CD-R,6,746824
Dortmund,2025-11-29,Leverkusen,away,3-4-2-1,True,20,Marcel Sabitzer,CM-L,8,746824
Dortmund,2025-11-29,Leverkusen,away,3-4-2-1,True,8,Felix Nmecha,CM-R,7,746824
Dortmund,2025-11-29,Leverkusen,away,3-4-2-1,True,24,Daniel Svensson,LM,3,746824
Dortmund,2025-11-29,Leverkusen,away,3-4-2-1,True,26,Julian Ryerson,RM,2,746824
Dortmund,2025-11-29,Leverkusen,away,3-4-2-1,True,9,Serhou Guirassy,F,9,746824
Dortmund,2025-11-29,Leverkusen,away,3-4-2-1,True,10,Julian Brandt,CF-L,11,746824
Dortmund,2025-11-29,Leverkusen,away,3-4-2-1,True,27,Karim Adeyemi,CF-R,10,746824
Dortmund,2025-11-29,Leverkusen,away,3-4-2-1,False,2,Yan Couto,SUB,0,746824
Dortmund,2025-11-29,Leverkusen,away,3-4-2-1,False,23,Emre Can,SUB,0,746824
Dortmund,2025-11-29,Leverkusen,away,3-4-2-1,False,5,Ramy Bensebaini,SUB,0,746824
Dortmund,2025-11-29,Leverkusen,away,3-4-2-1,False,21,Fábio Silva,SUB,0,746824
Dortmund,2025-11-29,Leverkusen,away,3-4-2-1,False,13,Pascal Gross,SUB,0,746824
Dortmund,2025-11-29,Leverkusen,away,3-4-2-1,False,33,Alexander Meyer,SUB,0,746824
Dortmund,2025-11-29,Leverkusen,away,3-4-2-1,False,16,Julien Duranville,SUB,0,746824
Dortmund,2025-11-29,Leverkusen,away,3-4-2-1,False,7,Jobe Bellingham,SUB,0,746824
Dortmund,2025-11-29,Leverkusen,away,3-4-2-1,False,17,Carney Chukwuemeka,SUB,0,746824
Mainz 05,2025-11-21,Hoffenheim,home,3-4-2-1,True,27,Robin Zentner,G,1,746816
Mainz 05,2025-11-21,Hoffenheim,home,3-4-2-1,True,15,Lennard Maloney,CD,5,746816
Mainz 05,2025-11-21,Hoffenheim,home,3-4-2-1,True,25,Andreas Hanche-Olsen,CD-L,4,746816
Mainz 05,2025-11-21,Hoffenheim,home,3-4-2-1,True,31,Dominik Kohr,CD-R,6,746816
Mainz 05,2025-11-21,Hoffenheim,home,3-4-2-1,True,6,Kaishu Sano,CM-L,8,746816
Mainz 05,2025-11-21,Hoffenheim,home,3-4-2-1,True,10,Nadiem Amiri,CM-R,7,746816
Mainz 05,2025-11-21,Hoffenheim,home,3-4-2-1,True,30,Silvan Widmer,LM,3,746816
Mainz 05,2025-11-21,Hoffenheim,home,3-4-2-1,True,2,Phillipp Mwene,RM,2,746816
Mainz 05,2025-11-21,Hoffenheim,home,3-4-2-1,True,7,Lee Jae-Sung,F,9,746816
Mainz 05,2025-11-21,Hoffenheim,home,3-4-2-1,True,17,Benedict Hollerbach,CF-L,11,746816
Mainz 05,2025-11-21,Hoffenheim,home,3-4-2-1,True,8,Paul Nebel,CF-R,10,746816
Mainz 05,2025-11-21,Hoffenheim,home,3-4-2-1,False,24,Sota Kawasaki,SUB,0,746816
Mainz 05,2025-11-21,Hoffenheim,home,3-4-2-1,False,16,Stefan Bell,SUB,0,746816
Mainz 05,2025-11-21,Hoffenheim,home,3-4-2-1,False,37,Ben Bobzien,SUB,0,746816
Mainz 05,2025-11-21,Hoffenheim,home,3-4-2-1,False,11,Armindo Sieb,SUB,0,746816
Mainz 05,2025-11-21,Hoffenheim,home,3-4-2-1,False,14,William Bøving,SUB,0,746816
Mainz 05,2025-11-21,Hoffenheim,home,3-4-2-1,False,1,Lasse Rieß,SUB,0,746816
Mainz 05,2025-11-21,Hoffenheim,home,3-4-2-1,False,21,Danny da Costa,SUB,0,746816
Mainz 05,2025-11-21,Hoffenheim,home,3-4-2-1,False,44,Nelson Weiper,SUB,0,746816
Mainz 05,2025-11-21,Hoffenheim,home,3-4-2-1,False,22,Nikolas Veratschnig,SUB,0,746816
Hoffenheim,2025-11-21,Mainz 05,away,4-1-2-1-2,True,1,Oliver Baumann,G,1,746816
Hoffenheim,2025-11-21,Mainz 05,away,4-1-2-1-2,True,21,Albian Hajdari,CD-L,6,746816
Hoffenheim,2025-11-21,Mainz 05,away,4-1-2-1-2,True,2,Robin Hranác,CD-R,5,746816
Hoffenheim,2025-11-21,Mainz 05,away,4-1-2-1-2,True,7,Leon Avdullahu,DM,4,746816
Hoffenheim,2025-11-21,Mainz 05,away,4-1-2-1-2,True,13,Bernardo,LB,3,746816
Hoffenheim,2025-11-21,Mainz 05,away,4-1-2-1-2,True,34,Vladimír Coufal,RB,2,746816
Hoffenheim,2025-11-21,Mainz 05,away,4-1-2-1-2,True,27,Andrej Kramaric,AM,8,746816
Hoffenheim,2025-11-21,Mainz 05,away,4-1-2-1-2,True,18,Wouter Burger,LM,11,746816
Hoffenheim,2025-11-21,Mainz 05,away,4-1-2-1-2,True,6,Grischa Prömel,RM,7,746816
Hoffenheim,2025-11-21,Mainz 05,away,4-1-2-1-2,True,29,Bazoumana Touré,CF-L,9,746816
Hoffenheim,2025-11-21,Mainz 05,away,4-1-2-1-2,True,11,Fisnik Asllani,CF-R,10,746816
Hoffenheim,2025-11-21,Mainz 05,away,4-1-2-1-2,False,37,Luca Philipp,SUB,0,746816
Hoffenheim,2025-11-21,Mainz 05,away,4-1-2-1-2,False,19,Tim Lemperle,SUB,0,746816
Hoffenheim,2025-11-21,Mainz 05,away,4-1-2-1-2,False,25,Kevin Akpoguma,SUB,0,746816
Hoffenheim,2025-11-21,Mainz 05,away,4-1-2-1-2,False,35,Arthur Chaves,SUB,0,746816
Hoffenheim,2025-11-21,Mainz 05,away,4-1-2-1-2,False,9,Ihlas Bebou,SUB,0,746816
Hoffenheim,2025-11-21,Mainz 05,away,4-1-2-1-2,False,22,Alexander Prass,SUB,0,746816
Hoffenheim,2025-11-21,Mainz 05,away,4-1-2-1-2,False,33,Max Moerstedt,SUB,0,746816
Hoffenheim,2025-11-21,Mainz 05,away,4-1-2-1-2,False,17,Umut Tohumcu,SUB,0,746816
Hoffenheim,2025-11-21,Mainz 05,away,4-1-2-1-2,False,10,Muhammed Damar,SUB,0,746816
Gladbach,2025-11-08,Köln,home,5-3-2,True,33,Moritz Nicolas,G,1,746800
Gladbach,2025-11-08,Köln,home,5-3-2,True,30,Nico Elvedi,CD,5,746800
Gladbach,2025-11-08,Köln,home,5-3-2,True,4,Kevin Diks,CD-L,4,746800
Gladbach,2025-11-08,Köln,home,5-3-2,True,16,Philipp Sander,CD-R,6,746800
Gladbach,2025-11-08,Köln,home,5-3-2,True,26,Lukas Ullrich,LB,3,746800
Gladbach,2025-11-08,Köln,home,5-3-2,True,29,Joe Scally,RB,2,746800
Gladbach,2025-11-08,Köln,home,5-3-2,True,6,Yannick Engelhardt,CM,8,746800
Gladbach,2025-11-08,Köln,home,5-3-2,True,10,Florian Neuhaus,CM-L,11,746800
Gladbach,2025-11-08,Köln,home,5-3-2,True,27,Rocco Reitz,CM-R,7,746800
Gladbach,2025-11-08,Köln,home,5-3-2,True,15,Haris Tabakovic,CF-L,9,746800
Gladbach,2025-11-08,Köln,home,5-3-2,True,9,Franck Honorat,CF-R,10,746800
Gladbach,2025-11-08,Köln,home,5-3-2,False,20,Luca Netz,SUB,0,746800
Gladbach,2025-11-08,Köln,home,5-3-2,False,42,Tiago Pereira,SUB,0,746800
Gladbach,2025-11-08,Köln,home,5-3-2,False,40,Jan Urbich,SUB,0,746800
Gladbach,2025-11-08,Köln,home,5-3-2,False,18,Shuto Machino,SUB,0,746800
Gladbach,2025-11-08,Köln,home,5-3-2,False,36,Wael Mohya,SUB,0,746800
Gladbach,2025-11-08,Köln,home,5-3-2,False,7,Kevin Stöger,SUB,0,746800
Gladbach,2025-11-08,Köln,home,5-3-2,False,13,Giovanni Reyna,SUB,0,746800
Gladbach,2025-11-08,Köln,home,5-3-2,False,5,Marvin Friedrich,SUB,0,746800
Gladbach,2025-11-08,Köln,home,5-3-2,False,22,Oscar Fraulo,SUB,0,746800
Köln,2025-11-08,Gladbach,away,3-5-2,True,1,Marvin Schwäbe,G,1,746800
Köln,2025-11-08,Gladbach,away,3-5-2,True,6,Eric Martel,CD,5,746800
Köln,2025-11-08,Gladbach,away,3-5-2,True,39,Cenk Özkacar,CD-L,4,746800
Köln,2025-11-08,Gladbach,away,3-5-2,True,2,Joel Schmied,CD-R,6,746800
Köln,2025-11-08,Gladbach,away,3-5-2,True,11,Florian Kainz,CM-L,8,746800
Köln,2025-11-08,Gladbach,away,3-5-2,True,18,Ísak Jóhannesson,CM-R,7,746800
Köln,2025-11-08,Gladbach,away,3-5-2,True,8,Denis Huseinbasic,AM,11,746800
Köln,2025-11-08,Gladbach,away,3-5-2,True,32,Kristoffer Lund,LM,3,746800
Köln,2025-11-08,Gladbach,away,3-5-2,True,16,Jakub Kaminski,RM,2,746800
Köln,2025-11-08,Gladbach,away,3-5-2,True,13,Said El Mala,CF-L,9,746800
Köln,2025-11-08,Gladbach,away,3-5-2,True,30,Marius Bulter,CF-R,10,746800
Köln,2025-11-08,Gladbach,away,3-5-2,False,25,Jusuf Gazibegovic,SUB,0,746800
Köln,2025-11-08,Gladbach,away,3-5-2,False,28,Sebastian Sebulonsen,SUB,0,746800
Köln,2025-11-08,Gladbach,away,3-5-2,False,5,Tom Krauss,SUB,0,746800
Köln,2025-11-08,Gladbach,away,3-5-2,False,9,Ragnar Ache,SUB,0,746800
Köln,2025-11-08,Gladbach,away,3-5-2,False,3,Dominique Heintz,SUB,0,746800
Köln,2025-11-08,Gladbach,away,3-5-2,False,20,Ron-Robert Zieler,SUB,0,746800
Köln,2025-11-08,Gladbach,away,3-5-2,False,7,Luca Waldschmidt,SUB,0,746800
Köln,2025-11-08,Gladbach,away,3-5-2,False,17,Alessio Castro-Montes,SUB,0,746800
Köln,2025-11-08,Gladbach,away,3-5-2,False,37,Linton Maina,SUB,0,746800
Bayern Munich,2025-11-22,Freiburg,home,4-2-3-1,True,1,Manuel Neuer,G,1,746813
Bayern Munich,2025-11-22,Freiburg,home,4-2-3-1,True,4,Jonathan Tah,CD-L,6,746813
Bayern Munich,2025-11-22,Freiburg,home,4-2-3-1,True,2,Dayot Upamecano,CD-R,5,746813
Bayern Munich,2025-11-22,Freiburg,home,4-2-3-1,True,20,Tom Bischof,LB,3,746813
Bayern Munich,2025-11-22,Freiburg,home,4-2-3-1,True,44,Josip Stanisic,RB,2,746813
Bayern Munich,2025-11-22,Freiburg,home,4-2-3-1,True,42,Lennart Karl,AM,10,746813
Bayern Munich,2025-11-22,Freiburg,home,4-2-3-1,True,8,Leon Goretzka,LM,4,746813
Bayern Munich,2025-11-22,Freiburg,home,4-2-3-1,True,45,Aleksandar Pavlovic,RM,8,746813
Bayern Munich,2025-11-22,Freiburg,home,4-2-3-1,True,9,Harry Kane,F,9,746813
Bayern Munich,2025-11-22,Freiburg,home,4-2-3-1,True,14,Luis Díaz,AM-L,11,746813
Bayern Munich,2025-11-22,Freiburg,home,4-2-3-1,True,17,Michael Olise,AM-R,7,746813
Bayern Munich,2025-11-22,Freiburg,home,4-2-3-1,False,23,Sacha Boey,SUB,0,746813
Bayern Munich,2025-11-22,Freiburg,home,4-2-3-1,False,40,Jonas Urbig,SUB,0,746813
Bayern Munich,2025-11-22,Freiburg,home,4-2-3-1,False,36,Wisdom Mike,SUB,0,746813
Bayern Munich,2025-11-22,Freiburg,home,4-2-3-1,False,11,Nicolas Jackson,SUB,0,746813
Bayern Munich,2025-11-22,Freiburg,home,4-2-3-1,False,3,Kim Min-Jae,SUB,0,746813
Bayern Munich,2025-11-22,Freiburg,home,4-2-3-1,False,27,Konrad Laimer,SUB,0,746813
Bayern Munich,2025-11-22,Freiburg,home,4-2-3-1,False,6,Joshua Kimmich,SUB,0,746813
Bayern Munich,2025-11-22,Freiburg,home,4-2-3-1,False,21,Hiroki Ito,SUB,0,746813
Bayern Munich,2025-11-22,Freiburg,home,4-2-3-1,False,22,Raphaël Guerreiro,SUB,0,746813
Freiburg,2025-11-22,Bayern Munich,away,4-4-2,True,1,Noah Atubolu,G,1,746813
Freiburg,2025-11-22,Bayern Munich,away,4-4-2,True,37,Max Rosenfelder,CD-L,6,746813
Freiburg,2025-11-22,Bayern Munich,away,4-4-2,True,28,Matthias Ginter,CD-R,5,746813
Freiburg,2025-11-22,Bayern Munich,away,4-4-2,True,33,Jordy Makengo,LB,3,746813
Freiburg,2025-11-22,Bayern Munich,away,4-4-2,True,29,Philipp Treu,RB,2,746813
Freiburg,2025-11-22,Bayern Munich,away,4-4-2,True,44,Johan Manzambi,CM-L,8,746813
Freiburg,2025-11-22,Bayern Munich,away,4-4-2,True,8,Maximilian Eggestein,CM-R,4,746813
Freiburg,2025-11-22,Bayern Munich,away,4-4-2,True,7,Derry Scherhant,LM,11,746813
Freiburg,2025-11-22,Bayern Munich,away,4-4-2,True,19,Niklas Beste,RM,7,746813
Freiburg,2025-11-22,Bayern Munich,away,4-4-2,True,9,Lucas Höler,CF-L,9,746813
Freiburg,2025-11-22,Bayern Munich,away,4-4-2,True,14,Yuito Suzuki,CF-R,10,746813
Freiburg,2025-11-22,Bayern Munich,away,4-4-2,False,6,Patrick Osterhage,SUB,0,746813
Freiburg,2025-11-22,Bayern Munich,away,4-4-2,False,18,Eren Dinkci,SUB,0,746813
Freiburg,2025-11-22,Bayern Munich,away,4-4-2,False,21,Florian Müller,SUB,0,746813
Freiburg,2025-11-22,Bayern Munich,away,4-4-2,False,20,Junior Adamu,SUB,0,746813
Freiburg,2025-11-22,Bayern Munich,away,4-4-2,False,17,Lukas Kübler,SUB,0,746813
Freiburg,2025-11-22,Bayern Munich,away,4-4-2,False,31,Igor Matanovic,SUB,0,746813
Freiburg,2025-11-22,Bayern Munich,away,4-4-2,False,30,Christian Günter,SUB,0,746813
Freiburg,2025-11-22,Bayern Munich,away,4-4-2,False,3,Philipp Lienhart,SUB,0,746813
Freiburg,2025-11-22,Bayern Munich,away,4-4-2,False,32,Vincenzo Grifo,SUB,0,746813
Freiburg,2025-11-09,St Pauli,home,4-2-3-1,True,1,Noah Atubolu,G,1,746803
Freiburg,2025-11-09,St Pauli,home,4-2-3-1,True,3,Philipp Lienhart,CD-L,6,746803
Freiburg,2025-11-09,St Pauli,home,4-2-3-1,True,28,Matthias Ginter,CD-R,5,746803
Freiburg,2025-11-09,St Pauli,home,4-2-3-1,True,30,Christian Günter,LB,3,746803
Freiburg,2025-11-09,St Pauli,home,4-2-3-1,True,29,Philipp Treu,RB,2,746803
Freiburg,2025-11-09,St Pauli,home,4-2-3-1,True,14,Yuito Suzuki,AM,10,746803
Freiburg,2025-11-09,St Pauli,home,4-2-3-1,True,44,Johan Manzambi,LM,4,746803
Freiburg,2025-11-09,St Pauli,home,4-2-3-1,True,8,Maximilian Eggestein,RM,8,746803
Freiburg,2025-11-09,St Pauli,home,4-2-3-1,True,20,Junior Adamu,F,9,746803
Freiburg,2025-11-09,St Pauli,home,4-2-3-1,True,32,Vincenzo Grifo,AM-L,11,746803
Freiburg,2025-11-09,St Pauli,home,4-2-3-1,True,19,Niklas Beste,AM-R,7,746803
Freiburg,2025-11-09,St Pauli,home,4-2-3-1,False,33,Jordy Makengo,SUB,0,746803
Freiburg,2025-11-09,St Pauli,home,4-2-3-1,False,6,Patrick Osterhage,SUB,0,746803
Freiburg,2025-11-09,St Pauli,home,4-2-3-1,False,37,Max Rosenfelder,SUB,0,746803
Freiburg,2025-11-09,St Pauli,home,4-2-3-1,False,21,Florian Müller,SUB,0,746803
Freiburg,2025-11-09,St Pauli,home,4-2-3-1,False,5,Anthony Jung,SUB,0,746803
Freiburg,2025-11-09,St Pauli,home,4-2-3-1,False,31,Igor Matanovic,SUB,0,746803
Freiburg,2025-11-09,St Pauli,home,4-2-3-1,False,9,Lucas Höler,SUB,0,746803
Freiburg,2025-11-09,St Pauli,home,4-2-3-1,False,17,Lukas Kübler,SUB,0,746803
Freiburg,2025-11-09,St Pauli,home,4-2-3-1,False,7,Derry Scherhant,SUB,0,746803
St Pauli,2025-11-09,Freiburg,away,3-4-3,True,22,Nikola Vasilj,G,1,746803
St Pauli,2025-11-09,Freiburg,away,3-4-3,True,8,Eric Smith,CD,5,746803
St Pauli,2025-11-09,Freiburg,away,3-4-3,True,3,Karol Mets,CD-L,4,746803
St Pauli,2025-11-09,Freiburg,away,3-4-3,True,5,Hauke Wahl,CD-R,6,746803
St Pauli,2025-11-09,Freiburg,away,3-4-3,True,16,Joel Chima Fujita,CM-L,8,746803
St Pauli,2025-11-09,Freiburg,away,3-4-3,True,6,James Sands,CM-R,7,746803
St Pauli,2025-11-09,Freiburg,away,3-4-3,True,23,Louis Oppie,LM,3,746803
St Pauli,2025-11-09,Freiburg,away,3-4-3,True,11,Arkadiusz Pyrka,RM,2,746803
St Pauli,2025-11-09,Freiburg,away,3-4-3,True,19,Martijn Kaars,F,9,746803
St Pauli,2025-11-09,Freiburg,away,3-4-3,True,24,Connor Metcalfe,CF-L,11,746803
St Pauli,2025-11-09,Freiburg,away,3-4-3,True,28,Mathias Pereira Lage,CF-R,10,746803
St Pauli,2025-11-09,Freiburg,away,3-4-3,False,34,Jannik Robatsch,SUB,0,746803
St Pauli,2025-11-09,Freiburg,away,3-4-3,False,14,Fin Stevens,SUB,0,746803
St Pauli,2025-11-09,Freiburg,away,3-4-3,False,10,Danel Sinani,SUB,0,746803
St Pauli,2025-11-09,Freiburg,away,3-4-3,False,17,Oladapo Afolayan,SUB,0,746803
St Pauli,2025-11-09,Freiburg,away,3-4-3,False,27,Andreas Hountondji,SUB,0,746803
St Pauli,2025-11-09,Freiburg,away,3-4-3,False,21,Lars Ritzka,SUB,0,746803
St Pauli,2025-11-09,Freiburg,away,3-4-3,False,7,Jackson Irvine,SUB,0,746803
St Pauli,2025-11-09,Freiburg,away,3-4-3,False,9,Abdoulie Ceesay,SUB,0,746803
St Pauli,2025-11-09,Freiburg,away,3-4-3,False,1,Ben Voll,SUB,0,746803
Augsburg,2025-11-22,Hamburger SV,home,3-4-3,True,1,Finn Dahmen,G,1,746814
Augsburg,2025-11-22,Hamburger SV,home,3-4-3,True,5,Chrislain Matsima,CD,5,746814
Augsburg,2025-11-22,Hamburger SV,home,3-4-3,True,31,Keven Schlotterbeck,CD-L,4,746814
Augsburg,2025-11-22,Hamburger SV,home,3-4-3,True,40,Noahkai Banks,CD-R,6,746814
Augsburg,2025-11-22,Hamburger SV,home,3-4-3,True,4,Han-Noah Massengo,CM-L,8,746814
Augsburg,2025-11-22,Hamburger SV,home,3-4-3,True,19,Robin Fellhauer,CM-R,7,746814
Augsburg,2025-11-22,Hamburger SV,home,3-4-3,True,13,Dimitris Giannoulis,LM,3,746814
Augsburg,2025-11-22,Hamburger SV,home,3-4-3,True,30,Anton Kade,RM,2,746814
Augsburg,2025-11-22,Hamburger SV,home,3-4-3,True,36,Mert Kömür,F,9,746814
Augsburg,2025-11-22,Hamburger SV,home,3-4-3,True,20,Alexis Claude-Maurice,CF-L,11,746814
Augsburg,2025-11-22,Hamburger SV,home,3-4-3,True,32,Fabian Rieder,CF-R,10,746814
Augsburg,2025-11-22,Hamburger SV,home,3-4-3,False,22,Nediljko Labrovic,SUB,0,746814
Augsburg,2025-11-22,Hamburger SV,home,3-4-3,False,21,Phillip Tietz,SUB,0,746814
Augsburg,2025-11-22,Hamburger SV,home,3-4-3,False,11,Ismaël Gharbi,SUB,0,746814
Augsburg,2025-11-22,Hamburger SV,home,3-4-3,False,8,Elvis Rexhbecaj,SUB,0,746814
Augsburg,2025-11-22,Hamburger SV,home,3-4-3,False,10,Arne Maier,SUB,0,746814
Augsburg,2025-11-22,Hamburger SV,home,3-4-3,False,27,Marius Wolf,SUB,0,746814
Augsburg,2025-11-22,Hamburger SV,home,3-4-3,False,9,Samuel Essende,SUB,0,746814
Augsburg,2025-11-22,Hamburger SV,home,3-4-3,False,26,Elias Saad,SUB,0,746814
Augsburg,2025-11-22,Hamburger SV,home,3-4-3,False,16,Cédric Zesiger,SUB,0,746814
Hamburger SV,2025-11-22,Augsburg,away,3-4-3,True,1,Daniel Heuer Fernandes,G,1,746814
Hamburger SV,2025-11-22,Augsburg,away,3-4-3,True,44,Luka Vuskovic,CD,5,746814
Hamburger SV,2025-11-22,Augsburg,away,3-4-3,True,25,Jordan Torunarigha,CD-L,4,746814
Hamburger SV,2025-11-22,Augsburg,away,3-4-3,True,24,Nicolás Capaldo,CD-R,6,746814
Hamburger SV,2025-11-22,Augsburg,away,3-4-3,True,21,Nicolai Remberg,CM-L,8,746814
Hamburger SV,2025-11-22,Augsburg,away,3-4-3,True,6,Albert Sambi Lokonga,CM-R,7,746814
Hamburger SV,2025-11-22,Augsburg,away,3-4-3,True,28,Miro Muheim,LM,3,746814
Hamburger SV,2025-11-22,Augsburg,away,3-4-3,True,16,Giorgi Gocholeishvili,RM,2,746814
Hamburger SV,2025-11-22,Augsburg,away,3-4-3,True,11,Ransford-Yeboah Königsdörffer,F,9,746814
Hamburger SV,2025-11-22,Augsburg,away,3-4-3,True,7,Jean-Luc Dompé,CF-L,11,746814
Hamburger SV,2025-11-22,Augsburg,away,3-4-3,True,20,Fabio Vieira,CF-R,10,746814
Hamburger SV,2025-11-22,Augsburg,away,3-4-3,False,38,Alexander Røssing-Lelesiit,SUB,0,746814
Hamburger SV,2025-11-22,Augsburg,away,3-4-3,False,22,Aboubaka Soumahoro,SUB,0,746814
Hamburger SV,2025-11-22,Augsburg,away,3-4-3,False,26,Daniel Peretz,SUB,0,746814
Hamburger SV,2025-11-22,Augsburg,away,3-4-3,False,14,Rayan Philippe,SUB,0,746814
Hamburger SV,2025-11-22,Augsburg,away,3-4-3,False,45,Fabio Baldé,SUB,0,746814
Hamburger SV,2025-11-22,Augsburg,away,3-4-3,False,13,Guilherme Ramos,SUB,0,746814
Hamburger SV,2025-11-22,Augsburg,away,3-4-3,False,10,Immanuel Pherai,SUB,0,746814
Hamburger SV,2025-11-22,Augsburg,away,3-4-3,False,9,Robert Glatzel,SUB,0,746814
Hamburger SV,2025-11-22,Augsburg,away,3-4-3,False,2,William Mikelbrencis,SUB,0,746814
Heidenheim,2025-11-22,Gladbach,home,4-1-4-1,True,41,Diant Ramaj,G,1,746808
Heidenheim,2025-11-22,Gladbach,home,4-1-4-1,True,4,Tim Siersleben,CD-L,6,746808
Heidenheim,2025-11-22,Gladbach,home,4-1-4-1,True,6,Patrick Mainka,CD-R,5,746808
Heidenheim,2025-11-22,Gladbach,home,4-1-4-1,True,30,Niklas Dorsch,DM,4,746808
Heidenheim,2025-11-22,Gladbach,home,4-1-4-1,True,19,Jonas Föhrenbach,LB,3,746808
Heidenheim,2025-11-22,Gladbach,home,4-1-4-1,True,23,Omar-Haktab Traoré,RB,2,746808
Heidenheim,2025-11-22,Gladbach,home,4-1-4-1,True,21,Adrian Beck,CM-L,10,746808
Heidenheim,2025-11-22,Gladbach,home,4-1-4-1,True,3,Jan Schöppner,CM-R,8,746808
Heidenheim,2025-11-22,Gladbach,home,4-1-4-1,True,17,Mathias Honsak,LM,11,746808
Heidenheim,2025-11-22,Gladbach,home,4-1-4-1,True,22,Arijon Ibrahimovic,RM,7,746808
Heidenheim,2025-11-22,Gladbach,home,4-1-4-1,True,18,Marvin Pieringer,F,9,746808
Heidenheim,2025-11-22,Gladbach,home,4-1-4-1,False,9,Stefan Schimmer,SUB,0,746808
Heidenheim,2025-11-22,Gladbach,home,4-1-4-1,False,16,Julian Niehues,SUB,0,746808
Heidenheim,2025-11-22,Gladbach,home,4-1-4-1,False,20,Luca Kerber,SUB,0,746808
Heidenheim,2025-11-22,Gladbach,home,4-1-4-1,False,27,Thomas Keller,SUB,0,746808
Heidenheim,2025-11-22,Gladbach,home,4-1-4-1,False,5,Benedikt Gimber,SUB,0,746808
Heidenheim,2025-11-22,Gladbach,home,4-1-4-1,False,1,Kevin Müller,SUB,0,746808
Heidenheim,2025-11-22,Gladbach,home,4-1-4-1,False,28,Adam Kölle,SUB,0,746808
Heidenheim,2025-11-22,Gladbach,home,4-1-4-1,False,11,Budu Zivzivadze,SUB,0,746808
Heidenheim,2025-11-22,Gladbach,home,4-1-4-1,False,2,Marnon Busch,SUB,0,746808
Gladbach,2025-11-22,Heidenheim,away,4-1-2-1-2,True,33,Moritz Nicolas,G,1,746808
Gladbach,2025-11-22,Heidenheim,away,4-1-2-1-2,True,4,Kevin Diks,CD-L,6,746808
Gladbach,2025-11-22,Heidenheim,away,4-1-2-1-2,True,30,Nico Elvedi,CD-R,5,746808
Gladbach,2025-11-22,Heidenheim,away,4-1-2-1-2,True,6,Yannick Engelhardt,DM,4,746808
Gladbach,2025-11-22,Heidenheim,away,4-1-2-1-2,True,20,Luca Netz,LB,3,746808
Gladbach,2025-11-22,Heidenheim,away,4-1-2-1-2,True,29,Joe Scally,RB,2,746808
Gladbach,2025-11-22,Heidenheim,away,4-1-2-1-2,True,27,Rocco Reitz,AM,8,746808
Gladbach,2025-11-22,Heidenheim,away,4-1-2-1-2,True,10,Florian Neuhaus,LM,11,746808
Gladbach,2025-11-22,Heidenheim,away,4-1-2-1-2,True,17,Jens Castrop,RM,7,746808
Gladbach,2025-11-22,Heidenheim,away,4-1-2-1-2,True,15,Haris Tabakovic,CF-L,9,746808
Gladbach,2025-11-22,Heidenheim,away,4-1-2-1-2,True,9,Franck Honorat,CF-R,10,746808
Gladbach,2025-11-22,Heidenheim,away,4-1-2-1-2,False,7,Kevin Stöger,SUB,0,746808
Gladbach,2025-11-22,Heidenheim,away,4-1-2-1-2,False,26,Lukas Ullrich,SUB,0,746808
Gladbach,2025-11-22,Heidenheim,away,4-1-2-1-2,False,13,Giovanni Reyna,SUB,0,746808
Gladbach,2025-11-22,Heidenheim,away,4-1-2-1-2,False,18,Shuto Machino,SUB,0,746808
Gladbach,2025-11-22,Heidenheim,away,4-1-2-1-2,False,11,Tim Kleindienst,SUB,0,746808
Gladbach,2025-11-22,Heidenheim,away,4-1-2-1-2,False,42,Tiago Pereira,SUB,0,746808
Gladbach,2025-11-22,Heidenheim,away,4-1-2-1-2,False,22,Oscar Fraulo,SUB,0,746808
Gladbach,2025-11-22,Heidenheim,away,4-1-2-1-2,False,25,Robin Hack,SUB,0,746808
Gladbach,2025-11-22,Heidenheim,away,4-1-2-1-2,False,5,Marvin Friedrich,SUB,0,746808
Frankfurt,2025-11-30,Wolfsburg,home,4-2-3-1,True,23,Michael Zetterer,G,1,746822
Frankfurt,2025-11-30,Wolfsburg,home,4-2-3-1,True,3,Arthur Theate,CD-L,6,746822
Frankfurt,2025-11-30,Wolfsburg,home,4-2-3-1,True,4,Robin Koch,CD-R,5,746822
Frankfurt,2025-11-30,Wolfsburg,home,4-2-3-1,True,21,Nathaniel Brown,LB,3,746822
Frankfurt,2025-11-30,Wolfsburg,home,4-2-3-1,True,13,Rasmus Kristensen,RB,2,746822
Frankfurt,2025-11-30,Wolfsburg,home,4-2-3-1,True,27,Mario Götze,AM,10,746822
Frankfurt,2025-11-30,Wolfsburg,home,4-2-3-1,True,15,Ellyes Skhiri,LM,4,746822
Frankfurt,2025-11-30,Wolfsburg,home,4-2-3-1,True,8,Farès Chaïbi,RM,8,746822
Frankfurt,2025-11-30,Wolfsburg,home,4-2-3-1,True,7,Ansgar Knauff,F,9,746822
Frankfurt,2025-11-30,Wolfsburg,home,4-2-3-1,True,19,Jean-Mattéo Bahoya,AM-L,11,746822
Frankfurt,2025-11-30,Wolfsburg,home,4-2-3-1,True,20,Ritsu Doan,AM-R,7,746822
Frankfurt,2025-11-30,Wolfsburg,home,4-2-3-1,False,34,Nnamdi Collins,SUB,0,746822
Frankfurt,2025-11-30,Wolfsburg,home,4-2-3-1,False,18,Mahmoud Dahoud,SUB,0,746822
Frankfurt,2025-11-30,Wolfsburg,home,4-2-3-1,False,30,Michy Batshuayi,SUB,0,746822
Frankfurt,2025-11-30,Wolfsburg,home,4-2-3-1,False,2,Elias Baum,SUB,0,746822
Frankfurt,2025-11-30,Wolfsburg,home,4-2-3-1,False,32,Jessic Ngankam,SUB,0,746822
Frankfurt,2025-11-30,Wolfsburg,home,4-2-3-1,False,40,Kauã Santos,SUB,0,746822
Frankfurt,2025-11-30,Wolfsburg,home,4-2-3-1,False,22,Timothy Chandler,SUB,0,746822
Frankfurt,2025-11-30,Wolfsburg,home,4-2-3-1,False,6,Oscar Højlund,SUB,0,746822
Frankfurt,2025-11-30,Wolfsburg,home,4-2-3-1,False,5,Aurèle Amenda,SUB,0,746822
Wolfsburg,2025-11-30,Frankfurt,away,4-2-3-1,True,1,Kamil Grabara,G,1,746822
Wolfsburg,2025-11-30,Frankfurt,away,4-2-3-1,True,4,Konstantinos Koulierakis,CD-L,6,746822
Wolfsburg,2025-11-30,Frankfurt,away,4-2-3-1,True,14,Jenson Seelt,CD-R,5,746822
Wolfsburg,2025-11-30,Frankfurt,away,4-2-3-1,True,25,Aaron Zehnter,LB,3,746822
Wolfsburg,2025-11-30,Frankfurt,away,4-2-3-1,True,26,Saël Kumbedi,RB,2,746822
Wolfsburg,2025-11-30,Frankfurt,away,4-2-3-1,True,10,Lovro Majer,AM,10,746822
Wolfsburg,2025-11-30,Frankfurt,away,4-2-3-1,True,27,Maximilian Arnold,LM,4,746822
Wolfsburg,2025-11-30,Frankfurt,away,4-2-3-1,True,31,Yannick Gerhardt,RM,8,746822
Wolfsburg,2025-11-30,Frankfurt,away,4-2-3-1,True,9,Mohamed Amoura,F,9,746822
Wolfsburg,2025-11-30,Frankfurt,away,4-2-3-1,True,39,Patrick Wimmer,AM-L,11,746822
Wolfsburg,2025-11-30,Frankfurt,away,4-2-3-1,True,24,Christian Eriksen,AM-R,7,746822
Wolfsburg,2025-11-30,Frankfurt,away,4-2-3-1,False,7,Andreas Skov Olsen,SUB,0,746822
Wolfsburg,2025-11-30,Frankfurt,away,4-2-3-1,False,3,Denis Vavro,SUB,0,746822
Wolfsburg,2025-11-30,Frankfurt,away,4-2-3-1,False,37,Pharell Hensel,SUB,0,746822
Wolfsburg,2025-11-30,Frankfurt,away,4-2-3-1,False,5,Vinicius Souza,SUB,0,746822
Wolfsburg,2025-11-30,Frankfurt,away,4-2-3-1,False,17,Dzenan Pejcinovic,SUB,0,746822
Wolfsburg,2025-11-30,Frankfurt,away,4-2-3-1,False,42,Bruno Katz,SUB,0,746822
Wolfsburg,2025-11-30,Frankfurt,away,4-2-3-1,False,41,Jan Bürger,SUB,0,746822
Wolfsburg,2025-11-30,Frankfurt,away,4-2-3-1,False,32,Mattias Svanberg,SUB,0,746822
Wolfsburg,2025-11-30,Frankfurt,away,4-2-3-1,False,29,Marius Müller,SUB,0,746822
Hamburger SV,2025-11-30,Stuttgart,home,3-4-3,True,1,Daniel Heuer Fernandes,G,1,746825
Hamburger SV,2025-11-30,Stuttgart,home,3-4-3,True,44,Luka Vuskovic,CD,5,746825
Hamburger SV,2025-11-30,Stuttgart,home,3-4-3,True,25,Jordan Torunarigha,CD-L,4,746825
Hamburger SV,2025-11-30,Stuttgart,home,3-4-3,True,24,Nicolás Capaldo,CD-R,6,746825
Hamburger SV,2025-11-30,Stuttgart,home,3-4-3,True,21,Nicolai Remberg,CM-L,8,746825
Hamburger SV,2025-11-30,Stuttgart,home,3-4-3,True,6,Albert Sambi Lokonga,CM-R,7,746825
Hamburger SV,2025-11-30,Stuttgart,home,3-4-3,True,28,Miro Muheim,LM,3,746825
Hamburger SV,2025-11-30,Stuttgart,home,3-4-3,True,2,William Mikelbrencis,RM,2,746825
Hamburger SV,2025-11-30,Stuttgart,home,3-4-3,True,9,Robert Glatzel,F,9,746825
Hamburger SV,2025-11-30,Stuttgart,home,3-4-3,True,38,Alexander Røssing-Lelesiit,CF-L,11,746825
Hamburger SV,2025-11-30,Stuttgart,home,3-4-3,True,14,Rayan Philippe,CF-R,10,746825
Hamburger SV,2025-11-30,Stuttgart,home,3-4-3,False,45,Fabio Baldé,SUB,0,746825
Hamburger SV,2025-11-30,Stuttgart,home,3-4-3,False,11,Ransford-Yeboah Königsdörffer,SUB,0,746825
Hamburger SV,2025-11-30,Stuttgart,home,3-4-3,False,13,Guilherme Ramos,SUB,0,746825
Hamburger SV,2025-11-30,Stuttgart,home,3-4-3,False,26,Daniel Peretz,SUB,0,746825
Hamburger SV,2025-11-30,Stuttgart,home,3-4-3,False,7,Jean-Luc Dompé,SUB,0,746825
Hamburger SV,2025-11-30,Stuttgart,home,3-4-3,False,20,Fabio Vieira,SUB,0,746825
Hamburger SV,2025-11-30,Stuttgart,home,3-4-3,False,22,Aboubaka Soumahoro,SUB,0,746825
Hamburger SV,2025-11-30,Stuttgart,home,3-4-3,False,29,Emir Sahiti,SUB,0,746825
Hamburger SV,2025-11-30,Stuttgart,home,3-4-3,False,16,Giorgi Gocholeishvili,SUB,0,746825
Stuttgart,2025-11-30,Hamburger SV,away,3-4-2-1,True,33,Alexander Nübel,G,1,746825
Stuttgart,2025-11-30,Hamburger SV,away,3-4-2-1,True,24,Jeff Chabot,CD,5,746825
Stuttgart,2025-11-30,Hamburger SV,away,3-4-2-1,True,3,Ramon Hendriks,CD-L,4,746825
Stuttgart,2025-11-30,Hamburger SV,away,3-4-2-1,True,2,Ameen Al Dakhil,CD-R,6,746825
Stuttgart,2025-11-30,Hamburger SV,away,3-4-2-1,True,28,Nikolas Nartey,CM-L,8,746825
Stuttgart,2025-11-30,Hamburger SV,away,3-4-2-1,True,30,Chema Andrés,CM-R,7,746825
Stuttgart,2025-11-30,Hamburger SV,away,3-4-2-1,True,15,Pascal Stenzel,LM,3,746825
Stuttgart,2025-11-30,Hamburger SV,away,3-4-2-1,True,4,Josha Vagnoman,RM,2,746825
Stuttgart,2025-11-30,Hamburger SV,away,3-4-2-1,True,11,Bilal El Khannouss,F,9,746825
Stuttgart,2025-11-30,Hamburger SV,away,3-4-2-1,True,10,Chris Führich,CF-L,11,746825
Stuttgart,2025-11-30,Hamburger SV,away,3-4-2-1,True,27,Badredine Bouanani,CF-R,10,746825
Stuttgart,2025-11-30,Hamburger SV,away,3-4-2-1,False,1,Fabian Bredlow,SUB,0,746825
Stuttgart,2025-11-30,Hamburger SV,away,3-4-2-1,False,45,Lazar Jovanovic,SUB,0,746825
Stuttgart,2025-11-30,Hamburger SV,away,3-4-2-1,False,16,Atakan Karazor,SUB,0,746825
Stuttgart,2025-11-30,Hamburger SV,away,3-4-2-1,False,7,Maximilian Mittelstädt,SUB,0,746825
Stuttgart,2025-11-30,Hamburger SV,away,3-4-2-1,False,6,Angelo Stiller,SUB,0,746825
Stuttgart,2025-11-30,Hamburger SV,away,3-4-2-1,False,22,Lorenz Assignon,SUB,0,746825
Stuttgart,2025-11-30,Hamburger SV,away,3-4-2-1,False,26,Deniz Undav,SUB,0,746825
Stuttgart,2025-11-30,Hamburger SV,away,3-4-2-1,False,18,Jamie Leweling,SUB,0,746825
Stuttgart,2025-11-30,Hamburger SV,away,3-4-2-1,False,29,Finn Jeltsch,SUB,0,746825
Freiburg,2025-11-30,Mainz 05,home,4-4-1-1,True,1,Noah Atubolu,G,1,746819
Freiburg,2025-11-30,Mainz 05,home,4-4-1-1,True,3,Philipp Lienhart,CD-L,6,746819
Freiburg,2025-11-30,Mainz 05,home,4-4-1-1,True,28,Matthias Ginter,CD-R,5,746819
Freiburg,2025-11-30,Mainz 05,home,4-4-1-1,True,29,Philipp Treu,LB,3,746819
Freiburg,2025-11-30,Mainz 05,home,4-4-1-1,True,17,Lukas Kübler,RB,2,746819
Freiburg,2025-11-30,Mainz 05,home,4-4-1-1,True,44,Johan Manzambi,CM-L,8,746819
Freiburg,2025-11-30,Mainz 05,home,4-4-1-1,True,8,Maximilian Eggestein,CM-R,4,746819
Freiburg,2025-11-30,Mainz 05,home,4-4-1-1,True,32,Vincenzo Grifo,LM,11,746819
Freiburg,2025-11-30,Mainz 05,home,4-4-1-1,True,19,Niklas Beste,RM,7,746819
Freiburg,2025-11-30,Mainz 05,home,4-4-1-1,True,9,Lucas Höler,F,9,746819
Freiburg,2025-11-30,Mainz 05,home,4-4-1-1,True,14,Yuito Suzuki,RCF,10,746819
Freiburg,2025-11-30,Mainz 05,home,4-4-1-1,False,7,Derry Scherhant,SUB,0,746819
Freiburg,2025-11-30,Mainz 05,home,4-4-1-1,False,37,Max Rosenfelder,SUB,0,746819
Freiburg,2025-11-30,Mainz 05,home,4-4-1-1,False,21,Florian Müller,SUB,0,746819
Freiburg,2025-11-30,Mainz 05,home,4-4-1-1,False,27,Nicolas Höfler,SUB,0,746819
Freiburg,2025-11-30,Mainz 05,home,4-4-1-1,False,20,Junior Adamu,SUB,0,746819
Freiburg,2025-11-30,Mainz 05,home,4-4-1-1,False,5,Anthony Jung,SUB,0,746819
Freiburg,2025-11-30,Mainz 05,home,4-4-1-1,False,30,Christian Günter,SUB,0,746819
Freiburg,2025-11-30,Mainz 05,home,4-4-1-1,False,31,Igor Matanovic,SUB,0,746819
Freiburg,2025-11-30,Mainz 05,home,4-4-1-1,False,6,Patrick Osterhage,SUB,0,746819
Mainz 05,2025-11-30,Freiburg,away,3-4-2-1,True,1,Lasse Rieß,G,1,746819
Mainz 05,2025-11-30,Freiburg,away,3-4-2-1,True,16,Stefan Bell,CD,5,746819
Mainz 05,2025-11-30,Freiburg,away,3-4-2-1,True,48,Kacper Potulski,CD-L,4,746819
Mainz 05,2025-11-30,Freiburg,away,3-4-2-1,True,21,Danny da Costa,CD-R,6,746819
Mainz 05,2025-11-30,Freiburg,away,3-4-2-1,True,7,Lee Jae-Sung,CM-L,8,746819
Mainz 05,2025-11-30,Freiburg,away,3-4-2-1,True,6,Kaishu Sano,CM-R,7,746819
Mainz 05,2025-11-30,Freiburg,away,3-4-2-1,True,2,Phillipp Mwene,LM,3,746819
Mainz 05,2025-11-30,Freiburg,away,3-4-2-1,True,24,Sota Kawasaki,RM,2,746819
Mainz 05,2025-11-30,Freiburg,away,3-4-2-1,True,9,Arnaud Nordin,F,9,746819
Mainz 05,2025-11-30,Freiburg,away,3-4-2-1,True,17,Benedict Hollerbach,CF-L,11,746819
Mainz 05,2025-11-30,Freiburg,away,3-4-2-1,True,8,Paul Nebel,CF-R,10,746819
Mainz 05,2025-11-30,Freiburg,away,3-4-2-1,False,11,Armindo Sieb,SUB,0,746819
Mainz 05,2025-11-30,Freiburg,away,3-4-2-1,False,37,Ben Bobzien,SUB,0,746819
Mainz 05,2025-11-30,Freiburg,away,3-4-2-1,False,33,Daniel Batz,SUB,0,746819
Mainz 05,2025-11-30,Freiburg,away,3-4-2-1,False,36,Fabio Moreno Fell,SUB,0,746819
Mainz 05,2025-11-30,Freiburg,away,3-4-2-1,False,25,Andreas Hanche-Olsen,SUB,0,746819
Mainz 05,2025-11-30,Freiburg,away,3-4-2-1,False,15,Lennard Maloney,SUB,0,746819
Mainz 05,2025-11-30,Freiburg,away,3-4-2-1,False,30,Silvan Widmer,SUB,0,746819
Mainz 05,2025-11-30,Freiburg,away,3-4-2-1,False,22,Nikolas Veratschnig,SUB,0,746819
Mainz 05,2025-11-30,Freiburg,away,3-4-2-1,False,14,William Bøving,SUB,0,746819
Heidenheim,2025-12-06,Freiburg,home,3-1-4-2,False,1,Kevin Müller,,0,746830
Heidenheim,2025-12-06,Freiburg,home,3-1-4-2,False,38,Yannik Wagner,,0,746830
Heidenheim,2025-12-06,Freiburg,home,3-1-4-2,False,22,Arijon Ibrahimovic,,0,746830
Heidenheim,2025-12-06,Freiburg,home,3-1-4-2,False,4,Tim Siersleben,,0,746830
Heidenheim,2025-12-06,Freiburg,home,3-1-4-2,False,21,Adrian Beck,,0,746830
Heidenheim,2025-12-06,Freiburg,home,3-1-4-2,False,28,Adam Kölle,,0,746830
Heidenheim,2025-12-06,Freiburg,home,3-1-4-2,False,20,Luca Kerber,,0,746830
Heidenheim,2025-12-06,Freiburg,home,3-1-4-2,False,23,Omar-Haktab Traoré,,0,746830
Heidenheim,2025-12-06,Freiburg,home,3-1-4-2,False,9,Stefan Schimmer,,0,746830
Heidenheim,2025-12-06,Freiburg,home,3-1-4-2,True,41,Diant Ramaj,G,1,746830
Heidenheim,2025-12-06,Freiburg,home,3-1-4-2,True,6,Patrick Mainka,CD,4,746830
Heidenheim,2025-12-06,Freiburg,home,3-1-4-2,True,5,Benedikt Gimber,CD-L,6,746830
Heidenheim,2025-12-06,Freiburg,home,3-1-4-2,True,27,Thomas Keller,CD-R,5,746830
Heidenheim,2025-12-06,Freiburg,home,3-1-4-2,True,16,Julian Niehues,SW,8,746830
Heidenheim,2025-12-06,Freiburg,home,3-1-4-2,True,30,Niklas Dorsch,CM-L,11,746830
Heidenheim,2025-12-06,Freiburg,home,3-1-4-2,True,3,Jan Schöppner,CM-R,7,746830
Heidenheim,2025-12-06,Freiburg,home,3-1-4-2,True,19,Jonas Föhrenbach,LM,3,746830
Heidenheim,2025-12-06,Freiburg,home,3-1-4-2,True,2,Marnon Busch,RM,2,746830
Heidenheim,2025-12-06,Freiburg,home,3-1-4-2,True,17,Mathias Honsak,CF-L,10,746830
Heidenheim,2025-12-06,Freiburg,home,3-1-4-2,True,18,Marvin Pieringer,CF-R,9,746830
Freiburg,2025-12-06,Heidenheim,away,4-2-3-1,True,1,Noah Atubolu,G,1,746830
Freiburg,2025-12-06,Heidenheim,away,4-2-3-1,True,3,Philipp Lienhart,CD-L,6,746830
Freiburg,2025-12-06,Heidenheim,away,4-2-3-1,True,28,Matthias Ginter,CD-R,5,746830
Freiburg,2025-12-06,Heidenheim,away,4-2-3-1,True,29,Philipp Treu,LB,3,746830
Freiburg,2025-12-06,Heidenheim,away,4-2-3-1,True,17,Lukas Kübler,RB,2,746830
Freiburg,2025-12-06,Heidenheim,away,4-2-3-1,True,44,Johan Manzambi,AM,10,746830
Freiburg,2025-12-06,Heidenheim,away,4-2-3-1,True,6,Patrick Osterhage,LM,4,746830
Freiburg,2025-12-06,Heidenheim,away,4-2-3-1,True,8,Maximilian Eggestein,RM,8,746830
Freiburg,2025-12-06,Heidenheim,away,4-2-3-1,True,9,Lucas Höler,F,9,746830
Freiburg,2025-12-06,Heidenheim,away,4-2-3-1,True,32,Vincenzo Grifo,AM-L,11,746830
Freiburg,2025-12-06,Heidenheim,away,4-2-3-1,True,19,Niklas Beste,AM-R,7,746830
Freiburg,2025-12-06,Heidenheim,away,4-2-3-1,False,31,Igor Matanovic,SUB,0,746830
Freiburg,2025-12-06,Heidenheim,away,4-2-3-1,False,37,Max Rosenfelder,SUB,0,746830
Freiburg,2025-12-06,Heidenheim,away,4-2-3-1,False,7,Derry Scherhant,SUB,0,746830
Freiburg,2025-12-06,Heidenheim,away,4-2-3-1,False,20,Junior Adamu,SUB,0,746830
Freiburg,2025-12-06,Heidenheim,away,4-2-3-1,False,14,Yuito Suzuki,SUB,0,746830
Freiburg,2025-12-06,Heidenheim,away,4-2-3-1,False,30,Christian Günter,SUB,0,746830
Freiburg,2025-12-06,Heidenheim,away,4-2-3-1,False,27,Nicolas Höfler,SUB,0,746830
Freiburg,2025-12-06,Heidenheim,away,4-2-3-1,False,21,Florian Müller,SUB,0,746830
Freiburg,2025-12-06,Heidenheim,away,4-2-3-1,False,5,Anthony Jung,SUB,0,746830
Stuttgart,2025-12-06,Bayern Munich,home,4-2-3-1,True,33,Alexander Nübel,G,1,746828
Stuttgart,2025-12-06,Bayern Munich,home,4-2-3-1,True,3,Ramon Hendriks,CD-L,6,746828
Stuttgart,2025-12-06,Bayern Munich,home,4-2-3-1,True,2,Ameen Al Dakhil,CD-R,5,746828
Stuttgart,2025-12-06,Bayern Munich,home,4-2-3-1,True,7,Maximilian Mittelstädt,LB,3,746828
Stuttgart,2025-12-06,Bayern Munich,home,4-2-3-1,True,4,Josha Vagnoman,RB,2,746828
Stuttgart,2025-12-06,Bayern Munich,home,4-2-3-1,True,11,Bilal El Khannouss,AM,10,746828
Stuttgart,2025-12-06,Bayern Munich,home,4-2-3-1,True,6,Angelo Stiller,LM,4,746828
Stuttgart,2025-12-06,Bayern Munich,home,4-2-3-1,True,30,Chema Andrés,RM,8,746828
Stuttgart,2025-12-06,Bayern Munich,home,4-2-3-1,True,26,Deniz Undav,F,9,746828
Stuttgart,2025-12-06,Bayern Munich,home,4-2-3-1,True,18,Jamie Leweling,AM-L,11,746828
Stuttgart,2025-12-06,Bayern Munich,home,4-2-3-1,True,28,Nikolas Nartey,AM-R,7,746828
Stuttgart,2025-12-06,Bayern Munich,home,4-2-3-1,False,45,Lazar Jovanovic,SUB,0,746828
Stuttgart,2025-12-06,Bayern Munich,home,4-2-3-1,False,27,Badredine Bouanani,SUB,0,746828
Stuttgart,2025-12-06,Bayern Munich,home,4-2-3-1,False,24,Jeff Chabot,SUB,0,746828
Stuttgart,2025-12-06,Bayern Munich,home,4-2-3-1,False,1,Fabian Bredlow,SUB,0,746828
Stuttgart,2025-12-06,Bayern Munich,home,4-2-3-1,False,29,Finn Jeltsch,SUB,0,746828
Stuttgart,2025-12-06,Bayern Munich,home,4-2-3-1,False,16,Atakan Karazor,SUB,0,746828
Stuttgart,2025-12-06,Bayern Munich,home,4-2-3-1,False,8,Tiago Tomás,SUB,0,746828
Stuttgart,2025-12-06,Bayern Munich,home,4-2-3-1,False,22,Lorenz Assignon,SUB,0,746828
Stuttgart,2025-12-06,Bayern Munich,home,4-2-3-1,False,10,Chris Führich,SUB,0,746828
Bayern Munich,2025-12-06,Stuttgart,away,4-2-3-1,True,40,Jonas Urbig,G,1,746828
Bayern Munich,2025-12-06,Stuttgart,away,4-2-3-1,True,3,Kim Min-Jae,CD-L,6,746828
Bayern Munich,2025-12-06,Stuttgart,away,4-2-3-1,True,2,Dayot Upamecano,CD-R,5,746828
Bayern Munich,2025-12-06,Stuttgart,away,4-2-3-1,True,20,Tom Bischof,LB,3,746828
Bayern Munich,2025-12-06,Stuttgart,away,4-2-3-1,True,27,Konrad Laimer,RB,2,746828
Bayern Munich,2025-12-06,Stuttgart,away,4-2-3-1,True,22,Raphaël Guerreiro,AM,10,746828
Bayern Munich,2025-12-06,Stuttgart,away,4-2-3-1,True,8,Leon Goretzka,LM,4,746828
Bayern Munich,2025-12-06,Stuttgart,away,4-2-3-1,True,6,Joshua Kimmich,RM,8,746828
Bayern Munich,2025-12-06,Stuttgart,away,4-2-3-1,True,11,Nicolas Jackson,F,9,746828
Bayern Munich,2025-12-06,Stuttgart,away,4-2-3-1,True,14,Luis Díaz,AM-L,11,746828
Bayern Munich,2025-12-06,Stuttgart,away,4-2-3-1,True,17,Michael Olise,AM-R,7,746828
Bayern Munich,2025-12-06,Stuttgart,away,4-2-3-1,False,26,Sven Ulreich,SUB,0,746828
Bayern Munich,2025-12-06,Stuttgart,away,4-2-3-1,False,42,Lennart Karl,SUB,0,746828
Bayern Munich,2025-12-06,Stuttgart,away,4-2-3-1,False,21,Hiroki Ito,SUB,0,746828
Bayern Munich,2025-12-06,Stuttgart,away,4-2-3-1,False,7,Serge Gnabry,SUB,0,746828
Bayern Munich,2025-12-06,Stuttgart,away,4-2-3-1,False,9,Harry Kane,SUB,0,746828
Bayern Munich,2025-12-06,Stuttgart,away,4-2-3-1,False,4,Jonathan Tah,SUB,0,746828
Bayern Munich,2025-12-06,Stuttgart,away,4-2-3-1,False,1,Manuel Neuer,SUB,0,746828
Bayern Munich,2025-12-06,Stuttgart,away,4-2-3-1,False,44,Josip Stanisic,SUB,0,746828
Bayern Munich,2025-12-06,Stuttgart,away,4-2-3-1,False,45,Aleksandar Pavlovic,SUB,0,746828
RB Leipzig,2025-12-06,Frankfurt,home,4-3-3,True,1,Péter Gulácsi,G,1,746829
RB Leipzig,2025-12-06,Frankfurt,home,4-3-3,True,23,Castello Lukeba,CD-L,6,746829
RB Leipzig,2025-12-06,Frankfurt,home,4-3-3,True,4,Willi Orbán,CD-R,5,746829
RB Leipzig,2025-12-06,Frankfurt,home,4-3-3,True,22,David Raum,LB,3,746829
RB Leipzig,2025-12-06,Frankfurt,home,4-3-3,True,19,Kosta Nedeljkovic,RB,2,746829
RB Leipzig,2025-12-06,Frankfurt,home,4-3-3,True,13,Nicolas Seiwald,CM,4,746829
RB Leipzig,2025-12-06,Frankfurt,home,4-3-3,True,24,Xaver Schlager,LM,8,746829
RB Leipzig,2025-12-06,Frankfurt,home,4-3-3,True,14,Christoph Baumgartner,RM,7,746829
RB Leipzig,2025-12-06,Frankfurt,home,4-3-3,True,11,Conrad Harder,F,9,746829
RB Leipzig,2025-12-06,Frankfurt,home,4-3-3,True,7,Antonio Nusa,LF,11,746829
RB Leipzig,2025-12-06,Frankfurt,home,4-3-3,True,49,Yan Diomande,RF,10,746829
RB Leipzig,2025-12-06,Frankfurt,home,4-3-3,False,8,Amadou Haidara,SUB,0,746829
RB Leipzig,2025-12-06,Frankfurt,home,4-3-3,False,35,Max Finkgrafe,SUB,0,746829
RB Leipzig,2025-12-06,Frankfurt,home,4-3-3,False,9,Johan Bakayoko,SUB,0,746829
RB Leipzig,2025-12-06,Frankfurt,home,4-3-3,False,16,Lukas Klostermann,SUB,0,746829
RB Leipzig,2025-12-06,Frankfurt,home,4-3-3,False,6,Ezechiel Banzuzi,SUB,0,746829
RB Leipzig,2025-12-06,Frankfurt,home,4-3-3,False,27,Tidiam Gomis,SUB,0,746829
RB Leipzig,2025-12-06,Frankfurt,home,4-3-3,False,26,Maarten Vandevoordt,SUB,0,746829
RB Leipzig,2025-12-06,Frankfurt,home,4-3-3,False,45,Samba Konate,SUB,0,746829
RB Leipzig,2025-12-06,Frankfurt,home,4-3-3,False,33,Andrija Maksimovic,SUB,0,746829
Frankfurt,2025-12-06,RB Leipzig,away,3-4-2-1,True,23,Michael Zetterer,G,1,746829
Frankfurt,2025-12-06,RB Leipzig,away,3-4-2-1,True,4,Robin Koch,CD,5,746829
Frankfurt,2025-12-06,RB Leipzig,away,3-4-2-1,True,3,Arthur Theate,CD-L,4,746829
Frankfurt,2025-12-06,RB Leipzig,away,3-4-2-1,True,34,Nnamdi Collins,CD-R,6,746829
Frankfurt,2025-12-06,RB Leipzig,away,3-4-2-1,True,18,Mahmoud Dahoud,CM-L,8,746829
Frankfurt,2025-12-06,RB Leipzig,away,3-4-2-1,True,8,Farès Chaïbi,CM-R,7,746829
Frankfurt,2025-12-06,RB Leipzig,away,3-4-2-1,True,21,Nathaniel Brown,LM,3,746829
Frankfurt,2025-12-06,RB Leipzig,away,3-4-2-1,True,13,Rasmus Kristensen,RM,2,746829
Frankfurt,2025-12-06,RB Leipzig,away,3-4-2-1,True,30,Michy Batshuayi,F,9,746829
Frankfurt,2025-12-06,RB Leipzig,away,3-4-2-1,True,19,Jean-Mattéo Bahoya,CF-L,11,746829
Frankfurt,2025-12-06,RB Leipzig,away,3-4-2-1,True,20,Ritsu Doan,CF-R,10,746829
Frankfurt,2025-12-06,RB Leipzig,away,3-4-2-1,False,5,Aurèle Amenda,SUB,0,746829
Frankfurt,2025-12-06,RB Leipzig,away,3-4-2-1,False,27,Mario Götze,SUB,0,746829
Frankfurt,2025-12-06,RB Leipzig,away,3-4-2-1,False,15,Ellyes Skhiri,SUB,0,746829
Frankfurt,2025-12-06,RB Leipzig,away,3-4-2-1,False,16,Hugo Larsson,SUB,0,746829
Frankfurt,2025-12-06,RB Leipzig,away,3-4-2-1,False,40,Kauã Santos,SUB,0,746829
Frankfurt,2025-12-06,RB Leipzig,away,3-4-2-1,False,2,Elias Baum,SUB,0,746829
Frankfurt,2025-12-06,RB Leipzig,away,3-4-2-1,False,42,Can Uzun,SUB,0,746829
Frankfurt,2025-12-06,RB Leipzig,away,3-4-2-1,False,32,Jessic Ngankam,SUB,0,746829
Frankfurt,2025-12-06,RB Leipzig,away,3-4-2-1,False,6,Oscar Højlund,SUB,0,746829
Köln,2025-12-06,St Pauli,home,3-4-3,True,1,Marvin Schwäbe,G,1,746833
Köln,2025-12-06,St Pauli,home,3-4-3,True,6,Eric Martel,CD,5,746833
Köln,2025-12-06,St Pauli,home,3-4-3,True,33,Rav van den Berg,CD-L,4,746833
Köln,2025-12-06,St Pauli,home,3-4-3,True,28,Sebastian Sebulonsen,CD-R,6,746833
Köln,2025-12-06,St Pauli,home,3-4-3,True,8,Denis Huseinbasic,CM-L,8,746833
Köln,2025-12-06,St Pauli,home,3-4-3,True,5,Tom Krauss,CM-R,7,746833
Köln,2025-12-06,St Pauli,home,3-4-3,True,16,Jakub Kaminski,LM,3,746833
Köln,2025-12-06,St Pauli,home,3-4-3,True,29,Jan Thielmann,RM,2,746833
Köln,2025-12-06,St Pauli,home,3-4-3,True,13,Said El Mala,F,9,746833
Köln,2025-12-06,St Pauli,home,3-4-3,True,30,Marius Bulter,CF-L,11,746833
Köln,2025-12-06,St Pauli,home,3-4-3,True,7,Luca Waldschmidt,CF-R,10,746833
Köln,2025-12-06,St Pauli,home,3-4-3,False,20,Ron-Robert Zieler,SUB,0,746833
Köln,2025-12-06,St Pauli,home,3-4-3,False,37,Linton Maina,SUB,0,746833
Köln,2025-12-06,St Pauli,home,3-4-3,False,11,Florian Kainz,SUB,0,746833
Köln,2025-12-06,St Pauli,home,3-4-3,False,39,Cenk Özkacar,SUB,0,746833
Köln,2025-12-06,St Pauli,home,3-4-3,False,18,Ísak Jóhannesson,SUB,0,746833
Köln,2025-12-06,St Pauli,home,3-4-3,False,32,Kristoffer Lund,SUB,0,746833
Köln,2025-12-06,St Pauli,home,3-4-3,False,9,Ragnar Ache,SUB,0,746833
Köln,2025-12-06,St Pauli,home,3-4-3,False,17,Alessio Castro-Montes,SUB,0,746833
Köln,2025-12-06,St Pauli,home,3-4-3,False,25,Jusuf Gazibegovic,SUB,0,746833
St Pauli,2025-12-06,Köln,away,5-4-1,True,22,Nikola Vasilj,G,1,746833
St Pauli,2025-12-06,Köln,away,5-4-1,True,8,Eric Smith,CD,5,746833
St Pauli,2025-12-06,Köln,away,5-4-1,True,3,Karol Mets,CD-L,4,746833
St Pauli,2025-12-06,Köln,away,5-4-1,True,5,Hauke Wahl,CD-R,6,746833
St Pauli,2025-12-06,Köln,away,5-4-1,True,23,Louis Oppie,LB,3,746833
St Pauli,2025-12-06,Köln,away,5-4-1,True,11,Arkadiusz Pyrka,RB,2,746833
St Pauli,2025-12-06,Köln,away,5-4-1,True,7,Jackson Irvine,CM-L,10,746833
St Pauli,2025-12-06,Köln,away,5-4-1,True,6,James Sands,CM-R,8,746833
St Pauli,2025-12-06,Köln,away,5-4-1,True,28,Mathias Pereira Lage,LM,11,746833
St Pauli,2025-12-06,Köln,away,5-4-1,True,16,Joel Chima Fujita,RM,7,746833
St Pauli,2025-12-06,Köln,away,5-4-1,True,19,Martijn Kaars,F,9,746833
St Pauli,2025-12-06,Köln,away,5-4-1,False,25,Adam Dzwigala,SUB,0,746833
St Pauli,2025-12-06,Köln,away,5-4-1,False,2,Manolis Saliakas,SUB,0,746833
St Pauli,2025-12-06,Köln,away,5-4-1,False,10,Danel Sinani,SUB,0,746833
St Pauli,2025-12-06,Köln,away,5-4-1,False,9,Abdoulie Ceesay,SUB,0,746833
St Pauli,2025-12-06,Köln,away,5-4-1,False,24,Connor Metcalfe,SUB,0,746833
St Pauli,2025-12-06,Köln,away,5-4-1,False,21,Lars Ritzka,SUB,0,746833
St Pauli,2025-12-06,Köln,away,5-4-1,False,1,Ben Voll,SUB,0,746833
St Pauli,2025-12-06,Köln,away,5-4-1,False,20,Erik Ahlstrand,SUB,0,746833
St Pauli,2025-12-06,Köln,away,5-4-1,False,26,Ricky-Jade Jones,SUB,0,746833
Wolfsburg,2025-12-06,Union Berlin,home,4-2-3-1,True,1,Kamil Grabara,G,1,746827
Wolfsburg,2025-12-06,Union Berlin,home,4-2-3-1,True,4,Konstantinos Koulierakis,CD-L,6,746827
Wolfsburg,2025-12-06,Union Berlin,home,4-2-3-1,True,14,Jenson Seelt,CD-R,5,746827
Wolfsburg,2025-12-06,Union Berlin,home,4-2-3-1,True,25,Aaron Zehnter,LB,3,746827
Wolfsburg,2025-12-06,Union Berlin,home,4-2-3-1,True,26,Saël Kumbedi,RB,2,746827
Wolfsburg,2025-12-06,Union Berlin,home,4-2-3-1,True,10,Lovro Majer,AM,10,746827
Wolfsburg,2025-12-06,Union Berlin,home,4-2-3-1,True,27,Maximilian Arnold,LM,4,746827
Wolfsburg,2025-12-06,Union Berlin,home,4-2-3-1,True,31,Yannick Gerhardt,RM,8,746827
Wolfsburg,2025-12-06,Union Berlin,home,4-2-3-1,True,9,Mohamed Amoura,F,9,746827
Wolfsburg,2025-12-06,Union Berlin,home,4-2-3-1,True,39,Patrick Wimmer,AM-L,11,746827
Wolfsburg,2025-12-06,Union Berlin,home,4-2-3-1,True,24,Christian Eriksen,AM-R,7,746827
Wolfsburg,2025-12-06,Union Berlin,home,4-2-3-1,False,32,Mattias Svanberg,SUB,0,746827
Wolfsburg,2025-12-06,Union Berlin,home,4-2-3-1,False,37,Pharell Hensel,SUB,0,746827
Wolfsburg,2025-12-06,Union Berlin,home,4-2-3-1,False,41,Jan Bürger,SUB,0,746827
Wolfsburg,2025-12-06,Union Berlin,home,4-2-3-1,False,17,Dzenan Pejcinovic,SUB,0,746827
Wolfsburg,2025-12-06,Union Berlin,home,4-2-3-1,False,12,Pavao Pervan,SUB,0,746827
Wolfsburg,2025-12-06,Union Berlin,home,4-2-3-1,False,3,Denis Vavro,SUB,0,746827
Wolfsburg,2025-12-06,Union Berlin,home,4-2-3-1,False,34,Till Neininger,SUB,0,746827
Wolfsburg,2025-12-06,Union Berlin,home,4-2-3-1,False,7,Andreas Skov Olsen,SUB,0,746827
Wolfsburg,2025-12-06,Union Berlin,home,4-2-3-1,False,42,Bruno Katz,SUB,0,746827
Union Berlin,2025-12-06,Wolfsburg,away,5-3-2,True,1,Frederik Ronnow,G,1,746827
Union Berlin,2025-12-06,Wolfsburg,away,5-3-2,True,14,Leopold Querfeld,CD,5,746827
Union Berlin,2025-12-06,Wolfsburg,away,5-3-2,True,34,Stanley N'Soki,CD-L,4,746827
Union Berlin,2025-12-06,Wolfsburg,away,5-3-2,True,5,Danilho Doekhi,CD-R,6,746827
Union Berlin,2025-12-06,Wolfsburg,away,5-3-2,True,39,Derrick Köhn,LB,3,746827
Union Berlin,2025-12-06,Wolfsburg,away,5-3-2,True,28,Christopher Trimmel,RB,2,746827
Union Berlin,2025-12-06,Wolfsburg,away,5-3-2,True,6,Aljoscha Kemlein,CM,8,746827
Union Berlin,2025-12-06,Wolfsburg,away,5-3-2,True,13,András Schäfer,CM-L,11,746827
Union Berlin,2025-12-06,Wolfsburg,away,5-3-2,True,19,Janik Haberer,CM-R,7,746827
Union Berlin,2025-12-06,Wolfsburg,away,5-3-2,True,10,Ilyas Ansah,CF-L,9,746827
Union Berlin,2025-12-06,Wolfsburg,away,5-3-2,True,11,Jeong Woo-Yeong,CF-R,10,746827
Union Berlin,2025-12-06,Wolfsburg,away,5-3-2,False,7,Oliver Burke,SUB,0,746827
Union Berlin,2025-12-06,Wolfsburg,away,5-3-2,False,4,Diogo Leite,SUB,0,746827
Union Berlin,2025-12-06,Wolfsburg,away,5-3-2,False,21,Tim Skarke,SUB,0,746827
Union Berlin,2025-12-06,Wolfsburg,away,5-3-2,False,23,Andrej Ilic,SUB,0,746827
Union Berlin,2025-12-06,Wolfsburg,away,5-3-2,False,31,Matheo Raab,SUB,0,746827
Union Berlin,2025-12-06,Wolfsburg,away,5-3-2,False,9,Livan Burcu,SUB,0,746827
Union Berlin,2025-12-06,Wolfsburg,away,5-3-2,False,15,Tom Rothe,SUB,0,746827
Union Berlin,2025-12-06,Wolfsburg,away,5-3-2,False,18,Josip Juranovic,SUB,0,746827
Union Berlin,2025-12-06,Wolfsburg,away,5-3-2,False,33,Alex Král,SUB,0,746827
Hoffenheim,2025-12-13,Hamburger SV,home,4-4-2,True,1,Oliver Baumann,G,1,746839
Hoffenheim,2025-12-13,Hamburger SV,home,4-4-2,True,5,Ozan Kabak,CD-L,6,746839
Hoffenheim,2025-12-13,Hamburger SV,home,4-4-2,True,2,Robin Hranác,CD-R,5,746839
Hoffenheim,2025-12-13,Hamburger SV,home,4-4-2,True,21,Albian Hajdari,LB,3,746839
Hoffenheim,2025-12-13,Hamburger SV,home,4-4-2,True,34,Vladimír Coufal,RB,2,746839
Hoffenheim,2025-12-13,Hamburger SV,home,4-4-2,True,18,Wouter Burger,CM-L,8,746839
Hoffenheim,2025-12-13,Hamburger SV,home,4-4-2,True,7,Leon Avdullahu,CM-R,4,746839
Hoffenheim,2025-12-13,Hamburger SV,home,4-4-2,True,29,Bazoumana Touré,LM,11,746839
Hoffenheim,2025-12-13,Hamburger SV,home,4-4-2,True,6,Grischa Prömel,RM,7,746839
Hoffenheim,2025-12-13,Hamburger SV,home,4-4-2,True,27,Andrej Kramaric,CF-L,9,746839
Hoffenheim,2025-12-13,Hamburger SV,home,4-4-2,True,19,Tim Lemperle,CF-R,10,746839
Hoffenheim,2025-12-13,Hamburger SV,home,4-4-2,False,22,Alexander Prass,SUB,0,746839
Hoffenheim,2025-12-13,Hamburger SV,home,4-4-2,False,10,Muhammed Damar,SUB,0,746839
Hoffenheim,2025-12-13,Hamburger SV,home,4-4-2,False,37,Luca Philipp,SUB,0,746839
Hoffenheim,2025-12-13,Hamburger SV,home,4-4-2,False,9,Ihlas Bebou,SUB,0,746839
Hoffenheim,2025-12-13,Hamburger SV,home,4-4-2,False,17,Umut Tohumcu,SUB,0,746839
Hoffenheim,2025-12-13,Hamburger SV,home,4-4-2,False,11,Fisnik Asllani,SUB,0,746839
Hoffenheim,2025-12-13,Hamburger SV,home,4-4-2,False,35,Arthur Chaves,SUB,0,746839
Hoffenheim,2025-12-13,Hamburger SV,home,4-4-2,False,23,Adam Hlozek,SUB,0,746839
Hoffenheim,2025-12-13,Hamburger SV,home,4-4-2,False,15,Valentin Gendrey,SUB,0,746839
Hamburger SV,2025-12-13,Hoffenheim,away,3-4-3,True,1,Daniel Heuer Fernandes,G,1,746839
Hamburger SV,2025-12-13,Hoffenheim,away,3-4-3,True,44,Luka Vuskovic,CD,5,746839
Hamburger SV,2025-12-13,Hoffenheim,away,3-4-3,True,25,Jordan Torunarigha,CD-L,4,746839
Hamburger SV,2025-12-13,Hoffenheim,away,3-4-3,True,24,Nicolás Capaldo,CD-R,6,746839
Hamburger SV,2025-12-13,Hoffenheim,away,3-4-3,True,23,Jonas Meffert,CM-L,8,746839
Hamburger SV,2025-12-13,Hoffenheim,away,3-4-3,True,6,Albert Sambi Lokonga,CM-R,7,746839
Hamburger SV,2025-12-13,Hoffenheim,away,3-4-3,True,28,Miro Muheim,LM,3,746839
Hamburger SV,2025-12-13,Hoffenheim,away,3-4-3,True,16,Giorgi Gocholeishvili,RM,2,746839
Hamburger SV,2025-12-13,Hoffenheim,away,3-4-3,True,11,Ransford-Yeboah Königsdörffer,F,9,746839
Hamburger SV,2025-12-13,Hoffenheim,away,3-4-3,True,45,Fabio Baldé,CF-L,11,746839
Hamburger SV,2025-12-13,Hoffenheim,away,3-4-3,True,20,Fabio Vieira,CF-R,10,746839
Hamburger SV,2025-12-13,Hoffenheim,away,3-4-3,False,18,Bakery Jatta,SUB,0,746839
Hamburger SV,2025-12-13,Hoffenheim,away,3-4-3,False,15,Yussuf Poulsen,SUB,0,746839
Hamburger SV,2025-12-13,Hoffenheim,away,3-4-3,False,14,Rayan Philippe,SUB,0,746839
Hamburger SV,2025-12-13,Hoffenheim,away,3-4-3,False,8,Daniel Elfadli,SUB,0,746839
Hamburger SV,2025-12-13,Hoffenheim,away,3-4-3,False,13,Guilherme Ramos,SUB,0,746839
Hamburger SV,2025-12-13,Hoffenheim,away,3-4-3,False,22,Aboubaka Soumahoro,SUB,0,746839
Hamburger SV,2025-12-13,Hoffenheim,away,3-4-3,False,26,Daniel Peretz,SUB,0,746839
Hamburger SV,2025-12-13,Hoffenheim,away,3-4-3,False,2,William Mikelbrencis,SUB,0,746839
Hamburger SV,2025-12-13,Hoffenheim,away,3-4-3,False,10,Immanuel Pherai,SUB,0,746839
Leverkusen,2025-12-13,Köln,home,3-4-2-1,True,1,Mark Flekken,G,1,746837
Leverkusen,2025-12-13,Köln,home,3-4-2-1,True,8,Robert Andrich,CD,5,746837
Leverkusen,2025-12-13,Köln,home,3-4-2-1,True,12,Edmond Tapsoba,CD-L,4,746837
Leverkusen,2025-12-13,Köln,home,3-4-2-1,True,4,Jarell Quansah,CD-R,6,746837
Leverkusen,2025-12-13,Köln,home,3-4-2-1,True,30,Ibrahim Maza,CM-L,8,746837
Leverkusen,2025-12-13,Köln,home,3-4-2-1,True,24,Aleix García,CM-R,7,746837
Leverkusen,2025-12-13,Köln,home,3-4-2-1,True,19,Ernest Poku,LM,3,746837
Leverkusen,2025-12-13,Köln,home,3-4-2-1,True,13,Arthur,RM,2,746837
Leverkusen,2025-12-13,Köln,home,3-4-2-1,True,35,Christian Kofane,F,9,746837
Leverkusen,2025-12-13,Köln,home,3-4-2-1,True,10,Malik Tillman,CF-L,11,746837
Leverkusen,2025-12-13,Köln,home,3-4-2-1,True,7,Jonas Hofmann,CF-R,10,746837
Leverkusen,2025-12-13,Köln,home,3-4-2-1,False,5,Loïc Badé,SUB,0,746837
Leverkusen,2025-12-13,Köln,home,3-4-2-1,False,6,Ezequiel Fernández,SUB,0,746837
Leverkusen,2025-12-13,Köln,home,3-4-2-1,False,28,Janis Blaswich,SUB,0,746837
Leverkusen,2025-12-13,Köln,home,3-4-2-1,False,44,Jeanuël Belocian,SUB,0,746837
Leverkusen,2025-12-13,Köln,home,3-4-2-1,False,23,Nathan Tella,SUB,0,746837
Leverkusen,2025-12-13,Köln,home,3-4-2-1,False,17,Eliesse Ben Seghir,SUB,0,746837
Leverkusen,2025-12-13,Köln,home,3-4-2-1,False,16,Axel Tape,SUB,0,746837
Leverkusen,2025-12-13,Köln,home,3-4-2-1,False,11,Martin Terrier,SUB,0,746837
Leverkusen,2025-12-13,Köln,home,3-4-2-1,False,18,Alejo Sarco,SUB,0,746837
Köln,2025-12-13,Leverkusen,away,3-4-3,True,1,Marvin Schwäbe,G,1,746837
Köln,2025-12-13,Leverkusen,away,3-4-3,True,6,Eric Martel,CD,5,746837
Köln,2025-12-13,Leverkusen,away,3-4-3,True,33,Rav van den Berg,CD-L,4,746837
Köln,2025-12-13,Leverkusen,away,3-4-3,True,28,Sebastian Sebulonsen,CD-R,6,746837
Köln,2025-12-13,Leverkusen,away,3-4-3,True,5,Tom Krauss,CM-L,8,746837
Köln,2025-12-13,Leverkusen,away,3-4-3,True,8,Denis Huseinbasic,CM-R,7,746837
Köln,2025-12-13,Leverkusen,away,3-4-3,True,16,Jakub Kaminski,LM,3,746837
Köln,2025-12-13,Leverkusen,away,3-4-3,True,29,Jan Thielmann,RM,2,746837
Köln,2025-12-13,Leverkusen,away,3-4-3,True,30,Marius Bulter,F,9,746837
Köln,2025-12-13,Leverkusen,away,3-4-3,True,13,Said El Mala,CF-L,11,746837
Köln,2025-12-13,Leverkusen,away,3-4-3,True,7,Luca Waldschmidt,CF-R,10,746837
Köln,2025-12-13,Leverkusen,away,3-4-3,False,11,Florian Kainz,SUB,0,746837
Köln,2025-12-13,Leverkusen,away,3-4-3,False,9,Ragnar Ache,SUB,0,746837
Köln,2025-12-13,Leverkusen,away,3-4-3,False,17,Alessio Castro-Montes,SUB,0,746837
Köln,2025-12-13,Leverkusen,away,3-4-3,False,39,Cenk Özkacar,SUB,0,746837
Köln,2025-12-13,Leverkusen,away,3-4-3,False,32,Kristoffer Lund,SUB,0,746837
Köln,2025-12-13,Leverkusen,away,3-4-3,False,18,Ísak Jóhannesson,SUB,0,746837
Köln,2025-12-13,Leverkusen,away,3-4-3,False,36,Cenny Neumann,SUB,0,746837
Köln,2025-12-13,Leverkusen,away,3-4-3,False,20,Ron-Robert Zieler,SUB,0,746837
Köln,2025-12-13,Leverkusen,away,3-4-3,False,37,Linton Maina,SUB,0,746837
Mainz 05,2025-12-05,Gladbach,home,3-5-2,True,33,Daniel Batz,G,1,746832
Mainz 05,2025-12-05,Gladbach,home,3-5-2,True,25,Andreas Hanche-Olsen,CD,5,746832
Mainz 05,2025-12-05,Gladbach,home,3-5-2,True,5,Maxim Leitsch,CD-L,4,746832
Mainz 05,2025-12-05,Gladbach,home,3-5-2,True,21,Danny da Costa,CD-R,6,746832
Mainz 05,2025-12-05,Gladbach,home,3-5-2,True,7,Lee Jae-Sung,CM-L,8,746832
Mainz 05,2025-12-05,Gladbach,home,3-5-2,True,6,Kaishu Sano,CM-R,7,746832
Mainz 05,2025-12-05,Gladbach,home,3-5-2,True,10,Nadiem Amiri,AM,11,746832
Mainz 05,2025-12-05,Gladbach,home,3-5-2,True,2,Phillipp Mwene,LM,3,746832
Mainz 05,2025-12-05,Gladbach,home,3-5-2,True,30,Silvan Widmer,RM,2,746832
Mainz 05,2025-12-05,Gladbach,home,3-5-2,True,44,Nelson Weiper,CF-L,9,746832
Mainz 05,2025-12-05,Gladbach,home,3-5-2,True,36,Fabio Moreno Fell,CF-R,10,746832
Mainz 05,2025-12-05,Gladbach,home,3-5-2,False,17,Benedict Hollerbach,SUB,0,746832
Mainz 05,2025-12-05,Gladbach,home,3-5-2,False,14,William Bøving,SUB,0,746832
Mainz 05,2025-12-05,Gladbach,home,3-5-2,False,15,Lennard Maloney,SUB,0,746832
Mainz 05,2025-12-05,Gladbach,home,3-5-2,False,9,Arnaud Nordin,SUB,0,746832
Mainz 05,2025-12-05,Gladbach,home,3-5-2,False,48,Kacper Potulski,SUB,0,746832
Mainz 05,2025-12-05,Gladbach,home,3-5-2,False,16,Stefan Bell,SUB,0,746832
Mainz 05,2025-12-05,Gladbach,home,3-5-2,False,24,Sota Kawasaki,SUB,0,746832
Mainz 05,2025-12-05,Gladbach,home,3-5-2,False,1,Lasse Rieß,SUB,0,746832
Mainz 05,2025-12-05,Gladbach,home,3-5-2,False,22,Nikolas Veratschnig,SUB,0,746832
Gladbach,2025-12-05,Mainz 05,away,3-4-2-1,True,33,Moritz Nicolas,G,1,746832
Gladbach,2025-12-05,Mainz 05,away,3-4-2-1,True,30,Nico Elvedi,CD,5,746832
Gladbach,2025-12-05,Mainz 05,away,3-4-2-1,True,4,Kevin Diks,CD-L,4,746832
Gladbach,2025-12-05,Mainz 05,away,3-4-2-1,True,29,Joe Scally,CD-R,6,746832
Gladbach,2025-12-05,Mainz 05,away,3-4-2-1,True,6,Yannick Engelhardt,CM-L,8,746832
Gladbach,2025-12-05,Mainz 05,away,3-4-2-1,True,27,Rocco Reitz,CM-R,7,746832
Gladbach,2025-12-05,Mainz 05,away,3-4-2-1,True,20,Luca Netz,LM,3,746832
Gladbach,2025-12-05,Mainz 05,away,3-4-2-1,True,17,Jens Castrop,RM,2,746832
Gladbach,2025-12-05,Mainz 05,away,3-4-2-1,True,15,Haris Tabakovic,F,9,746832
Gladbach,2025-12-05,Mainz 05,away,3-4-2-1,True,13,Giovanni Reyna,CF-L,11,746832
Gladbach,2025-12-05,Mainz 05,away,3-4-2-1,True,18,Shuto Machino,CF-R,10,746832
Gladbach,2025-12-05,Mainz 05,away,3-4-2-1,False,26,Lukas Ullrich,SUB,0,746832
Gladbach,2025-12-05,Mainz 05,away,3-4-2-1,False,36,Wael Mohya,SUB,0,746832
Gladbach,2025-12-05,Mainz 05,away,3-4-2-1,False,42,Tiago Pereira,SUB,0,746832
Gladbach,2025-12-05,Mainz 05,away,3-4-2-1,False,22,Oscar Fraulo,SUB,0,746832
Gladbach,2025-12-05,Mainz 05,away,3-4-2-1,False,5,Marvin Friedrich,SUB,0,746832
Gladbach,2025-12-05,Mainz 05,away,3-4-2-1,False,34,Charles Herrmann,SUB,0,746832
Gladbach,2025-12-05,Mainz 05,away,3-4-2-1,False,7,Kevin Stöger,SUB,0,746832
Gladbach,2025-12-05,Mainz 05,away,3-4-2-1,False,39,Niklas Swider,SUB,0,746832
Gladbach,2025-12-05,Mainz 05,away,3-4-2-1,False,28,Grant-Leon Ranos,SUB,0,746832
Freiburg,2025-12-14,Dortmund,home,4-2-3-1,True,1,Noah Atubolu,G,1,746842
Freiburg,2025-12-14,Dortmund,home,4-2-3-1,True,5,Anthony Jung,CD-L,6,746842
Freiburg,2025-12-14,Dortmund,home,4-2-3-1,True,28,Matthias Ginter,CD-R,5,746842
Freiburg,2025-12-14,Dortmund,home,4-2-3-1,True,30,Christian Günter,LB,3,746842
Freiburg,2025-12-14,Dortmund,home,4-2-3-1,True,17,Lukas Kübler,RB,2,746842
Freiburg,2025-12-14,Dortmund,home,4-2-3-1,True,14,Yuito Suzuki,AM,10,746842
Freiburg,2025-12-14,Dortmund,home,4-2-3-1,True,6,Patrick Osterhage,LM,4,746842
Freiburg,2025-12-14,Dortmund,home,4-2-3-1,True,8,Maximilian Eggestein,RM,8,746842
Freiburg,2025-12-14,Dortmund,home,4-2-3-1,True,9,Lucas Höler,F,9,746842
Freiburg,2025-12-14,Dortmund,home,4-2-3-1,True,44,Johan Manzambi,AM-L,11,746842
Freiburg,2025-12-14,Dortmund,home,4-2-3-1,True,29,Philipp Treu,AM-R,7,746842
Freiburg,2025-12-14,Dortmund,home,4-2-3-1,False,27,Nicolas Höfler,SUB,0,746842
Freiburg,2025-12-14,Dortmund,home,4-2-3-1,False,22,Cyriaque Irié,SUB,0,746842
Freiburg,2025-12-14,Dortmund,home,4-2-3-1,False,7,Derry Scherhant,SUB,0,746842
Freiburg,2025-12-14,Dortmund,home,4-2-3-1,False,31,Igor Matanovic,SUB,0,746842
Freiburg,2025-12-14,Dortmund,home,4-2-3-1,False,20,Junior Adamu,SUB,0,746842
Freiburg,2025-12-14,Dortmund,home,4-2-3-1,False,21,Florian Müller,SUB,0,746842
Freiburg,2025-12-14,Dortmund,home,4-2-3-1,False,43,Ifechukwu Ogbus,SUB,0,746842
Freiburg,2025-12-14,Dortmund,home,4-2-3-1,False,33,Jordy Makengo,SUB,0,746842
Freiburg,2025-12-14,Dortmund,home,4-2-3-1,False,32,Vincenzo Grifo,SUB,0,746842
Dortmund,2025-12-14,Freiburg,away,3-4-2-1,True,1,Gregor Kobel,G,1,746842
Dortmund,2025-12-14,Freiburg,away,3-4-2-1,True,4,Nico Schlotterbeck,CD,5,746842
Dortmund,2025-12-14,Freiburg,away,3-4-2-1,True,5,Ramy Bensebaini,CD-L,4,746842
Dortmund,2025-12-14,Freiburg,away,3-4-2-1,True,23,Emre Can,CD-R,6,746842
Dortmund,2025-12-14,Freiburg,away,3-4-2-1,True,7,Jobe Bellingham,CM-L,8,746842
Dortmund,2025-12-14,Freiburg,away,3-4-2-1,True,8,Felix Nmecha,CM-R,7,746842
Dortmund,2025-12-14,Freiburg,away,3-4-2-1,True,26,Julian Ryerson,LM,3,746842
Dortmund,2025-12-14,Freiburg,away,3-4-2-1,True,2,Yan Couto,RM,2,746842
Dortmund,2025-12-14,Freiburg,away,3-4-2-1,True,9,Serhou Guirassy,F,9,746842
Dortmund,2025-12-14,Freiburg,away,3-4-2-1,True,17,Carney Chukwuemeka,CF-L,11,746842
Dortmund,2025-12-14,Freiburg,away,3-4-2-1,True,21,Fábio Silva,CF-R,10,746842
Dortmund,2025-12-14,Freiburg,away,3-4-2-1,False,24,Daniel Svensson,SUB,0,746842
Dortmund,2025-12-14,Freiburg,away,3-4-2-1,False,25,Niklas Süle,SUB,0,746842
Dortmund,2025-12-14,Freiburg,away,3-4-2-1,False,13,Pascal Gross,SUB,0,746842
Dortmund,2025-12-14,Freiburg,away,3-4-2-1,False,30,Patrick Drewes,SUB,0,746842
Dortmund,2025-12-14,Freiburg,away,3-4-2-1,False,33,Alexander Meyer,SUB,0,746842
Dortmund,2025-12-14,Freiburg,away,3-4-2-1,False,27,Karim Adeyemi,SUB,0,746842
Dortmund,2025-12-14,Freiburg,away,3-4-2-1,False,14,Maximilian Beier,SUB,0,746842
Werder Bremen,2025-12-14,Stuttgart,home,4-2-3-1,True,30,Mio Backhaus,G,1,746843
Werder Bremen,2025-12-14,Stuttgart,home,4-2-3-1,True,31,Karim Coulibaly,CD-L,6,746843
Werder Bremen,2025-12-14,Stuttgart,home,4-2-3-1,True,5,Amos Pieper,CD-R,5,746843
Werder Bremen,2025-12-14,Stuttgart,home,4-2-3-1,True,32,Marco Friedl,LB,3,746843
Werder Bremen,2025-12-14,Stuttgart,home,4-2-3-1,True,3,Yukinari Sugawara,RB,2,746843
Werder Bremen,2025-12-14,Stuttgart,home,4-2-3-1,True,20,Romano Schmid,AM,10,746843
Werder Bremen,2025-12-14,Stuttgart,home,4-2-3-1,True,14,Senne Lynen,LM,4,746843
Werder Bremen,2025-12-14,Stuttgart,home,4-2-3-1,True,6,Jens Stage,RM,8,746843
Werder Bremen,2025-12-14,Stuttgart,home,4-2-3-1,True,17,Marco Grüll,F,9,746843
Werder Bremen,2025-12-14,Stuttgart,home,4-2-3-1,True,7,Samuel Mbangula,AM-L,11,746843
Werder Bremen,2025-12-14,Stuttgart,home,4-2-3-1,True,11,Justin Njinmah,AM-R,7,746843
Werder Bremen,2025-12-14,Stuttgart,home,4-2-3-1,False,28,Skelly Alvero,SUB,0,746843
Werder Bremen,2025-12-14,Stuttgart,home,4-2-3-1,False,24,Patrice Covic,SUB,0,746843
Werder Bremen,2025-12-14,Stuttgart,home,4-2-3-1,False,2,Olivier Deman,SUB,0,746843
Werder Bremen,2025-12-14,Stuttgart,home,4-2-3-1,False,10,Leonardo Bittencourt,SUB,0,746843
Werder Bremen,2025-12-14,Stuttgart,home,4-2-3-1,False,4,Niklas Stark,SUB,0,746843
Werder Bremen,2025-12-14,Stuttgart,home,4-2-3-1,False,9,Keke Topp,SUB,0,746843
Werder Bremen,2025-12-14,Stuttgart,home,4-2-3-1,False,23,Isaac Schmidt,SUB,0,746843
Werder Bremen,2025-12-14,Stuttgart,home,4-2-3-1,False,13,Karl Hein,SUB,0,746843
Werder Bremen,2025-12-14,Stuttgart,home,4-2-3-1,False,18,Cameron Puertas,SUB,0,746843
Stuttgart,2025-12-14,Werder Bremen,away,3-4-2-1,True,33,Alexander Nübel,G,1,746843
Stuttgart,2025-12-14,Werder Bremen,away,3-4-2-1,True,24,Jeff Chabot,CD,5,746843
Stuttgart,2025-12-14,Werder Bremen,away,3-4-2-1,True,3,Ramon Hendriks,CD-L,4,746843
Stuttgart,2025-12-14,Werder Bremen,away,3-4-2-1,True,29,Finn Jeltsch,CD-R,6,746843
Stuttgart,2025-12-14,Werder Bremen,away,3-4-2-1,True,6,Angelo Stiller,CM-L,8,746843
Stuttgart,2025-12-14,Werder Bremen,away,3-4-2-1,True,16,Atakan Karazor,CM-R,7,746843
Stuttgart,2025-12-14,Werder Bremen,away,3-4-2-1,True,18,Jamie Leweling,LM,3,746843
Stuttgart,2025-12-14,Werder Bremen,away,3-4-2-1,True,4,Josha Vagnoman,RM,2,746843
Stuttgart,2025-12-14,Werder Bremen,away,3-4-2-1,True,26,Deniz Undav,F,9,746843
Stuttgart,2025-12-14,Werder Bremen,away,3-4-2-1,True,28,Nikolas Nartey,CF-L,11,746843
Stuttgart,2025-12-14,Werder Bremen,away,3-4-2-1,True,11,Bilal El Khannouss,CF-R,10,746843
Stuttgart,2025-12-14,Werder Bremen,away,3-4-2-1,False,8,Tiago Tomás,SUB,0,746843
Stuttgart,2025-12-14,Werder Bremen,away,3-4-2-1,False,10,Chris Führich,SUB,0,746843
Stuttgart,2025-12-14,Werder Bremen,away,3-4-2-1,False,1,Fabian Bredlow,SUB,0,746843
Stuttgart,2025-12-14,Werder Bremen,away,3-4-2-1,False,2,Ameen Al Dakhil,SUB,0,746843
Stuttgart,2025-12-14,Werder Bremen,away,3-4-2-1,False,20,Leonidas Stergiou,SUB,0,746843
Stuttgart,2025-12-14,Werder Bremen,away,3-4-2-1,False,15,Pascal Stenzel,SUB,0,746843
Stuttgart,2025-12-14,Werder Bremen,away,3-4-2-1,False,7,Maximilian Mittelstädt,SUB,0,746843
Stuttgart,2025-12-14,Werder Bremen,away,3-4-2-1,False,27,Badredine Bouanani,SUB,0,746843
Stuttgart,2025-12-14,Werder Bremen,away,3-4-2-1,False,30,Chema Andrés,SUB,0,746843
Bayern Munich,2025-12-14,Mainz 05,home,4-2-3-1,True,1,Manuel Neuer,G,1,746840
Bayern Munich,2025-12-14,Mainz 05,home,4-2-3-1,True,21,Hiroki Ito,CD-L,6,746840
Bayern Munich,2025-12-14,Mainz 05,home,4-2-3-1,True,3,Kim Min-Jae,CD-R,5,746840
Bayern Munich,2025-12-14,Mainz 05,home,4-2-3-1,True,20,Tom Bischof,LB,3,746840
Bayern Munich,2025-12-14,Mainz 05,home,4-2-3-1,True,44,Josip Stanisic,RB,2,746840
Bayern Munich,2025-12-14,Mainz 05,home,4-2-3-1,True,42,Lennart Karl,AM,10,746840
Bayern Munich,2025-12-14,Mainz 05,home,4-2-3-1,True,8,Leon Goretzka,LM,4,746840
Bayern Munich,2025-12-14,Mainz 05,home,4-2-3-1,True,6,Joshua Kimmich,RM,8,746840
Bayern Munich,2025-12-14,Mainz 05,home,4-2-3-1,True,9,Harry Kane,F,9,746840
Bayern Munich,2025-12-14,Mainz 05,home,4-2-3-1,True,7,Serge Gnabry,AM-L,11,746840
Bayern Munich,2025-12-14,Mainz 05,home,4-2-3-1,True,17,Michael Olise,AM-R,7,746840
Bayern Munich,2025-12-14,Mainz 05,home,4-2-3-1,False,30,Cassiano Kiala,SUB,0,746840
Bayern Munich,2025-12-14,Mainz 05,home,4-2-3-1,False,11,Nicolas Jackson,SUB,0,746840
Bayern Munich,2025-12-14,Mainz 05,home,4-2-3-1,False,4,Jonathan Tah,SUB,0,746840
Bayern Munich,2025-12-14,Mainz 05,home,4-2-3-1,False,2,Dayot Upamecano,SUB,0,746840
Bayern Munich,2025-12-14,Mainz 05,home,4-2-3-1,False,45,Aleksandar Pavlovic,SUB,0,746840
Bayern Munich,2025-12-14,Mainz 05,home,4-2-3-1,False,19,Alphonso Davies,SUB,0,746840
Bayern Munich,2025-12-14,Mainz 05,home,4-2-3-1,False,27,Konrad Laimer,SUB,0,746840
Bayern Munich,2025-12-14,Mainz 05,home,4-2-3-1,False,22,Raphaël Guerreiro,SUB,0,746840
Bayern Munich,2025-12-14,Mainz 05,home,4-2-3-1,False,40,Jonas Urbig,SUB,0,746840
Mainz 05,2025-12-14,Bayern Munich,away,5-4-1,True,33,Daniel Batz,G,1,746840
Mainz 05,2025-12-14,Bayern Munich,away,5-4-1,True,16,Stefan Bell,CD,5,746840
Mainz 05,2025-12-14,Bayern Munich,away,5-4-1,True,48,Kacper Potulski,CD-L,4,746840
Mainz 05,2025-12-14,Bayern Munich,away,5-4-1,True,21,Danny da Costa,CD-R,6,746840
Mainz 05,2025-12-14,Bayern Munich,away,5-4-1,True,22,Nikolas Veratschnig,LB,3,746840
Mainz 05,2025-12-14,Bayern Munich,away,5-4-1,True,24,Sota Kawasaki,RB,2,746840
Mainz 05,2025-12-14,Bayern Munich,away,5-4-1,True,6,Kaishu Sano,CM-L,10,746840
Mainz 05,2025-12-14,Bayern Munich,away,5-4-1,True,15,Lennard Maloney,CM-R,8,746840
Mainz 05,2025-12-14,Bayern Munich,away,5-4-1,True,7,Lee Jae-Sung,LM,11,746840
Mainz 05,2025-12-14,Bayern Munich,away,5-4-1,True,14,William Bøving,RM,7,746840
Mainz 05,2025-12-14,Bayern Munich,away,5-4-1,True,17,Benedict Hollerbach,F,9,746840
Mainz 05,2025-12-14,Bayern Munich,away,5-4-1,False,36,Fabio Moreno Fell,SUB,0,746840
Mainz 05,2025-12-14,Bayern Munich,away,5-4-1,False,42,Daniel Gleiber,SUB,0,746840
Mainz 05,2025-12-14,Bayern Munich,away,5-4-1,False,23,Konstantin Schopp,SUB,0,746840
Mainz 05,2025-12-14,Bayern Munich,away,5-4-1,False,25,Andreas Hanche-Olsen,SUB,0,746840
Mainz 05,2025-12-14,Bayern Munich,away,5-4-1,False,44,Nelson Weiper,SUB,0,746840
Mainz 05,2025-12-14,Bayern Munich,away,5-4-1,False,37,Ben Bobzien,SUB,0,746840
Mainz 05,2025-12-14,Bayern Munich,away,5-4-1,False,11,Armindo Sieb,SUB,0,746840
Mainz 05,2025-12-14,Bayern Munich,away,5-4-1,False,9,Arnaud Nordin,SUB,0,746840
Mainz 05,2025-12-14,Bayern Munich,away,5-4-1,False,1,Lasse Rieß,SUB,0,746840
Dortmund,2025-12-19,Gladbach,home,3-4-2-1,True,1,Gregor Kobel,G,1,746848
Dortmund,2025-12-19,Gladbach,home,3-4-2-1,True,23,Emre Can,CD,5,746848
Dortmund,2025-12-19,Gladbach,home,3-4-2-1,True,4,Nico Schlotterbeck,CD-L,4,746848
Dortmund,2025-12-19,Gladbach,home,3-4-2-1,True,25,Niklas Süle,CD-R,6,746848
Dortmund,2025-12-19,Gladbach,home,3-4-2-1,True,8,Felix Nmecha,CM-L,8,746848
Dortmund,2025-12-19,Gladbach,home,3-4-2-1,True,13,Pascal Gross,CM-R,7,746848
Dortmund,2025-12-19,Gladbach,home,3-4-2-1,True,24,Daniel Svensson,LM,3,746848
Dortmund,2025-12-19,Gladbach,home,3-4-2-1,True,26,Julian Ryerson,RM,2,746848
Dortmund,2025-12-19,Gladbach,home,3-4-2-1,True,9,Serhou Guirassy,F,9,746848
Dortmund,2025-12-19,Gladbach,home,3-4-2-1,True,10,Julian Brandt,CF-L,11,746848
Dortmund,2025-12-19,Gladbach,home,3-4-2-1,True,27,Karim Adeyemi,CF-R,10,746848
Dortmund,2025-12-19,Gladbach,home,3-4-2-1,False,2,Yan Couto,SUB,0,746848
Dortmund,2025-12-19,Gladbach,home,3-4-2-1,False,21,Fábio Silva,SUB,0,746848
Dortmund,2025-12-19,Gladbach,home,3-4-2-1,False,33,Alexander Meyer,SUB,0,746848
Dortmund,2025-12-19,Gladbach,home,3-4-2-1,False,20,Marcel Sabitzer,SUB,0,746848
Dortmund,2025-12-19,Gladbach,home,3-4-2-1,False,37,Cole Campbell,SUB,0,746848
Dortmund,2025-12-19,Gladbach,home,3-4-2-1,False,14,Maximilian Beier,SUB,0,746848
Dortmund,2025-12-19,Gladbach,home,3-4-2-1,False,6,Salih Özcan,SUB,0,746848
Dortmund,2025-12-19,Gladbach,home,3-4-2-1,False,39,Filippo Mané,SUB,0,746848
Dortmund,2025-12-19,Gladbach,home,3-4-2-1,False,17,Carney Chukwuemeka,SUB,0,746848
Gladbach,2025-12-19,Dortmund,away,3-4-2-1,True,33,Moritz Nicolas,G,1,746848
Gladbach,2025-12-19,Dortmund,away,3-4-2-1,True,30,Nico Elvedi,CD,5,746848
Gladbach,2025-12-19,Dortmund,away,3-4-2-1,True,4,Kevin Diks,CD-L,4,746848
Gladbach,2025-12-19,Dortmund,away,3-4-2-1,True,16,Philipp Sander,CD-R,6,746848
Gladbach,2025-12-19,Dortmund,away,3-4-2-1,True,6,Yannick Engelhardt,CM-L,8,746848
Gladbach,2025-12-19,Dortmund,away,3-4-2-1,True,27,Rocco Reitz,CM-R,7,746848
Gladbach,2025-12-19,Dortmund,away,3-4-2-1,True,20,Luca Netz,LM,3,746848
Gladbach,2025-12-19,Dortmund,away,3-4-2-1,True,29,Joe Scally,RM,2,746848
Gladbach,2025-12-19,Dortmund,away,3-4-2-1,True,15,Haris Tabakovic,F,9,746848
Gladbach,2025-12-19,Dortmund,away,3-4-2-1,True,10,Florian Neuhaus,CF-L,11,746848
Gladbach,2025-12-19,Dortmund,away,3-4-2-1,True,13,Giovanni Reyna,CF-R,10,746848
Gladbach,2025-12-19,Dortmund,away,3-4-2-1,False,7,Kevin Stöger,SUB,0,746848
Gladbach,2025-12-19,Dortmund,away,3-4-2-1,False,22,Oscar Fraulo,SUB,0,746848
Gladbach,2025-12-19,Dortmund,away,3-4-2-1,False,1,Jonas Omlin,SUB,0,746848
Gladbach,2025-12-19,Dortmund,away,3-4-2-1,False,24,Fritz Fleck,SUB,0,746848
Gladbach,2025-12-19,Dortmund,away,3-4-2-1,False,18,Shuto Machino,SUB,0,746848
Gladbach,2025-12-19,Dortmund,away,3-4-2-1,False,34,Charles Herrmann,SUB,0,746848
Gladbach,2025-12-19,Dortmund,away,3-4-2-1,False,26,Lukas Ullrich,SUB,0,746848
Gladbach,2025-12-19,Dortmund,away,3-4-2-1,False,28,Grant-Leon Ranos,SUB,0,746848
Gladbach,2025-12-19,Dortmund,away,3-4-2-1,False,36,Wael Mohya,SUB,0,746848
Köln,2025-12-20,Union Berlin,home,4-2-3-1,True,1,Marvin Schwäbe,G,1,746847
Köln,2025-12-20,Union Berlin,home,4-2-3-1,True,3,Dominique Heintz,CD-L,6,746847
Köln,2025-12-20,Union Berlin,home,4-2-3-1,True,33,Rav van den Berg,CD-R,5,746847
Köln,2025-12-20,Union Berlin,home,4-2-3-1,True,32,Kristoffer Lund,LB,3,746847
Köln,2025-12-20,Union Berlin,home,4-2-3-1,True,28,Sebastian Sebulonsen,RB,2,746847
Köln,2025-12-20,Union Berlin,home,4-2-3-1,True,18,Ísak Jóhannesson,AM,10,746847
Köln,2025-12-20,Union Berlin,home,4-2-3-1,True,6,Eric Martel,LM,4,746847
Köln,2025-12-20,Union Berlin,home,4-2-3-1,True,5,Tom Krauss,RM,8,746847
Köln,2025-12-20,Union Berlin,home,4-2-3-1,True,9,Ragnar Ache,F,9,746847
Köln,2025-12-20,Union Berlin,home,4-2-3-1,True,16,Jakub Kaminski,AM-L,11,746847
Köln,2025-12-20,Union Berlin,home,4-2-3-1,True,29,Jan Thielmann,AM-R,7,746847
Köln,2025-12-20,Union Berlin,home,4-2-3-1,False,13,Said El Mala,SUB,0,746847
Köln,2025-12-20,Union Berlin,home,4-2-3-1,False,8,Denis Huseinbasic,SUB,0,746847
Köln,2025-12-20,Union Berlin,home,4-2-3-1,False,30,Marius Bulter,SUB,0,746847
Köln,2025-12-20,Union Berlin,home,4-2-3-1,False,40,Fynn Schenten,SUB,0,746847
Köln,2025-12-20,Union Berlin,home,4-2-3-1,False,37,Linton Maina,SUB,0,746847
Köln,2025-12-20,Union Berlin,home,4-2-3-1,False,20,Ron-Robert Zieler,SUB,0,746847
Köln,2025-12-20,Union Berlin,home,4-2-3-1,False,17,Alessio Castro-Montes,SUB,0,746847
Köln,2025-12-20,Union Berlin,home,4-2-3-1,False,11,Florian Kainz,SUB,0,746847
Köln,2025-12-20,Union Berlin,home,4-2-3-1,False,39,Cenk Özkacar,SUB,0,746847
Union Berlin,2025-12-20,Köln,away,3-4-2-1,True,1,Frederik Ronnow,G,1,746847
Union Berlin,2025-12-20,Köln,away,3-4-2-1,True,14,Leopold Querfeld,CD,5,746847
Union Berlin,2025-12-20,Köln,away,3-4-2-1,True,4,Diogo Leite,CD-L,4,746847
Union Berlin,2025-12-20,Köln,away,3-4-2-1,True,5,Danilho Doekhi,CD-R,6,746847
Union Berlin,2025-12-20,Köln,away,3-4-2-1,True,6,Aljoscha Kemlein,CM-L,8,746847
Union Berlin,2025-12-20,Köln,away,3-4-2-1,True,8,Rani Khedira,CM-R,7,746847
Union Berlin,2025-12-20,Köln,away,3-4-2-1,True,39,Derrick Köhn,LM,3,746847
Union Berlin,2025-12-20,Köln,away,3-4-2-1,True,28,Christopher Trimmel,RM,2,746847
Union Berlin,2025-12-20,Köln,away,3-4-2-1,True,7,Oliver Burke,F,9,746847
Union Berlin,2025-12-20,Köln,away,3-4-2-1,True,10,Ilyas Ansah,CF-L,11,746847
Union Berlin,2025-12-20,Köln,away,3-4-2-1,True,11,Jeong Woo-Yeong,CF-R,10,746847
Union Berlin,2025-12-20,Köln,away,3-4-2-1,False,9,Livan Burcu,SUB,0,746847
Union Berlin,2025-12-20,Köln,away,3-4-2-1,False,23,Andrej Ilic,SUB,0,746847
Union Berlin,2025-12-20,Köln,away,3-4-2-1,False,18,Josip Juranovic,SUB,0,746847
Union Berlin,2025-12-20,Köln,away,3-4-2-1,False,41,Oluwaseun Ogbemudia,SUB,0,746847
Union Berlin,2025-12-20,Köln,away,3-4-2-1,False,21,Tim Skarke,SUB,0,746847
Union Berlin,2025-12-20,Köln,away,3-4-2-1,False,31,Matheo Raab,SUB,0,746847
Union Berlin,2025-12-20,Köln,away,3-4-2-1,False,34,Stanley N'Soki,SUB,0,746847
Union Berlin,2025-12-20,Köln,away,3-4-2-1,False,13,András Schäfer,SUB,0,746847
Union Berlin,2025-12-20,Köln,away,3-4-2-1,False,17,David Preu,SUB,0,746847
Augsburg,2025-12-06,Leverkusen,home,3-4-2-1,True,1,Finn Dahmen,G,1,746834
Augsburg,2025-12-06,Leverkusen,home,3-4-2-1,True,5,Chrislain Matsima,CD,5,746834
Augsburg,2025-12-06,Leverkusen,home,3-4-2-1,True,31,Keven Schlotterbeck,CD-L,4,746834
Augsburg,2025-12-06,Leverkusen,home,3-4-2-1,True,40,Noahkai Banks,CD-R,6,746834
Augsburg,2025-12-06,Leverkusen,home,3-4-2-1,True,4,Han-Noah Massengo,CM-L,8,746834
Augsburg,2025-12-06,Leverkusen,home,3-4-2-1,True,17,Kristijan Jakic,CM-R,7,746834
Augsburg,2025-12-06,Leverkusen,home,3-4-2-1,True,13,Dimitris Giannoulis,LM,3,746834
Augsburg,2025-12-06,Leverkusen,home,3-4-2-1,True,19,Robin Fellhauer,RM,2,746834
Augsburg,2025-12-06,Leverkusen,home,3-4-2-1,True,30,Anton Kade,F,9,746834
Augsburg,2025-12-06,Leverkusen,home,3-4-2-1,True,20,Alexis Claude-Maurice,CF-L,11,746834
Augsburg,2025-12-06,Leverkusen,home,3-4-2-1,True,32,Fabian Rieder,CF-R,10,746834
Augsburg,2025-12-06,Leverkusen,home,3-4-2-1,False,27,Marius Wolf,SUB,0,746834
Augsburg,2025-12-06,Leverkusen,home,3-4-2-1,False,9,Samuel Essende,SUB,0,746834
Augsburg,2025-12-06,Leverkusen,home,3-4-2-1,False,21,Phillip Tietz,SUB,0,746834
Augsburg,2025-12-06,Leverkusen,home,3-4-2-1,False,10,Arne Maier,SUB,0,746834
Augsburg,2025-12-06,Leverkusen,home,3-4-2-1,False,3,Mads Pedersen,SUB,0,746834
Augsburg,2025-12-06,Leverkusen,home,3-4-2-1,False,16,Cédric Zesiger,SUB,0,746834
Augsburg,2025-12-06,Leverkusen,home,3-4-2-1,False,36,Mert Kömür,SUB,0,746834
Augsburg,2025-12-06,Leverkusen,home,3-4-2-1,False,22,Nediljko Labrovic,SUB,0,746834
Augsburg,2025-12-06,Leverkusen,home,3-4-2-1,False,8,Elvis Rexhbecaj,SUB,0,746834
Leverkusen,2025-12-06,Augsburg,away,3-4-2-1,True,1,Mark Flekken,G,1,746834
Leverkusen,2025-12-06,Augsburg,away,3-4-2-1,True,5,Loïc Badé,CD,5,746834
Leverkusen,2025-12-06,Augsburg,away,3-4-2-1,True,12,Edmond Tapsoba,CD-L,4,746834
Leverkusen,2025-12-06,Augsburg,away,3-4-2-1,True,8,Robert Andrich,CD-R,6,746834
Leverkusen,2025-12-06,Augsburg,away,3-4-2-1,True,24,Aleix García,CM-L,8,746834
Leverkusen,2025-12-06,Augsburg,away,3-4-2-1,True,30,Ibrahim Maza,CM-R,7,746834
Leverkusen,2025-12-06,Augsburg,away,3-4-2-1,True,19,Ernest Poku,LM,3,746834
Leverkusen,2025-12-06,Augsburg,away,3-4-2-1,True,7,Jonas Hofmann,RM,2,746834
Leverkusen,2025-12-06,Augsburg,away,3-4-2-1,True,14,Patrik Schick,F,9,746834
Leverkusen,2025-12-06,Augsburg,away,3-4-2-1,True,10,Malik Tillman,CF-L,11,746834
Leverkusen,2025-12-06,Augsburg,away,3-4-2-1,True,11,Martin Terrier,CF-R,10,746834
Leverkusen,2025-12-06,Augsburg,away,3-4-2-1,False,36,Niklas Lomb,SUB,0,746834
Leverkusen,2025-12-06,Augsburg,away,3-4-2-1,False,13,Arthur,SUB,0,746834
Leverkusen,2025-12-06,Augsburg,away,3-4-2-1,False,35,Christian Kofane,SUB,0,746834
Leverkusen,2025-12-06,Augsburg,away,3-4-2-1,False,17,Eliesse Ben Seghir,SUB,0,746834
Leverkusen,2025-12-06,Augsburg,away,3-4-2-1,False,23,Nathan Tella,SUB,0,746834
Leverkusen,2025-12-06,Augsburg,away,3-4-2-1,False,18,Alejo Sarco,SUB,0,746834
Leverkusen,2025-12-06,Augsburg,away,3-4-2-1,False,9,Claudio Echeverri,SUB,0,746834
Leverkusen,2025-12-06,Augsburg,away,3-4-2-1,False,44,Jeanuël Belocian,SUB,0,746834
Leverkusen,2025-12-06,Augsburg,away,3-4-2-1,False,4,Jarell Quansah,SUB,0,746834
Augsburg,2025-12-20,Werder Bremen,home,3-4-2-1,True,1,Finn Dahmen,G,1,746851
Augsburg,2025-12-20,Werder Bremen,home,3-4-2-1,True,31,Keven Schlotterbeck,CD,5,746851
Augsburg,2025-12-20,Werder Bremen,home,3-4-2-1,True,16,Cédric Zesiger,CD-L,4,746851
Augsburg,2025-12-20,Werder Bremen,home,3-4-2-1,True,40,Noahkai Banks,CD-R,6,746851
Augsburg,2025-12-20,Werder Bremen,home,3-4-2-1,True,4,Han-Noah Massengo,CM-L,8,746851
Augsburg,2025-12-20,Werder Bremen,home,3-4-2-1,True,17,Kristijan Jakic,CM-R,7,746851
Augsburg,2025-12-20,Werder Bremen,home,3-4-2-1,True,13,Dimitris Giannoulis,LM,3,746851
Augsburg,2025-12-20,Werder Bremen,home,3-4-2-1,True,19,Robin Fellhauer,RM,2,746851
Augsburg,2025-12-20,Werder Bremen,home,3-4-2-1,True,27,Marius Wolf,F,9,746851
Augsburg,2025-12-20,Werder Bremen,home,3-4-2-1,True,20,Alexis Claude-Maurice,CF-L,11,746851
Augsburg,2025-12-20,Werder Bremen,home,3-4-2-1,True,32,Fabian Rieder,CF-R,10,746851
Augsburg,2025-12-20,Werder Bremen,home,3-4-2-1,False,21,Phillip Tietz,SUB,0,746851
Augsburg,2025-12-20,Werder Bremen,home,3-4-2-1,False,10,Arne Maier,SUB,0,746851
Augsburg,2025-12-20,Werder Bremen,home,3-4-2-1,False,43,Oliver Sorg,SUB,0,746851
Augsburg,2025-12-20,Werder Bremen,home,3-4-2-1,False,28,Aiman Dardari,SUB,0,746851
Augsburg,2025-12-20,Werder Bremen,home,3-4-2-1,False,3,Mads Pedersen,SUB,0,746851
Augsburg,2025-12-20,Werder Bremen,home,3-4-2-1,False,36,Mert Kömür,SUB,0,746851
Augsburg,2025-12-20,Werder Bremen,home,3-4-2-1,False,8,Elvis Rexhbecaj,SUB,0,746851
Augsburg,2025-12-20,Werder Bremen,home,3-4-2-1,False,37,Tim Schnitzer,SUB,0,746851
Augsburg,2025-12-20,Werder Bremen,home,3-4-2-1,False,22,Nediljko Labrovic,SUB,0,746851
Werder Bremen,2025-12-20,Augsburg,away,3-5-2,True,30,Mio Backhaus,G,1,746851
Werder Bremen,2025-12-20,Augsburg,away,3-5-2,True,32,Marco Friedl,CD,5,746851
Werder Bremen,2025-12-20,Augsburg,away,3-5-2,True,5,Amos Pieper,CD-L,4,746851
Werder Bremen,2025-12-20,Augsburg,away,3-5-2,True,4,Niklas Stark,CD-R,6,746851
Werder Bremen,2025-12-20,Augsburg,away,3-5-2,True,18,Cameron Puertas,CM-L,8,746851
Werder Bremen,2025-12-20,Augsburg,away,3-5-2,True,6,Jens Stage,CM-R,7,746851
Werder Bremen,2025-12-20,Augsburg,away,3-5-2,True,14,Senne Lynen,AM,11,746851
Werder Bremen,2025-12-20,Augsburg,away,3-5-2,True,23,Isaac Schmidt,LM,3,746851
Werder Bremen,2025-12-20,Augsburg,away,3-5-2,True,3,Yukinari Sugawara,RM,2,746851
Werder Bremen,2025-12-20,Augsburg,away,3-5-2,True,20,Romano Schmid,CF-L,9,746851
Werder Bremen,2025-12-20,Augsburg,away,3-5-2,True,11,Justin Njinmah,CF-R,10,746851
Werder Bremen,2025-12-20,Augsburg,away,3-5-2,False,13,Karl Hein,SUB,0,746851
Werder Bremen,2025-12-20,Augsburg,away,3-5-2,False,39,Maximilian Wöber,SUB,0,746851
Werder Bremen,2025-12-20,Augsburg,away,3-5-2,False,28,Skelly Alvero,SUB,0,746851
Werder Bremen,2025-12-20,Augsburg,away,3-5-2,False,21,Isak Hansen-Aarøen,SUB,0,746851
Werder Bremen,2025-12-20,Augsburg,away,3-5-2,False,24,Patrice Covic,SUB,0,746851
Werder Bremen,2025-12-20,Augsburg,away,3-5-2,False,33,Mick Schmetgens,SUB,0,746851
Werder Bremen,2025-12-20,Augsburg,away,3-5-2,False,17,Marco Grüll,SUB,0,746851
Werder Bremen,2025-12-20,Augsburg,away,3-5-2,False,9,Keke Topp,SUB,0,746851
Werder Bremen,2025-12-20,Augsburg,away,3-5-2,False,22,Julian Malatini,SUB,0,746851
Dortmund,2025-12-07,Hoffenheim,home,3-4-2-1,True,1,Gregor Kobel,G,1,746831
Dortmund,2025-12-07,Hoffenheim,home,3-4-2-1,True,3,Waldemar Anton,CD,5,746831
Dortmund,2025-12-07,Hoffenheim,home,3-4-2-1,True,4,Nico Schlotterbeck,CD-L,4,746831
Dortmund,2025-12-07,Hoffenheim,home,3-4-2-1,True,28,Aaron Anselmino,CD-R,6,746831
Dortmund,2025-12-07,Hoffenheim,home,3-4-2-1,True,8,Felix Nmecha,CM-L,8,746831
Dortmund,2025-12-07,Hoffenheim,home,3-4-2-1,True,20,Marcel Sabitzer,CM-R,7,746831
Dortmund,2025-12-07,Hoffenheim,home,3-4-2-1,True,24,Daniel Svensson,LM,3,746831
Dortmund,2025-12-07,Hoffenheim,home,3-4-2-1,True,2,Yan Couto,RM,2,746831
Dortmund,2025-12-07,Hoffenheim,home,3-4-2-1,True,9,Serhou Guirassy,F,9,746831
Dortmund,2025-12-07,Hoffenheim,home,3-4-2-1,True,10,Julian Brandt,CF-L,11,746831
Dortmund,2025-12-07,Hoffenheim,home,3-4-2-1,True,27,Karim Adeyemi,CF-R,10,746831
Dortmund,2025-12-07,Hoffenheim,home,3-4-2-1,False,17,Carney Chukwuemeka,SUB,0,746831
Dortmund,2025-12-07,Hoffenheim,home,3-4-2-1,False,33,Alexander Meyer,SUB,0,746831
Dortmund,2025-12-07,Hoffenheim,home,3-4-2-1,False,13,Pascal Gross,SUB,0,746831
Dortmund,2025-12-07,Hoffenheim,home,3-4-2-1,False,21,Fábio Silva,SUB,0,746831
Dortmund,2025-12-07,Hoffenheim,home,3-4-2-1,False,14,Maximilian Beier,SUB,0,746831
Dortmund,2025-12-07,Hoffenheim,home,3-4-2-1,False,23,Emre Can,SUB,0,746831
Dortmund,2025-12-07,Hoffenheim,home,3-4-2-1,False,7,Jobe Bellingham,SUB,0,746831
Dortmund,2025-12-07,Hoffenheim,home,3-4-2-1,False,26,Julian Ryerson,SUB,0,746831
Dortmund,2025-12-07,Hoffenheim,home,3-4-2-1,False,5,Ramy Bensebaini,SUB,0,746831
Hoffenheim,2025-12-07,Dortmund,away,4-1-2-1-2,True,1,Oliver Baumann,G,1,746831
Hoffenheim,2025-12-07,Dortmund,away,4-1-2-1-2,True,21,Albian Hajdari,CD-L,6,746831
Hoffenheim,2025-12-07,Dortmund,away,4-1-2-1-2,True,2,Robin Hranác,CD-R,5,746831
Hoffenheim,2025-12-07,Dortmund,away,4-1-2-1-2,True,7,Leon Avdullahu,DM,4,746831
Hoffenheim,2025-12-07,Dortmund,away,4-1-2-1-2,True,13,Bernardo,LB,3,746831
Hoffenheim,2025-12-07,Dortmund,away,4-1-2-1-2,True,34,Vladimír Coufal,RB,2,746831
Hoffenheim,2025-12-07,Dortmund,away,4-1-2-1-2,True,11,Fisnik Asllani,AM,8,746831
Hoffenheim,2025-12-07,Dortmund,away,4-1-2-1-2,True,18,Wouter Burger,LM,11,746831
Hoffenheim,2025-12-07,Dortmund,away,4-1-2-1-2,True,6,Grischa Prömel,RM,7,746831
Hoffenheim,2025-12-07,Dortmund,away,4-1-2-1-2,True,29,Bazoumana Touré,CF-L,9,746831
Hoffenheim,2025-12-07,Dortmund,away,4-1-2-1-2,True,19,Tim Lemperle,CF-R,10,746831
Hoffenheim,2025-12-07,Dortmund,away,4-1-2-1-2,False,22,Alexander Prass,SUB,0,746831
Hoffenheim,2025-12-07,Dortmund,away,4-1-2-1-2,False,5,Ozan Kabak,SUB,0,746831
Hoffenheim,2025-12-07,Dortmund,away,4-1-2-1-2,False,23,Adam Hlozek,SUB,0,746831
Hoffenheim,2025-12-07,Dortmund,away,4-1-2-1-2,False,9,Ihlas Bebou,SUB,0,746831
Hoffenheim,2025-12-07,Dortmund,away,4-1-2-1-2,False,27,Andrej Kramaric,SUB,0,746831
Hoffenheim,2025-12-07,Dortmund,away,4-1-2-1-2,False,37,Luca Philipp,SUB,0,746831
Hoffenheim,2025-12-07,Dortmund,away,4-1-2-1-2,False,15,Valentin Gendrey,SUB,0,746831
Hoffenheim,2025-12-07,Dortmund,away,4-1-2-1-2,False,33,Max Moerstedt,SUB,0,746831
Hoffenheim,2025-12-07,Dortmund,away,4-1-2-1-2,False,17,Umut Tohumcu,SUB,0,746831
Hamburger SV,2025-12-20,Frankfurt,home,4-3-3,True,1,Daniel Heuer Fernandes,G,1,746852
Hamburger SV,2025-12-20,Frankfurt,home,4-3-3,True,8,Daniel Elfadli,CD-L,6,746852
Hamburger SV,2025-12-20,Frankfurt,home,4-3-3,True,44,Luka Vuskovic,CD-R,5,746852
Hamburger SV,2025-12-20,Frankfurt,home,4-3-3,True,28,Miro Muheim,LB,3,746852
Hamburger SV,2025-12-20,Frankfurt,home,4-3-3,True,2,William Mikelbrencis,RB,2,746852
Hamburger SV,2025-12-20,Frankfurt,home,4-3-3,True,6,Albert Sambi Lokonga,CM,4,746852
Hamburger SV,2025-12-20,Frankfurt,home,4-3-3,True,21,Nicolai Remberg,LM,8,746852
Hamburger SV,2025-12-20,Frankfurt,home,4-3-3,True,24,Nicolás Capaldo,RM,7,746852
Hamburger SV,2025-12-20,Frankfurt,home,4-3-3,True,11,Ransford-Yeboah Königsdörffer,F,9,746852
Hamburger SV,2025-12-20,Frankfurt,home,4-3-3,True,45,Fabio Baldé,LF,11,746852
Hamburger SV,2025-12-20,Frankfurt,home,4-3-3,True,14,Rayan Philippe,RF,10,746852
Hamburger SV,2025-12-20,Frankfurt,home,4-3-3,False,23,Jonas Meffert,SUB,0,746852
Hamburger SV,2025-12-20,Frankfurt,home,4-3-3,False,22,Aboubaka Soumahoro,SUB,0,746852
Hamburger SV,2025-12-20,Frankfurt,home,4-3-3,False,26,Daniel Peretz,SUB,0,746852
Hamburger SV,2025-12-20,Frankfurt,home,4-3-3,False,20,Fabio Vieira,SUB,0,746852
Hamburger SV,2025-12-20,Frankfurt,home,4-3-3,False,16,Giorgi Gocholeishvili,SUB,0,746852
Hamburger SV,2025-12-20,Frankfurt,home,4-3-3,False,10,Immanuel Pherai,SUB,0,746852
Hamburger SV,2025-12-20,Frankfurt,home,4-3-3,False,18,Bakery Jatta,SUB,0,746852
Hamburger SV,2025-12-20,Frankfurt,home,4-3-3,False,29,Emir Sahiti,SUB,0,746852
Hamburger SV,2025-12-20,Frankfurt,home,4-3-3,False,13,Guilherme Ramos,SUB,0,746852
Frankfurt,2025-12-20,Hamburger SV,away,3-4-2-1,True,23,Michael Zetterer,G,1,746852
Frankfurt,2025-12-20,Hamburger SV,away,3-4-2-1,True,4,Robin Koch,CD,5,746852
Frankfurt,2025-12-20,Hamburger SV,away,3-4-2-1,True,5,Aurèle Amenda,CD-L,4,746852
Frankfurt,2025-12-20,Hamburger SV,away,3-4-2-1,True,34,Nnamdi Collins,CD-R,6,746852
Frankfurt,2025-12-20,Hamburger SV,away,3-4-2-1,True,18,Mahmoud Dahoud,CM-L,8,746852
Frankfurt,2025-12-20,Hamburger SV,away,3-4-2-1,True,16,Hugo Larsson,CM-R,7,746852
Frankfurt,2025-12-20,Hamburger SV,away,3-4-2-1,True,21,Nathaniel Brown,LM,3,746852
Frankfurt,2025-12-20,Hamburger SV,away,3-4-2-1,True,13,Rasmus Kristensen,RM,2,746852
Frankfurt,2025-12-20,Hamburger SV,away,3-4-2-1,True,7,Ansgar Knauff,F,9,746852
Frankfurt,2025-12-20,Hamburger SV,away,3-4-2-1,True,19,Jean-Mattéo Bahoya,CF-L,11,746852
Frankfurt,2025-12-20,Hamburger SV,away,3-4-2-1,True,20,Ritsu Doan,CF-R,10,746852
Frankfurt,2025-12-20,Hamburger SV,away,3-4-2-1,False,32,Jessic Ngankam,SUB,0,746852
Frankfurt,2025-12-20,Hamburger SV,away,3-4-2-1,False,45,Marvin Dills,SUB,0,746852
Frankfurt,2025-12-20,Hamburger SV,away,3-4-2-1,False,6,Oscar Højlund,SUB,0,746852
Frankfurt,2025-12-20,Hamburger SV,away,3-4-2-1,False,42,Can Uzun,SUB,0,746852
Frankfurt,2025-12-20,Hamburger SV,away,3-4-2-1,False,2,Elias Baum,SUB,0,746852
Frankfurt,2025-12-20,Hamburger SV,away,3-4-2-1,False,41,Fousseny Doumbia,SUB,0,746852
Frankfurt,2025-12-20,Hamburger SV,away,3-4-2-1,False,53,Alexander Staff,SUB,0,746852
Frankfurt,2025-12-20,Hamburger SV,away,3-4-2-1,False,40,Kauã Santos,SUB,0,746852
Frankfurt,2025-12-20,Hamburger SV,away,3-4-2-1,False,24,Buta,SUB,0,746852
Gladbach,2025-12-13,Wolfsburg,home,3-4-2-1,True,33,Moritz Nicolas,G,1,746836
Gladbach,2025-12-13,Wolfsburg,home,3-4-2-1,True,30,Nico Elvedi,CD,5,746836
Gladbach,2025-12-13,Wolfsburg,home,3-4-2-1,True,4,Kevin Diks,CD-L,4,746836
Gladbach,2025-12-13,Wolfsburg,home,3-4-2-1,True,16,Philipp Sander,CD-R,6,746836
Gladbach,2025-12-13,Wolfsburg,home,3-4-2-1,True,6,Yannick Engelhardt,CM-L,8,746836
Gladbach,2025-12-13,Wolfsburg,home,3-4-2-1,True,27,Rocco Reitz,CM-R,7,746836
Gladbach,2025-12-13,Wolfsburg,home,3-4-2-1,True,20,Luca Netz,LM,3,746836
Gladbach,2025-12-13,Wolfsburg,home,3-4-2-1,True,17,Jens Castrop,RM,2,746836
Gladbach,2025-12-13,Wolfsburg,home,3-4-2-1,True,15,Haris Tabakovic,F,9,746836
Gladbach,2025-12-13,Wolfsburg,home,3-4-2-1,True,13,Giovanni Reyna,CF-L,11,746836
Gladbach,2025-12-13,Wolfsburg,home,3-4-2-1,True,18,Shuto Machino,CF-R,10,746836
Gladbach,2025-12-13,Wolfsburg,home,3-4-2-1,False,24,Fritz Fleck,SUB,0,746836
Gladbach,2025-12-13,Wolfsburg,home,3-4-2-1,False,36,Wael Mohya,SUB,0,746836
Gladbach,2025-12-13,Wolfsburg,home,3-4-2-1,False,26,Lukas Ullrich,SUB,0,746836
Gladbach,2025-12-13,Wolfsburg,home,3-4-2-1,False,28,Grant-Leon Ranos,SUB,0,746836
Gladbach,2025-12-13,Wolfsburg,home,3-4-2-1,False,1,Jonas Omlin,SUB,0,746836
Gladbach,2025-12-13,Wolfsburg,home,3-4-2-1,False,34,Charles Herrmann,SUB,0,746836
Gladbach,2025-12-13,Wolfsburg,home,3-4-2-1,False,7,Kevin Stöger,SUB,0,746836
Gladbach,2025-12-13,Wolfsburg,home,3-4-2-1,False,39,Niklas Swider,SUB,0,746836
Gladbach,2025-12-13,Wolfsburg,home,3-4-2-1,False,22,Oscar Fraulo,SUB,0,746836
Wolfsburg,2025-12-13,Gladbach,away,4-2-3-1,True,1,Kamil Grabara,G,1,746836
Wolfsburg,2025-12-13,Gladbach,away,4-2-3-1,True,4,Konstantinos Koulierakis,CD-L,6,746836
Wolfsburg,2025-12-13,Gladbach,away,4-2-3-1,True,14,Jenson Seelt,CD-R,5,746836
Wolfsburg,2025-12-13,Gladbach,away,4-2-3-1,True,25,Aaron Zehnter,LB,3,746836
Wolfsburg,2025-12-13,Gladbach,away,4-2-3-1,True,26,Saël Kumbedi,RB,2,746836
Wolfsburg,2025-12-13,Gladbach,away,4-2-3-1,True,10,Lovro Majer,AM,10,746836
Wolfsburg,2025-12-13,Gladbach,away,4-2-3-1,True,27,Maximilian Arnold,LM,4,746836
Wolfsburg,2025-12-13,Gladbach,away,4-2-3-1,True,31,Yannick Gerhardt,RM,8,746836
Wolfsburg,2025-12-13,Gladbach,away,4-2-3-1,True,9,Mohamed Amoura,F,9,746836
Wolfsburg,2025-12-13,Gladbach,away,4-2-3-1,True,39,Patrick Wimmer,AM-L,11,746836
Wolfsburg,2025-12-13,Gladbach,away,4-2-3-1,True,24,Christian Eriksen,AM-R,7,746836
Wolfsburg,2025-12-13,Gladbach,away,4-2-3-1,False,43,Trevor Benedict,SUB,0,746836
Wolfsburg,2025-12-13,Gladbach,away,4-2-3-1,False,17,Dzenan Pejcinovic,SUB,0,746836
Wolfsburg,2025-12-13,Gladbach,away,4-2-3-1,False,2,Kilian Fischer,SUB,0,746836
Wolfsburg,2025-12-13,Gladbach,away,4-2-3-1,False,32,Mattias Svanberg,SUB,0,746836
Wolfsburg,2025-12-13,Gladbach,away,4-2-3-1,False,5,Vinicius Souza,SUB,0,746836
Wolfsburg,2025-12-13,Gladbach,away,4-2-3-1,False,29,Marius Müller,SUB,0,746836
Wolfsburg,2025-12-13,Gladbach,away,4-2-3-1,False,41,Jan Bürger,SUB,0,746836
Wolfsburg,2025-12-13,Gladbach,away,4-2-3-1,False,37,Pharell Hensel,SUB,0,746836
Wolfsburg,2025-12-13,Gladbach,away,4-2-3-1,False,3,Denis Vavro,SUB,0,746836
Union Berlin,2025-12-12,RB Leipzig,home,3-4-2-1,True,1,Frederik Ronnow,G,1,746838
Union Berlin,2025-12-12,RB Leipzig,home,3-4-2-1,True,14,Leopold Querfeld,CD,5,746838
Union Berlin,2025-12-12,RB Leipzig,home,3-4-2-1,True,4,Diogo Leite,CD-L,4,746838
Union Berlin,2025-12-12,RB Leipzig,home,3-4-2-1,True,5,Danilho Doekhi,CD-R,6,746838
Union Berlin,2025-12-12,RB Leipzig,home,3-4-2-1,True,6,Aljoscha Kemlein,CM-L,8,746838
Union Berlin,2025-12-12,RB Leipzig,home,3-4-2-1,True,8,Rani Khedira,CM-R,7,746838
Union Berlin,2025-12-12,RB Leipzig,home,3-4-2-1,True,39,Derrick Köhn,LM,3,746838
Union Berlin,2025-12-12,RB Leipzig,home,3-4-2-1,True,19,Janik Haberer,RM,2,746838
Union Berlin,2025-12-12,RB Leipzig,home,3-4-2-1,True,7,Oliver Burke,F,9,746838
Union Berlin,2025-12-12,RB Leipzig,home,3-4-2-1,True,10,Ilyas Ansah,CF-L,11,746838
Union Berlin,2025-12-12,RB Leipzig,home,3-4-2-1,True,11,Jeong Woo-Yeong,CF-R,10,746838
Union Berlin,2025-12-12,RB Leipzig,home,3-4-2-1,False,28,Christopher Trimmel,SUB,0,746838
Union Berlin,2025-12-12,RB Leipzig,home,3-4-2-1,False,13,András Schäfer,SUB,0,746838
Union Berlin,2025-12-12,RB Leipzig,home,3-4-2-1,False,18,Josip Juranovic,SUB,0,746838
Union Berlin,2025-12-12,RB Leipzig,home,3-4-2-1,False,9,Livan Burcu,SUB,0,746838
Union Berlin,2025-12-12,RB Leipzig,home,3-4-2-1,False,31,Matheo Raab,SUB,0,746838
Union Berlin,2025-12-12,RB Leipzig,home,3-4-2-1,False,21,Tim Skarke,SUB,0,746838
Union Berlin,2025-12-12,RB Leipzig,home,3-4-2-1,False,23,Andrej Ilic,SUB,0,746838
Union Berlin,2025-12-12,RB Leipzig,home,3-4-2-1,False,34,Stanley N'Soki,SUB,0,746838
Union Berlin,2025-12-12,RB Leipzig,home,3-4-2-1,False,15,Tom Rothe,SUB,0,746838
RB Leipzig,2025-12-12,Union Berlin,away,4-3-3,True,1,Péter Gulácsi,G,1,746838
RB Leipzig,2025-12-12,Union Berlin,away,4-3-3,True,23,Castello Lukeba,CD-L,6,746838
RB Leipzig,2025-12-12,Union Berlin,away,4-3-3,True,4,Willi Orbán,CD-R,5,746838
RB Leipzig,2025-12-12,Union Berlin,away,4-3-3,True,22,David Raum,LB,3,746838
RB Leipzig,2025-12-12,Union Berlin,away,4-3-3,True,19,Kosta Nedeljkovic,RB,2,746838
RB Leipzig,2025-12-12,Union Berlin,away,4-3-3,True,13,Nicolas Seiwald,CM,4,746838
RB Leipzig,2025-12-12,Union Berlin,away,4-3-3,True,24,Xaver Schlager,LM,8,746838
RB Leipzig,2025-12-12,Union Berlin,away,4-3-3,True,14,Christoph Baumgartner,RM,7,746838
RB Leipzig,2025-12-12,Union Berlin,away,4-3-3,True,11,Conrad Harder,F,9,746838
RB Leipzig,2025-12-12,Union Berlin,away,4-3-3,True,49,Yan Diomande,LF,11,746838
RB Leipzig,2025-12-12,Union Berlin,away,4-3-3,True,9,Johan Bakayoko,RF,10,746838
RB Leipzig,2025-12-12,Union Berlin,away,4-3-3,False,35,Max Finkgrafe,SUB,0,746838
RB Leipzig,2025-12-12,Union Berlin,away,4-3-3,False,36,Timo Werner,SUB,0,746838
RB Leipzig,2025-12-12,Union Berlin,away,4-3-3,False,33,Andrija Maksimovic,SUB,0,746838
RB Leipzig,2025-12-12,Union Berlin,away,4-3-3,False,8,Amadou Haidara,SUB,0,746838
RB Leipzig,2025-12-12,Union Berlin,away,4-3-3,False,42,Joyeux Masanka Bungi,SUB,0,746838
RB Leipzig,2025-12-12,Union Berlin,away,4-3-3,False,26,Maarten Vandevoordt,SUB,0,746838
RB Leipzig,2025-12-12,Union Berlin,away,4-3-3,False,45,Samba Konate,SUB,0,746838
RB Leipzig,2025-12-12,Union Berlin,away,4-3-3,False,27,Tidiam Gomis,SUB,0,746838
RB Leipzig,2025-12-12,Union Berlin,away,4-3-3,False,16,Lukas Klostermann,SUB,0,746838
Stuttgart,2025-12-20,Hoffenheim,home,4-2-3-1,True,33,Alexander Nübel,G,1,746844
Stuttgart,2025-12-20,Hoffenheim,home,4-2-3-1,True,24,Jeff Chabot,CD-L,6,746844
Stuttgart,2025-12-20,Hoffenheim,home,4-2-3-1,True,29,Finn Jeltsch,CD-R,5,746844
Stuttgart,2025-12-20,Hoffenheim,home,4-2-3-1,True,7,Maximilian Mittelstädt,LB,3,746844
Stuttgart,2025-12-20,Hoffenheim,home,4-2-3-1,True,4,Josha Vagnoman,RB,2,746844
Stuttgart,2025-12-20,Hoffenheim,home,4-2-3-1,True,28,Nikolas Nartey,AM,10,746844
Stuttgart,2025-12-20,Hoffenheim,home,4-2-3-1,True,6,Angelo Stiller,LM,4,746844
Stuttgart,2025-12-20,Hoffenheim,home,4-2-3-1,True,16,Atakan Karazor,RM,8,746844
Stuttgart,2025-12-20,Hoffenheim,home,4-2-3-1,True,26,Deniz Undav,F,9,746844
Stuttgart,2025-12-20,Hoffenheim,home,4-2-3-1,True,18,Jamie Leweling,AM-L,11,746844
Stuttgart,2025-12-20,Hoffenheim,home,4-2-3-1,True,8,Tiago Tomás,AM-R,7,746844
Stuttgart,2025-12-20,Hoffenheim,home,4-2-3-1,False,27,Badredine Bouanani,SUB,0,746844
Stuttgart,2025-12-20,Hoffenheim,home,4-2-3-1,False,20,Leonidas Stergiou,SUB,0,746844
Stuttgart,2025-12-20,Hoffenheim,home,4-2-3-1,False,2,Ameen Al Dakhil,SUB,0,746844
Stuttgart,2025-12-20,Hoffenheim,home,4-2-3-1,False,1,Fabian Bredlow,SUB,0,746844
Stuttgart,2025-12-20,Hoffenheim,home,4-2-3-1,False,15,Pascal Stenzel,SUB,0,746844
Stuttgart,2025-12-20,Hoffenheim,home,4-2-3-1,False,3,Ramon Hendriks,SUB,0,746844
Stuttgart,2025-12-20,Hoffenheim,home,4-2-3-1,False,10,Chris Führich,SUB,0,746844
Stuttgart,2025-12-20,Hoffenheim,home,4-2-3-1,False,30,Chema Andrés,SUB,0,746844
Stuttgart,2025-12-20,Hoffenheim,home,4-2-3-1,False,45,Lazar Jovanovic,SUB,0,746844
Hoffenheim,2025-12-20,Stuttgart,away,4-2-2-2,True,1,Oliver Baumann,G,1,746844
Hoffenheim,2025-12-20,Stuttgart,away,4-2-2-2,True,21,Albian Hajdari,CD-L,6,746844
Hoffenheim,2025-12-20,Stuttgart,away,4-2-2-2,True,2,Robin Hranác,CD-R,5,746844
Hoffenheim,2025-12-20,Stuttgart,away,4-2-2-2,True,13,Bernardo,LB,3,746844
Hoffenheim,2025-12-20,Stuttgart,away,4-2-2-2,True,34,Vladimír Coufal,RB,2,746844
Hoffenheim,2025-12-20,Stuttgart,away,4-2-2-2,True,18,Wouter Burger,CM-L,8,746844
Hoffenheim,2025-12-20,Stuttgart,away,4-2-2-2,True,7,Leon Avdullahu,CM-R,4,746844
Hoffenheim,2025-12-20,Stuttgart,away,4-2-2-2,True,19,Tim Lemperle,CF-L,9,746844
Hoffenheim,2025-12-20,Stuttgart,away,4-2-2-2,True,11,Fisnik Asllani,CF-R,10,746844
Hoffenheim,2025-12-20,Stuttgart,away,4-2-2-2,True,22,Alexander Prass,AM-L,11,746844
Hoffenheim,2025-12-20,Stuttgart,away,4-2-2-2,True,6,Grischa Prömel,AM-R,7,746844
Hoffenheim,2025-12-20,Stuttgart,away,4-2-2-2,False,5,Ozan Kabak,SUB,0,746844
Hoffenheim,2025-12-20,Stuttgart,away,4-2-2-2,False,37,Luca Philipp,SUB,0,746844
Hoffenheim,2025-12-20,Stuttgart,away,4-2-2-2,False,15,Valentin Gendrey,SUB,0,746844
Hoffenheim,2025-12-20,Stuttgart,away,4-2-2-2,False,33,Max Moerstedt,SUB,0,746844
Hoffenheim,2025-12-20,Stuttgart,away,4-2-2-2,False,17,Umut Tohumcu,SUB,0,746844
Hoffenheim,2025-12-20,Stuttgart,away,4-2-2-2,False,23,Adam Hlozek,SUB,0,746844
Hoffenheim,2025-12-20,Stuttgart,away,4-2-2-2,False,27,Andrej Kramaric,SUB,0,746844
Hoffenheim,2025-12-20,Stuttgart,away,4-2-2-2,False,10,Muhammed Damar,SUB,0,746844
Hoffenheim,2025-12-20,Stuttgart,away,4-2-2-2,False,9,Ihlas Bebou,SUB,0,746844
Frankfurt,2025-12-13,Augsburg,home,4-2-3-1,True,23,Michael Zetterer,G,1,746841
Frankfurt,2025-12-13,Augsburg,home,4-2-3-1,True,4,Robin Koch,CD-L,6,746841
Frankfurt,2025-12-13,Augsburg,home,4-2-3-1,True,34,Nnamdi Collins,CD-R,5,746841
Frankfurt,2025-12-13,Augsburg,home,4-2-3-1,True,3,Arthur Theate,LB,3,746841
Frankfurt,2025-12-13,Augsburg,home,4-2-3-1,True,13,Rasmus Kristensen,RB,2,746841
Frankfurt,2025-12-13,Augsburg,home,4-2-3-1,True,27,Mario Götze,AM,10,746841
Frankfurt,2025-12-13,Augsburg,home,4-2-3-1,True,15,Ellyes Skhiri,LM,4,746841
Frankfurt,2025-12-13,Augsburg,home,4-2-3-1,True,18,Mahmoud Dahoud,RM,8,746841
Frankfurt,2025-12-13,Augsburg,home,4-2-3-1,True,7,Ansgar Knauff,F,9,746841
Frankfurt,2025-12-13,Augsburg,home,4-2-3-1,True,8,Farès Chaïbi,AM-L,11,746841
Frankfurt,2025-12-13,Augsburg,home,4-2-3-1,True,20,Ritsu Doan,AM-R,7,746841
Frankfurt,2025-12-13,Augsburg,home,4-2-3-1,False,2,Elias Baum,SUB,0,746841
Frankfurt,2025-12-13,Augsburg,home,4-2-3-1,False,42,Can Uzun,SUB,0,746841
Frankfurt,2025-12-13,Augsburg,home,4-2-3-1,False,6,Oscar Højlund,SUB,0,746841
Frankfurt,2025-12-13,Augsburg,home,4-2-3-1,False,19,Jean-Mattéo Bahoya,SUB,0,746841
Frankfurt,2025-12-13,Augsburg,home,4-2-3-1,False,32,Jessic Ngankam,SUB,0,746841
Frankfurt,2025-12-13,Augsburg,home,4-2-3-1,False,5,Aurèle Amenda,SUB,0,746841
Frankfurt,2025-12-13,Augsburg,home,4-2-3-1,False,21,Nathaniel Brown,SUB,0,746841
Frankfurt,2025-12-13,Augsburg,home,4-2-3-1,False,40,Kauã Santos,SUB,0,746841
Frankfurt,2025-12-13,Augsburg,home,4-2-3-1,False,17,Elye Wahi,SUB,0,746841
Augsburg,2025-12-13,Frankfurt,away,3-4-2-1,True,1,Finn Dahmen,G,1,746841
Augsburg,2025-12-13,Frankfurt,away,3-4-2-1,True,5,Chrislain Matsima,CD,5,746841
Augsburg,2025-12-13,Frankfurt,away,3-4-2-1,True,31,Keven Schlotterbeck,CD-L,4,746841
Augsburg,2025-12-13,Frankfurt,away,3-4-2-1,True,40,Noahkai Banks,CD-R,6,746841
Augsburg,2025-12-13,Frankfurt,away,3-4-2-1,True,4,Han-Noah Massengo,CM-L,8,746841
Augsburg,2025-12-13,Frankfurt,away,3-4-2-1,True,17,Kristijan Jakic,CM-R,7,746841
Augsburg,2025-12-13,Frankfurt,away,3-4-2-1,True,13,Dimitris Giannoulis,LM,3,746841
Augsburg,2025-12-13,Frankfurt,away,3-4-2-1,True,19,Robin Fellhauer,RM,2,746841
Augsburg,2025-12-13,Frankfurt,away,3-4-2-1,True,30,Anton Kade,F,9,746841
Augsburg,2025-12-13,Frankfurt,away,3-4-2-1,True,20,Alexis Claude-Maurice,CF-L,11,746841
Augsburg,2025-12-13,Frankfurt,away,3-4-2-1,True,32,Fabian Rieder,CF-R,10,746841
Augsburg,2025-12-13,Frankfurt,away,3-4-2-1,False,3,Mads Pedersen,SUB,0,746841
Augsburg,2025-12-13,Frankfurt,away,3-4-2-1,False,22,Nediljko Labrovic,SUB,0,746841
Augsburg,2025-12-13,Frankfurt,away,3-4-2-1,False,9,Samuel Essende,SUB,0,746841
Augsburg,2025-12-13,Frankfurt,away,3-4-2-1,False,26,Elias Saad,SUB,0,746841
Augsburg,2025-12-13,Frankfurt,away,3-4-2-1,False,36,Mert Kömür,SUB,0,746841
Augsburg,2025-12-13,Frankfurt,away,3-4-2-1,False,8,Elvis Rexhbecaj,SUB,0,746841
Augsburg,2025-12-13,Frankfurt,away,3-4-2-1,False,16,Cédric Zesiger,SUB,0,746841
Augsburg,2025-12-13,Frankfurt,away,3-4-2-1,False,11,Ismaël Gharbi,SUB,0,746841
Augsburg,2025-12-13,Frankfurt,away,3-4-2-1,False,27,Marius Wolf,SUB,0,746841
St Pauli,2025-12-13,Heidenheim,home,3-4-2-1,True,22,Nikola Vasilj,G,1,746835
St Pauli,2025-12-13,Heidenheim,home,3-4-2-1,True,8,Eric Smith,CD,5,746835
St Pauli,2025-12-13,Heidenheim,home,3-4-2-1,True,3,Karol Mets,CD-L,4,746835
St Pauli,2025-12-13,Heidenheim,home,3-4-2-1,True,5,Hauke Wahl,CD-R,6,746835
St Pauli,2025-12-13,Heidenheim,home,3-4-2-1,True,7,Jackson Irvine,CM-L,8,746835
St Pauli,2025-12-13,Heidenheim,home,3-4-2-1,True,6,James Sands,CM-R,7,746835
St Pauli,2025-12-13,Heidenheim,home,3-4-2-1,True,23,Louis Oppie,LM,3,746835
St Pauli,2025-12-13,Heidenheim,home,3-4-2-1,True,11,Arkadiusz Pyrka,RM,2,746835
St Pauli,2025-12-13,Heidenheim,home,3-4-2-1,True,19,Martijn Kaars,F,9,746835
St Pauli,2025-12-13,Heidenheim,home,3-4-2-1,True,28,Mathias Pereira Lage,CF-L,11,746835
St Pauli,2025-12-13,Heidenheim,home,3-4-2-1,True,16,Joel Chima Fujita,CF-R,10,746835
St Pauli,2025-12-13,Heidenheim,home,3-4-2-1,False,26,Ricky-Jade Jones,SUB,0,746835
St Pauli,2025-12-13,Heidenheim,home,3-4-2-1,False,2,Manolis Saliakas,SUB,0,746835
St Pauli,2025-12-13,Heidenheim,home,3-4-2-1,False,24,Connor Metcalfe,SUB,0,746835
St Pauli,2025-12-13,Heidenheim,home,3-4-2-1,False,10,Danel Sinani,SUB,0,746835
St Pauli,2025-12-13,Heidenheim,home,3-4-2-1,False,21,Lars Ritzka,SUB,0,746835
St Pauli,2025-12-13,Heidenheim,home,3-4-2-1,False,1,Ben Voll,SUB,0,746835
St Pauli,2025-12-13,Heidenheim,home,3-4-2-1,False,25,Adam Dzwigala,SUB,0,746835
St Pauli,2025-12-13,Heidenheim,home,3-4-2-1,False,9,Abdoulie Ceesay,SUB,0,746835
St Pauli,2025-12-13,Heidenheim,home,3-4-2-1,False,20,Erik Ahlstrand,SUB,0,746835
Heidenheim,2025-12-13,St Pauli,away,3-4-2-1,True,41,Diant Ramaj,G,1,746835
Heidenheim,2025-12-13,St Pauli,away,3-4-2-1,True,6,Patrick Mainka,CD,5,746835
Heidenheim,2025-12-13,St Pauli,away,3-4-2-1,True,4,Tim Siersleben,CD-L,4,746835
Heidenheim,2025-12-13,St Pauli,away,3-4-2-1,True,27,Thomas Keller,CD-R,6,746835
Heidenheim,2025-12-13,St Pauli,away,3-4-2-1,True,16,Julian Niehues,CM-L,8,746835
Heidenheim,2025-12-13,St Pauli,away,3-4-2-1,True,3,Jan Schöppner,CM-R,7,746835
Heidenheim,2025-12-13,St Pauli,away,3-4-2-1,True,19,Jonas Föhrenbach,LM,3,746835
Heidenheim,2025-12-13,St Pauli,away,3-4-2-1,True,2,Marnon Busch,RM,2,746835
Heidenheim,2025-12-13,St Pauli,away,3-4-2-1,True,18,Marvin Pieringer,F,9,746835
Heidenheim,2025-12-13,St Pauli,away,3-4-2-1,True,22,Arijon Ibrahimovic,CF-L,11,746835
Heidenheim,2025-12-13,St Pauli,away,3-4-2-1,True,21,Adrian Beck,CF-R,10,746835
Heidenheim,2025-12-13,St Pauli,away,3-4-2-1,False,1,Kevin Müller,SUB,0,746835
Heidenheim,2025-12-13,St Pauli,away,3-4-2-1,False,23,Omar-Haktab Traoré,SUB,0,746835
Heidenheim,2025-12-13,St Pauli,away,3-4-2-1,False,5,Benedikt Gimber,SUB,0,746835
Heidenheim,2025-12-13,St Pauli,away,3-4-2-1,False,30,Niklas Dorsch,SUB,0,746835
Heidenheim,2025-12-13,St Pauli,away,3-4-2-1,False,9,Stefan Schimmer,SUB,0,746835
Heidenheim,2025-12-13,St Pauli,away,3-4-2-1,False,28,Adam Kölle,SUB,0,746835
Heidenheim,2025-12-13,St Pauli,away,3-4-2-1,False,20,Luca Kerber,SUB,0,746835
Heidenheim,2025-12-13,St Pauli,away,3-4-2-1,False,29,Mikkel Kaufmann,SUB,0,746835
Heidenheim,2025-12-13,St Pauli,away,3-4-2-1,False,17,Mathias Honsak,SUB,0,746835
Hamburger SV,2025-12-07,Werder Bremen,home,3-4-3,True,1,Daniel Heuer Fernandes,G,1,746826
Hamburger SV,2025-12-07,Werder Bremen,home,3-4-3,True,44,Luka Vuskovic,CD,5,746826
Hamburger SV,2025-12-07,Werder Bremen,home,3-4-3,True,25,Jordan Torunarigha,CD-L,4,746826
Hamburger SV,2025-12-07,Werder Bremen,home,3-4-3,True,24,Nicolás Capaldo,CD-R,6,746826
Hamburger SV,2025-12-07,Werder Bremen,home,3-4-3,True,21,Nicolai Remberg,CM-L,8,746826
Hamburger SV,2025-12-07,Werder Bremen,home,3-4-3,True,6,Albert Sambi Lokonga,CM-R,7,746826
Hamburger SV,2025-12-07,Werder Bremen,home,3-4-3,True,22,Aboubaka Soumahoro,LM,3,746826
Hamburger SV,2025-12-07,Werder Bremen,home,3-4-3,True,18,Bakery Jatta,RM,2,746826
Hamburger SV,2025-12-07,Werder Bremen,home,3-4-3,True,14,Rayan Philippe,F,9,746826
Hamburger SV,2025-12-07,Werder Bremen,home,3-4-3,True,7,Jean-Luc Dompé,CF-L,11,746826
Hamburger SV,2025-12-07,Werder Bremen,home,3-4-3,True,20,Fabio Vieira,CF-R,10,746826
Hamburger SV,2025-12-07,Werder Bremen,home,3-4-3,False,45,Fabio Baldé,SUB,0,746826
Hamburger SV,2025-12-07,Werder Bremen,home,3-4-3,False,2,William Mikelbrencis,SUB,0,746826
Hamburger SV,2025-12-07,Werder Bremen,home,3-4-3,False,26,Daniel Peretz,SUB,0,746826
Hamburger SV,2025-12-07,Werder Bremen,home,3-4-3,False,16,Giorgi Gocholeishvili,SUB,0,746826
Hamburger SV,2025-12-07,Werder Bremen,home,3-4-3,False,23,Jonas Meffert,SUB,0,746826
Hamburger SV,2025-12-07,Werder Bremen,home,3-4-3,False,13,Guilherme Ramos,SUB,0,746826
Hamburger SV,2025-12-07,Werder Bremen,home,3-4-3,False,11,Ransford-Yeboah Königsdörffer,SUB,0,746826
Hamburger SV,2025-12-07,Werder Bremen,home,3-4-3,False,28,Miro Muheim,SUB,0,746826
Hamburger SV,2025-12-07,Werder Bremen,home,3-4-3,False,15,Yussuf Poulsen,SUB,0,746826
Werder Bremen,2025-12-07,Hamburger SV,away,4-2-3-1,True,30,Mio Backhaus,G,1,746826
Werder Bremen,2025-12-07,Hamburger SV,away,4-2-3-1,True,31,Karim Coulibaly,CD-L,6,746826
Werder Bremen,2025-12-07,Hamburger SV,away,4-2-3-1,True,5,Amos Pieper,CD-R,5,746826
Werder Bremen,2025-12-07,Hamburger SV,away,4-2-3-1,True,32,Marco Friedl,LB,3,746826
Werder Bremen,2025-12-07,Hamburger SV,away,4-2-3-1,True,3,Yukinari Sugawara,RB,2,746826
Werder Bremen,2025-12-07,Hamburger SV,away,4-2-3-1,True,20,Romano Schmid,AM,10,746826
Werder Bremen,2025-12-07,Hamburger SV,away,4-2-3-1,True,6,Jens Stage,LM,4,746826
Werder Bremen,2025-12-07,Hamburger SV,away,4-2-3-1,True,14,Senne Lynen,RM,8,746826
Werder Bremen,2025-12-07,Hamburger SV,away,4-2-3-1,True,9,Keke Topp,F,9,746826
Werder Bremen,2025-12-07,Hamburger SV,away,4-2-3-1,True,17,Marco Grüll,AM-L,11,746826
Werder Bremen,2025-12-07,Hamburger SV,away,4-2-3-1,True,18,Cameron Puertas,AM-R,7,746826
Werder Bremen,2025-12-07,Hamburger SV,away,4-2-3-1,False,10,Leonardo Bittencourt,SUB,0,746826
Werder Bremen,2025-12-07,Hamburger SV,away,4-2-3-1,False,24,Patrice Covic,SUB,0,746826
Werder Bremen,2025-12-07,Hamburger SV,away,4-2-3-1,False,28,Skelly Alvero,SUB,0,746826
Werder Bremen,2025-12-07,Hamburger SV,away,4-2-3-1,False,23,Isaac Schmidt,SUB,0,746826
Werder Bremen,2025-12-07,Hamburger SV,away,4-2-3-1,False,44,Victor Boniface,SUB,0,746826
Werder Bremen,2025-12-07,Hamburger SV,away,4-2-3-1,False,13,Karl Hein,SUB,0,746826
Werder Bremen,2025-12-07,Hamburger SV,away,4-2-3-1,False,7,Samuel Mbangula,SUB,0,746826
Werder Bremen,2025-12-07,Hamburger SV,away,4-2-3-1,False,11,Justin Njinmah,SUB,0,746826
Werder Bremen,2025-12-07,Hamburger SV,away,4-2-3-1,False,22,Julian Malatini,SUB,0,746826
Mainz 05,2025-12-21,St Pauli,home,5-3-2,True,33,Daniel Batz,G,1,746849
Mainz 05,2025-12-21,St Pauli,home,5-3-2,True,25,Andreas Hanche-Olsen,CD,5,746849
Mainz 05,2025-12-21,St Pauli,home,5-3-2,True,48,Kacper Potulski,CD-L,4,746849
Mainz 05,2025-12-21,St Pauli,home,5-3-2,True,31,Dominik Kohr,CD-R,6,746849
Mainz 05,2025-12-21,St Pauli,home,5-3-2,True,30,Silvan Widmer,LB,3,746849
Mainz 05,2025-12-21,St Pauli,home,5-3-2,True,21,Danny da Costa,RB,2,746849
Mainz 05,2025-12-21,St Pauli,home,5-3-2,True,6,Kaishu Sano,CM,8,746849
Mainz 05,2025-12-21,St Pauli,home,5-3-2,True,7,Lee Jae-Sung,CM-L,11,746849
Mainz 05,2025-12-21,St Pauli,home,5-3-2,True,8,Paul Nebel,CM-R,7,746849
Mainz 05,2025-12-21,St Pauli,home,5-3-2,True,10,Nadiem Amiri,CF-L,9,746849
Mainz 05,2025-12-21,St Pauli,home,5-3-2,True,17,Benedict Hollerbach,CF-R,10,746849
Mainz 05,2025-12-21,St Pauli,home,5-3-2,False,16,Stefan Bell,SUB,0,746849
Mainz 05,2025-12-21,St Pauli,home,5-3-2,False,36,Fabio Moreno Fell,SUB,0,746849
Mainz 05,2025-12-21,St Pauli,home,5-3-2,False,11,Armindo Sieb,SUB,0,746849
Mainz 05,2025-12-21,St Pauli,home,5-3-2,False,44,Nelson Weiper,SUB,0,746849
Mainz 05,2025-12-21,St Pauli,home,5-3-2,False,22,Nikolas Veratschnig,SUB,0,746849
Mainz 05,2025-12-21,St Pauli,home,5-3-2,False,9,Arnaud Nordin,SUB,0,746849
Mainz 05,2025-12-21,St Pauli,home,5-3-2,False,14,William Bøving,SUB,0,746849
Mainz 05,2025-12-21,St Pauli,home,5-3-2,False,1,Lasse Rieß,SUB,0,746849
Mainz 05,2025-12-21,St Pauli,home,5-3-2,False,15,Lennard Maloney,SUB,0,746849
St Pauli,2025-12-21,Mainz 05,away,3-4-1-2,True,22,Nikola Vasilj,G,1,746849
St Pauli,2025-12-21,Mainz 05,away,3-4-1-2,True,5,Hauke Wahl,CD,5,746849
St Pauli,2025-12-21,Mainz 05,away,3-4-1-2,True,3,Karol Mets,CD-L,4,746849
St Pauli,2025-12-21,Mainz 05,away,3-4-1-2,True,25,Adam Dzwigala,CD-R,6,746849
St Pauli,2025-12-21,Mainz 05,away,3-4-1-2,True,7,Jackson Irvine,CM-L,8,746849
St Pauli,2025-12-21,Mainz 05,away,3-4-1-2,True,6,James Sands,CM-R,7,746849
St Pauli,2025-12-21,Mainz 05,away,3-4-1-2,True,16,Joel Chima Fujita,AM,9,746849
St Pauli,2025-12-21,Mainz 05,away,3-4-1-2,True,23,Louis Oppie,LM,3,746849
St Pauli,2025-12-21,Mainz 05,away,3-4-1-2,True,11,Arkadiusz Pyrka,RM,2,746849
St Pauli,2025-12-21,Mainz 05,away,3-4-1-2,True,28,Mathias Pereira Lage,CF-L,11,746849
St Pauli,2025-12-21,Mainz 05,away,3-4-1-2,True,27,Andreas Hountondji,CF-R,10,746849
St Pauli,2025-12-21,Mainz 05,away,3-4-1-2,False,10,Danel Sinani,SUB,0,746849
St Pauli,2025-12-21,Mainz 05,away,3-4-1-2,False,34,Jannik Robatsch,SUB,0,746849
St Pauli,2025-12-21,Mainz 05,away,3-4-1-2,False,1,Ben Voll,SUB,0,746849
St Pauli,2025-12-21,Mainz 05,away,3-4-1-2,False,21,Lars Ritzka,SUB,0,746849
St Pauli,2025-12-21,Mainz 05,away,3-4-1-2,False,20,Erik Ahlstrand,SUB,0,746849
St Pauli,2025-12-21,Mainz 05,away,3-4-1-2,False,26,Ricky-Jade Jones,SUB,0,746849
St Pauli,2025-12-21,Mainz 05,away,3-4-1-2,False,2,Manolis Saliakas,SUB,0,746849
St Pauli,2025-12-21,Mainz 05,away,3-4-1-2,False,9,Abdoulie Ceesay,SUB,0,746849
St Pauli,2025-12-21,Mainz 05,away,3-4-1-2,False,24,Connor Metcalfe,SUB,0,746849
Frankfurt,2026-01-09,Dortmund,home,3-4-2-1,True,40,Kauã Santos,G,1,746859
Frankfurt,2026-01-09,Dortmund,home,3-4-2-1,True,4,Robin Koch,CD,5,746859
Frankfurt,2026-01-09,Dortmund,home,3-4-2-1,True,3,Arthur Theate,CD-L,4,746859
Frankfurt,2026-01-09,Dortmund,home,3-4-2-1,True,13,Rasmus Kristensen,CD-R,6,746859
Frankfurt,2026-01-09,Dortmund,home,3-4-2-1,True,16,Hugo Larsson,CM-L,8,746859
Frankfurt,2026-01-09,Dortmund,home,3-4-2-1,True,6,Oscar Højlund,CM-R,7,746859
Frankfurt,2026-01-09,Dortmund,home,3-4-2-1,True,21,Nathaniel Brown,LM,3,746859
Frankfurt,2026-01-09,Dortmund,home,3-4-2-1,True,20,Ritsu Doan,RM,2,746859
Frankfurt,2026-01-09,Dortmund,home,3-4-2-1,True,11,Younes Ebnoutalib,F,9,746859
Frankfurt,2026-01-09,Dortmund,home,3-4-2-1,True,7,Ansgar Knauff,CF-L,11,746859
Frankfurt,2026-01-09,Dortmund,home,3-4-2-1,True,42,Can Uzun,CF-R,10,746859
Frankfurt,2026-01-09,Dortmund,home,3-4-2-1,False,29,Ayoube Amaimouni,SUB,0,746859
Frankfurt,2026-01-09,Dortmund,home,3-4-2-1,False,25,Arnaud Kalimuendo,SUB,0,746859
Frankfurt,2026-01-09,Dortmund,home,3-4-2-1,False,27,Mario Götze,SUB,0,746859
Frankfurt,2026-01-09,Dortmund,home,3-4-2-1,False,26,Keita Kosugi,SUB,0,746859
Frankfurt,2026-01-09,Dortmund,home,3-4-2-1,False,24,Buta,SUB,0,746859
Frankfurt,2026-01-09,Dortmund,home,3-4-2-1,False,5,Aurèle Amenda,SUB,0,746859
Frankfurt,2026-01-09,Dortmund,home,3-4-2-1,False,34,Nnamdi Collins,SUB,0,746859
Frankfurt,2026-01-09,Dortmund,home,3-4-2-1,False,23,Michael Zetterer,SUB,0,746859
Frankfurt,2026-01-09,Dortmund,home,3-4-2-1,False,18,Mahmoud Dahoud,SUB,0,746859
Dortmund,2026-01-09,Frankfurt,away,3-4-2-1,True,1,Gregor Kobel,G,1,746859
Dortmund,2026-01-09,Frankfurt,away,3-4-2-1,True,3,Waldemar Anton,CD,5,746859
Dortmund,2026-01-09,Frankfurt,away,3-4-2-1,True,4,Nico Schlotterbeck,CD-L,4,746859
Dortmund,2026-01-09,Frankfurt,away,3-4-2-1,True,25,Niklas Süle,CD-R,6,746859
Dortmund,2026-01-09,Frankfurt,away,3-4-2-1,True,8,Felix Nmecha,CM-L,8,746859
Dortmund,2026-01-09,Frankfurt,away,3-4-2-1,True,20,Marcel Sabitzer,CM-R,7,746859
Dortmund,2026-01-09,Frankfurt,away,3-4-2-1,True,24,Daniel Svensson,LM,3,746859
Dortmund,2026-01-09,Frankfurt,away,3-4-2-1,True,26,Julian Ryerson,RM,2,746859
Dortmund,2026-01-09,Frankfurt,away,3-4-2-1,True,9,Serhou Guirassy,F,9,746859
Dortmund,2026-01-09,Frankfurt,away,3-4-2-1,True,10,Julian Brandt,CF-L,11,746859
Dortmund,2026-01-09,Frankfurt,away,3-4-2-1,True,14,Maximilian Beier,CF-R,10,746859
Dortmund,2026-01-09,Frankfurt,away,3-4-2-1,False,33,Alexander Meyer,SUB,0,746859
Dortmund,2026-01-09,Frankfurt,away,3-4-2-1,False,48,Mussa Kaba,SUB,0,746859
Dortmund,2026-01-09,Frankfurt,away,3-4-2-1,False,6,Salih Özcan,SUB,0,746859
Dortmund,2026-01-09,Frankfurt,away,3-4-2-1,False,39,Filippo Mané,SUB,0,746859
Dortmund,2026-01-09,Frankfurt,away,3-4-2-1,False,17,Carney Chukwuemeka,SUB,0,746859
Dortmund,2026-01-09,Frankfurt,away,3-4-2-1,False,2,Yan Couto,SUB,0,746859
Dortmund,2026-01-09,Frankfurt,away,3-4-2-1,False,21,Fábio Silva,SUB,0,746859
Dortmund,2026-01-09,Frankfurt,away,3-4-2-1,False,23,Emre Can,SUB,0,746859
Dortmund,2026-01-09,Frankfurt,away,3-4-2-1,False,27,Karim Adeyemi,SUB,0,746859
RB Leipzig,2025-12-20,Leverkusen,home,4-3-3,True,1,Péter Gulácsi,G,1,746845
RB Leipzig,2025-12-20,Leverkusen,home,4-3-3,True,23,Castello Lukeba,CD-L,6,746845
RB Leipzig,2025-12-20,Leverkusen,home,4-3-3,True,4,Willi Orbán,CD-R,5,746845
RB Leipzig,2025-12-20,Leverkusen,home,4-3-3,True,22,David Raum,LB,3,746845
RB Leipzig,2025-12-20,Leverkusen,home,4-3-3,True,19,Kosta Nedeljkovic,RB,2,746845
RB Leipzig,2025-12-20,Leverkusen,home,4-3-3,True,13,Nicolas Seiwald,CM,4,746845
RB Leipzig,2025-12-20,Leverkusen,home,4-3-3,True,24,Xaver Schlager,LM,8,746845
RB Leipzig,2025-12-20,Leverkusen,home,4-3-3,True,14,Christoph Baumgartner,RM,7,746845
RB Leipzig,2025-12-20,Leverkusen,home,4-3-3,True,40,Rômulo,F,9,746845
RB Leipzig,2025-12-20,Leverkusen,home,4-3-3,True,27,Tidiam Gomis,LF,11,746845
RB Leipzig,2025-12-20,Leverkusen,home,4-3-3,True,11,Conrad Harder,RF,10,746845
RB Leipzig,2025-12-20,Leverkusen,home,4-3-3,False,26,Maarten Vandevoordt,SUB,0,746845
RB Leipzig,2025-12-20,Leverkusen,home,4-3-3,False,37,Benno Kaltefleiter,SUB,0,746845
RB Leipzig,2025-12-20,Leverkusen,home,4-3-3,False,35,Max Finkgrafe,SUB,0,746845
RB Leipzig,2025-12-20,Leverkusen,home,4-3-3,False,45,Samba Konate,SUB,0,746845
RB Leipzig,2025-12-20,Leverkusen,home,4-3-3,False,33,Andrija Maksimovic,SUB,0,746845
RB Leipzig,2025-12-20,Leverkusen,home,4-3-3,False,16,Lukas Klostermann,SUB,0,746845
RB Leipzig,2025-12-20,Leverkusen,home,4-3-3,False,5,El Chadaille Bitshiabu,SUB,0,746845
RB Leipzig,2025-12-20,Leverkusen,home,4-3-3,False,17,Ridle Baku,SUB,0,746845
RB Leipzig,2025-12-20,Leverkusen,home,4-3-3,False,36,Timo Werner,SUB,0,746845
Leverkusen,2025-12-20,RB Leipzig,away,3-4-2-1,True,1,Mark Flekken,G,1,746845
Leverkusen,2025-12-20,RB Leipzig,away,3-4-2-1,True,5,Loïc Badé,CD,5,746845
Leverkusen,2025-12-20,RB Leipzig,away,3-4-2-1,True,44,Jeanuël Belocian,CD-L,4,746845
Leverkusen,2025-12-20,RB Leipzig,away,3-4-2-1,True,8,Robert Andrich,CD-R,6,746845
Leverkusen,2025-12-20,RB Leipzig,away,3-4-2-1,True,10,Malik Tillman,CM-L,8,746845
Leverkusen,2025-12-20,RB Leipzig,away,3-4-2-1,True,24,Aleix García,CM-R,7,746845
Leverkusen,2025-12-20,RB Leipzig,away,3-4-2-1,True,23,Nathan Tella,LM,3,746845
Leverkusen,2025-12-20,RB Leipzig,away,3-4-2-1,True,13,Arthur,RM,2,746845
Leverkusen,2025-12-20,RB Leipzig,away,3-4-2-1,True,14,Patrik Schick,F,9,746845
Leverkusen,2025-12-20,RB Leipzig,away,3-4-2-1,True,11,Martin Terrier,CF-L,11,746845
Leverkusen,2025-12-20,RB Leipzig,away,3-4-2-1,True,7,Jonas Hofmann,CF-R,10,746845
Leverkusen,2025-12-20,RB Leipzig,away,3-4-2-1,False,27,Jeremiah Mensah,SUB,0,746845
Leverkusen,2025-12-20,RB Leipzig,away,3-4-2-1,False,16,Axel Tape,SUB,0,746845
Leverkusen,2025-12-20,RB Leipzig,away,3-4-2-1,False,36,Niklas Lomb,SUB,0,746845
Leverkusen,2025-12-20,RB Leipzig,away,3-4-2-1,False,21,Lucas Vázquez,SUB,0,746845
Leverkusen,2025-12-20,RB Leipzig,away,3-4-2-1,False,28,Janis Blaswich,SUB,0,746845
Leverkusen,2025-12-20,RB Leipzig,away,3-4-2-1,False,6,Ezequiel Fernández,SUB,0,746845
Leverkusen,2025-12-20,RB Leipzig,away,3-4-2-1,False,42,Montrell Culbreath,SUB,0,746845
Leverkusen,2025-12-20,RB Leipzig,away,3-4-2-1,False,18,Alejo Sarco,SUB,0,746845
Leverkusen,2025-12-20,RB Leipzig,away,3-4-2-1,False,35,Christian Kofane,SUB,0,746845
Heidenheim,2025-12-21,Bayern Munich,home,5-3-2,True,41,Diant Ramaj,G,1,746846
Heidenheim,2025-12-21,Bayern Munich,home,5-3-2,True,6,Patrick Mainka,CD,5,746846
Heidenheim,2025-12-21,Bayern Munich,home,5-3-2,True,5,Benedikt Gimber,CD-L,4,746846
Heidenheim,2025-12-21,Bayern Munich,home,5-3-2,True,2,Marnon Busch,CD-R,6,746846
Heidenheim,2025-12-21,Bayern Munich,home,5-3-2,True,19,Jonas Föhrenbach,LB,3,746846
Heidenheim,2025-12-21,Bayern Munich,home,5-3-2,True,23,Omar-Haktab Traoré,RB,2,746846
Heidenheim,2025-12-21,Bayern Munich,home,5-3-2,True,30,Niklas Dorsch,CM,8,746846
Heidenheim,2025-12-21,Bayern Munich,home,5-3-2,True,20,Luca Kerber,CM-L,11,746846
Heidenheim,2025-12-21,Bayern Munich,home,5-3-2,True,3,Jan Schöppner,CM-R,7,746846
Heidenheim,2025-12-21,Bayern Munich,home,5-3-2,True,18,Marvin Pieringer,CF-L,9,746846
Heidenheim,2025-12-21,Bayern Munich,home,5-3-2,True,17,Mathias Honsak,CF-R,10,746846
Heidenheim,2025-12-21,Bayern Munich,home,5-3-2,False,28,Adam Kölle,SUB,0,746846
Heidenheim,2025-12-21,Bayern Munich,home,5-3-2,False,9,Stefan Schimmer,SUB,0,746846
Heidenheim,2025-12-21,Bayern Munich,home,5-3-2,False,16,Julian Niehues,SUB,0,746846
Heidenheim,2025-12-21,Bayern Munich,home,5-3-2,False,29,Mikkel Kaufmann,SUB,0,746846
Heidenheim,2025-12-21,Bayern Munich,home,5-3-2,False,21,Adrian Beck,SUB,0,746846
Heidenheim,2025-12-21,Bayern Munich,home,5-3-2,False,4,Tim Siersleben,SUB,0,746846
Heidenheim,2025-12-21,Bayern Munich,home,5-3-2,False,1,Kevin Müller,SUB,0,746846
Heidenheim,2025-12-21,Bayern Munich,home,5-3-2,False,22,Arijon Ibrahimovic,SUB,0,746846
Heidenheim,2025-12-21,Bayern Munich,home,5-3-2,False,31,Sirlord Conteh,SUB,0,746846
Bayern Munich,2025-12-21,Heidenheim,away,4-2-3-1,True,40,Jonas Urbig,G,1,746846
Bayern Munich,2025-12-21,Heidenheim,away,4-2-3-1,True,4,Jonathan Tah,CD-L,6,746846
Bayern Munich,2025-12-21,Heidenheim,away,4-2-3-1,True,2,Dayot Upamecano,CD-R,5,746846
Bayern Munich,2025-12-21,Heidenheim,away,4-2-3-1,True,21,Hiroki Ito,LB,3,746846
Bayern Munich,2025-12-21,Heidenheim,away,4-2-3-1,True,44,Josip Stanisic,RB,2,746846
Bayern Munich,2025-12-21,Heidenheim,away,4-2-3-1,True,42,Lennart Karl,AM,10,746846
Bayern Munich,2025-12-21,Heidenheim,away,4-2-3-1,True,22,Raphaël Guerreiro,LM,4,746846
Bayern Munich,2025-12-21,Heidenheim,away,4-2-3-1,True,8,Leon Goretzka,RM,8,746846
Bayern Munich,2025-12-21,Heidenheim,away,4-2-3-1,True,9,Harry Kane,F,9,746846
Bayern Munich,2025-12-21,Heidenheim,away,4-2-3-1,True,14,Luis Díaz,AM-L,11,746846
Bayern Munich,2025-12-21,Heidenheim,away,4-2-3-1,True,17,Michael Olise,AM-R,7,746846
Bayern Munich,2025-12-21,Heidenheim,away,4-2-3-1,False,47,David Daiber,SUB,0,746846
Bayern Munich,2025-12-21,Heidenheim,away,4-2-3-1,False,36,Wisdom Mike,SUB,0,746846
Bayern Munich,2025-12-21,Heidenheim,away,4-2-3-1,False,19,Alphonso Davies,SUB,0,746846
Bayern Munich,2025-12-21,Heidenheim,away,4-2-3-1,False,34,Deniz Ofli,SUB,0,746846
Bayern Munich,2025-12-21,Heidenheim,away,4-2-3-1,False,7,Serge Gnabry,SUB,0,746846
Bayern Munich,2025-12-21,Heidenheim,away,4-2-3-1,False,26,Sven Ulreich,SUB,0,746846
Bayern Munich,2025-12-21,Heidenheim,away,4-2-3-1,False,38,Felipe Chávez,SUB,0,746846
Bayern Munich,2025-12-21,Heidenheim,away,4-2-3-1,False,30,Cassiano Kiala,SUB,0,746846
Bayern Munich,2025-12-21,Heidenheim,away,4-2-3-1,False,33,Javier Fernández,SUB,0,746846
Heidenheim,2026-01-10,Köln,home,4-3-2-1,True,41,Diant Ramaj,G,1,746853
Heidenheim,2026-01-10,Köln,home,4-3-2-1,True,4,Tim Siersleben,CD-L,6,746853
Heidenheim,2026-01-10,Köln,home,4-3-2-1,True,6,Patrick Mainka,CD-R,5,746853
Heidenheim,2026-01-10,Köln,home,4-3-2-1,True,19,Jonas Föhrenbach,LB,3,746853
Heidenheim,2026-01-10,Köln,home,4-3-2-1,True,23,Omar-Haktab Traoré,RB,2,746853
Heidenheim,2026-01-10,Köln,home,4-3-2-1,True,16,Julian Niehues,CM,4,746853
Heidenheim,2026-01-10,Köln,home,4-3-2-1,True,30,Niklas Dorsch,CM-L,7,746853
Heidenheim,2026-01-10,Köln,home,4-3-2-1,True,3,Jan Schöppner,CM-R,8,746853
Heidenheim,2026-01-10,Köln,home,4-3-2-1,True,18,Marvin Pieringer,F,9,746853
Heidenheim,2026-01-10,Köln,home,4-3-2-1,True,22,Arijon Ibrahimovic,CF-L,11,746853
Heidenheim,2026-01-10,Köln,home,4-3-2-1,True,31,Sirlord Conteh,CF-R,10,746853
Heidenheim,2026-01-10,Köln,home,4-3-2-1,False,40,Frank Feller,SUB,0,746853
Heidenheim,2026-01-10,Köln,home,4-3-2-1,False,2,Marnon Busch,SUB,0,746853
Heidenheim,2026-01-10,Köln,home,4-3-2-1,False,38,Yannik Wagner,SUB,0,746853
Heidenheim,2026-01-10,Köln,home,4-3-2-1,False,20,Luca Kerber,SUB,0,746853
Heidenheim,2026-01-10,Köln,home,4-3-2-1,False,21,Adrian Beck,SUB,0,746853
Heidenheim,2026-01-10,Köln,home,4-3-2-1,False,29,Mikkel Kaufmann,SUB,0,746853
Heidenheim,2026-01-10,Köln,home,4-3-2-1,False,9,Stefan Schimmer,SUB,0,746853
Heidenheim,2026-01-10,Köln,home,4-3-2-1,False,17,Mathias Honsak,SUB,0,746853
Heidenheim,2026-01-10,Köln,home,4-3-2-1,False,5,Benedikt Gimber,SUB,0,746853
Köln,2026-01-10,Heidenheim,away,3-4-3,True,1,Marvin Schwäbe,G,1,746853
Köln,2026-01-10,Heidenheim,away,3-4-3,True,6,Eric Martel,CD,5,746853
Köln,2026-01-10,Heidenheim,away,3-4-3,True,22,Jahmai Simpson-Pusey,CD-L,4,746853
Köln,2026-01-10,Heidenheim,away,3-4-3,True,28,Sebastian Sebulonsen,CD-R,6,746853
Köln,2026-01-10,Heidenheim,away,3-4-3,True,8,Denis Huseinbasic,CM-L,8,746853
Köln,2026-01-10,Heidenheim,away,3-4-3,True,5,Tom Krauss,CM-R,7,746853
Köln,2026-01-10,Heidenheim,away,3-4-3,True,17,Alessio Castro-Montes,LM,3,746853
Köln,2026-01-10,Heidenheim,away,3-4-3,True,29,Jan Thielmann,RM,2,746853
Köln,2026-01-10,Heidenheim,away,3-4-3,True,9,Ragnar Ache,F,9,746853
Köln,2026-01-10,Heidenheim,away,3-4-3,True,16,Jakub Kaminski,CF-L,11,746853
Köln,2026-01-10,Heidenheim,away,3-4-3,True,40,Fynn Schenten,CF-R,10,746853
Köln,2026-01-10,Heidenheim,away,3-4-3,False,13,Said El Mala,SUB,0,746853
Köln,2026-01-10,Heidenheim,away,3-4-3,False,38,Youssoupha Niang,SUB,0,746853
Köln,2026-01-10,Heidenheim,away,3-4-3,False,32,Kristoffer Lund,SUB,0,746853
Köln,2026-01-10,Heidenheim,away,3-4-3,False,18,Ísak Jóhannesson,SUB,0,746853
Köln,2026-01-10,Heidenheim,away,3-4-3,False,44,Matthias Köbbing,SUB,0,746853
Köln,2026-01-10,Heidenheim,away,3-4-3,False,37,Linton Maina,SUB,0,746853
Köln,2026-01-10,Heidenheim,away,3-4-3,False,20,Ron-Robert Zieler,SUB,0,746853
Köln,2026-01-10,Heidenheim,away,3-4-3,False,39,Cenk Özkacar,SUB,0,746853
Köln,2026-01-10,Heidenheim,away,3-4-3,False,30,Marius Bulter,SUB,0,746853
Gladbach,2026-01-11,Augsburg,home,3-4-2-1,True,33,Moritz Nicolas,G,1,746860
Gladbach,2026-01-11,Augsburg,home,3-4-2-1,True,30,Nico Elvedi,CD,5,746860
Gladbach,2026-01-11,Augsburg,home,3-4-2-1,True,4,Kevin Diks,CD-L,4,746860
Gladbach,2026-01-11,Augsburg,home,3-4-2-1,True,16,Philipp Sander,CD-R,6,746860
Gladbach,2026-01-11,Augsburg,home,3-4-2-1,True,6,Yannick Engelhardt,CM-L,8,746860
Gladbach,2026-01-11,Augsburg,home,3-4-2-1,True,27,Rocco Reitz,CM-R,7,746860
Gladbach,2026-01-11,Augsburg,home,3-4-2-1,True,20,Luca Netz,LM,3,746860
Gladbach,2026-01-11,Augsburg,home,3-4-2-1,True,29,Joe Scally,RM,2,746860
Gladbach,2026-01-11,Augsburg,home,3-4-2-1,True,15,Haris Tabakovic,F,9,746860
Gladbach,2026-01-11,Augsburg,home,3-4-2-1,True,10,Florian Neuhaus,CF-L,11,746860
Gladbach,2026-01-11,Augsburg,home,3-4-2-1,True,9,Franck Honorat,CF-R,10,746860
Gladbach,2026-01-11,Augsburg,home,3-4-2-1,False,36,Wael Mohya,SUB,0,746860
Gladbach,2026-01-11,Augsburg,home,3-4-2-1,False,18,Shuto Machino,SUB,0,746860
Gladbach,2026-01-11,Augsburg,home,3-4-2-1,False,14,Kota Takai,SUB,0,746860
Gladbach,2026-01-11,Augsburg,home,3-4-2-1,False,28,Grant-Leon Ranos,SUB,0,746860
Gladbach,2026-01-11,Augsburg,home,3-4-2-1,False,13,Giovanni Reyna,SUB,0,746860
Gladbach,2026-01-11,Augsburg,home,3-4-2-1,False,17,Jens Castrop,SUB,0,746860
Gladbach,2026-01-11,Augsburg,home,3-4-2-1,False,7,Kevin Stöger,SUB,0,746860
Gladbach,2026-01-11,Augsburg,home,3-4-2-1,False,26,Lukas Ullrich,SUB,0,746860
Gladbach,2026-01-11,Augsburg,home,3-4-2-1,False,1,Jonas Omlin,SUB,0,746860
Augsburg,2026-01-11,Gladbach,away,3-4-2-1,True,1,Finn Dahmen,G,1,746860
Augsburg,2026-01-11,Gladbach,away,3-4-2-1,True,31,Keven Schlotterbeck,CD,5,746860
Augsburg,2026-01-11,Gladbach,away,3-4-2-1,True,16,Cédric Zesiger,CD-L,4,746860
Augsburg,2026-01-11,Gladbach,away,3-4-2-1,True,40,Noahkai Banks,CD-R,6,746860
Augsburg,2026-01-11,Gladbach,away,3-4-2-1,True,4,Han-Noah Massengo,CM-L,8,746860
Augsburg,2026-01-11,Gladbach,away,3-4-2-1,True,36,Mert Kömür,CM-R,7,746860
Augsburg,2026-01-11,Gladbach,away,3-4-2-1,True,3,Mads Pedersen,LM,3,746860
Augsburg,2026-01-11,Gladbach,away,3-4-2-1,True,19,Robin Fellhauer,RM,2,746860
Augsburg,2026-01-11,Gladbach,away,3-4-2-1,True,30,Anton Kade,F,9,746860
Augsburg,2026-01-11,Gladbach,away,3-4-2-1,True,20,Alexis Claude-Maurice,CF-L,11,746860
Augsburg,2026-01-11,Gladbach,away,3-4-2-1,True,32,Fabian Rieder,CF-R,10,746860
Augsburg,2026-01-11,Gladbach,away,3-4-2-1,False,10,Arne Maier,SUB,0,746860
Augsburg,2026-01-11,Gladbach,away,3-4-2-1,False,26,Elias Saad,SUB,0,746860
Augsburg,2026-01-11,Gladbach,away,3-4-2-1,False,22,Nediljko Labrovic,SUB,0,746860
Augsburg,2026-01-11,Gladbach,away,3-4-2-1,False,9,Samuel Essende,SUB,0,746860
Augsburg,2026-01-11,Gladbach,away,3-4-2-1,False,27,Marius Wolf,SUB,0,746860
Augsburg,2026-01-11,Gladbach,away,3-4-2-1,False,11,Ismaël Gharbi,SUB,0,746860
Augsburg,2026-01-11,Gladbach,away,3-4-2-1,False,38,Michael Gregoritsch,SUB,0,746860
Augsburg,2026-01-11,Gladbach,away,3-4-2-1,False,17,Kristijan Jakic,SUB,0,746860
Freiburg,2026-01-10,Hamburger SV,home,4-2-3-1,True,1,Noah Atubolu,G,1,746854
Freiburg,2026-01-10,Hamburger SV,home,4-2-3-1,True,3,Philipp Lienhart,CD-L,6,746854
Freiburg,2026-01-10,Hamburger SV,home,4-2-3-1,True,28,Matthias Ginter,CD-R,5,746854
Freiburg,2026-01-10,Hamburger SV,home,4-2-3-1,True,30,Christian Günter,LB,3,746854
Freiburg,2026-01-10,Hamburger SV,home,4-2-3-1,True,17,Lukas Kübler,RB,2,746854
Freiburg,2026-01-10,Hamburger SV,home,4-2-3-1,True,14,Yuito Suzuki,AM,10,746854
Freiburg,2026-01-10,Hamburger SV,home,4-2-3-1,True,44,Johan Manzambi,LM,4,746854
Freiburg,2026-01-10,Hamburger SV,home,4-2-3-1,True,8,Maximilian Eggestein,RM,8,746854
Freiburg,2026-01-10,Hamburger SV,home,4-2-3-1,True,9,Lucas Höler,F,9,746854
Freiburg,2026-01-10,Hamburger SV,home,4-2-3-1,True,32,Vincenzo Grifo,AM-L,11,746854
Freiburg,2026-01-10,Hamburger SV,home,4-2-3-1,True,29,Philipp Treu,AM-R,7,746854
Freiburg,2026-01-10,Hamburger SV,home,4-2-3-1,False,33,Jordy Makengo,SUB,0,746854
Freiburg,2026-01-10,Hamburger SV,home,4-2-3-1,False,20,Junior Adamu,SUB,0,746854
Freiburg,2026-01-10,Hamburger SV,home,4-2-3-1,False,6,Patrick Osterhage,SUB,0,746854
Freiburg,2026-01-10,Hamburger SV,home,4-2-3-1,False,5,Anthony Jung,SUB,0,746854
Freiburg,2026-01-10,Hamburger SV,home,4-2-3-1,False,21,Florian Müller,SUB,0,746854
Freiburg,2026-01-10,Hamburger SV,home,4-2-3-1,False,27,Nicolas Höfler,SUB,0,746854
Freiburg,2026-01-10,Hamburger SV,home,4-2-3-1,False,31,Igor Matanovic,SUB,0,746854
Freiburg,2026-01-10,Hamburger SV,home,4-2-3-1,False,19,Niklas Beste,SUB,0,746854
Freiburg,2026-01-10,Hamburger SV,home,4-2-3-1,False,7,Derry Scherhant,SUB,0,746854
Hamburger SV,2026-01-10,Freiburg,away,3-4-3,True,1,Daniel Heuer Fernandes,G,1,746854
Hamburger SV,2026-01-10,Freiburg,away,3-4-3,True,44,Luka Vuskovic,CD,5,746854
Hamburger SV,2026-01-10,Freiburg,away,3-4-3,True,8,Daniel Elfadli,CD-L,4,746854
Hamburger SV,2026-01-10,Freiburg,away,3-4-3,True,24,Nicolás Capaldo,CD-R,6,746854
Hamburger SV,2026-01-10,Freiburg,away,3-4-3,True,21,Nicolai Remberg,CM-L,8,746854
Hamburger SV,2026-01-10,Freiburg,away,3-4-3,True,6,Albert Sambi Lokonga,CM-R,7,746854
Hamburger SV,2026-01-10,Freiburg,away,3-4-3,True,28,Miro Muheim,LM,3,746854
Hamburger SV,2026-01-10,Freiburg,away,3-4-3,True,18,Bakery Jatta,RM,2,746854
Hamburger SV,2026-01-10,Freiburg,away,3-4-3,True,19,Damion Downs,F,9,746854
Hamburger SV,2026-01-10,Freiburg,away,3-4-3,True,7,Jean-Luc Dompé,CF-L,11,746854
Hamburger SV,2026-01-10,Freiburg,away,3-4-3,True,20,Fabio Vieira,CF-R,10,746854
Hamburger SV,2026-01-10,Freiburg,away,3-4-3,False,39,Omar Megeed,SUB,0,746854
Hamburger SV,2026-01-10,Freiburg,away,3-4-3,False,40,Hannes Hermann,SUB,0,746854
Hamburger SV,2026-01-10,Freiburg,away,3-4-3,False,38,Alexander Røssing-Lelesiit,SUB,0,746854
Hamburger SV,2026-01-10,Freiburg,away,3-4-3,False,10,Immanuel Pherai,SUB,0,746854
Hamburger SV,2026-01-10,Freiburg,away,3-4-3,False,13,Guilherme Ramos,SUB,0,746854
Hamburger SV,2026-01-10,Freiburg,away,3-4-3,False,16,Giorgi Gocholeishvili,SUB,0,746854
Hamburger SV,2026-01-10,Freiburg,away,3-4-3,False,11,Ransford-Yeboah Königsdörffer,SUB,0,746854
Hamburger SV,2026-01-10,Freiburg,away,3-4-3,False,2,William Mikelbrencis,SUB,0,746854
Hamburger SV,2026-01-10,Freiburg,away,3-4-3,False,25,Jordan Torunarigha,SUB,0,746854
Dortmund,2026-01-13,Werder Bremen,home,3-4-2-1,True,1,Gregor Kobel,G,1,746868
Dortmund,2026-01-13,Werder Bremen,home,3-4-2-1,True,3,Waldemar Anton,CD,5,746868
Dortmund,2026-01-13,Werder Bremen,home,3-4-2-1,True,4,Nico Schlotterbeck,CD-L,4,746868
Dortmund,2026-01-13,Werder Bremen,home,3-4-2-1,True,25,Niklas Süle,CD-R,6,746868
Dortmund,2026-01-13,Werder Bremen,home,3-4-2-1,True,8,Felix Nmecha,CM-L,8,746868
Dortmund,2026-01-13,Werder Bremen,home,3-4-2-1,True,20,Marcel Sabitzer,CM-R,7,746868
Dortmund,2026-01-13,Werder Bremen,home,3-4-2-1,True,26,Julian Ryerson,LM,3,746868
Dortmund,2026-01-13,Werder Bremen,home,3-4-2-1,True,2,Yan Couto,RM,2,746868
Dortmund,2026-01-13,Werder Bremen,home,3-4-2-1,True,21,Fábio Silva,F,9,746868
Dortmund,2026-01-13,Werder Bremen,home,3-4-2-1,True,17,Carney Chukwuemeka,CF-L,11,746868
Dortmund,2026-01-13,Werder Bremen,home,3-4-2-1,True,14,Maximilian Beier,CF-R,10,746868
Dortmund,2026-01-13,Werder Bremen,home,3-4-2-1,False,7,Jobe Bellingham,SUB,0,746868
Dortmund,2026-01-13,Werder Bremen,home,3-4-2-1,False,27,Karim Adeyemi,SUB,0,746868
Dortmund,2026-01-13,Werder Bremen,home,3-4-2-1,False,24,Daniel Svensson,SUB,0,746868
Dortmund,2026-01-13,Werder Bremen,home,3-4-2-1,False,33,Alexander Meyer,SUB,0,746868
Dortmund,2026-01-13,Werder Bremen,home,3-4-2-1,False,23,Emre Can,SUB,0,746868
Dortmund,2026-01-13,Werder Bremen,home,3-4-2-1,False,6,Salih Özcan,SUB,0,746868
Dortmund,2026-01-13,Werder Bremen,home,3-4-2-1,False,10,Julian Brandt,SUB,0,746868
Dortmund,2026-01-13,Werder Bremen,home,3-4-2-1,False,39,Filippo Mané,SUB,0,746868
Dortmund,2026-01-13,Werder Bremen,home,3-4-2-1,False,9,Serhou Guirassy,SUB,0,746868
Werder Bremen,2026-01-13,Dortmund,away,3-4-2-1,True,30,Mio Backhaus,G,1,746868
Werder Bremen,2026-01-13,Dortmund,away,3-4-2-1,True,32,Marco Friedl,CD,5,746868
Werder Bremen,2026-01-13,Dortmund,away,3-4-2-1,True,31,Karim Coulibaly,CD-L,4,746868
Werder Bremen,2026-01-13,Dortmund,away,3-4-2-1,True,5,Amos Pieper,CD-R,6,746868
Werder Bremen,2026-01-13,Dortmund,away,3-4-2-1,True,6,Jens Stage,CM-L,8,746868
Werder Bremen,2026-01-13,Dortmund,away,3-4-2-1,True,14,Senne Lynen,CM-R,7,746868
Werder Bremen,2026-01-13,Dortmund,away,3-4-2-1,True,23,Isaac Schmidt,LM,3,746868
Werder Bremen,2026-01-13,Dortmund,away,3-4-2-1,True,3,Yukinari Sugawara,RM,2,746868
Werder Bremen,2026-01-13,Dortmund,away,3-4-2-1,True,11,Justin Njinmah,F,9,746868
Werder Bremen,2026-01-13,Dortmund,away,3-4-2-1,True,17,Marco Grüll,CF-L,11,746868
Werder Bremen,2026-01-13,Dortmund,away,3-4-2-1,True,20,Romano Schmid,CF-R,10,746868
Werder Bremen,2026-01-13,Dortmund,away,3-4-2-1,False,13,Karl Hein,SUB,0,746868
Werder Bremen,2026-01-13,Dortmund,away,3-4-2-1,False,9,Keke Topp,SUB,0,746868
Werder Bremen,2026-01-13,Dortmund,away,3-4-2-1,False,28,Skelly Alvero,SUB,0,746868
Werder Bremen,2026-01-13,Dortmund,away,3-4-2-1,False,22,Julian Malatini,SUB,0,746868
Werder Bremen,2026-01-13,Dortmund,away,3-4-2-1,False,2,Olivier Deman,SUB,0,746868
Werder Bremen,2026-01-13,Dortmund,away,3-4-2-1,False,24,Patrice Covic,SUB,0,746868
Werder Bremen,2026-01-13,Dortmund,away,3-4-2-1,False,19,Jovan Milosevic,SUB,0,746868
Werder Bremen,2026-01-13,Dortmund,away,3-4-2-1,False,7,Samuel Mbangula,SUB,0,746868
Werder Bremen,2026-01-13,Dortmund,away,3-4-2-1,False,18,Cameron Puertas,SUB,0,746868
Wolfsburg,2025-12-20,Freiburg,home,4-2-3-1,True,1,Kamil Grabara,G,1,746850
Wolfsburg,2025-12-20,Freiburg,home,4-2-3-1,True,4,Konstantinos Koulierakis,CD-L,6,746850
Wolfsburg,2025-12-20,Freiburg,home,4-2-3-1,True,14,Jenson Seelt,CD-R,5,746850
Wolfsburg,2025-12-20,Freiburg,home,4-2-3-1,True,25,Aaron Zehnter,LB,3,746850
Wolfsburg,2025-12-20,Freiburg,home,4-2-3-1,True,26,Saël Kumbedi,RB,2,746850
Wolfsburg,2025-12-20,Freiburg,home,4-2-3-1,True,10,Lovro Majer,AM,10,746850
Wolfsburg,2025-12-20,Freiburg,home,4-2-3-1,True,27,Maximilian Arnold,LM,4,746850
Wolfsburg,2025-12-20,Freiburg,home,4-2-3-1,True,31,Yannick Gerhardt,RM,8,746850
Wolfsburg,2025-12-20,Freiburg,home,4-2-3-1,True,17,Dzenan Pejcinovic,F,9,746850
Wolfsburg,2025-12-20,Freiburg,home,4-2-3-1,True,39,Patrick Wimmer,AM-L,11,746850
Wolfsburg,2025-12-20,Freiburg,home,4-2-3-1,True,24,Christian Eriksen,AM-R,7,746850
Wolfsburg,2025-12-20,Freiburg,home,4-2-3-1,False,15,Moritz Jenz,SUB,0,746850
Wolfsburg,2025-12-20,Freiburg,home,4-2-3-1,False,12,Pavao Pervan,SUB,0,746850
Wolfsburg,2025-12-20,Freiburg,home,4-2-3-1,False,11,Adam Daghim,SUB,0,746850
Wolfsburg,2025-12-20,Freiburg,home,4-2-3-1,False,2,Kilian Fischer,SUB,0,746850
Wolfsburg,2025-12-20,Freiburg,home,4-2-3-1,False,32,Mattias Svanberg,SUB,0,746850
Wolfsburg,2025-12-20,Freiburg,home,4-2-3-1,False,37,Pharell Hensel,SUB,0,746850
Wolfsburg,2025-12-20,Freiburg,home,4-2-3-1,False,19,Jesper Lindstrom,SUB,0,746850
Wolfsburg,2025-12-20,Freiburg,home,4-2-3-1,False,41,Jan Bürger,SUB,0,746850
Wolfsburg,2025-12-20,Freiburg,home,4-2-3-1,False,5,Vinicius Souza,SUB,0,746850
Freiburg,2025-12-20,Wolfsburg,away,4-2-3-1,True,1,Noah Atubolu,G,1,746850
Freiburg,2025-12-20,Wolfsburg,away,4-2-3-1,True,5,Anthony Jung,CD-L,6,746850
Freiburg,2025-12-20,Wolfsburg,away,4-2-3-1,True,28,Matthias Ginter,CD-R,5,746850
Freiburg,2025-12-20,Wolfsburg,away,4-2-3-1,True,30,Christian Günter,LB,3,746850
Freiburg,2025-12-20,Wolfsburg,away,4-2-3-1,True,17,Lukas Kübler,RB,2,746850
Freiburg,2025-12-20,Wolfsburg,away,4-2-3-1,True,14,Yuito Suzuki,AM,10,746850
Freiburg,2025-12-20,Wolfsburg,away,4-2-3-1,True,6,Patrick Osterhage,LM,4,746850
Freiburg,2025-12-20,Wolfsburg,away,4-2-3-1,True,8,Maximilian Eggestein,RM,8,746850
Freiburg,2025-12-20,Wolfsburg,away,4-2-3-1,True,9,Lucas Höler,F,9,746850
Freiburg,2025-12-20,Wolfsburg,away,4-2-3-1,True,44,Johan Manzambi,AM-L,11,746850
Freiburg,2025-12-20,Wolfsburg,away,4-2-3-1,True,29,Philipp Treu,AM-R,7,746850
Freiburg,2025-12-20,Wolfsburg,away,4-2-3-1,False,43,Ifechukwu Ogbus,SUB,0,746850
Freiburg,2025-12-20,Wolfsburg,away,4-2-3-1,False,32,Vincenzo Grifo,SUB,0,746850
Freiburg,2025-12-20,Wolfsburg,away,4-2-3-1,False,31,Igor Matanovic,SUB,0,746850
Freiburg,2025-12-20,Wolfsburg,away,4-2-3-1,False,20,Junior Adamu,SUB,0,746850
Freiburg,2025-12-20,Wolfsburg,away,4-2-3-1,False,21,Florian Müller,SUB,0,746850
Freiburg,2025-12-20,Wolfsburg,away,4-2-3-1,False,27,Nicolas Höfler,SUB,0,746850
Freiburg,2025-12-20,Wolfsburg,away,4-2-3-1,False,7,Derry Scherhant,SUB,0,746850
Freiburg,2025-12-20,Wolfsburg,away,4-2-3-1,False,65,Karl Steinmann,SUB,0,746850
Freiburg,2025-12-20,Wolfsburg,away,4-2-3-1,False,33,Jordy Makengo,SUB,0,746850
Hoffenheim,2026-01-14,Gladbach,home,4-1-2-1-2,True,1,Oliver Baumann,G,1,746862
Hoffenheim,2026-01-14,Gladbach,home,4-1-2-1-2,True,5,Ozan Kabak,CD-L,6,746862
Hoffenheim,2026-01-14,Gladbach,home,4-1-2-1-2,True,2,Robin Hranác,CD-R,5,746862
Hoffenheim,2026-01-14,Gladbach,home,4-1-2-1-2,True,7,Leon Avdullahu,DM,4,746862
Hoffenheim,2026-01-14,Gladbach,home,4-1-2-1-2,True,13,Bernardo,LB,3,746862
Hoffenheim,2026-01-14,Gladbach,home,4-1-2-1-2,True,34,Vladimír Coufal,RB,2,746862
Hoffenheim,2026-01-14,Gladbach,home,4-1-2-1-2,True,27,Andrej Kramaric,AM,8,746862
Hoffenheim,2026-01-14,Gladbach,home,4-1-2-1-2,True,22,Alexander Prass,LM,11,746862
Hoffenheim,2026-01-14,Gladbach,home,4-1-2-1-2,True,18,Wouter Burger,RM,7,746862
Hoffenheim,2026-01-14,Gladbach,home,4-1-2-1-2,True,11,Fisnik Asllani,CF-L,9,746862
Hoffenheim,2026-01-14,Gladbach,home,4-1-2-1-2,True,19,Tim Lemperle,CF-R,10,746862
Hoffenheim,2026-01-14,Gladbach,home,4-1-2-1-2,False,10,Muhammed Damar,SUB,0,746862
Hoffenheim,2026-01-14,Gladbach,home,4-1-2-1-2,False,37,Luca Philipp,SUB,0,746862
Hoffenheim,2026-01-14,Gladbach,home,4-1-2-1-2,False,25,Kevin Akpoguma,SUB,0,746862
Hoffenheim,2026-01-14,Gladbach,home,4-1-2-1-2,False,6,Grischa Prömel,SUB,0,746862
Hoffenheim,2026-01-14,Gladbach,home,4-1-2-1-2,False,9,Ihlas Bebou,SUB,0,746862
Hoffenheim,2026-01-14,Gladbach,home,4-1-2-1-2,False,15,Valentin Gendrey,SUB,0,746862
Hoffenheim,2026-01-14,Gladbach,home,4-1-2-1-2,False,35,Arthur Chaves,SUB,0,746862
Hoffenheim,2026-01-14,Gladbach,home,4-1-2-1-2,False,33,Max Moerstedt,SUB,0,746862
Hoffenheim,2026-01-14,Gladbach,home,4-1-2-1-2,False,29,Bazoumana Touré,SUB,0,746862
Gladbach,2026-01-14,Hoffenheim,away,5-4-1,True,33,Moritz Nicolas,G,1,746862
Gladbach,2026-01-14,Hoffenheim,away,5-4-1,True,30,Nico Elvedi,CD,5,746862
Gladbach,2026-01-14,Hoffenheim,away,5-4-1,True,4,Kevin Diks,CD-L,4,746862
Gladbach,2026-01-14,Hoffenheim,away,5-4-1,True,16,Philipp Sander,CD-R,6,746862
Gladbach,2026-01-14,Hoffenheim,away,5-4-1,True,26,Lukas Ullrich,LB,3,746862
Gladbach,2026-01-14,Hoffenheim,away,5-4-1,True,29,Joe Scally,RB,2,746862
Gladbach,2026-01-14,Hoffenheim,away,5-4-1,True,6,Yannick Engelhardt,CM-L,10,746862
Gladbach,2026-01-14,Hoffenheim,away,5-4-1,True,27,Rocco Reitz,CM-R,8,746862
Gladbach,2026-01-14,Hoffenheim,away,5-4-1,True,17,Jens Castrop,LM,11,746862
Gladbach,2026-01-14,Hoffenheim,away,5-4-1,True,9,Franck Honorat,RM,7,746862
Gladbach,2026-01-14,Hoffenheim,away,5-4-1,True,15,Haris Tabakovic,F,9,746862
Gladbach,2026-01-14,Hoffenheim,away,5-4-1,False,13,Giovanni Reyna,SUB,0,746862
Gladbach,2026-01-14,Hoffenheim,away,5-4-1,False,42,Tiago Pereira,SUB,0,746862
Gladbach,2026-01-14,Hoffenheim,away,5-4-1,False,10,Florian Neuhaus,SUB,0,746862
Gladbach,2026-01-14,Hoffenheim,away,5-4-1,False,7,Kevin Stöger,SUB,0,746862
Gladbach,2026-01-14,Hoffenheim,away,5-4-1,False,36,Wael Mohya,SUB,0,746862
Gladbach,2026-01-14,Hoffenheim,away,5-4-1,False,18,Shuto Machino,SUB,0,746862
Gladbach,2026-01-14,Hoffenheim,away,5-4-1,False,20,Luca Netz,SUB,0,746862
Gladbach,2026-01-14,Hoffenheim,away,5-4-1,False,14,Kota Takai,SUB,0,746862
Gladbach,2026-01-14,Hoffenheim,away,5-4-1,False,28,Grant-Leon Ranos,SUB,0,746862
RB Leipzig,2026-01-14,Freiburg,home,4-3-3,True,1,Péter Gulácsi,G,1,746865
RB Leipzig,2026-01-14,Freiburg,home,4-3-3,True,23,Castello Lukeba,CD-L,6,746865
RB Leipzig,2026-01-14,Freiburg,home,4-3-3,True,4,Willi Orbán,CD-R,5,746865
RB Leipzig,2026-01-14,Freiburg,home,4-3-3,True,22,David Raum,LB,3,746865
RB Leipzig,2026-01-14,Freiburg,home,4-3-3,True,17,Ridle Baku,RB,2,746865
RB Leipzig,2026-01-14,Freiburg,home,4-3-3,True,13,Nicolas Seiwald,CM,4,746865
RB Leipzig,2026-01-14,Freiburg,home,4-3-3,True,14,Christoph Baumgartner,LM,8,746865
RB Leipzig,2026-01-14,Freiburg,home,4-3-3,True,24,Xaver Schlager,RM,7,746865
RB Leipzig,2026-01-14,Freiburg,home,4-3-3,True,40,Rômulo,F,9,746865
RB Leipzig,2026-01-14,Freiburg,home,4-3-3,True,20,Assan Ouédraogo,LF,11,746865
RB Leipzig,2026-01-14,Freiburg,home,4-3-3,True,27,Tidiam Gomis,RF,10,746865
RB Leipzig,2026-01-14,Freiburg,home,4-3-3,False,49,Yan Diomande,SUB,0,746865
RB Leipzig,2026-01-14,Freiburg,home,4-3-3,False,33,Andrija Maksimovic,SUB,0,746865
RB Leipzig,2026-01-14,Freiburg,home,4-3-3,False,19,Kosta Nedeljkovic,SUB,0,746865
RB Leipzig,2026-01-14,Freiburg,home,4-3-3,False,5,El Chadaille Bitshiabu,SUB,0,746865
RB Leipzig,2026-01-14,Freiburg,home,4-3-3,False,35,Max Finkgrafe,SUB,0,746865
RB Leipzig,2026-01-14,Freiburg,home,4-3-3,False,6,Ezechiel Banzuzi,SUB,0,746865
RB Leipzig,2026-01-14,Freiburg,home,4-3-3,False,7,Antonio Nusa,SUB,0,746865
RB Leipzig,2026-01-14,Freiburg,home,4-3-3,False,26,Maarten Vandevoordt,SUB,0,746865
RB Leipzig,2026-01-14,Freiburg,home,4-3-3,False,11,Conrad Harder,SUB,0,746865
Freiburg,2026-01-14,RB Leipzig,away,4-2-3-1,True,1,Noah Atubolu,G,1,746865
Freiburg,2026-01-14,RB Leipzig,away,4-2-3-1,True,5,Anthony Jung,CD-L,6,746865
Freiburg,2026-01-14,RB Leipzig,away,4-2-3-1,True,43,Ifechukwu Ogbus,CD-R,5,746865
Freiburg,2026-01-14,RB Leipzig,away,4-2-3-1,True,30,Christian Günter,LB,3,746865
Freiburg,2026-01-14,RB Leipzig,away,4-2-3-1,True,17,Lukas Kübler,RB,2,746865
Freiburg,2026-01-14,RB Leipzig,away,4-2-3-1,True,14,Yuito Suzuki,AM,10,746865
Freiburg,2026-01-14,RB Leipzig,away,4-2-3-1,True,6,Patrick Osterhage,LM,4,746865
Freiburg,2026-01-14,RB Leipzig,away,4-2-3-1,True,8,Maximilian Eggestein,RM,8,746865
Freiburg,2026-01-14,RB Leipzig,away,4-2-3-1,True,9,Lucas Höler,F,9,746865
Freiburg,2026-01-14,RB Leipzig,away,4-2-3-1,True,44,Johan Manzambi,AM-L,11,746865
Freiburg,2026-01-14,RB Leipzig,away,4-2-3-1,True,29,Philipp Treu,AM-R,7,746865
Freiburg,2026-01-14,RB Leipzig,away,4-2-3-1,False,20,Junior Adamu,SUB,0,746865
Freiburg,2026-01-14,RB Leipzig,away,4-2-3-1,False,21,Florian Müller,SUB,0,746865
Freiburg,2026-01-14,RB Leipzig,away,4-2-3-1,False,32,Vincenzo Grifo,SUB,0,746865
Freiburg,2026-01-14,RB Leipzig,away,4-2-3-1,False,19,Niklas Beste,SUB,0,746865
Freiburg,2026-01-14,RB Leipzig,away,4-2-3-1,False,27,Nicolas Höfler,SUB,0,746865
Freiburg,2026-01-14,RB Leipzig,away,4-2-3-1,False,33,Jordy Makengo,SUB,0,746865
Freiburg,2026-01-14,RB Leipzig,away,4-2-3-1,False,7,Derry Scherhant,SUB,0,746865
Freiburg,2026-01-14,RB Leipzig,away,4-2-3-1,False,31,Igor Matanovic,SUB,0,746865
Union Berlin,2026-01-10,Mainz 05,home,3-4-2-1,True,1,Frederik Ronnow,G,1,746856
Union Berlin,2026-01-10,Mainz 05,home,3-4-2-1,True,14,Leopold Querfeld,CD,5,746856
Union Berlin,2026-01-10,Mainz 05,home,3-4-2-1,True,4,Diogo Leite,CD-L,4,746856
Union Berlin,2026-01-10,Mainz 05,home,3-4-2-1,True,5,Danilho Doekhi,CD-R,6,746856
Union Berlin,2026-01-10,Mainz 05,home,3-4-2-1,True,6,Aljoscha Kemlein,CM-L,8,746856
Union Berlin,2026-01-10,Mainz 05,home,3-4-2-1,True,8,Rani Khedira,CM-R,7,746856
Union Berlin,2026-01-10,Mainz 05,home,3-4-2-1,True,39,Derrick Köhn,LM,3,746856
Union Berlin,2026-01-10,Mainz 05,home,3-4-2-1,True,19,Janik Haberer,RM,2,746856
Union Berlin,2026-01-10,Mainz 05,home,3-4-2-1,True,23,Andrej Ilic,F,9,746856
Union Berlin,2026-01-10,Mainz 05,home,3-4-2-1,True,9,Livan Burcu,CF-L,11,746856
Union Berlin,2026-01-10,Mainz 05,home,3-4-2-1,True,7,Oliver Burke,CF-R,10,746856
Union Berlin,2026-01-10,Mainz 05,home,3-4-2-1,False,28,Christopher Trimmel,SUB,0,746856
Union Berlin,2026-01-10,Mainz 05,home,3-4-2-1,False,10,Ilyas Ansah,SUB,0,746856
Union Berlin,2026-01-10,Mainz 05,home,3-4-2-1,False,33,Alex Král,SUB,0,746856
Union Berlin,2026-01-10,Mainz 05,home,3-4-2-1,False,31,Matheo Raab,SUB,0,746856
Union Berlin,2026-01-10,Mainz 05,home,3-4-2-1,False,13,András Schäfer,SUB,0,746856
Union Berlin,2026-01-10,Mainz 05,home,3-4-2-1,False,11,Jeong Woo-Yeong,SUB,0,746856
Union Berlin,2026-01-10,Mainz 05,home,3-4-2-1,False,34,Stanley N'Soki,SUB,0,746856
Union Berlin,2026-01-10,Mainz 05,home,3-4-2-1,False,18,Josip Juranovic,SUB,0,746856
Union Berlin,2026-01-10,Mainz 05,home,3-4-2-1,False,27,Marin Ljubicic,SUB,0,746856
Mainz 05,2026-01-10,Union Berlin,away,3-5-2,True,33,Daniel Batz,G,1,746856
Mainz 05,2026-01-10,Union Berlin,away,3-5-2,True,16,Stefan Bell,CD,5,746856
Mainz 05,2026-01-10,Union Berlin,away,3-5-2,True,31,Dominik Kohr,CD-L,4,746856
Mainz 05,2026-01-10,Union Berlin,away,3-5-2,True,21,Danny da Costa,CD-R,6,746856
Mainz 05,2026-01-10,Union Berlin,away,3-5-2,True,7,Lee Jae-Sung,CM-L,8,746856
Mainz 05,2026-01-10,Union Berlin,away,3-5-2,True,10,Nadiem Amiri,CM-R,7,746856
Mainz 05,2026-01-10,Union Berlin,away,3-5-2,True,6,Kaishu Sano,AM,11,746856
Mainz 05,2026-01-10,Union Berlin,away,3-5-2,True,22,Nikolas Veratschnig,LM,3,746856
Mainz 05,2026-01-10,Union Berlin,away,3-5-2,True,30,Silvan Widmer,RM,2,746856
Mainz 05,2026-01-10,Union Berlin,away,3-5-2,True,20,Phillip Tietz,CF-L,9,746856
Mainz 05,2026-01-10,Union Berlin,away,3-5-2,True,17,Benedict Hollerbach,CF-R,10,746856
Mainz 05,2026-01-10,Union Berlin,away,3-5-2,False,8,Paul Nebel,SUB,0,746856
Mainz 05,2026-01-10,Union Berlin,away,3-5-2,False,15,Lennard Maloney,SUB,0,746856
Mainz 05,2026-01-10,Union Berlin,away,3-5-2,False,44,Nelson Weiper,SUB,0,746856
Mainz 05,2026-01-10,Union Berlin,away,3-5-2,False,1,Lasse Rieß,SUB,0,746856
Mainz 05,2026-01-10,Union Berlin,away,3-5-2,False,14,William Bøving,SUB,0,746856
Mainz 05,2026-01-10,Union Berlin,away,3-5-2,False,24,Sota Kawasaki,SUB,0,746856
Mainz 05,2026-01-10,Union Berlin,away,3-5-2,False,11,Armindo Sieb,SUB,0,746856
Mainz 05,2026-01-10,Union Berlin,away,3-5-2,False,9,Arnaud Nordin,SUB,0,746856
Mainz 05,2026-01-10,Union Berlin,away,3-5-2,False,48,Kacper Potulski,SUB,0,746856
Augsburg,2026-01-15,Union Berlin,home,3-4-2-1,True,1,Finn Dahmen,G,1,746867
Augsburg,2026-01-15,Union Berlin,home,3-4-2-1,True,31,Keven Schlotterbeck,CD,5,746867
Augsburg,2026-01-15,Union Berlin,home,3-4-2-1,True,16,Cédric Zesiger,CD-L,4,746867
Augsburg,2026-01-15,Union Berlin,home,3-4-2-1,True,40,Noahkai Banks,CD-R,6,746867
Augsburg,2026-01-15,Union Berlin,home,3-4-2-1,True,8,Elvis Rexhbecaj,CM-L,8,746867
Augsburg,2026-01-15,Union Berlin,home,3-4-2-1,True,17,Kristijan Jakic,CM-R,7,746867
Augsburg,2026-01-15,Union Berlin,home,3-4-2-1,True,13,Dimitris Giannoulis,LM,3,746867
Augsburg,2026-01-15,Union Berlin,home,3-4-2-1,True,19,Robin Fellhauer,RM,2,746867
Augsburg,2026-01-15,Union Berlin,home,3-4-2-1,True,38,Michael Gregoritsch,F,9,746867
Augsburg,2026-01-15,Union Berlin,home,3-4-2-1,True,20,Alexis Claude-Maurice,CF-L,11,746867
Augsburg,2026-01-15,Union Berlin,home,3-4-2-1,True,30,Anton Kade,CF-R,10,746867
Augsburg,2026-01-15,Union Berlin,home,3-4-2-1,False,3,Mads Pedersen,SUB,0,746867
Augsburg,2026-01-15,Union Berlin,home,3-4-2-1,False,4,Han-Noah Massengo,SUB,0,746867
Augsburg,2026-01-15,Union Berlin,home,3-4-2-1,False,27,Marius Wolf,SUB,0,746867
Augsburg,2026-01-15,Union Berlin,home,3-4-2-1,False,32,Fabian Rieder,SUB,0,746867
Augsburg,2026-01-15,Union Berlin,home,3-4-2-1,False,36,Mert Kömür,SUB,0,746867
Augsburg,2026-01-15,Union Berlin,home,3-4-2-1,False,22,Nediljko Labrovic,SUB,0,746867
Augsburg,2026-01-15,Union Berlin,home,3-4-2-1,False,9,Samuel Essende,SUB,0,746867
Augsburg,2026-01-15,Union Berlin,home,3-4-2-1,False,14,Yannik Keitel,SUB,0,746867
Augsburg,2026-01-15,Union Berlin,home,3-4-2-1,False,11,Ismaël Gharbi,SUB,0,746867
Union Berlin,2026-01-15,Augsburg,away,3-4-2-1,True,1,Frederik Ronnow,G,1,746867
Union Berlin,2026-01-15,Augsburg,away,3-4-2-1,True,14,Leopold Querfeld,CD,5,746867
Union Berlin,2026-01-15,Augsburg,away,3-4-2-1,True,4,Diogo Leite,CD-L,4,746867
Union Berlin,2026-01-15,Augsburg,away,3-4-2-1,True,5,Danilho Doekhi,CD-R,6,746867
Union Berlin,2026-01-15,Augsburg,away,3-4-2-1,True,13,András Schäfer,CM-L,8,746867
Union Berlin,2026-01-15,Augsburg,away,3-4-2-1,True,8,Rani Khedira,CM-R,7,746867
Union Berlin,2026-01-15,Augsburg,away,3-4-2-1,True,39,Derrick Köhn,LM,3,746867
Union Berlin,2026-01-15,Augsburg,away,3-4-2-1,True,28,Christopher Trimmel,RM,2,746867
Union Berlin,2026-01-15,Augsburg,away,3-4-2-1,True,7,Oliver Burke,F,9,746867
Union Berlin,2026-01-15,Augsburg,away,3-4-2-1,True,10,Ilyas Ansah,CF-L,11,746867
Union Berlin,2026-01-15,Augsburg,away,3-4-2-1,True,11,Jeong Woo-Yeong,CF-R,10,746867
Union Berlin,2026-01-15,Augsburg,away,3-4-2-1,False,33,Alex Král,SUB,0,746867
Union Berlin,2026-01-15,Augsburg,away,3-4-2-1,False,23,Andrej Ilic,SUB,0,746867
Union Berlin,2026-01-15,Augsburg,away,3-4-2-1,False,6,Aljoscha Kemlein,SUB,0,746867
Union Berlin,2026-01-15,Augsburg,away,3-4-2-1,False,31,Matheo Raab,SUB,0,746867
Union Berlin,2026-01-15,Augsburg,away,3-4-2-1,False,27,Marin Ljubicic,SUB,0,746867
Union Berlin,2026-01-15,Augsburg,away,3-4-2-1,False,34,Stanley N'Soki,SUB,0,746867
Union Berlin,2026-01-15,Augsburg,away,3-4-2-1,False,19,Janik Haberer,SUB,0,746867
Union Berlin,2026-01-15,Augsburg,away,3-4-2-1,False,9,Livan Burcu,SUB,0,746867
Union Berlin,2026-01-15,Augsburg,away,3-4-2-1,False,18,Josip Juranovic,SUB,0,746867
Werder Bremen,2026-01-16,Frankfurt,home,3-4-2-1,True,30,Mio Backhaus,G,1,746872
Werder Bremen,2026-01-16,Frankfurt,home,3-4-2-1,True,32,Marco Friedl,CD,5,746872
Werder Bremen,2026-01-16,Frankfurt,home,3-4-2-1,True,31,Karim Coulibaly,CD-L,4,746872
Werder Bremen,2026-01-16,Frankfurt,home,3-4-2-1,True,5,Amos Pieper,CD-R,6,746872
Werder Bremen,2026-01-16,Frankfurt,home,3-4-2-1,True,6,Jens Stage,CM-L,8,746872
Werder Bremen,2026-01-16,Frankfurt,home,3-4-2-1,True,14,Senne Lynen,CM-R,7,746872
Werder Bremen,2026-01-16,Frankfurt,home,3-4-2-1,True,23,Isaac Schmidt,LM,3,746872
Werder Bremen,2026-01-16,Frankfurt,home,3-4-2-1,True,3,Yukinari Sugawara,RM,2,746872
Werder Bremen,2026-01-16,Frankfurt,home,3-4-2-1,True,11,Justin Njinmah,F,9,746872
Werder Bremen,2026-01-16,Frankfurt,home,3-4-2-1,True,17,Marco Grüll,CF-L,11,746872
Werder Bremen,2026-01-16,Frankfurt,home,3-4-2-1,True,20,Romano Schmid,CF-R,10,746872
Werder Bremen,2026-01-16,Frankfurt,home,3-4-2-1,False,19,Jovan Milosevic,SUB,0,746872
Werder Bremen,2026-01-16,Frankfurt,home,3-4-2-1,False,28,Skelly Alvero,SUB,0,746872
Werder Bremen,2026-01-16,Frankfurt,home,3-4-2-1,False,13,Karl Hein,SUB,0,746872
Werder Bremen,2026-01-16,Frankfurt,home,3-4-2-1,False,18,Cameron Puertas,SUB,0,746872
Werder Bremen,2026-01-16,Frankfurt,home,3-4-2-1,False,24,Patrice Covic,SUB,0,746872
Werder Bremen,2026-01-16,Frankfurt,home,3-4-2-1,False,7,Samuel Mbangula,SUB,0,746872
Werder Bremen,2026-01-16,Frankfurt,home,3-4-2-1,False,9,Keke Topp,SUB,0,746872
Werder Bremen,2026-01-16,Frankfurt,home,3-4-2-1,False,22,Julian Malatini,SUB,0,746872
Werder Bremen,2026-01-16,Frankfurt,home,3-4-2-1,False,2,Olivier Deman,SUB,0,746872
Frankfurt,2026-01-16,Werder Bremen,away,4-2-3-1,True,40,Kauã Santos,G,1,746872
Frankfurt,2026-01-16,Werder Bremen,away,4-2-3-1,True,4,Robin Koch,CD-L,6,746872
Frankfurt,2026-01-16,Werder Bremen,away,4-2-3-1,True,34,Nnamdi Collins,CD-R,5,746872
Frankfurt,2026-01-16,Werder Bremen,away,4-2-3-1,True,3,Arthur Theate,LB,3,746872
Frankfurt,2026-01-16,Werder Bremen,away,4-2-3-1,True,13,Rasmus Kristensen,RB,2,746872
Frankfurt,2026-01-16,Werder Bremen,away,4-2-3-1,True,8,Farès Chaïbi,AM,10,746872
Frankfurt,2026-01-16,Werder Bremen,away,4-2-3-1,True,15,Ellyes Skhiri,LM,4,746872
Frankfurt,2026-01-16,Werder Bremen,away,4-2-3-1,True,18,Mahmoud Dahoud,RM,8,746872
Frankfurt,2026-01-16,Werder Bremen,away,4-2-3-1,True,25,Arnaud Kalimuendo,F,9,746872
Frankfurt,2026-01-16,Werder Bremen,away,4-2-3-1,True,21,Nathaniel Brown,AM-L,11,746872
Frankfurt,2026-01-16,Werder Bremen,away,4-2-3-1,True,20,Ritsu Doan,AM-R,7,746872
Frankfurt,2026-01-16,Werder Bremen,away,4-2-3-1,False,7,Ansgar Knauff,SUB,0,746872
Frankfurt,2026-01-16,Werder Bremen,away,4-2-3-1,False,6,Oscar Højlund,SUB,0,746872
Frankfurt,2026-01-16,Werder Bremen,away,4-2-3-1,False,23,Michael Zetterer,SUB,0,746872
Frankfurt,2026-01-16,Werder Bremen,away,4-2-3-1,False,53,Alexander Staff,SUB,0,746872
Frankfurt,2026-01-16,Werder Bremen,away,4-2-3-1,False,42,Can Uzun,SUB,0,746872
Frankfurt,2026-01-16,Werder Bremen,away,4-2-3-1,False,19,Jean-Mattéo Bahoya,SUB,0,746872
Frankfurt,2026-01-16,Werder Bremen,away,4-2-3-1,False,24,Buta,SUB,0,746872
Frankfurt,2026-01-16,Werder Bremen,away,4-2-3-1,False,29,Ayoube Amaimouni,SUB,0,746872
Frankfurt,2026-01-16,Werder Bremen,away,4-2-3-1,False,5,Aurèle Amenda,SUB,0,746872
Leverkusen,2026-01-10,Stuttgart,home,3-4-2-1,True,1,Mark Flekken,G,1,746861
Leverkusen,2026-01-10,Stuttgart,home,3-4-2-1,True,8,Robert Andrich,CD,5,746861
Leverkusen,2026-01-10,Stuttgart,home,3-4-2-1,True,44,Jeanuël Belocian,CD-L,4,746861
Leverkusen,2026-01-10,Stuttgart,home,3-4-2-1,True,4,Jarell Quansah,CD-R,6,746861
Leverkusen,2026-01-10,Stuttgart,home,3-4-2-1,True,24,Aleix García,CM-L,8,746861
Leverkusen,2026-01-10,Stuttgart,home,3-4-2-1,True,6,Ezequiel Fernández,CM-R,7,746861
Leverkusen,2026-01-10,Stuttgart,home,3-4-2-1,True,20,Alejandro Grimaldo,LM,3,746861
Leverkusen,2026-01-10,Stuttgart,home,3-4-2-1,True,13,Arthur,RM,2,746861
Leverkusen,2026-01-10,Stuttgart,home,3-4-2-1,True,11,Martin Terrier,F,9,746861
Leverkusen,2026-01-10,Stuttgart,home,3-4-2-1,True,23,Nathan Tella,CF-L,11,746861
Leverkusen,2026-01-10,Stuttgart,home,3-4-2-1,True,10,Malik Tillman,CF-R,10,746861
Leverkusen,2026-01-10,Stuttgart,home,3-4-2-1,False,28,Janis Blaswich,SUB,0,746861
Leverkusen,2026-01-10,Stuttgart,home,3-4-2-1,False,19,Ernest Poku,SUB,0,746861
Leverkusen,2026-01-10,Stuttgart,home,3-4-2-1,False,42,Montrell Culbreath,SUB,0,746861
Leverkusen,2026-01-10,Stuttgart,home,3-4-2-1,False,18,Alejo Sarco,SUB,0,746861
Leverkusen,2026-01-10,Stuttgart,home,3-4-2-1,False,21,Lucas Vázquez,SUB,0,746861
Leverkusen,2026-01-10,Stuttgart,home,3-4-2-1,False,36,Niklas Lomb,SUB,0,746861
Leverkusen,2026-01-10,Stuttgart,home,3-4-2-1,False,7,Jonas Hofmann,SUB,0,746861
Leverkusen,2026-01-10,Stuttgart,home,3-4-2-1,False,5,Loïc Badé,SUB,0,746861
Stuttgart,2026-01-10,Leverkusen,away,4-2-3-1,True,33,Alexander Nübel,G,1,746861
Stuttgart,2026-01-10,Leverkusen,away,4-2-3-1,True,24,Jeff Chabot,CD-L,6,746861
Stuttgart,2026-01-10,Leverkusen,away,4-2-3-1,True,3,Ramon Hendriks,CD-R,5,746861
Stuttgart,2026-01-10,Leverkusen,away,4-2-3-1,True,7,Maximilian Mittelstädt,LB,3,746861
Stuttgart,2026-01-10,Leverkusen,away,4-2-3-1,True,4,Josha Vagnoman,RB,2,746861
Stuttgart,2026-01-10,Leverkusen,away,4-2-3-1,True,28,Nikolas Nartey,AM,10,746861
Stuttgart,2026-01-10,Leverkusen,away,4-2-3-1,True,6,Angelo Stiller,LM,4,746861
Stuttgart,2026-01-10,Leverkusen,away,4-2-3-1,True,16,Atakan Karazor,RM,8,746861
Stuttgart,2026-01-10,Leverkusen,away,4-2-3-1,True,26,Deniz Undav,F,9,746861
Stuttgart,2026-01-10,Leverkusen,away,4-2-3-1,True,10,Chris Führich,AM-L,11,746861
Stuttgart,2026-01-10,Leverkusen,away,4-2-3-1,True,18,Jamie Leweling,AM-R,7,746861
Stuttgart,2026-01-10,Leverkusen,away,4-2-3-1,False,29,Finn Jeltsch,SUB,0,746861
Stuttgart,2026-01-10,Leverkusen,away,4-2-3-1,False,30,Chema Andrés,SUB,0,746861
Stuttgart,2026-01-10,Leverkusen,away,4-2-3-1,False,22,Lorenz Assignon,SUB,0,746861
Stuttgart,2026-01-10,Leverkusen,away,4-2-3-1,False,20,Leonidas Stergiou,SUB,0,746861
Stuttgart,2026-01-10,Leverkusen,away,4-2-3-1,False,15,Pascal Stenzel,SUB,0,746861
Stuttgart,2026-01-10,Leverkusen,away,4-2-3-1,False,27,Badredine Bouanani,SUB,0,746861
Stuttgart,2026-01-10,Leverkusen,away,4-2-3-1,False,9,Ermedin Demirovic,SUB,0,746861
Stuttgart,2026-01-10,Leverkusen,away,4-2-3-1,False,25,Jeremy Arévalo,SUB,0,746861
Stuttgart,2026-01-10,Leverkusen,away,4-2-3-1,False,1,Fabian Bredlow,SUB,0,746861
Stuttgart,2026-01-13,Frankfurt,home,4-2-2-2,True,33,Alexander Nübel,G,1,746863
Stuttgart,2026-01-13,Frankfurt,home,4-2-2-2,True,24,Jeff Chabot,CD-L,6,746863
Stuttgart,2026-01-13,Frankfurt,home,4-2-2-2,True,3,Ramon Hendriks,CD-R,5,746863
Stuttgart,2026-01-13,Frankfurt,home,4-2-2-2,True,7,Maximilian Mittelstädt,LB,3,746863
Stuttgart,2026-01-13,Frankfurt,home,4-2-2-2,True,4,Josha Vagnoman,RB,2,746863
Stuttgart,2026-01-13,Frankfurt,home,4-2-2-2,True,6,Angelo Stiller,CM-L,8,746863
Stuttgart,2026-01-13,Frankfurt,home,4-2-2-2,True,16,Atakan Karazor,CM-R,4,746863
Stuttgart,2026-01-13,Frankfurt,home,4-2-2-2,True,9,Ermedin Demirovic,CF-L,9,746863
Stuttgart,2026-01-13,Frankfurt,home,4-2-2-2,True,26,Deniz Undav,CF-R,10,746863
Stuttgart,2026-01-13,Frankfurt,home,4-2-2-2,True,10,Chris Führich,AM-L,11,746863
Stuttgart,2026-01-13,Frankfurt,home,4-2-2-2,True,18,Jamie Leweling,AM-R,7,746863
Stuttgart,2026-01-13,Frankfurt,home,4-2-2-2,False,25,Jeremy Arévalo,SUB,0,746863
Stuttgart,2026-01-13,Frankfurt,home,4-2-2-2,False,28,Nikolas Nartey,SUB,0,746863
Stuttgart,2026-01-13,Frankfurt,home,4-2-2-2,False,15,Pascal Stenzel,SUB,0,746863
Stuttgart,2026-01-13,Frankfurt,home,4-2-2-2,False,20,Leonidas Stergiou,SUB,0,746863
Stuttgart,2026-01-13,Frankfurt,home,4-2-2-2,False,27,Badredine Bouanani,SUB,0,746863
Stuttgart,2026-01-13,Frankfurt,home,4-2-2-2,False,30,Chema Andrés,SUB,0,746863
Stuttgart,2026-01-13,Frankfurt,home,4-2-2-2,False,22,Lorenz Assignon,SUB,0,746863
Stuttgart,2026-01-13,Frankfurt,home,4-2-2-2,False,29,Finn Jeltsch,SUB,0,746863
Stuttgart,2026-01-13,Frankfurt,home,4-2-2-2,False,1,Fabian Bredlow,SUB,0,746863
Frankfurt,2026-01-13,Stuttgart,away,4-4-2,True,40,Kauã Santos,G,1,746863
Frankfurt,2026-01-13,Stuttgart,away,4-4-2,True,5,Aurèle Amenda,CD-L,6,746863
Frankfurt,2026-01-13,Stuttgart,away,4-4-2,True,4,Robin Koch,CD-R,5,746863
Frankfurt,2026-01-13,Stuttgart,away,4-4-2,True,3,Arthur Theate,LB,3,746863
Frankfurt,2026-01-13,Stuttgart,away,4-4-2,True,13,Rasmus Kristensen,RB,2,746863
Frankfurt,2026-01-13,Stuttgart,away,4-4-2,True,6,Oscar Højlund,CM-L,8,746863
Frankfurt,2026-01-13,Stuttgart,away,4-4-2,True,15,Ellyes Skhiri,CM-R,4,746863
Frankfurt,2026-01-13,Stuttgart,away,4-4-2,True,7,Ansgar Knauff,LM,11,746863
Frankfurt,2026-01-13,Stuttgart,away,4-4-2,True,20,Ritsu Doan,RM,7,746863
Frankfurt,2026-01-13,Stuttgart,away,4-4-2,True,11,Younes Ebnoutalib,CF-L,9,746863
Frankfurt,2026-01-13,Stuttgart,away,4-4-2,True,25,Arnaud Kalimuendo,CF-R,10,746863
Frankfurt,2026-01-13,Stuttgart,away,4-4-2,False,19,Jean-Mattéo Bahoya,SUB,0,746863
Frankfurt,2026-01-13,Stuttgart,away,4-4-2,False,34,Nnamdi Collins,SUB,0,746863
Frankfurt,2026-01-13,Stuttgart,away,4-4-2,False,41,Fousseny Doumbia,SUB,0,746863
Frankfurt,2026-01-13,Stuttgart,away,4-4-2,False,27,Mario Götze,SUB,0,746863
Frankfurt,2026-01-13,Stuttgart,away,4-4-2,False,24,Buta,SUB,0,746863
Frankfurt,2026-01-13,Stuttgart,away,4-4-2,False,29,Ayoube Amaimouni,SUB,0,746863
Frankfurt,2026-01-13,Stuttgart,away,4-4-2,False,26,Keita Kosugi,SUB,0,746863
Frankfurt,2026-01-13,Stuttgart,away,4-4-2,False,23,Michael Zetterer,SUB,0,746863
Frankfurt,2026-01-13,Stuttgart,away,4-4-2,False,18,Mahmoud Dahoud,SUB,0,746863
Bayern Munich,2026-01-11,Wolfsburg,home,4-2-3-1,True,1,Manuel Neuer,G,1,746858
Bayern Munich,2026-01-11,Wolfsburg,home,4-2-3-1,True,4,Jonathan Tah,CD-L,6,746858
Bayern Munich,2026-01-11,Wolfsburg,home,4-2-3-1,True,2,Dayot Upamecano,CD-R,5,746858
Bayern Munich,2026-01-11,Wolfsburg,home,4-2-3-1,True,44,Josip Stanisic,LB,3,746858
Bayern Munich,2026-01-11,Wolfsburg,home,4-2-3-1,True,27,Konrad Laimer,RB,2,746858
Bayern Munich,2026-01-11,Wolfsburg,home,4-2-3-1,True,42,Lennart Karl,AM,10,746858
Bayern Munich,2026-01-11,Wolfsburg,home,4-2-3-1,True,20,Tom Bischof,LM,4,746858
Bayern Munich,2026-01-11,Wolfsburg,home,4-2-3-1,True,45,Aleksandar Pavlovic,RM,8,746858
Bayern Munich,2026-01-11,Wolfsburg,home,4-2-3-1,True,9,Harry Kane,F,9,746858
Bayern Munich,2026-01-11,Wolfsburg,home,4-2-3-1,True,14,Luis Díaz,AM-L,11,746858
Bayern Munich,2026-01-11,Wolfsburg,home,4-2-3-1,True,17,Michael Olise,AM-R,7,746858
Bayern Munich,2026-01-11,Wolfsburg,home,4-2-3-1,False,47,David Daiber,SUB,0,746858
Bayern Munich,2026-01-11,Wolfsburg,home,4-2-3-1,False,8,Leon Goretzka,SUB,0,746858
Bayern Munich,2026-01-11,Wolfsburg,home,4-2-3-1,False,40,Jonas Urbig,SUB,0,746858
Bayern Munich,2026-01-11,Wolfsburg,home,4-2-3-1,False,22,Raphaël Guerreiro,SUB,0,746858
Bayern Munich,2026-01-11,Wolfsburg,home,4-2-3-1,False,21,Hiroki Ito,SUB,0,746858
Bayern Munich,2026-01-11,Wolfsburg,home,4-2-3-1,False,30,Cassiano Kiala,SUB,0,746858
Bayern Munich,2026-01-11,Wolfsburg,home,4-2-3-1,False,36,Wisdom Mike,SUB,0,746858
Bayern Munich,2026-01-11,Wolfsburg,home,4-2-3-1,False,7,Serge Gnabry,SUB,0,746858
Bayern Munich,2026-01-11,Wolfsburg,home,4-2-3-1,False,38,Felipe Chávez,SUB,0,746858
Wolfsburg,2026-01-11,Bayern Munich,away,4-2-3-1,True,1,Kamil Grabara,G,1,746858
Wolfsburg,2026-01-11,Bayern Munich,away,4-2-3-1,True,4,Konstantinos Koulierakis,CD-L,6,746858
Wolfsburg,2026-01-11,Bayern Munich,away,4-2-3-1,True,15,Moritz Jenz,CD-R,5,746858
Wolfsburg,2026-01-11,Bayern Munich,away,4-2-3-1,True,2,Kilian Fischer,LB,3,746858
Wolfsburg,2026-01-11,Bayern Munich,away,4-2-3-1,True,26,Saël Kumbedi,RB,2,746858
Wolfsburg,2026-01-11,Bayern Munich,away,4-2-3-1,True,10,Lovro Majer,AM,10,746858
Wolfsburg,2026-01-11,Bayern Munich,away,4-2-3-1,True,27,Maximilian Arnold,LM,4,746858
Wolfsburg,2026-01-11,Bayern Munich,away,4-2-3-1,True,32,Mattias Svanberg,RM,8,746858
Wolfsburg,2026-01-11,Bayern Munich,away,4-2-3-1,True,17,Dzenan Pejcinovic,F,9,746858
Wolfsburg,2026-01-11,Bayern Munich,away,4-2-3-1,True,39,Patrick Wimmer,AM-L,11,746858
Wolfsburg,2026-01-11,Bayern Munich,away,4-2-3-1,True,24,Christian Eriksen,AM-R,7,746858
Wolfsburg,2026-01-11,Bayern Munich,away,4-2-3-1,False,31,Yannick Gerhardt,SUB,0,746858
Wolfsburg,2026-01-11,Bayern Munich,away,4-2-3-1,False,5,Vinicius Souza,SUB,0,746858
Wolfsburg,2026-01-11,Bayern Munich,away,4-2-3-1,False,41,Jan Bürger,SUB,0,746858
Wolfsburg,2026-01-11,Bayern Munich,away,4-2-3-1,False,3,Denis Vavro,SUB,0,746858
Wolfsburg,2026-01-11,Bayern Munich,away,4-2-3-1,False,37,Pharell Hensel,SUB,0,746858
Wolfsburg,2026-01-11,Bayern Munich,away,4-2-3-1,False,11,Adam Daghim,SUB,0,746858
Wolfsburg,2026-01-11,Bayern Munich,away,4-2-3-1,False,25,Aaron Zehnter,SUB,0,746858
Wolfsburg,2026-01-11,Bayern Munich,away,4-2-3-1,False,40,Kevin Paredes,SUB,0,746858
Wolfsburg,2026-01-11,Bayern Munich,away,4-2-3-1,False,12,Pavao Pervan,SUB,0,746858
Hamburger SV,2026-01-17,Gladbach,home,3-4-3,True,1,Daniel Heuer Fernandes,G,1,746876
Hamburger SV,2026-01-17,Gladbach,home,3-4-3,True,44,Luka Vuskovic,CD,5,746876
Hamburger SV,2026-01-17,Gladbach,home,3-4-3,True,25,Jordan Torunarigha,CD-L,4,746876
Hamburger SV,2026-01-17,Gladbach,home,3-4-3,True,24,Nicolás Capaldo,CD-R,6,746876
Hamburger SV,2026-01-17,Gladbach,home,3-4-3,True,21,Nicolai Remberg,CM-L,8,746876
Hamburger SV,2026-01-17,Gladbach,home,3-4-3,True,20,Fabio Vieira,CM-R,7,746876
Hamburger SV,2026-01-17,Gladbach,home,3-4-3,True,28,Miro Muheim,LM,3,746876
Hamburger SV,2026-01-17,Gladbach,home,3-4-3,True,18,Bakery Jatta,RM,2,746876
Hamburger SV,2026-01-17,Gladbach,home,3-4-3,True,19,Damion Downs,F,9,746876
Hamburger SV,2026-01-17,Gladbach,home,3-4-3,True,7,Jean-Luc Dompé,CF-L,11,746876
Hamburger SV,2026-01-17,Gladbach,home,3-4-3,True,11,Ransford-Yeboah Königsdörffer,CF-R,10,746876
Hamburger SV,2026-01-17,Gladbach,home,3-4-3,False,40,Hannes Hermann,SUB,0,746876
Hamburger SV,2026-01-17,Gladbach,home,3-4-3,False,14,Rayan Philippe,SUB,0,746876
Hamburger SV,2026-01-17,Gladbach,home,3-4-3,False,10,Immanuel Pherai,SUB,0,746876
Hamburger SV,2026-01-17,Gladbach,home,3-4-3,False,39,Omar Megeed,SUB,0,746876
Hamburger SV,2026-01-17,Gladbach,home,3-4-3,False,9,Robert Glatzel,SUB,0,746876
Hamburger SV,2026-01-17,Gladbach,home,3-4-3,False,2,William Mikelbrencis,SUB,0,746876
Hamburger SV,2026-01-17,Gladbach,home,3-4-3,False,38,Alexander Røssing-Lelesiit,SUB,0,746876
Hamburger SV,2026-01-17,Gladbach,home,3-4-3,False,16,Giorgi Gocholeishvili,SUB,0,746876
Hamburger SV,2026-01-17,Gladbach,home,3-4-3,False,13,Guilherme Ramos,SUB,0,746876
Gladbach,2026-01-17,Hamburger SV,away,3-4-2-1,True,33,Moritz Nicolas,G,1,746876
Gladbach,2026-01-17,Hamburger SV,away,3-4-2-1,True,30,Nico Elvedi,CD,5,746876
Gladbach,2026-01-17,Hamburger SV,away,3-4-2-1,True,4,Kevin Diks,CD-L,4,746876
Gladbach,2026-01-17,Hamburger SV,away,3-4-2-1,True,16,Philipp Sander,CD-R,6,746876
Gladbach,2026-01-17,Hamburger SV,away,3-4-2-1,True,6,Yannick Engelhardt,CM-L,8,746876
Gladbach,2026-01-17,Hamburger SV,away,3-4-2-1,True,27,Rocco Reitz,CM-R,7,746876
Gladbach,2026-01-17,Hamburger SV,away,3-4-2-1,True,20,Luca Netz,LM,3,746876
Gladbach,2026-01-17,Hamburger SV,away,3-4-2-1,True,29,Joe Scally,RM,2,746876
Gladbach,2026-01-17,Hamburger SV,away,3-4-2-1,True,15,Haris Tabakovic,F,9,746876
Gladbach,2026-01-17,Hamburger SV,away,3-4-2-1,True,10,Florian Neuhaus,CF-L,11,746876
Gladbach,2026-01-17,Hamburger SV,away,3-4-2-1,True,9,Franck Honorat,CF-R,10,746876
Gladbach,2026-01-17,Hamburger SV,away,3-4-2-1,False,14,Kota Takai,SUB,0,746876
Gladbach,2026-01-17,Hamburger SV,away,3-4-2-1,False,28,Grant-Leon Ranos,SUB,0,746876
Gladbach,2026-01-17,Hamburger SV,away,3-4-2-1,False,26,Lukas Ullrich,SUB,0,746876
Gladbach,2026-01-17,Hamburger SV,away,3-4-2-1,False,17,Jens Castrop,SUB,0,746876
Gladbach,2026-01-17,Hamburger SV,away,3-4-2-1,False,1,Jonas Omlin,SUB,0,746876
Gladbach,2026-01-17,Hamburger SV,away,3-4-2-1,False,13,Giovanni Reyna,SUB,0,746876
Gladbach,2026-01-17,Hamburger SV,away,3-4-2-1,False,18,Shuto Machino,SUB,0,746876
Gladbach,2026-01-17,Hamburger SV,away,3-4-2-1,False,36,Wael Mohya,SUB,0,746876
Gladbach,2026-01-17,Hamburger SV,away,3-4-2-1,False,7,Kevin Stöger,SUB,0,746876
Dortmund,2026-01-17,St Pauli,home,3-4-2-1,True,1,Gregor Kobel,G,1,746878
Dortmund,2026-01-17,St Pauli,home,3-4-2-1,True,3,Waldemar Anton,CD,5,746878
Dortmund,2026-01-17,St Pauli,home,3-4-2-1,True,4,Nico Schlotterbeck,CD-L,4,746878
Dortmund,2026-01-17,St Pauli,home,3-4-2-1,True,23,Emre Can,CD-R,6,746878
Dortmund,2026-01-17,St Pauli,home,3-4-2-1,True,8,Felix Nmecha,CM-L,8,746878
Dortmund,2026-01-17,St Pauli,home,3-4-2-1,True,7,Jobe Bellingham,CM-R,7,746878
Dortmund,2026-01-17,St Pauli,home,3-4-2-1,True,24,Daniel Svensson,LM,3,746878
Dortmund,2026-01-17,St Pauli,home,3-4-2-1,True,26,Julian Ryerson,RM,2,746878
Dortmund,2026-01-17,St Pauli,home,3-4-2-1,True,21,Fábio Silva,F,9,746878
Dortmund,2026-01-17,St Pauli,home,3-4-2-1,True,10,Julian Brandt,CF-L,11,746878
Dortmund,2026-01-17,St Pauli,home,3-4-2-1,True,27,Karim Adeyemi,CF-R,10,746878
Dortmund,2026-01-17,St Pauli,home,3-4-2-1,False,17,Carney Chukwuemeka,SUB,0,746878
Dortmund,2026-01-17,St Pauli,home,3-4-2-1,False,16,Julien Duranville,SUB,0,746878
Dortmund,2026-01-17,St Pauli,home,3-4-2-1,False,9,Serhou Guirassy,SUB,0,746878
Dortmund,2026-01-17,St Pauli,home,3-4-2-1,False,14,Maximilian Beier,SUB,0,746878
Dortmund,2026-01-17,St Pauli,home,3-4-2-1,False,6,Salih Özcan,SUB,0,746878
Dortmund,2026-01-17,St Pauli,home,3-4-2-1,False,33,Alexander Meyer,SUB,0,746878
Dortmund,2026-01-17,St Pauli,home,3-4-2-1,False,2,Yan Couto,SUB,0,746878
Dortmund,2026-01-17,St Pauli,home,3-4-2-1,False,25,Niklas Süle,SUB,0,746878
Dortmund,2026-01-17,St Pauli,home,3-4-2-1,False,39,Filippo Mané,SUB,0,746878
St Pauli,2026-01-17,Dortmund,away,3-4-2-1,True,22,Nikola Vasilj,G,1,746878
St Pauli,2026-01-17,Dortmund,away,3-4-2-1,True,5,Hauke Wahl,CD,5,746878
St Pauli,2026-01-17,Dortmund,away,3-4-2-1,True,3,Karol Mets,CD-L,4,746878
St Pauli,2026-01-17,Dortmund,away,3-4-2-1,True,25,Adam Dzwigala,CD-R,6,746878
St Pauli,2026-01-17,Dortmund,away,3-4-2-1,True,8,Eric Smith,CM-L,8,746878
St Pauli,2026-01-17,Dortmund,away,3-4-2-1,True,6,James Sands,CM-R,7,746878
St Pauli,2026-01-17,Dortmund,away,3-4-2-1,True,21,Lars Ritzka,LM,3,746878
St Pauli,2026-01-17,Dortmund,away,3-4-2-1,True,11,Arkadiusz Pyrka,RM,2,746878
St Pauli,2026-01-17,Dortmund,away,3-4-2-1,True,19,Martijn Kaars,F,9,746878
St Pauli,2026-01-17,Dortmund,away,3-4-2-1,True,28,Mathias Pereira Lage,CF-L,11,746878
St Pauli,2026-01-17,Dortmund,away,3-4-2-1,True,16,Joel Chima Fujita,CF-R,10,746878
St Pauli,2026-01-17,Dortmund,away,3-4-2-1,False,2,Manolis Saliakas,SUB,0,746878
St Pauli,2026-01-17,Dortmund,away,3-4-2-1,False,9,Abdoulie Ceesay,SUB,0,746878
St Pauli,2026-01-17,Dortmund,away,3-4-2-1,False,34,Jannik Robatsch,SUB,0,746878
St Pauli,2026-01-17,Dortmund,away,3-4-2-1,False,14,Fin Stevens,SUB,0,746878
St Pauli,2026-01-17,Dortmund,away,3-4-2-1,False,47,Emil Gazdov,SUB,0,746878
St Pauli,2026-01-17,Dortmund,away,3-4-2-1,False,17,Oladapo Afolayan,SUB,0,746878
St Pauli,2026-01-17,Dortmund,away,3-4-2-1,False,26,Ricky-Jade Jones,SUB,0,746878
St Pauli,2026-01-17,Dortmund,away,3-4-2-1,False,23,Louis Oppie,SUB,0,746878
St Pauli,2026-01-17,Dortmund,away,3-4-2-1,False,15,Tomoya Ando,SUB,0,746878
Köln,2026-01-17,Mainz 05,home,3-4-3,True,1,Marvin Schwäbe,G,1,746879
Köln,2026-01-17,Mainz 05,home,3-4-3,True,22,Jahmai Simpson-Pusey,CD,5,746879
Köln,2026-01-17,Mainz 05,home,3-4-3,True,39,Cenk Özkacar,CD-L,4,746879
Köln,2026-01-17,Mainz 05,home,3-4-3,True,28,Sebastian Sebulonsen,CD-R,6,746879
Köln,2026-01-17,Mainz 05,home,3-4-3,True,18,Ísak Jóhannesson,CM-L,8,746879
Köln,2026-01-17,Mainz 05,home,3-4-3,True,6,Eric Martel,CM-R,7,746879
Köln,2026-01-17,Mainz 05,home,3-4-3,True,17,Alessio Castro-Montes,LM,3,746879
Köln,2026-01-17,Mainz 05,home,3-4-3,True,37,Linton Maina,RM,2,746879
Köln,2026-01-17,Mainz 05,home,3-4-3,True,30,Marius Bulter,F,9,746879
Köln,2026-01-17,Mainz 05,home,3-4-3,True,13,Said El Mala,CF-L,11,746879
Köln,2026-01-17,Mainz 05,home,3-4-3,True,16,Jakub Kaminski,CF-R,10,746879
Köln,2026-01-17,Mainz 05,home,3-4-3,False,40,Fynn Schenten,SUB,0,746879
Köln,2026-01-17,Mainz 05,home,3-4-3,False,32,Kristoffer Lund,SUB,0,746879
Köln,2026-01-17,Mainz 05,home,3-4-3,False,7,Luca Waldschmidt,SUB,0,746879
Köln,2026-01-17,Mainz 05,home,3-4-3,False,33,Rav van den Berg,SUB,0,746879
Köln,2026-01-17,Mainz 05,home,3-4-3,False,29,Jan Thielmann,SUB,0,746879
Köln,2026-01-17,Mainz 05,home,3-4-3,False,9,Ragnar Ache,SUB,0,746879
Köln,2026-01-17,Mainz 05,home,3-4-3,False,20,Ron-Robert Zieler,SUB,0,746879
Köln,2026-01-17,Mainz 05,home,3-4-3,False,5,Tom Krauss,SUB,0,746879
Köln,2026-01-17,Mainz 05,home,3-4-3,False,11,Florian Kainz,SUB,0,746879
Mainz 05,2026-01-17,Köln,away,3-1-4-2,False,37,Ben Bobzien,,0,746879
Mainz 05,2026-01-17,Köln,away,3-1-4-2,False,24,Sota Kawasaki,,0,746879
Mainz 05,2026-01-17,Köln,away,3-1-4-2,False,14,William Bøving,,0,746879
Mainz 05,2026-01-17,Köln,away,3-1-4-2,False,1,Lasse Rieß,,0,746879
Mainz 05,2026-01-17,Köln,away,3-1-4-2,False,9,Arnaud Nordin,,0,746879
Mainz 05,2026-01-17,Köln,away,3-1-4-2,False,5,Maxim Leitsch,,0,746879
Mainz 05,2026-01-17,Köln,away,3-1-4-2,False,11,Armindo Sieb,,0,746879
Mainz 05,2026-01-17,Köln,away,3-1-4-2,False,15,Lennard Maloney,,0,746879
Mainz 05,2026-01-17,Köln,away,3-1-4-2,False,36,Fabio Moreno Fell,,0,746879
Mainz 05,2026-01-17,Köln,away,3-1-4-2,True,33,Daniel Batz,G,1,746879
Mainz 05,2026-01-17,Köln,away,3-1-4-2,True,16,Stefan Bell,CD,4,746879
Mainz 05,2026-01-17,Köln,away,3-1-4-2,True,48,Kacper Potulski,CD-L,6,746879
Mainz 05,2026-01-17,Köln,away,3-1-4-2,True,31,Dominik Kohr,CD-R,5,746879
Mainz 05,2026-01-17,Köln,away,3-1-4-2,True,6,Kaishu Sano,SW,8,746879
Mainz 05,2026-01-17,Köln,away,3-1-4-2,True,7,Lee Jae-Sung,CM-L,11,746879
Mainz 05,2026-01-17,Köln,away,3-1-4-2,True,8,Paul Nebel,CM-R,7,746879
Mainz 05,2026-01-17,Köln,away,3-1-4-2,True,30,Silvan Widmer,LM,3,746879
Mainz 05,2026-01-17,Köln,away,3-1-4-2,True,21,Danny da Costa,RM,2,746879
Mainz 05,2026-01-17,Köln,away,3-1-4-2,True,20,Phillip Tietz,CF-L,10,746879
Mainz 05,2026-01-17,Köln,away,3-1-4-2,True,26,Silas Katompa-Mvumpa,CF-R,9,746879
Mainz 05,2026-01-13,Heidenheim,home,3-5-2,True,33,Daniel Batz,G,1,746869
Mainz 05,2026-01-13,Heidenheim,home,3-5-2,True,16,Stefan Bell,CD,5,746869
Mainz 05,2026-01-13,Heidenheim,home,3-5-2,True,31,Dominik Kohr,CD-L,4,746869
Mainz 05,2026-01-13,Heidenheim,home,3-5-2,True,21,Danny da Costa,CD-R,6,746869
Mainz 05,2026-01-13,Heidenheim,home,3-5-2,True,7,Lee Jae-Sung,CM-L,8,746869
Mainz 05,2026-01-13,Heidenheim,home,3-5-2,True,10,Nadiem Amiri,CM-R,7,746869
Mainz 05,2026-01-13,Heidenheim,home,3-5-2,True,6,Kaishu Sano,AM,11,746869
Mainz 05,2026-01-13,Heidenheim,home,3-5-2,True,22,Nikolas Veratschnig,LM,3,746869
Mainz 05,2026-01-13,Heidenheim,home,3-5-2,True,30,Silvan Widmer,RM,2,746869
Mainz 05,2026-01-13,Heidenheim,home,3-5-2,True,20,Phillip Tietz,CF-L,9,746869
Mainz 05,2026-01-13,Heidenheim,home,3-5-2,True,11,Armindo Sieb,CF-R,10,746869
Mainz 05,2026-01-13,Heidenheim,home,3-5-2,False,1,Lasse Rieß,SUB,0,746869
Mainz 05,2026-01-13,Heidenheim,home,3-5-2,False,36,Fabio Moreno Fell,SUB,0,746869
Mainz 05,2026-01-13,Heidenheim,home,3-5-2,False,48,Kacper Potulski,SUB,0,746869
Mainz 05,2026-01-13,Heidenheim,home,3-5-2,False,15,Lennard Maloney,SUB,0,746869
Mainz 05,2026-01-13,Heidenheim,home,3-5-2,False,24,Sota Kawasaki,SUB,0,746869
Mainz 05,2026-01-13,Heidenheim,home,3-5-2,False,37,Ben Bobzien,SUB,0,746869
Mainz 05,2026-01-13,Heidenheim,home,3-5-2,False,8,Paul Nebel,SUB,0,746869
Mainz 05,2026-01-13,Heidenheim,home,3-5-2,False,14,William Bøving,SUB,0,746869
Mainz 05,2026-01-13,Heidenheim,home,3-5-2,False,9,Arnaud Nordin,SUB,0,746869
Heidenheim,2026-01-13,Mainz 05,away,4-3-1-2,False,17,Mathias Honsak,,0,746869
Heidenheim,2026-01-13,Mainz 05,away,4-3-1-2,False,4,Tim Siersleben,,0,746869
Heidenheim,2026-01-13,Mainz 05,away,4-3-1-2,False,20,Luca Kerber,,0,746869
Heidenheim,2026-01-13,Mainz 05,away,4-3-1-2,False,31,Sirlord Conteh,,0,746869
Heidenheim,2026-01-13,Mainz 05,away,4-3-1-2,False,21,Adrian Beck,,0,746869
Heidenheim,2026-01-13,Mainz 05,away,4-3-1-2,False,9,Stefan Schimmer,,0,746869
Heidenheim,2026-01-13,Mainz 05,away,4-3-1-2,False,2,Marnon Busch,,0,746869
Heidenheim,2026-01-13,Mainz 05,away,4-3-1-2,False,38,Yannik Wagner,,0,746869
Heidenheim,2026-01-13,Mainz 05,away,4-3-1-2,False,40,Frank Feller,,0,746869
Heidenheim,2026-01-13,Mainz 05,away,4-3-1-2,True,41,Diant Ramaj,G,1,746869
Heidenheim,2026-01-13,Mainz 05,away,4-3-1-2,True,5,Benedikt Gimber,CD-L,6,746869
Heidenheim,2026-01-13,Mainz 05,away,4-3-1-2,True,6,Patrick Mainka,CD-R,5,746869
Heidenheim,2026-01-13,Mainz 05,away,4-3-1-2,True,19,Jonas Föhrenbach,LB,3,746869
Heidenheim,2026-01-13,Mainz 05,away,4-3-1-2,True,23,Omar-Haktab Traoré,RB,2,746869
Heidenheim,2026-01-13,Mainz 05,away,4-3-1-2,True,18,Marvin Pieringer,M,10,746869
Heidenheim,2026-01-13,Mainz 05,away,4-3-1-2,True,16,Julian Niehues,CM,4,746869
Heidenheim,2026-01-13,Mainz 05,away,4-3-1-2,True,22,Arijon Ibrahimovic,AM,8,746869
Heidenheim,2026-01-13,Mainz 05,away,4-3-1-2,True,30,Niklas Dorsch,LM,11,746869
Heidenheim,2026-01-13,Mainz 05,away,4-3-1-2,True,3,Jan Schöppner,RM,7,746869
Heidenheim,2026-01-13,Mainz 05,away,4-3-1-2,True,29,Mikkel Kaufmann,CF-R,9,746869
Köln,2026-01-14,Bayern Munich,home,3-4-3,True,1,Marvin Schwäbe,G,1,746864
Köln,2026-01-14,Bayern Munich,home,3-4-3,True,22,Jahmai Simpson-Pusey,CD,5,746864
Köln,2026-01-14,Bayern Munich,home,3-4-3,True,39,Cenk Özkacar,CD-L,4,746864
Köln,2026-01-14,Bayern Munich,home,3-4-3,True,28,Sebastian Sebulonsen,CD-R,6,746864
Köln,2026-01-14,Bayern Munich,home,3-4-3,True,16,Jakub Kaminski,CM-L,8,746864
Köln,2026-01-14,Bayern Munich,home,3-4-3,True,5,Tom Krauss,CM-R,7,746864
Köln,2026-01-14,Bayern Munich,home,3-4-3,True,32,Kristoffer Lund,LM,3,746864
Köln,2026-01-14,Bayern Munich,home,3-4-3,True,29,Jan Thielmann,RM,2,746864
Köln,2026-01-14,Bayern Munich,home,3-4-3,True,9,Ragnar Ache,F,9,746864
Köln,2026-01-14,Bayern Munich,home,3-4-3,True,13,Said El Mala,CF-L,11,746864
Köln,2026-01-14,Bayern Munich,home,3-4-3,True,37,Linton Maina,CF-R,10,746864
Köln,2026-01-14,Bayern Munich,home,3-4-3,False,20,Ron-Robert Zieler,SUB,0,746864
Köln,2026-01-14,Bayern Munich,home,3-4-3,False,40,Fynn Schenten,SUB,0,746864
Köln,2026-01-14,Bayern Munich,home,3-4-3,False,17,Alessio Castro-Montes,SUB,0,746864
Köln,2026-01-14,Bayern Munich,home,3-4-3,False,7,Luca Waldschmidt,SUB,0,746864
Köln,2026-01-14,Bayern Munich,home,3-4-3,False,11,Florian Kainz,SUB,0,746864
Köln,2026-01-14,Bayern Munich,home,3-4-3,False,38,Youssoupha Niang,SUB,0,746864
Köln,2026-01-14,Bayern Munich,home,3-4-3,False,8,Denis Huseinbasic,SUB,0,746864
Köln,2026-01-14,Bayern Munich,home,3-4-3,False,18,Ísak Jóhannesson,SUB,0,746864
Köln,2026-01-14,Bayern Munich,home,3-4-3,False,30,Marius Bulter,SUB,0,746864
Bayern Munich,2026-01-14,Köln,away,4-2-3-1,True,1,Manuel Neuer,G,1,746864
Bayern Munich,2026-01-14,Köln,away,4-2-3-1,True,4,Jonathan Tah,CD-L,6,746864
Bayern Munich,2026-01-14,Köln,away,4-2-3-1,True,3,Kim Min-Jae,CD-R,5,746864
Bayern Munich,2026-01-14,Köln,away,4-2-3-1,True,21,Hiroki Ito,LB,3,746864
Bayern Munich,2026-01-14,Köln,away,4-2-3-1,True,27,Konrad Laimer,RB,2,746864
Bayern Munich,2026-01-14,Köln,away,4-2-3-1,True,7,Serge Gnabry,AM,10,746864
Bayern Munich,2026-01-14,Köln,away,4-2-3-1,True,8,Leon Goretzka,LM,4,746864
Bayern Munich,2026-01-14,Köln,away,4-2-3-1,True,45,Aleksandar Pavlovic,RM,8,746864
Bayern Munich,2026-01-14,Köln,away,4-2-3-1,True,9,Harry Kane,F,9,746864
Bayern Munich,2026-01-14,Köln,away,4-2-3-1,True,14,Luis Díaz,AM-L,11,746864
Bayern Munich,2026-01-14,Köln,away,4-2-3-1,True,17,Michael Olise,AM-R,7,746864
Bayern Munich,2026-01-14,Köln,away,4-2-3-1,False,30,Cassiano Kiala,SUB,0,746864
Bayern Munich,2026-01-14,Köln,away,4-2-3-1,False,40,Jonas Urbig,SUB,0,746864
Bayern Munich,2026-01-14,Köln,away,4-2-3-1,False,2,Dayot Upamecano,SUB,0,746864
Bayern Munich,2026-01-14,Köln,away,4-2-3-1,False,38,Felipe Chávez,SUB,0,746864
Bayern Munich,2026-01-14,Köln,away,4-2-3-1,False,47,David Daiber,SUB,0,746864
Bayern Munich,2026-01-14,Köln,away,4-2-3-1,False,42,Lennart Karl,SUB,0,746864
Bayern Munich,2026-01-14,Köln,away,4-2-3-1,False,20,Tom Bischof,SUB,0,746864
Bayern Munich,2026-01-14,Köln,away,4-2-3-1,False,36,Wisdom Mike,SUB,0,746864
Bayern Munich,2026-01-14,Köln,away,4-2-3-1,False,22,Raphaël Guerreiro,SUB,0,746864
Wolfsburg,2026-01-14,St Pauli,home,4-2-3-1,True,1,Kamil Grabara,G,1,746870
Wolfsburg,2026-01-14,St Pauli,home,4-2-3-1,True,4,Konstantinos Koulierakis,CD-L,6,746870
Wolfsburg,2026-01-14,St Pauli,home,4-2-3-1,True,15,Moritz Jenz,CD-R,5,746870
Wolfsburg,2026-01-14,St Pauli,home,4-2-3-1,True,25,Aaron Zehnter,LB,3,746870
Wolfsburg,2026-01-14,St Pauli,home,4-2-3-1,True,26,Saël Kumbedi,RB,2,746870
Wolfsburg,2026-01-14,St Pauli,home,4-2-3-1,True,10,Lovro Majer,AM,10,746870
Wolfsburg,2026-01-14,St Pauli,home,4-2-3-1,True,27,Maximilian Arnold,LM,4,746870
Wolfsburg,2026-01-14,St Pauli,home,4-2-3-1,True,31,Yannick Gerhardt,RM,8,746870
Wolfsburg,2026-01-14,St Pauli,home,4-2-3-1,True,17,Dzenan Pejcinovic,F,9,746870
Wolfsburg,2026-01-14,St Pauli,home,4-2-3-1,True,39,Patrick Wimmer,AM-L,11,746870
Wolfsburg,2026-01-14,St Pauli,home,4-2-3-1,True,24,Christian Eriksen,AM-R,7,746870
Wolfsburg,2026-01-14,St Pauli,home,4-2-3-1,False,3,Denis Vavro,SUB,0,746870
Wolfsburg,2026-01-14,St Pauli,home,4-2-3-1,False,9,Mohamed Amoura,SUB,0,746870
Wolfsburg,2026-01-14,St Pauli,home,4-2-3-1,False,12,Pavao Pervan,SUB,0,746870
Wolfsburg,2026-01-14,St Pauli,home,4-2-3-1,False,5,Vinicius Souza,SUB,0,746870
Wolfsburg,2026-01-14,St Pauli,home,4-2-3-1,False,40,Kevin Paredes,SUB,0,746870
Wolfsburg,2026-01-14,St Pauli,home,4-2-3-1,False,32,Mattias Svanberg,SUB,0,746870
Wolfsburg,2026-01-14,St Pauli,home,4-2-3-1,False,37,Pharell Hensel,SUB,0,746870
Wolfsburg,2026-01-14,St Pauli,home,4-2-3-1,False,11,Adam Daghim,SUB,0,746870
Wolfsburg,2026-01-14,St Pauli,home,4-2-3-1,False,2,Kilian Fischer,SUB,0,746870
St Pauli,2026-01-14,Wolfsburg,away,3-4-1-2,True,22,Nikola Vasilj,G,1,746870
St Pauli,2026-01-14,Wolfsburg,away,3-4-1-2,True,5,Hauke Wahl,CD,5,746870
St Pauli,2026-01-14,Wolfsburg,away,3-4-1-2,True,3,Karol Mets,CD-L,4,746870
St Pauli,2026-01-14,Wolfsburg,away,3-4-1-2,True,25,Adam Dzwigala,CD-R,6,746870
St Pauli,2026-01-14,Wolfsburg,away,3-4-1-2,True,8,Eric Smith,CM-L,8,746870
St Pauli,2026-01-14,Wolfsburg,away,3-4-1-2,True,6,James Sands,CM-R,7,746870
St Pauli,2026-01-14,Wolfsburg,away,3-4-1-2,True,16,Joel Chima Fujita,AM,9,746870
St Pauli,2026-01-14,Wolfsburg,away,3-4-1-2,True,21,Lars Ritzka,LM,3,746870
St Pauli,2026-01-14,Wolfsburg,away,3-4-1-2,True,11,Arkadiusz Pyrka,RM,2,746870
St Pauli,2026-01-14,Wolfsburg,away,3-4-1-2,True,28,Mathias Pereira Lage,CF-L,11,746870
St Pauli,2026-01-14,Wolfsburg,away,3-4-1-2,True,26,Ricky-Jade Jones,CF-R,10,746870
St Pauli,2026-01-14,Wolfsburg,away,3-4-1-2,False,34,Jannik Robatsch,SUB,0,746870
St Pauli,2026-01-14,Wolfsburg,away,3-4-1-2,False,1,Ben Voll,SUB,0,746870
St Pauli,2026-01-14,Wolfsburg,away,3-4-1-2,False,9,Abdoulie Ceesay,SUB,0,746870
St Pauli,2026-01-14,Wolfsburg,away,3-4-1-2,False,23,Louis Oppie,SUB,0,746870
St Pauli,2026-01-14,Wolfsburg,away,3-4-1-2,False,15,Tomoya Ando,SUB,0,746870
St Pauli,2026-01-14,Wolfsburg,away,3-4-1-2,False,17,Oladapo Afolayan,SUB,0,746870
St Pauli,2026-01-14,Wolfsburg,away,3-4-1-2,False,2,Manolis Saliakas,SUB,0,746870
St Pauli,2026-01-14,Wolfsburg,away,3-4-1-2,False,19,Martijn Kaars,SUB,0,746870
St Pauli,2026-01-14,Wolfsburg,away,3-4-1-2,False,14,Fin Stevens,SUB,0,746870
Hoffenheim,2026-01-17,Leverkusen,home,4-2-3-1,True,1,Oliver Baumann,G,1,746873
Hoffenheim,2026-01-17,Leverkusen,home,4-2-3-1,True,21,Albian Hajdari,CD-L,6,746873
Hoffenheim,2026-01-17,Leverkusen,home,4-2-3-1,True,2,Robin Hranác,CD-R,5,746873
Hoffenheim,2026-01-17,Leverkusen,home,4-2-3-1,True,13,Bernardo,LB,3,746873
Hoffenheim,2026-01-17,Leverkusen,home,4-2-3-1,True,34,Vladimír Coufal,RB,2,746873
Hoffenheim,2026-01-17,Leverkusen,home,4-2-3-1,True,11,Fisnik Asllani,AM,10,746873
Hoffenheim,2026-01-17,Leverkusen,home,4-2-3-1,True,18,Wouter Burger,LM,4,746873
Hoffenheim,2026-01-17,Leverkusen,home,4-2-3-1,True,7,Leon Avdullahu,RM,8,746873
Hoffenheim,2026-01-17,Leverkusen,home,4-2-3-1,True,19,Tim Lemperle,F,9,746873
Hoffenheim,2026-01-17,Leverkusen,home,4-2-3-1,True,22,Alexander Prass,AM-L,11,746873
Hoffenheim,2026-01-17,Leverkusen,home,4-2-3-1,True,27,Andrej Kramaric,AM-R,7,746873
Hoffenheim,2026-01-17,Leverkusen,home,4-2-3-1,False,9,Ihlas Bebou,SUB,0,746873
Hoffenheim,2026-01-17,Leverkusen,home,4-2-3-1,False,10,Muhammed Damar,SUB,0,746873
Hoffenheim,2026-01-17,Leverkusen,home,4-2-3-1,False,33,Max Moerstedt,SUB,0,746873
Hoffenheim,2026-01-17,Leverkusen,home,4-2-3-1,False,25,Kevin Akpoguma,SUB,0,746873
Hoffenheim,2026-01-17,Leverkusen,home,4-2-3-1,False,29,Bazoumana Touré,SUB,0,746873
Hoffenheim,2026-01-17,Leverkusen,home,4-2-3-1,False,6,Grischa Prömel,SUB,0,746873
Hoffenheim,2026-01-17,Leverkusen,home,4-2-3-1,False,37,Luca Philipp,SUB,0,746873
Hoffenheim,2026-01-17,Leverkusen,home,4-2-3-1,False,15,Valentin Gendrey,SUB,0,746873
Hoffenheim,2026-01-17,Leverkusen,home,4-2-3-1,False,5,Ozan Kabak,SUB,0,746873
Leverkusen,2026-01-17,Hoffenheim,away,3-4-2-1,True,1,Mark Flekken,G,1,746873
Leverkusen,2026-01-17,Hoffenheim,away,3-4-2-1,True,5,Loïc Badé,CD,5,746873
Leverkusen,2026-01-17,Hoffenheim,away,3-4-2-1,True,4,Jarell Quansah,CD-L,4,746873
Leverkusen,2026-01-17,Hoffenheim,away,3-4-2-1,True,8,Robert Andrich,CD-R,6,746873
Leverkusen,2026-01-17,Hoffenheim,away,3-4-2-1,True,24,Aleix García,CM-L,8,746873
Leverkusen,2026-01-17,Hoffenheim,away,3-4-2-1,True,6,Ezequiel Fernández,CM-R,7,746873
Leverkusen,2026-01-17,Hoffenheim,away,3-4-2-1,True,20,Alejandro Grimaldo,LM,3,746873
Leverkusen,2026-01-17,Hoffenheim,away,3-4-2-1,True,13,Arthur,RM,2,746873
Leverkusen,2026-01-17,Hoffenheim,away,3-4-2-1,True,14,Patrik Schick,F,9,746873
Leverkusen,2026-01-17,Hoffenheim,away,3-4-2-1,True,19,Ernest Poku,CF-L,11,746873
Leverkusen,2026-01-17,Hoffenheim,away,3-4-2-1,True,10,Malik Tillman,CF-R,10,746873
Leverkusen,2026-01-17,Hoffenheim,away,3-4-2-1,False,44,Jeanuël Belocian,SUB,0,746873
Leverkusen,2026-01-17,Hoffenheim,away,3-4-2-1,False,23,Nathan Tella,SUB,0,746873
Leverkusen,2026-01-17,Hoffenheim,away,3-4-2-1,False,21,Lucas Vázquez,SUB,0,746873
Leverkusen,2026-01-17,Hoffenheim,away,3-4-2-1,False,28,Janis Blaswich,SUB,0,746873
Leverkusen,2026-01-17,Hoffenheim,away,3-4-2-1,False,35,Christian Kofane,SUB,0,746873
Leverkusen,2026-01-17,Hoffenheim,away,3-4-2-1,False,30,Ibrahim Maza,SUB,0,746873
Leverkusen,2026-01-17,Hoffenheim,away,3-4-2-1,False,11,Martin Terrier,SUB,0,746873
Leverkusen,2026-01-17,Hoffenheim,away,3-4-2-1,False,7,Jonas Hofmann,SUB,0,746873
Leverkusen,2026-01-17,Hoffenheim,away,3-4-2-1,False,18,Alejo Sarco,SUB,0,746873
Stuttgart,2026-01-18,Union Berlin,home,4-4-2,True,33,Alexander Nübel,G,1,746874
Stuttgart,2026-01-18,Union Berlin,home,4-4-2,True,24,Jeff Chabot,CD-L,6,746874
Stuttgart,2026-01-18,Union Berlin,home,4-4-2,True,3,Ramon Hendriks,CD-R,5,746874
Stuttgart,2026-01-18,Union Berlin,home,4-4-2,True,7,Maximilian Mittelstädt,LB,3,746874
Stuttgart,2026-01-18,Union Berlin,home,4-4-2,True,4,Josha Vagnoman,RB,2,746874
Stuttgart,2026-01-18,Union Berlin,home,4-4-2,True,6,Angelo Stiller,CM-L,8,746874
Stuttgart,2026-01-18,Union Berlin,home,4-4-2,True,16,Atakan Karazor,CM-R,4,746874
Stuttgart,2026-01-18,Union Berlin,home,4-4-2,True,10,Chris Führich,LM,11,746874
Stuttgart,2026-01-18,Union Berlin,home,4-4-2,True,18,Jamie Leweling,RM,7,746874
Stuttgart,2026-01-18,Union Berlin,home,4-4-2,True,28,Nikolas Nartey,CF-L,9,746874
Stuttgart,2026-01-18,Union Berlin,home,4-4-2,True,26,Deniz Undav,CF-R,10,746874
Stuttgart,2026-01-18,Union Berlin,home,4-4-2,False,25,Jeremy Arévalo,SUB,0,746874
Stuttgart,2026-01-18,Union Berlin,home,4-4-2,False,22,Lorenz Assignon,SUB,0,746874
Stuttgart,2026-01-18,Union Berlin,home,4-4-2,False,9,Ermedin Demirovic,SUB,0,746874
Stuttgart,2026-01-18,Union Berlin,home,4-4-2,False,30,Chema Andrés,SUB,0,746874
Stuttgart,2026-01-18,Union Berlin,home,4-4-2,False,1,Fabian Bredlow,SUB,0,746874
Stuttgart,2026-01-18,Union Berlin,home,4-4-2,False,29,Finn Jeltsch,SUB,0,746874
Stuttgart,2026-01-18,Union Berlin,home,4-4-2,False,2,Ameen Al Dakhil,SUB,0,746874
Stuttgart,2026-01-18,Union Berlin,home,4-4-2,False,15,Pascal Stenzel,SUB,0,746874
Stuttgart,2026-01-18,Union Berlin,home,4-4-2,False,27,Badredine Bouanani,SUB,0,746874
Union Berlin,2026-01-18,Stuttgart,away,3-5-2,True,1,Frederik Ronnow,G,1,746874
Union Berlin,2026-01-18,Stuttgart,away,3-5-2,True,14,Leopold Querfeld,CD,5,746874
Union Berlin,2026-01-18,Stuttgart,away,3-5-2,True,4,Diogo Leite,CD-L,4,746874
Union Berlin,2026-01-18,Stuttgart,away,3-5-2,True,5,Danilho Doekhi,CD-R,6,746874
Union Berlin,2026-01-18,Stuttgart,away,3-5-2,True,6,Aljoscha Kemlein,CM-L,8,746874
Union Berlin,2026-01-18,Stuttgart,away,3-5-2,True,13,András Schäfer,CM-R,7,746874
Union Berlin,2026-01-18,Stuttgart,away,3-5-2,True,8,Rani Khedira,AM,11,746874
Union Berlin,2026-01-18,Stuttgart,away,3-5-2,True,18,Josip Juranovic,LM,3,746874
Union Berlin,2026-01-18,Stuttgart,away,3-5-2,True,19,Janik Haberer,RM,2,746874
Union Berlin,2026-01-18,Stuttgart,away,3-5-2,True,9,Livan Burcu,CF-L,9,746874
Union Berlin,2026-01-18,Stuttgart,away,3-5-2,True,23,Andrej Ilic,CF-R,10,746874
Union Berlin,2026-01-18,Stuttgart,away,3-5-2,False,10,Ilyas Ansah,SUB,0,746874
Union Berlin,2026-01-18,Stuttgart,away,3-5-2,False,28,Christopher Trimmel,SUB,0,746874
Union Berlin,2026-01-18,Stuttgart,away,3-5-2,False,7,Oliver Burke,SUB,0,746874
Union Berlin,2026-01-18,Stuttgart,away,3-5-2,False,27,Marin Ljubicic,SUB,0,746874
Union Berlin,2026-01-18,Stuttgart,away,3-5-2,False,11,Jeong Woo-Yeong,SUB,0,746874
Union Berlin,2026-01-18,Stuttgart,away,3-5-2,False,33,Alex Král,SUB,0,746874
Union Berlin,2026-01-18,Stuttgart,away,3-5-2,False,34,Stanley N'Soki,SUB,0,746874
Union Berlin,2026-01-18,Stuttgart,away,3-5-2,False,31,Matheo Raab,SUB,0,746874
Union Berlin,2026-01-18,Stuttgart,away,3-5-2,False,17,David Preu,SUB,0,746874
RB Leipzig,2026-01-17,Bayern Munich,home,4-3-3,True,1,Péter Gulácsi,G,1,746875
RB Leipzig,2026-01-17,Bayern Munich,home,4-3-3,True,23,Castello Lukeba,CD-L,6,746875
RB Leipzig,2026-01-17,Bayern Munich,home,4-3-3,True,4,Willi Orbán,CD-R,5,746875
RB Leipzig,2026-01-17,Bayern Munich,home,4-3-3,True,22,David Raum,LB,3,746875
RB Leipzig,2026-01-17,Bayern Munich,home,4-3-3,True,17,Ridle Baku,RB,2,746875
RB Leipzig,2026-01-17,Bayern Munich,home,4-3-3,True,13,Nicolas Seiwald,CM,4,746875
RB Leipzig,2026-01-17,Bayern Munich,home,4-3-3,True,14,Christoph Baumgartner,LM,8,746875
RB Leipzig,2026-01-17,Bayern Munich,home,4-3-3,True,24,Xaver Schlager,RM,7,746875
RB Leipzig,2026-01-17,Bayern Munich,home,4-3-3,True,40,Rômulo,F,9,746875
RB Leipzig,2026-01-17,Bayern Munich,home,4-3-3,True,7,Antonio Nusa,LF,11,746875
RB Leipzig,2026-01-17,Bayern Munich,home,4-3-3,True,49,Yan Diomande,RF,10,746875
RB Leipzig,2026-01-17,Bayern Munich,home,4-3-3,False,11,Conrad Harder,SUB,0,746875
RB Leipzig,2026-01-17,Bayern Munich,home,4-3-3,False,6,Ezechiel Banzuzi,SUB,0,746875
RB Leipzig,2026-01-17,Bayern Munich,home,4-3-3,False,33,Andrija Maksimovic,SUB,0,746875
RB Leipzig,2026-01-17,Bayern Munich,home,4-3-3,False,27,Tidiam Gomis,SUB,0,746875
RB Leipzig,2026-01-17,Bayern Munich,home,4-3-3,False,35,Max Finkgrafe,SUB,0,746875
RB Leipzig,2026-01-17,Bayern Munich,home,4-3-3,False,19,Kosta Nedeljkovic,SUB,0,746875
RB Leipzig,2026-01-17,Bayern Munich,home,4-3-3,False,26,Maarten Vandevoordt,SUB,0,746875
RB Leipzig,2026-01-17,Bayern Munich,home,4-3-3,False,39,Benjamin Henrichs,SUB,0,746875
RB Leipzig,2026-01-17,Bayern Munich,home,4-3-3,False,5,El Chadaille Bitshiabu,SUB,0,746875
Bayern Munich,2026-01-17,RB Leipzig,away,4-2-3-1,True,1,Manuel Neuer,G,1,746875
Bayern Munich,2026-01-17,RB Leipzig,away,4-2-3-1,True,4,Jonathan Tah,CD-L,6,746875
Bayern Munich,2026-01-17,RB Leipzig,away,4-2-3-1,True,2,Dayot Upamecano,CD-R,5,746875
Bayern Munich,2026-01-17,RB Leipzig,away,4-2-3-1,True,21,Hiroki Ito,LB,3,746875
Bayern Munich,2026-01-17,RB Leipzig,away,4-2-3-1,True,20,Tom Bischof,RB,2,746875
Bayern Munich,2026-01-17,RB Leipzig,away,4-2-3-1,True,7,Serge Gnabry,AM,10,746875
Bayern Munich,2026-01-17,RB Leipzig,away,4-2-3-1,True,8,Leon Goretzka,LM,4,746875
Bayern Munich,2026-01-17,RB Leipzig,away,4-2-3-1,True,45,Aleksandar Pavlovic,RM,8,746875
Bayern Munich,2026-01-17,RB Leipzig,away,4-2-3-1,True,9,Harry Kane,F,9,746875
Bayern Munich,2026-01-17,RB Leipzig,away,4-2-3-1,True,14,Luis Díaz,AM-L,11,746875
Bayern Munich,2026-01-17,RB Leipzig,away,4-2-3-1,True,42,Lennart Karl,AM-R,7,746875
Bayern Munich,2026-01-17,RB Leipzig,away,4-2-3-1,False,3,Kim Min-Jae,SUB,0,746875
Bayern Munich,2026-01-17,RB Leipzig,away,4-2-3-1,False,38,Felipe Chávez,SUB,0,746875
Bayern Munich,2026-01-17,RB Leipzig,away,4-2-3-1,False,47,David Daiber,SUB,0,746875
Bayern Munich,2026-01-17,RB Leipzig,away,4-2-3-1,False,17,Michael Olise,SUB,0,746875
Bayern Munich,2026-01-17,RB Leipzig,away,4-2-3-1,False,6,Joshua Kimmich,SUB,0,746875
Bayern Munich,2026-01-17,RB Leipzig,away,4-2-3-1,False,10,Jamal Musiala,SUB,0,746875
Bayern Munich,2026-01-17,RB Leipzig,away,4-2-3-1,False,19,Alphonso Davies,SUB,0,746875
Bayern Munich,2026-01-17,RB Leipzig,away,4-2-3-1,False,40,Jonas Urbig,SUB,0,746875
Bayern Munich,2026-01-17,RB Leipzig,away,4-2-3-1,False,22,Raphaël Guerreiro,SUB,0,746875
St Pauli,2026-01-23,Hamburger SV,home,3-4-3,True,22,Nikola Vasilj,G,1,746884
St Pauli,2026-01-23,Hamburger SV,home,3-4-3,True,5,Hauke Wahl,CD,5,746884
St Pauli,2026-01-23,Hamburger SV,home,3-4-3,True,3,Karol Mets,CD-L,4,746884
St Pauli,2026-01-23,Hamburger SV,home,3-4-3,True,25,Adam Dzwigala,CD-R,6,746884
St Pauli,2026-01-23,Hamburger SV,home,3-4-3,True,8,Eric Smith,CM-L,8,746884
St Pauli,2026-01-23,Hamburger SV,home,3-4-3,True,6,James Sands,CM-R,7,746884
St Pauli,2026-01-23,Hamburger SV,home,3-4-3,True,23,Louis Oppie,LM,3,746884
St Pauli,2026-01-23,Hamburger SV,home,3-4-3,True,11,Arkadiusz Pyrka,RM,2,746884
St Pauli,2026-01-23,Hamburger SV,home,3-4-3,True,19,Martijn Kaars,F,9,746884
St Pauli,2026-01-23,Hamburger SV,home,3-4-3,True,28,Mathias Pereira Lage,CF-L,11,746884
St Pauli,2026-01-23,Hamburger SV,home,3-4-3,True,16,Joel Chima Fujita,CF-R,10,746884
St Pauli,2026-01-23,Hamburger SV,home,3-4-3,False,2,Manolis Saliakas,SUB,0,746884
St Pauli,2026-01-23,Hamburger SV,home,3-4-3,False,7,Jackson Irvine,SUB,0,746884
St Pauli,2026-01-23,Hamburger SV,home,3-4-3,False,15,Tomoya Ando,SUB,0,746884
St Pauli,2026-01-23,Hamburger SV,home,3-4-3,False,1,Ben Voll,SUB,0,746884
St Pauli,2026-01-23,Hamburger SV,home,3-4-3,False,21,Lars Ritzka,SUB,0,746884
St Pauli,2026-01-23,Hamburger SV,home,3-4-3,False,26,Ricky-Jade Jones,SUB,0,746884
St Pauli,2026-01-23,Hamburger SV,home,3-4-3,False,10,Danel Sinani,SUB,0,746884
St Pauli,2026-01-23,Hamburger SV,home,3-4-3,False,9,Abdoulie Ceesay,SUB,0,746884
St Pauli,2026-01-23,Hamburger SV,home,3-4-3,False,34,Jannik Robatsch,SUB,0,746884
Hamburger SV,2026-01-23,St Pauli,away,4-2-3-1,True,1,Daniel Heuer Fernandes,G,1,746884
Hamburger SV,2026-01-23,St Pauli,away,4-2-3-1,True,25,Jordan Torunarigha,CD-L,6,746884
Hamburger SV,2026-01-23,St Pauli,away,4-2-3-1,True,44,Luka Vuskovic,CD-R,5,746884
Hamburger SV,2026-01-23,St Pauli,away,4-2-3-1,True,28,Miro Muheim,LB,3,746884
Hamburger SV,2026-01-23,St Pauli,away,4-2-3-1,True,24,Nicolás Capaldo,RB,2,746884
Hamburger SV,2026-01-23,St Pauli,away,4-2-3-1,True,11,Ransford-Yeboah Königsdörffer,AM,10,746884
Hamburger SV,2026-01-23,St Pauli,away,4-2-3-1,True,21,Nicolai Remberg,LM,4,746884
Hamburger SV,2026-01-23,St Pauli,away,4-2-3-1,True,20,Fabio Vieira,RM,8,746884
Hamburger SV,2026-01-23,St Pauli,away,4-2-3-1,True,19,Damion Downs,F,9,746884
Hamburger SV,2026-01-23,St Pauli,away,4-2-3-1,True,38,Alexander Røssing-Lelesiit,AM-L,11,746884
Hamburger SV,2026-01-23,St Pauli,away,4-2-3-1,True,18,Bakery Jatta,AM-R,7,746884
Hamburger SV,2026-01-23,St Pauli,away,4-2-3-1,False,14,Rayan Philippe,SUB,0,746884
Hamburger SV,2026-01-23,St Pauli,away,4-2-3-1,False,6,Albert Sambi Lokonga,SUB,0,746884
Hamburger SV,2026-01-23,St Pauli,away,4-2-3-1,False,8,Daniel Elfadli,SUB,0,746884
Hamburger SV,2026-01-23,St Pauli,away,4-2-3-1,False,16,Giorgi Gocholeishvili,SUB,0,746884
Hamburger SV,2026-01-23,St Pauli,away,4-2-3-1,False,2,William Mikelbrencis,SUB,0,746884
Hamburger SV,2026-01-23,St Pauli,away,4-2-3-1,False,7,Jean-Luc Dompé,SUB,0,746884
Hamburger SV,2026-01-23,St Pauli,away,4-2-3-1,False,45,Fabio Baldé,SUB,0,746884
Hamburger SV,2026-01-23,St Pauli,away,4-2-3-1,False,12,Sander Tangvik,SUB,0,746884
Hamburger SV,2026-01-23,St Pauli,away,4-2-3-1,False,9,Robert Glatzel,SUB,0,746884
Heidenheim,2026-01-24,RB Leipzig,home,4-2-3-1,True,41,Diant Ramaj,G,1,746885
Heidenheim,2026-01-24,RB Leipzig,home,4-2-3-1,True,5,Benedikt Gimber,CD-L,6,746885
Heidenheim,2026-01-24,RB Leipzig,home,4-2-3-1,True,6,Patrick Mainka,CD-R,5,746885
Heidenheim,2026-01-24,RB Leipzig,home,4-2-3-1,True,19,Jonas Föhrenbach,LB,3,746885
Heidenheim,2026-01-24,RB Leipzig,home,4-2-3-1,True,25,Leonidas Stergiou,RB,2,746885
Heidenheim,2026-01-24,RB Leipzig,home,4-2-3-1,True,21,Adrian Beck,AM,10,746885
Heidenheim,2026-01-24,RB Leipzig,home,4-2-3-1,True,30,Niklas Dorsch,LM,4,746885
Heidenheim,2026-01-24,RB Leipzig,home,4-2-3-1,True,3,Jan Schöppner,RM,8,746885
Heidenheim,2026-01-24,RB Leipzig,home,4-2-3-1,True,18,Marvin Pieringer,F,9,746885
Heidenheim,2026-01-24,RB Leipzig,home,4-2-3-1,True,17,Mathias Honsak,AM-L,11,746885
Heidenheim,2026-01-24,RB Leipzig,home,4-2-3-1,True,22,Arijon Ibrahimovic,AM-R,7,746885
Heidenheim,2026-01-24,RB Leipzig,home,4-2-3-1,False,20,Luca Kerber,SUB,0,746885
Heidenheim,2026-01-24,RB Leipzig,home,4-2-3-1,False,9,Stefan Schimmer,SUB,0,746885
Heidenheim,2026-01-24,RB Leipzig,home,4-2-3-1,False,31,Sirlord Conteh,SUB,0,746885
Heidenheim,2026-01-24,RB Leipzig,home,4-2-3-1,False,26,Hennes Behrens,SUB,0,746885
Heidenheim,2026-01-24,RB Leipzig,home,4-2-3-1,False,23,Omar-Haktab Traoré,SUB,0,746885
Heidenheim,2026-01-24,RB Leipzig,home,4-2-3-1,False,16,Julian Niehues,SUB,0,746885
Heidenheim,2026-01-24,RB Leipzig,home,4-2-3-1,False,2,Marnon Busch,SUB,0,746885
Heidenheim,2026-01-24,RB Leipzig,home,4-2-3-1,False,40,Frank Feller,SUB,0,746885
Heidenheim,2026-01-24,RB Leipzig,home,4-2-3-1,False,4,Tim Siersleben,SUB,0,746885
RB Leipzig,2026-01-24,Heidenheim,away,4-3-3,True,1,Péter Gulácsi,G,1,746885
RB Leipzig,2026-01-24,Heidenheim,away,4-3-3,True,5,El Chadaille Bitshiabu,CD-L,6,746885
RB Leipzig,2026-01-24,Heidenheim,away,4-3-3,True,4,Willi Orbán,CD-R,5,746885
RB Leipzig,2026-01-24,Heidenheim,away,4-3-3,True,22,David Raum,LB,3,746885
RB Leipzig,2026-01-24,Heidenheim,away,4-3-3,True,17,Ridle Baku,RB,2,746885
RB Leipzig,2026-01-24,Heidenheim,away,4-3-3,True,13,Nicolas Seiwald,CM,4,746885
RB Leipzig,2026-01-24,Heidenheim,away,4-3-3,True,14,Christoph Baumgartner,LM,8,746885
RB Leipzig,2026-01-24,Heidenheim,away,4-3-3,True,24,Xaver Schlager,RM,7,746885
RB Leipzig,2026-01-24,Heidenheim,away,4-3-3,True,40,Rômulo,F,9,746885
RB Leipzig,2026-01-24,Heidenheim,away,4-3-3,True,7,Antonio Nusa,LF,11,746885
RB Leipzig,2026-01-24,Heidenheim,away,4-3-3,True,49,Yan Diomande,RF,10,746885
RB Leipzig,2026-01-24,Heidenheim,away,4-3-3,False,19,Kosta Nedeljkovic,SUB,0,746885
RB Leipzig,2026-01-24,Heidenheim,away,4-3-3,False,33,Andrija Maksimovic,SUB,0,746885
RB Leipzig,2026-01-24,Heidenheim,away,4-3-3,False,11,Conrad Harder,SUB,0,746885
RB Leipzig,2026-01-24,Heidenheim,away,4-3-3,False,27,Tidiam Gomis,SUB,0,746885
RB Leipzig,2026-01-24,Heidenheim,away,4-3-3,False,6,Ezechiel Banzuzi,SUB,0,746885
RB Leipzig,2026-01-24,Heidenheim,away,4-3-3,False,39,Benjamin Henrichs,SUB,0,746885
RB Leipzig,2026-01-24,Heidenheim,away,4-3-3,False,16,Lukas Klostermann,SUB,0,746885
RB Leipzig,2026-01-24,Heidenheim,away,4-3-3,False,35,Max Finkgrafe,SUB,0,746885
RB Leipzig,2026-01-24,Heidenheim,away,4-3-3,False,26,Maarten Vandevoordt,SUB,0,746885
Mainz 05,2026-01-24,Wolfsburg,home,3-5-2,True,33,Daniel Batz,G,1,746888
Mainz 05,2026-01-24,Wolfsburg,home,3-5-2,True,16,Stefan Bell,CD,5,746888
Mainz 05,2026-01-24,Wolfsburg,home,3-5-2,True,31,Dominik Kohr,CD-L,4,746888
Mainz 05,2026-01-24,Wolfsburg,home,3-5-2,True,4,Stefan Posch,CD-R,6,746888
Mainz 05,2026-01-24,Wolfsburg,home,3-5-2,True,7,Lee Jae-Sung,CM-L,8,746888
Mainz 05,2026-01-24,Wolfsburg,home,3-5-2,True,8,Paul Nebel,CM-R,7,746888
Mainz 05,2026-01-24,Wolfsburg,home,3-5-2,True,6,Kaishu Sano,AM,11,746888
Mainz 05,2026-01-24,Wolfsburg,home,3-5-2,True,30,Silvan Widmer,LM,3,746888
Mainz 05,2026-01-24,Wolfsburg,home,3-5-2,True,21,Danny da Costa,RM,2,746888
Mainz 05,2026-01-24,Wolfsburg,home,3-5-2,True,20,Phillip Tietz,CF-L,9,746888
Mainz 05,2026-01-24,Wolfsburg,home,3-5-2,True,17,Benedict Hollerbach,CF-R,10,746888
Mainz 05,2026-01-24,Wolfsburg,home,3-5-2,False,1,Lasse Rieß,SUB,0,746888
Mainz 05,2026-01-24,Wolfsburg,home,3-5-2,False,26,Silas Katompa-Mvumpa,SUB,0,746888
Mainz 05,2026-01-24,Wolfsburg,home,3-5-2,False,15,Lennard Maloney,SUB,0,746888
Mainz 05,2026-01-24,Wolfsburg,home,3-5-2,False,48,Kacper Potulski,SUB,0,746888
Mainz 05,2026-01-24,Wolfsburg,home,3-5-2,False,10,Nadiem Amiri,SUB,0,746888
Mainz 05,2026-01-24,Wolfsburg,home,3-5-2,False,44,Nelson Weiper,SUB,0,746888
Mainz 05,2026-01-24,Wolfsburg,home,3-5-2,False,14,William Bøving,SUB,0,746888
Mainz 05,2026-01-24,Wolfsburg,home,3-5-2,False,24,Sota Kawasaki,SUB,0,746888
Mainz 05,2026-01-24,Wolfsburg,home,3-5-2,False,2,Phillipp Mwene,SUB,0,746888
Wolfsburg,2026-01-24,Mainz 05,away,4-2-3-1,True,1,Kamil Grabara,G,1,746888
Wolfsburg,2026-01-24,Mainz 05,away,4-2-3-1,True,15,Moritz Jenz,CD-L,6,746888
Wolfsburg,2026-01-24,Mainz 05,away,4-2-3-1,True,3,Denis Vavro,CD-R,5,746888
Wolfsburg,2026-01-24,Mainz 05,away,4-2-3-1,True,25,Aaron Zehnter,LB,3,746888
Wolfsburg,2026-01-24,Mainz 05,away,4-2-3-1,True,26,Saël Kumbedi,RB,2,746888
Wolfsburg,2026-01-24,Mainz 05,away,4-2-3-1,True,24,Christian Eriksen,AM,10,746888
Wolfsburg,2026-01-24,Mainz 05,away,4-2-3-1,True,5,Vinicius Souza,LM,4,746888
Wolfsburg,2026-01-24,Mainz 05,away,4-2-3-1,True,31,Yannick Gerhardt,RM,8,746888
Wolfsburg,2026-01-24,Mainz 05,away,4-2-3-1,True,17,Dzenan Pejcinovic,F,9,746888
Wolfsburg,2026-01-24,Mainz 05,away,4-2-3-1,True,9,Mohamed Amoura,AM-L,11,746888
Wolfsburg,2026-01-24,Mainz 05,away,4-2-3-1,True,39,Patrick Wimmer,AM-R,7,746888
Wolfsburg,2026-01-24,Mainz 05,away,4-2-3-1,False,32,Mattias Svanberg,SUB,0,746888
Wolfsburg,2026-01-24,Mainz 05,away,4-2-3-1,False,41,Jan Bürger,SUB,0,746888
Wolfsburg,2026-01-24,Mainz 05,away,4-2-3-1,False,22,Mathys Angély,SUB,0,746888
Wolfsburg,2026-01-24,Mainz 05,away,4-2-3-1,False,2,Kilian Fischer,SUB,0,746888
Wolfsburg,2026-01-24,Mainz 05,away,4-2-3-1,False,19,Jesper Lindstrom,SUB,0,746888
Wolfsburg,2026-01-24,Mainz 05,away,4-2-3-1,False,11,Adam Daghim,SUB,0,746888
Wolfsburg,2026-01-24,Mainz 05,away,4-2-3-1,False,10,Lovro Majer,SUB,0,746888
Wolfsburg,2026-01-24,Mainz 05,away,4-2-3-1,False,29,Marius Müller,SUB,0,746888
Wolfsburg,2026-01-24,Mainz 05,away,4-2-3-1,False,7,Kento Shiogai,SUB,0,746888
Union Berlin,2026-01-24,Dortmund,home,3-4-2-1,True,1,Frederik Ronnow,G,1,746886
Union Berlin,2026-01-24,Dortmund,home,3-4-2-1,True,14,Leopold Querfeld,CD,5,746886
Union Berlin,2026-01-24,Dortmund,home,3-4-2-1,True,4,Diogo Leite,CD-L,4,746886
Union Berlin,2026-01-24,Dortmund,home,3-4-2-1,True,5,Danilho Doekhi,CD-R,6,746886
Union Berlin,2026-01-24,Dortmund,home,3-4-2-1,True,6,Aljoscha Kemlein,CM-L,8,746886
Union Berlin,2026-01-24,Dortmund,home,3-4-2-1,True,8,Rani Khedira,CM-R,7,746886
Union Berlin,2026-01-24,Dortmund,home,3-4-2-1,True,18,Josip Juranovic,LM,3,746886
Union Berlin,2026-01-24,Dortmund,home,3-4-2-1,True,19,Janik Haberer,RM,2,746886
Union Berlin,2026-01-24,Dortmund,home,3-4-2-1,True,23,Andrej Ilic,F,9,746886
Union Berlin,2026-01-24,Dortmund,home,3-4-2-1,True,10,Ilyas Ansah,CF-L,11,746886
Union Berlin,2026-01-24,Dortmund,home,3-4-2-1,True,11,Jeong Woo-Yeong,CF-R,10,746886
Union Berlin,2026-01-24,Dortmund,home,3-4-2-1,False,30,Dmytro Bohdanov,SUB,0,746886
Union Berlin,2026-01-24,Dortmund,home,3-4-2-1,False,28,Christopher Trimmel,SUB,0,746886
Union Berlin,2026-01-24,Dortmund,home,3-4-2-1,False,3,Andrik Markgraf,SUB,0,746886
Union Berlin,2026-01-24,Dortmund,home,3-4-2-1,False,9,Livan Burcu,SUB,0,746886
Union Berlin,2026-01-24,Dortmund,home,3-4-2-1,False,17,David Preu,SUB,0,746886
Union Berlin,2026-01-24,Dortmund,home,3-4-2-1,False,31,Matheo Raab,SUB,0,746886
Union Berlin,2026-01-24,Dortmund,home,3-4-2-1,False,7,Oliver Burke,SUB,0,746886
Union Berlin,2026-01-24,Dortmund,home,3-4-2-1,False,13,András Schäfer,SUB,0,746886
Union Berlin,2026-01-24,Dortmund,home,3-4-2-1,False,34,Stanley N'Soki,SUB,0,746886
Dortmund,2026-01-24,Union Berlin,away,3-4-2-1,True,1,Gregor Kobel,G,1,746886
Dortmund,2026-01-24,Union Berlin,away,3-4-2-1,True,3,Waldemar Anton,CD,5,746886
Dortmund,2026-01-24,Union Berlin,away,3-4-2-1,True,4,Nico Schlotterbeck,CD-L,4,746886
Dortmund,2026-01-24,Union Berlin,away,3-4-2-1,True,23,Emre Can,CD-R,6,746886
Dortmund,2026-01-24,Union Berlin,away,3-4-2-1,True,8,Felix Nmecha,CM-L,8,746886
Dortmund,2026-01-24,Union Berlin,away,3-4-2-1,True,7,Jobe Bellingham,CM-R,7,746886
Dortmund,2026-01-24,Union Berlin,away,3-4-2-1,True,24,Daniel Svensson,LM,3,746886
Dortmund,2026-01-24,Union Berlin,away,3-4-2-1,True,26,Julian Ryerson,RM,2,746886
Dortmund,2026-01-24,Union Berlin,away,3-4-2-1,True,9,Serhou Guirassy,F,9,746886
Dortmund,2026-01-24,Union Berlin,away,3-4-2-1,True,21,Fábio Silva,CF-L,11,746886
Dortmund,2026-01-24,Union Berlin,away,3-4-2-1,True,14,Maximilian Beier,CF-R,10,746886
Dortmund,2026-01-24,Union Berlin,away,3-4-2-1,False,6,Salih Özcan,SUB,0,746886
Dortmund,2026-01-24,Union Berlin,away,3-4-2-1,False,2,Yan Couto,SUB,0,746886
Dortmund,2026-01-24,Union Berlin,away,3-4-2-1,False,27,Karim Adeyemi,SUB,0,746886
Dortmund,2026-01-24,Union Berlin,away,3-4-2-1,False,5,Ramy Bensebaini,SUB,0,746886
Dortmund,2026-01-24,Union Berlin,away,3-4-2-1,False,39,Filippo Mané,SUB,0,746886
Dortmund,2026-01-24,Union Berlin,away,3-4-2-1,False,33,Alexander Meyer,SUB,0,746886
Dortmund,2026-01-24,Union Berlin,away,3-4-2-1,False,28,Aaron Anselmino,SUB,0,746886
Dortmund,2026-01-24,Union Berlin,away,3-4-2-1,False,10,Julian Brandt,SUB,0,746886
Dortmund,2026-01-24,Union Berlin,away,3-4-2-1,False,17,Carney Chukwuemeka,SUB,0,746886
Gladbach,2026-01-25,Stuttgart,home,4-2-3-1,True,33,Moritz Nicolas,G,1,746882
Gladbach,2026-01-25,Stuttgart,home,4-2-3-1,True,30,Nico Elvedi,CD-L,6,746882
Gladbach,2026-01-25,Stuttgart,home,4-2-3-1,True,14,Kota Takai,CD-R,5,746882
Gladbach,2026-01-25,Stuttgart,home,4-2-3-1,True,26,Lukas Ullrich,LB,3,746882
Gladbach,2026-01-25,Stuttgart,home,4-2-3-1,True,29,Joe Scally,RB,2,746882
Gladbach,2026-01-25,Stuttgart,home,4-2-3-1,True,27,Rocco Reitz,AM,10,746882
Gladbach,2026-01-25,Stuttgart,home,4-2-3-1,True,10,Florian Neuhaus,LM,4,746882
Gladbach,2026-01-25,Stuttgart,home,4-2-3-1,True,16,Philipp Sander,RM,8,746882
Gladbach,2026-01-25,Stuttgart,home,4-2-3-1,True,15,Haris Tabakovic,F,9,746882
Gladbach,2026-01-25,Stuttgart,home,4-2-3-1,True,18,Shuto Machino,AM-L,11,746882
Gladbach,2026-01-25,Stuttgart,home,4-2-3-1,True,9,Franck Honorat,AM-R,7,746882
Gladbach,2026-01-25,Stuttgart,home,4-2-3-1,False,7,Kevin Stöger,SUB,0,746882
Gladbach,2026-01-25,Stuttgart,home,4-2-3-1,False,28,Grant-Leon Ranos,SUB,0,746882
Gladbach,2026-01-25,Stuttgart,home,4-2-3-1,False,1,Jonas Omlin,SUB,0,746882
Gladbach,2026-01-25,Stuttgart,home,4-2-3-1,False,8,Alejo Sarco,SUB,0,746882
Gladbach,2026-01-25,Stuttgart,home,4-2-3-1,False,20,Luca Netz,SUB,0,746882
Gladbach,2026-01-25,Stuttgart,home,4-2-3-1,False,2,Fabio Chiarodia,SUB,0,746882
Gladbach,2026-01-25,Stuttgart,home,4-2-3-1,False,5,Marvin Friedrich,SUB,0,746882
Gladbach,2026-01-25,Stuttgart,home,4-2-3-1,False,36,Wael Mohya,SUB,0,746882
Gladbach,2026-01-25,Stuttgart,home,4-2-3-1,False,6,Yannick Engelhardt,SUB,0,746882
Stuttgart,2026-01-25,Gladbach,away,4-2-3-1,True,33,Alexander Nübel,G,1,746882
Stuttgart,2026-01-25,Gladbach,away,4-2-3-1,True,24,Jeff Chabot,CD-L,6,746882
Stuttgart,2026-01-25,Gladbach,away,4-2-3-1,True,29,Finn Jeltsch,CD-R,5,746882
Stuttgart,2026-01-25,Gladbach,away,4-2-3-1,True,3,Ramon Hendriks,LB,3,746882
Stuttgart,2026-01-25,Gladbach,away,4-2-3-1,True,4,Josha Vagnoman,RB,2,746882
Stuttgart,2026-01-25,Gladbach,away,4-2-3-1,True,28,Nikolas Nartey,AM,10,746882
Stuttgart,2026-01-25,Gladbach,away,4-2-3-1,True,6,Angelo Stiller,LM,4,746882
Stuttgart,2026-01-25,Gladbach,away,4-2-3-1,True,16,Atakan Karazor,RM,8,746882
Stuttgart,2026-01-25,Gladbach,away,4-2-3-1,True,9,Ermedin Demirovic,F,9,746882
Stuttgart,2026-01-25,Gladbach,away,4-2-3-1,True,18,Jamie Leweling,AM-L,11,746882
Stuttgart,2026-01-25,Gladbach,away,4-2-3-1,True,27,Badredine Bouanani,AM-R,7,746882
Stuttgart,2026-01-25,Gladbach,away,4-2-3-1,False,7,Maximilian Mittelstädt,SUB,0,746882
Stuttgart,2026-01-25,Gladbach,away,4-2-3-1,False,1,Fabian Bredlow,SUB,0,746882
Stuttgart,2026-01-25,Gladbach,away,4-2-3-1,False,15,Pascal Stenzel,SUB,0,746882
Stuttgart,2026-01-25,Gladbach,away,4-2-3-1,False,22,Lorenz Assignon,SUB,0,746882
Stuttgart,2026-01-25,Gladbach,away,4-2-3-1,False,26,Deniz Undav,SUB,0,746882
Stuttgart,2026-01-25,Gladbach,away,4-2-3-1,False,30,Chema Andrés,SUB,0,746882
Stuttgart,2026-01-25,Gladbach,away,4-2-3-1,False,11,Bilal El Khannouss,SUB,0,746882
Stuttgart,2026-01-25,Gladbach,away,4-2-3-1,False,10,Chris Führich,SUB,0,746882
Stuttgart,2026-01-25,Gladbach,away,4-2-3-1,False,2,Ameen Al Dakhil,SUB,0,746882
Augsburg,2026-01-31,St Pauli,home,3-4-2-1,True,1,Finn Dahmen,G,1,746891
Augsburg,2026-01-31,St Pauli,home,3-4-2-1,True,31,Keven Schlotterbeck,CD,5,746891
Augsburg,2026-01-31,St Pauli,home,3-4-2-1,True,40,Noahkai Banks,CD-L,4,746891
Augsburg,2026-01-31,St Pauli,home,3-4-2-1,True,34,Arthur Chaves,CD-R,6,746891
Augsburg,2026-01-31,St Pauli,home,3-4-2-1,True,8,Elvis Rexhbecaj,CM-L,8,746891
Augsburg,2026-01-31,St Pauli,home,3-4-2-1,True,4,Han-Noah Massengo,CM-R,7,746891
Augsburg,2026-01-31,St Pauli,home,3-4-2-1,True,27,Marius Wolf,LM,3,746891
Augsburg,2026-01-31,St Pauli,home,3-4-2-1,True,19,Robin Fellhauer,RM,2,746891
Augsburg,2026-01-31,St Pauli,home,3-4-2-1,True,38,Michael Gregoritsch,F,9,746891
Augsburg,2026-01-31,St Pauli,home,3-4-2-1,True,20,Alexis Claude-Maurice,CF-L,11,746891
Augsburg,2026-01-31,St Pauli,home,3-4-2-1,True,32,Fabian Rieder,CF-R,10,746891
Augsburg,2026-01-31,St Pauli,home,3-4-2-1,False,36,Mert Kömür,SUB,0,746891
Augsburg,2026-01-31,St Pauli,home,3-4-2-1,False,21,Rodrigo Ribeiro,SUB,0,746891
Augsburg,2026-01-31,St Pauli,home,3-4-2-1,False,14,Yannik Keitel,SUB,0,746891
Augsburg,2026-01-31,St Pauli,home,3-4-2-1,False,16,Cédric Zesiger,SUB,0,746891
Augsburg,2026-01-31,St Pauli,home,3-4-2-1,False,3,Mads Pedersen,SUB,0,746891
Augsburg,2026-01-31,St Pauli,home,3-4-2-1,False,22,Nediljko Labrovic,SUB,0,746891
Augsburg,2026-01-31,St Pauli,home,3-4-2-1,False,9,Samuel Essende,SUB,0,746891
Augsburg,2026-01-31,St Pauli,home,3-4-2-1,False,11,Ismaël Gharbi,SUB,0,746891
Augsburg,2026-01-31,St Pauli,home,3-4-2-1,False,30,Anton Kade,SUB,0,746891
St Pauli,2026-01-31,Augsburg,away,3-4-2-1,True,22,Nikola Vasilj,G,1,746891
St Pauli,2026-01-31,Augsburg,away,3-4-2-1,True,8,Eric Smith,CD,5,746891
St Pauli,2026-01-31,Augsburg,away,3-4-2-1,True,3,Karol Mets,CD-L,4,746891
St Pauli,2026-01-31,Augsburg,away,3-4-2-1,True,15,Tomoya Ando,CD-R,6,746891
St Pauli,2026-01-31,Augsburg,away,3-4-2-1,True,6,James Sands,CM-L,8,746891
St Pauli,2026-01-31,Augsburg,away,3-4-2-1,True,20,Mathias Rasmussen,CM-R,7,746891
St Pauli,2026-01-31,Augsburg,away,3-4-2-1,True,11,Arkadiusz Pyrka,LM,3,746891
St Pauli,2026-01-31,Augsburg,away,3-4-2-1,True,2,Manolis Saliakas,RM,2,746891
St Pauli,2026-01-31,Augsburg,away,3-4-2-1,True,26,Ricky-Jade Jones,F,9,746891
St Pauli,2026-01-31,Augsburg,away,3-4-2-1,True,16,Joel Chima Fujita,CF-L,11,746891
St Pauli,2026-01-31,Augsburg,away,3-4-2-1,True,10,Danel Sinani,CF-R,10,746891
St Pauli,2026-01-31,Augsburg,away,3-4-2-1,False,23,Louis Oppie,SUB,0,746891
St Pauli,2026-01-31,Augsburg,away,3-4-2-1,False,14,Fin Stevens,SUB,0,746891
St Pauli,2026-01-31,Augsburg,away,3-4-2-1,False,9,Abdoulie Ceesay,SUB,0,746891
St Pauli,2026-01-31,Augsburg,away,3-4-2-1,False,7,Jackson Irvine,SUB,0,746891
St Pauli,2026-01-31,Augsburg,away,3-4-2-1,False,34,Jannik Robatsch,SUB,0,746891
St Pauli,2026-01-31,Augsburg,away,3-4-2-1,False,1,Ben Voll,SUB,0,746891
St Pauli,2026-01-31,Augsburg,away,3-4-2-1,False,21,Lars Ritzka,SUB,0,746891
St Pauli,2026-01-31,Augsburg,away,3-4-2-1,False,19,Martijn Kaars,SUB,0,746891
St Pauli,2026-01-31,Augsburg,away,3-4-2-1,False,28,Mathias Pereira Lage,SUB,0,746891
Köln,2026-01-30,Wolfsburg,home,4-4-2,True,1,Marvin Schwäbe,G,1,746894
Köln,2026-01-30,Wolfsburg,home,4-4-2,True,39,Cenk Özkacar,CD-L,6,746894
Köln,2026-01-30,Wolfsburg,home,4-4-2,True,28,Sebastian Sebulonsen,CD-R,5,746894
Köln,2026-01-30,Wolfsburg,home,4-4-2,True,32,Kristoffer Lund,LB,3,746894
Köln,2026-01-30,Wolfsburg,home,4-4-2,True,17,Alessio Castro-Montes,RB,2,746894
Köln,2026-01-30,Wolfsburg,home,4-4-2,True,5,Tom Krauss,CM-L,8,746894
Köln,2026-01-30,Wolfsburg,home,4-4-2,True,6,Eric Martel,CM-R,4,746894
Köln,2026-01-30,Wolfsburg,home,4-4-2,True,16,Jakub Kaminski,LM,11,746894
Köln,2026-01-30,Wolfsburg,home,4-4-2,True,37,Linton Maina,RM,7,746894
Köln,2026-01-30,Wolfsburg,home,4-4-2,True,30,Marius Bulter,CF-L,9,746894
Köln,2026-01-30,Wolfsburg,home,4-4-2,True,9,Ragnar Ache,CF-R,10,746894
Köln,2026-01-30,Wolfsburg,home,4-4-2,False,20,Ron-Robert Zieler,SUB,0,746894
Köln,2026-01-30,Wolfsburg,home,4-4-2,False,8,Denis Huseinbasic,SUB,0,746894
Köln,2026-01-30,Wolfsburg,home,4-4-2,False,18,Ísak Jóhannesson,SUB,0,746894
Köln,2026-01-30,Wolfsburg,home,4-4-2,False,40,Fynn Schenten,SUB,0,746894
Köln,2026-01-30,Wolfsburg,home,4-4-2,False,13,Said El Mala,SUB,0,746894
Köln,2026-01-30,Wolfsburg,home,4-4-2,False,38,Youssoupha Niang,SUB,0,746894
Köln,2026-01-30,Wolfsburg,home,4-4-2,False,29,Jan Thielmann,SUB,0,746894
Köln,2026-01-30,Wolfsburg,home,4-4-2,False,7,Luca Waldschmidt,SUB,0,746894
Köln,2026-01-30,Wolfsburg,home,4-4-2,False,33,Rav van den Berg,SUB,0,746894
Wolfsburg,2026-01-30,Köln,away,4-2-3-1,True,1,Kamil Grabara,G,1,746894
Wolfsburg,2026-01-30,Köln,away,4-2-3-1,True,15,Moritz Jenz,CD-L,6,746894
Wolfsburg,2026-01-30,Köln,away,4-2-3-1,True,3,Denis Vavro,CD-R,5,746894
Wolfsburg,2026-01-30,Köln,away,4-2-3-1,True,31,Yannick Gerhardt,LB,3,746894
Wolfsburg,2026-01-30,Köln,away,4-2-3-1,True,2,Kilian Fischer,RB,2,746894
Wolfsburg,2026-01-30,Köln,away,4-2-3-1,True,10,Lovro Majer,AM,10,746894
Wolfsburg,2026-01-30,Köln,away,4-2-3-1,True,27,Maximilian Arnold,LM,4,746894
Wolfsburg,2026-01-30,Köln,away,4-2-3-1,True,5,Vinicius Souza,RM,8,746894
Wolfsburg,2026-01-30,Köln,away,4-2-3-1,True,17,Dzenan Pejcinovic,F,9,746894
Wolfsburg,2026-01-30,Köln,away,4-2-3-1,True,39,Patrick Wimmer,AM-L,11,746894
Wolfsburg,2026-01-30,Köln,away,4-2-3-1,True,24,Christian Eriksen,AM-R,7,746894
Wolfsburg,2026-01-30,Köln,away,4-2-3-1,False,7,Kento Shiogai,SUB,0,746894
Wolfsburg,2026-01-30,Köln,away,4-2-3-1,False,26,Saël Kumbedi,SUB,0,746894
Wolfsburg,2026-01-30,Köln,away,4-2-3-1,False,29,Marius Müller,SUB,0,746894
Wolfsburg,2026-01-30,Köln,away,4-2-3-1,False,37,Pharell Hensel,SUB,0,746894
Wolfsburg,2026-01-30,Köln,away,4-2-3-1,False,25,Aaron Zehnter,SUB,0,746894
Wolfsburg,2026-01-30,Köln,away,4-2-3-1,False,19,Jesper Lindstrom,SUB,0,746894
Wolfsburg,2026-01-30,Köln,away,4-2-3-1,False,4,Konstantinos Koulierakis,SUB,0,746894
Wolfsburg,2026-01-30,Köln,away,4-2-3-1,False,32,Mattias Svanberg,SUB,0,746894
Wolfsburg,2026-01-30,Köln,away,4-2-3-1,False,11,Adam Daghim,SUB,0,746894
Frankfurt,2026-01-31,Leverkusen,home,3-4-2-1,True,40,Kauã Santos,G,1,746890
Frankfurt,2026-01-31,Leverkusen,home,3-4-2-1,True,4,Robin Koch,CD,5,746890
Frankfurt,2026-01-31,Leverkusen,home,3-4-2-1,True,3,Arthur Theate,CD-L,4,746890
Frankfurt,2026-01-31,Leverkusen,home,3-4-2-1,True,5,Aurèle Amenda,CD-R,6,746890
Frankfurt,2026-01-31,Leverkusen,home,3-4-2-1,True,15,Ellyes Skhiri,CM-L,8,746890
Frankfurt,2026-01-31,Leverkusen,home,3-4-2-1,True,16,Hugo Larsson,CM-R,7,746890
Frankfurt,2026-01-31,Leverkusen,home,3-4-2-1,True,21,Nathaniel Brown,LM,3,746890
Frankfurt,2026-01-31,Leverkusen,home,3-4-2-1,True,13,Rasmus Kristensen,RM,2,746890
Frankfurt,2026-01-31,Leverkusen,home,3-4-2-1,True,25,Arnaud Kalimuendo,F,9,746890
Frankfurt,2026-01-31,Leverkusen,home,3-4-2-1,True,27,Mario Götze,CF-L,11,746890
Frankfurt,2026-01-31,Leverkusen,home,3-4-2-1,True,20,Ritsu Doan,CF-R,10,746890
Frankfurt,2026-01-31,Leverkusen,home,3-4-2-1,False,7,Ansgar Knauff,SUB,0,746890
Frankfurt,2026-01-31,Leverkusen,home,3-4-2-1,False,29,Ayoube Amaimouni,SUB,0,746890
Frankfurt,2026-01-31,Leverkusen,home,3-4-2-1,False,26,Keita Kosugi,SUB,0,746890
Frankfurt,2026-01-31,Leverkusen,home,3-4-2-1,False,6,Oscar Højlund,SUB,0,746890
Frankfurt,2026-01-31,Leverkusen,home,3-4-2-1,False,19,Jean-Mattéo Bahoya,SUB,0,746890
Frankfurt,2026-01-31,Leverkusen,home,3-4-2-1,False,18,Mahmoud Dahoud,SUB,0,746890
Frankfurt,2026-01-31,Leverkusen,home,3-4-2-1,False,23,Michael Zetterer,SUB,0,746890
Frankfurt,2026-01-31,Leverkusen,home,3-4-2-1,False,8,Farès Chaïbi,SUB,0,746890
Frankfurt,2026-01-31,Leverkusen,home,3-4-2-1,False,41,Fousseny Doumbia,SUB,0,746890
Leverkusen,2026-01-31,Frankfurt,away,3-4-2-1,True,28,Janis Blaswich,G,1,746890
Leverkusen,2026-01-31,Frankfurt,away,3-4-2-1,True,8,Robert Andrich,CD,5,746890
Leverkusen,2026-01-31,Frankfurt,away,3-4-2-1,True,12,Edmond Tapsoba,CD-L,4,746890
Leverkusen,2026-01-31,Frankfurt,away,3-4-2-1,True,4,Jarell Quansah,CD-R,6,746890
Leverkusen,2026-01-31,Frankfurt,away,3-4-2-1,True,24,Aleix García,CM-L,8,746890
Leverkusen,2026-01-31,Frankfurt,away,3-4-2-1,True,6,Ezequiel Fernández,CM-R,7,746890
Leverkusen,2026-01-31,Frankfurt,away,3-4-2-1,True,20,Alejandro Grimaldo,LM,3,746890
Leverkusen,2026-01-31,Frankfurt,away,3-4-2-1,True,13,Arthur,RM,2,746890
Leverkusen,2026-01-31,Frankfurt,away,3-4-2-1,True,35,Christian Kofane,F,9,746890
Leverkusen,2026-01-31,Frankfurt,away,3-4-2-1,True,11,Martin Terrier,CF-L,11,746890
Leverkusen,2026-01-31,Frankfurt,away,3-4-2-1,True,10,Malik Tillman,CF-R,10,746890
Leverkusen,2026-01-31,Frankfurt,away,3-4-2-1,False,42,Montrell Culbreath,SUB,0,746890
Leverkusen,2026-01-31,Frankfurt,away,3-4-2-1,False,44,Jeanuël Belocian,SUB,0,746890
Leverkusen,2026-01-31,Frankfurt,away,3-4-2-1,False,19,Ernest Poku,SUB,0,746890
Leverkusen,2026-01-31,Frankfurt,away,3-4-2-1,False,7,Jonas Hofmann,SUB,0,746890
Leverkusen,2026-01-31,Frankfurt,away,3-4-2-1,False,14,Patrik Schick,SUB,0,746890
Leverkusen,2026-01-31,Frankfurt,away,3-4-2-1,False,16,Axel Tape,SUB,0,746890
Leverkusen,2026-01-31,Frankfurt,away,3-4-2-1,False,18,Jonas Omlin,SUB,0,746890
Leverkusen,2026-01-31,Frankfurt,away,3-4-2-1,False,21,Lucas Vázquez,SUB,0,746890
Leverkusen,2026-01-31,Frankfurt,away,3-4-2-1,False,25,Exequiel Palacios,SUB,0,746890
Augsburg,2026-01-18,Freiburg,home,3-4-2-1,True,1,Finn Dahmen,G,1,746877
Augsburg,2026-01-18,Freiburg,home,3-4-2-1,True,14,Yannik Keitel,CD,5,746877
Augsburg,2026-01-18,Freiburg,home,3-4-2-1,True,31,Keven Schlotterbeck,CD-L,4,746877
Augsburg,2026-01-18,Freiburg,home,3-4-2-1,True,40,Noahkai Banks,CD-R,6,746877
Augsburg,2026-01-18,Freiburg,home,3-4-2-1,True,4,Han-Noah Massengo,CM-L,8,746877
Augsburg,2026-01-18,Freiburg,home,3-4-2-1,True,17,Kristijan Jakic,CM-R,7,746877
Augsburg,2026-01-18,Freiburg,home,3-4-2-1,True,13,Dimitris Giannoulis,LM,3,746877
Augsburg,2026-01-18,Freiburg,home,3-4-2-1,True,19,Robin Fellhauer,RM,2,746877
Augsburg,2026-01-18,Freiburg,home,3-4-2-1,True,38,Michael Gregoritsch,F,9,746877
Augsburg,2026-01-18,Freiburg,home,3-4-2-1,True,20,Alexis Claude-Maurice,CF-L,11,746877
Augsburg,2026-01-18,Freiburg,home,3-4-2-1,True,32,Fabian Rieder,CF-R,10,746877
Augsburg,2026-01-18,Freiburg,home,3-4-2-1,False,21,Rodrigo Ribeiro,SUB,0,746877
Augsburg,2026-01-18,Freiburg,home,3-4-2-1,False,3,Mads Pedersen,SUB,0,746877
Augsburg,2026-01-18,Freiburg,home,3-4-2-1,False,27,Marius Wolf,SUB,0,746877
Augsburg,2026-01-18,Freiburg,home,3-4-2-1,False,22,Nediljko Labrovic,SUB,0,746877
Augsburg,2026-01-18,Freiburg,home,3-4-2-1,False,30,Anton Kade,SUB,0,746877
Augsburg,2026-01-18,Freiburg,home,3-4-2-1,False,9,Samuel Essende,SUB,0,746877
Augsburg,2026-01-18,Freiburg,home,3-4-2-1,False,8,Elvis Rexhbecaj,SUB,0,746877
Augsburg,2026-01-18,Freiburg,home,3-4-2-1,False,36,Mert Kömür,SUB,0,746877
Augsburg,2026-01-18,Freiburg,home,3-4-2-1,False,16,Cédric Zesiger,SUB,0,746877
Freiburg,2026-01-18,Augsburg,away,4-2-3-1,True,1,Noah Atubolu,G,1,746877
Freiburg,2026-01-18,Augsburg,away,4-2-3-1,True,43,Ifechukwu Ogbus,CD-L,6,746877
Freiburg,2026-01-18,Augsburg,away,4-2-3-1,True,28,Matthias Ginter,CD-R,5,746877
Freiburg,2026-01-18,Augsburg,away,4-2-3-1,True,33,Jordy Makengo,LB,3,746877
Freiburg,2026-01-18,Augsburg,away,4-2-3-1,True,17,Lukas Kübler,RB,2,746877
Freiburg,2026-01-18,Augsburg,away,4-2-3-1,True,9,Lucas Höler,AM,10,746877
Freiburg,2026-01-18,Augsburg,away,4-2-3-1,True,44,Johan Manzambi,LM,4,746877
Freiburg,2026-01-18,Augsburg,away,4-2-3-1,True,8,Maximilian Eggestein,RM,8,746877
Freiburg,2026-01-18,Augsburg,away,4-2-3-1,True,31,Igor Matanovic,F,9,746877
Freiburg,2026-01-18,Augsburg,away,4-2-3-1,True,32,Vincenzo Grifo,AM-L,11,746877
Freiburg,2026-01-18,Augsburg,away,4-2-3-1,True,29,Philipp Treu,AM-R,7,746877
Freiburg,2026-01-18,Augsburg,away,4-2-3-1,False,6,Patrick Osterhage,SUB,0,746877
Freiburg,2026-01-18,Augsburg,away,4-2-3-1,False,14,Yuito Suzuki,SUB,0,746877
Freiburg,2026-01-18,Augsburg,away,4-2-3-1,False,7,Derry Scherhant,SUB,0,746877
Freiburg,2026-01-18,Augsburg,away,4-2-3-1,False,21,Florian Müller,SUB,0,746877
Freiburg,2026-01-18,Augsburg,away,4-2-3-1,False,30,Christian Günter,SUB,0,746877
Freiburg,2026-01-18,Augsburg,away,4-2-3-1,False,27,Nicolas Höfler,SUB,0,746877
Freiburg,2026-01-18,Augsburg,away,4-2-3-1,False,37,Max Rosenfelder,SUB,0,746877
Freiburg,2026-01-18,Augsburg,away,4-2-3-1,False,20,Junior Adamu,SUB,0,746877
Freiburg,2026-01-18,Augsburg,away,4-2-3-1,False,19,Niklas Beste,SUB,0,746877
Hoffenheim,2026-01-31,Union Berlin,home,4-3-3,True,1,Oliver Baumann,G,1,746897
Hoffenheim,2026-01-31,Union Berlin,home,4-3-3,True,5,Ozan Kabak,CD-L,6,746897
Hoffenheim,2026-01-31,Union Berlin,home,4-3-3,True,2,Robin Hranác,CD-R,5,746897
Hoffenheim,2026-01-31,Union Berlin,home,4-3-3,True,21,Albian Hajdari,LB,3,746897
Hoffenheim,2026-01-31,Union Berlin,home,4-3-3,True,34,Vladimír Coufal,RB,2,746897
Hoffenheim,2026-01-31,Union Berlin,home,4-3-3,True,7,Leon Avdullahu,CM,4,746897
Hoffenheim,2026-01-31,Union Berlin,home,4-3-3,True,6,Grischa Prömel,LM,8,746897
Hoffenheim,2026-01-31,Union Berlin,home,4-3-3,True,27,Andrej Kramaric,RM,7,746897
Hoffenheim,2026-01-31,Union Berlin,home,4-3-3,True,11,Fisnik Asllani,F,9,746897
Hoffenheim,2026-01-31,Union Berlin,home,4-3-3,True,29,Bazoumana Touré,LF,11,746897
Hoffenheim,2026-01-31,Union Berlin,home,4-3-3,True,19,Tim Lemperle,RF,10,746897
Hoffenheim,2026-01-31,Union Berlin,home,4-3-3,False,25,Kevin Akpoguma,SUB,0,746897
Hoffenheim,2026-01-31,Union Berlin,home,4-3-3,False,37,Luca Philipp,SUB,0,746897
Hoffenheim,2026-01-31,Union Berlin,home,4-3-3,False,33,Max Moerstedt,SUB,0,746897
Hoffenheim,2026-01-31,Union Berlin,home,4-3-3,False,15,Valentin Gendrey,SUB,0,746897
Hoffenheim,2026-01-31,Union Berlin,home,4-3-3,False,10,Muhammed Damar,SUB,0,746897
Hoffenheim,2026-01-31,Union Berlin,home,4-3-3,False,48,Luka Djuric,SUB,0,746897
Hoffenheim,2026-01-31,Union Berlin,home,4-3-3,False,22,Alexander Prass,SUB,0,746897
Hoffenheim,2026-01-31,Union Berlin,home,4-3-3,False,9,Ihlas Bebou,SUB,0,746897
Hoffenheim,2026-01-31,Union Berlin,home,4-3-3,False,13,Bernardo,SUB,0,746897
Union Berlin,2026-01-31,Hoffenheim,away,3-4-2-1,True,1,Frederik Ronnow,G,1,746897
Union Berlin,2026-01-31,Hoffenheim,away,3-4-2-1,True,14,Leopold Querfeld,CD,5,746897
Union Berlin,2026-01-31,Hoffenheim,away,3-4-2-1,True,4,Diogo Leite,CD-L,4,746897
Union Berlin,2026-01-31,Hoffenheim,away,3-4-2-1,True,5,Danilho Doekhi,CD-R,6,746897
Union Berlin,2026-01-31,Hoffenheim,away,3-4-2-1,True,6,Aljoscha Kemlein,CM-L,8,746897
Union Berlin,2026-01-31,Hoffenheim,away,3-4-2-1,True,8,Rani Khedira,CM-R,7,746897
Union Berlin,2026-01-31,Hoffenheim,away,3-4-2-1,True,34,Stanley N'Soki,LM,3,746897
Union Berlin,2026-01-31,Hoffenheim,away,3-4-2-1,True,19,Janik Haberer,RM,2,746897
Union Berlin,2026-01-31,Hoffenheim,away,3-4-2-1,True,23,Andrej Ilic,F,9,746897
Union Berlin,2026-01-31,Hoffenheim,away,3-4-2-1,True,11,Jeong Woo-Yeong,CF-L,11,746897
Union Berlin,2026-01-31,Hoffenheim,away,3-4-2-1,True,7,Oliver Burke,CF-R,10,746897
Union Berlin,2026-01-31,Hoffenheim,away,3-4-2-1,False,9,Livan Burcu,SUB,0,746897
Union Berlin,2026-01-31,Hoffenheim,away,3-4-2-1,False,28,Christopher Trimmel,SUB,0,746897
Union Berlin,2026-01-31,Hoffenheim,away,3-4-2-1,False,33,Alex Král,SUB,0,746897
Union Berlin,2026-01-31,Hoffenheim,away,3-4-2-1,False,31,Matheo Raab,SUB,0,746897
Union Berlin,2026-01-31,Hoffenheim,away,3-4-2-1,False,10,Ilyas Ansah,SUB,0,746897
Union Berlin,2026-01-31,Hoffenheim,away,3-4-2-1,False,39,Derrick Köhn,SUB,0,746897
Union Berlin,2026-01-31,Hoffenheim,away,3-4-2-1,False,13,András Schäfer,SUB,0,746897
Union Berlin,2026-01-31,Hoffenheim,away,3-4-2-1,False,21,Tim Skarke,SUB,0,746897
Union Berlin,2026-01-31,Hoffenheim,away,3-4-2-1,False,17,David Preu,SUB,0,746897
RB Leipzig,2026-01-31,Mainz 05,home,4-4-1-1,True,1,Péter Gulácsi,G,1,746893
RB Leipzig,2026-01-31,Mainz 05,home,4-4-1-1,True,5,El Chadaille Bitshiabu,CD-L,6,746893
RB Leipzig,2026-01-31,Mainz 05,home,4-4-1-1,True,4,Willi Orbán,CD-R,5,746893
RB Leipzig,2026-01-31,Mainz 05,home,4-4-1-1,True,22,David Raum,LB,3,746893
RB Leipzig,2026-01-31,Mainz 05,home,4-4-1-1,True,17,Ridle Baku,RB,2,746893
RB Leipzig,2026-01-31,Mainz 05,home,4-4-1-1,True,24,Xaver Schlager,CM-L,8,746893
RB Leipzig,2026-01-31,Mainz 05,home,4-4-1-1,True,13,Nicolas Seiwald,CM-R,4,746893
RB Leipzig,2026-01-31,Mainz 05,home,4-4-1-1,True,7,Antonio Nusa,LM,11,746893
RB Leipzig,2026-01-31,Mainz 05,home,4-4-1-1,True,49,Yan Diomande,RM,7,746893
RB Leipzig,2026-01-31,Mainz 05,home,4-4-1-1,True,11,Conrad Harder,F,9,746893
RB Leipzig,2026-01-31,Mainz 05,home,4-4-1-1,True,40,Rômulo,RCF,10,746893
RB Leipzig,2026-01-31,Mainz 05,home,4-4-1-1,False,6,Ezechiel Banzuzi,SUB,0,746893
RB Leipzig,2026-01-31,Mainz 05,home,4-4-1-1,False,26,Maarten Vandevoordt,SUB,0,746893
RB Leipzig,2026-01-31,Mainz 05,home,4-4-1-1,False,35,Max Finkgrafe,SUB,0,746893
RB Leipzig,2026-01-31,Mainz 05,home,4-4-1-1,False,19,Kosta Nedeljkovic,SUB,0,746893
RB Leipzig,2026-01-31,Mainz 05,home,4-4-1-1,False,33,Andrija Maksimovic,SUB,0,746893
RB Leipzig,2026-01-31,Mainz 05,home,4-4-1-1,False,27,Tidiam Gomis,SUB,0,746893
RB Leipzig,2026-01-31,Mainz 05,home,4-4-1-1,False,9,Johan Bakayoko,SUB,0,746893
RB Leipzig,2026-01-31,Mainz 05,home,4-4-1-1,False,16,Lukas Klostermann,SUB,0,746893
RB Leipzig,2026-01-31,Mainz 05,home,4-4-1-1,False,39,Benjamin Henrichs,SUB,0,746893
Mainz 05,2026-01-31,RB Leipzig,away,3-5-2,True,33,Daniel Batz,G,1,746893
Mainz 05,2026-01-31,RB Leipzig,away,3-5-2,True,16,Stefan Bell,CD,5,746893
Mainz 05,2026-01-31,RB Leipzig,away,3-5-2,True,48,Kacper Potulski,CD-L,4,746893
Mainz 05,2026-01-31,RB Leipzig,away,3-5-2,True,4,Stefan Posch,CD-R,6,746893
Mainz 05,2026-01-31,RB Leipzig,away,3-5-2,True,7,Lee Jae-Sung,CM-L,8,746893
Mainz 05,2026-01-31,RB Leipzig,away,3-5-2,True,10,Nadiem Amiri,CM-R,7,746893
Mainz 05,2026-01-31,RB Leipzig,away,3-5-2,True,6,Kaishu Sano,AM,11,746893
Mainz 05,2026-01-31,RB Leipzig,away,3-5-2,True,30,Silvan Widmer,LM,3,746893
Mainz 05,2026-01-31,RB Leipzig,away,3-5-2,True,21,Danny da Costa,RM,2,746893
Mainz 05,2026-01-31,RB Leipzig,away,3-5-2,True,20,Phillip Tietz,CF-L,9,746893
Mainz 05,2026-01-31,RB Leipzig,away,3-5-2,True,17,Benedict Hollerbach,CF-R,10,746893
Mainz 05,2026-01-31,RB Leipzig,away,3-5-2,False,44,Nelson Weiper,SUB,0,746893
Mainz 05,2026-01-31,RB Leipzig,away,3-5-2,False,14,William Bøving,SUB,0,746893
Mainz 05,2026-01-31,RB Leipzig,away,3-5-2,False,9,Arnaud Nordin,SUB,0,746893
Mainz 05,2026-01-31,RB Leipzig,away,3-5-2,False,2,Phillipp Mwene,SUB,0,746893
Mainz 05,2026-01-31,RB Leipzig,away,3-5-2,False,1,Lasse Rieß,SUB,0,746893
Mainz 05,2026-01-31,RB Leipzig,away,3-5-2,False,8,Paul Nebel,SUB,0,746893
Mainz 05,2026-01-31,RB Leipzig,away,3-5-2,False,26,Silas Katompa-Mvumpa,SUB,0,746893
Mainz 05,2026-01-31,RB Leipzig,away,3-5-2,False,15,Lennard Maloney,SUB,0,746893
Mainz 05,2026-01-31,RB Leipzig,away,3-5-2,False,42,Daniel Gleiber,SUB,0,746893
Wolfsburg,2026-01-17,Heidenheim,home,4-2-3-1,True,1,Kamil Grabara,G,1,746871
Wolfsburg,2026-01-17,Heidenheim,home,4-2-3-1,True,4,Konstantinos Koulierakis,CD-L,6,746871
Wolfsburg,2026-01-17,Heidenheim,home,4-2-3-1,True,15,Moritz Jenz,CD-R,5,746871
Wolfsburg,2026-01-17,Heidenheim,home,4-2-3-1,True,25,Aaron Zehnter,LB,3,746871
Wolfsburg,2026-01-17,Heidenheim,home,4-2-3-1,True,41,Jan Bürger,RB,2,746871
Wolfsburg,2026-01-17,Heidenheim,home,4-2-3-1,True,10,Lovro Majer,AM,10,746871
Wolfsburg,2026-01-17,Heidenheim,home,4-2-3-1,True,27,Maximilian Arnold,LM,4,746871
Wolfsburg,2026-01-17,Heidenheim,home,4-2-3-1,True,31,Yannick Gerhardt,RM,8,746871
Wolfsburg,2026-01-17,Heidenheim,home,4-2-3-1,True,9,Mohamed Amoura,F,9,746871
Wolfsburg,2026-01-17,Heidenheim,home,4-2-3-1,True,39,Patrick Wimmer,AM-L,11,746871
Wolfsburg,2026-01-17,Heidenheim,home,4-2-3-1,True,24,Christian Eriksen,AM-R,7,746871
Wolfsburg,2026-01-17,Heidenheim,home,4-2-3-1,False,37,Pharell Hensel,SUB,0,746871
Wolfsburg,2026-01-17,Heidenheim,home,4-2-3-1,False,26,Saël Kumbedi,SUB,0,746871
Wolfsburg,2026-01-17,Heidenheim,home,4-2-3-1,False,40,Kevin Paredes,SUB,0,746871
Wolfsburg,2026-01-17,Heidenheim,home,4-2-3-1,False,5,Vinicius Souza,SUB,0,746871
Wolfsburg,2026-01-17,Heidenheim,home,4-2-3-1,False,3,Denis Vavro,SUB,0,746871
Wolfsburg,2026-01-17,Heidenheim,home,4-2-3-1,False,19,Jesper Lindstrom,SUB,0,746871
Wolfsburg,2026-01-17,Heidenheim,home,4-2-3-1,False,2,Kilian Fischer,SUB,0,746871
Wolfsburg,2026-01-17,Heidenheim,home,4-2-3-1,False,12,Pavao Pervan,SUB,0,746871
Wolfsburg,2026-01-17,Heidenheim,home,4-2-3-1,False,11,Adam Daghim,SUB,0,746871
Heidenheim,2026-01-17,Wolfsburg,away,4-2-3-1,True,41,Diant Ramaj,G,1,746871
Heidenheim,2026-01-17,Wolfsburg,away,4-2-3-1,True,5,Benedikt Gimber,CD-L,6,746871
Heidenheim,2026-01-17,Wolfsburg,away,4-2-3-1,True,6,Patrick Mainka,CD-R,5,746871
Heidenheim,2026-01-17,Wolfsburg,away,4-2-3-1,True,19,Jonas Föhrenbach,LB,3,746871
Heidenheim,2026-01-17,Wolfsburg,away,4-2-3-1,True,2,Marnon Busch,RB,2,746871
Heidenheim,2026-01-17,Wolfsburg,away,4-2-3-1,True,21,Adrian Beck,AM,10,746871
Heidenheim,2026-01-17,Wolfsburg,away,4-2-3-1,True,30,Niklas Dorsch,LM,4,746871
Heidenheim,2026-01-17,Wolfsburg,away,4-2-3-1,True,3,Jan Schöppner,RM,8,746871
Heidenheim,2026-01-17,Wolfsburg,away,4-2-3-1,True,18,Marvin Pieringer,F,9,746871
Heidenheim,2026-01-17,Wolfsburg,away,4-2-3-1,True,17,Mathias Honsak,AM-L,11,746871
Heidenheim,2026-01-17,Wolfsburg,away,4-2-3-1,True,22,Arijon Ibrahimovic,AM-R,7,746871
Heidenheim,2026-01-17,Wolfsburg,away,4-2-3-1,False,4,Tim Siersleben,SUB,0,746871
Heidenheim,2026-01-17,Wolfsburg,away,4-2-3-1,False,38,Yannik Wagner,SUB,0,746871
Heidenheim,2026-01-17,Wolfsburg,away,4-2-3-1,False,40,Frank Feller,SUB,0,746871
Heidenheim,2026-01-17,Wolfsburg,away,4-2-3-1,False,25,Leonidas Stergiou,SUB,0,746871
Heidenheim,2026-01-17,Wolfsburg,away,4-2-3-1,False,29,Mikkel Kaufmann,SUB,0,746871
Heidenheim,2026-01-17,Wolfsburg,away,4-2-3-1,False,20,Luca Kerber,SUB,0,746871
Heidenheim,2026-01-17,Wolfsburg,away,4-2-3-1,False,23,Omar-Haktab Traoré,SUB,0,746871
Heidenheim,2026-01-17,Wolfsburg,away,4-2-3-1,False,9,Stefan Schimmer,SUB,0,746871
Heidenheim,2026-01-17,Wolfsburg,away,4-2-3-1,False,16,Julian Niehues,SUB,0,746871
Werder Bremen,2026-01-31,Gladbach,home,3-4-2-1,True,30,Mio Backhaus,G,1,746896
Werder Bremen,2026-01-31,Gladbach,home,3-4-2-1,True,32,Marco Friedl,CD,5,746896
Werder Bremen,2026-01-31,Gladbach,home,3-4-2-1,True,31,Karim Coulibaly,CD-L,4,746896
Werder Bremen,2026-01-31,Gladbach,home,3-4-2-1,True,22,Julian Malatini,CD-R,6,746896
Werder Bremen,2026-01-31,Gladbach,home,3-4-2-1,True,14,Senne Lynen,CM-L,8,746896
Werder Bremen,2026-01-31,Gladbach,home,3-4-2-1,True,6,Jens Stage,CM-R,7,746896
Werder Bremen,2026-01-31,Gladbach,home,3-4-2-1,True,2,Olivier Deman,LM,3,746896
Werder Bremen,2026-01-31,Gladbach,home,3-4-2-1,True,3,Yukinari Sugawara,RM,2,746896
Werder Bremen,2026-01-31,Gladbach,home,3-4-2-1,True,11,Justin Njinmah,F,9,746896
Werder Bremen,2026-01-31,Gladbach,home,3-4-2-1,True,7,Samuel Mbangula,CF-L,11,746896
Werder Bremen,2026-01-31,Gladbach,home,3-4-2-1,True,20,Romano Schmid,CF-R,10,746896
Werder Bremen,2026-01-31,Gladbach,home,3-4-2-1,False,33,Mick Schmetgens,SUB,0,746896
Werder Bremen,2026-01-31,Gladbach,home,3-4-2-1,False,27,Felix Agu,SUB,0,746896
Werder Bremen,2026-01-31,Gladbach,home,3-4-2-1,False,17,Marco Grüll,SUB,0,746896
Werder Bremen,2026-01-31,Gladbach,home,3-4-2-1,False,13,Karl Hein,SUB,0,746896
Werder Bremen,2026-01-31,Gladbach,home,3-4-2-1,False,18,Cameron Puertas,SUB,0,746896
Werder Bremen,2026-01-31,Gladbach,home,3-4-2-1,False,24,Patrice Covic,SUB,0,746896
Werder Bremen,2026-01-31,Gladbach,home,3-4-2-1,False,9,Keke Topp,SUB,0,746896
Werder Bremen,2026-01-31,Gladbach,home,3-4-2-1,False,23,Isaac Schmidt,SUB,0,746896
Werder Bremen,2026-01-31,Gladbach,home,3-4-2-1,False,19,Jovan Milosevic,SUB,0,746896
Gladbach,2026-01-31,Werder Bremen,away,5-4-1,True,33,Moritz Nicolas,G,1,746896
Gladbach,2026-01-31,Werder Bremen,away,5-4-1,True,30,Nico Elvedi,CD,5,746896
Gladbach,2026-01-31,Werder Bremen,away,5-4-1,True,2,Fabio Chiarodia,CD-L,4,746896
Gladbach,2026-01-31,Werder Bremen,away,5-4-1,True,16,Philipp Sander,CD-R,6,746896
Gladbach,2026-01-31,Werder Bremen,away,5-4-1,True,20,Luca Netz,LB,3,746896
Gladbach,2026-01-31,Werder Bremen,away,5-4-1,True,29,Joe Scally,RB,2,746896
Gladbach,2026-01-31,Werder Bremen,away,5-4-1,True,6,Yannick Engelhardt,CM-L,10,746896
Gladbach,2026-01-31,Werder Bremen,away,5-4-1,True,27,Rocco Reitz,CM-R,8,746896
Gladbach,2026-01-31,Werder Bremen,away,5-4-1,True,10,Florian Neuhaus,LM,11,746896
Gladbach,2026-01-31,Werder Bremen,away,5-4-1,True,9,Franck Honorat,RM,7,746896
Gladbach,2026-01-31,Werder Bremen,away,5-4-1,True,15,Haris Tabakovic,F,9,746896
Gladbach,2026-01-31,Werder Bremen,away,5-4-1,False,8,Alejo Sarco,SUB,0,746896
Gladbach,2026-01-31,Werder Bremen,away,5-4-1,False,23,Jan Olschowsky,SUB,0,746896
Gladbach,2026-01-31,Werder Bremen,away,5-4-1,False,40,Jan Urbich,SUB,0,746896
Gladbach,2026-01-31,Werder Bremen,away,5-4-1,False,5,Marvin Friedrich,SUB,0,746896
Gladbach,2026-01-31,Werder Bremen,away,5-4-1,False,18,Shuto Machino,SUB,0,746896
Gladbach,2026-01-31,Werder Bremen,away,5-4-1,False,17,Jens Castrop,SUB,0,746896
Gladbach,2026-01-31,Werder Bremen,away,5-4-1,False,7,Kevin Stöger,SUB,0,746896
Gladbach,2026-01-31,Werder Bremen,away,5-4-1,False,36,Wael Mohya,SUB,0,746896
Gladbach,2026-01-31,Werder Bremen,away,5-4-1,False,26,Lukas Ullrich,SUB,0,746896
Hamburger SV,2026-01-31,Bayern Munich,home,3-5-1-1,True,1,Daniel Heuer Fernandes,G,1,746895
Hamburger SV,2026-01-31,Bayern Munich,home,3-5-1-1,True,44,Luka Vuskovic,CD,5,746895
Hamburger SV,2026-01-31,Bayern Munich,home,3-5-1-1,True,8,Daniel Elfadli,CD-L,4,746895
Hamburger SV,2026-01-31,Bayern Munich,home,3-5-1-1,True,24,Nicolás Capaldo,CD-R,6,746895
Hamburger SV,2026-01-31,Bayern Munich,home,3-5-1-1,True,28,Miro Muheim,CM-L,8,746895
Hamburger SV,2026-01-31,Bayern Munich,home,3-5-1-1,True,6,Albert Sambi Lokonga,CM-R,7,746895
Hamburger SV,2026-01-31,Bayern Munich,home,3-5-1-1,True,21,Nicolai Remberg,AM,11,746895
Hamburger SV,2026-01-31,Bayern Munich,home,3-5-1-1,True,2,William Mikelbrencis,LM,3,746895
Hamburger SV,2026-01-31,Bayern Munich,home,3-5-1-1,True,18,Bakery Jatta,RM,2,746895
Hamburger SV,2026-01-31,Bayern Munich,home,3-5-1-1,True,11,Ransford-Yeboah Königsdörffer,F,9,746895
Hamburger SV,2026-01-31,Bayern Munich,home,3-5-1-1,True,20,Fabio Vieira,RCF,10,746895
Hamburger SV,2026-01-31,Bayern Munich,home,3-5-1-1,False,39,Omar Megeed,SUB,0,746895
Hamburger SV,2026-01-31,Bayern Munich,home,3-5-1-1,False,14,Rayan Philippe,SUB,0,746895
Hamburger SV,2026-01-31,Bayern Munich,home,3-5-1-1,False,37,Louis Lemke,SUB,0,746895
Hamburger SV,2026-01-31,Bayern Munich,home,3-5-1-1,False,10,Immanuel Pherai,SUB,0,746895
Hamburger SV,2026-01-31,Bayern Munich,home,3-5-1-1,False,25,Jordan Torunarigha,SUB,0,746895
Hamburger SV,2026-01-31,Bayern Munich,home,3-5-1-1,False,17,Warmed Omari,SUB,0,746895
Hamburger SV,2026-01-31,Bayern Munich,home,3-5-1-1,False,16,Giorgi Gocholeishvili,SUB,0,746895
Hamburger SV,2026-01-31,Bayern Munich,home,3-5-1-1,False,12,Sander Tangvik,SUB,0,746895
Hamburger SV,2026-01-31,Bayern Munich,home,3-5-1-1,False,9,Robert Glatzel,SUB,0,746895
Bayern Munich,2026-01-31,Hamburger SV,away,4-2-3-1,True,1,Manuel Neuer,G,1,746895
Bayern Munich,2026-01-31,Hamburger SV,away,4-2-3-1,True,3,Kim Min-Jae,CD-L,6,746895
Bayern Munich,2026-01-31,Hamburger SV,away,4-2-3-1,True,2,Dayot Upamecano,CD-R,5,746895
Bayern Munich,2026-01-31,Hamburger SV,away,4-2-3-1,True,19,Alphonso Davies,LB,3,746895
Bayern Munich,2026-01-31,Hamburger SV,away,4-2-3-1,True,44,Josip Stanisic,RB,2,746895
Bayern Munich,2026-01-31,Hamburger SV,away,4-2-3-1,True,42,Lennart Karl,AM,10,746895
Bayern Munich,2026-01-31,Hamburger SV,away,4-2-3-1,True,45,Aleksandar Pavlovic,LM,4,746895
Bayern Munich,2026-01-31,Hamburger SV,away,4-2-3-1,True,6,Joshua Kimmich,RM,8,746895
Bayern Munich,2026-01-31,Hamburger SV,away,4-2-3-1,True,9,Harry Kane,F,9,746895
Bayern Munich,2026-01-31,Hamburger SV,away,4-2-3-1,True,7,Serge Gnabry,AM-L,11,746895
Bayern Munich,2026-01-31,Hamburger SV,away,4-2-3-1,True,17,Michael Olise,AM-R,7,746895
Bayern Munich,2026-01-31,Hamburger SV,away,4-2-3-1,False,20,Tom Bischof,SUB,0,746895
Bayern Munich,2026-01-31,Hamburger SV,away,4-2-3-1,False,21,Hiroki Ito,SUB,0,746895
Bayern Munich,2026-01-31,Hamburger SV,away,4-2-3-1,False,23,Sacha Boey,SUB,0,746895
Bayern Munich,2026-01-31,Hamburger SV,away,4-2-3-1,False,14,Luis Díaz,SUB,0,746895
Bayern Munich,2026-01-31,Hamburger SV,away,4-2-3-1,False,4,Jonathan Tah,SUB,0,746895
Bayern Munich,2026-01-31,Hamburger SV,away,4-2-3-1,False,8,Leon Goretzka,SUB,0,746895
Bayern Munich,2026-01-31,Hamburger SV,away,4-2-3-1,False,11,Nicolas Jackson,SUB,0,746895
Bayern Munich,2026-01-31,Hamburger SV,away,4-2-3-1,False,40,Jonas Urbig,SUB,0,746895
Bayern Munich,2026-01-31,Hamburger SV,away,4-2-3-1,False,10,Jamal Musiala,SUB,0,746895
Bayern Munich,2026-01-24,Augsburg,home,4-2-3-1,True,40,Jonas Urbig,G,1,746880
Bayern Munich,2026-01-24,Augsburg,home,4-2-3-1,True,3,Kim Min-Jae,CD-L,6,746880
Bayern Munich,2026-01-24,Augsburg,home,4-2-3-1,True,4,Jonathan Tah,CD-R,5,746880
Bayern Munich,2026-01-24,Augsburg,home,4-2-3-1,True,21,Hiroki Ito,LB,3,746880
Bayern Munich,2026-01-24,Augsburg,home,4-2-3-1,True,19,Alphonso Davies,RB,2,746880
Bayern Munich,2026-01-24,Augsburg,home,4-2-3-1,True,42,Lennart Karl,AM,10,746880
Bayern Munich,2026-01-24,Augsburg,home,4-2-3-1,True,8,Leon Goretzka,LM,4,746880
Bayern Munich,2026-01-24,Augsburg,home,4-2-3-1,True,45,Aleksandar Pavlovic,RM,8,746880
Bayern Munich,2026-01-24,Augsburg,home,4-2-3-1,True,9,Harry Kane,F,9,746880
Bayern Munich,2026-01-24,Augsburg,home,4-2-3-1,True,14,Luis Díaz,AM-L,11,746880
Bayern Munich,2026-01-24,Augsburg,home,4-2-3-1,True,17,Michael Olise,AM-R,7,746880
Bayern Munich,2026-01-24,Augsburg,home,4-2-3-1,False,10,Jamal Musiala,SUB,0,746880
Bayern Munich,2026-01-24,Augsburg,home,4-2-3-1,False,36,Wisdom Mike,SUB,0,746880
Bayern Munich,2026-01-24,Augsburg,home,4-2-3-1,False,11,Nicolas Jackson,SUB,0,746880
Bayern Munich,2026-01-24,Augsburg,home,4-2-3-1,False,47,David Daiber,SUB,0,746880
Bayern Munich,2026-01-24,Augsburg,home,4-2-3-1,False,38,Felipe Chávez,SUB,0,746880
Bayern Munich,2026-01-24,Augsburg,home,4-2-3-1,False,6,Joshua Kimmich,SUB,0,746880
Bayern Munich,2026-01-24,Augsburg,home,4-2-3-1,False,20,Tom Bischof,SUB,0,746880
Bayern Munich,2026-01-24,Augsburg,home,4-2-3-1,False,1,Manuel Neuer,SUB,0,746880
Bayern Munich,2026-01-24,Augsburg,home,4-2-3-1,False,30,Cassiano Kiala,SUB,0,746880
Augsburg,2026-01-24,Bayern Munich,away,3-4-2-1,True,1,Finn Dahmen,G,1,746880
Augsburg,2026-01-24,Bayern Munich,away,3-4-2-1,True,31,Keven Schlotterbeck,CD,5,746880
Augsburg,2026-01-24,Bayern Munich,away,3-4-2-1,True,16,Cédric Zesiger,CD-L,4,746880
Augsburg,2026-01-24,Bayern Munich,away,3-4-2-1,True,34,Arthur Chaves,CD-R,6,746880
Augsburg,2026-01-24,Bayern Munich,away,3-4-2-1,True,8,Elvis Rexhbecaj,CM-L,8,746880
Augsburg,2026-01-24,Bayern Munich,away,3-4-2-1,True,4,Han-Noah Massengo,CM-R,7,746880
Augsburg,2026-01-24,Bayern Munich,away,3-4-2-1,True,13,Dimitris Giannoulis,LM,3,746880
Augsburg,2026-01-24,Bayern Munich,away,3-4-2-1,True,19,Robin Fellhauer,RM,2,746880
Augsburg,2026-01-24,Bayern Munich,away,3-4-2-1,True,30,Anton Kade,F,9,746880
Augsburg,2026-01-24,Bayern Munich,away,3-4-2-1,True,20,Alexis Claude-Maurice,CF-L,11,746880
Augsburg,2026-01-24,Bayern Munich,away,3-4-2-1,True,32,Fabian Rieder,CF-R,10,746880
Augsburg,2026-01-24,Bayern Munich,away,3-4-2-1,False,9,Samuel Essende,SUB,0,746880
Augsburg,2026-01-24,Bayern Munich,away,3-4-2-1,False,3,Mads Pedersen,SUB,0,746880
Augsburg,2026-01-24,Bayern Munich,away,3-4-2-1,False,14,Yannik Keitel,SUB,0,746880
Augsburg,2026-01-24,Bayern Munich,away,3-4-2-1,False,36,Mert Kömür,SUB,0,746880
Augsburg,2026-01-24,Bayern Munich,away,3-4-2-1,False,11,Ismaël Gharbi,SUB,0,746880
Augsburg,2026-01-24,Bayern Munich,away,3-4-2-1,False,22,Nediljko Labrovic,SUB,0,746880
Augsburg,2026-01-24,Bayern Munich,away,3-4-2-1,False,27,Marius Wolf,SUB,0,746880
Augsburg,2026-01-24,Bayern Munich,away,3-4-2-1,False,38,Michael Gregoritsch,SUB,0,746880
Augsburg,2026-01-24,Bayern Munich,away,3-4-2-1,False,21,Rodrigo Ribeiro,SUB,0,746880
Leverkusen,2026-01-24,Werder Bremen,home,3-4-2-1,True,28,Janis Blaswich,G,1,746883
Leverkusen,2026-01-24,Werder Bremen,home,3-4-2-1,True,8,Robert Andrich,CD,5,746883
Leverkusen,2026-01-24,Werder Bremen,home,3-4-2-1,True,5,Loïc Badé,CD-L,4,746883
Leverkusen,2026-01-24,Werder Bremen,home,3-4-2-1,True,4,Jarell Quansah,CD-R,6,746883
Leverkusen,2026-01-24,Werder Bremen,home,3-4-2-1,True,24,Aleix García,CM-L,8,746883
Leverkusen,2026-01-24,Werder Bremen,home,3-4-2-1,True,30,Ibrahim Maza,CM-R,7,746883
Leverkusen,2026-01-24,Werder Bremen,home,3-4-2-1,True,20,Alejandro Grimaldo,LM,3,746883
Leverkusen,2026-01-24,Werder Bremen,home,3-4-2-1,True,21,Lucas Vázquez,RM,2,746883
Leverkusen,2026-01-24,Werder Bremen,home,3-4-2-1,True,14,Patrik Schick,F,9,746883
Leverkusen,2026-01-24,Werder Bremen,home,3-4-2-1,True,19,Ernest Poku,CF-L,11,746883
Leverkusen,2026-01-24,Werder Bremen,home,3-4-2-1,True,7,Jonas Hofmann,CF-R,10,746883
Leverkusen,2026-01-24,Werder Bremen,home,3-4-2-1,False,44,Jeanuël Belocian,SUB,0,746883
Leverkusen,2026-01-24,Werder Bremen,home,3-4-2-1,False,6,Ezequiel Fernández,SUB,0,746883
Leverkusen,2026-01-24,Werder Bremen,home,3-4-2-1,False,36,Niklas Lomb,SUB,0,746883
Leverkusen,2026-01-24,Werder Bremen,home,3-4-2-1,False,35,Christian Kofane,SUB,0,746883
Leverkusen,2026-01-24,Werder Bremen,home,3-4-2-1,False,10,Malik Tillman,SUB,0,746883
Leverkusen,2026-01-24,Werder Bremen,home,3-4-2-1,False,13,Arthur,SUB,0,746883
Leverkusen,2026-01-24,Werder Bremen,home,3-4-2-1,False,16,Axel Tape,SUB,0,746883
Leverkusen,2026-01-24,Werder Bremen,home,3-4-2-1,False,11,Martin Terrier,SUB,0,746883
Leverkusen,2026-01-24,Werder Bremen,home,3-4-2-1,False,25,Exequiel Palacios,SUB,0,746883
Werder Bremen,2026-01-24,Leverkusen,away,3-5-2,True,30,Mio Backhaus,G,1,746883
Werder Bremen,2026-01-24,Leverkusen,away,3-5-2,True,32,Marco Friedl,CD,5,746883
Werder Bremen,2026-01-24,Leverkusen,away,3-5-2,True,31,Karim Coulibaly,CD-L,4,746883
Werder Bremen,2026-01-24,Leverkusen,away,3-5-2,True,5,Amos Pieper,CD-R,6,746883
Werder Bremen,2026-01-24,Leverkusen,away,3-5-2,True,6,Jens Stage,CM-L,8,746883
Werder Bremen,2026-01-24,Leverkusen,away,3-5-2,True,20,Romano Schmid,CM-R,7,746883
Werder Bremen,2026-01-24,Leverkusen,away,3-5-2,True,14,Senne Lynen,AM,11,746883
Werder Bremen,2026-01-24,Leverkusen,away,3-5-2,True,23,Isaac Schmidt,LM,3,746883
Werder Bremen,2026-01-24,Leverkusen,away,3-5-2,True,3,Yukinari Sugawara,RM,2,746883
Werder Bremen,2026-01-24,Leverkusen,away,3-5-2,True,17,Marco Grüll,CF-L,9,746883
Werder Bremen,2026-01-24,Leverkusen,away,3-5-2,True,11,Justin Njinmah,CF-R,10,746883
Werder Bremen,2026-01-24,Leverkusen,away,3-5-2,False,33,Mick Schmetgens,SUB,0,746883
Werder Bremen,2026-01-24,Leverkusen,away,3-5-2,False,19,Jovan Milosevic,SUB,0,746883
Werder Bremen,2026-01-24,Leverkusen,away,3-5-2,False,13,Karl Hein,SUB,0,746883
Werder Bremen,2026-01-24,Leverkusen,away,3-5-2,False,18,Cameron Puertas,SUB,0,746883
Werder Bremen,2026-01-24,Leverkusen,away,3-5-2,False,9,Keke Topp,SUB,0,746883
Werder Bremen,2026-01-24,Leverkusen,away,3-5-2,False,2,Olivier Deman,SUB,0,746883
Werder Bremen,2026-01-24,Leverkusen,away,3-5-2,False,24,Patrice Covic,SUB,0,746883
Werder Bremen,2026-01-24,Leverkusen,away,3-5-2,False,22,Julian Malatini,SUB,0,746883
Werder Bremen,2026-01-24,Leverkusen,away,3-5-2,False,21,Isak Hansen-Aarøen,SUB,0,746883
Frankfurt,2026-01-24,Hoffenheim,home,3-4-2-1,True,40,Kauã Santos,G,1,746881
Frankfurt,2026-01-24,Hoffenheim,home,3-4-2-1,True,4,Robin Koch,CD,5,746881
Frankfurt,2026-01-24,Hoffenheim,home,3-4-2-1,True,5,Aurèle Amenda,CD-L,4,746881
Frankfurt,2026-01-24,Hoffenheim,home,3-4-2-1,True,34,Nnamdi Collins,CD-R,6,746881
Frankfurt,2026-01-24,Hoffenheim,home,3-4-2-1,True,15,Ellyes Skhiri,CM-L,8,746881
Frankfurt,2026-01-24,Hoffenheim,home,3-4-2-1,True,8,Farès Chaïbi,CM-R,7,746881
Frankfurt,2026-01-24,Hoffenheim,home,3-4-2-1,True,21,Nathaniel Brown,LM,3,746881
Frankfurt,2026-01-24,Hoffenheim,home,3-4-2-1,True,13,Rasmus Kristensen,RM,2,746881
Frankfurt,2026-01-24,Hoffenheim,home,3-4-2-1,True,25,Arnaud Kalimuendo,F,9,746881
Frankfurt,2026-01-24,Hoffenheim,home,3-4-2-1,True,42,Can Uzun,CF-L,11,746881
Frankfurt,2026-01-24,Hoffenheim,home,3-4-2-1,True,20,Ritsu Doan,CF-R,10,746881
Frankfurt,2026-01-24,Hoffenheim,home,3-4-2-1,False,29,Ayoube Amaimouni,SUB,0,746881
Frankfurt,2026-01-24,Hoffenheim,home,3-4-2-1,False,6,Oscar Højlund,SUB,0,746881
Frankfurt,2026-01-24,Hoffenheim,home,3-4-2-1,False,27,Mario Götze,SUB,0,746881
Frankfurt,2026-01-24,Hoffenheim,home,3-4-2-1,False,19,Jean-Mattéo Bahoya,SUB,0,746881
Frankfurt,2026-01-24,Hoffenheim,home,3-4-2-1,False,7,Ansgar Knauff,SUB,0,746881
Frankfurt,2026-01-24,Hoffenheim,home,3-4-2-1,False,26,Keita Kosugi,SUB,0,746881
Frankfurt,2026-01-24,Hoffenheim,home,3-4-2-1,False,23,Michael Zetterer,SUB,0,746881
Frankfurt,2026-01-24,Hoffenheim,home,3-4-2-1,False,16,Hugo Larsson,SUB,0,746881
Frankfurt,2026-01-24,Hoffenheim,home,3-4-2-1,False,3,Arthur Theate,SUB,0,746881
Hoffenheim,2026-01-24,Frankfurt,away,3-4-2-1,True,1,Oliver Baumann,G,1,746881
Hoffenheim,2026-01-24,Frankfurt,away,3-4-2-1,True,21,Albian Hajdari,CD,5,746881
Hoffenheim,2026-01-24,Frankfurt,away,3-4-2-1,True,13,Bernardo,CD-L,4,746881
Hoffenheim,2026-01-24,Frankfurt,away,3-4-2-1,True,5,Ozan Kabak,CD-R,6,746881
Hoffenheim,2026-01-24,Frankfurt,away,3-4-2-1,True,18,Wouter Burger,CM-L,8,746881
Hoffenheim,2026-01-24,Frankfurt,away,3-4-2-1,True,7,Leon Avdullahu,CM-R,7,746881
Hoffenheim,2026-01-24,Frankfurt,away,3-4-2-1,True,22,Alexander Prass,LM,3,746881
Hoffenheim,2026-01-24,Frankfurt,away,3-4-2-1,True,34,Vladimír Coufal,RM,2,746881
Hoffenheim,2026-01-24,Frankfurt,away,3-4-2-1,True,33,Max Moerstedt,F,9,746881
Hoffenheim,2026-01-24,Frankfurt,away,3-4-2-1,True,11,Fisnik Asllani,CF-L,11,746881
Hoffenheim,2026-01-24,Frankfurt,away,3-4-2-1,True,27,Andrej Kramaric,CF-R,10,746881
Hoffenheim,2026-01-24,Frankfurt,away,3-4-2-1,False,10,Muhammed Damar,SUB,0,746881
Hoffenheim,2026-01-24,Frankfurt,away,3-4-2-1,False,29,Bazoumana Touré,SUB,0,746881
Hoffenheim,2026-01-24,Frankfurt,away,3-4-2-1,False,37,Luca Philipp,SUB,0,746881
Hoffenheim,2026-01-24,Frankfurt,away,3-4-2-1,False,2,Robin Hranác,SUB,0,746881
Hoffenheim,2026-01-24,Frankfurt,away,3-4-2-1,False,15,Valentin Gendrey,SUB,0,746881
Hoffenheim,2026-01-24,Frankfurt,away,3-4-2-1,False,25,Kevin Akpoguma,SUB,0,746881
Hoffenheim,2026-01-24,Frankfurt,away,3-4-2-1,False,6,Grischa Prömel,SUB,0,746881
Hoffenheim,2026-01-24,Frankfurt,away,3-4-2-1,False,9,Ihlas Bebou,SUB,0,746881
Stuttgart,2026-02-01,Freiburg,home,4-2-3-1,True,33,Alexander Nübel,G,1,746892
Stuttgart,2026-02-01,Freiburg,home,4-2-3-1,True,24,Jeff Chabot,CD-L,6,746892
Stuttgart,2026-02-01,Freiburg,home,4-2-3-1,True,29,Finn Jeltsch,CD-R,5,746892
Stuttgart,2026-02-01,Freiburg,home,4-2-3-1,True,3,Ramon Hendriks,LB,3,746892
Stuttgart,2026-02-01,Freiburg,home,4-2-3-1,True,4,Josha Vagnoman,RB,2,746892
Stuttgart,2026-02-01,Freiburg,home,4-2-3-1,True,28,Nikolas Nartey,AM,10,746892
Stuttgart,2026-02-01,Freiburg,home,4-2-3-1,True,6,Angelo Stiller,LM,4,746892
Stuttgart,2026-02-01,Freiburg,home,4-2-3-1,True,16,Atakan Karazor,RM,8,746892
Stuttgart,2026-02-01,Freiburg,home,4-2-3-1,True,26,Deniz Undav,F,9,746892
Stuttgart,2026-02-01,Freiburg,home,4-2-3-1,True,18,Jamie Leweling,AM-L,11,746892
Stuttgart,2026-02-01,Freiburg,home,4-2-3-1,True,11,Bilal El Khannouss,AM-R,7,746892
Stuttgart,2026-02-01,Freiburg,home,4-2-3-1,False,9,Ermedin Demirovic,SUB,0,746892
Stuttgart,2026-02-01,Freiburg,home,4-2-3-1,False,27,Badredine Bouanani,SUB,0,746892
Stuttgart,2026-02-01,Freiburg,home,4-2-3-1,False,2,Ameen Al Dakhil,SUB,0,746892
Stuttgart,2026-02-01,Freiburg,home,4-2-3-1,False,22,Lorenz Assignon,SUB,0,746892
Stuttgart,2026-02-01,Freiburg,home,4-2-3-1,False,10,Chris Führich,SUB,0,746892
Stuttgart,2026-02-01,Freiburg,home,4-2-3-1,False,30,Chema Andrés,SUB,0,746892
Stuttgart,2026-02-01,Freiburg,home,4-2-3-1,False,14,Luca Jaquez,SUB,0,746892
Stuttgart,2026-02-01,Freiburg,home,4-2-3-1,False,21,Stefan Drljaca,SUB,0,746892
Stuttgart,2026-02-01,Freiburg,home,4-2-3-1,False,7,Maximilian Mittelstädt,SUB,0,746892
Freiburg,2026-02-01,Stuttgart,away,4-2-3-1,True,1,Noah Atubolu,G,1,746892
Freiburg,2026-02-01,Stuttgart,away,4-2-3-1,True,37,Max Rosenfelder,CD-L,6,746892
Freiburg,2026-02-01,Stuttgart,away,4-2-3-1,True,28,Matthias Ginter,CD-R,5,746892
Freiburg,2026-02-01,Stuttgart,away,4-2-3-1,True,33,Jordy Makengo,LB,3,746892
Freiburg,2026-02-01,Stuttgart,away,4-2-3-1,True,29,Philipp Treu,RB,2,746892
Freiburg,2026-02-01,Stuttgart,away,4-2-3-1,True,14,Yuito Suzuki,AM,10,746892
Freiburg,2026-02-01,Stuttgart,away,4-2-3-1,True,44,Johan Manzambi,LM,4,746892
Freiburg,2026-02-01,Stuttgart,away,4-2-3-1,True,8,Maximilian Eggestein,RM,8,746892
Freiburg,2026-02-01,Stuttgart,away,4-2-3-1,True,31,Igor Matanovic,F,9,746892
Freiburg,2026-02-01,Stuttgart,away,4-2-3-1,True,7,Derry Scherhant,AM-L,11,746892
Freiburg,2026-02-01,Stuttgart,away,4-2-3-1,True,19,Niklas Beste,AM-R,7,746892
Freiburg,2026-02-01,Stuttgart,away,4-2-3-1,False,32,Vincenzo Grifo,SUB,0,746892
Freiburg,2026-02-01,Stuttgart,away,4-2-3-1,False,21,Florian Müller,SUB,0,746892
Freiburg,2026-02-01,Stuttgart,away,4-2-3-1,False,27,Nicolas Höfler,SUB,0,746892
Freiburg,2026-02-01,Stuttgart,away,4-2-3-1,False,22,Cyriaque Irié,SUB,0,746892
Freiburg,2026-02-01,Stuttgart,away,4-2-3-1,False,30,Christian Günter,SUB,0,746892
Freiburg,2026-02-01,Stuttgart,away,4-2-3-1,False,5,Anthony Jung,SUB,0,746892
Freiburg,2026-02-01,Stuttgart,away,4-2-3-1,False,43,Ifechukwu Ogbus,SUB,0,746892
Freiburg,2026-02-01,Stuttgart,away,4-2-3-1,False,6,Patrick Osterhage,SUB,0,746892
Freiburg,2026-02-01,Stuttgart,away,4-2-3-1,False,9,Lucas Höler,SUB,0,746892
Dortmund,2026-02-01,Heidenheim,home,3-4-2-1,True,1,Gregor Kobel,G,1,746889
Dortmund,2026-02-01,Heidenheim,home,3-4-2-1,True,3,Waldemar Anton,CD,5,746889
Dortmund,2026-02-01,Heidenheim,home,3-4-2-1,True,4,Nico Schlotterbeck,CD-L,4,746889
Dortmund,2026-02-01,Heidenheim,home,3-4-2-1,True,39,Filippo Mané,CD-R,6,746889
Dortmund,2026-02-01,Heidenheim,home,3-4-2-1,True,8,Felix Nmecha,CM-L,8,746889
Dortmund,2026-02-01,Heidenheim,home,3-4-2-1,True,7,Jobe Bellingham,CM-R,7,746889
Dortmund,2026-02-01,Heidenheim,home,3-4-2-1,True,24,Daniel Svensson,LM,3,746889
Dortmund,2026-02-01,Heidenheim,home,3-4-2-1,True,2,Yan Couto,RM,2,746889
Dortmund,2026-02-01,Heidenheim,home,3-4-2-1,True,9,Serhou Guirassy,F,9,746889
Dortmund,2026-02-01,Heidenheim,home,3-4-2-1,True,10,Julian Brandt,CF-L,11,746889
Dortmund,2026-02-01,Heidenheim,home,3-4-2-1,True,27,Karim Adeyemi,CF-R,10,746889
Dortmund,2026-02-01,Heidenheim,home,3-4-2-1,False,14,Maximilian Beier,SUB,0,746889
Dortmund,2026-02-01,Heidenheim,home,3-4-2-1,False,5,Ramy Bensebaini,SUB,0,746889
Dortmund,2026-02-01,Heidenheim,home,3-4-2-1,False,6,Salih Özcan,SUB,0,746889
Dortmund,2026-02-01,Heidenheim,home,3-4-2-1,False,33,Alexander Meyer,SUB,0,746889
Dortmund,2026-02-01,Heidenheim,home,3-4-2-1,False,21,Fábio Silva,SUB,0,746889
Dortmund,2026-02-01,Heidenheim,home,3-4-2-1,False,26,Julian Ryerson,SUB,0,746889
Dortmund,2026-02-01,Heidenheim,home,3-4-2-1,False,25,Niklas Süle,SUB,0,746889
Dortmund,2026-02-01,Heidenheim,home,3-4-2-1,False,30,Patrick Drewes,SUB,0,746889
Dortmund,2026-02-01,Heidenheim,home,3-4-2-1,False,17,Carney Chukwuemeka,SUB,0,746889
Heidenheim,2026-02-01,Dortmund,away,3-4-3,True,41,Diant Ramaj,G,1,746889
Heidenheim,2026-02-01,Dortmund,away,3-4-3,True,6,Patrick Mainka,CD,5,746889
Heidenheim,2026-02-01,Dortmund,away,3-4-3,True,4,Tim Siersleben,CD-L,4,746889
Heidenheim,2026-02-01,Dortmund,away,3-4-3,True,2,Marnon Busch,CD-R,6,746889
Heidenheim,2026-02-01,Dortmund,away,3-4-3,True,30,Niklas Dorsch,CM-L,8,746889
Heidenheim,2026-02-01,Dortmund,away,3-4-3,True,16,Julian Niehues,CM-R,7,746889
Heidenheim,2026-02-01,Dortmund,away,3-4-3,True,26,Hennes Behrens,LM,3,746889
Heidenheim,2026-02-01,Dortmund,away,3-4-3,True,23,Omar-Haktab Traoré,RM,2,746889
Heidenheim,2026-02-01,Dortmund,away,3-4-3,True,18,Marvin Pieringer,F,9,746889
Heidenheim,2026-02-01,Dortmund,away,3-4-3,True,17,Mathias Honsak,CF-L,11,746889
Heidenheim,2026-02-01,Dortmund,away,3-4-3,True,8,Eren Dinkci,CF-R,10,746889
Heidenheim,2026-02-01,Dortmund,away,3-4-3,False,20,Luca Kerber,SUB,0,746889
Heidenheim,2026-02-01,Dortmund,away,3-4-3,False,3,Jan Schöppner,SUB,0,746889
Heidenheim,2026-02-01,Dortmund,away,3-4-3,False,9,Stefan Schimmer,SUB,0,746889
Heidenheim,2026-02-01,Dortmund,away,3-4-3,False,40,Frank Feller,SUB,0,746889
Heidenheim,2026-02-01,Dortmund,away,3-4-3,False,22,Arijon Ibrahimovic,SUB,0,746889
Heidenheim,2026-02-01,Dortmund,away,3-4-3,False,21,Adrian Beck,SUB,0,746889
Heidenheim,2026-02-01,Dortmund,away,3-4-3,False,19,Jonas Föhrenbach,SUB,0,746889
Heidenheim,2026-02-01,Dortmund,away,3-4-3,False,31,Sirlord Conteh,SUB,0,746889
Heidenheim,2026-02-01,Dortmund,away,3-4-3,False,29,Mikkel Kaufmann,SUB,0,746889
Union Berlin,2026-02-06,Frankfurt,home,5-3-2,True,1,Frederik Ronnow,G,1,746900
Union Berlin,2026-02-06,Frankfurt,home,5-3-2,True,14,Leopold Querfeld,CD,5,746900
Union Berlin,2026-02-06,Frankfurt,home,5-3-2,True,34,Stanley N'Soki,CD-L,4,746900
Union Berlin,2026-02-06,Frankfurt,home,5-3-2,True,5,Danilho Doekhi,CD-R,6,746900
Union Berlin,2026-02-06,Frankfurt,home,5-3-2,True,39,Derrick Köhn,LB,3,746900
Union Berlin,2026-02-06,Frankfurt,home,5-3-2,True,28,Christopher Trimmel,RB,2,746900
Union Berlin,2026-02-06,Frankfurt,home,5-3-2,True,8,Rani Khedira,CM,8,746900
Union Berlin,2026-02-06,Frankfurt,home,5-3-2,True,6,Aljoscha Kemlein,CM-L,11,746900
Union Berlin,2026-02-06,Frankfurt,home,5-3-2,True,13,András Schäfer,CM-R,7,746900
Union Berlin,2026-02-06,Frankfurt,home,5-3-2,True,10,Ilyas Ansah,CF-L,9,746900
Union Berlin,2026-02-06,Frankfurt,home,5-3-2,True,11,Jeong Woo-Yeong,CF-R,10,746900
Union Berlin,2026-02-06,Frankfurt,home,5-3-2,False,19,Janik Haberer,SUB,0,746900
Union Berlin,2026-02-06,Frankfurt,home,5-3-2,False,23,Andrej Ilic,SUB,0,746900
Union Berlin,2026-02-06,Frankfurt,home,5-3-2,False,33,Alex Král,SUB,0,746900
Union Berlin,2026-02-06,Frankfurt,home,5-3-2,False,3,Andrik Markgraf,SUB,0,746900
Union Berlin,2026-02-06,Frankfurt,home,5-3-2,False,17,David Preu,SUB,0,746900
Union Berlin,2026-02-06,Frankfurt,home,5-3-2,False,31,Matheo Raab,SUB,0,746900
Union Berlin,2026-02-06,Frankfurt,home,5-3-2,False,30,Dmytro Bohdanov,SUB,0,746900
Union Berlin,2026-02-06,Frankfurt,home,5-3-2,False,21,Tim Skarke,SUB,0,746900
Union Berlin,2026-02-06,Frankfurt,home,5-3-2,False,9,Livan Burcu,SUB,0,746900
Frankfurt,2026-02-06,Union Berlin,away,3-4-2-1,True,40,Kauã Santos,G,1,746900
Frankfurt,2026-02-06,Union Berlin,away,3-4-2-1,True,4,Robin Koch,CD,5,746900
Frankfurt,2026-02-06,Union Berlin,away,3-4-2-1,True,3,Arthur Theate,CD-L,4,746900
Frankfurt,2026-02-06,Union Berlin,away,3-4-2-1,True,13,Rasmus Kristensen,CD-R,6,746900
Frankfurt,2026-02-06,Union Berlin,away,3-4-2-1,True,16,Hugo Larsson,CM-L,8,746900
Frankfurt,2026-02-06,Union Berlin,away,3-4-2-1,True,6,Oscar Højlund,CM-R,7,746900
Frankfurt,2026-02-06,Union Berlin,away,3-4-2-1,True,21,Nathaniel Brown,LM,3,746900
Frankfurt,2026-02-06,Union Berlin,away,3-4-2-1,True,20,Ritsu Doan,RM,2,746900
Frankfurt,2026-02-06,Union Berlin,away,3-4-2-1,True,25,Arnaud Kalimuendo,F,9,746900
Frankfurt,2026-02-06,Union Berlin,away,3-4-2-1,True,8,Farès Chaïbi,CF-L,11,746900
Frankfurt,2026-02-06,Union Berlin,away,3-4-2-1,True,27,Mario Götze,CF-R,10,746900
Frankfurt,2026-02-06,Union Berlin,away,3-4-2-1,False,31,Love Arrhov,SUB,0,746900
Frankfurt,2026-02-06,Union Berlin,away,3-4-2-1,False,5,Aurèle Amenda,SUB,0,746900
Frankfurt,2026-02-06,Union Berlin,away,3-4-2-1,False,26,Keita Kosugi,SUB,0,746900
Frankfurt,2026-02-06,Union Berlin,away,3-4-2-1,False,22,Timothy Chandler,SUB,0,746900
Frankfurt,2026-02-06,Union Berlin,away,3-4-2-1,False,29,Ayoube Amaimouni,SUB,0,746900
Frankfurt,2026-02-06,Union Berlin,away,3-4-2-1,False,18,Mahmoud Dahoud,SUB,0,746900
Frankfurt,2026-02-06,Union Berlin,away,3-4-2-1,False,34,Nnamdi Collins,SUB,0,746900
Frankfurt,2026-02-06,Union Berlin,away,3-4-2-1,False,23,Michael Zetterer,SUB,0,746900
Frankfurt,2026-02-06,Union Berlin,away,3-4-2-1,False,19,Jean-Mattéo Bahoya,SUB,0,746900
Werder Bremen,2026-01-27,Hoffenheim,home,3-5-2,True,30,Mio Backhaus,G,1,746855
Werder Bremen,2026-01-27,Hoffenheim,home,3-5-2,True,14,Senne Lynen,CD,5,746855
Werder Bremen,2026-01-27,Hoffenheim,home,3-5-2,True,31,Karim Coulibaly,CD-L,4,746855
Werder Bremen,2026-01-27,Hoffenheim,home,3-5-2,True,22,Julian Malatini,CD-R,6,746855
Werder Bremen,2026-01-27,Hoffenheim,home,3-5-2,True,6,Jens Stage,CM-L,8,746855
Werder Bremen,2026-01-27,Hoffenheim,home,3-5-2,True,20,Romano Schmid,CM-R,7,746855
Werder Bremen,2026-01-27,Hoffenheim,home,3-5-2,True,18,Cameron Puertas,AM,11,746855
Werder Bremen,2026-01-27,Hoffenheim,home,3-5-2,True,2,Olivier Deman,LM,3,746855
Werder Bremen,2026-01-27,Hoffenheim,home,3-5-2,True,3,Yukinari Sugawara,RM,2,746855
Werder Bremen,2026-01-27,Hoffenheim,home,3-5-2,True,11,Justin Njinmah,CF-L,9,746855
Werder Bremen,2026-01-27,Hoffenheim,home,3-5-2,True,19,Jovan Milosevic,CF-R,10,746855
Werder Bremen,2026-01-27,Hoffenheim,home,3-5-2,False,13,Karl Hein,SUB,0,746855
Werder Bremen,2026-01-27,Hoffenheim,home,3-5-2,False,21,Isak Hansen-Aarøen,SUB,0,746855
Werder Bremen,2026-01-27,Hoffenheim,home,3-5-2,False,24,Patrice Covic,SUB,0,746855
Werder Bremen,2026-01-27,Hoffenheim,home,3-5-2,False,9,Keke Topp,SUB,0,746855
Werder Bremen,2026-01-27,Hoffenheim,home,3-5-2,False,28,Skelly Alvero,SUB,0,746855
Werder Bremen,2026-01-27,Hoffenheim,home,3-5-2,False,33,Mick Schmetgens,SUB,0,746855
Werder Bremen,2026-01-27,Hoffenheim,home,3-5-2,False,34,Wesley Adeh,SUB,0,746855
Werder Bremen,2026-01-27,Hoffenheim,home,3-5-2,False,17,Marco Grüll,SUB,0,746855
Werder Bremen,2026-01-27,Hoffenheim,home,3-5-2,False,7,Samuel Mbangula,SUB,0,746855
Hoffenheim,2026-01-27,Werder Bremen,away,4-1-4-1,True,1,Oliver Baumann,G,1,746855
Hoffenheim,2026-01-27,Werder Bremen,away,4-1-4-1,True,21,Albian Hajdari,CD-L,6,746855
Hoffenheim,2026-01-27,Werder Bremen,away,4-1-4-1,True,2,Robin Hranác,CD-R,5,746855
Hoffenheim,2026-01-27,Werder Bremen,away,4-1-4-1,True,7,Leon Avdullahu,DM,4,746855
Hoffenheim,2026-01-27,Werder Bremen,away,4-1-4-1,True,13,Bernardo,LB,3,746855
Hoffenheim,2026-01-27,Werder Bremen,away,4-1-4-1,True,34,Vladimír Coufal,RB,2,746855
Hoffenheim,2026-01-27,Werder Bremen,away,4-1-4-1,True,27,Andrej Kramaric,CM-L,10,746855
Hoffenheim,2026-01-27,Werder Bremen,away,4-1-4-1,True,18,Wouter Burger,CM-R,8,746855
Hoffenheim,2026-01-27,Werder Bremen,away,4-1-4-1,True,22,Alexander Prass,LM,11,746855
Hoffenheim,2026-01-27,Werder Bremen,away,4-1-4-1,True,6,Grischa Prömel,RM,7,746855
Hoffenheim,2026-01-27,Werder Bremen,away,4-1-4-1,True,19,Tim Lemperle,F,9,746855
Hoffenheim,2026-01-27,Werder Bremen,away,4-1-4-1,False,10,Muhammed Damar,SUB,0,746855
Hoffenheim,2026-01-27,Werder Bremen,away,4-1-4-1,False,33,Max Moerstedt,SUB,0,746855
Hoffenheim,2026-01-27,Werder Bremen,away,4-1-4-1,False,29,Bazoumana Touré,SUB,0,746855
Hoffenheim,2026-01-27,Werder Bremen,away,4-1-4-1,False,11,Fisnik Asllani,SUB,0,746855
Hoffenheim,2026-01-27,Werder Bremen,away,4-1-4-1,False,5,Ozan Kabak,SUB,0,746855
Hoffenheim,2026-01-27,Werder Bremen,away,4-1-4-1,False,15,Valentin Gendrey,SUB,0,746855
Hoffenheim,2026-01-27,Werder Bremen,away,4-1-4-1,False,25,Kevin Akpoguma,SUB,0,746855
Hoffenheim,2026-01-27,Werder Bremen,away,4-1-4-1,False,37,Luca Philipp,SUB,0,746855
Freiburg,2026-02-07,Werder Bremen,home,4-2-3-1,True,1,Noah Atubolu,G,1,746905
Freiburg,2026-02-07,Werder Bremen,home,4-2-3-1,True,37,Max Rosenfelder,CD-L,6,746905
Freiburg,2026-02-07,Werder Bremen,home,4-2-3-1,True,28,Matthias Ginter,CD-R,5,746905
Freiburg,2026-02-07,Werder Bremen,home,4-2-3-1,True,30,Christian Günter,LB,3,746905
Freiburg,2026-02-07,Werder Bremen,home,4-2-3-1,True,43,Ifechukwu Ogbus,RB,2,746905
Freiburg,2026-02-07,Werder Bremen,home,4-2-3-1,True,44,Johan Manzambi,AM,10,746905
Freiburg,2026-02-07,Werder Bremen,home,4-2-3-1,True,6,Patrick Osterhage,LM,4,746905
Freiburg,2026-02-07,Werder Bremen,home,4-2-3-1,True,8,Maximilian Eggestein,RM,8,746905
Freiburg,2026-02-07,Werder Bremen,home,4-2-3-1,True,31,Igor Matanovic,F,9,746905
Freiburg,2026-02-07,Werder Bremen,home,4-2-3-1,True,32,Vincenzo Grifo,AM-L,11,746905
Freiburg,2026-02-07,Werder Bremen,home,4-2-3-1,True,19,Niklas Beste,AM-R,7,746905
Freiburg,2026-02-07,Werder Bremen,home,4-2-3-1,False,33,Jordy Makengo,SUB,0,746905
Freiburg,2026-02-07,Werder Bremen,home,4-2-3-1,False,14,Yuito Suzuki,SUB,0,746905
Freiburg,2026-02-07,Werder Bremen,home,4-2-3-1,False,22,Cyriaque Irié,SUB,0,746905
Freiburg,2026-02-07,Werder Bremen,home,4-2-3-1,False,65,Karl Steinmann,SUB,0,746905
Freiburg,2026-02-07,Werder Bremen,home,4-2-3-1,False,21,Florian Müller,SUB,0,746905
Freiburg,2026-02-07,Werder Bremen,home,4-2-3-1,False,5,Anthony Jung,SUB,0,746905
Freiburg,2026-02-07,Werder Bremen,home,4-2-3-1,False,9,Lucas Höler,SUB,0,746905
Freiburg,2026-02-07,Werder Bremen,home,4-2-3-1,False,27,Nicolas Höfler,SUB,0,746905
Freiburg,2026-02-07,Werder Bremen,home,4-2-3-1,False,7,Derry Scherhant,SUB,0,746905
Werder Bremen,2026-02-07,Freiburg,away,3-1-4-2,False,10,Leonardo Bittencourt,,0,746905
Werder Bremen,2026-02-07,Freiburg,away,3-1-4-2,False,13,Karl Hein,,0,746905
Werder Bremen,2026-02-07,Freiburg,away,3-1-4-2,False,19,Jovan Milosevic,,0,746905
Werder Bremen,2026-02-07,Freiburg,away,3-1-4-2,False,27,Felix Agu,,0,746905
Werder Bremen,2026-02-07,Freiburg,away,3-1-4-2,False,18,Cameron Puertas,,0,746905
Werder Bremen,2026-02-07,Freiburg,away,3-1-4-2,False,24,Patrice Covic,,0,746905
Werder Bremen,2026-02-07,Freiburg,away,3-1-4-2,False,23,Isaac Schmidt,,0,746905
Werder Bremen,2026-02-07,Freiburg,away,3-1-4-2,False,7,Samuel Mbangula,,0,746905
Werder Bremen,2026-02-07,Freiburg,away,3-1-4-2,False,17,Marco Grüll,,0,746905
Werder Bremen,2026-02-07,Freiburg,away,3-1-4-2,True,30,Mio Backhaus,G,1,746905
Werder Bremen,2026-02-07,Freiburg,away,3-1-4-2,True,32,Marco Friedl,CD,4,746905
Werder Bremen,2026-02-07,Freiburg,away,3-1-4-2,True,31,Karim Coulibaly,CD-L,6,746905
Werder Bremen,2026-02-07,Freiburg,away,3-1-4-2,True,22,Julian Malatini,CD-R,5,746905
Werder Bremen,2026-02-07,Freiburg,away,3-1-4-2,True,14,Senne Lynen,SW,8,746905
Werder Bremen,2026-02-07,Freiburg,away,3-1-4-2,True,20,Romano Schmid,CM-L,11,746905
Werder Bremen,2026-02-07,Freiburg,away,3-1-4-2,True,6,Jens Stage,CM-R,7,746905
Werder Bremen,2026-02-07,Freiburg,away,3-1-4-2,True,2,Olivier Deman,LM,3,746905
Werder Bremen,2026-02-07,Freiburg,away,3-1-4-2,True,3,Yukinari Sugawara,RM,2,746905
Werder Bremen,2026-02-07,Freiburg,away,3-1-4-2,True,9,Keke Topp,CF-L,10,746905
Werder Bremen,2026-02-07,Freiburg,away,3-1-4-2,True,11,Justin Njinmah,CF-R,9,746905
St Pauli,2026-01-27,RB Leipzig,home,3-4-2-1,True,22,Nikola Vasilj,G,1,746857
St Pauli,2026-01-27,RB Leipzig,home,3-4-2-1,True,5,Hauke Wahl,CD,5,746857
St Pauli,2026-01-27,RB Leipzig,home,3-4-2-1,True,3,Karol Mets,CD-L,4,746857
St Pauli,2026-01-27,RB Leipzig,home,3-4-2-1,True,15,Tomoya Ando,CD-R,6,746857
St Pauli,2026-01-27,RB Leipzig,home,3-4-2-1,True,8,Eric Smith,CM-L,8,746857
St Pauli,2026-01-27,RB Leipzig,home,3-4-2-1,True,6,James Sands,CM-R,7,746857
St Pauli,2026-01-27,RB Leipzig,home,3-4-2-1,True,11,Arkadiusz Pyrka,LM,3,746857
St Pauli,2026-01-27,RB Leipzig,home,3-4-2-1,True,2,Manolis Saliakas,RM,2,746857
St Pauli,2026-01-27,RB Leipzig,home,3-4-2-1,True,26,Ricky-Jade Jones,F,9,746857
St Pauli,2026-01-27,RB Leipzig,home,3-4-2-1,True,16,Joel Chima Fujita,CF-L,11,746857
St Pauli,2026-01-27,RB Leipzig,home,3-4-2-1,True,10,Danel Sinani,CF-R,10,746857
St Pauli,2026-01-27,RB Leipzig,home,3-4-2-1,False,23,Louis Oppie,SUB,0,746857
St Pauli,2026-01-27,RB Leipzig,home,3-4-2-1,False,9,Abdoulie Ceesay,SUB,0,746857
St Pauli,2026-01-27,RB Leipzig,home,3-4-2-1,False,1,Ben Voll,SUB,0,746857
St Pauli,2026-01-27,RB Leipzig,home,3-4-2-1,False,21,Lars Ritzka,SUB,0,746857
St Pauli,2026-01-27,RB Leipzig,home,3-4-2-1,False,19,Martijn Kaars,SUB,0,746857
St Pauli,2026-01-27,RB Leipzig,home,3-4-2-1,False,20,Mathias Rasmussen,SUB,0,746857
St Pauli,2026-01-27,RB Leipzig,home,3-4-2-1,False,34,Jannik Robatsch,SUB,0,746857
St Pauli,2026-01-27,RB Leipzig,home,3-4-2-1,False,28,Mathias Pereira Lage,SUB,0,746857
St Pauli,2026-01-27,RB Leipzig,home,3-4-2-1,False,7,Jackson Irvine,SUB,0,746857
RB Leipzig,2026-01-27,St Pauli,away,4-3-3,True,1,Péter Gulácsi,G,1,746857
RB Leipzig,2026-01-27,St Pauli,away,4-3-3,True,5,El Chadaille Bitshiabu,CD-L,6,746857
RB Leipzig,2026-01-27,St Pauli,away,4-3-3,True,4,Willi Orbán,CD-R,5,746857
RB Leipzig,2026-01-27,St Pauli,away,4-3-3,True,22,David Raum,LB,3,746857
RB Leipzig,2026-01-27,St Pauli,away,4-3-3,True,17,Ridle Baku,RB,2,746857
RB Leipzig,2026-01-27,St Pauli,away,4-3-3,True,13,Nicolas Seiwald,CM,4,746857
RB Leipzig,2026-01-27,St Pauli,away,4-3-3,True,14,Christoph Baumgartner,LM,8,746857
RB Leipzig,2026-01-27,St Pauli,away,4-3-3,True,24,Xaver Schlager,RM,7,746857
RB Leipzig,2026-01-27,St Pauli,away,4-3-3,True,40,Rômulo,F,9,746857
RB Leipzig,2026-01-27,St Pauli,away,4-3-3,True,7,Antonio Nusa,LF,11,746857
RB Leipzig,2026-01-27,St Pauli,away,4-3-3,True,49,Yan Diomande,RF,10,746857
RB Leipzig,2026-01-27,St Pauli,away,4-3-3,False,19,Kosta Nedeljkovic,SUB,0,746857
RB Leipzig,2026-01-27,St Pauli,away,4-3-3,False,27,Tidiam Gomis,SUB,0,746857
RB Leipzig,2026-01-27,St Pauli,away,4-3-3,False,26,Maarten Vandevoordt,SUB,0,746857
RB Leipzig,2026-01-27,St Pauli,away,4-3-3,False,39,Benjamin Henrichs,SUB,0,746857
RB Leipzig,2026-01-27,St Pauli,away,4-3-3,False,16,Lukas Klostermann,SUB,0,746857
RB Leipzig,2026-01-27,St Pauli,away,4-3-3,False,33,Andrija Maksimovic,SUB,0,746857
RB Leipzig,2026-01-27,St Pauli,away,4-3-3,False,35,Max Finkgrafe,SUB,0,746857
RB Leipzig,2026-01-27,St Pauli,away,4-3-3,False,11,Conrad Harder,SUB,0,746857
RB Leipzig,2026-01-27,St Pauli,away,4-3-3,False,6,Ezechiel Banzuzi,SUB,0,746857
Heidenheim,2026-02-07,Hamburger SV,home,3-4-2-1,True,41,Diant Ramaj,G,1,746898
Heidenheim,2026-02-07,Hamburger SV,home,3-4-2-1,True,6,Patrick Mainka,CD,5,746898
Heidenheim,2026-02-07,Hamburger SV,home,3-4-2-1,True,5,Benedikt Gimber,CD-L,4,746898
Heidenheim,2026-02-07,Hamburger SV,home,3-4-2-1,True,2,Marnon Busch,CD-R,6,746898
Heidenheim,2026-02-07,Hamburger SV,home,3-4-2-1,True,30,Niklas Dorsch,CM-L,8,746898
Heidenheim,2026-02-07,Hamburger SV,home,3-4-2-1,True,16,Julian Niehues,CM-R,7,746898
Heidenheim,2026-02-07,Hamburger SV,home,3-4-2-1,True,26,Hennes Behrens,LM,3,746898
Heidenheim,2026-02-07,Hamburger SV,home,3-4-2-1,True,23,Omar-Haktab Traoré,RM,2,746898
Heidenheim,2026-02-07,Hamburger SV,home,3-4-2-1,True,18,Marvin Pieringer,F,9,746898
Heidenheim,2026-02-07,Hamburger SV,home,3-4-2-1,True,22,Arijon Ibrahimovic,CF-L,11,746898
Heidenheim,2026-02-07,Hamburger SV,home,3-4-2-1,True,8,Eren Dinkci,CF-R,10,746898
Heidenheim,2026-02-07,Hamburger SV,home,3-4-2-1,False,9,Stefan Schimmer,SUB,0,746898
Heidenheim,2026-02-07,Hamburger SV,home,3-4-2-1,False,17,Mathias Honsak,SUB,0,746898
Heidenheim,2026-02-07,Hamburger SV,home,3-4-2-1,False,19,Jonas Föhrenbach,SUB,0,746898
Heidenheim,2026-02-07,Hamburger SV,home,3-4-2-1,False,40,Frank Feller,SUB,0,746898
Heidenheim,2026-02-07,Hamburger SV,home,3-4-2-1,False,11,Budu Zivzivadze,SUB,0,746898
Heidenheim,2026-02-07,Hamburger SV,home,3-4-2-1,False,4,Tim Siersleben,SUB,0,746898
Heidenheim,2026-02-07,Hamburger SV,home,3-4-2-1,False,31,Sirlord Conteh,SUB,0,746898
Heidenheim,2026-02-07,Hamburger SV,home,3-4-2-1,False,3,Jan Schöppner,SUB,0,746898
Heidenheim,2026-02-07,Hamburger SV,home,3-4-2-1,False,21,Adrian Beck,SUB,0,746898
Hamburger SV,2026-02-07,Heidenheim,away,3-4-2-1,True,1,Daniel Heuer Fernandes,G,1,746898
Hamburger SV,2026-02-07,Heidenheim,away,3-4-2-1,True,44,Luka Vuskovic,CD,5,746898
Hamburger SV,2026-02-07,Heidenheim,away,3-4-2-1,True,8,Daniel Elfadli,CD-L,4,746898
Hamburger SV,2026-02-07,Heidenheim,away,3-4-2-1,True,17,Warmed Omari,CD-R,6,746898
Hamburger SV,2026-02-07,Heidenheim,away,3-4-2-1,True,6,Albert Sambi Lokonga,CM-L,8,746898
Hamburger SV,2026-02-07,Heidenheim,away,3-4-2-1,True,21,Nicolai Remberg,CM-R,7,746898
Hamburger SV,2026-02-07,Heidenheim,away,3-4-2-1,True,28,Miro Muheim,LM,3,746898
Hamburger SV,2026-02-07,Heidenheim,away,3-4-2-1,True,18,Bakery Jatta,RM,2,746898
Hamburger SV,2026-02-07,Heidenheim,away,3-4-2-1,True,11,Ransford-Yeboah Königsdörffer,F,9,746898
Hamburger SV,2026-02-07,Heidenheim,away,3-4-2-1,True,27,Philip Otele,CF-L,11,746898
Hamburger SV,2026-02-07,Heidenheim,away,3-4-2-1,True,20,Fabio Vieira,CF-R,10,746898
Hamburger SV,2026-02-07,Heidenheim,away,3-4-2-1,False,14,Rayan Philippe,SUB,0,746898
Hamburger SV,2026-02-07,Heidenheim,away,3-4-2-1,False,2,William Mikelbrencis,SUB,0,746898
Hamburger SV,2026-02-07,Heidenheim,away,3-4-2-1,False,49,Otto Stange,SUB,0,746898
Hamburger SV,2026-02-07,Heidenheim,away,3-4-2-1,False,39,Omar Megeed,SUB,0,746898
Hamburger SV,2026-02-07,Heidenheim,away,3-4-2-1,False,12,Sander Tangvik,SUB,0,746898
Hamburger SV,2026-02-07,Heidenheim,away,3-4-2-1,False,9,Robert Glatzel,SUB,0,746898
Hamburger SV,2026-02-07,Heidenheim,away,3-4-2-1,False,19,Damion Downs,SUB,0,746898
Hamburger SV,2026-02-07,Heidenheim,away,3-4-2-1,False,25,Jordan Torunarigha,SUB,0,746898
Hamburger SV,2026-02-07,Heidenheim,away,3-4-2-1,False,16,Giorgi Gocholeishvili,SUB,0,746898
St Pauli,2026-02-07,Stuttgart,home,3-4-2-1,True,22,Nikola Vasilj,G,1,746904
St Pauli,2026-02-07,Stuttgart,home,3-4-2-1,True,15,Tomoya Ando,CD,5,746904
St Pauli,2026-02-07,Stuttgart,home,3-4-2-1,True,3,Karol Mets,CD-L,4,746904
St Pauli,2026-02-07,Stuttgart,home,3-4-2-1,True,25,Adam Dzwigala,CD-R,6,746904
St Pauli,2026-02-07,Stuttgart,home,3-4-2-1,True,7,Jackson Irvine,CM-L,8,746904
St Pauli,2026-02-07,Stuttgart,home,3-4-2-1,True,6,James Sands,CM-R,7,746904
St Pauli,2026-02-07,Stuttgart,home,3-4-2-1,True,11,Arkadiusz Pyrka,LM,3,746904
St Pauli,2026-02-07,Stuttgart,home,3-4-2-1,True,2,Manolis Saliakas,RM,2,746904
St Pauli,2026-02-07,Stuttgart,home,3-4-2-1,True,19,Martijn Kaars,F,9,746904
St Pauli,2026-02-07,Stuttgart,home,3-4-2-1,True,20,Mathias Rasmussen,CF-L,11,746904
St Pauli,2026-02-07,Stuttgart,home,3-4-2-1,True,10,Danel Sinani,CF-R,10,746904
St Pauli,2026-02-07,Stuttgart,home,3-4-2-1,False,1,Ben Voll,SUB,0,746904
St Pauli,2026-02-07,Stuttgart,home,3-4-2-1,False,23,Louis Oppie,SUB,0,746904
St Pauli,2026-02-07,Stuttgart,home,3-4-2-1,False,14,Fin Stevens,SUB,0,746904
St Pauli,2026-02-07,Stuttgart,home,3-4-2-1,False,44,Nick Schmidt,SUB,0,746904
St Pauli,2026-02-07,Stuttgart,home,3-4-2-1,False,9,Abdoulie Ceesay,SUB,0,746904
St Pauli,2026-02-07,Stuttgart,home,3-4-2-1,False,21,Lars Ritzka,SUB,0,746904
St Pauli,2026-02-07,Stuttgart,home,3-4-2-1,False,38,Romeo Aigbekaen,SUB,0,746904
St Pauli,2026-02-07,Stuttgart,home,3-4-2-1,False,34,Jannik Robatsch,SUB,0,746904
St Pauli,2026-02-07,Stuttgart,home,3-4-2-1,False,18,Taichi Hara,SUB,0,746904
Stuttgart,2026-02-07,St Pauli,away,4-2-3-1,True,33,Alexander Nübel,G,1,746904
Stuttgart,2026-02-07,St Pauli,away,4-2-3-1,True,3,Ramon Hendriks,CD-L,6,746904
Stuttgart,2026-02-07,St Pauli,away,4-2-3-1,True,29,Finn Jeltsch,CD-R,5,746904
Stuttgart,2026-02-07,St Pauli,away,4-2-3-1,True,7,Maximilian Mittelstädt,LB,3,746904
Stuttgart,2026-02-07,St Pauli,away,4-2-3-1,True,4,Josha Vagnoman,RB,2,746904
Stuttgart,2026-02-07,St Pauli,away,4-2-3-1,True,26,Deniz Undav,AM,10,746904
Stuttgart,2026-02-07,St Pauli,away,4-2-3-1,True,6,Angelo Stiller,LM,4,746904
Stuttgart,2026-02-07,St Pauli,away,4-2-3-1,True,16,Atakan Karazor,RM,8,746904
Stuttgart,2026-02-07,St Pauli,away,4-2-3-1,True,9,Ermedin Demirovic,F,9,746904
Stuttgart,2026-02-07,St Pauli,away,4-2-3-1,True,10,Chris Führich,AM-L,11,746904
Stuttgart,2026-02-07,St Pauli,away,4-2-3-1,True,11,Bilal El Khannouss,AM-R,7,746904
Stuttgart,2026-02-07,St Pauli,away,4-2-3-1,False,25,Jeremy Arévalo,SUB,0,746904
Stuttgart,2026-02-07,St Pauli,away,4-2-3-1,False,15,Pascal Stenzel,SUB,0,746904
Stuttgart,2026-02-07,St Pauli,away,4-2-3-1,False,18,Jamie Leweling,SUB,0,746904
Stuttgart,2026-02-07,St Pauli,away,4-2-3-1,False,2,Ameen Al Dakhil,SUB,0,746904
Stuttgart,2026-02-07,St Pauli,away,4-2-3-1,False,24,Jeff Chabot,SUB,0,746904
Stuttgart,2026-02-07,St Pauli,away,4-2-3-1,False,1,Fabian Bredlow,SUB,0,746904
Stuttgart,2026-02-07,St Pauli,away,4-2-3-1,False,30,Chema Andrés,SUB,0,746904
Stuttgart,2026-02-07,St Pauli,away,4-2-3-1,False,27,Badredine Bouanani,SUB,0,746904
Stuttgart,2026-02-07,St Pauli,away,4-2-3-1,False,22,Lorenz Assignon,SUB,0,746904
Freiburg,2026-01-25,Köln,home,4-2-3-1,True,1,Noah Atubolu,G,1,746887
Freiburg,2026-01-25,Köln,home,4-2-3-1,True,37,Max Rosenfelder,CD-L,6,746887
Freiburg,2026-01-25,Köln,home,4-2-3-1,True,28,Matthias Ginter,CD-R,5,746887
Freiburg,2026-01-25,Köln,home,4-2-3-1,True,29,Philipp Treu,LB,3,746887
Freiburg,2026-01-25,Köln,home,4-2-3-1,True,17,Lukas Kübler,RB,2,746887
Freiburg,2026-01-25,Köln,home,4-2-3-1,True,14,Yuito Suzuki,AM,10,746887
Freiburg,2026-01-25,Köln,home,4-2-3-1,True,6,Patrick Osterhage,LM,4,746887
Freiburg,2026-01-25,Köln,home,4-2-3-1,True,8,Maximilian Eggestein,RM,8,746887
Freiburg,2026-01-25,Köln,home,4-2-3-1,True,31,Igor Matanovic,F,9,746887
Freiburg,2026-01-25,Köln,home,4-2-3-1,True,7,Derry Scherhant,AM-L,11,746887
Freiburg,2026-01-25,Köln,home,4-2-3-1,True,19,Niklas Beste,AM-R,7,746887
Freiburg,2026-01-25,Köln,home,4-2-3-1,False,27,Nicolas Höfler,SUB,0,746887
Freiburg,2026-01-25,Köln,home,4-2-3-1,False,21,Florian Müller,SUB,0,746887
Freiburg,2026-01-25,Köln,home,4-2-3-1,False,32,Vincenzo Grifo,SUB,0,746887
Freiburg,2026-01-25,Köln,home,4-2-3-1,False,22,Cyriaque Irié,SUB,0,746887
Freiburg,2026-01-25,Köln,home,4-2-3-1,False,44,Johan Manzambi,SUB,0,746887
Freiburg,2026-01-25,Köln,home,4-2-3-1,False,30,Christian Günter,SUB,0,746887
Freiburg,2026-01-25,Köln,home,4-2-3-1,False,20,Junior Adamu,SUB,0,746887
Freiburg,2026-01-25,Köln,home,4-2-3-1,False,9,Lucas Höler,SUB,0,746887
Freiburg,2026-01-25,Köln,home,4-2-3-1,False,43,Ifechukwu Ogbus,SUB,0,746887
Köln,2026-01-25,Freiburg,away,4-4-2,True,1,Marvin Schwäbe,G,1,746887
Köln,2026-01-25,Freiburg,away,4-4-2,True,33,Rav van den Berg,CD-L,6,746887
Köln,2026-01-25,Freiburg,away,4-4-2,True,28,Sebastian Sebulonsen,CD-R,5,746887
Köln,2026-01-25,Freiburg,away,4-4-2,True,32,Kristoffer Lund,LB,3,746887
Köln,2026-01-25,Freiburg,away,4-4-2,True,17,Alessio Castro-Montes,RB,2,746887
Köln,2026-01-25,Freiburg,away,4-4-2,True,16,Jakub Kaminski,CM-L,8,746887
Köln,2026-01-25,Freiburg,away,4-4-2,True,5,Tom Krauss,CM-R,4,746887
Köln,2026-01-25,Freiburg,away,4-4-2,True,37,Linton Maina,LM,11,746887
Köln,2026-01-25,Freiburg,away,4-4-2,True,29,Jan Thielmann,RM,7,746887
Köln,2026-01-25,Freiburg,away,4-4-2,True,30,Marius Bulter,CF-L,9,746887
Köln,2026-01-25,Freiburg,away,4-4-2,True,9,Ragnar Ache,CF-R,10,746887
Köln,2026-01-25,Freiburg,away,4-4-2,False,18,Ísak Jóhannesson,SUB,0,746887
Köln,2026-01-25,Freiburg,away,4-4-2,False,8,Denis Huseinbasic,SUB,0,746887
Köln,2026-01-25,Freiburg,away,4-4-2,False,7,Luca Waldschmidt,SUB,0,746887
Köln,2026-01-25,Freiburg,away,4-4-2,False,38,Youssoupha Niang,SUB,0,746887
Köln,2026-01-25,Freiburg,away,4-4-2,False,39,Cenk Özkacar,SUB,0,746887
Köln,2026-01-25,Freiburg,away,4-4-2,False,40,Fynn Schenten,SUB,0,746887
Köln,2026-01-25,Freiburg,away,4-4-2,False,13,Said El Mala,SUB,0,746887
Köln,2026-01-25,Freiburg,away,4-4-2,False,20,Ron-Robert Zieler,SUB,0,746887
Köln,2026-01-25,Freiburg,away,4-4-2,False,6,Eric Martel,SUB,0,746887
Gladbach,2026-02-07,Leverkusen,home,3-5-2,True,33,Moritz Nicolas,G,1,746906
Gladbach,2026-02-07,Leverkusen,home,3-5-2,True,30,Nico Elvedi,CD,5,746906
Gladbach,2026-02-07,Leverkusen,home,3-5-2,True,4,Kevin Diks,CD-L,4,746906
Gladbach,2026-02-07,Leverkusen,home,3-5-2,True,16,Philipp Sander,CD-R,6,746906
Gladbach,2026-02-07,Leverkusen,home,3-5-2,True,7,Kevin Stöger,CM-L,8,746906
Gladbach,2026-02-07,Leverkusen,home,3-5-2,True,27,Rocco Reitz,CM-R,7,746906
Gladbach,2026-02-07,Leverkusen,home,3-5-2,True,6,Yannick Engelhardt,AM,11,746906
Gladbach,2026-02-07,Leverkusen,home,3-5-2,True,26,Lukas Ullrich,LM,3,746906
Gladbach,2026-02-07,Leverkusen,home,3-5-2,True,17,Jens Castrop,RM,2,746906
Gladbach,2026-02-07,Leverkusen,home,3-5-2,True,15,Haris Tabakovic,CF-L,9,746906
Gladbach,2026-02-07,Leverkusen,home,3-5-2,True,9,Franck Honorat,CF-R,10,746906
Gladbach,2026-02-07,Leverkusen,home,3-5-2,False,14,Kota Takai,SUB,0,746906
Gladbach,2026-02-07,Leverkusen,home,3-5-2,False,38,Hugo Bolin,SUB,0,746906
Gladbach,2026-02-07,Leverkusen,home,3-5-2,False,8,Alejo Sarco,SUB,0,746906
Gladbach,2026-02-07,Leverkusen,home,3-5-2,False,18,Shuto Machino,SUB,0,746906
Gladbach,2026-02-07,Leverkusen,home,3-5-2,False,36,Wael Mohya,SUB,0,746906
Gladbach,2026-02-07,Leverkusen,home,3-5-2,False,23,Jan Olschowsky,SUB,0,746906
Gladbach,2026-02-07,Leverkusen,home,3-5-2,False,10,Florian Neuhaus,SUB,0,746906
Gladbach,2026-02-07,Leverkusen,home,3-5-2,False,2,Fabio Chiarodia,SUB,0,746906
Gladbach,2026-02-07,Leverkusen,home,3-5-2,False,29,Joe Scally,SUB,0,746906
Leverkusen,2026-02-07,Gladbach,away,3-4-2-1,True,28,Janis Blaswich,G,1,746906
Leverkusen,2026-02-07,Gladbach,away,3-4-2-1,True,5,Loïc Badé,CD,5,746906
Leverkusen,2026-02-07,Gladbach,away,3-4-2-1,True,12,Edmond Tapsoba,CD-L,4,746906
Leverkusen,2026-02-07,Gladbach,away,3-4-2-1,True,4,Jarell Quansah,CD-R,6,746906
Leverkusen,2026-02-07,Gladbach,away,3-4-2-1,True,24,Aleix García,CM-L,8,746906
Leverkusen,2026-02-07,Gladbach,away,3-4-2-1,True,6,Ezequiel Fernández,CM-R,7,746906
Leverkusen,2026-02-07,Gladbach,away,3-4-2-1,True,20,Alejandro Grimaldo,LM,3,746906
Leverkusen,2026-02-07,Gladbach,away,3-4-2-1,True,13,Arthur,RM,2,746906
Leverkusen,2026-02-07,Gladbach,away,3-4-2-1,True,14,Patrik Schick,F,9,746906
Leverkusen,2026-02-07,Gladbach,away,3-4-2-1,True,10,Malik Tillman,CF-L,11,746906
Leverkusen,2026-02-07,Gladbach,away,3-4-2-1,True,7,Jonas Hofmann,CF-R,10,746906
Leverkusen,2026-02-07,Gladbach,away,3-4-2-1,False,11,Martin Terrier,SUB,0,746906
Leverkusen,2026-02-07,Gladbach,away,3-4-2-1,False,8,Robert Andrich,SUB,0,746906
Leverkusen,2026-02-07,Gladbach,away,3-4-2-1,False,36,Niklas Lomb,SUB,0,746906
Leverkusen,2026-02-07,Gladbach,away,3-4-2-1,False,35,Christian Kofane,SUB,0,746906
Leverkusen,2026-02-07,Gladbach,away,3-4-2-1,False,16,Axel Tape,SUB,0,746906
Leverkusen,2026-02-07,Gladbach,away,3-4-2-1,False,25,Exequiel Palacios,SUB,0,746906
Leverkusen,2026-02-07,Gladbach,away,3-4-2-1,False,18,Jonas Omlin,SUB,0,746906
Leverkusen,2026-02-07,Gladbach,away,3-4-2-1,False,21,Lucas Vázquez,SUB,0,746906
Leverkusen,2026-02-07,Gladbach,away,3-4-2-1,False,19,Ernest Poku,SUB,0,746906
Köln,2026-02-08,RB Leipzig,home,5-3-2,True,1,Marvin Schwäbe,G,1,746899
Köln,2026-02-08,RB Leipzig,home,5-3-2,True,6,Eric Martel,CD,5,746899
Köln,2026-02-08,RB Leipzig,home,5-3-2,True,39,Cenk Özkacar,CD-L,4,746899
Köln,2026-02-08,RB Leipzig,home,5-3-2,True,28,Sebastian Sebulonsen,CD-R,6,746899
Köln,2026-02-08,RB Leipzig,home,5-3-2,True,32,Kristoffer Lund,LB,3,746899
Köln,2026-02-08,RB Leipzig,home,5-3-2,True,29,Jan Thielmann,RB,2,746899
Köln,2026-02-08,RB Leipzig,home,5-3-2,True,5,Tom Krauss,CM,8,746899
Köln,2026-02-08,RB Leipzig,home,5-3-2,True,16,Jakub Kaminski,CM-L,11,746899
Köln,2026-02-08,RB Leipzig,home,5-3-2,True,18,Ísak Jóhannesson,CM-R,7,746899
Köln,2026-02-08,RB Leipzig,home,5-3-2,True,13,Said El Mala,CF-L,9,746899
Köln,2026-02-08,RB Leipzig,home,5-3-2,True,9,Ragnar Ache,CF-R,10,746899
Köln,2026-02-08,RB Leipzig,home,5-3-2,False,33,Rav van den Berg,SUB,0,746899
Köln,2026-02-08,RB Leipzig,home,5-3-2,False,38,Youssoupha Niang,SUB,0,746899
Köln,2026-02-08,RB Leipzig,home,5-3-2,False,8,Denis Huseinbasic,SUB,0,746899
Köln,2026-02-08,RB Leipzig,home,5-3-2,False,7,Luca Waldschmidt,SUB,0,746899
Köln,2026-02-08,RB Leipzig,home,5-3-2,False,2,Joel Schmied,SUB,0,746899
Köln,2026-02-08,RB Leipzig,home,5-3-2,False,40,Fynn Schenten,SUB,0,746899
Köln,2026-02-08,RB Leipzig,home,5-3-2,False,30,Marius Bulter,SUB,0,746899
Köln,2026-02-08,RB Leipzig,home,5-3-2,False,20,Ron-Robert Zieler,SUB,0,746899
Köln,2026-02-08,RB Leipzig,home,5-3-2,False,27,Felipe Chávez,SUB,0,746899
RB Leipzig,2026-02-08,Köln,away,4-3-3,True,1,Péter Gulácsi,G,1,746899
RB Leipzig,2026-02-08,Köln,away,4-3-3,True,13,Nicolas Seiwald,CD-L,6,746899
RB Leipzig,2026-02-08,Köln,away,4-3-3,True,4,Willi Orbán,CD-R,5,746899
RB Leipzig,2026-02-08,Köln,away,4-3-3,True,22,David Raum,LB,3,746899
RB Leipzig,2026-02-08,Köln,away,4-3-3,True,39,Benjamin Henrichs,RB,2,746899
RB Leipzig,2026-02-08,Köln,away,4-3-3,True,24,Xaver Schlager,CM,4,746899
RB Leipzig,2026-02-08,Köln,away,4-3-3,True,14,Christoph Baumgartner,LM,8,746899
RB Leipzig,2026-02-08,Köln,away,4-3-3,True,10,Brajan Gruda,RM,7,746899
RB Leipzig,2026-02-08,Köln,away,4-3-3,True,40,Rômulo,F,9,746899
RB Leipzig,2026-02-08,Köln,away,4-3-3,True,7,Antonio Nusa,LF,11,746899
RB Leipzig,2026-02-08,Köln,away,4-3-3,True,49,Yan Diomande,RF,10,746899
RB Leipzig,2026-02-08,Köln,away,4-3-3,False,6,Ezechiel Banzuzi,SUB,0,746899
RB Leipzig,2026-02-08,Köln,away,4-3-3,False,17,Ridle Baku,SUB,0,746899
RB Leipzig,2026-02-08,Köln,away,4-3-3,False,16,Lukas Klostermann,SUB,0,746899
RB Leipzig,2026-02-08,Köln,away,4-3-3,False,9,Johan Bakayoko,SUB,0,746899
RB Leipzig,2026-02-08,Köln,away,4-3-3,False,35,Max Finkgrafe,SUB,0,746899
RB Leipzig,2026-02-08,Köln,away,4-3-3,False,11,Conrad Harder,SUB,0,746899
RB Leipzig,2026-02-08,Köln,away,4-3-3,False,5,El Chadaille Bitshiabu,SUB,0,746899
RB Leipzig,2026-02-08,Köln,away,4-3-3,False,26,Maarten Vandevoordt,SUB,0,746899
RB Leipzig,2026-02-08,Köln,away,4-3-3,False,27,Tidiam Gomis,SUB,0,746899
Frankfurt,2026-02-14,Gladbach,home,3-4-2-1,True,40,Kauã Santos,G,1,746909
Frankfurt,2026-02-14,Gladbach,home,3-4-2-1,True,5,Aurèle Amenda,CD,5,746909
Frankfurt,2026-02-14,Gladbach,home,3-4-2-1,True,4,Robin Koch,CD-L,4,746909
Frankfurt,2026-02-14,Gladbach,home,3-4-2-1,True,13,Rasmus Kristensen,CD-R,6,746909
Frankfurt,2026-02-14,Gladbach,home,3-4-2-1,True,16,Hugo Larsson,CM-L,8,746909
Frankfurt,2026-02-14,Gladbach,home,3-4-2-1,True,20,Ritsu Doan,CM-R,7,746909
Frankfurt,2026-02-14,Gladbach,home,3-4-2-1,True,21,Nathaniel Brown,LM,3,746909
Frankfurt,2026-02-14,Gladbach,home,3-4-2-1,True,29,Ayoube Amaimouni,RM,2,746909
Frankfurt,2026-02-14,Gladbach,home,3-4-2-1,True,25,Arnaud Kalimuendo,F,9,746909
Frankfurt,2026-02-14,Gladbach,home,3-4-2-1,True,19,Jean-Mattéo Bahoya,CF-L,11,746909
Frankfurt,2026-02-14,Gladbach,home,3-4-2-1,True,27,Mario Götze,CF-R,10,746909
Frankfurt,2026-02-14,Gladbach,home,3-4-2-1,False,34,Nnamdi Collins,SUB,0,746909
Frankfurt,2026-02-14,Gladbach,home,3-4-2-1,False,31,Love Arrhov,SUB,0,746909
Frankfurt,2026-02-14,Gladbach,home,3-4-2-1,False,7,Ansgar Knauff,SUB,0,746909
Frankfurt,2026-02-14,Gladbach,home,3-4-2-1,False,18,Mahmoud Dahoud,SUB,0,746909
Frankfurt,2026-02-14,Gladbach,home,3-4-2-1,False,23,Michael Zetterer,SUB,0,746909
Frankfurt,2026-02-14,Gladbach,home,3-4-2-1,False,33,Jens Grahl,SUB,0,746909
Frankfurt,2026-02-14,Gladbach,home,3-4-2-1,False,15,Ellyes Skhiri,SUB,0,746909
Frankfurt,2026-02-14,Gladbach,home,3-4-2-1,False,2,Elias Baum,SUB,0,746909
Frankfurt,2026-02-14,Gladbach,home,3-4-2-1,False,26,Keita Kosugi,SUB,0,746909
Gladbach,2026-02-14,Frankfurt,away,3-1-4-2,False,36,Wael Mohya,,0,746909
Gladbach,2026-02-14,Frankfurt,away,3-1-4-2,False,2,Fabio Chiarodia,,0,746909
Gladbach,2026-02-14,Frankfurt,away,3-1-4-2,False,29,Joe Scally,,0,746909
Gladbach,2026-02-14,Frankfurt,away,3-1-4-2,False,18,Shuto Machino,,0,746909
Gladbach,2026-02-14,Frankfurt,away,3-1-4-2,False,38,Hugo Bolin,,0,746909
Gladbach,2026-02-14,Frankfurt,away,3-1-4-2,False,10,Florian Neuhaus,,0,746909
Gladbach,2026-02-14,Frankfurt,away,3-1-4-2,False,23,Jan Olschowsky,,0,746909
Gladbach,2026-02-14,Frankfurt,away,3-1-4-2,False,5,Marvin Friedrich,,0,746909
Gladbach,2026-02-14,Frankfurt,away,3-1-4-2,False,40,Jan Urbich,,0,746909
Gladbach,2026-02-14,Frankfurt,away,3-1-4-2,True,33,Moritz Nicolas,G,1,746909
Gladbach,2026-02-14,Frankfurt,away,3-1-4-2,True,30,Nico Elvedi,CD,4,746909
Gladbach,2026-02-14,Frankfurt,away,3-1-4-2,True,14,Kota Takai,CD-L,6,746909
Gladbach,2026-02-14,Frankfurt,away,3-1-4-2,True,16,Philipp Sander,CD-R,5,746909
Gladbach,2026-02-14,Frankfurt,away,3-1-4-2,True,6,Yannick Engelhardt,SW,8,746909
Gladbach,2026-02-14,Frankfurt,away,3-1-4-2,True,7,Kevin Stöger,CM-L,11,746909
Gladbach,2026-02-14,Frankfurt,away,3-1-4-2,True,27,Rocco Reitz,CM-R,7,746909
Gladbach,2026-02-14,Frankfurt,away,3-1-4-2,True,26,Lukas Ullrich,LM,3,746909
Gladbach,2026-02-14,Frankfurt,away,3-1-4-2,True,17,Jens Castrop,RM,2,746909
Gladbach,2026-02-14,Frankfurt,away,3-1-4-2,True,15,Haris Tabakovic,CF-L,10,746909
Gladbach,2026-02-14,Frankfurt,away,3-1-4-2,True,9,Franck Honorat,CF-R,9,746909
Hamburger SV,2026-02-14,Union Berlin,home,3-4-3,True,1,Daniel Heuer Fernandes,G,1,746911
Hamburger SV,2026-02-14,Union Berlin,home,3-4-3,True,44,Luka Vuskovic,CD,5,746911
Hamburger SV,2026-02-14,Union Berlin,home,3-4-3,True,25,Jordan Torunarigha,CD-L,4,746911
Hamburger SV,2026-02-14,Union Berlin,home,3-4-3,True,24,Nicolás Capaldo,CD-R,6,746911
Hamburger SV,2026-02-14,Union Berlin,home,3-4-3,True,21,Nicolai Remberg,CM-L,8,746911
Hamburger SV,2026-02-14,Union Berlin,home,3-4-3,True,20,Fabio Vieira,CM-R,7,746911
Hamburger SV,2026-02-14,Union Berlin,home,3-4-3,True,28,Miro Muheim,LM,3,746911
Hamburger SV,2026-02-14,Union Berlin,home,3-4-3,True,18,Bakery Jatta,RM,2,746911
Hamburger SV,2026-02-14,Union Berlin,home,3-4-3,True,9,Robert Glatzel,F,9,746911
Hamburger SV,2026-02-14,Union Berlin,home,3-4-3,True,27,Philip Otele,CF-L,11,746911
Hamburger SV,2026-02-14,Union Berlin,home,3-4-3,True,11,Ransford-Yeboah Königsdörffer,CF-R,10,746911
Hamburger SV,2026-02-14,Union Berlin,home,3-4-3,False,7,Jean-Luc Dompé,SUB,0,746911
Hamburger SV,2026-02-14,Union Berlin,home,3-4-3,False,16,Giorgi Gocholeishvili,SUB,0,746911
Hamburger SV,2026-02-14,Union Berlin,home,3-4-3,False,14,Rayan Philippe,SUB,0,746911
Hamburger SV,2026-02-14,Union Berlin,home,3-4-3,False,49,Otto Stange,SUB,0,746911
Hamburger SV,2026-02-14,Union Berlin,home,3-4-3,False,39,Omar Megeed,SUB,0,746911
Hamburger SV,2026-02-14,Union Berlin,home,3-4-3,False,15,Yussuf Poulsen,SUB,0,746911
Hamburger SV,2026-02-14,Union Berlin,home,3-4-3,False,2,William Mikelbrencis,SUB,0,746911
Hamburger SV,2026-02-14,Union Berlin,home,3-4-3,False,8,Daniel Elfadli,SUB,0,746911
Hamburger SV,2026-02-14,Union Berlin,home,3-4-3,False,12,Sander Tangvik,SUB,0,746911
Union Berlin,2026-02-14,Hamburger SV,away,3-4-2-1,True,1,Frederik Ronnow,G,1,746911
Union Berlin,2026-02-14,Hamburger SV,away,3-4-2-1,True,14,Leopold Querfeld,CD,5,746911
Union Berlin,2026-02-14,Hamburger SV,away,3-4-2-1,True,34,Stanley N'Soki,CD-L,4,746911
Union Berlin,2026-02-14,Hamburger SV,away,3-4-2-1,True,5,Danilho Doekhi,CD-R,6,746911
Union Berlin,2026-02-14,Hamburger SV,away,3-4-2-1,True,6,Aljoscha Kemlein,CM-L,8,746911
Union Berlin,2026-02-14,Hamburger SV,away,3-4-2-1,True,8,Rani Khedira,CM-R,7,746911
Union Berlin,2026-02-14,Hamburger SV,away,3-4-2-1,True,39,Derrick Köhn,LM,3,746911
Union Berlin,2026-02-14,Hamburger SV,away,3-4-2-1,True,28,Christopher Trimmel,RM,2,746911
Union Berlin,2026-02-14,Hamburger SV,away,3-4-2-1,True,23,Andrej Ilic,F,9,746911
Union Berlin,2026-02-14,Hamburger SV,away,3-4-2-1,True,10,Ilyas Ansah,CF-L,11,746911
Union Berlin,2026-02-14,Hamburger SV,away,3-4-2-1,True,11,Jeong Woo-Yeong,CF-R,10,746911
Union Berlin,2026-02-14,Hamburger SV,away,3-4-2-1,False,21,Tim Skarke,SUB,0,746911
Union Berlin,2026-02-14,Hamburger SV,away,3-4-2-1,False,9,Livan Burcu,SUB,0,746911
Union Berlin,2026-02-14,Hamburger SV,away,3-4-2-1,False,19,Janik Haberer,SUB,0,746911
Union Berlin,2026-02-14,Hamburger SV,away,3-4-2-1,False,13,András Schäfer,SUB,0,746911
Union Berlin,2026-02-14,Hamburger SV,away,3-4-2-1,False,7,Oliver Burke,SUB,0,746911
Union Berlin,2026-02-14,Hamburger SV,away,3-4-2-1,False,17,David Preu,SUB,0,746911
Union Berlin,2026-02-14,Hamburger SV,away,3-4-2-1,False,31,Matheo Raab,SUB,0,746911
Union Berlin,2026-02-14,Hamburger SV,away,3-4-2-1,False,33,Alex Král,SUB,0,746911
Union Berlin,2026-02-14,Hamburger SV,away,3-4-2-1,False,3,Andrik Markgraf,SUB,0,746911
Stuttgart,2026-02-14,Köln,home,4-2-3-1,True,33,Alexander Nübel,G,1,746915
Stuttgart,2026-02-14,Köln,home,4-2-3-1,True,24,Jeff Chabot,CD-L,6,746915
Stuttgart,2026-02-14,Köln,home,4-2-3-1,True,29,Finn Jeltsch,CD-R,5,746915
Stuttgart,2026-02-14,Köln,home,4-2-3-1,True,7,Maximilian Mittelstädt,LB,3,746915
Stuttgart,2026-02-14,Köln,home,4-2-3-1,True,22,Lorenz Assignon,RB,2,746915
Stuttgart,2026-02-14,Köln,home,4-2-3-1,True,26,Deniz Undav,AM,10,746915
Stuttgart,2026-02-14,Köln,home,4-2-3-1,True,30,Chema Andrés,LM,4,746915
Stuttgart,2026-02-14,Köln,home,4-2-3-1,True,16,Atakan Karazor,RM,8,746915
Stuttgart,2026-02-14,Köln,home,4-2-3-1,True,9,Ermedin Demirovic,F,9,746915
Stuttgart,2026-02-14,Köln,home,4-2-3-1,True,10,Chris Führich,AM-L,11,746915
Stuttgart,2026-02-14,Köln,home,4-2-3-1,True,18,Jamie Leweling,AM-R,7,746915
Stuttgart,2026-02-14,Köln,home,4-2-3-1,False,11,Bilal El Khannouss,SUB,0,746915
Stuttgart,2026-02-14,Köln,home,4-2-3-1,False,15,Pascal Stenzel,SUB,0,746915
Stuttgart,2026-02-14,Köln,home,4-2-3-1,False,8,Tiago Tomás,SUB,0,746915
Stuttgart,2026-02-14,Köln,home,4-2-3-1,False,3,Ramon Hendriks,SUB,0,746915
Stuttgart,2026-02-14,Köln,home,4-2-3-1,False,4,Josha Vagnoman,SUB,0,746915
Stuttgart,2026-02-14,Köln,home,4-2-3-1,False,2,Ameen Al Dakhil,SUB,0,746915
Stuttgart,2026-02-14,Köln,home,4-2-3-1,False,1,Fabian Bredlow,SUB,0,746915
Stuttgart,2026-02-14,Köln,home,4-2-3-1,False,27,Badredine Bouanani,SUB,0,746915
Stuttgart,2026-02-14,Köln,home,4-2-3-1,False,6,Angelo Stiller,SUB,0,746915
Köln,2026-02-14,Stuttgart,away,5-3-2,True,1,Marvin Schwäbe,G,1,746915
Köln,2026-02-14,Stuttgart,away,5-3-2,True,6,Eric Martel,CD,5,746915
Köln,2026-02-14,Stuttgart,away,5-3-2,True,39,Cenk Özkacar,CD-L,4,746915
Köln,2026-02-14,Stuttgart,away,5-3-2,True,2,Joel Schmied,CD-R,6,746915
Köln,2026-02-14,Stuttgart,away,5-3-2,True,32,Kristoffer Lund,LB,3,746915
Köln,2026-02-14,Stuttgart,away,5-3-2,True,28,Sebastian Sebulonsen,RB,2,746915
Köln,2026-02-14,Stuttgart,away,5-3-2,True,5,Tom Krauss,CM,8,746915
Köln,2026-02-14,Stuttgart,away,5-3-2,True,16,Jakub Kaminski,CM-L,11,746915
Köln,2026-02-14,Stuttgart,away,5-3-2,True,29,Jan Thielmann,CM-R,7,746915
Köln,2026-02-14,Stuttgart,away,5-3-2,True,9,Ragnar Ache,CF-L,9,746915
Köln,2026-02-14,Stuttgart,away,5-3-2,True,30,Marius Bulter,CF-R,10,746915
Köln,2026-02-14,Stuttgart,away,5-3-2,False,40,Fynn Schenten,SUB,0,746915
Köln,2026-02-14,Stuttgart,away,5-3-2,False,8,Denis Huseinbasic,SUB,0,746915
Köln,2026-02-14,Stuttgart,away,5-3-2,False,20,Ron-Robert Zieler,SUB,0,746915
Köln,2026-02-14,Stuttgart,away,5-3-2,False,7,Luca Waldschmidt,SUB,0,746915
Köln,2026-02-14,Stuttgart,away,5-3-2,False,11,Florian Kainz,SUB,0,746915
Köln,2026-02-14,Stuttgart,away,5-3-2,False,49,David Fürst,SUB,0,746915
Köln,2026-02-14,Stuttgart,away,5-3-2,False,27,Felipe Chávez,SUB,0,746915
Köln,2026-02-14,Stuttgart,away,5-3-2,False,13,Said El Mala,SUB,0,746915
Köln,2026-02-14,Stuttgart,away,5-3-2,False,33,Rav van den Berg,SUB,0,746915
Hoffenheim,2026-02-14,Freiburg,home,4-3-3,True,1,Oliver Baumann,G,1,746914
Hoffenheim,2026-02-14,Freiburg,home,4-3-3,True,5,Ozan Kabak,CD-L,6,746914
Hoffenheim,2026-02-14,Freiburg,home,4-3-3,True,2,Robin Hranác,CD-R,5,746914
Hoffenheim,2026-02-14,Freiburg,home,4-3-3,True,21,Albian Hajdari,LB,3,746914
Hoffenheim,2026-02-14,Freiburg,home,4-3-3,True,34,Vladimír Coufal,RB,2,746914
Hoffenheim,2026-02-14,Freiburg,home,4-3-3,True,7,Leon Avdullahu,CM,4,746914
Hoffenheim,2026-02-14,Freiburg,home,4-3-3,True,18,Wouter Burger,LM,8,746914
Hoffenheim,2026-02-14,Freiburg,home,4-3-3,True,6,Grischa Prömel,RM,7,746914
Hoffenheim,2026-02-14,Freiburg,home,4-3-3,True,11,Fisnik Asllani,F,9,746914
Hoffenheim,2026-02-14,Freiburg,home,4-3-3,True,29,Bazoumana Touré,LF,11,746914
Hoffenheim,2026-02-14,Freiburg,home,4-3-3,True,27,Andrej Kramaric,RF,10,746914
Hoffenheim,2026-02-14,Freiburg,home,4-3-3,False,22,Alexander Prass,SUB,0,746914
Hoffenheim,2026-02-14,Freiburg,home,4-3-3,False,37,Luca Philipp,SUB,0,746914
Hoffenheim,2026-02-14,Freiburg,home,4-3-3,False,9,Ihlas Bebou,SUB,0,746914
Hoffenheim,2026-02-14,Freiburg,home,4-3-3,False,48,Luka Djuric,SUB,0,746914
Hoffenheim,2026-02-14,Freiburg,home,4-3-3,False,49,Valentin Lässig,SUB,0,746914
Hoffenheim,2026-02-14,Freiburg,home,4-3-3,False,45,Kelven Frees,SUB,0,746914
Hoffenheim,2026-02-14,Freiburg,home,4-3-3,False,33,Max Moerstedt,SUB,0,746914
Hoffenheim,2026-02-14,Freiburg,home,4-3-3,False,15,Valentin Gendrey,SUB,0,746914
Hoffenheim,2026-02-14,Freiburg,home,4-3-3,False,10,Muhammed Damar,SUB,0,746914
Freiburg,2026-02-14,Hoffenheim,away,4-2-3-1,True,1,Noah Atubolu,G,1,746914
Freiburg,2026-02-14,Hoffenheim,away,4-2-3-1,True,43,Ifechukwu Ogbus,CD-L,6,746914
Freiburg,2026-02-14,Hoffenheim,away,4-2-3-1,True,28,Matthias Ginter,CD-R,5,746914
Freiburg,2026-02-14,Hoffenheim,away,4-2-3-1,True,30,Christian Günter,LB,3,746914
Freiburg,2026-02-14,Hoffenheim,away,4-2-3-1,True,29,Philipp Treu,RB,2,746914
Freiburg,2026-02-14,Hoffenheim,away,4-2-3-1,True,14,Yuito Suzuki,AM,10,746914
Freiburg,2026-02-14,Hoffenheim,away,4-2-3-1,True,6,Patrick Osterhage,LM,4,746914
Freiburg,2026-02-14,Hoffenheim,away,4-2-3-1,True,8,Maximilian Eggestein,RM,8,746914
Freiburg,2026-02-14,Hoffenheim,away,4-2-3-1,True,9,Lucas Höler,F,9,746914
Freiburg,2026-02-14,Hoffenheim,away,4-2-3-1,True,7,Derry Scherhant,AM-L,11,746914
Freiburg,2026-02-14,Hoffenheim,away,4-2-3-1,True,22,Cyriaque Irié,AM-R,7,746914
Freiburg,2026-02-14,Hoffenheim,away,4-2-3-1,False,5,Anthony Jung,SUB,0,746914
Freiburg,2026-02-14,Hoffenheim,away,4-2-3-1,False,37,Max Rosenfelder,SUB,0,746914
Freiburg,2026-02-14,Hoffenheim,away,4-2-3-1,False,31,Igor Matanovic,SUB,0,746914
Freiburg,2026-02-14,Hoffenheim,away,4-2-3-1,False,19,Niklas Beste,SUB,0,746914
Freiburg,2026-02-14,Hoffenheim,away,4-2-3-1,False,27,Nicolas Höfler,SUB,0,746914
Freiburg,2026-02-14,Hoffenheim,away,4-2-3-1,False,65,Karl Steinmann,SUB,0,746914
Freiburg,2026-02-14,Hoffenheim,away,4-2-3-1,False,21,Florian Müller,SUB,0,746914
Freiburg,2026-02-14,Hoffenheim,away,4-2-3-1,False,33,Jordy Makengo,SUB,0,746914
Freiburg,2026-02-14,Hoffenheim,away,4-2-3-1,False,32,Vincenzo Grifo,SUB,0,746914
RB Leipzig,2026-02-15,Wolfsburg,home,4-3-3,True,1,Péter Gulácsi,G,1,746912
RB Leipzig,2026-02-15,Wolfsburg,home,4-3-3,True,13,Nicolas Seiwald,CD-L,6,746912
RB Leipzig,2026-02-15,Wolfsburg,home,4-3-3,True,4,Willi Orbán,CD-R,5,746912
RB Leipzig,2026-02-15,Wolfsburg,home,4-3-3,True,35,Max Finkgrafe,LB,3,746912
RB Leipzig,2026-02-15,Wolfsburg,home,4-3-3,True,39,Benjamin Henrichs,RB,2,746912
RB Leipzig,2026-02-15,Wolfsburg,home,4-3-3,True,24,Xaver Schlager,CM,4,746912
RB Leipzig,2026-02-15,Wolfsburg,home,4-3-3,True,14,Christoph Baumgartner,LM,8,746912
RB Leipzig,2026-02-15,Wolfsburg,home,4-3-3,True,10,Brajan Gruda,RM,7,746912
RB Leipzig,2026-02-15,Wolfsburg,home,4-3-3,True,11,Conrad Harder,F,9,746912
RB Leipzig,2026-02-15,Wolfsburg,home,4-3-3,True,7,Antonio Nusa,LF,11,746912
RB Leipzig,2026-02-15,Wolfsburg,home,4-3-3,True,49,Yan Diomande,RF,10,746912
RB Leipzig,2026-02-15,Wolfsburg,home,4-3-3,False,9,Johan Bakayoko,SUB,0,746912
RB Leipzig,2026-02-15,Wolfsburg,home,4-3-3,False,26,Maarten Vandevoordt,SUB,0,746912
RB Leipzig,2026-02-15,Wolfsburg,home,4-3-3,False,17,Ridle Baku,SUB,0,746912
RB Leipzig,2026-02-15,Wolfsburg,home,4-3-3,False,23,Castello Lukeba,SUB,0,746912
RB Leipzig,2026-02-15,Wolfsburg,home,4-3-3,False,5,El Chadaille Bitshiabu,SUB,0,746912
RB Leipzig,2026-02-15,Wolfsburg,home,4-3-3,False,27,Tidiam Gomis,SUB,0,746912
RB Leipzig,2026-02-15,Wolfsburg,home,4-3-3,False,33,Andrija Maksimovic,SUB,0,746912
RB Leipzig,2026-02-15,Wolfsburg,home,4-3-3,False,40,Rômulo,SUB,0,746912
RB Leipzig,2026-02-15,Wolfsburg,home,4-3-3,False,6,Ezechiel Banzuzi,SUB,0,746912
Wolfsburg,2026-02-15,RB Leipzig,away,4-2-3-1,True,1,Kamil Grabara,G,1,746912
Wolfsburg,2026-02-15,RB Leipzig,away,4-2-3-1,True,15,Moritz Jenz,CD-L,6,746912
Wolfsburg,2026-02-15,RB Leipzig,away,4-2-3-1,True,3,Denis Vavro,CD-R,5,746912
Wolfsburg,2026-02-15,RB Leipzig,away,4-2-3-1,True,6,Jeanuël Belocian,LB,3,746912
Wolfsburg,2026-02-15,RB Leipzig,away,4-2-3-1,True,26,Saël Kumbedi,RB,2,746912
Wolfsburg,2026-02-15,RB Leipzig,away,4-2-3-1,True,10,Lovro Majer,AM,10,746912
Wolfsburg,2026-02-15,RB Leipzig,away,4-2-3-1,True,27,Maximilian Arnold,LM,4,746912
Wolfsburg,2026-02-15,RB Leipzig,away,4-2-3-1,True,24,Christian Eriksen,RM,8,746912
Wolfsburg,2026-02-15,RB Leipzig,away,4-2-3-1,True,9,Mohamed Amoura,F,9,746912
Wolfsburg,2026-02-15,RB Leipzig,away,4-2-3-1,True,7,Kento Shiogai,AM-L,11,746912
Wolfsburg,2026-02-15,RB Leipzig,away,4-2-3-1,True,11,Adam Daghim,AM-R,7,746912
Wolfsburg,2026-02-15,RB Leipzig,away,4-2-3-1,False,31,Yannick Gerhardt,SUB,0,746912
Wolfsburg,2026-02-15,RB Leipzig,away,4-2-3-1,False,32,Mattias Svanberg,SUB,0,746912
Wolfsburg,2026-02-15,RB Leipzig,away,4-2-3-1,False,41,Jan Bürger,SUB,0,746912
Wolfsburg,2026-02-15,RB Leipzig,away,4-2-3-1,False,17,Dzenan Pejcinovic,SUB,0,746912
Wolfsburg,2026-02-15,RB Leipzig,away,4-2-3-1,False,37,Pharell Hensel,SUB,0,746912
Wolfsburg,2026-02-15,RB Leipzig,away,4-2-3-1,False,29,Marius Müller,SUB,0,746912
Wolfsburg,2026-02-15,RB Leipzig,away,4-2-3-1,False,18,Jonas Adjetey,SUB,0,746912
Wolfsburg,2026-02-15,RB Leipzig,away,4-2-3-1,False,4,Konstantinos Koulierakis,SUB,0,746912
Wolfsburg,2026-02-15,RB Leipzig,away,4-2-3-1,False,5,Vinicius Souza,SUB,0,746912
Mainz 05,2026-02-20,Hamburger SV,home,3-5-2,True,33,Daniel Batz,G,1,746919
Mainz 05,2026-02-20,Hamburger SV,home,3-5-2,True,4,Stefan Posch,CD,5,746919
Mainz 05,2026-02-20,Hamburger SV,home,3-5-2,True,48,Kacper Potulski,CD-L,4,746919
Mainz 05,2026-02-20,Hamburger SV,home,3-5-2,True,31,Dominik Kohr,CD-R,6,746919
Mainz 05,2026-02-20,Hamburger SV,home,3-5-2,True,10,Nadiem Amiri,CM-L,8,746919
Mainz 05,2026-02-20,Hamburger SV,home,3-5-2,True,7,Lee Jae-Sung,CM-R,7,746919
Mainz 05,2026-02-20,Hamburger SV,home,3-5-2,True,6,Kaishu Sano,AM,11,746919
Mainz 05,2026-02-20,Hamburger SV,home,3-5-2,True,2,Phillipp Mwene,LM,3,746919
Mainz 05,2026-02-20,Hamburger SV,home,3-5-2,True,21,Danny da Costa,RM,2,746919
Mainz 05,2026-02-20,Hamburger SV,home,3-5-2,True,20,Phillip Tietz,CF-L,9,746919
Mainz 05,2026-02-20,Hamburger SV,home,3-5-2,True,26,Silas Katompa-Mvumpa,CF-R,10,746919
Mainz 05,2026-02-20,Hamburger SV,home,3-5-2,False,42,Daniel Gleiber,SUB,0,746919
Mainz 05,2026-02-20,Hamburger SV,home,3-5-2,False,8,Paul Nebel,SUB,0,746919
Mainz 05,2026-02-20,Hamburger SV,home,3-5-2,False,5,Maxim Leitsch,SUB,0,746919
Mainz 05,2026-02-20,Hamburger SV,home,3-5-2,False,11,Armindo Sieb,SUB,0,746919
Mainz 05,2026-02-20,Hamburger SV,home,3-5-2,False,14,William Bøving,SUB,0,746919
Mainz 05,2026-02-20,Hamburger SV,home,3-5-2,False,23,Sheraldo Becker,SUB,0,746919
Mainz 05,2026-02-20,Hamburger SV,home,3-5-2,False,22,Nikolas Veratschnig,SUB,0,746919
Mainz 05,2026-02-20,Hamburger SV,home,3-5-2,False,15,Lennard Maloney,SUB,0,746919
Mainz 05,2026-02-20,Hamburger SV,home,3-5-2,False,1,Lasse Rieß,SUB,0,746919
Hamburger SV,2026-02-20,Mainz 05,away,3-4-2-1,True,1,Daniel Heuer Fernandes,G,1,746919
Hamburger SV,2026-02-20,Mainz 05,away,3-4-2-1,True,25,Jordan Torunarigha,CD,5,746919
Hamburger SV,2026-02-20,Mainz 05,away,3-4-2-1,True,24,Nicolás Capaldo,CD-L,4,746919
Hamburger SV,2026-02-20,Mainz 05,away,3-4-2-1,True,17,Warmed Omari,CD-R,6,746919
Hamburger SV,2026-02-20,Mainz 05,away,3-4-2-1,True,21,Nicolai Remberg,CM-L,8,746919
Hamburger SV,2026-02-20,Mainz 05,away,3-4-2-1,True,20,Fabio Vieira,CM-R,7,746919
Hamburger SV,2026-02-20,Mainz 05,away,3-4-2-1,True,28,Miro Muheim,LM,3,746919
Hamburger SV,2026-02-20,Mainz 05,away,3-4-2-1,True,18,Bakery Jatta,RM,2,746919
Hamburger SV,2026-02-20,Mainz 05,away,3-4-2-1,True,9,Robert Glatzel,F,9,746919
Hamburger SV,2026-02-20,Mainz 05,away,3-4-2-1,True,27,Philip Otele,CF-L,11,746919
Hamburger SV,2026-02-20,Mainz 05,away,3-4-2-1,True,11,Ransford-Yeboah Königsdörffer,CF-R,10,746919
Hamburger SV,2026-02-20,Mainz 05,away,3-4-2-1,False,15,Yussuf Poulsen,SUB,0,746919
Hamburger SV,2026-02-20,Mainz 05,away,3-4-2-1,False,12,Sander Tangvik,SUB,0,746919
Hamburger SV,2026-02-20,Mainz 05,away,3-4-2-1,False,14,Rayan Philippe,SUB,0,746919
Hamburger SV,2026-02-20,Mainz 05,away,3-4-2-1,False,16,Giorgi Gocholeishvili,SUB,0,746919
Hamburger SV,2026-02-20,Mainz 05,away,3-4-2-1,False,7,Jean-Luc Dompé,SUB,0,746919
Hamburger SV,2026-02-20,Mainz 05,away,3-4-2-1,False,49,Otto Stange,SUB,0,746919
Hamburger SV,2026-02-20,Mainz 05,away,3-4-2-1,False,19,Damion Downs,SUB,0,746919
Hamburger SV,2026-02-20,Mainz 05,away,3-4-2-1,False,8,Daniel Elfadli,SUB,0,746919
Hamburger SV,2026-02-20,Mainz 05,away,3-4-2-1,False,2,William Mikelbrencis,SUB,0,746919
Mainz 05,2026-02-07,Augsburg,home,3-5-2,True,33,Daniel Batz,G,1,746902
Mainz 05,2026-02-07,Augsburg,home,3-5-2,True,16,Stefan Bell,CD,5,746902
Mainz 05,2026-02-07,Augsburg,home,3-5-2,True,31,Dominik Kohr,CD-L,4,746902
Mainz 05,2026-02-07,Augsburg,home,3-5-2,True,4,Stefan Posch,CD-R,6,746902
Mainz 05,2026-02-07,Augsburg,home,3-5-2,True,10,Nadiem Amiri,CM-L,8,746902
Mainz 05,2026-02-07,Augsburg,home,3-5-2,True,7,Lee Jae-Sung,CM-R,7,746902
Mainz 05,2026-02-07,Augsburg,home,3-5-2,True,6,Kaishu Sano,AM,11,746902
Mainz 05,2026-02-07,Augsburg,home,3-5-2,True,30,Silvan Widmer,LM,3,746902
Mainz 05,2026-02-07,Augsburg,home,3-5-2,True,21,Danny da Costa,RM,2,746902
Mainz 05,2026-02-07,Augsburg,home,3-5-2,True,20,Phillip Tietz,CF-L,9,746902
Mainz 05,2026-02-07,Augsburg,home,3-5-2,True,26,Silas Katompa-Mvumpa,CF-R,10,746902
Mainz 05,2026-02-07,Augsburg,home,3-5-2,False,1,Lasse Rieß,SUB,0,746902
Mainz 05,2026-02-07,Augsburg,home,3-5-2,False,15,Lennard Maloney,SUB,0,746902
Mainz 05,2026-02-07,Augsburg,home,3-5-2,False,48,Kacper Potulski,SUB,0,746902
Mainz 05,2026-02-07,Augsburg,home,3-5-2,False,23,Sheraldo Becker,SUB,0,746902
Mainz 05,2026-02-07,Augsburg,home,3-5-2,False,2,Phillipp Mwene,SUB,0,746902
Mainz 05,2026-02-07,Augsburg,home,3-5-2,False,44,Nelson Weiper,SUB,0,746902
Mainz 05,2026-02-07,Augsburg,home,3-5-2,False,8,Paul Nebel,SUB,0,746902
Mainz 05,2026-02-07,Augsburg,home,3-5-2,False,22,Nikolas Veratschnig,SUB,0,746902
Mainz 05,2026-02-07,Augsburg,home,3-5-2,False,14,William Bøving,SUB,0,746902
Augsburg,2026-02-07,Mainz 05,away,3-4-2-1,True,1,Finn Dahmen,G,1,746902
Augsburg,2026-02-07,Mainz 05,away,3-4-2-1,True,34,Arthur Chaves,CD,5,746902
Augsburg,2026-02-07,Mainz 05,away,3-4-2-1,True,31,Keven Schlotterbeck,CD-L,4,746902
Augsburg,2026-02-07,Mainz 05,away,3-4-2-1,True,40,Noahkai Banks,CD-R,6,746902
Augsburg,2026-02-07,Mainz 05,away,3-4-2-1,True,8,Elvis Rexhbecaj,CM-L,8,746902
Augsburg,2026-02-07,Mainz 05,away,3-4-2-1,True,4,Han-Noah Massengo,CM-R,7,746902
Augsburg,2026-02-07,Mainz 05,away,3-4-2-1,True,19,Robin Fellhauer,LM,3,746902
Augsburg,2026-02-07,Mainz 05,away,3-4-2-1,True,27,Marius Wolf,RM,2,746902
Augsburg,2026-02-07,Mainz 05,away,3-4-2-1,True,38,Michael Gregoritsch,F,9,746902
Augsburg,2026-02-07,Mainz 05,away,3-4-2-1,True,20,Alexis Claude-Maurice,CF-L,11,746902
Augsburg,2026-02-07,Mainz 05,away,3-4-2-1,True,36,Mert Kömür,CF-R,10,746902
Augsburg,2026-02-07,Mainz 05,away,3-4-2-1,False,32,Fabian Rieder,SUB,0,746902
Augsburg,2026-02-07,Mainz 05,away,3-4-2-1,False,9,Samuel Essende,SUB,0,746902
Augsburg,2026-02-07,Mainz 05,away,3-4-2-1,False,16,Cédric Zesiger,SUB,0,746902
Augsburg,2026-02-07,Mainz 05,away,3-4-2-1,False,11,Ismaël Gharbi,SUB,0,746902
Augsburg,2026-02-07,Mainz 05,away,3-4-2-1,False,22,Nediljko Labrovic,SUB,0,746902
Augsburg,2026-02-07,Mainz 05,away,3-4-2-1,False,3,Mads Pedersen,SUB,0,746902
Augsburg,2026-02-07,Mainz 05,away,3-4-2-1,False,30,Anton Kade,SUB,0,746902
Augsburg,2026-02-07,Mainz 05,away,3-4-2-1,False,21,Rodrigo Ribeiro,SUB,0,746902
Augsburg,2026-02-07,Mainz 05,away,3-4-2-1,False,17,Kristijan Jakic,SUB,0,746902
Köln,2026-02-21,Hoffenheim,home,3-4-2-1,True,1,Marvin Schwäbe,G,1,746917
Köln,2026-02-21,Hoffenheim,home,3-4-2-1,True,33,Rav van den Berg,CD,5,746917
Köln,2026-02-21,Hoffenheim,home,3-4-2-1,True,39,Cenk Özkacar,CD-L,4,746917
Köln,2026-02-21,Hoffenheim,home,3-4-2-1,True,2,Joel Schmied,CD-R,6,746917
Köln,2026-02-21,Hoffenheim,home,3-4-2-1,True,5,Tom Krauss,CM-L,8,746917
Köln,2026-02-21,Hoffenheim,home,3-4-2-1,True,6,Eric Martel,CM-R,7,746917
Köln,2026-02-21,Hoffenheim,home,3-4-2-1,True,32,Kristoffer Lund,LM,3,746917
Köln,2026-02-21,Hoffenheim,home,3-4-2-1,True,28,Sebastian Sebulonsen,RM,2,746917
Köln,2026-02-21,Hoffenheim,home,3-4-2-1,True,9,Ragnar Ache,F,9,746917
Köln,2026-02-21,Hoffenheim,home,3-4-2-1,True,13,Said El Mala,CF-L,11,746917
Köln,2026-02-21,Hoffenheim,home,3-4-2-1,True,16,Jakub Kaminski,CF-R,10,746917
Köln,2026-02-21,Hoffenheim,home,3-4-2-1,False,7,Luca Waldschmidt,SUB,0,746917
Köln,2026-02-21,Hoffenheim,home,3-4-2-1,False,20,Ron-Robert Zieler,SUB,0,746917
Köln,2026-02-21,Hoffenheim,home,3-4-2-1,False,27,Felipe Chávez,SUB,0,746917
Köln,2026-02-21,Hoffenheim,home,3-4-2-1,False,22,Jahmai Simpson-Pusey,SUB,0,746917
Köln,2026-02-21,Hoffenheim,home,3-4-2-1,False,8,Denis Huseinbasic,SUB,0,746917
Köln,2026-02-21,Hoffenheim,home,3-4-2-1,False,30,Marius Bulter,SUB,0,746917
Köln,2026-02-21,Hoffenheim,home,3-4-2-1,False,40,Fynn Schenten,SUB,0,746917
Köln,2026-02-21,Hoffenheim,home,3-4-2-1,False,18,Ísak Jóhannesson,SUB,0,746917
Köln,2026-02-21,Hoffenheim,home,3-4-2-1,False,44,Matthias Köbbing,SUB,0,746917
Hoffenheim,2026-02-21,Köln,away,3-5-2,True,1,Oliver Baumann,G,1,746917
Hoffenheim,2026-02-21,Köln,away,3-5-2,True,5,Ozan Kabak,CD,5,746917
Hoffenheim,2026-02-21,Köln,away,3-5-2,True,21,Albian Hajdari,CD-L,4,746917
Hoffenheim,2026-02-21,Köln,away,3-5-2,True,2,Robin Hranác,CD-R,6,746917
Hoffenheim,2026-02-21,Köln,away,3-5-2,True,18,Wouter Burger,CM-L,8,746917
Hoffenheim,2026-02-21,Köln,away,3-5-2,True,6,Grischa Prömel,CM-R,7,746917
Hoffenheim,2026-02-21,Köln,away,3-5-2,True,7,Leon Avdullahu,AM,11,746917
Hoffenheim,2026-02-21,Köln,away,3-5-2,True,29,Bazoumana Touré,LM,3,746917
Hoffenheim,2026-02-21,Köln,away,3-5-2,True,34,Vladimír Coufal,RM,2,746917
Hoffenheim,2026-02-21,Köln,away,3-5-2,True,27,Andrej Kramaric,CF-L,9,746917
Hoffenheim,2026-02-21,Köln,away,3-5-2,True,11,Fisnik Asllani,CF-R,10,746917
Hoffenheim,2026-02-21,Köln,away,3-5-2,False,37,Luca Philipp,SUB,0,746917
Hoffenheim,2026-02-21,Köln,away,3-5-2,False,31,Yannick Eduardo,SUB,0,746917
Hoffenheim,2026-02-21,Köln,away,3-5-2,False,22,Alexander Prass,SUB,0,746917
Hoffenheim,2026-02-21,Köln,away,3-5-2,False,33,Max Moerstedt,SUB,0,746917
Hoffenheim,2026-02-21,Köln,away,3-5-2,False,48,Luka Djuric,SUB,0,746917
Hoffenheim,2026-02-21,Köln,away,3-5-2,False,25,Kevin Akpoguma,SUB,0,746917
Hoffenheim,2026-02-21,Köln,away,3-5-2,False,49,Valentin Lässig,SUB,0,746917
Hoffenheim,2026-02-21,Köln,away,3-5-2,False,10,Muhammed Damar,SUB,0,746917
Hoffenheim,2026-02-21,Köln,away,3-5-2,False,15,Valentin Gendrey,SUB,0,746917
Bayern Munich,2026-02-21,Frankfurt,home,4-2-3-1,True,40,Jonas Urbig,G,1,746920
Bayern Munich,2026-02-21,Frankfurt,home,4-2-3-1,True,3,Kim Min-Jae,CD-L,6,746920
Bayern Munich,2026-02-21,Frankfurt,home,4-2-3-1,True,2,Dayot Upamecano,CD-R,5,746920
Bayern Munich,2026-02-21,Frankfurt,home,4-2-3-1,True,19,Alphonso Davies,LB,3,746920
Bayern Munich,2026-02-21,Frankfurt,home,4-2-3-1,True,44,Josip Stanisic,RB,2,746920
Bayern Munich,2026-02-21,Frankfurt,home,4-2-3-1,True,10,Jamal Musiala,AM,10,746920
Bayern Munich,2026-02-21,Frankfurt,home,4-2-3-1,True,45,Aleksandar Pavlovic,LM,4,746920
Bayern Munich,2026-02-21,Frankfurt,home,4-2-3-1,True,6,Joshua Kimmich,RM,8,746920
Bayern Munich,2026-02-21,Frankfurt,home,4-2-3-1,True,9,Harry Kane,F,9,746920
Bayern Munich,2026-02-21,Frankfurt,home,4-2-3-1,True,14,Luis Díaz,AM-L,11,746920
Bayern Munich,2026-02-21,Frankfurt,home,4-2-3-1,True,17,Michael Olise,AM-R,7,746920
Bayern Munich,2026-02-21,Frankfurt,home,4-2-3-1,False,11,Nicolas Jackson,SUB,0,746920
Bayern Munich,2026-02-21,Frankfurt,home,4-2-3-1,False,7,Serge Gnabry,SUB,0,746920
Bayern Munich,2026-02-21,Frankfurt,home,4-2-3-1,False,4,Jonathan Tah,SUB,0,746920
Bayern Munich,2026-02-21,Frankfurt,home,4-2-3-1,False,8,Leon Goretzka,SUB,0,746920
Bayern Munich,2026-02-21,Frankfurt,home,4-2-3-1,False,22,Raphaël Guerreiro,SUB,0,746920
Bayern Munich,2026-02-21,Frankfurt,home,4-2-3-1,False,26,Sven Ulreich,SUB,0,746920
Bayern Munich,2026-02-21,Frankfurt,home,4-2-3-1,False,20,Tom Bischof,SUB,0,746920
Bayern Munich,2026-02-21,Frankfurt,home,4-2-3-1,False,42,Lennart Karl,SUB,0,746920
Bayern Munich,2026-02-21,Frankfurt,home,4-2-3-1,False,21,Hiroki Ito,SUB,0,746920
Frankfurt,2026-02-21,Bayern Munich,away,3-4-2-1,True,40,Kauã Santos,G,1,746920
Frankfurt,2026-02-21,Bayern Munich,away,3-4-2-1,True,15,Ellyes Skhiri,CD,5,746920
Frankfurt,2026-02-21,Bayern Munich,away,3-4-2-1,True,5,Aurèle Amenda,CD-L,4,746920
Frankfurt,2026-02-21,Bayern Munich,away,3-4-2-1,True,34,Nnamdi Collins,CD-R,6,746920
Frankfurt,2026-02-21,Bayern Munich,away,3-4-2-1,True,6,Oscar Højlund,CM-L,8,746920
Frankfurt,2026-02-21,Bayern Munich,away,3-4-2-1,True,16,Hugo Larsson,CM-R,7,746920
Frankfurt,2026-02-21,Bayern Munich,away,3-4-2-1,True,21,Nathaniel Brown,LM,3,746920
Frankfurt,2026-02-21,Bayern Munich,away,3-4-2-1,True,29,Ayoube Amaimouni,RM,2,746920
Frankfurt,2026-02-21,Bayern Munich,away,3-4-2-1,True,18,Mahmoud Dahoud,F,9,746920
Frankfurt,2026-02-21,Bayern Munich,away,3-4-2-1,True,19,Jean-Mattéo Bahoya,CF-L,11,746920
Frankfurt,2026-02-21,Bayern Munich,away,3-4-2-1,True,20,Ritsu Doan,CF-R,10,746920
Frankfurt,2026-02-21,Bayern Munich,away,3-4-2-1,False,8,Farès Chaïbi,SUB,0,746920
Frankfurt,2026-02-21,Bayern Munich,away,3-4-2-1,False,31,Love Arrhov,SUB,0,746920
Frankfurt,2026-02-21,Bayern Munich,away,3-4-2-1,False,9,Jonathan Burkardt,SUB,0,746920
Frankfurt,2026-02-21,Bayern Munich,away,3-4-2-1,False,23,Michael Zetterer,SUB,0,746920
Frankfurt,2026-02-21,Bayern Munich,away,3-4-2-1,False,33,Jens Grahl,SUB,0,746920
Frankfurt,2026-02-21,Bayern Munich,away,3-4-2-1,False,2,Elias Baum,SUB,0,746920
Frankfurt,2026-02-21,Bayern Munich,away,3-4-2-1,False,26,Keita Kosugi,SUB,0,746920
Frankfurt,2026-02-21,Bayern Munich,away,3-4-2-1,False,27,Mario Götze,SUB,0,746920
Frankfurt,2026-02-21,Bayern Munich,away,3-4-2-1,False,25,Arnaud Kalimuendo,SUB,0,746920
Wolfsburg,2026-02-07,Dortmund,home,4-2-3-1,True,1,Kamil Grabara,G,1,746901
Wolfsburg,2026-02-07,Dortmund,home,4-2-3-1,True,4,Konstantinos Koulierakis,CD-L,6,746901
Wolfsburg,2026-02-07,Dortmund,home,4-2-3-1,True,3,Denis Vavro,CD-R,5,746901
Wolfsburg,2026-02-07,Dortmund,home,4-2-3-1,True,6,Jeanuël Belocian,LB,3,746901
Wolfsburg,2026-02-07,Dortmund,home,4-2-3-1,True,2,Kilian Fischer,RB,2,746901
Wolfsburg,2026-02-07,Dortmund,home,4-2-3-1,True,7,Kento Shiogai,AM,10,746901
Wolfsburg,2026-02-07,Dortmund,home,4-2-3-1,True,27,Maximilian Arnold,LM,4,746901
Wolfsburg,2026-02-07,Dortmund,home,4-2-3-1,True,24,Christian Eriksen,RM,8,746901
Wolfsburg,2026-02-07,Dortmund,home,4-2-3-1,True,9,Mohamed Amoura,F,9,746901
Wolfsburg,2026-02-07,Dortmund,home,4-2-3-1,True,40,Kevin Paredes,AM-L,11,746901
Wolfsburg,2026-02-07,Dortmund,home,4-2-3-1,True,11,Adam Daghim,AM-R,7,746901
Wolfsburg,2026-02-07,Dortmund,home,4-2-3-1,False,19,Jesper Lindstrom,SUB,0,746901
Wolfsburg,2026-02-07,Dortmund,home,4-2-3-1,False,18,Jonas Adjetey,SUB,0,746901
Wolfsburg,2026-02-07,Dortmund,home,4-2-3-1,False,41,Jan Bürger,SUB,0,746901
Wolfsburg,2026-02-07,Dortmund,home,4-2-3-1,False,10,Lovro Majer,SUB,0,746901
Wolfsburg,2026-02-07,Dortmund,home,4-2-3-1,False,31,Yannick Gerhardt,SUB,0,746901
Wolfsburg,2026-02-07,Dortmund,home,4-2-3-1,False,17,Dzenan Pejcinovic,SUB,0,746901
Wolfsburg,2026-02-07,Dortmund,home,4-2-3-1,False,32,Mattias Svanberg,SUB,0,746901
Wolfsburg,2026-02-07,Dortmund,home,4-2-3-1,False,29,Marius Müller,SUB,0,746901
Wolfsburg,2026-02-07,Dortmund,home,4-2-3-1,False,37,Pharell Hensel,SUB,0,746901
Dortmund,2026-02-07,Wolfsburg,away,3-4-2-1,True,1,Gregor Kobel,G,1,746901
Dortmund,2026-02-07,Wolfsburg,away,3-4-2-1,True,3,Waldemar Anton,CD,5,746901
Dortmund,2026-02-07,Wolfsburg,away,3-4-2-1,True,4,Nico Schlotterbeck,CD-L,4,746901
Dortmund,2026-02-07,Wolfsburg,away,3-4-2-1,True,25,Niklas Süle,CD-R,6,746901
Dortmund,2026-02-07,Wolfsburg,away,3-4-2-1,True,8,Felix Nmecha,CM-L,8,746901
Dortmund,2026-02-07,Wolfsburg,away,3-4-2-1,True,7,Jobe Bellingham,CM-R,7,746901
Dortmund,2026-02-07,Wolfsburg,away,3-4-2-1,True,24,Daniel Svensson,LM,3,746901
Dortmund,2026-02-07,Wolfsburg,away,3-4-2-1,True,26,Julian Ryerson,RM,2,746901
Dortmund,2026-02-07,Wolfsburg,away,3-4-2-1,True,9,Serhou Guirassy,F,9,746901
Dortmund,2026-02-07,Wolfsburg,away,3-4-2-1,True,14,Maximilian Beier,CF-L,11,746901
Dortmund,2026-02-07,Wolfsburg,away,3-4-2-1,True,10,Julian Brandt,CF-R,10,746901
Dortmund,2026-02-07,Wolfsburg,away,3-4-2-1,False,5,Ramy Bensebaini,SUB,0,746901
Dortmund,2026-02-07,Wolfsburg,away,3-4-2-1,False,33,Alexander Meyer,SUB,0,746901
Dortmund,2026-02-07,Wolfsburg,away,3-4-2-1,False,17,Carney Chukwuemeka,SUB,0,746901
Dortmund,2026-02-07,Wolfsburg,away,3-4-2-1,False,6,Salih Özcan,SUB,0,746901
Dortmund,2026-02-07,Wolfsburg,away,3-4-2-1,False,41,Mathis Albert,SUB,0,746901
Dortmund,2026-02-07,Wolfsburg,away,3-4-2-1,False,21,Fábio Silva,SUB,0,746901
Dortmund,2026-02-07,Wolfsburg,away,3-4-2-1,False,49,Luca Reggiani,SUB,0,746901
Dortmund,2026-02-07,Wolfsburg,away,3-4-2-1,False,40,Samuele Inácio,SUB,0,746901
Dortmund,2026-02-13,Mainz 05,home,3-4-2-1,True,1,Gregor Kobel,G,1,746908
Dortmund,2026-02-13,Mainz 05,home,3-4-2-1,True,3,Waldemar Anton,CD,5,746908
Dortmund,2026-02-13,Mainz 05,home,3-4-2-1,True,5,Ramy Bensebaini,CD-L,4,746908
Dortmund,2026-02-13,Mainz 05,home,3-4-2-1,True,25,Niklas Süle,CD-R,6,746908
Dortmund,2026-02-13,Mainz 05,home,3-4-2-1,True,8,Felix Nmecha,CM-L,8,746908
Dortmund,2026-02-13,Mainz 05,home,3-4-2-1,True,7,Jobe Bellingham,CM-R,7,746908
Dortmund,2026-02-13,Mainz 05,home,3-4-2-1,True,24,Daniel Svensson,LM,3,746908
Dortmund,2026-02-13,Mainz 05,home,3-4-2-1,True,26,Julian Ryerson,RM,2,746908
Dortmund,2026-02-13,Mainz 05,home,3-4-2-1,True,9,Serhou Guirassy,F,9,746908
Dortmund,2026-02-13,Mainz 05,home,3-4-2-1,True,10,Julian Brandt,CF-L,11,746908
Dortmund,2026-02-13,Mainz 05,home,3-4-2-1,True,14,Maximilian Beier,CF-R,10,746908
Dortmund,2026-02-13,Mainz 05,home,3-4-2-1,False,20,Marcel Sabitzer,SUB,0,746908
Dortmund,2026-02-13,Mainz 05,home,3-4-2-1,False,2,Yan Couto,SUB,0,746908
Dortmund,2026-02-13,Mainz 05,home,3-4-2-1,False,33,Alexander Meyer,SUB,0,746908
Dortmund,2026-02-13,Mainz 05,home,3-4-2-1,False,40,Samuele Inácio,SUB,0,746908
Dortmund,2026-02-13,Mainz 05,home,3-4-2-1,False,21,Fábio Silva,SUB,0,746908
Dortmund,2026-02-13,Mainz 05,home,3-4-2-1,False,17,Carney Chukwuemeka,SUB,0,746908
Dortmund,2026-02-13,Mainz 05,home,3-4-2-1,False,27,Karim Adeyemi,SUB,0,746908
Dortmund,2026-02-13,Mainz 05,home,3-4-2-1,False,6,Salih Özcan,SUB,0,746908
Dortmund,2026-02-13,Mainz 05,home,3-4-2-1,False,49,Luca Reggiani,SUB,0,746908
Mainz 05,2026-02-13,Dortmund,away,3-5-2,True,33,Daniel Batz,G,1,746908
Mainz 05,2026-02-13,Dortmund,away,3-5-2,True,16,Stefan Bell,CD,5,746908
Mainz 05,2026-02-13,Dortmund,away,3-5-2,True,31,Dominik Kohr,CD-L,4,746908
Mainz 05,2026-02-13,Dortmund,away,3-5-2,True,4,Stefan Posch,CD-R,6,746908
Mainz 05,2026-02-13,Dortmund,away,3-5-2,True,7,Lee Jae-Sung,CM-L,8,746908
Mainz 05,2026-02-13,Dortmund,away,3-5-2,True,10,Nadiem Amiri,CM-R,7,746908
Mainz 05,2026-02-13,Dortmund,away,3-5-2,True,6,Kaishu Sano,AM,11,746908
Mainz 05,2026-02-13,Dortmund,away,3-5-2,True,30,Silvan Widmer,LM,3,746908
Mainz 05,2026-02-13,Dortmund,away,3-5-2,True,21,Danny da Costa,RM,2,746908
Mainz 05,2026-02-13,Dortmund,away,3-5-2,True,20,Phillip Tietz,CF-L,9,746908
Mainz 05,2026-02-13,Dortmund,away,3-5-2,True,26,Silas Katompa-Mvumpa,CF-R,10,746908
Mainz 05,2026-02-13,Dortmund,away,3-5-2,False,14,William Bøving,SUB,0,746908
Mainz 05,2026-02-13,Dortmund,away,3-5-2,False,2,Phillipp Mwene,SUB,0,746908
Mainz 05,2026-02-13,Dortmund,away,3-5-2,False,5,Maxim Leitsch,SUB,0,746908
Mainz 05,2026-02-13,Dortmund,away,3-5-2,False,48,Kacper Potulski,SUB,0,746908
Mainz 05,2026-02-13,Dortmund,away,3-5-2,False,44,Nelson Weiper,SUB,0,746908
Mainz 05,2026-02-13,Dortmund,away,3-5-2,False,1,Lasse Rieß,SUB,0,746908
Mainz 05,2026-02-13,Dortmund,away,3-5-2,False,8,Paul Nebel,SUB,0,746908
Mainz 05,2026-02-13,Dortmund,away,3-5-2,False,22,Nikolas Veratschnig,SUB,0,746908
Mainz 05,2026-02-13,Dortmund,away,3-5-2,False,23,Sheraldo Becker,SUB,0,746908
Freiburg,2026-02-22,Gladbach,home,4-2-3-1,True,1,Noah Atubolu,G,1,746923
Freiburg,2026-02-22,Gladbach,home,4-2-3-1,True,43,Ifechukwu Ogbus,CD-L,6,746923
Freiburg,2026-02-22,Gladbach,home,4-2-3-1,True,28,Matthias Ginter,CD-R,5,746923
Freiburg,2026-02-22,Gladbach,home,4-2-3-1,True,30,Christian Günter,LB,3,746923
Freiburg,2026-02-22,Gladbach,home,4-2-3-1,True,29,Philipp Treu,RB,2,746923
Freiburg,2026-02-22,Gladbach,home,4-2-3-1,True,14,Yuito Suzuki,AM,10,746923
Freiburg,2026-02-22,Gladbach,home,4-2-3-1,True,6,Patrick Osterhage,LM,4,746923
Freiburg,2026-02-22,Gladbach,home,4-2-3-1,True,8,Maximilian Eggestein,RM,8,746923
Freiburg,2026-02-22,Gladbach,home,4-2-3-1,True,31,Igor Matanovic,F,9,746923
Freiburg,2026-02-22,Gladbach,home,4-2-3-1,True,32,Vincenzo Grifo,AM-L,11,746923
Freiburg,2026-02-22,Gladbach,home,4-2-3-1,True,19,Niklas Beste,AM-R,7,746923
Freiburg,2026-02-22,Gladbach,home,4-2-3-1,False,21,Florian Müller,SUB,0,746923
Freiburg,2026-02-22,Gladbach,home,4-2-3-1,False,33,Jordy Makengo,SUB,0,746923
Freiburg,2026-02-22,Gladbach,home,4-2-3-1,False,9,Lucas Höler,SUB,0,746923
Freiburg,2026-02-22,Gladbach,home,4-2-3-1,False,22,Cyriaque Irié,SUB,0,746923
Freiburg,2026-02-22,Gladbach,home,4-2-3-1,False,5,Anthony Jung,SUB,0,746923
Freiburg,2026-02-22,Gladbach,home,4-2-3-1,False,65,Karl Steinmann,SUB,0,746923
Freiburg,2026-02-22,Gladbach,home,4-2-3-1,False,26,Maximilian Philipp,SUB,0,746923
Freiburg,2026-02-22,Gladbach,home,4-2-3-1,False,7,Derry Scherhant,SUB,0,746923
Freiburg,2026-02-22,Gladbach,home,4-2-3-1,False,69,Rouven Tarnutzer,SUB,0,746923
Gladbach,2026-02-22,Freiburg,away,3-5-2,True,33,Moritz Nicolas,G,1,746923
Gladbach,2026-02-22,Freiburg,away,3-5-2,True,30,Nico Elvedi,CD,5,746923
Gladbach,2026-02-22,Freiburg,away,3-5-2,True,4,Kevin Diks,CD-L,4,746923
Gladbach,2026-02-22,Freiburg,away,3-5-2,True,14,Kota Takai,CD-R,6,746923
Gladbach,2026-02-22,Freiburg,away,3-5-2,True,38,Hugo Bolin,CM-L,8,746923
Gladbach,2026-02-22,Freiburg,away,3-5-2,True,16,Philipp Sander,CM-R,7,746923
Gladbach,2026-02-22,Freiburg,away,3-5-2,True,6,Yannick Engelhardt,AM,11,746923
Gladbach,2026-02-22,Freiburg,away,3-5-2,True,26,Lukas Ullrich,LM,3,746923
Gladbach,2026-02-22,Freiburg,away,3-5-2,True,29,Joe Scally,RM,2,746923
Gladbach,2026-02-22,Freiburg,away,3-5-2,True,15,Haris Tabakovic,CF-L,9,746923
Gladbach,2026-02-22,Freiburg,away,3-5-2,True,9,Franck Honorat,CF-R,10,746923
Gladbach,2026-02-22,Freiburg,away,3-5-2,False,17,Jens Castrop,SUB,0,746923
Gladbach,2026-02-22,Freiburg,away,3-5-2,False,21,Tobias Sippel,SUB,0,746923
Gladbach,2026-02-22,Freiburg,away,3-5-2,False,2,Fabio Chiarodia,SUB,0,746923
Gladbach,2026-02-22,Freiburg,away,3-5-2,False,7,Kevin Stöger,SUB,0,746923
Gladbach,2026-02-22,Freiburg,away,3-5-2,False,36,Wael Mohya,SUB,0,746923
Gladbach,2026-02-22,Freiburg,away,3-5-2,False,23,Jan Olschowsky,SUB,0,746923
Gladbach,2026-02-22,Freiburg,away,3-5-2,False,5,Marvin Friedrich,SUB,0,746923
Gladbach,2026-02-22,Freiburg,away,3-5-2,False,18,Shuto Machino,SUB,0,746923
Gladbach,2026-02-22,Freiburg,away,3-5-2,False,10,Florian Neuhaus,SUB,0,746923
RB Leipzig,2026-02-21,Dortmund,home,4-3-3,True,26,Maarten Vandevoordt,G,1,746922
RB Leipzig,2026-02-21,Dortmund,home,4-3-3,True,23,Castello Lukeba,CD-L,6,746922
RB Leipzig,2026-02-21,Dortmund,home,4-3-3,True,4,Willi Orbán,CD-R,5,746922
RB Leipzig,2026-02-21,Dortmund,home,4-3-3,True,22,David Raum,LB,3,746922
RB Leipzig,2026-02-21,Dortmund,home,4-3-3,True,17,Ridle Baku,RB,2,746922
RB Leipzig,2026-02-21,Dortmund,home,4-3-3,True,13,Nicolas Seiwald,CM,4,746922
RB Leipzig,2026-02-21,Dortmund,home,4-3-3,True,24,Xaver Schlager,LM,8,746922
RB Leipzig,2026-02-21,Dortmund,home,4-3-3,True,14,Christoph Baumgartner,RM,7,746922
RB Leipzig,2026-02-21,Dortmund,home,4-3-3,True,40,Rômulo,F,9,746922
RB Leipzig,2026-02-21,Dortmund,home,4-3-3,True,49,Yan Diomande,LF,11,746922
RB Leipzig,2026-02-21,Dortmund,home,4-3-3,True,10,Brajan Gruda,RF,10,746922
RB Leipzig,2026-02-21,Dortmund,home,4-3-3,False,35,Max Finkgrafe,SUB,0,746922
RB Leipzig,2026-02-21,Dortmund,home,4-3-3,False,11,Conrad Harder,SUB,0,746922
RB Leipzig,2026-02-21,Dortmund,home,4-3-3,False,39,Benjamin Henrichs,SUB,0,746922
RB Leipzig,2026-02-21,Dortmund,home,4-3-3,False,27,Tidiam Gomis,SUB,0,746922
RB Leipzig,2026-02-21,Dortmund,home,4-3-3,False,6,Ezechiel Banzuzi,SUB,0,746922
RB Leipzig,2026-02-21,Dortmund,home,4-3-3,False,7,Antonio Nusa,SUB,0,746922
RB Leipzig,2026-02-21,Dortmund,home,4-3-3,False,5,El Chadaille Bitshiabu,SUB,0,746922
RB Leipzig,2026-02-21,Dortmund,home,4-3-3,False,9,Johan Bakayoko,SUB,0,746922
RB Leipzig,2026-02-21,Dortmund,home,4-3-3,False,25,Leopold Zingerle,SUB,0,746922
Dortmund,2026-02-21,RB Leipzig,away,3-4-2-1,True,1,Gregor Kobel,G,1,746922
Dortmund,2026-02-21,RB Leipzig,away,3-4-2-1,True,3,Waldemar Anton,CD,5,746922
Dortmund,2026-02-21,RB Leipzig,away,3-4-2-1,True,5,Ramy Bensebaini,CD-L,4,746922
Dortmund,2026-02-21,RB Leipzig,away,3-4-2-1,True,49,Luca Reggiani,CD-R,6,746922
Dortmund,2026-02-21,RB Leipzig,away,3-4-2-1,True,8,Felix Nmecha,CM-L,8,746922
Dortmund,2026-02-21,RB Leipzig,away,3-4-2-1,True,7,Jobe Bellingham,CM-R,7,746922
Dortmund,2026-02-21,RB Leipzig,away,3-4-2-1,True,24,Daniel Svensson,LM,3,746922
Dortmund,2026-02-21,RB Leipzig,away,3-4-2-1,True,26,Julian Ryerson,RM,2,746922
Dortmund,2026-02-21,RB Leipzig,away,3-4-2-1,True,9,Serhou Guirassy,F,9,746922
Dortmund,2026-02-21,RB Leipzig,away,3-4-2-1,True,14,Maximilian Beier,CF-L,11,746922
Dortmund,2026-02-21,RB Leipzig,away,3-4-2-1,True,20,Marcel Sabitzer,CF-R,10,746922
Dortmund,2026-02-21,RB Leipzig,away,3-4-2-1,False,27,Karim Adeyemi,SUB,0,746922
Dortmund,2026-02-21,RB Leipzig,away,3-4-2-1,False,47,Elias Benkara,SUB,0,746922
Dortmund,2026-02-21,RB Leipzig,away,3-4-2-1,False,17,Carney Chukwuemeka,SUB,0,746922
Dortmund,2026-02-21,RB Leipzig,away,3-4-2-1,False,40,Samuele Inácio,SUB,0,746922
Dortmund,2026-02-21,RB Leipzig,away,3-4-2-1,False,33,Alexander Meyer,SUB,0,746922
Dortmund,2026-02-21,RB Leipzig,away,3-4-2-1,False,21,Fábio Silva,SUB,0,746922
Dortmund,2026-02-21,RB Leipzig,away,3-4-2-1,False,6,Salih Özcan,SUB,0,746922
Dortmund,2026-02-21,RB Leipzig,away,3-4-2-1,False,10,Julian Brandt,SUB,0,746922
Dortmund,2026-02-21,RB Leipzig,away,3-4-2-1,False,2,Yan Couto,SUB,0,746922
St Pauli,2026-02-22,Werder Bremen,home,3-4-2-1,True,22,Nikola Vasilj,G,1,746921
St Pauli,2026-02-22,Werder Bremen,home,3-4-2-1,True,5,Hauke Wahl,CD,5,746921
St Pauli,2026-02-22,Werder Bremen,home,3-4-2-1,True,3,Karol Mets,CD-L,4,746921
St Pauli,2026-02-22,Werder Bremen,home,3-4-2-1,True,15,Tomoya Ando,CD-R,6,746921
St Pauli,2026-02-22,Werder Bremen,home,3-4-2-1,True,7,Jackson Irvine,CM-L,8,746921
St Pauli,2026-02-22,Werder Bremen,home,3-4-2-1,True,8,Eric Smith,CM-R,7,746921
St Pauli,2026-02-22,Werder Bremen,home,3-4-2-1,True,11,Arkadiusz Pyrka,LM,3,746921
St Pauli,2026-02-22,Werder Bremen,home,3-4-2-1,True,2,Manolis Saliakas,RM,2,746921
St Pauli,2026-02-22,Werder Bremen,home,3-4-2-1,True,19,Martijn Kaars,F,9,746921
St Pauli,2026-02-22,Werder Bremen,home,3-4-2-1,True,16,Joel Chima Fujita,CF-L,11,746921
St Pauli,2026-02-22,Werder Bremen,home,3-4-2-1,True,10,Danel Sinani,CF-R,10,746921
St Pauli,2026-02-22,Werder Bremen,home,3-4-2-1,False,1,Ben Voll,SUB,0,746921
St Pauli,2026-02-22,Werder Bremen,home,3-4-2-1,False,25,Adam Dzwigala,SUB,0,746921
St Pauli,2026-02-22,Werder Bremen,home,3-4-2-1,False,6,James Sands,SUB,0,746921
St Pauli,2026-02-22,Werder Bremen,home,3-4-2-1,False,21,Lars Ritzka,SUB,0,746921
St Pauli,2026-02-22,Werder Bremen,home,3-4-2-1,False,20,Mathias Rasmussen,SUB,0,746921
St Pauli,2026-02-22,Werder Bremen,home,3-4-2-1,False,18,Taichi Hara,SUB,0,746921
St Pauli,2026-02-22,Werder Bremen,home,3-4-2-1,False,9,Abdoulie Ceesay,SUB,0,746921
St Pauli,2026-02-22,Werder Bremen,home,3-4-2-1,False,28,Mathias Pereira Lage,SUB,0,746921
St Pauli,2026-02-22,Werder Bremen,home,3-4-2-1,False,23,Louis Oppie,SUB,0,746921
Werder Bremen,2026-02-22,St Pauli,away,3-4-2-1,True,30,Mio Backhaus,G,1,746921
Werder Bremen,2026-02-22,St Pauli,away,3-4-2-1,True,4,Niklas Stark,CD,5,746921
Werder Bremen,2026-02-22,St Pauli,away,3-4-2-1,True,32,Marco Friedl,CD-L,4,746921
Werder Bremen,2026-02-22,St Pauli,away,3-4-2-1,True,14,Senne Lynen,CD-R,6,746921
Werder Bremen,2026-02-22,St Pauli,away,3-4-2-1,True,18,Cameron Puertas,CM-L,8,746921
Werder Bremen,2026-02-22,St Pauli,away,3-4-2-1,True,6,Jens Stage,CM-R,7,746921
Werder Bremen,2026-02-22,St Pauli,away,3-4-2-1,True,23,Isaac Schmidt,LM,3,746921
Werder Bremen,2026-02-22,St Pauli,away,3-4-2-1,True,11,Justin Njinmah,RM,2,746921
Werder Bremen,2026-02-22,St Pauli,away,3-4-2-1,True,17,Marco Grüll,F,9,746921
Werder Bremen,2026-02-22,St Pauli,away,3-4-2-1,True,20,Romano Schmid,CF-L,11,746921
Werder Bremen,2026-02-22,St Pauli,away,3-4-2-1,True,7,Samuel Mbangula,CF-R,10,746921
Werder Bremen,2026-02-22,St Pauli,away,3-4-2-1,False,22,Julian Malatini,SUB,0,746921
Werder Bremen,2026-02-22,St Pauli,away,3-4-2-1,False,13,Karl Hein,SUB,0,746921
Werder Bremen,2026-02-22,St Pauli,away,3-4-2-1,False,2,Olivier Deman,SUB,0,746921
Werder Bremen,2026-02-22,St Pauli,away,3-4-2-1,False,9,Keke Topp,SUB,0,746921
Werder Bremen,2026-02-22,St Pauli,away,3-4-2-1,False,3,Yukinari Sugawara,SUB,0,746921
Werder Bremen,2026-02-22,St Pauli,away,3-4-2-1,False,19,Jovan Milosevic,SUB,0,746921
Werder Bremen,2026-02-22,St Pauli,away,3-4-2-1,False,10,Leonardo Bittencourt,SUB,0,746921
Werder Bremen,2026-02-22,St Pauli,away,3-4-2-1,False,24,Patrice Covic,SUB,0,746921
Werder Bremen,2026-02-22,St Pauli,away,3-4-2-1,False,27,Felix Agu,SUB,0,746921
Bayern Munich,2026-02-08,Hoffenheim,home,4-2-3-1,True,1,Manuel Neuer,G,1,746903
Bayern Munich,2026-02-08,Hoffenheim,home,4-2-3-1,True,4,Jonathan Tah,CD-L,6,746903
Bayern Munich,2026-02-08,Hoffenheim,home,4-2-3-1,True,2,Dayot Upamecano,CD-R,5,746903
Bayern Munich,2026-02-08,Hoffenheim,home,4-2-3-1,True,19,Alphonso Davies,LB,3,746903
Bayern Munich,2026-02-08,Hoffenheim,home,4-2-3-1,True,44,Josip Stanisic,RB,2,746903
Bayern Munich,2026-02-08,Hoffenheim,home,4-2-3-1,True,7,Serge Gnabry,AM,10,746903
Bayern Munich,2026-02-08,Hoffenheim,home,4-2-3-1,True,45,Aleksandar Pavlovic,LM,4,746903
Bayern Munich,2026-02-08,Hoffenheim,home,4-2-3-1,True,6,Joshua Kimmich,RM,8,746903
Bayern Munich,2026-02-08,Hoffenheim,home,4-2-3-1,True,9,Harry Kane,F,9,746903
Bayern Munich,2026-02-08,Hoffenheim,home,4-2-3-1,True,14,Luis Díaz,AM-L,11,746903
Bayern Munich,2026-02-08,Hoffenheim,home,4-2-3-1,True,17,Michael Olise,AM-R,7,746903
Bayern Munich,2026-02-08,Hoffenheim,home,4-2-3-1,False,22,Raphaël Guerreiro,SUB,0,746903
Bayern Munich,2026-02-08,Hoffenheim,home,4-2-3-1,False,21,Hiroki Ito,SUB,0,746903
Bayern Munich,2026-02-08,Hoffenheim,home,4-2-3-1,False,27,Konrad Laimer,SUB,0,746903
Bayern Munich,2026-02-08,Hoffenheim,home,4-2-3-1,False,10,Jamal Musiala,SUB,0,746903
Bayern Munich,2026-02-08,Hoffenheim,home,4-2-3-1,False,8,Leon Goretzka,SUB,0,746903
Bayern Munich,2026-02-08,Hoffenheim,home,4-2-3-1,False,20,Tom Bischof,SUB,0,746903
Bayern Munich,2026-02-08,Hoffenheim,home,4-2-3-1,False,40,Jonas Urbig,SUB,0,746903
Bayern Munich,2026-02-08,Hoffenheim,home,4-2-3-1,False,11,Nicolas Jackson,SUB,0,746903
Bayern Munich,2026-02-08,Hoffenheim,home,4-2-3-1,False,42,Lennart Karl,SUB,0,746903
Hoffenheim,2026-02-08,Bayern Munich,away,4-4-1-1,True,1,Oliver Baumann,G,1,746903
Hoffenheim,2026-02-08,Bayern Munich,away,4-4-1-1,True,5,Ozan Kabak,CD-L,6,746903
Hoffenheim,2026-02-08,Bayern Munich,away,4-4-1-1,True,25,Kevin Akpoguma,CD-R,5,746903
Hoffenheim,2026-02-08,Bayern Munich,away,4-4-1-1,True,21,Albian Hajdari,LB,3,746903
Hoffenheim,2026-02-08,Bayern Munich,away,4-4-1-1,True,34,Vladimír Coufal,RB,2,746903
Hoffenheim,2026-02-08,Bayern Munich,away,4-4-1-1,True,6,Grischa Prömel,CM-L,8,746903
Hoffenheim,2026-02-08,Bayern Munich,away,4-4-1-1,True,7,Leon Avdullahu,CM-R,4,746903
Hoffenheim,2026-02-08,Bayern Munich,away,4-4-1-1,True,29,Bazoumana Touré,LM,11,746903
Hoffenheim,2026-02-08,Bayern Munich,away,4-4-1-1,True,22,Alexander Prass,RM,7,746903
Hoffenheim,2026-02-08,Bayern Munich,away,4-4-1-1,True,11,Fisnik Asllani,F,9,746903
Hoffenheim,2026-02-08,Bayern Munich,away,4-4-1-1,True,27,Andrej Kramaric,RCF,10,746903
Hoffenheim,2026-02-08,Bayern Munich,away,4-4-1-1,False,37,Luca Philipp,SUB,0,746903
Hoffenheim,2026-02-08,Bayern Munich,away,4-4-1-1,False,45,Kelven Frees,SUB,0,746903
Hoffenheim,2026-02-08,Bayern Munich,away,4-4-1-1,False,10,Muhammed Damar,SUB,0,746903
Hoffenheim,2026-02-08,Bayern Munich,away,4-4-1-1,False,15,Valentin Gendrey,SUB,0,746903
Hoffenheim,2026-02-08,Bayern Munich,away,4-4-1-1,False,9,Ihlas Bebou,SUB,0,746903
Hoffenheim,2026-02-08,Bayern Munich,away,4-4-1-1,False,33,Max Moerstedt,SUB,0,746903
Hoffenheim,2026-02-08,Bayern Munich,away,4-4-1-1,False,48,Luka Djuric,SUB,0,746903
Hoffenheim,2026-02-08,Bayern Munich,away,4-4-1-1,False,49,Valentin Lässig,SUB,0,746903
Wolfsburg,2026-02-21,Augsburg,home,4-2-3-1,True,1,Kamil Grabara,G,1,746924
Wolfsburg,2026-02-21,Augsburg,home,4-2-3-1,True,15,Moritz Jenz,CD-L,6,746924
Wolfsburg,2026-02-21,Augsburg,home,4-2-3-1,True,3,Denis Vavro,CD-R,5,746924
Wolfsburg,2026-02-21,Augsburg,home,4-2-3-1,True,6,Jeanuël Belocian,LB,3,746924
Wolfsburg,2026-02-21,Augsburg,home,4-2-3-1,True,26,Saël Kumbedi,RB,2,746924
Wolfsburg,2026-02-21,Augsburg,home,4-2-3-1,True,10,Lovro Majer,AM,10,746924
Wolfsburg,2026-02-21,Augsburg,home,4-2-3-1,True,31,Yannick Gerhardt,LM,4,746924
Wolfsburg,2026-02-21,Augsburg,home,4-2-3-1,True,24,Christian Eriksen,RM,8,746924
Wolfsburg,2026-02-21,Augsburg,home,4-2-3-1,True,9,Mohamed Amoura,F,9,746924
Wolfsburg,2026-02-21,Augsburg,home,4-2-3-1,True,32,Mattias Svanberg,AM-L,11,746924
Wolfsburg,2026-02-21,Augsburg,home,4-2-3-1,True,11,Adam Daghim,AM-R,7,746924
Wolfsburg,2026-02-21,Augsburg,home,4-2-3-1,False,7,Kento Shiogai,SUB,0,746924
Wolfsburg,2026-02-21,Augsburg,home,4-2-3-1,False,17,Dzenan Pejcinovic,SUB,0,746924
Wolfsburg,2026-02-21,Augsburg,home,4-2-3-1,False,41,Jan Bürger,SUB,0,746924
Wolfsburg,2026-02-21,Augsburg,home,4-2-3-1,False,5,Vinicius Souza,SUB,0,746924
Wolfsburg,2026-02-21,Augsburg,home,4-2-3-1,False,29,Marius Müller,SUB,0,746924
Wolfsburg,2026-02-21,Augsburg,home,4-2-3-1,False,37,Pharell Hensel,SUB,0,746924
Wolfsburg,2026-02-21,Augsburg,home,4-2-3-1,False,4,Konstantinos Koulierakis,SUB,0,746924
Wolfsburg,2026-02-21,Augsburg,home,4-2-3-1,False,18,Jonas Adjetey,SUB,0,746924
Wolfsburg,2026-02-21,Augsburg,home,4-2-3-1,False,40,Kevin Paredes,SUB,0,746924
Augsburg,2026-02-21,Wolfsburg,away,3-4-2-1,True,1,Finn Dahmen,G,1,746924
Augsburg,2026-02-21,Wolfsburg,away,3-4-2-1,True,31,Keven Schlotterbeck,CD,5,746924
Augsburg,2026-02-21,Wolfsburg,away,3-4-2-1,True,16,Cédric Zesiger,CD-L,4,746924
Augsburg,2026-02-21,Wolfsburg,away,3-4-2-1,True,40,Noahkai Banks,CD-R,6,746924
Augsburg,2026-02-21,Wolfsburg,away,3-4-2-1,True,4,Han-Noah Massengo,CM-L,8,746924
Augsburg,2026-02-21,Wolfsburg,away,3-4-2-1,True,17,Kristijan Jakic,CM-R,7,746924
Augsburg,2026-02-21,Wolfsburg,away,3-4-2-1,True,13,Dimitris Giannoulis,LM,3,746924
Augsburg,2026-02-21,Wolfsburg,away,3-4-2-1,True,19,Robin Fellhauer,RM,2,746924
Augsburg,2026-02-21,Wolfsburg,away,3-4-2-1,True,21,Rodrigo Ribeiro,F,9,746924
Augsburg,2026-02-21,Wolfsburg,away,3-4-2-1,True,20,Alexis Claude-Maurice,CF-L,11,746924
Augsburg,2026-02-21,Wolfsburg,away,3-4-2-1,True,36,Mert Kömür,CF-R,10,746924
Augsburg,2026-02-21,Wolfsburg,away,3-4-2-1,False,30,Anton Kade,SUB,0,746924
Augsburg,2026-02-21,Wolfsburg,away,3-4-2-1,False,34,Arthur Chaves,SUB,0,746924
Augsburg,2026-02-21,Wolfsburg,away,3-4-2-1,False,8,Elvis Rexhbecaj,SUB,0,746924
Augsburg,2026-02-21,Wolfsburg,away,3-4-2-1,False,39,Uchenna Ogundu,SUB,0,746924
Augsburg,2026-02-21,Wolfsburg,away,3-4-2-1,False,22,Nediljko Labrovic,SUB,0,746924
Augsburg,2026-02-21,Wolfsburg,away,3-4-2-1,False,32,Fabian Rieder,SUB,0,746924
Augsburg,2026-02-21,Wolfsburg,away,3-4-2-1,False,27,Marius Wolf,SUB,0,746924
Augsburg,2026-02-21,Wolfsburg,away,3-4-2-1,False,38,Michael Gregoritsch,SUB,0,746924
Augsburg,2026-02-21,Wolfsburg,away,3-4-2-1,False,14,Yannik Keitel,SUB,0,746924
Leverkusen,2026-02-14,St Pauli,home,3-4-2-1,True,28,Janis Blaswich,G,1,746907
Leverkusen,2026-02-14,St Pauli,home,3-4-2-1,True,8,Robert Andrich,CD,5,746907
Leverkusen,2026-02-14,St Pauli,home,3-4-2-1,True,12,Edmond Tapsoba,CD-L,4,746907
Leverkusen,2026-02-14,St Pauli,home,3-4-2-1,True,4,Jarell Quansah,CD-R,6,746907
Leverkusen,2026-02-14,St Pauli,home,3-4-2-1,True,24,Aleix García,CM-L,8,746907
Leverkusen,2026-02-14,St Pauli,home,3-4-2-1,True,25,Exequiel Palacios,CM-R,7,746907
Leverkusen,2026-02-14,St Pauli,home,3-4-2-1,True,20,Alejandro Grimaldo,LM,3,746907
Leverkusen,2026-02-14,St Pauli,home,3-4-2-1,True,21,Lucas Vázquez,RM,2,746907
Leverkusen,2026-02-14,St Pauli,home,3-4-2-1,True,14,Patrik Schick,F,9,746907
Leverkusen,2026-02-14,St Pauli,home,3-4-2-1,True,19,Ernest Poku,CF-L,11,746907
Leverkusen,2026-02-14,St Pauli,home,3-4-2-1,True,30,Ibrahim Maza,CF-R,10,746907
Leverkusen,2026-02-14,St Pauli,home,3-4-2-1,False,15,Tim Oermann,SUB,0,746907
Leverkusen,2026-02-14,St Pauli,home,3-4-2-1,False,10,Malik Tillman,SUB,0,746907
Leverkusen,2026-02-14,St Pauli,home,3-4-2-1,False,35,Christian Kofane,SUB,0,746907
Leverkusen,2026-02-14,St Pauli,home,3-4-2-1,False,13,Arthur,SUB,0,746907
Leverkusen,2026-02-14,St Pauli,home,3-4-2-1,False,6,Ezequiel Fernández,SUB,0,746907
Leverkusen,2026-02-14,St Pauli,home,3-4-2-1,False,11,Martin Terrier,SUB,0,746907
Leverkusen,2026-02-14,St Pauli,home,3-4-2-1,False,7,Jonas Hofmann,SUB,0,746907
Leverkusen,2026-02-14,St Pauli,home,3-4-2-1,False,5,Loïc Badé,SUB,0,746907
Leverkusen,2026-02-14,St Pauli,home,3-4-2-1,False,18,Jonas Omlin,SUB,0,746907
St Pauli,2026-02-14,Leverkusen,away,3-4-2-1,True,22,Nikola Vasilj,G,1,746907
St Pauli,2026-02-14,Leverkusen,away,3-4-2-1,True,15,Tomoya Ando,CD,5,746907
St Pauli,2026-02-14,Leverkusen,away,3-4-2-1,True,3,Karol Mets,CD-L,4,746907
St Pauli,2026-02-14,Leverkusen,away,3-4-2-1,True,25,Adam Dzwigala,CD-R,6,746907
St Pauli,2026-02-14,Leverkusen,away,3-4-2-1,True,7,Jackson Irvine,CM-L,8,746907
St Pauli,2026-02-14,Leverkusen,away,3-4-2-1,True,6,James Sands,CM-R,7,746907
St Pauli,2026-02-14,Leverkusen,away,3-4-2-1,True,11,Arkadiusz Pyrka,LM,3,746907
St Pauli,2026-02-14,Leverkusen,away,3-4-2-1,True,2,Manolis Saliakas,RM,2,746907
St Pauli,2026-02-14,Leverkusen,away,3-4-2-1,True,19,Martijn Kaars,F,9,746907
St Pauli,2026-02-14,Leverkusen,away,3-4-2-1,True,20,Mathias Rasmussen,CF-L,11,746907
St Pauli,2026-02-14,Leverkusen,away,3-4-2-1,True,10,Danel Sinani,CF-R,10,746907
St Pauli,2026-02-14,Leverkusen,away,3-4-2-1,False,14,Fin Stevens,SUB,0,746907
St Pauli,2026-02-14,Leverkusen,away,3-4-2-1,False,38,Romeo Aigbekaen,SUB,0,746907
St Pauli,2026-02-14,Leverkusen,away,3-4-2-1,False,34,Jannik Robatsch,SUB,0,746907
St Pauli,2026-02-14,Leverkusen,away,3-4-2-1,False,18,Taichi Hara,SUB,0,746907
St Pauli,2026-02-14,Leverkusen,away,3-4-2-1,False,1,Ben Voll,SUB,0,746907
St Pauli,2026-02-14,Leverkusen,away,3-4-2-1,False,21,Lars Ritzka,SUB,0,746907
St Pauli,2026-02-14,Leverkusen,away,3-4-2-1,False,23,Louis Oppie,SUB,0,746907
St Pauli,2026-02-14,Leverkusen,away,3-4-2-1,False,9,Abdoulie Ceesay,SUB,0,746907
St Pauli,2026-02-14,Leverkusen,away,3-4-2-1,False,16,Joel Chima Fujita,SUB,0,746907
Werder Bremen,2026-02-14,Bayern Munich,home,3-4-1-2,True,30,Mio Backhaus,G,1,746913
Werder Bremen,2026-02-14,Bayern Munich,home,3-4-1-2,True,32,Marco Friedl,CD,5,746913
Werder Bremen,2026-02-14,Bayern Munich,home,3-4-1-2,True,31,Karim Coulibaly,CD-L,4,746913
Werder Bremen,2026-02-14,Bayern Munich,home,3-4-1-2,True,4,Niklas Stark,CD-R,6,746913
Werder Bremen,2026-02-14,Bayern Munich,home,3-4-1-2,True,14,Senne Lynen,CM-L,8,746913
Werder Bremen,2026-02-14,Bayern Munich,home,3-4-1-2,True,6,Jens Stage,CM-R,7,746913
Werder Bremen,2026-02-14,Bayern Munich,home,3-4-1-2,True,20,Romano Schmid,AM,9,746913
Werder Bremen,2026-02-14,Bayern Munich,home,3-4-1-2,True,27,Felix Agu,LM,3,746913
Werder Bremen,2026-02-14,Bayern Munich,home,3-4-1-2,True,11,Justin Njinmah,RM,2,746913
Werder Bremen,2026-02-14,Bayern Munich,home,3-4-1-2,True,17,Marco Grüll,CF-L,11,746913
Werder Bremen,2026-02-14,Bayern Munich,home,3-4-1-2,True,18,Cameron Puertas,CF-R,10,746913
Werder Bremen,2026-02-14,Bayern Munich,home,3-4-1-2,False,13,Karl Hein,SUB,0,746913
Werder Bremen,2026-02-14,Bayern Munich,home,3-4-1-2,False,24,Patrice Covic,SUB,0,746913
Werder Bremen,2026-02-14,Bayern Munich,home,3-4-1-2,False,19,Jovan Milosevic,SUB,0,746913
Werder Bremen,2026-02-14,Bayern Munich,home,3-4-1-2,False,22,Julian Malatini,SUB,0,746913
Werder Bremen,2026-02-14,Bayern Munich,home,3-4-1-2,False,2,Olivier Deman,SUB,0,746913
Werder Bremen,2026-02-14,Bayern Munich,home,3-4-1-2,False,9,Keke Topp,SUB,0,746913
Werder Bremen,2026-02-14,Bayern Munich,home,3-4-1-2,False,3,Yukinari Sugawara,SUB,0,746913
Werder Bremen,2026-02-14,Bayern Munich,home,3-4-1-2,False,23,Isaac Schmidt,SUB,0,746913
Werder Bremen,2026-02-14,Bayern Munich,home,3-4-1-2,False,7,Samuel Mbangula,SUB,0,746913
Bayern Munich,2026-02-14,Werder Bremen,away,4-2-3-1,True,1,Manuel Neuer,G,1,746913
Bayern Munich,2026-02-14,Werder Bremen,away,4-2-3-1,True,3,Kim Min-Jae,CD-L,6,746913
Bayern Munich,2026-02-14,Werder Bremen,away,4-2-3-1,True,4,Jonathan Tah,CD-R,5,746913
Bayern Munich,2026-02-14,Werder Bremen,away,4-2-3-1,True,27,Konrad Laimer,LB,3,746913
Bayern Munich,2026-02-14,Werder Bremen,away,4-2-3-1,True,44,Josip Stanisic,RB,2,746913
Bayern Munich,2026-02-14,Werder Bremen,away,4-2-3-1,True,7,Serge Gnabry,AM,10,746913
Bayern Munich,2026-02-14,Werder Bremen,away,4-2-3-1,True,8,Leon Goretzka,LM,4,746913
Bayern Munich,2026-02-14,Werder Bremen,away,4-2-3-1,True,6,Joshua Kimmich,RM,8,746913
Bayern Munich,2026-02-14,Werder Bremen,away,4-2-3-1,True,9,Harry Kane,F,9,746913
Bayern Munich,2026-02-14,Werder Bremen,away,4-2-3-1,True,14,Luis Díaz,AM-L,11,746913
Bayern Munich,2026-02-14,Werder Bremen,away,4-2-3-1,True,42,Lennart Karl,AM-R,7,746913
Bayern Munich,2026-02-14,Werder Bremen,away,4-2-3-1,False,21,Hiroki Ito,SUB,0,746913
Bayern Munich,2026-02-14,Werder Bremen,away,4-2-3-1,False,2,Dayot Upamecano,SUB,0,746913
Bayern Munich,2026-02-14,Werder Bremen,away,4-2-3-1,False,45,Aleksandar Pavlovic,SUB,0,746913
Bayern Munich,2026-02-14,Werder Bremen,away,4-2-3-1,False,10,Jamal Musiala,SUB,0,746913
Bayern Munich,2026-02-14,Werder Bremen,away,4-2-3-1,False,40,Jonas Urbig,SUB,0,746913
Bayern Munich,2026-02-14,Werder Bremen,away,4-2-3-1,False,11,Nicolas Jackson,SUB,0,746913
Bayern Munich,2026-02-14,Werder Bremen,away,4-2-3-1,False,26,Sven Ulreich,SUB,0,746913
Bayern Munich,2026-02-14,Werder Bremen,away,4-2-3-1,False,19,Alphonso Davies,SUB,0,746913
Bayern Munich,2026-02-14,Werder Bremen,away,4-2-3-1,False,20,Tom Bischof,SUB,0,746913
Augsburg,2026-02-15,Heidenheim,home,3-4-2-1,True,1,Finn Dahmen,G,1,746910
Augsburg,2026-02-15,Heidenheim,home,3-4-2-1,True,31,Keven Schlotterbeck,CD,5,746910
Augsburg,2026-02-15,Heidenheim,home,3-4-2-1,True,16,Cédric Zesiger,CD-L,4,746910
Augsburg,2026-02-15,Heidenheim,home,3-4-2-1,True,40,Noahkai Banks,CD-R,6,746910
Augsburg,2026-02-15,Heidenheim,home,3-4-2-1,True,4,Han-Noah Massengo,CM-L,8,746910
Augsburg,2026-02-15,Heidenheim,home,3-4-2-1,True,17,Kristijan Jakic,CM-R,7,746910
Augsburg,2026-02-15,Heidenheim,home,3-4-2-1,True,19,Robin Fellhauer,LM,3,746910
Augsburg,2026-02-15,Heidenheim,home,3-4-2-1,True,30,Anton Kade,RM,2,746910
Augsburg,2026-02-15,Heidenheim,home,3-4-2-1,True,38,Michael Gregoritsch,F,9,746910
Augsburg,2026-02-15,Heidenheim,home,3-4-2-1,True,20,Alexis Claude-Maurice,CF-L,11,746910
Augsburg,2026-02-15,Heidenheim,home,3-4-2-1,True,36,Mert Kömür,CF-R,10,746910
Augsburg,2026-02-15,Heidenheim,home,3-4-2-1,False,11,Ismaël Gharbi,SUB,0,746910
Augsburg,2026-02-15,Heidenheim,home,3-4-2-1,False,27,Marius Wolf,SUB,0,746910
Augsburg,2026-02-15,Heidenheim,home,3-4-2-1,False,22,Nediljko Labrovic,SUB,0,746910
Augsburg,2026-02-15,Heidenheim,home,3-4-2-1,False,34,Arthur Chaves,SUB,0,746910
Augsburg,2026-02-15,Heidenheim,home,3-4-2-1,False,8,Elvis Rexhbecaj,SUB,0,746910
Augsburg,2026-02-15,Heidenheim,home,3-4-2-1,False,13,Dimitris Giannoulis,SUB,0,746910
Augsburg,2026-02-15,Heidenheim,home,3-4-2-1,False,32,Fabian Rieder,SUB,0,746910
Augsburg,2026-02-15,Heidenheim,home,3-4-2-1,False,21,Rodrigo Ribeiro,SUB,0,746910
Augsburg,2026-02-15,Heidenheim,home,3-4-2-1,False,14,Yannik Keitel,SUB,0,746910
Heidenheim,2026-02-15,Augsburg,away,3-4-3-d,True,41,Diant Ramaj,G,1,746910
Heidenheim,2026-02-15,Augsburg,away,3-4-3-d,True,6,Patrick Mainka,CD,5,746910
Heidenheim,2026-02-15,Augsburg,away,3-4-3-d,True,5,Benedikt Gimber,CD-L,4,746910
Heidenheim,2026-02-15,Augsburg,away,3-4-3-d,True,2,Marnon Busch,DM,6,746910
Heidenheim,2026-02-15,Augsburg,away,3-4-3-d,True,16,Julian Niehues,SW,8,746910
Heidenheim,2026-02-15,Augsburg,away,3-4-3-d,True,3,Jan Schöppner,AM,7,746910
Heidenheim,2026-02-15,Augsburg,away,3-4-3-d,True,26,Hennes Behrens,LM,3,746910
Heidenheim,2026-02-15,Augsburg,away,3-4-3-d,True,22,Arijon Ibrahimovic,RM,2,746910
Heidenheim,2026-02-15,Augsburg,away,3-4-3-d,True,9,Stefan Schimmer,F,9,746910
Heidenheim,2026-02-15,Augsburg,away,3-4-3-d,True,10,Christian Conteh,LF,11,746910
Heidenheim,2026-02-15,Augsburg,away,3-4-3-d,True,8,Eren Dinkci,RF,10,746910
Heidenheim,2026-02-15,Augsburg,away,3-4-3-d,False,11,Budu Zivzivadze,SUB,0,746910
Heidenheim,2026-02-15,Augsburg,away,3-4-3-d,False,4,Tim Siersleben,SUB,0,746910
Heidenheim,2026-02-15,Augsburg,away,3-4-3-d,False,20,Luca Kerber,SUB,0,746910
Heidenheim,2026-02-15,Augsburg,away,3-4-3-d,False,18,Marvin Pieringer,SUB,0,746910
Heidenheim,2026-02-15,Augsburg,away,3-4-3-d,False,25,Leonidas Stergiou,SUB,0,746910
Heidenheim,2026-02-15,Augsburg,away,3-4-3-d,False,40,Frank Feller,SUB,0,746910
Heidenheim,2026-02-15,Augsburg,away,3-4-3-d,False,31,Sirlord Conteh,SUB,0,746910
Heidenheim,2026-02-15,Augsburg,away,3-4-3-d,False,17,Mathias Honsak,SUB,0,746910
Heidenheim,2026-02-15,Augsburg,away,3-4-3-d,False,21,Adrian Beck,SUB,0,746910
Union Berlin,2026-02-21,Leverkusen,home,3-4-2-1,True,1,Frederik Ronnow,G,1,746918
Union Berlin,2026-02-21,Leverkusen,home,3-4-2-1,True,14,Leopold Querfeld,CD,5,746918
Union Berlin,2026-02-21,Leverkusen,home,3-4-2-1,True,34,Stanley N'Soki,CD-L,4,746918
Union Berlin,2026-02-21,Leverkusen,home,3-4-2-1,True,5,Danilho Doekhi,CD-R,6,746918
Union Berlin,2026-02-21,Leverkusen,home,3-4-2-1,True,6,Aljoscha Kemlein,CM-L,8,746918
Union Berlin,2026-02-21,Leverkusen,home,3-4-2-1,True,8,Rani Khedira,CM-R,7,746918
Union Berlin,2026-02-21,Leverkusen,home,3-4-2-1,True,39,Derrick Köhn,LM,3,746918
Union Berlin,2026-02-21,Leverkusen,home,3-4-2-1,True,19,Janik Haberer,RM,2,746918
Union Berlin,2026-02-21,Leverkusen,home,3-4-2-1,True,23,Andrej Ilic,F,9,746918
Union Berlin,2026-02-21,Leverkusen,home,3-4-2-1,True,11,Jeong Woo-Yeong,CF-L,11,746918
Union Berlin,2026-02-21,Leverkusen,home,3-4-2-1,True,13,András Schäfer,CF-R,10,746918
Union Berlin,2026-02-21,Leverkusen,home,3-4-2-1,False,3,Andrik Markgraf,SUB,0,746918
Union Berlin,2026-02-21,Leverkusen,home,3-4-2-1,False,9,Livan Burcu,SUB,0,746918
Union Berlin,2026-02-21,Leverkusen,home,3-4-2-1,False,10,Ilyas Ansah,SUB,0,746918
Union Berlin,2026-02-21,Leverkusen,home,3-4-2-1,False,31,Matheo Raab,SUB,0,746918
Union Berlin,2026-02-21,Leverkusen,home,3-4-2-1,False,21,Tim Skarke,SUB,0,746918
Union Berlin,2026-02-21,Leverkusen,home,3-4-2-1,False,28,Christopher Trimmel,SUB,0,746918
Union Berlin,2026-02-21,Leverkusen,home,3-4-2-1,False,33,Alex Král,SUB,0,746918
Union Berlin,2026-02-21,Leverkusen,home,3-4-2-1,False,7,Oliver Burke,SUB,0,746918
Union Berlin,2026-02-21,Leverkusen,home,3-4-2-1,False,17,David Preu,SUB,0,746918
Leverkusen,2026-02-21,Union Berlin,away,3-4-2-1,True,28,Janis Blaswich,G,1,746918
Leverkusen,2026-02-21,Union Berlin,away,3-4-2-1,True,8,Robert Andrich,CD,5,746918
Leverkusen,2026-02-21,Union Berlin,away,3-4-2-1,True,12,Edmond Tapsoba,CD-L,4,746918
Leverkusen,2026-02-21,Union Berlin,away,3-4-2-1,True,5,Loïc Badé,CD-R,6,746918
Leverkusen,2026-02-21,Union Berlin,away,3-4-2-1,True,24,Aleix García,CM-L,8,746918
Leverkusen,2026-02-21,Union Berlin,away,3-4-2-1,True,6,Ezequiel Fernández,CM-R,7,746918
Leverkusen,2026-02-21,Union Berlin,away,3-4-2-1,True,20,Alejandro Grimaldo,LM,3,746918
Leverkusen,2026-02-21,Union Berlin,away,3-4-2-1,True,13,Arthur,RM,2,746918
Leverkusen,2026-02-21,Union Berlin,away,3-4-2-1,True,35,Christian Kofane,F,9,746918
Leverkusen,2026-02-21,Union Berlin,away,3-4-2-1,True,30,Ibrahim Maza,CF-L,11,746918
Leverkusen,2026-02-21,Union Berlin,away,3-4-2-1,True,10,Malik Tillman,CF-R,10,746918
Leverkusen,2026-02-21,Union Berlin,away,3-4-2-1,False,4,Jarell Quansah,SUB,0,746918
Leverkusen,2026-02-21,Union Berlin,away,3-4-2-1,False,19,Ernest Poku,SUB,0,746918
Leverkusen,2026-02-21,Union Berlin,away,3-4-2-1,False,11,Martin Terrier,SUB,0,746918
Leverkusen,2026-02-21,Union Berlin,away,3-4-2-1,False,15,Tim Oermann,SUB,0,746918
Leverkusen,2026-02-21,Union Berlin,away,3-4-2-1,False,14,Patrik Schick,SUB,0,746918
Leverkusen,2026-02-21,Union Berlin,away,3-4-2-1,False,21,Lucas Vázquez,SUB,0,746918
Leverkusen,2026-02-21,Union Berlin,away,3-4-2-1,False,18,Jonas Omlin,SUB,0,746918
Leverkusen,2026-02-21,Union Berlin,away,3-4-2-1,False,25,Exequiel Palacios,SUB,0,746918
Leverkusen,2026-02-21,Union Berlin,away,3-4-2-1,False,7,Jonas Hofmann,SUB,0,746918
Augsburg,2026-02-27,Köln,home,3-4-2-1,True,1,Finn Dahmen,G,1,746929
Augsburg,2026-02-27,Köln,home,3-4-2-1,True,31,Keven Schlotterbeck,CD,5,746929
Augsburg,2026-02-27,Köln,home,3-4-2-1,True,16,Cédric Zesiger,CD-L,4,746929
Augsburg,2026-02-27,Köln,home,3-4-2-1,True,40,Noahkai Banks,CD-R,6,746929
Augsburg,2026-02-27,Köln,home,3-4-2-1,True,4,Han-Noah Massengo,CM-L,8,746929
Augsburg,2026-02-27,Köln,home,3-4-2-1,True,17,Kristijan Jakic,CM-R,7,746929
Augsburg,2026-02-27,Köln,home,3-4-2-1,True,32,Fabian Rieder,LM,3,746929
Augsburg,2026-02-27,Köln,home,3-4-2-1,True,19,Robin Fellhauer,RM,2,746929
Augsburg,2026-02-27,Köln,home,3-4-2-1,True,21,Rodrigo Ribeiro,F,9,746929
Augsburg,2026-02-27,Köln,home,3-4-2-1,True,20,Alexis Claude-Maurice,CF-L,11,746929
Augsburg,2026-02-27,Köln,home,3-4-2-1,True,36,Mert Kömür,CF-R,10,746929
Augsburg,2026-02-27,Köln,home,3-4-2-1,False,30,Anton Kade,SUB,0,746929
Augsburg,2026-02-27,Köln,home,3-4-2-1,False,8,Elvis Rexhbecaj,SUB,0,746929
Augsburg,2026-02-27,Köln,home,3-4-2-1,False,38,Michael Gregoritsch,SUB,0,746929
Augsburg,2026-02-27,Köln,home,3-4-2-1,False,27,Marius Wolf,SUB,0,746929
Augsburg,2026-02-27,Köln,home,3-4-2-1,False,22,Nediljko Labrovic,SUB,0,746929
Augsburg,2026-02-27,Köln,home,3-4-2-1,False,11,Ismaël Gharbi,SUB,0,746929
Augsburg,2026-02-27,Köln,home,3-4-2-1,False,34,Arthur Chaves,SUB,0,746929
Augsburg,2026-02-27,Köln,home,3-4-2-1,False,14,Yannik Keitel,SUB,0,746929
Augsburg,2026-02-27,Köln,home,3-4-2-1,False,39,Uchenna Ogundu,SUB,0,746929
Köln,2026-02-27,Augsburg,away,3-4-2-1,True,1,Marvin Schwäbe,G,1,746929
Köln,2026-02-27,Augsburg,away,3-4-2-1,True,22,Jahmai Simpson-Pusey,CD,5,746929
Köln,2026-02-27,Augsburg,away,3-4-2-1,True,39,Cenk Özkacar,CD-L,4,746929
Köln,2026-02-27,Augsburg,away,3-4-2-1,True,33,Rav van den Berg,CD-R,6,746929
Köln,2026-02-27,Augsburg,away,3-4-2-1,True,5,Tom Krauss,CM-L,8,746929
Köln,2026-02-27,Augsburg,away,3-4-2-1,True,6,Eric Martel,CM-R,7,746929
Köln,2026-02-27,Augsburg,away,3-4-2-1,True,32,Kristoffer Lund,LM,3,746929
Köln,2026-02-27,Augsburg,away,3-4-2-1,True,16,Jakub Kaminski,RM,2,746929
Köln,2026-02-27,Augsburg,away,3-4-2-1,True,9,Ragnar Ache,F,9,746929
Köln,2026-02-27,Augsburg,away,3-4-2-1,True,30,Marius Bulter,CF-L,11,746929
Köln,2026-02-27,Augsburg,away,3-4-2-1,True,7,Luca Waldschmidt,CF-R,10,746929
Köln,2026-02-27,Augsburg,away,3-4-2-1,False,3,Dominique Heintz,SUB,0,746929
Köln,2026-02-27,Augsburg,away,3-4-2-1,False,36,Cenny Neumann,SUB,0,746929
Köln,2026-02-27,Augsburg,away,3-4-2-1,False,20,Ron-Robert Zieler,SUB,0,746929
Köln,2026-02-27,Augsburg,away,3-4-2-1,False,38,Youssoupha Niang,SUB,0,746929
Köln,2026-02-27,Augsburg,away,3-4-2-1,False,11,Florian Kainz,SUB,0,746929
Köln,2026-02-27,Augsburg,away,3-4-2-1,False,13,Said El Mala,SUB,0,746929
Köln,2026-02-27,Augsburg,away,3-4-2-1,False,27,Felipe Chávez,SUB,0,746929
Köln,2026-02-27,Augsburg,away,3-4-2-1,False,18,Ísak Jóhannesson,SUB,0,746929
Köln,2026-02-27,Augsburg,away,3-4-2-1,False,40,Fynn Schenten,SUB,0,746929
Heidenheim,2026-02-22,Stuttgart,home,3-4-2-1,True,41,Diant Ramaj,G,1,746916
Heidenheim,2026-02-22,Stuttgart,home,3-4-2-1,True,5,Benedikt Gimber,CD,5,746916
Heidenheim,2026-02-22,Stuttgart,home,3-4-2-1,True,4,Tim Siersleben,CD-L,4,746916
Heidenheim,2026-02-22,Stuttgart,home,3-4-2-1,True,6,Patrick Mainka,CD-R,6,746916
Heidenheim,2026-02-22,Stuttgart,home,3-4-2-1,True,16,Julian Niehues,CM-L,8,746916
Heidenheim,2026-02-22,Stuttgart,home,3-4-2-1,True,3,Jan Schöppner,CM-R,7,746916
Heidenheim,2026-02-22,Stuttgart,home,3-4-2-1,True,26,Hennes Behrens,LM,3,746916
Heidenheim,2026-02-22,Stuttgart,home,3-4-2-1,True,22,Arijon Ibrahimovic,RM,2,746916
Heidenheim,2026-02-22,Stuttgart,home,3-4-2-1,True,18,Marvin Pieringer,F,9,746916
Heidenheim,2026-02-22,Stuttgart,home,3-4-2-1,True,10,Christian Conteh,CF-L,11,746916
Heidenheim,2026-02-22,Stuttgart,home,3-4-2-1,True,8,Eren Dinkci,CF-R,10,746916
Heidenheim,2026-02-22,Stuttgart,home,3-4-2-1,False,9,Stefan Schimmer,SUB,0,746916
Heidenheim,2026-02-22,Stuttgart,home,3-4-2-1,False,29,Mikkel Kaufmann,SUB,0,746916
Heidenheim,2026-02-22,Stuttgart,home,3-4-2-1,False,30,Niklas Dorsch,SUB,0,746916
Heidenheim,2026-02-22,Stuttgart,home,3-4-2-1,False,28,Adam Kölle,SUB,0,746916
Heidenheim,2026-02-22,Stuttgart,home,3-4-2-1,False,17,Mathias Honsak,SUB,0,746916
Heidenheim,2026-02-22,Stuttgart,home,3-4-2-1,False,31,Sirlord Conteh,SUB,0,746916
Heidenheim,2026-02-22,Stuttgart,home,3-4-2-1,False,21,Adrian Beck,SUB,0,746916
Heidenheim,2026-02-22,Stuttgart,home,3-4-2-1,False,40,Frank Feller,SUB,0,746916
Heidenheim,2026-02-22,Stuttgart,home,3-4-2-1,False,23,Omar-Haktab Traoré,SUB,0,746916
Stuttgart,2026-02-22,Heidenheim,away,4-2-3-1,True,33,Alexander Nübel,G,1,746916
Stuttgart,2026-02-22,Heidenheim,away,4-2-3-1,True,24,Jeff Chabot,CD-L,6,746916
Stuttgart,2026-02-22,Heidenheim,away,4-2-3-1,True,3,Ramon Hendriks,CD-R,5,746916
Stuttgart,2026-02-22,Heidenheim,away,4-2-3-1,True,7,Maximilian Mittelstädt,LB,3,746916
Stuttgart,2026-02-22,Heidenheim,away,4-2-3-1,True,22,Lorenz Assignon,RB,2,746916
Stuttgart,2026-02-22,Heidenheim,away,4-2-3-1,True,11,Bilal El Khannouss,AM,10,746916
Stuttgart,2026-02-22,Heidenheim,away,4-2-3-1,True,30,Chema Andrés,LM,4,746916
Stuttgart,2026-02-22,Heidenheim,away,4-2-3-1,True,6,Angelo Stiller,RM,8,746916
Stuttgart,2026-02-22,Heidenheim,away,4-2-3-1,True,9,Ermedin Demirovic,F,9,746916
Stuttgart,2026-02-22,Heidenheim,away,4-2-3-1,True,10,Chris Führich,AM-L,11,746916
Stuttgart,2026-02-22,Heidenheim,away,4-2-3-1,True,8,Tiago Tomás,AM-R,7,746916
Stuttgart,2026-02-22,Heidenheim,away,4-2-3-1,False,4,Josha Vagnoman,SUB,0,746916
Stuttgart,2026-02-22,Heidenheim,away,4-2-3-1,False,18,Jamie Leweling,SUB,0,746916
Stuttgart,2026-02-22,Heidenheim,away,4-2-3-1,False,26,Deniz Undav,SUB,0,746916
Stuttgart,2026-02-22,Heidenheim,away,4-2-3-1,False,16,Atakan Karazor,SUB,0,746916
Stuttgart,2026-02-22,Heidenheim,away,4-2-3-1,False,27,Badredine Bouanani,SUB,0,746916
Stuttgart,2026-02-22,Heidenheim,away,4-2-3-1,False,28,Nikolas Nartey,SUB,0,746916
Stuttgart,2026-02-22,Heidenheim,away,4-2-3-1,False,1,Fabian Bredlow,SUB,0,746916
Stuttgart,2026-02-22,Heidenheim,away,4-2-3-1,False,29,Finn Jeltsch,SUB,0,746916
Stuttgart,2026-02-22,Heidenheim,away,4-2-3-1,False,14,Luca Jaquez,SUB,0,746916
Gladbach,2026-02-28,Union Berlin,home,3-4-2-1,True,33,Moritz Nicolas,G,1,746927
Gladbach,2026-02-28,Union Berlin,home,3-4-2-1,True,30,Nico Elvedi,CD,5,746927
Gladbach,2026-02-28,Union Berlin,home,3-4-2-1,True,4,Kevin Diks,CD-L,4,746927
Gladbach,2026-02-28,Union Berlin,home,3-4-2-1,True,16,Philipp Sander,CD-R,6,746927
Gladbach,2026-02-28,Union Berlin,home,3-4-2-1,True,6,Yannick Engelhardt,CM-L,8,746927
Gladbach,2026-02-28,Union Berlin,home,3-4-2-1,True,27,Rocco Reitz,CM-R,7,746927
Gladbach,2026-02-28,Union Berlin,home,3-4-2-1,True,17,Jens Castrop,LM,3,746927
Gladbach,2026-02-28,Union Berlin,home,3-4-2-1,True,29,Joe Scally,RM,2,746927
Gladbach,2026-02-28,Union Berlin,home,3-4-2-1,True,15,Haris Tabakovic,F,9,746927
Gladbach,2026-02-28,Union Berlin,home,3-4-2-1,True,36,Wael Mohya,CF-L,11,746927
Gladbach,2026-02-28,Union Berlin,home,3-4-2-1,True,9,Franck Honorat,CF-R,10,746927
Gladbach,2026-02-28,Union Berlin,home,3-4-2-1,False,38,Hugo Bolin,SUB,0,746927
Gladbach,2026-02-28,Union Berlin,home,3-4-2-1,False,23,Jan Olschowsky,SUB,0,746927
Gladbach,2026-02-28,Union Berlin,home,3-4-2-1,False,13,Giovanni Reyna,SUB,0,746927
Gladbach,2026-02-28,Union Berlin,home,3-4-2-1,False,26,Lukas Ullrich,SUB,0,746927
Gladbach,2026-02-28,Union Berlin,home,3-4-2-1,False,7,Kevin Stöger,SUB,0,746927
Gladbach,2026-02-28,Union Berlin,home,3-4-2-1,False,10,Florian Neuhaus,SUB,0,746927
Gladbach,2026-02-28,Union Berlin,home,3-4-2-1,False,8,Alejo Sarco,SUB,0,746927
Gladbach,2026-02-28,Union Berlin,home,3-4-2-1,False,2,Fabio Chiarodia,SUB,0,746927
Gladbach,2026-02-28,Union Berlin,home,3-4-2-1,False,18,Shuto Machino,SUB,0,746927
Union Berlin,2026-02-28,Gladbach,away,3-4-2-1,True,1,Frederik Ronnow,G,1,746927
Union Berlin,2026-02-28,Gladbach,away,3-4-2-1,True,14,Leopold Querfeld,CD,5,746927
Union Berlin,2026-02-28,Gladbach,away,3-4-2-1,True,34,Stanley N'Soki,CD-L,4,746927
Union Berlin,2026-02-28,Gladbach,away,3-4-2-1,True,5,Danilho Doekhi,CD-R,6,746927
Union Berlin,2026-02-28,Gladbach,away,3-4-2-1,True,6,Aljoscha Kemlein,CM-L,8,746927
Union Berlin,2026-02-28,Gladbach,away,3-4-2-1,True,8,Rani Khedira,CM-R,7,746927
Union Berlin,2026-02-28,Gladbach,away,3-4-2-1,True,39,Derrick Köhn,LM,3,746927
Union Berlin,2026-02-28,Gladbach,away,3-4-2-1,True,28,Christopher Trimmel,RM,2,746927
Union Berlin,2026-02-28,Gladbach,away,3-4-2-1,True,7,Oliver Burke,F,9,746927
Union Berlin,2026-02-28,Gladbach,away,3-4-2-1,True,13,András Schäfer,CF-L,11,746927
Union Berlin,2026-02-28,Gladbach,away,3-4-2-1,True,11,Jeong Woo-Yeong,CF-R,10,746927
Union Berlin,2026-02-28,Gladbach,away,3-4-2-1,False,17,David Preu,SUB,0,746927
Union Berlin,2026-02-28,Gladbach,away,3-4-2-1,False,9,Livan Burcu,SUB,0,746927
Union Berlin,2026-02-28,Gladbach,away,3-4-2-1,False,31,Matheo Raab,SUB,0,746927
Union Berlin,2026-02-28,Gladbach,away,3-4-2-1,False,3,Andrik Markgraf,SUB,0,746927
Union Berlin,2026-02-28,Gladbach,away,3-4-2-1,False,33,Alex Král,SUB,0,746927
Union Berlin,2026-02-28,Gladbach,away,3-4-2-1,False,19,Janik Haberer,SUB,0,746927
Union Berlin,2026-02-28,Gladbach,away,3-4-2-1,False,21,Tim Skarke,SUB,0,746927
Union Berlin,2026-02-28,Gladbach,away,3-4-2-1,False,10,Ilyas Ansah,SUB,0,746927
Union Berlin,2026-02-28,Gladbach,away,3-4-2-1,False,30,Dmytro Bohdanov,SUB,0,746927
Hoffenheim,2026-02-28,St Pauli,home,3-1-4-2,False,15,Valentin Gendrey,,0,746932
Hoffenheim,2026-02-28,St Pauli,home,3-1-4-2,False,13,Bernardo,,0,746932
Hoffenheim,2026-02-28,St Pauli,home,3-1-4-2,False,25,Kevin Akpoguma,,0,746932
Hoffenheim,2026-02-28,St Pauli,home,3-1-4-2,False,31,Yannick Eduardo,,0,746932
Hoffenheim,2026-02-28,St Pauli,home,3-1-4-2,False,20,Cole Campbell,,0,746932
Hoffenheim,2026-02-28,St Pauli,home,3-1-4-2,False,19,Tim Lemperle,,0,746932
Hoffenheim,2026-02-28,St Pauli,home,3-1-4-2,False,37,Luca Philipp,,0,746932
Hoffenheim,2026-02-28,St Pauli,home,3-1-4-2,False,10,Muhammed Damar,,0,746932
Hoffenheim,2026-02-28,St Pauli,home,3-1-4-2,False,22,Alexander Prass,,0,746932
Hoffenheim,2026-02-28,St Pauli,home,3-1-4-2,True,1,Oliver Baumann,G,1,746932
Hoffenheim,2026-02-28,St Pauli,home,3-1-4-2,True,5,Ozan Kabak,CD,4,746932
Hoffenheim,2026-02-28,St Pauli,home,3-1-4-2,True,21,Albian Hajdari,CD-L,6,746932
Hoffenheim,2026-02-28,St Pauli,home,3-1-4-2,True,2,Robin Hranác,CD-R,5,746932
Hoffenheim,2026-02-28,St Pauli,home,3-1-4-2,True,7,Leon Avdullahu,SW,8,746932
Hoffenheim,2026-02-28,St Pauli,home,3-1-4-2,True,18,Wouter Burger,CM-L,11,746932
Hoffenheim,2026-02-28,St Pauli,home,3-1-4-2,True,6,Grischa Prömel,CM-R,7,746932
Hoffenheim,2026-02-28,St Pauli,home,3-1-4-2,True,29,Bazoumana Touré,LM,3,746932
Hoffenheim,2026-02-28,St Pauli,home,3-1-4-2,True,34,Vladimír Coufal,RM,2,746932
Hoffenheim,2026-02-28,St Pauli,home,3-1-4-2,True,11,Fisnik Asllani,CF-L,10,746932
Hoffenheim,2026-02-28,St Pauli,home,3-1-4-2,True,27,Andrej Kramaric,CF-R,9,746932
St Pauli,2026-02-28,Hoffenheim,away,3-4-2-1,True,22,Nikola Vasilj,G,1,746932
St Pauli,2026-02-28,Hoffenheim,away,3-4-2-1,True,8,Eric Smith,CD,5,746932
St Pauli,2026-02-28,Hoffenheim,away,3-4-2-1,True,3,Karol Mets,CD-L,4,746932
St Pauli,2026-02-28,Hoffenheim,away,3-4-2-1,True,5,Hauke Wahl,CD-R,6,746932
St Pauli,2026-02-28,Hoffenheim,away,3-4-2-1,True,7,Jackson Irvine,CM-L,8,746932
St Pauli,2026-02-28,Hoffenheim,away,3-4-2-1,True,6,James Sands,CM-R,7,746932
St Pauli,2026-02-28,Hoffenheim,away,3-4-2-1,True,11,Arkadiusz Pyrka,LM,3,746932
St Pauli,2026-02-28,Hoffenheim,away,3-4-2-1,True,2,Manolis Saliakas,RM,2,746932
St Pauli,2026-02-28,Hoffenheim,away,3-4-2-1,True,10,Danel Sinani,F,9,746932
St Pauli,2026-02-28,Hoffenheim,away,3-4-2-1,True,28,Mathias Pereira Lage,CF-L,11,746932
St Pauli,2026-02-28,Hoffenheim,away,3-4-2-1,True,16,Joel Chima Fujita,CF-R,10,746932
St Pauli,2026-02-28,Hoffenheim,away,3-4-2-1,False,9,Abdoulie Ceesay,SUB,0,746932
St Pauli,2026-02-28,Hoffenheim,away,3-4-2-1,False,23,Louis Oppie,SUB,0,746932
St Pauli,2026-02-28,Hoffenheim,away,3-4-2-1,False,1,Ben Voll,SUB,0,746932
St Pauli,2026-02-28,Hoffenheim,away,3-4-2-1,False,34,Jannik Robatsch,SUB,0,746932
St Pauli,2026-02-28,Hoffenheim,away,3-4-2-1,False,24,Connor Metcalfe,SUB,0,746932
St Pauli,2026-02-28,Hoffenheim,away,3-4-2-1,False,21,Lars Ritzka,SUB,0,746932
St Pauli,2026-02-28,Hoffenheim,away,3-4-2-1,False,19,Martijn Kaars,SUB,0,746932
St Pauli,2026-02-28,Hoffenheim,away,3-4-2-1,False,25,Adam Dzwigala,SUB,0,746932
St Pauli,2026-02-28,Hoffenheim,away,3-4-2-1,False,18,Taichi Hara,SUB,0,746932
Stuttgart,2026-03-01,Wolfsburg,home,3-4-1-2,True,33,Alexander Nübel,G,1,746933
Stuttgart,2026-03-01,Wolfsburg,home,3-4-1-2,True,14,Luca Jaquez,CD,5,746933
Stuttgart,2026-03-01,Wolfsburg,home,3-4-1-2,True,3,Ramon Hendriks,CD-L,4,746933
Stuttgart,2026-03-01,Wolfsburg,home,3-4-1-2,True,29,Finn Jeltsch,CD-R,6,746933
Stuttgart,2026-03-01,Wolfsburg,home,3-4-1-2,True,6,Angelo Stiller,CM-L,8,746933
Stuttgart,2026-03-01,Wolfsburg,home,3-4-1-2,True,16,Atakan Karazor,CM-R,7,746933
Stuttgart,2026-03-01,Wolfsburg,home,3-4-1-2,True,11,Bilal El Khannouss,AM,9,746933
Stuttgart,2026-03-01,Wolfsburg,home,3-4-1-2,True,10,Chris Führich,LM,3,746933
Stuttgart,2026-03-01,Wolfsburg,home,3-4-1-2,True,18,Jamie Leweling,RM,2,746933
Stuttgart,2026-03-01,Wolfsburg,home,3-4-1-2,True,9,Ermedin Demirovic,CF-L,11,746933
Stuttgart,2026-03-01,Wolfsburg,home,3-4-1-2,True,26,Deniz Undav,CF-R,10,746933
Stuttgart,2026-03-01,Wolfsburg,home,3-4-1-2,False,22,Lorenz Assignon,SUB,0,746933
Stuttgart,2026-03-01,Wolfsburg,home,3-4-1-2,False,30,Chema Andrés,SUB,0,746933
Stuttgart,2026-03-01,Wolfsburg,home,3-4-1-2,False,2,Ameen Al Dakhil,SUB,0,746933
Stuttgart,2026-03-01,Wolfsburg,home,3-4-1-2,False,8,Tiago Tomás,SUB,0,746933
Stuttgart,2026-03-01,Wolfsburg,home,3-4-1-2,False,7,Maximilian Mittelstädt,SUB,0,746933
Stuttgart,2026-03-01,Wolfsburg,home,3-4-1-2,False,25,Jeremy Arévalo,SUB,0,746933
Stuttgart,2026-03-01,Wolfsburg,home,3-4-1-2,False,27,Badredine Bouanani,SUB,0,746933
Stuttgart,2026-03-01,Wolfsburg,home,3-4-1-2,False,28,Nikolas Nartey,SUB,0,746933
Stuttgart,2026-03-01,Wolfsburg,home,3-4-1-2,False,1,Fabian Bredlow,SUB,0,746933
Wolfsburg,2026-03-01,Stuttgart,away,4-2-3-1,True,1,Kamil Grabara,G,1,746933
Wolfsburg,2026-03-01,Stuttgart,away,4-2-3-1,True,4,Konstantinos Koulierakis,CD-L,6,746933
Wolfsburg,2026-03-01,Stuttgart,away,4-2-3-1,True,15,Moritz Jenz,CD-R,5,746933
Wolfsburg,2026-03-01,Stuttgart,away,4-2-3-1,True,6,Jeanuël Belocian,LB,3,746933
Wolfsburg,2026-03-01,Stuttgart,away,4-2-3-1,True,26,Saël Kumbedi,RB,2,746933
Wolfsburg,2026-03-01,Stuttgart,away,4-2-3-1,True,10,Lovro Majer,AM,10,746933
Wolfsburg,2026-03-01,Stuttgart,away,4-2-3-1,True,31,Yannick Gerhardt,LM,4,746933
Wolfsburg,2026-03-01,Stuttgart,away,4-2-3-1,True,24,Christian Eriksen,RM,8,746933
Wolfsburg,2026-03-01,Stuttgart,away,4-2-3-1,True,9,Mohamed Amoura,F,9,746933
Wolfsburg,2026-03-01,Stuttgart,away,4-2-3-1,True,37,Pharell Hensel,AM-L,11,746933
Wolfsburg,2026-03-01,Stuttgart,away,4-2-3-1,True,11,Adam Daghim,AM-R,7,746933
Wolfsburg,2026-03-01,Stuttgart,away,4-2-3-1,False,25,Aaron Zehnter,SUB,0,746933
Wolfsburg,2026-03-01,Stuttgart,away,4-2-3-1,False,19,Jesper Lindstrom,SUB,0,746933
Wolfsburg,2026-03-01,Stuttgart,away,4-2-3-1,False,5,Vinicius Souza,SUB,0,746933
Wolfsburg,2026-03-01,Stuttgart,away,4-2-3-1,False,3,Denis Vavro,SUB,0,746933
Wolfsburg,2026-03-01,Stuttgart,away,4-2-3-1,False,17,Dzenan Pejcinovic,SUB,0,746933
Wolfsburg,2026-03-01,Stuttgart,away,4-2-3-1,False,18,Jonas Adjetey,SUB,0,746933
Wolfsburg,2026-03-01,Stuttgart,away,4-2-3-1,False,29,Marius Müller,SUB,0,746933
Wolfsburg,2026-03-01,Stuttgart,away,4-2-3-1,False,41,Jan Bürger,SUB,0,746933
Wolfsburg,2026-03-01,Stuttgart,away,4-2-3-1,False,7,Kento Shiogai,SUB,0,746933
Bayern Munich,2026-03-06,Gladbach,home,4-2-3-1,True,1,Manuel Neuer,G,1,746935
Bayern Munich,2026-03-06,Gladbach,home,4-2-3-1,True,3,Kim Min-Jae,CD-L,6,746935
Bayern Munich,2026-03-06,Gladbach,home,4-2-3-1,True,2,Dayot Upamecano,CD-R,5,746935
Bayern Munich,2026-03-06,Gladbach,home,4-2-3-1,True,20,Tom Bischof,LB,3,746935
Bayern Munich,2026-03-06,Gladbach,home,4-2-3-1,True,27,Konrad Laimer,RB,2,746935
Bayern Munich,2026-03-06,Gladbach,home,4-2-3-1,True,10,Jamal Musiala,AM,10,746935
Bayern Munich,2026-03-06,Gladbach,home,4-2-3-1,True,8,Leon Goretzka,LM,4,746935
Bayern Munich,2026-03-06,Gladbach,home,4-2-3-1,True,6,Joshua Kimmich,RM,8,746935
Bayern Munich,2026-03-06,Gladbach,home,4-2-3-1,True,11,Nicolas Jackson,F,9,746935
Bayern Munich,2026-03-06,Gladbach,home,4-2-3-1,True,14,Luis Díaz,AM-L,11,746935
Bayern Munich,2026-03-06,Gladbach,home,4-2-3-1,True,42,Lennart Karl,AM-R,7,746935
Bayern Munich,2026-03-06,Gladbach,home,4-2-3-1,False,7,Serge Gnabry,SUB,0,746935
Bayern Munich,2026-03-06,Gladbach,home,4-2-3-1,False,22,Raphaël Guerreiro,SUB,0,746935
Bayern Munich,2026-03-06,Gladbach,home,4-2-3-1,False,47,David Daiber,SUB,0,746935
Bayern Munich,2026-03-06,Gladbach,home,4-2-3-1,False,17,Michael Olise,SUB,0,746935
Bayern Munich,2026-03-06,Gladbach,home,4-2-3-1,False,40,Jonas Urbig,SUB,0,746935
Bayern Munich,2026-03-06,Gladbach,home,4-2-3-1,False,44,Josip Stanisic,SUB,0,746935
Bayern Munich,2026-03-06,Gladbach,home,4-2-3-1,False,4,Jonathan Tah,SUB,0,746935
Bayern Munich,2026-03-06,Gladbach,home,4-2-3-1,False,49,Maycon Cardozo,SUB,0,746935
Bayern Munich,2026-03-06,Gladbach,home,4-2-3-1,False,45,Aleksandar Pavlovic,SUB,0,746935
Gladbach,2026-03-06,Bayern Munich,away,3-4-2-1,True,33,Moritz Nicolas,G,1,746935
Gladbach,2026-03-06,Bayern Munich,away,3-4-2-1,True,30,Nico Elvedi,CD,5,746935
Gladbach,2026-03-06,Bayern Munich,away,3-4-2-1,True,4,Kevin Diks,CD-L,4,746935
Gladbach,2026-03-06,Bayern Munich,away,3-4-2-1,True,16,Philipp Sander,CD-R,6,746935
Gladbach,2026-03-06,Bayern Munich,away,3-4-2-1,True,7,Kevin Stöger,CM-L,8,746935
Gladbach,2026-03-06,Bayern Munich,away,3-4-2-1,True,27,Rocco Reitz,CM-R,7,746935
Gladbach,2026-03-06,Bayern Munich,away,3-4-2-1,True,17,Jens Castrop,LM,3,746935
Gladbach,2026-03-06,Bayern Munich,away,3-4-2-1,True,29,Joe Scally,RM,2,746935
Gladbach,2026-03-06,Bayern Munich,away,3-4-2-1,True,15,Haris Tabakovic,F,9,746935
Gladbach,2026-03-06,Bayern Munich,away,3-4-2-1,True,38,Hugo Bolin,CF-L,11,746935
Gladbach,2026-03-06,Bayern Munich,away,3-4-2-1,True,9,Franck Honorat,CF-R,10,746935
Gladbach,2026-03-06,Bayern Munich,away,3-4-2-1,False,13,Giovanni Reyna,SUB,0,746935
Gladbach,2026-03-06,Bayern Munich,away,3-4-2-1,False,10,Florian Neuhaus,SUB,0,746935
Gladbach,2026-03-06,Bayern Munich,away,3-4-2-1,False,26,Lukas Ullrich,SUB,0,746935
Gladbach,2026-03-06,Bayern Munich,away,3-4-2-1,False,23,Jan Olschowsky,SUB,0,746935
Gladbach,2026-03-06,Bayern Munich,away,3-4-2-1,False,18,Shuto Machino,SUB,0,746935
Gladbach,2026-03-06,Bayern Munich,away,3-4-2-1,False,36,Wael Mohya,SUB,0,746935
Gladbach,2026-03-06,Bayern Munich,away,3-4-2-1,False,8,Alejo Sarco,SUB,0,746935
Gladbach,2026-03-06,Bayern Munich,away,3-4-2-1,False,2,Fabio Chiarodia,SUB,0,746935
Gladbach,2026-03-06,Bayern Munich,away,3-4-2-1,False,5,Marvin Friedrich,SUB,0,746935
Hamburger SV,2026-03-01,RB Leipzig,home,3-4-2-1,True,1,Daniel Heuer Fernandes,G,1,746930
Hamburger SV,2026-03-01,RB Leipzig,home,3-4-2-1,True,44,Luka Vuskovic,CD,5,746930
Hamburger SV,2026-03-01,RB Leipzig,home,3-4-2-1,True,25,Jordan Torunarigha,CD-L,4,746930
Hamburger SV,2026-03-01,RB Leipzig,home,3-4-2-1,True,24,Nicolás Capaldo,CD-R,6,746930
Hamburger SV,2026-03-01,RB Leipzig,home,3-4-2-1,True,21,Nicolai Remberg,CM-L,8,746930
Hamburger SV,2026-03-01,RB Leipzig,home,3-4-2-1,True,20,Fabio Vieira,CM-R,7,746930
Hamburger SV,2026-03-01,RB Leipzig,home,3-4-2-1,True,28,Miro Muheim,LM,3,746930
Hamburger SV,2026-03-01,RB Leipzig,home,3-4-2-1,True,2,William Mikelbrencis,RM,2,746930
Hamburger SV,2026-03-01,RB Leipzig,home,3-4-2-1,True,19,Damion Downs,F,9,746930
Hamburger SV,2026-03-01,RB Leipzig,home,3-4-2-1,True,27,Philip Otele,CF-L,11,746930
Hamburger SV,2026-03-01,RB Leipzig,home,3-4-2-1,True,11,Ransford-Yeboah Königsdörffer,CF-R,10,746930
Hamburger SV,2026-03-01,RB Leipzig,home,3-4-2-1,False,14,Rayan Philippe,SUB,0,746930
Hamburger SV,2026-03-01,RB Leipzig,home,3-4-2-1,False,9,Robert Glatzel,SUB,0,746930
Hamburger SV,2026-03-01,RB Leipzig,home,3-4-2-1,False,16,Giorgi Gocholeishvili,SUB,0,746930
Hamburger SV,2026-03-01,RB Leipzig,home,3-4-2-1,False,6,Albert Sambi Lokonga,SUB,0,746930
Hamburger SV,2026-03-01,RB Leipzig,home,3-4-2-1,False,15,Yussuf Poulsen,SUB,0,746930
Hamburger SV,2026-03-01,RB Leipzig,home,3-4-2-1,False,7,Jean-Luc Dompé,SUB,0,746930
Hamburger SV,2026-03-01,RB Leipzig,home,3-4-2-1,False,8,Daniel Elfadli,SUB,0,746930
Hamburger SV,2026-03-01,RB Leipzig,home,3-4-2-1,False,12,Sander Tangvik,SUB,0,746930
Hamburger SV,2026-03-01,RB Leipzig,home,3-4-2-1,False,17,Warmed Omari,SUB,0,746930
RB Leipzig,2026-03-01,Hamburger SV,away,4-3-3,True,26,Maarten Vandevoordt,G,1,746930
RB Leipzig,2026-03-01,Hamburger SV,away,4-3-3,True,23,Castello Lukeba,CD-L,6,746930
RB Leipzig,2026-03-01,Hamburger SV,away,4-3-3,True,4,Willi Orbán,CD-R,5,746930
RB Leipzig,2026-03-01,Hamburger SV,away,4-3-3,True,22,David Raum,LB,3,746930
RB Leipzig,2026-03-01,Hamburger SV,away,4-3-3,True,17,Ridle Baku,RB,2,746930
RB Leipzig,2026-03-01,Hamburger SV,away,4-3-3,True,13,Nicolas Seiwald,CM,4,746930
RB Leipzig,2026-03-01,Hamburger SV,away,4-3-3,True,14,Christoph Baumgartner,LM,8,746930
RB Leipzig,2026-03-01,Hamburger SV,away,4-3-3,True,10,Brajan Gruda,RM,7,746930
RB Leipzig,2026-03-01,Hamburger SV,away,4-3-3,True,40,Rômulo,F,9,746930
RB Leipzig,2026-03-01,Hamburger SV,away,4-3-3,True,7,Antonio Nusa,LF,11,746930
RB Leipzig,2026-03-01,Hamburger SV,away,4-3-3,True,49,Yan Diomande,RF,10,746930
RB Leipzig,2026-03-01,Hamburger SV,away,4-3-3,False,27,Tidiam Gomis,SUB,0,746930
RB Leipzig,2026-03-01,Hamburger SV,away,4-3-3,False,25,Leopold Zingerle,SUB,0,746930
RB Leipzig,2026-03-01,Hamburger SV,away,4-3-3,False,6,Ezechiel Banzuzi,SUB,0,746930
RB Leipzig,2026-03-01,Hamburger SV,away,4-3-3,False,5,El Chadaille Bitshiabu,SUB,0,746930
RB Leipzig,2026-03-01,Hamburger SV,away,4-3-3,False,11,Conrad Harder,SUB,0,746930
RB Leipzig,2026-03-01,Hamburger SV,away,4-3-3,False,39,Benjamin Henrichs,SUB,0,746930
RB Leipzig,2026-03-01,Hamburger SV,away,4-3-3,False,16,Lukas Klostermann,SUB,0,746930
RB Leipzig,2026-03-01,Hamburger SV,away,4-3-3,False,9,Johan Bakayoko,SUB,0,746930
RB Leipzig,2026-03-01,Hamburger SV,away,4-3-3,False,35,Max Finkgrafe,SUB,0,746930
Wolfsburg,2026-03-07,Hamburger SV,home,3-4-2-1,True,1,Kamil Grabara,G,1,746940
Wolfsburg,2026-03-07,Hamburger SV,home,3-4-2-1,True,15,Moritz Jenz,CD,5,746940
Wolfsburg,2026-03-07,Hamburger SV,home,3-4-2-1,True,4,Konstantinos Koulierakis,CD-L,4,746940
Wolfsburg,2026-03-07,Hamburger SV,home,3-4-2-1,True,18,Jonas Adjetey,CD-R,6,746940
Wolfsburg,2026-03-07,Hamburger SV,home,3-4-2-1,True,5,Vinicius Souza,CM-L,8,746940
Wolfsburg,2026-03-07,Hamburger SV,home,3-4-2-1,True,31,Yannick Gerhardt,CM-R,7,746940
Wolfsburg,2026-03-07,Hamburger SV,home,3-4-2-1,True,6,Jeanuël Belocian,LM,3,746940
Wolfsburg,2026-03-07,Hamburger SV,home,3-4-2-1,True,41,Jan Bürger,RM,2,746940
Wolfsburg,2026-03-07,Hamburger SV,home,3-4-2-1,True,17,Dzenan Pejcinovic,F,9,746940
Wolfsburg,2026-03-07,Hamburger SV,home,3-4-2-1,True,24,Christian Eriksen,CF-L,11,746940
Wolfsburg,2026-03-07,Hamburger SV,home,3-4-2-1,True,19,Jesper Lindstrom,CF-R,10,746940
Wolfsburg,2026-03-07,Hamburger SV,home,3-4-2-1,False,7,Kento Shiogai,SUB,0,746940
Wolfsburg,2026-03-07,Hamburger SV,home,3-4-2-1,False,11,Adam Daghim,SUB,0,746940
Wolfsburg,2026-03-07,Hamburger SV,home,3-4-2-1,False,29,Marius Müller,SUB,0,746940
Wolfsburg,2026-03-07,Hamburger SV,home,3-4-2-1,False,37,Pharell Hensel,SUB,0,746940
Wolfsburg,2026-03-07,Hamburger SV,home,3-4-2-1,False,27,Maximilian Arnold,SUB,0,746940
Wolfsburg,2026-03-07,Hamburger SV,home,3-4-2-1,False,10,Lovro Majer,SUB,0,746940
Wolfsburg,2026-03-07,Hamburger SV,home,3-4-2-1,False,26,Saël Kumbedi,SUB,0,746940
Wolfsburg,2026-03-07,Hamburger SV,home,3-4-2-1,False,9,Mohamed Amoura,SUB,0,746940
Wolfsburg,2026-03-07,Hamburger SV,home,3-4-2-1,False,3,Denis Vavro,SUB,0,746940
Hamburger SV,2026-03-07,Wolfsburg,away,3-4-2-1,True,1,Daniel Heuer Fernandes,G,1,746940
Hamburger SV,2026-03-07,Wolfsburg,away,3-4-2-1,True,44,Luka Vuskovic,CD,5,746940
Hamburger SV,2026-03-07,Wolfsburg,away,3-4-2-1,True,25,Jordan Torunarigha,CD-L,4,746940
Hamburger SV,2026-03-07,Wolfsburg,away,3-4-2-1,True,8,Daniel Elfadli,CD-R,6,746940
Hamburger SV,2026-03-07,Wolfsburg,away,3-4-2-1,True,21,Nicolai Remberg,CM-L,8,746940
Hamburger SV,2026-03-07,Wolfsburg,away,3-4-2-1,True,6,Albert Sambi Lokonga,CM-R,7,746940
Hamburger SV,2026-03-07,Wolfsburg,away,3-4-2-1,True,28,Miro Muheim,LM,3,746940
Hamburger SV,2026-03-07,Wolfsburg,away,3-4-2-1,True,2,William Mikelbrencis,RM,2,746940
Hamburger SV,2026-03-07,Wolfsburg,away,3-4-2-1,True,11,Ransford-Yeboah Königsdörffer,F,9,746940
Hamburger SV,2026-03-07,Wolfsburg,away,3-4-2-1,True,7,Jean-Luc Dompé,CF-L,11,746940
Hamburger SV,2026-03-07,Wolfsburg,away,3-4-2-1,True,27,Philip Otele,CF-R,10,746940
Hamburger SV,2026-03-07,Wolfsburg,away,3-4-2-1,False,9,Robert Glatzel,SUB,0,746940
Hamburger SV,2026-03-07,Wolfsburg,away,3-4-2-1,False,17,Warmed Omari,SUB,0,746940
Hamburger SV,2026-03-07,Wolfsburg,away,3-4-2-1,False,15,Yussuf Poulsen,SUB,0,746940
Hamburger SV,2026-03-07,Wolfsburg,away,3-4-2-1,False,19,Damion Downs,SUB,0,746940
Hamburger SV,2026-03-07,Wolfsburg,away,3-4-2-1,False,12,Sander Tangvik,SUB,0,746940
Hamburger SV,2026-03-07,Wolfsburg,away,3-4-2-1,False,45,Fabio Baldé,SUB,0,746940
Hamburger SV,2026-03-07,Wolfsburg,away,3-4-2-1,False,49,Otto Stange,SUB,0,746940
Hamburger SV,2026-03-07,Wolfsburg,away,3-4-2-1,False,20,Fabio Vieira,SUB,0,746940
Hamburger SV,2026-03-07,Wolfsburg,away,3-4-2-1,False,16,Giorgi Gocholeishvili,SUB,0,746940
Frankfurt,2026-03-01,Freiburg,home,4-1-4-1,True,40,Kauã Santos,G,1,746928
Frankfurt,2026-03-01,Freiburg,home,4-1-4-1,True,4,Robin Koch,CD-L,6,746928
Frankfurt,2026-03-01,Freiburg,home,4-1-4-1,True,5,Aurèle Amenda,CD-R,5,746928
Frankfurt,2026-03-01,Freiburg,home,4-1-4-1,True,16,Hugo Larsson,DM,4,746928
Frankfurt,2026-03-01,Freiburg,home,4-1-4-1,True,34,Nnamdi Collins,LB,3,746928
Frankfurt,2026-03-01,Freiburg,home,4-1-4-1,True,21,Nathaniel Brown,RB,2,746928
Frankfurt,2026-03-01,Freiburg,home,4-1-4-1,True,6,Oscar Højlund,CM-L,10,746928
Frankfurt,2026-03-01,Freiburg,home,4-1-4-1,True,27,Mario Götze,CM-R,8,746928
Frankfurt,2026-03-01,Freiburg,home,4-1-4-1,True,19,Jean-Mattéo Bahoya,LM,11,746928
Frankfurt,2026-03-01,Freiburg,home,4-1-4-1,True,25,Arnaud Kalimuendo,RM,7,746928
Frankfurt,2026-03-01,Freiburg,home,4-1-4-1,True,9,Jonathan Burkardt,F,9,746928
Frankfurt,2026-03-01,Freiburg,home,4-1-4-1,False,23,Michael Zetterer,SUB,0,746928
Frankfurt,2026-03-01,Freiburg,home,4-1-4-1,False,18,Mahmoud Dahoud,SUB,0,746928
Frankfurt,2026-03-01,Freiburg,home,4-1-4-1,False,29,Ayoube Amaimouni,SUB,0,746928
Frankfurt,2026-03-01,Freiburg,home,4-1-4-1,False,2,Elias Baum,SUB,0,746928
Frankfurt,2026-03-01,Freiburg,home,4-1-4-1,False,20,Ritsu Doan,SUB,0,746928
Frankfurt,2026-03-01,Freiburg,home,4-1-4-1,False,41,Fousseny Doumbia,SUB,0,746928
Frankfurt,2026-03-01,Freiburg,home,4-1-4-1,False,8,Farès Chaïbi,SUB,0,746928
Frankfurt,2026-03-01,Freiburg,home,4-1-4-1,False,15,Ellyes Skhiri,SUB,0,746928
Frankfurt,2026-03-01,Freiburg,home,4-1-4-1,False,31,Love Arrhov,SUB,0,746928
Freiburg,2026-03-01,Frankfurt,away,4-2-3-1,True,1,Noah Atubolu,G,1,746928
Freiburg,2026-03-01,Frankfurt,away,4-2-3-1,True,43,Ifechukwu Ogbus,CD-L,6,746928
Freiburg,2026-03-01,Frankfurt,away,4-2-3-1,True,28,Matthias Ginter,CD-R,5,746928
Freiburg,2026-03-01,Frankfurt,away,4-2-3-1,True,30,Christian Günter,LB,3,746928
Freiburg,2026-03-01,Frankfurt,away,4-2-3-1,True,29,Philipp Treu,RB,2,746928
Freiburg,2026-03-01,Frankfurt,away,4-2-3-1,True,9,Lucas Höler,AM,10,746928
Freiburg,2026-03-01,Frankfurt,away,4-2-3-1,True,6,Patrick Osterhage,LM,4,746928
Freiburg,2026-03-01,Frankfurt,away,4-2-3-1,True,8,Maximilian Eggestein,RM,8,746928
Freiburg,2026-03-01,Frankfurt,away,4-2-3-1,True,31,Igor Matanovic,F,9,746928
Freiburg,2026-03-01,Frankfurt,away,4-2-3-1,True,32,Vincenzo Grifo,AM-L,11,746928
Freiburg,2026-03-01,Frankfurt,away,4-2-3-1,True,14,Yuito Suzuki,AM-R,7,746928
Freiburg,2026-03-01,Frankfurt,away,4-2-3-1,False,7,Derry Scherhant,SUB,0,746928
Freiburg,2026-03-01,Frankfurt,away,4-2-3-1,False,22,Cyriaque Irié,SUB,0,746928
Freiburg,2026-03-01,Frankfurt,away,4-2-3-1,False,69,Rouven Tarnutzer,SUB,0,746928
Freiburg,2026-03-01,Frankfurt,away,4-2-3-1,False,65,Karl Steinmann,SUB,0,746928
Freiburg,2026-03-01,Frankfurt,away,4-2-3-1,False,21,Florian Müller,SUB,0,746928
Freiburg,2026-03-01,Frankfurt,away,4-2-3-1,False,33,Jordy Makengo,SUB,0,746928
Freiburg,2026-03-01,Frankfurt,away,4-2-3-1,False,26,Maximilian Philipp,SUB,0,746928
Freiburg,2026-03-01,Frankfurt,away,4-2-3-1,False,5,Anthony Jung,SUB,0,746928
Freiburg,2026-03-01,Frankfurt,away,4-2-3-1,False,27,Nicolas Höfler,SUB,0,746928
St Pauli,2026-03-08,Frankfurt,home,3-4-2-1,True,22,Nikola Vasilj,G,1,746941
St Pauli,2026-03-08,Frankfurt,home,3-4-2-1,True,8,Eric Smith,CD,5,746941
St Pauli,2026-03-08,Frankfurt,home,3-4-2-1,True,15,Tomoya Ando,CD-L,4,746941
St Pauli,2026-03-08,Frankfurt,home,3-4-2-1,True,5,Hauke Wahl,CD-R,6,746941
St Pauli,2026-03-08,Frankfurt,home,3-4-2-1,True,7,Jackson Irvine,CM-L,8,746941
St Pauli,2026-03-08,Frankfurt,home,3-4-2-1,True,6,James Sands,CM-R,7,746941
St Pauli,2026-03-08,Frankfurt,home,3-4-2-1,True,11,Arkadiusz Pyrka,LM,3,746941
St Pauli,2026-03-08,Frankfurt,home,3-4-2-1,True,2,Manolis Saliakas,RM,2,746941
St Pauli,2026-03-08,Frankfurt,home,3-4-2-1,True,10,Danel Sinani,F,9,746941
St Pauli,2026-03-08,Frankfurt,home,3-4-2-1,True,28,Mathias Pereira Lage,CF-L,11,746941
St Pauli,2026-03-08,Frankfurt,home,3-4-2-1,True,16,Joel Chima Fujita,CF-R,10,746941
St Pauli,2026-03-08,Frankfurt,home,3-4-2-1,False,23,Louis Oppie,SUB,0,746941
St Pauli,2026-03-08,Frankfurt,home,3-4-2-1,False,1,Ben Voll,SUB,0,746941
St Pauli,2026-03-08,Frankfurt,home,3-4-2-1,False,9,Abdoulie Ceesay,SUB,0,746941
St Pauli,2026-03-08,Frankfurt,home,3-4-2-1,False,21,Lars Ritzka,SUB,0,746941
St Pauli,2026-03-08,Frankfurt,home,3-4-2-1,False,34,Jannik Robatsch,SUB,0,746941
St Pauli,2026-03-08,Frankfurt,home,3-4-2-1,False,19,Martijn Kaars,SUB,0,746941
St Pauli,2026-03-08,Frankfurt,home,3-4-2-1,False,25,Adam Dzwigala,SUB,0,746941
St Pauli,2026-03-08,Frankfurt,home,3-4-2-1,False,24,Connor Metcalfe,SUB,0,746941
St Pauli,2026-03-08,Frankfurt,home,3-4-2-1,False,18,Taichi Hara,SUB,0,746941
Frankfurt,2026-03-08,St Pauli,away,4-3-3,True,23,Michael Zetterer,G,1,746941
Frankfurt,2026-03-08,St Pauli,away,4-3-3,True,4,Robin Koch,CD-L,6,746941
Frankfurt,2026-03-08,St Pauli,away,4-3-3,True,5,Aurèle Amenda,CD-R,5,746941
Frankfurt,2026-03-08,St Pauli,away,4-3-3,True,34,Nnamdi Collins,LB,3,746941
Frankfurt,2026-03-08,St Pauli,away,4-3-3,True,21,Nathaniel Brown,RB,2,746941
Frankfurt,2026-03-08,St Pauli,away,4-3-3,True,16,Hugo Larsson,CM,4,746941
Frankfurt,2026-03-08,St Pauli,away,4-3-3,True,6,Oscar Højlund,LM,8,746941
Frankfurt,2026-03-08,St Pauli,away,4-3-3,True,8,Farès Chaïbi,RM,7,746941
Frankfurt,2026-03-08,St Pauli,away,4-3-3,True,9,Jonathan Burkardt,F,9,746941
Frankfurt,2026-03-08,St Pauli,away,4-3-3,True,19,Jean-Mattéo Bahoya,LF,11,746941
Frankfurt,2026-03-08,St Pauli,away,4-3-3,True,25,Arnaud Kalimuendo,RF,10,746941
Frankfurt,2026-03-08,St Pauli,away,4-3-3,False,27,Mario Götze,SUB,0,746941
Frankfurt,2026-03-08,St Pauli,away,4-3-3,False,29,Ayoube Amaimouni,SUB,0,746941
Frankfurt,2026-03-08,St Pauli,away,4-3-3,False,33,Jens Grahl,SUB,0,746941
Frankfurt,2026-03-08,St Pauli,away,4-3-3,False,2,Elias Baum,SUB,0,746941
Frankfurt,2026-03-08,St Pauli,away,4-3-3,False,20,Ritsu Doan,SUB,0,746941
Frankfurt,2026-03-08,St Pauli,away,4-3-3,False,15,Ellyes Skhiri,SUB,0,746941
Frankfurt,2026-03-08,St Pauli,away,4-3-3,False,41,Fousseny Doumbia,SUB,0,746941
Frankfurt,2026-03-08,St Pauli,away,4-3-3,False,18,Mahmoud Dahoud,SUB,0,746941
Frankfurt,2026-03-08,St Pauli,away,4-3-3,False,31,Love Arrhov,SUB,0,746941
Leverkusen,2026-02-28,Mainz 05,home,3-4-2-1,True,28,Janis Blaswich,G,1,746925
Leverkusen,2026-02-28,Mainz 05,home,3-4-2-1,True,8,Robert Andrich,CD,5,746925
Leverkusen,2026-02-28,Mainz 05,home,3-4-2-1,True,12,Edmond Tapsoba,CD-L,4,746925
Leverkusen,2026-02-28,Mainz 05,home,3-4-2-1,True,4,Jarell Quansah,CD-R,6,746925
Leverkusen,2026-02-28,Mainz 05,home,3-4-2-1,True,25,Exequiel Palacios,CM-L,8,746925
Leverkusen,2026-02-28,Mainz 05,home,3-4-2-1,True,6,Ezequiel Fernández,CM-R,7,746925
Leverkusen,2026-02-28,Mainz 05,home,3-4-2-1,True,20,Alejandro Grimaldo,LM,3,746925
Leverkusen,2026-02-28,Mainz 05,home,3-4-2-1,True,13,Arthur,RM,2,746925
Leverkusen,2026-02-28,Mainz 05,home,3-4-2-1,True,14,Patrik Schick,F,9,746925
Leverkusen,2026-02-28,Mainz 05,home,3-4-2-1,True,19,Ernest Poku,CF-L,11,746925
Leverkusen,2026-02-28,Mainz 05,home,3-4-2-1,True,7,Jonas Hofmann,CF-R,10,746925
Leverkusen,2026-02-28,Mainz 05,home,3-4-2-1,False,11,Martin Terrier,SUB,0,746925
Leverkusen,2026-02-28,Mainz 05,home,3-4-2-1,False,24,Aleix García,SUB,0,746925
Leverkusen,2026-02-28,Mainz 05,home,3-4-2-1,False,35,Christian Kofane,SUB,0,746925
Leverkusen,2026-02-28,Mainz 05,home,3-4-2-1,False,16,Axel Tape,SUB,0,746925
Leverkusen,2026-02-28,Mainz 05,home,3-4-2-1,False,30,Ibrahim Maza,SUB,0,746925
Leverkusen,2026-02-28,Mainz 05,home,3-4-2-1,False,18,Jonas Omlin,SUB,0,746925
Leverkusen,2026-02-28,Mainz 05,home,3-4-2-1,False,42,Montrell Culbreath,SUB,0,746925
Leverkusen,2026-02-28,Mainz 05,home,3-4-2-1,False,15,Tim Oermann,SUB,0,746925
Leverkusen,2026-02-28,Mainz 05,home,3-4-2-1,False,36,Niklas Lomb,SUB,0,746925
Mainz 05,2026-02-28,Leverkusen,away,3-5-2,True,33,Daniel Batz,G,1,746925
Mainz 05,2026-02-28,Leverkusen,away,3-5-2,True,4,Stefan Posch,CD,5,746925
Mainz 05,2026-02-28,Leverkusen,away,3-5-2,True,48,Kacper Potulski,CD-L,4,746925
Mainz 05,2026-02-28,Leverkusen,away,3-5-2,True,31,Dominik Kohr,CD-R,6,746925
Mainz 05,2026-02-28,Leverkusen,away,3-5-2,True,7,Lee Jae-Sung,CM-L,8,746925
Mainz 05,2026-02-28,Leverkusen,away,3-5-2,True,8,Paul Nebel,CM-R,7,746925
Mainz 05,2026-02-28,Leverkusen,away,3-5-2,True,6,Kaishu Sano,AM,11,746925
Mainz 05,2026-02-28,Leverkusen,away,3-5-2,True,2,Phillipp Mwene,LM,3,746925
Mainz 05,2026-02-28,Leverkusen,away,3-5-2,True,30,Silvan Widmer,RM,2,746925
Mainz 05,2026-02-28,Leverkusen,away,3-5-2,True,23,Sheraldo Becker,CF-L,9,746925
Mainz 05,2026-02-28,Leverkusen,away,3-5-2,True,20,Phillip Tietz,CF-R,10,746925
Mainz 05,2026-02-28,Leverkusen,away,3-5-2,False,1,Lasse Rieß,SUB,0,746925
Mainz 05,2026-02-28,Leverkusen,away,3-5-2,False,36,Fabio Moreno Fell,SUB,0,746925
Mainz 05,2026-02-28,Leverkusen,away,3-5-2,False,42,Daniel Gleiber,SUB,0,746925
Mainz 05,2026-02-28,Leverkusen,away,3-5-2,False,26,Silas Katompa-Mvumpa,SUB,0,746925
Mainz 05,2026-02-28,Leverkusen,away,3-5-2,False,11,Armindo Sieb,SUB,0,746925
Mainz 05,2026-02-28,Leverkusen,away,3-5-2,False,15,Lennard Maloney,SUB,0,746925
Mainz 05,2026-02-28,Leverkusen,away,3-5-2,False,14,William Bøving,SUB,0,746925
Mainz 05,2026-02-28,Leverkusen,away,3-5-2,False,21,Danny da Costa,SUB,0,746925
Mainz 05,2026-02-28,Leverkusen,away,3-5-2,False,5,Maxim Leitsch,SUB,0,746925
Köln,2026-03-07,Dortmund,home,4-2-3-1,True,1,Marvin Schwäbe,G,1,746938
Köln,2026-03-07,Dortmund,home,4-2-3-1,True,22,Jahmai Simpson-Pusey,CD-L,6,746938
Köln,2026-03-07,Dortmund,home,4-2-3-1,True,33,Rav van den Berg,CD-R,5,746938
Köln,2026-03-07,Dortmund,home,4-2-3-1,True,32,Kristoffer Lund,LB,3,746938
Köln,2026-03-07,Dortmund,home,4-2-3-1,True,5,Tom Krauss,RB,2,746938
Köln,2026-03-07,Dortmund,home,4-2-3-1,True,16,Jakub Kaminski,AM,10,746938
Köln,2026-03-07,Dortmund,home,4-2-3-1,True,6,Eric Martel,LM,4,746938
Köln,2026-03-07,Dortmund,home,4-2-3-1,True,18,Ísak Jóhannesson,RM,8,746938
Köln,2026-03-07,Dortmund,home,4-2-3-1,True,9,Ragnar Ache,F,9,746938
Köln,2026-03-07,Dortmund,home,4-2-3-1,True,13,Said El Mala,AM-L,11,746938
Köln,2026-03-07,Dortmund,home,4-2-3-1,True,38,Youssoupha Niang,AM-R,7,746938
Köln,2026-03-07,Dortmund,home,4-2-3-1,False,27,Felipe Chávez,SUB,0,746938
Köln,2026-03-07,Dortmund,home,4-2-3-1,False,39,Cenk Özkacar,SUB,0,746938
Köln,2026-03-07,Dortmund,home,4-2-3-1,False,37,Linton Maina,SUB,0,746938
Köln,2026-03-07,Dortmund,home,4-2-3-1,False,11,Florian Kainz,SUB,0,746938
Köln,2026-03-07,Dortmund,home,4-2-3-1,False,7,Luca Waldschmidt,SUB,0,746938
Köln,2026-03-07,Dortmund,home,4-2-3-1,False,30,Marius Bulter,SUB,0,746938
Köln,2026-03-07,Dortmund,home,4-2-3-1,False,36,Cenny Neumann,SUB,0,746938
Köln,2026-03-07,Dortmund,home,4-2-3-1,False,3,Dominique Heintz,SUB,0,746938
Köln,2026-03-07,Dortmund,home,4-2-3-1,False,20,Ron-Robert Zieler,SUB,0,746938
Dortmund,2026-03-07,Köln,away,3-4-2-1,True,1,Gregor Kobel,G,1,746938
Dortmund,2026-03-07,Köln,away,3-4-2-1,True,4,Nico Schlotterbeck,CD,5,746938
Dortmund,2026-03-07,Köln,away,3-4-2-1,True,5,Ramy Bensebaini,CD-L,4,746938
Dortmund,2026-03-07,Köln,away,3-4-2-1,True,3,Waldemar Anton,CD-R,6,746938
Dortmund,2026-03-07,Köln,away,3-4-2-1,True,8,Felix Nmecha,CM-L,8,746938
Dortmund,2026-03-07,Köln,away,3-4-2-1,True,20,Marcel Sabitzer,CM-R,7,746938
Dortmund,2026-03-07,Köln,away,3-4-2-1,True,24,Daniel Svensson,LM,3,746938
Dortmund,2026-03-07,Köln,away,3-4-2-1,True,26,Julian Ryerson,RM,2,746938
Dortmund,2026-03-07,Köln,away,3-4-2-1,True,9,Serhou Guirassy,F,9,746938
Dortmund,2026-03-07,Köln,away,3-4-2-1,True,10,Julian Brandt,CF-L,11,746938
Dortmund,2026-03-07,Köln,away,3-4-2-1,True,14,Maximilian Beier,CF-R,10,746938
Dortmund,2026-03-07,Köln,away,3-4-2-1,False,33,Alexander Meyer,SUB,0,746938
Dortmund,2026-03-07,Köln,away,3-4-2-1,False,7,Jobe Bellingham,SUB,0,746938
Dortmund,2026-03-07,Köln,away,3-4-2-1,False,27,Karim Adeyemi,SUB,0,746938
Dortmund,2026-03-07,Köln,away,3-4-2-1,False,40,Samuele Inácio,SUB,0,746938
Dortmund,2026-03-07,Köln,away,3-4-2-1,False,21,Fábio Silva,SUB,0,746938
Dortmund,2026-03-07,Köln,away,3-4-2-1,False,6,Salih Özcan,SUB,0,746938
Dortmund,2026-03-07,Köln,away,3-4-2-1,False,2,Yan Couto,SUB,0,746938
Dortmund,2026-03-07,Köln,away,3-4-2-1,False,25,Niklas Süle,SUB,0,746938
Dortmund,2026-03-07,Köln,away,3-4-2-1,False,49,Luca Reggiani,SUB,0,746938
Union Berlin,2026-03-08,Werder Bremen,home,3-5-2,True,1,Frederik Ronnow,G,1,746937
Union Berlin,2026-03-08,Werder Bremen,home,3-5-2,True,14,Leopold Querfeld,CD,5,746937
Union Berlin,2026-03-08,Werder Bremen,home,3-5-2,True,34,Stanley N'Soki,CD-L,4,746937
Union Berlin,2026-03-08,Werder Bremen,home,3-5-2,True,5,Danilho Doekhi,CD-R,6,746937
Union Berlin,2026-03-08,Werder Bremen,home,3-5-2,True,6,Aljoscha Kemlein,CM-L,8,746937
Union Berlin,2026-03-08,Werder Bremen,home,3-5-2,True,13,András Schäfer,CM-R,7,746937
Union Berlin,2026-03-08,Werder Bremen,home,3-5-2,True,8,Rani Khedira,AM,11,746937
Union Berlin,2026-03-08,Werder Bremen,home,3-5-2,True,39,Derrick Köhn,LM,3,746937
Union Berlin,2026-03-08,Werder Bremen,home,3-5-2,True,19,Janik Haberer,RM,2,746937
Union Berlin,2026-03-08,Werder Bremen,home,3-5-2,True,10,Ilyas Ansah,CF-L,9,746937
Union Berlin,2026-03-08,Werder Bremen,home,3-5-2,True,23,Andrej Ilic,CF-R,10,746937
Union Berlin,2026-03-08,Werder Bremen,home,3-5-2,False,21,Tim Skarke,SUB,0,746937
Union Berlin,2026-03-08,Werder Bremen,home,3-5-2,False,33,Alex Král,SUB,0,746937
Union Berlin,2026-03-08,Werder Bremen,home,3-5-2,False,7,Oliver Burke,SUB,0,746937
Union Berlin,2026-03-08,Werder Bremen,home,3-5-2,False,17,David Preu,SUB,0,746937
Union Berlin,2026-03-08,Werder Bremen,home,3-5-2,False,9,Livan Burcu,SUB,0,746937
Union Berlin,2026-03-08,Werder Bremen,home,3-5-2,False,28,Christopher Trimmel,SUB,0,746937
Union Berlin,2026-03-08,Werder Bremen,home,3-5-2,False,18,Josip Juranovic,SUB,0,746937
Union Berlin,2026-03-08,Werder Bremen,home,3-5-2,False,11,Jeong Woo-Yeong,SUB,0,746937
Union Berlin,2026-03-08,Werder Bremen,home,3-5-2,False,31,Matheo Raab,SUB,0,746937
Werder Bremen,2026-03-08,Union Berlin,away,4-3-3,True,30,Mio Backhaus,G,1,746937
Werder Bremen,2026-03-08,Union Berlin,away,4-3-3,True,32,Marco Friedl,CD-L,6,746937
Werder Bremen,2026-03-08,Union Berlin,away,4-3-3,True,4,Niklas Stark,CD-R,5,746937
Werder Bremen,2026-03-08,Union Berlin,away,4-3-3,True,2,Olivier Deman,LB,3,746937
Werder Bremen,2026-03-08,Union Berlin,away,4-3-3,True,3,Yukinari Sugawara,RB,2,746937
Werder Bremen,2026-03-08,Union Berlin,away,4-3-3,True,14,Senne Lynen,CM,4,746937
Werder Bremen,2026-03-08,Union Berlin,away,4-3-3,True,18,Cameron Puertas,LM,8,746937
Werder Bremen,2026-03-08,Union Berlin,away,4-3-3,True,6,Jens Stage,RM,7,746937
Werder Bremen,2026-03-08,Union Berlin,away,4-3-3,True,9,Keke Topp,F,9,746937
Werder Bremen,2026-03-08,Union Berlin,away,4-3-3,True,20,Romano Schmid,LF,11,746937
Werder Bremen,2026-03-08,Union Berlin,away,4-3-3,True,17,Marco Grüll,RF,10,746937
Werder Bremen,2026-03-08,Union Berlin,away,4-3-3,False,33,Mick Schmetgens,SUB,0,746937
Werder Bremen,2026-03-08,Union Berlin,away,4-3-3,False,46,Mats Heitmann,SUB,0,746937
Werder Bremen,2026-03-08,Union Berlin,away,4-3-3,False,13,Karl Hein,SUB,0,746937
Werder Bremen,2026-03-08,Union Berlin,away,4-3-3,False,24,Patrice Covic,SUB,0,746937
Werder Bremen,2026-03-08,Union Berlin,away,4-3-3,False,29,Salim Musah,SUB,0,746937
Werder Bremen,2026-03-08,Union Berlin,away,4-3-3,False,22,Julian Malatini,SUB,0,746937
Werder Bremen,2026-03-08,Union Berlin,away,4-3-3,False,10,Leonardo Bittencourt,SUB,0,746937
Werder Bremen,2026-03-08,Union Berlin,away,4-3-3,False,11,Justin Njinmah,SUB,0,746937
Werder Bremen,2026-03-08,Union Berlin,away,4-3-3,False,23,Isaac Schmidt,SUB,0,746937
Leverkusen,2026-03-14,Bayern Munich,home,3-4-2-1,True,28,Janis Blaswich,G,1,746950
Leverkusen,2026-03-14,Bayern Munich,home,3-4-2-1,True,8,Robert Andrich,CD,5,746950
Leverkusen,2026-03-14,Bayern Munich,home,3-4-2-1,True,12,Edmond Tapsoba,CD-L,4,746950
Leverkusen,2026-03-14,Bayern Munich,home,3-4-2-1,True,4,Jarell Quansah,CD-R,6,746950
Leverkusen,2026-03-14,Bayern Munich,home,3-4-2-1,True,24,Aleix García,CM-L,8,746950
Leverkusen,2026-03-14,Bayern Munich,home,3-4-2-1,True,6,Ezequiel Fernández,CM-R,7,746950
Leverkusen,2026-03-14,Bayern Munich,home,3-4-2-1,True,19,Ernest Poku,LM,3,746950
Leverkusen,2026-03-14,Bayern Munich,home,3-4-2-1,True,42,Montrell Culbreath,RM,2,746950
Leverkusen,2026-03-14,Bayern Munich,home,3-4-2-1,True,14,Patrik Schick,F,9,746950
Leverkusen,2026-03-14,Bayern Munich,home,3-4-2-1,True,10,Malik Tillman,CF-L,11,746950
Leverkusen,2026-03-14,Bayern Munich,home,3-4-2-1,True,11,Martin Terrier,CF-R,10,746950
Leverkusen,2026-03-14,Bayern Munich,home,3-4-2-1,False,36,Niklas Lomb,SUB,0,746950
Leverkusen,2026-03-14,Bayern Munich,home,3-4-2-1,False,16,Axel Tape,SUB,0,746950
Leverkusen,2026-03-14,Bayern Munich,home,3-4-2-1,False,18,Jonas Omlin,SUB,0,746950
Leverkusen,2026-03-14,Bayern Munich,home,3-4-2-1,False,15,Tim Oermann,SUB,0,746950
Leverkusen,2026-03-14,Bayern Munich,home,3-4-2-1,False,23,Nathan Tella,SUB,0,746950
Leverkusen,2026-03-14,Bayern Munich,home,3-4-2-1,False,7,Jonas Hofmann,SUB,0,746950
Leverkusen,2026-03-14,Bayern Munich,home,3-4-2-1,False,25,Exequiel Palacios,SUB,0,746950
Leverkusen,2026-03-14,Bayern Munich,home,3-4-2-1,False,35,Christian Kofane,SUB,0,746950
Leverkusen,2026-03-14,Bayern Munich,home,3-4-2-1,False,30,Ibrahim Maza,SUB,0,746950
Bayern Munich,2026-03-14,Leverkusen,away,4-2-3-1,True,26,Sven Ulreich,G,1,746950
Bayern Munich,2026-03-14,Leverkusen,away,4-2-3-1,True,4,Jonathan Tah,CD-L,6,746950
Bayern Munich,2026-03-14,Leverkusen,away,4-2-3-1,True,2,Dayot Upamecano,CD-R,5,746950
Bayern Munich,2026-03-14,Leverkusen,away,4-2-3-1,True,27,Konrad Laimer,LB,3,746950
Bayern Munich,2026-03-14,Leverkusen,away,4-2-3-1,True,44,Josip Stanisic,RB,2,746950
Bayern Munich,2026-03-14,Leverkusen,away,4-2-3-1,True,42,Lennart Karl,AM,10,746950
Bayern Munich,2026-03-14,Leverkusen,away,4-2-3-1,True,45,Aleksandar Pavlovic,LM,4,746950
Bayern Munich,2026-03-14,Leverkusen,away,4-2-3-1,True,6,Joshua Kimmich,RM,8,746950
Bayern Munich,2026-03-14,Leverkusen,away,4-2-3-1,True,11,Nicolas Jackson,F,9,746950
Bayern Munich,2026-03-14,Leverkusen,away,4-2-3-1,True,14,Luis Díaz,AM-L,11,746950
Bayern Munich,2026-03-14,Leverkusen,away,4-2-3-1,True,17,Michael Olise,AM-R,7,746950
Bayern Munich,2026-03-14,Leverkusen,away,4-2-3-1,False,22,Raphaël Guerreiro,SUB,0,746950
Bayern Munich,2026-03-14,Leverkusen,away,4-2-3-1,False,49,Maycon Cardozo,SUB,0,746950
Bayern Munich,2026-03-14,Leverkusen,away,4-2-3-1,False,34,Deniz Ofli,SUB,0,746950
Bayern Munich,2026-03-14,Leverkusen,away,4-2-3-1,False,3,Kim Min-Jae,SUB,0,746950
Bayern Munich,2026-03-14,Leverkusen,away,4-2-3-1,False,7,Serge Gnabry,SUB,0,746950
Bayern Munich,2026-03-14,Leverkusen,away,4-2-3-1,False,8,Leon Goretzka,SUB,0,746950
Bayern Munich,2026-03-14,Leverkusen,away,4-2-3-1,False,37,Leonard Prescott,SUB,0,746950
Bayern Munich,2026-03-14,Leverkusen,away,4-2-3-1,False,20,Tom Bischof,SUB,0,746950
Bayern Munich,2026-03-14,Leverkusen,away,4-2-3-1,False,9,Harry Kane,SUB,0,746950
Werder Bremen,2026-02-28,Heidenheim,home,4-3-2-1,True,30,Mio Backhaus,G,1,746931
Werder Bremen,2026-02-28,Heidenheim,home,4-3-2-1,True,32,Marco Friedl,CD-L,6,746931
Werder Bremen,2026-02-28,Heidenheim,home,4-3-2-1,True,4,Niklas Stark,CD-R,5,746931
Werder Bremen,2026-02-28,Heidenheim,home,4-3-2-1,True,2,Olivier Deman,LB,3,746931
Werder Bremen,2026-02-28,Heidenheim,home,4-3-2-1,True,3,Yukinari Sugawara,RB,2,746931
Werder Bremen,2026-02-28,Heidenheim,home,4-3-2-1,True,14,Senne Lynen,CM,4,746931
Werder Bremen,2026-02-28,Heidenheim,home,4-3-2-1,True,18,Cameron Puertas,CM-L,7,746931
Werder Bremen,2026-02-28,Heidenheim,home,4-3-2-1,True,6,Jens Stage,CM-R,8,746931
Werder Bremen,2026-02-28,Heidenheim,home,4-3-2-1,True,19,Jovan Milosevic,F,9,746931
Werder Bremen,2026-02-28,Heidenheim,home,4-3-2-1,True,20,Romano Schmid,CF-L,11,746931
Werder Bremen,2026-02-28,Heidenheim,home,4-3-2-1,True,17,Marco Grüll,CF-R,10,746931
Werder Bremen,2026-02-28,Heidenheim,home,4-3-2-1,False,22,Julian Malatini,SUB,0,746931
Werder Bremen,2026-02-28,Heidenheim,home,4-3-2-1,False,33,Mick Schmetgens,SUB,0,746931
Werder Bremen,2026-02-28,Heidenheim,home,4-3-2-1,False,13,Karl Hein,SUB,0,746931
Werder Bremen,2026-02-28,Heidenheim,home,4-3-2-1,False,24,Patrice Covic,SUB,0,746931
Werder Bremen,2026-02-28,Heidenheim,home,4-3-2-1,False,10,Leonardo Bittencourt,SUB,0,746931
Werder Bremen,2026-02-28,Heidenheim,home,4-3-2-1,False,29,Salim Musah,SUB,0,746931
Werder Bremen,2026-02-28,Heidenheim,home,4-3-2-1,False,9,Keke Topp,SUB,0,746931
Werder Bremen,2026-02-28,Heidenheim,home,4-3-2-1,False,11,Justin Njinmah,SUB,0,746931
Werder Bremen,2026-02-28,Heidenheim,home,4-3-2-1,False,23,Isaac Schmidt,SUB,0,746931
Heidenheim,2026-02-28,Werder Bremen,away,4-3-2-1,True,40,Frank Feller,G,1,746931
Heidenheim,2026-02-28,Werder Bremen,away,4-3-2-1,True,5,Benedikt Gimber,CD-L,6,746931
Heidenheim,2026-02-28,Werder Bremen,away,4-3-2-1,True,6,Patrick Mainka,CD-R,5,746931
Heidenheim,2026-02-28,Werder Bremen,away,4-3-2-1,True,26,Hennes Behrens,LB,3,746931
Heidenheim,2026-02-28,Werder Bremen,away,4-3-2-1,True,23,Omar-Haktab Traoré,RB,2,746931
Heidenheim,2026-02-28,Werder Bremen,away,4-3-2-1,True,16,Julian Niehues,CM,4,746931
Heidenheim,2026-02-28,Werder Bremen,away,4-3-2-1,True,3,Jan Schöppner,CM-L,7,746931
Heidenheim,2026-02-28,Werder Bremen,away,4-3-2-1,True,30,Niklas Dorsch,CM-R,8,746931
Heidenheim,2026-02-28,Werder Bremen,away,4-3-2-1,True,10,Christian Conteh,F,9,746931
Heidenheim,2026-02-28,Werder Bremen,away,4-3-2-1,True,22,Arijon Ibrahimovic,CF-L,11,746931
Heidenheim,2026-02-28,Werder Bremen,away,4-3-2-1,True,8,Eren Dinkci,CF-R,10,746931
Heidenheim,2026-02-28,Werder Bremen,away,4-3-2-1,False,34,Paul Tschernuth,SUB,0,746931
Heidenheim,2026-02-28,Werder Bremen,away,4-3-2-1,False,9,Stefan Schimmer,SUB,0,746931
Heidenheim,2026-02-28,Werder Bremen,away,4-3-2-1,False,31,Sirlord Conteh,SUB,0,746931
Heidenheim,2026-02-28,Werder Bremen,away,4-3-2-1,False,17,Mathias Honsak,SUB,0,746931
Heidenheim,2026-02-28,Werder Bremen,away,4-3-2-1,False,4,Tim Siersleben,SUB,0,746931
Heidenheim,2026-02-28,Werder Bremen,away,4-3-2-1,False,25,Leonidas Stergiou,SUB,0,746931
Heidenheim,2026-02-28,Werder Bremen,away,4-3-2-1,False,20,Luca Kerber,SUB,0,746931
Heidenheim,2026-02-28,Werder Bremen,away,4-3-2-1,False,18,Marvin Pieringer,SUB,0,746931
Heidenheim,2026-02-28,Werder Bremen,away,4-3-2-1,False,21,Adrian Beck,SUB,0,746931
Gladbach,2026-03-13,St Pauli,home,3-4-2-1,True,33,Moritz Nicolas,G,1,746944
Gladbach,2026-03-13,St Pauli,home,3-4-2-1,True,30,Nico Elvedi,CD,5,746944
Gladbach,2026-03-13,St Pauli,home,3-4-2-1,True,4,Kevin Diks,CD-L,4,746944
Gladbach,2026-03-13,St Pauli,home,3-4-2-1,True,16,Philipp Sander,CD-R,6,746944
Gladbach,2026-03-13,St Pauli,home,3-4-2-1,True,6,Yannick Engelhardt,CM-L,8,746944
Gladbach,2026-03-13,St Pauli,home,3-4-2-1,True,7,Kevin Stöger,CM-R,7,746944
Gladbach,2026-03-13,St Pauli,home,3-4-2-1,True,17,Jens Castrop,LM,3,746944
Gladbach,2026-03-13,St Pauli,home,3-4-2-1,True,29,Joe Scally,RM,2,746944
Gladbach,2026-03-13,St Pauli,home,3-4-2-1,True,15,Haris Tabakovic,F,9,746944
Gladbach,2026-03-13,St Pauli,home,3-4-2-1,True,38,Hugo Bolin,CF-L,11,746944
Gladbach,2026-03-13,St Pauli,home,3-4-2-1,True,36,Wael Mohya,CF-R,10,746944
Gladbach,2026-03-13,St Pauli,home,3-4-2-1,False,26,Lukas Ullrich,SUB,0,746944
Gladbach,2026-03-13,St Pauli,home,3-4-2-1,False,13,Giovanni Reyna,SUB,0,746944
Gladbach,2026-03-13,St Pauli,home,3-4-2-1,False,18,Shuto Machino,SUB,0,746944
Gladbach,2026-03-13,St Pauli,home,3-4-2-1,False,8,Alejo Sarco,SUB,0,746944
Gladbach,2026-03-13,St Pauli,home,3-4-2-1,False,23,Jan Olschowsky,SUB,0,746944
Gladbach,2026-03-13,St Pauli,home,3-4-2-1,False,9,Franck Honorat,SUB,0,746944
Gladbach,2026-03-13,St Pauli,home,3-4-2-1,False,10,Florian Neuhaus,SUB,0,746944
Gladbach,2026-03-13,St Pauli,home,3-4-2-1,False,39,Niklas Swider,SUB,0,746944
Gladbach,2026-03-13,St Pauli,home,3-4-2-1,False,2,Fabio Chiarodia,SUB,0,746944
St Pauli,2026-03-13,Gladbach,away,3-4-2-1,True,22,Nikola Vasilj,G,1,746944
St Pauli,2026-03-13,Gladbach,away,3-4-2-1,True,5,Hauke Wahl,CD,5,746944
St Pauli,2026-03-13,Gladbach,away,3-4-2-1,True,15,Tomoya Ando,CD-L,4,746944
St Pauli,2026-03-13,Gladbach,away,3-4-2-1,True,25,Adam Dzwigala,CD-R,6,746944
St Pauli,2026-03-13,Gladbach,away,3-4-2-1,True,7,Jackson Irvine,CM-L,8,746944
St Pauli,2026-03-13,Gladbach,away,3-4-2-1,True,8,Eric Smith,CM-R,7,746944
St Pauli,2026-03-13,Gladbach,away,3-4-2-1,True,21,Lars Ritzka,LM,3,746944
St Pauli,2026-03-13,Gladbach,away,3-4-2-1,True,11,Arkadiusz Pyrka,RM,2,746944
St Pauli,2026-03-13,Gladbach,away,3-4-2-1,True,10,Danel Sinani,F,9,746944
St Pauli,2026-03-13,Gladbach,away,3-4-2-1,True,28,Mathias Pereira Lage,CF-L,11,746944
St Pauli,2026-03-13,Gladbach,away,3-4-2-1,True,16,Joel Chima Fujita,CF-R,10,746944
St Pauli,2026-03-13,Gladbach,away,3-4-2-1,False,20,Mathias Rasmussen,SUB,0,746944
St Pauli,2026-03-13,Gladbach,away,3-4-2-1,False,19,Martijn Kaars,SUB,0,746944
St Pauli,2026-03-13,Gladbach,away,3-4-2-1,False,9,Abdoulie Ceesay,SUB,0,746944
St Pauli,2026-03-13,Gladbach,away,3-4-2-1,False,23,Louis Oppie,SUB,0,746944
St Pauli,2026-03-13,Gladbach,away,3-4-2-1,False,1,Ben Voll,SUB,0,746944
St Pauli,2026-03-13,Gladbach,away,3-4-2-1,False,18,Taichi Hara,SUB,0,746944
St Pauli,2026-03-13,Gladbach,away,3-4-2-1,False,27,Andreas Hountondji,SUB,0,746944
St Pauli,2026-03-13,Gladbach,away,3-4-2-1,False,4,David Nemeth,SUB,0,746944
St Pauli,2026-03-13,Gladbach,away,3-4-2-1,False,24,Connor Metcalfe,SUB,0,746944
Dortmund,2026-02-28,Bayern Munich,home,3-4-2-1,True,1,Gregor Kobel,G,1,746926
Dortmund,2026-02-28,Bayern Munich,home,3-4-2-1,True,3,Waldemar Anton,CD,5,746926
Dortmund,2026-02-28,Bayern Munich,home,3-4-2-1,True,4,Nico Schlotterbeck,CD-L,4,746926
Dortmund,2026-02-28,Bayern Munich,home,3-4-2-1,True,23,Emre Can,CD-R,6,746926
Dortmund,2026-02-28,Bayern Munich,home,3-4-2-1,True,8,Felix Nmecha,CM-L,8,746926
Dortmund,2026-02-28,Bayern Munich,home,3-4-2-1,True,20,Marcel Sabitzer,CM-R,7,746926
Dortmund,2026-02-28,Bayern Munich,home,3-4-2-1,True,24,Daniel Svensson,LM,3,746926
Dortmund,2026-02-28,Bayern Munich,home,3-4-2-1,True,2,Yan Couto,RM,2,746926
Dortmund,2026-02-28,Bayern Munich,home,3-4-2-1,True,21,Fábio Silva,F,9,746926
Dortmund,2026-02-28,Bayern Munich,home,3-4-2-1,True,27,Karim Adeyemi,CF-L,11,746926
Dortmund,2026-02-28,Bayern Munich,home,3-4-2-1,True,14,Maximilian Beier,CF-R,10,746926
Dortmund,2026-02-28,Bayern Munich,home,3-4-2-1,False,6,Salih Özcan,SUB,0,746926
Dortmund,2026-02-28,Bayern Munich,home,3-4-2-1,False,10,Julian Brandt,SUB,0,746926
Dortmund,2026-02-28,Bayern Munich,home,3-4-2-1,False,49,Luca Reggiani,SUB,0,746926
Dortmund,2026-02-28,Bayern Munich,home,3-4-2-1,False,9,Serhou Guirassy,SUB,0,746926
Dortmund,2026-02-28,Bayern Munich,home,3-4-2-1,False,42,Almugera Kabar,SUB,0,746926
Dortmund,2026-02-28,Bayern Munich,home,3-4-2-1,False,5,Ramy Bensebaini,SUB,0,746926
Dortmund,2026-02-28,Bayern Munich,home,3-4-2-1,False,33,Alexander Meyer,SUB,0,746926
Dortmund,2026-02-28,Bayern Munich,home,3-4-2-1,False,40,Samuele Inácio,SUB,0,746926
Dortmund,2026-02-28,Bayern Munich,home,3-4-2-1,False,7,Jobe Bellingham,SUB,0,746926
Bayern Munich,2026-02-28,Dortmund,away,4-2-3-1,True,40,Jonas Urbig,G,1,746926
Bayern Munich,2026-02-28,Dortmund,away,4-2-3-1,True,4,Jonathan Tah,CD-L,6,746926
Bayern Munich,2026-02-28,Dortmund,away,4-2-3-1,True,2,Dayot Upamecano,CD-R,5,746926
Bayern Munich,2026-02-28,Dortmund,away,4-2-3-1,True,27,Konrad Laimer,LB,3,746926
Bayern Munich,2026-02-28,Dortmund,away,4-2-3-1,True,44,Josip Stanisic,RB,2,746926
Bayern Munich,2026-02-28,Dortmund,away,4-2-3-1,True,7,Serge Gnabry,AM,10,746926
Bayern Munich,2026-02-28,Dortmund,away,4-2-3-1,True,45,Aleksandar Pavlovic,LM,4,746926
Bayern Munich,2026-02-28,Dortmund,away,4-2-3-1,True,6,Joshua Kimmich,RM,8,746926
Bayern Munich,2026-02-28,Dortmund,away,4-2-3-1,True,9,Harry Kane,F,9,746926
Bayern Munich,2026-02-28,Dortmund,away,4-2-3-1,True,14,Luis Díaz,AM-L,11,746926
Bayern Munich,2026-02-28,Dortmund,away,4-2-3-1,True,17,Michael Olise,AM-R,7,746926
Bayern Munich,2026-02-28,Dortmund,away,4-2-3-1,False,26,Sven Ulreich,SUB,0,746926
Bayern Munich,2026-02-28,Dortmund,away,4-2-3-1,False,42,Lennart Karl,SUB,0,746926
Bayern Munich,2026-02-28,Dortmund,away,4-2-3-1,False,35,Jannis Bärtl,SUB,0,746926
Bayern Munich,2026-02-28,Dortmund,away,4-2-3-1,False,22,Raphaël Guerreiro,SUB,0,746926
Bayern Munich,2026-02-28,Dortmund,away,4-2-3-1,False,3,Kim Min-Jae,SUB,0,746926
Bayern Munich,2026-02-28,Dortmund,away,4-2-3-1,False,20,Tom Bischof,SUB,0,746926
Bayern Munich,2026-02-28,Dortmund,away,4-2-3-1,False,11,Nicolas Jackson,SUB,0,746926
Bayern Munich,2026-02-28,Dortmund,away,4-2-3-1,False,10,Jamal Musiala,SUB,0,746926
Bayern Munich,2026-02-28,Dortmund,away,4-2-3-1,False,8,Leon Goretzka,SUB,0,746926
Hamburger SV,2026-03-04,Leverkusen,home,3-4-2-1,True,1,Daniel Heuer Fernandes,G,1,746866
Hamburger SV,2026-03-04,Leverkusen,home,3-4-2-1,True,44,Luka Vuskovic,CD,5,746866
Hamburger SV,2026-03-04,Leverkusen,home,3-4-2-1,True,8,Daniel Elfadli,CD-L,4,746866
Hamburger SV,2026-03-04,Leverkusen,home,3-4-2-1,True,17,Warmed Omari,CD-R,6,746866
Hamburger SV,2026-03-04,Leverkusen,home,3-4-2-1,True,20,Fabio Vieira,CM-L,8,746866
Hamburger SV,2026-03-04,Leverkusen,home,3-4-2-1,True,21,Nicolai Remberg,CM-R,7,746866
Hamburger SV,2026-03-04,Leverkusen,home,3-4-2-1,True,16,Giorgi Gocholeishvili,LM,3,746866
Hamburger SV,2026-03-04,Leverkusen,home,3-4-2-1,True,18,Bakery Jatta,RM,2,746866
Hamburger SV,2026-03-04,Leverkusen,home,3-4-2-1,True,19,Damion Downs,F,9,746866
Hamburger SV,2026-03-04,Leverkusen,home,3-4-2-1,True,14,Rayan Philippe,CF-L,11,746866
Hamburger SV,2026-03-04,Leverkusen,home,3-4-2-1,True,11,Ransford-Yeboah Königsdörffer,CF-R,10,746866
Hamburger SV,2026-03-04,Leverkusen,home,3-4-2-1,False,3,Noah Katterbach,SUB,0,746866
Hamburger SV,2026-03-04,Leverkusen,home,3-4-2-1,False,9,Robert Glatzel,SUB,0,746866
Hamburger SV,2026-03-04,Leverkusen,home,3-4-2-1,False,25,Jordan Torunarigha,SUB,0,746866
Hamburger SV,2026-03-04,Leverkusen,home,3-4-2-1,False,7,Jean-Luc Dompé,SUB,0,746866
Hamburger SV,2026-03-04,Leverkusen,home,3-4-2-1,False,45,Fabio Baldé,SUB,0,746866
Hamburger SV,2026-03-04,Leverkusen,home,3-4-2-1,False,49,Otto Stange,SUB,0,746866
Hamburger SV,2026-03-04,Leverkusen,home,3-4-2-1,False,2,William Mikelbrencis,SUB,0,746866
Hamburger SV,2026-03-04,Leverkusen,home,3-4-2-1,False,6,Albert Sambi Lokonga,SUB,0,746866
Hamburger SV,2026-03-04,Leverkusen,home,3-4-2-1,False,12,Sander Tangvik,SUB,0,746866
Leverkusen,2026-03-04,Hamburger SV,away,3-4-2-1,True,28,Janis Blaswich,G,1,746866
Leverkusen,2026-03-04,Hamburger SV,away,3-4-2-1,True,8,Robert Andrich,CD,5,746866
Leverkusen,2026-03-04,Hamburger SV,away,3-4-2-1,True,12,Edmond Tapsoba,CD-L,4,746866
Leverkusen,2026-03-04,Hamburger SV,away,3-4-2-1,True,4,Jarell Quansah,CD-R,6,746866
Leverkusen,2026-03-04,Hamburger SV,away,3-4-2-1,True,24,Aleix García,CM-L,8,746866
Leverkusen,2026-03-04,Hamburger SV,away,3-4-2-1,True,25,Exequiel Palacios,CM-R,7,746866
Leverkusen,2026-03-04,Hamburger SV,away,3-4-2-1,True,20,Alejandro Grimaldo,LM,3,746866
Leverkusen,2026-03-04,Hamburger SV,away,3-4-2-1,True,42,Montrell Culbreath,RM,2,746866
Leverkusen,2026-03-04,Hamburger SV,away,3-4-2-1,True,35,Christian Kofane,F,9,746866
Leverkusen,2026-03-04,Hamburger SV,away,3-4-2-1,True,30,Ibrahim Maza,CF-L,11,746866
Leverkusen,2026-03-04,Hamburger SV,away,3-4-2-1,True,11,Martin Terrier,CF-R,10,746866
Leverkusen,2026-03-04,Hamburger SV,away,3-4-2-1,False,18,Jonas Omlin,SUB,0,746866
Leverkusen,2026-03-04,Hamburger SV,away,3-4-2-1,False,15,Tim Oermann,SUB,0,746866
Leverkusen,2026-03-04,Hamburger SV,away,3-4-2-1,False,10,Malik Tillman,SUB,0,746866
Leverkusen,2026-03-04,Hamburger SV,away,3-4-2-1,False,19,Ernest Poku,SUB,0,746866
Leverkusen,2026-03-04,Hamburger SV,away,3-4-2-1,False,16,Axel Tape,SUB,0,746866
Leverkusen,2026-03-04,Hamburger SV,away,3-4-2-1,False,6,Ezequiel Fernández,SUB,0,746866
Leverkusen,2026-03-04,Hamburger SV,away,3-4-2-1,False,7,Jonas Hofmann,SUB,0,746866
Leverkusen,2026-03-04,Hamburger SV,away,3-4-2-1,False,36,Niklas Lomb,SUB,0,746866
Dortmund,2026-03-14,Augsburg,home,3-5-2,True,1,Gregor Kobel,G,1,746951
Dortmund,2026-03-14,Augsburg,home,3-5-2,True,3,Waldemar Anton,CD,5,746951
Dortmund,2026-03-14,Augsburg,home,3-5-2,True,4,Nico Schlotterbeck,CD-L,4,746951
Dortmund,2026-03-14,Augsburg,home,3-5-2,True,49,Luca Reggiani,CD-R,6,746951
Dortmund,2026-03-14,Augsburg,home,3-5-2,True,8,Felix Nmecha,CM-L,8,746951
Dortmund,2026-03-14,Augsburg,home,3-5-2,True,20,Marcel Sabitzer,CM-R,7,746951
Dortmund,2026-03-14,Augsburg,home,3-5-2,True,7,Jobe Bellingham,AM,11,746951
Dortmund,2026-03-14,Augsburg,home,3-5-2,True,24,Daniel Svensson,LM,3,746951
Dortmund,2026-03-14,Augsburg,home,3-5-2,True,26,Julian Ryerson,RM,2,746951
Dortmund,2026-03-14,Augsburg,home,3-5-2,True,14,Maximilian Beier,CF-L,9,746951
Dortmund,2026-03-14,Augsburg,home,3-5-2,True,27,Karim Adeyemi,CF-R,10,746951
Dortmund,2026-03-14,Augsburg,home,3-5-2,False,40,Samuele Inácio,SUB,0,746951
Dortmund,2026-03-14,Augsburg,home,3-5-2,False,17,Carney Chukwuemeka,SUB,0,746951
Dortmund,2026-03-14,Augsburg,home,3-5-2,False,21,Fábio Silva,SUB,0,746951
Dortmund,2026-03-14,Augsburg,home,3-5-2,False,6,Salih Özcan,SUB,0,746951
Dortmund,2026-03-14,Augsburg,home,3-5-2,False,10,Julian Brandt,SUB,0,746951
Dortmund,2026-03-14,Augsburg,home,3-5-2,False,9,Serhou Guirassy,SUB,0,746951
Dortmund,2026-03-14,Augsburg,home,3-5-2,False,33,Alexander Meyer,SUB,0,746951
Dortmund,2026-03-14,Augsburg,home,3-5-2,False,25,Niklas Süle,SUB,0,746951
Dortmund,2026-03-14,Augsburg,home,3-5-2,False,2,Yan Couto,SUB,0,746951
Augsburg,2026-03-14,Dortmund,away,3-4-2-1,True,1,Finn Dahmen,G,1,746951
Augsburg,2026-03-14,Dortmund,away,3-4-2-1,True,31,Keven Schlotterbeck,CD,5,746951
Augsburg,2026-03-14,Dortmund,away,3-4-2-1,True,16,Cédric Zesiger,CD-L,4,746951
Augsburg,2026-03-14,Dortmund,away,3-4-2-1,True,34,Arthur Chaves,CD-R,6,746951
Augsburg,2026-03-14,Dortmund,away,3-4-2-1,True,4,Han-Noah Massengo,CM-L,8,746951
Augsburg,2026-03-14,Dortmund,away,3-4-2-1,True,17,Kristijan Jakic,CM-R,7,746951
Augsburg,2026-03-14,Dortmund,away,3-4-2-1,True,13,Dimitris Giannoulis,LM,3,746951
Augsburg,2026-03-14,Dortmund,away,3-4-2-1,True,19,Robin Fellhauer,RM,2,746951
Augsburg,2026-03-14,Dortmund,away,3-4-2-1,True,21,Rodrigo Ribeiro,F,9,746951
Augsburg,2026-03-14,Dortmund,away,3-4-2-1,True,20,Alexis Claude-Maurice,CF-L,11,746951
Augsburg,2026-03-14,Dortmund,away,3-4-2-1,True,32,Fabian Rieder,CF-R,10,746951
Augsburg,2026-03-14,Dortmund,away,3-4-2-1,False,36,Mert Kömür,SUB,0,746951
Augsburg,2026-03-14,Dortmund,away,3-4-2-1,False,8,Elvis Rexhbecaj,SUB,0,746951
Augsburg,2026-03-14,Dortmund,away,3-4-2-1,False,3,Mads Pedersen,SUB,0,746951
Augsburg,2026-03-14,Dortmund,away,3-4-2-1,False,40,Noahkai Banks,SUB,0,746951
Augsburg,2026-03-14,Dortmund,away,3-4-2-1,False,38,Michael Gregoritsch,SUB,0,746951
Augsburg,2026-03-14,Dortmund,away,3-4-2-1,False,30,Anton Kade,SUB,0,746951
Augsburg,2026-03-14,Dortmund,away,3-4-2-1,False,27,Marius Wolf,SUB,0,746951
Augsburg,2026-03-14,Dortmund,away,3-4-2-1,False,22,Nediljko Labrovic,SUB,0,746951
Augsburg,2026-03-14,Dortmund,away,3-4-2-1,False,25,Daniel Klein,SUB,0,746951
Frankfurt,2026-03-14,Heidenheim,home,4-3-3,True,23,Michael Zetterer,G,1,746943
Frankfurt,2026-03-14,Heidenheim,home,4-3-3,True,5,Aurèle Amenda,CD-L,6,746943
Frankfurt,2026-03-14,Heidenheim,home,4-3-3,True,4,Robin Koch,CD-R,5,746943
Frankfurt,2026-03-14,Heidenheim,home,4-3-3,True,21,Nathaniel Brown,LB,3,746943
Frankfurt,2026-03-14,Heidenheim,home,4-3-3,True,34,Nnamdi Collins,RB,2,746943
Frankfurt,2026-03-14,Heidenheim,home,4-3-3,True,16,Hugo Larsson,CM,4,746943
Frankfurt,2026-03-14,Heidenheim,home,4-3-3,True,8,Farès Chaïbi,LM,8,746943
Frankfurt,2026-03-14,Heidenheim,home,4-3-3,True,20,Ritsu Doan,RM,7,746943
Frankfurt,2026-03-14,Heidenheim,home,4-3-3,True,25,Arnaud Kalimuendo,F,9,746943
Frankfurt,2026-03-14,Heidenheim,home,4-3-3,True,19,Jean-Mattéo Bahoya,LF,11,746943
Frankfurt,2026-03-14,Heidenheim,home,4-3-3,True,29,Ayoube Amaimouni,RF,10,746943
Frankfurt,2026-03-14,Heidenheim,home,4-3-3,False,27,Mario Götze,SUB,0,746943
Frankfurt,2026-03-14,Heidenheim,home,4-3-3,False,41,Fousseny Doumbia,SUB,0,746943
Frankfurt,2026-03-14,Heidenheim,home,4-3-3,False,9,Jonathan Burkardt,SUB,0,746943
Frankfurt,2026-03-14,Heidenheim,home,4-3-3,False,33,Jens Grahl,SUB,0,746943
Frankfurt,2026-03-14,Heidenheim,home,4-3-3,False,15,Ellyes Skhiri,SUB,0,746943
Frankfurt,2026-03-14,Heidenheim,home,4-3-3,False,2,Elias Baum,SUB,0,746943
Frankfurt,2026-03-14,Heidenheim,home,4-3-3,False,31,Love Arrhov,SUB,0,746943
Frankfurt,2026-03-14,Heidenheim,home,4-3-3,False,6,Oscar Højlund,SUB,0,746943
Frankfurt,2026-03-14,Heidenheim,home,4-3-3,False,18,Mahmoud Dahoud,SUB,0,746943
Heidenheim,2026-03-14,Frankfurt,away,4-3-3,True,41,Diant Ramaj,G,1,746943
Heidenheim,2026-03-14,Frankfurt,away,4-3-3,True,5,Benedikt Gimber,CD-L,6,746943
Heidenheim,2026-03-14,Frankfurt,away,4-3-3,True,6,Patrick Mainka,CD-R,5,746943
Heidenheim,2026-03-14,Frankfurt,away,4-3-3,True,26,Hennes Behrens,LB,3,746943
Heidenheim,2026-03-14,Frankfurt,away,4-3-3,True,2,Marnon Busch,RB,2,746943
Heidenheim,2026-03-14,Frankfurt,away,4-3-3,True,3,Jan Schöppner,CM,4,746943
Heidenheim,2026-03-14,Frankfurt,away,4-3-3,True,30,Niklas Dorsch,LM,8,746943
Heidenheim,2026-03-14,Frankfurt,away,4-3-3,True,20,Luca Kerber,RM,7,746943
Heidenheim,2026-03-14,Frankfurt,away,4-3-3,True,11,Budu Zivzivadze,F,9,746943
Heidenheim,2026-03-14,Frankfurt,away,4-3-3,True,22,Arijon Ibrahimovic,LF,11,746943
Heidenheim,2026-03-14,Frankfurt,away,4-3-3,True,8,Eren Dinkci,RF,10,746943
Heidenheim,2026-03-14,Frankfurt,away,4-3-3,False,29,Mikkel Kaufmann,SUB,0,746943
Heidenheim,2026-03-14,Frankfurt,away,4-3-3,False,40,Frank Feller,SUB,0,746943
Heidenheim,2026-03-14,Frankfurt,away,4-3-3,False,28,Adam Kölle,SUB,0,746943
Heidenheim,2026-03-14,Frankfurt,away,4-3-3,False,23,Omar-Haktab Traoré,SUB,0,746943
Heidenheim,2026-03-14,Frankfurt,away,4-3-3,False,17,Mathias Honsak,SUB,0,746943
Heidenheim,2026-03-14,Frankfurt,away,4-3-3,False,31,Sirlord Conteh,SUB,0,746943
Heidenheim,2026-03-14,Frankfurt,away,4-3-3,False,9,Stefan Schimmer,SUB,0,746943
Heidenheim,2026-03-14,Frankfurt,away,4-3-3,False,16,Julian Niehues,SUB,0,746943
Heidenheim,2026-03-14,Frankfurt,away,4-3-3,False,19,Jonas Föhrenbach,SUB,0,746943
Hoffenheim,2026-03-14,Wolfsburg,home,4-1-4-1,True,1,Oliver Baumann,G,1,746947
Hoffenheim,2026-03-14,Wolfsburg,home,4-1-4-1,True,5,Ozan Kabak,CD-L,6,746947
Hoffenheim,2026-03-14,Wolfsburg,home,4-1-4-1,True,2,Robin Hranác,CD-R,5,746947
Hoffenheim,2026-03-14,Wolfsburg,home,4-1-4-1,True,7,Leon Avdullahu,DM,4,746947
Hoffenheim,2026-03-14,Wolfsburg,home,4-1-4-1,True,13,Bernardo,LB,3,746947
Hoffenheim,2026-03-14,Wolfsburg,home,4-1-4-1,True,34,Vladimír Coufal,RB,2,746947
Hoffenheim,2026-03-14,Wolfsburg,home,4-1-4-1,True,18,Wouter Burger,CM-L,10,746947
Hoffenheim,2026-03-14,Wolfsburg,home,4-1-4-1,True,27,Andrej Kramaric,CM-R,8,746947
Hoffenheim,2026-03-14,Wolfsburg,home,4-1-4-1,True,29,Bazoumana Touré,LM,11,746947
Hoffenheim,2026-03-14,Wolfsburg,home,4-1-4-1,True,22,Alexander Prass,RM,7,746947
Hoffenheim,2026-03-14,Wolfsburg,home,4-1-4-1,True,11,Fisnik Asllani,F,9,746947
Hoffenheim,2026-03-14,Wolfsburg,home,4-1-4-1,False,9,Ihlas Bebou,SUB,0,746947
Hoffenheim,2026-03-14,Wolfsburg,home,4-1-4-1,False,21,Albian Hajdari,SUB,0,746947
Hoffenheim,2026-03-14,Wolfsburg,home,4-1-4-1,False,37,Luca Philipp,SUB,0,746947
Hoffenheim,2026-03-14,Wolfsburg,home,4-1-4-1,False,25,Kevin Akpoguma,SUB,0,746947
Hoffenheim,2026-03-14,Wolfsburg,home,4-1-4-1,False,49,Valentin Lässig,SUB,0,746947
Hoffenheim,2026-03-14,Wolfsburg,home,4-1-4-1,False,20,Cole Campbell,SUB,0,746947
Hoffenheim,2026-03-14,Wolfsburg,home,4-1-4-1,False,33,Max Moerstedt,SUB,0,746947
Hoffenheim,2026-03-14,Wolfsburg,home,4-1-4-1,False,19,Tim Lemperle,SUB,0,746947
Hoffenheim,2026-03-14,Wolfsburg,home,4-1-4-1,False,6,Grischa Prömel,SUB,0,746947
Wolfsburg,2026-03-14,Hoffenheim,away,3-4-2-1,True,1,Kamil Grabara,G,1,746947
Wolfsburg,2026-03-14,Hoffenheim,away,3-4-2-1,True,15,Moritz Jenz,CD,5,746947
Wolfsburg,2026-03-14,Hoffenheim,away,3-4-2-1,True,4,Konstantinos Koulierakis,CD-L,4,746947
Wolfsburg,2026-03-14,Hoffenheim,away,3-4-2-1,True,6,Jeanuël Belocian,CD-R,6,746947
Wolfsburg,2026-03-14,Hoffenheim,away,3-4-2-1,True,5,Vinicius Souza,CM-L,8,746947
Wolfsburg,2026-03-14,Hoffenheim,away,3-4-2-1,True,24,Christian Eriksen,CM-R,7,746947
Wolfsburg,2026-03-14,Hoffenheim,away,3-4-2-1,True,21,Joakim Maehle,LM,3,746947
Wolfsburg,2026-03-14,Hoffenheim,away,3-4-2-1,True,26,Saël Kumbedi,RM,2,746947
Wolfsburg,2026-03-14,Hoffenheim,away,3-4-2-1,True,17,Dzenan Pejcinovic,F,9,746947
Wolfsburg,2026-03-14,Hoffenheim,away,3-4-2-1,True,9,Mohamed Amoura,CF-L,11,746947
Wolfsburg,2026-03-14,Hoffenheim,away,3-4-2-1,True,19,Jesper Lindstrom,CF-R,10,746947
Wolfsburg,2026-03-14,Hoffenheim,away,3-4-2-1,False,7,Kento Shiogai,SUB,0,746947
Wolfsburg,2026-03-14,Hoffenheim,away,3-4-2-1,False,39,Patrick Wimmer,SUB,0,746947
Wolfsburg,2026-03-14,Hoffenheim,away,3-4-2-1,False,12,Pavao Pervan,SUB,0,746947
Wolfsburg,2026-03-14,Hoffenheim,away,3-4-2-1,False,3,Denis Vavro,SUB,0,746947
Wolfsburg,2026-03-14,Hoffenheim,away,3-4-2-1,False,23,Jonas Wind,SUB,0,746947
Wolfsburg,2026-03-14,Hoffenheim,away,3-4-2-1,False,31,Yannick Gerhardt,SUB,0,746947
Wolfsburg,2026-03-14,Hoffenheim,away,3-4-2-1,False,11,Adam Daghim,SUB,0,746947
Wolfsburg,2026-03-14,Hoffenheim,away,3-4-2-1,False,10,Lovro Majer,SUB,0,746947
Wolfsburg,2026-03-14,Hoffenheim,away,3-4-2-1,False,18,Jonas Adjetey,SUB,0,746947
Freiburg,2026-03-15,Union Berlin,home,4-2-3-1,True,1,Noah Atubolu,G,1,746945
Freiburg,2026-03-15,Union Berlin,home,4-2-3-1,True,43,Ifechukwu Ogbus,CD-L,6,746945
Freiburg,2026-03-15,Union Berlin,home,4-2-3-1,True,28,Matthias Ginter,CD-R,5,746945
Freiburg,2026-03-15,Union Berlin,home,4-2-3-1,True,33,Jordy Makengo,LB,3,746945
Freiburg,2026-03-15,Union Berlin,home,4-2-3-1,True,29,Philipp Treu,RB,2,746945
Freiburg,2026-03-15,Union Berlin,home,4-2-3-1,True,9,Lucas Höler,AM,10,746945
Freiburg,2026-03-15,Union Berlin,home,4-2-3-1,True,44,Johan Manzambi,LM,4,746945
Freiburg,2026-03-15,Union Berlin,home,4-2-3-1,True,8,Maximilian Eggestein,RM,8,746945
Freiburg,2026-03-15,Union Berlin,home,4-2-3-1,True,31,Igor Matanovic,F,9,746945
Freiburg,2026-03-15,Union Berlin,home,4-2-3-1,True,7,Derry Scherhant,AM-L,11,746945
Freiburg,2026-03-15,Union Berlin,home,4-2-3-1,True,22,Cyriaque Irié,AM-R,7,746945
Freiburg,2026-03-15,Union Berlin,home,4-2-3-1,False,6,Patrick Osterhage,SUB,0,746945
Freiburg,2026-03-15,Union Berlin,home,4-2-3-1,False,21,Florian Müller,SUB,0,746945
Freiburg,2026-03-15,Union Berlin,home,4-2-3-1,False,30,Christian Günter,SUB,0,746945
Freiburg,2026-03-15,Union Berlin,home,4-2-3-1,False,5,Anthony Jung,SUB,0,746945
Freiburg,2026-03-15,Union Berlin,home,4-2-3-1,False,3,Philipp Lienhart,SUB,0,746945
Freiburg,2026-03-15,Union Berlin,home,4-2-3-1,False,19,Niklas Beste,SUB,0,746945
Freiburg,2026-03-15,Union Berlin,home,4-2-3-1,False,14,Yuito Suzuki,SUB,0,746945
Freiburg,2026-03-15,Union Berlin,home,4-2-3-1,False,17,Lukas Kübler,SUB,0,746945
Freiburg,2026-03-15,Union Berlin,home,4-2-3-1,False,32,Vincenzo Grifo,SUB,0,746945
Union Berlin,2026-03-15,Freiburg,away,4-2-2-2,True,31,Matheo Raab,G,1,746945
Union Berlin,2026-03-15,Freiburg,away,4-2-2-2,True,34,Stanley N'Soki,CD-L,6,746945
Union Berlin,2026-03-15,Freiburg,away,4-2-2-2,True,5,Danilho Doekhi,CD-R,5,746945
Union Berlin,2026-03-15,Freiburg,away,4-2-2-2,True,39,Derrick Köhn,LB,3,746945
Union Berlin,2026-03-15,Freiburg,away,4-2-2-2,True,28,Christopher Trimmel,RB,2,746945
Union Berlin,2026-03-15,Freiburg,away,4-2-2-2,True,8,Rani Khedira,CM-L,8,746945
Union Berlin,2026-03-15,Freiburg,away,4-2-2-2,True,19,Janik Haberer,CM-R,4,746945
Union Berlin,2026-03-15,Freiburg,away,4-2-2-2,True,10,Ilyas Ansah,CF-L,9,746945
Union Berlin,2026-03-15,Freiburg,away,4-2-2-2,True,23,Andrej Ilic,CF-R,10,746945
Union Berlin,2026-03-15,Freiburg,away,4-2-2-2,True,9,Livan Burcu,AM-L,11,746945
Union Berlin,2026-03-15,Freiburg,away,4-2-2-2,True,21,Tim Skarke,AM-R,7,746945
Union Berlin,2026-03-15,Freiburg,away,4-2-2-2,False,3,Andrik Markgraf,SUB,0,746945
Union Berlin,2026-03-15,Freiburg,away,4-2-2-2,False,15,Tom Rothe,SUB,0,746945
Union Berlin,2026-03-15,Freiburg,away,4-2-2-2,False,18,Josip Juranovic,SUB,0,746945
Union Berlin,2026-03-15,Freiburg,away,4-2-2-2,False,6,Aljoscha Kemlein,SUB,0,746945
Union Berlin,2026-03-15,Freiburg,away,4-2-2-2,False,17,David Preu,SUB,0,746945
Union Berlin,2026-03-15,Freiburg,away,4-2-2-2,False,25,Carl Klaus,SUB,0,746945
Union Berlin,2026-03-15,Freiburg,away,4-2-2-2,False,33,Alex Král,SUB,0,746945
Union Berlin,2026-03-15,Freiburg,away,4-2-2-2,False,11,Jeong Woo-Yeong,SUB,0,746945
Union Berlin,2026-03-15,Freiburg,away,4-2-2-2,False,7,Oliver Burke,SUB,0,746945
Stuttgart,2026-03-15,RB Leipzig,home,3-4-1-2,True,33,Alexander Nübel,G,1,746948
Stuttgart,2026-03-15,RB Leipzig,home,3-4-1-2,True,14,Luca Jaquez,CD,5,746948
Stuttgart,2026-03-15,RB Leipzig,home,3-4-1-2,True,3,Ramon Hendriks,CD-L,4,746948
Stuttgart,2026-03-15,RB Leipzig,home,3-4-1-2,True,29,Finn Jeltsch,CD-R,6,746948
Stuttgart,2026-03-15,RB Leipzig,home,3-4-1-2,True,6,Angelo Stiller,CM-L,8,746948
Stuttgart,2026-03-15,RB Leipzig,home,3-4-1-2,True,16,Atakan Karazor,CM-R,7,746948
Stuttgart,2026-03-15,RB Leipzig,home,3-4-1-2,True,11,Bilal El Khannouss,AM,9,746948
Stuttgart,2026-03-15,RB Leipzig,home,3-4-1-2,True,10,Chris Führich,LM,3,746948
Stuttgart,2026-03-15,RB Leipzig,home,3-4-1-2,True,18,Jamie Leweling,RM,2,746948
Stuttgart,2026-03-15,RB Leipzig,home,3-4-1-2,True,26,Deniz Undav,CF-L,11,746948
Stuttgart,2026-03-15,RB Leipzig,home,3-4-1-2,True,9,Ermedin Demirovic,CF-R,10,746948
Stuttgart,2026-03-15,RB Leipzig,home,3-4-1-2,False,8,Tiago Tomás,SUB,0,746948
Stuttgart,2026-03-15,RB Leipzig,home,3-4-1-2,False,22,Lorenz Assignon,SUB,0,746948
Stuttgart,2026-03-15,RB Leipzig,home,3-4-1-2,False,25,Jeremy Arévalo,SUB,0,746948
Stuttgart,2026-03-15,RB Leipzig,home,3-4-1-2,False,30,Chema Andrés,SUB,0,746948
Stuttgart,2026-03-15,RB Leipzig,home,3-4-1-2,False,7,Maximilian Mittelstädt,SUB,0,746948
Stuttgart,2026-03-15,RB Leipzig,home,3-4-1-2,False,2,Ameen Al Dakhil,SUB,0,746948
Stuttgart,2026-03-15,RB Leipzig,home,3-4-1-2,False,24,Jeff Chabot,SUB,0,746948
Stuttgart,2026-03-15,RB Leipzig,home,3-4-1-2,False,28,Nikolas Nartey,SUB,0,746948
Stuttgart,2026-03-15,RB Leipzig,home,3-4-1-2,False,1,Fabian Bredlow,SUB,0,746948
RB Leipzig,2026-03-15,Stuttgart,away,4-3-3,True,26,Maarten Vandevoordt,G,1,746948
RB Leipzig,2026-03-15,Stuttgart,away,4-3-3,True,23,Castello Lukeba,CD-L,6,746948
RB Leipzig,2026-03-15,Stuttgart,away,4-3-3,True,4,Willi Orbán,CD-R,5,746948
RB Leipzig,2026-03-15,Stuttgart,away,4-3-3,True,22,David Raum,LB,3,746948
RB Leipzig,2026-03-15,Stuttgart,away,4-3-3,True,17,Ridle Baku,RB,2,746948
RB Leipzig,2026-03-15,Stuttgart,away,4-3-3,True,13,Nicolas Seiwald,CM,4,746948
RB Leipzig,2026-03-15,Stuttgart,away,4-3-3,True,14,Christoph Baumgartner,LM,8,746948
RB Leipzig,2026-03-15,Stuttgart,away,4-3-3,True,6,Ezechiel Banzuzi,RM,7,746948
RB Leipzig,2026-03-15,Stuttgart,away,4-3-3,True,40,Rômulo,F,9,746948
RB Leipzig,2026-03-15,Stuttgart,away,4-3-3,True,7,Antonio Nusa,LF,11,746948
RB Leipzig,2026-03-15,Stuttgart,away,4-3-3,True,49,Yan Diomande,RF,10,746948
RB Leipzig,2026-03-15,Stuttgart,away,4-3-3,False,35,Max Finkgrafe,SUB,0,746948
RB Leipzig,2026-03-15,Stuttgart,away,4-3-3,False,5,El Chadaille Bitshiabu,SUB,0,746948
RB Leipzig,2026-03-15,Stuttgart,away,4-3-3,False,25,Leopold Zingerle,SUB,0,746948
RB Leipzig,2026-03-15,Stuttgart,away,4-3-3,False,10,Brajan Gruda,SUB,0,746948
RB Leipzig,2026-03-15,Stuttgart,away,4-3-3,False,27,Tidiam Gomis,SUB,0,746948
RB Leipzig,2026-03-15,Stuttgart,away,4-3-3,False,24,Xaver Schlager,SUB,0,746948
RB Leipzig,2026-03-15,Stuttgart,away,4-3-3,False,11,Conrad Harder,SUB,0,746948
RB Leipzig,2026-03-15,Stuttgart,away,4-3-3,False,39,Benjamin Henrichs,SUB,0,746948
RB Leipzig,2026-03-15,Stuttgart,away,4-3-3,False,9,Johan Bakayoko,SUB,0,746948
Mainz 05,2026-03-07,Stuttgart,home,3-5-2,True,33,Daniel Batz,G,1,746936
Mainz 05,2026-03-07,Stuttgart,home,3-5-2,True,4,Stefan Posch,CD,5,746936
Mainz 05,2026-03-07,Stuttgart,home,3-5-2,True,31,Dominik Kohr,CD-L,4,746936
Mainz 05,2026-03-07,Stuttgart,home,3-5-2,True,21,Danny da Costa,CD-R,6,746936
Mainz 05,2026-03-07,Stuttgart,home,3-5-2,True,7,Lee Jae-Sung,CM-L,8,746936
Mainz 05,2026-03-07,Stuttgart,home,3-5-2,True,8,Paul Nebel,CM-R,7,746936
Mainz 05,2026-03-07,Stuttgart,home,3-5-2,True,6,Kaishu Sano,AM,11,746936
Mainz 05,2026-03-07,Stuttgart,home,3-5-2,True,2,Phillipp Mwene,LM,3,746936
Mainz 05,2026-03-07,Stuttgart,home,3-5-2,True,30,Silvan Widmer,RM,2,746936
Mainz 05,2026-03-07,Stuttgart,home,3-5-2,True,23,Sheraldo Becker,CF-L,9,746936
Mainz 05,2026-03-07,Stuttgart,home,3-5-2,True,20,Phillip Tietz,CF-R,10,746936
Mainz 05,2026-03-07,Stuttgart,home,3-5-2,False,24,Sota Kawasaki,SUB,0,746936
Mainz 05,2026-03-07,Stuttgart,home,3-5-2,False,11,Armindo Sieb,SUB,0,746936
Mainz 05,2026-03-07,Stuttgart,home,3-5-2,False,14,William Bøving,SUB,0,746936
Mainz 05,2026-03-07,Stuttgart,home,3-5-2,False,48,Kacper Potulski,SUB,0,746936
Mainz 05,2026-03-07,Stuttgart,home,3-5-2,False,22,Nikolas Veratschnig,SUB,0,746936
Mainz 05,2026-03-07,Stuttgart,home,3-5-2,False,1,Lasse Rieß,SUB,0,746936
Mainz 05,2026-03-07,Stuttgart,home,3-5-2,False,44,Nelson Weiper,SUB,0,746936
Mainz 05,2026-03-07,Stuttgart,home,3-5-2,False,26,Silas Katompa-Mvumpa,SUB,0,746936
Mainz 05,2026-03-07,Stuttgart,home,3-5-2,False,15,Lennard Maloney,SUB,0,746936
Stuttgart,2026-03-07,Mainz 05,away,4-2-3-1,True,33,Alexander Nübel,G,1,746936
Stuttgart,2026-03-07,Mainz 05,away,4-2-3-1,True,24,Jeff Chabot,CD-L,6,746936
Stuttgart,2026-03-07,Mainz 05,away,4-2-3-1,True,14,Luca Jaquez,CD-R,5,746936
Stuttgart,2026-03-07,Mainz 05,away,4-2-3-1,True,7,Maximilian Mittelstädt,LB,3,746936
Stuttgart,2026-03-07,Mainz 05,away,4-2-3-1,True,22,Lorenz Assignon,RB,2,746936
Stuttgart,2026-03-07,Mainz 05,away,4-2-3-1,True,26,Deniz Undav,AM,10,746936
Stuttgart,2026-03-07,Mainz 05,away,4-2-3-1,True,6,Angelo Stiller,LM,4,746936
Stuttgart,2026-03-07,Mainz 05,away,4-2-3-1,True,16,Atakan Karazor,RM,8,746936
Stuttgart,2026-03-07,Mainz 05,away,4-2-3-1,True,9,Ermedin Demirovic,F,9,746936
Stuttgart,2026-03-07,Mainz 05,away,4-2-3-1,True,10,Chris Führich,AM-L,11,746936
Stuttgart,2026-03-07,Mainz 05,away,4-2-3-1,True,18,Jamie Leweling,AM-R,7,746936
Stuttgart,2026-03-07,Mainz 05,away,4-2-3-1,False,28,Nikolas Nartey,SUB,0,746936
Stuttgart,2026-03-07,Mainz 05,away,4-2-3-1,False,1,Fabian Bredlow,SUB,0,746936
Stuttgart,2026-03-07,Mainz 05,away,4-2-3-1,False,30,Chema Andrés,SUB,0,746936
Stuttgart,2026-03-07,Mainz 05,away,4-2-3-1,False,2,Ameen Al Dakhil,SUB,0,746936
Stuttgart,2026-03-07,Mainz 05,away,4-2-3-1,False,29,Finn Jeltsch,SUB,0,746936
Stuttgart,2026-03-07,Mainz 05,away,4-2-3-1,False,27,Badredine Bouanani,SUB,0,746936
Stuttgart,2026-03-07,Mainz 05,away,4-2-3-1,False,25,Jeremy Arévalo,SUB,0,746936
Stuttgart,2026-03-07,Mainz 05,away,4-2-3-1,False,3,Ramon Hendriks,SUB,0,746936
Stuttgart,2026-03-07,Mainz 05,away,4-2-3-1,False,8,Tiago Tomás,SUB,0,746936
Freiburg,2026-03-07,Leverkusen,home,4-2-3-1,True,1,Noah Atubolu,G,1,746934
Freiburg,2026-03-07,Leverkusen,home,4-2-3-1,True,43,Ifechukwu Ogbus,CD-L,6,746934
Freiburg,2026-03-07,Leverkusen,home,4-2-3-1,True,28,Matthias Ginter,CD-R,5,746934
Freiburg,2026-03-07,Leverkusen,home,4-2-3-1,True,30,Christian Günter,LB,3,746934
Freiburg,2026-03-07,Leverkusen,home,4-2-3-1,True,29,Philipp Treu,RB,2,746934
Freiburg,2026-03-07,Leverkusen,home,4-2-3-1,True,14,Yuito Suzuki,AM,10,746934
Freiburg,2026-03-07,Leverkusen,home,4-2-3-1,True,44,Johan Manzambi,LM,4,746934
Freiburg,2026-03-07,Leverkusen,home,4-2-3-1,True,8,Maximilian Eggestein,RM,8,746934
Freiburg,2026-03-07,Leverkusen,home,4-2-3-1,True,31,Igor Matanovic,F,9,746934
Freiburg,2026-03-07,Leverkusen,home,4-2-3-1,True,32,Vincenzo Grifo,AM-L,11,746934
Freiburg,2026-03-07,Leverkusen,home,4-2-3-1,True,19,Niklas Beste,AM-R,7,746934
Freiburg,2026-03-07,Leverkusen,home,4-2-3-1,False,5,Anthony Jung,SUB,0,746934
Freiburg,2026-03-07,Leverkusen,home,4-2-3-1,False,3,Philipp Lienhart,SUB,0,746934
Freiburg,2026-03-07,Leverkusen,home,4-2-3-1,False,27,Nicolas Höfler,SUB,0,746934
Freiburg,2026-03-07,Leverkusen,home,4-2-3-1,False,33,Jordy Makengo,SUB,0,746934
Freiburg,2026-03-07,Leverkusen,home,4-2-3-1,False,9,Lucas Höler,SUB,0,746934
Freiburg,2026-03-07,Leverkusen,home,4-2-3-1,False,6,Patrick Osterhage,SUB,0,746934
Freiburg,2026-03-07,Leverkusen,home,4-2-3-1,False,7,Derry Scherhant,SUB,0,746934
Freiburg,2026-03-07,Leverkusen,home,4-2-3-1,False,21,Florian Müller,SUB,0,746934
Freiburg,2026-03-07,Leverkusen,home,4-2-3-1,False,22,Cyriaque Irié,SUB,0,746934
Leverkusen,2026-03-07,Freiburg,away,3-4-2-1,True,28,Janis Blaswich,G,1,746934
Leverkusen,2026-03-07,Freiburg,away,3-4-2-1,True,8,Robert Andrich,CD,5,746934
Leverkusen,2026-03-07,Freiburg,away,3-4-2-1,True,12,Edmond Tapsoba,CD-L,4,746934
Leverkusen,2026-03-07,Freiburg,away,3-4-2-1,True,4,Jarell Quansah,CD-R,6,746934
Leverkusen,2026-03-07,Freiburg,away,3-4-2-1,True,24,Aleix García,CM-L,8,746934
Leverkusen,2026-03-07,Freiburg,away,3-4-2-1,True,6,Ezequiel Fernández,CM-R,7,746934
Leverkusen,2026-03-07,Freiburg,away,3-4-2-1,True,20,Alejandro Grimaldo,LM,3,746934
Leverkusen,2026-03-07,Freiburg,away,3-4-2-1,True,19,Ernest Poku,RM,2,746934
Leverkusen,2026-03-07,Freiburg,away,3-4-2-1,True,35,Christian Kofane,F,9,746934
Leverkusen,2026-03-07,Freiburg,away,3-4-2-1,True,30,Ibrahim Maza,CF-L,11,746934
Leverkusen,2026-03-07,Freiburg,away,3-4-2-1,True,11,Martin Terrier,CF-R,10,746934
Leverkusen,2026-03-07,Freiburg,away,3-4-2-1,False,7,Jonas Hofmann,SUB,0,746934
Leverkusen,2026-03-07,Freiburg,away,3-4-2-1,False,47,Emmanuel Owen,SUB,0,746934
Leverkusen,2026-03-07,Freiburg,away,3-4-2-1,False,10,Malik Tillman,SUB,0,746934
Leverkusen,2026-03-07,Freiburg,away,3-4-2-1,False,36,Niklas Lomb,SUB,0,746934
Leverkusen,2026-03-07,Freiburg,away,3-4-2-1,False,16,Axel Tape,SUB,0,746934
Leverkusen,2026-03-07,Freiburg,away,3-4-2-1,False,25,Exequiel Palacios,SUB,0,746934
Leverkusen,2026-03-07,Freiburg,away,3-4-2-1,False,15,Tim Oermann,SUB,0,746934
Leverkusen,2026-03-07,Freiburg,away,3-4-2-1,False,18,Jonas Omlin,SUB,0,746934
Leverkusen,2026-03-07,Freiburg,away,3-4-2-1,False,42,Montrell Culbreath,SUB,0,746934
Hamburger SV,2026-03-14,Köln,home,3-4-2-1,True,1,Daniel Heuer Fernandes,G,1,746949
Hamburger SV,2026-03-14,Köln,home,3-4-2-1,True,44,Luka Vuskovic,CD,5,746949
Hamburger SV,2026-03-14,Köln,home,3-4-2-1,True,25,Jordan Torunarigha,CD-L,4,746949
Hamburger SV,2026-03-14,Köln,home,3-4-2-1,True,17,Warmed Omari,CD-R,6,746949
Hamburger SV,2026-03-14,Köln,home,3-4-2-1,True,6,Albert Sambi Lokonga,CM-L,8,746949
Hamburger SV,2026-03-14,Köln,home,3-4-2-1,True,21,Nicolai Remberg,CM-R,7,746949
Hamburger SV,2026-03-14,Köln,home,3-4-2-1,True,28,Miro Muheim,LM,3,746949
Hamburger SV,2026-03-14,Köln,home,3-4-2-1,True,2,William Mikelbrencis,RM,2,746949
Hamburger SV,2026-03-14,Köln,home,3-4-2-1,True,19,Damion Downs,F,9,746949
Hamburger SV,2026-03-14,Köln,home,3-4-2-1,True,11,Ransford-Yeboah Königsdörffer,CF-L,11,746949
Hamburger SV,2026-03-14,Köln,home,3-4-2-1,True,20,Fabio Vieira,CF-R,10,746949
Hamburger SV,2026-03-14,Köln,home,3-4-2-1,False,7,Jean-Luc Dompé,SUB,0,746949
Hamburger SV,2026-03-14,Köln,home,3-4-2-1,False,45,Fabio Baldé,SUB,0,746949
Hamburger SV,2026-03-14,Köln,home,3-4-2-1,False,16,Giorgi Gocholeishvili,SUB,0,746949
Hamburger SV,2026-03-14,Köln,home,3-4-2-1,False,14,Rayan Philippe,SUB,0,746949
Hamburger SV,2026-03-14,Köln,home,3-4-2-1,False,8,Daniel Elfadli,SUB,0,746949
Hamburger SV,2026-03-14,Köln,home,3-4-2-1,False,49,Otto Stange,SUB,0,746949
Hamburger SV,2026-03-14,Köln,home,3-4-2-1,False,12,Sander Tangvik,SUB,0,746949
Hamburger SV,2026-03-14,Köln,home,3-4-2-1,False,27,Philip Otele,SUB,0,746949
Hamburger SV,2026-03-14,Köln,home,3-4-2-1,False,9,Robert Glatzel,SUB,0,746949
Köln,2026-03-14,Hamburger SV,away,4-2-3-1,True,1,Marvin Schwäbe,G,1,746949
Köln,2026-03-14,Hamburger SV,away,4-2-3-1,True,39,Cenk Özkacar,CD-L,6,746949
Köln,2026-03-14,Hamburger SV,away,4-2-3-1,True,33,Rav van den Berg,CD-R,5,746949
Köln,2026-03-14,Hamburger SV,away,4-2-3-1,True,32,Kristoffer Lund,LB,3,746949
Köln,2026-03-14,Hamburger SV,away,4-2-3-1,True,5,Tom Krauss,RB,2,746949
Köln,2026-03-14,Hamburger SV,away,4-2-3-1,True,16,Jakub Kaminski,AM,10,746949
Köln,2026-03-14,Hamburger SV,away,4-2-3-1,True,6,Eric Martel,LM,4,746949
Köln,2026-03-14,Hamburger SV,away,4-2-3-1,True,18,Ísak Jóhannesson,RM,8,746949
Köln,2026-03-14,Hamburger SV,away,4-2-3-1,True,9,Ragnar Ache,F,9,746949
Köln,2026-03-14,Hamburger SV,away,4-2-3-1,True,13,Said El Mala,AM-L,11,746949
Köln,2026-03-14,Hamburger SV,away,4-2-3-1,True,38,Youssoupha Niang,AM-R,7,746949
Köln,2026-03-14,Hamburger SV,away,4-2-3-1,False,20,Ron-Robert Zieler,SUB,0,746949
Köln,2026-03-14,Hamburger SV,away,4-2-3-1,False,11,Florian Kainz,SUB,0,746949
Köln,2026-03-14,Hamburger SV,away,4-2-3-1,False,30,Marius Bulter,SUB,0,746949
Köln,2026-03-14,Hamburger SV,away,4-2-3-1,False,7,Luca Waldschmidt,SUB,0,746949
Köln,2026-03-14,Hamburger SV,away,4-2-3-1,False,36,Cenny Neumann,SUB,0,746949
Köln,2026-03-14,Hamburger SV,away,4-2-3-1,False,27,Felipe Chávez,SUB,0,746949
Köln,2026-03-14,Hamburger SV,away,4-2-3-1,False,28,Sebastian Sebulonsen,SUB,0,746949
Köln,2026-03-14,Hamburger SV,away,4-2-3-1,False,37,Linton Maina,SUB,0,746949
Köln,2026-03-14,Hamburger SV,away,4-2-3-1,False,3,Dominique Heintz,SUB,0,746949
RB Leipzig,2026-03-20,Hoffenheim,home,4-3-3,True,26,Maarten Vandevoordt,G,1,746956
RB Leipzig,2026-03-20,Hoffenheim,home,4-3-3,True,23,Castello Lukeba,CD-L,6,746956
RB Leipzig,2026-03-20,Hoffenheim,home,4-3-3,True,4,Willi Orbán,CD-R,5,746956
RB Leipzig,2026-03-20,Hoffenheim,home,4-3-3,True,22,David Raum,LB,3,746956
RB Leipzig,2026-03-20,Hoffenheim,home,4-3-3,True,17,Ridle Baku,RB,2,746956
RB Leipzig,2026-03-20,Hoffenheim,home,4-3-3,True,13,Nicolas Seiwald,CM,4,746956
RB Leipzig,2026-03-20,Hoffenheim,home,4-3-3,True,14,Christoph Baumgartner,LM,8,746956
RB Leipzig,2026-03-20,Hoffenheim,home,4-3-3,True,24,Xaver Schlager,RM,7,746956
RB Leipzig,2026-03-20,Hoffenheim,home,4-3-3,True,40,Rômulo,F,9,746956
RB Leipzig,2026-03-20,Hoffenheim,home,4-3-3,True,49,Yan Diomande,LF,11,746956
RB Leipzig,2026-03-20,Hoffenheim,home,4-3-3,True,10,Brajan Gruda,RF,10,746956
RB Leipzig,2026-03-20,Hoffenheim,home,4-3-3,False,25,Leopold Zingerle,SUB,0,746956
RB Leipzig,2026-03-20,Hoffenheim,home,4-3-3,False,27,Tidiam Gomis,SUB,0,746956
RB Leipzig,2026-03-20,Hoffenheim,home,4-3-3,False,5,El Chadaille Bitshiabu,SUB,0,746956
RB Leipzig,2026-03-20,Hoffenheim,home,4-3-3,False,6,Ezechiel Banzuzi,SUB,0,746956
RB Leipzig,2026-03-20,Hoffenheim,home,4-3-3,False,9,Johan Bakayoko,SUB,0,746956
RB Leipzig,2026-03-20,Hoffenheim,home,4-3-3,False,39,Benjamin Henrichs,SUB,0,746956
RB Leipzig,2026-03-20,Hoffenheim,home,4-3-3,False,35,Max Finkgrafe,SUB,0,746956
RB Leipzig,2026-03-20,Hoffenheim,home,4-3-3,False,11,Conrad Harder,SUB,0,746956
RB Leipzig,2026-03-20,Hoffenheim,home,4-3-3,False,7,Antonio Nusa,SUB,0,746956
Hoffenheim,2026-03-20,RB Leipzig,away,4-4-2,True,1,Oliver Baumann,G,1,746956
Hoffenheim,2026-03-20,RB Leipzig,away,4-4-2,True,5,Ozan Kabak,CD-L,6,746956
Hoffenheim,2026-03-20,RB Leipzig,away,4-4-2,True,2,Robin Hranác,CD-R,5,746956
Hoffenheim,2026-03-20,RB Leipzig,away,4-4-2,True,13,Bernardo,LB,3,746956
Hoffenheim,2026-03-20,RB Leipzig,away,4-4-2,True,34,Vladimír Coufal,RB,2,746956
Hoffenheim,2026-03-20,RB Leipzig,away,4-4-2,True,6,Grischa Prömel,CM-L,8,746956
Hoffenheim,2026-03-20,RB Leipzig,away,4-4-2,True,18,Wouter Burger,CM-R,4,746956
Hoffenheim,2026-03-20,RB Leipzig,away,4-4-2,True,29,Bazoumana Touré,LM,11,746956
Hoffenheim,2026-03-20,RB Leipzig,away,4-4-2,True,22,Alexander Prass,RM,7,746956
Hoffenheim,2026-03-20,RB Leipzig,away,4-4-2,True,19,Tim Lemperle,CF-L,9,746956
Hoffenheim,2026-03-20,RB Leipzig,away,4-4-2,True,11,Fisnik Asllani,CF-R,10,746956
Hoffenheim,2026-03-20,RB Leipzig,away,4-4-2,False,20,Cole Campbell,SUB,0,746956
Hoffenheim,2026-03-20,RB Leipzig,away,4-4-2,False,33,Max Moerstedt,SUB,0,746956
Hoffenheim,2026-03-20,RB Leipzig,away,4-4-2,False,49,Valentin Lässig,SUB,0,746956
Hoffenheim,2026-03-20,RB Leipzig,away,4-4-2,False,25,Kevin Akpoguma,SUB,0,746956
Hoffenheim,2026-03-20,RB Leipzig,away,4-4-2,False,27,Andrej Kramaric,SUB,0,746956
Hoffenheim,2026-03-20,RB Leipzig,away,4-4-2,False,21,Albian Hajdari,SUB,0,746956
Hoffenheim,2026-03-20,RB Leipzig,away,4-4-2,False,10,Muhammed Damar,SUB,0,746956
Hoffenheim,2026-03-20,RB Leipzig,away,4-4-2,False,37,Luca Philipp,SUB,0,746956
Hoffenheim,2026-03-20,RB Leipzig,away,4-4-2,False,9,Ihlas Bebou,SUB,0,746956
Heidenheim,2026-03-07,Hoffenheim,home,4-3-3,True,41,Diant Ramaj,G,1,746939
Heidenheim,2026-03-07,Hoffenheim,home,4-3-3,True,5,Benedikt Gimber,CD-L,6,746939
Heidenheim,2026-03-07,Hoffenheim,home,4-3-3,True,6,Patrick Mainka,CD-R,5,746939
Heidenheim,2026-03-07,Hoffenheim,home,4-3-3,True,26,Hennes Behrens,LB,3,746939
Heidenheim,2026-03-07,Hoffenheim,home,4-3-3,True,23,Omar-Haktab Traoré,RB,2,746939
Heidenheim,2026-03-07,Hoffenheim,home,4-3-3,True,3,Jan Schöppner,CM,4,746939
Heidenheim,2026-03-07,Hoffenheim,home,4-3-3,True,20,Luca Kerber,LM,8,746939
Heidenheim,2026-03-07,Hoffenheim,home,4-3-3,True,30,Niklas Dorsch,RM,7,746939
Heidenheim,2026-03-07,Hoffenheim,home,4-3-3,True,18,Marvin Pieringer,F,9,746939
Heidenheim,2026-03-07,Hoffenheim,home,4-3-3,True,17,Mathias Honsak,LF,11,746939
Heidenheim,2026-03-07,Hoffenheim,home,4-3-3,True,11,Budu Zivzivadze,RF,10,746939
Heidenheim,2026-03-07,Hoffenheim,home,4-3-3,False,21,Adrian Beck,SUB,0,746939
Heidenheim,2026-03-07,Hoffenheim,home,4-3-3,False,8,Eren Dinkci,SUB,0,746939
Heidenheim,2026-03-07,Hoffenheim,home,4-3-3,False,16,Julian Niehues,SUB,0,746939
Heidenheim,2026-03-07,Hoffenheim,home,4-3-3,False,2,Marnon Busch,SUB,0,746939
Heidenheim,2026-03-07,Hoffenheim,home,4-3-3,False,40,Frank Feller,SUB,0,746939
Heidenheim,2026-03-07,Hoffenheim,home,4-3-3,False,31,Sirlord Conteh,SUB,0,746939
Heidenheim,2026-03-07,Hoffenheim,home,4-3-3,False,10,Christian Conteh,SUB,0,746939
Heidenheim,2026-03-07,Hoffenheim,home,4-3-3,False,19,Jonas Föhrenbach,SUB,0,746939
Heidenheim,2026-03-07,Hoffenheim,home,4-3-3,False,9,Stefan Schimmer,SUB,0,746939
Hoffenheim,2026-03-07,Heidenheim,away,4-2-3-1,True,1,Oliver Baumann,G,1,746939
Hoffenheim,2026-03-07,Heidenheim,away,4-2-3-1,True,21,Albian Hajdari,CD-L,6,746939
Hoffenheim,2026-03-07,Heidenheim,away,4-2-3-1,True,5,Ozan Kabak,CD-R,5,746939
Hoffenheim,2026-03-07,Heidenheim,away,4-2-3-1,True,13,Bernardo,LB,3,746939
Hoffenheim,2026-03-07,Heidenheim,away,4-2-3-1,True,34,Vladimír Coufal,RB,2,746939
Hoffenheim,2026-03-07,Heidenheim,away,4-2-3-1,True,27,Andrej Kramaric,AM,10,746939
Hoffenheim,2026-03-07,Heidenheim,away,4-2-3-1,True,18,Wouter Burger,LM,4,746939
Hoffenheim,2026-03-07,Heidenheim,away,4-2-3-1,True,7,Leon Avdullahu,RM,8,746939
Hoffenheim,2026-03-07,Heidenheim,away,4-2-3-1,True,11,Fisnik Asllani,F,9,746939
Hoffenheim,2026-03-07,Heidenheim,away,4-2-3-1,True,29,Bazoumana Touré,AM-L,11,746939
Hoffenheim,2026-03-07,Heidenheim,away,4-2-3-1,True,22,Alexander Prass,AM-R,7,746939
Hoffenheim,2026-03-07,Heidenheim,away,4-2-3-1,False,19,Tim Lemperle,SUB,0,746939
Hoffenheim,2026-03-07,Heidenheim,away,4-2-3-1,False,33,Max Moerstedt,SUB,0,746939
Hoffenheim,2026-03-07,Heidenheim,away,4-2-3-1,False,37,Luca Philipp,SUB,0,746939
Hoffenheim,2026-03-07,Heidenheim,away,4-2-3-1,False,15,Valentin Gendrey,SUB,0,746939
Hoffenheim,2026-03-07,Heidenheim,away,4-2-3-1,False,25,Kevin Akpoguma,SUB,0,746939
Hoffenheim,2026-03-07,Heidenheim,away,4-2-3-1,False,20,Cole Campbell,SUB,0,746939
Hoffenheim,2026-03-07,Heidenheim,away,4-2-3-1,False,2,Robin Hranác,SUB,0,746939
Hoffenheim,2026-03-07,Heidenheim,away,4-2-3-1,False,6,Grischa Prömel,SUB,0,746939
Hoffenheim,2026-03-07,Heidenheim,away,4-2-3-1,False,10,Muhammed Damar,SUB,0,746939
RB Leipzig,2026-03-07,Augsburg,home,4-3-3,True,26,Maarten Vandevoordt,G,1,746942
RB Leipzig,2026-03-07,Augsburg,home,4-3-3,True,23,Castello Lukeba,CD-L,6,746942
RB Leipzig,2026-03-07,Augsburg,home,4-3-3,True,4,Willi Orbán,CD-R,5,746942
RB Leipzig,2026-03-07,Augsburg,home,4-3-3,True,22,David Raum,LB,3,746942
RB Leipzig,2026-03-07,Augsburg,home,4-3-3,True,17,Ridle Baku,RB,2,746942
RB Leipzig,2026-03-07,Augsburg,home,4-3-3,True,13,Nicolas Seiwald,CM,4,746942
RB Leipzig,2026-03-07,Augsburg,home,4-3-3,True,14,Christoph Baumgartner,LM,8,746942
RB Leipzig,2026-03-07,Augsburg,home,4-3-3,True,10,Brajan Gruda,RM,7,746942
RB Leipzig,2026-03-07,Augsburg,home,4-3-3,True,40,Rômulo,F,9,746942
RB Leipzig,2026-03-07,Augsburg,home,4-3-3,True,7,Antonio Nusa,LF,11,746942
RB Leipzig,2026-03-07,Augsburg,home,4-3-3,True,49,Yan Diomande,RF,10,746942
RB Leipzig,2026-03-07,Augsburg,home,4-3-3,False,27,Tidiam Gomis,SUB,0,746942
RB Leipzig,2026-03-07,Augsburg,home,4-3-3,False,5,El Chadaille Bitshiabu,SUB,0,746942
RB Leipzig,2026-03-07,Augsburg,home,4-3-3,False,35,Max Finkgrafe,SUB,0,746942
RB Leipzig,2026-03-07,Augsburg,home,4-3-3,False,9,Johan Bakayoko,SUB,0,746942
RB Leipzig,2026-03-07,Augsburg,home,4-3-3,False,39,Benjamin Henrichs,SUB,0,746942
RB Leipzig,2026-03-07,Augsburg,home,4-3-3,False,25,Leopold Zingerle,SUB,0,746942
RB Leipzig,2026-03-07,Augsburg,home,4-3-3,False,11,Conrad Harder,SUB,0,746942
RB Leipzig,2026-03-07,Augsburg,home,4-3-3,False,6,Ezechiel Banzuzi,SUB,0,746942
RB Leipzig,2026-03-07,Augsburg,home,4-3-3,False,33,Andrija Maksimovic,SUB,0,746942
Augsburg,2026-03-07,RB Leipzig,away,3-4-2-1,True,1,Finn Dahmen,G,1,746942
Augsburg,2026-03-07,RB Leipzig,away,3-4-2-1,True,31,Keven Schlotterbeck,CD,5,746942
Augsburg,2026-03-07,RB Leipzig,away,3-4-2-1,True,34,Arthur Chaves,CD-L,4,746942
Augsburg,2026-03-07,RB Leipzig,away,3-4-2-1,True,40,Noahkai Banks,CD-R,6,746942
Augsburg,2026-03-07,RB Leipzig,away,3-4-2-1,True,4,Han-Noah Massengo,CM-L,8,746942
Augsburg,2026-03-07,RB Leipzig,away,3-4-2-1,True,17,Kristijan Jakic,CM-R,7,746942
Augsburg,2026-03-07,RB Leipzig,away,3-4-2-1,True,13,Dimitris Giannoulis,LM,3,746942
Augsburg,2026-03-07,RB Leipzig,away,3-4-2-1,True,19,Robin Fellhauer,RM,2,746942
Augsburg,2026-03-07,RB Leipzig,away,3-4-2-1,True,21,Rodrigo Ribeiro,F,9,746942
Augsburg,2026-03-07,RB Leipzig,away,3-4-2-1,True,36,Mert Kömür,CF-L,11,746942
Augsburg,2026-03-07,RB Leipzig,away,3-4-2-1,True,32,Fabian Rieder,CF-R,10,746942
Augsburg,2026-03-07,RB Leipzig,away,3-4-2-1,False,38,Michael Gregoritsch,SUB,0,746942
Augsburg,2026-03-07,RB Leipzig,away,3-4-2-1,False,30,Anton Kade,SUB,0,746942
Augsburg,2026-03-07,RB Leipzig,away,3-4-2-1,False,22,Nediljko Labrovic,SUB,0,746942
Augsburg,2026-03-07,RB Leipzig,away,3-4-2-1,False,11,Ismaël Gharbi,SUB,0,746942
Augsburg,2026-03-07,RB Leipzig,away,3-4-2-1,False,8,Elvis Rexhbecaj,SUB,0,746942
Augsburg,2026-03-07,RB Leipzig,away,3-4-2-1,False,27,Marius Wolf,SUB,0,746942
Augsburg,2026-03-07,RB Leipzig,away,3-4-2-1,False,3,Mads Pedersen,SUB,0,746942
Augsburg,2026-03-07,RB Leipzig,away,3-4-2-1,False,37,Tim Schnitzer,SUB,0,746942
Bayern Munich,2026-03-21,Union Berlin,home,4-2-3-1,True,40,Jonas Urbig,G,1,746954
Bayern Munich,2026-03-21,Union Berlin,home,4-2-3-1,True,3,Kim Min-Jae,CD-L,6,746954
Bayern Munich,2026-03-21,Union Berlin,home,4-2-3-1,True,2,Dayot Upamecano,CD-R,5,746954
Bayern Munich,2026-03-21,Union Berlin,home,4-2-3-1,True,27,Konrad Laimer,LB,3,746954
Bayern Munich,2026-03-21,Union Berlin,home,4-2-3-1,True,44,Josip Stanisic,RB,2,746954
Bayern Munich,2026-03-21,Union Berlin,home,4-2-3-1,True,42,Lennart Karl,AM,10,746954
Bayern Munich,2026-03-21,Union Berlin,home,4-2-3-1,True,8,Leon Goretzka,LM,4,746954
Bayern Munich,2026-03-21,Union Berlin,home,4-2-3-1,True,6,Joshua Kimmich,RM,8,746954
Bayern Munich,2026-03-21,Union Berlin,home,4-2-3-1,True,9,Harry Kane,F,9,746954
Bayern Munich,2026-03-21,Union Berlin,home,4-2-3-1,True,7,Serge Gnabry,AM-L,11,746954
Bayern Munich,2026-03-21,Union Berlin,home,4-2-3-1,True,17,Michael Olise,AM-R,7,746954
Bayern Munich,2026-03-21,Union Berlin,home,4-2-3-1,False,21,Hiroki Ito,SUB,0,746954
Bayern Munich,2026-03-21,Union Berlin,home,4-2-3-1,False,49,Maycon Cardozo,SUB,0,746954
Bayern Munich,2026-03-21,Union Berlin,home,4-2-3-1,False,31,Guido Rovere,SUB,0,746954
Bayern Munich,2026-03-21,Union Berlin,home,4-2-3-1,False,34,Deniz Ofli,SUB,0,746954
Bayern Munich,2026-03-21,Union Berlin,home,4-2-3-1,False,22,Raphaël Guerreiro,SUB,0,746954
Bayern Munich,2026-03-21,Union Berlin,home,4-2-3-1,False,38,Erblin Osmani,SUB,0,746954
Bayern Munich,2026-03-21,Union Berlin,home,4-2-3-1,False,43,Filip Pavic,SUB,0,746954
Bayern Munich,2026-03-21,Union Berlin,home,4-2-3-1,False,20,Tom Bischof,SUB,0,746954
Bayern Munich,2026-03-21,Union Berlin,home,4-2-3-1,False,37,Leonard Prescott,SUB,0,746954
Union Berlin,2026-03-21,Bayern Munich,away,3-5-2,True,1,Frederik Ronnow,G,1,746954
Union Berlin,2026-03-21,Bayern Munich,away,3-5-2,True,14,Leopold Querfeld,CD,5,746954
Union Berlin,2026-03-21,Bayern Munich,away,3-5-2,True,34,Stanley N'Soki,CD-L,4,746954
Union Berlin,2026-03-21,Bayern Munich,away,3-5-2,True,5,Danilho Doekhi,CD-R,6,746954
Union Berlin,2026-03-21,Bayern Munich,away,3-5-2,True,8,Rani Khedira,CM-L,8,746954
Union Berlin,2026-03-21,Bayern Munich,away,3-5-2,True,19,Janik Haberer,CM-R,7,746954
Union Berlin,2026-03-21,Bayern Munich,away,3-5-2,True,6,Aljoscha Kemlein,AM,11,746954
Union Berlin,2026-03-21,Bayern Munich,away,3-5-2,True,39,Derrick Köhn,LM,3,746954
Union Berlin,2026-03-21,Bayern Munich,away,3-5-2,True,28,Christopher Trimmel,RM,2,746954
Union Berlin,2026-03-21,Bayern Munich,away,3-5-2,True,9,Livan Burcu,CF-L,9,746954
Union Berlin,2026-03-21,Bayern Munich,away,3-5-2,True,21,Tim Skarke,CF-R,10,746954
Union Berlin,2026-03-21,Bayern Munich,away,3-5-2,False,23,Andrej Ilic,SUB,0,746954
Union Berlin,2026-03-21,Bayern Munich,away,3-5-2,False,25,Carl Klaus,SUB,0,746954
Union Berlin,2026-03-21,Bayern Munich,away,3-5-2,False,33,Alex Král,SUB,0,746954
Union Berlin,2026-03-21,Bayern Munich,away,3-5-2,False,11,Jeong Woo-Yeong,SUB,0,746954
Union Berlin,2026-03-21,Bayern Munich,away,3-5-2,False,4,Diogo Leite,SUB,0,746954
Union Berlin,2026-03-21,Bayern Munich,away,3-5-2,False,7,Oliver Burke,SUB,0,746954
Union Berlin,2026-03-21,Bayern Munich,away,3-5-2,False,15,Tom Rothe,SUB,0,746954
Union Berlin,2026-03-21,Bayern Munich,away,3-5-2,False,10,Ilyas Ansah,SUB,0,746954
Union Berlin,2026-03-21,Bayern Munich,away,3-5-2,False,18,Josip Juranovic,SUB,0,746954
Mainz 05,2026-03-22,Frankfurt,home,3-5-2,True,33,Daniel Batz,G,1,746958
Mainz 05,2026-03-22,Frankfurt,home,3-5-2,True,4,Stefan Posch,CD,5,746958
Mainz 05,2026-03-22,Frankfurt,home,3-5-2,True,31,Dominik Kohr,CD-L,4,746958
Mainz 05,2026-03-22,Frankfurt,home,3-5-2,True,21,Danny da Costa,CD-R,6,746958
Mainz 05,2026-03-22,Frankfurt,home,3-5-2,True,7,Lee Jae-Sung,CM-L,8,746958
Mainz 05,2026-03-22,Frankfurt,home,3-5-2,True,8,Paul Nebel,CM-R,7,746958
Mainz 05,2026-03-22,Frankfurt,home,3-5-2,True,6,Kaishu Sano,AM,11,746958
Mainz 05,2026-03-22,Frankfurt,home,3-5-2,True,2,Phillipp Mwene,LM,3,746958
Mainz 05,2026-03-22,Frankfurt,home,3-5-2,True,30,Silvan Widmer,RM,2,746958
Mainz 05,2026-03-22,Frankfurt,home,3-5-2,True,20,Phillip Tietz,CF-L,9,746958
Mainz 05,2026-03-22,Frankfurt,home,3-5-2,True,23,Sheraldo Becker,CF-R,10,746958
Mainz 05,2026-03-22,Frankfurt,home,3-5-2,False,5,Maxim Leitsch,SUB,0,746958
Mainz 05,2026-03-22,Frankfurt,home,3-5-2,False,24,Sota Kawasaki,SUB,0,746958
Mainz 05,2026-03-22,Frankfurt,home,3-5-2,False,15,Lennard Maloney,SUB,0,746958
Mainz 05,2026-03-22,Frankfurt,home,3-5-2,False,1,Lasse Rieß,SUB,0,746958
Mainz 05,2026-03-22,Frankfurt,home,3-5-2,False,48,Kacper Potulski,SUB,0,746958
Mainz 05,2026-03-22,Frankfurt,home,3-5-2,False,11,Armindo Sieb,SUB,0,746958
Mainz 05,2026-03-22,Frankfurt,home,3-5-2,False,14,William Bøving,SUB,0,746958
Mainz 05,2026-03-22,Frankfurt,home,3-5-2,False,22,Nikolas Veratschnig,SUB,0,746958
Mainz 05,2026-03-22,Frankfurt,home,3-5-2,False,44,Nelson Weiper,SUB,0,746958
Frankfurt,2026-03-22,Mainz 05,away,4-3-3,True,23,Michael Zetterer,G,1,746958
Frankfurt,2026-03-22,Mainz 05,away,4-3-3,True,3,Arthur Theate,CD-L,6,746958
Frankfurt,2026-03-22,Mainz 05,away,4-3-3,True,5,Aurèle Amenda,CD-R,5,746958
Frankfurt,2026-03-22,Mainz 05,away,4-3-3,True,21,Nathaniel Brown,LB,3,746958
Frankfurt,2026-03-22,Mainz 05,away,4-3-3,True,34,Nnamdi Collins,RB,2,746958
Frankfurt,2026-03-22,Mainz 05,away,4-3-3,True,16,Hugo Larsson,CM,4,746958
Frankfurt,2026-03-22,Mainz 05,away,4-3-3,True,8,Farès Chaïbi,LM,8,746958
Frankfurt,2026-03-22,Mainz 05,away,4-3-3,True,20,Ritsu Doan,RM,7,746958
Frankfurt,2026-03-22,Mainz 05,away,4-3-3,True,9,Jonathan Burkardt,F,9,746958
Frankfurt,2026-03-22,Mainz 05,away,4-3-3,True,19,Jean-Mattéo Bahoya,LF,11,746958
Frankfurt,2026-03-22,Mainz 05,away,4-3-3,True,25,Arnaud Kalimuendo,RF,10,746958
Frankfurt,2026-03-22,Mainz 05,away,4-3-3,False,2,Elias Baum,SUB,0,746958
Frankfurt,2026-03-22,Mainz 05,away,4-3-3,False,7,Ansgar Knauff,SUB,0,746958
Frankfurt,2026-03-22,Mainz 05,away,4-3-3,False,42,Can Uzun,SUB,0,746958
Frankfurt,2026-03-22,Mainz 05,away,4-3-3,False,33,Jens Grahl,SUB,0,746958
Frankfurt,2026-03-22,Mainz 05,away,4-3-3,False,15,Ellyes Skhiri,SUB,0,746958
Frankfurt,2026-03-22,Mainz 05,away,4-3-3,False,6,Oscar Højlund,SUB,0,746958
Frankfurt,2026-03-22,Mainz 05,away,4-3-3,False,31,Love Arrhov,SUB,0,746958
Frankfurt,2026-03-22,Mainz 05,away,4-3-3,False,29,Ayoube Amaimouni,SUB,0,746958
Frankfurt,2026-03-22,Mainz 05,away,4-3-3,False,11,Younes Ebnoutalib,SUB,0,746958
Dortmund,2026-03-21,Hamburger SV,home,3-5-2,True,1,Gregor Kobel,G,1,746957
Dortmund,2026-03-21,Hamburger SV,home,3-5-2,True,3,Waldemar Anton,CD,5,746957
Dortmund,2026-03-21,Hamburger SV,home,3-5-2,True,4,Nico Schlotterbeck,CD-L,4,746957
Dortmund,2026-03-21,Hamburger SV,home,3-5-2,True,49,Luca Reggiani,CD-R,6,746957
Dortmund,2026-03-21,Hamburger SV,home,3-5-2,True,8,Felix Nmecha,CM-L,8,746957
Dortmund,2026-03-21,Hamburger SV,home,3-5-2,True,20,Marcel Sabitzer,CM-R,7,746957
Dortmund,2026-03-21,Hamburger SV,home,3-5-2,True,7,Jobe Bellingham,AM,11,746957
Dortmund,2026-03-21,Hamburger SV,home,3-5-2,True,24,Daniel Svensson,LM,3,746957
Dortmund,2026-03-21,Hamburger SV,home,3-5-2,True,26,Julian Ryerson,RM,2,746957
Dortmund,2026-03-21,Hamburger SV,home,3-5-2,True,27,Karim Adeyemi,CF-L,9,746957
Dortmund,2026-03-21,Hamburger SV,home,3-5-2,True,14,Maximilian Beier,CF-R,10,746957
Dortmund,2026-03-21,Hamburger SV,home,3-5-2,False,33,Alexander Meyer,SUB,0,746957
Dortmund,2026-03-21,Hamburger SV,home,3-5-2,False,10,Julian Brandt,SUB,0,746957
Dortmund,2026-03-21,Hamburger SV,home,3-5-2,False,25,Niklas Süle,SUB,0,746957
Dortmund,2026-03-21,Hamburger SV,home,3-5-2,False,9,Serhou Guirassy,SUB,0,746957
Dortmund,2026-03-21,Hamburger SV,home,3-5-2,False,6,Salih Özcan,SUB,0,746957
Dortmund,2026-03-21,Hamburger SV,home,3-5-2,False,2,Yan Couto,SUB,0,746957
Dortmund,2026-03-21,Hamburger SV,home,3-5-2,False,5,Ramy Bensebaini,SUB,0,746957
Dortmund,2026-03-21,Hamburger SV,home,3-5-2,False,17,Carney Chukwuemeka,SUB,0,746957
Dortmund,2026-03-21,Hamburger SV,home,3-5-2,False,21,Fábio Silva,SUB,0,746957
Hamburger SV,2026-03-21,Dortmund,away,3-4-3,True,1,Daniel Heuer Fernandes,G,1,746957
Hamburger SV,2026-03-21,Dortmund,away,3-4-3,True,44,Luka Vuskovic,CD,5,746957
Hamburger SV,2026-03-21,Dortmund,away,3-4-3,True,25,Jordan Torunarigha,CD-L,4,746957
Hamburger SV,2026-03-21,Dortmund,away,3-4-3,True,17,Warmed Omari,CD-R,6,746957
Hamburger SV,2026-03-21,Dortmund,away,3-4-3,True,21,Nicolai Remberg,CM-L,8,746957
Hamburger SV,2026-03-21,Dortmund,away,3-4-3,True,6,Albert Sambi Lokonga,CM-R,7,746957
Hamburger SV,2026-03-21,Dortmund,away,3-4-3,True,28,Miro Muheim,LM,3,746957
Hamburger SV,2026-03-21,Dortmund,away,3-4-3,True,2,William Mikelbrencis,RM,2,746957
Hamburger SV,2026-03-21,Dortmund,away,3-4-3,True,11,Ransford-Yeboah Königsdörffer,F,9,746957
Hamburger SV,2026-03-21,Dortmund,away,3-4-3,True,27,Philip Otele,CF-L,11,746957
Hamburger SV,2026-03-21,Dortmund,away,3-4-3,True,20,Fabio Vieira,CF-R,10,746957
Hamburger SV,2026-03-21,Dortmund,away,3-4-3,False,12,Sander Tangvik,SUB,0,746957
Hamburger SV,2026-03-21,Dortmund,away,3-4-3,False,7,Jean-Luc Dompé,SUB,0,746957
Hamburger SV,2026-03-21,Dortmund,away,3-4-3,False,14,Rayan Philippe,SUB,0,746957
Hamburger SV,2026-03-21,Dortmund,away,3-4-3,False,19,Damion Downs,SUB,0,746957
Hamburger SV,2026-03-21,Dortmund,away,3-4-3,False,8,Daniel Elfadli,SUB,0,746957
Hamburger SV,2026-03-21,Dortmund,away,3-4-3,False,16,Giorgi Gocholeishvili,SUB,0,746957
Hamburger SV,2026-03-21,Dortmund,away,3-4-3,False,45,Fabio Baldé,SUB,0,746957
Hamburger SV,2026-03-21,Dortmund,away,3-4-3,False,49,Otto Stange,SUB,0,746957
Hamburger SV,2026-03-21,Dortmund,away,3-4-3,False,23,Albert Grønbaek,SUB,0,746957
Werder Bremen,2026-03-15,Mainz 05,home,4-5-1,True,30,Mio Backhaus,G,1,746946
Werder Bremen,2026-03-15,Mainz 05,home,4-5-1,True,32,Marco Friedl,CD-L,6,746946
Werder Bremen,2026-03-15,Mainz 05,home,4-5-1,True,22,Julian Malatini,CD-R,5,746946
Werder Bremen,2026-03-15,Mainz 05,home,4-5-1,True,2,Olivier Deman,LB,3,746946
Werder Bremen,2026-03-15,Mainz 05,home,4-5-1,True,3,Yukinari Sugawara,RB,2,746946
Werder Bremen,2026-03-15,Mainz 05,home,4-5-1,True,18,Cameron Puertas,CM-L,8,746946
Werder Bremen,2026-03-15,Mainz 05,home,4-5-1,True,6,Jens Stage,CM-R,4,746946
Werder Bremen,2026-03-15,Mainz 05,home,4-5-1,True,10,Leonardo Bittencourt,AM,10,746946
Werder Bremen,2026-03-15,Mainz 05,home,4-5-1,True,20,Romano Schmid,LM,11,746946
Werder Bremen,2026-03-15,Mainz 05,home,4-5-1,True,17,Marco Grüll,RM,7,746946
Werder Bremen,2026-03-15,Mainz 05,home,4-5-1,True,9,Keke Topp,F,9,746946
Werder Bremen,2026-03-15,Mainz 05,home,4-5-1,False,23,Isaac Schmidt,SUB,0,746946
Werder Bremen,2026-03-15,Mainz 05,home,4-5-1,False,13,Karl Hein,SUB,0,746946
Werder Bremen,2026-03-15,Mainz 05,home,4-5-1,False,33,Mick Schmetgens,SUB,0,746946
Werder Bremen,2026-03-15,Mainz 05,home,4-5-1,False,29,Salim Musah,SUB,0,746946
Werder Bremen,2026-03-15,Mainz 05,home,4-5-1,False,7,Samuel Mbangula,SUB,0,746946
Werder Bremen,2026-03-15,Mainz 05,home,4-5-1,False,11,Justin Njinmah,SUB,0,746946
Werder Bremen,2026-03-15,Mainz 05,home,4-5-1,False,27,Felix Agu,SUB,0,746946
Werder Bremen,2026-03-15,Mainz 05,home,4-5-1,False,31,Karim Coulibaly,SUB,0,746946
Werder Bremen,2026-03-15,Mainz 05,home,4-5-1,False,24,Patrice Covic,SUB,0,746946
Mainz 05,2026-03-15,Werder Bremen,away,3-5-2,True,33,Daniel Batz,G,1,746946
Mainz 05,2026-03-15,Werder Bremen,away,3-5-2,True,4,Stefan Posch,CD,5,746946
Mainz 05,2026-03-15,Werder Bremen,away,3-5-2,True,31,Dominik Kohr,CD-L,4,746946
Mainz 05,2026-03-15,Werder Bremen,away,3-5-2,True,21,Danny da Costa,CD-R,6,746946
Mainz 05,2026-03-15,Werder Bremen,away,3-5-2,True,7,Lee Jae-Sung,CM-L,8,746946
Mainz 05,2026-03-15,Werder Bremen,away,3-5-2,True,8,Paul Nebel,CM-R,7,746946
Mainz 05,2026-03-15,Werder Bremen,away,3-5-2,True,6,Kaishu Sano,AM,11,746946
Mainz 05,2026-03-15,Werder Bremen,away,3-5-2,True,2,Phillipp Mwene,LM,3,746946
Mainz 05,2026-03-15,Werder Bremen,away,3-5-2,True,30,Silvan Widmer,RM,2,746946
Mainz 05,2026-03-15,Werder Bremen,away,3-5-2,True,23,Sheraldo Becker,CF-L,9,746946
Mainz 05,2026-03-15,Werder Bremen,away,3-5-2,True,20,Phillip Tietz,CF-R,10,746946
Mainz 05,2026-03-15,Werder Bremen,away,3-5-2,False,48,Kacper Potulski,SUB,0,746946
Mainz 05,2026-03-15,Werder Bremen,away,3-5-2,False,15,Lennard Maloney,SUB,0,746946
Mainz 05,2026-03-15,Werder Bremen,away,3-5-2,False,22,Nikolas Veratschnig,SUB,0,746946
Mainz 05,2026-03-15,Werder Bremen,away,3-5-2,False,24,Sota Kawasaki,SUB,0,746946
Mainz 05,2026-03-15,Werder Bremen,away,3-5-2,False,1,Lasse Rieß,SUB,0,746946
Mainz 05,2026-03-15,Werder Bremen,away,3-5-2,False,14,William Bøving,SUB,0,746946
Mainz 05,2026-03-15,Werder Bremen,away,3-5-2,False,44,Nelson Weiper,SUB,0,746946
Mainz 05,2026-03-15,Werder Bremen,away,3-5-2,False,11,Armindo Sieb,SUB,0,746946
Mainz 05,2026-03-15,Werder Bremen,away,3-5-2,False,5,Maxim Leitsch,SUB,0,746946
St Pauli,2026-03-22,Freiburg,home,3-4-2-1,True,22,Nikola Vasilj,G,1,746955
St Pauli,2026-03-22,Freiburg,home,3-4-2-1,True,8,Eric Smith,CD,5,746955
St Pauli,2026-03-22,Freiburg,home,3-4-2-1,True,15,Tomoya Ando,CD-L,4,746955
St Pauli,2026-03-22,Freiburg,home,3-4-2-1,True,5,Hauke Wahl,CD-R,6,746955
St Pauli,2026-03-22,Freiburg,home,3-4-2-1,True,7,Jackson Irvine,CM-L,8,746955
St Pauli,2026-03-22,Freiburg,home,3-4-2-1,True,20,Mathias Rasmussen,CM-R,7,746955
St Pauli,2026-03-22,Freiburg,home,3-4-2-1,True,21,Lars Ritzka,LM,3,746955
St Pauli,2026-03-22,Freiburg,home,3-4-2-1,True,11,Arkadiusz Pyrka,RM,2,746955
St Pauli,2026-03-22,Freiburg,home,3-4-2-1,True,10,Danel Sinani,F,9,746955
St Pauli,2026-03-22,Freiburg,home,3-4-2-1,True,28,Mathias Pereira Lage,CF-L,11,746955
St Pauli,2026-03-22,Freiburg,home,3-4-2-1,True,16,Joel Chima Fujita,CF-R,10,746955
St Pauli,2026-03-22,Freiburg,home,3-4-2-1,False,4,David Nemeth,SUB,0,746955
St Pauli,2026-03-22,Freiburg,home,3-4-2-1,False,9,Abdoulie Ceesay,SUB,0,746955
St Pauli,2026-03-22,Freiburg,home,3-4-2-1,False,27,Andreas Hountondji,SUB,0,746955
St Pauli,2026-03-22,Freiburg,home,3-4-2-1,False,24,Connor Metcalfe,SUB,0,746955
St Pauli,2026-03-22,Freiburg,home,3-4-2-1,False,25,Adam Dzwigala,SUB,0,746955
St Pauli,2026-03-22,Freiburg,home,3-4-2-1,False,23,Louis Oppie,SUB,0,746955
St Pauli,2026-03-22,Freiburg,home,3-4-2-1,False,1,Ben Voll,SUB,0,746955
St Pauli,2026-03-22,Freiburg,home,3-4-2-1,False,19,Martijn Kaars,SUB,0,746955
St Pauli,2026-03-22,Freiburg,home,3-4-2-1,False,18,Taichi Hara,SUB,0,746955
Freiburg,2026-03-22,St Pauli,away,4-2-3-1,True,1,Noah Atubolu,G,1,746955
Freiburg,2026-03-22,St Pauli,away,4-2-3-1,True,43,Ifechukwu Ogbus,CD-L,6,746955
Freiburg,2026-03-22,St Pauli,away,4-2-3-1,True,28,Matthias Ginter,CD-R,5,746955
Freiburg,2026-03-22,St Pauli,away,4-2-3-1,True,33,Jordy Makengo,LB,3,746955
Freiburg,2026-03-22,St Pauli,away,4-2-3-1,True,29,Philipp Treu,RB,2,746955
Freiburg,2026-03-22,St Pauli,away,4-2-3-1,True,14,Yuito Suzuki,AM,10,746955
Freiburg,2026-03-22,St Pauli,away,4-2-3-1,True,44,Johan Manzambi,LM,4,746955
Freiburg,2026-03-22,St Pauli,away,4-2-3-1,True,8,Maximilian Eggestein,RM,8,746955
Freiburg,2026-03-22,St Pauli,away,4-2-3-1,True,31,Igor Matanovic,F,9,746955
Freiburg,2026-03-22,St Pauli,away,4-2-3-1,True,32,Vincenzo Grifo,AM-L,11,746955
Freiburg,2026-03-22,St Pauli,away,4-2-3-1,True,19,Niklas Beste,AM-R,7,746955
Freiburg,2026-03-22,St Pauli,away,4-2-3-1,False,30,Christian Günter,SUB,0,746955
Freiburg,2026-03-22,St Pauli,away,4-2-3-1,False,3,Philipp Lienhart,SUB,0,746955
Freiburg,2026-03-22,St Pauli,away,4-2-3-1,False,17,Lukas Kübler,SUB,0,746955
Freiburg,2026-03-22,St Pauli,away,4-2-3-1,False,27,Nicolas Höfler,SUB,0,746955
Freiburg,2026-03-22,St Pauli,away,4-2-3-1,False,9,Lucas Höler,SUB,0,746955
Freiburg,2026-03-22,St Pauli,away,4-2-3-1,False,21,Florian Müller,SUB,0,746955
Freiburg,2026-03-22,St Pauli,away,4-2-3-1,False,7,Derry Scherhant,SUB,0,746955
Freiburg,2026-03-22,St Pauli,away,4-2-3-1,False,22,Cyriaque Irié,SUB,0,746955
Freiburg,2026-03-22,St Pauli,away,4-2-3-1,False,6,Patrick Osterhage,SUB,0,746955
Leverkusen,2026-04-04,Wolfsburg,home,3-4-2-1,True,1,Mark Flekken,G,1,746962
Leverkusen,2026-04-04,Wolfsburg,home,3-4-2-1,True,5,Loïc Badé,CD,5,746962
Leverkusen,2026-04-04,Wolfsburg,home,3-4-2-1,True,12,Edmond Tapsoba,CD-L,4,746962
Leverkusen,2026-04-04,Wolfsburg,home,3-4-2-1,True,8,Robert Andrich,CD-R,6,746962
Leverkusen,2026-04-04,Wolfsburg,home,3-4-2-1,True,6,Ezequiel Fernández,CM-L,8,746962
Leverkusen,2026-04-04,Wolfsburg,home,3-4-2-1,True,25,Exequiel Palacios,CM-R,7,746962
Leverkusen,2026-04-04,Wolfsburg,home,3-4-2-1,True,20,Alejandro Grimaldo,LM,3,746962
Leverkusen,2026-04-04,Wolfsburg,home,3-4-2-1,True,42,Montrell Culbreath,RM,2,746962
Leverkusen,2026-04-04,Wolfsburg,home,3-4-2-1,True,35,Christian Kofane,F,9,746962
Leverkusen,2026-04-04,Wolfsburg,home,3-4-2-1,True,23,Nathan Tella,CF-L,11,746962
Leverkusen,2026-04-04,Wolfsburg,home,3-4-2-1,True,30,Ibrahim Maza,CF-R,10,746962
Leverkusen,2026-04-04,Wolfsburg,home,3-4-2-1,False,16,Axel Tape,SUB,0,746962
Leverkusen,2026-04-04,Wolfsburg,home,3-4-2-1,False,17,Eliesse Ben Seghir,SUB,0,746962
Leverkusen,2026-04-04,Wolfsburg,home,3-4-2-1,False,19,Ernest Poku,SUB,0,746962
Leverkusen,2026-04-04,Wolfsburg,home,3-4-2-1,False,10,Malik Tillman,SUB,0,746962
Leverkusen,2026-04-04,Wolfsburg,home,3-4-2-1,False,14,Patrik Schick,SUB,0,746962
Leverkusen,2026-04-04,Wolfsburg,home,3-4-2-1,False,28,Janis Blaswich,SUB,0,746962
Leverkusen,2026-04-04,Wolfsburg,home,3-4-2-1,False,15,Tim Oermann,SUB,0,746962
Leverkusen,2026-04-04,Wolfsburg,home,3-4-2-1,False,18,Jonas Omlin,SUB,0,746962
Leverkusen,2026-04-04,Wolfsburg,home,3-4-2-1,False,7,Jonas Hofmann,SUB,0,746962
Wolfsburg,2026-04-04,Leverkusen,away,3-4-2-1,True,1,Kamil Grabara,G,1,746962
Wolfsburg,2026-04-04,Leverkusen,away,3-4-2-1,True,3,Denis Vavro,CD,5,746962
Wolfsburg,2026-04-04,Leverkusen,away,3-4-2-1,True,4,Konstantinos Koulierakis,CD-L,4,746962
Wolfsburg,2026-04-04,Leverkusen,away,3-4-2-1,True,6,Jeanuël Belocian,CD-R,6,746962
Wolfsburg,2026-04-04,Leverkusen,away,3-4-2-1,True,5,Vinicius Souza,CM-L,8,746962
Wolfsburg,2026-04-04,Leverkusen,away,3-4-2-1,True,24,Christian Eriksen,CM-R,7,746962
Wolfsburg,2026-04-04,Leverkusen,away,3-4-2-1,True,21,Joakim Maehle,LM,3,746962
Wolfsburg,2026-04-04,Leverkusen,away,3-4-2-1,True,26,Saël Kumbedi,RM,2,746962
Wolfsburg,2026-04-04,Leverkusen,away,3-4-2-1,True,23,Jonas Wind,F,9,746962
Wolfsburg,2026-04-04,Leverkusen,away,3-4-2-1,True,9,Mohamed Amoura,CF-L,11,746962
Wolfsburg,2026-04-04,Leverkusen,away,3-4-2-1,True,39,Patrick Wimmer,CF-R,10,746962
Wolfsburg,2026-04-04,Leverkusen,away,3-4-2-1,False,32,Mattias Svanberg,SUB,0,746962
Wolfsburg,2026-04-04,Leverkusen,away,3-4-2-1,False,19,Jesper Lindstrom,SUB,0,746962
Wolfsburg,2026-04-04,Leverkusen,away,3-4-2-1,False,7,Kento Shiogai,SUB,0,746962
Wolfsburg,2026-04-04,Leverkusen,away,3-4-2-1,False,17,Dzenan Pejcinovic,SUB,0,746962
Wolfsburg,2026-04-04,Leverkusen,away,3-4-2-1,False,31,Yannick Gerhardt,SUB,0,746962
Wolfsburg,2026-04-04,Leverkusen,away,3-4-2-1,False,11,Adam Daghim,SUB,0,746962
Wolfsburg,2026-04-04,Leverkusen,away,3-4-2-1,False,25,Aaron Zehnter,SUB,0,746962
Wolfsburg,2026-04-04,Leverkusen,away,3-4-2-1,False,12,Pavao Pervan,SUB,0,746962
Wolfsburg,2026-04-04,Leverkusen,away,3-4-2-1,False,27,Maximilian Arnold,SUB,0,746962
Freiburg,2026-04-04,Bayern Munich,home,4-2-3-1,True,1,Noah Atubolu,G,1,746966
Freiburg,2026-04-04,Bayern Munich,home,4-2-3-1,True,3,Philipp Lienhart,CD-L,6,746966
Freiburg,2026-04-04,Bayern Munich,home,4-2-3-1,True,28,Matthias Ginter,CD-R,5,746966
Freiburg,2026-04-04,Bayern Munich,home,4-2-3-1,True,30,Christian Günter,LB,3,746966
Freiburg,2026-04-04,Bayern Munich,home,4-2-3-1,True,29,Philipp Treu,RB,2,746966
Freiburg,2026-04-04,Bayern Munich,home,4-2-3-1,True,14,Yuito Suzuki,AM,10,746966
Freiburg,2026-04-04,Bayern Munich,home,4-2-3-1,True,44,Johan Manzambi,LM,4,746966
Freiburg,2026-04-04,Bayern Munich,home,4-2-3-1,True,8,Maximilian Eggestein,RM,8,746966
Freiburg,2026-04-04,Bayern Munich,home,4-2-3-1,True,9,Lucas Höler,F,9,746966
Freiburg,2026-04-04,Bayern Munich,home,4-2-3-1,True,7,Derry Scherhant,AM-L,11,746966
Freiburg,2026-04-04,Bayern Munich,home,4-2-3-1,True,19,Niklas Beste,AM-R,7,746966
Freiburg,2026-04-04,Bayern Munich,home,4-2-3-1,False,43,Ifechukwu Ogbus,SUB,0,746966
Freiburg,2026-04-04,Bayern Munich,home,4-2-3-1,False,22,Cyriaque Irié,SUB,0,746966
Freiburg,2026-04-04,Bayern Munich,home,4-2-3-1,False,26,Maximilian Philipp,SUB,0,746966
Freiburg,2026-04-04,Bayern Munich,home,4-2-3-1,False,32,Vincenzo Grifo,SUB,0,746966
Freiburg,2026-04-04,Bayern Munich,home,4-2-3-1,False,31,Igor Matanovic,SUB,0,746966
Freiburg,2026-04-04,Bayern Munich,home,4-2-3-1,False,5,Anthony Jung,SUB,0,746966
Freiburg,2026-04-04,Bayern Munich,home,4-2-3-1,False,27,Nicolas Höfler,SUB,0,746966
Freiburg,2026-04-04,Bayern Munich,home,4-2-3-1,False,21,Florian Müller,SUB,0,746966
Freiburg,2026-04-04,Bayern Munich,home,4-2-3-1,False,17,Lukas Kübler,SUB,0,746966
Bayern Munich,2026-04-04,Freiburg,away,4-2-3-1,True,1,Manuel Neuer,G,1,746966
Bayern Munich,2026-04-04,Freiburg,away,4-2-3-1,True,4,Jonathan Tah,CD-L,6,746966
Bayern Munich,2026-04-04,Freiburg,away,4-2-3-1,True,3,Kim Min-Jae,CD-R,5,746966
Bayern Munich,2026-04-04,Freiburg,away,4-2-3-1,True,20,Tom Bischof,LB,3,746966
Bayern Munich,2026-04-04,Freiburg,away,4-2-3-1,True,44,Josip Stanisic,RB,2,746966
Bayern Munich,2026-04-04,Freiburg,away,4-2-3-1,True,22,Raphaël Guerreiro,AM,10,746966
Bayern Munich,2026-04-04,Freiburg,away,4-2-3-1,True,8,Leon Goretzka,LM,4,746966
Bayern Munich,2026-04-04,Freiburg,away,4-2-3-1,True,6,Joshua Kimmich,RM,8,746966
Bayern Munich,2026-04-04,Freiburg,away,4-2-3-1,True,7,Serge Gnabry,F,9,746966
Bayern Munich,2026-04-04,Freiburg,away,4-2-3-1,True,14,Luis Díaz,AM-L,11,746966
Bayern Munich,2026-04-04,Freiburg,away,4-2-3-1,True,42,Lennart Karl,AM-R,7,746966
Bayern Munich,2026-04-04,Freiburg,away,4-2-3-1,False,19,Alphonso Davies,SUB,0,746966
Bayern Munich,2026-04-04,Freiburg,away,4-2-3-1,False,21,Hiroki Ito,SUB,0,746966
Bayern Munich,2026-04-04,Freiburg,away,4-2-3-1,False,27,Konrad Laimer,SUB,0,746966
Bayern Munich,2026-04-04,Freiburg,away,4-2-3-1,False,45,Aleksandar Pavlovic,SUB,0,746966
Bayern Munich,2026-04-04,Freiburg,away,4-2-3-1,False,49,Maycon Cardozo,SUB,0,746966
Bayern Munich,2026-04-04,Freiburg,away,4-2-3-1,False,2,Dayot Upamecano,SUB,0,746966
Bayern Munich,2026-04-04,Freiburg,away,4-2-3-1,False,17,Michael Olise,SUB,0,746966
Bayern Munich,2026-04-04,Freiburg,away,4-2-3-1,False,40,Jonas Urbig,SUB,0,746966
Bayern Munich,2026-04-04,Freiburg,away,4-2-3-1,False,10,Jamal Musiala,SUB,0,746966
Heidenheim,2026-03-21,Leverkusen,home,4-3-3,True,41,Diant Ramaj,G,1,746952
Heidenheim,2026-03-21,Leverkusen,home,4-3-3,True,5,Benedikt Gimber,CD-L,6,746952
Heidenheim,2026-03-21,Leverkusen,home,4-3-3,True,6,Patrick Mainka,CD-R,5,746952
Heidenheim,2026-03-21,Leverkusen,home,4-3-3,True,26,Hennes Behrens,LB,3,746952
Heidenheim,2026-03-21,Leverkusen,home,4-3-3,True,2,Marnon Busch,RB,2,746952
Heidenheim,2026-03-21,Leverkusen,home,4-3-3,True,3,Jan Schöppner,CM,4,746952
Heidenheim,2026-03-21,Leverkusen,home,4-3-3,True,30,Niklas Dorsch,LM,8,746952
Heidenheim,2026-03-21,Leverkusen,home,4-3-3,True,20,Luca Kerber,RM,7,746952
Heidenheim,2026-03-21,Leverkusen,home,4-3-3,True,11,Budu Zivzivadze,F,9,746952
Heidenheim,2026-03-21,Leverkusen,home,4-3-3,True,10,Christian Conteh,LF,11,746952
Heidenheim,2026-03-21,Leverkusen,home,4-3-3,True,8,Eren Dinkci,RF,10,746952
Heidenheim,2026-03-21,Leverkusen,home,4-3-3,False,19,Jonas Föhrenbach,SUB,0,746952
Heidenheim,2026-03-21,Leverkusen,home,4-3-3,False,40,Frank Feller,SUB,0,746952
Heidenheim,2026-03-21,Leverkusen,home,4-3-3,False,16,Julian Niehues,SUB,0,746952
Heidenheim,2026-03-21,Leverkusen,home,4-3-3,False,31,Sirlord Conteh,SUB,0,746952
Heidenheim,2026-03-21,Leverkusen,home,4-3-3,False,9,Stefan Schimmer,SUB,0,746952
Heidenheim,2026-03-21,Leverkusen,home,4-3-3,False,18,Marvin Pieringer,SUB,0,746952
Heidenheim,2026-03-21,Leverkusen,home,4-3-3,False,17,Mathias Honsak,SUB,0,746952
Heidenheim,2026-03-21,Leverkusen,home,4-3-3,False,21,Adrian Beck,SUB,0,746952
Heidenheim,2026-03-21,Leverkusen,home,4-3-3,False,23,Omar-Haktab Traoré,SUB,0,746952
Leverkusen,2026-03-21,Heidenheim,away,4-2-3-1,True,1,Mark Flekken,G,1,746952
Leverkusen,2026-03-21,Heidenheim,away,4-2-3-1,True,8,Robert Andrich,CD-L,6,746952
Leverkusen,2026-03-21,Heidenheim,away,4-2-3-1,True,4,Jarell Quansah,CD-R,5,746952
Leverkusen,2026-03-21,Heidenheim,away,4-2-3-1,True,20,Alejandro Grimaldo,LB,3,746952
Leverkusen,2026-03-21,Heidenheim,away,4-2-3-1,True,42,Montrell Culbreath,RB,2,746952
Leverkusen,2026-03-21,Heidenheim,away,4-2-3-1,True,10,Malik Tillman,AM,10,746952
Leverkusen,2026-03-21,Heidenheim,away,4-2-3-1,True,24,Aleix García,LM,4,746952
Leverkusen,2026-03-21,Heidenheim,away,4-2-3-1,True,25,Exequiel Palacios,RM,8,746952
Leverkusen,2026-03-21,Heidenheim,away,4-2-3-1,True,14,Patrik Schick,F,9,746952
Leverkusen,2026-03-21,Heidenheim,away,4-2-3-1,True,19,Ernest Poku,AM-L,11,746952
Leverkusen,2026-03-21,Heidenheim,away,4-2-3-1,True,30,Ibrahim Maza,AM-R,7,746952
Leverkusen,2026-03-21,Heidenheim,away,4-2-3-1,False,16,Axel Tape,SUB,0,746952
Leverkusen,2026-03-21,Heidenheim,away,4-2-3-1,False,35,Christian Kofane,SUB,0,746952
Leverkusen,2026-03-21,Heidenheim,away,4-2-3-1,False,6,Ezequiel Fernández,SUB,0,746952
Leverkusen,2026-03-21,Heidenheim,away,4-2-3-1,False,18,Jonas Omlin,SUB,0,746952
Leverkusen,2026-03-21,Heidenheim,away,4-2-3-1,False,28,Janis Blaswich,SUB,0,746952
Leverkusen,2026-03-21,Heidenheim,away,4-2-3-1,False,15,Tim Oermann,SUB,0,746952
Leverkusen,2026-03-21,Heidenheim,away,4-2-3-1,False,23,Nathan Tella,SUB,0,746952
Leverkusen,2026-03-21,Heidenheim,away,4-2-3-1,False,11,Martin Terrier,SUB,0,746952
Leverkusen,2026-03-21,Heidenheim,away,4-2-3-1,False,7,Jonas Hofmann,SUB,0,746952
Augsburg,2026-03-22,Stuttgart,home,3-4-2-1,True,1,Finn Dahmen,G,1,746953
Augsburg,2026-03-22,Stuttgart,home,3-4-2-1,True,31,Keven Schlotterbeck,CD,5,746953
Augsburg,2026-03-22,Stuttgart,home,3-4-2-1,True,16,Cédric Zesiger,CD-L,4,746953
Augsburg,2026-03-22,Stuttgart,home,3-4-2-1,True,40,Noahkai Banks,CD-R,6,746953
Augsburg,2026-03-22,Stuttgart,home,3-4-2-1,True,4,Han-Noah Massengo,CM-L,8,746953
Augsburg,2026-03-22,Stuttgart,home,3-4-2-1,True,8,Elvis Rexhbecaj,CM-R,7,746953
Augsburg,2026-03-22,Stuttgart,home,3-4-2-1,True,13,Dimitris Giannoulis,LM,3,746953
Augsburg,2026-03-22,Stuttgart,home,3-4-2-1,True,19,Robin Fellhauer,RM,2,746953
Augsburg,2026-03-22,Stuttgart,home,3-4-2-1,True,21,Rodrigo Ribeiro,F,9,746953
Augsburg,2026-03-22,Stuttgart,home,3-4-2-1,True,20,Alexis Claude-Maurice,CF-L,11,746953
Augsburg,2026-03-22,Stuttgart,home,3-4-2-1,True,32,Fabian Rieder,CF-R,10,746953
Augsburg,2026-03-22,Stuttgart,home,3-4-2-1,False,34,Arthur Chaves,SUB,0,746953
Augsburg,2026-03-22,Stuttgart,home,3-4-2-1,False,11,Ismaël Gharbi,SUB,0,746953
Augsburg,2026-03-22,Stuttgart,home,3-4-2-1,False,22,Nediljko Labrovic,SUB,0,746953
Augsburg,2026-03-22,Stuttgart,home,3-4-2-1,False,39,Uchenna Ogundu,SUB,0,746953
Augsburg,2026-03-22,Stuttgart,home,3-4-2-1,False,30,Anton Kade,SUB,0,746953
Augsburg,2026-03-22,Stuttgart,home,3-4-2-1,False,27,Marius Wolf,SUB,0,746953
Augsburg,2026-03-22,Stuttgart,home,3-4-2-1,False,17,Kristijan Jakic,SUB,0,746953
Augsburg,2026-03-22,Stuttgart,home,3-4-2-1,False,38,Michael Gregoritsch,SUB,0,746953
Augsburg,2026-03-22,Stuttgart,home,3-4-2-1,False,36,Mert Kömür,SUB,0,746953
Stuttgart,2026-03-22,Augsburg,away,4-2-3-1,True,33,Alexander Nübel,G,1,746953
Stuttgart,2026-03-22,Augsburg,away,4-2-3-1,True,24,Jeff Chabot,CD-L,6,746953
Stuttgart,2026-03-22,Augsburg,away,4-2-3-1,True,29,Finn Jeltsch,CD-R,5,746953
Stuttgart,2026-03-22,Augsburg,away,4-2-3-1,True,7,Maximilian Mittelstädt,LB,3,746953
Stuttgart,2026-03-22,Augsburg,away,4-2-3-1,True,22,Lorenz Assignon,RB,2,746953
Stuttgart,2026-03-22,Augsburg,away,4-2-3-1,True,28,Nikolas Nartey,AM,10,746953
Stuttgart,2026-03-22,Augsburg,away,4-2-3-1,True,30,Chema Andrés,LM,4,746953
Stuttgart,2026-03-22,Augsburg,away,4-2-3-1,True,6,Angelo Stiller,RM,8,746953
Stuttgart,2026-03-22,Augsburg,away,4-2-3-1,True,26,Deniz Undav,F,9,746953
Stuttgart,2026-03-22,Augsburg,away,4-2-3-1,True,10,Chris Führich,AM-L,11,746953
Stuttgart,2026-03-22,Augsburg,away,4-2-3-1,True,8,Tiago Tomás,AM-R,7,746953
Stuttgart,2026-03-22,Augsburg,away,4-2-3-1,False,11,Bilal El Khannouss,SUB,0,746953
Stuttgart,2026-03-22,Augsburg,away,4-2-3-1,False,4,Josha Vagnoman,SUB,0,746953
Stuttgart,2026-03-22,Augsburg,away,4-2-3-1,False,25,Jeremy Arévalo,SUB,0,746953
Stuttgart,2026-03-22,Augsburg,away,4-2-3-1,False,3,Ramon Hendriks,SUB,0,746953
Stuttgart,2026-03-22,Augsburg,away,4-2-3-1,False,9,Ermedin Demirovic,SUB,0,746953
Stuttgart,2026-03-22,Augsburg,away,4-2-3-1,False,16,Atakan Karazor,SUB,0,746953
Stuttgart,2026-03-22,Augsburg,away,4-2-3-1,False,27,Badredine Bouanani,SUB,0,746953
Stuttgart,2026-03-22,Augsburg,away,4-2-3-1,False,14,Luca Jaquez,SUB,0,746953
Stuttgart,2026-03-22,Augsburg,away,4-2-3-1,False,1,Fabian Bredlow,SUB,0,746953
Hoffenheim,2026-04-04,Mainz 05,home,4-1-3-2,False,37,Luca Philipp,,0,746968
Hoffenheim,2026-04-04,Mainz 05,home,4-1-3-2,False,33,Max Moerstedt,,0,746968
Hoffenheim,2026-04-04,Mainz 05,home,4-1-3-2,False,7,Leon Avdullahu,,0,746968
Hoffenheim,2026-04-04,Mainz 05,home,4-1-3-2,False,2,Robin Hranác,,0,746968
Hoffenheim,2026-04-04,Mainz 05,home,4-1-3-2,False,9,Ihlas Bebou,,0,746968
Hoffenheim,2026-04-04,Mainz 05,home,4-1-3-2,False,20,Cole Campbell,,0,746968
Hoffenheim,2026-04-04,Mainz 05,home,4-1-3-2,False,10,Muhammed Damar,,0,746968
Hoffenheim,2026-04-04,Mainz 05,home,4-1-3-2,False,27,Andrej Kramaric,,0,746968
Hoffenheim,2026-04-04,Mainz 05,home,4-1-3-2,False,25,Kevin Akpoguma,,0,746968
Hoffenheim,2026-04-04,Mainz 05,home,4-1-3-2,True,1,Oliver Baumann,G,1,746968
Hoffenheim,2026-04-04,Mainz 05,home,4-1-3-2,True,21,Albian Hajdari,CD-L,6,746968
Hoffenheim,2026-04-04,Mainz 05,home,4-1-3-2,True,5,Ozan Kabak,CD-R,5,746968
Hoffenheim,2026-04-04,Mainz 05,home,4-1-3-2,True,18,Wouter Burger,SW,4,746968
Hoffenheim,2026-04-04,Mainz 05,home,4-1-3-2,True,13,Bernardo,LB,3,746968
Hoffenheim,2026-04-04,Mainz 05,home,4-1-3-2,True,34,Vladimír Coufal,RB,2,746968
Hoffenheim,2026-04-04,Mainz 05,home,4-1-3-2,True,11,Fisnik Asllani,CM,8,746968
Hoffenheim,2026-04-04,Mainz 05,home,4-1-3-2,True,22,Alexander Prass,LM,11,746968
Hoffenheim,2026-04-04,Mainz 05,home,4-1-3-2,True,6,Grischa Prömel,RM,7,746968
Hoffenheim,2026-04-04,Mainz 05,home,4-1-3-2,True,29,Bazoumana Touré,CF-L,10,746968
Hoffenheim,2026-04-04,Mainz 05,home,4-1-3-2,True,19,Tim Lemperle,CF-R,9,746968
Mainz 05,2026-04-04,Hoffenheim,away,3-5-2,True,33,Daniel Batz,G,1,746968
Mainz 05,2026-04-04,Hoffenheim,away,3-5-2,True,4,Stefan Posch,CD,5,746968
Mainz 05,2026-04-04,Hoffenheim,away,3-5-2,True,31,Dominik Kohr,CD-L,4,746968
Mainz 05,2026-04-04,Hoffenheim,away,3-5-2,True,21,Danny da Costa,CD-R,6,746968
Mainz 05,2026-04-04,Hoffenheim,away,3-5-2,True,7,Lee Jae-Sung,CM-L,8,746968
Mainz 05,2026-04-04,Hoffenheim,away,3-5-2,True,8,Paul Nebel,CM-R,7,746968
Mainz 05,2026-04-04,Hoffenheim,away,3-5-2,True,6,Kaishu Sano,AM,11,746968
Mainz 05,2026-04-04,Hoffenheim,away,3-5-2,True,2,Phillipp Mwene,LM,3,746968
Mainz 05,2026-04-04,Hoffenheim,away,3-5-2,True,30,Silvan Widmer,RM,2,746968
Mainz 05,2026-04-04,Hoffenheim,away,3-5-2,True,20,Phillip Tietz,CF-L,9,746968
Mainz 05,2026-04-04,Hoffenheim,away,3-5-2,True,23,Sheraldo Becker,CF-R,10,746968
Mainz 05,2026-04-04,Hoffenheim,away,3-5-2,False,14,William Bøving,SUB,0,746968
Mainz 05,2026-04-04,Hoffenheim,away,3-5-2,False,48,Kacper Potulski,SUB,0,746968
Mainz 05,2026-04-04,Hoffenheim,away,3-5-2,False,11,Armindo Sieb,SUB,0,746968
Mainz 05,2026-04-04,Hoffenheim,away,3-5-2,False,15,Lennard Maloney,SUB,0,746968
Mainz 05,2026-04-04,Hoffenheim,away,3-5-2,False,44,Nelson Weiper,SUB,0,746968
Mainz 05,2026-04-04,Hoffenheim,away,3-5-2,False,22,Nikolas Veratschnig,SUB,0,746968
Mainz 05,2026-04-04,Hoffenheim,away,3-5-2,False,24,Sota Kawasaki,SUB,0,746968
Mainz 05,2026-04-04,Hoffenheim,away,3-5-2,False,1,Lasse Rieß,SUB,0,746968
Mainz 05,2026-04-04,Hoffenheim,away,3-5-2,False,5,Maxim Leitsch,SUB,0,746968
Union Berlin,2026-04-05,St Pauli,home,3-4-2-1,True,1,Frederik Ronnow,G,1,746961
Union Berlin,2026-04-05,St Pauli,home,3-4-2-1,True,14,Leopold Querfeld,CD,5,746961
Union Berlin,2026-04-05,St Pauli,home,3-4-2-1,True,4,Diogo Leite,CD-L,4,746961
Union Berlin,2026-04-05,St Pauli,home,3-4-2-1,True,5,Danilho Doekhi,CD-R,6,746961
Union Berlin,2026-04-05,St Pauli,home,3-4-2-1,True,8,Rani Khedira,CM-L,8,746961
Union Berlin,2026-04-05,St Pauli,home,3-4-2-1,True,13,András Schäfer,CM-R,7,746961
Union Berlin,2026-04-05,St Pauli,home,3-4-2-1,True,39,Derrick Köhn,LM,3,746961
Union Berlin,2026-04-05,St Pauli,home,3-4-2-1,True,19,Janik Haberer,RM,2,746961
Union Berlin,2026-04-05,St Pauli,home,3-4-2-1,True,7,Oliver Burke,F,9,746961
Union Berlin,2026-04-05,St Pauli,home,3-4-2-1,True,23,Andrej Ilic,CF-L,11,746961
Union Berlin,2026-04-05,St Pauli,home,3-4-2-1,True,11,Jeong Woo-Yeong,CF-R,10,746961
Union Berlin,2026-04-05,St Pauli,home,3-4-2-1,False,21,Tim Skarke,SUB,0,746961
Union Berlin,2026-04-05,St Pauli,home,3-4-2-1,False,28,Christopher Trimmel,SUB,0,746961
Union Berlin,2026-04-05,St Pauli,home,3-4-2-1,False,10,Ilyas Ansah,SUB,0,746961
Union Berlin,2026-04-05,St Pauli,home,3-4-2-1,False,9,Livan Burcu,SUB,0,746961
Union Berlin,2026-04-05,St Pauli,home,3-4-2-1,False,25,Carl Klaus,SUB,0,746961
Union Berlin,2026-04-05,St Pauli,home,3-4-2-1,False,15,Tom Rothe,SUB,0,746961
Union Berlin,2026-04-05,St Pauli,home,3-4-2-1,False,6,Aljoscha Kemlein,SUB,0,746961
Union Berlin,2026-04-05,St Pauli,home,3-4-2-1,False,33,Alex Král,SUB,0,746961
Union Berlin,2026-04-05,St Pauli,home,3-4-2-1,False,18,Josip Juranovic,SUB,0,746961
St Pauli,2026-04-05,Union Berlin,away,3-4-2-1,True,22,Nikola Vasilj,G,1,746961
St Pauli,2026-04-05,Union Berlin,away,3-4-2-1,True,5,Hauke Wahl,CD,5,746961
St Pauli,2026-04-05,Union Berlin,away,3-4-2-1,True,3,Karol Mets,CD-L,4,746961
St Pauli,2026-04-05,Union Berlin,away,3-4-2-1,True,25,Adam Dzwigala,CD-R,6,746961
St Pauli,2026-04-05,Union Berlin,away,3-4-2-1,True,7,Jackson Irvine,CM-L,8,746961
St Pauli,2026-04-05,Union Berlin,away,3-4-2-1,True,20,Mathias Rasmussen,CM-R,7,746961
St Pauli,2026-04-05,Union Berlin,away,3-4-2-1,True,28,Mathias Pereira Lage,LM,3,746961
St Pauli,2026-04-05,Union Berlin,away,3-4-2-1,True,11,Arkadiusz Pyrka,RM,2,746961
St Pauli,2026-04-05,Union Berlin,away,3-4-2-1,True,19,Martijn Kaars,F,9,746961
St Pauli,2026-04-05,Union Berlin,away,3-4-2-1,True,16,Joel Chima Fujita,CF-L,11,746961
St Pauli,2026-04-05,Union Berlin,away,3-4-2-1,True,10,Danel Sinani,CF-R,10,746961
St Pauli,2026-04-05,Union Berlin,away,3-4-2-1,False,23,Louis Oppie,SUB,0,746961
St Pauli,2026-04-05,Union Berlin,away,3-4-2-1,False,27,Andreas Hountondji,SUB,0,746961
St Pauli,2026-04-05,Union Berlin,away,3-4-2-1,False,1,Ben Voll,SUB,0,746961
St Pauli,2026-04-05,Union Berlin,away,3-4-2-1,False,21,Lars Ritzka,SUB,0,746961
St Pauli,2026-04-05,Union Berlin,away,3-4-2-1,False,34,Jannik Robatsch,SUB,0,746961
St Pauli,2026-04-05,Union Berlin,away,3-4-2-1,False,9,Abdoulie Ceesay,SUB,0,746961
St Pauli,2026-04-05,Union Berlin,away,3-4-2-1,False,18,Taichi Hara,SUB,0,746961
St Pauli,2026-04-05,Union Berlin,away,3-4-2-1,False,4,David Nemeth,SUB,0,746961
St Pauli,2026-04-05,Union Berlin,away,3-4-2-1,False,24,Connor Metcalfe,SUB,0,746961
Köln,2026-03-21,Gladbach,home,4-2-3-1,True,1,Marvin Schwäbe,G,1,746959
Köln,2026-03-21,Gladbach,home,4-2-3-1,True,39,Cenk Özkacar,CD-L,6,746959
Köln,2026-03-21,Gladbach,home,4-2-3-1,True,33,Rav van den Berg,CD-R,5,746959
Köln,2026-03-21,Gladbach,home,4-2-3-1,True,32,Kristoffer Lund,LB,3,746959
Köln,2026-03-21,Gladbach,home,4-2-3-1,True,36,Cenny Neumann,RB,2,746959
Köln,2026-03-21,Gladbach,home,4-2-3-1,True,16,Jakub Kaminski,AM,10,746959
Köln,2026-03-21,Gladbach,home,4-2-3-1,True,6,Eric Martel,LM,4,746959
Köln,2026-03-21,Gladbach,home,4-2-3-1,True,18,Ísak Jóhannesson,RM,8,746959
Köln,2026-03-21,Gladbach,home,4-2-3-1,True,9,Ragnar Ache,F,9,746959
Köln,2026-03-21,Gladbach,home,4-2-3-1,True,13,Said El Mala,AM-L,11,746959
Köln,2026-03-21,Gladbach,home,4-2-3-1,True,37,Linton Maina,AM-R,7,746959
Köln,2026-03-21,Gladbach,home,4-2-3-1,False,30,Marius Bulter,SUB,0,746959
Köln,2026-03-21,Gladbach,home,4-2-3-1,False,27,Felipe Chávez,SUB,0,746959
Köln,2026-03-21,Gladbach,home,4-2-3-1,False,7,Luca Waldschmidt,SUB,0,746959
Köln,2026-03-21,Gladbach,home,4-2-3-1,False,11,Florian Kainz,SUB,0,746959
Köln,2026-03-21,Gladbach,home,4-2-3-1,False,20,Ron-Robert Zieler,SUB,0,746959
Köln,2026-03-21,Gladbach,home,4-2-3-1,False,38,Youssoupha Niang,SUB,0,746959
Köln,2026-03-21,Gladbach,home,4-2-3-1,False,29,Jan Thielmann,SUB,0,746959
Köln,2026-03-21,Gladbach,home,4-2-3-1,False,3,Dominique Heintz,SUB,0,746959
Köln,2026-03-21,Gladbach,home,4-2-3-1,False,44,Matthias Köbbing,SUB,0,746959
Gladbach,2026-03-21,Köln,away,3-4-2-1,True,33,Moritz Nicolas,G,1,746959
Gladbach,2026-03-21,Köln,away,3-4-2-1,True,30,Nico Elvedi,CD,5,746959
Gladbach,2026-03-21,Köln,away,3-4-2-1,True,4,Kevin Diks,CD-L,4,746959
Gladbach,2026-03-21,Köln,away,3-4-2-1,True,16,Philipp Sander,CD-R,6,746959
Gladbach,2026-03-21,Köln,away,3-4-2-1,True,6,Yannick Engelhardt,CM-L,8,746959
Gladbach,2026-03-21,Köln,away,3-4-2-1,True,27,Rocco Reitz,CM-R,7,746959
Gladbach,2026-03-21,Köln,away,3-4-2-1,True,17,Jens Castrop,LM,3,746959
Gladbach,2026-03-21,Köln,away,3-4-2-1,True,29,Joe Scally,RM,2,746959
Gladbach,2026-03-21,Köln,away,3-4-2-1,True,15,Haris Tabakovic,F,9,746959
Gladbach,2026-03-21,Köln,away,3-4-2-1,True,7,Kevin Stöger,CF-L,11,746959
Gladbach,2026-03-21,Köln,away,3-4-2-1,True,9,Franck Honorat,CF-R,10,746959
Gladbach,2026-03-21,Köln,away,3-4-2-1,False,38,Hugo Bolin,SUB,0,746959
Gladbach,2026-03-21,Köln,away,3-4-2-1,False,13,Giovanni Reyna,SUB,0,746959
Gladbach,2026-03-21,Köln,away,3-4-2-1,False,18,Shuto Machino,SUB,0,746959
Gladbach,2026-03-21,Köln,away,3-4-2-1,False,10,Florian Neuhaus,SUB,0,746959
Gladbach,2026-03-21,Köln,away,3-4-2-1,False,5,Marvin Friedrich,SUB,0,746959
Gladbach,2026-03-21,Köln,away,3-4-2-1,False,42,Tiago Pereira,SUB,0,746959
Gladbach,2026-03-21,Köln,away,3-4-2-1,False,26,Lukas Ullrich,SUB,0,746959
Gladbach,2026-03-21,Köln,away,3-4-2-1,False,36,Wael Mohya,SUB,0,746959
Gladbach,2026-03-21,Köln,away,3-4-2-1,False,2,Fabio Chiarodia,SUB,0,746959
Frankfurt,2026-04-05,Köln,home,3-4-2-1,True,23,Michael Zetterer,G,1,746965
Frankfurt,2026-04-05,Köln,home,3-4-2-1,True,4,Robin Koch,CD,5,746965
Frankfurt,2026-04-05,Köln,home,3-4-2-1,True,3,Arthur Theate,CD-L,4,746965
Frankfurt,2026-04-05,Köln,home,3-4-2-1,True,5,Aurèle Amenda,CD-R,6,746965
Frankfurt,2026-04-05,Köln,home,3-4-2-1,True,6,Oscar Højlund,CM-L,8,746965
Frankfurt,2026-04-05,Köln,home,3-4-2-1,True,16,Hugo Larsson,CM-R,7,746965
Frankfurt,2026-04-05,Köln,home,3-4-2-1,True,21,Nathaniel Brown,LM,3,746965
Frankfurt,2026-04-05,Köln,home,3-4-2-1,True,7,Ansgar Knauff,RM,2,746965
Frankfurt,2026-04-05,Köln,home,3-4-2-1,True,9,Jonathan Burkardt,F,9,746965
Frankfurt,2026-04-05,Köln,home,3-4-2-1,True,25,Arnaud Kalimuendo,CF-L,11,746965
Frankfurt,2026-04-05,Köln,home,3-4-2-1,True,20,Ritsu Doan,CF-R,10,746965
Frankfurt,2026-04-05,Köln,home,3-4-2-1,False,15,Ellyes Skhiri,SUB,0,746965
Frankfurt,2026-04-05,Köln,home,3-4-2-1,False,11,Younes Ebnoutalib,SUB,0,746965
Frankfurt,2026-04-05,Köln,home,3-4-2-1,False,22,Timothy Chandler,SUB,0,746965
Frankfurt,2026-04-05,Köln,home,3-4-2-1,False,33,Jens Grahl,SUB,0,746965
Frankfurt,2026-04-05,Köln,home,3-4-2-1,False,27,Mario Götze,SUB,0,746965
Frankfurt,2026-04-05,Köln,home,3-4-2-1,False,29,Ayoube Amaimouni,SUB,0,746965
Frankfurt,2026-04-05,Köln,home,3-4-2-1,False,8,Farès Chaïbi,SUB,0,746965
Frankfurt,2026-04-05,Köln,home,3-4-2-1,False,31,Love Arrhov,SUB,0,746965
Frankfurt,2026-04-05,Köln,home,3-4-2-1,False,42,Can Uzun,SUB,0,746965
Köln,2026-04-05,Frankfurt,away,5-3-2,True,1,Marvin Schwäbe,G,1,746965
Köln,2026-04-05,Frankfurt,away,5-3-2,True,33,Rav van den Berg,CD,5,746965
Köln,2026-04-05,Frankfurt,away,5-3-2,True,39,Cenk Özkacar,CD-L,4,746965
Köln,2026-04-05,Frankfurt,away,5-3-2,True,28,Sebastian Sebulonsen,CD-R,6,746965
Köln,2026-04-05,Frankfurt,away,5-3-2,True,32,Kristoffer Lund,LB,3,746965
Köln,2026-04-05,Frankfurt,away,5-3-2,True,29,Jan Thielmann,RB,2,746965
Köln,2026-04-05,Frankfurt,away,5-3-2,True,8,Denis Huseinbasic,CM,8,746965
Köln,2026-04-05,Frankfurt,away,5-3-2,True,16,Jakub Kaminski,CM-L,11,746965
Köln,2026-04-05,Frankfurt,away,5-3-2,True,5,Tom Krauss,CM-R,7,746965
Köln,2026-04-05,Frankfurt,away,5-3-2,True,13,Said El Mala,CF-L,9,746965
Köln,2026-04-05,Frankfurt,away,5-3-2,True,9,Ragnar Ache,CF-R,10,746965
Köln,2026-04-05,Frankfurt,away,5-3-2,False,3,Dominique Heintz,SUB,0,746965
Köln,2026-04-05,Frankfurt,away,5-3-2,False,27,Felipe Chávez,SUB,0,746965
Köln,2026-04-05,Frankfurt,away,5-3-2,False,17,Alessio Castro-Montes,SUB,0,746965
Köln,2026-04-05,Frankfurt,away,5-3-2,False,18,Ísak Jóhannesson,SUB,0,746965
Köln,2026-04-05,Frankfurt,away,5-3-2,False,30,Marius Bulter,SUB,0,746965
Köln,2026-04-05,Frankfurt,away,5-3-2,False,20,Ron-Robert Zieler,SUB,0,746965
Köln,2026-04-05,Frankfurt,away,5-3-2,False,37,Linton Maina,SUB,0,746965
Köln,2026-04-05,Frankfurt,away,5-3-2,False,7,Luca Waldschmidt,SUB,0,746965
Köln,2026-04-05,Frankfurt,away,5-3-2,False,11,Florian Kainz,SUB,0,746965
Wolfsburg,2026-04-11,Frankfurt,home,3-4-2-1,True,1,Kamil Grabara,G,1,746978
Wolfsburg,2026-04-11,Frankfurt,home,3-4-2-1,True,15,Moritz Jenz,CD,5,746978
Wolfsburg,2026-04-11,Frankfurt,home,3-4-2-1,True,6,Jeanuël Belocian,CD-L,4,746978
Wolfsburg,2026-04-11,Frankfurt,home,3-4-2-1,True,3,Denis Vavro,CD-R,6,746978
Wolfsburg,2026-04-11,Frankfurt,home,3-4-2-1,True,5,Vinicius Souza,CM-L,8,746978
Wolfsburg,2026-04-11,Frankfurt,home,3-4-2-1,True,24,Christian Eriksen,CM-R,7,746978
Wolfsburg,2026-04-11,Frankfurt,home,3-4-2-1,True,25,Aaron Zehnter,LM,3,746978
Wolfsburg,2026-04-11,Frankfurt,home,3-4-2-1,True,21,Joakim Maehle,RM,2,746978
Wolfsburg,2026-04-11,Frankfurt,home,3-4-2-1,True,39,Patrick Wimmer,F,9,746978
Wolfsburg,2026-04-11,Frankfurt,home,3-4-2-1,True,9,Mohamed Amoura,CF-L,11,746978
Wolfsburg,2026-04-11,Frankfurt,home,3-4-2-1,True,19,Jesper Lindstrom,CF-R,10,746978
Wolfsburg,2026-04-11,Frankfurt,home,3-4-2-1,False,12,Pavao Pervan,SUB,0,746978
Wolfsburg,2026-04-11,Frankfurt,home,3-4-2-1,False,41,Jan Bürger,SUB,0,746978
Wolfsburg,2026-04-11,Frankfurt,home,3-4-2-1,False,11,Adam Daghim,SUB,0,746978
Wolfsburg,2026-04-11,Frankfurt,home,3-4-2-1,False,7,Kento Shiogai,SUB,0,746978
Wolfsburg,2026-04-11,Frankfurt,home,3-4-2-1,False,10,Lovro Majer,SUB,0,746978
Wolfsburg,2026-04-11,Frankfurt,home,3-4-2-1,False,17,Dzenan Pejcinovic,SUB,0,746978
Wolfsburg,2026-04-11,Frankfurt,home,3-4-2-1,False,31,Yannick Gerhardt,SUB,0,746978
Wolfsburg,2026-04-11,Frankfurt,home,3-4-2-1,False,27,Maximilian Arnold,SUB,0,746978
Wolfsburg,2026-04-11,Frankfurt,home,3-4-2-1,False,18,Jonas Adjetey,SUB,0,746978
Frankfurt,2026-04-11,Wolfsburg,away,3-4-3,True,23,Michael Zetterer,G,1,746978
Frankfurt,2026-04-11,Wolfsburg,away,3-4-3,True,4,Robin Koch,CD,5,746978
Frankfurt,2026-04-11,Wolfsburg,away,3-4-3,True,3,Arthur Theate,CD-L,4,746978
Frankfurt,2026-04-11,Wolfsburg,away,3-4-3,True,5,Aurèle Amenda,CD-R,6,746978
Frankfurt,2026-04-11,Wolfsburg,away,3-4-3,True,6,Oscar Højlund,CM-L,8,746978
Frankfurt,2026-04-11,Wolfsburg,away,3-4-3,True,16,Hugo Larsson,CM-R,7,746978
Frankfurt,2026-04-11,Wolfsburg,away,3-4-3,True,21,Nathaniel Brown,LM,3,746978
Frankfurt,2026-04-11,Wolfsburg,away,3-4-3,True,29,Ayoube Amaimouni,RM,2,746978
Frankfurt,2026-04-11,Wolfsburg,away,3-4-3,True,9,Jonathan Burkardt,F,9,746978
Frankfurt,2026-04-11,Wolfsburg,away,3-4-3,True,25,Arnaud Kalimuendo,CF-L,11,746978
Frankfurt,2026-04-11,Wolfsburg,away,3-4-3,True,8,Farès Chaïbi,CF-R,10,746978
Frankfurt,2026-04-11,Wolfsburg,away,3-4-3,False,22,Timothy Chandler,SUB,0,746978
Frankfurt,2026-04-11,Wolfsburg,away,3-4-3,False,42,Can Uzun,SUB,0,746978
Frankfurt,2026-04-11,Wolfsburg,away,3-4-3,False,31,Love Arrhov,SUB,0,746978
Frankfurt,2026-04-11,Wolfsburg,away,3-4-3,False,11,Younes Ebnoutalib,SUB,0,746978
Frankfurt,2026-04-11,Wolfsburg,away,3-4-3,False,7,Ansgar Knauff,SUB,0,746978
Frankfurt,2026-04-11,Wolfsburg,away,3-4-3,False,33,Jens Grahl,SUB,0,746978
Frankfurt,2026-04-11,Wolfsburg,away,3-4-3,False,2,Elias Baum,SUB,0,746978
Frankfurt,2026-04-11,Wolfsburg,away,3-4-3,False,27,Mario Götze,SUB,0,746978
Frankfurt,2026-04-11,Wolfsburg,away,3-4-3,False,15,Ellyes Skhiri,SUB,0,746978
Wolfsburg,2026-03-21,Werder Bremen,home,3-4-2-1,True,1,Kamil Grabara,G,1,746960
Wolfsburg,2026-03-21,Werder Bremen,home,3-4-2-1,True,15,Moritz Jenz,CD,5,746960
Wolfsburg,2026-03-21,Werder Bremen,home,3-4-2-1,True,4,Konstantinos Koulierakis,CD-L,4,746960
Wolfsburg,2026-03-21,Werder Bremen,home,3-4-2-1,True,6,Jeanuël Belocian,CD-R,6,746960
Wolfsburg,2026-03-21,Werder Bremen,home,3-4-2-1,True,5,Vinicius Souza,CM-L,8,746960
Wolfsburg,2026-03-21,Werder Bremen,home,3-4-2-1,True,24,Christian Eriksen,CM-R,7,746960
Wolfsburg,2026-03-21,Werder Bremen,home,3-4-2-1,True,21,Joakim Maehle,LM,3,746960
Wolfsburg,2026-03-21,Werder Bremen,home,3-4-2-1,True,26,Saël Kumbedi,RM,2,746960
Wolfsburg,2026-03-21,Werder Bremen,home,3-4-2-1,True,23,Jonas Wind,F,9,746960
Wolfsburg,2026-03-21,Werder Bremen,home,3-4-2-1,True,9,Mohamed Amoura,CF-L,11,746960
Wolfsburg,2026-03-21,Werder Bremen,home,3-4-2-1,True,19,Jesper Lindstrom,CF-R,10,746960
Wolfsburg,2026-03-21,Werder Bremen,home,3-4-2-1,False,29,Marius Müller,SUB,0,746960
Wolfsburg,2026-03-21,Werder Bremen,home,3-4-2-1,False,17,Dzenan Pejcinovic,SUB,0,746960
Wolfsburg,2026-03-21,Werder Bremen,home,3-4-2-1,False,10,Lovro Majer,SUB,0,746960
Wolfsburg,2026-03-21,Werder Bremen,home,3-4-2-1,False,27,Maximilian Arnold,SUB,0,746960
Wolfsburg,2026-03-21,Werder Bremen,home,3-4-2-1,False,3,Denis Vavro,SUB,0,746960
Wolfsburg,2026-03-21,Werder Bremen,home,3-4-2-1,False,39,Patrick Wimmer,SUB,0,746960
Wolfsburg,2026-03-21,Werder Bremen,home,3-4-2-1,False,31,Yannick Gerhardt,SUB,0,746960
Wolfsburg,2026-03-21,Werder Bremen,home,3-4-2-1,False,11,Adam Daghim,SUB,0,746960
Wolfsburg,2026-03-21,Werder Bremen,home,3-4-2-1,False,7,Kento Shiogai,SUB,0,746960
Werder Bremen,2026-03-21,Wolfsburg,away,4-2-3-1,True,30,Mio Backhaus,G,1,746960
Werder Bremen,2026-03-21,Wolfsburg,away,4-2-3-1,True,32,Marco Friedl,CD-L,6,746960
Werder Bremen,2026-03-21,Wolfsburg,away,4-2-3-1,True,4,Niklas Stark,CD-R,5,746960
Werder Bremen,2026-03-21,Wolfsburg,away,4-2-3-1,True,2,Olivier Deman,LB,3,746960
Werder Bremen,2026-03-21,Wolfsburg,away,4-2-3-1,True,3,Yukinari Sugawara,RB,2,746960
Werder Bremen,2026-03-21,Wolfsburg,away,4-2-3-1,True,20,Romano Schmid,AM,10,746960
Werder Bremen,2026-03-21,Wolfsburg,away,4-2-3-1,True,18,Cameron Puertas,LM,4,746960
Werder Bremen,2026-03-21,Wolfsburg,away,4-2-3-1,True,10,Leonardo Bittencourt,RM,8,746960
Werder Bremen,2026-03-21,Wolfsburg,away,4-2-3-1,True,11,Justin Njinmah,F,9,746960
Werder Bremen,2026-03-21,Wolfsburg,away,4-2-3-1,True,7,Samuel Mbangula,AM-L,11,746960
Werder Bremen,2026-03-21,Wolfsburg,away,4-2-3-1,True,17,Marco Grüll,AM-R,7,746960
Werder Bremen,2026-03-21,Wolfsburg,away,4-2-3-1,False,23,Isaac Schmidt,SUB,0,746960
Werder Bremen,2026-03-21,Wolfsburg,away,4-2-3-1,False,33,Mick Schmetgens,SUB,0,746960
Werder Bremen,2026-03-21,Wolfsburg,away,4-2-3-1,False,9,Keke Topp,SUB,0,746960
Werder Bremen,2026-03-21,Wolfsburg,away,4-2-3-1,False,27,Felix Agu,SUB,0,746960
Werder Bremen,2026-03-21,Wolfsburg,away,4-2-3-1,False,25,Markus Kolke,SUB,0,746960
Werder Bremen,2026-03-21,Wolfsburg,away,4-2-3-1,False,24,Patrice Covic,SUB,0,746960
Werder Bremen,2026-03-21,Wolfsburg,away,4-2-3-1,False,29,Salim Musah,SUB,0,746960
Werder Bremen,2026-03-21,Wolfsburg,away,4-2-3-1,False,31,Karim Coulibaly,SUB,0,746960
Hamburger SV,2026-04-04,Augsburg,home,3-4-2-1,True,1,Daniel Heuer Fernandes,G,1,746969
Hamburger SV,2026-04-04,Augsburg,home,3-4-2-1,True,44,Luka Vuskovic,CD,5,746969
Hamburger SV,2026-04-04,Augsburg,home,3-4-2-1,True,25,Jordan Torunarigha,CD-L,4,746969
Hamburger SV,2026-04-04,Augsburg,home,3-4-2-1,True,17,Warmed Omari,CD-R,6,746969
Hamburger SV,2026-04-04,Augsburg,home,3-4-2-1,True,20,Fabio Vieira,CM-L,8,746969
Hamburger SV,2026-04-04,Augsburg,home,3-4-2-1,True,6,Albert Sambi Lokonga,CM-R,7,746969
Hamburger SV,2026-04-04,Augsburg,home,3-4-2-1,True,28,Miro Muheim,LM,3,746969
Hamburger SV,2026-04-04,Augsburg,home,3-4-2-1,True,2,William Mikelbrencis,RM,2,746969
Hamburger SV,2026-04-04,Augsburg,home,3-4-2-1,True,9,Robert Glatzel,F,9,746969
Hamburger SV,2026-04-04,Augsburg,home,3-4-2-1,True,27,Philip Otele,CF-L,11,746969
Hamburger SV,2026-04-04,Augsburg,home,3-4-2-1,True,11,Ransford-Yeboah Königsdörffer,CF-R,10,746969
Hamburger SV,2026-04-04,Augsburg,home,3-4-2-1,False,49,Otto Stange,SUB,0,746969
Hamburger SV,2026-04-04,Augsburg,home,3-4-2-1,False,8,Daniel Elfadli,SUB,0,746969
Hamburger SV,2026-04-04,Augsburg,home,3-4-2-1,False,19,Damion Downs,SUB,0,746969
Hamburger SV,2026-04-04,Augsburg,home,3-4-2-1,False,14,Rayan Philippe,SUB,0,746969
Hamburger SV,2026-04-04,Augsburg,home,3-4-2-1,False,45,Fabio Baldé,SUB,0,746969
Hamburger SV,2026-04-04,Augsburg,home,3-4-2-1,False,16,Giorgi Gocholeishvili,SUB,0,746969
Hamburger SV,2026-04-04,Augsburg,home,3-4-2-1,False,23,Albert Grønbaek,SUB,0,746969
Hamburger SV,2026-04-04,Augsburg,home,3-4-2-1,False,43,Shafiq Nandja,SUB,0,746969
Hamburger SV,2026-04-04,Augsburg,home,3-4-2-1,False,12,Sander Tangvik,SUB,0,746969
Augsburg,2026-04-04,Hamburger SV,away,3-4-2-1,True,1,Finn Dahmen,G,1,746969
Augsburg,2026-04-04,Hamburger SV,away,3-4-2-1,True,31,Keven Schlotterbeck,CD,5,746969
Augsburg,2026-04-04,Hamburger SV,away,3-4-2-1,True,16,Cédric Zesiger,CD-L,4,746969
Augsburg,2026-04-04,Hamburger SV,away,3-4-2-1,True,34,Arthur Chaves,CD-R,6,746969
Augsburg,2026-04-04,Hamburger SV,away,3-4-2-1,True,32,Fabian Rieder,CM-L,8,746969
Augsburg,2026-04-04,Hamburger SV,away,3-4-2-1,True,19,Robin Fellhauer,CM-R,7,746969
Augsburg,2026-04-04,Hamburger SV,away,3-4-2-1,True,13,Dimitris Giannoulis,LM,3,746969
Augsburg,2026-04-04,Hamburger SV,away,3-4-2-1,True,27,Marius Wolf,RM,2,746969
Augsburg,2026-04-04,Hamburger SV,away,3-4-2-1,True,38,Michael Gregoritsch,F,9,746969
Augsburg,2026-04-04,Hamburger SV,away,3-4-2-1,True,20,Alexis Claude-Maurice,CF-L,11,746969
Augsburg,2026-04-04,Hamburger SV,away,3-4-2-1,True,30,Anton Kade,CF-R,10,746969
Augsburg,2026-04-04,Hamburger SV,away,3-4-2-1,False,22,Nediljko Labrovic,SUB,0,746969
Augsburg,2026-04-04,Hamburger SV,away,3-4-2-1,False,4,Han-Noah Massengo,SUB,0,746969
Augsburg,2026-04-04,Hamburger SV,away,3-4-2-1,False,8,Elvis Rexhbecaj,SUB,0,746969
Augsburg,2026-04-04,Hamburger SV,away,3-4-2-1,False,11,Ismaël Gharbi,SUB,0,746969
Augsburg,2026-04-04,Hamburger SV,away,3-4-2-1,False,36,Mert Kömür,SUB,0,746969
Augsburg,2026-04-04,Hamburger SV,away,3-4-2-1,False,39,Uchenna Ogundu,SUB,0,746969
Augsburg,2026-04-04,Hamburger SV,away,3-4-2-1,False,40,Noahkai Banks,SUB,0,746969
Augsburg,2026-04-04,Hamburger SV,away,3-4-2-1,False,21,Rodrigo Ribeiro,SUB,0,746969
Augsburg,2026-04-04,Hamburger SV,away,3-4-2-1,False,6,Jeffrey Gouweleeuw,SUB,0,746969
Augsburg,2026-04-10,Hoffenheim,home,3-4-2-1,True,1,Finn Dahmen,G,1,746974
Augsburg,2026-04-10,Hoffenheim,home,3-4-2-1,True,6,Jeffrey Gouweleeuw,CD,5,746974
Augsburg,2026-04-10,Hoffenheim,home,3-4-2-1,True,16,Cédric Zesiger,CD-L,4,746974
Augsburg,2026-04-10,Hoffenheim,home,3-4-2-1,True,34,Arthur Chaves,CD-R,6,746974
Augsburg,2026-04-10,Hoffenheim,home,3-4-2-1,True,32,Fabian Rieder,CM-L,8,746974
Augsburg,2026-04-10,Hoffenheim,home,3-4-2-1,True,19,Robin Fellhauer,CM-R,7,746974
Augsburg,2026-04-10,Hoffenheim,home,3-4-2-1,True,13,Dimitris Giannoulis,LM,3,746974
Augsburg,2026-04-10,Hoffenheim,home,3-4-2-1,True,27,Marius Wolf,RM,2,746974
Augsburg,2026-04-10,Hoffenheim,home,3-4-2-1,True,38,Michael Gregoritsch,F,9,746974
Augsburg,2026-04-10,Hoffenheim,home,3-4-2-1,True,20,Alexis Claude-Maurice,CF-L,11,746974
Augsburg,2026-04-10,Hoffenheim,home,3-4-2-1,True,30,Anton Kade,CF-R,10,746974
Augsburg,2026-04-10,Hoffenheim,home,3-4-2-1,False,3,Mads Pedersen,SUB,0,746974
Augsburg,2026-04-10,Hoffenheim,home,3-4-2-1,False,11,Ismaël Gharbi,SUB,0,746974
Augsburg,2026-04-10,Hoffenheim,home,3-4-2-1,False,36,Mert Kömür,SUB,0,746974
Augsburg,2026-04-10,Hoffenheim,home,3-4-2-1,False,25,Daniel Klein,SUB,0,746974
Augsburg,2026-04-10,Hoffenheim,home,3-4-2-1,False,8,Elvis Rexhbecaj,SUB,0,746974
Augsburg,2026-04-10,Hoffenheim,home,3-4-2-1,False,40,Noahkai Banks,SUB,0,746974
Augsburg,2026-04-10,Hoffenheim,home,3-4-2-1,False,21,Rodrigo Ribeiro,SUB,0,746974
Augsburg,2026-04-10,Hoffenheim,home,3-4-2-1,False,17,Kristijan Jakic,SUB,0,746974
Augsburg,2026-04-10,Hoffenheim,home,3-4-2-1,False,39,Uchenna Ogundu,SUB,0,746974
Hoffenheim,2026-04-10,Augsburg,away,3-4-1-2,True,1,Oliver Baumann,G,1,746974
Hoffenheim,2026-04-10,Augsburg,away,3-4-1-2,True,5,Ozan Kabak,CD,5,746974
Hoffenheim,2026-04-10,Augsburg,away,3-4-1-2,True,21,Albian Hajdari,CD-L,4,746974
Hoffenheim,2026-04-10,Augsburg,away,3-4-1-2,True,2,Robin Hranác,CD-R,6,746974
Hoffenheim,2026-04-10,Augsburg,away,3-4-1-2,True,7,Leon Avdullahu,CM-L,8,746974
Hoffenheim,2026-04-10,Augsburg,away,3-4-1-2,True,6,Grischa Prömel,CM-R,7,746974
Hoffenheim,2026-04-10,Augsburg,away,3-4-1-2,True,27,Andrej Kramaric,AM,9,746974
Hoffenheim,2026-04-10,Augsburg,away,3-4-1-2,True,29,Bazoumana Touré,LM,3,746974
Hoffenheim,2026-04-10,Augsburg,away,3-4-1-2,True,34,Vladimír Coufal,RM,2,746974
Hoffenheim,2026-04-10,Augsburg,away,3-4-1-2,True,19,Tim Lemperle,CF-L,11,746974
Hoffenheim,2026-04-10,Augsburg,away,3-4-1-2,True,11,Fisnik Asllani,CF-R,10,746974
Hoffenheim,2026-04-10,Augsburg,away,3-4-1-2,False,10,Muhammed Damar,SUB,0,746974
Hoffenheim,2026-04-10,Augsburg,away,3-4-1-2,False,22,Alexander Prass,SUB,0,746974
Hoffenheim,2026-04-10,Augsburg,away,3-4-1-2,False,48,Luka Djuric,SUB,0,746974
Hoffenheim,2026-04-10,Augsburg,away,3-4-1-2,False,13,Bernardo,SUB,0,746974
Hoffenheim,2026-04-10,Augsburg,away,3-4-1-2,False,37,Luca Philipp,SUB,0,746974
Hoffenheim,2026-04-10,Augsburg,away,3-4-1-2,False,9,Ihlas Bebou,SUB,0,746974
Hoffenheim,2026-04-10,Augsburg,away,3-4-1-2,False,33,Max Moerstedt,SUB,0,746974
Hoffenheim,2026-04-10,Augsburg,away,3-4-1-2,False,25,Kevin Akpoguma,SUB,0,746974
Hoffenheim,2026-04-10,Augsburg,away,3-4-1-2,False,20,Cole Campbell,SUB,0,746974
Gladbach,2026-04-04,Heidenheim,home,3-4-2-1,True,33,Moritz Nicolas,G,1,746963
Gladbach,2026-04-04,Heidenheim,home,3-4-2-1,True,30,Nico Elvedi,CD,5,746963
Gladbach,2026-04-04,Heidenheim,home,3-4-2-1,True,4,Kevin Diks,CD-L,4,746963
Gladbach,2026-04-04,Heidenheim,home,3-4-2-1,True,16,Philipp Sander,CD-R,6,746963
Gladbach,2026-04-04,Heidenheim,home,3-4-2-1,True,6,Yannick Engelhardt,CM-L,8,746963
Gladbach,2026-04-04,Heidenheim,home,3-4-2-1,True,27,Rocco Reitz,CM-R,7,746963
Gladbach,2026-04-04,Heidenheim,home,3-4-2-1,True,17,Jens Castrop,LM,3,746963
Gladbach,2026-04-04,Heidenheim,home,3-4-2-1,True,29,Joe Scally,RM,2,746963
Gladbach,2026-04-04,Heidenheim,home,3-4-2-1,True,18,Shuto Machino,F,9,746963
Gladbach,2026-04-04,Heidenheim,home,3-4-2-1,True,36,Wael Mohya,CF-L,11,746963
Gladbach,2026-04-04,Heidenheim,home,3-4-2-1,True,9,Franck Honorat,CF-R,10,746963
Gladbach,2026-04-04,Heidenheim,home,3-4-2-1,False,13,Giovanni Reyna,SUB,0,746963
Gladbach,2026-04-04,Heidenheim,home,3-4-2-1,False,10,Florian Neuhaus,SUB,0,746963
Gladbach,2026-04-04,Heidenheim,home,3-4-2-1,False,38,Hugo Bolin,SUB,0,746963
Gladbach,2026-04-04,Heidenheim,home,3-4-2-1,False,2,Fabio Chiarodia,SUB,0,746963
Gladbach,2026-04-04,Heidenheim,home,3-4-2-1,False,26,Lukas Ullrich,SUB,0,746963
Gladbach,2026-04-04,Heidenheim,home,3-4-2-1,False,23,Jan Olschowsky,SUB,0,746963
Gladbach,2026-04-04,Heidenheim,home,3-4-2-1,False,5,Marvin Friedrich,SUB,0,746963
Gladbach,2026-04-04,Heidenheim,home,3-4-2-1,False,15,Haris Tabakovic,SUB,0,746963
Gladbach,2026-04-04,Heidenheim,home,3-4-2-1,False,7,Kevin Stöger,SUB,0,746963
Heidenheim,2026-04-04,Gladbach,away,4-4-2,True,41,Diant Ramaj,G,1,746963
Heidenheim,2026-04-04,Gladbach,away,4-4-2,True,19,Jonas Föhrenbach,CD-L,6,746963
Heidenheim,2026-04-04,Gladbach,away,4-4-2,True,6,Patrick Mainka,CD-R,5,746963
Heidenheim,2026-04-04,Gladbach,away,4-4-2,True,26,Hennes Behrens,LB,3,746963
Heidenheim,2026-04-04,Gladbach,away,4-4-2,True,2,Marnon Busch,RB,2,746963
Heidenheim,2026-04-04,Gladbach,away,4-4-2,True,30,Niklas Dorsch,CM-L,8,746963
Heidenheim,2026-04-04,Gladbach,away,4-4-2,True,16,Julian Niehues,CM-R,4,746963
Heidenheim,2026-04-04,Gladbach,away,4-4-2,True,17,Mathias Honsak,LM,11,746963
Heidenheim,2026-04-04,Gladbach,away,4-4-2,True,8,Eren Dinkci,RM,7,746963
Heidenheim,2026-04-04,Gladbach,away,4-4-2,True,11,Budu Zivzivadze,CF-L,9,746963
Heidenheim,2026-04-04,Gladbach,away,4-4-2,True,18,Marvin Pieringer,CF-R,10,746963
Heidenheim,2026-04-04,Gladbach,away,4-4-2,False,23,Omar-Haktab Traoré,SUB,0,746963
Heidenheim,2026-04-04,Gladbach,away,4-4-2,False,4,Tim Siersleben,SUB,0,746963
Heidenheim,2026-04-04,Gladbach,away,4-4-2,False,9,Stefan Schimmer,SUB,0,746963
Heidenheim,2026-04-04,Gladbach,away,4-4-2,False,5,Benedikt Gimber,SUB,0,746963
Heidenheim,2026-04-04,Gladbach,away,4-4-2,False,40,Frank Feller,SUB,0,746963
Heidenheim,2026-04-04,Gladbach,away,4-4-2,False,22,Arijon Ibrahimovic,SUB,0,746963
Heidenheim,2026-04-04,Gladbach,away,4-4-2,False,25,Leonidas Stergiou,SUB,0,746963
Heidenheim,2026-04-04,Gladbach,away,4-4-2,False,20,Luca Kerber,SUB,0,746963
Heidenheim,2026-04-04,Gladbach,away,4-4-2,False,29,Mikkel Kaufmann,SUB,0,746963
Dortmund,2026-04-11,Leverkusen,home,3-5-1-1,True,1,Gregor Kobel,G,1,746973
Dortmund,2026-04-11,Leverkusen,home,3-5-1-1,True,4,Nico Schlotterbeck,CD,5,746973
Dortmund,2026-04-11,Leverkusen,home,3-5-1-1,True,5,Ramy Bensebaini,CD-L,4,746973
Dortmund,2026-04-11,Leverkusen,home,3-5-1-1,True,3,Waldemar Anton,CD-R,6,746973
Dortmund,2026-04-11,Leverkusen,home,3-5-1-1,True,10,Julian Brandt,CM-L,8,746973
Dortmund,2026-04-11,Leverkusen,home,3-5-1-1,True,20,Marcel Sabitzer,CM-R,7,746973
Dortmund,2026-04-11,Leverkusen,home,3-5-1-1,True,7,Jobe Bellingham,AM,11,746973
Dortmund,2026-04-11,Leverkusen,home,3-5-1-1,True,24,Daniel Svensson,LM,3,746973
Dortmund,2026-04-11,Leverkusen,home,3-5-1-1,True,26,Julian Ryerson,RM,2,746973
Dortmund,2026-04-11,Leverkusen,home,3-5-1-1,True,9,Serhou Guirassy,F,9,746973
Dortmund,2026-04-11,Leverkusen,home,3-5-1-1,True,21,Fábio Silva,RCF,10,746973
Dortmund,2026-04-11,Leverkusen,home,3-5-1-1,False,40,Samuele Inácio,SUB,0,746973
Dortmund,2026-04-11,Leverkusen,home,3-5-1-1,False,17,Carney Chukwuemeka,SUB,0,746973
Dortmund,2026-04-11,Leverkusen,home,3-5-1-1,False,33,Alexander Meyer,SUB,0,746973
Dortmund,2026-04-11,Leverkusen,home,3-5-1-1,False,41,Mathis Albert,SUB,0,746973
Dortmund,2026-04-11,Leverkusen,home,3-5-1-1,False,6,Salih Özcan,SUB,0,746973
Dortmund,2026-04-11,Leverkusen,home,3-5-1-1,False,25,Niklas Süle,SUB,0,746973
Dortmund,2026-04-11,Leverkusen,home,3-5-1-1,False,49,Luca Reggiani,SUB,0,746973
Dortmund,2026-04-11,Leverkusen,home,3-5-1-1,False,42,Almugera Kabar,SUB,0,746973
Dortmund,2026-04-11,Leverkusen,home,3-5-1-1,False,14,Maximilian Beier,SUB,0,746973
Leverkusen,2026-04-11,Dortmund,away,3-4-2-1,True,1,Mark Flekken,G,1,746973
Leverkusen,2026-04-11,Dortmund,away,3-4-2-1,True,5,Loïc Badé,CD,5,746973
Leverkusen,2026-04-11,Dortmund,away,3-4-2-1,True,12,Edmond Tapsoba,CD-L,4,746973
Leverkusen,2026-04-11,Dortmund,away,3-4-2-1,True,8,Robert Andrich,CD-R,6,746973
Leverkusen,2026-04-11,Dortmund,away,3-4-2-1,True,24,Aleix García,CM-L,8,746973
Leverkusen,2026-04-11,Dortmund,away,3-4-2-1,True,25,Exequiel Palacios,CM-R,7,746973
Leverkusen,2026-04-11,Dortmund,away,3-4-2-1,True,20,Alejandro Grimaldo,LM,3,746973
Leverkusen,2026-04-11,Dortmund,away,3-4-2-1,True,42,Montrell Culbreath,RM,2,746973
Leverkusen,2026-04-11,Dortmund,away,3-4-2-1,True,35,Christian Kofane,F,9,746973
Leverkusen,2026-04-11,Dortmund,away,3-4-2-1,True,23,Nathan Tella,CF-L,11,746973
Leverkusen,2026-04-11,Dortmund,away,3-4-2-1,True,30,Ibrahim Maza,CF-R,10,746973
Leverkusen,2026-04-11,Dortmund,away,3-4-2-1,False,28,Janis Blaswich,SUB,0,746973
Leverkusen,2026-04-11,Dortmund,away,3-4-2-1,False,19,Ernest Poku,SUB,0,746973
Leverkusen,2026-04-11,Dortmund,away,3-4-2-1,False,10,Malik Tillman,SUB,0,746973
Leverkusen,2026-04-11,Dortmund,away,3-4-2-1,False,15,Tim Oermann,SUB,0,746973
Leverkusen,2026-04-11,Dortmund,away,3-4-2-1,False,21,Lucas Vázquez,SUB,0,746973
Leverkusen,2026-04-11,Dortmund,away,3-4-2-1,False,14,Patrik Schick,SUB,0,746973
Leverkusen,2026-04-11,Dortmund,away,3-4-2-1,False,17,Eliesse Ben Seghir,SUB,0,746973
Leverkusen,2026-04-11,Dortmund,away,3-4-2-1,False,6,Ezequiel Fernández,SUB,0,746973
Leverkusen,2026-04-11,Dortmund,away,3-4-2-1,False,7,Jonas Hofmann,SUB,0,746973
Stuttgart,2026-04-12,Hamburger SV,home,4-2-3-1,True,33,Alexander Nübel,G,1,746977
Stuttgart,2026-04-12,Hamburger SV,home,4-2-3-1,True,24,Jeff Chabot,CD-L,6,746977
Stuttgart,2026-04-12,Hamburger SV,home,4-2-3-1,True,3,Ramon Hendriks,CD-R,5,746977
Stuttgart,2026-04-12,Hamburger SV,home,4-2-3-1,True,7,Maximilian Mittelstädt,LB,3,746977
Stuttgart,2026-04-12,Hamburger SV,home,4-2-3-1,True,22,Lorenz Assignon,RB,2,746977
Stuttgart,2026-04-12,Hamburger SV,home,4-2-3-1,True,26,Deniz Undav,AM,10,746977
Stuttgart,2026-04-12,Hamburger SV,home,4-2-3-1,True,6,Angelo Stiller,LM,4,746977
Stuttgart,2026-04-12,Hamburger SV,home,4-2-3-1,True,30,Chema Andrés,RM,8,746977
Stuttgart,2026-04-12,Hamburger SV,home,4-2-3-1,True,9,Ermedin Demirovic,F,9,746977
Stuttgart,2026-04-12,Hamburger SV,home,4-2-3-1,True,10,Chris Führich,AM-L,11,746977
Stuttgart,2026-04-12,Hamburger SV,home,4-2-3-1,True,18,Jamie Leweling,AM-R,7,746977
Stuttgart,2026-04-12,Hamburger SV,home,4-2-3-1,False,25,Jeremy Arévalo,SUB,0,746977
Stuttgart,2026-04-12,Hamburger SV,home,4-2-3-1,False,23,Dan-Axel Zagadou,SUB,0,746977
Stuttgart,2026-04-12,Hamburger SV,home,4-2-3-1,False,8,Tiago Tomás,SUB,0,746977
Stuttgart,2026-04-12,Hamburger SV,home,4-2-3-1,False,4,Josha Vagnoman,SUB,0,746977
Stuttgart,2026-04-12,Hamburger SV,home,4-2-3-1,False,29,Finn Jeltsch,SUB,0,746977
Stuttgart,2026-04-12,Hamburger SV,home,4-2-3-1,False,28,Nikolas Nartey,SUB,0,746977
Stuttgart,2026-04-12,Hamburger SV,home,4-2-3-1,False,11,Bilal El Khannouss,SUB,0,746977
Stuttgart,2026-04-12,Hamburger SV,home,4-2-3-1,False,1,Fabian Bredlow,SUB,0,746977
Stuttgart,2026-04-12,Hamburger SV,home,4-2-3-1,False,14,Luca Jaquez,SUB,0,746977
Hamburger SV,2026-04-12,Stuttgart,away,3-4-1-2,True,1,Daniel Heuer Fernandes,G,1,746977
Hamburger SV,2026-04-12,Stuttgart,away,3-4-1-2,True,25,Jordan Torunarigha,CD,5,746977
Hamburger SV,2026-04-12,Stuttgart,away,3-4-1-2,True,8,Daniel Elfadli,CD-L,4,746977
Hamburger SV,2026-04-12,Stuttgart,away,3-4-1-2,True,17,Warmed Omari,CD-R,6,746977
Hamburger SV,2026-04-12,Stuttgart,away,3-4-1-2,True,21,Nicolai Remberg,CM-L,8,746977
Hamburger SV,2026-04-12,Stuttgart,away,3-4-1-2,True,23,Albert Grønbaek,CM-R,7,746977
Hamburger SV,2026-04-12,Stuttgart,away,3-4-1-2,True,20,Fabio Vieira,AM,9,746977
Hamburger SV,2026-04-12,Stuttgart,away,3-4-1-2,True,45,Fabio Baldé,LM,3,746977
Hamburger SV,2026-04-12,Stuttgart,away,3-4-1-2,True,2,William Mikelbrencis,RM,2,746977
Hamburger SV,2026-04-12,Stuttgart,away,3-4-1-2,True,14,Rayan Philippe,CF-L,11,746977
Hamburger SV,2026-04-12,Stuttgart,away,3-4-1-2,True,11,Ransford-Yeboah Königsdörffer,CF-R,10,746977
Hamburger SV,2026-04-12,Stuttgart,away,3-4-1-2,False,9,Robert Glatzel,SUB,0,746977
Hamburger SV,2026-04-12,Stuttgart,away,3-4-1-2,False,40,Hannes Hermann,SUB,0,746977
Hamburger SV,2026-04-12,Stuttgart,away,3-4-1-2,False,49,Otto Stange,SUB,0,746977
Hamburger SV,2026-04-12,Stuttgart,away,3-4-1-2,False,19,Damion Downs,SUB,0,746977
Hamburger SV,2026-04-12,Stuttgart,away,3-4-1-2,False,27,Philip Otele,SUB,0,746977
Hamburger SV,2026-04-12,Stuttgart,away,3-4-1-2,False,16,Giorgi Gocholeishvili,SUB,0,746977
Hamburger SV,2026-04-12,Stuttgart,away,3-4-1-2,False,43,Shafiq Nandja,SUB,0,746977
Hamburger SV,2026-04-12,Stuttgart,away,3-4-1-2,False,3,Noah Katterbach,SUB,0,746977
Hamburger SV,2026-04-12,Stuttgart,away,3-4-1-2,False,24,Nicolás Capaldo,SUB,0,746977
Köln,2026-04-12,Werder Bremen,home,4-4-2,True,1,Marvin Schwäbe,G,1,746971
Köln,2026-04-12,Werder Bremen,home,4-4-2,True,39,Cenk Özkacar,CD-L,6,746971
Köln,2026-04-12,Werder Bremen,home,4-4-2,True,22,Jahmai Simpson-Pusey,CD-R,5,746971
Köln,2026-04-12,Werder Bremen,home,4-4-2,True,32,Kristoffer Lund,LB,3,746971
Köln,2026-04-12,Werder Bremen,home,4-4-2,True,28,Sebastian Sebulonsen,RB,2,746971
Köln,2026-04-12,Werder Bremen,home,4-4-2,True,6,Eric Martel,CM-L,8,746971
Köln,2026-04-12,Werder Bremen,home,4-4-2,True,18,Ísak Jóhannesson,CM-R,4,746971
Köln,2026-04-12,Werder Bremen,home,4-4-2,True,16,Jakub Kaminski,LM,11,746971
Köln,2026-04-12,Werder Bremen,home,4-4-2,True,29,Jan Thielmann,RM,7,746971
Köln,2026-04-12,Werder Bremen,home,4-4-2,True,13,Said El Mala,CF-L,9,746971
Köln,2026-04-12,Werder Bremen,home,4-4-2,True,9,Ragnar Ache,CF-R,10,746971
Köln,2026-04-12,Werder Bremen,home,4-4-2,False,7,Luca Waldschmidt,SUB,0,746971
Köln,2026-04-12,Werder Bremen,home,4-4-2,False,27,Felipe Chávez,SUB,0,746971
Köln,2026-04-12,Werder Bremen,home,4-4-2,False,30,Marius Bulter,SUB,0,746971
Köln,2026-04-12,Werder Bremen,home,4-4-2,False,17,Alessio Castro-Montes,SUB,0,746971
Köln,2026-04-12,Werder Bremen,home,4-4-2,False,33,Rav van den Berg,SUB,0,746971
Köln,2026-04-12,Werder Bremen,home,4-4-2,False,5,Tom Krauss,SUB,0,746971
Köln,2026-04-12,Werder Bremen,home,4-4-2,False,8,Denis Huseinbasic,SUB,0,746971
Köln,2026-04-12,Werder Bremen,home,4-4-2,False,20,Ron-Robert Zieler,SUB,0,746971
Köln,2026-04-12,Werder Bremen,home,4-4-2,False,37,Linton Maina,SUB,0,746971
Werder Bremen,2026-04-12,Köln,away,4-2-3-1,True,30,Mio Backhaus,G,1,746971
Werder Bremen,2026-04-12,Köln,away,4-2-3-1,True,32,Marco Friedl,CD-L,6,746971
Werder Bremen,2026-04-12,Köln,away,4-2-3-1,True,5,Amos Pieper,CD-R,5,746971
Werder Bremen,2026-04-12,Köln,away,4-2-3-1,True,2,Olivier Deman,LB,3,746971
Werder Bremen,2026-04-12,Köln,away,4-2-3-1,True,3,Yukinari Sugawara,RB,2,746971
Werder Bremen,2026-04-12,Köln,away,4-2-3-1,True,20,Romano Schmid,AM,10,746971
Werder Bremen,2026-04-12,Köln,away,4-2-3-1,True,10,Leonardo Bittencourt,LM,4,746971
Werder Bremen,2026-04-12,Köln,away,4-2-3-1,True,14,Senne Lynen,RM,8,746971
Werder Bremen,2026-04-12,Köln,away,4-2-3-1,True,11,Justin Njinmah,F,9,746971
Werder Bremen,2026-04-12,Köln,away,4-2-3-1,True,27,Felix Agu,AM-L,11,746971
Werder Bremen,2026-04-12,Köln,away,4-2-3-1,True,17,Marco Grüll,AM-R,7,746971
Werder Bremen,2026-04-12,Köln,away,4-2-3-1,False,7,Samuel Mbangula,SUB,0,746971
Werder Bremen,2026-04-12,Köln,away,4-2-3-1,False,33,Mick Schmetgens,SUB,0,746971
Werder Bremen,2026-04-12,Köln,away,4-2-3-1,False,25,Markus Kolke,SUB,0,746971
Werder Bremen,2026-04-12,Köln,away,4-2-3-1,False,29,Salim Musah,SUB,0,746971
Werder Bremen,2026-04-12,Köln,away,4-2-3-1,False,31,Karim Coulibaly,SUB,0,746971
Werder Bremen,2026-04-12,Köln,away,4-2-3-1,False,19,Jovan Milosevic,SUB,0,746971
Werder Bremen,2026-04-12,Köln,away,4-2-3-1,False,23,Isaac Schmidt,SUB,0,746971
Werder Bremen,2026-04-12,Köln,away,4-2-3-1,False,4,Niklas Stark,SUB,0,746971
Werder Bremen,2026-04-12,Köln,away,4-2-3-1,False,24,Patrice Covic,SUB,0,746971
RB Leipzig,2026-04-11,Gladbach,home,4-3-3,True,26,Maarten Vandevoordt,G,1,746976
RB Leipzig,2026-04-11,Gladbach,home,4-3-3,True,5,El Chadaille Bitshiabu,CD-L,6,746976
RB Leipzig,2026-04-11,Gladbach,home,4-3-3,True,4,Willi Orbán,CD-R,5,746976
RB Leipzig,2026-04-11,Gladbach,home,4-3-3,True,22,David Raum,LB,3,746976
RB Leipzig,2026-04-11,Gladbach,home,4-3-3,True,17,Ridle Baku,RB,2,746976
RB Leipzig,2026-04-11,Gladbach,home,4-3-3,True,13,Nicolas Seiwald,CM,4,746976
RB Leipzig,2026-04-11,Gladbach,home,4-3-3,True,24,Xaver Schlager,LM,8,746976
RB Leipzig,2026-04-11,Gladbach,home,4-3-3,True,14,Christoph Baumgartner,RM,7,746976
RB Leipzig,2026-04-11,Gladbach,home,4-3-3,True,40,Rômulo,F,9,746976
RB Leipzig,2026-04-11,Gladbach,home,4-3-3,True,7,Antonio Nusa,LF,11,746976
RB Leipzig,2026-04-11,Gladbach,home,4-3-3,True,49,Yan Diomande,RF,10,746976
RB Leipzig,2026-04-11,Gladbach,home,4-3-3,False,35,Max Finkgrafe,SUB,0,746976
RB Leipzig,2026-04-11,Gladbach,home,4-3-3,False,6,Ezechiel Banzuzi,SUB,0,746976
RB Leipzig,2026-04-11,Gladbach,home,4-3-3,False,16,Lukas Klostermann,SUB,0,746976
RB Leipzig,2026-04-11,Gladbach,home,4-3-3,False,20,Assan Ouédraogo,SUB,0,746976
RB Leipzig,2026-04-11,Gladbach,home,4-3-3,False,27,Tidiam Gomis,SUB,0,746976
RB Leipzig,2026-04-11,Gladbach,home,4-3-3,False,10,Brajan Gruda,SUB,0,746976
RB Leipzig,2026-04-11,Gladbach,home,4-3-3,False,39,Benjamin Henrichs,SUB,0,746976
RB Leipzig,2026-04-11,Gladbach,home,4-3-3,False,9,Johan Bakayoko,SUB,0,746976
RB Leipzig,2026-04-11,Gladbach,home,4-3-3,False,1,Péter Gulácsi,SUB,0,746976
Gladbach,2026-04-11,RB Leipzig,away,4-3-3,True,33,Moritz Nicolas,G,1,746976
Gladbach,2026-04-11,RB Leipzig,away,4-3-3,True,4,Kevin Diks,CD-L,6,746976
Gladbach,2026-04-11,RB Leipzig,away,4-3-3,True,30,Nico Elvedi,CD-R,5,746976
Gladbach,2026-04-11,RB Leipzig,away,4-3-3,True,26,Lukas Ullrich,LB,3,746976
Gladbach,2026-04-11,RB Leipzig,away,4-3-3,True,29,Joe Scally,RB,2,746976
Gladbach,2026-04-11,RB Leipzig,away,4-3-3,True,16,Philipp Sander,CM,4,746976
Gladbach,2026-04-11,RB Leipzig,away,4-3-3,True,6,Yannick Engelhardt,LM,8,746976
Gladbach,2026-04-11,RB Leipzig,away,4-3-3,True,27,Rocco Reitz,RM,7,746976
Gladbach,2026-04-11,RB Leipzig,away,4-3-3,True,15,Haris Tabakovic,F,9,746976
Gladbach,2026-04-11,RB Leipzig,away,4-3-3,True,17,Jens Castrop,LF,11,746976
Gladbach,2026-04-11,RB Leipzig,away,4-3-3,True,9,Franck Honorat,RF,10,746976
Gladbach,2026-04-11,RB Leipzig,away,4-3-3,False,18,Shuto Machino,SUB,0,746976
Gladbach,2026-04-11,RB Leipzig,away,4-3-3,False,13,Giovanni Reyna,SUB,0,746976
Gladbach,2026-04-11,RB Leipzig,away,4-3-3,False,10,Florian Neuhaus,SUB,0,746976
Gladbach,2026-04-11,RB Leipzig,away,4-3-3,False,7,Kevin Stöger,SUB,0,746976
Gladbach,2026-04-11,RB Leipzig,away,4-3-3,False,2,Fabio Chiarodia,SUB,0,746976
Gladbach,2026-04-11,RB Leipzig,away,4-3-3,False,23,Jan Olschowsky,SUB,0,746976
Gladbach,2026-04-11,RB Leipzig,away,4-3-3,False,38,Hugo Bolin,SUB,0,746976
Gladbach,2026-04-11,RB Leipzig,away,4-3-3,False,36,Wael Mohya,SUB,0,746976
Gladbach,2026-04-11,RB Leipzig,away,4-3-3,False,14,Kota Takai,SUB,0,746976
Stuttgart,2026-04-04,Dortmund,home,3-4-2-1,True,33,Alexander Nübel,G,1,746964
Stuttgart,2026-04-04,Dortmund,home,3-4-2-1,True,24,Jeff Chabot,CD,5,746964
Stuttgart,2026-04-04,Dortmund,home,3-4-2-1,True,3,Ramon Hendriks,CD-L,4,746964
Stuttgart,2026-04-04,Dortmund,home,3-4-2-1,True,29,Finn Jeltsch,CD-R,6,746964
Stuttgart,2026-04-04,Dortmund,home,3-4-2-1,True,6,Angelo Stiller,CM-L,8,746964
Stuttgart,2026-04-04,Dortmund,home,3-4-2-1,True,16,Atakan Karazor,CM-R,7,746964
Stuttgart,2026-04-04,Dortmund,home,3-4-2-1,True,7,Maximilian Mittelstädt,LM,3,746964
Stuttgart,2026-04-04,Dortmund,home,3-4-2-1,True,22,Lorenz Assignon,RM,2,746964
Stuttgart,2026-04-04,Dortmund,home,3-4-2-1,True,26,Deniz Undav,F,9,746964
Stuttgart,2026-04-04,Dortmund,home,3-4-2-1,True,10,Chris Führich,CF-L,11,746964
Stuttgart,2026-04-04,Dortmund,home,3-4-2-1,True,28,Nikolas Nartey,CF-R,10,746964
Stuttgart,2026-04-04,Dortmund,home,3-4-2-1,False,1,Fabian Bredlow,SUB,0,746964
Stuttgart,2026-04-04,Dortmund,home,3-4-2-1,False,11,Bilal El Khannouss,SUB,0,746964
Stuttgart,2026-04-04,Dortmund,home,3-4-2-1,False,14,Luca Jaquez,SUB,0,746964
Stuttgart,2026-04-04,Dortmund,home,3-4-2-1,False,4,Josha Vagnoman,SUB,0,746964
Stuttgart,2026-04-04,Dortmund,home,3-4-2-1,False,9,Ermedin Demirovic,SUB,0,746964
Stuttgart,2026-04-04,Dortmund,home,3-4-2-1,False,18,Jamie Leweling,SUB,0,746964
Stuttgart,2026-04-04,Dortmund,home,3-4-2-1,False,30,Chema Andrés,SUB,0,746964
Stuttgart,2026-04-04,Dortmund,home,3-4-2-1,False,2,Ameen Al Dakhil,SUB,0,746964
Stuttgart,2026-04-04,Dortmund,home,3-4-2-1,False,8,Tiago Tomás,SUB,0,746964
Dortmund,2026-04-04,Stuttgart,away,3-5-2,True,1,Gregor Kobel,G,1,746964
Dortmund,2026-04-04,Stuttgart,away,3-5-2,True,4,Nico Schlotterbeck,CD,5,746964
Dortmund,2026-04-04,Stuttgart,away,3-5-2,True,5,Ramy Bensebaini,CD-L,4,746964
Dortmund,2026-04-04,Stuttgart,away,3-5-2,True,3,Waldemar Anton,CD-R,6,746964
Dortmund,2026-04-04,Stuttgart,away,3-5-2,True,17,Carney Chukwuemeka,CM-L,8,746964
Dortmund,2026-04-04,Stuttgart,away,3-5-2,True,20,Marcel Sabitzer,CM-R,7,746964
Dortmund,2026-04-04,Stuttgart,away,3-5-2,True,7,Jobe Bellingham,AM,11,746964
Dortmund,2026-04-04,Stuttgart,away,3-5-2,True,24,Daniel Svensson,LM,3,746964
Dortmund,2026-04-04,Stuttgart,away,3-5-2,True,26,Julian Ryerson,RM,2,746964
Dortmund,2026-04-04,Stuttgart,away,3-5-2,True,14,Maximilian Beier,CF-L,9,746964
Dortmund,2026-04-04,Stuttgart,away,3-5-2,True,9,Serhou Guirassy,CF-R,10,746964
Dortmund,2026-04-04,Stuttgart,away,3-5-2,False,49,Luca Reggiani,SUB,0,746964
Dortmund,2026-04-04,Stuttgart,away,3-5-2,False,2,Yan Couto,SUB,0,746964
Dortmund,2026-04-04,Stuttgart,away,3-5-2,False,27,Karim Adeyemi,SUB,0,746964
Dortmund,2026-04-04,Stuttgart,away,3-5-2,False,25,Niklas Süle,SUB,0,746964
Dortmund,2026-04-04,Stuttgart,away,3-5-2,False,40,Samuele Inácio,SUB,0,746964
Dortmund,2026-04-04,Stuttgart,away,3-5-2,False,21,Fábio Silva,SUB,0,746964
Dortmund,2026-04-04,Stuttgart,away,3-5-2,False,33,Alexander Meyer,SUB,0,746964
Dortmund,2026-04-04,Stuttgart,away,3-5-2,False,6,Salih Özcan,SUB,0,746964
Dortmund,2026-04-04,Stuttgart,away,3-5-2,False,10,Julian Brandt,SUB,0,746964
Werder Bremen,2026-04-04,RB Leipzig,home,4-2-3-1,True,30,Mio Backhaus,G,1,746967
Werder Bremen,2026-04-04,RB Leipzig,home,4-2-3-1,True,32,Marco Friedl,CD-L,6,746967
Werder Bremen,2026-04-04,RB Leipzig,home,4-2-3-1,True,5,Amos Pieper,CD-R,5,746967
Werder Bremen,2026-04-04,RB Leipzig,home,4-2-3-1,True,2,Olivier Deman,LB,3,746967
Werder Bremen,2026-04-04,RB Leipzig,home,4-2-3-1,True,27,Felix Agu,RB,2,746967
Werder Bremen,2026-04-04,RB Leipzig,home,4-2-3-1,True,10,Leonardo Bittencourt,AM,10,746967
Werder Bremen,2026-04-04,RB Leipzig,home,4-2-3-1,True,18,Cameron Puertas,LM,4,746967
Werder Bremen,2026-04-04,RB Leipzig,home,4-2-3-1,True,14,Senne Lynen,RM,8,746967
Werder Bremen,2026-04-04,RB Leipzig,home,4-2-3-1,True,11,Justin Njinmah,F,9,746967
Werder Bremen,2026-04-04,RB Leipzig,home,4-2-3-1,True,20,Romano Schmid,AM-L,11,746967
Werder Bremen,2026-04-04,RB Leipzig,home,4-2-3-1,True,17,Marco Grüll,AM-R,7,746967
Werder Bremen,2026-04-04,RB Leipzig,home,4-2-3-1,False,29,Salim Musah,SUB,0,746967
Werder Bremen,2026-04-04,RB Leipzig,home,4-2-3-1,False,23,Isaac Schmidt,SUB,0,746967
Werder Bremen,2026-04-04,RB Leipzig,home,4-2-3-1,False,3,Yukinari Sugawara,SUB,0,746967
Werder Bremen,2026-04-04,RB Leipzig,home,4-2-3-1,False,24,Patrice Covic,SUB,0,746967
Werder Bremen,2026-04-04,RB Leipzig,home,4-2-3-1,False,25,Markus Kolke,SUB,0,746967
Werder Bremen,2026-04-04,RB Leipzig,home,4-2-3-1,False,33,Mick Schmetgens,SUB,0,746967
Werder Bremen,2026-04-04,RB Leipzig,home,4-2-3-1,False,7,Samuel Mbangula,SUB,0,746967
Werder Bremen,2026-04-04,RB Leipzig,home,4-2-3-1,False,19,Jovan Milosevic,SUB,0,746967
RB Leipzig,2026-04-04,Werder Bremen,away,4-3-3,True,26,Maarten Vandevoordt,G,1,746967
RB Leipzig,2026-04-04,Werder Bremen,away,4-3-3,True,23,Castello Lukeba,CD-L,6,746967
RB Leipzig,2026-04-04,Werder Bremen,away,4-3-3,True,4,Willi Orbán,CD-R,5,746967
RB Leipzig,2026-04-04,Werder Bremen,away,4-3-3,True,22,David Raum,LB,3,746967
RB Leipzig,2026-04-04,Werder Bremen,away,4-3-3,True,17,Ridle Baku,RB,2,746967
RB Leipzig,2026-04-04,Werder Bremen,away,4-3-3,True,13,Nicolas Seiwald,CM,4,746967
RB Leipzig,2026-04-04,Werder Bremen,away,4-3-3,True,14,Christoph Baumgartner,LM,8,746967
RB Leipzig,2026-04-04,Werder Bremen,away,4-3-3,True,24,Xaver Schlager,RM,7,746967
RB Leipzig,2026-04-04,Werder Bremen,away,4-3-3,True,40,Rômulo,F,9,746967
RB Leipzig,2026-04-04,Werder Bremen,away,4-3-3,True,7,Antonio Nusa,LF,11,746967
RB Leipzig,2026-04-04,Werder Bremen,away,4-3-3,True,49,Yan Diomande,RF,10,746967
RB Leipzig,2026-04-04,Werder Bremen,away,4-3-3,False,27,Tidiam Gomis,SUB,0,746967
RB Leipzig,2026-04-04,Werder Bremen,away,4-3-3,False,1,Péter Gulácsi,SUB,0,746967
RB Leipzig,2026-04-04,Werder Bremen,away,4-3-3,False,9,Johan Bakayoko,SUB,0,746967
RB Leipzig,2026-04-04,Werder Bremen,away,4-3-3,False,39,Benjamin Henrichs,SUB,0,746967
RB Leipzig,2026-04-04,Werder Bremen,away,4-3-3,False,35,Max Finkgrafe,SUB,0,746967
RB Leipzig,2026-04-04,Werder Bremen,away,4-3-3,False,6,Ezechiel Banzuzi,SUB,0,746967
RB Leipzig,2026-04-04,Werder Bremen,away,4-3-3,False,5,El Chadaille Bitshiabu,SUB,0,746967
RB Leipzig,2026-04-04,Werder Bremen,away,4-3-3,False,11,Conrad Harder,SUB,0,746967
RB Leipzig,2026-04-04,Werder Bremen,away,4-3-3,False,20,Assan Ouédraogo,SUB,0,746967
Mainz 05,2026-04-12,Freiburg,home,5-3-2,True,33,Daniel Batz,G,1,746972
Mainz 05,2026-04-12,Freiburg,home,5-3-2,True,4,Stefan Posch,CD,5,746972
Mainz 05,2026-04-12,Freiburg,home,5-3-2,True,31,Dominik Kohr,CD-L,4,746972
Mainz 05,2026-04-12,Freiburg,home,5-3-2,True,21,Danny da Costa,CD-R,6,746972
Mainz 05,2026-04-12,Freiburg,home,5-3-2,True,2,Phillipp Mwene,LB,3,746972
Mainz 05,2026-04-12,Freiburg,home,5-3-2,True,22,Nikolas Veratschnig,RB,2,746972
Mainz 05,2026-04-12,Freiburg,home,5-3-2,True,6,Kaishu Sano,CM,8,746972
Mainz 05,2026-04-12,Freiburg,home,5-3-2,True,8,Paul Nebel,CM-L,11,746972
Mainz 05,2026-04-12,Freiburg,home,5-3-2,True,24,Sota Kawasaki,CM-R,7,746972
Mainz 05,2026-04-12,Freiburg,home,5-3-2,True,23,Sheraldo Becker,CF-L,9,746972
Mainz 05,2026-04-12,Freiburg,home,5-3-2,True,20,Phillip Tietz,CF-R,10,746972
Mainz 05,2026-04-12,Freiburg,home,5-3-2,False,14,William Bøving,SUB,0,746972
Mainz 05,2026-04-12,Freiburg,home,5-3-2,False,1,Lasse Rieß,SUB,0,746972
Mainz 05,2026-04-12,Freiburg,home,5-3-2,False,15,Lennard Maloney,SUB,0,746972
Mainz 05,2026-04-12,Freiburg,home,5-3-2,False,30,Silvan Widmer,SUB,0,746972
Mainz 05,2026-04-12,Freiburg,home,5-3-2,False,10,Nadiem Amiri,SUB,0,746972
Mainz 05,2026-04-12,Freiburg,home,5-3-2,False,48,Kacper Potulski,SUB,0,746972
Mainz 05,2026-04-12,Freiburg,home,5-3-2,False,44,Nelson Weiper,SUB,0,746972
Mainz 05,2026-04-12,Freiburg,home,5-3-2,False,11,Armindo Sieb,SUB,0,746972
Mainz 05,2026-04-12,Freiburg,home,5-3-2,False,19,Anthony Caci,SUB,0,746972
Freiburg,2026-04-12,Mainz 05,away,4-2-3-1,True,1,Noah Atubolu,G,1,746972
Freiburg,2026-04-12,Mainz 05,away,4-2-3-1,True,43,Ifechukwu Ogbus,CD-L,6,746972
Freiburg,2026-04-12,Mainz 05,away,4-2-3-1,True,28,Matthias Ginter,CD-R,5,746972
Freiburg,2026-04-12,Mainz 05,away,4-2-3-1,True,30,Christian Günter,LB,3,746972
Freiburg,2026-04-12,Mainz 05,away,4-2-3-1,True,17,Lukas Kübler,RB,2,746972
Freiburg,2026-04-12,Mainz 05,away,4-2-3-1,True,9,Lucas Höler,AM,10,746972
Freiburg,2026-04-12,Mainz 05,away,4-2-3-1,True,44,Johan Manzambi,LM,4,746972
Freiburg,2026-04-12,Mainz 05,away,4-2-3-1,True,8,Maximilian Eggestein,RM,8,746972
Freiburg,2026-04-12,Mainz 05,away,4-2-3-1,True,31,Igor Matanovic,F,9,746972
Freiburg,2026-04-12,Mainz 05,away,4-2-3-1,True,7,Derry Scherhant,AM-L,11,746972
Freiburg,2026-04-12,Mainz 05,away,4-2-3-1,True,22,Cyriaque Irié,AM-R,7,746972
Freiburg,2026-04-12,Mainz 05,away,4-2-3-1,False,29,Philipp Treu,SUB,0,746972
Freiburg,2026-04-12,Mainz 05,away,4-2-3-1,False,21,Florian Müller,SUB,0,746972
Freiburg,2026-04-12,Mainz 05,away,4-2-3-1,False,26,Maximilian Philipp,SUB,0,746972
Freiburg,2026-04-12,Mainz 05,away,4-2-3-1,False,27,Nicolas Höfler,SUB,0,746972
Freiburg,2026-04-12,Mainz 05,away,4-2-3-1,False,3,Philipp Lienhart,SUB,0,746972
Freiburg,2026-04-12,Mainz 05,away,4-2-3-1,False,33,Jordy Makengo,SUB,0,746972
Freiburg,2026-04-12,Mainz 05,away,4-2-3-1,False,19,Niklas Beste,SUB,0,746972
Freiburg,2026-04-12,Mainz 05,away,4-2-3-1,False,14,Yuito Suzuki,SUB,0,746972
Freiburg,2026-04-12,Mainz 05,away,4-2-3-1,False,32,Vincenzo Grifo,SUB,0,746972
Union Berlin,2026-04-18,Wolfsburg,home,3-4-3,True,1,Frederik Ronnow,G,1,746979
Union Berlin,2026-04-18,Wolfsburg,home,3-4-3,True,14,Leopold Querfeld,CD,5,746979
Union Berlin,2026-04-18,Wolfsburg,home,3-4-3,True,4,Diogo Leite,CD-L,4,746979
Union Berlin,2026-04-18,Wolfsburg,home,3-4-3,True,5,Danilho Doekhi,CD-R,6,746979
Union Berlin,2026-04-18,Wolfsburg,home,3-4-3,True,6,Aljoscha Kemlein,CM-L,8,746979
Union Berlin,2026-04-18,Wolfsburg,home,3-4-3,True,8,Rani Khedira,CM-R,7,746979
Union Berlin,2026-04-18,Wolfsburg,home,3-4-3,True,15,Tom Rothe,LM,3,746979
Union Berlin,2026-04-18,Wolfsburg,home,3-4-3,True,28,Christopher Trimmel,RM,2,746979
Union Berlin,2026-04-18,Wolfsburg,home,3-4-3,True,23,Andrej Ilic,F,9,746979
Union Berlin,2026-04-18,Wolfsburg,home,3-4-3,True,10,Ilyas Ansah,CF-L,11,746979
Union Berlin,2026-04-18,Wolfsburg,home,3-4-3,True,7,Oliver Burke,CF-R,10,746979
Union Berlin,2026-04-18,Wolfsburg,home,3-4-3,False,21,Tim Skarke,SUB,0,746979
Union Berlin,2026-04-18,Wolfsburg,home,3-4-3,False,34,Stanley N'Soki,SUB,0,746979
Union Berlin,2026-04-18,Wolfsburg,home,3-4-3,False,25,Carl Klaus,SUB,0,746979
Union Berlin,2026-04-18,Wolfsburg,home,3-4-3,False,19,Janik Haberer,SUB,0,746979
Union Berlin,2026-04-18,Wolfsburg,home,3-4-3,False,9,Livan Burcu,SUB,0,746979
Union Berlin,2026-04-18,Wolfsburg,home,3-4-3,False,33,Alex Král,SUB,0,746979
Union Berlin,2026-04-18,Wolfsburg,home,3-4-3,False,18,Josip Juranovic,SUB,0,746979
Union Berlin,2026-04-18,Wolfsburg,home,3-4-3,False,13,András Schäfer,SUB,0,746979
Union Berlin,2026-04-18,Wolfsburg,home,3-4-3,False,39,Derrick Köhn,SUB,0,746979
Wolfsburg,2026-04-18,Union Berlin,away,3-4-2-1,True,1,Kamil Grabara,G,1,746979
Wolfsburg,2026-04-18,Union Berlin,away,3-4-2-1,True,3,Denis Vavro,CD,5,746979
Wolfsburg,2026-04-18,Union Berlin,away,3-4-2-1,True,4,Konstantinos Koulierakis,CD-L,4,746979
Wolfsburg,2026-04-18,Union Berlin,away,3-4-2-1,True,6,Jeanuël Belocian,CD-R,6,746979
Wolfsburg,2026-04-18,Union Berlin,away,3-4-2-1,True,5,Vinicius Souza,CM-L,8,746979
Wolfsburg,2026-04-18,Union Berlin,away,3-4-2-1,True,24,Christian Eriksen,CM-R,7,746979
Wolfsburg,2026-04-18,Union Berlin,away,3-4-2-1,True,25,Aaron Zehnter,LM,3,746979
Wolfsburg,2026-04-18,Union Berlin,away,3-4-2-1,True,21,Joakim Maehle,RM,2,746979
Wolfsburg,2026-04-18,Union Berlin,away,3-4-2-1,True,17,Dzenan Pejcinovic,F,9,746979
Wolfsburg,2026-04-18,Union Berlin,away,3-4-2-1,True,9,Mohamed Amoura,CF-L,11,746979
Wolfsburg,2026-04-18,Union Berlin,away,3-4-2-1,True,39,Patrick Wimmer,CF-R,10,746979
Wolfsburg,2026-04-18,Union Berlin,away,3-4-2-1,False,12,Pavao Pervan,SUB,0,746979
Wolfsburg,2026-04-18,Union Berlin,away,3-4-2-1,False,15,Moritz Jenz,SUB,0,746979
Wolfsburg,2026-04-18,Union Berlin,away,3-4-2-1,False,10,Lovro Majer,SUB,0,746979
Wolfsburg,2026-04-18,Union Berlin,away,3-4-2-1,False,26,Saël Kumbedi,SUB,0,746979
Wolfsburg,2026-04-18,Union Berlin,away,3-4-2-1,False,27,Maximilian Arnold,SUB,0,746979
Wolfsburg,2026-04-18,Union Berlin,away,3-4-2-1,False,7,Kento Shiogai,SUB,0,746979
Wolfsburg,2026-04-18,Union Berlin,away,3-4-2-1,False,11,Adam Daghim,SUB,0,746979
Wolfsburg,2026-04-18,Union Berlin,away,3-4-2-1,False,31,Yannick Gerhardt,SUB,0,746979
Wolfsburg,2026-04-18,Union Berlin,away,3-4-2-1,False,18,Jonas Adjetey,SUB,0,746979
Leverkusen,2026-04-18,Augsburg,home,3-4-2-1,True,1,Mark Flekken,G,1,746980
Leverkusen,2026-04-18,Augsburg,home,3-4-2-1,True,5,Loïc Badé,CD,5,746980
Leverkusen,2026-04-18,Augsburg,home,3-4-2-1,True,12,Edmond Tapsoba,CD-L,4,746980
Leverkusen,2026-04-18,Augsburg,home,3-4-2-1,True,4,Jarell Quansah,CD-R,6,746980
Leverkusen,2026-04-18,Augsburg,home,3-4-2-1,True,24,Aleix García,CM-L,8,746980
Leverkusen,2026-04-18,Augsburg,home,3-4-2-1,True,25,Exequiel Palacios,CM-R,7,746980
Leverkusen,2026-04-18,Augsburg,home,3-4-2-1,True,20,Alejandro Grimaldo,LM,3,746980
Leverkusen,2026-04-18,Augsburg,home,3-4-2-1,True,21,Lucas Vázquez,RM,2,746980
Leverkusen,2026-04-18,Augsburg,home,3-4-2-1,True,14,Patrik Schick,F,9,746980
Leverkusen,2026-04-18,Augsburg,home,3-4-2-1,True,23,Nathan Tella,CF-L,11,746980
Leverkusen,2026-04-18,Augsburg,home,3-4-2-1,True,30,Ibrahim Maza,CF-R,10,746980
Leverkusen,2026-04-18,Augsburg,home,3-4-2-1,False,28,Janis Blaswich,SUB,0,746980
Leverkusen,2026-04-18,Augsburg,home,3-4-2-1,False,19,Ernest Poku,SUB,0,746980
Leverkusen,2026-04-18,Augsburg,home,3-4-2-1,False,8,Robert Andrich,SUB,0,746980
Leverkusen,2026-04-18,Augsburg,home,3-4-2-1,False,42,Montrell Culbreath,SUB,0,746980
Leverkusen,2026-04-18,Augsburg,home,3-4-2-1,False,10,Malik Tillman,SUB,0,746980
Leverkusen,2026-04-18,Augsburg,home,3-4-2-1,False,7,Jonas Hofmann,SUB,0,746980
Leverkusen,2026-04-18,Augsburg,home,3-4-2-1,False,15,Tim Oermann,SUB,0,746980
Leverkusen,2026-04-18,Augsburg,home,3-4-2-1,False,35,Christian Kofane,SUB,0,746980
Leverkusen,2026-04-18,Augsburg,home,3-4-2-1,False,17,Eliesse Ben Seghir,SUB,0,746980
Augsburg,2026-04-18,Leverkusen,away,3-4-2-1,True,1,Finn Dahmen,G,1,746980
Augsburg,2026-04-18,Leverkusen,away,3-4-2-1,True,6,Jeffrey Gouweleeuw,CD,5,746980
Augsburg,2026-04-18,Leverkusen,away,3-4-2-1,True,16,Cédric Zesiger,CD-L,4,746980
Augsburg,2026-04-18,Leverkusen,away,3-4-2-1,True,34,Arthur Chaves,CD-R,6,746980
Augsburg,2026-04-18,Leverkusen,away,3-4-2-1,True,32,Fabian Rieder,CM-L,8,746980
Augsburg,2026-04-18,Leverkusen,away,3-4-2-1,True,4,Han-Noah Massengo,CM-R,7,746980
Augsburg,2026-04-18,Leverkusen,away,3-4-2-1,True,13,Dimitris Giannoulis,LM,3,746980
Augsburg,2026-04-18,Leverkusen,away,3-4-2-1,True,19,Robin Fellhauer,RM,2,746980
Augsburg,2026-04-18,Leverkusen,away,3-4-2-1,True,21,Rodrigo Ribeiro,F,9,746980
Augsburg,2026-04-18,Leverkusen,away,3-4-2-1,True,20,Alexis Claude-Maurice,CF-L,11,746980
Augsburg,2026-04-18,Leverkusen,away,3-4-2-1,True,30,Anton Kade,CF-R,10,746980
Augsburg,2026-04-18,Leverkusen,away,3-4-2-1,False,22,Nediljko Labrovic,SUB,0,746980
Augsburg,2026-04-18,Leverkusen,away,3-4-2-1,False,11,Ismaël Gharbi,SUB,0,746980
Augsburg,2026-04-18,Leverkusen,away,3-4-2-1,False,40,Noahkai Banks,SUB,0,746980
Augsburg,2026-04-18,Leverkusen,away,3-4-2-1,False,27,Marius Wolf,SUB,0,746980
Augsburg,2026-04-18,Leverkusen,away,3-4-2-1,False,8,Elvis Rexhbecaj,SUB,0,746980
Augsburg,2026-04-18,Leverkusen,away,3-4-2-1,False,3,Mads Pedersen,SUB,0,746980
Augsburg,2026-04-18,Leverkusen,away,3-4-2-1,False,39,Uchenna Ogundu,SUB,0,746980
Augsburg,2026-04-18,Leverkusen,away,3-4-2-1,False,36,Mert Kömür,SUB,0,746980
Augsburg,2026-04-18,Leverkusen,away,3-4-2-1,False,31,Keven Schlotterbeck,SUB,0,746980
Bayern Munich,2026-04-19,Stuttgart,home,4-2-3-1,True,40,Jonas Urbig,G,1,746983
Bayern Munich,2026-04-19,Stuttgart,home,4-2-3-1,True,21,Hiroki Ito,CD-L,6,746983
Bayern Munich,2026-04-19,Stuttgart,home,4-2-3-1,True,3,Kim Min-Jae,CD-R,5,746983
Bayern Munich,2026-04-19,Stuttgart,home,4-2-3-1,True,19,Alphonso Davies,LB,3,746983
Bayern Munich,2026-04-19,Stuttgart,home,4-2-3-1,True,44,Josip Stanisic,RB,2,746983
Bayern Munich,2026-04-19,Stuttgart,home,4-2-3-1,True,10,Jamal Musiala,AM,10,746983
Bayern Munich,2026-04-19,Stuttgart,home,4-2-3-1,True,8,Leon Goretzka,LM,4,746983
Bayern Munich,2026-04-19,Stuttgart,home,4-2-3-1,True,6,Joshua Kimmich,RM,8,746983
Bayern Munich,2026-04-19,Stuttgart,home,4-2-3-1,True,11,Nicolas Jackson,F,9,746983
Bayern Munich,2026-04-19,Stuttgart,home,4-2-3-1,True,14,Luis Díaz,AM-L,11,746983
Bayern Munich,2026-04-19,Stuttgart,home,4-2-3-1,True,22,Raphaël Guerreiro,AM-R,7,746983
Bayern Munich,2026-04-19,Stuttgart,home,4-2-3-1,False,27,Konrad Laimer,SUB,0,746983
Bayern Munich,2026-04-19,Stuttgart,home,4-2-3-1,False,45,Aleksandar Pavlovic,SUB,0,746983
Bayern Munich,2026-04-19,Stuttgart,home,4-2-3-1,False,1,Manuel Neuer,SUB,0,746983
Bayern Munich,2026-04-19,Stuttgart,home,4-2-3-1,False,9,Harry Kane,SUB,0,746983
Bayern Munich,2026-04-19,Stuttgart,home,4-2-3-1,False,17,Michael Olise,SUB,0,746983
Bayern Munich,2026-04-19,Stuttgart,home,4-2-3-1,False,39,Bara Sapoko Ndiaye,SUB,0,746983
Bayern Munich,2026-04-19,Stuttgart,home,4-2-3-1,False,2,Dayot Upamecano,SUB,0,746983
Bayern Munich,2026-04-19,Stuttgart,home,4-2-3-1,False,4,Jonathan Tah,SUB,0,746983
Bayern Munich,2026-04-19,Stuttgart,home,4-2-3-1,False,34,Deniz Ofli,SUB,0,746983
Stuttgart,2026-04-19,Bayern Munich,away,4-2-3-1,True,33,Alexander Nübel,G,1,746983
Stuttgart,2026-04-19,Bayern Munich,away,4-2-3-1,True,24,Jeff Chabot,CD-L,6,746983
Stuttgart,2026-04-19,Bayern Munich,away,4-2-3-1,True,29,Finn Jeltsch,CD-R,5,746983
Stuttgart,2026-04-19,Bayern Munich,away,4-2-3-1,True,3,Ramon Hendriks,LB,3,746983
Stuttgart,2026-04-19,Bayern Munich,away,4-2-3-1,True,4,Josha Vagnoman,RB,2,746983
Stuttgart,2026-04-19,Bayern Munich,away,4-2-3-1,True,10,Chris Führich,AM,10,746983
Stuttgart,2026-04-19,Bayern Munich,away,4-2-3-1,True,6,Angelo Stiller,LM,4,746983
Stuttgart,2026-04-19,Bayern Munich,away,4-2-3-1,True,16,Atakan Karazor,RM,8,746983
Stuttgart,2026-04-19,Bayern Munich,away,4-2-3-1,True,8,Tiago Tomás,F,9,746983
Stuttgart,2026-04-19,Bayern Munich,away,4-2-3-1,True,18,Jamie Leweling,AM-L,11,746983
Stuttgart,2026-04-19,Bayern Munich,away,4-2-3-1,True,11,Bilal El Khannouss,AM-R,7,746983
Stuttgart,2026-04-19,Bayern Munich,away,4-2-3-1,False,23,Dan-Axel Zagadou,SUB,0,746983
Stuttgart,2026-04-19,Bayern Munich,away,4-2-3-1,False,1,Fabian Bredlow,SUB,0,746983
Stuttgart,2026-04-19,Bayern Munich,away,4-2-3-1,False,27,Badredine Bouanani,SUB,0,746983
Stuttgart,2026-04-19,Bayern Munich,away,4-2-3-1,False,9,Ermedin Demirovic,SUB,0,746983
Stuttgart,2026-04-19,Bayern Munich,away,4-2-3-1,False,14,Luca Jaquez,SUB,0,746983
Stuttgart,2026-04-19,Bayern Munich,away,4-2-3-1,False,7,Maximilian Mittelstädt,SUB,0,746983
Stuttgart,2026-04-19,Bayern Munich,away,4-2-3-1,False,22,Lorenz Assignon,SUB,0,746983
Stuttgart,2026-04-19,Bayern Munich,away,4-2-3-1,False,30,Chema Andrés,SUB,0,746983
Stuttgart,2026-04-19,Bayern Munich,away,4-2-3-1,False,28,Nikolas Nartey,SUB,0,746983
Frankfurt,2026-04-18,RB Leipzig,home,3-4-2-1,True,23,Michael Zetterer,G,1,746982
Frankfurt,2026-04-18,RB Leipzig,home,3-4-2-1,True,4,Robin Koch,CD,5,746982
Frankfurt,2026-04-18,RB Leipzig,home,3-4-2-1,True,3,Arthur Theate,CD-L,4,746982
Frankfurt,2026-04-18,RB Leipzig,home,3-4-2-1,True,5,Aurèle Amenda,CD-R,6,746982
Frankfurt,2026-04-18,RB Leipzig,home,3-4-2-1,True,6,Oscar Højlund,CM-L,8,746982
Frankfurt,2026-04-18,RB Leipzig,home,3-4-2-1,True,16,Hugo Larsson,CM-R,7,746982
Frankfurt,2026-04-18,RB Leipzig,home,3-4-2-1,True,21,Nathaniel Brown,LM,3,746982
Frankfurt,2026-04-18,RB Leipzig,home,3-4-2-1,True,8,Farès Chaïbi,RM,2,746982
Frankfurt,2026-04-18,RB Leipzig,home,3-4-2-1,True,9,Jonathan Burkardt,F,9,746982
Frankfurt,2026-04-18,RB Leipzig,home,3-4-2-1,True,25,Arnaud Kalimuendo,CF-L,11,746982
Frankfurt,2026-04-18,RB Leipzig,home,3-4-2-1,True,29,Ayoube Amaimouni,CF-R,10,746982
Frankfurt,2026-04-18,RB Leipzig,home,3-4-2-1,False,2,Elias Baum,SUB,0,746982
Frankfurt,2026-04-18,RB Leipzig,home,3-4-2-1,False,33,Jens Grahl,SUB,0,746982
Frankfurt,2026-04-18,RB Leipzig,home,3-4-2-1,False,27,Mario Götze,SUB,0,746982
Frankfurt,2026-04-18,RB Leipzig,home,3-4-2-1,False,7,Ansgar Knauff,SUB,0,746982
Frankfurt,2026-04-18,RB Leipzig,home,3-4-2-1,False,15,Ellyes Skhiri,SUB,0,746982
Frankfurt,2026-04-18,RB Leipzig,home,3-4-2-1,False,31,Love Arrhov,SUB,0,746982
Frankfurt,2026-04-18,RB Leipzig,home,3-4-2-1,False,11,Younes Ebnoutalib,SUB,0,746982
Frankfurt,2026-04-18,RB Leipzig,home,3-4-2-1,False,20,Ritsu Doan,SUB,0,746982
Frankfurt,2026-04-18,RB Leipzig,home,3-4-2-1,False,42,Can Uzun,SUB,0,746982
RB Leipzig,2026-04-18,Frankfurt,away,4-1-4-1,True,26,Maarten Vandevoordt,G,1,746982
RB Leipzig,2026-04-18,Frankfurt,away,4-1-4-1,True,5,El Chadaille Bitshiabu,CD-L,6,746982
RB Leipzig,2026-04-18,Frankfurt,away,4-1-4-1,True,16,Lukas Klostermann,CD-R,5,746982
RB Leipzig,2026-04-18,Frankfurt,away,4-1-4-1,True,13,Nicolas Seiwald,DM,4,746982
RB Leipzig,2026-04-18,Frankfurt,away,4-1-4-1,True,35,Max Finkgrafe,LB,3,746982
RB Leipzig,2026-04-18,Frankfurt,away,4-1-4-1,True,17,Ridle Baku,RB,2,746982
RB Leipzig,2026-04-18,Frankfurt,away,4-1-4-1,True,14,Christoph Baumgartner,CM-L,10,746982
RB Leipzig,2026-04-18,Frankfurt,away,4-1-4-1,True,20,Assan Ouédraogo,CM-R,8,746982
RB Leipzig,2026-04-18,Frankfurt,away,4-1-4-1,True,7,Antonio Nusa,LM,11,746982
RB Leipzig,2026-04-18,Frankfurt,away,4-1-4-1,True,49,Yan Diomande,RM,7,746982
RB Leipzig,2026-04-18,Frankfurt,away,4-1-4-1,True,40,Rômulo,F,9,746982
RB Leipzig,2026-04-18,Frankfurt,away,4-1-4-1,False,10,Brajan Gruda,SUB,0,746982
RB Leipzig,2026-04-18,Frankfurt,away,4-1-4-1,False,23,Castello Lukeba,SUB,0,746982
RB Leipzig,2026-04-18,Frankfurt,away,4-1-4-1,False,27,Tidiam Gomis,SUB,0,746982
RB Leipzig,2026-04-18,Frankfurt,away,4-1-4-1,False,9,Johan Bakayoko,SUB,0,746982
RB Leipzig,2026-04-18,Frankfurt,away,4-1-4-1,False,1,Péter Gulácsi,SUB,0,746982
RB Leipzig,2026-04-18,Frankfurt,away,4-1-4-1,False,33,Andrija Maksimovic,SUB,0,746982
RB Leipzig,2026-04-18,Frankfurt,away,4-1-4-1,False,11,Conrad Harder,SUB,0,746982
RB Leipzig,2026-04-18,Frankfurt,away,4-1-4-1,False,39,Benjamin Henrichs,SUB,0,746982
RB Leipzig,2026-04-18,Frankfurt,away,4-1-4-1,False,22,David Raum,SUB,0,746982
RB Leipzig,2026-04-24,Union Berlin,home,4-3-3,True,26,Maarten Vandevoordt,G,1,746994
RB Leipzig,2026-04-24,Union Berlin,home,4-3-3,True,5,El Chadaille Bitshiabu,CD-L,6,746994
RB Leipzig,2026-04-24,Union Berlin,home,4-3-3,True,4,Willi Orbán,CD-R,5,746994
RB Leipzig,2026-04-24,Union Berlin,home,4-3-3,True,35,Max Finkgrafe,LB,3,746994
RB Leipzig,2026-04-24,Union Berlin,home,4-3-3,True,17,Ridle Baku,RB,2,746994
RB Leipzig,2026-04-24,Union Berlin,home,4-3-3,True,24,Xaver Schlager,CM,4,746994
RB Leipzig,2026-04-24,Union Berlin,home,4-3-3,True,14,Christoph Baumgartner,LM,8,746994
RB Leipzig,2026-04-24,Union Berlin,home,4-3-3,True,20,Assan Ouédraogo,RM,7,746994
RB Leipzig,2026-04-24,Union Berlin,home,4-3-3,True,40,Rômulo,F,9,746994
RB Leipzig,2026-04-24,Union Berlin,home,4-3-3,True,7,Antonio Nusa,LF,11,746994
RB Leipzig,2026-04-24,Union Berlin,home,4-3-3,True,49,Yan Diomande,RF,10,746994
RB Leipzig,2026-04-24,Union Berlin,home,4-3-3,False,19,Kosta Nedeljkovic,SUB,0,746994
RB Leipzig,2026-04-24,Union Berlin,home,4-3-3,False,11,Conrad Harder,SUB,0,746994
RB Leipzig,2026-04-24,Union Berlin,home,4-3-3,False,10,Brajan Gruda,SUB,0,746994
RB Leipzig,2026-04-24,Union Berlin,home,4-3-3,False,1,Péter Gulácsi,SUB,0,746994
RB Leipzig,2026-04-24,Union Berlin,home,4-3-3,False,33,Andrija Maksimovic,SUB,0,746994
RB Leipzig,2026-04-24,Union Berlin,home,4-3-3,False,27,Tidiam Gomis,SUB,0,746994
RB Leipzig,2026-04-24,Union Berlin,home,4-3-3,False,39,Benjamin Henrichs,SUB,0,746994
RB Leipzig,2026-04-24,Union Berlin,home,4-3-3,False,16,Lukas Klostermann,SUB,0,746994
RB Leipzig,2026-04-24,Union Berlin,home,4-3-3,False,9,Johan Bakayoko,SUB,0,746994
Union Berlin,2026-04-24,RB Leipzig,away,3-5-2,True,1,Frederik Ronnow,G,1,746994
Union Berlin,2026-04-24,RB Leipzig,away,3-5-2,True,14,Leopold Querfeld,CD,5,746994
Union Berlin,2026-04-24,RB Leipzig,away,3-5-2,True,4,Diogo Leite,CD-L,4,746994
Union Berlin,2026-04-24,RB Leipzig,away,3-5-2,True,5,Danilho Doekhi,CD-R,6,746994
Union Berlin,2026-04-24,RB Leipzig,away,3-5-2,True,19,Janik Haberer,CM-L,8,746994
Union Berlin,2026-04-24,RB Leipzig,away,3-5-2,True,13,András Schäfer,CM-R,7,746994
Union Berlin,2026-04-24,RB Leipzig,away,3-5-2,True,8,Rani Khedira,AM,11,746994
Union Berlin,2026-04-24,RB Leipzig,away,3-5-2,True,15,Tom Rothe,LM,3,746994
Union Berlin,2026-04-24,RB Leipzig,away,3-5-2,True,28,Christopher Trimmel,RM,2,746994
Union Berlin,2026-04-24,RB Leipzig,away,3-5-2,True,23,Andrej Ilic,CF-L,9,746994
Union Berlin,2026-04-24,RB Leipzig,away,3-5-2,True,7,Oliver Burke,CF-R,10,746994
Union Berlin,2026-04-24,RB Leipzig,away,3-5-2,False,18,Josip Juranovic,SUB,0,746994
Union Berlin,2026-04-24,RB Leipzig,away,3-5-2,False,10,Ilyas Ansah,SUB,0,746994
Union Berlin,2026-04-24,RB Leipzig,away,3-5-2,False,34,Stanley N'Soki,SUB,0,746994
Union Berlin,2026-04-24,RB Leipzig,away,3-5-2,False,39,Derrick Köhn,SUB,0,746994
Union Berlin,2026-04-24,RB Leipzig,away,3-5-2,False,21,Tim Skarke,SUB,0,746994
Union Berlin,2026-04-24,RB Leipzig,away,3-5-2,False,33,Alex Král,SUB,0,746994
Union Berlin,2026-04-24,RB Leipzig,away,3-5-2,False,25,Carl Klaus,SUB,0,746994
Union Berlin,2026-04-24,RB Leipzig,away,3-5-2,False,9,Livan Burcu,SUB,0,746994
Union Berlin,2026-04-24,RB Leipzig,away,3-5-2,False,6,Aljoscha Kemlein,SUB,0,746994
Gladbach,2026-04-19,Mainz 05,home,3-5-1-1,True,33,Moritz Nicolas,G,1,746981
Gladbach,2026-04-19,Mainz 05,home,3-5-1-1,True,30,Nico Elvedi,CD,5,746981
Gladbach,2026-04-19,Mainz 05,home,3-5-1-1,True,4,Kevin Diks,CD-L,4,746981
Gladbach,2026-04-19,Mainz 05,home,3-5-1-1,True,16,Philipp Sander,CD-R,6,746981
Gladbach,2026-04-19,Mainz 05,home,3-5-1-1,True,7,Kevin Stöger,CM-L,8,746981
Gladbach,2026-04-19,Mainz 05,home,3-5-1-1,True,27,Rocco Reitz,CM-R,7,746981
Gladbach,2026-04-19,Mainz 05,home,3-5-1-1,True,6,Yannick Engelhardt,AM,11,746981
Gladbach,2026-04-19,Mainz 05,home,3-5-1-1,True,17,Jens Castrop,LM,3,746981
Gladbach,2026-04-19,Mainz 05,home,3-5-1-1,True,29,Joe Scally,RM,2,746981
Gladbach,2026-04-19,Mainz 05,home,3-5-1-1,True,15,Haris Tabakovic,F,9,746981
Gladbach,2026-04-19,Mainz 05,home,3-5-1-1,True,38,Hugo Bolin,RCF,10,746981
Gladbach,2026-04-19,Mainz 05,home,3-5-1-1,False,9,Franck Honorat,SUB,0,746981
Gladbach,2026-04-19,Mainz 05,home,3-5-1-1,False,26,Lukas Ullrich,SUB,0,746981
Gladbach,2026-04-19,Mainz 05,home,3-5-1-1,False,2,Fabio Chiarodia,SUB,0,746981
Gladbach,2026-04-19,Mainz 05,home,3-5-1-1,False,23,Jan Olschowsky,SUB,0,746981
Gladbach,2026-04-19,Mainz 05,home,3-5-1-1,False,13,Giovanni Reyna,SUB,0,746981
Gladbach,2026-04-19,Mainz 05,home,3-5-1-1,False,36,Wael Mohya,SUB,0,746981
Gladbach,2026-04-19,Mainz 05,home,3-5-1-1,False,14,Kota Takai,SUB,0,746981
Gladbach,2026-04-19,Mainz 05,home,3-5-1-1,False,25,Robin Hack,SUB,0,746981
Gladbach,2026-04-19,Mainz 05,home,3-5-1-1,False,18,Shuto Machino,SUB,0,746981
Mainz 05,2026-04-19,Gladbach,away,3-1-4-2,False,48,Kacper Potulski,,0,746981
Mainz 05,2026-04-19,Gladbach,away,3-1-4-2,False,25,Andreas Hanche-Olsen,,0,746981
Mainz 05,2026-04-19,Gladbach,away,3-1-4-2,False,24,Sota Kawasaki,,0,746981
Mainz 05,2026-04-19,Gladbach,away,3-1-4-2,False,11,Armindo Sieb,,0,746981
Mainz 05,2026-04-19,Gladbach,away,3-1-4-2,False,44,Nelson Weiper,,0,746981
Mainz 05,2026-04-19,Gladbach,away,3-1-4-2,False,2,Phillipp Mwene,,0,746981
Mainz 05,2026-04-19,Gladbach,away,3-1-4-2,False,1,Lasse Rieß,,0,746981
Mainz 05,2026-04-19,Gladbach,away,3-1-4-2,False,14,William Bøving,,0,746981
Mainz 05,2026-04-19,Gladbach,away,3-1-4-2,False,30,Silvan Widmer,,0,746981
Mainz 05,2026-04-19,Gladbach,away,3-1-4-2,True,33,Daniel Batz,G,1,746981
Mainz 05,2026-04-19,Gladbach,away,3-1-4-2,True,4,Stefan Posch,CD,4,746981
Mainz 05,2026-04-19,Gladbach,away,3-1-4-2,True,31,Dominik Kohr,CD-L,6,746981
Mainz 05,2026-04-19,Gladbach,away,3-1-4-2,True,21,Danny da Costa,CD-R,5,746981
Mainz 05,2026-04-19,Gladbach,away,3-1-4-2,True,6,Kaishu Sano,SW,8,746981
Mainz 05,2026-04-19,Gladbach,away,3-1-4-2,True,10,Nadiem Amiri,CM-L,11,746981
Mainz 05,2026-04-19,Gladbach,away,3-1-4-2,True,8,Paul Nebel,CM-R,7,746981
Mainz 05,2026-04-19,Gladbach,away,3-1-4-2,True,22,Nikolas Veratschnig,LM,3,746981
Mainz 05,2026-04-19,Gladbach,away,3-1-4-2,True,19,Anthony Caci,RM,2,746981
Mainz 05,2026-04-19,Gladbach,away,3-1-4-2,True,20,Phillip Tietz,CF-L,10,746981
Mainz 05,2026-04-19,Gladbach,away,3-1-4-2,True,23,Sheraldo Becker,CF-R,9,746981
Mainz 05,2026-04-25,Bayern Munich,home,3-5-2,True,33,Daniel Batz,G,1,746990
Mainz 05,2026-04-25,Bayern Munich,home,3-5-2,True,4,Stefan Posch,CD,5,746990
Mainz 05,2026-04-25,Bayern Munich,home,3-5-2,True,31,Dominik Kohr,CD-L,4,746990
Mainz 05,2026-04-25,Bayern Munich,home,3-5-2,True,21,Danny da Costa,CD-R,6,746990
Mainz 05,2026-04-25,Bayern Munich,home,3-5-2,True,10,Nadiem Amiri,CM-L,8,746990
Mainz 05,2026-04-25,Bayern Munich,home,3-5-2,True,8,Paul Nebel,CM-R,7,746990
Mainz 05,2026-04-25,Bayern Munich,home,3-5-2,True,6,Kaishu Sano,AM,11,746990
Mainz 05,2026-04-25,Bayern Munich,home,3-5-2,True,2,Phillipp Mwene,LM,3,746990
Mainz 05,2026-04-25,Bayern Munich,home,3-5-2,True,30,Silvan Widmer,RM,2,746990
Mainz 05,2026-04-25,Bayern Munich,home,3-5-2,True,20,Phillip Tietz,CF-L,9,746990
Mainz 05,2026-04-25,Bayern Munich,home,3-5-2,True,23,Sheraldo Becker,CF-R,10,746990
Mainz 05,2026-04-25,Bayern Munich,home,3-5-2,False,14,William Bøving,SUB,0,746990
Mainz 05,2026-04-25,Bayern Munich,home,3-5-2,False,19,Anthony Caci,SUB,0,746990
Mainz 05,2026-04-25,Bayern Munich,home,3-5-2,False,24,Sota Kawasaki,SUB,0,746990
Mainz 05,2026-04-25,Bayern Munich,home,3-5-2,False,27,Robin Zentner,SUB,0,746990
Mainz 05,2026-04-25,Bayern Munich,home,3-5-2,False,15,Lennard Maloney,SUB,0,746990
Mainz 05,2026-04-25,Bayern Munich,home,3-5-2,False,48,Kacper Potulski,SUB,0,746990
Mainz 05,2026-04-25,Bayern Munich,home,3-5-2,False,22,Nikolas Veratschnig,SUB,0,746990
Mainz 05,2026-04-25,Bayern Munich,home,3-5-2,False,44,Nelson Weiper,SUB,0,746990
Mainz 05,2026-04-25,Bayern Munich,home,3-5-2,False,11,Armindo Sieb,SUB,0,746990
Bayern Munich,2026-04-25,Mainz 05,away,4-2-3-1,True,40,Jonas Urbig,G,1,746990
Bayern Munich,2026-04-25,Mainz 05,away,4-2-3-1,True,21,Hiroki Ito,CD-L,6,746990
Bayern Munich,2026-04-25,Mainz 05,away,4-2-3-1,True,3,Kim Min-Jae,CD-R,5,746990
Bayern Munich,2026-04-25,Mainz 05,away,4-2-3-1,True,19,Alphonso Davies,LB,3,746990
Bayern Munich,2026-04-25,Mainz 05,away,4-2-3-1,True,27,Konrad Laimer,RB,2,746990
Bayern Munich,2026-04-25,Mainz 05,away,4-2-3-1,True,8,Leon Goretzka,AM,10,746990
Bayern Munich,2026-04-25,Mainz 05,away,4-2-3-1,True,45,Aleksandar Pavlovic,LM,4,746990
Bayern Munich,2026-04-25,Mainz 05,away,4-2-3-1,True,39,Bara Sapoko Ndiaye,RM,8,746990
Bayern Munich,2026-04-25,Mainz 05,away,4-2-3-1,True,11,Nicolas Jackson,F,9,746990
Bayern Munich,2026-04-25,Mainz 05,away,4-2-3-1,True,14,Luis Díaz,AM-L,11,746990
Bayern Munich,2026-04-25,Mainz 05,away,4-2-3-1,True,22,Raphaël Guerreiro,AM-R,7,746990
Bayern Munich,2026-04-25,Mainz 05,away,4-2-3-1,False,44,Josip Stanisic,SUB,0,746990
Bayern Munich,2026-04-25,Mainz 05,away,4-2-3-1,False,17,Michael Olise,SUB,0,746990
Bayern Munich,2026-04-25,Mainz 05,away,4-2-3-1,False,33,Bastian Assomo,SUB,0,746990
Bayern Munich,2026-04-25,Mainz 05,away,4-2-3-1,False,10,Jamal Musiala,SUB,0,746990
Bayern Munich,2026-04-25,Mainz 05,away,4-2-3-1,False,4,Jonathan Tah,SUB,0,746990
Bayern Munich,2026-04-25,Mainz 05,away,4-2-3-1,False,34,Deniz Ofli,SUB,0,746990
Bayern Munich,2026-04-25,Mainz 05,away,4-2-3-1,False,43,Filip Pavic,SUB,0,746990
Bayern Munich,2026-04-25,Mainz 05,away,4-2-3-1,False,9,Harry Kane,SUB,0,746990
Bayern Munich,2026-04-25,Mainz 05,away,4-2-3-1,False,1,Manuel Neuer,SUB,0,746990
Heidenheim,2026-04-25,St Pauli,home,4-3-2-1,True,41,Diant Ramaj,G,1,746988
Heidenheim,2026-04-25,St Pauli,home,4-3-2-1,True,19,Jonas Föhrenbach,CD-L,6,746988
Heidenheim,2026-04-25,St Pauli,home,4-3-2-1,True,6,Patrick Mainka,CD-R,5,746988
Heidenheim,2026-04-25,St Pauli,home,4-3-2-1,True,26,Hennes Behrens,LB,3,746988
Heidenheim,2026-04-25,St Pauli,home,4-3-2-1,True,2,Marnon Busch,RB,2,746988
Heidenheim,2026-04-25,St Pauli,home,4-3-2-1,True,30,Niklas Dorsch,CM,4,746988
Heidenheim,2026-04-25,St Pauli,home,4-3-2-1,True,21,Adrian Beck,CM-L,7,746988
Heidenheim,2026-04-25,St Pauli,home,4-3-2-1,True,3,Jan Schöppner,CM-R,8,746988
Heidenheim,2026-04-25,St Pauli,home,4-3-2-1,True,11,Budu Zivzivadze,F,9,746988
Heidenheim,2026-04-25,St Pauli,home,4-3-2-1,True,8,Eren Dinkci,CF-L,11,746988
Heidenheim,2026-04-25,St Pauli,home,4-3-2-1,True,18,Marvin Pieringer,CF-R,10,746988
Heidenheim,2026-04-25,St Pauli,home,4-3-2-1,False,40,Frank Feller,SUB,0,746988
Heidenheim,2026-04-25,St Pauli,home,4-3-2-1,False,4,Tim Siersleben,SUB,0,746988
Heidenheim,2026-04-25,St Pauli,home,4-3-2-1,False,10,Christian Conteh,SUB,0,746988
Heidenheim,2026-04-25,St Pauli,home,4-3-2-1,False,20,Luca Kerber,SUB,0,746988
Heidenheim,2026-04-25,St Pauli,home,4-3-2-1,False,22,Arijon Ibrahimovic,SUB,0,746988
Heidenheim,2026-04-25,St Pauli,home,4-3-2-1,False,23,Omar-Haktab Traoré,SUB,0,746988
Heidenheim,2026-04-25,St Pauli,home,4-3-2-1,False,25,Leonidas Stergiou,SUB,0,746988
Heidenheim,2026-04-25,St Pauli,home,4-3-2-1,False,9,Stefan Schimmer,SUB,0,746988
Heidenheim,2026-04-25,St Pauli,home,4-3-2-1,False,16,Julian Niehues,SUB,0,746988
St Pauli,2026-04-25,Heidenheim,away,3-4-2-1,True,22,Nikola Vasilj,G,1,746988
St Pauli,2026-04-25,Heidenheim,away,3-4-2-1,True,5,Hauke Wahl,CD,5,746988
St Pauli,2026-04-25,Heidenheim,away,3-4-2-1,True,3,Karol Mets,CD-L,4,746988
St Pauli,2026-04-25,Heidenheim,away,3-4-2-1,True,15,Tomoya Ando,CD-R,6,746988
St Pauli,2026-04-25,Heidenheim,away,3-4-2-1,True,7,Jackson Irvine,CM-L,8,746988
St Pauli,2026-04-25,Heidenheim,away,3-4-2-1,True,20,Mathias Rasmussen,CM-R,7,746988
St Pauli,2026-04-25,Heidenheim,away,3-4-2-1,True,11,Arkadiusz Pyrka,LM,3,746988
St Pauli,2026-04-25,Heidenheim,away,3-4-2-1,True,2,Manolis Saliakas,RM,2,746988
St Pauli,2026-04-25,Heidenheim,away,3-4-2-1,True,27,Andreas Hountondji,F,9,746988
St Pauli,2026-04-25,Heidenheim,away,3-4-2-1,True,16,Joel Chima Fujita,CF-L,11,746988
St Pauli,2026-04-25,Heidenheim,away,3-4-2-1,True,10,Danel Sinani,CF-R,10,746988
St Pauli,2026-04-25,Heidenheim,away,3-4-2-1,False,9,Abdoulie Ceesay,SUB,0,746988
St Pauli,2026-04-25,Heidenheim,away,3-4-2-1,False,19,Martijn Kaars,SUB,0,746988
St Pauli,2026-04-25,Heidenheim,away,3-4-2-1,False,23,Louis Oppie,SUB,0,746988
St Pauli,2026-04-25,Heidenheim,away,3-4-2-1,False,25,Adam Dzwigala,SUB,0,746988
St Pauli,2026-04-25,Heidenheim,away,3-4-2-1,False,18,Taichi Hara,SUB,0,746988
St Pauli,2026-04-25,Heidenheim,away,3-4-2-1,False,1,Ben Voll,SUB,0,746988
St Pauli,2026-04-25,Heidenheim,away,3-4-2-1,False,21,Lars Ritzka,SUB,0,746988
St Pauli,2026-04-25,Heidenheim,away,3-4-2-1,False,24,Connor Metcalfe,SUB,0,746988
St Pauli,2026-04-25,Heidenheim,away,3-4-2-1,False,8,Eric Smith,SUB,0,746988
Heidenheim,2026-04-11,Union Berlin,home,4-4-2,True,41,Diant Ramaj,G,1,746970
Heidenheim,2026-04-11,Union Berlin,home,4-4-2,True,19,Jonas Föhrenbach,CD-L,6,746970
Heidenheim,2026-04-11,Union Berlin,home,4-4-2,True,6,Patrick Mainka,CD-R,5,746970
Heidenheim,2026-04-11,Union Berlin,home,4-4-2,True,26,Hennes Behrens,LB,3,746970
Heidenheim,2026-04-11,Union Berlin,home,4-4-2,True,2,Marnon Busch,RB,2,746970
Heidenheim,2026-04-11,Union Berlin,home,4-4-2,True,3,Jan Schöppner,CM-L,8,746970
Heidenheim,2026-04-11,Union Berlin,home,4-4-2,True,16,Julian Niehues,CM-R,4,746970
Heidenheim,2026-04-11,Union Berlin,home,4-4-2,True,17,Mathias Honsak,LM,11,746970
Heidenheim,2026-04-11,Union Berlin,home,4-4-2,True,8,Eren Dinkci,RM,7,746970
Heidenheim,2026-04-11,Union Berlin,home,4-4-2,True,18,Marvin Pieringer,CF-L,9,746970
Heidenheim,2026-04-11,Union Berlin,home,4-4-2,True,9,Stefan Schimmer,CF-R,10,746970
Heidenheim,2026-04-11,Union Berlin,home,4-4-2,False,23,Omar-Haktab Traoré,SUB,0,746970
Heidenheim,2026-04-11,Union Berlin,home,4-4-2,False,21,Adrian Beck,SUB,0,746970
Heidenheim,2026-04-11,Union Berlin,home,4-4-2,False,11,Budu Zivzivadze,SUB,0,746970
Heidenheim,2026-04-11,Union Berlin,home,4-4-2,False,20,Luca Kerber,SUB,0,746970
Heidenheim,2026-04-11,Union Berlin,home,4-4-2,False,40,Frank Feller,SUB,0,746970
Heidenheim,2026-04-11,Union Berlin,home,4-4-2,False,10,Christian Conteh,SUB,0,746970
Heidenheim,2026-04-11,Union Berlin,home,4-4-2,False,30,Niklas Dorsch,SUB,0,746970
Heidenheim,2026-04-11,Union Berlin,home,4-4-2,False,22,Arijon Ibrahimovic,SUB,0,746970
Heidenheim,2026-04-11,Union Berlin,home,4-4-2,False,4,Tim Siersleben,SUB,0,746970
Union Berlin,2026-04-11,Heidenheim,away,5-3-2,True,1,Frederik Ronnow,G,1,746970
Union Berlin,2026-04-11,Heidenheim,away,5-3-2,True,14,Leopold Querfeld,CD,5,746970
Union Berlin,2026-04-11,Heidenheim,away,5-3-2,True,4,Diogo Leite,CD-L,4,746970
Union Berlin,2026-04-11,Heidenheim,away,5-3-2,True,5,Danilho Doekhi,CD-R,6,746970
Union Berlin,2026-04-11,Heidenheim,away,5-3-2,True,39,Derrick Köhn,LB,3,746970
Union Berlin,2026-04-11,Heidenheim,away,5-3-2,True,19,Janik Haberer,RB,2,746970
Union Berlin,2026-04-11,Heidenheim,away,5-3-2,True,8,Rani Khedira,CM,8,746970
Union Berlin,2026-04-11,Heidenheim,away,5-3-2,True,13,András Schäfer,CM-L,11,746970
Union Berlin,2026-04-11,Heidenheim,away,5-3-2,True,33,Alex Král,CM-R,7,746970
Union Berlin,2026-04-11,Heidenheim,away,5-3-2,True,23,Andrej Ilic,CF-L,9,746970
Union Berlin,2026-04-11,Heidenheim,away,5-3-2,True,7,Oliver Burke,CF-R,10,746970
Union Berlin,2026-04-11,Heidenheim,away,5-3-2,False,25,Carl Klaus,SUB,0,746970
Union Berlin,2026-04-11,Heidenheim,away,5-3-2,False,6,Aljoscha Kemlein,SUB,0,746970
Union Berlin,2026-04-11,Heidenheim,away,5-3-2,False,15,Tom Rothe,SUB,0,746970
Union Berlin,2026-04-11,Heidenheim,away,5-3-2,False,49,Linus Güther,SUB,0,746970
Union Berlin,2026-04-11,Heidenheim,away,5-3-2,False,21,Tim Skarke,SUB,0,746970
Union Berlin,2026-04-11,Heidenheim,away,5-3-2,False,9,Livan Burcu,SUB,0,746970
Union Berlin,2026-04-11,Heidenheim,away,5-3-2,False,28,Christopher Trimmel,SUB,0,746970
Union Berlin,2026-04-11,Heidenheim,away,5-3-2,False,10,Ilyas Ansah,SUB,0,746970
Union Berlin,2026-04-11,Heidenheim,away,5-3-2,False,18,Josip Juranovic,SUB,0,746970
Wolfsburg,2026-04-25,Gladbach,home,3-1-4-2,False,26,Saël Kumbedi,,0,746996
Wolfsburg,2026-04-25,Gladbach,home,3-1-4-2,False,40,Kevin Paredes,,0,746996
Wolfsburg,2026-04-25,Gladbach,home,3-1-4-2,False,27,Maximilian Arnold,,0,746996
Wolfsburg,2026-04-25,Gladbach,home,3-1-4-2,False,11,Adam Daghim,,0,746996
Wolfsburg,2026-04-25,Gladbach,home,3-1-4-2,False,15,Moritz Jenz,,0,746996
Wolfsburg,2026-04-25,Gladbach,home,3-1-4-2,False,10,Lovro Majer,,0,746996
Wolfsburg,2026-04-25,Gladbach,home,3-1-4-2,False,31,Yannick Gerhardt,,0,746996
Wolfsburg,2026-04-25,Gladbach,home,3-1-4-2,False,7,Kento Shiogai,,0,746996
Wolfsburg,2026-04-25,Gladbach,home,3-1-4-2,False,12,Pavao Pervan,,0,746996
Wolfsburg,2026-04-25,Gladbach,home,3-1-4-2,True,1,Kamil Grabara,G,1,746996
Wolfsburg,2026-04-25,Gladbach,home,3-1-4-2,True,3,Denis Vavro,CD,4,746996
Wolfsburg,2026-04-25,Gladbach,home,3-1-4-2,True,4,Konstantinos Koulierakis,CD-L,6,746996
Wolfsburg,2026-04-25,Gladbach,home,3-1-4-2,True,6,Jeanuël Belocian,CD-R,5,746996
Wolfsburg,2026-04-25,Gladbach,home,3-1-4-2,True,5,Vinicius Souza,SW,8,746996
Wolfsburg,2026-04-25,Gladbach,home,3-1-4-2,True,24,Christian Eriksen,CM-L,11,746996
Wolfsburg,2026-04-25,Gladbach,home,3-1-4-2,True,39,Patrick Wimmer,CM-R,7,746996
Wolfsburg,2026-04-25,Gladbach,home,3-1-4-2,True,25,Aaron Zehnter,LM,3,746996
Wolfsburg,2026-04-25,Gladbach,home,3-1-4-2,True,21,Joakim Maehle,RM,2,746996
Wolfsburg,2026-04-25,Gladbach,home,3-1-4-2,True,9,Mohamed Amoura,CF-L,10,746996
Wolfsburg,2026-04-25,Gladbach,home,3-1-4-2,True,17,Dzenan Pejcinovic,CF-R,9,746996
Gladbach,2026-04-25,Wolfsburg,away,3-1-4-2,False,36,Wael Mohya,,0,746996
Gladbach,2026-04-25,Wolfsburg,away,3-1-4-2,False,38,Hugo Bolin,,0,746996
Gladbach,2026-04-25,Wolfsburg,away,3-1-4-2,False,10,Florian Neuhaus,,0,746996
Gladbach,2026-04-25,Wolfsburg,away,3-1-4-2,False,14,Kota Takai,,0,746996
Gladbach,2026-04-25,Wolfsburg,away,3-1-4-2,False,23,Jan Olschowsky,,0,746996
Gladbach,2026-04-25,Wolfsburg,away,3-1-4-2,False,18,Shuto Machino,,0,746996
Gladbach,2026-04-25,Wolfsburg,away,3-1-4-2,False,25,Robin Hack,,0,746996
Gladbach,2026-04-25,Wolfsburg,away,3-1-4-2,False,26,Lukas Ullrich,,0,746996
Gladbach,2026-04-25,Wolfsburg,away,3-1-4-2,False,13,Giovanni Reyna,,0,746996
Gladbach,2026-04-25,Wolfsburg,away,3-1-4-2,True,33,Moritz Nicolas,G,1,746996
Gladbach,2026-04-25,Wolfsburg,away,3-1-4-2,True,30,Nico Elvedi,CD,4,746996
Gladbach,2026-04-25,Wolfsburg,away,3-1-4-2,True,2,Fabio Chiarodia,CD-L,6,746996
Gladbach,2026-04-25,Wolfsburg,away,3-1-4-2,True,16,Philipp Sander,CD-R,5,746996
Gladbach,2026-04-25,Wolfsburg,away,3-1-4-2,True,6,Yannick Engelhardt,SW,8,746996
Gladbach,2026-04-25,Wolfsburg,away,3-1-4-2,True,7,Kevin Stöger,CM-L,11,746996
Gladbach,2026-04-25,Wolfsburg,away,3-1-4-2,True,27,Rocco Reitz,CM-R,7,746996
Gladbach,2026-04-25,Wolfsburg,away,3-1-4-2,True,17,Jens Castrop,LM,3,746996
Gladbach,2026-04-25,Wolfsburg,away,3-1-4-2,True,29,Joe Scally,RM,2,746996
Gladbach,2026-04-25,Wolfsburg,away,3-1-4-2,True,15,Haris Tabakovic,CF-L,10,746996
Gladbach,2026-04-25,Wolfsburg,away,3-1-4-2,True,9,Franck Honorat,CF-R,9,746996
St Pauli,2026-04-11,Bayern Munich,home,3-4-2-1,True,22,Nikola Vasilj,G,1,746975
St Pauli,2026-04-11,Bayern Munich,home,3-4-2-1,True,5,Hauke Wahl,CD,5,746975
St Pauli,2026-04-11,Bayern Munich,home,3-4-2-1,True,3,Karol Mets,CD-L,4,746975
St Pauli,2026-04-11,Bayern Munich,home,3-4-2-1,True,15,Tomoya Ando,CD-R,6,746975
St Pauli,2026-04-11,Bayern Munich,home,3-4-2-1,True,16,Joel Chima Fujita,CM-L,8,746975
St Pauli,2026-04-11,Bayern Munich,home,3-4-2-1,True,20,Mathias Rasmussen,CM-R,7,746975
St Pauli,2026-04-11,Bayern Munich,home,3-4-2-1,True,21,Lars Ritzka,LM,3,746975
St Pauli,2026-04-11,Bayern Munich,home,3-4-2-1,True,11,Arkadiusz Pyrka,RM,2,746975
St Pauli,2026-04-11,Bayern Munich,home,3-4-2-1,True,27,Andreas Hountondji,F,9,746975
St Pauli,2026-04-11,Bayern Munich,home,3-4-2-1,True,28,Mathias Pereira Lage,CF-L,11,746975
St Pauli,2026-04-11,Bayern Munich,home,3-4-2-1,True,10,Danel Sinani,CF-R,10,746975
St Pauli,2026-04-11,Bayern Munich,home,3-4-2-1,False,1,Ben Voll,SUB,0,746975
St Pauli,2026-04-11,Bayern Munich,home,3-4-2-1,False,24,Connor Metcalfe,SUB,0,746975
St Pauli,2026-04-11,Bayern Munich,home,3-4-2-1,False,4,David Nemeth,SUB,0,746975
St Pauli,2026-04-11,Bayern Munich,home,3-4-2-1,False,9,Abdoulie Ceesay,SUB,0,746975
St Pauli,2026-04-11,Bayern Munich,home,3-4-2-1,False,23,Louis Oppie,SUB,0,746975
St Pauli,2026-04-11,Bayern Munich,home,3-4-2-1,False,25,Adam Dzwigala,SUB,0,746975
St Pauli,2026-04-11,Bayern Munich,home,3-4-2-1,False,34,Jannik Robatsch,SUB,0,746975
St Pauli,2026-04-11,Bayern Munich,home,3-4-2-1,False,18,Taichi Hara,SUB,0,746975
St Pauli,2026-04-11,Bayern Munich,home,3-4-2-1,False,19,Martijn Kaars,SUB,0,746975
Bayern Munich,2026-04-11,St Pauli,away,4-2-3-1,True,1,Manuel Neuer,G,1,746975
Bayern Munich,2026-04-11,St Pauli,away,4-2-3-1,True,21,Hiroki Ito,CD-L,6,746975
Bayern Munich,2026-04-11,St Pauli,away,4-2-3-1,True,3,Kim Min-Jae,CD-R,5,746975
Bayern Munich,2026-04-11,St Pauli,away,4-2-3-1,True,20,Tom Bischof,LB,3,746975
Bayern Munich,2026-04-11,St Pauli,away,4-2-3-1,True,27,Konrad Laimer,RB,2,746975
Bayern Munich,2026-04-11,St Pauli,away,4-2-3-1,True,22,Raphaël Guerreiro,AM,10,746975
Bayern Munich,2026-04-11,St Pauli,away,4-2-3-1,True,8,Leon Goretzka,LM,4,746975
Bayern Munich,2026-04-11,St Pauli,away,4-2-3-1,True,6,Joshua Kimmich,RM,8,746975
Bayern Munich,2026-04-11,St Pauli,away,4-2-3-1,True,11,Nicolas Jackson,F,9,746975
Bayern Munich,2026-04-11,St Pauli,away,4-2-3-1,True,10,Jamal Musiala,AM-L,11,746975
Bayern Munich,2026-04-11,St Pauli,away,4-2-3-1,True,17,Michael Olise,AM-R,7,746975
Bayern Munich,2026-04-11,St Pauli,away,4-2-3-1,False,45,Aleksandar Pavlovic,SUB,0,746975
Bayern Munich,2026-04-11,St Pauli,away,4-2-3-1,False,40,Jonas Urbig,SUB,0,746975
Bayern Munich,2026-04-11,St Pauli,away,4-2-3-1,False,9,Harry Kane,SUB,0,746975
Bayern Munich,2026-04-11,St Pauli,away,4-2-3-1,False,44,Josip Stanisic,SUB,0,746975
Bayern Munich,2026-04-11,St Pauli,away,4-2-3-1,False,2,Dayot Upamecano,SUB,0,746975
Bayern Munich,2026-04-11,St Pauli,away,4-2-3-1,False,4,Jonathan Tah,SUB,0,746975
Bayern Munich,2026-04-11,St Pauli,away,4-2-3-1,False,39,Bara Sapoko Ndiaye,SUB,0,746975
Bayern Munich,2026-04-11,St Pauli,away,4-2-3-1,False,19,Alphonso Davies,SUB,0,746975
Bayern Munich,2026-04-11,St Pauli,away,4-2-3-1,False,14,Luis Díaz,SUB,0,746975
Stuttgart,2026-04-26,Werder Bremen,home,3-4-2-1,True,33,Alexander Nübel,G,1,746995
Stuttgart,2026-04-26,Werder Bremen,home,3-4-2-1,True,23,Dan-Axel Zagadou,CD,5,746995
Stuttgart,2026-04-26,Werder Bremen,home,3-4-2-1,True,7,Maximilian Mittelstädt,CD-L,4,746995
Stuttgart,2026-04-26,Werder Bremen,home,3-4-2-1,True,14,Luca Jaquez,CD-R,6,746995
Stuttgart,2026-04-26,Werder Bremen,home,3-4-2-1,True,6,Angelo Stiller,CM-L,8,746995
Stuttgart,2026-04-26,Werder Bremen,home,3-4-2-1,True,30,Chema Andrés,CM-R,7,746995
Stuttgart,2026-04-26,Werder Bremen,home,3-4-2-1,True,18,Jamie Leweling,LM,3,746995
Stuttgart,2026-04-26,Werder Bremen,home,3-4-2-1,True,22,Lorenz Assignon,RM,2,746995
Stuttgart,2026-04-26,Werder Bremen,home,3-4-2-1,True,26,Deniz Undav,F,9,746995
Stuttgart,2026-04-26,Werder Bremen,home,3-4-2-1,True,11,Bilal El Khannouss,CF-L,11,746995
Stuttgart,2026-04-26,Werder Bremen,home,3-4-2-1,True,8,Tiago Tomás,CF-R,10,746995
Stuttgart,2026-04-26,Werder Bremen,home,3-4-2-1,False,27,Badredine Bouanani,SUB,0,746995
Stuttgart,2026-04-26,Werder Bremen,home,3-4-2-1,False,28,Nikolas Nartey,SUB,0,746995
Stuttgart,2026-04-26,Werder Bremen,home,3-4-2-1,False,16,Atakan Karazor,SUB,0,746995
Stuttgart,2026-04-26,Werder Bremen,home,3-4-2-1,False,4,Josha Vagnoman,SUB,0,746995
Stuttgart,2026-04-26,Werder Bremen,home,3-4-2-1,False,24,Jeff Chabot,SUB,0,746995
Stuttgart,2026-04-26,Werder Bremen,home,3-4-2-1,False,3,Ramon Hendriks,SUB,0,746995
Stuttgart,2026-04-26,Werder Bremen,home,3-4-2-1,False,10,Chris Führich,SUB,0,746995
Stuttgart,2026-04-26,Werder Bremen,home,3-4-2-1,False,9,Ermedin Demirovic,SUB,0,746995
Stuttgart,2026-04-26,Werder Bremen,home,3-4-2-1,False,1,Fabian Bredlow,SUB,0,746995
Werder Bremen,2026-04-26,Stuttgart,away,3-4-2-1,True,30,Mio Backhaus,G,1,746995
Werder Bremen,2026-04-26,Stuttgart,away,3-4-2-1,True,4,Niklas Stark,CD,5,746995
Werder Bremen,2026-04-26,Stuttgart,away,3-4-2-1,True,31,Karim Coulibaly,CD-L,4,746995
Werder Bremen,2026-04-26,Stuttgart,away,3-4-2-1,True,5,Amos Pieper,CD-R,6,746995
Werder Bremen,2026-04-26,Stuttgart,away,3-4-2-1,True,14,Senne Lynen,CM-L,8,746995
Werder Bremen,2026-04-26,Stuttgart,away,3-4-2-1,True,18,Cameron Puertas,CM-R,7,746995
Werder Bremen,2026-04-26,Stuttgart,away,3-4-2-1,True,2,Olivier Deman,LM,3,746995
Werder Bremen,2026-04-26,Stuttgart,away,3-4-2-1,True,3,Yukinari Sugawara,RM,2,746995
Werder Bremen,2026-04-26,Stuttgart,away,3-4-2-1,True,19,Jovan Milosevic,F,9,746995
Werder Bremen,2026-04-26,Stuttgart,away,3-4-2-1,True,20,Romano Schmid,CF-L,11,746995
Werder Bremen,2026-04-26,Stuttgart,away,3-4-2-1,True,6,Jens Stage,CF-R,10,746995
Werder Bremen,2026-04-26,Stuttgart,away,3-4-2-1,False,24,Patrice Covic,SUB,0,746995
Werder Bremen,2026-04-26,Stuttgart,away,3-4-2-1,False,29,Salim Musah,SUB,0,746995
Werder Bremen,2026-04-26,Stuttgart,away,3-4-2-1,False,7,Samuel Mbangula,SUB,0,746995
Werder Bremen,2026-04-26,Stuttgart,away,3-4-2-1,False,11,Justin Njinmah,SUB,0,746995
Werder Bremen,2026-04-26,Stuttgart,away,3-4-2-1,False,23,Isaac Schmidt,SUB,0,746995
Werder Bremen,2026-04-26,Stuttgart,away,3-4-2-1,False,39,Maximilian Wöber,SUB,0,746995
Werder Bremen,2026-04-26,Stuttgart,away,3-4-2-1,False,25,Markus Kolke,SUB,0,746995
Werder Bremen,2026-04-26,Stuttgart,away,3-4-2-1,False,33,Mick Schmetgens,SUB,0,746995
Werder Bremen,2026-04-26,Stuttgart,away,3-4-2-1,False,44,Victor Boniface,SUB,0,746995
Hamburger SV,2026-04-25,Hoffenheim,home,3-4-1-2,True,1,Daniel Heuer Fernandes,G,1,746993
Hamburger SV,2026-04-25,Hoffenheim,home,3-4-1-2,True,25,Jordan Torunarigha,CD,5,746993
Hamburger SV,2026-04-25,Hoffenheim,home,3-4-1-2,True,17,Warmed Omari,CD-L,4,746993
Hamburger SV,2026-04-25,Hoffenheim,home,3-4-1-2,True,24,Nicolás Capaldo,CD-R,6,746993
Hamburger SV,2026-04-25,Hoffenheim,home,3-4-1-2,True,23,Albert Grønbaek,CM-L,8,746993
Hamburger SV,2026-04-25,Hoffenheim,home,3-4-1-2,True,21,Nicolai Remberg,CM-R,7,746993
Hamburger SV,2026-04-25,Hoffenheim,home,3-4-1-2,True,20,Fabio Vieira,AM,9,746993
Hamburger SV,2026-04-25,Hoffenheim,home,3-4-1-2,True,2,William Mikelbrencis,LM,3,746993
Hamburger SV,2026-04-25,Hoffenheim,home,3-4-1-2,True,18,Bakery Jatta,RM,2,746993
Hamburger SV,2026-04-25,Hoffenheim,home,3-4-1-2,True,11,Ransford-Yeboah Königsdörffer,CF-L,11,746993
Hamburger SV,2026-04-25,Hoffenheim,home,3-4-1-2,True,9,Robert Glatzel,CF-R,10,746993
Hamburger SV,2026-04-25,Hoffenheim,home,3-4-1-2,False,8,Daniel Elfadli,SUB,0,746993
Hamburger SV,2026-04-25,Hoffenheim,home,3-4-1-2,False,12,Sander Tangvik,SUB,0,746993
Hamburger SV,2026-04-25,Hoffenheim,home,3-4-1-2,False,3,Noah Katterbach,SUB,0,746993
Hamburger SV,2026-04-25,Hoffenheim,home,3-4-1-2,False,19,Damion Downs,SUB,0,746993
Hamburger SV,2026-04-25,Hoffenheim,home,3-4-1-2,False,14,Rayan Philippe,SUB,0,746993
Hamburger SV,2026-04-25,Hoffenheim,home,3-4-1-2,False,49,Otto Stange,SUB,0,746993
Hamburger SV,2026-04-25,Hoffenheim,home,3-4-1-2,False,6,Albert Sambi Lokonga,SUB,0,746993
Hamburger SV,2026-04-25,Hoffenheim,home,3-4-1-2,False,43,Shafiq Nandja,SUB,0,746993
Hamburger SV,2026-04-25,Hoffenheim,home,3-4-1-2,False,16,Giorgi Gocholeishvili,SUB,0,746993
Hoffenheim,2026-04-25,Hamburger SV,away,3-4-2-1,True,1,Oliver Baumann,G,1,746993
Hoffenheim,2026-04-25,Hamburger SV,away,3-4-2-1,True,5,Ozan Kabak,CD,5,746993
Hoffenheim,2026-04-25,Hamburger SV,away,3-4-2-1,True,21,Albian Hajdari,CD-L,4,746993
Hoffenheim,2026-04-25,Hamburger SV,away,3-4-2-1,True,2,Robin Hranác,CD-R,6,746993
Hoffenheim,2026-04-25,Hamburger SV,away,3-4-2-1,True,18,Wouter Burger,CM-L,8,746993
Hoffenheim,2026-04-25,Hamburger SV,away,3-4-2-1,True,7,Leon Avdullahu,CM-R,7,746993
Hoffenheim,2026-04-25,Hamburger SV,away,3-4-2-1,True,29,Bazoumana Touré,LM,3,746993
Hoffenheim,2026-04-25,Hamburger SV,away,3-4-2-1,True,34,Vladimír Coufal,RM,2,746993
Hoffenheim,2026-04-25,Hamburger SV,away,3-4-2-1,True,19,Tim Lemperle,F,9,746993
Hoffenheim,2026-04-25,Hamburger SV,away,3-4-2-1,True,27,Andrej Kramaric,CF-L,11,746993
Hoffenheim,2026-04-25,Hamburger SV,away,3-4-2-1,True,11,Fisnik Asllani,CF-R,10,746993
Hoffenheim,2026-04-25,Hamburger SV,away,3-4-2-1,False,6,Grischa Prömel,SUB,0,746993
Hoffenheim,2026-04-25,Hamburger SV,away,3-4-2-1,False,10,Muhammed Damar,SUB,0,746993
Hoffenheim,2026-04-25,Hamburger SV,away,3-4-2-1,False,20,Cole Campbell,SUB,0,746993
Hoffenheim,2026-04-25,Hamburger SV,away,3-4-2-1,False,22,Alexander Prass,SUB,0,746993
Hoffenheim,2026-04-25,Hamburger SV,away,3-4-2-1,False,9,Ihlas Bebou,SUB,0,746993
Hoffenheim,2026-04-25,Hamburger SV,away,3-4-2-1,False,25,Kevin Akpoguma,SUB,0,746993
Hoffenheim,2026-04-25,Hamburger SV,away,3-4-2-1,False,33,Max Moerstedt,SUB,0,746993
Hoffenheim,2026-04-25,Hamburger SV,away,3-4-2-1,False,13,Bernardo,SUB,0,746993
Hoffenheim,2026-04-25,Hamburger SV,away,3-4-2-1,False,37,Luca Philipp,SUB,0,746993
Bayern Munich,2026-05-02,Heidenheim,home,4-3-1-2,False,17,Michael Olise,,0,747001
Bayern Munich,2026-05-02,Heidenheim,home,4-3-1-2,False,9,Harry Kane,,0,747001
Bayern Munich,2026-05-02,Heidenheim,home,4-3-1-2,False,14,Luis Díaz,,0,747001
Bayern Munich,2026-05-02,Heidenheim,home,4-3-1-2,False,1,Manuel Neuer,,0,747001
Bayern Munich,2026-05-02,Heidenheim,home,4-3-1-2,False,20,Tom Bischof,,0,747001
Bayern Munich,2026-05-02,Heidenheim,home,4-3-1-2,False,19,Alphonso Davies,,0,747001
Bayern Munich,2026-05-02,Heidenheim,home,4-3-1-2,False,2,Dayot Upamecano,,0,747001
Bayern Munich,2026-05-02,Heidenheim,home,4-3-1-2,False,43,Filip Pavic,,0,747001
Bayern Munich,2026-05-02,Heidenheim,home,4-3-1-2,False,6,Joshua Kimmich,,0,747001
Bayern Munich,2026-05-02,Heidenheim,home,4-3-1-2,True,40,Jonas Urbig,G,1,747001
Bayern Munich,2026-05-02,Heidenheim,home,4-3-1-2,True,4,Jonathan Tah,CD-L,6,747001
Bayern Munich,2026-05-02,Heidenheim,home,4-3-1-2,True,3,Kim Min-Jae,CD-R,5,747001
Bayern Munich,2026-05-02,Heidenheim,home,4-3-1-2,True,21,Hiroki Ito,LB,3,747001
Bayern Munich,2026-05-02,Heidenheim,home,4-3-1-2,True,44,Josip Stanisic,RB,2,747001
Bayern Munich,2026-05-02,Heidenheim,home,4-3-1-2,True,10,Jamal Musiala,M,10,747001
Bayern Munich,2026-05-02,Heidenheim,home,4-3-1-2,True,39,Bara Sapoko Ndiaye,CM,4,747001
Bayern Munich,2026-05-02,Heidenheim,home,4-3-1-2,True,8,Leon Goretzka,AM,8,747001
Bayern Munich,2026-05-02,Heidenheim,home,4-3-1-2,True,27,Konrad Laimer,LM,11,747001
Bayern Munich,2026-05-02,Heidenheim,home,4-3-1-2,True,45,Aleksandar Pavlovic,RM,7,747001
Bayern Munich,2026-05-02,Heidenheim,home,4-3-1-2,True,11,Nicolas Jackson,CF-R,9,747001
Heidenheim,2026-05-02,Bayern Munich,away,3-4-3,True,41,Diant Ramaj,G,1,747001
Heidenheim,2026-05-02,Bayern Munich,away,3-4-3,True,6,Patrick Mainka,CD,5,747001
Heidenheim,2026-05-02,Bayern Munich,away,3-4-3,True,19,Jonas Föhrenbach,CD-L,4,747001
Heidenheim,2026-05-02,Bayern Munich,away,3-4-3,True,2,Marnon Busch,CD-R,6,747001
Heidenheim,2026-05-02,Bayern Munich,away,3-4-3,True,30,Niklas Dorsch,CM-L,8,747001
Heidenheim,2026-05-02,Bayern Munich,away,3-4-3,True,3,Jan Schöppner,CM-R,7,747001
Heidenheim,2026-05-02,Bayern Munich,away,3-4-3,True,26,Hennes Behrens,LM,3,747001
Heidenheim,2026-05-02,Bayern Munich,away,3-4-3,True,8,Eren Dinkci,RM,2,747001
Heidenheim,2026-05-02,Bayern Munich,away,3-4-3,True,11,Budu Zivzivadze,F,9,747001
Heidenheim,2026-05-02,Bayern Munich,away,3-4-3,True,22,Arijon Ibrahimovic,CF-L,11,747001
Heidenheim,2026-05-02,Bayern Munich,away,3-4-3,True,18,Marvin Pieringer,CF-R,10,747001
Heidenheim,2026-05-02,Bayern Munich,away,3-4-3,False,16,Julian Niehues,SUB,0,747001
Heidenheim,2026-05-02,Bayern Munich,away,3-4-3,False,23,Omar-Haktab Traoré,SUB,0,747001
Heidenheim,2026-05-02,Bayern Munich,away,3-4-3,False,21,Adrian Beck,SUB,0,747001
Heidenheim,2026-05-02,Bayern Munich,away,3-4-3,False,40,Frank Feller,SUB,0,747001
Heidenheim,2026-05-02,Bayern Munich,away,3-4-3,False,20,Luca Kerber,SUB,0,747001
Heidenheim,2026-05-02,Bayern Munich,away,3-4-3,False,9,Stefan Schimmer,SUB,0,747001
Heidenheim,2026-05-02,Bayern Munich,away,3-4-3,False,4,Tim Siersleben,SUB,0,747001
Heidenheim,2026-05-02,Bayern Munich,away,3-4-3,False,25,Leonidas Stergiou,SUB,0,747001
Heidenheim,2026-05-02,Bayern Munich,away,3-4-3,False,29,Mikkel Kaufmann,SUB,0,747001
Union Berlin,2026-05-02,Köln,home,3-5-2,True,25,Carl Klaus,G,1,746997
Union Berlin,2026-05-02,Köln,home,3-5-2,True,4,Diogo Leite,CD,5,746997
Union Berlin,2026-05-02,Köln,home,3-5-2,True,34,Stanley N'Soki,CD-L,4,746997
Union Berlin,2026-05-02,Köln,home,3-5-2,True,5,Danilho Doekhi,CD-R,6,746997
Union Berlin,2026-05-02,Köln,home,3-5-2,True,6,Aljoscha Kemlein,CM-L,8,746997
Union Berlin,2026-05-02,Köln,home,3-5-2,True,13,András Schäfer,CM-R,7,746997
Union Berlin,2026-05-02,Köln,home,3-5-2,True,8,Rani Khedira,AM,11,746997
Union Berlin,2026-05-02,Köln,home,3-5-2,True,15,Tom Rothe,LM,3,746997
Union Berlin,2026-05-02,Köln,home,3-5-2,True,18,Josip Juranovic,RM,2,746997
Union Berlin,2026-05-02,Köln,home,3-5-2,True,10,Ilyas Ansah,CF-L,9,746997
Union Berlin,2026-05-02,Köln,home,3-5-2,True,7,Oliver Burke,CF-R,10,746997
Union Berlin,2026-05-02,Köln,home,3-5-2,False,28,Christopher Trimmel,SUB,0,746997
Union Berlin,2026-05-02,Köln,home,3-5-2,False,19,Janik Haberer,SUB,0,746997
Union Berlin,2026-05-02,Köln,home,3-5-2,False,9,Livan Burcu,SUB,0,746997
Union Berlin,2026-05-02,Köln,home,3-5-2,False,48,Tom Wisbereit,SUB,0,746997
Union Berlin,2026-05-02,Köln,home,3-5-2,False,33,Alex Král,SUB,0,746997
Union Berlin,2026-05-02,Köln,home,3-5-2,False,39,Derrick Köhn,SUB,0,746997
Union Berlin,2026-05-02,Köln,home,3-5-2,False,23,Andrej Ilic,SUB,0,746997
Union Berlin,2026-05-02,Köln,home,3-5-2,False,21,Tim Skarke,SUB,0,746997
Union Berlin,2026-05-02,Köln,home,3-5-2,False,14,Leopold Querfeld,SUB,0,746997
Köln,2026-05-02,Union Berlin,away,4-2-3-1,True,1,Marvin Schwäbe,G,1,746997
Köln,2026-05-02,Union Berlin,away,4-2-3-1,True,39,Cenk Özkacar,CD-L,6,746997
Köln,2026-05-02,Union Berlin,away,4-2-3-1,True,22,Jahmai Simpson-Pusey,CD-R,5,746997
Köln,2026-05-02,Union Berlin,away,4-2-3-1,True,32,Kristoffer Lund,LB,3,746997
Köln,2026-05-02,Union Berlin,away,4-2-3-1,True,28,Sebastian Sebulonsen,RB,2,746997
Köln,2026-05-02,Union Berlin,away,4-2-3-1,True,16,Jakub Kaminski,AM,10,746997
Köln,2026-05-02,Union Berlin,away,4-2-3-1,True,6,Eric Martel,LM,4,746997
Köln,2026-05-02,Union Berlin,away,4-2-3-1,True,5,Tom Krauss,RM,8,746997
Köln,2026-05-02,Union Berlin,away,4-2-3-1,True,13,Said El Mala,F,9,746997
Köln,2026-05-02,Union Berlin,away,4-2-3-1,True,30,Marius Bulter,AM-L,11,746997
Köln,2026-05-02,Union Berlin,away,4-2-3-1,True,7,Luca Waldschmidt,AM-R,7,746997
Köln,2026-05-02,Union Berlin,away,4-2-3-1,False,38,Youssoupha Niang,SUB,0,746997
Köln,2026-05-02,Union Berlin,away,4-2-3-1,False,37,Linton Maina,SUB,0,746997
Köln,2026-05-02,Union Berlin,away,4-2-3-1,False,29,Jan Thielmann,SUB,0,746997
Köln,2026-05-02,Union Berlin,away,4-2-3-1,False,17,Alessio Castro-Montes,SUB,0,746997
Köln,2026-05-02,Union Berlin,away,4-2-3-1,False,20,Ron-Robert Zieler,SUB,0,746997
Köln,2026-05-02,Union Berlin,away,4-2-3-1,False,2,Joel Schmied,SUB,0,746997
Köln,2026-05-02,Union Berlin,away,4-2-3-1,False,27,Felipe Chávez,SUB,0,746997
Köln,2026-05-02,Union Berlin,away,4-2-3-1,False,8,Denis Huseinbasic,SUB,0,746997
Köln,2026-05-02,Union Berlin,away,4-2-3-1,False,3,Dominique Heintz,SUB,0,746997
Dortmund,2026-04-26,Freiburg,home,3-4-2-1,True,1,Gregor Kobel,G,1,746991
Dortmund,2026-04-26,Freiburg,home,3-4-2-1,True,4,Nico Schlotterbeck,CD,5,746991
Dortmund,2026-04-26,Freiburg,home,3-4-2-1,True,5,Ramy Bensebaini,CD-L,4,746991
Dortmund,2026-04-26,Freiburg,home,3-4-2-1,True,3,Waldemar Anton,CD-R,6,746991
Dortmund,2026-04-26,Freiburg,home,3-4-2-1,True,7,Jobe Bellingham,CM-L,8,746991
Dortmund,2026-04-26,Freiburg,home,3-4-2-1,True,20,Marcel Sabitzer,CM-R,7,746991
Dortmund,2026-04-26,Freiburg,home,3-4-2-1,True,14,Maximilian Beier,LM,3,746991
Dortmund,2026-04-26,Freiburg,home,3-4-2-1,True,26,Julian Ryerson,RM,2,746991
Dortmund,2026-04-26,Freiburg,home,3-4-2-1,True,9,Serhou Guirassy,F,9,746991
Dortmund,2026-04-26,Freiburg,home,3-4-2-1,True,40,Samuele Inácio,CF-L,11,746991
Dortmund,2026-04-26,Freiburg,home,3-4-2-1,True,10,Julian Brandt,CF-R,10,746991
Dortmund,2026-04-26,Freiburg,home,3-4-2-1,False,33,Alexander Meyer,SUB,0,746991
Dortmund,2026-04-26,Freiburg,home,3-4-2-1,False,21,Fábio Silva,SUB,0,746991
Dortmund,2026-04-26,Freiburg,home,3-4-2-1,False,41,Mathis Albert,SUB,0,746991
Dortmund,2026-04-26,Freiburg,home,3-4-2-1,False,24,Daniel Svensson,SUB,0,746991
Dortmund,2026-04-26,Freiburg,home,3-4-2-1,False,6,Salih Özcan,SUB,0,746991
Dortmund,2026-04-26,Freiburg,home,3-4-2-1,False,39,Filippo Mané,SUB,0,746991
Dortmund,2026-04-26,Freiburg,home,3-4-2-1,False,49,Luca Reggiani,SUB,0,746991
Dortmund,2026-04-26,Freiburg,home,3-4-2-1,False,2,Yan Couto,SUB,0,746991
Dortmund,2026-04-26,Freiburg,home,3-4-2-1,False,17,Carney Chukwuemeka,SUB,0,746991
Freiburg,2026-04-26,Dortmund,away,4-2-3-1,True,1,Noah Atubolu,G,1,746991
Freiburg,2026-04-26,Dortmund,away,4-2-3-1,True,3,Philipp Lienhart,CD-L,6,746991
Freiburg,2026-04-26,Dortmund,away,4-2-3-1,True,43,Ifechukwu Ogbus,CD-R,5,746991
Freiburg,2026-04-26,Dortmund,away,4-2-3-1,True,30,Christian Günter,LB,3,746991
Freiburg,2026-04-26,Dortmund,away,4-2-3-1,True,17,Lukas Kübler,RB,2,746991
Freiburg,2026-04-26,Dortmund,away,4-2-3-1,True,9,Lucas Höler,AM,10,746991
Freiburg,2026-04-26,Dortmund,away,4-2-3-1,True,27,Nicolas Höfler,LM,4,746991
Freiburg,2026-04-26,Dortmund,away,4-2-3-1,True,8,Maximilian Eggestein,RM,8,746991
Freiburg,2026-04-26,Dortmund,away,4-2-3-1,True,31,Igor Matanovic,F,9,746991
Freiburg,2026-04-26,Dortmund,away,4-2-3-1,True,32,Vincenzo Grifo,AM-L,11,746991
Freiburg,2026-04-26,Dortmund,away,4-2-3-1,True,7,Derry Scherhant,AM-R,7,746991
Freiburg,2026-04-26,Dortmund,away,4-2-3-1,False,26,Maximilian Philipp,SUB,0,746991
Freiburg,2026-04-26,Dortmund,away,4-2-3-1,False,69,Rouven Tarnutzer,SUB,0,746991
Freiburg,2026-04-26,Dortmund,away,4-2-3-1,False,19,Niklas Beste,SUB,0,746991
Freiburg,2026-04-26,Dortmund,away,4-2-3-1,False,22,Cyriaque Irié,SUB,0,746991
Freiburg,2026-04-26,Dortmund,away,4-2-3-1,False,21,Florian Müller,SUB,0,746991
Freiburg,2026-04-26,Dortmund,away,4-2-3-1,False,65,Karl Steinmann,SUB,0,746991
Freiburg,2026-04-26,Dortmund,away,4-2-3-1,False,5,Anthony Jung,SUB,0,746991
Freiburg,2026-04-26,Dortmund,away,4-2-3-1,False,29,Philipp Treu,SUB,0,746991
Frankfurt,2026-05-02,Hamburger SV,home,4-5-1,True,23,Michael Zetterer,G,1,747000
Frankfurt,2026-05-02,Hamburger SV,home,4-5-1,True,4,Robin Koch,CD-L,6,747000
Frankfurt,2026-05-02,Hamburger SV,home,4-5-1,True,15,Ellyes Skhiri,CD-R,5,747000
Frankfurt,2026-05-02,Hamburger SV,home,4-5-1,True,21,Nathaniel Brown,LB,3,747000
Frankfurt,2026-05-02,Hamburger SV,home,4-5-1,True,5,Aurèle Amenda,RB,2,747000
Frankfurt,2026-05-02,Hamburger SV,home,4-5-1,True,6,Oscar Højlund,CM-L,8,747000
Frankfurt,2026-05-02,Hamburger SV,home,4-5-1,True,42,Can Uzun,CM-R,4,747000
Frankfurt,2026-05-02,Hamburger SV,home,4-5-1,True,16,Hugo Larsson,AM,10,747000
Frankfurt,2026-05-02,Hamburger SV,home,4-5-1,True,25,Arnaud Kalimuendo,LM,11,747000
Frankfurt,2026-05-02,Hamburger SV,home,4-5-1,True,7,Ansgar Knauff,RM,7,747000
Frankfurt,2026-05-02,Hamburger SV,home,4-5-1,True,9,Jonathan Burkardt,F,9,747000
Frankfurt,2026-05-02,Hamburger SV,home,4-5-1,False,29,Ayoube Amaimouni,SUB,0,747000
Frankfurt,2026-05-02,Hamburger SV,home,4-5-1,False,31,Love Arrhov,SUB,0,747000
Frankfurt,2026-05-02,Hamburger SV,home,4-5-1,False,8,Farès Chaïbi,SUB,0,747000
Frankfurt,2026-05-02,Hamburger SV,home,4-5-1,False,40,Kauã Santos,SUB,0,747000
Frankfurt,2026-05-02,Hamburger SV,home,4-5-1,False,3,Arthur Theate,SUB,0,747000
Frankfurt,2026-05-02,Hamburger SV,home,4-5-1,False,11,Younes Ebnoutalib,SUB,0,747000
Frankfurt,2026-05-02,Hamburger SV,home,4-5-1,False,27,Mario Götze,SUB,0,747000
Frankfurt,2026-05-02,Hamburger SV,home,4-5-1,False,19,Jean-Mattéo Bahoya,SUB,0,747000
Frankfurt,2026-05-02,Hamburger SV,home,4-5-1,False,13,Rasmus Kristensen,SUB,0,747000
Hamburger SV,2026-05-02,Frankfurt,away,3-4-3,True,1,Daniel Heuer Fernandes,G,1,747000
Hamburger SV,2026-05-02,Frankfurt,away,3-4-3,True,25,Jordan Torunarigha,CD,5,747000
Hamburger SV,2026-05-02,Frankfurt,away,3-4-3,True,17,Warmed Omari,CD-L,4,747000
Hamburger SV,2026-05-02,Frankfurt,away,3-4-3,True,24,Nicolás Capaldo,CD-R,6,747000
Hamburger SV,2026-05-02,Frankfurt,away,3-4-3,True,6,Albert Sambi Lokonga,CM-L,8,747000
Hamburger SV,2026-05-02,Frankfurt,away,3-4-3,True,21,Nicolai Remberg,CM-R,7,747000
Hamburger SV,2026-05-02,Frankfurt,away,3-4-3,True,23,Albert Grønbaek,LM,3,747000
Hamburger SV,2026-05-02,Frankfurt,away,3-4-3,True,18,Bakery Jatta,RM,2,747000
Hamburger SV,2026-05-02,Frankfurt,away,3-4-3,True,9,Robert Glatzel,F,9,747000
Hamburger SV,2026-05-02,Frankfurt,away,3-4-3,True,11,Ransford-Yeboah Königsdörffer,CF-L,11,747000
Hamburger SV,2026-05-02,Frankfurt,away,3-4-3,True,20,Fabio Vieira,CF-R,10,747000
Hamburger SV,2026-05-02,Frankfurt,away,3-4-3,False,8,Daniel Elfadli,SUB,0,747000
Hamburger SV,2026-05-02,Frankfurt,away,3-4-3,False,7,Jean-Luc Dompé,SUB,0,747000
Hamburger SV,2026-05-02,Frankfurt,away,3-4-3,False,19,Damion Downs,SUB,0,747000
Hamburger SV,2026-05-02,Frankfurt,away,3-4-3,False,12,Sander Tangvik,SUB,0,747000
Hamburger SV,2026-05-02,Frankfurt,away,3-4-3,False,16,Giorgi Gocholeishvili,SUB,0,747000
Hamburger SV,2026-05-02,Frankfurt,away,3-4-3,False,49,Otto Stange,SUB,0,747000
Hamburger SV,2026-05-02,Frankfurt,away,3-4-3,False,15,Yussuf Poulsen,SUB,0,747000
Hamburger SV,2026-05-02,Frankfurt,away,3-4-3,False,14,Rayan Philippe,SUB,0,747000
Hamburger SV,2026-05-02,Frankfurt,away,3-4-3,False,44,Luka Vuskovic,SUB,0,747000
St Pauli,2026-04-17,Köln,home,3-4-2-1,True,22,Nikola Vasilj,G,1,746984
St Pauli,2026-04-17,Köln,home,3-4-2-1,True,5,Hauke Wahl,CD,5,746984
St Pauli,2026-04-17,Köln,home,3-4-2-1,True,3,Karol Mets,CD-L,4,746984
St Pauli,2026-04-17,Köln,home,3-4-2-1,True,15,Tomoya Ando,CD-R,6,746984
St Pauli,2026-04-17,Köln,home,3-4-2-1,True,7,Jackson Irvine,CM-L,8,746984
St Pauli,2026-04-17,Köln,home,3-4-2-1,True,20,Mathias Rasmussen,CM-R,7,746984
St Pauli,2026-04-17,Köln,home,3-4-2-1,True,21,Lars Ritzka,LM,3,746984
St Pauli,2026-04-17,Köln,home,3-4-2-1,True,11,Arkadiusz Pyrka,RM,2,746984
St Pauli,2026-04-17,Köln,home,3-4-2-1,True,27,Andreas Hountondji,F,9,746984
St Pauli,2026-04-17,Köln,home,3-4-2-1,True,28,Mathias Pereira Lage,CF-L,11,746984
St Pauli,2026-04-17,Köln,home,3-4-2-1,True,10,Danel Sinani,CF-R,10,746984
St Pauli,2026-04-17,Köln,home,3-4-2-1,False,9,Abdoulie Ceesay,SUB,0,746984
St Pauli,2026-04-17,Köln,home,3-4-2-1,False,23,Louis Oppie,SUB,0,746984
St Pauli,2026-04-17,Köln,home,3-4-2-1,False,4,David Nemeth,SUB,0,746984
St Pauli,2026-04-17,Köln,home,3-4-2-1,False,19,Martijn Kaars,SUB,0,746984
St Pauli,2026-04-17,Köln,home,3-4-2-1,False,2,Manolis Saliakas,SUB,0,746984
St Pauli,2026-04-17,Köln,home,3-4-2-1,False,1,Ben Voll,SUB,0,746984
St Pauli,2026-04-17,Köln,home,3-4-2-1,False,25,Adam Dzwigala,SUB,0,746984
St Pauli,2026-04-17,Köln,home,3-4-2-1,False,24,Connor Metcalfe,SUB,0,746984
St Pauli,2026-04-17,Köln,home,3-4-2-1,False,18,Taichi Hara,SUB,0,746984
Köln,2026-04-17,St Pauli,away,4-4-2,True,1,Marvin Schwäbe,G,1,746984
Köln,2026-04-17,St Pauli,away,4-4-2,True,39,Cenk Özkacar,CD-L,6,746984
Köln,2026-04-17,St Pauli,away,4-4-2,True,22,Jahmai Simpson-Pusey,CD-R,5,746984
Köln,2026-04-17,St Pauli,away,4-4-2,True,17,Alessio Castro-Montes,LB,3,746984
Köln,2026-04-17,St Pauli,away,4-4-2,True,28,Sebastian Sebulonsen,RB,2,746984
Köln,2026-04-17,St Pauli,away,4-4-2,True,6,Eric Martel,CM-L,8,746984
Köln,2026-04-17,St Pauli,away,4-4-2,True,18,Ísak Jóhannesson,CM-R,4,746984
Köln,2026-04-17,St Pauli,away,4-4-2,True,16,Jakub Kaminski,LM,11,746984
Köln,2026-04-17,St Pauli,away,4-4-2,True,29,Jan Thielmann,RM,7,746984
Köln,2026-04-17,St Pauli,away,4-4-2,True,13,Said El Mala,CF-L,9,746984
Köln,2026-04-17,St Pauli,away,4-4-2,True,9,Ragnar Ache,CF-R,10,746984
Köln,2026-04-17,St Pauli,away,4-4-2,False,37,Linton Maina,SUB,0,746984
Köln,2026-04-17,St Pauli,away,4-4-2,False,27,Felipe Chávez,SUB,0,746984
Köln,2026-04-17,St Pauli,away,4-4-2,False,30,Marius Bulter,SUB,0,746984
Köln,2026-04-17,St Pauli,away,4-4-2,False,2,Joel Schmied,SUB,0,746984
Köln,2026-04-17,St Pauli,away,4-4-2,False,33,Rav van den Berg,SUB,0,746984
Köln,2026-04-17,St Pauli,away,4-4-2,False,5,Tom Krauss,SUB,0,746984
Köln,2026-04-17,St Pauli,away,4-4-2,False,20,Ron-Robert Zieler,SUB,0,746984
Köln,2026-04-17,St Pauli,away,4-4-2,False,32,Kristoffer Lund,SUB,0,746984
Köln,2026-04-17,St Pauli,away,4-4-2,False,7,Luca Waldschmidt,SUB,0,746984
Hoffenheim,2026-04-18,Dortmund,home,4-2-3-1,True,1,Oliver Baumann,G,1,746987
Hoffenheim,2026-04-18,Dortmund,home,4-2-3-1,True,21,Albian Hajdari,CD-L,6,746987
Hoffenheim,2026-04-18,Dortmund,home,4-2-3-1,True,5,Ozan Kabak,CD-R,5,746987
Hoffenheim,2026-04-18,Dortmund,home,4-2-3-1,True,13,Bernardo,LB,3,746987
Hoffenheim,2026-04-18,Dortmund,home,4-2-3-1,True,34,Vladimír Coufal,RB,2,746987
Hoffenheim,2026-04-18,Dortmund,home,4-2-3-1,True,11,Fisnik Asllani,AM,10,746987
Hoffenheim,2026-04-18,Dortmund,home,4-2-3-1,True,18,Wouter Burger,LM,4,746987
Hoffenheim,2026-04-18,Dortmund,home,4-2-3-1,True,7,Leon Avdullahu,RM,8,746987
Hoffenheim,2026-04-18,Dortmund,home,4-2-3-1,True,19,Tim Lemperle,F,9,746987
Hoffenheim,2026-04-18,Dortmund,home,4-2-3-1,True,29,Bazoumana Touré,AM-L,11,746987
Hoffenheim,2026-04-18,Dortmund,home,4-2-3-1,True,27,Andrej Kramaric,AM-R,7,746987
Hoffenheim,2026-04-18,Dortmund,home,4-2-3-1,False,6,Grischa Prömel,SUB,0,746987
Hoffenheim,2026-04-18,Dortmund,home,4-2-3-1,False,9,Ihlas Bebou,SUB,0,746987
Hoffenheim,2026-04-18,Dortmund,home,4-2-3-1,False,20,Cole Campbell,SUB,0,746987
Hoffenheim,2026-04-18,Dortmund,home,4-2-3-1,False,22,Alexander Prass,SUB,0,746987
Hoffenheim,2026-04-18,Dortmund,home,4-2-3-1,False,33,Max Moerstedt,SUB,0,746987
Hoffenheim,2026-04-18,Dortmund,home,4-2-3-1,False,37,Luca Philipp,SUB,0,746987
Hoffenheim,2026-04-18,Dortmund,home,4-2-3-1,False,25,Kevin Akpoguma,SUB,0,746987
Hoffenheim,2026-04-18,Dortmund,home,4-2-3-1,False,10,Muhammed Damar,SUB,0,746987
Hoffenheim,2026-04-18,Dortmund,home,4-2-3-1,False,2,Robin Hranác,SUB,0,746987
Dortmund,2026-04-18,Hoffenheim,away,3-4-2-1,True,1,Gregor Kobel,G,1,746987
Dortmund,2026-04-18,Hoffenheim,away,3-4-2-1,True,3,Waldemar Anton,CD,5,746987
Dortmund,2026-04-18,Hoffenheim,away,3-4-2-1,True,4,Nico Schlotterbeck,CD-L,4,746987
Dortmund,2026-04-18,Hoffenheim,away,3-4-2-1,True,25,Niklas Süle,CD-R,6,746987
Dortmund,2026-04-18,Hoffenheim,away,3-4-2-1,True,7,Jobe Bellingham,CM-L,8,746987
Dortmund,2026-04-18,Hoffenheim,away,3-4-2-1,True,20,Marcel Sabitzer,CM-R,7,746987
Dortmund,2026-04-18,Hoffenheim,away,3-4-2-1,True,24,Daniel Svensson,LM,3,746987
Dortmund,2026-04-18,Hoffenheim,away,3-4-2-1,True,26,Julian Ryerson,RM,2,746987
Dortmund,2026-04-18,Hoffenheim,away,3-4-2-1,True,21,Fábio Silva,F,9,746987
Dortmund,2026-04-18,Hoffenheim,away,3-4-2-1,True,14,Maximilian Beier,CF-L,11,746987
Dortmund,2026-04-18,Hoffenheim,away,3-4-2-1,True,17,Carney Chukwuemeka,CF-R,10,746987
Dortmund,2026-04-18,Hoffenheim,away,3-4-2-1,False,5,Ramy Bensebaini,SUB,0,746987
Dortmund,2026-04-18,Hoffenheim,away,3-4-2-1,False,10,Julian Brandt,SUB,0,746987
Dortmund,2026-04-18,Hoffenheim,away,3-4-2-1,False,6,Salih Özcan,SUB,0,746987
Dortmund,2026-04-18,Hoffenheim,away,3-4-2-1,False,33,Alexander Meyer,SUB,0,746987
Dortmund,2026-04-18,Hoffenheim,away,3-4-2-1,False,40,Samuele Inácio,SUB,0,746987
Dortmund,2026-04-18,Hoffenheim,away,3-4-2-1,False,39,Filippo Mané,SUB,0,746987
Dortmund,2026-04-18,Hoffenheim,away,3-4-2-1,False,2,Yan Couto,SUB,0,746987
Dortmund,2026-04-18,Hoffenheim,away,3-4-2-1,False,41,Mathis Albert,SUB,0,746987
Dortmund,2026-04-18,Hoffenheim,away,3-4-2-1,False,9,Serhou Guirassy,SUB,0,746987
Köln,2026-04-25,Leverkusen,home,4-2-3-1,True,1,Marvin Schwäbe,G,1,746989
Köln,2026-04-25,Leverkusen,home,4-2-3-1,True,39,Cenk Özkacar,CD-L,6,746989
Köln,2026-04-25,Leverkusen,home,4-2-3-1,True,22,Jahmai Simpson-Pusey,CD-R,5,746989
Köln,2026-04-25,Leverkusen,home,4-2-3-1,True,32,Kristoffer Lund,LB,3,746989
Köln,2026-04-25,Leverkusen,home,4-2-3-1,True,28,Sebastian Sebulonsen,RB,2,746989
Köln,2026-04-25,Leverkusen,home,4-2-3-1,True,16,Jakub Kaminski,AM,10,746989
Köln,2026-04-25,Leverkusen,home,4-2-3-1,True,6,Eric Martel,LM,4,746989
Köln,2026-04-25,Leverkusen,home,4-2-3-1,True,18,Ísak Jóhannesson,RM,8,746989
Köln,2026-04-25,Leverkusen,home,4-2-3-1,True,13,Said El Mala,F,9,746989
Köln,2026-04-25,Leverkusen,home,4-2-3-1,True,30,Marius Bulter,AM-L,11,746989
Köln,2026-04-25,Leverkusen,home,4-2-3-1,True,37,Linton Maina,AM-R,7,746989
Köln,2026-04-25,Leverkusen,home,4-2-3-1,False,20,Ron-Robert Zieler,SUB,0,746989
Köln,2026-04-25,Leverkusen,home,4-2-3-1,False,38,Youssoupha Niang,SUB,0,746989
Köln,2026-04-25,Leverkusen,home,4-2-3-1,False,33,Rav van den Berg,SUB,0,746989
Köln,2026-04-25,Leverkusen,home,4-2-3-1,False,5,Tom Krauss,SUB,0,746989
Köln,2026-04-25,Leverkusen,home,4-2-3-1,False,17,Alessio Castro-Montes,SUB,0,746989
Köln,2026-04-25,Leverkusen,home,4-2-3-1,False,27,Felipe Chávez,SUB,0,746989
Köln,2026-04-25,Leverkusen,home,4-2-3-1,False,2,Joel Schmied,SUB,0,746989
Köln,2026-04-25,Leverkusen,home,4-2-3-1,False,7,Luca Waldschmidt,SUB,0,746989
Köln,2026-04-25,Leverkusen,home,4-2-3-1,False,29,Jan Thielmann,SUB,0,746989
Leverkusen,2026-04-25,Köln,away,3-4-2-1,True,28,Janis Blaswich,G,1,746989
Leverkusen,2026-04-25,Köln,away,3-4-2-1,True,8,Robert Andrich,CD,5,746989
Leverkusen,2026-04-25,Köln,away,3-4-2-1,True,12,Edmond Tapsoba,CD-L,4,746989
Leverkusen,2026-04-25,Köln,away,3-4-2-1,True,4,Jarell Quansah,CD-R,6,746989
Leverkusen,2026-04-25,Köln,away,3-4-2-1,True,24,Aleix García,CM-L,8,746989
Leverkusen,2026-04-25,Köln,away,3-4-2-1,True,25,Exequiel Palacios,CM-R,7,746989
Leverkusen,2026-04-25,Köln,away,3-4-2-1,True,20,Alejandro Grimaldo,LM,3,746989
Leverkusen,2026-04-25,Köln,away,3-4-2-1,True,42,Montrell Culbreath,RM,2,746989
Leverkusen,2026-04-25,Köln,away,3-4-2-1,True,14,Patrik Schick,F,9,746989
Leverkusen,2026-04-25,Köln,away,3-4-2-1,True,23,Nathan Tella,CF-L,11,746989
Leverkusen,2026-04-25,Köln,away,3-4-2-1,True,30,Ibrahim Maza,CF-R,10,746989
Leverkusen,2026-04-25,Köln,away,3-4-2-1,False,6,Ezequiel Fernández,SUB,0,746989
Leverkusen,2026-04-25,Köln,away,3-4-2-1,False,18,Jonas Omlin,SUB,0,746989
Leverkusen,2026-04-25,Köln,away,3-4-2-1,False,10,Malik Tillman,SUB,0,746989
Leverkusen,2026-04-25,Köln,away,3-4-2-1,False,7,Jonas Hofmann,SUB,0,746989
Leverkusen,2026-04-25,Köln,away,3-4-2-1,False,15,Tim Oermann,SUB,0,746989
Leverkusen,2026-04-25,Köln,away,3-4-2-1,False,13,Arthur,SUB,0,746989
Leverkusen,2026-04-25,Köln,away,3-4-2-1,False,19,Ernest Poku,SUB,0,746989
Leverkusen,2026-04-25,Köln,away,3-4-2-1,False,5,Loïc Badé,SUB,0,746989
Leverkusen,2026-04-25,Köln,away,3-4-2-1,False,17,Eliesse Ben Seghir,SUB,0,746989
Hoffenheim,2026-05-02,Stuttgart,home,4-2-3-1,True,1,Oliver Baumann,G,1,747005
Hoffenheim,2026-05-02,Stuttgart,home,4-2-3-1,True,21,Albian Hajdari,CD-L,6,747005
Hoffenheim,2026-05-02,Stuttgart,home,4-2-3-1,True,5,Ozan Kabak,CD-R,5,747005
Hoffenheim,2026-05-02,Stuttgart,home,4-2-3-1,True,13,Bernardo,LB,3,747005
Hoffenheim,2026-05-02,Stuttgart,home,4-2-3-1,True,34,Vladimír Coufal,RB,2,747005
Hoffenheim,2026-05-02,Stuttgart,home,4-2-3-1,True,11,Fisnik Asllani,AM,10,747005
Hoffenheim,2026-05-02,Stuttgart,home,4-2-3-1,True,18,Wouter Burger,LM,4,747005
Hoffenheim,2026-05-02,Stuttgart,home,4-2-3-1,True,7,Leon Avdullahu,RM,8,747005
Hoffenheim,2026-05-02,Stuttgart,home,4-2-3-1,True,19,Tim Lemperle,F,9,747005
Hoffenheim,2026-05-02,Stuttgart,home,4-2-3-1,True,29,Bazoumana Touré,AM-L,11,747005
Hoffenheim,2026-05-02,Stuttgart,home,4-2-3-1,True,27,Andrej Kramaric,AM-R,7,747005
Hoffenheim,2026-05-02,Stuttgart,home,4-2-3-1,False,48,Luka Djuric,SUB,0,747005
Hoffenheim,2026-05-02,Stuttgart,home,4-2-3-1,False,10,Muhammed Damar,SUB,0,747005
Hoffenheim,2026-05-02,Stuttgart,home,4-2-3-1,False,23,Adam Hlozek,SUB,0,747005
Hoffenheim,2026-05-02,Stuttgart,home,4-2-3-1,False,9,Ihlas Bebou,SUB,0,747005
Hoffenheim,2026-05-02,Stuttgart,home,4-2-3-1,False,33,Max Moerstedt,SUB,0,747005
Hoffenheim,2026-05-02,Stuttgart,home,4-2-3-1,False,22,Alexander Prass,SUB,0,747005
Hoffenheim,2026-05-02,Stuttgart,home,4-2-3-1,False,37,Luca Philipp,SUB,0,747005
Hoffenheim,2026-05-02,Stuttgart,home,4-2-3-1,False,20,Cole Campbell,SUB,0,747005
Hoffenheim,2026-05-02,Stuttgart,home,4-2-3-1,False,25,Kevin Akpoguma,SUB,0,747005
Stuttgart,2026-05-02,Hoffenheim,away,4-2-3-1,True,33,Alexander Nübel,G,1,747005
Stuttgart,2026-05-02,Hoffenheim,away,4-2-3-1,True,24,Jeff Chabot,CD-L,6,747005
Stuttgart,2026-05-02,Hoffenheim,away,4-2-3-1,True,14,Luca Jaquez,CD-R,5,747005
Stuttgart,2026-05-02,Hoffenheim,away,4-2-3-1,True,3,Ramon Hendriks,LB,3,747005
Stuttgart,2026-05-02,Hoffenheim,away,4-2-3-1,True,4,Josha Vagnoman,RB,2,747005
Stuttgart,2026-05-02,Hoffenheim,away,4-2-3-1,True,11,Bilal El Khannouss,AM,10,747005
Stuttgart,2026-05-02,Hoffenheim,away,4-2-3-1,True,6,Angelo Stiller,LM,4,747005
Stuttgart,2026-05-02,Hoffenheim,away,4-2-3-1,True,16,Atakan Karazor,RM,8,747005
Stuttgart,2026-05-02,Hoffenheim,away,4-2-3-1,True,26,Deniz Undav,F,9,747005
Stuttgart,2026-05-02,Hoffenheim,away,4-2-3-1,True,10,Chris Führich,AM-L,11,747005
Stuttgart,2026-05-02,Hoffenheim,away,4-2-3-1,True,18,Jamie Leweling,AM-R,7,747005
Stuttgart,2026-05-02,Hoffenheim,away,4-2-3-1,False,22,Lorenz Assignon,SUB,0,747005
Stuttgart,2026-05-02,Hoffenheim,away,4-2-3-1,False,7,Maximilian Mittelstädt,SUB,0,747005
Stuttgart,2026-05-02,Hoffenheim,away,4-2-3-1,False,23,Dan-Axel Zagadou,SUB,0,747005
Stuttgart,2026-05-02,Hoffenheim,away,4-2-3-1,False,1,Fabian Bredlow,SUB,0,747005
Stuttgart,2026-05-02,Hoffenheim,away,4-2-3-1,False,28,Nikolas Nartey,SUB,0,747005
Stuttgart,2026-05-02,Hoffenheim,away,4-2-3-1,False,9,Ermedin Demirovic,SUB,0,747005
Stuttgart,2026-05-02,Hoffenheim,away,4-2-3-1,False,30,Chema Andrés,SUB,0,747005
Stuttgart,2026-05-02,Hoffenheim,away,4-2-3-1,False,27,Badredine Bouanani,SUB,0,747005
Stuttgart,2026-05-02,Hoffenheim,away,4-2-3-1,False,8,Tiago Tomás,SUB,0,747005
Werder Bremen,2026-04-18,Hamburger SV,home,4-1-4-1,True,30,Mio Backhaus,G,1,746986
Werder Bremen,2026-04-18,Hamburger SV,home,4-1-4-1,True,31,Karim Coulibaly,CD-L,6,746986
Werder Bremen,2026-04-18,Hamburger SV,home,4-1-4-1,True,5,Amos Pieper,CD-R,5,746986
Werder Bremen,2026-04-18,Hamburger SV,home,4-1-4-1,True,14,Senne Lynen,DM,4,746986
Werder Bremen,2026-04-18,Hamburger SV,home,4-1-4-1,True,2,Olivier Deman,LB,3,746986
Werder Bremen,2026-04-18,Hamburger SV,home,4-1-4-1,True,3,Yukinari Sugawara,RB,2,746986
Werder Bremen,2026-04-18,Hamburger SV,home,4-1-4-1,True,18,Cameron Puertas,CM-L,10,746986
Werder Bremen,2026-04-18,Hamburger SV,home,4-1-4-1,True,6,Jens Stage,CM-R,8,746986
Werder Bremen,2026-04-18,Hamburger SV,home,4-1-4-1,True,20,Romano Schmid,LM,11,746986
Werder Bremen,2026-04-18,Hamburger SV,home,4-1-4-1,True,11,Justin Njinmah,RM,7,746986
Werder Bremen,2026-04-18,Hamburger SV,home,4-1-4-1,True,19,Jovan Milosevic,F,9,746986
Werder Bremen,2026-04-18,Hamburger SV,home,4-1-4-1,False,4,Niklas Stark,SUB,0,746986
Werder Bremen,2026-04-18,Hamburger SV,home,4-1-4-1,False,17,Marco Grüll,SUB,0,746986
Werder Bremen,2026-04-18,Hamburger SV,home,4-1-4-1,False,10,Leonardo Bittencourt,SUB,0,746986
Werder Bremen,2026-04-18,Hamburger SV,home,4-1-4-1,False,29,Salim Musah,SUB,0,746986
Werder Bremen,2026-04-18,Hamburger SV,home,4-1-4-1,False,24,Patrice Covic,SUB,0,746986
Werder Bremen,2026-04-18,Hamburger SV,home,4-1-4-1,False,39,Maximilian Wöber,SUB,0,746986
Werder Bremen,2026-04-18,Hamburger SV,home,4-1-4-1,False,7,Samuel Mbangula,SUB,0,746986
Werder Bremen,2026-04-18,Hamburger SV,home,4-1-4-1,False,25,Markus Kolke,SUB,0,746986
Werder Bremen,2026-04-18,Hamburger SV,home,4-1-4-1,False,23,Isaac Schmidt,SUB,0,746986
Hamburger SV,2026-04-18,Werder Bremen,away,3-4-1-2,True,1,Daniel Heuer Fernandes,G,1,746986
Hamburger SV,2026-04-18,Werder Bremen,away,3-4-1-2,True,25,Jordan Torunarigha,CD,5,746986
Hamburger SV,2026-04-18,Werder Bremen,away,3-4-1-2,True,17,Warmed Omari,CD-L,4,746986
Hamburger SV,2026-04-18,Werder Bremen,away,3-4-1-2,True,24,Nicolás Capaldo,CD-R,6,746986
Hamburger SV,2026-04-18,Werder Bremen,away,3-4-1-2,True,23,Albert Grønbaek,CM-L,8,746986
Hamburger SV,2026-04-18,Werder Bremen,away,3-4-1-2,True,21,Nicolai Remberg,CM-R,7,746986
Hamburger SV,2026-04-18,Werder Bremen,away,3-4-1-2,True,20,Fabio Vieira,AM,9,746986
Hamburger SV,2026-04-18,Werder Bremen,away,3-4-1-2,True,28,Miro Muheim,LM,3,746986
Hamburger SV,2026-04-18,Werder Bremen,away,3-4-1-2,True,2,William Mikelbrencis,RM,2,746986
Hamburger SV,2026-04-18,Werder Bremen,away,3-4-1-2,True,11,Ransford-Yeboah Königsdörffer,CF-L,11,746986
Hamburger SV,2026-04-18,Werder Bremen,away,3-4-1-2,True,9,Robert Glatzel,CF-R,10,746986
Hamburger SV,2026-04-18,Werder Bremen,away,3-4-1-2,False,43,Shafiq Nandja,SUB,0,746986
Hamburger SV,2026-04-18,Werder Bremen,away,3-4-1-2,False,16,Giorgi Gocholeishvili,SUB,0,746986
Hamburger SV,2026-04-18,Werder Bremen,away,3-4-1-2,False,8,Daniel Elfadli,SUB,0,746986
Hamburger SV,2026-04-18,Werder Bremen,away,3-4-1-2,False,14,Rayan Philippe,SUB,0,746986
Hamburger SV,2026-04-18,Werder Bremen,away,3-4-1-2,False,18,Bakery Jatta,SUB,0,746986
Hamburger SV,2026-04-18,Werder Bremen,away,3-4-1-2,False,19,Damion Downs,SUB,0,746986
Hamburger SV,2026-04-18,Werder Bremen,away,3-4-1-2,False,27,Philip Otele,SUB,0,746986
Hamburger SV,2026-04-18,Werder Bremen,away,3-4-1-2,False,49,Otto Stange,SUB,0,746986
Hamburger SV,2026-04-18,Werder Bremen,away,3-4-1-2,False,12,Sander Tangvik,SUB,0,746986
Freiburg,2026-04-19,Heidenheim,home,4-4-2,True,1,Noah Atubolu,G,1,746985
Freiburg,2026-04-19,Heidenheim,home,4-4-2,True,43,Ifechukwu Ogbus,CD-L,6,746985
Freiburg,2026-04-19,Heidenheim,home,4-4-2,True,28,Matthias Ginter,CD-R,5,746985
Freiburg,2026-04-19,Heidenheim,home,4-4-2,True,30,Christian Günter,LB,3,746985
Freiburg,2026-04-19,Heidenheim,home,4-4-2,True,17,Lukas Kübler,RB,2,746985
Freiburg,2026-04-19,Heidenheim,home,4-4-2,True,44,Johan Manzambi,CM-L,8,746985
Freiburg,2026-04-19,Heidenheim,home,4-4-2,True,8,Maximilian Eggestein,CM-R,4,746985
Freiburg,2026-04-19,Heidenheim,home,4-4-2,True,32,Vincenzo Grifo,LM,11,746985
Freiburg,2026-04-19,Heidenheim,home,4-4-2,True,7,Derry Scherhant,RM,7,746985
Freiburg,2026-04-19,Heidenheim,home,4-4-2,True,31,Igor Matanovic,CF-L,9,746985
Freiburg,2026-04-19,Heidenheim,home,4-4-2,True,9,Lucas Höler,CF-R,10,746985
Freiburg,2026-04-19,Heidenheim,home,4-4-2,False,22,Cyriaque Irié,SUB,0,746985
Freiburg,2026-04-19,Heidenheim,home,4-4-2,False,33,Jordy Makengo,SUB,0,746985
Freiburg,2026-04-19,Heidenheim,home,4-4-2,False,27,Nicolas Höfler,SUB,0,746985
Freiburg,2026-04-19,Heidenheim,home,4-4-2,False,26,Maximilian Philipp,SUB,0,746985
Freiburg,2026-04-19,Heidenheim,home,4-4-2,False,29,Philipp Treu,SUB,0,746985
Freiburg,2026-04-19,Heidenheim,home,4-4-2,False,3,Philipp Lienhart,SUB,0,746985
Freiburg,2026-04-19,Heidenheim,home,4-4-2,False,21,Florian Müller,SUB,0,746985
Freiburg,2026-04-19,Heidenheim,home,4-4-2,False,19,Niklas Beste,SUB,0,746985
Freiburg,2026-04-19,Heidenheim,home,4-4-2,False,14,Yuito Suzuki,SUB,0,746985
Heidenheim,2026-04-19,Freiburg,away,4-1-4-1,True,41,Diant Ramaj,G,1,746985
Heidenheim,2026-04-19,Freiburg,away,4-1-4-1,True,19,Jonas Föhrenbach,CD-L,6,746985
Heidenheim,2026-04-19,Freiburg,away,4-1-4-1,True,6,Patrick Mainka,CD-R,5,746985
Heidenheim,2026-04-19,Freiburg,away,4-1-4-1,True,16,Julian Niehues,DM,4,746985
Heidenheim,2026-04-19,Freiburg,away,4-1-4-1,True,26,Hennes Behrens,LB,3,746985
Heidenheim,2026-04-19,Freiburg,away,4-1-4-1,True,2,Marnon Busch,RB,2,746985
Heidenheim,2026-04-19,Freiburg,away,4-1-4-1,True,30,Niklas Dorsch,CM-L,10,746985
Heidenheim,2026-04-19,Freiburg,away,4-1-4-1,True,3,Jan Schöppner,CM-R,8,746985
Heidenheim,2026-04-19,Freiburg,away,4-1-4-1,True,17,Mathias Honsak,LM,11,746985
Heidenheim,2026-04-19,Freiburg,away,4-1-4-1,True,22,Arijon Ibrahimovic,RM,7,746985
Heidenheim,2026-04-19,Freiburg,away,4-1-4-1,True,18,Marvin Pieringer,F,9,746985
Heidenheim,2026-04-19,Freiburg,away,4-1-4-1,False,10,Christian Conteh,SUB,0,746985
Heidenheim,2026-04-19,Freiburg,away,4-1-4-1,False,21,Adrian Beck,SUB,0,746985
Heidenheim,2026-04-19,Freiburg,away,4-1-4-1,False,23,Omar-Haktab Traoré,SUB,0,746985
Heidenheim,2026-04-19,Freiburg,away,4-1-4-1,False,25,Leonidas Stergiou,SUB,0,746985
Heidenheim,2026-04-19,Freiburg,away,4-1-4-1,False,20,Luca Kerber,SUB,0,746985
Heidenheim,2026-04-19,Freiburg,away,4-1-4-1,False,4,Tim Siersleben,SUB,0,746985
Heidenheim,2026-04-19,Freiburg,away,4-1-4-1,False,11,Budu Zivzivadze,SUB,0,746985
Heidenheim,2026-04-19,Freiburg,away,4-1-4-1,False,9,Stefan Schimmer,SUB,0,746985
Heidenheim,2026-04-19,Freiburg,away,4-1-4-1,False,40,Frank Feller,SUB,0,746985
Augsburg,2026-04-25,Frankfurt,home,5-4-1,True,1,Finn Dahmen,G,1,746992
Augsburg,2026-04-25,Frankfurt,home,5-4-1,True,6,Jeffrey Gouweleeuw,CD,5,746992
Augsburg,2026-04-25,Frankfurt,home,5-4-1,True,16,Cédric Zesiger,CD-L,4,746992
Augsburg,2026-04-25,Frankfurt,home,5-4-1,True,34,Arthur Chaves,CD-R,6,746992
Augsburg,2026-04-25,Frankfurt,home,5-4-1,True,13,Dimitris Giannoulis,LB,3,746992
Augsburg,2026-04-25,Frankfurt,home,5-4-1,True,19,Robin Fellhauer,RB,2,746992
Augsburg,2026-04-25,Frankfurt,home,5-4-1,True,32,Fabian Rieder,CM-L,10,746992
Augsburg,2026-04-25,Frankfurt,home,5-4-1,True,4,Han-Noah Massengo,CM-R,8,746992
Augsburg,2026-04-25,Frankfurt,home,5-4-1,True,20,Alexis Claude-Maurice,LM,11,746992
Augsburg,2026-04-25,Frankfurt,home,5-4-1,True,30,Anton Kade,RM,7,746992
Augsburg,2026-04-25,Frankfurt,home,5-4-1,True,38,Michael Gregoritsch,F,9,746992
Augsburg,2026-04-25,Frankfurt,home,5-4-1,False,21,Rodrigo Ribeiro,SUB,0,746992
Augsburg,2026-04-25,Frankfurt,home,5-4-1,False,27,Marius Wolf,SUB,0,746992
Augsburg,2026-04-25,Frankfurt,home,5-4-1,False,36,Mert Kömür,SUB,0,746992
Augsburg,2026-04-25,Frankfurt,home,5-4-1,False,14,Yannik Keitel,SUB,0,746992
Augsburg,2026-04-25,Frankfurt,home,5-4-1,False,22,Nediljko Labrovic,SUB,0,746992
Augsburg,2026-04-25,Frankfurt,home,5-4-1,False,39,Uchenna Ogundu,SUB,0,746992
Augsburg,2026-04-25,Frankfurt,home,5-4-1,False,5,Chrislain Matsima,SUB,0,746992
Augsburg,2026-04-25,Frankfurt,home,5-4-1,False,31,Keven Schlotterbeck,SUB,0,746992
Augsburg,2026-04-25,Frankfurt,home,5-4-1,False,17,Kristijan Jakic,SUB,0,746992
Frankfurt,2026-04-25,Augsburg,away,4-2-3-1,True,23,Michael Zetterer,G,1,746992
Frankfurt,2026-04-25,Augsburg,away,4-2-3-1,True,4,Robin Koch,CD-L,6,746992
Frankfurt,2026-04-25,Augsburg,away,4-2-3-1,True,15,Ellyes Skhiri,CD-R,5,746992
Frankfurt,2026-04-25,Augsburg,away,4-2-3-1,True,21,Nathaniel Brown,LB,3,746992
Frankfurt,2026-04-25,Augsburg,away,4-2-3-1,True,5,Aurèle Amenda,RB,2,746992
Frankfurt,2026-04-25,Augsburg,away,4-2-3-1,True,42,Can Uzun,AM,10,746992
Frankfurt,2026-04-25,Augsburg,away,4-2-3-1,True,16,Hugo Larsson,LM,4,746992
Frankfurt,2026-04-25,Augsburg,away,4-2-3-1,True,6,Oscar Højlund,RM,8,746992
Frankfurt,2026-04-25,Augsburg,away,4-2-3-1,True,25,Arnaud Kalimuendo,F,9,746992
Frankfurt,2026-04-25,Augsburg,away,4-2-3-1,True,31,Love Arrhov,AM-L,11,746992
Frankfurt,2026-04-25,Augsburg,away,4-2-3-1,True,29,Ayoube Amaimouni,AM-R,7,746992
Frankfurt,2026-04-25,Augsburg,away,4-2-3-1,False,39,Amil Siljevic,SUB,0,746992
Frankfurt,2026-04-25,Augsburg,away,4-2-3-1,False,7,Ansgar Knauff,SUB,0,746992
Frankfurt,2026-04-25,Augsburg,away,4-2-3-1,False,3,Arthur Theate,SUB,0,746992
Frankfurt,2026-04-25,Augsburg,away,4-2-3-1,False,20,Ritsu Doan,SUB,0,746992
Frankfurt,2026-04-25,Augsburg,away,4-2-3-1,False,9,Jonathan Burkardt,SUB,0,746992
Frankfurt,2026-04-25,Augsburg,away,4-2-3-1,False,13,Rasmus Kristensen,SUB,0,746992
Frankfurt,2026-04-25,Augsburg,away,4-2-3-1,False,11,Younes Ebnoutalib,SUB,0,746992
Frankfurt,2026-04-25,Augsburg,away,4-2-3-1,False,27,Mario Götze,SUB,0,746992
Frankfurt,2026-04-25,Augsburg,away,4-2-3-1,False,8,Farès Chaïbi,SUB,0,746992
Gladbach,2026-05-03,Dortmund,home,5-4-1,True,33,Moritz Nicolas,G,1,746999
Gladbach,2026-05-03,Dortmund,home,5-4-1,True,30,Nico Elvedi,CD,5,746999
Gladbach,2026-05-03,Dortmund,home,5-4-1,True,2,Fabio Chiarodia,CD-L,4,746999
Gladbach,2026-05-03,Dortmund,home,5-4-1,True,16,Philipp Sander,CD-R,6,746999
Gladbach,2026-05-03,Dortmund,home,5-4-1,True,29,Joe Scally,LB,3,746999
Gladbach,2026-05-03,Dortmund,home,5-4-1,True,9,Franck Honorat,RB,2,746999
Gladbach,2026-05-03,Dortmund,home,5-4-1,True,7,Kevin Stöger,CM-L,10,746999
Gladbach,2026-05-03,Dortmund,home,5-4-1,True,6,Yannick Engelhardt,CM-R,8,746999
Gladbach,2026-05-03,Dortmund,home,5-4-1,True,36,Wael Mohya,LM,11,746999
Gladbach,2026-05-03,Dortmund,home,5-4-1,True,27,Rocco Reitz,RM,7,746999
Gladbach,2026-05-03,Dortmund,home,5-4-1,True,15,Haris Tabakovic,F,9,746999
Gladbach,2026-05-03,Dortmund,home,5-4-1,False,4,Kevin Diks,SUB,0,746999
Gladbach,2026-05-03,Dortmund,home,5-4-1,False,14,Kota Takai,SUB,0,746999
Gladbach,2026-05-03,Dortmund,home,5-4-1,False,18,Shuto Machino,SUB,0,746999
Gladbach,2026-05-03,Dortmund,home,5-4-1,False,26,Lukas Ullrich,SUB,0,746999
Gladbach,2026-05-03,Dortmund,home,5-4-1,False,13,Giovanni Reyna,SUB,0,746999
Gladbach,2026-05-03,Dortmund,home,5-4-1,False,25,Robin Hack,SUB,0,746999
Gladbach,2026-05-03,Dortmund,home,5-4-1,False,10,Florian Neuhaus,SUB,0,746999
Gladbach,2026-05-03,Dortmund,home,5-4-1,False,38,Hugo Bolin,SUB,0,746999
Gladbach,2026-05-03,Dortmund,home,5-4-1,False,23,Jan Olschowsky,SUB,0,746999
Dortmund,2026-05-03,Gladbach,away,3-4-2-1,True,1,Gregor Kobel,G,1,746999
Dortmund,2026-05-03,Gladbach,away,3-4-2-1,True,3,Waldemar Anton,CD,5,746999
Dortmund,2026-05-03,Gladbach,away,3-4-2-1,True,4,Nico Schlotterbeck,CD-L,4,746999
Dortmund,2026-05-03,Gladbach,away,3-4-2-1,True,49,Luca Reggiani,CD-R,6,746999
Dortmund,2026-05-03,Gladbach,away,3-4-2-1,True,7,Jobe Bellingham,CM-L,8,746999
Dortmund,2026-05-03,Gladbach,away,3-4-2-1,True,20,Marcel Sabitzer,CM-R,7,746999
Dortmund,2026-05-03,Gladbach,away,3-4-2-1,True,14,Maximilian Beier,LM,3,746999
Dortmund,2026-05-03,Gladbach,away,3-4-2-1,True,26,Julian Ryerson,RM,2,746999
Dortmund,2026-05-03,Gladbach,away,3-4-2-1,True,9,Serhou Guirassy,F,9,746999
Dortmund,2026-05-03,Gladbach,away,3-4-2-1,True,40,Samuele Inácio,CF-L,11,746999
Dortmund,2026-05-03,Gladbach,away,3-4-2-1,True,10,Julian Brandt,CF-R,10,746999
Dortmund,2026-05-03,Gladbach,away,3-4-2-1,False,33,Alexander Meyer,SUB,0,746999
Dortmund,2026-05-03,Gladbach,away,3-4-2-1,False,21,Fábio Silva,SUB,0,746999
Dortmund,2026-05-03,Gladbach,away,3-4-2-1,False,39,Filippo Mané,SUB,0,746999
Dortmund,2026-05-03,Gladbach,away,3-4-2-1,False,41,Mathis Albert,SUB,0,746999
Dortmund,2026-05-03,Gladbach,away,3-4-2-1,False,2,Yan Couto,SUB,0,746999
Dortmund,2026-05-03,Gladbach,away,3-4-2-1,False,6,Salih Özcan,SUB,0,746999
Dortmund,2026-05-03,Gladbach,away,3-4-2-1,False,24,Daniel Svensson,SUB,0,746999
Dortmund,2026-05-03,Gladbach,away,3-4-2-1,False,17,Carney Chukwuemeka,SUB,0,746999
Freiburg,2026-05-03,Wolfsburg,home,4-2-3-1,True,1,Noah Atubolu,G,1,747003
Freiburg,2026-05-03,Wolfsburg,home,4-2-3-1,True,43,Ifechukwu Ogbus,CD-L,6,747003
Freiburg,2026-05-03,Wolfsburg,home,4-2-3-1,True,28,Matthias Ginter,CD-R,5,747003
Freiburg,2026-05-03,Wolfsburg,home,4-2-3-1,True,30,Christian Günter,LB,3,747003
Freiburg,2026-05-03,Wolfsburg,home,4-2-3-1,True,29,Philipp Treu,RB,2,747003
Freiburg,2026-05-03,Wolfsburg,home,4-2-3-1,True,14,Yuito Suzuki,AM,10,747003
Freiburg,2026-05-03,Wolfsburg,home,4-2-3-1,True,44,Johan Manzambi,LM,4,747003
Freiburg,2026-05-03,Wolfsburg,home,4-2-3-1,True,8,Maximilian Eggestein,RM,8,747003
Freiburg,2026-05-03,Wolfsburg,home,4-2-3-1,True,9,Lucas Höler,F,9,747003
Freiburg,2026-05-03,Wolfsburg,home,4-2-3-1,True,32,Vincenzo Grifo,AM-L,11,747003
Freiburg,2026-05-03,Wolfsburg,home,4-2-3-1,True,19,Niklas Beste,AM-R,7,747003
Freiburg,2026-05-03,Wolfsburg,home,4-2-3-1,False,27,Nicolas Höfler,SUB,0,747003
Freiburg,2026-05-03,Wolfsburg,home,4-2-3-1,False,33,Jordy Makengo,SUB,0,747003
Freiburg,2026-05-03,Wolfsburg,home,4-2-3-1,False,22,Cyriaque Irié,SUB,0,747003
Freiburg,2026-05-03,Wolfsburg,home,4-2-3-1,False,21,Florian Müller,SUB,0,747003
Freiburg,2026-05-03,Wolfsburg,home,4-2-3-1,False,3,Philipp Lienhart,SUB,0,747003
Freiburg,2026-05-03,Wolfsburg,home,4-2-3-1,False,26,Maximilian Philipp,SUB,0,747003
Freiburg,2026-05-03,Wolfsburg,home,4-2-3-1,False,17,Lukas Kübler,SUB,0,747003
Freiburg,2026-05-03,Wolfsburg,home,4-2-3-1,False,7,Derry Scherhant,SUB,0,747003
Freiburg,2026-05-03,Wolfsburg,home,4-2-3-1,False,31,Igor Matanovic,SUB,0,747003
Wolfsburg,2026-05-03,Freiburg,away,3-5-2,True,1,Kamil Grabara,G,1,747003
Wolfsburg,2026-05-03,Freiburg,away,3-5-2,True,3,Denis Vavro,CD,5,747003
Wolfsburg,2026-05-03,Freiburg,away,3-5-2,True,4,Konstantinos Koulierakis,CD-L,4,747003
Wolfsburg,2026-05-03,Freiburg,away,3-5-2,True,6,Jeanuël Belocian,CD-R,6,747003
Wolfsburg,2026-05-03,Freiburg,away,3-5-2,True,24,Christian Eriksen,CM-L,8,747003
Wolfsburg,2026-05-03,Freiburg,away,3-5-2,True,39,Patrick Wimmer,CM-R,7,747003
Wolfsburg,2026-05-03,Freiburg,away,3-5-2,True,5,Vinicius Souza,AM,11,747003
Wolfsburg,2026-05-03,Freiburg,away,3-5-2,True,21,Joakim Maehle,LM,3,747003
Wolfsburg,2026-05-03,Freiburg,away,3-5-2,True,26,Saël Kumbedi,RM,2,747003
Wolfsburg,2026-05-03,Freiburg,away,3-5-2,True,17,Dzenan Pejcinovic,CF-L,9,747003
Wolfsburg,2026-05-03,Freiburg,away,3-5-2,True,11,Adam Daghim,CF-R,10,747003
Wolfsburg,2026-05-03,Freiburg,away,3-5-2,False,32,Mattias Svanberg,SUB,0,747003
Wolfsburg,2026-05-03,Freiburg,away,3-5-2,False,12,Pavao Pervan,SUB,0,747003
Wolfsburg,2026-05-03,Freiburg,away,3-5-2,False,40,Kevin Paredes,SUB,0,747003
Wolfsburg,2026-05-03,Freiburg,away,3-5-2,False,31,Yannick Gerhardt,SUB,0,747003
Wolfsburg,2026-05-03,Freiburg,away,3-5-2,False,9,Mohamed Amoura,SUB,0,747003
Wolfsburg,2026-05-03,Freiburg,away,3-5-2,False,10,Lovro Majer,SUB,0,747003
Wolfsburg,2026-05-03,Freiburg,away,3-5-2,False,7,Kento Shiogai,SUB,0,747003
Wolfsburg,2026-05-03,Freiburg,away,3-5-2,False,25,Aaron Zehnter,SUB,0,747003
Wolfsburg,2026-05-03,Freiburg,away,3-5-2,False,15,Moritz Jenz,SUB,0,747003
Leverkusen,2026-05-02,RB Leipzig,home,3-4-2-1,True,1,Mark Flekken,G,1,746998
Leverkusen,2026-05-02,RB Leipzig,home,3-4-2-1,True,8,Robert Andrich,CD,5,746998
Leverkusen,2026-05-02,RB Leipzig,home,3-4-2-1,True,12,Edmond Tapsoba,CD-L,4,746998
Leverkusen,2026-05-02,RB Leipzig,home,3-4-2-1,True,4,Jarell Quansah,CD-R,6,746998
Leverkusen,2026-05-02,RB Leipzig,home,3-4-2-1,True,25,Exequiel Palacios,CM-L,8,746998
Leverkusen,2026-05-02,RB Leipzig,home,3-4-2-1,True,24,Aleix García,CM-R,7,746998
Leverkusen,2026-05-02,RB Leipzig,home,3-4-2-1,True,20,Alejandro Grimaldo,LM,3,746998
Leverkusen,2026-05-02,RB Leipzig,home,3-4-2-1,True,42,Montrell Culbreath,RM,2,746998
Leverkusen,2026-05-02,RB Leipzig,home,3-4-2-1,True,14,Patrik Schick,F,9,746998
Leverkusen,2026-05-02,RB Leipzig,home,3-4-2-1,True,23,Nathan Tella,CF-L,11,746998
Leverkusen,2026-05-02,RB Leipzig,home,3-4-2-1,True,30,Ibrahim Maza,CF-R,10,746998
Leverkusen,2026-05-02,RB Leipzig,home,3-4-2-1,False,13,Arthur,SUB,0,746998
Leverkusen,2026-05-02,RB Leipzig,home,3-4-2-1,False,10,Malik Tillman,SUB,0,746998
Leverkusen,2026-05-02,RB Leipzig,home,3-4-2-1,False,7,Jonas Hofmann,SUB,0,746998
Leverkusen,2026-05-02,RB Leipzig,home,3-4-2-1,False,5,Loïc Badé,SUB,0,746998
Leverkusen,2026-05-02,RB Leipzig,home,3-4-2-1,False,35,Christian Kofane,SUB,0,746998
Leverkusen,2026-05-02,RB Leipzig,home,3-4-2-1,False,28,Janis Blaswich,SUB,0,746998
Leverkusen,2026-05-02,RB Leipzig,home,3-4-2-1,False,19,Ernest Poku,SUB,0,746998
Leverkusen,2026-05-02,RB Leipzig,home,3-4-2-1,False,6,Ezequiel Fernández,SUB,0,746998
Leverkusen,2026-05-02,RB Leipzig,home,3-4-2-1,False,17,Eliesse Ben Seghir,SUB,0,746998
RB Leipzig,2026-05-02,Leverkusen,away,4-3-3,True,26,Maarten Vandevoordt,G,1,746998
RB Leipzig,2026-05-02,Leverkusen,away,4-3-3,True,5,El Chadaille Bitshiabu,CD-L,6,746998
RB Leipzig,2026-05-02,Leverkusen,away,4-3-3,True,4,Willi Orbán,CD-R,5,746998
RB Leipzig,2026-05-02,Leverkusen,away,4-3-3,True,35,Max Finkgrafe,LB,3,746998
RB Leipzig,2026-05-02,Leverkusen,away,4-3-3,True,17,Ridle Baku,RB,2,746998
RB Leipzig,2026-05-02,Leverkusen,away,4-3-3,True,13,Nicolas Seiwald,CM,4,746998
RB Leipzig,2026-05-02,Leverkusen,away,4-3-3,True,14,Christoph Baumgartner,LM,8,746998
RB Leipzig,2026-05-02,Leverkusen,away,4-3-3,True,24,Xaver Schlager,RM,7,746998
RB Leipzig,2026-05-02,Leverkusen,away,4-3-3,True,40,Rômulo,F,9,746998
RB Leipzig,2026-05-02,Leverkusen,away,4-3-3,True,7,Antonio Nusa,LF,11,746998
RB Leipzig,2026-05-02,Leverkusen,away,4-3-3,True,49,Yan Diomande,RF,10,746998
RB Leipzig,2026-05-02,Leverkusen,away,4-3-3,False,9,Johan Bakayoko,SUB,0,746998
RB Leipzig,2026-05-02,Leverkusen,away,4-3-3,False,10,Brajan Gruda,SUB,0,746998
RB Leipzig,2026-05-02,Leverkusen,away,4-3-3,False,23,Castello Lukeba,SUB,0,746998
RB Leipzig,2026-05-02,Leverkusen,away,4-3-3,False,39,Benjamin Henrichs,SUB,0,746998
RB Leipzig,2026-05-02,Leverkusen,away,4-3-3,False,16,Lukas Klostermann,SUB,0,746998
RB Leipzig,2026-05-02,Leverkusen,away,4-3-3,False,22,David Raum,SUB,0,746998
RB Leipzig,2026-05-02,Leverkusen,away,4-3-3,False,1,Péter Gulácsi,SUB,0,746998
RB Leipzig,2026-05-02,Leverkusen,away,4-3-3,False,20,Assan Ouédraogo,SUB,0,746998
RB Leipzig,2026-05-02,Leverkusen,away,4-3-3,False,11,Conrad Harder,SUB,0,746998
Dortmund,2026-05-08,Frankfurt,home,3-4-2-1,True,1,Gregor Kobel,G,1,747008
Dortmund,2026-05-08,Frankfurt,home,3-4-2-1,True,3,Waldemar Anton,CD,5,747008
Dortmund,2026-05-08,Frankfurt,home,3-4-2-1,True,4,Nico Schlotterbeck,CD-L,4,747008
Dortmund,2026-05-08,Frankfurt,home,3-4-2-1,True,49,Luca Reggiani,CD-R,6,747008
Dortmund,2026-05-08,Frankfurt,home,3-4-2-1,True,7,Jobe Bellingham,CM-L,8,747008
Dortmund,2026-05-08,Frankfurt,home,3-4-2-1,True,20,Marcel Sabitzer,CM-R,7,747008
Dortmund,2026-05-08,Frankfurt,home,3-4-2-1,True,14,Maximilian Beier,LM,3,747008
Dortmund,2026-05-08,Frankfurt,home,3-4-2-1,True,26,Julian Ryerson,RM,2,747008
Dortmund,2026-05-08,Frankfurt,home,3-4-2-1,True,9,Serhou Guirassy,F,9,747008
Dortmund,2026-05-08,Frankfurt,home,3-4-2-1,True,40,Samuele Inácio,CF-L,11,747008
Dortmund,2026-05-08,Frankfurt,home,3-4-2-1,True,10,Julian Brandt,CF-R,10,747008
Dortmund,2026-05-08,Frankfurt,home,3-4-2-1,False,33,Alexander Meyer,SUB,0,747008
Dortmund,2026-05-08,Frankfurt,home,3-4-2-1,False,17,Carney Chukwuemeka,SUB,0,747008
Dortmund,2026-05-08,Frankfurt,home,3-4-2-1,False,8,Felix Nmecha,SUB,0,747008
Dortmund,2026-05-08,Frankfurt,home,3-4-2-1,False,2,Yan Couto,SUB,0,747008
Dortmund,2026-05-08,Frankfurt,home,3-4-2-1,False,21,Fábio Silva,SUB,0,747008
Dortmund,2026-05-08,Frankfurt,home,3-4-2-1,False,24,Daniel Svensson,SUB,0,747008
Dortmund,2026-05-08,Frankfurt,home,3-4-2-1,False,27,Karim Adeyemi,SUB,0,747008
Dortmund,2026-05-08,Frankfurt,home,3-4-2-1,False,6,Salih Özcan,SUB,0,747008
Dortmund,2026-05-08,Frankfurt,home,3-4-2-1,False,25,Niklas Süle,SUB,0,747008
Frankfurt,2026-05-08,Dortmund,away,4-2-3-1,True,23,Michael Zetterer,G,1,747008
Frankfurt,2026-05-08,Dortmund,away,4-2-3-1,True,3,Arthur Theate,CD-L,6,747008
Frankfurt,2026-05-08,Dortmund,away,4-2-3-1,True,4,Robin Koch,CD-R,5,747008
Frankfurt,2026-05-08,Dortmund,away,4-2-3-1,True,21,Nathaniel Brown,LB,3,747008
Frankfurt,2026-05-08,Dortmund,away,4-2-3-1,True,5,Aurèle Amenda,RB,2,747008
Frankfurt,2026-05-08,Dortmund,away,4-2-3-1,True,42,Can Uzun,AM,10,747008
Frankfurt,2026-05-08,Dortmund,away,4-2-3-1,True,18,Mahmoud Dahoud,LM,4,747008
Frankfurt,2026-05-08,Dortmund,away,4-2-3-1,True,15,Ellyes Skhiri,RM,8,747008
Frankfurt,2026-05-08,Dortmund,away,4-2-3-1,True,25,Arnaud Kalimuendo,F,9,747008
Frankfurt,2026-05-08,Dortmund,away,4-2-3-1,True,8,Farès Chaïbi,AM-L,11,747008
Frankfurt,2026-05-08,Dortmund,away,4-2-3-1,True,20,Ritsu Doan,AM-R,7,747008
Frankfurt,2026-05-08,Dortmund,away,4-2-3-1,False,9,Jonathan Burkardt,SUB,0,747008
Frankfurt,2026-05-08,Dortmund,away,4-2-3-1,False,19,Jean-Mattéo Bahoya,SUB,0,747008
Frankfurt,2026-05-08,Dortmund,away,4-2-3-1,False,6,Oscar Højlund,SUB,0,747008
Frankfurt,2026-05-08,Dortmund,away,4-2-3-1,False,22,Timothy Chandler,SUB,0,747008
Frankfurt,2026-05-08,Dortmund,away,4-2-3-1,False,29,Ayoube Amaimouni,SUB,0,747008
Frankfurt,2026-05-08,Dortmund,away,4-2-3-1,False,40,Kauã Santos,SUB,0,747008
Frankfurt,2026-05-08,Dortmund,away,4-2-3-1,False,16,Hugo Larsson,SUB,0,747008
Frankfurt,2026-05-08,Dortmund,away,4-2-3-1,False,7,Ansgar Knauff,SUB,0,747008
Frankfurt,2026-05-08,Dortmund,away,4-2-3-1,False,27,Mario Götze,SUB,0,747008
Augsburg,2026-05-09,Gladbach,home,3-4-2-1,True,1,Finn Dahmen,G,1,747009
Augsburg,2026-05-09,Gladbach,home,3-4-2-1,True,6,Jeffrey Gouweleeuw,CD,5,747009
Augsburg,2026-05-09,Gladbach,home,3-4-2-1,True,16,Cédric Zesiger,CD-L,4,747009
Augsburg,2026-05-09,Gladbach,home,3-4-2-1,True,5,Chrislain Matsima,CD-R,6,747009
Augsburg,2026-05-09,Gladbach,home,3-4-2-1,True,32,Fabian Rieder,CM-L,8,747009
Augsburg,2026-05-09,Gladbach,home,3-4-2-1,True,17,Kristijan Jakic,CM-R,7,747009
Augsburg,2026-05-09,Gladbach,home,3-4-2-1,True,13,Dimitris Giannoulis,LM,3,747009
Augsburg,2026-05-09,Gladbach,home,3-4-2-1,True,27,Marius Wolf,RM,2,747009
Augsburg,2026-05-09,Gladbach,home,3-4-2-1,True,38,Michael Gregoritsch,F,9,747009
Augsburg,2026-05-09,Gladbach,home,3-4-2-1,True,36,Mert Kömür,CF-L,11,747009
Augsburg,2026-05-09,Gladbach,home,3-4-2-1,True,30,Anton Kade,CF-R,10,747009
Augsburg,2026-05-09,Gladbach,home,3-4-2-1,False,39,Uchenna Ogundu,SUB,0,747009
Augsburg,2026-05-09,Gladbach,home,3-4-2-1,False,31,Keven Schlotterbeck,SUB,0,747009
Augsburg,2026-05-09,Gladbach,home,3-4-2-1,False,14,Yannik Keitel,SUB,0,747009
Augsburg,2026-05-09,Gladbach,home,3-4-2-1,False,21,Rodrigo Ribeiro,SUB,0,747009
Augsburg,2026-05-09,Gladbach,home,3-4-2-1,False,40,Noahkai Banks,SUB,0,747009
Augsburg,2026-05-09,Gladbach,home,3-4-2-1,False,20,Alexis Claude-Maurice,SUB,0,747009
Augsburg,2026-05-09,Gladbach,home,3-4-2-1,False,22,Nediljko Labrovic,SUB,0,747009
Augsburg,2026-05-09,Gladbach,home,3-4-2-1,False,4,Han-Noah Massengo,SUB,0,747009
Augsburg,2026-05-09,Gladbach,home,3-4-2-1,False,19,Robin Fellhauer,SUB,0,747009
Gladbach,2026-05-09,Augsburg,away,4-3-3,True,33,Moritz Nicolas,G,1,747009
Gladbach,2026-05-09,Augsburg,away,4-3-3,True,2,Fabio Chiarodia,CD-L,6,747009
Gladbach,2026-05-09,Augsburg,away,4-3-3,True,4,Kevin Diks,CD-R,5,747009
Gladbach,2026-05-09,Augsburg,away,4-3-3,True,29,Joe Scally,LB,3,747009
Gladbach,2026-05-09,Augsburg,away,4-3-3,True,16,Philipp Sander,RB,2,747009
Gladbach,2026-05-09,Augsburg,away,4-3-3,True,6,Yannick Engelhardt,CM,4,747009
Gladbach,2026-05-09,Augsburg,away,4-3-3,True,7,Kevin Stöger,LM,8,747009
Gladbach,2026-05-09,Augsburg,away,4-3-3,True,27,Rocco Reitz,RM,7,747009
Gladbach,2026-05-09,Augsburg,away,4-3-3,True,18,Shuto Machino,F,9,747009
Gladbach,2026-05-09,Augsburg,away,4-3-3,True,36,Wael Mohya,LF,11,747009
Gladbach,2026-05-09,Augsburg,away,4-3-3,True,9,Franck Honorat,RF,10,747009
Gladbach,2026-05-09,Augsburg,away,4-3-3,False,14,Kota Takai,SUB,0,747009
Gladbach,2026-05-09,Augsburg,away,4-3-3,False,21,Tobias Sippel,SUB,0,747009
Gladbach,2026-05-09,Augsburg,away,4-3-3,False,26,Lukas Ullrich,SUB,0,747009
Gladbach,2026-05-09,Augsburg,away,4-3-3,False,10,Florian Neuhaus,SUB,0,747009
Gladbach,2026-05-09,Augsburg,away,4-3-3,False,8,Alejo Sarco,SUB,0,747009
Gladbach,2026-05-09,Augsburg,away,4-3-3,False,23,Jan Olschowsky,SUB,0,747009
Gladbach,2026-05-09,Augsburg,away,4-3-3,False,38,Hugo Bolin,SUB,0,747009
Gladbach,2026-05-09,Augsburg,away,4-3-3,False,13,Giovanni Reyna,SUB,0,747009
Gladbach,2026-05-09,Augsburg,away,4-3-3,False,25,Robin Hack,SUB,0,747009
RB Leipzig,2026-05-09,St Pauli,home,4-3-3,True,26,Maarten Vandevoordt,G,1,747011
RB Leipzig,2026-05-09,St Pauli,home,4-3-3,True,23,Castello Lukeba,CD-L,6,747011
RB Leipzig,2026-05-09,St Pauli,home,4-3-3,True,4,Willi Orbán,CD-R,5,747011
RB Leipzig,2026-05-09,St Pauli,home,4-3-3,True,22,David Raum,LB,3,747011
RB Leipzig,2026-05-09,St Pauli,home,4-3-3,True,17,Ridle Baku,RB,2,747011
RB Leipzig,2026-05-09,St Pauli,home,4-3-3,True,24,Xaver Schlager,CM,4,747011
RB Leipzig,2026-05-09,St Pauli,home,4-3-3,True,14,Christoph Baumgartner,LM,8,747011
RB Leipzig,2026-05-09,St Pauli,home,4-3-3,True,20,Assan Ouédraogo,RM,7,747011
RB Leipzig,2026-05-09,St Pauli,home,4-3-3,True,40,Rômulo,F,9,747011
RB Leipzig,2026-05-09,St Pauli,home,4-3-3,True,49,Yan Diomande,LF,11,747011
RB Leipzig,2026-05-09,St Pauli,home,4-3-3,True,10,Brajan Gruda,RF,10,747011
RB Leipzig,2026-05-09,St Pauli,home,4-3-3,False,35,Max Finkgrafe,SUB,0,747011
RB Leipzig,2026-05-09,St Pauli,home,4-3-3,False,11,Conrad Harder,SUB,0,747011
RB Leipzig,2026-05-09,St Pauli,home,4-3-3,False,7,Antonio Nusa,SUB,0,747011
RB Leipzig,2026-05-09,St Pauli,home,4-3-3,False,16,Lukas Klostermann,SUB,0,747011
RB Leipzig,2026-05-09,St Pauli,home,4-3-3,False,9,Johan Bakayoko,SUB,0,747011
RB Leipzig,2026-05-09,St Pauli,home,4-3-3,False,39,Benjamin Henrichs,SUB,0,747011
RB Leipzig,2026-05-09,St Pauli,home,4-3-3,False,5,El Chadaille Bitshiabu,SUB,0,747011
RB Leipzig,2026-05-09,St Pauli,home,4-3-3,False,13,Nicolas Seiwald,SUB,0,747011
RB Leipzig,2026-05-09,St Pauli,home,4-3-3,False,1,Péter Gulácsi,SUB,0,747011
St Pauli,2026-05-09,RB Leipzig,away,3-5-2,True,22,Nikola Vasilj,G,1,747011
St Pauli,2026-05-09,RB Leipzig,away,3-5-2,True,8,Eric Smith,CD,5,747011
St Pauli,2026-05-09,RB Leipzig,away,3-5-2,True,21,Lars Ritzka,CD-L,4,747011
St Pauli,2026-05-09,RB Leipzig,away,3-5-2,True,15,Tomoya Ando,CD-R,6,747011
St Pauli,2026-05-09,RB Leipzig,away,3-5-2,True,16,Joel Chima Fujita,CM-L,8,747011
St Pauli,2026-05-09,RB Leipzig,away,3-5-2,True,24,Connor Metcalfe,CM-R,7,747011
St Pauli,2026-05-09,RB Leipzig,away,3-5-2,True,7,Jackson Irvine,AM,11,747011
St Pauli,2026-05-09,RB Leipzig,away,3-5-2,True,23,Louis Oppie,LM,3,747011
St Pauli,2026-05-09,RB Leipzig,away,3-5-2,True,11,Arkadiusz Pyrka,RM,2,747011
St Pauli,2026-05-09,RB Leipzig,away,3-5-2,True,27,Andreas Hountondji,CF-L,9,747011
St Pauli,2026-05-09,RB Leipzig,away,3-5-2,True,19,Martijn Kaars,CF-R,10,747011
St Pauli,2026-05-09,RB Leipzig,away,3-5-2,False,5,Hauke Wahl,SUB,0,747011
St Pauli,2026-05-09,RB Leipzig,away,3-5-2,False,9,Abdoulie Ceesay,SUB,0,747011
St Pauli,2026-05-09,RB Leipzig,away,3-5-2,False,10,Danel Sinani,SUB,0,747011
St Pauli,2026-05-09,RB Leipzig,away,3-5-2,False,14,Fin Stevens,SUB,0,747011
St Pauli,2026-05-09,RB Leipzig,away,3-5-2,False,1,Ben Voll,SUB,0,747011
St Pauli,2026-05-09,RB Leipzig,away,3-5-2,False,18,Taichi Hara,SUB,0,747011
St Pauli,2026-05-09,RB Leipzig,away,3-5-2,False,20,Mathias Rasmussen,SUB,0,747011
Hoffenheim,2026-05-09,Werder Bremen,home,4-2-3-1,True,1,Oliver Baumann,G,1,747012
Hoffenheim,2026-05-09,Werder Bremen,home,4-2-3-1,True,21,Albian Hajdari,CD-L,6,747012
Hoffenheim,2026-05-09,Werder Bremen,home,4-2-3-1,True,5,Ozan Kabak,CD-R,5,747012
Hoffenheim,2026-05-09,Werder Bremen,home,4-2-3-1,True,13,Bernardo,LB,3,747012
Hoffenheim,2026-05-09,Werder Bremen,home,4-2-3-1,True,34,Vladimír Coufal,RB,2,747012
Hoffenheim,2026-05-09,Werder Bremen,home,4-2-3-1,True,11,Fisnik Asllani,AM,10,747012
Hoffenheim,2026-05-09,Werder Bremen,home,4-2-3-1,True,18,Wouter Burger,LM,4,747012
Hoffenheim,2026-05-09,Werder Bremen,home,4-2-3-1,True,7,Leon Avdullahu,RM,8,747012
Hoffenheim,2026-05-09,Werder Bremen,home,4-2-3-1,True,19,Tim Lemperle,F,9,747012
Hoffenheim,2026-05-09,Werder Bremen,home,4-2-3-1,True,29,Bazoumana Touré,AM-L,11,747012
Hoffenheim,2026-05-09,Werder Bremen,home,4-2-3-1,True,27,Andrej Kramaric,AM-R,7,747012
Hoffenheim,2026-05-09,Werder Bremen,home,4-2-3-1,False,25,Kevin Akpoguma,SUB,0,747012
Hoffenheim,2026-05-09,Werder Bremen,home,4-2-3-1,False,37,Luca Philipp,SUB,0,747012
Hoffenheim,2026-05-09,Werder Bremen,home,4-2-3-1,False,6,Grischa Prömel,SUB,0,747012
Hoffenheim,2026-05-09,Werder Bremen,home,4-2-3-1,False,10,Muhammed Damar,SUB,0,747012
Hoffenheim,2026-05-09,Werder Bremen,home,4-2-3-1,False,33,Max Moerstedt,SUB,0,747012
Hoffenheim,2026-05-09,Werder Bremen,home,4-2-3-1,False,2,Robin Hranác,SUB,0,747012
Hoffenheim,2026-05-09,Werder Bremen,home,4-2-3-1,False,22,Alexander Prass,SUB,0,747012
Hoffenheim,2026-05-09,Werder Bremen,home,4-2-3-1,False,23,Adam Hlozek,SUB,0,747012
Hoffenheim,2026-05-09,Werder Bremen,home,4-2-3-1,False,20,Cole Campbell,SUB,0,747012
Werder Bremen,2026-05-09,Hoffenheim,away,4-1-4-1,True,30,Mio Backhaus,G,1,747012
Werder Bremen,2026-05-09,Hoffenheim,away,4-1-4-1,True,32,Marco Friedl,CD-L,6,747012
Werder Bremen,2026-05-09,Hoffenheim,away,4-1-4-1,True,5,Amos Pieper,CD-R,5,747012
Werder Bremen,2026-05-09,Hoffenheim,away,4-1-4-1,True,14,Senne Lynen,DM,4,747012
Werder Bremen,2026-05-09,Hoffenheim,away,4-1-4-1,True,2,Olivier Deman,LB,3,747012
Werder Bremen,2026-05-09,Hoffenheim,away,4-1-4-1,True,3,Yukinari Sugawara,RB,2,747012
Werder Bremen,2026-05-09,Hoffenheim,away,4-1-4-1,True,18,Cameron Puertas,CM-L,10,747012
Werder Bremen,2026-05-09,Hoffenheim,away,4-1-4-1,True,6,Jens Stage,CM-R,8,747012
Werder Bremen,2026-05-09,Hoffenheim,away,4-1-4-1,True,20,Romano Schmid,LM,11,747012
Werder Bremen,2026-05-09,Hoffenheim,away,4-1-4-1,True,11,Justin Njinmah,RM,7,747012
Werder Bremen,2026-05-09,Hoffenheim,away,4-1-4-1,True,29,Salim Musah,F,9,747012
Werder Bremen,2026-05-09,Hoffenheim,away,4-1-4-1,False,4,Niklas Stark,SUB,0,747012
Werder Bremen,2026-05-09,Hoffenheim,away,4-1-4-1,False,19,Jovan Milosevic,SUB,0,747012
Werder Bremen,2026-05-09,Hoffenheim,away,4-1-4-1,False,25,Markus Kolke,SUB,0,747012
Werder Bremen,2026-05-09,Hoffenheim,away,4-1-4-1,False,31,Karim Coulibaly,SUB,0,747012
Werder Bremen,2026-05-09,Hoffenheim,away,4-1-4-1,False,7,Samuel Mbangula,SUB,0,747012
Werder Bremen,2026-05-09,Hoffenheim,away,4-1-4-1,False,39,Maximilian Wöber,SUB,0,747012
Werder Bremen,2026-05-09,Hoffenheim,away,4-1-4-1,False,23,Isaac Schmidt,SUB,0,747012
Werder Bremen,2026-05-09,Hoffenheim,away,4-1-4-1,False,17,Marco Grüll,SUB,0,747012
Werder Bremen,2026-05-09,Hoffenheim,away,4-1-4-1,False,24,Patrice Covic,SUB,0,747012
Leverkusen,2026-05-16,Hamburger SV,home,3-4-2-1,True,1,Mark Flekken,G,1,747017
Leverkusen,2026-05-16,Hamburger SV,home,3-4-2-1,True,8,Robert Andrich,CD,5,747017
Leverkusen,2026-05-16,Hamburger SV,home,3-4-2-1,True,12,Edmond Tapsoba,CD-L,4,747017
Leverkusen,2026-05-16,Hamburger SV,home,3-4-2-1,True,4,Jarell Quansah,CD-R,6,747017
Leverkusen,2026-05-16,Hamburger SV,home,3-4-2-1,True,25,Exequiel Palacios,CM-L,8,747017
Leverkusen,2026-05-16,Hamburger SV,home,3-4-2-1,True,24,Aleix García,CM-R,7,747017
Leverkusen,2026-05-16,Hamburger SV,home,3-4-2-1,True,20,Alejandro Grimaldo,LM,3,747017
Leverkusen,2026-05-16,Hamburger SV,home,3-4-2-1,True,42,Montrell Culbreath,RM,2,747017
Leverkusen,2026-05-16,Hamburger SV,home,3-4-2-1,True,14,Patrik Schick,F,9,747017
Leverkusen,2026-05-16,Hamburger SV,home,3-4-2-1,True,30,Ibrahim Maza,CF-L,11,747017
Leverkusen,2026-05-16,Hamburger SV,home,3-4-2-1,True,10,Malik Tillman,CF-R,10,747017
Leverkusen,2026-05-16,Hamburger SV,home,3-4-2-1,False,13,Arthur,SUB,0,747017
Leverkusen,2026-05-16,Hamburger SV,home,3-4-2-1,False,21,Lucas Vázquez,SUB,0,747017
Leverkusen,2026-05-16,Hamburger SV,home,3-4-2-1,False,15,Tim Oermann,SUB,0,747017
Leverkusen,2026-05-16,Hamburger SV,home,3-4-2-1,False,19,Ernest Poku,SUB,0,747017
Leverkusen,2026-05-16,Hamburger SV,home,3-4-2-1,False,6,Ezequiel Fernández,SUB,0,747017
Leverkusen,2026-05-16,Hamburger SV,home,3-4-2-1,False,5,Loïc Badé,SUB,0,747017
Leverkusen,2026-05-16,Hamburger SV,home,3-4-2-1,False,28,Janis Blaswich,SUB,0,747017
Leverkusen,2026-05-16,Hamburger SV,home,3-4-2-1,False,7,Jonas Hofmann,SUB,0,747017
Leverkusen,2026-05-16,Hamburger SV,home,3-4-2-1,False,17,Eliesse Ben Seghir,SUB,0,747017
Hamburger SV,2026-05-16,Leverkusen,away,3-4-2-1,True,12,Sander Tangvik,G,1,747017
Hamburger SV,2026-05-16,Leverkusen,away,3-4-2-1,True,44,Luka Vuskovic,CD,5,747017
Hamburger SV,2026-05-16,Leverkusen,away,3-4-2-1,True,25,Jordan Torunarigha,CD-L,4,747017
Hamburger SV,2026-05-16,Leverkusen,away,3-4-2-1,True,17,Warmed Omari,CD-R,6,747017
Hamburger SV,2026-05-16,Leverkusen,away,3-4-2-1,True,6,Albert Sambi Lokonga,CM-L,8,747017
Hamburger SV,2026-05-16,Leverkusen,away,3-4-2-1,True,21,Nicolai Remberg,CM-R,7,747017
Hamburger SV,2026-05-16,Leverkusen,away,3-4-2-1,True,23,Albert Grønbaek,LM,3,747017
Hamburger SV,2026-05-16,Leverkusen,away,3-4-2-1,True,24,Nicolás Capaldo,RM,2,747017
Hamburger SV,2026-05-16,Leverkusen,away,3-4-2-1,True,49,Otto Stange,F,9,747017
Hamburger SV,2026-05-16,Leverkusen,away,3-4-2-1,True,14,Rayan Philippe,CF-L,11,747017
Hamburger SV,2026-05-16,Leverkusen,away,3-4-2-1,True,20,Fabio Vieira,CF-R,10,747017
Hamburger SV,2026-05-16,Leverkusen,away,3-4-2-1,False,18,Bakery Jatta,SUB,0,747017
Hamburger SV,2026-05-16,Leverkusen,away,3-4-2-1,False,2,William Mikelbrencis,SUB,0,747017
Hamburger SV,2026-05-16,Leverkusen,away,3-4-2-1,False,1,Daniel Heuer Fernandes,SUB,0,747017
Hamburger SV,2026-05-16,Leverkusen,away,3-4-2-1,False,43,Shafiq Nandja,SUB,0,747017
Hamburger SV,2026-05-16,Leverkusen,away,3-4-2-1,False,8,Daniel Elfadli,SUB,0,747017
Hamburger SV,2026-05-16,Leverkusen,away,3-4-2-1,False,28,Miro Muheim,SUB,0,747017
Hamburger SV,2026-05-16,Leverkusen,away,3-4-2-1,False,15,Yussuf Poulsen,SUB,0,747017
Hamburger SV,2026-05-16,Leverkusen,away,3-4-2-1,False,16,Giorgi Gocholeishvili,SUB,0,747017
Hamburger SV,2026-05-16,Leverkusen,away,3-4-2-1,False,45,Fabio Baldé,SUB,0,747017
Werder Bremen,2026-05-02,Augsburg,home,3-4-2-1,True,30,Mio Backhaus,G,1,747004
Werder Bremen,2026-05-02,Augsburg,home,3-4-2-1,True,32,Marco Friedl,CD,5,747004
Werder Bremen,2026-05-02,Augsburg,home,3-4-2-1,True,31,Karim Coulibaly,CD-L,4,747004
Werder Bremen,2026-05-02,Augsburg,home,3-4-2-1,True,5,Amos Pieper,CD-R,6,747004
Werder Bremen,2026-05-02,Augsburg,home,3-4-2-1,True,14,Senne Lynen,CM-L,8,747004
Werder Bremen,2026-05-02,Augsburg,home,3-4-2-1,True,18,Cameron Puertas,CM-R,7,747004
Werder Bremen,2026-05-02,Augsburg,home,3-4-2-1,True,2,Olivier Deman,LM,3,747004
Werder Bremen,2026-05-02,Augsburg,home,3-4-2-1,True,3,Yukinari Sugawara,RM,2,747004
Werder Bremen,2026-05-02,Augsburg,home,3-4-2-1,True,19,Jovan Milosevic,F,9,747004
Werder Bremen,2026-05-02,Augsburg,home,3-4-2-1,True,20,Romano Schmid,CF-L,11,747004
Werder Bremen,2026-05-02,Augsburg,home,3-4-2-1,True,6,Jens Stage,CF-R,10,747004
Werder Bremen,2026-05-02,Augsburg,home,3-4-2-1,False,39,Maximilian Wöber,SUB,0,747004
Werder Bremen,2026-05-02,Augsburg,home,3-4-2-1,False,11,Justin Njinmah,SUB,0,747004
Werder Bremen,2026-05-02,Augsburg,home,3-4-2-1,False,23,Isaac Schmidt,SUB,0,747004
Werder Bremen,2026-05-02,Augsburg,home,3-4-2-1,False,17,Marco Grüll,SUB,0,747004
Werder Bremen,2026-05-02,Augsburg,home,3-4-2-1,False,25,Markus Kolke,SUB,0,747004
Werder Bremen,2026-05-02,Augsburg,home,3-4-2-1,False,7,Samuel Mbangula,SUB,0,747004
Werder Bremen,2026-05-02,Augsburg,home,3-4-2-1,False,4,Niklas Stark,SUB,0,747004
Werder Bremen,2026-05-02,Augsburg,home,3-4-2-1,False,29,Salim Musah,SUB,0,747004
Werder Bremen,2026-05-02,Augsburg,home,3-4-2-1,False,24,Patrice Covic,SUB,0,747004
Augsburg,2026-05-02,Werder Bremen,away,3-4-2-1,True,1,Finn Dahmen,G,1,747004
Augsburg,2026-05-02,Werder Bremen,away,3-4-2-1,True,6,Jeffrey Gouweleeuw,CD,5,747004
Augsburg,2026-05-02,Werder Bremen,away,3-4-2-1,True,16,Cédric Zesiger,CD-L,4,747004
Augsburg,2026-05-02,Werder Bremen,away,3-4-2-1,True,5,Chrislain Matsima,CD-R,6,747004
Augsburg,2026-05-02,Werder Bremen,away,3-4-2-1,True,32,Fabian Rieder,CM-L,8,747004
Augsburg,2026-05-02,Werder Bremen,away,3-4-2-1,True,4,Han-Noah Massengo,CM-R,7,747004
Augsburg,2026-05-02,Werder Bremen,away,3-4-2-1,True,13,Dimitris Giannoulis,LM,3,747004
Augsburg,2026-05-02,Werder Bremen,away,3-4-2-1,True,19,Robin Fellhauer,RM,2,747004
Augsburg,2026-05-02,Werder Bremen,away,3-4-2-1,True,38,Michael Gregoritsch,F,9,747004
Augsburg,2026-05-02,Werder Bremen,away,3-4-2-1,True,20,Alexis Claude-Maurice,CF-L,11,747004
Augsburg,2026-05-02,Werder Bremen,away,3-4-2-1,True,30,Anton Kade,CF-R,10,747004
Augsburg,2026-05-02,Werder Bremen,away,3-4-2-1,False,21,Rodrigo Ribeiro,SUB,0,747004
Augsburg,2026-05-02,Werder Bremen,away,3-4-2-1,False,17,Kristijan Jakic,SUB,0,747004
Augsburg,2026-05-02,Werder Bremen,away,3-4-2-1,False,40,Noahkai Banks,SUB,0,747004
Augsburg,2026-05-02,Werder Bremen,away,3-4-2-1,False,39,Uchenna Ogundu,SUB,0,747004
Augsburg,2026-05-02,Werder Bremen,away,3-4-2-1,False,36,Mert Kömür,SUB,0,747004
Augsburg,2026-05-02,Werder Bremen,away,3-4-2-1,False,31,Keven Schlotterbeck,SUB,0,747004
Augsburg,2026-05-02,Werder Bremen,away,3-4-2-1,False,27,Marius Wolf,SUB,0,747004
Augsburg,2026-05-02,Werder Bremen,away,3-4-2-1,False,22,Nediljko Labrovic,SUB,0,747004
Augsburg,2026-05-02,Werder Bremen,away,3-4-2-1,False,34,Arthur Chaves,SUB,0,747004
Köln,2026-05-10,Heidenheim,home,4-2-3-1,True,1,Marvin Schwäbe,G,1,747006
Köln,2026-05-10,Heidenheim,home,4-2-3-1,True,39,Cenk Özkacar,CD-L,6,747006
Köln,2026-05-10,Heidenheim,home,4-2-3-1,True,2,Joel Schmied,CD-R,5,747006
Köln,2026-05-10,Heidenheim,home,4-2-3-1,True,32,Kristoffer Lund,LB,3,747006
Köln,2026-05-10,Heidenheim,home,4-2-3-1,True,28,Sebastian Sebulonsen,RB,2,747006
Köln,2026-05-10,Heidenheim,home,4-2-3-1,True,16,Jakub Kaminski,AM,10,747006
Köln,2026-05-10,Heidenheim,home,4-2-3-1,True,18,Ísak Jóhannesson,LM,4,747006
Köln,2026-05-10,Heidenheim,home,4-2-3-1,True,5,Tom Krauss,RM,8,747006
Köln,2026-05-10,Heidenheim,home,4-2-3-1,True,30,Marius Bulter,F,9,747006
Köln,2026-05-10,Heidenheim,home,4-2-3-1,True,13,Said El Mala,AM-L,11,747006
Köln,2026-05-10,Heidenheim,home,4-2-3-1,True,37,Linton Maina,AM-R,7,747006
Köln,2026-05-10,Heidenheim,home,4-2-3-1,False,33,Rav van den Berg,SUB,0,747006
Köln,2026-05-10,Heidenheim,home,4-2-3-1,False,3,Dominique Heintz,SUB,0,747006
Köln,2026-05-10,Heidenheim,home,4-2-3-1,False,7,Luca Waldschmidt,SUB,0,747006
Köln,2026-05-10,Heidenheim,home,4-2-3-1,False,29,Jan Thielmann,SUB,0,747006
Köln,2026-05-10,Heidenheim,home,4-2-3-1,False,20,Ron-Robert Zieler,SUB,0,747006
Köln,2026-05-10,Heidenheim,home,4-2-3-1,False,17,Alessio Castro-Montes,SUB,0,747006
Köln,2026-05-10,Heidenheim,home,4-2-3-1,False,8,Denis Huseinbasic,SUB,0,747006
Köln,2026-05-10,Heidenheim,home,4-2-3-1,False,11,Florian Kainz,SUB,0,747006
Köln,2026-05-10,Heidenheim,home,4-2-3-1,False,38,Youssoupha Niang,SUB,0,747006
Heidenheim,2026-05-10,Köln,away,4-2-2-2,True,40,Frank Feller,G,1,747006
Heidenheim,2026-05-10,Köln,away,4-2-2-2,True,19,Jonas Föhrenbach,CD-L,6,747006
Heidenheim,2026-05-10,Köln,away,4-2-2-2,True,6,Patrick Mainka,CD-R,5,747006
Heidenheim,2026-05-10,Köln,away,4-2-2-2,True,26,Hennes Behrens,LB,3,747006
Heidenheim,2026-05-10,Köln,away,4-2-2-2,True,23,Omar-Haktab Traoré,RB,2,747006
Heidenheim,2026-05-10,Köln,away,4-2-2-2,True,30,Niklas Dorsch,CM-L,8,747006
Heidenheim,2026-05-10,Köln,away,4-2-2-2,True,3,Jan Schöppner,CM-R,4,747006
Heidenheim,2026-05-10,Köln,away,4-2-2-2,True,11,Budu Zivzivadze,CF-L,9,747006
Heidenheim,2026-05-10,Köln,away,4-2-2-2,True,18,Marvin Pieringer,CF-R,10,747006
Heidenheim,2026-05-10,Köln,away,4-2-2-2,True,22,Arijon Ibrahimovic,AM-L,11,747006
Heidenheim,2026-05-10,Köln,away,4-2-2-2,True,8,Eren Dinkci,AM-R,7,747006
Heidenheim,2026-05-10,Köln,away,4-2-2-2,False,10,Christian Conteh,SUB,0,747006
Heidenheim,2026-05-10,Köln,away,4-2-2-2,False,9,Stefan Schimmer,SUB,0,747006
Heidenheim,2026-05-10,Köln,away,4-2-2-2,False,41,Diant Ramaj,SUB,0,747006
Heidenheim,2026-05-10,Köln,away,4-2-2-2,False,17,Mathias Honsak,SUB,0,747006
Heidenheim,2026-05-10,Köln,away,4-2-2-2,False,4,Tim Siersleben,SUB,0,747006
Heidenheim,2026-05-10,Köln,away,4-2-2-2,False,25,Leonidas Stergiou,SUB,0,747006
Heidenheim,2026-05-10,Köln,away,4-2-2-2,False,20,Luca Kerber,SUB,0,747006
Heidenheim,2026-05-10,Köln,away,4-2-2-2,False,16,Julian Niehues,SUB,0,747006
Heidenheim,2026-05-10,Köln,away,4-2-2-2,False,21,Adrian Beck,SUB,0,747006
Bayern Munich,2026-05-16,Köln,home,4-2-3-1,True,1,Manuel Neuer,G,1,747020
Bayern Munich,2026-05-16,Köln,home,4-2-3-1,True,4,Jonathan Tah,CD-L,6,747020
Bayern Munich,2026-05-16,Köln,home,4-2-3-1,True,2,Dayot Upamecano,CD-R,5,747020
Bayern Munich,2026-05-16,Köln,home,4-2-3-1,True,20,Tom Bischof,LB,3,747020
Bayern Munich,2026-05-16,Köln,home,4-2-3-1,True,27,Konrad Laimer,RB,2,747020
Bayern Munich,2026-05-16,Köln,home,4-2-3-1,True,10,Jamal Musiala,AM,10,747020
Bayern Munich,2026-05-16,Köln,home,4-2-3-1,True,8,Leon Goretzka,LM,4,747020
Bayern Munich,2026-05-16,Köln,home,4-2-3-1,True,6,Joshua Kimmich,RM,8,747020
Bayern Munich,2026-05-16,Köln,home,4-2-3-1,True,9,Harry Kane,F,9,747020
Bayern Munich,2026-05-16,Köln,home,4-2-3-1,True,14,Luis Díaz,AM-L,11,747020
Bayern Munich,2026-05-16,Köln,home,4-2-3-1,True,42,Lennart Karl,AM-R,7,747020
Bayern Munich,2026-05-16,Köln,home,4-2-3-1,False,17,Michael Olise,SUB,0,747020
Bayern Munich,2026-05-16,Köln,home,4-2-3-1,False,39,Bara Sapoko Ndiaye,SUB,0,747020
Bayern Munich,2026-05-16,Köln,home,4-2-3-1,False,45,Aleksandar Pavlovic,SUB,0,747020
Bayern Munich,2026-05-16,Köln,home,4-2-3-1,False,21,Hiroki Ito,SUB,0,747020
Bayern Munich,2026-05-16,Köln,home,4-2-3-1,False,26,Sven Ulreich,SUB,0,747020
Bayern Munich,2026-05-16,Köln,home,4-2-3-1,False,40,Jonas Urbig,SUB,0,747020
Bayern Munich,2026-05-16,Köln,home,4-2-3-1,False,11,Nicolas Jackson,SUB,0,747020
Bayern Munich,2026-05-16,Köln,home,4-2-3-1,False,44,Josip Stanisic,SUB,0,747020
Bayern Munich,2026-05-16,Köln,home,4-2-3-1,False,22,Raphaël Guerreiro,SUB,0,747020
Köln,2026-05-16,Bayern Munich,away,5-3-2,True,1,Marvin Schwäbe,G,1,747020
Köln,2026-05-16,Bayern Munich,away,5-3-2,True,22,Jahmai Simpson-Pusey,CD,5,747020
Köln,2026-05-16,Bayern Munich,away,5-3-2,True,39,Cenk Özkacar,CD-L,4,747020
Köln,2026-05-16,Bayern Munich,away,5-3-2,True,2,Joel Schmied,CD-R,6,747020
Köln,2026-05-16,Bayern Munich,away,5-3-2,True,32,Kristoffer Lund,LB,3,747020
Köln,2026-05-16,Bayern Munich,away,5-3-2,True,28,Sebastian Sebulonsen,RB,2,747020
Köln,2026-05-16,Bayern Munich,away,5-3-2,True,6,Eric Martel,CM,8,747020
Köln,2026-05-16,Bayern Munich,away,5-3-2,True,17,Alessio Castro-Montes,CM-L,11,747020
Köln,2026-05-16,Bayern Munich,away,5-3-2,True,16,Jakub Kaminski,CM-R,7,747020
Köln,2026-05-16,Bayern Munich,away,5-3-2,True,13,Said El Mala,CF-L,9,747020
Köln,2026-05-16,Bayern Munich,away,5-3-2,True,30,Marius Bulter,CF-R,10,747020
Köln,2026-05-16,Bayern Munich,away,5-3-2,False,11,Florian Kainz,SUB,0,747020
Köln,2026-05-16,Bayern Munich,away,5-3-2,False,33,Rav van den Berg,SUB,0,747020
Köln,2026-05-16,Bayern Munich,away,5-3-2,False,7,Luca Waldschmidt,SUB,0,747020
Köln,2026-05-16,Bayern Munich,away,5-3-2,False,20,Ron-Robert Zieler,SUB,0,747020
Köln,2026-05-16,Bayern Munich,away,5-3-2,False,29,Jan Thielmann,SUB,0,747020
Köln,2026-05-16,Bayern Munich,away,5-3-2,False,38,Youssoupha Niang,SUB,0,747020
Köln,2026-05-16,Bayern Munich,away,5-3-2,False,18,Ísak Jóhannesson,SUB,0,747020
Köln,2026-05-16,Bayern Munich,away,5-3-2,False,37,Linton Maina,SUB,0,747020
Köln,2026-05-16,Bayern Munich,away,5-3-2,False,27,Felipe Chávez,SUB,0,747020
St Pauli,2026-05-16,Wolfsburg,home,3-4-1-2,True,22,Nikola Vasilj,G,1,747021
St Pauli,2026-05-16,Wolfsburg,home,3-4-1-2,True,5,Hauke Wahl,CD,5,747021
St Pauli,2026-05-16,Wolfsburg,home,3-4-1-2,True,15,Tomoya Ando,CD-L,4,747021
St Pauli,2026-05-16,Wolfsburg,home,3-4-1-2,True,25,Adam Dzwigala,CD-R,6,747021
St Pauli,2026-05-16,Wolfsburg,home,3-4-1-2,True,16,Joel Chima Fujita,CM-L,8,747021
St Pauli,2026-05-16,Wolfsburg,home,3-4-1-2,True,7,Jackson Irvine,CM-R,7,747021
St Pauli,2026-05-16,Wolfsburg,home,3-4-1-2,True,24,Connor Metcalfe,AM,9,747021
St Pauli,2026-05-16,Wolfsburg,home,3-4-1-2,True,23,Louis Oppie,LM,3,747021
St Pauli,2026-05-16,Wolfsburg,home,3-4-1-2,True,11,Arkadiusz Pyrka,RM,2,747021
St Pauli,2026-05-16,Wolfsburg,home,3-4-1-2,True,27,Andreas Hountondji,CF-L,11,747021
St Pauli,2026-05-16,Wolfsburg,home,3-4-1-2,True,19,Martijn Kaars,CF-R,10,747021
St Pauli,2026-05-16,Wolfsburg,home,3-4-1-2,False,3,Karol Mets,SUB,0,747021
St Pauli,2026-05-16,Wolfsburg,home,3-4-1-2,False,14,Fin Stevens,SUB,0,747021
St Pauli,2026-05-16,Wolfsburg,home,3-4-1-2,False,9,Abdoulie Ceesay,SUB,0,747021
St Pauli,2026-05-16,Wolfsburg,home,3-4-1-2,False,26,Ricky-Jade Jones,SUB,0,747021
St Pauli,2026-05-16,Wolfsburg,home,3-4-1-2,False,10,Danel Sinani,SUB,0,747021
St Pauli,2026-05-16,Wolfsburg,home,3-4-1-2,False,21,Lars Ritzka,SUB,0,747021
St Pauli,2026-05-16,Wolfsburg,home,3-4-1-2,False,18,Taichi Hara,SUB,0,747021
St Pauli,2026-05-16,Wolfsburg,home,3-4-1-2,False,1,Ben Voll,SUB,0,747021
St Pauli,2026-05-16,Wolfsburg,home,3-4-1-2,False,20,Mathias Rasmussen,SUB,0,747021
Wolfsburg,2026-05-16,St Pauli,away,3-1-4-2,False,25,Aaron Zehnter,,0,747021
Wolfsburg,2026-05-16,St Pauli,away,3-1-4-2,False,19,Jesper Lindstrom,,0,747021
Wolfsburg,2026-05-16,St Pauli,away,3-1-4-2,False,7,Kento Shiogai,,0,747021
Wolfsburg,2026-05-16,St Pauli,away,3-1-4-2,False,9,Mohamed Amoura,,0,747021
Wolfsburg,2026-05-16,St Pauli,away,3-1-4-2,False,31,Yannick Gerhardt,,0,747021
Wolfsburg,2026-05-16,St Pauli,away,3-1-4-2,False,15,Moritz Jenz,,0,747021
Wolfsburg,2026-05-16,St Pauli,away,3-1-4-2,False,12,Pavao Pervan,,0,747021
Wolfsburg,2026-05-16,St Pauli,away,3-1-4-2,False,10,Lovro Majer,,0,747021
Wolfsburg,2026-05-16,St Pauli,away,3-1-4-2,False,40,Kevin Paredes,,0,747021
Wolfsburg,2026-05-16,St Pauli,away,3-1-4-2,True,1,Kamil Grabara,G,1,747021
Wolfsburg,2026-05-16,St Pauli,away,3-1-4-2,True,3,Denis Vavro,CD,4,747021
Wolfsburg,2026-05-16,St Pauli,away,3-1-4-2,True,4,Konstantinos Koulierakis,CD-L,6,747021
Wolfsburg,2026-05-16,St Pauli,away,3-1-4-2,True,6,Jeanuël Belocian,CD-R,5,747021
Wolfsburg,2026-05-16,St Pauli,away,3-1-4-2,True,5,Vinicius Souza,SW,8,747021
Wolfsburg,2026-05-16,St Pauli,away,3-1-4-2,True,24,Christian Eriksen,CM-L,11,747021
Wolfsburg,2026-05-16,St Pauli,away,3-1-4-2,True,32,Mattias Svanberg,CM-R,7,747021
Wolfsburg,2026-05-16,St Pauli,away,3-1-4-2,True,21,Joakim Maehle,LM,3,747021
Wolfsburg,2026-05-16,St Pauli,away,3-1-4-2,True,26,Saël Kumbedi,RM,2,747021
Wolfsburg,2026-05-16,St Pauli,away,3-1-4-2,True,17,Dzenan Pejcinovic,CF-L,10,747021
Wolfsburg,2026-05-16,St Pauli,away,3-1-4-2,True,11,Adam Daghim,CF-R,9,747021
Gladbach,2026-05-16,Hoffenheim,home,4-2-3-1,True,33,Moritz Nicolas,G,1,747018
Gladbach,2026-05-16,Hoffenheim,home,4-2-3-1,True,4,Kevin Diks,CD-L,6,747018
Gladbach,2026-05-16,Hoffenheim,home,4-2-3-1,True,30,Nico Elvedi,CD-R,5,747018
Gladbach,2026-05-16,Hoffenheim,home,4-2-3-1,True,26,Lukas Ullrich,LB,3,747018
Gladbach,2026-05-16,Hoffenheim,home,4-2-3-1,True,29,Joe Scally,RB,2,747018
Gladbach,2026-05-16,Hoffenheim,home,4-2-3-1,True,7,Kevin Stöger,AM,10,747018
Gladbach,2026-05-16,Hoffenheim,home,4-2-3-1,True,6,Yannick Engelhardt,LM,4,747018
Gladbach,2026-05-16,Hoffenheim,home,4-2-3-1,True,16,Philipp Sander,RM,8,747018
Gladbach,2026-05-16,Hoffenheim,home,4-2-3-1,True,15,Haris Tabakovic,F,9,747018
Gladbach,2026-05-16,Hoffenheim,home,4-2-3-1,True,36,Wael Mohya,AM-L,11,747018
Gladbach,2026-05-16,Hoffenheim,home,4-2-3-1,True,38,Hugo Bolin,AM-R,7,747018
Gladbach,2026-05-16,Hoffenheim,home,4-2-3-1,False,11,Tim Kleindienst,SUB,0,747018
Gladbach,2026-05-16,Hoffenheim,home,4-2-3-1,False,23,Jan Olschowsky,SUB,0,747018
Gladbach,2026-05-16,Hoffenheim,home,4-2-3-1,False,18,Shuto Machino,SUB,0,747018
Gladbach,2026-05-16,Hoffenheim,home,4-2-3-1,False,25,Robin Hack,SUB,0,747018
Gladbach,2026-05-16,Hoffenheim,home,4-2-3-1,False,10,Florian Neuhaus,SUB,0,747018
Gladbach,2026-05-16,Hoffenheim,home,4-2-3-1,False,2,Fabio Chiarodia,SUB,0,747018
Gladbach,2026-05-16,Hoffenheim,home,4-2-3-1,False,14,Kota Takai,SUB,0,747018
Gladbach,2026-05-16,Hoffenheim,home,4-2-3-1,False,13,Giovanni Reyna,SUB,0,747018
Gladbach,2026-05-16,Hoffenheim,home,4-2-3-1,False,9,Franck Honorat,SUB,0,747018
Hoffenheim,2026-05-16,Gladbach,away,4-2-3-1,True,1,Oliver Baumann,G,1,747018
Hoffenheim,2026-05-16,Gladbach,away,4-2-3-1,True,21,Albian Hajdari,CD-L,6,747018
Hoffenheim,2026-05-16,Gladbach,away,4-2-3-1,True,5,Ozan Kabak,CD-R,5,747018
Hoffenheim,2026-05-16,Gladbach,away,4-2-3-1,True,13,Bernardo,LB,3,747018
Hoffenheim,2026-05-16,Gladbach,away,4-2-3-1,True,34,Vladimír Coufal,RB,2,747018
Hoffenheim,2026-05-16,Gladbach,away,4-2-3-1,True,11,Fisnik Asllani,AM,10,747018
Hoffenheim,2026-05-16,Gladbach,away,4-2-3-1,True,18,Wouter Burger,LM,4,747018
Hoffenheim,2026-05-16,Gladbach,away,4-2-3-1,True,7,Leon Avdullahu,RM,8,747018
Hoffenheim,2026-05-16,Gladbach,away,4-2-3-1,True,19,Tim Lemperle,F,9,747018
Hoffenheim,2026-05-16,Gladbach,away,4-2-3-1,True,29,Bazoumana Touré,AM-L,11,747018
Hoffenheim,2026-05-16,Gladbach,away,4-2-3-1,True,27,Andrej Kramaric,AM-R,7,747018
Hoffenheim,2026-05-16,Gladbach,away,4-2-3-1,False,25,Kevin Akpoguma,SUB,0,747018
Hoffenheim,2026-05-16,Gladbach,away,4-2-3-1,False,6,Grischa Prömel,SUB,0,747018
Hoffenheim,2026-05-16,Gladbach,away,4-2-3-1,False,20,Cole Campbell,SUB,0,747018
Hoffenheim,2026-05-16,Gladbach,away,4-2-3-1,False,2,Robin Hranác,SUB,0,747018
Hoffenheim,2026-05-16,Gladbach,away,4-2-3-1,False,33,Max Moerstedt,SUB,0,747018
Hoffenheim,2026-05-16,Gladbach,away,4-2-3-1,False,37,Luca Philipp,SUB,0,747018
Hoffenheim,2026-05-16,Gladbach,away,4-2-3-1,False,23,Adam Hlozek,SUB,0,747018
Hoffenheim,2026-05-16,Gladbach,away,4-2-3-1,False,10,Muhammed Damar,SUB,0,747018
Hoffenheim,2026-05-16,Gladbach,away,4-2-3-1,False,22,Alexander Prass,SUB,0,747018
Frankfurt,2026-05-16,Stuttgart,home,4-1-4-1,True,23,Michael Zetterer,G,1,747023
Frankfurt,2026-05-16,Stuttgart,home,4-1-4-1,True,5,Aurèle Amenda,CD-L,6,747023
Frankfurt,2026-05-16,Stuttgart,home,4-1-4-1,True,4,Robin Koch,CD-R,5,747023
Frankfurt,2026-05-16,Stuttgart,home,4-1-4-1,True,15,Ellyes Skhiri,DM,4,747023
Frankfurt,2026-05-16,Stuttgart,home,4-1-4-1,True,21,Nathaniel Brown,LB,3,747023
Frankfurt,2026-05-16,Stuttgart,home,4-1-4-1,True,13,Rasmus Kristensen,RB,2,747023
Frankfurt,2026-05-16,Stuttgart,home,4-1-4-1,True,27,Mario Götze,CM-L,10,747023
Frankfurt,2026-05-16,Stuttgart,home,4-1-4-1,True,42,Can Uzun,CM-R,8,747023
Frankfurt,2026-05-16,Stuttgart,home,4-1-4-1,True,19,Jean-Mattéo Bahoya,LM,11,747023
Frankfurt,2026-05-16,Stuttgart,home,4-1-4-1,True,20,Ritsu Doan,RM,7,747023
Frankfurt,2026-05-16,Stuttgart,home,4-1-4-1,True,25,Arnaud Kalimuendo,F,9,747023
Frankfurt,2026-05-16,Stuttgart,home,4-1-4-1,False,18,Mahmoud Dahoud,SUB,0,747023
Frankfurt,2026-05-16,Stuttgart,home,4-1-4-1,False,8,Farès Chaïbi,SUB,0,747023
Frankfurt,2026-05-16,Stuttgart,home,4-1-4-1,False,40,Kauã Santos,SUB,0,747023
Frankfurt,2026-05-16,Stuttgart,home,4-1-4-1,False,16,Hugo Larsson,SUB,0,747023
Frankfurt,2026-05-16,Stuttgart,home,4-1-4-1,False,3,Arthur Theate,SUB,0,747023
Frankfurt,2026-05-16,Stuttgart,home,4-1-4-1,False,22,Timothy Chandler,SUB,0,747023
Frankfurt,2026-05-16,Stuttgart,home,4-1-4-1,False,29,Ayoube Amaimouni,SUB,0,747023
Frankfurt,2026-05-16,Stuttgart,home,4-1-4-1,False,7,Ansgar Knauff,SUB,0,747023
Frankfurt,2026-05-16,Stuttgart,home,4-1-4-1,False,9,Jonathan Burkardt,SUB,0,747023
Stuttgart,2026-05-16,Frankfurt,away,3-4-1-2,True,33,Alexander Nübel,G,1,747023
Stuttgart,2026-05-16,Frankfurt,away,3-4-1-2,True,24,Jeff Chabot,CD,5,747023
Stuttgart,2026-05-16,Frankfurt,away,3-4-1-2,True,7,Maximilian Mittelstädt,CD-L,4,747023
Stuttgart,2026-05-16,Frankfurt,away,3-4-1-2,True,3,Ramon Hendriks,CD-R,6,747023
Stuttgart,2026-05-16,Frankfurt,away,3-4-1-2,True,6,Angelo Stiller,CM-L,8,747023
Stuttgart,2026-05-16,Frankfurt,away,3-4-1-2,True,30,Chema Andrés,CM-R,7,747023
Stuttgart,2026-05-16,Frankfurt,away,3-4-1-2,True,28,Nikolas Nartey,AM,9,747023
Stuttgart,2026-05-16,Frankfurt,away,3-4-1-2,True,10,Chris Führich,LM,3,747023
Stuttgart,2026-05-16,Frankfurt,away,3-4-1-2,True,18,Jamie Leweling,RM,2,747023
Stuttgart,2026-05-16,Frankfurt,away,3-4-1-2,True,26,Deniz Undav,CF-L,11,747023
Stuttgart,2026-05-16,Frankfurt,away,3-4-1-2,True,9,Ermedin Demirovic,CF-R,10,747023
Stuttgart,2026-05-16,Frankfurt,away,3-4-1-2,False,1,Fabian Bredlow,SUB,0,747023
Stuttgart,2026-05-16,Frankfurt,away,3-4-1-2,False,22,Lorenz Assignon,SUB,0,747023
Stuttgart,2026-05-16,Frankfurt,away,3-4-1-2,False,23,Dan-Axel Zagadou,SUB,0,747023
Stuttgart,2026-05-16,Frankfurt,away,3-4-1-2,False,11,Bilal El Khannouss,SUB,0,747023
Stuttgart,2026-05-16,Frankfurt,away,3-4-1-2,False,4,Josha Vagnoman,SUB,0,747023
Stuttgart,2026-05-16,Frankfurt,away,3-4-1-2,False,29,Finn Jeltsch,SUB,0,747023
Stuttgart,2026-05-16,Frankfurt,away,3-4-1-2,False,8,Tiago Tomás,SUB,0,747023
Stuttgart,2026-05-16,Frankfurt,away,3-4-1-2,False,14,Luca Jaquez,SUB,0,747023
Stuttgart,2026-05-16,Frankfurt,away,3-4-1-2,False,27,Badredine Bouanani,SUB,0,747023
St Pauli,2026-05-03,Mainz 05,home,3-4-2-1,True,22,Nikola Vasilj,G,1,747002
St Pauli,2026-05-03,Mainz 05,home,3-4-2-1,True,5,Hauke Wahl,CD,5,747002
St Pauli,2026-05-03,Mainz 05,home,3-4-2-1,True,3,Karol Mets,CD-L,4,747002
St Pauli,2026-05-03,Mainz 05,home,3-4-2-1,True,15,Tomoya Ando,CD-R,6,747002
St Pauli,2026-05-03,Mainz 05,home,3-4-2-1,True,8,Eric Smith,CM-L,8,747002
St Pauli,2026-05-03,Mainz 05,home,3-4-2-1,True,7,Jackson Irvine,CM-R,7,747002
St Pauli,2026-05-03,Mainz 05,home,3-4-2-1,True,21,Lars Ritzka,LM,3,747002
St Pauli,2026-05-03,Mainz 05,home,3-4-2-1,True,11,Arkadiusz Pyrka,RM,2,747002
St Pauli,2026-05-03,Mainz 05,home,3-4-2-1,True,27,Andreas Hountondji,F,9,747002
St Pauli,2026-05-03,Mainz 05,home,3-4-2-1,True,16,Joel Chima Fujita,CF-L,11,747002
St Pauli,2026-05-03,Mainz 05,home,3-4-2-1,True,10,Danel Sinani,CF-R,10,747002
St Pauli,2026-05-03,Mainz 05,home,3-4-2-1,False,1,Ben Voll,SUB,0,747002
St Pauli,2026-05-03,Mainz 05,home,3-4-2-1,False,19,Martijn Kaars,SUB,0,747002
St Pauli,2026-05-03,Mainz 05,home,3-4-2-1,False,4,David Nemeth,SUB,0,747002
St Pauli,2026-05-03,Mainz 05,home,3-4-2-1,False,9,Abdoulie Ceesay,SUB,0,747002
St Pauli,2026-05-03,Mainz 05,home,3-4-2-1,False,23,Louis Oppie,SUB,0,747002
St Pauli,2026-05-03,Mainz 05,home,3-4-2-1,False,25,Adam Dzwigala,SUB,0,747002
St Pauli,2026-05-03,Mainz 05,home,3-4-2-1,False,24,Connor Metcalfe,SUB,0,747002
St Pauli,2026-05-03,Mainz 05,home,3-4-2-1,False,18,Taichi Hara,SUB,0,747002
St Pauli,2026-05-03,Mainz 05,home,3-4-2-1,False,20,Mathias Rasmussen,SUB,0,747002
Mainz 05,2026-05-03,St Pauli,away,3-5-2,True,33,Daniel Batz,G,1,747002
Mainz 05,2026-05-03,St Pauli,away,3-5-2,True,4,Stefan Posch,CD,5,747002
Mainz 05,2026-05-03,St Pauli,away,3-5-2,True,48,Kacper Potulski,CD-L,4,747002
Mainz 05,2026-05-03,St Pauli,away,3-5-2,True,21,Danny da Costa,CD-R,6,747002
Mainz 05,2026-05-03,St Pauli,away,3-5-2,True,10,Nadiem Amiri,CM-L,8,747002
Mainz 05,2026-05-03,St Pauli,away,3-5-2,True,8,Paul Nebel,CM-R,7,747002
Mainz 05,2026-05-03,St Pauli,away,3-5-2,True,6,Kaishu Sano,AM,11,747002
Mainz 05,2026-05-03,St Pauli,away,3-5-2,True,2,Phillipp Mwene,LM,3,747002
Mainz 05,2026-05-03,St Pauli,away,3-5-2,True,30,Silvan Widmer,RM,2,747002
Mainz 05,2026-05-03,St Pauli,away,3-5-2,True,20,Phillip Tietz,CF-L,9,747002
Mainz 05,2026-05-03,St Pauli,away,3-5-2,True,23,Sheraldo Becker,CF-R,10,747002
Mainz 05,2026-05-03,St Pauli,away,3-5-2,False,22,Nikolas Veratschnig,SUB,0,747002
Mainz 05,2026-05-03,St Pauli,away,3-5-2,False,15,Lennard Maloney,SUB,0,747002
Mainz 05,2026-05-03,St Pauli,away,3-5-2,False,11,Armindo Sieb,SUB,0,747002
Mainz 05,2026-05-03,St Pauli,away,3-5-2,False,24,Sota Kawasaki,SUB,0,747002
Mainz 05,2026-05-03,St Pauli,away,3-5-2,False,27,Robin Zentner,SUB,0,747002
Mainz 05,2026-05-03,St Pauli,away,3-5-2,False,44,Nelson Weiper,SUB,0,747002
Mainz 05,2026-05-03,St Pauli,away,3-5-2,False,16,Stefan Bell,SUB,0,747002
Mainz 05,2026-05-03,St Pauli,away,3-5-2,False,31,Dominik Kohr,SUB,0,747002
Mainz 05,2026-05-03,St Pauli,away,3-5-2,False,19,Anthony Caci,SUB,0,747002
Werder Bremen,2026-05-16,Dortmund,home,4-1-4-1,True,30,Mio Backhaus,G,1,747022
Werder Bremen,2026-05-16,Dortmund,home,4-1-4-1,True,31,Karim Coulibaly,CD-L,6,747022
Werder Bremen,2026-05-16,Dortmund,home,4-1-4-1,True,5,Amos Pieper,CD-R,5,747022
Werder Bremen,2026-05-16,Dortmund,home,4-1-4-1,True,14,Senne Lynen,DM,4,747022
Werder Bremen,2026-05-16,Dortmund,home,4-1-4-1,True,2,Olivier Deman,LB,3,747022
Werder Bremen,2026-05-16,Dortmund,home,4-1-4-1,True,23,Isaac Schmidt,RB,2,747022
Werder Bremen,2026-05-16,Dortmund,home,4-1-4-1,True,18,Cameron Puertas,CM-L,10,747022
Werder Bremen,2026-05-16,Dortmund,home,4-1-4-1,True,6,Jens Stage,CM-R,8,747022
Werder Bremen,2026-05-16,Dortmund,home,4-1-4-1,True,20,Romano Schmid,LM,11,747022
Werder Bremen,2026-05-16,Dortmund,home,4-1-4-1,True,11,Justin Njinmah,RM,7,747022
Werder Bremen,2026-05-16,Dortmund,home,4-1-4-1,True,29,Salim Musah,F,9,747022
Werder Bremen,2026-05-16,Dortmund,home,4-1-4-1,False,27,Felix Agu,SUB,0,747022
Werder Bremen,2026-05-16,Dortmund,home,4-1-4-1,False,17,Marco Grüll,SUB,0,747022
Werder Bremen,2026-05-16,Dortmund,home,4-1-4-1,False,4,Niklas Stark,SUB,0,747022
Werder Bremen,2026-05-16,Dortmund,home,4-1-4-1,False,24,Patrice Covic,SUB,0,747022
Werder Bremen,2026-05-16,Dortmund,home,4-1-4-1,False,7,Samuel Mbangula,SUB,0,747022
Werder Bremen,2026-05-16,Dortmund,home,4-1-4-1,False,10,Leonardo Bittencourt,SUB,0,747022
Werder Bremen,2026-05-16,Dortmund,home,4-1-4-1,False,25,Markus Kolke,SUB,0,747022
Werder Bremen,2026-05-16,Dortmund,home,4-1-4-1,False,19,Jovan Milosevic,SUB,0,747022
Werder Bremen,2026-05-16,Dortmund,home,4-1-4-1,False,32,Marco Friedl,SUB,0,747022
Dortmund,2026-05-16,Werder Bremen,away,3-4-2-1,True,1,Gregor Kobel,G,1,747022
Dortmund,2026-05-16,Werder Bremen,away,3-4-2-1,True,3,Waldemar Anton,CD,5,747022
Dortmund,2026-05-16,Werder Bremen,away,3-4-2-1,True,4,Nico Schlotterbeck,CD-L,4,747022
Dortmund,2026-05-16,Werder Bremen,away,3-4-2-1,True,49,Luca Reggiani,CD-R,6,747022
Dortmund,2026-05-16,Werder Bremen,away,3-4-2-1,True,7,Jobe Bellingham,CM-L,8,747022
Dortmund,2026-05-16,Werder Bremen,away,3-4-2-1,True,8,Felix Nmecha,CM-R,7,747022
Dortmund,2026-05-16,Werder Bremen,away,3-4-2-1,True,24,Daniel Svensson,LM,3,747022
Dortmund,2026-05-16,Werder Bremen,away,3-4-2-1,True,26,Julian Ryerson,RM,2,747022
Dortmund,2026-05-16,Werder Bremen,away,3-4-2-1,True,9,Serhou Guirassy,F,9,747022
Dortmund,2026-05-16,Werder Bremen,away,3-4-2-1,True,40,Samuele Inácio,CF-L,11,747022
Dortmund,2026-05-16,Werder Bremen,away,3-4-2-1,True,14,Maximilian Beier,CF-R,10,747022
Dortmund,2026-05-16,Werder Bremen,away,3-4-2-1,False,17,Carney Chukwuemeka,SUB,0,747022
Dortmund,2026-05-16,Werder Bremen,away,3-4-2-1,False,2,Yan Couto,SUB,0,747022
Dortmund,2026-05-16,Werder Bremen,away,3-4-2-1,False,21,Fábio Silva,SUB,0,747022
Dortmund,2026-05-16,Werder Bremen,away,3-4-2-1,False,6,Salih Özcan,SUB,0,747022
Dortmund,2026-05-16,Werder Bremen,away,3-4-2-1,False,10,Julian Brandt,SUB,0,747022
Dortmund,2026-05-16,Werder Bremen,away,3-4-2-1,False,33,Alexander Meyer,SUB,0,747022
Dortmund,2026-05-16,Werder Bremen,away,3-4-2-1,False,20,Marcel Sabitzer,SUB,0,747022
Dortmund,2026-05-16,Werder Bremen,away,3-4-2-1,False,25,Niklas Süle,SUB,0,747022
Dortmund,2026-05-16,Werder Bremen,away,3-4-2-1,False,27,Karim Adeyemi,SUB,0,747022
Hamburger SV,2026-05-10,Freiburg,home,3-4-2-1,True,1,Daniel Heuer Fernandes,G,1,747010
Hamburger SV,2026-05-10,Freiburg,home,3-4-2-1,True,44,Luka Vuskovic,CD,5,747010
Hamburger SV,2026-05-10,Freiburg,home,3-4-2-1,True,17,Warmed Omari,CD-L,4,747010
Hamburger SV,2026-05-10,Freiburg,home,3-4-2-1,True,24,Nicolás Capaldo,CD-R,6,747010
Hamburger SV,2026-05-10,Freiburg,home,3-4-2-1,True,6,Albert Sambi Lokonga,CM-L,8,747010
Hamburger SV,2026-05-10,Freiburg,home,3-4-2-1,True,21,Nicolai Remberg,CM-R,7,747010
Hamburger SV,2026-05-10,Freiburg,home,3-4-2-1,True,23,Albert Grønbaek,LM,3,747010
Hamburger SV,2026-05-10,Freiburg,home,3-4-2-1,True,18,Bakery Jatta,RM,2,747010
Hamburger SV,2026-05-10,Freiburg,home,3-4-2-1,True,49,Otto Stange,F,9,747010
Hamburger SV,2026-05-10,Freiburg,home,3-4-2-1,True,11,Ransford-Yeboah Königsdörffer,CF-L,11,747010
Hamburger SV,2026-05-10,Freiburg,home,3-4-2-1,True,20,Fabio Vieira,CF-R,10,747010
Hamburger SV,2026-05-10,Freiburg,home,3-4-2-1,False,15,Yussuf Poulsen,SUB,0,747010
Hamburger SV,2026-05-10,Freiburg,home,3-4-2-1,False,45,Fabio Baldé,SUB,0,747010
Hamburger SV,2026-05-10,Freiburg,home,3-4-2-1,False,14,Rayan Philippe,SUB,0,747010
Hamburger SV,2026-05-10,Freiburg,home,3-4-2-1,False,12,Sander Tangvik,SUB,0,747010
Hamburger SV,2026-05-10,Freiburg,home,3-4-2-1,False,37,Louis Lemke,SUB,0,747010
Hamburger SV,2026-05-10,Freiburg,home,3-4-2-1,False,8,Daniel Elfadli,SUB,0,747010
Hamburger SV,2026-05-10,Freiburg,home,3-4-2-1,False,43,Shafiq Nandja,SUB,0,747010
Hamburger SV,2026-05-10,Freiburg,home,3-4-2-1,False,27,Philip Otele,SUB,0,747010
Hamburger SV,2026-05-10,Freiburg,home,3-4-2-1,False,25,Jordan Torunarigha,SUB,0,747010
Freiburg,2026-05-10,Hamburger SV,away,4-2-3-1,True,1,Noah Atubolu,G,1,747010
Freiburg,2026-05-10,Hamburger SV,away,4-2-3-1,True,43,Ifechukwu Ogbus,CD-L,6,747010
Freiburg,2026-05-10,Hamburger SV,away,4-2-3-1,True,28,Matthias Ginter,CD-R,5,747010
Freiburg,2026-05-10,Hamburger SV,away,4-2-3-1,True,29,Philipp Treu,LB,3,747010
Freiburg,2026-05-10,Hamburger SV,away,4-2-3-1,True,17,Lukas Kübler,RB,2,747010
Freiburg,2026-05-10,Hamburger SV,away,4-2-3-1,True,9,Lucas Höler,AM,10,747010
Freiburg,2026-05-10,Hamburger SV,away,4-2-3-1,True,44,Johan Manzambi,LM,4,747010
Freiburg,2026-05-10,Hamburger SV,away,4-2-3-1,True,8,Maximilian Eggestein,RM,8,747010
Freiburg,2026-05-10,Hamburger SV,away,4-2-3-1,True,31,Igor Matanovic,F,9,747010
Freiburg,2026-05-10,Hamburger SV,away,4-2-3-1,True,32,Vincenzo Grifo,AM-L,11,747010
Freiburg,2026-05-10,Hamburger SV,away,4-2-3-1,True,19,Niklas Beste,AM-R,7,747010
Freiburg,2026-05-10,Hamburger SV,away,4-2-3-1,False,5,Anthony Jung,SUB,0,747010
Freiburg,2026-05-10,Hamburger SV,away,4-2-3-1,False,7,Derry Scherhant,SUB,0,747010
Freiburg,2026-05-10,Hamburger SV,away,4-2-3-1,False,3,Philipp Lienhart,SUB,0,747010
Freiburg,2026-05-10,Hamburger SV,away,4-2-3-1,False,30,Christian Günter,SUB,0,747010
Freiburg,2026-05-10,Hamburger SV,away,4-2-3-1,False,33,Jordy Makengo,SUB,0,747010
Freiburg,2026-05-10,Hamburger SV,away,4-2-3-1,False,26,Maximilian Philipp,SUB,0,747010
Freiburg,2026-05-10,Hamburger SV,away,4-2-3-1,False,27,Nicolas Höfler,SUB,0,747010
Freiburg,2026-05-10,Hamburger SV,away,4-2-3-1,False,22,Cyriaque Irié,SUB,0,747010
Freiburg,2026-05-10,Hamburger SV,away,4-2-3-1,False,21,Florian Müller,SUB,0,747010
Freiburg,2026-05-16,RB Leipzig,home,4-2-3-1,True,1,Noah Atubolu,G,1,747019
Freiburg,2026-05-16,RB Leipzig,home,4-2-3-1,True,3,Philipp Lienhart,CD-L,6,747019
Freiburg,2026-05-16,RB Leipzig,home,4-2-3-1,True,28,Matthias Ginter,CD-R,5,747019
Freiburg,2026-05-16,RB Leipzig,home,4-2-3-1,True,33,Jordy Makengo,LB,3,747019
Freiburg,2026-05-16,RB Leipzig,home,4-2-3-1,True,29,Philipp Treu,RB,2,747019
Freiburg,2026-05-16,RB Leipzig,home,4-2-3-1,True,44,Johan Manzambi,AM,10,747019
Freiburg,2026-05-16,RB Leipzig,home,4-2-3-1,True,27,Nicolas Höfler,LM,4,747019
Freiburg,2026-05-16,RB Leipzig,home,4-2-3-1,True,8,Maximilian Eggestein,RM,8,747019
Freiburg,2026-05-16,RB Leipzig,home,4-2-3-1,True,31,Igor Matanovic,F,9,747019
Freiburg,2026-05-16,RB Leipzig,home,4-2-3-1,True,7,Derry Scherhant,AM-L,11,747019
Freiburg,2026-05-16,RB Leipzig,home,4-2-3-1,True,19,Niklas Beste,AM-R,7,747019
Freiburg,2026-05-16,RB Leipzig,home,4-2-3-1,False,32,Vincenzo Grifo,SUB,0,747019
Freiburg,2026-05-16,RB Leipzig,home,4-2-3-1,False,22,Cyriaque Irié,SUB,0,747019
Freiburg,2026-05-16,RB Leipzig,home,4-2-3-1,False,9,Lucas Höler,SUB,0,747019
Freiburg,2026-05-16,RB Leipzig,home,4-2-3-1,False,26,Maximilian Philipp,SUB,0,747019
Freiburg,2026-05-16,RB Leipzig,home,4-2-3-1,False,43,Ifechukwu Ogbus,SUB,0,747019
Freiburg,2026-05-16,RB Leipzig,home,4-2-3-1,False,17,Lukas Kübler,SUB,0,747019
Freiburg,2026-05-16,RB Leipzig,home,4-2-3-1,False,30,Christian Günter,SUB,0,747019
Freiburg,2026-05-16,RB Leipzig,home,4-2-3-1,False,5,Anthony Jung,SUB,0,747019
Freiburg,2026-05-16,RB Leipzig,home,4-2-3-1,False,21,Florian Müller,SUB,0,747019
RB Leipzig,2026-05-16,Freiburg,away,4-3-3,True,1,Péter Gulácsi,G,1,747019
RB Leipzig,2026-05-16,Freiburg,away,4-3-3,True,23,Castello Lukeba,CD-L,6,747019
RB Leipzig,2026-05-16,Freiburg,away,4-3-3,True,4,Willi Orbán,CD-R,5,747019
RB Leipzig,2026-05-16,Freiburg,away,4-3-3,True,35,Max Finkgrafe,LB,3,747019
RB Leipzig,2026-05-16,Freiburg,away,4-3-3,True,39,Benjamin Henrichs,RB,2,747019
RB Leipzig,2026-05-16,Freiburg,away,4-3-3,True,13,Nicolas Seiwald,CM,4,747019
RB Leipzig,2026-05-16,Freiburg,away,4-3-3,True,14,Christoph Baumgartner,LM,8,747019
RB Leipzig,2026-05-16,Freiburg,away,4-3-3,True,20,Assan Ouédraogo,RM,7,747019
RB Leipzig,2026-05-16,Freiburg,away,4-3-3,True,11,Conrad Harder,F,9,747019
RB Leipzig,2026-05-16,Freiburg,away,4-3-3,True,49,Yan Diomande,LF,11,747019
RB Leipzig,2026-05-16,Freiburg,away,4-3-3,True,10,Brajan Gruda,RF,10,747019
RB Leipzig,2026-05-16,Freiburg,away,4-3-3,False,5,El Chadaille Bitshiabu,SUB,0,747019
RB Leipzig,2026-05-16,Freiburg,away,4-3-3,False,9,Johan Bakayoko,SUB,0,747019
RB Leipzig,2026-05-16,Freiburg,away,4-3-3,False,26,Maarten Vandevoordt,SUB,0,747019
RB Leipzig,2026-05-16,Freiburg,away,4-3-3,False,7,Antonio Nusa,SUB,0,747019
RB Leipzig,2026-05-16,Freiburg,away,4-3-3,False,24,Xaver Schlager,SUB,0,747019
RB Leipzig,2026-05-16,Freiburg,away,4-3-3,False,6,Ezechiel Banzuzi,SUB,0,747019
RB Leipzig,2026-05-16,Freiburg,away,4-3-3,False,40,Rômulo,SUB,0,747019
RB Leipzig,2026-05-16,Freiburg,away,4-3-3,False,27,Tidiam Gomis,SUB,0,747019
RB Leipzig,2026-05-16,Freiburg,away,4-3-3,False,17,Ridle Baku,SUB,0,747019
Mainz 05,2026-05-10,Union Berlin,home,3-5-2,True,27,Robin Zentner,G,1,747007
Mainz 05,2026-05-10,Union Berlin,home,3-5-2,True,4,Stefan Posch,CD,5,747007
Mainz 05,2026-05-10,Union Berlin,home,3-5-2,True,31,Dominik Kohr,CD-L,4,747007
Mainz 05,2026-05-10,Union Berlin,home,3-5-2,True,21,Danny da Costa,CD-R,6,747007
Mainz 05,2026-05-10,Union Berlin,home,3-5-2,True,10,Nadiem Amiri,CM-L,8,747007
Mainz 05,2026-05-10,Union Berlin,home,3-5-2,True,8,Paul Nebel,CM-R,7,747007
Mainz 05,2026-05-10,Union Berlin,home,3-5-2,True,6,Kaishu Sano,AM,11,747007
Mainz 05,2026-05-10,Union Berlin,home,3-5-2,True,2,Phillipp Mwene,LM,3,747007
Mainz 05,2026-05-10,Union Berlin,home,3-5-2,True,19,Anthony Caci,RM,2,747007
Mainz 05,2026-05-10,Union Berlin,home,3-5-2,True,23,Sheraldo Becker,CF-L,9,747007
Mainz 05,2026-05-10,Union Berlin,home,3-5-2,True,20,Phillip Tietz,CF-R,10,747007
Mainz 05,2026-05-10,Union Berlin,home,3-5-2,False,24,Sota Kawasaki,SUB,0,747007
Mainz 05,2026-05-10,Union Berlin,home,3-5-2,False,15,Lennard Maloney,SUB,0,747007
Mainz 05,2026-05-10,Union Berlin,home,3-5-2,False,33,Daniel Batz,SUB,0,747007
Mainz 05,2026-05-10,Union Berlin,home,3-5-2,False,7,Lee Jae-Sung,SUB,0,747007
Mainz 05,2026-05-10,Union Berlin,home,3-5-2,False,30,Silvan Widmer,SUB,0,747007
Mainz 05,2026-05-10,Union Berlin,home,3-5-2,False,48,Kacper Potulski,SUB,0,747007
Mainz 05,2026-05-10,Union Berlin,home,3-5-2,False,11,Armindo Sieb,SUB,0,747007
Mainz 05,2026-05-10,Union Berlin,home,3-5-2,False,44,Nelson Weiper,SUB,0,747007
Mainz 05,2026-05-10,Union Berlin,home,3-5-2,False,22,Nikolas Veratschnig,SUB,0,747007
Union Berlin,2026-05-10,Mainz 05,away,4-2-3-1,True,25,Carl Klaus,G,1,747007
Union Berlin,2026-05-10,Mainz 05,away,4-2-3-1,True,4,Diogo Leite,CD-L,6,747007
Union Berlin,2026-05-10,Mainz 05,away,4-2-3-1,True,5,Danilho Doekhi,CD-R,5,747007
Union Berlin,2026-05-10,Mainz 05,away,4-2-3-1,True,15,Tom Rothe,LB,3,747007
Union Berlin,2026-05-10,Mainz 05,away,4-2-3-1,True,28,Christopher Trimmel,RB,2,747007
Union Berlin,2026-05-10,Mainz 05,away,4-2-3-1,True,10,Ilyas Ansah,AM,10,747007
Union Berlin,2026-05-10,Mainz 05,away,4-2-3-1,True,6,Aljoscha Kemlein,LM,4,747007
Union Berlin,2026-05-10,Mainz 05,away,4-2-3-1,True,8,Rani Khedira,RM,8,747007
Union Berlin,2026-05-10,Mainz 05,away,4-2-3-1,True,23,Andrej Ilic,F,9,747007
Union Berlin,2026-05-10,Mainz 05,away,4-2-3-1,True,9,Livan Burcu,AM-L,11,747007
Union Berlin,2026-05-10,Mainz 05,away,4-2-3-1,True,7,Oliver Burke,AM-R,7,747007
Union Berlin,2026-05-10,Mainz 05,away,4-2-3-1,False,39,Derrick Köhn,SUB,0,747007
Union Berlin,2026-05-10,Mainz 05,away,4-2-3-1,False,34,Stanley N'Soki,SUB,0,747007
Union Berlin,2026-05-10,Mainz 05,away,4-2-3-1,False,33,Alex Král,SUB,0,747007
Union Berlin,2026-05-10,Mainz 05,away,4-2-3-1,False,13,András Schäfer,SUB,0,747007
Union Berlin,2026-05-10,Mainz 05,away,4-2-3-1,False,14,Leopold Querfeld,SUB,0,747007
Union Berlin,2026-05-10,Mainz 05,away,4-2-3-1,False,21,Tim Skarke,SUB,0,747007
Union Berlin,2026-05-10,Mainz 05,away,4-2-3-1,False,11,Jeong Woo-Yeong,SUB,0,747007
Union Berlin,2026-05-10,Mainz 05,away,4-2-3-1,False,48,Tom Wisbereit,SUB,0,747007
Union Berlin,2026-05-10,Mainz 05,away,4-2-3-1,False,18,Josip Juranovic,SUB,0,747007
Union Berlin,2026-05-16,Augsburg,home,4-2-3-1,True,25,Carl Klaus,G,1,747016
Union Berlin,2026-05-16,Augsburg,home,4-2-3-1,True,4,Diogo Leite,CD-L,6,747016
Union Berlin,2026-05-16,Augsburg,home,4-2-3-1,True,5,Danilho Doekhi,CD-R,5,747016
Union Berlin,2026-05-16,Augsburg,home,4-2-3-1,True,15,Tom Rothe,LB,3,747016
Union Berlin,2026-05-16,Augsburg,home,4-2-3-1,True,28,Christopher Trimmel,RB,2,747016
Union Berlin,2026-05-16,Augsburg,home,4-2-3-1,True,10,Ilyas Ansah,AM,10,747016
Union Berlin,2026-05-16,Augsburg,home,4-2-3-1,True,6,Aljoscha Kemlein,LM,4,747016
Union Berlin,2026-05-16,Augsburg,home,4-2-3-1,True,13,András Schäfer,RM,8,747016
Union Berlin,2026-05-16,Augsburg,home,4-2-3-1,True,23,Andrej Ilic,F,9,747016
Union Berlin,2026-05-16,Augsburg,home,4-2-3-1,True,9,Livan Burcu,AM-L,11,747016
Union Berlin,2026-05-16,Augsburg,home,4-2-3-1,True,7,Oliver Burke,AM-R,7,747016
Union Berlin,2026-05-16,Augsburg,home,4-2-3-1,False,14,Leopold Querfeld,SUB,0,747016
Union Berlin,2026-05-16,Augsburg,home,4-2-3-1,False,18,Josip Juranovic,SUB,0,747016
Union Berlin,2026-05-16,Augsburg,home,4-2-3-1,False,33,Alex Král,SUB,0,747016
Union Berlin,2026-05-16,Augsburg,home,4-2-3-1,False,19,Janik Haberer,SUB,0,747016
Union Berlin,2026-05-16,Augsburg,home,4-2-3-1,False,30,Dmytro Bohdanov,SUB,0,747016
Union Berlin,2026-05-16,Augsburg,home,4-2-3-1,False,24,Robert Skov,SUB,0,747016
Union Berlin,2026-05-16,Augsburg,home,4-2-3-1,False,48,Tom Wisbereit,SUB,0,747016
Union Berlin,2026-05-16,Augsburg,home,4-2-3-1,False,11,Jeong Woo-Yeong,SUB,0,747016
Union Berlin,2026-05-16,Augsburg,home,4-2-3-1,False,21,Tim Skarke,SUB,0,747016
Augsburg,2026-05-16,Union Berlin,away,3-4-2-1,True,1,Finn Dahmen,G,1,747016
Augsburg,2026-05-16,Union Berlin,away,3-4-2-1,True,6,Jeffrey Gouweleeuw,CD,5,747016
Augsburg,2026-05-16,Union Berlin,away,3-4-2-1,True,16,Cédric Zesiger,CD-L,4,747016
Augsburg,2026-05-16,Union Berlin,away,3-4-2-1,True,5,Chrislain Matsima,CD-R,6,747016
Augsburg,2026-05-16,Union Berlin,away,3-4-2-1,True,32,Fabian Rieder,CM-L,8,747016
Augsburg,2026-05-16,Union Berlin,away,3-4-2-1,True,14,Yannik Keitel,CM-R,7,747016
Augsburg,2026-05-16,Union Berlin,away,3-4-2-1,True,19,Robin Fellhauer,LM,3,747016
Augsburg,2026-05-16,Union Berlin,away,3-4-2-1,True,27,Marius Wolf,RM,2,747016
Augsburg,2026-05-16,Union Berlin,away,3-4-2-1,True,38,Michael Gregoritsch,F,9,747016
Augsburg,2026-05-16,Union Berlin,away,3-4-2-1,True,36,Mert Kömür,CF-L,11,747016
Augsburg,2026-05-16,Union Berlin,away,3-4-2-1,True,30,Anton Kade,CF-R,10,747016
Augsburg,2026-05-16,Union Berlin,away,3-4-2-1,False,40,Noahkai Banks,SUB,0,747016
Augsburg,2026-05-16,Union Berlin,away,3-4-2-1,False,39,Uchenna Ogundu,SUB,0,747016
Augsburg,2026-05-16,Union Berlin,away,3-4-2-1,False,21,Rodrigo Ribeiro,SUB,0,747016
Augsburg,2026-05-16,Union Berlin,away,3-4-2-1,False,3,Mads Pedersen,SUB,0,747016
Augsburg,2026-05-16,Union Berlin,away,3-4-2-1,False,25,Daniel Klein,SUB,0,747016
Augsburg,2026-05-16,Union Berlin,away,3-4-2-1,False,4,Han-Noah Massengo,SUB,0,747016
Augsburg,2026-05-16,Union Berlin,away,3-4-2-1,False,31,Keven Schlotterbeck,SUB,0,747016
Augsburg,2026-05-16,Union Berlin,away,3-4-2-1,False,22,Nediljko Labrovic,SUB,0,747016
Stuttgart,2026-05-09,Leverkusen,home,3-4-1-2,True,33,Alexander Nübel,G,1,747013
Stuttgart,2026-05-09,Leverkusen,home,3-4-1-2,True,24,Jeff Chabot,CD,5,747013
Stuttgart,2026-05-09,Leverkusen,home,3-4-1-2,True,7,Maximilian Mittelstädt,CD-L,4,747013
Stuttgart,2026-05-09,Leverkusen,home,3-4-1-2,True,3,Ramon Hendriks,CD-R,6,747013
Stuttgart,2026-05-09,Leverkusen,home,3-4-1-2,True,6,Angelo Stiller,CM-L,8,747013
Stuttgart,2026-05-09,Leverkusen,home,3-4-1-2,True,30,Chema Andrés,CM-R,7,747013
Stuttgart,2026-05-09,Leverkusen,home,3-4-1-2,True,28,Nikolas Nartey,AM,9,747013
Stuttgart,2026-05-09,Leverkusen,home,3-4-1-2,True,10,Chris Führich,LM,3,747013
Stuttgart,2026-05-09,Leverkusen,home,3-4-1-2,True,18,Jamie Leweling,RM,2,747013
Stuttgart,2026-05-09,Leverkusen,home,3-4-1-2,True,26,Deniz Undav,CF-L,11,747013
Stuttgart,2026-05-09,Leverkusen,home,3-4-1-2,True,9,Ermedin Demirovic,CF-R,10,747013
Stuttgart,2026-05-09,Leverkusen,home,3-4-1-2,False,23,Dan-Axel Zagadou,SUB,0,747013
Stuttgart,2026-05-09,Leverkusen,home,3-4-1-2,False,11,Bilal El Khannouss,SUB,0,747013
Stuttgart,2026-05-09,Leverkusen,home,3-4-1-2,False,1,Fabian Bredlow,SUB,0,747013
Stuttgart,2026-05-09,Leverkusen,home,3-4-1-2,False,14,Luca Jaquez,SUB,0,747013
Stuttgart,2026-05-09,Leverkusen,home,3-4-1-2,False,27,Badredine Bouanani,SUB,0,747013
Stuttgart,2026-05-09,Leverkusen,home,3-4-1-2,False,15,Pascal Stenzel,SUB,0,747013
Stuttgart,2026-05-09,Leverkusen,home,3-4-1-2,False,8,Tiago Tomás,SUB,0,747013
Stuttgart,2026-05-09,Leverkusen,home,3-4-1-2,False,4,Josha Vagnoman,SUB,0,747013
Stuttgart,2026-05-09,Leverkusen,home,3-4-1-2,False,22,Lorenz Assignon,SUB,0,747013
Leverkusen,2026-05-09,Stuttgart,away,3-4-2-1,True,1,Mark Flekken,G,1,747013
Leverkusen,2026-05-09,Stuttgart,away,3-4-2-1,True,8,Robert Andrich,CD,5,747013
Leverkusen,2026-05-09,Stuttgart,away,3-4-2-1,True,12,Edmond Tapsoba,CD-L,4,747013
Leverkusen,2026-05-09,Stuttgart,away,3-4-2-1,True,4,Jarell Quansah,CD-R,6,747013
Leverkusen,2026-05-09,Stuttgart,away,3-4-2-1,True,25,Exequiel Palacios,CM-L,8,747013
Leverkusen,2026-05-09,Stuttgart,away,3-4-2-1,True,24,Aleix García,CM-R,7,747013
Leverkusen,2026-05-09,Stuttgart,away,3-4-2-1,True,20,Alejandro Grimaldo,LM,3,747013
Leverkusen,2026-05-09,Stuttgart,away,3-4-2-1,True,42,Montrell Culbreath,RM,2,747013
Leverkusen,2026-05-09,Stuttgart,away,3-4-2-1,True,35,Christian Kofane,F,9,747013
Leverkusen,2026-05-09,Stuttgart,away,3-4-2-1,True,30,Ibrahim Maza,CF-L,11,747013
Leverkusen,2026-05-09,Stuttgart,away,3-4-2-1,True,14,Patrik Schick,CF-R,10,747013
Leverkusen,2026-05-09,Stuttgart,away,3-4-2-1,False,6,Ezequiel Fernández,SUB,0,747013
Leverkusen,2026-05-09,Stuttgart,away,3-4-2-1,False,21,Lucas Vázquez,SUB,0,747013
Leverkusen,2026-05-09,Stuttgart,away,3-4-2-1,False,13,Arthur,SUB,0,747013
Leverkusen,2026-05-09,Stuttgart,away,3-4-2-1,False,10,Malik Tillman,SUB,0,747013
Leverkusen,2026-05-09,Stuttgart,away,3-4-2-1,False,5,Loïc Badé,SUB,0,747013
Leverkusen,2026-05-09,Stuttgart,away,3-4-2-1,False,28,Janis Blaswich,SUB,0,747013
Leverkusen,2026-05-09,Stuttgart,away,3-4-2-1,False,17,Eliesse Ben Seghir,SUB,0,747013
Leverkusen,2026-05-09,Stuttgart,away,3-4-2-1,False,7,Jonas Hofmann,SUB,0,747013
Leverkusen,2026-05-09,Stuttgart,away,3-4-2-1,False,19,Ernest Poku,SUB,0,747013
Wolfsburg,2026-05-09,Bayern Munich,home,3-5-2,True,1,Kamil Grabara,G,1,747014
Wolfsburg,2026-05-09,Bayern Munich,home,3-5-2,True,3,Denis Vavro,CD,5,747014
Wolfsburg,2026-05-09,Bayern Munich,home,3-5-2,True,4,Konstantinos Koulierakis,CD-L,4,747014
Wolfsburg,2026-05-09,Bayern Munich,home,3-5-2,True,6,Jeanuël Belocian,CD-R,6,747014
Wolfsburg,2026-05-09,Bayern Munich,home,3-5-2,True,24,Christian Eriksen,CM-L,8,747014
Wolfsburg,2026-05-09,Bayern Munich,home,3-5-2,True,39,Patrick Wimmer,CM-R,7,747014
Wolfsburg,2026-05-09,Bayern Munich,home,3-5-2,True,5,Vinicius Souza,AM,11,747014
Wolfsburg,2026-05-09,Bayern Munich,home,3-5-2,True,21,Joakim Maehle,LM,3,747014
Wolfsburg,2026-05-09,Bayern Munich,home,3-5-2,True,26,Saël Kumbedi,RM,2,747014
Wolfsburg,2026-05-09,Bayern Munich,home,3-5-2,True,17,Dzenan Pejcinovic,CF-L,9,747014
Wolfsburg,2026-05-09,Bayern Munich,home,3-5-2,True,11,Adam Daghim,CF-R,10,747014
Wolfsburg,2026-05-09,Bayern Munich,home,3-5-2,False,18,Jonas Adjetey,SUB,0,747014
Wolfsburg,2026-05-09,Bayern Munich,home,3-5-2,False,15,Moritz Jenz,SUB,0,747014
Wolfsburg,2026-05-09,Bayern Munich,home,3-5-2,False,12,Pavao Pervan,SUB,0,747014
Wolfsburg,2026-05-09,Bayern Munich,home,3-5-2,False,31,Yannick Gerhardt,SUB,0,747014
Wolfsburg,2026-05-09,Bayern Munich,home,3-5-2,False,7,Kento Shiogai,SUB,0,747014
Wolfsburg,2026-05-09,Bayern Munich,home,3-5-2,False,25,Aaron Zehnter,SUB,0,747014
Wolfsburg,2026-05-09,Bayern Munich,home,3-5-2,False,32,Mattias Svanberg,SUB,0,747014
Wolfsburg,2026-05-09,Bayern Munich,home,3-5-2,False,19,Jesper Lindstrom,SUB,0,747014
Wolfsburg,2026-05-09,Bayern Munich,home,3-5-2,False,10,Lovro Majer,SUB,0,747014
Bayern Munich,2026-05-09,Wolfsburg,away,4-2-3-1,True,40,Jonas Urbig,G,1,747014
Bayern Munich,2026-05-09,Wolfsburg,away,4-2-3-1,True,21,Hiroki Ito,CD-L,6,747014
Bayern Munich,2026-05-09,Wolfsburg,away,4-2-3-1,True,3,Kim Min-Jae,CD-R,5,747014
Bayern Munich,2026-05-09,Wolfsburg,away,4-2-3-1,True,20,Tom Bischof,LB,3,747014
Bayern Munich,2026-05-09,Wolfsburg,away,4-2-3-1,True,44,Josip Stanisic,RB,2,747014
Bayern Munich,2026-05-09,Wolfsburg,away,4-2-3-1,True,10,Jamal Musiala,AM,10,747014
Bayern Munich,2026-05-09,Wolfsburg,away,4-2-3-1,True,8,Leon Goretzka,LM,4,747014
Bayern Munich,2026-05-09,Wolfsburg,away,4-2-3-1,True,6,Joshua Kimmich,RM,8,747014
Bayern Munich,2026-05-09,Wolfsburg,away,4-2-3-1,True,9,Harry Kane,F,9,747014
Bayern Munich,2026-05-09,Wolfsburg,away,4-2-3-1,True,11,Nicolas Jackson,AM-L,11,747014
Bayern Munich,2026-05-09,Wolfsburg,away,4-2-3-1,True,17,Michael Olise,AM-R,7,747014
Bayern Munich,2026-05-09,Wolfsburg,away,4-2-3-1,False,39,Bara Sapoko Ndiaye,SUB,0,747014
Bayern Munich,2026-05-09,Wolfsburg,away,4-2-3-1,False,14,Luis Díaz,SUB,0,747014
Bayern Munich,2026-05-09,Wolfsburg,away,4-2-3-1,False,4,Jonathan Tah,SUB,0,747014
Bayern Munich,2026-05-09,Wolfsburg,away,4-2-3-1,False,42,Lennart Karl,SUB,0,747014
Bayern Munich,2026-05-09,Wolfsburg,away,4-2-3-1,False,1,Manuel Neuer,SUB,0,747014
Bayern Munich,2026-05-09,Wolfsburg,away,4-2-3-1,False,22,Raphaël Guerreiro,SUB,0,747014
Bayern Munich,2026-05-09,Wolfsburg,away,4-2-3-1,False,45,Aleksandar Pavlovic,SUB,0,747014
Bayern Munich,2026-05-09,Wolfsburg,away,4-2-3-1,False,2,Dayot Upamecano,SUB,0,747014
Bayern Munich,2026-05-09,Wolfsburg,away,4-2-3-1,False,27,Konrad Laimer,SUB,0,747014
Heidenheim,2026-05-16,Mainz 05,home,4-4-1-1,True,40,Frank Feller,G,1,747015
Heidenheim,2026-05-16,Mainz 05,home,4-4-1-1,True,19,Jonas Föhrenbach,CD-L,6,747015
Heidenheim,2026-05-16,Mainz 05,home,4-4-1-1,True,6,Patrick Mainka,CD-R,5,747015
Heidenheim,2026-05-16,Mainz 05,home,4-4-1-1,True,26,Hennes Behrens,LB,3,747015
Heidenheim,2026-05-16,Mainz 05,home,4-4-1-1,True,2,Marnon Busch,RB,2,747015
Heidenheim,2026-05-16,Mainz 05,home,4-4-1-1,True,30,Niklas Dorsch,CM-L,8,747015
Heidenheim,2026-05-16,Mainz 05,home,4-4-1-1,True,3,Jan Schöppner,CM-R,4,747015
Heidenheim,2026-05-16,Mainz 05,home,4-4-1-1,True,22,Arijon Ibrahimovic,LM,11,747015
Heidenheim,2026-05-16,Mainz 05,home,4-4-1-1,True,8,Eren Dinkci,RM,7,747015
Heidenheim,2026-05-16,Mainz 05,home,4-4-1-1,True,11,Budu Zivzivadze,F,9,747015
Heidenheim,2026-05-16,Mainz 05,home,4-4-1-1,True,18,Marvin Pieringer,RCF,10,747015
Heidenheim,2026-05-16,Mainz 05,home,4-4-1-1,False,41,Diant Ramaj,SUB,0,747015
Heidenheim,2026-05-16,Mainz 05,home,4-4-1-1,False,21,Adrian Beck,SUB,0,747015
Heidenheim,2026-05-16,Mainz 05,home,4-4-1-1,False,16,Julian Niehues,SUB,0,747015
Heidenheim,2026-05-16,Mainz 05,home,4-4-1-1,False,4,Tim Siersleben,SUB,0,747015
Heidenheim,2026-05-16,Mainz 05,home,4-4-1-1,False,17,Mathias Honsak,SUB,0,747015
Heidenheim,2026-05-16,Mainz 05,home,4-4-1-1,False,10,Christian Conteh,SUB,0,747015
Heidenheim,2026-05-16,Mainz 05,home,4-4-1-1,False,20,Luca Kerber,SUB,0,747015
Heidenheim,2026-05-16,Mainz 05,home,4-4-1-1,False,23,Omar-Haktab Traoré,SUB,0,747015
Heidenheim,2026-05-16,Mainz 05,home,4-4-1-1,False,9,Stefan Schimmer,SUB,0,747015
Mainz 05,2026-05-16,Heidenheim,away,3-5-2,True,33,Daniel Batz,G,1,747015
Mainz 05,2026-05-16,Heidenheim,away,3-5-2,True,4,Stefan Posch,CD,5,747015
Mainz 05,2026-05-16,Heidenheim,away,3-5-2,True,48,Kacper Potulski,CD-L,4,747015
Mainz 05,2026-05-16,Heidenheim,away,3-5-2,True,31,Dominik Kohr,CD-R,6,747015
Mainz 05,2026-05-16,Heidenheim,away,3-5-2,True,10,Nadiem Amiri,CM-L,8,747015
Mainz 05,2026-05-16,Heidenheim,away,3-5-2,True,8,Paul Nebel,CM-R,7,747015
Mainz 05,2026-05-16,Heidenheim,away,3-5-2,True,6,Kaishu Sano,AM,11,747015
Mainz 05,2026-05-16,Heidenheim,away,3-5-2,True,2,Phillipp Mwene,LM,3,747015
Mainz 05,2026-05-16,Heidenheim,away,3-5-2,True,30,Silvan Widmer,RM,2,747015
Mainz 05,2026-05-16,Heidenheim,away,3-5-2,True,23,Sheraldo Becker,CF-L,9,747015
Mainz 05,2026-05-16,Heidenheim,away,3-5-2,True,20,Phillip Tietz,CF-R,10,747015
Mainz 05,2026-05-16,Heidenheim,away,3-5-2,False,21,Danny da Costa,SUB,0,747015
Mainz 05,2026-05-16,Heidenheim,away,3-5-2,False,24,Sota Kawasaki,SUB,0,747015
Mainz 05,2026-05-16,Heidenheim,away,3-5-2,False,44,Nelson Weiper,SUB,0,747015
Mainz 05,2026-05-16,Heidenheim,away,3-5-2,False,22,Nikolas Veratschnig,SUB,0,747015
Mainz 05,2026-05-16,Heidenheim,away,3-5-2,False,19,Anthony Caci,SUB,0,747015
Mainz 05,2026-05-16,Heidenheim,away,3-5-2,False,7,Lee Jae-Sung,SUB,0,747015
Mainz 05,2026-05-16,Heidenheim,away,3-5-2,False,27,Robin Zentner,SUB,0,747015
Mainz 05,2026-05-16,Heidenheim,away,3-5-2,False,11,Armindo Sieb,SUB,0,747015
Mainz 05,2026-05-16,Heidenheim,away,3-5-2,False,15,Lennard Maloney,SUB,0,747015
