squad,date,opponent,home_away,formation,starter,jersey,player,espn_pos,formation_place,event_id
Lens,2025-08-16,Lyon,home,3-4-2-1,True,40,Robin Risser,G,1,746415
Lens,2025-08-16,Lyon,home,3-4-2-1,True,20,Malang Sarr,CD,5,746415
Lens,2025-08-16,Lyon,home,3-4-2-1,True,14,Matthieu Udol,CD-L,4,746415
Lens,2025-08-16,Lyon,home,3-4-2-1,True,6,Samson Baidoo,CD-R,6,746415
Lens,2025-08-16,Lyon,home,3-4-2-1,True,18,Andy Diouf,CM-L,8,746415
Lens,2025-08-16,Lyon,home,3-4-2-1,True,28,Adrien Thomasson,CM-R,7,746415
Lens,2025-08-16,Lyon,home,3-4-2-1,True,3,Deiver Machado,LM,3,746415
Lens,2025-08-16,Lyon,home,3-4-2-1,True,2,Ruben Aguilar,RM,2,746415
Lens,2025-08-16,Lyon,home,3-4-2-1,True,38,Rayan Fofana,F,9,746415
Lens,2025-08-16,Lyon,home,3-4-2-1,True,29,Morgan Guilavogui,CF-L,11,746415
Lens,2025-08-16,Lyon,home,3-4-2-1,True,22,Wesley Saïd,CF-R,10,746415
Lens,2025-08-16,Lyon,home,3-4-2-1,False,37,Pierre Ganiou,SUB,0,746415
Lens,2025-08-16,Lyon,home,3-4-2-1,False,35,Anthony Bermont,SUB,0,746415
Lens,2025-08-16,Lyon,home,3-4-2-1,False,15,Hamzat Ojediran,SUB,0,746415
Lens,2025-08-16,Lyon,home,3-4-2-1,False,1,Régis Gurtner,SUB,0,746415
Lens,2025-08-16,Lyon,home,3-4-2-1,False,10,Florian Thauvin,SUB,0,746415
Lens,2025-08-16,Lyon,home,3-4-2-1,False,7,Florian Sotoca,SUB,0,746415
Lens,2025-08-16,Lyon,home,3-4-2-1,False,23,Saud Abdulhamid,SUB,0,746415
Lens,2025-08-16,Lyon,home,3-4-2-1,False,5,Andrija Bulatovic,SUB,0,746415
Lens,2025-08-16,Lyon,home,3-4-2-1,False,33,Fode Sylla,SUB,0,746415
Lyon,2025-08-16,Lens,away,4-2-3-1,True,40,Rémy Descamps,G,1,746415
Lyon,2025-08-16,Lens,away,4-2-3-1,True,19,Moussa Niakhaté,CD-L,6,746415
Lyon,2025-08-16,Lens,away,4-2-3-1,True,22,Clinton Mata,CD-R,5,746415
Lyon,2025-08-16,Lens,away,4-2-3-1,True,16,Abner,LB,3,746415
Lyon,2025-08-16,Lens,away,4-2-3-1,True,20,Saël Kumbedi,RB,2,746415
Lyon,2025-08-16,Lens,away,4-2-3-1,True,8,Corentin Tolisso,AM,10,746415
Lyon,2025-08-16,Lens,away,4-2-3-1,True,6,Tanner Tessmann,LM,4,746415
Lyon,2025-08-16,Lens,away,4-2-3-1,True,23,Tyler Morton,RM,8,746415
Lyon,2025-08-16,Lens,away,4-2-3-1,True,69,Georges Mikautadze,F,9,746415
Lyon,2025-08-16,Lens,away,4-2-3-1,True,11,Malick Fofana,AM-L,11,746415
Lyon,2025-08-16,Lens,away,4-2-3-1,True,98,Ainsley Maitland-Niles,AM-R,7,746415
Lyon,2025-08-16,Lens,away,4-2-3-1,False,50,Lassine Diarra,SUB,0,746415
Lyon,2025-08-16,Lens,away,4-2-3-1,False,17,Afonso Moreira,SUB,0,746415
Lyon,2025-08-16,Lens,away,4-2-3-1,False,32,Alejandro Rodríguez,SUB,0,746415
Lyon,2025-08-16,Lens,away,4-2-3-1,False,10,Pavel Sulc,SUB,0,746415
Lyon,2025-08-16,Lens,away,4-2-3-1,False,21,Ruben Kluivert,SUB,0,746415
Lyon,2025-08-16,Lens,away,4-2-3-1,False,3,Nicolás Tagliafico,SUB,0,746415
Lyon,2025-08-16,Lens,away,4-2-3-1,False,7,Adam Karabec,SUB,0,746415
Lyon,2025-08-16,Lens,away,4-2-3-1,False,44,Khalis Merah,SUB,0,746415
Lyon,2025-08-16,Lens,away,4-2-3-1,False,39,Mathys De Carvalho,SUB,0,746415
Brest,2025-08-17,Lille,home,4-3-3,True,1,Radoslaw Majecki,G,1,746414
Brest,2025-08-17,Lille,home,4-3-3,True,26,Julien Le Cardinal,CD-L,6,746414
Brest,2025-08-17,Lille,home,4-3-3,True,5,Brendan Chardonnet,CD-R,5,746414
Brest,2025-08-17,Lille,home,4-3-3,True,2,Bradley Locko,LB,3,746414
Brest,2025-08-17,Lille,home,4-3-3,True,77,Kenny Lala,RB,2,746414
Brest,2025-08-17,Lille,home,4-3-3,True,20,Pierre Lees-Melou,CM,4,746414
Brest,2025-08-17,Lille,home,4-3-3,True,8,Hugo Magnetti,LM,8,746414
Brest,2025-08-17,Lille,home,4-3-3,True,23,Kamory Doumbia,RM,7,746414
Brest,2025-08-17,Lille,home,4-3-3,True,19,Ludovic Ajorque,F,9,746414
Brest,2025-08-17,Lille,home,4-3-3,True,17,Mama Baldé,LF,11,746414
Brest,2025-08-17,Lille,home,4-3-3,True,10,Romain Del Castillo,RF,10,746414
Brest,2025-08-17,Lille,home,4-3-3,False,11,Axel Camblan,SUB,0,746414
Brest,2025-08-17,Lille,home,4-3-3,False,33,Hamidou Makalou,SUB,0,746414
Brest,2025-08-17,Lille,home,4-3-3,False,28,Hianga'A M'Bock,SUB,0,746414
Brest,2025-08-17,Lille,home,4-3-3,False,18,Justin Bourgault,SUB,0,746414
Brest,2025-08-17,Lille,home,4-3-3,False,36,Raphaël Le Guen,SUB,0,746414
Brest,2025-08-17,Lille,home,4-3-3,False,29,Serigne Diop,SUB,0,746414
Brest,2025-08-17,Lille,home,4-3-3,False,12,Luc Zogbe,SUB,0,746414
Brest,2025-08-17,Lille,home,4-3-3,False,4,Michel Diaz,SUB,0,746414
Brest,2025-08-17,Lille,home,4-3-3,False,30,Grégoire Coudert,SUB,0,746414
Lille,2025-08-17,Brest,away,4-2-3-1,True,1,Berke Özer,G,1,746414
Lille,2025-08-17,Brest,away,4-2-3-1,True,4,Alexsandro,CD-L,6,746414
Lille,2025-08-17,Brest,away,4-2-3-1,True,3,Nathan Ngoy,CD-R,5,746414
Lille,2025-08-17,Brest,away,4-2-3-1,True,15,Romain Perraud,LB,3,746414
Lille,2025-08-17,Brest,away,4-2-3-1,True,36,Ousmane Touré,RB,2,746414
Lille,2025-08-17,Brest,away,4-2-3-1,True,10,Hákon Haraldsson,AM,10,746414
Lille,2025-08-17,Brest,away,4-2-3-1,True,21,Benjamin André,LM,4,746414
Lille,2025-08-17,Brest,away,4-2-3-1,True,17,Ngal'ayel Mukau,RM,8,746414
Lille,2025-08-17,Brest,away,4-2-3-1,True,9,Olivier Giroud,F,9,746414
Lille,2025-08-17,Brest,away,4-2-3-1,True,27,Felix Correia,AM-L,11,746414
Lille,2025-08-17,Brest,away,4-2-3-1,True,14,Marius Broholm,AM-R,7,746414
Lille,2025-08-17,Brest,away,4-2-3-1,False,6,Nabil Bentaleb,SUB,0,746414
Lille,2025-08-17,Brest,away,4-2-3-1,False,43,Soriba Diaoune,SUB,0,746414
Lille,2025-08-17,Brest,away,4-2-3-1,False,16,Arnaud Bodart,SUB,0,746414
Lille,2025-08-17,Brest,away,4-2-3-1,False,44,Maxima Goffi,SUB,0,746414
Lille,2025-08-17,Brest,away,4-2-3-1,False,32,Ayyoub Bouaddi,SUB,0,746414
Lille,2025-08-17,Brest,away,4-2-3-1,False,42,Isaac Cossier,SUB,0,746414
Lille,2025-08-17,Brest,away,4-2-3-1,False,7,Matias Fernandez-Pardo,SUB,0,746414
Lille,2025-08-17,Brest,away,4-2-3-1,False,41,Vincent Burlet,SUB,0,746414
Lille,2025-08-17,Brest,away,4-2-3-1,False,28,Ugo Raghouber,SUB,0,746414
Auxerre,2025-08-17,Lorient,home,5-4-1,True,16,Donovan Léon,G,1,746413
Auxerre,2025-08-17,Lorient,home,5-4-1,True,4,Francisco Sierralta,CD,5,746413
Auxerre,2025-08-17,Lorient,home,5-4-1,True,92,Clément Akpa,CD-L,4,746413
Auxerre,2025-08-17,Lorient,home,5-4-1,True,3,Gabriel Osho,CD-R,6,746413
Auxerre,2025-08-17,Lorient,home,5-4-1,True,14,Gideon Mensah,LB,3,746413
Auxerre,2025-08-17,Lorient,home,5-4-1,True,29,Marvin Senaya,RB,2,746413
Auxerre,2025-08-17,Lorient,home,5-4-1,True,5,Kévin Danois,CM-L,10,746413
Auxerre,2025-08-17,Lorient,home,5-4-1,True,42,Elisha Owusu,CM-R,8,746413
Auxerre,2025-08-17,Lorient,home,5-4-1,True,23,Ibrahim Osman,LM,11,746413
Auxerre,2025-08-17,Lorient,home,5-4-1,True,7,Josué Casimir,RM,7,746413
Auxerre,2025-08-17,Lorient,home,5-4-1,True,10,Lassine Sinayoko,F,9,746413
Auxerre,2025-08-17,Lorient,home,5-4-1,False,45,Ado Onaiwu,SUB,0,746413
Auxerre,2025-08-17,Lorient,home,5-4-1,False,9,Thelonius Bair,SUB,0,746413
Auxerre,2025-08-17,Lorient,home,5-4-1,False,34,Rudy Matondo,SUB,0,746413
Auxerre,2025-08-17,Lorient,home,5-4-1,False,40,Théo De Percin,SUB,0,746413
Auxerre,2025-08-17,Lorient,home,5-4-1,False,21,Lasso Coulibaly,SUB,0,746413
Auxerre,2025-08-17,Lorient,home,5-4-1,False,6,Saad Agouzoul,SUB,0,746413
Auxerre,2025-08-17,Lorient,home,5-4-1,False,18,Assane Dioussé,SUB,0,746413
Auxerre,2025-08-17,Lorient,home,5-4-1,False,27,Lamine Sy,SUB,0,746413
Auxerre,2025-08-17,Lorient,home,5-4-1,False,22,Fredrik Oppegard,SUB,0,746413
Lorient,2025-08-17,Auxerre,away,3-4-3,True,21,Bingourou Kamara,G,1,746413
Lorient,2025-08-17,Auxerre,away,3-4-3,True,3,Montassar Talbi,CD,5,746413
Lorient,2025-08-17,Auxerre,away,3-4-3,True,2,Igor Silva,CD-L,4,746413
Lorient,2025-08-17,Auxerre,away,3-4-3,True,5,Formose Mendy,CD-R,6,746413
Lorient,2025-08-17,Auxerre,away,3-4-3,True,6,Laurent Abergel,CM-L,8,746413
Lorient,2025-08-17,Auxerre,away,3-4-3,True,62,Arthur Avom,CM-R,7,746413
Lorient,2025-08-17,Auxerre,away,3-4-3,True,43,Arsène Kouassi,LM,3,746413
Lorient,2025-08-17,Auxerre,away,3-4-3,True,93,Joel Mvuka,RM,2,746413
Lorient,2025-08-17,Auxerre,away,3-4-3,True,9,Mohamed Bamba,F,9,746413
Lorient,2025-08-17,Auxerre,away,3-4-3,True,10,Pablo Pagis,CF-L,11,746413
Lorient,2025-08-17,Auxerre,away,3-4-3,True,15,Tosin Aiyegun,CF-R,10,746413
Lorient,2025-08-17,Auxerre,away,3-4-3,False,44,Darlin Yongwa,SUB,0,746413
Lorient,2025-08-17,Auxerre,away,3-4-3,False,29,Dermane Karim,SUB,0,746413
Lorient,2025-08-17,Auxerre,away,3-4-3,False,17,Jean-Victor Makengo,SUB,0,746413
Lorient,2025-08-17,Auxerre,away,3-4-3,False,97,Stevan Siba,SUB,0,746413
Lorient,2025-08-17,Auxerre,away,3-4-3,False,77,Panos Katseris,SUB,0,746413
Lorient,2025-08-17,Auxerre,away,3-4-3,False,28,Sambou Soumano,SUB,0,746413
Lorient,2025-08-17,Auxerre,away,3-4-3,False,1,Benjamin Leroy,SUB,0,746413
Lorient,2025-08-17,Auxerre,away,3-4-3,False,33,Lucas Leaudais,SUB,0,746413
Lorient,2025-08-17,Auxerre,away,3-4-3,False,11,Théo Le Bris,SUB,0,746413
Rennes,2025-08-15,Marseille,home,5-3-2,True,30,Brice Samba,G,1,746420
Rennes,2025-08-15,Marseille,home,5-3-2,True,97,Jérémy Jacquet,CD,5,746420
Rennes,2025-08-15,Marseille,home,5-3-2,True,24,Anthony Rouault,CD-L,4,746420
Rennes,2025-08-15,Marseille,home,5-3-2,True,48,Abdelhamid Aït Boudlal,CD-R,6,746420
Rennes,2025-08-15,Marseille,home,5-3-2,True,26,Quentin Merlin,LB,3,746420
Rennes,2025-08-15,Marseille,home,5-3-2,True,95,Przemyslaw Frankowski,RB,2,746420
Rennes,2025-08-15,Marseille,home,5-3-2,True,21,Valentin Rongier,CM,8,746420
Rennes,2025-08-15,Marseille,home,5-3-2,True,8,Seko Fofana,CM-L,11,746420
Rennes,2025-08-15,Marseille,home,5-3-2,True,32,Fabian Rieder,CM-R,7,746420
Rennes,2025-08-15,Marseille,home,5-3-2,True,39,Mohamed Meïté,CF-L,9,746420
Rennes,2025-08-15,Marseille,home,5-3-2,True,11,Mousa Al-Tamari,CF-R,10,746420
Rennes,2025-08-15,Marseille,home,5-3-2,False,34,Ibrahim Salah,SUB,0,746420
Rennes,2025-08-15,Marseille,home,5-3-2,False,17,Jordan James,SUB,0,746420
Rennes,2025-08-15,Marseille,home,5-3-2,False,99,Bertug Yildirim,SUB,0,746420
Rennes,2025-08-15,Marseille,home,5-3-2,False,18,Mahamadou Nagida,SUB,0,746420
Rennes,2025-08-15,Marseille,home,5-3-2,False,10,Ludovic Blas,SUB,0,746420
Rennes,2025-08-15,Marseille,home,5-3-2,False,45,Mahdi Camara,SUB,0,746420
Rennes,2025-08-15,Marseille,home,5-3-2,False,6,Djaoui Cissé,SUB,0,746420
Rennes,2025-08-15,Marseille,home,5-3-2,False,4,Christopher Wooh,SUB,0,746420
Rennes,2025-08-15,Marseille,home,5-3-2,False,16,Dogan Alemdar,SUB,0,746420
Marseille,2025-08-15,Rennes,away,3-2-4-1,False,34,Robinio Vaz,,0,746420
Marseille,2025-08-15,Rennes,away,3-2-4-1,False,26,Bilal Nadir,,0,746420
Marseille,2025-08-15,Rennes,away,3-2-4-1,False,11,Amine Harit,,0,746420
Marseille,2025-08-15,Rennes,away,3-2-4-1,False,13,Derek Cornelius,,0,746420
Marseille,2025-08-15,Rennes,away,3-2-4-1,False,22,Timothy Weah,,0,746420
Marseille,2025-08-15,Rennes,away,3-2-4-1,False,6,Ulisses Garcia,,0,746420
Marseille,2025-08-15,Rennes,away,3-2-4-1,False,50,Darryl Bakola,,0,746420
Marseille,2025-08-15,Rennes,away,3-2-4-1,False,97,Pierre-Emerick Aubameyang,,0,746420
Marseille,2025-08-15,Rennes,away,3-2-4-1,False,12,Jeffrey de Lange,,0,746420
Marseille,2025-08-15,Rennes,away,3-2-4-1,True,1,Gerónimo Rulli,G,1,746420
Marseille,2025-08-15,Rennes,away,3-2-4-1,True,5,Leonardo Balerdi,CD,5,746420
Marseille,2025-08-15,Rennes,away,3-2-4-1,True,19,Geoffrey Kondogbia,LB,4,746420
Marseille,2025-08-15,Rennes,away,3-2-4-1,True,4,CJ Egan-Riley,RB,6,746420
Marseille,2025-08-15,Rennes,away,3-2-4-1,True,8,Angel Gomes,CM-L,3,746420
Marseille,2025-08-15,Rennes,away,3-2-4-1,True,23,Pierre-Emile Højbjerg,CM-R,2,746420
Marseille,2025-08-15,Rennes,away,3-2-4-1,True,17,Jon Rowe,LM,11,746420
Marseille,2025-08-15,Rennes,away,3-2-4-1,True,10,Mason Greenwood,RM,10,746420
Marseille,2025-08-15,Rennes,away,3-2-4-1,True,9,Amine Gouiri,F,9,746420
Marseille,2025-08-15,Rennes,away,3-2-4-1,True,62,Amir Murillo,AM-L,8,746420
Marseille,2025-08-15,Rennes,away,3-2-4-1,True,25,Adrien Rabiot,AM-R,7,746420
Angers,2025-08-17,Paris FC,home,3-4-2-1,True,12,Hervé Koffi,G,1,746412
Angers,2025-08-17,Paris FC,home,3-4-2-1,True,4,Ousmane Camara,CD,5,746412
Angers,2025-08-17,Paris FC,home,3-4-2-1,True,21,Jordan Lefort,CD-L,4,746412
Angers,2025-08-17,Paris FC,home,3-4-2-1,True,2,Carlens Arcus,CD-R,6,746412
Angers,2025-08-17,Paris FC,home,3-4-2-1,True,14,Yassin Belkhdim,CM-L,8,746412
Angers,2025-08-17,Paris FC,home,3-4-2-1,True,93,Haris Belkebla,CM-R,7,746412
Angers,2025-08-17,Paris FC,home,3-4-2-1,True,26,Florent Hanin,LM,3,746412
Angers,2025-08-17,Paris FC,home,3-4-2-1,True,27,Lilian Raolisoa,RM,2,746412
Angers,2025-08-17,Paris FC,home,3-4-2-1,True,19,Esteban Lepaul,F,9,746412
Angers,2025-08-17,Paris FC,home,3-4-2-1,True,11,Sidiki Cherif,CF-L,11,746412
Angers,2025-08-17,Paris FC,home,3-4-2-1,True,6,Louis Mouton,CF-R,10,746412
Angers,2025-08-17,Paris FC,home,3-4-2-1,False,40,Oumar Pona,SUB,0,746412
Angers,2025-08-17,Paris FC,home,3-4-2-1,False,18,Jim Allevinah,SUB,0,746412
Angers,2025-08-17,Paris FC,home,3-4-2-1,False,35,Prosper Peter,SUB,0,746412
Angers,2025-08-17,Paris FC,home,3-4-2-1,False,15,Pierrick Capelle,SUB,0,746412
Angers,2025-08-17,Paris FC,home,3-4-2-1,False,36,Lanroy Machine,SUB,0,746412
Angers,2025-08-17,Paris FC,home,3-4-2-1,False,5,Marius Courcoul,SUB,0,746412
Angers,2025-08-17,Paris FC,home,3-4-2-1,False,24,Emmanuel Biumla,SUB,0,746412
Angers,2025-08-17,Paris FC,home,3-4-2-1,False,25,Abdoulaye Bamba,SUB,0,746412
Angers,2025-08-17,Paris FC,home,3-4-2-1,False,3,Jacques Ekomie,SUB,0,746412
Paris FC,2025-08-17,Angers,away,4-4-2,True,16,Obed Nkambadio,G,1,746412
Paris FC,2025-08-17,Angers,away,4-4-2,True,15,Timothée Kolodziejczak,CD-L,6,746412
Paris FC,2025-08-17,Angers,away,4-4-2,True,5,Moustapha Mbow,CD-R,5,746412
Paris FC,2025-08-17,Angers,away,4-4-2,True,19,Nhoa Sangui,LB,3,746412
Paris FC,2025-08-17,Angers,away,4-4-2,True,31,Samir Chergui,RB,2,746412
Paris FC,2025-08-17,Angers,away,4-4-2,True,21,Maxime López,CM-L,8,746412
Paris FC,2025-08-17,Angers,away,4-4-2,True,8,Lohann Doucet,CM-R,4,746412
Paris FC,2025-08-17,Angers,away,4-4-2,True,27,Moses Simon,LM,11,746412
Paris FC,2025-08-17,Angers,away,4-4-2,True,10,Ilan Kebbal,RM,7,746412
Paris FC,2025-08-17,Angers,away,4-4-2,True,29,Pierre-Yves Hamel,CF-L,9,746412
Paris FC,2025-08-17,Angers,away,4-4-2,True,11,Jean-Phillipe Krasso,CF-R,10,746412
Paris FC,2025-08-17,Angers,away,4-4-2,False,1,Rémy Riou,SUB,0,746412
Paris FC,2025-08-17,Angers,away,4-4-2,False,17,Adama Camara,SUB,0,746412
Paris FC,2025-08-17,Angers,away,4-4-2,False,13,Mathieu Cafaro,SUB,0,746412
Paris FC,2025-08-17,Angers,away,4-4-2,False,20,Julien Lopez,SUB,0,746412
Paris FC,2025-08-17,Angers,away,4-4-2,False,2,Tuomas Ollila,SUB,0,746412
Paris FC,2025-08-17,Angers,away,4-4-2,False,25,Yoan Koré,SUB,0,746412
Paris FC,2025-08-17,Angers,away,4-4-2,False,7,Alimani Gory,SUB,0,746412
Paris FC,2025-08-17,Angers,away,4-4-2,False,12,Nouha Dicko,SUB,0,746412
Paris FC,2025-08-17,Angers,away,4-4-2,False,4,Vincent Marchetti,SUB,0,746412
Monaco,2025-08-16,Le Havre,home,4-2-3-1,True,1,Lukas Hradecky,G,1,746417
Monaco,2025-08-16,Le Havre,home,4-2-3-1,True,13,Christian Mawissa,CD-L,6,746417
Monaco,2025-08-16,Le Havre,home,4-2-3-1,True,3,Eric Dier,CD-R,5,746417
Monaco,2025-08-16,Le Havre,home,4-2-3-1,True,12,Caio Henrique,LB,3,746417
Monaco,2025-08-16,Le Havre,home,4-2-3-1,True,4,Jordan Teze,RB,2,746417
Monaco,2025-08-16,Le Havre,home,4-2-3-1,True,18,Takumi Minamino,AM,10,746417
Monaco,2025-08-16,Le Havre,home,4-2-3-1,True,6,Denis Zakaria,LM,4,746417
Monaco,2025-08-16,Le Havre,home,4-2-3-1,True,15,Lamine Camara,RM,8,746417
Monaco,2025-08-16,Le Havre,home,4-2-3-1,True,14,Mika Biereth,F,9,746417
Monaco,2025-08-16,Le Havre,home,4-2-3-1,True,10,Aleksandr Golovin,AM-L,11,746417
Monaco,2025-08-16,Le Havre,home,4-2-3-1,True,11,Maghnes Akliouche,AM-R,7,746417
Monaco,2025-08-16,Le Havre,home,4-2-3-1,False,20,Kassoum Ouattara,SUB,0,746417
Monaco,2025-08-16,Le Havre,home,4-2-3-1,False,19,George Ilenikhena,SUB,0,746417
Monaco,2025-08-16,Le Havre,home,4-2-3-1,False,16,Philipp Köhn,SUB,0,746417
Monaco,2025-08-16,Le Havre,home,4-2-3-1,False,23,Aladji Bamba,SUB,0,746417
Monaco,2025-08-16,Le Havre,home,4-2-3-1,False,5,Thilo Kehrer,SUB,0,746417
Monaco,2025-08-16,Le Havre,home,4-2-3-1,False,29,Paris Brunner,SUB,0,746417
Monaco,2025-08-16,Le Havre,home,4-2-3-1,False,17,Wilfried Singo,SUB,0,746417
Monaco,2025-08-16,Le Havre,home,4-2-3-1,False,7,Eliesse Ben Seghir,SUB,0,746417
Monaco,2025-08-16,Le Havre,home,4-2-3-1,False,2,Vanderson,SUB,0,746417
Le Havre,2025-08-16,Monaco,away,4-1-4-1,True,99,Mory Diaw,G,1,746417
Le Havre,2025-08-16,Monaco,away,4-1-4-1,True,4,Gautier Lloris,CD-L,6,746417
Le Havre,2025-08-16,Monaco,away,4-1-4-1,True,15,Ayumu Seko,CD-R,5,746417
Le Havre,2025-08-16,Monaco,away,4-1-4-1,True,6,Etienne Youte Kinkoue,DM,4,746417
Le Havre,2025-08-16,Monaco,away,4-1-4-1,True,18,Yanis Zouaoui,LB,3,746417
Le Havre,2025-08-16,Monaco,away,4-1-4-1,True,93,Arouna Sangante,RB,2,746417
Le Havre,2025-08-16,Monaco,away,4-1-4-1,True,14,Rassoul Ndiaye,CM-L,10,746417
Le Havre,2025-08-16,Monaco,away,4-1-4-1,True,26,Simon Ebonog,CM-R,8,746417
Le Havre,2025-08-16,Monaco,away,4-1-4-1,True,8,Yassine Kechta,LM,11,746417
Le Havre,2025-08-16,Monaco,away,4-1-4-1,True,21,Younes Namli,RM,7,746417
Le Havre,2025-08-16,Monaco,away,4-1-4-1,True,45,Issa Soumaré,F,9,746417
Le Havre,2025-08-16,Monaco,away,4-1-4-1,False,33,Georges Gomis,SUB,0,746417
Le Havre,2025-08-16,Monaco,away,4-1-4-1,False,44,Ismail Bouneb,SUB,0,746417
Le Havre,2025-08-16,Monaco,away,4-1-4-1,False,77,Lionel Mpasi,SUB,0,746417
Le Havre,2025-08-16,Monaco,away,4-1-4-1,False,24,Guy Zohouri,SUB,0,746417
Le Havre,2025-08-16,Monaco,away,4-1-4-1,False,13,Fodé Doucouré,SUB,0,746417
Le Havre,2025-08-16,Monaco,away,4-1-4-1,False,10,Félix Mambimbi,SUB,0,746417
Le Havre,2025-08-16,Monaco,away,4-1-4-1,False,70,Mbwana Samatta,SUB,0,746417
Le Havre,2025-08-16,Monaco,away,4-1-4-1,False,78,Daren Mosengo,SUB,0,746417
Le Havre,2025-08-16,Monaco,away,4-1-4-1,False,11,Godson Kyeremeh,SUB,0,746417
Nice,2025-08-16,Toulouse,home,3-4-2-1,True,80,Yehvann Diouf,G,1,746419
Nice,2025-08-16,Toulouse,home,3-4-2-1,True,28,Juma Bah,CD,5,746419
Nice,2025-08-16,Toulouse,home,3-4-2-1,True,37,Kojo Peprah Oppong,CD-L,4,746419
Nice,2025-08-16,Toulouse,home,3-4-2-1,True,33,Antoine Mendy,CD-R,6,746419
Nice,2025-08-16,Toulouse,home,3-4-2-1,True,20,Tom Louchet,CM-L,8,746419
Nice,2025-08-16,Toulouse,home,3-4-2-1,True,6,Hicham Boudaoui,CM-R,7,746419
Nice,2025-08-16,Toulouse,home,3-4-2-1,True,26,Melvin Bard,LM,3,746419
Nice,2025-08-16,Toulouse,home,3-4-2-1,True,92,Jonathan Clauss,RM,2,746419
Nice,2025-08-16,Toulouse,home,3-4-2-1,True,9,Terem Moffi,F,9,746419
Nice,2025-08-16,Toulouse,home,3-4-2-1,True,21,Isak Jansson,CF-L,11,746419
Nice,2025-08-16,Toulouse,home,3-4-2-1,True,19,Badredine Bouanani,CF-R,10,746419
Nice,2025-08-16,Toulouse,home,3-4-2-1,False,31,Maxime Dupé,SUB,0,746419
Nice,2025-08-16,Toulouse,home,3-4-2-1,False,23,Gabin Bernardeau,SUB,0,746419
Nice,2025-08-16,Toulouse,home,3-4-2-1,False,99,Salis Abdul Samed,SUB,0,746419
Nice,2025-08-16,Toulouse,home,3-4-2-1,False,14,Bilal Brahimi,SUB,0,746419
Nice,2025-08-16,Toulouse,home,3-4-2-1,False,10,Sofiane Diop,SUB,0,746419
Nice,2025-08-16,Toulouse,home,3-4-2-1,False,7,Jérémie Boga,SUB,0,746419
Nice,2025-08-16,Toulouse,home,3-4-2-1,False,39,Djibril Coulibaly,SUB,0,746419
Nice,2025-08-16,Toulouse,home,3-4-2-1,False,49,Bernard Nguene,SUB,0,746419
Nice,2025-08-16,Toulouse,home,3-4-2-1,False,36,Hamza Koutoune,SUB,0,746419
Toulouse,2025-08-16,Nice,away,3-4-3,True,1,Guillaume Restes,G,1,746419
Toulouse,2025-08-16,Nice,away,3-4-3,True,4,Charlie Cresswell,CD,5,746419
Toulouse,2025-08-16,Nice,away,3-4-3,True,3,Mark McKenzie,CD-L,4,746419
Toulouse,2025-08-16,Nice,away,3-4-3,True,19,Djibril Sidibé,CD-R,6,746419
Toulouse,2025-08-16,Nice,away,3-4-3,True,77,Mario Sauer,CM-L,8,746419
Toulouse,2025-08-16,Nice,away,3-4-3,True,29,Jaydee Canvot,CM-R,7,746419
Toulouse,2025-08-16,Nice,away,3-4-3,True,24,Dayann Methalie,LM,3,746419
Toulouse,2025-08-16,Nice,away,3-4-3,True,15,Aron Donnum,RM,2,746419
Toulouse,2025-08-16,Nice,away,3-4-3,True,9,Frank Magri,F,9,746419
Toulouse,2025-08-16,Nice,away,3-4-3,True,10,Yann Gboho,CF-L,11,746419
Toulouse,2025-08-16,Nice,away,3-4-3,True,31,Noah Edjouma,CF-R,10,746419
Toulouse,2025-08-16,Nice,away,3-4-3,False,45,Alexis Vossah,SUB,0,746419
Toulouse,2025-08-16,Nice,away,3-4-3,False,21,Enzo Faty,SUB,0,746419
Toulouse,2025-08-16,Nice,away,3-4-3,False,42,Thibaud-Dorian Garondo,SUB,0,746419
Toulouse,2025-08-16,Nice,away,3-4-3,False,2,Rasmus Nicolaisen,SUB,0,746419
Toulouse,2025-08-16,Nice,away,3-4-3,False,16,Kjetil Haug,SUB,0,746419
Toulouse,2025-08-16,Nice,away,3-4-3,False,39,Mathis Saka,SUB,0,746419
Toulouse,2025-08-16,Nice,away,3-4-3,False,35,Seny Koumbassa,SUB,0,746419
Toulouse,2025-08-16,Nice,away,3-4-3,False,11,Santiago Hidalgo,SUB,0,746419
Toulouse,2025-08-16,Nice,away,3-4-3,False,12,Waren Kamanzi,SUB,0,746419
Strasbourg,2025-08-24,Nantes,home,3-4-2-1,True,1,Karl-Johan Johnsson,G,1,746428
Strasbourg,2025-08-24,Nantes,home,3-4-2-1,True,2,Andrew Omobamidele,CD,5,746428
Strasbourg,2025-08-24,Nantes,home,3-4-2-1,True,6,Ismael Doukoure,CD-L,4,746428
Strasbourg,2025-08-24,Nantes,home,3-4-2-1,True,23,Mamadou Sarr,CD-R,6,746428
Strasbourg,2025-08-24,Nantes,home,3-4-2-1,True,29,Samir El Mourabet,CM-L,8,746428
Strasbourg,2025-08-24,Nantes,home,3-4-2-1,True,80,Felix Lemarechal,CM-R,7,746428
Strasbourg,2025-08-24,Nantes,home,3-4-2-1,True,42,Abdoul Ouattara,LM,3,746428
Strasbourg,2025-08-24,Nantes,home,3-4-2-1,True,18,Junior Mwanga,RM,2,746428
Strasbourg,2025-08-24,Nantes,home,3-4-2-1,True,9,Joaquín Panichelli,F,9,746428
Strasbourg,2025-08-24,Nantes,home,3-4-2-1,True,11,Sebastian Nanasi,CF-L,11,746428
Strasbourg,2025-08-24,Nantes,home,3-4-2-1,True,16,Kendry Páez,CF-R,10,746428
Strasbourg,2025-08-24,Nantes,home,3-4-2-1,False,14,Sékou Mara,SUB,0,746428
Strasbourg,2025-08-24,Nantes,home,3-4-2-1,False,83,Rafael Luís,SUB,0,746428
Strasbourg,2025-08-24,Nantes,home,3-4-2-1,False,26,Dilane Bakwa,SUB,0,746428
Strasbourg,2025-08-24,Nantes,home,3-4-2-1,False,7,Diego Moreira,SUB,0,746428
Strasbourg,2025-08-24,Nantes,home,3-4-2-1,False,32,Valentín Barco,SUB,0,746428
Strasbourg,2025-08-24,Nantes,home,3-4-2-1,False,27,Samuel Amo-Ameyaw,SUB,0,746428
Strasbourg,2025-08-24,Nantes,home,3-4-2-1,False,10,Emmanuel Emegha,SUB,0,746428
Strasbourg,2025-08-24,Nantes,home,3-4-2-1,False,50,Stefan Bajic,SUB,0,746428
Strasbourg,2025-08-24,Nantes,home,3-4-2-1,False,77,Eduard Sobol,SUB,0,746428
Nantes,2025-08-24,Strasbourg,away,4-1-4-1,True,1,Anthony Lopes,G,1,746428
Nantes,2025-08-24,Strasbourg,away,4-1-4-1,True,78,Tylel Tati,CD-L,6,746428
Nantes,2025-08-24,Strasbourg,away,4-1-4-1,True,6,Chidozie Awaziem,CD-R,5,746428
Nantes,2025-08-24,Strasbourg,away,4-1-4-1,True,13,Francis Coquelin,DM,4,746428
Nantes,2025-08-24,Strasbourg,away,4-1-4-1,True,3,Nicolas Cozza,LB,3,746428
Nantes,2025-08-24,Strasbourg,away,4-1-4-1,True,98,Kelvin Amian,RB,2,746428
Nantes,2025-08-24,Strasbourg,away,4-1-4-1,True,8,Johann Lepenant,CM-L,10,746428
Nantes,2025-08-24,Strasbourg,away,4-1-4-1,True,66,Louis Leroux,CM-R,8,746428
Nantes,2025-08-24,Strasbourg,away,4-1-4-1,True,11,Bahereba Guirassy,LM,11,746428
Nantes,2025-08-24,Strasbourg,away,4-1-4-1,True,90,Yassine Benhattab,RM,7,746428
Nantes,2025-08-24,Strasbourg,away,4-1-4-1,True,31,Mostafa Mohamed,F,9,746428
Nantes,2025-08-24,Strasbourg,away,4-1-4-1,False,72,Sékou Doucouré,SUB,0,746428
Nantes,2025-08-24,Strasbourg,away,4-1-4-1,False,10,Matthis Abline,SUB,0,746428
Nantes,2025-08-24,Strasbourg,away,4-1-4-1,False,19,Youssef El Arabi,SUB,0,746428
Nantes,2025-08-24,Strasbourg,away,4-1-4-1,False,17,Dehmaine Tabibou,SUB,0,746428
Nantes,2025-08-24,Strasbourg,away,4-1-4-1,False,30,Patrick Carlgren,SUB,0,746428
Nantes,2025-08-24,Strasbourg,away,4-1-4-1,False,7,Hong Hyun-Seok,SUB,0,746428
Nantes,2025-08-24,Strasbourg,away,4-1-4-1,False,93,Jean-Kévin Duverne,SUB,0,746428
Nantes,2025-08-24,Strasbourg,away,4-1-4-1,False,14,Amady Camara,SUB,0,746428
Nantes,2025-08-24,Strasbourg,away,4-1-4-1,False,5,Kwon Hyeok-Kyu,SUB,0,746428
Lorient,2025-08-24,Rennes,home,3-4-3,True,21,Bingourou Kamara,G,1,746423
Lorient,2025-08-24,Rennes,home,3-4-3,True,3,Montassar Talbi,CD,5,746423
Lorient,2025-08-24,Rennes,home,3-4-3,True,2,Igor Silva,CD-L,4,746423
Lorient,2025-08-24,Rennes,home,3-4-3,True,5,Formose Mendy,CD-R,6,746423
Lorient,2025-08-24,Rennes,home,3-4-3,True,62,Arthur Avom,CM-L,8,746423
Lorient,2025-08-24,Rennes,home,3-4-3,True,6,Laurent Abergel,CM-R,7,746423
Lorient,2025-08-24,Rennes,home,3-4-3,True,43,Arsène Kouassi,LM,3,746423
Lorient,2025-08-24,Rennes,home,3-4-3,True,77,Panos Katseris,RM,2,746423
Lorient,2025-08-24,Rennes,home,3-4-3,True,28,Sambou Soumano,F,9,746423
Lorient,2025-08-24,Rennes,home,3-4-3,True,29,Dermane Karim,CF-L,11,746423
Lorient,2025-08-24,Rennes,home,3-4-3,True,15,Tosin Aiyegun,CF-R,10,746423
Lorient,2025-08-24,Rennes,home,3-4-3,False,17,Jean-Victor Makengo,SUB,0,746423
Lorient,2025-08-24,Rennes,home,3-4-3,False,93,Joel Mvuka,SUB,0,746423
Lorient,2025-08-24,Rennes,home,3-4-3,False,9,Mohamed Bamba,SUB,0,746423
Lorient,2025-08-24,Rennes,home,3-4-3,False,10,Pablo Pagis,SUB,0,746423
Lorient,2025-08-24,Rennes,home,3-4-3,False,25,Abdoulaye Faye,SUB,0,746423
Lorient,2025-08-24,Rennes,home,3-4-3,False,11,Théo Le Bris,SUB,0,746423
Lorient,2025-08-24,Rennes,home,3-4-3,False,1,Benjamin Leroy,SUB,0,746423
Lorient,2025-08-24,Rennes,home,3-4-3,False,97,Stevan Siba,SUB,0,746423
Lorient,2025-08-24,Rennes,home,3-4-3,False,44,Darlin Yongwa,SUB,0,746423
Rennes,2025-08-24,Lorient,away,3-5-2,True,30,Brice Samba,G,1,746423
Rennes,2025-08-24,Lorient,away,3-5-2,True,97,Jérémy Jacquet,CD,5,746423
Rennes,2025-08-24,Lorient,away,3-5-2,True,24,Anthony Rouault,CD-L,4,746423
Rennes,2025-08-24,Lorient,away,3-5-2,True,4,Christopher Wooh,CD-R,6,746423
Rennes,2025-08-24,Lorient,away,3-5-2,True,8,Seko Fofana,CM-L,8,746423
Rennes,2025-08-24,Lorient,away,3-5-2,True,32,Fabian Rieder,CM-R,7,746423
Rennes,2025-08-24,Lorient,away,3-5-2,True,21,Valentin Rongier,AM,11,746423
Rennes,2025-08-24,Lorient,away,3-5-2,True,26,Quentin Merlin,LM,3,746423
Rennes,2025-08-24,Lorient,away,3-5-2,True,45,Mahdi Camara,RM,2,746423
Rennes,2025-08-24,Lorient,away,3-5-2,True,39,Mohamed Meïté,CF-L,9,746423
Rennes,2025-08-24,Lorient,away,3-5-2,True,10,Ludovic Blas,CF-R,10,746423
Rennes,2025-08-24,Lorient,away,3-5-2,False,18,Mahamadou Nagida,SUB,0,746423
Rennes,2025-08-24,Lorient,away,3-5-2,False,99,Bertug Yildirim,SUB,0,746423
Rennes,2025-08-24,Lorient,away,3-5-2,False,15,Mikayil Faye,SUB,0,746423
Rennes,2025-08-24,Lorient,away,3-5-2,False,65,Nordan Mukiele,SUB,0,746423
Rennes,2025-08-24,Lorient,away,3-5-2,False,36,Alidu Seidu,SUB,0,746423
Rennes,2025-08-24,Lorient,away,3-5-2,False,50,Mathys Silistre,SUB,0,746423
Rennes,2025-08-24,Lorient,away,3-5-2,False,6,Djaoui Cissé,SUB,0,746423
Rennes,2025-08-24,Lorient,away,3-5-2,False,16,Dogan Alemdar,SUB,0,746423
Rennes,2025-08-24,Lorient,away,3-5-2,False,34,Ibrahim Salah,SUB,0,746423
Metz,2025-08-17,Strasbourg,home,5-3-2,True,1,Jonathan Fischer,G,1,746416
Metz,2025-08-17,Strasbourg,home,5-3-2,True,5,Jean-Philippe Gbamin,CD,5,746416
Metz,2025-08-17,Strasbourg,home,5-3-2,True,4,Urie-Michel Mboula,CD-L,4,746416
Metz,2025-08-17,Strasbourg,home,5-3-2,True,38,Sadibou Sané,CD-R,6,746416
Metz,2025-08-17,Strasbourg,home,5-3-2,True,7,Giorgi Tsitaishvili,LB,3,746416
Metz,2025-08-17,Strasbourg,home,5-3-2,True,39,Koffi Kouao,RB,2,746416
Metz,2025-08-17,Strasbourg,home,5-3-2,True,21,Benjamin Stambouli,CM,8,746416
Metz,2025-08-17,Strasbourg,home,5-3-2,True,20,Jessy Deminguet,CM-L,11,746416
Metz,2025-08-17,Strasbourg,home,5-3-2,True,8,Boubacar Traore,CM-R,7,746416
Metz,2025-08-17,Strasbourg,home,5-3-2,True,14,Cheick Sabaly,CF-L,9,746416
Metz,2025-08-17,Strasbourg,home,5-3-2,True,24,Brian Madjo,CF-R,10,746416
Metz,2025-08-17,Strasbourg,home,5-3-2,False,23,Ibou Sané,SUB,0,746416
Metz,2025-08-17,Strasbourg,home,5-3-2,False,9,Giorgi Abuashvili,SUB,0,746416
Metz,2025-08-17,Strasbourg,home,5-3-2,False,2,Maxime Colin,SUB,0,746416
Metz,2025-08-17,Strasbourg,home,5-3-2,False,12,Alpha Touré,SUB,0,746416
Metz,2025-08-17,Strasbourg,home,5-3-2,False,22,Kevin Guiton,SUB,0,746416
Metz,2025-08-17,Strasbourg,home,5-3-2,False,18,Idrissa Gueye,SUB,0,746416
Metz,2025-08-17,Strasbourg,home,5-3-2,False,19,Morgan Bokele,SUB,0,746416
Metz,2025-08-17,Strasbourg,home,5-3-2,False,61,Pape Sy,SUB,0,746416
Metz,2025-08-17,Strasbourg,home,5-3-2,False,6,Joseph N'Duquidi,SUB,0,746416
Strasbourg,2025-08-17,Metz,away,5-3-2,True,39,Mike Penders,G,1,746416
Strasbourg,2025-08-17,Metz,away,5-3-2,True,24,Lucas Høgsberg,CD,5,746416
Strasbourg,2025-08-17,Metz,away,5-3-2,True,23,Mamadou Sarr,CD-L,4,746416
Strasbourg,2025-08-17,Metz,away,5-3-2,True,18,Junior Mwanga,CD-R,6,746416
Strasbourg,2025-08-17,Metz,away,5-3-2,True,42,Abdoul Ouattara,LB,3,746416
Strasbourg,2025-08-17,Metz,away,5-3-2,True,27,Samuel Amo-Ameyaw,RB,2,746416
Strasbourg,2025-08-17,Metz,away,5-3-2,True,29,Samir El Mourabet,CM,8,746416
Strasbourg,2025-08-17,Metz,away,5-3-2,True,32,Valentín Barco,CM-L,11,746416
Strasbourg,2025-08-17,Metz,away,5-3-2,True,80,Felix Lemarechal,CM-R,7,746416
Strasbourg,2025-08-17,Metz,away,5-3-2,True,9,Joaquín Panichelli,CF-L,9,746416
Strasbourg,2025-08-17,Metz,away,5-3-2,True,10,Emmanuel Emegha,CF-R,10,746416
Strasbourg,2025-08-17,Metz,away,5-3-2,False,8,Maximillian Oyedele,SUB,0,746416
Strasbourg,2025-08-17,Metz,away,5-3-2,False,1,Karl-Johan Johnsson,SUB,0,746416
Strasbourg,2025-08-17,Metz,away,5-3-2,False,14,Sékou Mara,SUB,0,746416
Strasbourg,2025-08-17,Metz,away,5-3-2,False,11,Sebastian Nanasi,SUB,0,746416
Strasbourg,2025-08-17,Metz,away,5-3-2,False,16,Kendry Páez,SUB,0,746416
Strasbourg,2025-08-17,Metz,away,5-3-2,False,3,Ishé Samuels-Smith,SUB,0,746416
Strasbourg,2025-08-17,Metz,away,5-3-2,False,41,Rabby Nzingoula,SUB,0,746416
Strasbourg,2025-08-17,Metz,away,5-3-2,False,26,Dilane Bakwa,SUB,0,746416
Strasbourg,2025-08-17,Metz,away,5-3-2,False,77,Eduard Sobol,SUB,0,746416
Lyon,2025-08-23,Metz,home,4-2-3-1,True,40,Rémy Descamps,G,1,746424
Lyon,2025-08-23,Metz,home,4-2-3-1,True,19,Moussa Niakhaté,CD-L,6,746424
Lyon,2025-08-23,Metz,home,4-2-3-1,True,22,Clinton Mata,CD-R,5,746424
Lyon,2025-08-23,Metz,home,4-2-3-1,True,16,Abner,LB,3,746424
Lyon,2025-08-23,Metz,home,4-2-3-1,True,98,Ainsley Maitland-Niles,RB,2,746424
Lyon,2025-08-23,Metz,home,4-2-3-1,True,8,Corentin Tolisso,AM,10,746424
Lyon,2025-08-23,Metz,home,4-2-3-1,True,23,Tyler Morton,LM,4,746424
Lyon,2025-08-23,Metz,home,4-2-3-1,True,6,Tanner Tessmann,RM,8,746424
Lyon,2025-08-23,Metz,home,4-2-3-1,True,69,Georges Mikautadze,F,9,746424
Lyon,2025-08-23,Metz,home,4-2-3-1,True,11,Malick Fofana,AM-L,11,746424
Lyon,2025-08-23,Metz,home,4-2-3-1,True,10,Pavel Sulc,AM-R,7,746424
Lyon,2025-08-23,Metz,home,4-2-3-1,False,3,Nicolás Tagliafico,SUB,0,746424
Lyon,2025-08-23,Metz,home,4-2-3-1,False,21,Ruben Kluivert,SUB,0,746424
Lyon,2025-08-23,Metz,home,4-2-3-1,False,1,Dominik Greif,SUB,0,746424
Lyon,2025-08-23,Metz,home,4-2-3-1,False,39,Mathys De Carvalho,SUB,0,746424
Lyon,2025-08-23,Metz,home,4-2-3-1,False,20,Saël Kumbedi,SUB,0,746424
Lyon,2025-08-23,Metz,home,4-2-3-1,False,7,Adam Karabec,SUB,0,746424
Lyon,2025-08-23,Metz,home,4-2-3-1,False,17,Afonso Moreira,SUB,0,746424
Lyon,2025-08-23,Metz,home,4-2-3-1,False,44,Khalis Merah,SUB,0,746424
Lyon,2025-08-23,Metz,home,4-2-3-1,False,32,Alejandro Rodríguez,SUB,0,746424
Metz,2025-08-23,Lyon,away,4-2-3-1,True,1,Jonathan Fischer,G,1,746424
Metz,2025-08-23,Lyon,away,4-2-3-1,True,5,Jean-Philippe Gbamin,CD-L,6,746424
Metz,2025-08-23,Lyon,away,4-2-3-1,True,38,Sadibou Sané,CD-R,5,746424
Metz,2025-08-23,Lyon,away,4-2-3-1,True,4,Urie-Michel Mboula,LB,3,746424
Metz,2025-08-23,Lyon,away,4-2-3-1,True,39,Koffi Kouao,RB,2,746424
Metz,2025-08-23,Lyon,away,4-2-3-1,True,10,Gauthier Hein,AM,10,746424
Metz,2025-08-23,Lyon,away,4-2-3-1,True,8,Boubacar Traore,LM,4,746424
Metz,2025-08-23,Lyon,away,4-2-3-1,True,21,Benjamin Stambouli,RM,8,746424
Metz,2025-08-23,Lyon,away,4-2-3-1,True,24,Brian Madjo,F,9,746424
Metz,2025-08-23,Lyon,away,4-2-3-1,True,9,Giorgi Abuashvili,AM-L,11,746424
Metz,2025-08-23,Lyon,away,4-2-3-1,True,7,Giorgi Tsitaishvili,AM-R,7,746424
Metz,2025-08-23,Lyon,away,4-2-3-1,False,6,Joseph N'Duquidi,SUB,0,746424
Metz,2025-08-23,Lyon,away,4-2-3-1,False,12,Alpha Touré,SUB,0,746424
Metz,2025-08-23,Lyon,away,4-2-3-1,False,25,Cleo Mélières,SUB,0,746424
Metz,2025-08-23,Lyon,away,4-2-3-1,False,19,Morgan Bokele,SUB,0,746424
Metz,2025-08-23,Lyon,away,4-2-3-1,False,18,Idrissa Gueye,SUB,0,746424
Metz,2025-08-23,Lyon,away,4-2-3-1,False,29,Ismaël Guerti,SUB,0,746424
Metz,2025-08-23,Lyon,away,4-2-3-1,False,23,Ibou Sané,SUB,0,746424
Metz,2025-08-23,Lyon,away,4-2-3-1,False,61,Pape Sy,SUB,0,746424
Metz,2025-08-23,Lyon,away,4-2-3-1,False,2,Maxime Colin,SUB,0,746424
Nantes,2025-08-17,PSG,home,4-1-4-1,True,1,Anthony Lopes,G,1,746418
Nantes,2025-08-17,PSG,home,4-1-4-1,True,78,Tylel Tati,CD-L,6,746418
Nantes,2025-08-17,PSG,home,4-1-4-1,True,6,Chidozie Awaziem,CD-R,5,746418
Nantes,2025-08-17,PSG,home,4-1-4-1,True,5,Kwon Hyeok-Kyu,DM,4,746418
Nantes,2025-08-17,PSG,home,4-1-4-1,True,3,Nicolas Cozza,LB,3,746418
Nantes,2025-08-17,PSG,home,4-1-4-1,True,98,Kelvin Amian,RB,2,746418
Nantes,2025-08-17,PSG,home,4-1-4-1,True,8,Johann Lepenant,CM-L,10,746418
Nantes,2025-08-17,PSG,home,4-1-4-1,True,66,Louis Leroux,CM-R,8,746418
Nantes,2025-08-17,PSG,home,4-1-4-1,True,11,Bahereba Guirassy,LM,11,746418
Nantes,2025-08-17,PSG,home,4-1-4-1,True,90,Yassine Benhattab,RM,7,746418
Nantes,2025-08-17,PSG,home,4-1-4-1,True,31,Mostafa Mohamed,F,9,746418
Nantes,2025-08-17,PSG,home,4-1-4-1,False,13,Francis Coquelin,SUB,0,746418
Nantes,2025-08-17,PSG,home,4-1-4-1,False,7,Hong Hyun-Seok,SUB,0,746418
Nantes,2025-08-17,PSG,home,4-1-4-1,False,17,Dehmaine Tabibou,SUB,0,746418
Nantes,2025-08-17,PSG,home,4-1-4-1,False,30,Patrick Carlgren,SUB,0,746418
Nantes,2025-08-17,PSG,home,4-1-4-1,False,72,Sékou Doucouré,SUB,0,746418
Nantes,2025-08-17,PSG,home,4-1-4-1,False,14,Amady Camara,SUB,0,746418
Nantes,2025-08-17,PSG,home,4-1-4-1,False,10,Matthis Abline,SUB,0,746418
Nantes,2025-08-17,PSG,home,4-1-4-1,False,93,Jean-Kévin Duverne,SUB,0,746418
Nantes,2025-08-17,PSG,home,4-1-4-1,False,19,Youssef El Arabi,SUB,0,746418
PSG,2025-08-17,Nantes,away,4-3-3,True,30,Lucas Chevalier,G,1,746418
PSG,2025-08-17,Nantes,away,4-3-3,True,4,Lucas Beraldo,CD-L,6,746418
PSG,2025-08-17,Nantes,away,4-3-3,True,6,Illia Zabarnyi,CD-R,5,746418
PSG,2025-08-17,Nantes,away,4-3-3,True,21,Lucas Hernández,LB,3,746418
PSG,2025-08-17,Nantes,away,4-3-3,True,33,Warren Zaïre-Emery,RB,2,746418
PSG,2025-08-17,Nantes,away,4-3-3,True,17,Vitinha,CM,4,746418
PSG,2025-08-17,Nantes,away,4-3-3,True,8,Fabián Ruiz,LM,8,746418
PSG,2025-08-17,Nantes,away,4-3-3,True,19,Lee Kang-In,RM,7,746418
PSG,2025-08-17,Nantes,away,4-3-3,True,9,Gonçalo Ramos,F,9,746418
PSG,2025-08-17,Nantes,away,4-3-3,True,29,Bradley Barcola,LF,11,746418
PSG,2025-08-17,Nantes,away,4-3-3,True,49,Ibrahim Mbaye,RF,10,746418
PSG,2025-08-17,Nantes,away,4-3-3,False,2,Achraf Hakimi,SUB,0,746418
PSG,2025-08-17,Nantes,away,4-3-3,False,7,Khvicha Kvaratskhelia,SUB,0,746418
PSG,2025-08-17,Nantes,away,4-3-3,False,25,Nuno Mendes,SUB,0,746418
PSG,2025-08-17,Nantes,away,4-3-3,False,10,Ousmane Dembélé,SUB,0,746418
PSG,2025-08-17,Nantes,away,4-3-3,False,51,Willian Pacho,SUB,0,746418
PSG,2025-08-17,Nantes,away,4-3-3,False,39,Matvei Safonov,SUB,0,746418
PSG,2025-08-17,Nantes,away,4-3-3,False,5,Marquinhos,SUB,0,746418
PSG,2025-08-17,Nantes,away,4-3-3,False,89,Renato Marin,SUB,0,746418
PSG,2025-08-17,Nantes,away,4-3-3,False,14,Désiré Doué,SUB,0,746418
PSG,2025-08-22,Angers,home,4-3-3,True,30,Lucas Chevalier,G,1,746427
PSG,2025-08-22,Angers,home,4-3-3,True,51,Willian Pacho,CD-L,6,746427
PSG,2025-08-22,Angers,home,4-3-3,True,5,Marquinhos,CD-R,5,746427
PSG,2025-08-22,Angers,home,4-3-3,True,25,Nuno Mendes,LB,3,746427
PSG,2025-08-22,Angers,home,4-3-3,True,2,Achraf Hakimi,RB,2,746427
PSG,2025-08-22,Angers,home,4-3-3,True,17,Vitinha,CM,4,746427
PSG,2025-08-22,Angers,home,4-3-3,True,8,Fabián Ruiz,LM,8,746427
PSG,2025-08-22,Angers,home,4-3-3,True,87,João Neves,RM,7,746427
PSG,2025-08-22,Angers,home,4-3-3,True,10,Ousmane Dembélé,F,9,746427
PSG,2025-08-22,Angers,home,4-3-3,True,29,Bradley Barcola,LF,11,746427
PSG,2025-08-22,Angers,home,4-3-3,True,14,Désiré Doué,RF,10,746427
PSG,2025-08-22,Angers,home,4-3-3,False,9,Gonçalo Ramos,SUB,0,746427
PSG,2025-08-22,Angers,home,4-3-3,False,39,Matvei Safonov,SUB,0,746427
PSG,2025-08-22,Angers,home,4-3-3,False,19,Lee Kang-In,SUB,0,746427
PSG,2025-08-22,Angers,home,4-3-3,False,49,Ibrahim Mbaye,SUB,0,746427
PSG,2025-08-22,Angers,home,4-3-3,False,33,Warren Zaïre-Emery,SUB,0,746427
PSG,2025-08-22,Angers,home,4-3-3,False,43,Noham Kamara,SUB,0,746427
PSG,2025-08-22,Angers,home,4-3-3,False,6,Illia Zabarnyi,SUB,0,746427
PSG,2025-08-22,Angers,home,4-3-3,False,21,Lucas Hernández,SUB,0,746427
PSG,2025-08-22,Angers,home,4-3-3,False,4,Lucas Beraldo,SUB,0,746427
Angers,2025-08-22,PSG,away,3-5-2,True,12,Hervé Koffi,G,1,746427
Angers,2025-08-22,PSG,away,3-5-2,True,4,Ousmane Camara,CD,5,746427
Angers,2025-08-22,PSG,away,3-5-2,True,21,Jordan Lefort,CD-L,4,746427
Angers,2025-08-22,PSG,away,3-5-2,True,2,Carlens Arcus,CD-R,6,746427
Angers,2025-08-22,PSG,away,3-5-2,True,93,Haris Belkebla,CM-L,8,746427
Angers,2025-08-22,PSG,away,3-5-2,True,14,Yassin Belkhdim,CM-R,7,746427
Angers,2025-08-22,PSG,away,3-5-2,True,5,Marius Courcoul,AM,11,746427
Angers,2025-08-22,PSG,away,3-5-2,True,3,Jacques Ekomie,LM,3,746427
Angers,2025-08-22,PSG,away,3-5-2,True,27,Lilian Raolisoa,RM,2,746427
Angers,2025-08-22,PSG,away,3-5-2,True,11,Sidiki Cherif,CF-L,9,746427
Angers,2025-08-22,PSG,away,3-5-2,True,19,Esteban Lepaul,CF-R,10,746427
Angers,2025-08-22,PSG,away,3-5-2,False,35,Prosper Peter,SUB,0,746427
Angers,2025-08-22,PSG,away,3-5-2,False,15,Pierrick Capelle,SUB,0,746427
Angers,2025-08-22,PSG,away,3-5-2,False,38,Ilann Garin,SUB,0,746427
Angers,2025-08-22,PSG,away,3-5-2,False,24,Emmanuel Biumla,SUB,0,746427
Angers,2025-08-22,PSG,away,3-5-2,False,26,Florent Hanin,SUB,0,746427
Angers,2025-08-22,PSG,away,3-5-2,False,18,Jim Allevinah,SUB,0,746427
Angers,2025-08-22,PSG,away,3-5-2,False,40,Oumar Pona,SUB,0,746427
Angers,2025-08-22,PSG,away,3-5-2,False,25,Abdoulaye Bamba,SUB,0,746427
Angers,2025-08-22,PSG,away,3-5-2,False,36,Lanroy Machine,SUB,0,746427
Nice,2025-08-23,Auxerre,home,3-4-2-1,True,80,Yehvann Diouf,G,1,746426
Nice,2025-08-23,Auxerre,home,3-4-2-1,True,28,Juma Bah,CD,5,746426
Nice,2025-08-23,Auxerre,home,3-4-2-1,True,37,Kojo Peprah Oppong,CD-L,4,746426
Nice,2025-08-23,Auxerre,home,3-4-2-1,True,33,Antoine Mendy,CD-R,6,746426
Nice,2025-08-23,Auxerre,home,3-4-2-1,True,99,Salis Abdul Samed,CM-L,8,746426
Nice,2025-08-23,Auxerre,home,3-4-2-1,True,6,Hicham Boudaoui,CM-R,7,746426
Nice,2025-08-23,Auxerre,home,3-4-2-1,True,26,Melvin Bard,LM,3,746426
Nice,2025-08-23,Auxerre,home,3-4-2-1,True,20,Tom Louchet,RM,2,746426
Nice,2025-08-23,Auxerre,home,3-4-2-1,True,90,Kevin Carlos,F,9,746426
Nice,2025-08-23,Auxerre,home,3-4-2-1,True,7,Jérémie Boga,CF-L,11,746426
Nice,2025-08-23,Auxerre,home,3-4-2-1,True,21,Isak Jansson,CF-R,10,746426
Nice,2025-08-23,Auxerre,home,3-4-2-1,False,36,Hamza Koutoune,SUB,0,746426
Nice,2025-08-23,Auxerre,home,3-4-2-1,False,14,Bilal Brahimi,SUB,0,746426
Nice,2025-08-23,Auxerre,home,3-4-2-1,False,8,Pablo Rosario,SUB,0,746426
Nice,2025-08-23,Auxerre,home,3-4-2-1,False,31,Maxime Dupé,SUB,0,746426
Nice,2025-08-23,Auxerre,home,3-4-2-1,False,39,Djibril Coulibaly,SUB,0,746426
Nice,2025-08-23,Auxerre,home,3-4-2-1,False,49,Bernard Nguene,SUB,0,746426
Nice,2025-08-23,Auxerre,home,3-4-2-1,False,10,Sofiane Diop,SUB,0,746426
Nice,2025-08-23,Auxerre,home,3-4-2-1,False,19,Badredine Bouanani,SUB,0,746426
Nice,2025-08-23,Auxerre,home,3-4-2-1,False,9,Terem Moffi,SUB,0,746426
Auxerre,2025-08-23,Nice,away,3-4-3,True,16,Donovan Léon,G,1,746426
Auxerre,2025-08-23,Nice,away,3-4-3,True,4,Francisco Sierralta,CD,5,746426
Auxerre,2025-08-23,Nice,away,3-4-3,True,92,Clément Akpa,CD-L,4,746426
Auxerre,2025-08-23,Nice,away,3-4-3,True,3,Gabriel Osho,CD-R,6,746426
Auxerre,2025-08-23,Nice,away,3-4-3,True,5,Kévin Danois,CM-L,8,746426
Auxerre,2025-08-23,Nice,away,3-4-3,True,42,Elisha Owusu,CM-R,7,746426
Auxerre,2025-08-23,Nice,away,3-4-3,True,14,Gideon Mensah,LM,3,746426
Auxerre,2025-08-23,Nice,away,3-4-3,True,29,Marvin Senaya,RM,2,746426
Auxerre,2025-08-23,Nice,away,3-4-3,True,10,Lassine Sinayoko,F,9,746426
Auxerre,2025-08-23,Nice,away,3-4-3,True,23,Ibrahim Osman,CF-L,11,746426
Auxerre,2025-08-23,Nice,away,3-4-3,True,7,Josué Casimir,CF-R,10,746426
Auxerre,2025-08-23,Nice,away,3-4-3,False,18,Assane Dioussé,SUB,0,746426
Auxerre,2025-08-23,Nice,away,3-4-3,False,27,Lamine Sy,SUB,0,746426
Auxerre,2025-08-23,Nice,away,3-4-3,False,34,Rudy Matondo,SUB,0,746426
Auxerre,2025-08-23,Nice,away,3-4-3,False,22,Fredrik Oppegard,SUB,0,746426
Auxerre,2025-08-23,Nice,away,3-4-3,False,6,Saad Agouzoul,SUB,0,746426
Auxerre,2025-08-23,Nice,away,3-4-3,False,9,Thelonius Bair,SUB,0,746426
Auxerre,2025-08-23,Nice,away,3-4-3,False,21,Lasso Coulibaly,SUB,0,746426
Auxerre,2025-08-23,Nice,away,3-4-3,False,40,Théo De Percin,SUB,0,746426
Auxerre,2025-08-23,Nice,away,3-4-3,False,19,Danny Namaso,SUB,0,746426
Marseille,2025-08-23,Paris FC,home,4-2-3-1,True,1,Gerónimo Rulli,G,1,746425
Marseille,2025-08-23,Paris FC,home,4-2-3-1,True,5,Leonardo Balerdi,CD-L,6,746425
Marseille,2025-08-23,Paris FC,home,4-2-3-1,True,4,CJ Egan-Riley,CD-R,5,746425
Marseille,2025-08-23,Paris FC,home,4-2-3-1,True,6,Ulisses Garcia,LB,3,746425
Marseille,2025-08-23,Paris FC,home,4-2-3-1,True,62,Amir Murillo,RB,2,746425
Marseille,2025-08-23,Paris FC,home,4-2-3-1,True,9,Amine Gouiri,AM,10,746425
Marseille,2025-08-23,Paris FC,home,4-2-3-1,True,23,Pierre-Emile Højbjerg,LM,4,746425
Marseille,2025-08-23,Paris FC,home,4-2-3-1,True,8,Angel Gomes,RM,8,746425
Marseille,2025-08-23,Paris FC,home,4-2-3-1,True,97,Pierre-Emerick Aubameyang,F,9,746425
Marseille,2025-08-23,Paris FC,home,4-2-3-1,True,22,Timothy Weah,AM-L,11,746425
Marseille,2025-08-23,Paris FC,home,4-2-3-1,True,10,Mason Greenwood,AM-R,7,746425
Marseille,2025-08-23,Paris FC,home,4-2-3-1,False,34,Robinio Vaz,SUB,0,746425
Marseille,2025-08-23,Paris FC,home,4-2-3-1,False,7,Neal Maupay,SUB,0,746425
Marseille,2025-08-23,Paris FC,home,4-2-3-1,False,26,Bilal Nadir,SUB,0,746425
Marseille,2025-08-23,Paris FC,home,4-2-3-1,False,12,Jeffrey de Lange,SUB,0,746425
Marseille,2025-08-23,Paris FC,home,4-2-3-1,False,92,Théo Vermot,SUB,0,746425
Marseille,2025-08-23,Paris FC,home,4-2-3-1,False,29,Pol Lirola,SUB,0,746425
Marseille,2025-08-23,Paris FC,home,4-2-3-1,False,13,Derek Cornelius,SUB,0,746425
Marseille,2025-08-23,Paris FC,home,4-2-3-1,False,48,Keyliane Abdallah,SUB,0,746425
Marseille,2025-08-23,Paris FC,home,4-2-3-1,False,50,Darryl Bakola,SUB,0,746425
Paris FC,2025-08-23,Marseille,away,4-3-3,True,16,Obed Nkambadio,G,1,746425
Paris FC,2025-08-23,Marseille,away,4-3-3,True,6,Otavio,CD-L,6,746425
Paris FC,2025-08-23,Marseille,away,4-3-3,True,5,Moustapha Mbow,CD-R,5,746425
Paris FC,2025-08-23,Marseille,away,4-3-3,True,19,Nhoa Sangui,LB,3,746425
Paris FC,2025-08-23,Marseille,away,4-3-3,True,31,Samir Chergui,RB,2,746425
Paris FC,2025-08-23,Marseille,away,4-3-3,True,4,Vincent Marchetti,CM,4,746425
Paris FC,2025-08-23,Marseille,away,4-3-3,True,17,Adama Camara,LM,8,746425
Paris FC,2025-08-23,Marseille,away,4-3-3,True,21,Maxime López,RM,7,746425
Paris FC,2025-08-23,Marseille,away,4-3-3,True,9,Willem Geubbels,F,9,746425
Paris FC,2025-08-23,Marseille,away,4-3-3,True,27,Moses Simon,LF,11,746425
Paris FC,2025-08-23,Marseille,away,4-3-3,True,10,Ilan Kebbal,RF,10,746425
Paris FC,2025-08-23,Marseille,away,4-3-3,False,8,Lohann Doucet,SUB,0,746425
Paris FC,2025-08-23,Marseille,away,4-3-3,False,13,Mathieu Cafaro,SUB,0,746425
Paris FC,2025-08-23,Marseille,away,4-3-3,False,28,Thibault De Smet,SUB,0,746425
Paris FC,2025-08-23,Marseille,away,4-3-3,False,29,Pierre-Yves Hamel,SUB,0,746425
Paris FC,2025-08-23,Marseille,away,4-3-3,False,35,Kevin Trapp,SUB,0,746425
Paris FC,2025-08-23,Marseille,away,4-3-3,False,20,Julien Lopez,SUB,0,746425
Paris FC,2025-08-23,Marseille,away,4-3-3,False,11,Jean-Phillipe Krasso,SUB,0,746425
Paris FC,2025-08-23,Marseille,away,4-3-3,False,15,Timothée Kolodziejczak,SUB,0,746425
Paris FC,2025-08-23,Marseille,away,4-3-3,False,7,Alimani Gory,SUB,0,746425
Lens,2025-08-29,Brest,home,3-4-2-1,True,40,Robin Risser,G,1,746432
Lens,2025-08-29,Brest,home,3-4-2-1,True,20,Malang Sarr,CD,5,746432
Lens,2025-08-29,Brest,home,3-4-2-1,True,14,Matthieu Udol,CD-L,4,746432
Lens,2025-08-29,Brest,home,3-4-2-1,True,24,Jonathan Gradit,CD-R,6,746432
Lens,2025-08-29,Brest,home,3-4-2-1,True,28,Adrien Thomasson,CM-L,8,746432
Lens,2025-08-29,Brest,home,3-4-2-1,True,8,Mamadou Sangare,CM-R,7,746432
Lens,2025-08-29,Brest,home,3-4-2-1,True,3,Deiver Machado,LM,3,746432
Lens,2025-08-29,Brest,home,3-4-2-1,True,2,Ruben Aguilar,RM,2,746432
Lens,2025-08-29,Brest,home,3-4-2-1,True,38,Rayan Fofana,F,9,746432
Lens,2025-08-29,Brest,home,3-4-2-1,True,22,Wesley Saïd,CF-L,11,746432
Lens,2025-08-29,Brest,home,3-4-2-1,True,10,Florian Thauvin,CF-R,10,746432
Lens,2025-08-29,Brest,home,3-4-2-1,False,35,Anthony Bermont,SUB,0,746432
Lens,2025-08-29,Brest,home,3-4-2-1,False,5,Andrija Bulatovic,SUB,0,746432
Lens,2025-08-29,Brest,home,3-4-2-1,False,7,Florian Sotoca,SUB,0,746432
Lens,2025-08-29,Brest,home,3-4-2-1,False,37,Pierre Ganiou,SUB,0,746432
Lens,2025-08-29,Brest,home,3-4-2-1,False,23,Saud Abdulhamid,SUB,0,746432
Lens,2025-08-29,Brest,home,3-4-2-1,False,1,Régis Gurtner,SUB,0,746432
Lens,2025-08-29,Brest,home,3-4-2-1,False,33,Fode Sylla,SUB,0,746432
Lens,2025-08-29,Brest,home,3-4-2-1,False,29,Morgan Guilavogui,SUB,0,746432
Lens,2025-08-29,Brest,home,3-4-2-1,False,6,Samson Baidoo,SUB,0,746432
Brest,2025-08-29,Lens,away,4-3-3,True,1,Radoslaw Majecki,G,1,746432
Brest,2025-08-29,Lens,away,4-3-3,True,4,Michel Diaz,CD-L,6,746432
Brest,2025-08-29,Lens,away,4-3-3,True,26,Julien Le Cardinal,CD-R,5,746432
Brest,2025-08-29,Lens,away,4-3-3,True,2,Bradley Locko,LB,3,746432
Brest,2025-08-29,Lens,away,4-3-3,True,77,Kenny Lala,RB,2,746432
Brest,2025-08-29,Lens,away,4-3-3,True,13,Joris Chotard,CM,4,746432
Brest,2025-08-29,Lens,away,4-3-3,True,8,Hugo Magnetti,LM,8,746432
Brest,2025-08-29,Lens,away,4-3-3,True,23,Kamory Doumbia,RM,7,746432
Brest,2025-08-29,Lens,away,4-3-3,True,19,Ludovic Ajorque,F,9,746432
Brest,2025-08-29,Lens,away,4-3-3,True,17,Mama Baldé,LF,11,746432
Brest,2025-08-29,Lens,away,4-3-3,True,10,Romain Del Castillo,RF,10,746432
Brest,2025-08-29,Lens,away,4-3-3,False,28,Hianga'A M'Bock,SUB,0,746432
Brest,2025-08-29,Lens,away,4-3-3,False,18,Justin Bourgault,SUB,0,746432
Brest,2025-08-29,Lens,away,4-3-3,False,29,Serigne Diop,SUB,0,746432
Brest,2025-08-29,Lens,away,4-3-3,False,12,Luc Zogbe,SUB,0,746432
Brest,2025-08-29,Lens,away,4-3-3,False,11,Axel Camblan,SUB,0,746432
Brest,2025-08-29,Lens,away,4-3-3,False,27,Daouda Guindo,SUB,0,746432
Brest,2025-08-29,Lens,away,4-3-3,False,30,Grégoire Coudert,SUB,0,746432
Brest,2025-08-29,Lens,away,4-3-3,False,36,Raphaël Le Guen,SUB,0,746432
Brest,2025-08-29,Lens,away,4-3-3,False,33,Hamidou Makalou,SUB,0,746432
Toulouse,2025-08-24,Brest,home,3-4-3,True,1,Guillaume Restes,G,1,746429
Toulouse,2025-08-24,Brest,home,3-4-3,True,4,Charlie Cresswell,CD,5,746429
Toulouse,2025-08-24,Brest,home,3-4-3,True,3,Mark McKenzie,CD-L,4,746429
Toulouse,2025-08-24,Brest,home,3-4-3,True,29,Jaydee Canvot,CD-R,6,746429
Toulouse,2025-08-24,Brest,home,3-4-3,True,23,Cristian Cásseres Jr.,CM-L,8,746429
Toulouse,2025-08-24,Brest,home,3-4-3,True,77,Mario Sauer,CM-R,7,746429
Toulouse,2025-08-24,Brest,home,3-4-3,True,24,Dayann Methalie,LM,3,746429
Toulouse,2025-08-24,Brest,home,3-4-3,True,19,Djibril Sidibé,RM,2,746429
Toulouse,2025-08-24,Brest,home,3-4-3,True,9,Frank Magri,F,9,746429
Toulouse,2025-08-24,Brest,home,3-4-3,True,10,Yann Gboho,CF-L,11,746429
Toulouse,2025-08-24,Brest,home,3-4-3,True,15,Aron Donnum,CF-R,10,746429
Toulouse,2025-08-24,Brest,home,3-4-3,False,31,Noah Edjouma,SUB,0,746429
Toulouse,2025-08-24,Brest,home,3-4-3,False,12,Waren Kamanzi,SUB,0,746429
Toulouse,2025-08-24,Brest,home,3-4-3,False,35,Seny Koumbassa,SUB,0,746429
Toulouse,2025-08-24,Brest,home,3-4-3,False,45,Alexis Vossah,SUB,0,746429
Toulouse,2025-08-24,Brest,home,3-4-3,False,7,Julián Vignolo,SUB,0,746429
Toulouse,2025-08-24,Brest,home,3-4-3,False,11,Santiago Hidalgo,SUB,0,746429
Toulouse,2025-08-24,Brest,home,3-4-3,False,16,Kjetil Haug,SUB,0,746429
Toulouse,2025-08-24,Brest,home,3-4-3,False,2,Rasmus Nicolaisen,SUB,0,746429
Toulouse,2025-08-24,Brest,home,3-4-3,False,39,Mathis Saka,SUB,0,746429
Brest,2025-08-24,Toulouse,away,4-3-3,True,1,Radoslaw Majecki,G,1,746429
Brest,2025-08-24,Toulouse,away,4-3-3,True,26,Julien Le Cardinal,CD-L,6,746429
Brest,2025-08-24,Toulouse,away,4-3-3,True,5,Brendan Chardonnet,CD-R,5,746429
Brest,2025-08-24,Toulouse,away,4-3-3,True,2,Bradley Locko,LB,3,746429
Brest,2025-08-24,Toulouse,away,4-3-3,True,77,Kenny Lala,RB,2,746429
Brest,2025-08-24,Toulouse,away,4-3-3,True,20,Pierre Lees-Melou,CM,4,746429
Brest,2025-08-24,Toulouse,away,4-3-3,True,8,Hugo Magnetti,LM,8,746429
Brest,2025-08-24,Toulouse,away,4-3-3,True,23,Kamory Doumbia,RM,7,746429
Brest,2025-08-24,Toulouse,away,4-3-3,True,19,Ludovic Ajorque,F,9,746429
Brest,2025-08-24,Toulouse,away,4-3-3,True,17,Mama Baldé,LF,11,746429
Brest,2025-08-24,Toulouse,away,4-3-3,True,10,Romain Del Castillo,RF,10,746429
Brest,2025-08-24,Toulouse,away,4-3-3,False,36,Raphaël Le Guen,SUB,0,746429
Brest,2025-08-24,Toulouse,away,4-3-3,False,30,Grégoire Coudert,SUB,0,746429
Brest,2025-08-24,Toulouse,away,4-3-3,False,18,Justin Bourgault,SUB,0,746429
Brest,2025-08-24,Toulouse,away,4-3-3,False,12,Luc Zogbe,SUB,0,746429
Brest,2025-08-24,Toulouse,away,4-3-3,False,13,Joris Chotard,SUB,0,746429
Brest,2025-08-24,Toulouse,away,4-3-3,False,33,Hamidou Makalou,SUB,0,746429
Brest,2025-08-24,Toulouse,away,4-3-3,False,11,Axel Camblan,SUB,0,746429
Brest,2025-08-24,Toulouse,away,4-3-3,False,29,Serigne Diop,SUB,0,746429
Brest,2025-08-24,Toulouse,away,4-3-3,False,4,Michel Diaz,SUB,0,746429
Le Havre,2025-08-24,Lens,home,4-1-4-1,True,99,Mory Diaw,G,1,746421
Le Havre,2025-08-24,Lens,home,4-1-4-1,True,4,Gautier Lloris,CD-L,6,746421
Le Havre,2025-08-24,Lens,home,4-1-4-1,True,93,Arouna Sangante,CD-R,5,746421
Le Havre,2025-08-24,Lens,home,4-1-4-1,True,15,Ayumu Seko,DM,4,746421
Le Havre,2025-08-24,Lens,home,4-1-4-1,True,18,Yanis Zouaoui,LB,3,746421
Le Havre,2025-08-24,Lens,home,4-1-4-1,True,7,Loïc Négo,RB,2,746421
Le Havre,2025-08-24,Lens,home,4-1-4-1,True,14,Rassoul Ndiaye,CM-L,10,746421
Le Havre,2025-08-24,Lens,home,4-1-4-1,True,8,Yassine Kechta,CM-R,8,746421
Le Havre,2025-08-24,Lens,home,4-1-4-1,True,45,Issa Soumaré,LM,11,746421
Le Havre,2025-08-24,Lens,home,4-1-4-1,True,13,Fodé Doucouré,RM,7,746421
Le Havre,2025-08-24,Lens,home,4-1-4-1,True,70,Mbwana Samatta,F,9,746421
Le Havre,2025-08-24,Lens,home,4-1-4-1,False,77,Lionel Mpasi,SUB,0,746421
Le Havre,2025-08-24,Lens,home,4-1-4-1,False,25,Allou Thiare,SUB,0,746421
Le Havre,2025-08-24,Lens,home,4-1-4-1,False,10,Félix Mambimbi,SUB,0,746421
Le Havre,2025-08-24,Lens,home,4-1-4-1,False,94,Abdoulaye Touré,SUB,0,746421
Le Havre,2025-08-24,Lens,home,4-1-4-1,False,6,Etienne Youte Kinkoue,SUB,0,746421
Le Havre,2025-08-24,Lens,home,4-1-4-1,False,33,Georges Gomis,SUB,0,746421
Le Havre,2025-08-24,Lens,home,4-1-4-1,False,11,Godson Kyeremeh,SUB,0,746421
Le Havre,2025-08-24,Lens,home,4-1-4-1,False,26,Simon Ebonog,SUB,0,746421
Le Havre,2025-08-24,Lens,home,4-1-4-1,False,21,Younes Namli,SUB,0,746421
Lens,2025-08-24,Le Havre,away,3-4-2-1,True,40,Robin Risser,G,1,746421
Lens,2025-08-24,Le Havre,away,3-4-2-1,True,20,Malang Sarr,CD,5,746421
Lens,2025-08-24,Le Havre,away,3-4-2-1,True,14,Matthieu Udol,CD-L,4,746421
Lens,2025-08-24,Le Havre,away,3-4-2-1,True,24,Jonathan Gradit,CD-R,6,746421
Lens,2025-08-24,Le Havre,away,3-4-2-1,True,33,Fode Sylla,CM-L,8,746421
Lens,2025-08-24,Le Havre,away,3-4-2-1,True,28,Adrien Thomasson,CM-R,7,746421
Lens,2025-08-24,Le Havre,away,3-4-2-1,True,3,Deiver Machado,LM,3,746421
Lens,2025-08-24,Le Havre,away,3-4-2-1,True,2,Ruben Aguilar,RM,2,746421
Lens,2025-08-24,Le Havre,away,3-4-2-1,True,38,Rayan Fofana,F,9,746421
Lens,2025-08-24,Le Havre,away,3-4-2-1,True,22,Wesley Saïd,CF-L,11,746421
Lens,2025-08-24,Le Havre,away,3-4-2-1,True,10,Florian Thauvin,CF-R,10,746421
Lens,2025-08-24,Le Havre,away,3-4-2-1,False,15,Hamzat Ojediran,SUB,0,746421
Lens,2025-08-24,Le Havre,away,3-4-2-1,False,5,Andrija Bulatovic,SUB,0,746421
Lens,2025-08-24,Le Havre,away,3-4-2-1,False,6,Samson Baidoo,SUB,0,746421
Lens,2025-08-24,Le Havre,away,3-4-2-1,False,35,Anthony Bermont,SUB,0,746421
Lens,2025-08-24,Le Havre,away,3-4-2-1,False,8,Mamadou Sangare,SUB,0,746421
Lens,2025-08-24,Le Havre,away,3-4-2-1,False,23,Saud Abdulhamid,SUB,0,746421
Lens,2025-08-24,Le Havre,away,3-4-2-1,False,7,Florian Sotoca,SUB,0,746421
Lens,2025-08-24,Le Havre,away,3-4-2-1,False,29,Morgan Guilavogui,SUB,0,746421
Lens,2025-08-24,Le Havre,away,3-4-2-1,False,1,Régis Gurtner,SUB,0,746421
Lille,2025-08-24,Monaco,home,4-2-3-1,True,1,Berke Özer,G,1,746422
Lille,2025-08-24,Monaco,home,4-2-3-1,True,4,Alexsandro,CD-L,6,746422
Lille,2025-08-24,Monaco,home,4-2-3-1,True,3,Nathan Ngoy,CD-R,5,746422
Lille,2025-08-24,Monaco,home,4-2-3-1,True,15,Romain Perraud,LB,3,746422
Lille,2025-08-24,Monaco,home,4-2-3-1,True,12,Thomas Meunier,RB,2,746422
Lille,2025-08-24,Monaco,home,4-2-3-1,True,10,Hákon Haraldsson,AM,10,746422
Lille,2025-08-24,Monaco,home,4-2-3-1,True,21,Benjamin André,LM,4,746422
Lille,2025-08-24,Monaco,home,4-2-3-1,True,32,Ayyoub Bouaddi,RM,8,746422
Lille,2025-08-24,Monaco,home,4-2-3-1,True,9,Olivier Giroud,F,9,746422
Lille,2025-08-24,Monaco,home,4-2-3-1,True,27,Felix Correia,AM-L,11,746422
Lille,2025-08-24,Monaco,home,4-2-3-1,True,17,Ngal'ayel Mukau,AM-R,7,746422
Lille,2025-08-24,Monaco,home,4-2-3-1,False,2,Aïssa Mandi,SUB,0,746422
Lille,2025-08-24,Monaco,home,4-2-3-1,False,7,Matias Fernandez-Pardo,SUB,0,746422
Lille,2025-08-24,Monaco,home,4-2-3-1,False,14,Marius Broholm,SUB,0,746422
Lille,2025-08-24,Monaco,home,4-2-3-1,False,28,Ugo Raghouber,SUB,0,746422
Lille,2025-08-24,Monaco,home,4-2-3-1,False,6,Nabil Bentaleb,SUB,0,746422
Lille,2025-08-24,Monaco,home,4-2-3-1,False,16,Arnaud Bodart,SUB,0,746422
Lille,2025-08-24,Monaco,home,4-2-3-1,False,23,Edon Zhegrova,SUB,0,746422
Lille,2025-08-24,Monaco,home,4-2-3-1,False,38,Maxima Goffi,SUB,0,746422
Lille,2025-08-24,Monaco,home,4-2-3-1,False,34,Vincent Burlet,SUB,0,746422
Monaco,2025-08-24,Lille,away,4-3-3,True,1,Lukas Hradecky,G,1,746422
Monaco,2025-08-24,Lille,away,4-3-3,True,13,Christian Mawissa,CD-L,6,746422
Monaco,2025-08-24,Lille,away,4-3-3,True,3,Eric Dier,CD-R,5,746422
Monaco,2025-08-24,Lille,away,4-3-3,True,12,Caio Henrique,LB,3,746422
Monaco,2025-08-24,Lille,away,4-3-3,True,4,Jordan Teze,RB,2,746422
Monaco,2025-08-24,Lille,away,4-3-3,True,6,Denis Zakaria,CM,4,746422
Monaco,2025-08-24,Lille,away,4-3-3,True,10,Aleksandr Golovin,LM,8,746422
Monaco,2025-08-24,Lille,away,4-3-3,True,15,Lamine Camara,RM,7,746422
Monaco,2025-08-24,Lille,away,4-3-3,True,9,Folarin Balogun,F,9,746422
Monaco,2025-08-24,Lille,away,4-3-3,True,18,Takumi Minamino,LF,11,746422
Monaco,2025-08-24,Lille,away,4-3-3,True,11,Maghnes Akliouche,RF,10,746422
Monaco,2025-08-24,Lille,away,4-3-3,False,7,Eliesse Ben Seghir,SUB,0,746422
Monaco,2025-08-24,Lille,away,4-3-3,False,16,Philipp Köhn,SUB,0,746422
Monaco,2025-08-24,Lille,away,4-3-3,False,23,Aladji Bamba,SUB,0,746422
Monaco,2025-08-24,Lille,away,4-3-3,False,17,Wilfried Singo,SUB,0,746422
Monaco,2025-08-24,Lille,away,4-3-3,False,5,Thilo Kehrer,SUB,0,746422
Monaco,2025-08-24,Lille,away,4-3-3,False,19,George Ilenikhena,SUB,0,746422
Monaco,2025-08-24,Lille,away,4-3-3,False,20,Kassoum Ouattara,SUB,0,746422
Monaco,2025-08-24,Lille,away,4-3-3,False,2,Vanderson,SUB,0,746422
Monaco,2025-08-24,Lille,away,4-3-3,False,14,Mika Biereth,SUB,0,746422
Angers,2025-08-31,Rennes,home,4-2-3-1,True,12,Hervé Koffi,G,1,746430
Angers,2025-08-31,Rennes,home,4-2-3-1,True,21,Jordan Lefort,CD-L,6,746430
Angers,2025-08-31,Rennes,home,4-2-3-1,True,4,Ousmane Camara,CD-R,5,746430
Angers,2025-08-31,Rennes,home,4-2-3-1,True,3,Jacques Ekomie,LB,3,746430
Angers,2025-08-31,Rennes,home,4-2-3-1,True,2,Carlens Arcus,RB,2,746430
Angers,2025-08-31,Rennes,home,4-2-3-1,True,6,Louis Mouton,AM,10,746430
Angers,2025-08-31,Rennes,home,4-2-3-1,True,93,Haris Belkebla,LM,4,746430
Angers,2025-08-31,Rennes,home,4-2-3-1,True,14,Yassin Belkhdim,RM,8,746430
Angers,2025-08-31,Rennes,home,4-2-3-1,True,35,Prosper Peter,F,9,746430
Angers,2025-08-31,Rennes,home,4-2-3-1,True,11,Sidiki Cherif,AM-L,11,746430
Angers,2025-08-31,Rennes,home,4-2-3-1,True,27,Lilian Raolisoa,AM-R,7,746430
Angers,2025-08-31,Rennes,home,4-2-3-1,False,36,Lanroy Machine,SUB,0,746430
Angers,2025-08-31,Rennes,home,4-2-3-1,False,5,Marius Courcoul,SUB,0,746430
Angers,2025-08-31,Rennes,home,4-2-3-1,False,18,Jim Allevinah,SUB,0,746430
Angers,2025-08-31,Rennes,home,4-2-3-1,False,15,Pierrick Capelle,SUB,0,746430
Angers,2025-08-31,Rennes,home,4-2-3-1,False,26,Florent Hanin,SUB,0,746430
Angers,2025-08-31,Rennes,home,4-2-3-1,False,17,Justin-Noel Kalumba,SUB,0,746430
Angers,2025-08-31,Rennes,home,4-2-3-1,False,24,Emmanuel Biumla,SUB,0,746430
Angers,2025-08-31,Rennes,home,4-2-3-1,False,25,Abdoulaye Bamba,SUB,0,746430
Angers,2025-08-31,Rennes,home,4-2-3-1,False,16,Melvin Zinga,SUB,0,746430
Rennes,2025-08-31,Angers,away,3-5-2,True,30,Brice Samba,G,1,746430
Rennes,2025-08-31,Angers,away,3-5-2,True,97,Jérémy Jacquet,CD,5,746430
Rennes,2025-08-31,Angers,away,3-5-2,True,3,Lilian Brassier,CD-L,4,746430
Rennes,2025-08-31,Angers,away,3-5-2,True,24,Anthony Rouault,CD-R,6,746430
Rennes,2025-08-31,Angers,away,3-5-2,True,8,Seko Fofana,CM-L,8,746430
Rennes,2025-08-31,Angers,away,3-5-2,True,10,Ludovic Blas,CM-R,7,746430
Rennes,2025-08-31,Angers,away,3-5-2,True,21,Valentin Rongier,AM,11,746430
Rennes,2025-08-31,Angers,away,3-5-2,True,26,Quentin Merlin,LM,3,746430
Rennes,2025-08-31,Angers,away,3-5-2,True,95,Przemyslaw Frankowski,RM,2,746430
Rennes,2025-08-31,Angers,away,3-5-2,True,9,Esteban Lepaul,CF-L,9,746430
Rennes,2025-08-31,Angers,away,3-5-2,True,11,Mousa Al-Tamari,CF-R,10,746430
Rennes,2025-08-31,Angers,away,3-5-2,False,6,Djaoui Cissé,SUB,0,746430
Rennes,2025-08-31,Angers,away,3-5-2,False,16,Dogan Alemdar,SUB,0,746430
Rennes,2025-08-31,Angers,away,3-5-2,False,39,Mohamed Meïté,SUB,0,746430
Rennes,2025-08-31,Angers,away,3-5-2,False,32,Fabian Rieder,SUB,0,746430
Rennes,2025-08-31,Angers,away,3-5-2,False,18,Mahamadou Nagida,SUB,0,746430
Rennes,2025-08-31,Angers,away,3-5-2,False,36,Alidu Seidu,SUB,0,746430
Rennes,2025-08-31,Angers,away,3-5-2,False,15,Mikayil Faye,SUB,0,746430
Rennes,2025-08-31,Angers,away,3-5-2,False,65,Nordan Mukiele,SUB,0,746430
Rennes,2025-08-31,Angers,away,3-5-2,False,99,Bertug Yildirim,SUB,0,746430
Lorient,2025-08-30,Lille,home,3-4-2-1,True,21,Bingourou Kamara,G,1,746433
Lorient,2025-08-30,Lille,home,3-4-2-1,True,3,Montassar Talbi,CD,5,746433
Lorient,2025-08-30,Lille,home,3-4-2-1,True,25,Abdoulaye Faye,CD-L,4,746433
Lorient,2025-08-30,Lille,home,3-4-2-1,True,2,Igor Silva,CD-R,6,746433
Lorient,2025-08-30,Lille,home,3-4-2-1,True,6,Laurent Abergel,CM-L,8,746433
Lorient,2025-08-30,Lille,home,3-4-2-1,True,62,Arthur Avom,CM-R,7,746433
Lorient,2025-08-30,Lille,home,3-4-2-1,True,43,Arsène Kouassi,LM,3,746433
Lorient,2025-08-30,Lille,home,3-4-2-1,True,77,Panos Katseris,RM,2,746433
Lorient,2025-08-30,Lille,home,3-4-2-1,True,28,Sambou Soumano,F,9,746433
Lorient,2025-08-30,Lille,home,3-4-2-1,True,29,Dermane Karim,CF-L,11,746433
Lorient,2025-08-30,Lille,home,3-4-2-1,True,15,Tosin Aiyegun,CF-R,10,746433
Lorient,2025-08-30,Lille,home,3-4-2-1,False,93,Joel Mvuka,SUB,0,746433
Lorient,2025-08-30,Lille,home,3-4-2-1,False,9,Mohamed Bamba,SUB,0,746433
Lorient,2025-08-30,Lille,home,3-4-2-1,False,11,Théo Le Bris,SUB,0,746433
Lorient,2025-08-30,Lille,home,3-4-2-1,False,17,Jean-Victor Makengo,SUB,0,746433
Lorient,2025-08-30,Lille,home,3-4-2-1,False,1,Benjamin Leroy,SUB,0,746433
Lorient,2025-08-30,Lille,home,3-4-2-1,False,97,Stevan Siba,SUB,0,746433
Lorient,2025-08-30,Lille,home,3-4-2-1,False,44,Darlin Yongwa,SUB,0,746433
Lorient,2025-08-30,Lille,home,3-4-2-1,False,8,Noah Cadiou,SUB,0,746433
Lille,2025-08-30,Lorient,away,4-2-3-1,True,1,Berke Özer,G,1,746433
Lille,2025-08-30,Lorient,away,4-2-3-1,True,4,Alexsandro,CD-L,6,746433
Lille,2025-08-30,Lorient,away,4-2-3-1,True,3,Nathan Ngoy,CD-R,5,746433
Lille,2025-08-30,Lorient,away,4-2-3-1,True,15,Romain Perraud,LB,3,746433
Lille,2025-08-30,Lorient,away,4-2-3-1,True,12,Thomas Meunier,RB,2,746433
Lille,2025-08-30,Lorient,away,4-2-3-1,True,10,Hákon Haraldsson,AM,10,746433
Lille,2025-08-30,Lorient,away,4-2-3-1,True,21,Benjamin André,LM,4,746433
Lille,2025-08-30,Lorient,away,4-2-3-1,True,32,Ayyoub Bouaddi,RM,8,746433
Lille,2025-08-30,Lorient,away,4-2-3-1,True,7,Matias Fernandez-Pardo,F,9,746433
Lille,2025-08-30,Lorient,away,4-2-3-1,True,27,Felix Correia,AM-L,11,746433
Lille,2025-08-30,Lorient,away,4-2-3-1,True,14,Marius Broholm,AM-R,7,746433
Lille,2025-08-30,Lorient,away,4-2-3-1,False,16,Arnaud Bodart,SUB,0,746433
Lille,2025-08-30,Lorient,away,4-2-3-1,False,38,Maxima Goffi,SUB,0,746433
Lille,2025-08-30,Lorient,away,4-2-3-1,False,11,Osame Sahraoui,SUB,0,746433
Lille,2025-08-30,Lorient,away,4-2-3-1,False,35,Soriba Diaoune,SUB,0,746433
Lille,2025-08-30,Lorient,away,4-2-3-1,False,29,Hamza Igmane,SUB,0,746433
Lille,2025-08-30,Lorient,away,4-2-3-1,False,28,Ugo Raghouber,SUB,0,746433
Lille,2025-08-30,Lorient,away,4-2-3-1,False,6,Nabil Bentaleb,SUB,0,746433
Lille,2025-08-30,Lorient,away,4-2-3-1,False,34,Vincent Burlet,SUB,0,746433
Lille,2025-08-30,Lorient,away,4-2-3-1,False,2,Aïssa Mandi,SUB,0,746433
Lille,2025-09-14,Toulouse,home,4-2-3-1,True,1,Berke Özer,G,1,746441
Lille,2025-09-14,Toulouse,home,4-2-3-1,True,4,Alexsandro,CD-L,6,746441
Lille,2025-09-14,Toulouse,home,4-2-3-1,True,3,Nathan Ngoy,CD-R,5,746441
Lille,2025-09-14,Toulouse,home,4-2-3-1,True,15,Romain Perraud,LB,3,746441
Lille,2025-09-14,Toulouse,home,4-2-3-1,True,2,Aïssa Mandi,RB,2,746441
Lille,2025-09-14,Toulouse,home,4-2-3-1,True,17,Ngal'ayel Mukau,AM,10,746441
Lille,2025-09-14,Toulouse,home,4-2-3-1,True,32,Ayyoub Bouaddi,LM,4,746441
Lille,2025-09-14,Toulouse,home,4-2-3-1,True,21,Benjamin André,RM,8,746441
Lille,2025-09-14,Toulouse,home,4-2-3-1,True,9,Olivier Giroud,F,9,746441
Lille,2025-09-14,Toulouse,home,4-2-3-1,True,27,Felix Correia,AM-L,11,746441
Lille,2025-09-14,Toulouse,home,4-2-3-1,True,7,Matias Fernandez-Pardo,AM-R,7,746441
Lille,2025-09-14,Toulouse,home,4-2-3-1,False,24,Calvin Verdonk,SUB,0,746441
Lille,2025-09-14,Toulouse,home,4-2-3-1,False,22,Tiago Santos,SUB,0,746441
Lille,2025-09-14,Toulouse,home,4-2-3-1,False,29,Hamza Igmane,SUB,0,746441
Lille,2025-09-14,Toulouse,home,4-2-3-1,False,18,Chancel Mbemba,SUB,0,746441
Lille,2025-09-14,Toulouse,home,4-2-3-1,False,11,Osame Sahraoui,SUB,0,746441
Lille,2025-09-14,Toulouse,home,4-2-3-1,False,6,Nabil Bentaleb,SUB,0,746441
Lille,2025-09-14,Toulouse,home,4-2-3-1,False,26,André Gomes,SUB,0,746441
Lille,2025-09-14,Toulouse,home,4-2-3-1,False,8,Ethan Mbappé,SUB,0,746441
Lille,2025-09-14,Toulouse,home,4-2-3-1,False,16,Arnaud Bodart,SUB,0,746441
Toulouse,2025-09-14,Lille,away,3-4-3,True,1,Guillaume Restes,G,1,746441
Toulouse,2025-09-14,Lille,away,3-4-3,True,4,Charlie Cresswell,CD,5,746441
Toulouse,2025-09-14,Lille,away,3-4-3,True,2,Rasmus Nicolaisen,CD-L,4,746441
Toulouse,2025-09-14,Lille,away,3-4-3,True,3,Mark McKenzie,CD-R,6,746441
Toulouse,2025-09-14,Lille,away,3-4-3,True,17,Abu Francis,CM-L,8,746441
Toulouse,2025-09-14,Lille,away,3-4-3,True,23,Cristian Cásseres Jr.,CM-R,7,746441
Toulouse,2025-09-14,Lille,away,3-4-3,True,24,Dayann Methalie,LM,3,746441
Toulouse,2025-09-14,Lille,away,3-4-3,True,15,Aron Donnum,RM,2,746441
Toulouse,2025-09-14,Lille,away,3-4-3,True,9,Frank Magri,F,9,746441
Toulouse,2025-09-14,Lille,away,3-4-3,True,10,Yann Gboho,CF-L,11,746441
Toulouse,2025-09-14,Lille,away,3-4-3,True,11,Santiago Hidalgo,CF-R,10,746441
Toulouse,2025-09-14,Lille,away,3-4-3,False,21,Enzo Faty,SUB,0,746441
Toulouse,2025-09-14,Lille,away,3-4-3,False,45,Alexis Vossah,SUB,0,746441
Toulouse,2025-09-14,Lille,away,3-4-3,False,31,Noah Edjouma,SUB,0,746441
Toulouse,2025-09-14,Lille,away,3-4-3,False,30,Alexander Domínguez,SUB,0,746441
Toulouse,2025-09-14,Lille,away,3-4-3,False,7,Julián Vignolo,SUB,0,746441
Toulouse,2025-09-14,Lille,away,3-4-3,False,77,Mario Sauer,SUB,0,746441
Toulouse,2025-09-14,Lille,away,3-4-3,False,22,Rafik Messali,SUB,0,746441
Toulouse,2025-09-14,Lille,away,3-4-3,False,12,Waren Kamanzi,SUB,0,746441
Toulouse,2025-09-14,Lille,away,3-4-3,False,19,Djibril Sidibé,SUB,0,746441
Lyon,2025-08-31,Marseille,home,4-2-3-1,True,40,Rémy Descamps,G,1,746438
Lyon,2025-08-31,Marseille,home,4-2-3-1,True,19,Moussa Niakhaté,CD-L,6,746438
Lyon,2025-08-31,Marseille,home,4-2-3-1,True,22,Clinton Mata,CD-R,5,746438
Lyon,2025-08-31,Marseille,home,4-2-3-1,True,16,Abner,LB,3,746438
Lyon,2025-08-31,Marseille,home,4-2-3-1,True,98,Ainsley Maitland-Niles,RB,2,746438
Lyon,2025-08-31,Marseille,home,4-2-3-1,True,44,Khalis Merah,AM,10,746438
Lyon,2025-08-31,Marseille,home,4-2-3-1,True,23,Tyler Morton,LM,4,746438
Lyon,2025-08-31,Marseille,home,4-2-3-1,True,6,Tanner Tessmann,RM,8,746438
Lyon,2025-08-31,Marseille,home,4-2-3-1,True,8,Corentin Tolisso,F,9,746438
Lyon,2025-08-31,Marseille,home,4-2-3-1,True,11,Malick Fofana,AM-L,11,746438
Lyon,2025-08-31,Marseille,home,4-2-3-1,True,7,Adam Karabec,AM-R,7,746438
Lyon,2025-08-31,Marseille,home,4-2-3-1,False,1,Dominik Greif,SUB,0,746438
Lyon,2025-08-31,Marseille,home,4-2-3-1,False,32,Alejandro Rodríguez,SUB,0,746438
Lyon,2025-08-31,Marseille,home,4-2-3-1,False,39,Mathys De Carvalho,SUB,0,746438
Lyon,2025-08-31,Marseille,home,4-2-3-1,False,17,Afonso Moreira,SUB,0,746438
Lyon,2025-08-31,Marseille,home,4-2-3-1,False,10,Pavel Sulc,SUB,0,746438
Lyon,2025-08-31,Marseille,home,4-2-3-1,False,50,Lassine Diarra,SUB,0,746438
Lyon,2025-08-31,Marseille,home,4-2-3-1,False,29,Enzo Molébé,SUB,0,746438
Lyon,2025-08-31,Marseille,home,4-2-3-1,False,21,Ruben Kluivert,SUB,0,746438
Lyon,2025-08-31,Marseille,home,4-2-3-1,False,3,Nicolás Tagliafico,SUB,0,746438
Marseille,2025-08-31,Lyon,away,4-2-3-1,True,1,Gerónimo Rulli,G,1,746438
Marseille,2025-08-31,Lyon,away,4-2-3-1,True,4,CJ Egan-Riley,CD-L,6,746438
Marseille,2025-08-31,Lyon,away,4-2-3-1,True,5,Leonardo Balerdi,CD-R,5,746438
Marseille,2025-08-31,Lyon,away,4-2-3-1,True,22,Timothy Weah,LB,3,746438
Marseille,2025-08-31,Lyon,away,4-2-3-1,True,62,Amir Murillo,RB,2,746438
Marseille,2025-08-31,Lyon,away,4-2-3-1,True,26,Bilal Nadir,AM,10,746438
Marseille,2025-08-31,Lyon,away,4-2-3-1,True,23,Pierre-Emile Højbjerg,LM,4,746438
Marseille,2025-08-31,Lyon,away,4-2-3-1,True,8,Angel Gomes,RM,8,746438
Marseille,2025-08-31,Lyon,away,4-2-3-1,True,97,Pierre-Emerick Aubameyang,F,9,746438
Marseille,2025-08-31,Lyon,away,4-2-3-1,True,20,Hamed Traoré,AM-L,11,746438
Marseille,2025-08-31,Lyon,away,4-2-3-1,True,10,Mason Greenwood,AM-R,7,746438
Marseille,2025-08-31,Lyon,away,4-2-3-1,False,12,Jeffrey de Lange,SUB,0,746438
Marseille,2025-08-31,Lyon,away,4-2-3-1,False,9,Amine Gouiri,SUB,0,746438
Marseille,2025-08-31,Lyon,away,4-2-3-1,False,29,Pol Lirola,SUB,0,746438
Marseille,2025-08-31,Lyon,away,4-2-3-1,False,50,Darryl Bakola,SUB,0,746438
Marseille,2025-08-31,Lyon,away,4-2-3-1,False,34,Robinio Vaz,SUB,0,746438
Marseille,2025-08-31,Lyon,away,4-2-3-1,False,33,Fodé Camara,SUB,0,746438
Marseille,2025-08-31,Lyon,away,4-2-3-1,False,11,Amine Harit,SUB,0,746438
Marseille,2025-08-31,Lyon,away,4-2-3-1,False,13,Derek Cornelius,SUB,0,746438
Marseille,2025-08-31,Lyon,away,4-2-3-1,False,6,Ulisses Garcia,SUB,0,746438
Toulouse,2025-08-30,PSG,home,5-4-1,True,1,Guillaume Restes,G,1,746437
Toulouse,2025-08-30,PSG,home,5-4-1,True,4,Charlie Cresswell,CD,5,746437
Toulouse,2025-08-30,PSG,home,5-4-1,True,2,Rasmus Nicolaisen,CD-L,4,746437
Toulouse,2025-08-30,PSG,home,5-4-1,True,3,Mark McKenzie,CD-R,6,746437
Toulouse,2025-08-30,PSG,home,5-4-1,True,24,Dayann Methalie,LB,3,746437
Toulouse,2025-08-30,PSG,home,5-4-1,True,19,Djibril Sidibé,RB,2,746437
Toulouse,2025-08-30,PSG,home,5-4-1,True,23,Cristian Cásseres Jr.,CM-L,10,746437
Toulouse,2025-08-30,PSG,home,5-4-1,True,77,Mario Sauer,CM-R,8,746437
Toulouse,2025-08-30,PSG,home,5-4-1,True,10,Yann Gboho,LM,11,746437
Toulouse,2025-08-30,PSG,home,5-4-1,True,15,Aron Donnum,RM,7,746437
Toulouse,2025-08-30,PSG,home,5-4-1,True,9,Frank Magri,F,9,746437
Toulouse,2025-08-30,PSG,home,5-4-1,False,12,Waren Kamanzi,SUB,0,746437
Toulouse,2025-08-30,PSG,home,5-4-1,False,30,Alexander Domínguez,SUB,0,746437
Toulouse,2025-08-30,PSG,home,5-4-1,False,7,Julián Vignolo,SUB,0,746437
Toulouse,2025-08-30,PSG,home,5-4-1,False,45,Alexis Vossah,SUB,0,746437
Toulouse,2025-08-30,PSG,home,5-4-1,False,31,Noah Edjouma,SUB,0,746437
Toulouse,2025-08-30,PSG,home,5-4-1,False,16,Kjetil Haug,SUB,0,746437
Toulouse,2025-08-30,PSG,home,5-4-1,False,35,Seny Koumbassa,SUB,0,746437
Toulouse,2025-08-30,PSG,home,5-4-1,False,39,Mathis Saka,SUB,0,746437
Toulouse,2025-08-30,PSG,home,5-4-1,False,11,Santiago Hidalgo,SUB,0,746437
PSG,2025-08-30,Toulouse,away,4-3-3,True,30,Lucas Chevalier,G,1,746437
PSG,2025-08-30,Toulouse,away,4-3-3,True,4,Lucas Beraldo,CD-L,6,746437
PSG,2025-08-30,Toulouse,away,4-3-3,True,6,Illia Zabarnyi,CD-R,5,746437
PSG,2025-08-30,Toulouse,away,4-3-3,True,25,Nuno Mendes,LB,3,746437
PSG,2025-08-30,Toulouse,away,4-3-3,True,2,Achraf Hakimi,RB,2,746437
PSG,2025-08-30,Toulouse,away,4-3-3,True,17,Vitinha,CM,4,746437
PSG,2025-08-30,Toulouse,away,4-3-3,True,8,Fabián Ruiz,LM,8,746437
PSG,2025-08-30,Toulouse,away,4-3-3,True,87,João Neves,RM,7,746437
PSG,2025-08-30,Toulouse,away,4-3-3,True,10,Ousmane Dembélé,F,9,746437
PSG,2025-08-30,Toulouse,away,4-3-3,True,29,Bradley Barcola,LF,11,746437
PSG,2025-08-30,Toulouse,away,4-3-3,True,14,Désiré Doué,RF,10,746437
PSG,2025-08-30,Toulouse,away,4-3-3,False,9,Gonçalo Ramos,SUB,0,746437
PSG,2025-08-30,Toulouse,away,4-3-3,False,39,Matvei Safonov,SUB,0,746437
PSG,2025-08-30,Toulouse,away,4-3-3,False,21,Lucas Hernández,SUB,0,746437
PSG,2025-08-30,Toulouse,away,4-3-3,False,5,Marquinhos,SUB,0,746437
PSG,2025-08-30,Toulouse,away,4-3-3,False,7,Khvicha Kvaratskhelia,SUB,0,746437
PSG,2025-08-30,Toulouse,away,4-3-3,False,19,Lee Kang-In,SUB,0,746437
PSG,2025-08-30,Toulouse,away,4-3-3,False,33,Warren Zaïre-Emery,SUB,0,746437
PSG,2025-08-30,Toulouse,away,4-3-3,False,51,Willian Pacho,SUB,0,746437
PSG,2025-08-30,Toulouse,away,4-3-3,False,49,Ibrahim Mbaye,SUB,0,746437
Marseille,2025-09-12,Lorient,home,4-2-3-1,True,12,Jeffrey de Lange,G,1,746442
Marseille,2025-09-12,Lorient,home,4-2-3-1,True,21,Nayef Aguerd,CD-L,6,746442
Marseille,2025-09-12,Lorient,home,4-2-3-1,True,28,Benjamin Pavard,CD-R,5,746442
Marseille,2025-09-12,Lorient,home,4-2-3-1,True,32,Facundo Medina,LB,3,746442
Marseille,2025-09-12,Lorient,home,4-2-3-1,True,62,Amir Murillo,RB,2,746442
Marseille,2025-09-12,Lorient,home,4-2-3-1,True,26,Bilal Nadir,AM,10,746442
Marseille,2025-09-12,Lorient,home,4-2-3-1,True,19,Geoffrey Kondogbia,LM,4,746442
Marseille,2025-09-12,Lorient,home,4-2-3-1,True,8,Angel Gomes,RM,8,746442
Marseille,2025-09-12,Lorient,home,4-2-3-1,True,9,Amine Gouiri,F,9,746442
Marseille,2025-09-12,Lorient,home,4-2-3-1,True,22,Timothy Weah,AM-L,11,746442
Marseille,2025-09-12,Lorient,home,4-2-3-1,True,10,Mason Greenwood,AM-R,7,746442
Marseille,2025-09-12,Lorient,home,4-2-3-1,False,17,Matt O'Riley,SUB,0,746442
Marseille,2025-09-12,Lorient,home,4-2-3-1,False,20,Hamed Traoré,SUB,0,746442
Marseille,2025-09-12,Lorient,home,4-2-3-1,False,18,Arthur Vermeeren,SUB,0,746442
Marseille,2025-09-12,Lorient,home,4-2-3-1,False,14,Igor Paixão,SUB,0,746442
Marseille,2025-09-12,Lorient,home,4-2-3-1,False,23,Pierre-Emile Højbjerg,SUB,0,746442
Marseille,2025-09-12,Lorient,home,4-2-3-1,False,97,Pierre-Emerick Aubameyang,SUB,0,746442
Marseille,2025-09-12,Lorient,home,4-2-3-1,False,33,Emerson,SUB,0,746442
Marseille,2025-09-12,Lorient,home,4-2-3-1,False,1,Gerónimo Rulli,SUB,0,746442
Marseille,2025-09-12,Lorient,home,4-2-3-1,False,5,Leonardo Balerdi,SUB,0,746442
Lorient,2025-09-12,Marseille,away,3-4-2-1,True,38,Yvon Mvogo,G,1,746442
Lorient,2025-09-12,Marseille,away,3-4-2-1,True,3,Montassar Talbi,CD,5,746442
Lorient,2025-09-12,Marseille,away,3-4-2-1,True,25,Abdoulaye Faye,CD-L,4,746442
Lorient,2025-09-12,Marseille,away,3-4-2-1,True,5,Bamo Meïté,CD-R,6,746442
Lorient,2025-09-12,Marseille,away,3-4-2-1,True,6,Laurent Abergel,CM-L,8,746442
Lorient,2025-09-12,Marseille,away,3-4-2-1,True,8,Noah Cadiou,CM-R,7,746442
Lorient,2025-09-12,Marseille,away,3-4-2-1,True,44,Darlin Yongwa,LM,3,746442
Lorient,2025-09-12,Marseille,away,3-4-2-1,True,93,Joel Mvuka,RM,2,746442
Lorient,2025-09-12,Marseille,away,3-4-2-1,True,28,Sambou Soumano,F,9,746442
Lorient,2025-09-12,Marseille,away,3-4-2-1,True,29,Dermane Karim,CF-L,11,746442
Lorient,2025-09-12,Marseille,away,3-4-2-1,True,17,Jean-Victor Makengo,CF-R,10,746442
Lorient,2025-09-12,Marseille,away,3-4-2-1,False,9,Mohamed Bamba,SUB,0,746442
Lorient,2025-09-12,Marseille,away,3-4-2-1,False,97,Stevan Siba,SUB,0,746442
Lorient,2025-09-12,Marseille,away,3-4-2-1,False,12,Bamba Dieng,SUB,0,746442
Lorient,2025-09-12,Marseille,away,3-4-2-1,False,33,Martin Bley,SUB,0,746442
Lorient,2025-09-12,Marseille,away,3-4-2-1,False,62,Arthur Avom,SUB,0,746442
Lorient,2025-09-12,Marseille,away,3-4-2-1,False,21,Bingourou Kamara,SUB,0,746442
Lorient,2025-09-12,Marseille,away,3-4-2-1,False,43,Arsène Kouassi,SUB,0,746442
Lorient,2025-09-12,Marseille,away,3-4-2-1,False,11,Théo Le Bris,SUB,0,746442
Lorient,2025-09-12,Marseille,away,3-4-2-1,False,15,Tosin Aiyegun,SUB,0,746442
Monaco,2025-08-31,Strasbourg,home,4-2-3-1,True,1,Lukas Hradecky,G,1,746435
Monaco,2025-08-31,Strasbourg,home,4-2-3-1,True,13,Christian Mawissa,CD-L,6,746435
Monaco,2025-08-31,Strasbourg,home,4-2-3-1,True,3,Eric Dier,CD-R,5,746435
Monaco,2025-08-31,Strasbourg,home,4-2-3-1,True,12,Caio Henrique,LB,3,746435
Monaco,2025-08-31,Strasbourg,home,4-2-3-1,True,4,Jordan Teze,RB,2,746435
Monaco,2025-08-31,Strasbourg,home,4-2-3-1,True,14,Mika Biereth,AM,10,746435
Monaco,2025-08-31,Strasbourg,home,4-2-3-1,True,6,Denis Zakaria,LM,4,746435
Monaco,2025-08-31,Strasbourg,home,4-2-3-1,True,15,Lamine Camara,RM,8,746435
Monaco,2025-08-31,Strasbourg,home,4-2-3-1,True,9,Folarin Balogun,F,9,746435
Monaco,2025-08-31,Strasbourg,home,4-2-3-1,True,10,Aleksandr Golovin,AM-L,11,746435
Monaco,2025-08-31,Strasbourg,home,4-2-3-1,True,11,Maghnes Akliouche,AM-R,7,746435
Monaco,2025-08-31,Strasbourg,home,4-2-3-1,False,23,Aladji Bamba,SUB,0,746435
Monaco,2025-08-31,Strasbourg,home,4-2-3-1,False,16,Philipp Köhn,SUB,0,746435
Monaco,2025-08-31,Strasbourg,home,4-2-3-1,False,28,Mamadou Coulibaly,SUB,0,746435
Monaco,2025-08-31,Strasbourg,home,4-2-3-1,False,18,Takumi Minamino,SUB,0,746435
Monaco,2025-08-31,Strasbourg,home,4-2-3-1,False,29,Paris Brunner,SUB,0,746435
Monaco,2025-08-31,Strasbourg,home,4-2-3-1,False,19,George Ilenikhena,SUB,0,746435
Monaco,2025-08-31,Strasbourg,home,4-2-3-1,False,20,Kassoum Ouattara,SUB,0,746435
Monaco,2025-08-31,Strasbourg,home,4-2-3-1,False,22,Mohammed Salisu,SUB,0,746435
Monaco,2025-08-31,Strasbourg,home,4-2-3-1,False,5,Thilo Kehrer,SUB,0,746435
Strasbourg,2025-08-31,Monaco,away,3-4-2-1,True,39,Mike Penders,G,1,746435
Strasbourg,2025-08-31,Monaco,away,3-4-2-1,True,23,Mamadou Sarr,CD,5,746435
Strasbourg,2025-08-31,Monaco,away,3-4-2-1,True,6,Ismael Doukoure,CD-L,4,746435
Strasbourg,2025-08-31,Monaco,away,3-4-2-1,True,24,Lucas Høgsberg,CD-R,6,746435
Strasbourg,2025-08-31,Monaco,away,3-4-2-1,True,83,Rafael Luís,CM-L,8,746435
Strasbourg,2025-08-31,Monaco,away,3-4-2-1,True,17,Mathis Amougou,CM-R,7,746435
Strasbourg,2025-08-31,Monaco,away,3-4-2-1,True,7,Diego Moreira,LM,3,746435
Strasbourg,2025-08-31,Monaco,away,3-4-2-1,True,42,Abdoul Ouattara,RM,2,746435
Strasbourg,2025-08-31,Monaco,away,3-4-2-1,True,9,Joaquín Panichelli,F,9,746435
Strasbourg,2025-08-31,Monaco,away,3-4-2-1,True,32,Valentín Barco,CF-L,11,746435
Strasbourg,2025-08-31,Monaco,away,3-4-2-1,True,80,Felix Lemarechal,CF-R,10,746435
Strasbourg,2025-08-31,Monaco,away,3-4-2-1,False,77,Eduard Sobol,SUB,0,746435
Strasbourg,2025-08-31,Monaco,away,3-4-2-1,False,1,Karl-Johan Johnsson,SUB,0,746435
Strasbourg,2025-08-31,Monaco,away,3-4-2-1,False,8,Maximillian Oyedele,SUB,0,746435
Strasbourg,2025-08-31,Monaco,away,3-4-2-1,False,11,Sebastian Nanasi,SUB,0,746435
Strasbourg,2025-08-31,Monaco,away,3-4-2-1,False,16,Kendry Páez,SUB,0,746435
Strasbourg,2025-08-31,Monaco,away,3-4-2-1,False,29,Samir El Mourabet,SUB,0,746435
Strasbourg,2025-08-31,Monaco,away,3-4-2-1,False,27,Samuel Amo-Ameyaw,SUB,0,746435
Strasbourg,2025-08-31,Monaco,away,3-4-2-1,False,41,Rabby Nzingoula,SUB,0,746435
Strasbourg,2025-08-31,Monaco,away,3-4-2-1,False,26,Dilane Bakwa,SUB,0,746435
Paris FC,2025-08-31,Metz,home,4-3-3,True,35,Kevin Trapp,G,1,746434
Paris FC,2025-08-31,Metz,home,4-3-3,True,6,Otavio,CD-L,6,746434
Paris FC,2025-08-31,Metz,home,4-3-3,True,5,Moustapha Mbow,CD-R,5,746434
Paris FC,2025-08-31,Metz,home,4-3-3,True,28,Thibault De Smet,LB,3,746434
Paris FC,2025-08-31,Metz,home,4-3-3,True,31,Samir Chergui,RB,2,746434
Paris FC,2025-08-31,Metz,home,4-3-3,True,4,Vincent Marchetti,CM,4,746434
Paris FC,2025-08-31,Metz,home,4-3-3,True,17,Adama Camara,LM,8,746434
Paris FC,2025-08-31,Metz,home,4-3-3,True,21,Maxime López,RM,7,746434
Paris FC,2025-08-31,Metz,home,4-3-3,True,9,Willem Geubbels,F,9,746434
Paris FC,2025-08-31,Metz,home,4-3-3,True,27,Moses Simon,LF,11,746434
Paris FC,2025-08-31,Metz,home,4-3-3,True,10,Ilan Kebbal,RF,10,746434
Paris FC,2025-08-31,Metz,home,4-3-3,False,1,Rémy Riou,SUB,0,746434
Paris FC,2025-08-31,Metz,home,4-3-3,False,11,Jean-Phillipe Krasso,SUB,0,746434
Paris FC,2025-08-31,Metz,home,4-3-3,False,15,Timothée Kolodziejczak,SUB,0,746434
Paris FC,2025-08-31,Metz,home,4-3-3,False,19,Nhoa Sangui,SUB,0,746434
Paris FC,2025-08-31,Metz,home,4-3-3,False,8,Lohann Doucet,SUB,0,746434
Paris FC,2025-08-31,Metz,home,4-3-3,False,33,Pierre Lees-Melou,SUB,0,746434
Paris FC,2025-08-31,Metz,home,4-3-3,False,12,Nouha Dicko,SUB,0,746434
Paris FC,2025-08-31,Metz,home,4-3-3,False,20,Julien Lopez,SUB,0,746434
Paris FC,2025-08-31,Metz,home,4-3-3,False,13,Mathieu Cafaro,SUB,0,746434
Metz,2025-08-31,Paris FC,away,4-2-3-1,True,1,Jonathan Fischer,G,1,746434
Metz,2025-08-31,Paris FC,away,4-2-3-1,True,5,Jean-Philippe Gbamin,CD-L,6,746434
Metz,2025-08-31,Paris FC,away,4-2-3-1,True,38,Sadibou Sané,CD-R,5,746434
Metz,2025-08-31,Paris FC,away,4-2-3-1,True,15,Terry Yegbe,LB,3,746434
Metz,2025-08-31,Paris FC,away,4-2-3-1,True,39,Koffi Kouao,RB,2,746434
Metz,2025-08-31,Paris FC,away,4-2-3-1,True,10,Gauthier Hein,AM,10,746434
Metz,2025-08-31,Paris FC,away,4-2-3-1,True,8,Boubacar Traore,LM,4,746434
Metz,2025-08-31,Paris FC,away,4-2-3-1,True,21,Benjamin Stambouli,RM,8,746434
Metz,2025-08-31,Paris FC,away,4-2-3-1,True,18,Idrissa Gueye,F,9,746434
Metz,2025-08-31,Paris FC,away,4-2-3-1,True,9,Giorgi Abuashvili,AM-L,11,746434
Metz,2025-08-31,Paris FC,away,4-2-3-1,True,7,Giorgi Tsitaishvili,AM-R,7,746434
Metz,2025-08-31,Paris FC,away,4-2-3-1,False,25,Cleo Mélières,SUB,0,746434
Metz,2025-08-31,Paris FC,away,4-2-3-1,False,23,Ibou Sané,SUB,0,746434
Metz,2025-08-31,Paris FC,away,4-2-3-1,False,12,Alpha Touré,SUB,0,746434
Metz,2025-08-31,Paris FC,away,4-2-3-1,False,24,Brian Madjo,SUB,0,746434
Metz,2025-08-31,Paris FC,away,4-2-3-1,False,19,Morgan Bokele,SUB,0,746434
Metz,2025-08-31,Paris FC,away,4-2-3-1,False,61,Pape Sy,SUB,0,746434
Metz,2025-08-31,Paris FC,away,4-2-3-1,False,20,Jessy Deminguet,SUB,0,746434
Metz,2025-08-31,Paris FC,away,4-2-3-1,False,6,Joseph N'Duquidi,SUB,0,746434
Metz,2025-08-31,Paris FC,away,4-2-3-1,False,2,Maxime Colin,SUB,0,746434
Le Havre,2025-08-31,Nice,home,4-1-4-1,True,99,Mory Diaw,G,1,746431
Le Havre,2025-08-31,Nice,home,4-1-4-1,True,4,Gautier Lloris,CD-L,6,746431
Le Havre,2025-08-31,Nice,home,4-1-4-1,True,93,Arouna Sangante,CD-R,5,746431
Le Havre,2025-08-31,Nice,home,4-1-4-1,True,15,Ayumu Seko,DM,4,746431
Le Havre,2025-08-31,Nice,home,4-1-4-1,True,18,Yanis Zouaoui,LB,3,746431
Le Havre,2025-08-31,Nice,home,4-1-4-1,True,7,Loïc Négo,RB,2,746431
Le Havre,2025-08-31,Nice,home,4-1-4-1,True,14,Rassoul Ndiaye,CM-L,10,746431
Le Havre,2025-08-31,Nice,home,4-1-4-1,True,8,Yassine Kechta,CM-R,8,746431
Le Havre,2025-08-31,Nice,home,4-1-4-1,True,45,Issa Soumaré,LM,11,746431
Le Havre,2025-08-31,Nice,home,4-1-4-1,True,13,Fodé Doucouré,RM,7,746431
Le Havre,2025-08-31,Nice,home,4-1-4-1,True,70,Mbwana Samatta,F,9,746431
Le Havre,2025-08-31,Nice,home,4-1-4-1,False,26,Simon Ebonog,SUB,0,746431
Le Havre,2025-08-31,Nice,home,4-1-4-1,False,77,Lionel Mpasi,SUB,0,746431
Le Havre,2025-08-31,Nice,home,4-1-4-1,False,23,Thomas Delaine,SUB,0,746431
Le Havre,2025-08-31,Nice,home,4-1-4-1,False,78,Daren Mosengo,SUB,0,746431
Le Havre,2025-08-31,Nice,home,4-1-4-1,False,6,Etienne Youte Kinkoue,SUB,0,746431
Le Havre,2025-08-31,Nice,home,4-1-4-1,False,11,Godson Kyeremeh,SUB,0,746431
Le Havre,2025-08-31,Nice,home,4-1-4-1,False,94,Abdoulaye Touré,SUB,0,746431
Le Havre,2025-08-31,Nice,home,4-1-4-1,False,10,Félix Mambimbi,SUB,0,746431
Le Havre,2025-08-31,Nice,home,4-1-4-1,False,21,Younes Namli,SUB,0,746431
Nice,2025-08-31,Le Havre,away,3-4-2-1,True,80,Yehvann Diouf,G,1,746431
Nice,2025-08-31,Le Havre,away,3-4-2-1,True,28,Juma Bah,CD,5,746431
Nice,2025-08-31,Le Havre,away,3-4-2-1,True,37,Kojo Peprah Oppong,CD-L,4,746431
Nice,2025-08-31,Le Havre,away,3-4-2-1,True,33,Antoine Mendy,CD-R,6,746431
Nice,2025-08-31,Le Havre,away,3-4-2-1,True,99,Salis Abdul Samed,CM-L,8,746431
Nice,2025-08-31,Le Havre,away,3-4-2-1,True,6,Hicham Boudaoui,CM-R,7,746431
Nice,2025-08-31,Le Havre,away,3-4-2-1,True,26,Melvin Bard,LM,3,746431
Nice,2025-08-31,Le Havre,away,3-4-2-1,True,20,Tom Louchet,RM,2,746431
Nice,2025-08-31,Le Havre,away,3-4-2-1,True,90,Kevin Carlos,F,9,746431
Nice,2025-08-31,Le Havre,away,3-4-2-1,True,7,Jérémie Boga,CF-L,11,746431
Nice,2025-08-31,Le Havre,away,3-4-2-1,True,21,Isak Jansson,CF-R,10,746431
Nice,2025-08-31,Le Havre,away,3-4-2-1,False,92,Jonathan Clauss,SUB,0,746431
Nice,2025-08-31,Le Havre,away,3-4-2-1,False,49,Bernard Nguene,SUB,0,746431
Nice,2025-08-31,Le Havre,away,3-4-2-1,False,23,Gabin Bernardeau,SUB,0,746431
Nice,2025-08-31,Le Havre,away,3-4-2-1,False,39,Djibril Coulibaly,SUB,0,746431
Nice,2025-08-31,Le Havre,away,3-4-2-1,False,31,Maxime Dupé,SUB,0,746431
Nice,2025-08-31,Le Havre,away,3-4-2-1,False,9,Terem Moffi,SUB,0,746431
Nice,2025-08-31,Le Havre,away,3-4-2-1,False,10,Sofiane Diop,SUB,0,746431
Nice,2025-08-31,Le Havre,away,3-4-2-1,False,8,Morgan Sanson,SUB,0,746431
Nice,2025-08-31,Le Havre,away,3-4-2-1,False,36,Hamza Koutoune,SUB,0,746431
PSG,2025-09-14,Lens,home,4-3-3,True,30,Lucas Chevalier,G,1,746445
PSG,2025-09-14,Lens,home,4-3-3,True,4,Lucas Beraldo,CD-L,6,746445
PSG,2025-09-14,Lens,home,4-3-3,True,6,Illia Zabarnyi,CD-R,5,746445
PSG,2025-09-14,Lens,home,4-3-3,True,21,Lucas Hernández,LB,3,746445
PSG,2025-09-14,Lens,home,4-3-3,True,2,Achraf Hakimi,RB,2,746445
PSG,2025-09-14,Lens,home,4-3-3,True,17,Vitinha,CM,4,746445
PSG,2025-09-14,Lens,home,4-3-3,True,19,Lee Kang-In,LM,8,746445
PSG,2025-09-14,Lens,home,4-3-3,True,33,Warren Zaïre-Emery,RM,7,746445
PSG,2025-09-14,Lens,home,4-3-3,True,9,Gonçalo Ramos,F,9,746445
PSG,2025-09-14,Lens,home,4-3-3,True,29,Bradley Barcola,LF,11,746445
PSG,2025-09-14,Lens,home,4-3-3,True,7,Khvicha Kvaratskhelia,RF,10,746445
PSG,2025-09-14,Lens,home,4-3-3,False,39,Matvei Safonov,SUB,0,746445
PSG,2025-09-14,Lens,home,4-3-3,False,25,Nuno Mendes,SUB,0,746445
PSG,2025-09-14,Lens,home,4-3-3,False,51,Willian Pacho,SUB,0,746445
PSG,2025-09-14,Lens,home,4-3-3,False,43,Noham Kamara,SUB,0,746445
PSG,2025-09-14,Lens,home,4-3-3,False,87,João Neves,SUB,0,746445
PSG,2025-09-14,Lens,home,4-3-3,False,5,Marquinhos,SUB,0,746445
PSG,2025-09-14,Lens,home,4-3-3,False,24,Senny Mayulu,SUB,0,746445
PSG,2025-09-14,Lens,home,4-3-3,False,49,Ibrahim Mbaye,SUB,0,746445
PSG,2025-09-14,Lens,home,4-3-3,False,8,Fabián Ruiz,SUB,0,746445
Lens,2025-09-14,PSG,away,3-4-2-1,True,40,Robin Risser,G,1,746445
Lens,2025-09-14,PSG,away,3-4-2-1,True,6,Samson Baidoo,CD,5,746445
Lens,2025-09-14,PSG,away,3-4-2-1,True,20,Malang Sarr,CD-L,4,746445
Lens,2025-09-14,PSG,away,3-4-2-1,True,24,Jonathan Gradit,CD-R,6,746445
Lens,2025-09-14,PSG,away,3-4-2-1,True,28,Adrien Thomasson,CM-L,8,746445
Lens,2025-09-14,PSG,away,3-4-2-1,True,8,Mamadou Sangare,CM-R,7,746445
Lens,2025-09-14,PSG,away,3-4-2-1,True,14,Matthieu Udol,LM,3,746445
Lens,2025-09-14,PSG,away,3-4-2-1,True,2,Ruben Aguilar,RM,2,746445
Lens,2025-09-14,PSG,away,3-4-2-1,True,11,Odsonne Édouard,F,9,746445
Lens,2025-09-14,PSG,away,3-4-2-1,True,29,Morgan Guilavogui,CF-L,11,746445
Lens,2025-09-14,PSG,away,3-4-2-1,True,10,Florian Thauvin,CF-R,10,746445
Lens,2025-09-14,PSG,away,3-4-2-1,False,7,Florian Sotoca,SUB,0,746445
Lens,2025-09-14,PSG,away,3-4-2-1,False,38,Rayan Fofana,SUB,0,746445
Lens,2025-09-14,PSG,away,3-4-2-1,False,25,Pierre Ganiou,SUB,0,746445
Lens,2025-09-14,PSG,away,3-4-2-1,False,19,Abdallah Sima,SUB,0,746445
Lens,2025-09-14,PSG,away,3-4-2-1,False,23,Saud Abdulhamid,SUB,0,746445
Lens,2025-09-14,PSG,away,3-4-2-1,False,26,Anthony Bermont,SUB,0,746445
Lens,2025-09-14,PSG,away,3-4-2-1,False,22,Wesley Saïd,SUB,0,746445
Lens,2025-09-14,PSG,away,3-4-2-1,False,1,Régis Gurtner,SUB,0,746445
Lens,2025-09-14,PSG,away,3-4-2-1,False,5,Andrija Bulatovic,SUB,0,746445
Nantes,2025-08-30,Auxerre,home,4-3-3,True,1,Anthony Lopes,G,1,746436
Nantes,2025-08-30,Auxerre,home,4-3-3,True,78,Tylel Tati,CD-L,6,746436
Nantes,2025-08-30,Auxerre,home,4-3-3,True,6,Chidozie Awaziem,CD-R,5,746436
Nantes,2025-08-30,Auxerre,home,4-3-3,True,3,Nicolas Cozza,LB,3,746436
Nantes,2025-08-30,Auxerre,home,4-3-3,True,98,Kelvin Amian,RB,2,746436
Nantes,2025-08-30,Auxerre,home,4-3-3,True,13,Francis Coquelin,CM,4,746436
Nantes,2025-08-30,Auxerre,home,4-3-3,True,8,Johann Lepenant,LM,8,746436
Nantes,2025-08-30,Auxerre,home,4-3-3,True,7,Hong Hyun-Seok,RM,7,746436
Nantes,2025-08-30,Auxerre,home,4-3-3,True,31,Mostafa Mohamed,F,9,746436
Nantes,2025-08-30,Auxerre,home,4-3-3,True,11,Bahereba Guirassy,LF,11,746436
Nantes,2025-08-30,Auxerre,home,4-3-3,True,90,Yassine Benhattab,RF,10,746436
Nantes,2025-08-30,Auxerre,home,4-3-3,False,19,Youssef El Arabi,SUB,0,746436
Nantes,2025-08-30,Auxerre,home,4-3-3,False,5,Kwon Hyeok-Kyu,SUB,0,746436
Nantes,2025-08-30,Auxerre,home,4-3-3,False,93,Jean-Kévin Duverne,SUB,0,746436
Nantes,2025-08-30,Auxerre,home,4-3-3,False,30,Patrick Carlgren,SUB,0,746436
Nantes,2025-08-30,Auxerre,home,4-3-3,False,10,Matthis Abline,SUB,0,746436
Nantes,2025-08-30,Auxerre,home,4-3-3,False,72,Sékou Doucouré,SUB,0,746436
Nantes,2025-08-30,Auxerre,home,4-3-3,False,66,Louis Leroux,SUB,0,746436
Nantes,2025-08-30,Auxerre,home,4-3-3,False,14,Amady Camara,SUB,0,746436
Nantes,2025-08-30,Auxerre,home,4-3-3,False,17,Dehmaine Tabibou,SUB,0,746436
Auxerre,2025-08-30,Nantes,away,4-4-1-1,True,40,Théo De Percin,G,1,746436
Auxerre,2025-08-30,Nantes,away,4-4-1-1,True,92,Clément Akpa,CD-L,6,746436
Auxerre,2025-08-30,Nantes,away,4-4-1-1,True,4,Francisco Sierralta,CD-R,5,746436
Auxerre,2025-08-30,Nantes,away,4-4-1-1,True,14,Gideon Mensah,LB,3,746436
Auxerre,2025-08-30,Nantes,away,4-4-1-1,True,29,Marvin Senaya,RB,2,746436
Auxerre,2025-08-30,Nantes,away,4-4-1-1,True,5,Kévin Danois,CM-L,8,746436
Auxerre,2025-08-30,Nantes,away,4-4-1-1,True,42,Elisha Owusu,CM-R,4,746436
Auxerre,2025-08-30,Nantes,away,4-4-1-1,True,23,Ibrahim Osman,LM,11,746436
Auxerre,2025-08-30,Nantes,away,4-4-1-1,True,7,Josué Casimir,RM,7,746436
Auxerre,2025-08-30,Nantes,away,4-4-1-1,True,10,Lassine Sinayoko,F,9,746436
Auxerre,2025-08-30,Nantes,away,4-4-1-1,True,19,Danny Namaso,RCF,10,746436
Auxerre,2025-08-30,Nantes,away,4-4-1-1,False,35,Elikya Legros,SUB,0,746436
Auxerre,2025-08-30,Nantes,away,4-4-1-1,False,18,Assane Dioussé,SUB,0,746436
Auxerre,2025-08-30,Nantes,away,4-4-1-1,False,34,Rudy Matondo,SUB,0,746436
Auxerre,2025-08-30,Nantes,away,4-4-1-1,False,9,Thelonius Bair,SUB,0,746436
Auxerre,2025-08-30,Nantes,away,4-4-1-1,False,17,Oussama El Azzouzi,SUB,0,746436
Auxerre,2025-08-30,Nantes,away,4-4-1-1,False,27,Lamine Sy,SUB,0,746436
Auxerre,2025-08-30,Nantes,away,4-4-1-1,False,21,Lasso Coulibaly,SUB,0,746436
Auxerre,2025-08-30,Nantes,away,4-4-1-1,False,22,Fredrik Oppegard,SUB,0,746436
Auxerre,2025-08-30,Nantes,away,4-4-1-1,False,30,Tom Negrel,SUB,0,746436
Auxerre,2025-09-13,Monaco,home,5-4-1,True,40,Théo De Percin,G,1,746439
Auxerre,2025-09-13,Monaco,home,5-4-1,True,13,Telli Siwe,CD,5,746439
Auxerre,2025-09-13,Monaco,home,5-4-1,True,14,Gideon Mensah,CD-L,4,746439
Auxerre,2025-09-13,Monaco,home,5-4-1,True,29,Marvin Senaya,CD-R,6,746439
Auxerre,2025-09-13,Monaco,home,5-4-1,True,22,Fredrik Oppegard,LB,3,746439
Auxerre,2025-09-13,Monaco,home,5-4-1,True,7,Josué Casimir,RB,2,746439
Auxerre,2025-09-13,Monaco,home,5-4-1,True,5,Kévin Danois,CM-L,10,746439
Auxerre,2025-09-13,Monaco,home,5-4-1,True,42,Elisha Owusu,CM-R,8,746439
Auxerre,2025-09-13,Monaco,home,5-4-1,True,19,Danny Namaso,LM,11,746439
Auxerre,2025-09-13,Monaco,home,5-4-1,True,10,Lassine Sinayoko,RM,7,746439
Auxerre,2025-09-13,Monaco,home,5-4-1,True,9,Sékou Mara,F,9,746439
Auxerre,2025-09-13,Monaco,home,5-4-1,False,38,Alvin Petit Dol,SUB,0,746439
Auxerre,2025-09-13,Monaco,home,5-4-1,False,27,Lamine Sy,SUB,0,746439
Auxerre,2025-09-13,Monaco,home,5-4-1,False,18,Assane Dioussé,SUB,0,746439
Auxerre,2025-09-13,Monaco,home,5-4-1,False,34,Rudy Matondo,SUB,0,746439
Auxerre,2025-09-13,Monaco,home,5-4-1,False,23,Ibrahim Osman,SUB,0,746439
Auxerre,2025-09-13,Monaco,home,5-4-1,False,21,Lasso Coulibaly,SUB,0,746439
Auxerre,2025-09-13,Monaco,home,5-4-1,False,30,Tom Negrel,SUB,0,746439
Monaco,2025-09-13,Auxerre,away,4-4-2,True,16,Philipp Köhn,G,1,746439
Monaco,2025-09-13,Auxerre,away,4-4-2,True,22,Mohammed Salisu,CD-L,6,746439
Monaco,2025-09-13,Auxerre,away,4-4-2,True,5,Thilo Kehrer,CD-R,5,746439
Monaco,2025-09-13,Auxerre,away,4-4-2,True,20,Kassoum Ouattara,LB,3,746439
Monaco,2025-09-13,Auxerre,away,4-4-2,True,2,Vanderson,RB,2,746439
Monaco,2025-09-13,Auxerre,away,4-4-2,True,6,Denis Zakaria,CM-L,8,746439
Monaco,2025-09-13,Auxerre,away,4-4-2,True,23,Aladji Bamba,CM-R,4,746439
Monaco,2025-09-13,Auxerre,away,4-4-2,True,18,Takumi Minamino,LM,11,746439
Monaco,2025-09-13,Auxerre,away,4-4-2,True,11,Maghnes Akliouche,RM,7,746439
Monaco,2025-09-13,Auxerre,away,4-4-2,True,9,Folarin Balogun,CF-L,9,746439
Monaco,2025-09-13,Auxerre,away,4-4-2,True,14,Mika Biereth,CF-R,10,746439
Monaco,2025-09-13,Auxerre,away,4-4-2,False,3,Eric Dier,SUB,0,746439
Monaco,2025-09-13,Auxerre,away,4-4-2,False,19,George Ilenikhena,SUB,0,746439
Monaco,2025-09-13,Auxerre,away,4-4-2,False,13,Christian Mawissa,SUB,0,746439
Monaco,2025-09-13,Auxerre,away,4-4-2,False,15,Lamine Camara,SUB,0,746439
Monaco,2025-09-13,Auxerre,away,4-4-2,False,4,Jordan Teze,SUB,0,746439
Monaco,2025-09-13,Auxerre,away,4-4-2,False,50,Yann Lienard,SUB,0,746439
Monaco,2025-09-13,Auxerre,away,4-4-2,False,29,Paris Brunner,SUB,0,746439
Monaco,2025-09-13,Auxerre,away,4-4-2,False,28,Mamadou Coulibaly,SUB,0,746439
Monaco,2025-09-13,Auxerre,away,4-4-2,False,12,Caio Henrique,SUB,0,746439
Brest,2025-09-14,Paris FC,home,4-3-3,True,30,Grégoire Coudert,G,1,746440
Brest,2025-09-14,Paris FC,home,4-3-3,True,4,Michel Diaz,CD-L,6,746440
Brest,2025-09-14,Paris FC,home,4-3-3,True,5,Brendan Chardonnet,CD-R,5,746440
Brest,2025-09-14,Paris FC,home,4-3-3,True,2,Bradley Locko,LB,3,746440
Brest,2025-09-14,Paris FC,home,4-3-3,True,77,Kenny Lala,RB,2,746440
Brest,2025-09-14,Paris FC,home,4-3-3,True,13,Joris Chotard,CM,4,746440
Brest,2025-09-14,Paris FC,home,4-3-3,True,33,Hamidou Makalou,LM,8,746440
Brest,2025-09-14,Paris FC,home,4-3-3,True,23,Kamory Doumbia,RM,7,746440
Brest,2025-09-14,Paris FC,home,4-3-3,True,19,Ludovic Ajorque,F,9,746440
Brest,2025-09-14,Paris FC,home,4-3-3,True,17,Mama Baldé,LF,11,746440
Brest,2025-09-14,Paris FC,home,4-3-3,True,10,Romain Del Castillo,RF,10,746440
Brest,2025-09-14,Paris FC,home,4-3-3,False,36,Raphaël Le Guen,SUB,0,746440
Brest,2025-09-14,Paris FC,home,4-3-3,False,7,Junior Dina Ebimbe,SUB,0,746440
Brest,2025-09-14,Paris FC,home,4-3-3,False,26,Julien Le Cardinal,SUB,0,746440
Brest,2025-09-14,Paris FC,home,4-3-3,False,18,Justin Bourgault,SUB,0,746440
Brest,2025-09-14,Paris FC,home,4-3-3,False,27,Daouda Guindo,SUB,0,746440
Brest,2025-09-14,Paris FC,home,4-3-3,False,99,Pathé Mboup,SUB,0,746440
Brest,2025-09-14,Paris FC,home,4-3-3,False,50,Noah Jauny,SUB,0,746440
Brest,2025-09-14,Paris FC,home,4-3-3,False,12,Luc Zogbe,SUB,0,746440
Brest,2025-09-14,Paris FC,home,4-3-3,False,14,Remy Labeau Lascary,SUB,0,746440
Paris FC,2025-09-14,Brest,away,4-1-4-1,True,16,Obed Nkambadio,G,1,746440
Paris FC,2025-09-14,Brest,away,4-1-4-1,True,6,Otavio,CD-L,6,746440
Paris FC,2025-09-14,Brest,away,4-1-4-1,True,5,Moustapha Mbow,CD-R,5,746440
Paris FC,2025-09-14,Brest,away,4-1-4-1,True,33,Pierre Lees-Melou,DM,4,746440
Paris FC,2025-09-14,Brest,away,4-1-4-1,True,28,Thibault De Smet,LB,3,746440
Paris FC,2025-09-14,Brest,away,4-1-4-1,True,31,Samir Chergui,RB,2,746440
Paris FC,2025-09-14,Brest,away,4-1-4-1,True,4,Vincent Marchetti,CM-L,10,746440
Paris FC,2025-09-14,Brest,away,4-1-4-1,True,21,Maxime López,CM-R,8,746440
Paris FC,2025-09-14,Brest,away,4-1-4-1,True,27,Moses Simon,LM,11,746440
Paris FC,2025-09-14,Brest,away,4-1-4-1,True,10,Ilan Kebbal,RM,7,746440
Paris FC,2025-09-14,Brest,away,4-1-4-1,True,9,Willem Geubbels,F,9,746440
Paris FC,2025-09-14,Brest,away,4-1-4-1,False,7,Alimani Gory,SUB,0,746440
Paris FC,2025-09-14,Brest,away,4-1-4-1,False,13,Mathieu Cafaro,SUB,0,746440
Paris FC,2025-09-14,Brest,away,4-1-4-1,False,12,Nouha Dicko,SUB,0,746440
Paris FC,2025-09-14,Brest,away,4-1-4-1,False,20,Julien Lopez,SUB,0,746440
Paris FC,2025-09-14,Brest,away,4-1-4-1,False,17,Adama Camara,SUB,0,746440
Paris FC,2025-09-14,Brest,away,4-1-4-1,False,11,Jean-Phillipe Krasso,SUB,0,746440
Paris FC,2025-09-14,Brest,away,4-1-4-1,False,15,Timothée Kolodziejczak,SUB,0,746440
Paris FC,2025-09-14,Brest,away,4-1-4-1,False,19,Nhoa Sangui,SUB,0,746440
Paris FC,2025-09-14,Brest,away,4-1-4-1,False,35,Kevin Trapp,SUB,0,746440
Metz,2025-09-14,Angers,home,4-2-3-1,True,1,Jonathan Fischer,G,1,746443
Metz,2025-09-14,Angers,home,4-2-3-1,True,15,Terry Yegbe,CD-L,6,746443
Metz,2025-09-14,Angers,home,4-2-3-1,True,5,Jean-Philippe Gbamin,CD-R,5,746443
Metz,2025-09-14,Angers,home,4-2-3-1,True,12,Alpha Touré,LB,3,746443
Metz,2025-09-14,Angers,home,4-2-3-1,True,39,Koffi Kouao,RB,2,746443
Metz,2025-09-14,Angers,home,4-2-3-1,True,10,Gauthier Hein,AM,10,746443
Metz,2025-09-14,Angers,home,4-2-3-1,True,8,Boubacar Traore,LM,4,746443
Metz,2025-09-14,Angers,home,4-2-3-1,True,21,Benjamin Stambouli,RM,8,746443
Metz,2025-09-14,Angers,home,4-2-3-1,True,30,Habib Diallo,F,9,746443
Metz,2025-09-14,Angers,home,4-2-3-1,True,23,Ibou Sané,AM-L,11,746443
Metz,2025-09-14,Angers,home,4-2-3-1,True,7,Giorgi Tsitaishvili,AM-R,7,746443
Metz,2025-09-14,Angers,home,4-2-3-1,False,9,Giorgi Abuashvili,SUB,0,746443
Metz,2025-09-14,Angers,home,4-2-3-1,False,2,Maxime Colin,SUB,0,746443
Metz,2025-09-14,Angers,home,4-2-3-1,False,19,Morgan Bokele,SUB,0,746443
Metz,2025-09-14,Angers,home,4-2-3-1,False,25,Cleo Mélières,SUB,0,746443
Metz,2025-09-14,Angers,home,4-2-3-1,False,29,Ismaël Guerti,SUB,0,746443
Metz,2025-09-14,Angers,home,4-2-3-1,False,24,Brian Madjo,SUB,0,746443
Metz,2025-09-14,Angers,home,4-2-3-1,False,20,Jessy Deminguet,SUB,0,746443
Metz,2025-09-14,Angers,home,4-2-3-1,False,14,Cheick Sabaly,SUB,0,746443
Metz,2025-09-14,Angers,home,4-2-3-1,False,61,Pape Sy,SUB,0,746443
Angers,2025-09-14,Metz,away,4-2-3-1,True,12,Hervé Koffi,G,1,746443
Angers,2025-09-14,Metz,away,4-2-3-1,True,21,Jordan Lefort,CD-L,6,746443
Angers,2025-09-14,Metz,away,4-2-3-1,True,4,Ousmane Camara,CD-R,5,746443
Angers,2025-09-14,Metz,away,4-2-3-1,True,26,Florent Hanin,LB,3,746443
Angers,2025-09-14,Metz,away,4-2-3-1,True,2,Carlens Arcus,RB,2,746443
Angers,2025-09-14,Metz,away,4-2-3-1,True,6,Louis Mouton,AM,10,746443
Angers,2025-09-14,Metz,away,4-2-3-1,True,93,Haris Belkebla,LM,4,746443
Angers,2025-09-14,Metz,away,4-2-3-1,True,14,Yassin Belkhdim,RM,8,746443
Angers,2025-09-14,Metz,away,4-2-3-1,True,35,Prosper Peter,F,9,746443
Angers,2025-09-14,Metz,away,4-2-3-1,True,11,Sidiki Cherif,AM-L,11,746443
Angers,2025-09-14,Metz,away,4-2-3-1,True,27,Lilian Raolisoa,AM-R,7,746443
Angers,2025-09-14,Metz,away,4-2-3-1,False,25,Abdoulaye Bamba,SUB,0,746443
Angers,2025-09-14,Metz,away,4-2-3-1,False,24,Emmanuel Biumla,SUB,0,746443
Angers,2025-09-14,Metz,away,4-2-3-1,False,36,Lanroy Machine,SUB,0,746443
Angers,2025-09-14,Metz,away,4-2-3-1,False,5,Marius Courcoul,SUB,0,746443
Angers,2025-09-14,Metz,away,4-2-3-1,False,16,Melvin Zinga,SUB,0,746443
Angers,2025-09-14,Metz,away,4-2-3-1,False,3,Jacques Ekomie,SUB,0,746443
Angers,2025-09-14,Metz,away,4-2-3-1,False,17,Justin-Noel Kalumba,SUB,0,746443
Angers,2025-09-14,Metz,away,4-2-3-1,False,10,Himad Abdelli,SUB,0,746443
Angers,2025-09-14,Metz,away,4-2-3-1,False,15,Pierrick Capelle,SUB,0,746443
Rennes,2025-09-14,Lyon,home,3-5-2,True,30,Brice Samba,G,1,746446
Rennes,2025-09-14,Lyon,home,3-5-2,True,97,Jérémy Jacquet,CD,5,746446
Rennes,2025-09-14,Lyon,home,3-5-2,True,24,Anthony Rouault,CD-L,4,746446
Rennes,2025-09-14,Lyon,home,3-5-2,True,48,Abdelhamid Aït Boudlal,CD-R,6,746446
Rennes,2025-09-14,Lyon,home,3-5-2,True,6,Djaoui Cissé,CM-L,8,746446
Rennes,2025-09-14,Lyon,home,3-5-2,True,10,Ludovic Blas,CM-R,7,746446
Rennes,2025-09-14,Lyon,home,3-5-2,True,21,Valentin Rongier,AM,11,746446
Rennes,2025-09-14,Lyon,home,3-5-2,True,26,Quentin Merlin,LM,3,746446
Rennes,2025-09-14,Lyon,home,3-5-2,True,95,Przemyslaw Frankowski,RM,2,746446
Rennes,2025-09-14,Lyon,home,3-5-2,True,7,Breel Embolo,CF-L,9,746446
Rennes,2025-09-14,Lyon,home,3-5-2,True,9,Esteban Lepaul,CF-R,10,746446
Rennes,2025-09-14,Lyon,home,3-5-2,False,36,Alidu Seidu,SUB,0,746446
Rennes,2025-09-14,Lyon,home,3-5-2,False,50,Mathys Silistre,SUB,0,746446
Rennes,2025-09-14,Lyon,home,3-5-2,False,3,Lilian Brassier,SUB,0,746446
Rennes,2025-09-14,Lyon,home,3-5-2,False,33,Hans Hateboer,SUB,0,746446
Rennes,2025-09-14,Lyon,home,3-5-2,False,18,Mahamadou Nagida,SUB,0,746446
Rennes,2025-09-14,Lyon,home,3-5-2,False,11,Mousa Al-Tamari,SUB,0,746446
Rennes,2025-09-14,Lyon,home,3-5-2,False,39,Mohamed Meïté,SUB,0,746446
Rennes,2025-09-14,Lyon,home,3-5-2,False,4,Glen Kamara,SUB,0,746446
Rennes,2025-09-14,Lyon,home,3-5-2,False,8,Seko Fofana,SUB,0,746446
Lyon,2025-09-14,Rennes,away,4-2-3-1,True,40,Rémy Descamps,G,1,746446
Lyon,2025-09-14,Rennes,away,4-2-3-1,True,19,Moussa Niakhaté,CD-L,6,746446
Lyon,2025-09-14,Rennes,away,4-2-3-1,True,22,Clinton Mata,CD-R,5,746446
Lyon,2025-09-14,Rennes,away,4-2-3-1,True,16,Abner,LB,3,746446
Lyon,2025-09-14,Rennes,away,4-2-3-1,True,98,Ainsley Maitland-Niles,RB,2,746446
Lyon,2025-09-14,Rennes,away,4-2-3-1,True,8,Corentin Tolisso,AM,10,746446
Lyon,2025-09-14,Rennes,away,4-2-3-1,True,23,Tyler Morton,LM,4,746446
Lyon,2025-09-14,Rennes,away,4-2-3-1,True,6,Tanner Tessmann,RM,8,746446
Lyon,2025-09-14,Rennes,away,4-2-3-1,True,44,Khalis Merah,F,9,746446
Lyon,2025-09-14,Rennes,away,4-2-3-1,True,11,Malick Fofana,AM-L,11,746446
Lyon,2025-09-14,Rennes,away,4-2-3-1,True,7,Adam Karabec,AM-R,7,746446
Lyon,2025-09-14,Rennes,away,4-2-3-1,False,20,Martín Satriano,SUB,0,746446
Lyon,2025-09-14,Rennes,away,4-2-3-1,False,17,Afonso Moreira,SUB,0,746446
Lyon,2025-09-14,Rennes,away,4-2-3-1,False,10,Pavel Sulc,SUB,0,746446
Lyon,2025-09-14,Rennes,away,4-2-3-1,False,1,Dominik Greif,SUB,0,746446
Lyon,2025-09-14,Rennes,away,4-2-3-1,False,18,Rachid Ghezzal,SUB,0,746446
Lyon,2025-09-14,Rennes,away,4-2-3-1,False,39,Mathys De Carvalho,SUB,0,746446
Lyon,2025-09-14,Rennes,away,4-2-3-1,False,3,Nicolás Tagliafico,SUB,0,746446
Lyon,2025-09-14,Rennes,away,4-2-3-1,False,29,Enzo Molébé,SUB,0,746446
Lyon,2025-09-14,Rennes,away,4-2-3-1,False,21,Ruben Kluivert,SUB,0,746446
Nice,2025-09-13,Nantes,home,3-4-2-1,True,80,Yehvann Diouf,G,1,746444
Nice,2025-09-13,Nantes,home,3-4-2-1,True,28,Juma Bah,CD,5,746444
Nice,2025-09-13,Nantes,home,3-4-2-1,True,4,Dante,CD-L,4,746444
Nice,2025-09-13,Nantes,home,3-4-2-1,True,37,Kojo Peprah Oppong,CD-R,6,746444
Nice,2025-09-13,Nantes,home,3-4-2-1,True,24,Charles Vanhoutte,CM-L,8,746444
Nice,2025-09-13,Nantes,home,3-4-2-1,True,6,Hicham Boudaoui,CM-R,7,746444
Nice,2025-09-13,Nantes,home,3-4-2-1,True,26,Melvin Bard,LM,3,746444
Nice,2025-09-13,Nantes,home,3-4-2-1,True,92,Jonathan Clauss,RM,2,746444
Nice,2025-09-13,Nantes,home,3-4-2-1,True,90,Kevin Carlos,F,9,746444
Nice,2025-09-13,Nantes,home,3-4-2-1,True,7,Jérémie Boga,CF-L,11,746444
Nice,2025-09-13,Nantes,home,3-4-2-1,True,10,Sofiane Diop,CF-R,10,746444
Nice,2025-09-13,Nantes,home,3-4-2-1,False,49,Bernard Nguene,SUB,0,746444
Nice,2025-09-13,Nantes,home,3-4-2-1,False,20,Tom Louchet,SUB,0,746444
Nice,2025-09-13,Nantes,home,3-4-2-1,False,21,Isak Jansson,SUB,0,746444
Nice,2025-09-13,Nantes,home,3-4-2-1,False,47,Tiago Gouveia,SUB,0,746444
Nice,2025-09-13,Nantes,home,3-4-2-1,False,8,Morgan Sanson,SUB,0,746444
Nice,2025-09-13,Nantes,home,3-4-2-1,False,99,Salis Abdul Samed,SUB,0,746444
Nice,2025-09-13,Nantes,home,3-4-2-1,False,33,Antoine Mendy,SUB,0,746444
Nice,2025-09-13,Nantes,home,3-4-2-1,False,9,Terem Moffi,SUB,0,746444
Nice,2025-09-13,Nantes,home,3-4-2-1,False,31,Maxime Dupé,SUB,0,746444
Nantes,2025-09-13,Nice,away,4-1-4-1,True,1,Anthony Lopes,G,1,746444
Nantes,2025-09-13,Nice,away,4-1-4-1,True,78,Tylel Tati,CD-L,6,746444
Nantes,2025-09-13,Nice,away,4-1-4-1,True,6,Chidozie Awaziem,CD-R,5,746444
Nantes,2025-09-13,Nice,away,4-1-4-1,True,80,Junior Mwanga,DM,4,746444
Nantes,2025-09-13,Nice,away,4-1-4-1,True,3,Nicolas Cozza,LB,3,746444
Nantes,2025-09-13,Nice,away,4-1-4-1,True,98,Kelvin Amian,RB,2,746444
Nantes,2025-09-13,Nice,away,4-1-4-1,True,8,Johann Lepenant,CM-L,10,746444
Nantes,2025-09-13,Nice,away,4-1-4-1,True,7,Hong Hyun-Seok,CM-R,8,746444
Nantes,2025-09-13,Nice,away,4-1-4-1,True,10,Matthis Abline,LM,11,746444
Nantes,2025-09-13,Nice,away,4-1-4-1,True,90,Yassine Benhattab,RM,7,746444
Nantes,2025-09-13,Nice,away,4-1-4-1,True,31,Mostafa Mohamed,F,9,746444
Nantes,2025-09-13,Nice,away,4-1-4-1,False,30,Patrick Carlgren,SUB,0,746444
Nantes,2025-09-13,Nice,away,4-1-4-1,False,19,Youssef El Arabi,SUB,0,746444
Nantes,2025-09-13,Nice,away,4-1-4-1,False,72,Sékou Doucouré,SUB,0,746444
Nantes,2025-09-13,Nice,away,4-1-4-1,False,17,Dehmaine Tabibou,SUB,0,746444
Nantes,2025-09-13,Nice,away,4-1-4-1,False,52,Bahmed Deuff,SUB,0,746444
Nantes,2025-09-13,Nice,away,4-1-4-1,False,66,Louis Leroux,SUB,0,746444
Nantes,2025-09-13,Nice,away,4-1-4-1,False,14,Amady Camara,SUB,0,746444
Nantes,2025-09-13,Nice,away,4-1-4-1,False,5,Kwon Hyeok-Kyu,SUB,0,746444
Nantes,2025-09-13,Nice,away,4-1-4-1,False,15,Mayckel Lahdo,SUB,0,746444
Strasbourg,2025-09-14,Le Havre,home,3-1-4-2,False,20,Martial Godo,,0,746447
Strasbourg,2025-09-14,Le Havre,home,3-1-4-2,False,27,Samuel Amo-Ameyaw,,0,746447
Strasbourg,2025-09-14,Le Havre,home,3-1-4-2,False,44,Soumaila Coulibaly,,0,746447
Strasbourg,2025-09-14,Le Havre,home,3-1-4-2,False,77,Eduard Sobol,,0,746447
Strasbourg,2025-09-14,Le Havre,home,3-1-4-2,False,1,Karl-Johan Johnsson,,0,746447
Strasbourg,2025-09-14,Le Havre,home,3-1-4-2,False,42,Abdoul Ouattara,,0,746447
Strasbourg,2025-09-14,Le Havre,home,3-1-4-2,False,33,Ogbonna Chizurum,,0,746447
Strasbourg,2025-09-14,Le Havre,home,3-1-4-2,False,29,Samir El Mourabet,,0,746447
Strasbourg,2025-09-14,Le Havre,home,3-1-4-2,False,16,Kendry Páez,,0,746447
Strasbourg,2025-09-14,Le Havre,home,3-1-4-2,True,39,Mike Penders,G,1,746447
Strasbourg,2025-09-14,Le Havre,home,3-1-4-2,True,24,Lucas Høgsberg,CD,4,746447
Strasbourg,2025-09-14,Le Havre,home,3-1-4-2,True,6,Ismael Doukoure,CD-L,6,746447
Strasbourg,2025-09-14,Le Havre,home,3-1-4-2,True,23,Mamadou Sarr,CD-R,5,746447
Strasbourg,2025-09-14,Le Havre,home,3-1-4-2,True,83,Rafael Luís,SW,8,746447
Strasbourg,2025-09-14,Le Havre,home,3-1-4-2,True,32,Valentín Barco,CM-L,11,746447
Strasbourg,2025-09-14,Le Havre,home,3-1-4-2,True,17,Mathis Amougou,CM-R,7,746447
Strasbourg,2025-09-14,Le Havre,home,3-1-4-2,True,3,Ben Chilwell,LM,3,746447
Strasbourg,2025-09-14,Le Havre,home,3-1-4-2,True,7,Diego Moreira,RM,2,746447
Strasbourg,2025-09-14,Le Havre,home,3-1-4-2,True,80,Felix Lemarechal,CF-L,10,746447
Strasbourg,2025-09-14,Le Havre,home,3-1-4-2,True,9,Joaquín Panichelli,CF-R,9,746447
Le Havre,2025-09-14,Strasbourg,away,4-1-4-1,True,99,Mory Diaw,G,1,746447
Le Havre,2025-09-14,Strasbourg,away,4-1-4-1,True,4,Gautier Lloris,CD-L,6,746447
Le Havre,2025-09-14,Strasbourg,away,4-1-4-1,True,93,Arouna Sangante,CD-R,5,746447
Le Havre,2025-09-14,Strasbourg,away,4-1-4-1,True,94,Abdoulaye Touré,DM,4,746447
Le Havre,2025-09-14,Strasbourg,away,4-1-4-1,True,18,Yanis Zouaoui,LB,3,746447
Le Havre,2025-09-14,Strasbourg,away,4-1-4-1,True,7,Loïc Négo,RB,2,746447
Le Havre,2025-09-14,Strasbourg,away,4-1-4-1,True,14,Rassoul Ndiaye,CM-L,10,746447
Le Havre,2025-09-14,Strasbourg,away,4-1-4-1,True,8,Yassine Kechta,CM-R,8,746447
Le Havre,2025-09-14,Strasbourg,away,4-1-4-1,True,45,Issa Soumaré,LM,11,746447
Le Havre,2025-09-14,Strasbourg,away,4-1-4-1,True,13,Fodé Doucouré,RM,7,746447
Le Havre,2025-09-14,Strasbourg,away,4-1-4-1,True,70,Mbwana Samatta,F,9,746447
Le Havre,2025-09-14,Strasbourg,away,4-1-4-1,False,15,Ayumu Seko,SUB,0,746447
Le Havre,2025-09-14,Strasbourg,away,4-1-4-1,False,23,Thomas Delaine,SUB,0,746447
Le Havre,2025-09-14,Strasbourg,away,4-1-4-1,False,9,Damián Pizarro,SUB,0,746447
Le Havre,2025-09-14,Strasbourg,away,4-1-4-1,False,10,Félix Mambimbi,SUB,0,746447
Le Havre,2025-09-14,Strasbourg,away,4-1-4-1,False,21,Younes Namli,SUB,0,746447
Le Havre,2025-09-14,Strasbourg,away,4-1-4-1,False,26,Simon Ebonog,SUB,0,746447
Le Havre,2025-09-14,Strasbourg,away,4-1-4-1,False,6,Etienne Youte Kinkoue,SUB,0,746447
Le Havre,2025-09-14,Strasbourg,away,4-1-4-1,False,77,Lionel Mpasi,SUB,0,746447
Le Havre,2025-09-14,Strasbourg,away,4-1-4-1,False,30,Reda Khadra,SUB,0,746447
Lyon,2025-09-19,Angers,home,4-2-3-1,True,1,Dominik Greif,G,1,746452
Lyon,2025-09-19,Angers,home,4-2-3-1,True,19,Moussa Niakhaté,CD-L,6,746452
Lyon,2025-09-19,Angers,home,4-2-3-1,True,22,Clinton Mata,CD-R,5,746452
Lyon,2025-09-19,Angers,home,4-2-3-1,True,3,Nicolás Tagliafico,LB,3,746452
Lyon,2025-09-19,Angers,home,4-2-3-1,True,98,Ainsley Maitland-Niles,RB,2,746452
Lyon,2025-09-19,Angers,home,4-2-3-1,True,8,Corentin Tolisso,AM,10,746452
Lyon,2025-09-19,Angers,home,4-2-3-1,True,44,Khalis Merah,LM,4,746452
Lyon,2025-09-19,Angers,home,4-2-3-1,True,6,Tanner Tessmann,RM,8,746452
Lyon,2025-09-19,Angers,home,4-2-3-1,True,20,Martín Satriano,F,9,746452
Lyon,2025-09-19,Angers,home,4-2-3-1,True,11,Malick Fofana,AM-L,11,746452
Lyon,2025-09-19,Angers,home,4-2-3-1,True,7,Adam Karabec,AM-R,7,746452
Lyon,2025-09-19,Angers,home,4-2-3-1,False,32,Alejandro Rodríguez,SUB,0,746452
Lyon,2025-09-19,Angers,home,4-2-3-1,False,39,Mathys De Carvalho,SUB,0,746452
Lyon,2025-09-19,Angers,home,4-2-3-1,False,41,Téo Barisic,SUB,0,746452
Lyon,2025-09-19,Angers,home,4-2-3-1,False,21,Ruben Kluivert,SUB,0,746452
Lyon,2025-09-19,Angers,home,4-2-3-1,False,50,Lassine Diarra,SUB,0,746452
Lyon,2025-09-19,Angers,home,4-2-3-1,False,17,Afonso Moreira,SUB,0,746452
Lyon,2025-09-19,Angers,home,4-2-3-1,False,29,Enzo Molébé,SUB,0,746452
Lyon,2025-09-19,Angers,home,4-2-3-1,False,18,Rachid Ghezzal,SUB,0,746452
Lyon,2025-09-19,Angers,home,4-2-3-1,False,10,Pavel Sulc,SUB,0,746452
Angers,2025-09-19,Lyon,away,4-3-3,True,12,Hervé Koffi,G,1,746452
Angers,2025-09-19,Lyon,away,4-3-3,True,21,Jordan Lefort,CD-L,6,746452
Angers,2025-09-19,Lyon,away,4-3-3,True,4,Ousmane Camara,CD-R,5,746452
Angers,2025-09-19,Lyon,away,4-3-3,True,3,Jacques Ekomie,LB,3,746452
Angers,2025-09-19,Lyon,away,4-3-3,True,2,Carlens Arcus,RB,2,746452
Angers,2025-09-19,Lyon,away,4-3-3,True,93,Haris Belkebla,CM,4,746452
Angers,2025-09-19,Lyon,away,4-3-3,True,14,Yassin Belkhdim,LM,8,746452
Angers,2025-09-19,Lyon,away,4-3-3,True,6,Louis Mouton,RM,7,746452
Angers,2025-09-19,Lyon,away,4-3-3,True,35,Prosper Peter,F,9,746452
Angers,2025-09-19,Lyon,away,4-3-3,True,17,Justin-Noel Kalumba,LF,11,746452
Angers,2025-09-19,Lyon,away,4-3-3,True,27,Lilian Raolisoa,RF,10,746452
Angers,2025-09-19,Lyon,away,4-3-3,False,15,Pierrick Capelle,SUB,0,746452
Angers,2025-09-19,Lyon,away,4-3-3,False,5,Marius Courcoul,SUB,0,746452
Angers,2025-09-19,Lyon,away,4-3-3,False,10,Himad Abdelli,SUB,0,746452
Angers,2025-09-19,Lyon,away,4-3-3,False,11,Sidiki Cherif,SUB,0,746452
Angers,2025-09-19,Lyon,away,4-3-3,False,26,Florent Hanin,SUB,0,746452
Angers,2025-09-19,Lyon,away,4-3-3,False,36,Lanroy Machine,SUB,0,746452
Angers,2025-09-19,Lyon,away,4-3-3,False,16,Melvin Zinga,SUB,0,746452
Angers,2025-09-19,Lyon,away,4-3-3,False,25,Abdoulaye Bamba,SUB,0,746452
Angers,2025-09-19,Lyon,away,4-3-3,False,24,Emmanuel Biumla,SUB,0,746452
Monaco,2025-09-21,Metz,home,4-4-2,True,16,Philipp Köhn,G,1,746454
Monaco,2025-09-21,Metz,home,4-4-2,True,5,Thilo Kehrer,CD-L,6,746454
Monaco,2025-09-21,Metz,home,4-4-2,True,3,Eric Dier,CD-R,5,746454
Monaco,2025-09-21,Metz,home,4-4-2,True,20,Kassoum Ouattara,LB,3,746454
Monaco,2025-09-21,Metz,home,4-4-2,True,4,Jordan Teze,RB,2,746454
Monaco,2025-09-21,Metz,home,4-4-2,True,23,Aladji Bamba,CM-L,8,746454
Monaco,2025-09-21,Metz,home,4-4-2,True,15,Lamine Camara,CM-R,4,746454
Monaco,2025-09-21,Metz,home,4-4-2,True,18,Takumi Minamino,LM,11,746454
Monaco,2025-09-21,Metz,home,4-4-2,True,11,Maghnes Akliouche,RM,7,746454
Monaco,2025-09-21,Metz,home,4-4-2,True,29,Paris Brunner,CF-L,9,746454
Monaco,2025-09-21,Metz,home,4-4-2,True,14,Mika Biereth,CF-R,10,746454
Monaco,2025-09-21,Metz,home,4-4-2,False,27,Krépin Diatta,SUB,0,746454
Monaco,2025-09-21,Metz,home,4-4-2,False,17,Stanis Idumbo,SUB,0,746454
Monaco,2025-09-21,Metz,home,4-4-2,False,31,Ansu Fati,SUB,0,746454
Monaco,2025-09-21,Metz,home,4-4-2,False,22,Mohammed Salisu,SUB,0,746454
Monaco,2025-09-21,Metz,home,4-4-2,False,12,Caio Henrique,SUB,0,746454
Monaco,2025-09-21,Metz,home,4-4-2,False,28,Mamadou Coulibaly,SUB,0,746454
Monaco,2025-09-21,Metz,home,4-4-2,False,19,George Ilenikhena,SUB,0,746454
Monaco,2025-09-21,Metz,home,4-4-2,False,50,Yann Lienard,SUB,0,746454
Monaco,2025-09-21,Metz,home,4-4-2,False,9,Folarin Balogun,SUB,0,746454
Metz,2025-09-21,Monaco,away,3-4-2-1,True,1,Jonathan Fischer,G,1,746454
Metz,2025-09-21,Monaco,away,3-4-2-1,True,5,Jean-Philippe Gbamin,CD,5,746454
Metz,2025-09-21,Monaco,away,3-4-2-1,True,15,Terry Yegbe,CD-L,4,746454
Metz,2025-09-21,Monaco,away,3-4-2-1,True,2,Maxime Colin,CD-R,6,746454
Metz,2025-09-21,Monaco,away,3-4-2-1,True,20,Jessy Deminguet,CM-L,8,746454
Metz,2025-09-21,Monaco,away,3-4-2-1,True,21,Benjamin Stambouli,CM-R,7,746454
Metz,2025-09-21,Monaco,away,3-4-2-1,True,97,Fodé Ballo-Touré,LM,3,746454
Metz,2025-09-21,Monaco,away,3-4-2-1,True,39,Koffi Kouao,RM,2,746454
Metz,2025-09-21,Monaco,away,3-4-2-1,True,30,Habib Diallo,F,9,746454
Metz,2025-09-21,Monaco,away,3-4-2-1,True,14,Cheick Sabaly,CF-L,11,746454
Metz,2025-09-21,Monaco,away,3-4-2-1,True,10,Gauthier Hein,CF-R,10,746454
Metz,2025-09-21,Monaco,away,3-4-2-1,False,19,Morgan Bokele,SUB,0,746454
Metz,2025-09-21,Monaco,away,3-4-2-1,False,61,Pape Sy,SUB,0,746454
Metz,2025-09-21,Monaco,away,3-4-2-1,False,29,Ismaël Guerti,SUB,0,746454
Metz,2025-09-21,Monaco,away,3-4-2-1,False,9,Giorgi Abuashvili,SUB,0,746454
Metz,2025-09-21,Monaco,away,3-4-2-1,False,25,Cleo Mélières,SUB,0,746454
Metz,2025-09-21,Monaco,away,3-4-2-1,False,24,Brian Madjo,SUB,0,746454
Metz,2025-09-21,Monaco,away,3-4-2-1,False,23,Ibou Sané,SUB,0,746454
Metz,2025-09-21,Monaco,away,3-4-2-1,False,12,Alpha Touré,SUB,0,746454
Metz,2025-09-21,Monaco,away,3-4-2-1,False,7,Giorgi Tsitaishvili,SUB,0,746454
Auxerre,2025-09-21,Toulouse,home,5-4-1,True,16,Donovan Léon,G,1,746448
Auxerre,2025-09-21,Toulouse,home,5-4-1,True,4,Francisco Sierralta,CD,5,746448
Auxerre,2025-09-21,Toulouse,home,5-4-1,True,14,Gideon Mensah,CD-L,4,746448
Auxerre,2025-09-21,Toulouse,home,5-4-1,True,13,Telli Siwe,CD-R,6,746448
Auxerre,2025-09-21,Toulouse,home,5-4-1,True,22,Fredrik Oppegard,LB,3,746448
Auxerre,2025-09-21,Toulouse,home,5-4-1,True,29,Marvin Senaya,RB,2,746448
Auxerre,2025-09-21,Toulouse,home,5-4-1,True,5,Kévin Danois,CM-L,10,746448
Auxerre,2025-09-21,Toulouse,home,5-4-1,True,42,Elisha Owusu,CM-R,8,746448
Auxerre,2025-09-21,Toulouse,home,5-4-1,True,19,Danny Namaso,LM,11,746448
Auxerre,2025-09-21,Toulouse,home,5-4-1,True,10,Lassine Sinayoko,RM,7,746448
Auxerre,2025-09-21,Toulouse,home,5-4-1,True,9,Sékou Mara,F,9,746448
Auxerre,2025-09-21,Toulouse,home,5-4-1,False,38,Alvin Petit Dol,SUB,0,746448
Auxerre,2025-09-21,Toulouse,home,5-4-1,False,34,Rudy Matondo,SUB,0,746448
Auxerre,2025-09-21,Toulouse,home,5-4-1,False,27,Lamine Sy,SUB,0,746448
Auxerre,2025-09-21,Toulouse,home,5-4-1,False,18,Assane Dioussé,SUB,0,746448
Auxerre,2025-09-21,Toulouse,home,5-4-1,False,23,Ibrahim Osman,SUB,0,746448
Auxerre,2025-09-21,Toulouse,home,5-4-1,False,21,Lasso Coulibaly,SUB,0,746448
Auxerre,2025-09-21,Toulouse,home,5-4-1,False,40,Théo De Percin,SUB,0,746448
Auxerre,2025-09-21,Toulouse,home,5-4-1,False,31,Ryan Rodin,SUB,0,746448
Auxerre,2025-09-21,Toulouse,home,5-4-1,False,92,Clément Akpa,SUB,0,746448
Toulouse,2025-09-21,Auxerre,away,3-4-3,True,1,Guillaume Restes,G,1,746448
Toulouse,2025-09-21,Auxerre,away,3-4-3,True,4,Charlie Cresswell,CD,5,746448
Toulouse,2025-09-21,Auxerre,away,3-4-3,True,2,Rasmus Nicolaisen,CD-L,4,746448
Toulouse,2025-09-21,Auxerre,away,3-4-3,True,3,Mark McKenzie,CD-R,6,746448
Toulouse,2025-09-21,Auxerre,away,3-4-3,True,17,Abu Francis,CM-L,8,746448
Toulouse,2025-09-21,Auxerre,away,3-4-3,True,23,Cristian Cásseres Jr.,CM-R,7,746448
Toulouse,2025-09-21,Auxerre,away,3-4-3,True,24,Dayann Methalie,LM,3,746448
Toulouse,2025-09-21,Auxerre,away,3-4-3,True,15,Aron Donnum,RM,2,746448
Toulouse,2025-09-21,Auxerre,away,3-4-3,True,9,Frank Magri,F,9,746448
Toulouse,2025-09-21,Auxerre,away,3-4-3,True,10,Yann Gboho,CF-L,11,746448
Toulouse,2025-09-21,Auxerre,away,3-4-3,True,31,Noah Edjouma,CF-R,10,746448
Toulouse,2025-09-21,Auxerre,away,3-4-3,False,19,Djibril Sidibé,SUB,0,746448
Toulouse,2025-09-21,Auxerre,away,3-4-3,False,16,Kjetil Haug,SUB,0,746448
Toulouse,2025-09-21,Auxerre,away,3-4-3,False,77,Mario Sauer,SUB,0,746448
Toulouse,2025-09-21,Auxerre,away,3-4-3,False,11,Santiago Hidalgo,SUB,0,746448
Toulouse,2025-09-21,Auxerre,away,3-4-3,False,35,Seny Koumbassa,SUB,0,746448
Toulouse,2025-09-21,Auxerre,away,3-4-3,False,12,Waren Kamanzi,SUB,0,746448
Toulouse,2025-09-21,Auxerre,away,3-4-3,False,20,Emersonn,SUB,0,746448
Toulouse,2025-09-21,Auxerre,away,3-4-3,False,7,Julián Vignolo,SUB,0,746448
Toulouse,2025-09-21,Auxerre,away,3-4-3,False,34,Noah Lahmadi,SUB,0,746448
Lens,2025-09-20,Lille,home,3-4-2-1,True,40,Robin Risser,G,1,746451
Lens,2025-09-20,Lille,home,3-4-2-1,True,6,Samson Baidoo,CD,5,746451
Lens,2025-09-20,Lille,home,3-4-2-1,True,20,Malang Sarr,CD-L,4,746451
Lens,2025-09-20,Lille,home,3-4-2-1,True,24,Jonathan Gradit,CD-R,6,746451
Lens,2025-09-20,Lille,home,3-4-2-1,True,28,Adrien Thomasson,CM-L,8,746451
Lens,2025-09-20,Lille,home,3-4-2-1,True,8,Mamadou Sangare,CM-R,7,746451
Lens,2025-09-20,Lille,home,3-4-2-1,True,14,Matthieu Udol,LM,3,746451
Lens,2025-09-20,Lille,home,3-4-2-1,True,2,Ruben Aguilar,RM,2,746451
Lens,2025-09-20,Lille,home,3-4-2-1,True,38,Rayan Fofana,F,9,746451
Lens,2025-09-20,Lille,home,3-4-2-1,True,22,Wesley Saïd,CF-L,11,746451
Lens,2025-09-20,Lille,home,3-4-2-1,True,10,Florian Thauvin,CF-R,10,746451
Lens,2025-09-20,Lille,home,3-4-2-1,False,11,Odsonne Édouard,SUB,0,746451
Lens,2025-09-20,Lille,home,3-4-2-1,False,25,Pierre Ganiou,SUB,0,746451
Lens,2025-09-20,Lille,home,3-4-2-1,False,18,Fode Sylla,SUB,0,746451
Lens,2025-09-20,Lille,home,3-4-2-1,False,26,Anthony Bermont,SUB,0,746451
Lens,2025-09-20,Lille,home,3-4-2-1,False,29,Morgan Guilavogui,SUB,0,746451
Lens,2025-09-20,Lille,home,3-4-2-1,False,7,Florian Sotoca,SUB,0,746451
Lens,2025-09-20,Lille,home,3-4-2-1,False,23,Saud Abdulhamid,SUB,0,746451
Lens,2025-09-20,Lille,home,3-4-2-1,False,19,Abdallah Sima,SUB,0,746451
Lens,2025-09-20,Lille,home,3-4-2-1,False,1,Régis Gurtner,SUB,0,746451
Lille,2025-09-20,Lens,away,4-2-3-1,True,1,Berke Özer,G,1,746451
Lille,2025-09-20,Lens,away,4-2-3-1,True,18,Chancel Mbemba,CD-L,6,746451
Lille,2025-09-20,Lens,away,4-2-3-1,True,3,Nathan Ngoy,CD-R,5,746451
Lille,2025-09-20,Lens,away,4-2-3-1,True,15,Romain Perraud,LB,3,746451
Lille,2025-09-20,Lens,away,4-2-3-1,True,23,Aïssa Mandi,RB,2,746451
Lille,2025-09-20,Lens,away,4-2-3-1,True,10,Hákon Haraldsson,AM,10,746451
Lille,2025-09-20,Lens,away,4-2-3-1,True,32,Ayyoub Bouaddi,LM,4,746451
Lille,2025-09-20,Lens,away,4-2-3-1,True,6,Nabil Bentaleb,RM,8,746451
Lille,2025-09-20,Lens,away,4-2-3-1,True,9,Olivier Giroud,F,9,746451
Lille,2025-09-20,Lens,away,4-2-3-1,True,27,Felix Correia,AM-L,11,746451
Lille,2025-09-20,Lens,away,4-2-3-1,True,7,Matias Fernandez-Pardo,AM-R,7,746451
Lille,2025-09-20,Lens,away,4-2-3-1,False,8,Ethan Mbappé,SUB,0,746451
Lille,2025-09-20,Lens,away,4-2-3-1,False,29,Hamza Igmane,SUB,0,746451
Lille,2025-09-20,Lens,away,4-2-3-1,False,11,Osame Sahraoui,SUB,0,746451
Lille,2025-09-20,Lens,away,4-2-3-1,False,26,André Gomes,SUB,0,746451
Lille,2025-09-20,Lens,away,4-2-3-1,False,38,Maxima Goffi,SUB,0,746451
Lille,2025-09-20,Lens,away,4-2-3-1,False,22,Tiago Santos,SUB,0,746451
Lille,2025-09-20,Lens,away,4-2-3-1,False,17,Ngal'ayel Mukau,SUB,0,746451
Lille,2025-09-20,Lens,away,4-2-3-1,False,24,Calvin Verdonk,SUB,0,746451
Lille,2025-09-20,Lens,away,4-2-3-1,False,16,Arnaud Bodart,SUB,0,746451
Nantes,2025-09-20,Rennes,home,4-1-4-1,True,1,Anthony Lopes,G,1,746455
Nantes,2025-09-20,Rennes,home,4-1-4-1,True,78,Tylel Tati,CD-L,6,746455
Nantes,2025-09-20,Rennes,home,4-1-4-1,True,6,Chidozie Awaziem,CD-R,5,746455
Nantes,2025-09-20,Rennes,home,4-1-4-1,True,80,Junior Mwanga,DM,4,746455
Nantes,2025-09-20,Rennes,home,4-1-4-1,True,3,Nicolas Cozza,LB,3,746455
Nantes,2025-09-20,Rennes,home,4-1-4-1,True,98,Kelvin Amian,RB,2,746455
Nantes,2025-09-20,Rennes,home,4-1-4-1,True,66,Louis Leroux,CM-L,10,746455
Nantes,2025-09-20,Rennes,home,4-1-4-1,True,8,Johann Lepenant,CM-R,8,746455
Nantes,2025-09-20,Rennes,home,4-1-4-1,True,10,Matthis Abline,LM,11,746455
Nantes,2025-09-20,Rennes,home,4-1-4-1,True,15,Mayckel Lahdo,RM,7,746455
Nantes,2025-09-20,Rennes,home,4-1-4-1,True,31,Mostafa Mohamed,F,9,746455
Nantes,2025-09-20,Rennes,home,4-1-4-1,False,90,Yassine Benhattab,SUB,0,746455
Nantes,2025-09-20,Rennes,home,4-1-4-1,False,13,Francis Coquelin,SUB,0,746455
Nantes,2025-09-20,Rennes,home,4-1-4-1,False,30,Patrick Carlgren,SUB,0,746455
Nantes,2025-09-20,Rennes,home,4-1-4-1,False,7,Hong Hyun-Seok,SUB,0,746455
Nantes,2025-09-20,Rennes,home,4-1-4-1,False,14,Amady Camara,SUB,0,746455
Nantes,2025-09-20,Rennes,home,4-1-4-1,False,17,Dehmaine Tabibou,SUB,0,746455
Nantes,2025-09-20,Rennes,home,4-1-4-1,False,26,Uros Radakovic,SUB,0,746455
Nantes,2025-09-20,Rennes,home,4-1-4-1,False,19,Youssef El Arabi,SUB,0,746455
Nantes,2025-09-20,Rennes,home,4-1-4-1,False,5,Kwon Hyeok-Kyu,SUB,0,746455
Rennes,2025-09-20,Nantes,away,3-5-2,True,30,Brice Samba,G,1,746455
Rennes,2025-09-20,Nantes,away,3-5-2,True,97,Jérémy Jacquet,CD,5,746455
Rennes,2025-09-20,Nantes,away,3-5-2,True,24,Anthony Rouault,CD-L,4,746455
Rennes,2025-09-20,Nantes,away,3-5-2,True,36,Alidu Seidu,CD-R,6,746455
Rennes,2025-09-20,Nantes,away,3-5-2,True,8,Seko Fofana,CM-L,8,746455
Rennes,2025-09-20,Nantes,away,3-5-2,True,10,Ludovic Blas,CM-R,7,746455
Rennes,2025-09-20,Nantes,away,3-5-2,True,21,Valentin Rongier,AM,11,746455
Rennes,2025-09-20,Nantes,away,3-5-2,True,26,Quentin Merlin,LM,3,746455
Rennes,2025-09-20,Nantes,away,3-5-2,True,45,Mahdi Camara,RM,2,746455
Rennes,2025-09-20,Nantes,away,3-5-2,True,7,Breel Embolo,CF-L,9,746455
Rennes,2025-09-20,Nantes,away,3-5-2,True,9,Esteban Lepaul,CF-R,10,746455
Rennes,2025-09-20,Nantes,away,3-5-2,False,33,Hans Hateboer,SUB,0,746455
Rennes,2025-09-20,Nantes,away,3-5-2,False,6,Djaoui Cissé,SUB,0,746455
Rennes,2025-09-20,Nantes,away,3-5-2,False,65,Nordan Mukiele,SUB,0,746455
Rennes,2025-09-20,Nantes,away,3-5-2,False,3,Lilian Brassier,SUB,0,746455
Rennes,2025-09-20,Nantes,away,3-5-2,False,4,Glen Kamara,SUB,0,746455
Rennes,2025-09-20,Nantes,away,3-5-2,False,11,Mousa Al-Tamari,SUB,0,746455
Rennes,2025-09-20,Nantes,away,3-5-2,False,50,Mathys Silistre,SUB,0,746455
Rennes,2025-09-20,Nantes,away,3-5-2,False,39,Mohamed Meïté,SUB,0,746455
Rennes,2025-09-20,Nantes,away,3-5-2,False,18,Mahamadou Nagida,SUB,0,746455
Strasbourg,2025-09-26,Marseille,home,4-2-3-1,True,39,Mike Penders,G,1,746461
Strasbourg,2025-09-26,Marseille,home,4-2-3-1,True,23,Mamadou Sarr,CD-L,6,746461
Strasbourg,2025-09-26,Marseille,home,4-2-3-1,True,24,Lucas Høgsberg,CD-R,5,746461
Strasbourg,2025-09-26,Marseille,home,4-2-3-1,True,3,Ben Chilwell,LB,3,746461
Strasbourg,2025-09-26,Marseille,home,4-2-3-1,True,22,Guela Doué,RB,2,746461
Strasbourg,2025-09-26,Marseille,home,4-2-3-1,True,80,Felix Lemarechal,AM,10,746461
Strasbourg,2025-09-26,Marseille,home,4-2-3-1,True,6,Ismael Doukoure,LM,4,746461
Strasbourg,2025-09-26,Marseille,home,4-2-3-1,True,32,Valentín Barco,RM,8,746461
Strasbourg,2025-09-26,Marseille,home,4-2-3-1,True,10,Emmanuel Emegha,F,9,746461
Strasbourg,2025-09-26,Marseille,home,4-2-3-1,True,7,Diego Moreira,AM-L,11,746461
Strasbourg,2025-09-26,Marseille,home,4-2-3-1,True,16,Kendry Páez,AM-R,7,746461
Strasbourg,2025-09-26,Marseille,home,4-2-3-1,False,17,Mathis Amougou,SUB,0,746461
Strasbourg,2025-09-26,Marseille,home,4-2-3-1,False,1,Karl-Johan Johnsson,SUB,0,746461
Strasbourg,2025-09-26,Marseille,home,4-2-3-1,False,20,Martial Godo,SUB,0,746461
Strasbourg,2025-09-26,Marseille,home,4-2-3-1,False,83,Rafael Luís,SUB,0,746461
Strasbourg,2025-09-26,Marseille,home,4-2-3-1,False,9,Joaquín Panichelli,SUB,0,746461
Strasbourg,2025-09-26,Marseille,home,4-2-3-1,False,42,Abdoul Ouattara,SUB,0,746461
Strasbourg,2025-09-26,Marseille,home,4-2-3-1,False,29,Samir El Mourabet,SUB,0,746461
Strasbourg,2025-09-26,Marseille,home,4-2-3-1,False,27,Samuel Amo-Ameyaw,SUB,0,746461
Strasbourg,2025-09-26,Marseille,home,4-2-3-1,False,2,Andrew Omobamidele,SUB,0,746461
Marseille,2025-09-26,Strasbourg,away,4-2-3-1,True,1,Gerónimo Rulli,G,1,746461
Marseille,2025-09-26,Strasbourg,away,4-2-3-1,True,21,Nayef Aguerd,CD-L,6,746461
Marseille,2025-09-26,Strasbourg,away,4-2-3-1,True,5,Leonardo Balerdi,CD-R,5,746461
Marseille,2025-09-26,Strasbourg,away,4-2-3-1,True,32,Facundo Medina,LB,3,746461
Marseille,2025-09-26,Strasbourg,away,4-2-3-1,True,62,Amir Murillo,RB,2,746461
Marseille,2025-09-26,Strasbourg,away,4-2-3-1,True,8,Angel Gomes,AM,10,746461
Marseille,2025-09-26,Strasbourg,away,4-2-3-1,True,23,Pierre-Emile Højbjerg,LM,4,746461
Marseille,2025-09-26,Strasbourg,away,4-2-3-1,True,17,Matt O'Riley,RM,8,746461
Marseille,2025-09-26,Strasbourg,away,4-2-3-1,True,9,Amine Gouiri,F,9,746461
Marseille,2025-09-26,Strasbourg,away,4-2-3-1,True,22,Timothy Weah,AM-L,11,746461
Marseille,2025-09-26,Strasbourg,away,4-2-3-1,True,14,Igor Paixão,AM-R,7,746461
Marseille,2025-09-26,Strasbourg,away,4-2-3-1,False,10,Mason Greenwood,SUB,0,746461
Marseille,2025-09-26,Strasbourg,away,4-2-3-1,False,97,Pierre-Emerick Aubameyang,SUB,0,746461
Marseille,2025-09-26,Strasbourg,away,4-2-3-1,False,4,CJ Egan-Riley,SUB,0,746461
Marseille,2025-09-26,Strasbourg,away,4-2-3-1,False,33,Emerson,SUB,0,746461
Marseille,2025-09-26,Strasbourg,away,4-2-3-1,False,34,Robinio Vaz,SUB,0,746461
Marseille,2025-09-26,Strasbourg,away,4-2-3-1,False,18,Arthur Vermeeren,SUB,0,746461
Marseille,2025-09-26,Strasbourg,away,4-2-3-1,False,26,Bilal Nadir,SUB,0,746461
Marseille,2025-09-26,Strasbourg,away,4-2-3-1,False,12,Jeffrey de Lange,SUB,0,746461
Marseille,2025-09-26,Strasbourg,away,4-2-3-1,False,28,Benjamin Pavard,SUB,0,746461
Paris FC,2025-09-21,Strasbourg,home,4-1-4-1,True,16,Obed Nkambadio,G,1,746456
Paris FC,2025-09-21,Strasbourg,home,4-1-4-1,True,5,Moustapha Mbow,CD-L,6,746456
Paris FC,2025-09-21,Strasbourg,home,4-1-4-1,True,31,Samir Chergui,CD-R,5,746456
Paris FC,2025-09-21,Strasbourg,home,4-1-4-1,True,33,Pierre Lees-Melou,DM,4,746456
Paris FC,2025-09-21,Strasbourg,home,4-1-4-1,True,19,Nhoa Sangui,LB,3,746456
Paris FC,2025-09-21,Strasbourg,home,4-1-4-1,True,14,Hamari Traoré,RB,2,746456
Paris FC,2025-09-21,Strasbourg,home,4-1-4-1,True,17,Adama Camara,CM-L,10,746456
Paris FC,2025-09-21,Strasbourg,home,4-1-4-1,True,21,Maxime López,CM-R,8,746456
Paris FC,2025-09-21,Strasbourg,home,4-1-4-1,True,27,Moses Simon,LM,11,746456
Paris FC,2025-09-21,Strasbourg,home,4-1-4-1,True,10,Ilan Kebbal,RM,7,746456
Paris FC,2025-09-21,Strasbourg,home,4-1-4-1,True,9,Willem Geubbels,F,9,746456
Paris FC,2025-09-21,Strasbourg,home,4-1-4-1,False,15,Timothée Kolodziejczak,SUB,0,746456
Paris FC,2025-09-21,Strasbourg,home,4-1-4-1,False,2,Tuomas Ollila,SUB,0,746456
Paris FC,2025-09-21,Strasbourg,home,4-1-4-1,False,20,Julien Lopez,SUB,0,746456
Paris FC,2025-09-21,Strasbourg,home,4-1-4-1,False,11,Jean-Phillipe Krasso,SUB,0,746456
Paris FC,2025-09-21,Strasbourg,home,4-1-4-1,False,28,Thibault De Smet,SUB,0,746456
Paris FC,2025-09-21,Strasbourg,home,4-1-4-1,False,7,Alimani Gory,SUB,0,746456
Paris FC,2025-09-21,Strasbourg,home,4-1-4-1,False,13,Mathieu Cafaro,SUB,0,746456
Paris FC,2025-09-21,Strasbourg,home,4-1-4-1,False,35,Kevin Trapp,SUB,0,746456
Paris FC,2025-09-21,Strasbourg,home,4-1-4-1,False,12,Nouha Dicko,SUB,0,746456
Strasbourg,2025-09-21,Paris FC,away,4-4-2,True,39,Mike Penders,G,1,746456
Strasbourg,2025-09-21,Paris FC,away,4-4-2,True,23,Mamadou Sarr,CD-L,6,746456
Strasbourg,2025-09-21,Paris FC,away,4-4-2,True,6,Ismael Doukoure,CD-R,5,746456
Strasbourg,2025-09-21,Paris FC,away,4-4-2,True,3,Ben Chilwell,LB,3,746456
Strasbourg,2025-09-21,Paris FC,away,4-4-2,True,42,Abdoul Ouattara,RB,2,746456
Strasbourg,2025-09-21,Paris FC,away,4-4-2,True,32,Valentín Barco,CM-L,8,746456
Strasbourg,2025-09-21,Paris FC,away,4-4-2,True,29,Samir El Mourabet,CM-R,4,746456
Strasbourg,2025-09-21,Paris FC,away,4-4-2,True,20,Martial Godo,LM,11,746456
Strasbourg,2025-09-21,Paris FC,away,4-4-2,True,7,Diego Moreira,RM,7,746456
Strasbourg,2025-09-21,Paris FC,away,4-4-2,True,16,Kendry Páez,CF-L,9,746456
Strasbourg,2025-09-21,Paris FC,away,4-4-2,True,9,Joaquín Panichelli,CF-R,10,746456
Strasbourg,2025-09-21,Paris FC,away,4-4-2,False,27,Samuel Amo-Ameyaw,SUB,0,746456
Strasbourg,2025-09-21,Paris FC,away,4-4-2,False,80,Felix Lemarechal,SUB,0,746456
Strasbourg,2025-09-21,Paris FC,away,4-4-2,False,22,Guela Doué,SUB,0,746456
Strasbourg,2025-09-21,Paris FC,away,4-4-2,False,2,Andrew Omobamidele,SUB,0,746456
Strasbourg,2025-09-21,Paris FC,away,4-4-2,False,1,Karl-Johan Johnsson,SUB,0,746456
Strasbourg,2025-09-21,Paris FC,away,4-4-2,False,83,Rafael Luís,SUB,0,746456
Strasbourg,2025-09-21,Paris FC,away,4-4-2,False,10,Emmanuel Emegha,SUB,0,746456
Strasbourg,2025-09-21,Paris FC,away,4-4-2,False,77,Eduard Sobol,SUB,0,746456
Strasbourg,2025-09-21,Paris FC,away,4-4-2,False,17,Mathis Amougou,SUB,0,746456
Brest,2025-09-20,Nice,home,4-2-3-1,True,30,Grégoire Coudert,G,1,746449
Brest,2025-09-20,Nice,home,4-2-3-1,True,4,Michel Diaz,CD-L,6,746449
Brest,2025-09-20,Nice,home,4-2-3-1,True,5,Brendan Chardonnet,CD-R,5,746449
Brest,2025-09-20,Nice,home,4-2-3-1,True,2,Bradley Locko,LB,3,746449
Brest,2025-09-20,Nice,home,4-2-3-1,True,77,Kenny Lala,RB,2,746449
Brest,2025-09-20,Nice,home,4-2-3-1,True,23,Kamory Doumbia,AM,10,746449
Brest,2025-09-20,Nice,home,4-2-3-1,True,8,Hugo Magnetti,LM,4,746449
Brest,2025-09-20,Nice,home,4-2-3-1,True,13,Joris Chotard,RM,8,746449
Brest,2025-09-20,Nice,home,4-2-3-1,True,19,Ludovic Ajorque,F,9,746449
Brest,2025-09-20,Nice,home,4-2-3-1,True,99,Pathé Mboup,AM-L,11,746449
Brest,2025-09-20,Nice,home,4-2-3-1,True,10,Romain Del Castillo,AM-R,7,746449
Brest,2025-09-20,Nice,home,4-2-3-1,False,27,Daouda Guindo,SUB,0,746449
Brest,2025-09-20,Nice,home,4-2-3-1,False,14,Remy Labeau Lascary,SUB,0,746449
Brest,2025-09-20,Nice,home,4-2-3-1,False,33,Hamidou Makalou,SUB,0,746449
Brest,2025-09-20,Nice,home,4-2-3-1,False,26,Julien Le Cardinal,SUB,0,746449
Brest,2025-09-20,Nice,home,4-2-3-1,False,7,Junior Dina Ebimbe,SUB,0,746449
Brest,2025-09-20,Nice,home,4-2-3-1,False,36,Raphaël Le Guen,SUB,0,746449
Brest,2025-09-20,Nice,home,4-2-3-1,False,18,Justin Bourgault,SUB,0,746449
Brest,2025-09-20,Nice,home,4-2-3-1,False,12,Luc Zogbe,SUB,0,746449
Brest,2025-09-20,Nice,home,4-2-3-1,False,50,Noah Jauny,SUB,0,746449
Nice,2025-09-20,Brest,away,3-4-2-1,True,80,Yehvann Diouf,G,1,746449
Nice,2025-09-20,Brest,away,3-4-2-1,True,28,Juma Bah,CD,5,746449
Nice,2025-09-20,Brest,away,3-4-2-1,True,26,Melvin Bard,CD-L,4,746449
Nice,2025-09-20,Brest,away,3-4-2-1,True,37,Kojo Peprah Oppong,CD-R,6,746449
Nice,2025-09-20,Brest,away,3-4-2-1,True,24,Charles Vanhoutte,CM-L,8,746449
Nice,2025-09-20,Brest,away,3-4-2-1,True,6,Hicham Boudaoui,CM-R,7,746449
Nice,2025-09-20,Brest,away,3-4-2-1,True,47,Tiago Gouveia,LM,3,746449
Nice,2025-09-20,Brest,away,3-4-2-1,True,92,Jonathan Clauss,RM,2,746449
Nice,2025-09-20,Brest,away,3-4-2-1,True,9,Terem Moffi,F,9,746449
Nice,2025-09-20,Brest,away,3-4-2-1,True,7,Jérémie Boga,CF-L,11,746449
Nice,2025-09-20,Brest,away,3-4-2-1,True,10,Sofiane Diop,CF-R,10,746449
Nice,2025-09-20,Brest,away,3-4-2-1,False,33,Antoine Mendy,SUB,0,746449
Nice,2025-09-20,Brest,away,3-4-2-1,False,21,Isak Jansson,SUB,0,746449
Nice,2025-09-20,Brest,away,3-4-2-1,False,64,Moïse Bombito,SUB,0,746449
Nice,2025-09-20,Brest,away,3-4-2-1,False,99,Salis Abdul Samed,SUB,0,746449
Nice,2025-09-20,Brest,away,3-4-2-1,False,31,Maxime Dupé,SUB,0,746449
Nice,2025-09-20,Brest,away,3-4-2-1,False,20,Tom Louchet,SUB,0,746449
Nice,2025-09-20,Brest,away,3-4-2-1,False,25,Mohamed-Ali Cho,SUB,0,746449
Nice,2025-09-20,Brest,away,3-4-2-1,False,8,Morgan Sanson,SUB,0,746449
Nice,2025-09-20,Brest,away,3-4-2-1,False,90,Kevin Carlos,SUB,0,746449
Lorient,2025-09-27,Monaco,home,3-4-2-1,True,38,Yvon Mvogo,G,1,746459
Lorient,2025-09-27,Monaco,home,3-4-2-1,True,3,Montassar Talbi,CD,5,746459
Lorient,2025-09-27,Monaco,home,3-4-2-1,True,25,Abdoulaye Faye,CD-L,4,746459
Lorient,2025-09-27,Monaco,home,3-4-2-1,True,5,Bamo Meïté,CD-R,6,746459
Lorient,2025-09-27,Monaco,home,3-4-2-1,True,6,Laurent Abergel,CM-L,8,746459
Lorient,2025-09-27,Monaco,home,3-4-2-1,True,62,Arthur Avom,CM-R,7,746459
Lorient,2025-09-27,Monaco,home,3-4-2-1,True,43,Arsène Kouassi,LM,3,746459
Lorient,2025-09-27,Monaco,home,3-4-2-1,True,11,Théo Le Bris,RM,2,746459
Lorient,2025-09-27,Monaco,home,3-4-2-1,True,9,Mohamed Bamba,F,9,746459
Lorient,2025-09-27,Monaco,home,3-4-2-1,True,29,Dermane Karim,CF-L,11,746459
Lorient,2025-09-27,Monaco,home,3-4-2-1,True,15,Tosin Aiyegun,CF-R,10,746459
Lorient,2025-09-27,Monaco,home,3-4-2-1,False,93,Joel Mvuka,SUB,0,746459
Lorient,2025-09-27,Monaco,home,3-4-2-1,False,19,Isaac Monnier,SUB,0,746459
Lorient,2025-09-27,Monaco,home,3-4-2-1,False,12,Bamba Dieng,SUB,0,746459
Lorient,2025-09-27,Monaco,home,3-4-2-1,False,28,Sambou Soumano,SUB,0,746459
Lorient,2025-09-27,Monaco,home,3-4-2-1,False,17,Jean-Victor Makengo,SUB,0,746459
Lorient,2025-09-27,Monaco,home,3-4-2-1,False,21,Bingourou Kamara,SUB,0,746459
Lorient,2025-09-27,Monaco,home,3-4-2-1,False,2,Igor Silva,SUB,0,746459
Lorient,2025-09-27,Monaco,home,3-4-2-1,False,10,Pablo Pagis,SUB,0,746459
Lorient,2025-09-27,Monaco,home,3-4-2-1,False,8,Noah Cadiou,SUB,0,746459
Monaco,2025-09-27,Lorient,away,3-5-2,True,16,Philipp Köhn,G,1,746459
Monaco,2025-09-27,Lorient,away,3-5-2,True,3,Eric Dier,CD,5,746459
Monaco,2025-09-27,Lorient,away,3-5-2,True,13,Christian Mawissa,CD-L,4,746459
Monaco,2025-09-27,Lorient,away,3-5-2,True,5,Thilo Kehrer,CD-R,6,746459
Monaco,2025-09-27,Lorient,away,3-5-2,True,28,Mamadou Coulibaly,CM-L,8,746459
Monaco,2025-09-27,Lorient,away,3-5-2,True,18,Takumi Minamino,CM-R,7,746459
Monaco,2025-09-27,Lorient,away,3-5-2,True,4,Jordan Teze,AM,11,746459
Monaco,2025-09-27,Lorient,away,3-5-2,True,12,Caio Henrique,LM,3,746459
Monaco,2025-09-27,Lorient,away,3-5-2,True,2,Vanderson,RM,2,746459
Monaco,2025-09-27,Lorient,away,3-5-2,True,14,Mika Biereth,CF-L,9,746459
Monaco,2025-09-27,Lorient,away,3-5-2,True,19,George Ilenikhena,CF-R,10,746459
Monaco,2025-09-27,Lorient,away,3-5-2,False,27,Krépin Diatta,SUB,0,746459
Monaco,2025-09-27,Lorient,away,3-5-2,False,41,Pape Cabral,SUB,0,746459
Monaco,2025-09-27,Lorient,away,3-5-2,False,29,Paris Brunner,SUB,0,746459
Monaco,2025-09-27,Lorient,away,3-5-2,False,20,Kassoum Ouattara,SUB,0,746459
Monaco,2025-09-27,Lorient,away,3-5-2,False,17,Stanis Idumbo,SUB,0,746459
Monaco,2025-09-27,Lorient,away,3-5-2,False,50,Yann Lienard,SUB,0,746459
Monaco,2025-09-27,Lorient,away,3-5-2,False,9,Folarin Balogun,SUB,0,746459
Monaco,2025-09-27,Lorient,away,3-5-2,False,22,Mohammed Salisu,SUB,0,746459
Monaco,2025-09-27,Lorient,away,3-5-2,False,31,Ansu Fati,SUB,0,746459
Marseille,2025-09-22,PSG,home,3-4-2-1,True,1,Gerónimo Rulli,G,1,746453
Marseille,2025-09-22,PSG,home,3-4-2-1,True,5,Leonardo Balerdi,CD,5,746453
Marseille,2025-09-22,PSG,home,3-4-2-1,True,21,Nayef Aguerd,CD-L,4,746453
Marseille,2025-09-22,PSG,home,3-4-2-1,True,28,Benjamin Pavard,CD-R,6,746453
Marseille,2025-09-22,PSG,home,3-4-2-1,True,23,Pierre-Emile Højbjerg,CM-L,8,746453
Marseille,2025-09-22,PSG,home,3-4-2-1,True,17,Matt O'Riley,CM-R,7,746453
Marseille,2025-09-22,PSG,home,3-4-2-1,True,33,Emerson,LM,3,746453
Marseille,2025-09-22,PSG,home,3-4-2-1,True,22,Timothy Weah,RM,2,746453
Marseille,2025-09-22,PSG,home,3-4-2-1,True,9,Amine Gouiri,F,9,746453
Marseille,2025-09-22,PSG,home,3-4-2-1,True,14,Igor Paixão,CF-L,11,746453
Marseille,2025-09-22,PSG,home,3-4-2-1,True,10,Mason Greenwood,CF-R,10,746453
Marseille,2025-09-22,PSG,home,3-4-2-1,False,18,Arthur Vermeeren,SUB,0,746453
Marseille,2025-09-22,PSG,home,3-4-2-1,False,12,Jeffrey de Lange,SUB,0,746453
Marseille,2025-09-22,PSG,home,3-4-2-1,False,62,Amir Murillo,SUB,0,746453
Marseille,2025-09-22,PSG,home,3-4-2-1,False,8,Angel Gomes,SUB,0,746453
Marseille,2025-09-22,PSG,home,3-4-2-1,False,34,Robinio Vaz,SUB,0,746453
Marseille,2025-09-22,PSG,home,3-4-2-1,False,32,Facundo Medina,SUB,0,746453
Marseille,2025-09-22,PSG,home,3-4-2-1,False,26,Bilal Nadir,SUB,0,746453
Marseille,2025-09-22,PSG,home,3-4-2-1,False,4,CJ Egan-Riley,SUB,0,746453
Marseille,2025-09-22,PSG,home,3-4-2-1,False,97,Pierre-Emerick Aubameyang,SUB,0,746453
PSG,2025-09-22,Marseille,away,3-5-2,True,30,Lucas Chevalier,G,1,746453
PSG,2025-09-22,Marseille,away,3-5-2,True,6,Illia Zabarnyi,CD,5,746453
PSG,2025-09-22,Marseille,away,3-5-2,True,51,Willian Pacho,CD-L,4,746453
PSG,2025-09-22,Marseille,away,3-5-2,True,5,Marquinhos,CD-R,6,746453
PSG,2025-09-22,Marseille,away,3-5-2,True,8,Fabián Ruiz,CM-L,8,746453
PSG,2025-09-22,Marseille,away,3-5-2,True,33,Warren Zaïre-Emery,CM-R,7,746453
PSG,2025-09-22,Marseille,away,3-5-2,True,17,Vitinha,AM,11,746453
PSG,2025-09-22,Marseille,away,3-5-2,True,25,Nuno Mendes,LM,3,746453
PSG,2025-09-22,Marseille,away,3-5-2,True,2,Achraf Hakimi,RM,2,746453
PSG,2025-09-22,Marseille,away,3-5-2,True,7,Khvicha Kvaratskhelia,CF-L,9,746453
PSG,2025-09-22,Marseille,away,3-5-2,True,9,Gonçalo Ramos,CF-R,10,746453
PSG,2025-09-22,Marseille,away,3-5-2,False,19,Lee Kang-In,SUB,0,746453
PSG,2025-09-22,Marseille,away,3-5-2,False,43,Noham Kamara,SUB,0,746453
PSG,2025-09-22,Marseille,away,3-5-2,False,49,Ibrahim Mbaye,SUB,0,746453
PSG,2025-09-22,Marseille,away,3-5-2,False,24,Senny Mayulu,SUB,0,746453
PSG,2025-09-22,Marseille,away,3-5-2,False,89,Renato Marin,SUB,0,746453
PSG,2025-09-22,Marseille,away,3-5-2,False,4,Lucas Beraldo,SUB,0,746453
PSG,2025-09-22,Marseille,away,3-5-2,False,39,Matvei Safonov,SUB,0,746453
PSG,2025-09-22,Marseille,away,3-5-2,False,21,Lucas Hernández,SUB,0,746453
Toulouse,2025-09-27,Nantes,home,3-4-2-1,True,1,Guillaume Restes,G,1,746464
Toulouse,2025-09-27,Nantes,home,3-4-2-1,True,4,Charlie Cresswell,CD,5,746464
Toulouse,2025-09-27,Nantes,home,3-4-2-1,True,2,Rasmus Nicolaisen,CD-L,4,746464
Toulouse,2025-09-27,Nantes,home,3-4-2-1,True,3,Mark McKenzie,CD-R,6,746464
Toulouse,2025-09-27,Nantes,home,3-4-2-1,True,77,Mario Sauer,CM-L,8,746464
Toulouse,2025-09-27,Nantes,home,3-4-2-1,True,17,Abu Francis,CM-R,7,746464
Toulouse,2025-09-27,Nantes,home,3-4-2-1,True,12,Waren Kamanzi,LM,3,746464
Toulouse,2025-09-27,Nantes,home,3-4-2-1,True,19,Djibril Sidibé,RM,2,746464
Toulouse,2025-09-27,Nantes,home,3-4-2-1,True,20,Emersonn,F,9,746464
Toulouse,2025-09-27,Nantes,home,3-4-2-1,True,9,Frank Magri,CF-L,11,746464
Toulouse,2025-09-27,Nantes,home,3-4-2-1,True,15,Aron Donnum,CF-R,10,746464
Toulouse,2025-09-27,Nantes,home,3-4-2-1,False,10,Yann Gboho,SUB,0,746464
Toulouse,2025-09-27,Nantes,home,3-4-2-1,False,35,Seny Koumbassa,SUB,0,746464
Toulouse,2025-09-27,Nantes,home,3-4-2-1,False,7,Julián Vignolo,SUB,0,746464
Toulouse,2025-09-27,Nantes,home,3-4-2-1,False,16,Kjetil Haug,SUB,0,746464
Toulouse,2025-09-27,Nantes,home,3-4-2-1,False,31,Noah Edjouma,SUB,0,746464
Toulouse,2025-09-27,Nantes,home,3-4-2-1,False,25,Frédéric Efuele Ngoyala,SUB,0,746464
Toulouse,2025-09-27,Nantes,home,3-4-2-1,False,11,Santiago Hidalgo,SUB,0,746464
Toulouse,2025-09-27,Nantes,home,3-4-2-1,False,23,Cristian Cásseres Jr.,SUB,0,746464
Toulouse,2025-09-27,Nantes,home,3-4-2-1,False,24,Dayann Methalie,SUB,0,746464
Nantes,2025-09-27,Toulouse,away,4-3-3,True,1,Anthony Lopes,G,1,746464
Nantes,2025-09-27,Toulouse,away,4-3-3,True,78,Tylel Tati,CD-L,6,746464
Nantes,2025-09-27,Toulouse,away,4-3-3,True,6,Chidozie Awaziem,CD-R,5,746464
Nantes,2025-09-27,Toulouse,away,4-3-3,True,66,Louis Leroux,LB,3,746464
Nantes,2025-09-27,Toulouse,away,4-3-3,True,98,Kelvin Amian,RB,2,746464
Nantes,2025-09-27,Toulouse,away,4-3-3,True,80,Junior Mwanga,CM,4,746464
Nantes,2025-09-27,Toulouse,away,4-3-3,True,17,Dehmaine Tabibou,LM,8,746464
Nantes,2025-09-27,Toulouse,away,4-3-3,True,8,Johann Lepenant,RM,7,746464
Nantes,2025-09-27,Toulouse,away,4-3-3,True,10,Matthis Abline,F,9,746464
Nantes,2025-09-27,Toulouse,away,4-3-3,True,15,Mayckel Lahdo,LF,11,746464
Nantes,2025-09-27,Toulouse,away,4-3-3,True,14,Amady Camara,RF,10,746464
Nantes,2025-09-27,Toulouse,away,4-3-3,False,11,Bahereba Guirassy,SUB,0,746464
Nantes,2025-09-27,Toulouse,away,4-3-3,False,3,Nicolas Cozza,SUB,0,746464
Nantes,2025-09-27,Toulouse,away,4-3-3,False,31,Mostafa Mohamed,SUB,0,746464
Nantes,2025-09-27,Toulouse,away,4-3-3,False,30,Patrick Carlgren,SUB,0,746464
Nantes,2025-09-27,Toulouse,away,4-3-3,False,5,Kwon Hyeok-Kyu,SUB,0,746464
Nantes,2025-09-27,Toulouse,away,4-3-3,False,7,Hong Hyun-Seok,SUB,0,746464
Nantes,2025-09-27,Toulouse,away,4-3-3,False,26,Uros Radakovic,SUB,0,746464
Nantes,2025-09-27,Toulouse,away,4-3-3,False,19,Youssef El Arabi,SUB,0,746464
Nantes,2025-09-27,Toulouse,away,4-3-3,False,90,Yassine Benhattab,SUB,0,746464
Le Havre,2025-09-21,Lorient,home,4-2-3-1,True,99,Mory Diaw,G,1,746450
Le Havre,2025-09-21,Lorient,home,4-2-3-1,True,4,Gautier Lloris,CD-L,6,746450
Le Havre,2025-09-21,Lorient,home,4-2-3-1,True,93,Arouna Sangante,CD-R,5,746450
Le Havre,2025-09-21,Lorient,home,4-2-3-1,True,23,Thomas Delaine,LB,3,746450
Le Havre,2025-09-21,Lorient,home,4-2-3-1,True,7,Loïc Négo,RB,2,746450
Le Havre,2025-09-21,Lorient,home,4-2-3-1,True,8,Yassine Kechta,AM,10,746450
Le Havre,2025-09-21,Lorient,home,4-2-3-1,True,94,Abdoulaye Touré,LM,4,746450
Le Havre,2025-09-21,Lorient,home,4-2-3-1,True,15,Ayumu Seko,RM,8,746450
Le Havre,2025-09-21,Lorient,home,4-2-3-1,True,70,Mbwana Samatta,F,9,746450
Le Havre,2025-09-21,Lorient,home,4-2-3-1,True,45,Issa Soumaré,AM-L,11,746450
Le Havre,2025-09-21,Lorient,home,4-2-3-1,True,13,Fodé Doucouré,AM-R,7,746450
Le Havre,2025-09-21,Lorient,home,4-2-3-1,False,6,Etienne Youte Kinkoue,SUB,0,746450
Le Havre,2025-09-21,Lorient,home,4-2-3-1,False,9,Damián Pizarro,SUB,0,746450
Le Havre,2025-09-21,Lorient,home,4-2-3-1,False,10,Félix Mambimbi,SUB,0,746450
Le Havre,2025-09-21,Lorient,home,4-2-3-1,False,77,Lionel Mpasi,SUB,0,746450
Le Havre,2025-09-21,Lorient,home,4-2-3-1,False,26,Simon Ebonog,SUB,0,746450
Le Havre,2025-09-21,Lorient,home,4-2-3-1,False,14,Rassoul Ndiaye,SUB,0,746450
Le Havre,2025-09-21,Lorient,home,4-2-3-1,False,30,Reda Khadra,SUB,0,746450
Le Havre,2025-09-21,Lorient,home,4-2-3-1,False,21,Younes Namli,SUB,0,746450
Le Havre,2025-09-21,Lorient,home,4-2-3-1,False,33,Enzo Koffi,SUB,0,746450
Lorient,2025-09-21,Le Havre,away,3-4-2-1,True,38,Yvon Mvogo,G,1,746450
Lorient,2025-09-21,Le Havre,away,3-4-2-1,True,3,Montassar Talbi,CD,5,746450
Lorient,2025-09-21,Le Havre,away,3-4-2-1,True,25,Abdoulaye Faye,CD-L,4,746450
Lorient,2025-09-21,Le Havre,away,3-4-2-1,True,5,Bamo Meïté,CD-R,6,746450
Lorient,2025-09-21,Le Havre,away,3-4-2-1,True,6,Laurent Abergel,CM-L,8,746450
Lorient,2025-09-21,Le Havre,away,3-4-2-1,True,62,Arthur Avom,CM-R,7,746450
Lorient,2025-09-21,Le Havre,away,3-4-2-1,True,43,Arsène Kouassi,LM,3,746450
Lorient,2025-09-21,Le Havre,away,3-4-2-1,True,11,Théo Le Bris,RM,2,746450
Lorient,2025-09-21,Le Havre,away,3-4-2-1,True,9,Mohamed Bamba,F,9,746450
Lorient,2025-09-21,Le Havre,away,3-4-2-1,True,29,Dermane Karim,CF-L,11,746450
Lorient,2025-09-21,Le Havre,away,3-4-2-1,True,15,Tosin Aiyegun,CF-R,10,746450
Lorient,2025-09-21,Le Havre,away,3-4-2-1,False,93,Joel Mvuka,SUB,0,746450
Lorient,2025-09-21,Le Havre,away,3-4-2-1,False,28,Sambou Soumano,SUB,0,746450
Lorient,2025-09-21,Le Havre,away,3-4-2-1,False,17,Jean-Victor Makengo,SUB,0,746450
Lorient,2025-09-21,Le Havre,away,3-4-2-1,False,2,Igor Silva,SUB,0,746450
Lorient,2025-09-21,Le Havre,away,3-4-2-1,False,19,Isaac Monnier,SUB,0,746450
Lorient,2025-09-21,Le Havre,away,3-4-2-1,False,10,Pablo Pagis,SUB,0,746450
Lorient,2025-09-21,Le Havre,away,3-4-2-1,False,21,Bingourou Kamara,SUB,0,746450
Lorient,2025-09-21,Le Havre,away,3-4-2-1,False,12,Bamba Dieng,SUB,0,746450
Lorient,2025-09-21,Le Havre,away,3-4-2-1,False,8,Noah Cadiou,SUB,0,746450
Nice,2025-09-28,Paris FC,home,3-4-1-2,True,80,Yehvann Diouf,G,1,746465
Nice,2025-09-28,Paris FC,home,3-4-1-2,True,64,Moïse Bombito,CD,5,746465
Nice,2025-09-28,Paris FC,home,3-4-1-2,True,37,Kojo Peprah Oppong,CD-L,4,746465
Nice,2025-09-28,Paris FC,home,3-4-1-2,True,33,Antoine Mendy,CD-R,6,746465
Nice,2025-09-28,Paris FC,home,3-4-1-2,True,99,Salis Abdul Samed,CM-L,8,746465
Nice,2025-09-28,Paris FC,home,3-4-1-2,True,24,Charles Vanhoutte,CM-R,7,746465
Nice,2025-09-28,Paris FC,home,3-4-1-2,True,10,Sofiane Diop,AM,9,746465
Nice,2025-09-28,Paris FC,home,3-4-1-2,True,2,Ali Abdi,LM,3,746465
Nice,2025-09-28,Paris FC,home,3-4-1-2,True,92,Jonathan Clauss,RM,2,746465
Nice,2025-09-28,Paris FC,home,3-4-1-2,True,9,Terem Moffi,CF-L,11,746465
Nice,2025-09-28,Paris FC,home,3-4-1-2,True,25,Mohamed-Ali Cho,CF-R,10,746465
Nice,2025-09-28,Paris FC,home,3-4-1-2,False,6,Hicham Boudaoui,SUB,0,746465
Nice,2025-09-28,Paris FC,home,3-4-1-2,False,28,Juma Bah,SUB,0,746465
Nice,2025-09-28,Paris FC,home,3-4-1-2,False,47,Tiago Gouveia,SUB,0,746465
Nice,2025-09-28,Paris FC,home,3-4-1-2,False,21,Isak Jansson,SUB,0,746465
Nice,2025-09-28,Paris FC,home,3-4-1-2,False,90,Kevin Carlos,SUB,0,746465
Nice,2025-09-28,Paris FC,home,3-4-1-2,False,7,Jérémie Boga,SUB,0,746465
Nice,2025-09-28,Paris FC,home,3-4-1-2,False,26,Melvin Bard,SUB,0,746465
Nice,2025-09-28,Paris FC,home,3-4-1-2,False,8,Morgan Sanson,SUB,0,746465
Nice,2025-09-28,Paris FC,home,3-4-1-2,False,31,Maxime Dupé,SUB,0,746465
Paris FC,2025-09-28,Nice,away,4-3-3,True,16,Obed Nkambadio,G,1,746465
Paris FC,2025-09-28,Nice,away,4-3-3,True,6,Otavio,CD-L,6,746465
Paris FC,2025-09-28,Nice,away,4-3-3,True,5,Moustapha Mbow,CD-R,5,746465
Paris FC,2025-09-28,Nice,away,4-3-3,True,28,Thibault De Smet,LB,3,746465
Paris FC,2025-09-28,Nice,away,4-3-3,True,14,Hamari Traoré,RB,2,746465
Paris FC,2025-09-28,Nice,away,4-3-3,True,33,Pierre Lees-Melou,CM,4,746465
Paris FC,2025-09-28,Nice,away,4-3-3,True,17,Adama Camara,LM,8,746465
Paris FC,2025-09-28,Nice,away,4-3-3,True,21,Maxime López,RM,7,746465
Paris FC,2025-09-28,Nice,away,4-3-3,True,9,Willem Geubbels,F,9,746465
Paris FC,2025-09-28,Nice,away,4-3-3,True,27,Moses Simon,LF,11,746465
Paris FC,2025-09-28,Nice,away,4-3-3,True,10,Ilan Kebbal,RF,10,746465
Paris FC,2025-09-28,Nice,away,4-3-3,False,12,Nouha Dicko,SUB,0,746465
Paris FC,2025-09-28,Nice,away,4-3-3,False,35,Kevin Trapp,SUB,0,746465
Paris FC,2025-09-28,Nice,away,4-3-3,False,15,Timothée Kolodziejczak,SUB,0,746465
Paris FC,2025-09-28,Nice,away,4-3-3,False,93,Jonathan Ikoné,SUB,0,746465
Paris FC,2025-09-28,Nice,away,4-3-3,False,19,Nhoa Sangui,SUB,0,746465
Paris FC,2025-09-28,Nice,away,4-3-3,False,31,Samir Chergui,SUB,0,746465
Paris FC,2025-09-28,Nice,away,4-3-3,False,11,Jean-Phillipe Krasso,SUB,0,746465
Paris FC,2025-09-28,Nice,away,4-3-3,False,13,Mathieu Cafaro,SUB,0,746465
Paris FC,2025-09-28,Nice,away,4-3-3,False,20,Julien Lopez,SUB,0,746465
PSG,2025-09-27,Auxerre,home,4-3-3,True,30,Lucas Chevalier,G,1,746462
PSG,2025-09-27,Auxerre,home,4-3-3,True,4,Lucas Beraldo,CD-L,6,746462
PSG,2025-09-27,Auxerre,home,4-3-3,True,6,Illia Zabarnyi,CD-R,5,746462
PSG,2025-09-27,Auxerre,home,4-3-3,True,21,Lucas Hernández,LB,3,746462
PSG,2025-09-27,Auxerre,home,4-3-3,True,33,Warren Zaïre-Emery,RB,2,746462
PSG,2025-09-27,Auxerre,home,4-3-3,True,17,Vitinha,CM,4,746462
PSG,2025-09-27,Auxerre,home,4-3-3,True,24,Senny Mayulu,LM,8,746462
PSG,2025-09-27,Auxerre,home,4-3-3,True,19,Lee Kang-In,RM,7,746462
PSG,2025-09-27,Auxerre,home,4-3-3,True,9,Gonçalo Ramos,F,9,746462
PSG,2025-09-27,Auxerre,home,4-3-3,True,7,Khvicha Kvaratskhelia,LF,11,746462
PSG,2025-09-27,Auxerre,home,4-3-3,True,49,Ibrahim Mbaye,RF,10,746462
PSG,2025-09-27,Auxerre,home,4-3-3,False,25,Nuno Mendes,SUB,0,746462
PSG,2025-09-27,Auxerre,home,4-3-3,False,41,Mathis Jangeal,SUB,0,746462
PSG,2025-09-27,Auxerre,home,4-3-3,False,46,Yanis Khafi,SUB,0,746462
PSG,2025-09-27,Auxerre,home,4-3-3,False,29,Bradley Barcola,SUB,0,746462
PSG,2025-09-27,Auxerre,home,4-3-3,False,48,Wassim Slama,SUB,0,746462
PSG,2025-09-27,Auxerre,home,4-3-3,False,39,Matvei Safonov,SUB,0,746462
PSG,2025-09-27,Auxerre,home,4-3-3,False,51,Willian Pacho,SUB,0,746462
PSG,2025-09-27,Auxerre,home,4-3-3,False,2,Achraf Hakimi,SUB,0,746462
PSG,2025-09-27,Auxerre,home,4-3-3,False,47,Quentin Ndjantou,SUB,0,746462
Auxerre,2025-09-27,PSG,away,5-4-1,True,16,Donovan Léon,G,1,746462
Auxerre,2025-09-27,PSG,away,5-4-1,True,4,Francisco Sierralta,CD,5,746462
Auxerre,2025-09-27,PSG,away,5-4-1,True,92,Clément Akpa,CD-L,4,746462
Auxerre,2025-09-27,PSG,away,5-4-1,True,13,Telli Siwe,CD-R,6,746462
Auxerre,2025-09-27,PSG,away,5-4-1,True,14,Gideon Mensah,LB,3,746462
Auxerre,2025-09-27,PSG,away,5-4-1,True,29,Marvin Senaya,RB,2,746462
Auxerre,2025-09-27,PSG,away,5-4-1,True,5,Kévin Danois,CM-L,10,746462
Auxerre,2025-09-27,PSG,away,5-4-1,True,42,Elisha Owusu,CM-R,8,746462
Auxerre,2025-09-27,PSG,away,5-4-1,True,19,Danny Namaso,LM,11,746462
Auxerre,2025-09-27,PSG,away,5-4-1,True,7,Josué Casimir,RM,7,746462
Auxerre,2025-09-27,PSG,away,5-4-1,True,10,Lassine Sinayoko,F,9,746462
Auxerre,2025-09-27,PSG,away,5-4-1,False,40,Théo De Percin,SUB,0,746462
Auxerre,2025-09-27,PSG,away,5-4-1,False,21,Lasso Coulibaly,SUB,0,746462
Auxerre,2025-09-27,PSG,away,5-4-1,False,38,Alvin Petit Dol,SUB,0,746462
Auxerre,2025-09-27,PSG,away,5-4-1,False,18,Assane Dioussé,SUB,0,746462
Auxerre,2025-09-27,PSG,away,5-4-1,False,9,Sékou Mara,SUB,0,746462
Auxerre,2025-09-27,PSG,away,5-4-1,False,23,Ibrahim Osman,SUB,0,746462
Auxerre,2025-09-27,PSG,away,5-4-1,False,27,Lamine Sy,SUB,0,746462
Auxerre,2025-09-27,PSG,away,5-4-1,False,34,Rudy Matondo,SUB,0,746462
Auxerre,2025-09-27,PSG,away,5-4-1,False,36,Tidiane Devernois,SUB,0,746462
Lille,2025-09-28,Lyon,home,4-2-3-1,True,16,Arnaud Bodart,G,1,746458
Lille,2025-09-28,Lyon,home,4-2-3-1,True,23,Aïssa Mandi,CD-L,6,746458
Lille,2025-09-28,Lyon,home,4-2-3-1,True,3,Nathan Ngoy,CD-R,5,746458
Lille,2025-09-28,Lyon,home,4-2-3-1,True,24,Calvin Verdonk,LB,3,746458
Lille,2025-09-28,Lyon,home,4-2-3-1,True,22,Tiago Santos,RB,2,746458
Lille,2025-09-28,Lyon,home,4-2-3-1,True,10,Hákon Haraldsson,AM,10,746458
Lille,2025-09-28,Lyon,home,4-2-3-1,True,32,Ayyoub Bouaddi,LM,4,746458
Lille,2025-09-28,Lyon,home,4-2-3-1,True,17,Ngal'ayel Mukau,RM,8,746458
Lille,2025-09-28,Lyon,home,4-2-3-1,True,9,Olivier Giroud,F,9,746458
Lille,2025-09-28,Lyon,home,4-2-3-1,True,7,Matias Fernandez-Pardo,AM-L,11,746458
Lille,2025-09-28,Lyon,home,4-2-3-1,True,27,Felix Correia,AM-R,7,746458
Lille,2025-09-28,Lyon,home,4-2-3-1,False,26,André Gomes,SUB,0,746458
Lille,2025-09-28,Lyon,home,4-2-3-1,False,40,Thomas Sajous,SUB,0,746458
Lille,2025-09-28,Lyon,home,4-2-3-1,False,14,Marius Broholm,SUB,0,746458
Lille,2025-09-28,Lyon,home,4-2-3-1,False,38,Maxima Goffi,SUB,0,746458
Lille,2025-09-28,Lyon,home,4-2-3-1,False,11,Osame Sahraoui,SUB,0,746458
Lille,2025-09-28,Lyon,home,4-2-3-1,False,6,Nabil Bentaleb,SUB,0,746458
Lille,2025-09-28,Lyon,home,4-2-3-1,False,8,Ethan Mbappé,SUB,0,746458
Lille,2025-09-28,Lyon,home,4-2-3-1,False,18,Chancel Mbemba,SUB,0,746458
Lille,2025-09-28,Lyon,home,4-2-3-1,False,29,Hamza Igmane,SUB,0,746458
Lyon,2025-09-28,Lille,away,4-3-3,True,1,Dominik Greif,G,1,746458
Lyon,2025-09-28,Lille,away,4-3-3,True,19,Moussa Niakhaté,CD-L,6,746458
Lyon,2025-09-28,Lille,away,4-3-3,True,22,Clinton Mata,CD-R,5,746458
Lyon,2025-09-28,Lille,away,4-3-3,True,3,Nicolás Tagliafico,LB,3,746458
Lyon,2025-09-28,Lille,away,4-3-3,True,98,Ainsley Maitland-Niles,RB,2,746458
Lyon,2025-09-28,Lille,away,4-3-3,True,6,Tanner Tessmann,CM,4,746458
Lyon,2025-09-28,Lille,away,4-3-3,True,8,Corentin Tolisso,LM,8,746458
Lyon,2025-09-28,Lille,away,4-3-3,True,23,Tyler Morton,RM,7,746458
Lyon,2025-09-28,Lille,away,4-3-3,True,44,Khalis Merah,F,9,746458
Lyon,2025-09-28,Lille,away,4-3-3,True,11,Malick Fofana,LF,11,746458
Lyon,2025-09-28,Lille,away,4-3-3,True,7,Adam Karabec,RF,10,746458
Lyon,2025-09-28,Lille,away,4-3-3,False,20,Martín Satriano,SUB,0,746458
Lyon,2025-09-28,Lille,away,4-3-3,False,50,Lassine Diarra,SUB,0,746458
Lyon,2025-09-28,Lille,away,4-3-3,False,10,Pavel Sulc,SUB,0,746458
Lyon,2025-09-28,Lille,away,4-3-3,False,21,Ruben Kluivert,SUB,0,746458
Lyon,2025-09-28,Lille,away,4-3-3,False,32,Alejandro Rodríguez,SUB,0,746458
Lyon,2025-09-28,Lille,away,4-3-3,False,29,Enzo Molébé,SUB,0,746458
Lyon,2025-09-28,Lille,away,4-3-3,False,39,Mathys De Carvalho,SUB,0,746458
Lyon,2025-09-28,Lille,away,4-3-3,False,18,Rachid Ghezzal,SUB,0,746458
Lyon,2025-09-28,Lille,away,4-3-3,False,17,Afonso Moreira,SUB,0,746458
Rennes,2025-09-28,Lens,home,3-5-2,True,30,Brice Samba,G,1,746463
Rennes,2025-09-28,Lens,home,3-5-2,True,97,Jérémy Jacquet,CD,5,746463
Rennes,2025-09-28,Lens,home,3-5-2,True,24,Anthony Rouault,CD-L,4,746463
Rennes,2025-09-28,Lens,home,3-5-2,True,36,Alidu Seidu,CD-R,6,746463
Rennes,2025-09-28,Lens,home,3-5-2,True,8,Seko Fofana,CM-L,8,746463
Rennes,2025-09-28,Lens,home,3-5-2,True,45,Mahdi Camara,CM-R,7,746463
Rennes,2025-09-28,Lens,home,3-5-2,True,6,Djaoui Cissé,AM,11,746463
Rennes,2025-09-28,Lens,home,3-5-2,True,26,Quentin Merlin,LM,3,746463
Rennes,2025-09-28,Lens,home,3-5-2,True,10,Ludovic Blas,RM,2,746463
Rennes,2025-09-28,Lens,home,3-5-2,True,9,Esteban Lepaul,CF-L,9,746463
Rennes,2025-09-28,Lens,home,3-5-2,True,7,Breel Embolo,CF-R,10,746463
Rennes,2025-09-28,Lens,home,3-5-2,False,33,Hans Hateboer,SUB,0,746463
Rennes,2025-09-28,Lens,home,3-5-2,False,3,Lilian Brassier,SUB,0,746463
Rennes,2025-09-28,Lens,home,3-5-2,False,95,Przemyslaw Frankowski,SUB,0,746463
Rennes,2025-09-28,Lens,home,3-5-2,False,18,Mahamadou Nagida,SUB,0,746463
Rennes,2025-09-28,Lens,home,3-5-2,False,21,Valentin Rongier,SUB,0,746463
Rennes,2025-09-28,Lens,home,3-5-2,False,65,Nordan Mukiele,SUB,0,746463
Rennes,2025-09-28,Lens,home,3-5-2,False,11,Mousa Al-Tamari,SUB,0,746463
Rennes,2025-09-28,Lens,home,3-5-2,False,39,Mohamed Meïté,SUB,0,746463
Rennes,2025-09-28,Lens,home,3-5-2,False,50,Mathys Silistre,SUB,0,746463
Lens,2025-09-28,Rennes,away,3-4-2-1,True,40,Robin Risser,G,1,746463
Lens,2025-09-28,Rennes,away,3-4-2-1,True,6,Samson Baidoo,CD,5,746463
Lens,2025-09-28,Rennes,away,3-4-2-1,True,20,Malang Sarr,CD-L,4,746463
Lens,2025-09-28,Rennes,away,3-4-2-1,True,24,Jonathan Gradit,CD-R,6,746463
Lens,2025-09-28,Rennes,away,3-4-2-1,True,28,Adrien Thomasson,CM-L,8,746463
Lens,2025-09-28,Rennes,away,3-4-2-1,True,8,Mamadou Sangare,CM-R,7,746463
Lens,2025-09-28,Rennes,away,3-4-2-1,True,14,Matthieu Udol,LM,3,746463
Lens,2025-09-28,Rennes,away,3-4-2-1,True,2,Ruben Aguilar,RM,2,746463
Lens,2025-09-28,Rennes,away,3-4-2-1,True,11,Odsonne Édouard,F,9,746463
Lens,2025-09-28,Rennes,away,3-4-2-1,True,22,Wesley Saïd,CF-L,11,746463
Lens,2025-09-28,Rennes,away,3-4-2-1,True,10,Florian Thauvin,CF-R,10,746463
Lens,2025-09-28,Rennes,away,3-4-2-1,False,29,Morgan Guilavogui,SUB,0,746463
Lens,2025-09-28,Rennes,away,3-4-2-1,False,7,Florian Sotoca,SUB,0,746463
Lens,2025-09-28,Rennes,away,3-4-2-1,False,5,Andrija Bulatovic,SUB,0,746463
Lens,2025-09-28,Rennes,away,3-4-2-1,False,19,Abdallah Sima,SUB,0,746463
Lens,2025-09-28,Rennes,away,3-4-2-1,False,23,Saud Abdulhamid,SUB,0,746463
Lens,2025-09-28,Rennes,away,3-4-2-1,False,25,Pierre Ganiou,SUB,0,746463
Lens,2025-09-28,Rennes,away,3-4-2-1,False,13,Jhoanner Chavez,SUB,0,746463
Lens,2025-09-28,Rennes,away,3-4-2-1,False,1,Régis Gurtner,SUB,0,746463
Lens,2025-09-28,Rennes,away,3-4-2-1,False,38,Rayan Fofana,SUB,0,746463
Metz,2025-09-28,Le Havre,home,3-4-2-1,True,1,Jonathan Fischer,G,1,746460
Metz,2025-09-28,Le Havre,home,3-4-2-1,True,15,Terry Yegbe,CD,5,746460
Metz,2025-09-28,Le Havre,home,3-4-2-1,True,5,Jean-Philippe Gbamin,CD-L,4,746460
Metz,2025-09-28,Le Havre,home,3-4-2-1,True,39,Koffi Kouao,CD-R,6,746460
Metz,2025-09-28,Le Havre,home,3-4-2-1,True,20,Jessy Deminguet,CM-L,8,746460
Metz,2025-09-28,Le Havre,home,3-4-2-1,True,8,Boubacar Traore,CM-R,7,746460
Metz,2025-09-28,Le Havre,home,3-4-2-1,True,4,Urie-Michel Mboula,LM,3,746460
Metz,2025-09-28,Le Havre,home,3-4-2-1,True,19,Morgan Bokele,RM,2,746460
Metz,2025-09-28,Le Havre,home,3-4-2-1,True,30,Habib Diallo,F,9,746460
Metz,2025-09-28,Le Havre,home,3-4-2-1,True,14,Cheick Sabaly,CF-L,11,746460
Metz,2025-09-28,Le Havre,home,3-4-2-1,True,10,Gauthier Hein,CF-R,10,746460
Metz,2025-09-28,Le Havre,home,3-4-2-1,False,29,Ismaël Guerti,SUB,0,746460
Metz,2025-09-28,Le Havre,home,3-4-2-1,False,9,Giorgi Abuashvili,SUB,0,746460
Metz,2025-09-28,Le Havre,home,3-4-2-1,False,2,Maxime Colin,SUB,0,746460
Metz,2025-09-28,Le Havre,home,3-4-2-1,False,12,Alpha Touré,SUB,0,746460
Metz,2025-09-28,Le Havre,home,3-4-2-1,False,23,Ibou Sané,SUB,0,746460
Metz,2025-09-28,Le Havre,home,3-4-2-1,False,7,Giorgi Tsitaishvili,SUB,0,746460
Metz,2025-09-28,Le Havre,home,3-4-2-1,False,24,Brian Madjo,SUB,0,746460
Metz,2025-09-28,Le Havre,home,3-4-2-1,False,61,Pape Sy,SUB,0,746460
Metz,2025-09-28,Le Havre,home,3-4-2-1,False,25,Cleo Mélières,SUB,0,746460
Le Havre,2025-09-28,Metz,away,4-3-3,True,99,Mory Diaw,G,1,746460
Le Havre,2025-09-28,Metz,away,4-3-3,True,4,Gautier Lloris,CD-L,6,746460
Le Havre,2025-09-28,Metz,away,4-3-3,True,6,Etienne Youte Kinkoue,CD-R,5,746460
Le Havre,2025-09-28,Metz,away,4-3-3,True,18,Yanis Zouaoui,LB,3,746460
Le Havre,2025-09-28,Metz,away,4-3-3,True,7,Loïc Négo,RB,2,746460
Le Havre,2025-09-28,Metz,away,4-3-3,True,15,Ayumu Seko,CM,4,746460
Le Havre,2025-09-28,Metz,away,4-3-3,True,94,Abdoulaye Touré,LM,8,746460
Le Havre,2025-09-28,Metz,away,4-3-3,True,26,Simon Ebonog,RM,7,746460
Le Havre,2025-09-28,Metz,away,4-3-3,True,70,Mbwana Samatta,F,9,746460
Le Havre,2025-09-28,Metz,away,4-3-3,True,45,Issa Soumaré,LF,11,746460
Le Havre,2025-09-28,Metz,away,4-3-3,True,30,Reda Khadra,RF,10,746460
Le Havre,2025-09-28,Metz,away,4-3-3,False,78,Daren Mosengo,SUB,0,746460
Le Havre,2025-09-28,Metz,away,4-3-3,False,77,Lionel Mpasi,SUB,0,746460
Le Havre,2025-09-28,Metz,away,4-3-3,False,23,Thomas Delaine,SUB,0,746460
Le Havre,2025-09-28,Metz,away,4-3-3,False,11,Godson Kyeremeh,SUB,0,746460
Le Havre,2025-09-28,Metz,away,4-3-3,False,13,Fodé Doucouré,SUB,0,746460
Le Havre,2025-09-28,Metz,away,4-3-3,False,10,Félix Mambimbi,SUB,0,746460
Le Havre,2025-09-28,Metz,away,4-3-3,False,21,Younes Namli,SUB,0,746460
Le Havre,2025-09-28,Metz,away,4-3-3,False,9,Damián Pizarro,SUB,0,746460
Le Havre,2025-09-28,Metz,away,4-3-3,False,14,Rassoul Ndiaye,SUB,0,746460
Angers,2025-09-28,Brest,home,4-4-2,True,12,Hervé Koffi,G,1,746457
Angers,2025-09-28,Brest,home,4-4-2,True,21,Jordan Lefort,CD-L,6,746457
Angers,2025-09-28,Brest,home,4-4-2,True,4,Ousmane Camara,CD-R,5,746457
Angers,2025-09-28,Brest,home,4-4-2,True,3,Jacques Ekomie,LB,3,746457
Angers,2025-09-28,Brest,home,4-4-2,True,2,Carlens Arcus,RB,2,746457
Angers,2025-09-28,Brest,home,4-4-2,True,93,Haris Belkebla,CM-L,8,746457
Angers,2025-09-28,Brest,home,4-4-2,True,14,Yassin Belkhdim,CM-R,4,746457
Angers,2025-09-28,Brest,home,4-4-2,True,10,Himad Abdelli,LM,11,746457
Angers,2025-09-28,Brest,home,4-4-2,True,17,Justin-Noel Kalumba,RM,7,746457
Angers,2025-09-28,Brest,home,4-4-2,True,35,Prosper Peter,CF-L,9,746457
Angers,2025-09-28,Brest,home,4-4-2,True,11,Sidiki Cherif,CF-R,10,746457
Angers,2025-09-28,Brest,home,4-4-2,False,26,Florent Hanin,SUB,0,746457
Angers,2025-09-28,Brest,home,4-4-2,False,5,Marius Courcoul,SUB,0,746457
Angers,2025-09-28,Brest,home,4-4-2,False,24,Emmanuel Biumla,SUB,0,746457
Angers,2025-09-28,Brest,home,4-4-2,False,15,Pierrick Capelle,SUB,0,746457
Angers,2025-09-28,Brest,home,4-4-2,False,20,Marius Louãr,SUB,0,746457
Angers,2025-09-28,Brest,home,4-4-2,False,25,Abdoulaye Bamba,SUB,0,746457
Angers,2025-09-28,Brest,home,4-4-2,False,40,Oumar Pona,SUB,0,746457
Angers,2025-09-28,Brest,home,4-4-2,False,36,Lanroy Machine,SUB,0,746457
Angers,2025-09-28,Brest,home,4-4-2,False,6,Louis Mouton,SUB,0,746457
Brest,2025-09-28,Angers,away,4-2-3-1,True,1,Radoslaw Majecki,G,1,746457
Brest,2025-09-28,Angers,away,4-2-3-1,True,4,Michel Diaz,CD-L,6,746457
Brest,2025-09-28,Angers,away,4-2-3-1,True,5,Brendan Chardonnet,CD-R,5,746457
Brest,2025-09-28,Angers,away,4-2-3-1,True,2,Bradley Locko,LB,3,746457
Brest,2025-09-28,Angers,away,4-2-3-1,True,77,Kenny Lala,RB,2,746457
Brest,2025-09-28,Angers,away,4-2-3-1,True,23,Kamory Doumbia,AM,10,746457
Brest,2025-09-28,Angers,away,4-2-3-1,True,8,Hugo Magnetti,LM,4,746457
Brest,2025-09-28,Angers,away,4-2-3-1,True,13,Joris Chotard,RM,8,746457
Brest,2025-09-28,Angers,away,4-2-3-1,True,19,Ludovic Ajorque,F,9,746457
Brest,2025-09-28,Angers,away,4-2-3-1,True,14,Remy Labeau Lascary,AM-L,11,746457
Brest,2025-09-28,Angers,away,4-2-3-1,True,10,Romain Del Castillo,AM-R,7,746457
Brest,2025-09-28,Angers,away,4-2-3-1,False,7,Junior Dina Ebimbe,SUB,0,746457
Brest,2025-09-28,Angers,away,4-2-3-1,False,30,Grégoire Coudert,SUB,0,746457
Brest,2025-09-28,Angers,away,4-2-3-1,False,50,Noah Jauny,SUB,0,746457
Brest,2025-09-28,Angers,away,4-2-3-1,False,99,Pathé Mboup,SUB,0,746457
Brest,2025-09-28,Angers,away,4-2-3-1,False,12,Luc Zogbe,SUB,0,746457
Brest,2025-09-28,Angers,away,4-2-3-1,False,36,Raphaël Le Guen,SUB,0,746457
Brest,2025-09-28,Angers,away,4-2-3-1,False,27,Daouda Guindo,SUB,0,746457
Brest,2025-09-28,Angers,away,4-2-3-1,False,33,Hamidou Makalou,SUB,0,746457
Brest,2025-09-28,Angers,away,4-2-3-1,False,26,Julien Le Cardinal,SUB,0,746457
Auxerre,2025-10-04,Lens,home,5-4-1,True,16,Donovan Léon,G,1,746466
Auxerre,2025-10-04,Lens,home,5-4-1,True,4,Francisco Sierralta,CD,5,746466
Auxerre,2025-10-04,Lens,home,5-4-1,True,92,Clément Akpa,CD-L,4,746466
Auxerre,2025-10-04,Lens,home,5-4-1,True,29,Marvin Senaya,CD-R,6,746466
Auxerre,2025-10-04,Lens,home,5-4-1,True,14,Gideon Mensah,LB,3,746466
Auxerre,2025-10-04,Lens,home,5-4-1,True,7,Josué Casimir,RB,2,746466
Auxerre,2025-10-04,Lens,home,5-4-1,True,5,Kévin Danois,CM-L,10,746466
Auxerre,2025-10-04,Lens,home,5-4-1,True,42,Elisha Owusu,CM-R,8,746466
Auxerre,2025-10-04,Lens,home,5-4-1,True,19,Danny Namaso,LM,11,746466
Auxerre,2025-10-04,Lens,home,5-4-1,True,10,Lassine Sinayoko,RM,7,746466
Auxerre,2025-10-04,Lens,home,5-4-1,True,9,Sékou Mara,F,9,746466
Auxerre,2025-10-04,Lens,home,5-4-1,False,38,Alvin Petit Dol,SUB,0,746466
Auxerre,2025-10-04,Lens,home,5-4-1,False,23,Ibrahim Osman,SUB,0,746466
Auxerre,2025-10-04,Lens,home,5-4-1,False,40,Théo De Percin,SUB,0,746466
Auxerre,2025-10-04,Lens,home,5-4-1,False,34,Rudy Matondo,SUB,0,746466
Auxerre,2025-10-04,Lens,home,5-4-1,False,18,Assane Dioussé,SUB,0,746466
Auxerre,2025-10-04,Lens,home,5-4-1,False,27,Lamine Sy,SUB,0,746466
Auxerre,2025-10-04,Lens,home,5-4-1,False,36,Tidiane Devernois,SUB,0,746466
Auxerre,2025-10-04,Lens,home,5-4-1,False,31,Ryan Rodin,SUB,0,746466
Auxerre,2025-10-04,Lens,home,5-4-1,False,22,Fredrik Oppegard,SUB,0,746466
Lens,2025-10-04,Auxerre,away,3-4-2-1,True,40,Robin Risser,G,1,746466
Lens,2025-10-04,Auxerre,away,3-4-2-1,True,6,Samson Baidoo,CD,5,746466
Lens,2025-10-04,Auxerre,away,3-4-2-1,True,20,Malang Sarr,CD-L,4,746466
Lens,2025-10-04,Auxerre,away,3-4-2-1,True,25,Pierre Ganiou,CD-R,6,746466
Lens,2025-10-04,Auxerre,away,3-4-2-1,True,28,Adrien Thomasson,CM-L,8,746466
Lens,2025-10-04,Auxerre,away,3-4-2-1,True,8,Mamadou Sangare,CM-R,7,746466
Lens,2025-10-04,Auxerre,away,3-4-2-1,True,14,Matthieu Udol,LM,3,746466
Lens,2025-10-04,Auxerre,away,3-4-2-1,True,2,Ruben Aguilar,RM,2,746466
Lens,2025-10-04,Auxerre,away,3-4-2-1,True,11,Odsonne Édouard,F,9,746466
Lens,2025-10-04,Auxerre,away,3-4-2-1,True,22,Wesley Saïd,CF-L,11,746466
Lens,2025-10-04,Auxerre,away,3-4-2-1,True,10,Florian Thauvin,CF-R,10,746466
Lens,2025-10-04,Auxerre,away,3-4-2-1,False,23,Saud Abdulhamid,SUB,0,746466
Lens,2025-10-04,Auxerre,away,3-4-2-1,False,19,Abdallah Sima,SUB,0,746466
Lens,2025-10-04,Auxerre,away,3-4-2-1,False,1,Régis Gurtner,SUB,0,746466
Lens,2025-10-04,Auxerre,away,3-4-2-1,False,38,Rayan Fofana,SUB,0,746466
Lens,2025-10-04,Auxerre,away,3-4-2-1,False,5,Andrija Bulatovic,SUB,0,746466
Lens,2025-10-04,Auxerre,away,3-4-2-1,False,29,Morgan Guilavogui,SUB,0,746466
Lens,2025-10-04,Auxerre,away,3-4-2-1,False,15,Hamzat Ojediran,SUB,0,746466
Lens,2025-10-04,Auxerre,away,3-4-2-1,False,7,Florian Sotoca,SUB,0,746466
Lens,2025-10-04,Auxerre,away,3-4-2-1,False,13,Jhoanner Chavez,SUB,0,746466
Paris FC,2025-10-03,Lorient,home,4-3-3,True,16,Obed Nkambadio,G,1,746473
Paris FC,2025-10-03,Lorient,home,4-3-3,True,6,Otavio,CD-L,6,746473
Paris FC,2025-10-03,Lorient,home,4-3-3,True,5,Moustapha Mbow,CD-R,5,746473
Paris FC,2025-10-03,Lorient,home,4-3-3,True,28,Thibault De Smet,LB,3,746473
Paris FC,2025-10-03,Lorient,home,4-3-3,True,14,Hamari Traoré,RB,2,746473
Paris FC,2025-10-03,Lorient,home,4-3-3,True,33,Pierre Lees-Melou,CM,4,746473
Paris FC,2025-10-03,Lorient,home,4-3-3,True,17,Adama Camara,LM,8,746473
Paris FC,2025-10-03,Lorient,home,4-3-3,True,21,Maxime López,RM,7,746473
Paris FC,2025-10-03,Lorient,home,4-3-3,True,11,Jean-Phillipe Krasso,F,9,746473
Paris FC,2025-10-03,Lorient,home,4-3-3,True,27,Moses Simon,LF,11,746473
Paris FC,2025-10-03,Lorient,home,4-3-3,True,10,Ilan Kebbal,RF,10,746473
Paris FC,2025-10-03,Lorient,home,4-3-3,False,12,Nouha Dicko,SUB,0,746473
Paris FC,2025-10-03,Lorient,home,4-3-3,False,19,Nhoa Sangui,SUB,0,746473
Paris FC,2025-10-03,Lorient,home,4-3-3,False,31,Samir Chergui,SUB,0,746473
Paris FC,2025-10-03,Lorient,home,4-3-3,False,13,Mathieu Cafaro,SUB,0,746473
Paris FC,2025-10-03,Lorient,home,4-3-3,False,9,Willem Geubbels,SUB,0,746473
Paris FC,2025-10-03,Lorient,home,4-3-3,False,35,Kevin Trapp,SUB,0,746473
Paris FC,2025-10-03,Lorient,home,4-3-3,False,15,Timothée Kolodziejczak,SUB,0,746473
Paris FC,2025-10-03,Lorient,home,4-3-3,False,20,Julien Lopez,SUB,0,746473
Paris FC,2025-10-03,Lorient,home,4-3-3,False,93,Jonathan Ikoné,SUB,0,746473
Lorient,2025-10-03,Paris FC,away,3-4-2-1,True,38,Yvon Mvogo,G,1,746473
Lorient,2025-10-03,Paris FC,away,3-4-2-1,True,3,Montassar Talbi,CD,5,746473
Lorient,2025-10-03,Paris FC,away,3-4-2-1,True,25,Abdoulaye Faye,CD-L,4,746473
Lorient,2025-10-03,Paris FC,away,3-4-2-1,True,5,Bamo Meïté,CD-R,6,746473
Lorient,2025-10-03,Paris FC,away,3-4-2-1,True,6,Laurent Abergel,CM-L,8,746473
Lorient,2025-10-03,Paris FC,away,3-4-2-1,True,62,Arthur Avom,CM-R,7,746473
Lorient,2025-10-03,Paris FC,away,3-4-2-1,True,43,Arsène Kouassi,LM,3,746473
Lorient,2025-10-03,Paris FC,away,3-4-2-1,True,11,Théo Le Bris,RM,2,746473
Lorient,2025-10-03,Paris FC,away,3-4-2-1,True,9,Mohamed Bamba,F,9,746473
Lorient,2025-10-03,Paris FC,away,3-4-2-1,True,10,Pablo Pagis,CF-L,11,746473
Lorient,2025-10-03,Paris FC,away,3-4-2-1,True,17,Jean-Victor Makengo,CF-R,10,746473
Lorient,2025-10-03,Paris FC,away,3-4-2-1,False,15,Tosin Aiyegun,SUB,0,746473
Lorient,2025-10-03,Paris FC,away,3-4-2-1,False,8,Noah Cadiou,SUB,0,746473
Lorient,2025-10-03,Paris FC,away,3-4-2-1,False,2,Igor Silva,SUB,0,746473
Lorient,2025-10-03,Paris FC,away,3-4-2-1,False,21,Bingourou Kamara,SUB,0,746473
Lorient,2025-10-03,Paris FC,away,3-4-2-1,False,93,Joel Mvuka,SUB,0,746473
Lorient,2025-10-03,Paris FC,away,3-4-2-1,False,44,Darlin Yongwa,SUB,0,746473
Lorient,2025-10-03,Paris FC,away,3-4-2-1,False,19,Isaac Monnier,SUB,0,746473
Lorient,2025-10-03,Paris FC,away,3-4-2-1,False,28,Sambou Soumano,SUB,0,746473
Lorient,2025-10-03,Paris FC,away,3-4-2-1,False,12,Bamba Dieng,SUB,0,746473
Metz,2025-10-04,Marseille,home,3-4-2-1,True,1,Jonathan Fischer,G,1,746471
Metz,2025-10-04,Marseille,home,3-4-2-1,True,5,Jean-Philippe Gbamin,CD,5,746471
Metz,2025-10-04,Marseille,home,3-4-2-1,True,15,Terry Yegbe,CD-L,4,746471
Metz,2025-10-04,Marseille,home,3-4-2-1,True,38,Sadibou Sané,CD-R,6,746471
Metz,2025-10-04,Marseille,home,3-4-2-1,True,20,Jessy Deminguet,CM-L,8,746471
Metz,2025-10-04,Marseille,home,3-4-2-1,True,8,Boubacar Traore,CM-R,7,746471
Metz,2025-10-04,Marseille,home,3-4-2-1,True,97,Fodé Ballo-Touré,LM,3,746471
Metz,2025-10-04,Marseille,home,3-4-2-1,True,39,Koffi Kouao,RM,2,746471
Metz,2025-10-04,Marseille,home,3-4-2-1,True,30,Habib Diallo,F,9,746471
Metz,2025-10-04,Marseille,home,3-4-2-1,True,14,Cheick Sabaly,CF-L,11,746471
Metz,2025-10-04,Marseille,home,3-4-2-1,True,10,Gauthier Hein,CF-R,10,746471
Metz,2025-10-04,Marseille,home,3-4-2-1,False,2,Maxime Colin,SUB,0,746471
Metz,2025-10-04,Marseille,home,3-4-2-1,False,29,Ismaël Guerti,SUB,0,746471
Metz,2025-10-04,Marseille,home,3-4-2-1,False,61,Pape Sy,SUB,0,746471
Metz,2025-10-04,Marseille,home,3-4-2-1,False,23,Ibou Sané,SUB,0,746471
Metz,2025-10-04,Marseille,home,3-4-2-1,False,9,Giorgi Abuashvili,SUB,0,746471
Metz,2025-10-04,Marseille,home,3-4-2-1,False,24,Brian Madjo,SUB,0,746471
Metz,2025-10-04,Marseille,home,3-4-2-1,False,19,Morgan Bokele,SUB,0,746471
Metz,2025-10-04,Marseille,home,3-4-2-1,False,12,Alpha Touré,SUB,0,746471
Metz,2025-10-04,Marseille,home,3-4-2-1,False,7,Giorgi Tsitaishvili,SUB,0,746471
Marseille,2025-10-04,Metz,away,4-2-3-1,True,1,Gerónimo Rulli,G,1,746471
Marseille,2025-10-04,Metz,away,4-2-3-1,True,21,Nayef Aguerd,CD-L,6,746471
Marseille,2025-10-04,Metz,away,4-2-3-1,True,28,Benjamin Pavard,CD-R,5,746471
Marseille,2025-10-04,Metz,away,4-2-3-1,True,33,Emerson,LB,3,746471
Marseille,2025-10-04,Metz,away,4-2-3-1,True,22,Timothy Weah,RB,2,746471
Marseille,2025-10-04,Metz,away,4-2-3-1,True,8,Angel Gomes,AM,10,746471
Marseille,2025-10-04,Metz,away,4-2-3-1,True,23,Pierre-Emile Højbjerg,LM,4,746471
Marseille,2025-10-04,Metz,away,4-2-3-1,True,17,Matt O'Riley,RM,8,746471
Marseille,2025-10-04,Metz,away,4-2-3-1,True,34,Robinio Vaz,F,9,746471
Marseille,2025-10-04,Metz,away,4-2-3-1,True,14,Igor Paixão,AM-L,11,746471
Marseille,2025-10-04,Metz,away,4-2-3-1,True,10,Mason Greenwood,AM-R,7,746471
Marseille,2025-10-04,Metz,away,4-2-3-1,False,18,Arthur Vermeeren,SUB,0,746471
Marseille,2025-10-04,Metz,away,4-2-3-1,False,26,Bilal Nadir,SUB,0,746471
Marseille,2025-10-04,Metz,away,4-2-3-1,False,6,Ulisses Garcia,SUB,0,746471
Marseille,2025-10-04,Metz,away,4-2-3-1,False,5,Leonardo Balerdi,SUB,0,746471
Marseille,2025-10-04,Metz,away,4-2-3-1,False,62,Amir Murillo,SUB,0,746471
Marseille,2025-10-04,Metz,away,4-2-3-1,False,4,CJ Egan-Riley,SUB,0,746471
Marseille,2025-10-04,Metz,away,4-2-3-1,False,12,Jeffrey de Lange,SUB,0,746471
Marseille,2025-10-04,Metz,away,4-2-3-1,False,97,Pierre-Emerick Aubameyang,SUB,0,746471
Marseille,2025-10-04,Metz,away,4-2-3-1,False,9,Amine Gouiri,SUB,0,746471
Lille,2025-10-05,PSG,home,4-3-3,True,1,Berke Özer,G,1,746469
Lille,2025-10-05,PSG,home,4-3-3,True,23,Aïssa Mandi,CD-L,6,746469
Lille,2025-10-05,PSG,home,4-3-3,True,3,Nathan Ngoy,CD-R,5,746469
Lille,2025-10-05,PSG,home,4-3-3,True,15,Romain Perraud,LB,3,746469
Lille,2025-10-05,PSG,home,4-3-3,True,12,Thomas Meunier,RB,2,746469
Lille,2025-10-05,PSG,home,4-3-3,True,32,Ayyoub Bouaddi,CM,4,746469
Lille,2025-10-05,PSG,home,4-3-3,True,21,Benjamin André,LM,8,746469
Lille,2025-10-05,PSG,home,4-3-3,True,6,Nabil Bentaleb,RM,7,746469
Lille,2025-10-05,PSG,home,4-3-3,True,9,Olivier Giroud,F,9,746469
Lille,2025-10-05,PSG,home,4-3-3,True,7,Matias Fernandez-Pardo,LF,11,746469
Lille,2025-10-05,PSG,home,4-3-3,True,10,Hákon Haraldsson,RF,10,746469
Lille,2025-10-05,PSG,home,4-3-3,False,8,Ethan Mbappé,SUB,0,746469
Lille,2025-10-05,PSG,home,4-3-3,False,29,Hamza Igmane,SUB,0,746469
Lille,2025-10-05,PSG,home,4-3-3,False,17,Ngal'ayel Mukau,SUB,0,746469
Lille,2025-10-05,PSG,home,4-3-3,False,28,Ugo Raghouber,SUB,0,746469
Lille,2025-10-05,PSG,home,4-3-3,False,27,Felix Correia,SUB,0,746469
Lille,2025-10-05,PSG,home,4-3-3,False,22,Tiago Santos,SUB,0,746469
Lille,2025-10-05,PSG,home,4-3-3,False,11,Osame Sahraoui,SUB,0,746469
Lille,2025-10-05,PSG,home,4-3-3,False,16,Arnaud Bodart,SUB,0,746469
Lille,2025-10-05,PSG,home,4-3-3,False,18,Chancel Mbemba,SUB,0,746469
PSG,2025-10-05,Lille,away,4-3-3,True,30,Lucas Chevalier,G,1,746469
PSG,2025-10-05,Lille,away,4-3-3,True,51,Willian Pacho,CD-L,6,746469
PSG,2025-10-05,Lille,away,4-3-3,True,4,Lucas Beraldo,CD-R,5,746469
PSG,2025-10-05,Lille,away,4-3-3,True,21,Lucas Hernández,LB,3,746469
PSG,2025-10-05,Lille,away,4-3-3,True,33,Warren Zaïre-Emery,RB,2,746469
PSG,2025-10-05,Lille,away,4-3-3,True,19,Lee Kang-In,CM,4,746469
PSG,2025-10-05,Lille,away,4-3-3,True,47,Quentin Ndjantou,LM,8,746469
PSG,2025-10-05,Lille,away,4-3-3,True,24,Senny Mayulu,RM,7,746469
PSG,2025-10-05,Lille,away,4-3-3,True,9,Gonçalo Ramos,F,9,746469
PSG,2025-10-05,Lille,away,4-3-3,True,29,Bradley Barcola,LF,11,746469
PSG,2025-10-05,Lille,away,4-3-3,True,49,Ibrahim Mbaye,RF,10,746469
PSG,2025-10-05,Lille,away,4-3-3,False,17,Vitinha,SUB,0,746469
PSG,2025-10-05,Lille,away,4-3-3,False,89,Renato Marin,SUB,0,746469
PSG,2025-10-05,Lille,away,4-3-3,False,2,Achraf Hakimi,SUB,0,746469
PSG,2025-10-05,Lille,away,4-3-3,False,41,Mathis Jangeal,SUB,0,746469
PSG,2025-10-05,Lille,away,4-3-3,False,6,Illia Zabarnyi,SUB,0,746469
PSG,2025-10-05,Lille,away,4-3-3,False,39,Matvei Safonov,SUB,0,746469
PSG,2025-10-05,Lille,away,4-3-3,False,25,Nuno Mendes,SUB,0,746469
Monaco,2025-10-05,Nice,home,4-2-3-1,True,16,Philipp Köhn,G,1,746472
Monaco,2025-10-05,Nice,home,4-2-3-1,True,22,Mohammed Salisu,CD-L,6,746472
Monaco,2025-10-05,Nice,home,4-2-3-1,True,3,Eric Dier,CD-R,5,746472
Monaco,2025-10-05,Nice,home,4-2-3-1,True,20,Kassoum Ouattara,LB,3,746472
Monaco,2025-10-05,Nice,home,4-2-3-1,True,27,Krépin Diatta,RB,2,746472
Monaco,2025-10-05,Nice,home,4-2-3-1,True,31,Ansu Fati,AM,10,746472
Monaco,2025-10-05,Nice,home,4-2-3-1,True,28,Mamadou Coulibaly,LM,4,746472
Monaco,2025-10-05,Nice,home,4-2-3-1,True,4,Jordan Teze,RM,8,746472
Monaco,2025-10-05,Nice,home,4-2-3-1,True,14,Mika Biereth,F,9,746472
Monaco,2025-10-05,Nice,home,4-2-3-1,True,18,Takumi Minamino,AM-L,11,746472
Monaco,2025-10-05,Nice,home,4-2-3-1,True,11,Maghnes Akliouche,AM-R,7,746472
Monaco,2025-10-05,Nice,home,4-2-3-1,False,33,Matthias Wamu Oyatambwe,SUB,0,746472
Monaco,2025-10-05,Nice,home,4-2-3-1,False,17,Stanis Idumbo,SUB,0,746472
Monaco,2025-10-05,Nice,home,4-2-3-1,False,50,Yann Lienard,SUB,0,746472
Monaco,2025-10-05,Nice,home,4-2-3-1,False,19,George Ilenikhena,SUB,0,746472
Monaco,2025-10-05,Nice,home,4-2-3-1,False,43,Bradel Kiwa,SUB,0,746472
Monaco,2025-10-05,Nice,home,4-2-3-1,False,41,Pape Cabral,SUB,0,746472
Monaco,2025-10-05,Nice,home,4-2-3-1,False,29,Paris Brunner,SUB,0,746472
Monaco,2025-10-05,Nice,home,4-2-3-1,False,9,Folarin Balogun,SUB,0,746472
Monaco,2025-10-05,Nice,home,4-2-3-1,False,12,Caio Henrique,SUB,0,746472
Nice,2025-10-05,Monaco,away,3-4-3,True,80,Yehvann Diouf,G,1,746472
Nice,2025-10-05,Monaco,away,3-4-3,True,64,Moïse Bombito,CD,5,746472
Nice,2025-10-05,Monaco,away,3-4-3,True,26,Melvin Bard,CD-L,4,746472
Nice,2025-10-05,Monaco,away,3-4-3,True,33,Antoine Mendy,CD-R,6,746472
Nice,2025-10-05,Monaco,away,3-4-3,True,24,Charles Vanhoutte,CM-L,8,746472
Nice,2025-10-05,Monaco,away,3-4-3,True,6,Hicham Boudaoui,CM-R,7,746472
Nice,2025-10-05,Monaco,away,3-4-3,True,2,Ali Abdi,LM,3,746472
Nice,2025-10-05,Monaco,away,3-4-3,True,92,Jonathan Clauss,RM,2,746472
Nice,2025-10-05,Monaco,away,3-4-3,True,9,Terem Moffi,F,9,746472
Nice,2025-10-05,Monaco,away,3-4-3,True,10,Sofiane Diop,CF-L,11,746472
Nice,2025-10-05,Monaco,away,3-4-3,True,25,Mohamed-Ali Cho,CF-R,10,746472
Nice,2025-10-05,Monaco,away,3-4-3,False,20,Tom Louchet,SUB,0,746472
Nice,2025-10-05,Monaco,away,3-4-3,False,99,Salis Abdul Samed,SUB,0,746472
Nice,2025-10-05,Monaco,away,3-4-3,False,31,Maxime Dupé,SUB,0,746472
Nice,2025-10-05,Monaco,away,3-4-3,False,37,Kojo Peprah Oppong,SUB,0,746472
Nice,2025-10-05,Monaco,away,3-4-3,False,47,Tiago Gouveia,SUB,0,746472
Nice,2025-10-05,Monaco,away,3-4-3,False,21,Isak Jansson,SUB,0,746472
Nice,2025-10-05,Monaco,away,3-4-3,False,7,Jérémie Boga,SUB,0,746472
Nice,2025-10-05,Monaco,away,3-4-3,False,90,Kevin Carlos,SUB,0,746472
Nice,2025-10-05,Monaco,away,3-4-3,False,8,Morgan Sanson,SUB,0,746472
Nice,2025-10-18,Lyon,home,3-4-3,True,80,Yehvann Diouf,G,1,746480
Nice,2025-10-18,Lyon,home,3-4-3,True,37,Kojo Peprah Oppong,CD,5,746480
Nice,2025-10-18,Lyon,home,3-4-3,True,4,Dante,CD-L,4,746480
Nice,2025-10-18,Lyon,home,3-4-3,True,33,Antoine Mendy,CD-R,6,746480
Nice,2025-10-18,Lyon,home,3-4-3,True,24,Charles Vanhoutte,CM-L,8,746480
Nice,2025-10-18,Lyon,home,3-4-3,True,6,Hicham Boudaoui,CM-R,7,746480
Nice,2025-10-18,Lyon,home,3-4-3,True,26,Melvin Bard,LM,3,746480
Nice,2025-10-18,Lyon,home,3-4-3,True,92,Jonathan Clauss,RM,2,746480
Nice,2025-10-18,Lyon,home,3-4-3,True,10,Sofiane Diop,F,9,746480
Nice,2025-10-18,Lyon,home,3-4-3,True,7,Jérémie Boga,CF-L,11,746480
Nice,2025-10-18,Lyon,home,3-4-3,True,25,Mohamed-Ali Cho,CF-R,10,746480
Nice,2025-10-18,Lyon,home,3-4-3,False,28,Juma Bah,SUB,0,746480
Nice,2025-10-18,Lyon,home,3-4-3,False,20,Tom Louchet,SUB,0,746480
Nice,2025-10-18,Lyon,home,3-4-3,False,22,Tanguy Ndombele,SUB,0,746480
Nice,2025-10-18,Lyon,home,3-4-3,False,31,Maxime Dupé,SUB,0,746480
Nice,2025-10-18,Lyon,home,3-4-3,False,8,Morgan Sanson,SUB,0,746480
Nice,2025-10-18,Lyon,home,3-4-3,False,21,Isak Jansson,SUB,0,746480
Nice,2025-10-18,Lyon,home,3-4-3,False,90,Kevin Carlos,SUB,0,746480
Nice,2025-10-18,Lyon,home,3-4-3,False,99,Salis Abdul Samed,SUB,0,746480
Nice,2025-10-18,Lyon,home,3-4-3,False,47,Tiago Gouveia,SUB,0,746480
Lyon,2025-10-18,Nice,away,4-2-3-1,True,1,Dominik Greif,G,1,746480
Lyon,2025-10-18,Nice,away,4-2-3-1,True,21,Ruben Kluivert,CD-L,6,746480
Lyon,2025-10-18,Nice,away,4-2-3-1,True,22,Clinton Mata,CD-R,5,746480
Lyon,2025-10-18,Nice,away,4-2-3-1,True,16,Abner,LB,3,746480
Lyon,2025-10-18,Nice,away,4-2-3-1,True,98,Ainsley Maitland-Niles,RB,2,746480
Lyon,2025-10-18,Nice,away,4-2-3-1,True,10,Pavel Sulc,AM,10,746480
Lyon,2025-10-18,Nice,away,4-2-3-1,True,8,Corentin Tolisso,LM,4,746480
Lyon,2025-10-18,Nice,away,4-2-3-1,True,23,Tyler Morton,RM,8,746480
Lyon,2025-10-18,Nice,away,4-2-3-1,True,20,Martín Satriano,F,9,746480
Lyon,2025-10-18,Nice,away,4-2-3-1,True,11,Malick Fofana,AM-L,11,746480
Lyon,2025-10-18,Nice,away,4-2-3-1,True,7,Adam Karabec,AM-R,7,746480
Lyon,2025-10-18,Nice,away,4-2-3-1,False,17,Afonso Moreira,SUB,0,746480
Lyon,2025-10-18,Nice,away,4-2-3-1,False,32,Alejandro Rodríguez,SUB,0,746480
Lyon,2025-10-18,Nice,away,4-2-3-1,False,39,Mathys De Carvalho,SUB,0,746480
Lyon,2025-10-18,Nice,away,4-2-3-1,False,6,Tanner Tessmann,SUB,0,746480
Lyon,2025-10-18,Nice,away,4-2-3-1,False,44,Khalis Merah,SUB,0,746480
Lyon,2025-10-18,Nice,away,4-2-3-1,False,3,Nicolás Tagliafico,SUB,0,746480
Lyon,2025-10-18,Nice,away,4-2-3-1,False,18,Rachid Ghezzal,SUB,0,746480
Lyon,2025-10-18,Nice,away,4-2-3-1,False,50,Lassine Diarra,SUB,0,746480
Lyon,2025-10-18,Nice,away,4-2-3-1,False,19,Moussa Niakhaté,SUB,0,746480
Lyon,2025-10-05,Toulouse,home,4-2-3-1,True,1,Dominik Greif,G,1,746470
Lyon,2025-10-05,Toulouse,home,4-2-3-1,True,19,Moussa Niakhaté,CD-L,6,746470
Lyon,2025-10-05,Toulouse,home,4-2-3-1,True,22,Clinton Mata,CD-R,5,746470
Lyon,2025-10-05,Toulouse,home,4-2-3-1,True,3,Nicolás Tagliafico,LB,3,746470
Lyon,2025-10-05,Toulouse,home,4-2-3-1,True,98,Ainsley Maitland-Niles,RB,2,746470
Lyon,2025-10-05,Toulouse,home,4-2-3-1,True,8,Corentin Tolisso,AM,10,746470
Lyon,2025-10-05,Toulouse,home,4-2-3-1,True,23,Tyler Morton,LM,4,746470
Lyon,2025-10-05,Toulouse,home,4-2-3-1,True,6,Tanner Tessmann,RM,8,746470
Lyon,2025-10-05,Toulouse,home,4-2-3-1,True,20,Martín Satriano,F,9,746470
Lyon,2025-10-05,Toulouse,home,4-2-3-1,True,11,Malick Fofana,AM-L,11,746470
Lyon,2025-10-05,Toulouse,home,4-2-3-1,True,7,Adam Karabec,AM-R,7,746470
Lyon,2025-10-05,Toulouse,home,4-2-3-1,False,18,Rachid Ghezzal,SUB,0,746470
Lyon,2025-10-05,Toulouse,home,4-2-3-1,False,10,Pavel Sulc,SUB,0,746470
Lyon,2025-10-05,Toulouse,home,4-2-3-1,False,41,Téo Barisic,SUB,0,746470
Lyon,2025-10-05,Toulouse,home,4-2-3-1,False,50,Lassine Diarra,SUB,0,746470
Lyon,2025-10-05,Toulouse,home,4-2-3-1,False,44,Khalis Merah,SUB,0,746470
Lyon,2025-10-05,Toulouse,home,4-2-3-1,False,21,Ruben Kluivert,SUB,0,746470
Lyon,2025-10-05,Toulouse,home,4-2-3-1,False,32,Alejandro Rodríguez,SUB,0,746470
Lyon,2025-10-05,Toulouse,home,4-2-3-1,False,17,Afonso Moreira,SUB,0,746470
Lyon,2025-10-05,Toulouse,home,4-2-3-1,False,39,Mathys De Carvalho,SUB,0,746470
Toulouse,2025-10-05,Lyon,away,3-4-3,True,1,Guillaume Restes,G,1,746470
Toulouse,2025-10-05,Lyon,away,3-4-3,True,4,Charlie Cresswell,CD,5,746470
Toulouse,2025-10-05,Lyon,away,3-4-3,True,2,Rasmus Nicolaisen,CD-L,4,746470
Toulouse,2025-10-05,Lyon,away,3-4-3,True,3,Mark McKenzie,CD-R,6,746470
Toulouse,2025-10-05,Lyon,away,3-4-3,True,77,Mario Sauer,CM-L,8,746470
Toulouse,2025-10-05,Lyon,away,3-4-3,True,23,Cristian Cásseres Jr.,CM-R,7,746470
Toulouse,2025-10-05,Lyon,away,3-4-3,True,12,Waren Kamanzi,LM,3,746470
Toulouse,2025-10-05,Lyon,away,3-4-3,True,19,Djibril Sidibé,RM,2,746470
Toulouse,2025-10-05,Lyon,away,3-4-3,True,9,Frank Magri,F,9,746470
Toulouse,2025-10-05,Lyon,away,3-4-3,True,10,Yann Gboho,CF-L,11,746470
Toulouse,2025-10-05,Lyon,away,3-4-3,True,15,Aron Donnum,CF-R,10,746470
Toulouse,2025-10-05,Lyon,away,3-4-3,False,20,Emersonn,SUB,0,746470
Toulouse,2025-10-05,Lyon,away,3-4-3,False,17,Abu Francis,SUB,0,746470
Toulouse,2025-10-05,Lyon,away,3-4-3,False,16,Kjetil Haug,SUB,0,746470
Toulouse,2025-10-05,Lyon,away,3-4-3,False,35,Seny Koumbassa,SUB,0,746470
Toulouse,2025-10-05,Lyon,away,3-4-3,False,7,Julián Vignolo,SUB,0,746470
Toulouse,2025-10-05,Lyon,away,3-4-3,False,11,Santiago Hidalgo,SUB,0,746470
Toulouse,2025-10-05,Lyon,away,3-4-3,False,45,Alexis Vossah,SUB,0,746470
Toulouse,2025-10-05,Lyon,away,3-4-3,False,24,Dayann Methalie,SUB,0,746470
Toulouse,2025-10-05,Lyon,away,3-4-3,False,31,Noah Edjouma,SUB,0,746470
Marseille,2025-10-18,Le Havre,home,4-2-3-1,True,12,Jeffrey de Lange,G,1,746478
Marseille,2025-10-18,Le Havre,home,4-2-3-1,True,21,Nayef Aguerd,CD-L,6,746478
Marseille,2025-10-18,Le Havre,home,4-2-3-1,True,5,Leonardo Balerdi,CD-R,5,746478
Marseille,2025-10-18,Le Havre,home,4-2-3-1,True,33,Emerson,LB,3,746478
Marseille,2025-10-18,Le Havre,home,4-2-3-1,True,28,Benjamin Pavard,RB,2,746478
Marseille,2025-10-18,Le Havre,home,4-2-3-1,True,8,Angel Gomes,AM,10,746478
Marseille,2025-10-18,Le Havre,home,4-2-3-1,True,23,Pierre-Emile Højbjerg,LM,4,746478
Marseille,2025-10-18,Le Havre,home,4-2-3-1,True,17,Matt O'Riley,RM,8,746478
Marseille,2025-10-18,Le Havre,home,4-2-3-1,True,97,Pierre-Emerick Aubameyang,F,9,746478
Marseille,2025-10-18,Le Havre,home,4-2-3-1,True,14,Igor Paixão,AM-L,11,746478
Marseille,2025-10-18,Le Havre,home,4-2-3-1,True,10,Mason Greenwood,AM-R,7,746478
Marseille,2025-10-18,Le Havre,home,4-2-3-1,False,50,Darryl Bakola,SUB,0,746478
Marseille,2025-10-18,Le Havre,home,4-2-3-1,False,26,Bilal Nadir,SUB,0,746478
Marseille,2025-10-18,Le Havre,home,4-2-3-1,False,4,CJ Egan-Riley,SUB,0,746478
Marseille,2025-10-18,Le Havre,home,4-2-3-1,False,1,Gerónimo Rulli,SUB,0,746478
Marseille,2025-10-18,Le Havre,home,4-2-3-1,False,18,Arthur Vermeeren,SUB,0,746478
Marseille,2025-10-18,Le Havre,home,4-2-3-1,False,22,Timothy Weah,SUB,0,746478
Marseille,2025-10-18,Le Havre,home,4-2-3-1,False,6,Ulisses Garcia,SUB,0,746478
Marseille,2025-10-18,Le Havre,home,4-2-3-1,False,34,Robinio Vaz,SUB,0,746478
Marseille,2025-10-18,Le Havre,home,4-2-3-1,False,62,Amir Murillo,SUB,0,746478
Le Havre,2025-10-18,Marseille,away,4-4-2,True,99,Mory Diaw,G,1,746478
Le Havre,2025-10-18,Marseille,away,4-4-2,True,4,Gautier Lloris,CD-L,6,746478
Le Havre,2025-10-18,Marseille,away,4-4-2,True,93,Arouna Sangante,CD-R,5,746478
Le Havre,2025-10-18,Marseille,away,4-4-2,True,18,Yanis Zouaoui,LB,3,746478
Le Havre,2025-10-18,Marseille,away,4-4-2,True,7,Loïc Négo,RB,2,746478
Le Havre,2025-10-18,Marseille,away,4-4-2,True,15,Ayumu Seko,CM-L,8,746478
Le Havre,2025-10-18,Marseille,away,4-4-2,True,14,Rassoul Ndiaye,CM-R,4,746478
Le Havre,2025-10-18,Marseille,away,4-4-2,True,8,Yassine Kechta,LM,11,746478
Le Havre,2025-10-18,Marseille,away,4-4-2,True,13,Fodé Doucouré,RM,7,746478
Le Havre,2025-10-18,Marseille,away,4-4-2,True,70,Mbwana Samatta,CF-L,9,746478
Le Havre,2025-10-18,Marseille,away,4-4-2,True,45,Issa Soumaré,CF-R,10,746478
Le Havre,2025-10-18,Marseille,away,4-4-2,False,94,Abdoulaye Touré,SUB,0,746478
Le Havre,2025-10-18,Marseille,away,4-4-2,False,26,Simon Ebonog,SUB,0,746478
Le Havre,2025-10-18,Marseille,away,4-4-2,False,9,Damián Pizarro,SUB,0,746478
Le Havre,2025-10-18,Marseille,away,4-4-2,False,11,Godson Kyeremeh,SUB,0,746478
Le Havre,2025-10-18,Marseille,away,4-4-2,False,6,Etienne Youte Kinkoue,SUB,0,746478
Le Havre,2025-10-18,Marseille,away,4-4-2,False,10,Félix Mambimbi,SUB,0,746478
Le Havre,2025-10-18,Marseille,away,4-4-2,False,77,Lionel Mpasi,SUB,0,746478
Le Havre,2025-10-18,Marseille,away,4-4-2,False,78,Daren Mosengo,SUB,0,746478
Le Havre,2025-10-18,Marseille,away,4-4-2,False,21,Younes Namli,SUB,0,746478
Le Havre,2025-10-05,Rennes,home,4-3-3,True,99,Mory Diaw,G,1,746468
Le Havre,2025-10-05,Rennes,home,4-3-3,True,4,Gautier Lloris,CD-L,6,746468
Le Havre,2025-10-05,Rennes,home,4-3-3,True,93,Arouna Sangante,CD-R,5,746468
Le Havre,2025-10-05,Rennes,home,4-3-3,True,18,Yanis Zouaoui,LB,3,746468
Le Havre,2025-10-05,Rennes,home,4-3-3,True,7,Loïc Négo,RB,2,746468
Le Havre,2025-10-05,Rennes,home,4-3-3,True,15,Ayumu Seko,CM,4,746468
Le Havre,2025-10-05,Rennes,home,4-3-3,True,14,Rassoul Ndiaye,LM,8,746468
Le Havre,2025-10-05,Rennes,home,4-3-3,True,26,Simon Ebonog,RM,7,746468
Le Havre,2025-10-05,Rennes,home,4-3-3,True,45,Issa Soumaré,F,9,746468
Le Havre,2025-10-05,Rennes,home,4-3-3,True,10,Félix Mambimbi,LF,11,746468
Le Havre,2025-10-05,Rennes,home,4-3-3,True,21,Younes Namli,RF,10,746468
Le Havre,2025-10-05,Rennes,home,4-3-3,False,9,Damián Pizarro,SUB,0,746468
Le Havre,2025-10-05,Rennes,home,4-3-3,False,6,Etienne Youte Kinkoue,SUB,0,746468
Le Havre,2025-10-05,Rennes,home,4-3-3,False,77,Lionel Mpasi,SUB,0,746468
Le Havre,2025-10-05,Rennes,home,4-3-3,False,33,Stephan Zagadou,SUB,0,746468
Le Havre,2025-10-05,Rennes,home,4-3-3,False,13,Fodé Doucouré,SUB,0,746468
Le Havre,2025-10-05,Rennes,home,4-3-3,False,11,Godson Kyeremeh,SUB,0,746468
Le Havre,2025-10-05,Rennes,home,4-3-3,False,78,Daren Mosengo,SUB,0,746468
Le Havre,2025-10-05,Rennes,home,4-3-3,False,8,Yassine Kechta,SUB,0,746468
Le Havre,2025-10-05,Rennes,home,4-3-3,False,34,Enzo Koffi,SUB,0,746468
Rennes,2025-10-05,Le Havre,away,3-5-2,True,30,Brice Samba,G,1,746468
Rennes,2025-10-05,Le Havre,away,3-5-2,True,97,Jérémy Jacquet,CD,5,746468
Rennes,2025-10-05,Le Havre,away,3-5-2,True,3,Lilian Brassier,CD-L,4,746468
Rennes,2025-10-05,Le Havre,away,3-5-2,True,36,Alidu Seidu,CD-R,6,746468
Rennes,2025-10-05,Le Havre,away,3-5-2,True,6,Djaoui Cissé,CM-L,8,746468
Rennes,2025-10-05,Le Havre,away,3-5-2,True,45,Mahdi Camara,CM-R,7,746468
Rennes,2025-10-05,Le Havre,away,3-5-2,True,21,Valentin Rongier,AM,11,746468
Rennes,2025-10-05,Le Havre,away,3-5-2,True,26,Quentin Merlin,LM,3,746468
Rennes,2025-10-05,Le Havre,away,3-5-2,True,95,Przemyslaw Frankowski,RM,2,746468
Rennes,2025-10-05,Le Havre,away,3-5-2,True,7,Breel Embolo,CF-L,9,746468
Rennes,2025-10-05,Le Havre,away,3-5-2,True,9,Esteban Lepaul,CF-R,10,746468
Rennes,2025-10-05,Le Havre,away,3-5-2,False,10,Ludovic Blas,SUB,0,746468
Rennes,2025-10-05,Le Havre,away,3-5-2,False,39,Mohamed Meïté,SUB,0,746468
Rennes,2025-10-05,Le Havre,away,3-5-2,False,11,Mousa Al-Tamari,SUB,0,746468
Rennes,2025-10-05,Le Havre,away,3-5-2,False,33,Hans Hateboer,SUB,0,746468
Rennes,2025-10-05,Le Havre,away,3-5-2,False,70,Ayoube Akabou,SUB,0,746468
Rennes,2025-10-05,Le Havre,away,3-5-2,False,50,Mathys Silistre,SUB,0,746468
Rennes,2025-10-05,Le Havre,away,3-5-2,False,18,Mahamadou Nagida,SUB,0,746468
Rennes,2025-10-05,Le Havre,away,3-5-2,False,8,Seko Fofana,SUB,0,746468
Rennes,2025-10-05,Le Havre,away,3-5-2,False,65,Nordan Mukiele,SUB,0,746468
Angers,2025-10-18,Monaco,home,4-2-3-1,True,12,Hervé Koffi,G,1,746477
Angers,2025-10-18,Monaco,home,4-2-3-1,True,21,Jordan Lefort,CD-L,6,746477
Angers,2025-10-18,Monaco,home,4-2-3-1,True,4,Ousmane Camara,CD-R,5,746477
Angers,2025-10-18,Monaco,home,4-2-3-1,True,26,Florent Hanin,LB,3,746477
Angers,2025-10-18,Monaco,home,4-2-3-1,True,2,Carlens Arcus,RB,2,746477
Angers,2025-10-18,Monaco,home,4-2-3-1,True,6,Louis Mouton,AM,10,746477
Angers,2025-10-18,Monaco,home,4-2-3-1,True,10,Himad Abdelli,LM,4,746477
Angers,2025-10-18,Monaco,home,4-2-3-1,True,93,Haris Belkebla,RM,8,746477
Angers,2025-10-18,Monaco,home,4-2-3-1,True,35,Prosper Peter,F,9,746477
Angers,2025-10-18,Monaco,home,4-2-3-1,True,7,Amine Sbaï,AM-L,11,746477
Angers,2025-10-18,Monaco,home,4-2-3-1,True,14,Yassin Belkhdim,AM-R,7,746477
Angers,2025-10-18,Monaco,home,4-2-3-1,False,3,Jacques Ekomie,SUB,0,746477
Angers,2025-10-18,Monaco,home,4-2-3-1,False,20,Marius Louãr,SUB,0,746477
Angers,2025-10-18,Monaco,home,4-2-3-1,False,11,Sidiki Cherif,SUB,0,746477
Angers,2025-10-18,Monaco,home,4-2-3-1,False,27,Lilian Raolisoa,SUB,0,746477
Angers,2025-10-18,Monaco,home,4-2-3-1,False,36,Lanroy Machine,SUB,0,746477
Angers,2025-10-18,Monaco,home,4-2-3-1,False,5,Marius Courcoul,SUB,0,746477
Angers,2025-10-18,Monaco,home,4-2-3-1,False,31,Harouna Djibirin,SUB,0,746477
Angers,2025-10-18,Monaco,home,4-2-3-1,False,16,Melvin Zinga,SUB,0,746477
Angers,2025-10-18,Monaco,home,4-2-3-1,False,25,Abdoulaye Bamba,SUB,0,746477
Monaco,2025-10-18,Angers,away,3-4-2-1,True,16,Philipp Köhn,G,1,746477
Monaco,2025-10-18,Angers,away,3-4-2-1,True,22,Mohammed Salisu,CD,5,746477
Monaco,2025-10-18,Angers,away,3-4-2-1,True,12,Caio Henrique,CD-L,4,746477
Monaco,2025-10-18,Angers,away,3-4-2-1,True,5,Thilo Kehrer,CD-R,6,746477
Monaco,2025-10-18,Angers,away,3-4-2-1,True,28,Mamadou Coulibaly,CM-L,8,746477
Monaco,2025-10-18,Angers,away,3-4-2-1,True,4,Jordan Teze,CM-R,7,746477
Monaco,2025-10-18,Angers,away,3-4-2-1,True,20,Kassoum Ouattara,LM,3,746477
Monaco,2025-10-18,Angers,away,3-4-2-1,True,27,Krépin Diatta,RM,2,746477
Monaco,2025-10-18,Angers,away,3-4-2-1,True,14,Mika Biereth,F,9,746477
Monaco,2025-10-18,Angers,away,3-4-2-1,True,31,Ansu Fati,CF-L,11,746477
Monaco,2025-10-18,Angers,away,3-4-2-1,True,11,Maghnes Akliouche,CF-R,10,746477
Monaco,2025-10-18,Angers,away,3-4-2-1,False,43,Bradel Kiwa,SUB,0,746477
Monaco,2025-10-18,Angers,away,3-4-2-1,False,10,Aleksandr Golovin,SUB,0,746477
Monaco,2025-10-18,Angers,away,3-4-2-1,False,23,Aladji Bamba,SUB,0,746477
Monaco,2025-10-18,Angers,away,3-4-2-1,False,50,Yann Lienard,SUB,0,746477
Monaco,2025-10-18,Angers,away,3-4-2-1,False,41,Pape Cabral,SUB,0,746477
Monaco,2025-10-18,Angers,away,3-4-2-1,False,9,Folarin Balogun,SUB,0,746477
Monaco,2025-10-18,Angers,away,3-4-2-1,False,19,George Ilenikhena,SUB,0,746477
Monaco,2025-10-18,Angers,away,3-4-2-1,False,17,Stanis Idumbo,SUB,0,746477
Monaco,2025-10-18,Angers,away,3-4-2-1,False,18,Takumi Minamino,SUB,0,746477
Lorient,2025-10-19,Brest,home,3-4-2-1,True,38,Yvon Mvogo,G,1,746475
Lorient,2025-10-19,Brest,home,3-4-2-1,True,3,Montassar Talbi,CD,5,746475
Lorient,2025-10-19,Brest,home,3-4-2-1,True,25,Abdoulaye Faye,CD-L,4,746475
Lorient,2025-10-19,Brest,home,3-4-2-1,True,5,Bamo Meïté,CD-R,6,746475
Lorient,2025-10-19,Brest,home,3-4-2-1,True,6,Laurent Abergel,CM-L,8,746475
Lorient,2025-10-19,Brest,home,3-4-2-1,True,62,Arthur Avom,CM-R,7,746475
Lorient,2025-10-19,Brest,home,3-4-2-1,True,43,Arsène Kouassi,LM,3,746475
Lorient,2025-10-19,Brest,home,3-4-2-1,True,11,Théo Le Bris,RM,2,746475
Lorient,2025-10-19,Brest,home,3-4-2-1,True,9,Mohamed Bamba,F,9,746475
Lorient,2025-10-19,Brest,home,3-4-2-1,True,10,Pablo Pagis,CF-L,11,746475
Lorient,2025-10-19,Brest,home,3-4-2-1,True,17,Jean-Victor Makengo,CF-R,10,746475
Lorient,2025-10-19,Brest,home,3-4-2-1,False,12,Bamba Dieng,SUB,0,746475
Lorient,2025-10-19,Brest,home,3-4-2-1,False,15,Tosin Aiyegun,SUB,0,746475
Lorient,2025-10-19,Brest,home,3-4-2-1,False,2,Igor Silva,SUB,0,746475
Lorient,2025-10-19,Brest,home,3-4-2-1,False,32,Nathaniel Adjei,SUB,0,746475
Lorient,2025-10-19,Brest,home,3-4-2-1,False,8,Noah Cadiou,SUB,0,746475
Lorient,2025-10-19,Brest,home,3-4-2-1,False,93,Joel Mvuka,SUB,0,746475
Lorient,2025-10-19,Brest,home,3-4-2-1,False,28,Sambou Soumano,SUB,0,746475
Lorient,2025-10-19,Brest,home,3-4-2-1,False,44,Darlin Yongwa,SUB,0,746475
Lorient,2025-10-19,Brest,home,3-4-2-1,False,21,Bingourou Kamara,SUB,0,746475
Brest,2025-10-19,Lorient,away,4-2-3-1,True,1,Radoslaw Majecki,G,1,746475
Brest,2025-10-19,Lorient,away,4-2-3-1,True,44,Soumaila Coulibaly,CD-L,6,746475
Brest,2025-10-19,Lorient,away,4-2-3-1,True,5,Brendan Chardonnet,CD-R,5,746475
Brest,2025-10-19,Lorient,away,4-2-3-1,True,2,Bradley Locko,LB,3,746475
Brest,2025-10-19,Lorient,away,4-2-3-1,True,77,Kenny Lala,RB,2,746475
Brest,2025-10-19,Lorient,away,4-2-3-1,True,23,Kamory Doumbia,AM,10,746475
Brest,2025-10-19,Lorient,away,4-2-3-1,True,8,Hugo Magnetti,LM,4,746475
Brest,2025-10-19,Lorient,away,4-2-3-1,True,13,Joris Chotard,RM,8,746475
Brest,2025-10-19,Lorient,away,4-2-3-1,True,19,Ludovic Ajorque,F,9,746475
Brest,2025-10-19,Lorient,away,4-2-3-1,True,7,Junior Dina Ebimbe,AM-L,11,746475
Brest,2025-10-19,Lorient,away,4-2-3-1,True,10,Romain Del Castillo,AM-R,7,746475
Brest,2025-10-19,Lorient,away,4-2-3-1,False,33,Hamidou Makalou,SUB,0,746475
Brest,2025-10-19,Lorient,away,4-2-3-1,False,30,Grégoire Coudert,SUB,0,746475
Brest,2025-10-19,Lorient,away,4-2-3-1,False,99,Pathé Mboup,SUB,0,746475
Brest,2025-10-19,Lorient,away,4-2-3-1,False,26,Julien Le Cardinal,SUB,0,746475
Brest,2025-10-19,Lorient,away,4-2-3-1,False,14,Remy Labeau Lascary,SUB,0,746475
Brest,2025-10-19,Lorient,away,4-2-3-1,False,4,Michel Diaz,SUB,0,746475
Brest,2025-10-19,Lorient,away,4-2-3-1,False,24,Lucas Tousart,SUB,0,746475
Lens,2025-10-19,Paris FC,home,3-4-2-1,True,40,Robin Risser,G,1,746476
Lens,2025-10-19,Paris FC,home,3-4-2-1,True,6,Samson Baidoo,CD,5,746476
Lens,2025-10-19,Paris FC,home,3-4-2-1,True,20,Malang Sarr,CD-L,4,746476
Lens,2025-10-19,Paris FC,home,3-4-2-1,True,24,Jonathan Gradit,CD-R,6,746476
Lens,2025-10-19,Paris FC,home,3-4-2-1,True,28,Adrien Thomasson,CM-L,8,746476
Lens,2025-10-19,Paris FC,home,3-4-2-1,True,8,Mamadou Sangare,CM-R,7,746476
Lens,2025-10-19,Paris FC,home,3-4-2-1,True,14,Matthieu Udol,LM,3,746476
Lens,2025-10-19,Paris FC,home,3-4-2-1,True,2,Ruben Aguilar,RM,2,746476
Lens,2025-10-19,Paris FC,home,3-4-2-1,True,11,Odsonne Édouard,F,9,746476
Lens,2025-10-19,Paris FC,home,3-4-2-1,True,29,Morgan Guilavogui,CF-L,11,746476
Lens,2025-10-19,Paris FC,home,3-4-2-1,True,10,Florian Thauvin,CF-R,10,746476
Lens,2025-10-19,Paris FC,home,3-4-2-1,False,5,Andrija Bulatovic,SUB,0,746476
Lens,2025-10-19,Paris FC,home,3-4-2-1,False,1,Régis Gurtner,SUB,0,746476
Lens,2025-10-19,Paris FC,home,3-4-2-1,False,38,Rayan Fofana,SUB,0,746476
Lens,2025-10-19,Paris FC,home,3-4-2-1,False,13,Jhoanner Chavez,SUB,0,746476
Lens,2025-10-19,Paris FC,home,3-4-2-1,False,23,Saud Abdulhamid,SUB,0,746476
Lens,2025-10-19,Paris FC,home,3-4-2-1,False,15,Hamzat Ojediran,SUB,0,746476
Lens,2025-10-19,Paris FC,home,3-4-2-1,False,22,Wesley Saïd,SUB,0,746476
Lens,2025-10-19,Paris FC,home,3-4-2-1,False,7,Florian Sotoca,SUB,0,746476
Lens,2025-10-19,Paris FC,home,3-4-2-1,False,19,Abdallah Sima,SUB,0,746476
Paris FC,2025-10-19,Lens,away,4-3-3,True,16,Obed Nkambadio,G,1,746476
Paris FC,2025-10-19,Lens,away,4-3-3,True,6,Otavio,CD-L,6,746476
Paris FC,2025-10-19,Lens,away,4-3-3,True,31,Samir Chergui,CD-R,5,746476
Paris FC,2025-10-19,Lens,away,4-3-3,True,28,Thibault De Smet,LB,3,746476
Paris FC,2025-10-19,Lens,away,4-3-3,True,14,Hamari Traoré,RB,2,746476
Paris FC,2025-10-19,Lens,away,4-3-3,True,33,Pierre Lees-Melou,CM,4,746476
Paris FC,2025-10-19,Lens,away,4-3-3,True,17,Adama Camara,LM,8,746476
Paris FC,2025-10-19,Lens,away,4-3-3,True,21,Maxime López,RM,7,746476
Paris FC,2025-10-19,Lens,away,4-3-3,True,11,Jean-Phillipe Krasso,F,9,746476
Paris FC,2025-10-19,Lens,away,4-3-3,True,27,Moses Simon,LF,11,746476
Paris FC,2025-10-19,Lens,away,4-3-3,True,10,Ilan Kebbal,RF,10,746476
Paris FC,2025-10-19,Lens,away,4-3-3,False,15,Timothée Kolodziejczak,SUB,0,746476
Paris FC,2025-10-19,Lens,away,4-3-3,False,5,Moustapha Mbow,SUB,0,746476
Paris FC,2025-10-19,Lens,away,4-3-3,False,9,Willem Geubbels,SUB,0,746476
Paris FC,2025-10-19,Lens,away,4-3-3,False,19,Nhoa Sangui,SUB,0,746476
Paris FC,2025-10-19,Lens,away,4-3-3,False,7,Alimani Gory,SUB,0,746476
Paris FC,2025-10-19,Lens,away,4-3-3,False,93,Jonathan Ikoné,SUB,0,746476
Paris FC,2025-10-19,Lens,away,4-3-3,False,35,Kevin Trapp,SUB,0,746476
Paris FC,2025-10-19,Lens,away,4-3-3,False,4,Vincent Marchetti,SUB,0,746476
Paris FC,2025-10-19,Lens,away,4-3-3,False,12,Nouha Dicko,SUB,0,746476
Brest,2025-10-04,Nantes,home,4-2-3-1,True,1,Radoslaw Majecki,G,1,746467
Brest,2025-10-04,Nantes,home,4-2-3-1,True,4,Michel Diaz,CD-L,6,746467
Brest,2025-10-04,Nantes,home,4-2-3-1,True,5,Brendan Chardonnet,CD-R,5,746467
Brest,2025-10-04,Nantes,home,4-2-3-1,True,2,Bradley Locko,LB,3,746467
Brest,2025-10-04,Nantes,home,4-2-3-1,True,77,Kenny Lala,RB,2,746467
Brest,2025-10-04,Nantes,home,4-2-3-1,True,23,Kamory Doumbia,AM,10,746467
Brest,2025-10-04,Nantes,home,4-2-3-1,True,8,Hugo Magnetti,LM,4,746467
Brest,2025-10-04,Nantes,home,4-2-3-1,True,13,Joris Chotard,RM,8,746467
Brest,2025-10-04,Nantes,home,4-2-3-1,True,19,Ludovic Ajorque,F,9,746467
Brest,2025-10-04,Nantes,home,4-2-3-1,True,99,Pathé Mboup,AM-L,11,746467
Brest,2025-10-04,Nantes,home,4-2-3-1,True,7,Junior Dina Ebimbe,AM-R,7,746467
Brest,2025-10-04,Nantes,home,4-2-3-1,False,36,Raphaël Le Guen,SUB,0,746467
Brest,2025-10-04,Nantes,home,4-2-3-1,False,29,Serigne Diop,SUB,0,746467
Brest,2025-10-04,Nantes,home,4-2-3-1,False,26,Julien Le Cardinal,SUB,0,746467
Brest,2025-10-04,Nantes,home,4-2-3-1,False,27,Daouda Guindo,SUB,0,746467
Brest,2025-10-04,Nantes,home,4-2-3-1,False,30,Grégoire Coudert,SUB,0,746467
Brest,2025-10-04,Nantes,home,4-2-3-1,False,33,Hamidou Makalou,SUB,0,746467
Brest,2025-10-04,Nantes,home,4-2-3-1,False,21,Ibrahim Kanté,SUB,0,746467
Nantes,2025-10-04,Brest,away,4-1-4-1,True,1,Anthony Lopes,G,1,746467
Nantes,2025-10-04,Brest,away,4-1-4-1,True,80,Junior Mwanga,CD-L,6,746467
Nantes,2025-10-04,Brest,away,4-1-4-1,True,6,Chidozie Awaziem,CD-R,5,746467
Nantes,2025-10-04,Brest,away,4-1-4-1,True,5,Kwon Hyeok-Kyu,DM,4,746467
Nantes,2025-10-04,Brest,away,4-1-4-1,True,66,Louis Leroux,LB,3,746467
Nantes,2025-10-04,Brest,away,4-1-4-1,True,98,Kelvin Amian,RB,2,746467
Nantes,2025-10-04,Brest,away,4-1-4-1,True,17,Dehmaine Tabibou,CM-L,10,746467
Nantes,2025-10-04,Brest,away,4-1-4-1,True,7,Hong Hyun-Seok,CM-R,8,746467
Nantes,2025-10-04,Brest,away,4-1-4-1,True,10,Matthis Abline,LM,11,746467
Nantes,2025-10-04,Brest,away,4-1-4-1,True,15,Mayckel Lahdo,RM,7,746467
Nantes,2025-10-04,Brest,away,4-1-4-1,True,31,Mostafa Mohamed,F,9,746467
Nantes,2025-10-04,Brest,away,4-1-4-1,False,30,Patrick Carlgren,SUB,0,746467
Nantes,2025-10-04,Brest,away,4-1-4-1,False,52,Bahmed Deuff,SUB,0,746467
Nantes,2025-10-04,Brest,away,4-1-4-1,False,90,Yassine Benhattab,SUB,0,746467
Nantes,2025-10-04,Brest,away,4-1-4-1,False,19,Youssef El Arabi,SUB,0,746467
Nantes,2025-10-04,Brest,away,4-1-4-1,False,3,Nicolas Cozza,SUB,0,746467
Nantes,2025-10-04,Brest,away,4-1-4-1,False,26,Uros Radakovic,SUB,0,746467
Nantes,2025-10-04,Brest,away,4-1-4-1,False,69,Sacha Ziani,SUB,0,746467
Nantes,2025-10-04,Brest,away,4-1-4-1,False,11,Bahereba Guirassy,SUB,0,746467
Nantes,2025-10-04,Brest,away,4-1-4-1,False,14,Amady Camara,SUB,0,746467
Rennes,2025-10-19,Auxerre,home,3-5-2,True,30,Brice Samba,G,1,746482
Rennes,2025-10-19,Auxerre,home,3-5-2,True,97,Jérémy Jacquet,CD,5,746482
Rennes,2025-10-19,Auxerre,home,3-5-2,True,24,Anthony Rouault,CD-L,4,746482
Rennes,2025-10-19,Auxerre,home,3-5-2,True,36,Alidu Seidu,CD-R,6,746482
Rennes,2025-10-19,Auxerre,home,3-5-2,True,8,Seko Fofana,CM-L,8,746482
Rennes,2025-10-19,Auxerre,home,3-5-2,True,45,Mahdi Camara,CM-R,7,746482
Rennes,2025-10-19,Auxerre,home,3-5-2,True,21,Valentin Rongier,AM,11,746482
Rennes,2025-10-19,Auxerre,home,3-5-2,True,26,Quentin Merlin,LM,3,746482
Rennes,2025-10-19,Auxerre,home,3-5-2,True,10,Ludovic Blas,RM,2,746482
Rennes,2025-10-19,Auxerre,home,3-5-2,True,7,Breel Embolo,CF-L,9,746482
Rennes,2025-10-19,Auxerre,home,3-5-2,True,9,Esteban Lepaul,CF-R,10,746482
Rennes,2025-10-19,Auxerre,home,3-5-2,False,3,Lilian Brassier,SUB,0,746482
Rennes,2025-10-19,Auxerre,home,3-5-2,False,39,Mohamed Meïté,SUB,0,746482
Rennes,2025-10-19,Auxerre,home,3-5-2,False,48,Abdelhamid Aït Boudlal,SUB,0,746482
Rennes,2025-10-19,Auxerre,home,3-5-2,False,18,Mahamadou Nagida,SUB,0,746482
Rennes,2025-10-19,Auxerre,home,3-5-2,False,70,Ayoube Akabou,SUB,0,746482
Rennes,2025-10-19,Auxerre,home,3-5-2,False,50,Mathys Silistre,SUB,0,746482
Rennes,2025-10-19,Auxerre,home,3-5-2,False,11,Mousa Al-Tamari,SUB,0,746482
Rennes,2025-10-19,Auxerre,home,3-5-2,False,6,Djaoui Cissé,SUB,0,746482
Rennes,2025-10-19,Auxerre,home,3-5-2,False,65,Nordan Mukiele,SUB,0,746482
Auxerre,2025-10-19,Rennes,away,5-4-1,True,16,Donovan Léon,G,1,746482
Auxerre,2025-10-19,Rennes,away,5-4-1,True,4,Francisco Sierralta,CD,5,746482
Auxerre,2025-10-19,Rennes,away,5-4-1,True,92,Clément Akpa,CD-L,4,746482
Auxerre,2025-10-19,Rennes,away,5-4-1,True,29,Marvin Senaya,CD-R,6,746482
Auxerre,2025-10-19,Rennes,away,5-4-1,True,14,Gideon Mensah,LB,3,746482
Auxerre,2025-10-19,Rennes,away,5-4-1,True,7,Josué Casimir,RB,2,746482
Auxerre,2025-10-19,Rennes,away,5-4-1,True,5,Kévin Danois,CM-L,10,746482
Auxerre,2025-10-19,Rennes,away,5-4-1,True,17,Oussama El Azzouzi,CM-R,8,746482
Auxerre,2025-10-19,Rennes,away,5-4-1,True,19,Danny Namaso,LM,11,746482
Auxerre,2025-10-19,Rennes,away,5-4-1,True,23,Ibrahim Osman,RM,7,746482
Auxerre,2025-10-19,Rennes,away,5-4-1,True,10,Lassine Sinayoko,F,9,746482
Auxerre,2025-10-19,Rennes,away,5-4-1,False,18,Assane Dioussé,SUB,0,746482
Auxerre,2025-10-19,Rennes,away,5-4-1,False,22,Fredrik Oppegard,SUB,0,746482
Auxerre,2025-10-19,Rennes,away,5-4-1,False,38,Alvin Petit Dol,SUB,0,746482
Auxerre,2025-10-19,Rennes,away,5-4-1,False,27,Lamine Sy,SUB,0,746482
Auxerre,2025-10-19,Rennes,away,5-4-1,False,40,Théo De Percin,SUB,0,746482
Auxerre,2025-10-19,Rennes,away,5-4-1,False,42,Elisha Owusu,SUB,0,746482
Auxerre,2025-10-19,Rennes,away,5-4-1,False,34,Rudy Matondo,SUB,0,746482
Auxerre,2025-10-19,Rennes,away,5-4-1,False,21,Lasso Coulibaly,SUB,0,746482
Auxerre,2025-10-19,Rennes,away,5-4-1,False,9,Sékou Mara,SUB,0,746482
Strasbourg,2025-10-05,Angers,home,3-4-2-1,True,39,Mike Penders,G,1,746474
Strasbourg,2025-10-05,Angers,home,3-4-2-1,True,24,Lucas Høgsberg,CD,5,746474
Strasbourg,2025-10-05,Angers,home,3-4-2-1,True,6,Ismael Doukoure,CD-L,4,746474
Strasbourg,2025-10-05,Angers,home,3-4-2-1,True,22,Guela Doué,CD-R,6,746474
Strasbourg,2025-10-05,Angers,home,3-4-2-1,True,29,Samir El Mourabet,CM-L,8,746474
Strasbourg,2025-10-05,Angers,home,3-4-2-1,True,32,Valentín Barco,CM-R,7,746474
Strasbourg,2025-10-05,Angers,home,3-4-2-1,True,7,Diego Moreira,LM,3,746474
Strasbourg,2025-10-05,Angers,home,3-4-2-1,True,42,Abdoul Ouattara,RM,2,746474
Strasbourg,2025-10-05,Angers,home,3-4-2-1,True,9,Joaquín Panichelli,F,9,746474
Strasbourg,2025-10-05,Angers,home,3-4-2-1,True,80,Felix Lemarechal,CF-L,11,746474
Strasbourg,2025-10-05,Angers,home,3-4-2-1,True,20,Martial Godo,CF-R,10,746474
Strasbourg,2025-10-05,Angers,home,3-4-2-1,False,77,Eduard Sobol,SUB,0,746474
Strasbourg,2025-10-05,Angers,home,3-4-2-1,False,83,Rafael Luís,SUB,0,746474
Strasbourg,2025-10-05,Angers,home,3-4-2-1,False,2,Andrew Omobamidele,SUB,0,746474
Strasbourg,2025-10-05,Angers,home,3-4-2-1,False,16,Kendry Páez,SUB,0,746474
Strasbourg,2025-10-05,Angers,home,3-4-2-1,False,27,Samuel Amo-Ameyaw,SUB,0,746474
Strasbourg,2025-10-05,Angers,home,3-4-2-1,False,17,Mathis Amougou,SUB,0,746474
Strasbourg,2025-10-05,Angers,home,3-4-2-1,False,19,Julio Enciso,SUB,0,746474
Strasbourg,2025-10-05,Angers,home,3-4-2-1,False,1,Karl-Johan Johnsson,SUB,0,746474
Strasbourg,2025-10-05,Angers,home,3-4-2-1,False,5,Abakar Sylla,SUB,0,746474
Angers,2025-10-05,Strasbourg,away,4-3-3,True,12,Hervé Koffi,G,1,746474
Angers,2025-10-05,Strasbourg,away,4-3-3,True,21,Jordan Lefort,CD-L,6,746474
Angers,2025-10-05,Strasbourg,away,4-3-3,True,24,Emmanuel Biumla,CD-R,5,746474
Angers,2025-10-05,Strasbourg,away,4-3-3,True,3,Jacques Ekomie,LB,3,746474
Angers,2025-10-05,Strasbourg,away,4-3-3,True,2,Carlens Arcus,RB,2,746474
Angers,2025-10-05,Strasbourg,away,4-3-3,True,93,Haris Belkebla,CM,4,746474
Angers,2025-10-05,Strasbourg,away,4-3-3,True,10,Himad Abdelli,LM,8,746474
Angers,2025-10-05,Strasbourg,away,4-3-3,True,14,Yassin Belkhdim,RM,7,746474
Angers,2025-10-05,Strasbourg,away,4-3-3,True,35,Prosper Peter,F,9,746474
Angers,2025-10-05,Strasbourg,away,4-3-3,True,17,Justin-Noel Kalumba,LF,11,746474
Angers,2025-10-05,Strasbourg,away,4-3-3,True,27,Lilian Raolisoa,RF,10,746474
Angers,2025-10-05,Strasbourg,away,4-3-3,False,15,Pierrick Capelle,SUB,0,746474
Angers,2025-10-05,Strasbourg,away,4-3-3,False,26,Florent Hanin,SUB,0,746474
Angers,2025-10-05,Strasbourg,away,4-3-3,False,36,Lanroy Machine,SUB,0,746474
Angers,2025-10-05,Strasbourg,away,4-3-3,False,20,Marius Louãr,SUB,0,746474
Angers,2025-10-05,Strasbourg,away,4-3-3,False,40,Oumar Pona,SUB,0,746474
Angers,2025-10-05,Strasbourg,away,4-3-3,False,5,Marius Courcoul,SUB,0,746474
Angers,2025-10-05,Strasbourg,away,4-3-3,False,6,Louis Mouton,SUB,0,746474
Angers,2025-10-05,Strasbourg,away,4-3-3,False,11,Sidiki Cherif,SUB,0,746474
Angers,2025-10-05,Strasbourg,away,4-3-3,False,4,Ousmane Camara,SUB,0,746474
PSG,2025-10-17,Strasbourg,home,4-3-3,True,30,Lucas Chevalier,G,1,746483
PSG,2025-10-17,Strasbourg,home,4-3-3,True,4,Lucas Beraldo,CD-L,6,746483
PSG,2025-10-17,Strasbourg,home,4-3-3,True,6,Illia Zabarnyi,CD-R,5,746483
PSG,2025-10-17,Strasbourg,home,4-3-3,True,21,Lucas Hernández,LB,3,746483
PSG,2025-10-17,Strasbourg,home,4-3-3,True,24,Senny Mayulu,RB,2,746483
PSG,2025-10-17,Strasbourg,home,4-3-3,True,33,Warren Zaïre-Emery,CM,4,746483
PSG,2025-10-17,Strasbourg,home,4-3-3,True,14,Désiré Doué,LM,8,746483
PSG,2025-10-17,Strasbourg,home,4-3-3,True,19,Lee Kang-In,RM,7,746483
PSG,2025-10-17,Strasbourg,home,4-3-3,True,9,Gonçalo Ramos,F,9,746483
PSG,2025-10-17,Strasbourg,home,4-3-3,True,29,Bradley Barcola,LF,11,746483
PSG,2025-10-17,Strasbourg,home,4-3-3,True,49,Ibrahim Mbaye,RF,10,746483
PSG,2025-10-17,Strasbourg,home,4-3-3,False,25,Nuno Mendes,SUB,0,746483
PSG,2025-10-17,Strasbourg,home,4-3-3,False,7,Khvicha Kvaratskhelia,SUB,0,746483
PSG,2025-10-17,Strasbourg,home,4-3-3,False,39,Matvei Safonov,SUB,0,746483
PSG,2025-10-17,Strasbourg,home,4-3-3,False,2,Achraf Hakimi,SUB,0,746483
PSG,2025-10-17,Strasbourg,home,4-3-3,False,17,Vitinha,SUB,0,746483
PSG,2025-10-17,Strasbourg,home,4-3-3,False,51,Willian Pacho,SUB,0,746483
PSG,2025-10-17,Strasbourg,home,4-3-3,False,47,Quentin Ndjantou,SUB,0,746483
PSG,2025-10-17,Strasbourg,home,4-3-3,False,89,Renato Marin,SUB,0,746483
Strasbourg,2025-10-17,PSG,away,3-4-2-1,True,39,Mike Penders,G,1,746483
Strasbourg,2025-10-17,PSG,away,3-4-2-1,True,24,Lucas Høgsberg,CD,5,746483
Strasbourg,2025-10-17,PSG,away,3-4-2-1,True,3,Ben Chilwell,CD-L,4,746483
Strasbourg,2025-10-17,PSG,away,3-4-2-1,True,6,Ismael Doukoure,CD-R,6,746483
Strasbourg,2025-10-17,PSG,away,3-4-2-1,True,29,Samir El Mourabet,CM-L,8,746483
Strasbourg,2025-10-17,PSG,away,3-4-2-1,True,32,Valentín Barco,CM-R,7,746483
Strasbourg,2025-10-17,PSG,away,3-4-2-1,True,42,Abdoul Ouattara,LM,3,746483
Strasbourg,2025-10-17,PSG,away,3-4-2-1,True,22,Guela Doué,RM,2,746483
Strasbourg,2025-10-17,PSG,away,3-4-2-1,True,9,Joaquín Panichelli,F,9,746483
Strasbourg,2025-10-17,PSG,away,3-4-2-1,True,7,Diego Moreira,CF-L,11,746483
Strasbourg,2025-10-17,PSG,away,3-4-2-1,True,19,Julio Enciso,CF-R,10,746483
Strasbourg,2025-10-17,PSG,away,3-4-2-1,False,11,Sebastian Nanasi,SUB,0,746483
Strasbourg,2025-10-17,PSG,away,3-4-2-1,False,17,Mathis Amougou,SUB,0,746483
Strasbourg,2025-10-17,PSG,away,3-4-2-1,False,83,Rafael Luís,SUB,0,746483
Strasbourg,2025-10-17,PSG,away,3-4-2-1,False,2,Andrew Omobamidele,SUB,0,746483
Strasbourg,2025-10-17,PSG,away,3-4-2-1,False,16,Kendry Páez,SUB,0,746483
Strasbourg,2025-10-17,PSG,away,3-4-2-1,False,20,Martial Godo,SUB,0,746483
Strasbourg,2025-10-17,PSG,away,3-4-2-1,False,80,Felix Lemarechal,SUB,0,746483
Strasbourg,2025-10-17,PSG,away,3-4-2-1,False,77,Eduard Sobol,SUB,0,746483
Strasbourg,2025-10-17,PSG,away,3-4-2-1,False,1,Karl-Johan Johnsson,SUB,0,746483
Toulouse,2025-10-19,Metz,home,3-4-3,True,1,Guillaume Restes,G,1,746481
Toulouse,2025-10-19,Metz,home,3-4-3,True,4,Charlie Cresswell,CD,5,746481
Toulouse,2025-10-19,Metz,home,3-4-3,True,2,Rasmus Nicolaisen,CD-L,4,746481
Toulouse,2025-10-19,Metz,home,3-4-3,True,19,Djibril Sidibé,CD-R,6,746481
Toulouse,2025-10-19,Metz,home,3-4-3,True,17,Abu Francis,CM-L,8,746481
Toulouse,2025-10-19,Metz,home,3-4-3,True,23,Cristian Cásseres Jr.,CM-R,7,746481
Toulouse,2025-10-19,Metz,home,3-4-3,True,24,Dayann Methalie,LM,3,746481
Toulouse,2025-10-19,Metz,home,3-4-3,True,15,Aron Donnum,RM,2,746481
Toulouse,2025-10-19,Metz,home,3-4-3,True,20,Emersonn,F,9,746481
Toulouse,2025-10-19,Metz,home,3-4-3,True,10,Yann Gboho,CF-L,11,746481
Toulouse,2025-10-19,Metz,home,3-4-3,True,9,Frank Magri,CF-R,10,746481
Toulouse,2025-10-19,Metz,home,3-4-3,False,11,Santiago Hidalgo,SUB,0,746481
Toulouse,2025-10-19,Metz,home,3-4-3,False,45,Alexis Vossah,SUB,0,746481
Toulouse,2025-10-19,Metz,home,3-4-3,False,7,Julián Vignolo,SUB,0,746481
Toulouse,2025-10-19,Metz,home,3-4-3,False,31,Noah Edjouma,SUB,0,746481
Toulouse,2025-10-19,Metz,home,3-4-3,False,12,Waren Kamanzi,SUB,0,746481
Toulouse,2025-10-19,Metz,home,3-4-3,False,77,Mario Sauer,SUB,0,746481
Toulouse,2025-10-19,Metz,home,3-4-3,False,16,Kjetil Haug,SUB,0,746481
Toulouse,2025-10-19,Metz,home,3-4-3,False,3,Mark McKenzie,SUB,0,746481
Toulouse,2025-10-19,Metz,home,3-4-3,False,35,Seny Koumbassa,SUB,0,746481
Metz,2025-10-19,Toulouse,away,3-4-2-1,True,1,Jonathan Fischer,G,1,746481
Metz,2025-10-19,Toulouse,away,3-4-2-1,True,38,Sadibou Sané,CD,5,746481
Metz,2025-10-19,Toulouse,away,3-4-2-1,True,97,Fodé Ballo-Touré,CD-L,4,746481
Metz,2025-10-19,Toulouse,away,3-4-2-1,True,5,Jean-Philippe Gbamin,CD-R,6,746481
Metz,2025-10-19,Toulouse,away,3-4-2-1,True,12,Alpha Touré,CM-L,8,746481
Metz,2025-10-19,Toulouse,away,3-4-2-1,True,8,Boubacar Traore,CM-R,7,746481
Metz,2025-10-19,Toulouse,away,3-4-2-1,True,9,Giorgi Abuashvili,LM,3,746481
Metz,2025-10-19,Toulouse,away,3-4-2-1,True,39,Koffi Kouao,RM,2,746481
Metz,2025-10-19,Toulouse,away,3-4-2-1,True,30,Habib Diallo,F,9,746481
Metz,2025-10-19,Toulouse,away,3-4-2-1,True,14,Cheick Sabaly,CF-L,11,746481
Metz,2025-10-19,Toulouse,away,3-4-2-1,True,10,Gauthier Hein,CF-R,10,746481
Metz,2025-10-19,Toulouse,away,3-4-2-1,False,2,Maxime Colin,SUB,0,746481
Metz,2025-10-19,Toulouse,away,3-4-2-1,False,21,Benjamin Stambouli,SUB,0,746481
Metz,2025-10-19,Toulouse,away,3-4-2-1,False,20,Jessy Deminguet,SUB,0,746481
Metz,2025-10-19,Toulouse,away,3-4-2-1,False,99,Joel Asoro,SUB,0,746481
Metz,2025-10-19,Toulouse,away,3-4-2-1,False,19,Morgan Bokele,SUB,0,746481
Metz,2025-10-19,Toulouse,away,3-4-2-1,False,15,Terry Yegbe,SUB,0,746481
Metz,2025-10-19,Toulouse,away,3-4-2-1,False,61,Pape Sy,SUB,0,746481
Metz,2025-10-19,Toulouse,away,3-4-2-1,False,23,Ibou Sané,SUB,0,746481
Metz,2025-10-19,Toulouse,away,3-4-2-1,False,7,Giorgi Tsitaishvili,SUB,0,746481
Brest,2025-10-25,PSG,home,4-2-3-1,True,1,Radoslaw Majecki,G,1,746486
Brest,2025-10-25,PSG,home,4-2-3-1,True,44,Soumaila Coulibaly,CD-L,6,746486
Brest,2025-10-25,PSG,home,4-2-3-1,True,4,Michel Diaz,CD-R,5,746486
Brest,2025-10-25,PSG,home,4-2-3-1,True,2,Bradley Locko,LB,3,746486
Brest,2025-10-25,PSG,home,4-2-3-1,True,77,Kenny Lala,RB,2,746486
Brest,2025-10-25,PSG,home,4-2-3-1,True,10,Romain Del Castillo,AM,10,746486
Brest,2025-10-25,PSG,home,4-2-3-1,True,8,Hugo Magnetti,LM,4,746486
Brest,2025-10-25,PSG,home,4-2-3-1,True,13,Joris Chotard,RM,8,746486
Brest,2025-10-25,PSG,home,4-2-3-1,True,19,Ludovic Ajorque,F,9,746486
Brest,2025-10-25,PSG,home,4-2-3-1,True,99,Pathé Mboup,AM-L,11,746486
Brest,2025-10-25,PSG,home,4-2-3-1,True,7,Junior Dina Ebimbe,AM-R,7,746486
Brest,2025-10-25,PSG,home,4-2-3-1,False,12,Luc Zogbe,SUB,0,746486
Brest,2025-10-25,PSG,home,4-2-3-1,False,27,Daouda Guindo,SUB,0,746486
Brest,2025-10-25,PSG,home,4-2-3-1,False,5,Brendan Chardonnet,SUB,0,746486
Brest,2025-10-25,PSG,home,4-2-3-1,False,26,Julien Le Cardinal,SUB,0,746486
Brest,2025-10-25,PSG,home,4-2-3-1,False,17,Mama Baldé,SUB,0,746486
Brest,2025-10-25,PSG,home,4-2-3-1,False,24,Lucas Tousart,SUB,0,746486
Brest,2025-10-25,PSG,home,4-2-3-1,False,30,Grégoire Coudert,SUB,0,746486
Brest,2025-10-25,PSG,home,4-2-3-1,False,36,Raphaël Le Guen,SUB,0,746486
Brest,2025-10-25,PSG,home,4-2-3-1,False,33,Hamidou Makalou,SUB,0,746486
PSG,2025-10-25,Brest,away,4-3-3,True,30,Lucas Chevalier,G,1,746486
PSG,2025-10-25,Brest,away,4-3-3,True,51,Willian Pacho,CD-L,6,746486
PSG,2025-10-25,Brest,away,4-3-3,True,6,Illia Zabarnyi,CD-R,5,746486
PSG,2025-10-25,Brest,away,4-3-3,True,21,Lucas Hernández,LB,3,746486
PSG,2025-10-25,Brest,away,4-3-3,True,2,Achraf Hakimi,RB,2,746486
PSG,2025-10-25,Brest,away,4-3-3,True,17,Vitinha,CM,4,746486
PSG,2025-10-25,Brest,away,4-3-3,True,19,Lee Kang-In,LM,8,746486
PSG,2025-10-25,Brest,away,4-3-3,True,33,Warren Zaïre-Emery,RM,7,746486
PSG,2025-10-25,Brest,away,4-3-3,True,24,Senny Mayulu,F,9,746486
PSG,2025-10-25,Brest,away,4-3-3,True,29,Bradley Barcola,LF,11,746486
PSG,2025-10-25,Brest,away,4-3-3,True,7,Khvicha Kvaratskhelia,RF,10,746486
PSG,2025-10-25,Brest,away,4-3-3,False,47,Quentin Ndjantou,SUB,0,746486
PSG,2025-10-25,Brest,away,4-3-3,False,49,Ibrahim Mbaye,SUB,0,746486
PSG,2025-10-25,Brest,away,4-3-3,False,4,Lucas Beraldo,SUB,0,746486
PSG,2025-10-25,Brest,away,4-3-3,False,5,Marquinhos,SUB,0,746486
PSG,2025-10-25,Brest,away,4-3-3,False,14,Désiré Doué,SUB,0,746486
PSG,2025-10-25,Brest,away,4-3-3,False,39,Matvei Safonov,SUB,0,746486
PSG,2025-10-25,Brest,away,4-3-3,False,9,Gonçalo Ramos,SUB,0,746486
PSG,2025-10-25,Brest,away,4-3-3,False,10,Ousmane Dembélé,SUB,0,746486
PSG,2025-10-25,Brest,away,4-3-3,False,25,Nuno Mendes,SUB,0,746486
Rennes,2025-10-26,Nice,home,4-4-2,True,30,Brice Samba,G,1,746487
Rennes,2025-10-26,Nice,home,4-4-2,True,3,Lilian Brassier,CD-L,6,746487
Rennes,2025-10-26,Nice,home,4-4-2,True,97,Jérémy Jacquet,CD-R,5,746487
Rennes,2025-10-26,Nice,home,4-4-2,True,26,Quentin Merlin,LB,3,746487
Rennes,2025-10-26,Nice,home,4-4-2,True,36,Alidu Seidu,RB,2,746487
Rennes,2025-10-26,Nice,home,4-4-2,True,21,Valentin Rongier,CM-L,8,746487
Rennes,2025-10-26,Nice,home,4-4-2,True,45,Mahdi Camara,CM-R,4,746487
Rennes,2025-10-26,Nice,home,4-4-2,True,8,Seko Fofana,LM,11,746487
Rennes,2025-10-26,Nice,home,4-4-2,True,10,Ludovic Blas,RM,7,746487
Rennes,2025-10-26,Nice,home,4-4-2,True,9,Esteban Lepaul,CF-L,9,746487
Rennes,2025-10-26,Nice,home,4-4-2,True,7,Breel Embolo,CF-R,10,746487
Rennes,2025-10-26,Nice,home,4-4-2,False,6,Djaoui Cissé,SUB,0,746487
Rennes,2025-10-26,Nice,home,4-4-2,False,11,Mousa Al-Tamari,SUB,0,746487
Rennes,2025-10-26,Nice,home,4-4-2,False,50,Mathys Silistre,SUB,0,746487
Rennes,2025-10-26,Nice,home,4-4-2,False,48,Abdelhamid Aït Boudlal,SUB,0,746487
Rennes,2025-10-26,Nice,home,4-4-2,False,4,Glen Kamara,SUB,0,746487
Rennes,2025-10-26,Nice,home,4-4-2,False,24,Anthony Rouault,SUB,0,746487
Rennes,2025-10-26,Nice,home,4-4-2,False,95,Przemyslaw Frankowski,SUB,0,746487
Rennes,2025-10-26,Nice,home,4-4-2,False,39,Mohamed Meïté,SUB,0,746487
Rennes,2025-10-26,Nice,home,4-4-2,False,18,Mahamadou Nagida,SUB,0,746487
Nice,2025-10-26,Rennes,away,3-4-1-2,True,80,Yehvann Diouf,G,1,746487
Nice,2025-10-26,Rennes,away,3-4-1-2,True,37,Kojo Peprah Oppong,CD,5,746487
Nice,2025-10-26,Rennes,away,3-4-1-2,True,26,Melvin Bard,CD-L,4,746487
Nice,2025-10-26,Rennes,away,3-4-1-2,True,33,Antoine Mendy,CD-R,6,746487
Nice,2025-10-26,Rennes,away,3-4-1-2,True,24,Charles Vanhoutte,CM-L,8,746487
Nice,2025-10-26,Rennes,away,3-4-1-2,True,99,Salis Abdul Samed,CM-R,7,746487
Nice,2025-10-26,Rennes,away,3-4-1-2,True,10,Sofiane Diop,AM,9,746487
Nice,2025-10-26,Rennes,away,3-4-1-2,True,2,Ali Abdi,LM,3,746487
Nice,2025-10-26,Rennes,away,3-4-1-2,True,92,Jonathan Clauss,RM,2,746487
Nice,2025-10-26,Rennes,away,3-4-1-2,True,7,Jérémie Boga,CF-L,11,746487
Nice,2025-10-26,Rennes,away,3-4-1-2,True,90,Kevin Carlos,CF-R,10,746487
Nice,2025-10-26,Rennes,away,3-4-1-2,False,21,Isak Jansson,SUB,0,746487
Nice,2025-10-26,Rennes,away,3-4-1-2,False,22,Tanguy Ndombele,SUB,0,746487
Nice,2025-10-26,Rennes,away,3-4-1-2,False,47,Tiago Gouveia,SUB,0,746487
Nice,2025-10-26,Rennes,away,3-4-1-2,False,20,Tom Louchet,SUB,0,746487
Nice,2025-10-26,Rennes,away,3-4-1-2,False,31,Maxime Dupé,SUB,0,746487
Nice,2025-10-26,Rennes,away,3-4-1-2,False,28,Juma Bah,SUB,0,746487
Nice,2025-10-26,Rennes,away,3-4-1-2,False,8,Morgan Sanson,SUB,0,746487
Nice,2025-10-26,Rennes,away,3-4-1-2,False,49,Bernard Nguene,SUB,0,746487
Nice,2025-10-26,Rennes,away,3-4-1-2,False,39,Djibril Coulibaly,SUB,0,746487
Nantes,2025-10-19,Lille,home,4-3-3,True,1,Anthony Lopes,G,1,746479
Nantes,2025-10-19,Lille,home,4-3-3,True,78,Tylel Tati,CD-L,6,746479
Nantes,2025-10-19,Lille,home,4-3-3,True,6,Chidozie Awaziem,CD-R,5,746479
Nantes,2025-10-19,Lille,home,4-3-3,True,66,Louis Leroux,LB,3,746479
Nantes,2025-10-19,Lille,home,4-3-3,True,98,Kelvin Amian,RB,2,746479
Nantes,2025-10-19,Lille,home,4-3-3,True,5,Kwon Hyeok-Kyu,CM,4,746479
Nantes,2025-10-19,Lille,home,4-3-3,True,17,Dehmaine Tabibou,LM,8,746479
Nantes,2025-10-19,Lille,home,4-3-3,True,80,Junior Mwanga,RM,7,746479
Nantes,2025-10-19,Lille,home,4-3-3,True,31,Mostafa Mohamed,F,9,746479
Nantes,2025-10-19,Lille,home,4-3-3,True,11,Bahereba Guirassy,LF,11,746479
Nantes,2025-10-19,Lille,home,4-3-3,True,10,Matthis Abline,RF,10,746479
Nantes,2025-10-19,Lille,home,4-3-3,False,30,Patrick Carlgren,SUB,0,746479
Nantes,2025-10-19,Lille,home,4-3-3,False,7,Hong Hyun-Seok,SUB,0,746479
Nantes,2025-10-19,Lille,home,4-3-3,False,26,Uros Radakovic,SUB,0,746479
Nantes,2025-10-19,Lille,home,4-3-3,False,3,Nicolas Cozza,SUB,0,746479
Nantes,2025-10-19,Lille,home,4-3-3,False,14,Amady Camara,SUB,0,746479
Nantes,2025-10-19,Lille,home,4-3-3,False,69,Sacha Ziani,SUB,0,746479
Nantes,2025-10-19,Lille,home,4-3-3,False,19,Youssef El Arabi,SUB,0,746479
Nantes,2025-10-19,Lille,home,4-3-3,False,52,Bahmed Deuff,SUB,0,746479
Nantes,2025-10-19,Lille,home,4-3-3,False,90,Yassine Benhattab,SUB,0,746479
Lille,2025-10-19,Nantes,away,4-2-3-1,True,1,Berke Özer,G,1,746479
Lille,2025-10-19,Nantes,away,4-2-3-1,True,23,Aïssa Mandi,CD-L,6,746479
Lille,2025-10-19,Nantes,away,4-2-3-1,True,18,Chancel Mbemba,CD-R,5,746479
Lille,2025-10-19,Nantes,away,4-2-3-1,True,15,Romain Perraud,LB,3,746479
Lille,2025-10-19,Nantes,away,4-2-3-1,True,12,Thomas Meunier,RB,2,746479
Lille,2025-10-19,Nantes,away,4-2-3-1,True,10,Hákon Haraldsson,AM,10,746479
Lille,2025-10-19,Nantes,away,4-2-3-1,True,32,Ayyoub Bouaddi,LM,4,746479
Lille,2025-10-19,Nantes,away,4-2-3-1,True,21,Benjamin André,RM,8,746479
Lille,2025-10-19,Nantes,away,4-2-3-1,True,9,Olivier Giroud,F,9,746479
Lille,2025-10-19,Nantes,away,4-2-3-1,True,7,Matias Fernandez-Pardo,AM-L,11,746479
Lille,2025-10-19,Nantes,away,4-2-3-1,True,27,Felix Correia,AM-R,7,746479
Lille,2025-10-19,Nantes,away,4-2-3-1,False,11,Osame Sahraoui,SUB,0,746479
Lille,2025-10-19,Nantes,away,4-2-3-1,False,26,André Gomes,SUB,0,746479
Lille,2025-10-19,Nantes,away,4-2-3-1,False,3,Nathan Ngoy,SUB,0,746479
Lille,2025-10-19,Nantes,away,4-2-3-1,False,29,Hamza Igmane,SUB,0,746479
Lille,2025-10-19,Nantes,away,4-2-3-1,False,8,Ethan Mbappé,SUB,0,746479
Lille,2025-10-19,Nantes,away,4-2-3-1,False,38,Maxima Goffi,SUB,0,746479
Lille,2025-10-19,Nantes,away,4-2-3-1,False,28,Ugo Raghouber,SUB,0,746479
Lille,2025-10-19,Nantes,away,4-2-3-1,False,16,Arnaud Bodart,SUB,0,746479
Lille,2025-10-19,Nantes,away,4-2-3-1,False,24,Calvin Verdonk,SUB,0,746479
Paris FC,2025-10-24,Nantes,home,4-2-3-1,True,16,Obed Nkambadio,G,1,746491
Paris FC,2025-10-24,Nantes,home,4-2-3-1,True,5,Moustapha Mbow,CD-L,6,746491
Paris FC,2025-10-24,Nantes,home,4-2-3-1,True,31,Samir Chergui,CD-R,5,746491
Paris FC,2025-10-24,Nantes,home,4-2-3-1,True,28,Thibault De Smet,LB,3,746491
Paris FC,2025-10-24,Nantes,home,4-2-3-1,True,14,Hamari Traoré,RB,2,746491
Paris FC,2025-10-24,Nantes,home,4-2-3-1,True,21,Maxime López,AM,10,746491
Paris FC,2025-10-24,Nantes,home,4-2-3-1,True,4,Vincent Marchetti,LM,4,746491
Paris FC,2025-10-24,Nantes,home,4-2-3-1,True,33,Pierre Lees-Melou,RM,8,746491
Paris FC,2025-10-24,Nantes,home,4-2-3-1,True,11,Jean-Phillipe Krasso,F,9,746491
Paris FC,2025-10-24,Nantes,home,4-2-3-1,True,27,Moses Simon,AM-L,11,746491
Paris FC,2025-10-24,Nantes,home,4-2-3-1,True,10,Ilan Kebbal,AM-R,7,746491
Paris FC,2025-10-24,Nantes,home,4-2-3-1,False,15,Timothée Kolodziejczak,SUB,0,746491
Paris FC,2025-10-24,Nantes,home,4-2-3-1,False,12,Nouha Dicko,SUB,0,746491
Paris FC,2025-10-24,Nantes,home,4-2-3-1,False,6,Otavio,SUB,0,746491
Paris FC,2025-10-24,Nantes,home,4-2-3-1,False,9,Willem Geubbels,SUB,0,746491
Paris FC,2025-10-24,Nantes,home,4-2-3-1,False,17,Adama Camara,SUB,0,746491
Paris FC,2025-10-24,Nantes,home,4-2-3-1,False,2,Tuomas Ollila,SUB,0,746491
Paris FC,2025-10-24,Nantes,home,4-2-3-1,False,35,Kevin Trapp,SUB,0,746491
Paris FC,2025-10-24,Nantes,home,4-2-3-1,False,7,Alimani Gory,SUB,0,746491
Paris FC,2025-10-24,Nantes,home,4-2-3-1,False,93,Jonathan Ikoné,SUB,0,746491
Nantes,2025-10-24,Paris FC,away,4-3-3,True,1,Anthony Lopes,G,1,746491
Nantes,2025-10-24,Paris FC,away,4-3-3,True,78,Tylel Tati,CD-L,6,746491
Nantes,2025-10-24,Paris FC,away,4-3-3,True,6,Chidozie Awaziem,CD-R,5,746491
Nantes,2025-10-24,Paris FC,away,4-3-3,True,66,Louis Leroux,LB,3,746491
Nantes,2025-10-24,Paris FC,away,4-3-3,True,98,Kelvin Amian,RB,2,746491
Nantes,2025-10-24,Paris FC,away,4-3-3,True,5,Kwon Hyeok-Kyu,CM,4,746491
Nantes,2025-10-24,Paris FC,away,4-3-3,True,17,Dehmaine Tabibou,LM,8,746491
Nantes,2025-10-24,Paris FC,away,4-3-3,True,80,Junior Mwanga,RM,7,746491
Nantes,2025-10-24,Paris FC,away,4-3-3,True,19,Youssef El Arabi,F,9,746491
Nantes,2025-10-24,Paris FC,away,4-3-3,True,10,Matthis Abline,LF,11,746491
Nantes,2025-10-24,Paris FC,away,4-3-3,True,11,Bahereba Guirassy,RF,10,746491
Nantes,2025-10-24,Paris FC,away,4-3-3,False,90,Yassine Benhattab,SUB,0,746491
Nantes,2025-10-24,Paris FC,away,4-3-3,False,3,Nicolas Cozza,SUB,0,746491
Nantes,2025-10-24,Paris FC,away,4-3-3,False,52,Bahmed Deuff,SUB,0,746491
Nantes,2025-10-24,Paris FC,away,4-3-3,False,18,Fabien Centonze,SUB,0,746491
Nantes,2025-10-24,Paris FC,away,4-3-3,False,31,Mostafa Mohamed,SUB,0,746491
Nantes,2025-10-24,Paris FC,away,4-3-3,False,26,Uros Radakovic,SUB,0,746491
Nantes,2025-10-24,Paris FC,away,4-3-3,False,69,Sacha Ziani,SUB,0,746491
Nantes,2025-10-24,Paris FC,away,4-3-3,False,30,Patrick Carlgren,SUB,0,746491
Nantes,2025-10-24,Paris FC,away,4-3-3,False,14,Amady Camara,SUB,0,746491
Lille,2025-10-26,Metz,home,4-2-3-1,True,1,Berke Özer,G,1,746492
Lille,2025-10-26,Metz,home,4-2-3-1,True,23,Aïssa Mandi,CD-L,6,746492
Lille,2025-10-26,Metz,home,4-2-3-1,True,18,Chancel Mbemba,CD-R,5,746492
Lille,2025-10-26,Metz,home,4-2-3-1,True,15,Romain Perraud,LB,3,746492
Lille,2025-10-26,Metz,home,4-2-3-1,True,12,Thomas Meunier,RB,2,746492
Lille,2025-10-26,Metz,home,4-2-3-1,True,10,Hákon Haraldsson,AM,10,746492
Lille,2025-10-26,Metz,home,4-2-3-1,True,32,Ayyoub Bouaddi,LM,4,746492
Lille,2025-10-26,Metz,home,4-2-3-1,True,21,Benjamin André,RM,8,746492
Lille,2025-10-26,Metz,home,4-2-3-1,True,29,Hamza Igmane,F,9,746492
Lille,2025-10-26,Metz,home,4-2-3-1,True,7,Matias Fernandez-Pardo,AM-L,11,746492
Lille,2025-10-26,Metz,home,4-2-3-1,True,27,Felix Correia,AM-R,7,746492
Lille,2025-10-26,Metz,home,4-2-3-1,False,17,Ngal'ayel Mukau,SUB,0,746492
Lille,2025-10-26,Metz,home,4-2-3-1,False,16,Arnaud Bodart,SUB,0,746492
Lille,2025-10-26,Metz,home,4-2-3-1,False,6,Nabil Bentaleb,SUB,0,746492
Lille,2025-10-26,Metz,home,4-2-3-1,False,14,Marius Broholm,SUB,0,746492
Lille,2025-10-26,Metz,home,4-2-3-1,False,24,Calvin Verdonk,SUB,0,746492
Lille,2025-10-26,Metz,home,4-2-3-1,False,35,Soriba Diaoune,SUB,0,746492
Lille,2025-10-26,Metz,home,4-2-3-1,False,28,Ugo Raghouber,SUB,0,746492
Lille,2025-10-26,Metz,home,4-2-3-1,False,11,Osame Sahraoui,SUB,0,746492
Lille,2025-10-26,Metz,home,4-2-3-1,False,3,Nathan Ngoy,SUB,0,746492
Metz,2025-10-26,Lille,away,4-3-3,True,61,Pape Sy,G,1,746492
Metz,2025-10-26,Lille,away,4-3-3,True,15,Terry Yegbe,CD-L,6,746492
Metz,2025-10-26,Lille,away,4-3-3,True,5,Jean-Philippe Gbamin,CD-R,5,746492
Metz,2025-10-26,Lille,away,4-3-3,True,7,Giorgi Tsitaishvili,LB,3,746492
Metz,2025-10-26,Lille,away,4-3-3,True,39,Koffi Kouao,RB,2,746492
Metz,2025-10-26,Lille,away,4-3-3,True,21,Benjamin Stambouli,CM,4,746492
Metz,2025-10-26,Lille,away,4-3-3,True,20,Jessy Deminguet,LM,8,746492
Metz,2025-10-26,Lille,away,4-3-3,True,12,Alpha Touré,RM,7,746492
Metz,2025-10-26,Lille,away,4-3-3,True,30,Habib Diallo,F,9,746492
Metz,2025-10-26,Lille,away,4-3-3,True,9,Giorgi Abuashvili,LF,11,746492
Metz,2025-10-26,Lille,away,4-3-3,True,14,Cheick Sabaly,RF,10,746492
Metz,2025-10-26,Lille,away,4-3-3,False,23,Ibou Sané,SUB,0,746492
Metz,2025-10-26,Lille,away,4-3-3,False,19,Morgan Bokele,SUB,0,746492
Metz,2025-10-26,Lille,away,4-3-3,False,29,Ismaël Guerti,SUB,0,746492
Metz,2025-10-26,Lille,away,4-3-3,False,99,Joel Asoro,SUB,0,746492
Metz,2025-10-26,Lille,away,4-3-3,False,10,Gauthier Hein,SUB,0,746492
Metz,2025-10-26,Lille,away,4-3-3,False,25,Cleo Mélières,SUB,0,746492
Metz,2025-10-26,Lille,away,4-3-3,False,33,Believe Munongo,SUB,0,746492
Metz,2025-10-26,Lille,away,4-3-3,False,1,Jonathan Fischer,SUB,0,746492
Metz,2025-10-26,Lille,away,4-3-3,False,2,Maxime Colin,SUB,0,746492
Lens,2025-10-25,Marseille,home,3-4-2-1,True,40,Robin Risser,G,1,746488
Lens,2025-10-25,Marseille,home,3-4-2-1,True,6,Samson Baidoo,CD,5,746488
Lens,2025-10-25,Marseille,home,3-4-2-1,True,20,Malang Sarr,CD-L,4,746488
Lens,2025-10-25,Marseille,home,3-4-2-1,True,24,Jonathan Gradit,CD-R,6,746488
Lens,2025-10-25,Marseille,home,3-4-2-1,True,28,Adrien Thomasson,CM-L,8,746488
Lens,2025-10-25,Marseille,home,3-4-2-1,True,8,Mamadou Sangare,CM-R,7,746488
Lens,2025-10-25,Marseille,home,3-4-2-1,True,14,Matthieu Udol,LM,3,746488
Lens,2025-10-25,Marseille,home,3-4-2-1,True,2,Ruben Aguilar,RM,2,746488
Lens,2025-10-25,Marseille,home,3-4-2-1,True,11,Odsonne Édouard,F,9,746488
Lens,2025-10-25,Marseille,home,3-4-2-1,True,22,Wesley Saïd,CF-L,11,746488
Lens,2025-10-25,Marseille,home,3-4-2-1,True,10,Florian Thauvin,CF-R,10,746488
Lens,2025-10-25,Marseille,home,3-4-2-1,False,1,Régis Gurtner,SUB,0,746488
Lens,2025-10-25,Marseille,home,3-4-2-1,False,19,Abdallah Sima,SUB,0,746488
Lens,2025-10-25,Marseille,home,3-4-2-1,False,3,Deiver Machado,SUB,0,746488
Lens,2025-10-25,Marseille,home,3-4-2-1,False,23,Saud Abdulhamid,SUB,0,746488
Lens,2025-10-25,Marseille,home,3-4-2-1,False,5,Andrija Bulatovic,SUB,0,746488
Lens,2025-10-25,Marseille,home,3-4-2-1,False,7,Florian Sotoca,SUB,0,746488
Lens,2025-10-25,Marseille,home,3-4-2-1,False,38,Rayan Fofana,SUB,0,746488
Lens,2025-10-25,Marseille,home,3-4-2-1,False,25,Pierre Ganiou,SUB,0,746488
Lens,2025-10-25,Marseille,home,3-4-2-1,False,29,Morgan Guilavogui,SUB,0,746488
Marseille,2025-10-25,Lens,away,3-4-2-1,True,1,Gerónimo Rulli,G,1,746488
Marseille,2025-10-25,Lens,away,3-4-2-1,True,21,Nayef Aguerd,CD,5,746488
Marseille,2025-10-25,Lens,away,3-4-2-1,True,33,Emerson,CD-L,4,746488
Marseille,2025-10-25,Lens,away,3-4-2-1,True,28,Benjamin Pavard,CD-R,6,746488
Marseille,2025-10-25,Lens,away,3-4-2-1,True,18,Arthur Vermeeren,CM-L,8,746488
Marseille,2025-10-25,Lens,away,3-4-2-1,True,17,Matt O'Riley,CM-R,7,746488
Marseille,2025-10-25,Lens,away,3-4-2-1,True,62,Amir Murillo,LM,3,746488
Marseille,2025-10-25,Lens,away,3-4-2-1,True,22,Timothy Weah,RM,2,746488
Marseille,2025-10-25,Lens,away,3-4-2-1,True,34,Robinio Vaz,F,9,746488
Marseille,2025-10-25,Lens,away,3-4-2-1,True,14,Igor Paixão,CF-L,11,746488
Marseille,2025-10-25,Lens,away,3-4-2-1,True,10,Mason Greenwood,CF-R,10,746488
Marseille,2025-10-25,Lens,away,3-4-2-1,False,50,Darryl Bakola,SUB,0,746488
Marseille,2025-10-25,Lens,away,3-4-2-1,False,5,Leonardo Balerdi,SUB,0,746488
Marseille,2025-10-25,Lens,away,3-4-2-1,False,12,Jeffrey de Lange,SUB,0,746488
Marseille,2025-10-25,Lens,away,3-4-2-1,False,23,Pierre-Emile Højbjerg,SUB,0,746488
Marseille,2025-10-25,Lens,away,3-4-2-1,False,26,Bilal Nadir,SUB,0,746488
Marseille,2025-10-25,Lens,away,3-4-2-1,False,97,Pierre-Emerick Aubameyang,SUB,0,746488
Marseille,2025-10-25,Lens,away,3-4-2-1,False,8,Angel Gomes,SUB,0,746488
Marseille,2025-10-25,Lens,away,3-4-2-1,False,4,CJ Egan-Riley,SUB,0,746488
Marseille,2025-10-25,Lens,away,3-4-2-1,False,6,Ulisses Garcia,SUB,0,746488
Lyon,2025-10-26,Strasbourg,home,4-3-3,True,1,Dominik Greif,G,1,746489
Lyon,2025-10-26,Strasbourg,home,4-3-3,True,19,Moussa Niakhaté,CD-L,6,746489
Lyon,2025-10-26,Strasbourg,home,4-3-3,True,22,Clinton Mata,CD-R,5,746489
Lyon,2025-10-26,Strasbourg,home,4-3-3,True,3,Nicolás Tagliafico,LB,3,746489
Lyon,2025-10-26,Strasbourg,home,4-3-3,True,98,Ainsley Maitland-Niles,RB,2,746489
Lyon,2025-10-26,Strasbourg,home,4-3-3,True,6,Tanner Tessmann,CM,4,746489
Lyon,2025-10-26,Strasbourg,home,4-3-3,True,8,Corentin Tolisso,LM,8,746489
Lyon,2025-10-26,Strasbourg,home,4-3-3,True,23,Tyler Morton,RM,7,746489
Lyon,2025-10-26,Strasbourg,home,4-3-3,True,10,Pavel Sulc,F,9,746489
Lyon,2025-10-26,Strasbourg,home,4-3-3,True,11,Malick Fofana,LF,11,746489
Lyon,2025-10-26,Strasbourg,home,4-3-3,True,7,Adam Karabec,RF,10,746489
Lyon,2025-10-26,Strasbourg,home,4-3-3,False,20,Martín Satriano,SUB,0,746489
Lyon,2025-10-26,Strasbourg,home,4-3-3,False,16,Abner,SUB,0,746489
Lyon,2025-10-26,Strasbourg,home,4-3-3,False,50,Lassine Diarra,SUB,0,746489
Lyon,2025-10-26,Strasbourg,home,4-3-3,False,33,Hans Hateboer,SUB,0,746489
Lyon,2025-10-26,Strasbourg,home,4-3-3,False,44,Khalis Merah,SUB,0,746489
Lyon,2025-10-26,Strasbourg,home,4-3-3,False,17,Afonso Moreira,SUB,0,746489
Lyon,2025-10-26,Strasbourg,home,4-3-3,False,21,Ruben Kluivert,SUB,0,746489
Lyon,2025-10-26,Strasbourg,home,4-3-3,False,18,Rachid Ghezzal,SUB,0,746489
Lyon,2025-10-26,Strasbourg,home,4-3-3,False,39,Mathys De Carvalho,SUB,0,746489
Strasbourg,2025-10-26,Lyon,away,3-5-2,True,39,Mike Penders,G,1,746489
Strasbourg,2025-10-26,Lyon,away,3-5-2,True,23,Mamadou Sarr,CD,5,746489
Strasbourg,2025-10-26,Lyon,away,3-5-2,True,24,Lucas Høgsberg,CD-L,4,746489
Strasbourg,2025-10-26,Lyon,away,3-5-2,True,6,Ismael Doukoure,CD-R,6,746489
Strasbourg,2025-10-26,Lyon,away,3-5-2,True,29,Samir El Mourabet,CM-L,8,746489
Strasbourg,2025-10-26,Lyon,away,3-5-2,True,42,Abdoul Ouattara,CM-R,7,746489
Strasbourg,2025-10-26,Lyon,away,3-5-2,True,32,Valentín Barco,AM,11,746489
Strasbourg,2025-10-26,Lyon,away,3-5-2,True,7,Diego Moreira,LM,3,746489
Strasbourg,2025-10-26,Lyon,away,3-5-2,True,22,Guela Doué,RM,2,746489
Strasbourg,2025-10-26,Lyon,away,3-5-2,True,19,Julio Enciso,CF-L,9,746489
Strasbourg,2025-10-26,Lyon,away,3-5-2,True,9,Joaquín Panichelli,CF-R,10,746489
Strasbourg,2025-10-26,Lyon,away,3-5-2,False,77,Eduard Sobol,SUB,0,746489
Strasbourg,2025-10-26,Lyon,away,3-5-2,False,83,Rafael Luís,SUB,0,746489
Strasbourg,2025-10-26,Lyon,away,3-5-2,False,20,Martial Godo,SUB,0,746489
Strasbourg,2025-10-26,Lyon,away,3-5-2,False,2,Andrew Omobamidele,SUB,0,746489
Strasbourg,2025-10-26,Lyon,away,3-5-2,False,17,Mathis Amougou,SUB,0,746489
Strasbourg,2025-10-26,Lyon,away,3-5-2,False,80,Felix Lemarechal,SUB,0,746489
Strasbourg,2025-10-26,Lyon,away,3-5-2,False,16,Kendry Páez,SUB,0,746489
Strasbourg,2025-10-26,Lyon,away,3-5-2,False,11,Sebastian Nanasi,SUB,0,746489
Strasbourg,2025-10-26,Lyon,away,3-5-2,False,50,Stefan Bajic,SUB,0,746489
Nice,2025-10-29,Lille,home,3-4-1-2,True,80,Yehvann Diouf,G,1,746498
Nice,2025-10-29,Lille,home,3-4-1-2,True,28,Juma Bah,CD,5,746498
Nice,2025-10-29,Lille,home,3-4-1-2,True,37,Kojo Peprah Oppong,CD-L,4,746498
Nice,2025-10-29,Lille,home,3-4-1-2,True,33,Antoine Mendy,CD-R,6,746498
Nice,2025-10-29,Lille,home,3-4-1-2,True,24,Charles Vanhoutte,CM-L,8,746498
Nice,2025-10-29,Lille,home,3-4-1-2,True,99,Salis Abdul Samed,CM-R,7,746498
Nice,2025-10-29,Lille,home,3-4-1-2,True,10,Sofiane Diop,AM,9,746498
Nice,2025-10-29,Lille,home,3-4-1-2,True,26,Melvin Bard,LM,3,746498
Nice,2025-10-29,Lille,home,3-4-1-2,True,47,Tiago Gouveia,RM,2,746498
Nice,2025-10-29,Lille,home,3-4-1-2,True,7,Jérémie Boga,CF-L,11,746498
Nice,2025-10-29,Lille,home,3-4-1-2,True,90,Kevin Carlos,CF-R,10,746498
Nice,2025-10-29,Lille,home,3-4-1-2,False,21,Isak Jansson,SUB,0,746498
Nice,2025-10-29,Lille,home,3-4-1-2,False,2,Ali Abdi,SUB,0,746498
Nice,2025-10-29,Lille,home,3-4-1-2,False,49,Bernard Nguene,SUB,0,746498
Nice,2025-10-29,Lille,home,3-4-1-2,False,31,Maxime Dupé,SUB,0,746498
Nice,2025-10-29,Lille,home,3-4-1-2,False,20,Tom Louchet,SUB,0,746498
Nice,2025-10-29,Lille,home,3-4-1-2,False,23,Gabin Bernardeau,SUB,0,746498
Nice,2025-10-29,Lille,home,3-4-1-2,False,8,Morgan Sanson,SUB,0,746498
Nice,2025-10-29,Lille,home,3-4-1-2,False,22,Tanguy Ndombele,SUB,0,746498
Nice,2025-10-29,Lille,home,3-4-1-2,False,6,Hicham Boudaoui,SUB,0,746498
Lille,2025-10-29,Nice,away,4-2-3-1,True,16,Arnaud Bodart,G,1,746498
Lille,2025-10-29,Nice,away,4-2-3-1,True,23,Aïssa Mandi,CD-L,6,746498
Lille,2025-10-29,Nice,away,4-2-3-1,True,3,Nathan Ngoy,CD-R,5,746498
Lille,2025-10-29,Nice,away,4-2-3-1,True,15,Romain Perraud,LB,3,746498
Lille,2025-10-29,Nice,away,4-2-3-1,True,12,Thomas Meunier,RB,2,746498
Lille,2025-10-29,Nice,away,4-2-3-1,True,10,Hákon Haraldsson,AM,10,746498
Lille,2025-10-29,Nice,away,4-2-3-1,True,32,Ayyoub Bouaddi,LM,4,746498
Lille,2025-10-29,Nice,away,4-2-3-1,True,21,Benjamin André,RM,8,746498
Lille,2025-10-29,Nice,away,4-2-3-1,True,29,Hamza Igmane,F,9,746498
Lille,2025-10-29,Nice,away,4-2-3-1,True,7,Matias Fernandez-Pardo,AM-L,11,746498
Lille,2025-10-29,Nice,away,4-2-3-1,True,27,Felix Correia,AM-R,7,746498
Lille,2025-10-29,Nice,away,4-2-3-1,False,6,Nabil Bentaleb,SUB,0,746498
Lille,2025-10-29,Nice,away,4-2-3-1,False,35,Soriba Diaoune,SUB,0,746498
Lille,2025-10-29,Nice,away,4-2-3-1,False,18,Chancel Mbemba,SUB,0,746498
Lille,2025-10-29,Nice,away,4-2-3-1,False,40,Thomas Sajous,SUB,0,746498
Lille,2025-10-29,Nice,away,4-2-3-1,False,11,Osame Sahraoui,SUB,0,746498
Lille,2025-10-29,Nice,away,4-2-3-1,False,24,Calvin Verdonk,SUB,0,746498
Lille,2025-10-29,Nice,away,4-2-3-1,False,17,Ngal'ayel Mukau,SUB,0,746498
Lille,2025-10-29,Nice,away,4-2-3-1,False,14,Marius Broholm,SUB,0,746498
Lille,2025-10-29,Nice,away,4-2-3-1,False,9,Olivier Giroud,SUB,0,746498
Auxerre,2025-10-26,Le Havre,home,3-4-2-1,True,16,Donovan Léon,G,1,746485
Auxerre,2025-10-26,Le Havre,home,3-4-2-1,True,4,Francisco Sierralta,CD,5,746485
Auxerre,2025-10-26,Le Havre,home,3-4-2-1,True,92,Clément Akpa,CD-L,4,746485
Auxerre,2025-10-26,Le Havre,home,3-4-2-1,True,29,Marvin Senaya,CD-R,6,746485
Auxerre,2025-10-26,Le Havre,home,3-4-2-1,True,42,Elisha Owusu,CM-L,8,746485
Auxerre,2025-10-26,Le Havre,home,3-4-2-1,True,17,Oussama El Azzouzi,CM-R,7,746485
Auxerre,2025-10-26,Le Havre,home,3-4-2-1,True,14,Gideon Mensah,LM,3,746485
Auxerre,2025-10-26,Le Havre,home,3-4-2-1,True,7,Josué Casimir,RM,2,746485
Auxerre,2025-10-26,Le Havre,home,3-4-2-1,True,9,Sékou Mara,F,9,746485
Auxerre,2025-10-26,Le Havre,home,3-4-2-1,True,19,Danny Namaso,CF-L,11,746485
Auxerre,2025-10-26,Le Havre,home,3-4-2-1,True,10,Lassine Sinayoko,CF-R,10,746485
Auxerre,2025-10-26,Le Havre,home,3-4-2-1,False,27,Lamine Sy,SUB,0,746485
Auxerre,2025-10-26,Le Havre,home,3-4-2-1,False,22,Fredrik Oppegard,SUB,0,746485
Auxerre,2025-10-26,Le Havre,home,3-4-2-1,False,18,Assane Dioussé,SUB,0,746485
Auxerre,2025-10-26,Le Havre,home,3-4-2-1,False,21,Lasso Coulibaly,SUB,0,746485
Auxerre,2025-10-26,Le Havre,home,3-4-2-1,False,40,Théo De Percin,SUB,0,746485
Auxerre,2025-10-26,Le Havre,home,3-4-2-1,False,20,Sinaly Diomande,SUB,0,746485
Auxerre,2025-10-26,Le Havre,home,3-4-2-1,False,34,Rudy Matondo,SUB,0,746485
Auxerre,2025-10-26,Le Havre,home,3-4-2-1,False,23,Ibrahim Osman,SUB,0,746485
Auxerre,2025-10-26,Le Havre,home,3-4-2-1,False,5,Kévin Danois,SUB,0,746485
Le Havre,2025-10-26,Auxerre,away,4-1-3-2,False,26,Simon Ebonog,,0,746485
Le Havre,2025-10-26,Auxerre,away,4-1-3-2,False,11,Godson Kyeremeh,,0,746485
Le Havre,2025-10-26,Auxerre,away,4-1-3-2,False,29,Stephan Zagadou,,0,746485
Le Havre,2025-10-26,Auxerre,away,4-1-3-2,False,13,Fodé Doucouré,,0,746485
Le Havre,2025-10-26,Auxerre,away,4-1-3-2,False,10,Félix Mambimbi,,0,746485
Le Havre,2025-10-26,Auxerre,away,4-1-3-2,False,77,Lionel Mpasi,,0,746485
Le Havre,2025-10-26,Auxerre,away,4-1-3-2,False,21,Younes Namli,,0,746485
Le Havre,2025-10-26,Auxerre,away,4-1-3-2,False,30,Reda Khadra,,0,746485
Le Havre,2025-10-26,Auxerre,away,4-1-3-2,False,23,Thomas Delaine,,0,746485
Le Havre,2025-10-26,Auxerre,away,4-1-3-2,True,99,Mory Diaw,G,1,746485
Le Havre,2025-10-26,Auxerre,away,4-1-3-2,True,93,Arouna Sangante,CD-L,6,746485
Le Havre,2025-10-26,Auxerre,away,4-1-3-2,True,6,Etienne Youte Kinkoue,CD-R,5,746485
Le Havre,2025-10-26,Auxerre,away,4-1-3-2,True,15,Ayumu Seko,SW,4,746485
Le Havre,2025-10-26,Auxerre,away,4-1-3-2,True,18,Yanis Zouaoui,LB,3,746485
Le Havre,2025-10-26,Auxerre,away,4-1-3-2,True,7,Loïc Négo,RB,2,746485
Le Havre,2025-10-26,Auxerre,away,4-1-3-2,True,14,Rassoul Ndiaye,CM,8,746485
Le Havre,2025-10-26,Auxerre,away,4-1-3-2,True,94,Abdoulaye Touré,LM,11,746485
Le Havre,2025-10-26,Auxerre,away,4-1-3-2,True,8,Yassine Kechta,RM,7,746485
Le Havre,2025-10-26,Auxerre,away,4-1-3-2,True,45,Issa Soumaré,CF-L,10,746485
Le Havre,2025-10-26,Auxerre,away,4-1-3-2,True,70,Mbwana Samatta,CF-R,9,746485
Marseille,2025-10-29,Angers,home,4-2-3-1,True,1,Gerónimo Rulli,G,1,746495
Marseille,2025-10-29,Angers,home,4-2-3-1,True,21,Nayef Aguerd,CD-L,6,746495
Marseille,2025-10-29,Angers,home,4-2-3-1,True,4,CJ Egan-Riley,CD-R,5,746495
Marseille,2025-10-29,Angers,home,4-2-3-1,True,33,Emerson,LB,3,746495
Marseille,2025-10-29,Angers,home,4-2-3-1,True,62,Amir Murillo,RB,2,746495
Marseille,2025-10-29,Angers,home,4-2-3-1,True,8,Angel Gomes,AM,10,746495
Marseille,2025-10-29,Angers,home,4-2-3-1,True,23,Pierre-Emile Højbjerg,LM,4,746495
Marseille,2025-10-29,Angers,home,4-2-3-1,True,18,Arthur Vermeeren,RM,8,746495
Marseille,2025-10-29,Angers,home,4-2-3-1,True,97,Pierre-Emerick Aubameyang,F,9,746495
Marseille,2025-10-29,Angers,home,4-2-3-1,True,14,Igor Paixão,AM-L,11,746495
Marseille,2025-10-29,Angers,home,4-2-3-1,True,10,Mason Greenwood,AM-R,7,746495
Marseille,2025-10-29,Angers,home,4-2-3-1,False,28,Benjamin Pavard,SUB,0,746495
Marseille,2025-10-29,Angers,home,4-2-3-1,False,35,Tadjidine Mmadi,SUB,0,746495
Marseille,2025-10-29,Angers,home,4-2-3-1,False,12,Jeffrey de Lange,SUB,0,746495
Marseille,2025-10-29,Angers,home,4-2-3-1,False,26,Bilal Nadir,SUB,0,746495
Marseille,2025-10-29,Angers,home,4-2-3-1,False,17,Matt O'Riley,SUB,0,746495
Marseille,2025-10-29,Angers,home,4-2-3-1,False,34,Robinio Vaz,SUB,0,746495
Marseille,2025-10-29,Angers,home,4-2-3-1,False,50,Darryl Bakola,SUB,0,746495
Marseille,2025-10-29,Angers,home,4-2-3-1,False,6,Ulisses Garcia,SUB,0,746495
Marseille,2025-10-29,Angers,home,4-2-3-1,False,29,Pol Lirola,SUB,0,746495
Angers,2025-10-29,Marseille,away,4-2-3-1,True,12,Hervé Koffi,G,1,746495
Angers,2025-10-29,Marseille,away,4-2-3-1,True,21,Jordan Lefort,CD-L,6,746495
Angers,2025-10-29,Marseille,away,4-2-3-1,True,4,Ousmane Camara,CD-R,5,746495
Angers,2025-10-29,Marseille,away,4-2-3-1,True,3,Jacques Ekomie,LB,3,746495
Angers,2025-10-29,Marseille,away,4-2-3-1,True,2,Carlens Arcus,RB,2,746495
Angers,2025-10-29,Marseille,away,4-2-3-1,True,6,Louis Mouton,AM,10,746495
Angers,2025-10-29,Marseille,away,4-2-3-1,True,10,Himad Abdelli,LM,4,746495
Angers,2025-10-29,Marseille,away,4-2-3-1,True,93,Haris Belkebla,RM,8,746495
Angers,2025-10-29,Marseille,away,4-2-3-1,True,11,Sidiki Cherif,F,9,746495
Angers,2025-10-29,Marseille,away,4-2-3-1,True,27,Lilian Raolisoa,AM-L,11,746495
Angers,2025-10-29,Marseille,away,4-2-3-1,True,14,Yassin Belkhdim,AM-R,7,746495
Angers,2025-10-29,Marseille,away,4-2-3-1,False,15,Pierrick Capelle,SUB,0,746495
Angers,2025-10-29,Marseille,away,4-2-3-1,False,23,Dan Sinaté,SUB,0,746495
Angers,2025-10-29,Marseille,away,4-2-3-1,False,5,Marius Courcoul,SUB,0,746495
Angers,2025-10-29,Marseille,away,4-2-3-1,False,36,Lanroy Machine,SUB,0,746495
Angers,2025-10-29,Marseille,away,4-2-3-1,False,7,Amine Sbaï,SUB,0,746495
Angers,2025-10-29,Marseille,away,4-2-3-1,False,16,Melvin Zinga,SUB,0,746495
Angers,2025-10-29,Marseille,away,4-2-3-1,False,31,Harouna Djibirin,SUB,0,746495
Angers,2025-10-29,Marseille,away,4-2-3-1,False,26,Florent Hanin,SUB,0,746495
Angers,2025-10-29,Marseille,away,4-2-3-1,False,25,Abdoulaye Bamba,SUB,0,746495
Monaco,2025-10-25,Toulouse,home,3-4-2-1,True,16,Philipp Köhn,G,1,746490
Monaco,2025-10-25,Toulouse,home,3-4-2-1,True,22,Mohammed Salisu,CD,5,746490
Monaco,2025-10-25,Toulouse,home,3-4-2-1,True,13,Christian Mawissa,CD-L,4,746490
Monaco,2025-10-25,Toulouse,home,3-4-2-1,True,5,Thilo Kehrer,CD-R,6,746490
Monaco,2025-10-25,Toulouse,home,3-4-2-1,True,10,Aleksandr Golovin,CM-L,8,746490
Monaco,2025-10-25,Toulouse,home,3-4-2-1,True,28,Mamadou Coulibaly,CM-R,7,746490
Monaco,2025-10-25,Toulouse,home,3-4-2-1,True,20,Kassoum Ouattara,LM,3,746490
Monaco,2025-10-25,Toulouse,home,3-4-2-1,True,27,Krépin Diatta,RM,2,746490
Monaco,2025-10-25,Toulouse,home,3-4-2-1,True,9,Folarin Balogun,F,9,746490
Monaco,2025-10-25,Toulouse,home,3-4-2-1,True,31,Ansu Fati,CF-L,11,746490
Monaco,2025-10-25,Toulouse,home,3-4-2-1,True,18,Takumi Minamino,CF-R,10,746490
Monaco,2025-10-25,Toulouse,home,3-4-2-1,False,41,Pape Cabral,SUB,0,746490
Monaco,2025-10-25,Toulouse,home,3-4-2-1,False,50,Yann Lienard,SUB,0,746490
Monaco,2025-10-25,Toulouse,home,3-4-2-1,False,4,Jordan Teze,SUB,0,746490
Monaco,2025-10-25,Toulouse,home,3-4-2-1,False,19,George Ilenikhena,SUB,0,746490
Monaco,2025-10-25,Toulouse,home,3-4-2-1,False,11,Maghnes Akliouche,SUB,0,746490
Monaco,2025-10-25,Toulouse,home,3-4-2-1,False,21,Lucas Michel,SUB,0,746490
Monaco,2025-10-25,Toulouse,home,3-4-2-1,False,23,Aladji Bamba,SUB,0,746490
Monaco,2025-10-25,Toulouse,home,3-4-2-1,False,14,Mika Biereth,SUB,0,746490
Monaco,2025-10-25,Toulouse,home,3-4-2-1,False,17,Stanis Idumbo,SUB,0,746490
Toulouse,2025-10-25,Monaco,away,3-4-2-1,True,1,Guillaume Restes,G,1,746490
Toulouse,2025-10-25,Monaco,away,3-4-2-1,True,4,Charlie Cresswell,CD,5,746490
Toulouse,2025-10-25,Monaco,away,3-4-2-1,True,2,Rasmus Nicolaisen,CD-L,4,746490
Toulouse,2025-10-25,Monaco,away,3-4-2-1,True,3,Mark McKenzie,CD-R,6,746490
Toulouse,2025-10-25,Monaco,away,3-4-2-1,True,17,Abu Francis,CM-L,8,746490
Toulouse,2025-10-25,Monaco,away,3-4-2-1,True,23,Cristian Cásseres Jr.,CM-R,7,746490
Toulouse,2025-10-25,Monaco,away,3-4-2-1,True,24,Dayann Methalie,LM,3,746490
Toulouse,2025-10-25,Monaco,away,3-4-2-1,True,15,Aron Donnum,RM,2,746490
Toulouse,2025-10-25,Monaco,away,3-4-2-1,True,20,Emersonn,F,9,746490
Toulouse,2025-10-25,Monaco,away,3-4-2-1,True,10,Yann Gboho,CF-L,11,746490
Toulouse,2025-10-25,Monaco,away,3-4-2-1,True,9,Frank Magri,CF-R,10,746490
Toulouse,2025-10-25,Monaco,away,3-4-2-1,False,35,Seny Koumbassa,SUB,0,746490
Toulouse,2025-10-25,Monaco,away,3-4-2-1,False,7,Julián Vignolo,SUB,0,746490
Toulouse,2025-10-25,Monaco,away,3-4-2-1,False,31,Noah Edjouma,SUB,0,746490
Toulouse,2025-10-25,Monaco,away,3-4-2-1,False,19,Djibril Sidibé,SUB,0,746490
Toulouse,2025-10-25,Monaco,away,3-4-2-1,False,12,Waren Kamanzi,SUB,0,746490
Toulouse,2025-10-25,Monaco,away,3-4-2-1,False,45,Alexis Vossah,SUB,0,746490
Toulouse,2025-10-25,Monaco,away,3-4-2-1,False,77,Mario Sauer,SUB,0,746490
Toulouse,2025-10-25,Monaco,away,3-4-2-1,False,16,Kjetil Haug,SUB,0,746490
Toulouse,2025-10-25,Monaco,away,3-4-2-1,False,11,Santiago Hidalgo,SUB,0,746490
Le Havre,2025-10-29,Brest,home,3-1-4-2,False,6,Etienne Youte Kinkoue,,0,746493
Le Havre,2025-10-29,Brest,home,3-1-4-2,False,14,Rassoul Ndiaye,,0,746493
Le Havre,2025-10-29,Brest,home,3-1-4-2,False,77,Lionel Mpasi,,0,746493
Le Havre,2025-10-29,Brest,home,3-1-4-2,False,18,Yanis Zouaoui,,0,746493
Le Havre,2025-10-29,Brest,home,3-1-4-2,False,30,Reda Khadra,,0,746493
Le Havre,2025-10-29,Brest,home,3-1-4-2,False,8,Yassine Kechta,,0,746493
Le Havre,2025-10-29,Brest,home,3-1-4-2,False,21,Younes Namli,,0,746493
Le Havre,2025-10-29,Brest,home,3-1-4-2,False,7,Loïc Négo,,0,746493
Le Havre,2025-10-29,Brest,home,3-1-4-2,False,10,Félix Mambimbi,,0,746493
Le Havre,2025-10-29,Brest,home,3-1-4-2,True,99,Mory Diaw,G,1,746493
Le Havre,2025-10-29,Brest,home,3-1-4-2,True,93,Arouna Sangante,CD,4,746493
Le Havre,2025-10-29,Brest,home,3-1-4-2,True,4,Gautier Lloris,CD-L,6,746493
Le Havre,2025-10-29,Brest,home,3-1-4-2,True,29,Stephan Zagadou,CD-R,5,746493
Le Havre,2025-10-29,Brest,home,3-1-4-2,True,15,Ayumu Seko,SW,8,746493
Le Havre,2025-10-29,Brest,home,3-1-4-2,True,94,Abdoulaye Touré,CM-L,11,746493
Le Havre,2025-10-29,Brest,home,3-1-4-2,True,26,Simon Ebonog,CM-R,7,746493
Le Havre,2025-10-29,Brest,home,3-1-4-2,True,23,Thomas Delaine,LM,3,746493
Le Havre,2025-10-29,Brest,home,3-1-4-2,True,13,Fodé Doucouré,RM,2,746493
Le Havre,2025-10-29,Brest,home,3-1-4-2,True,45,Issa Soumaré,CF-L,10,746493
Le Havre,2025-10-29,Brest,home,3-1-4-2,True,11,Godson Kyeremeh,CF-R,9,746493
Brest,2025-10-29,Le Havre,away,4-3-3,True,1,Radoslaw Majecki,G,1,746493
Brest,2025-10-29,Le Havre,away,4-3-3,True,44,Soumaila Coulibaly,CD-L,6,746493
Brest,2025-10-29,Le Havre,away,4-3-3,True,5,Brendan Chardonnet,CD-R,5,746493
Brest,2025-10-29,Le Havre,away,4-3-3,True,27,Daouda Guindo,LB,3,746493
Brest,2025-10-29,Le Havre,away,4-3-3,True,77,Kenny Lala,RB,2,746493
Brest,2025-10-29,Le Havre,away,4-3-3,True,24,Lucas Tousart,CM,4,746493
Brest,2025-10-29,Le Havre,away,4-3-3,True,8,Hugo Magnetti,LM,8,746493
Brest,2025-10-29,Le Havre,away,4-3-3,True,13,Joris Chotard,RM,7,746493
Brest,2025-10-29,Le Havre,away,4-3-3,True,19,Ludovic Ajorque,F,9,746493
Brest,2025-10-29,Le Havre,away,4-3-3,True,7,Junior Dina Ebimbe,LF,11,746493
Brest,2025-10-29,Le Havre,away,4-3-3,True,10,Romain Del Castillo,RF,10,746493
Brest,2025-10-29,Le Havre,away,4-3-3,False,30,Grégoire Coudert,SUB,0,746493
Brest,2025-10-29,Le Havre,away,4-3-3,False,33,Hamidou Makalou,SUB,0,746493
Brest,2025-10-29,Le Havre,away,4-3-3,False,2,Bradley Locko,SUB,0,746493
Brest,2025-10-29,Le Havre,away,4-3-3,False,26,Julien Le Cardinal,SUB,0,746493
Brest,2025-10-29,Le Havre,away,4-3-3,False,99,Pathé Mboup,SUB,0,746493
Brest,2025-10-29,Le Havre,away,4-3-3,False,17,Mama Baldé,SUB,0,746493
Brest,2025-10-29,Le Havre,away,4-3-3,False,18,Justin Bourgault,SUB,0,746493
Brest,2025-10-29,Le Havre,away,4-3-3,False,12,Luc Zogbe,SUB,0,746493
Brest,2025-10-29,Le Havre,away,4-3-3,False,4,Michel Diaz,SUB,0,746493
Angers,2025-10-26,Lorient,home,4-2-3-1,True,12,Hervé Koffi,G,1,746484
Angers,2025-10-26,Lorient,home,4-2-3-1,True,21,Jordan Lefort,CD-L,6,746484
Angers,2025-10-26,Lorient,home,4-2-3-1,True,4,Ousmane Camara,CD-R,5,746484
Angers,2025-10-26,Lorient,home,4-2-3-1,True,26,Florent Hanin,LB,3,746484
Angers,2025-10-26,Lorient,home,4-2-3-1,True,2,Carlens Arcus,RB,2,746484
Angers,2025-10-26,Lorient,home,4-2-3-1,True,6,Louis Mouton,AM,10,746484
Angers,2025-10-26,Lorient,home,4-2-3-1,True,10,Himad Abdelli,LM,4,746484
Angers,2025-10-26,Lorient,home,4-2-3-1,True,93,Haris Belkebla,RM,8,746484
Angers,2025-10-26,Lorient,home,4-2-3-1,True,35,Prosper Peter,F,9,746484
Angers,2025-10-26,Lorient,home,4-2-3-1,True,7,Amine Sbaï,AM-L,11,746484
Angers,2025-10-26,Lorient,home,4-2-3-1,True,14,Yassin Belkhdim,AM-R,7,746484
Angers,2025-10-26,Lorient,home,4-2-3-1,False,5,Marius Courcoul,SUB,0,746484
Angers,2025-10-26,Lorient,home,4-2-3-1,False,27,Lilian Raolisoa,SUB,0,746484
Angers,2025-10-26,Lorient,home,4-2-3-1,False,16,Melvin Zinga,SUB,0,746484
Angers,2025-10-26,Lorient,home,4-2-3-1,False,36,Lanroy Machine,SUB,0,746484
Angers,2025-10-26,Lorient,home,4-2-3-1,False,25,Abdoulaye Bamba,SUB,0,746484
Angers,2025-10-26,Lorient,home,4-2-3-1,False,11,Sidiki Cherif,SUB,0,746484
Angers,2025-10-26,Lorient,home,4-2-3-1,False,3,Jacques Ekomie,SUB,0,746484
Angers,2025-10-26,Lorient,home,4-2-3-1,False,15,Pierrick Capelle,SUB,0,746484
Angers,2025-10-26,Lorient,home,4-2-3-1,False,31,Harouna Djibirin,SUB,0,746484
Lorient,2025-10-26,Angers,away,3-4-2-1,True,38,Yvon Mvogo,G,1,746484
Lorient,2025-10-26,Angers,away,3-4-2-1,True,3,Montassar Talbi,CD,5,746484
Lorient,2025-10-26,Angers,away,3-4-2-1,True,44,Darlin Yongwa,CD-L,4,746484
Lorient,2025-10-26,Angers,away,3-4-2-1,True,5,Bamo Meïté,CD-R,6,746484
Lorient,2025-10-26,Angers,away,3-4-2-1,True,6,Laurent Abergel,CM-L,8,746484
Lorient,2025-10-26,Angers,away,3-4-2-1,True,62,Arthur Avom,CM-R,7,746484
Lorient,2025-10-26,Angers,away,3-4-2-1,True,43,Arsène Kouassi,LM,3,746484
Lorient,2025-10-26,Angers,away,3-4-2-1,True,11,Théo Le Bris,RM,2,746484
Lorient,2025-10-26,Angers,away,3-4-2-1,True,15,Tosin Aiyegun,F,9,746484
Lorient,2025-10-26,Angers,away,3-4-2-1,True,10,Pablo Pagis,CF-L,11,746484
Lorient,2025-10-26,Angers,away,3-4-2-1,True,17,Jean-Victor Makengo,CF-R,10,746484
Lorient,2025-10-26,Angers,away,3-4-2-1,False,93,Joel Mvuka,SUB,0,746484
Lorient,2025-10-26,Angers,away,3-4-2-1,False,8,Noah Cadiou,SUB,0,746484
Lorient,2025-10-26,Angers,away,3-4-2-1,False,21,Bingourou Kamara,SUB,0,746484
Lorient,2025-10-26,Angers,away,3-4-2-1,False,2,Igor Silva,SUB,0,746484
Lorient,2025-10-26,Angers,away,3-4-2-1,False,28,Sambou Soumano,SUB,0,746484
Lorient,2025-10-26,Angers,away,3-4-2-1,False,9,Mohamed Bamba,SUB,0,746484
Lorient,2025-10-26,Angers,away,3-4-2-1,False,32,Nathaniel Adjei,SUB,0,746484
Lorient,2025-10-26,Angers,away,3-4-2-1,False,34,Martin Bley,SUB,0,746484
Lorient,2025-10-26,Angers,away,3-4-2-1,False,29,Dermane Karim,SUB,0,746484
Nantes,2025-10-29,Monaco,home,4-3-3,True,1,Anthony Lopes,G,1,746497
Nantes,2025-10-29,Monaco,home,4-3-3,True,78,Tylel Tati,CD-L,6,746497
Nantes,2025-10-29,Monaco,home,4-3-3,True,6,Chidozie Awaziem,CD-R,5,746497
Nantes,2025-10-29,Monaco,home,4-3-3,True,66,Louis Leroux,LB,3,746497
Nantes,2025-10-29,Monaco,home,4-3-3,True,98,Kelvin Amian,RB,2,746497
Nantes,2025-10-29,Monaco,home,4-3-3,True,5,Kwon Hyeok-Kyu,CM,4,746497
Nantes,2025-10-29,Monaco,home,4-3-3,True,17,Dehmaine Tabibou,LM,8,746497
Nantes,2025-10-29,Monaco,home,4-3-3,True,80,Junior Mwanga,RM,7,746497
Nantes,2025-10-29,Monaco,home,4-3-3,True,19,Youssef El Arabi,F,9,746497
Nantes,2025-10-29,Monaco,home,4-3-3,True,10,Matthis Abline,LF,11,746497
Nantes,2025-10-29,Monaco,home,4-3-3,True,11,Bahereba Guirassy,RF,10,746497
Nantes,2025-10-29,Monaco,home,4-3-3,False,3,Nicolas Cozza,SUB,0,746497
Nantes,2025-10-29,Monaco,home,4-3-3,False,69,Sacha Ziani,SUB,0,746497
Nantes,2025-10-29,Monaco,home,4-3-3,False,30,Patrick Carlgren,SUB,0,746497
Nantes,2025-10-29,Monaco,home,4-3-3,False,31,Mostafa Mohamed,SUB,0,746497
Nantes,2025-10-29,Monaco,home,4-3-3,False,26,Uros Radakovic,SUB,0,746497
Nantes,2025-10-29,Monaco,home,4-3-3,False,52,Bahmed Deuff,SUB,0,746497
Nantes,2025-10-29,Monaco,home,4-3-3,False,14,Amady Camara,SUB,0,746497
Nantes,2025-10-29,Monaco,home,4-3-3,False,90,Yassine Benhattab,SUB,0,746497
Nantes,2025-10-29,Monaco,home,4-3-3,False,18,Fabien Centonze,SUB,0,746497
Monaco,2025-10-29,Nantes,away,3-1-4-2,False,17,Stanis Idumbo,,0,746497
Monaco,2025-10-29,Nantes,away,3-1-4-2,False,31,Ansu Fati,,0,746497
Monaco,2025-10-29,Nantes,away,3-1-4-2,False,10,Aleksandr Golovin,,0,746497
Monaco,2025-10-29,Nantes,away,3-1-4-2,False,41,Pape Cabral,,0,746497
Monaco,2025-10-29,Nantes,away,3-1-4-2,False,14,Mika Biereth,,0,746497
Monaco,2025-10-29,Nantes,away,3-1-4-2,False,43,Bradel Kiwa,,0,746497
Monaco,2025-10-29,Nantes,away,3-1-4-2,False,21,Lucas Michel,,0,746497
Monaco,2025-10-29,Nantes,away,3-1-4-2,False,50,Yann Lienard,,0,746497
Monaco,2025-10-29,Nantes,away,3-1-4-2,False,19,George Ilenikhena,,0,746497
Monaco,2025-10-29,Nantes,away,3-1-4-2,True,16,Philipp Köhn,G,1,746497
Monaco,2025-10-29,Nantes,away,3-1-4-2,True,22,Mohammed Salisu,CD,4,746497
Monaco,2025-10-29,Nantes,away,3-1-4-2,True,13,Christian Mawissa,CD-L,6,746497
Monaco,2025-10-29,Nantes,away,3-1-4-2,True,5,Thilo Kehrer,CD-R,5,746497
Monaco,2025-10-29,Nantes,away,3-1-4-2,True,4,Jordan Teze,SW,8,746497
Monaco,2025-10-29,Nantes,away,3-1-4-2,True,28,Mamadou Coulibaly,CM-L,11,746497
Monaco,2025-10-29,Nantes,away,3-1-4-2,True,18,Takumi Minamino,CM-R,7,746497
Monaco,2025-10-29,Nantes,away,3-1-4-2,True,20,Kassoum Ouattara,LM,3,746497
Monaco,2025-10-29,Nantes,away,3-1-4-2,True,27,Krépin Diatta,RM,2,746497
Monaco,2025-10-29,Nantes,away,3-1-4-2,True,9,Folarin Balogun,CF-L,10,746497
Monaco,2025-10-29,Nantes,away,3-1-4-2,True,11,Maghnes Akliouche,CF-R,9,746497
Lorient,2025-10-29,PSG,home,5-4-1,True,38,Yvon Mvogo,G,1,746494
Lorient,2025-10-29,PSG,home,5-4-1,True,3,Montassar Talbi,CD,5,746494
Lorient,2025-10-29,PSG,home,5-4-1,True,44,Darlin Yongwa,CD-L,4,746494
Lorient,2025-10-29,PSG,home,5-4-1,True,2,Igor Silva,CD-R,6,746494
Lorient,2025-10-29,PSG,home,5-4-1,True,43,Arsène Kouassi,LB,3,746494
Lorient,2025-10-29,PSG,home,5-4-1,True,93,Joel Mvuka,RB,2,746494
Lorient,2025-10-29,PSG,home,5-4-1,True,8,Noah Cadiou,CM-L,10,746494
Lorient,2025-10-29,PSG,home,5-4-1,True,6,Laurent Abergel,CM-R,8,746494
Lorient,2025-10-29,PSG,home,5-4-1,True,10,Pablo Pagis,LM,11,746494
Lorient,2025-10-29,PSG,home,5-4-1,True,29,Dermane Karim,RM,7,746494
Lorient,2025-10-29,PSG,home,5-4-1,True,9,Mohamed Bamba,F,9,746494
Lorient,2025-10-29,PSG,home,5-4-1,False,28,Sambou Soumano,SUB,0,746494
Lorient,2025-10-29,PSG,home,5-4-1,False,21,Bingourou Kamara,SUB,0,746494
Lorient,2025-10-29,PSG,home,5-4-1,False,34,Martin Bley,SUB,0,746494
Lorient,2025-10-29,PSG,home,5-4-1,False,62,Arthur Avom,SUB,0,746494
Lorient,2025-10-29,PSG,home,5-4-1,False,32,Nathaniel Adjei,SUB,0,746494
Lorient,2025-10-29,PSG,home,5-4-1,False,11,Théo Le Bris,SUB,0,746494
Lorient,2025-10-29,PSG,home,5-4-1,False,17,Jean-Victor Makengo,SUB,0,746494
Lorient,2025-10-29,PSG,home,5-4-1,False,15,Tosin Aiyegun,SUB,0,746494
Lorient,2025-10-29,PSG,home,5-4-1,False,5,Bamo Meïté,SUB,0,746494
PSG,2025-10-29,Lorient,away,4-3-3,True,30,Lucas Chevalier,G,1,746494
PSG,2025-10-29,Lorient,away,4-3-3,True,4,Lucas Beraldo,CD-L,6,746494
PSG,2025-10-29,Lorient,away,4-3-3,True,5,Marquinhos,CD-R,5,746494
PSG,2025-10-29,Lorient,away,4-3-3,True,25,Nuno Mendes,LB,3,746494
PSG,2025-10-29,Lorient,away,4-3-3,True,6,Illia Zabarnyi,RB,2,746494
PSG,2025-10-29,Lorient,away,4-3-3,True,33,Warren Zaïre-Emery,CM,4,746494
PSG,2025-10-29,Lorient,away,4-3-3,True,47,Quentin Ndjantou,LM,8,746494
PSG,2025-10-29,Lorient,away,4-3-3,True,24,Senny Mayulu,RM,7,746494
PSG,2025-10-29,Lorient,away,4-3-3,True,10,Ousmane Dembélé,F,9,746494
PSG,2025-10-29,Lorient,away,4-3-3,True,14,Désiré Doué,LF,11,746494
PSG,2025-10-29,Lorient,away,4-3-3,True,49,Ibrahim Mbaye,RF,10,746494
PSG,2025-10-29,Lorient,away,4-3-3,False,17,Vitinha,SUB,0,746494
PSG,2025-10-29,Lorient,away,4-3-3,False,87,João Neves,SUB,0,746494
PSG,2025-10-29,Lorient,away,4-3-3,False,29,Bradley Barcola,SUB,0,746494
PSG,2025-10-29,Lorient,away,4-3-3,False,9,Gonçalo Ramos,SUB,0,746494
PSG,2025-10-29,Lorient,away,4-3-3,False,51,Willian Pacho,SUB,0,746494
PSG,2025-10-29,Lorient,away,4-3-3,False,7,Khvicha Kvaratskhelia,SUB,0,746494
PSG,2025-10-29,Lorient,away,4-3-3,False,39,Matvei Safonov,SUB,0,746494
PSG,2025-10-29,Lorient,away,4-3-3,False,21,Lucas Hernández,SUB,0,746494
PSG,2025-10-29,Lorient,away,4-3-3,False,89,Renato Marin,SUB,0,746494
Metz,2025-10-29,Lens,home,4-1-4-1,True,1,Jonathan Fischer,G,1,746496
Metz,2025-10-29,Lens,home,4-1-4-1,True,15,Terry Yegbe,CD-L,6,746496
Metz,2025-10-29,Lens,home,4-1-4-1,True,5,Jean-Philippe Gbamin,CD-R,5,746496
Metz,2025-10-29,Lens,home,4-1-4-1,True,12,Alpha Touré,DM,4,746496
Metz,2025-10-29,Lens,home,4-1-4-1,True,2,Maxime Colin,LB,3,746496
Metz,2025-10-29,Lens,home,4-1-4-1,True,39,Koffi Kouao,RB,2,746496
Metz,2025-10-29,Lens,home,4-1-4-1,True,20,Jessy Deminguet,CM-L,10,746496
Metz,2025-10-29,Lens,home,4-1-4-1,True,10,Gauthier Hein,CM-R,8,746496
Metz,2025-10-29,Lens,home,4-1-4-1,True,7,Giorgi Tsitaishvili,LM,11,746496
Metz,2025-10-29,Lens,home,4-1-4-1,True,14,Cheick Sabaly,RM,7,746496
Metz,2025-10-29,Lens,home,4-1-4-1,True,30,Habib Diallo,F,9,746496
Metz,2025-10-29,Lens,home,4-1-4-1,False,23,Ibou Sané,SUB,0,746496
Metz,2025-10-29,Lens,home,4-1-4-1,False,25,Cleo Mélières,SUB,0,746496
Metz,2025-10-29,Lens,home,4-1-4-1,False,3,Moustapha Diop,SUB,0,746496
Metz,2025-10-29,Lens,home,4-1-4-1,False,16,Romain Jean Baptsiste,SUB,0,746496
Metz,2025-10-29,Lens,home,4-1-4-1,False,29,Ismaël Guerti,SUB,0,746496
Metz,2025-10-29,Lens,home,4-1-4-1,False,9,Giorgi Abuashvili,SUB,0,746496
Metz,2025-10-29,Lens,home,4-1-4-1,False,19,Morgan Bokele,SUB,0,746496
Metz,2025-10-29,Lens,home,4-1-4-1,False,99,Joel Asoro,SUB,0,746496
Metz,2025-10-29,Lens,home,4-1-4-1,False,27,Yannis Lawson,SUB,0,746496
Lens,2025-10-29,Metz,away,3-4-2-1,True,40,Robin Risser,G,1,746496
Lens,2025-10-29,Metz,away,3-4-2-1,True,6,Samson Baidoo,CD,5,746496
Lens,2025-10-29,Metz,away,3-4-2-1,True,14,Matthieu Udol,CD-L,4,746496
Lens,2025-10-29,Metz,away,3-4-2-1,True,24,Jonathan Gradit,CD-R,6,746496
Lens,2025-10-29,Metz,away,3-4-2-1,True,28,Adrien Thomasson,CM-L,8,746496
Lens,2025-10-29,Metz,away,3-4-2-1,True,8,Mamadou Sangare,CM-R,7,746496
Lens,2025-10-29,Metz,away,3-4-2-1,True,3,Deiver Machado,LM,3,746496
Lens,2025-10-29,Metz,away,3-4-2-1,True,23,Saud Abdulhamid,RM,2,746496
Lens,2025-10-29,Metz,away,3-4-2-1,True,11,Odsonne Édouard,F,9,746496
Lens,2025-10-29,Metz,away,3-4-2-1,True,19,Abdallah Sima,CF-L,11,746496
Lens,2025-10-29,Metz,away,3-4-2-1,True,10,Florian Thauvin,CF-R,10,746496
Lens,2025-10-29,Metz,away,3-4-2-1,False,1,Régis Gurtner,SUB,0,746496
Lens,2025-10-29,Metz,away,3-4-2-1,False,7,Florian Sotoca,SUB,0,746496
Lens,2025-10-29,Metz,away,3-4-2-1,False,22,Wesley Saïd,SUB,0,746496
Lens,2025-10-29,Metz,away,3-4-2-1,False,38,Rayan Fofana,SUB,0,746496
Lens,2025-10-29,Metz,away,3-4-2-1,False,25,Pierre Ganiou,SUB,0,746496
Lens,2025-10-29,Metz,away,3-4-2-1,False,30,Adam Delplace,SUB,0,746496
Lens,2025-10-29,Metz,away,3-4-2-1,False,5,Andrija Bulatovic,SUB,0,746496
Lens,2025-10-29,Metz,away,3-4-2-1,False,29,Morgan Guilavogui,SUB,0,746496
Lens,2025-10-29,Metz,away,3-4-2-1,False,2,Ruben Aguilar,SUB,0,746496
Toulouse,2025-10-29,Rennes,home,3-4-2-1,True,1,Guillaume Restes,G,1,746501
Toulouse,2025-10-29,Rennes,home,3-4-2-1,True,4,Charlie Cresswell,CD,5,746501
Toulouse,2025-10-29,Rennes,home,3-4-2-1,True,2,Rasmus Nicolaisen,CD-L,4,746501
Toulouse,2025-10-29,Rennes,home,3-4-2-1,True,3,Mark McKenzie,CD-R,6,746501
Toulouse,2025-10-29,Rennes,home,3-4-2-1,True,17,Abu Francis,CM-L,8,746501
Toulouse,2025-10-29,Rennes,home,3-4-2-1,True,23,Cristian Cásseres Jr.,CM-R,7,746501
Toulouse,2025-10-29,Rennes,home,3-4-2-1,True,24,Dayann Methalie,LM,3,746501
Toulouse,2025-10-29,Rennes,home,3-4-2-1,True,19,Djibril Sidibé,RM,2,746501
Toulouse,2025-10-29,Rennes,home,3-4-2-1,True,9,Frank Magri,F,9,746501
Toulouse,2025-10-29,Rennes,home,3-4-2-1,True,10,Yann Gboho,CF-L,11,746501
Toulouse,2025-10-29,Rennes,home,3-4-2-1,True,15,Aron Donnum,CF-R,10,746501
Toulouse,2025-10-29,Rennes,home,3-4-2-1,False,45,Alexis Vossah,SUB,0,746501
Toulouse,2025-10-29,Rennes,home,3-4-2-1,False,11,Santiago Hidalgo,SUB,0,746501
Toulouse,2025-10-29,Rennes,home,3-4-2-1,False,16,Kjetil Haug,SUB,0,746501
Toulouse,2025-10-29,Rennes,home,3-4-2-1,False,12,Waren Kamanzi,SUB,0,746501
Toulouse,2025-10-29,Rennes,home,3-4-2-1,False,35,Seny Koumbassa,SUB,0,746501
Toulouse,2025-10-29,Rennes,home,3-4-2-1,False,20,Emersonn,SUB,0,746501
Toulouse,2025-10-29,Rennes,home,3-4-2-1,False,77,Mario Sauer,SUB,0,746501
Toulouse,2025-10-29,Rennes,home,3-4-2-1,False,7,Julián Vignolo,SUB,0,746501
Toulouse,2025-10-29,Rennes,home,3-4-2-1,False,31,Noah Edjouma,SUB,0,746501
Rennes,2025-10-29,Toulouse,away,3-5-2,True,30,Brice Samba,G,1,746501
Rennes,2025-10-29,Toulouse,away,3-5-2,True,97,Jérémy Jacquet,CD,5,746501
Rennes,2025-10-29,Toulouse,away,3-5-2,True,3,Lilian Brassier,CD-L,4,746501
Rennes,2025-10-29,Toulouse,away,3-5-2,True,48,Abdelhamid Aït Boudlal,CD-R,6,746501
Rennes,2025-10-29,Toulouse,away,3-5-2,True,6,Djaoui Cissé,CM-L,8,746501
Rennes,2025-10-29,Toulouse,away,3-5-2,True,45,Mahdi Camara,CM-R,7,746501
Rennes,2025-10-29,Toulouse,away,3-5-2,True,21,Valentin Rongier,AM,11,746501
Rennes,2025-10-29,Toulouse,away,3-5-2,True,11,Mousa Al-Tamari,LM,3,746501
Rennes,2025-10-29,Toulouse,away,3-5-2,True,95,Przemyslaw Frankowski,RM,2,746501
Rennes,2025-10-29,Toulouse,away,3-5-2,True,39,Mohamed Meïté,CF-L,9,746501
Rennes,2025-10-29,Toulouse,away,3-5-2,True,9,Esteban Lepaul,CF-R,10,746501
Rennes,2025-10-29,Toulouse,away,3-5-2,False,26,Quentin Merlin,SUB,0,746501
Rennes,2025-10-29,Toulouse,away,3-5-2,False,50,Mathys Silistre,SUB,0,746501
Rennes,2025-10-29,Toulouse,away,3-5-2,False,36,Alidu Seidu,SUB,0,746501
Rennes,2025-10-29,Toulouse,away,3-5-2,False,24,Anthony Rouault,SUB,0,746501
Rennes,2025-10-29,Toulouse,away,3-5-2,False,18,Mahamadou Nagida,SUB,0,746501
Rennes,2025-10-29,Toulouse,away,3-5-2,False,7,Breel Embolo,SUB,0,746501
Rennes,2025-10-29,Toulouse,away,3-5-2,False,4,Glen Kamara,SUB,0,746501
Rennes,2025-10-29,Toulouse,away,3-5-2,False,71,Lucas Rosier,SUB,0,746501
Rennes,2025-10-29,Toulouse,away,3-5-2,False,60,Kilian Belazzoug,SUB,0,746501
Paris FC,2025-10-29,Lyon,home,4-3-3,True,16,Obed Nkambadio,G,1,746499
Paris FC,2025-10-29,Lyon,home,4-3-3,True,6,Otavio,CD-L,6,746499
Paris FC,2025-10-29,Lyon,home,4-3-3,True,5,Moustapha Mbow,CD-R,5,746499
Paris FC,2025-10-29,Lyon,home,4-3-3,True,28,Thibault De Smet,LB,3,746499
Paris FC,2025-10-29,Lyon,home,4-3-3,True,31,Samir Chergui,RB,2,746499
Paris FC,2025-10-29,Lyon,home,4-3-3,True,33,Pierre Lees-Melou,CM,4,746499
Paris FC,2025-10-29,Lyon,home,4-3-3,True,17,Adama Camara,LM,8,746499
Paris FC,2025-10-29,Lyon,home,4-3-3,True,21,Maxime López,RM,7,746499
Paris FC,2025-10-29,Lyon,home,4-3-3,True,9,Willem Geubbels,F,9,746499
Paris FC,2025-10-29,Lyon,home,4-3-3,True,10,Ilan Kebbal,LF,11,746499
Paris FC,2025-10-29,Lyon,home,4-3-3,True,93,Jonathan Ikoné,RF,10,746499
Paris FC,2025-10-29,Lyon,home,4-3-3,False,2,Tuomas Ollila,SUB,0,746499
Paris FC,2025-10-29,Lyon,home,4-3-3,False,11,Jean-Phillipe Krasso,SUB,0,746499
Paris FC,2025-10-29,Lyon,home,4-3-3,False,7,Alimani Gory,SUB,0,746499
Paris FC,2025-10-29,Lyon,home,4-3-3,False,27,Moses Simon,SUB,0,746499
Paris FC,2025-10-29,Lyon,home,4-3-3,False,8,Lohann Doucet,SUB,0,746499
Paris FC,2025-10-29,Lyon,home,4-3-3,False,15,Timothée Kolodziejczak,SUB,0,746499
Paris FC,2025-10-29,Lyon,home,4-3-3,False,4,Vincent Marchetti,SUB,0,746499
Paris FC,2025-10-29,Lyon,home,4-3-3,False,35,Kevin Trapp,SUB,0,746499
Paris FC,2025-10-29,Lyon,home,4-3-3,False,12,Nouha Dicko,SUB,0,746499
Lyon,2025-10-29,Paris FC,away,4-2-3-1,True,1,Dominik Greif,G,1,746499
Lyon,2025-10-29,Paris FC,away,4-2-3-1,True,19,Moussa Niakhaté,CD-L,6,746499
Lyon,2025-10-29,Paris FC,away,4-2-3-1,True,22,Clinton Mata,CD-R,5,746499
Lyon,2025-10-29,Paris FC,away,4-2-3-1,True,16,Abner,LB,3,746499
Lyon,2025-10-29,Paris FC,away,4-2-3-1,True,98,Ainsley Maitland-Niles,RB,2,746499
Lyon,2025-10-29,Paris FC,away,4-2-3-1,True,8,Corentin Tolisso,AM,10,746499
Lyon,2025-10-29,Paris FC,away,4-2-3-1,True,39,Mathys De Carvalho,LM,4,746499
Lyon,2025-10-29,Paris FC,away,4-2-3-1,True,23,Tyler Morton,RM,8,746499
Lyon,2025-10-29,Paris FC,away,4-2-3-1,True,10,Pavel Sulc,F,9,746499
Lyon,2025-10-29,Paris FC,away,4-2-3-1,True,17,Afonso Moreira,AM-L,11,746499
Lyon,2025-10-29,Paris FC,away,4-2-3-1,True,7,Adam Karabec,AM-R,7,746499
Lyon,2025-10-29,Paris FC,away,4-2-3-1,False,3,Nicolás Tagliafico,SUB,0,746499
Lyon,2025-10-29,Paris FC,away,4-2-3-1,False,33,Hans Hateboer,SUB,0,746499
Lyon,2025-10-29,Paris FC,away,4-2-3-1,False,6,Tanner Tessmann,SUB,0,746499
Lyon,2025-10-29,Paris FC,away,4-2-3-1,False,29,Enzo Molébé,SUB,0,746499
Lyon,2025-10-29,Paris FC,away,4-2-3-1,False,40,Rémy Descamps,SUB,0,746499
Lyon,2025-10-29,Paris FC,away,4-2-3-1,False,18,Rachid Ghezzal,SUB,0,746499
Lyon,2025-10-29,Paris FC,away,4-2-3-1,False,20,Martín Satriano,SUB,0,746499
Lyon,2025-10-29,Paris FC,away,4-2-3-1,False,21,Ruben Kluivert,SUB,0,746499
Lyon,2025-10-29,Paris FC,away,4-2-3-1,False,44,Khalis Merah,SUB,0,746499
Strasbourg,2025-10-29,Auxerre,home,3-4-2-1,True,39,Mike Penders,G,1,746500
Strasbourg,2025-10-29,Auxerre,home,3-4-2-1,True,2,Andrew Omobamidele,CD,5,746500
Strasbourg,2025-10-29,Auxerre,home,3-4-2-1,True,23,Mamadou Sarr,CD-L,4,746500
Strasbourg,2025-10-29,Auxerre,home,3-4-2-1,True,22,Guela Doué,CD-R,6,746500
Strasbourg,2025-10-29,Auxerre,home,3-4-2-1,True,32,Valentín Barco,CM-L,8,746500
Strasbourg,2025-10-29,Auxerre,home,3-4-2-1,True,83,Rafael Luís,CM-R,7,746500
Strasbourg,2025-10-29,Auxerre,home,3-4-2-1,True,7,Diego Moreira,LM,3,746500
Strasbourg,2025-10-29,Auxerre,home,3-4-2-1,True,42,Abdoul Ouattara,RM,2,746500
Strasbourg,2025-10-29,Auxerre,home,3-4-2-1,True,9,Joaquín Panichelli,F,9,746500
Strasbourg,2025-10-29,Auxerre,home,3-4-2-1,True,11,Sebastian Nanasi,CF-L,11,746500
Strasbourg,2025-10-29,Auxerre,home,3-4-2-1,True,20,Martial Godo,CF-R,10,746500
Strasbourg,2025-10-29,Auxerre,home,3-4-2-1,False,29,Samir El Mourabet,SUB,0,746500
Strasbourg,2025-10-29,Auxerre,home,3-4-2-1,False,50,Stefan Bajic,SUB,0,746500
Strasbourg,2025-10-29,Auxerre,home,3-4-2-1,False,19,Julio Enciso,SUB,0,746500
Strasbourg,2025-10-29,Auxerre,home,3-4-2-1,False,16,Kendry Páez,SUB,0,746500
Strasbourg,2025-10-29,Auxerre,home,3-4-2-1,False,77,Eduard Sobol,SUB,0,746500
Strasbourg,2025-10-29,Auxerre,home,3-4-2-1,False,41,Rabby Nzingoula,SUB,0,746500
Strasbourg,2025-10-29,Auxerre,home,3-4-2-1,False,17,Mathis Amougou,SUB,0,746500
Strasbourg,2025-10-29,Auxerre,home,3-4-2-1,False,27,Samuel Amo-Ameyaw,SUB,0,746500
Strasbourg,2025-10-29,Auxerre,home,3-4-2-1,False,3,Ben Chilwell,SUB,0,746500
Auxerre,2025-10-29,Strasbourg,away,3-4-2-1,True,16,Donovan Léon,G,1,746500
Auxerre,2025-10-29,Strasbourg,away,3-4-2-1,True,17,Oussama El Azzouzi,CD,5,746500
Auxerre,2025-10-29,Strasbourg,away,3-4-2-1,True,92,Clément Akpa,CD-L,4,746500
Auxerre,2025-10-29,Strasbourg,away,3-4-2-1,True,20,Sinaly Diomande,CD-R,6,746500
Auxerre,2025-10-29,Strasbourg,away,3-4-2-1,True,18,Assane Dioussé,CM-L,8,746500
Auxerre,2025-10-29,Strasbourg,away,3-4-2-1,True,42,Elisha Owusu,CM-R,7,746500
Auxerre,2025-10-29,Strasbourg,away,3-4-2-1,True,22,Fredrik Oppegard,LM,3,746500
Auxerre,2025-10-29,Strasbourg,away,3-4-2-1,True,29,Marvin Senaya,RM,2,746500
Auxerre,2025-10-29,Strasbourg,away,3-4-2-1,True,10,Lassine Sinayoko,F,9,746500
Auxerre,2025-10-29,Strasbourg,away,3-4-2-1,True,23,Ibrahim Osman,CF-L,11,746500
Auxerre,2025-10-29,Strasbourg,away,3-4-2-1,True,7,Josué Casimir,CF-R,10,746500
Auxerre,2025-10-29,Strasbourg,away,3-4-2-1,False,5,Kévin Danois,SUB,0,746500
Auxerre,2025-10-29,Strasbourg,away,3-4-2-1,False,40,Théo De Percin,SUB,0,746500
Auxerre,2025-10-29,Strasbourg,away,3-4-2-1,False,4,Francisco Sierralta,SUB,0,746500
Auxerre,2025-10-29,Strasbourg,away,3-4-2-1,False,21,Lasso Coulibaly,SUB,0,746500
Auxerre,2025-10-29,Strasbourg,away,3-4-2-1,False,36,Tidiane Devernois,SUB,0,746500
Auxerre,2025-10-29,Strasbourg,away,3-4-2-1,False,34,Rudy Matondo,SUB,0,746500
Auxerre,2025-10-29,Strasbourg,away,3-4-2-1,False,27,Lamine Sy,SUB,0,746500
Auxerre,2025-10-29,Strasbourg,away,3-4-2-1,False,31,Ryan Rodin,SUB,0,746500
Auxerre,2025-10-29,Strasbourg,away,3-4-2-1,False,41,Yvan Zaddy,SUB,0,746500
Monaco,2025-11-01,Paris FC,home,3-4-2-1,True,16,Philipp Köhn,G,1,746506
Monaco,2025-11-01,Paris FC,home,3-4-2-1,True,22,Mohammed Salisu,CD,5,746506
Monaco,2025-11-01,Paris FC,home,3-4-2-1,True,12,Caio Henrique,CD-L,4,746506
Monaco,2025-11-01,Paris FC,home,3-4-2-1,True,5,Thilo Kehrer,CD-R,6,746506
Monaco,2025-11-01,Paris FC,home,3-4-2-1,True,28,Mamadou Coulibaly,CM-L,8,746506
Monaco,2025-11-01,Paris FC,home,3-4-2-1,True,4,Jordan Teze,CM-R,7,746506
Monaco,2025-11-01,Paris FC,home,3-4-2-1,True,20,Kassoum Ouattara,LM,3,746506
Monaco,2025-11-01,Paris FC,home,3-4-2-1,True,27,Krépin Diatta,RM,2,746506
Monaco,2025-11-01,Paris FC,home,3-4-2-1,True,14,Mika Biereth,F,9,746506
Monaco,2025-11-01,Paris FC,home,3-4-2-1,True,10,Aleksandr Golovin,CF-L,11,746506
Monaco,2025-11-01,Paris FC,home,3-4-2-1,True,11,Maghnes Akliouche,CF-R,10,746506
Monaco,2025-11-01,Paris FC,home,3-4-2-1,False,50,Yann Lienard,SUB,0,746506
Monaco,2025-11-01,Paris FC,home,3-4-2-1,False,17,Stanis Idumbo,SUB,0,746506
Monaco,2025-11-01,Paris FC,home,3-4-2-1,False,41,Pape Cabral,SUB,0,746506
Monaco,2025-11-01,Paris FC,home,3-4-2-1,False,31,Ansu Fati,SUB,0,746506
Monaco,2025-11-01,Paris FC,home,3-4-2-1,False,18,Takumi Minamino,SUB,0,746506
Monaco,2025-11-01,Paris FC,home,3-4-2-1,False,19,George Ilenikhena,SUB,0,746506
Monaco,2025-11-01,Paris FC,home,3-4-2-1,False,43,Bradel Kiwa,SUB,0,746506
Monaco,2025-11-01,Paris FC,home,3-4-2-1,False,21,Lucas Michel,SUB,0,746506
Monaco,2025-11-01,Paris FC,home,3-4-2-1,False,9,Folarin Balogun,SUB,0,746506
Paris FC,2025-11-01,Monaco,away,4-3-3,True,35,Kevin Trapp,G,1,746506
Paris FC,2025-11-01,Monaco,away,4-3-3,True,6,Otavio,CD-L,6,746506
Paris FC,2025-11-01,Monaco,away,4-3-3,True,5,Moustapha Mbow,CD-R,5,746506
Paris FC,2025-11-01,Monaco,away,4-3-3,True,2,Tuomas Ollila,LB,3,746506
Paris FC,2025-11-01,Monaco,away,4-3-3,True,31,Samir Chergui,RB,2,746506
Paris FC,2025-11-01,Monaco,away,4-3-3,True,17,Adama Camara,CM,4,746506
Paris FC,2025-11-01,Monaco,away,4-3-3,True,33,Pierre Lees-Melou,LM,8,746506
Paris FC,2025-11-01,Monaco,away,4-3-3,True,21,Maxime López,RM,7,746506
Paris FC,2025-11-01,Monaco,away,4-3-3,True,11,Jean-Phillipe Krasso,F,9,746506
Paris FC,2025-11-01,Monaco,away,4-3-3,True,27,Moses Simon,LF,11,746506
Paris FC,2025-11-01,Monaco,away,4-3-3,True,10,Ilan Kebbal,RF,10,746506
Paris FC,2025-11-01,Monaco,away,4-3-3,False,36,Killian Prouchet,SUB,0,746506
Paris FC,2025-11-01,Monaco,away,4-3-3,False,16,Obed Nkambadio,SUB,0,746506
Paris FC,2025-11-01,Monaco,away,4-3-3,False,9,Willem Geubbels,SUB,0,746506
Paris FC,2025-11-01,Monaco,away,4-3-3,False,29,Pierre-Yves Hamel,SUB,0,746506
Paris FC,2025-11-01,Monaco,away,4-3-3,False,15,Timothée Kolodziejczak,SUB,0,746506
Paris FC,2025-11-01,Monaco,away,4-3-3,False,13,Mathieu Cafaro,SUB,0,746506
Paris FC,2025-11-01,Monaco,away,4-3-3,False,12,Nouha Dicko,SUB,0,746506
Paris FC,2025-11-01,Monaco,away,4-3-3,False,8,Lohann Doucet,SUB,0,746506
Paris FC,2025-11-01,Monaco,away,4-3-3,False,20,Julien Lopez,SUB,0,746506
PSG,2025-11-01,Nice,home,4-3-3,True,30,Lucas Chevalier,G,1,746508
PSG,2025-11-01,Nice,home,4-3-3,True,51,Willian Pacho,CD-L,6,746508
PSG,2025-11-01,Nice,home,4-3-3,True,6,Illia Zabarnyi,CD-R,5,746508
PSG,2025-11-01,Nice,home,4-3-3,True,25,Nuno Mendes,LB,3,746508
PSG,2025-11-01,Nice,home,4-3-3,True,2,Achraf Hakimi,RB,2,746508
PSG,2025-11-01,Nice,home,4-3-3,True,17,Vitinha,CM,4,746508
PSG,2025-11-01,Nice,home,4-3-3,True,33,Warren Zaïre-Emery,LM,8,746508
PSG,2025-11-01,Nice,home,4-3-3,True,87,João Neves,RM,7,746508
PSG,2025-11-01,Nice,home,4-3-3,True,24,Senny Mayulu,F,9,746508
PSG,2025-11-01,Nice,home,4-3-3,True,29,Bradley Barcola,LF,11,746508
PSG,2025-11-01,Nice,home,4-3-3,True,7,Khvicha Kvaratskhelia,RF,10,746508
PSG,2025-11-01,Nice,home,4-3-3,False,10,Ousmane Dembélé,SUB,0,746508
PSG,2025-11-01,Nice,home,4-3-3,False,19,Lee Kang-In,SUB,0,746508
PSG,2025-11-01,Nice,home,4-3-3,False,5,Marquinhos,SUB,0,746508
PSG,2025-11-01,Nice,home,4-3-3,False,47,Quentin Ndjantou,SUB,0,746508
PSG,2025-11-01,Nice,home,4-3-3,False,21,Lucas Hernández,SUB,0,746508
PSG,2025-11-01,Nice,home,4-3-3,False,9,Gonçalo Ramos,SUB,0,746508
PSG,2025-11-01,Nice,home,4-3-3,False,8,Fabián Ruiz,SUB,0,746508
PSG,2025-11-01,Nice,home,4-3-3,False,39,Matvei Safonov,SUB,0,746508
PSG,2025-11-01,Nice,home,4-3-3,False,4,Lucas Beraldo,SUB,0,746508
Nice,2025-11-01,PSG,away,5-4-1,True,80,Yehvann Diouf,G,1,746508
Nice,2025-11-01,PSG,away,5-4-1,True,37,Kojo Peprah Oppong,CD,5,746508
Nice,2025-11-01,PSG,away,5-4-1,True,26,Melvin Bard,CD-L,4,746508
Nice,2025-11-01,PSG,away,5-4-1,True,28,Juma Bah,CD-R,6,746508
Nice,2025-11-01,PSG,away,5-4-1,True,2,Ali Abdi,LB,3,746508
Nice,2025-11-01,PSG,away,5-4-1,True,33,Antoine Mendy,RB,2,746508
Nice,2025-11-01,PSG,away,5-4-1,True,6,Hicham Boudaoui,CM-L,10,746508
Nice,2025-11-01,PSG,away,5-4-1,True,20,Tom Louchet,CM-R,8,746508
Nice,2025-11-01,PSG,away,5-4-1,True,8,Morgan Sanson,LM,11,746508
Nice,2025-11-01,PSG,away,5-4-1,True,47,Tiago Gouveia,RM,7,746508
Nice,2025-11-01,PSG,away,5-4-1,True,21,Isak Jansson,F,9,746508
Nice,2025-11-01,PSG,away,5-4-1,False,99,Salis Abdul Samed,SUB,0,746508
Nice,2025-11-01,PSG,away,5-4-1,False,24,Charles Vanhoutte,SUB,0,746508
Nice,2025-11-01,PSG,away,5-4-1,False,22,Tanguy Ndombele,SUB,0,746508
Nice,2025-11-01,PSG,away,5-4-1,False,36,Brad-Hamilton Mantsounga,SUB,0,746508
Nice,2025-11-01,PSG,away,5-4-1,False,7,Jérémie Boga,SUB,0,746508
Nice,2025-11-01,PSG,away,5-4-1,False,10,Sofiane Diop,SUB,0,746508
Nice,2025-11-01,PSG,away,5-4-1,False,90,Kevin Carlos,SUB,0,746508
Nice,2025-11-01,PSG,away,5-4-1,False,31,Maxime Dupé,SUB,0,746508
Nice,2025-11-01,PSG,away,5-4-1,False,38,Enguerrand Bouard,SUB,0,746508
Lens,2025-11-02,Lorient,home,3-4-2-1,True,40,Robin Risser,G,1,746504
Lens,2025-11-02,Lorient,home,3-4-2-1,True,6,Samson Baidoo,CD,5,746504
Lens,2025-11-02,Lorient,home,3-4-2-1,True,20,Malang Sarr,CD-L,4,746504
Lens,2025-11-02,Lorient,home,3-4-2-1,True,24,Jonathan Gradit,CD-R,6,746504
Lens,2025-11-02,Lorient,home,3-4-2-1,True,28,Adrien Thomasson,CM-L,8,746504
Lens,2025-11-02,Lorient,home,3-4-2-1,True,8,Mamadou Sangare,CM-R,7,746504
Lens,2025-11-02,Lorient,home,3-4-2-1,True,14,Matthieu Udol,LM,3,746504
Lens,2025-11-02,Lorient,home,3-4-2-1,True,2,Ruben Aguilar,RM,2,746504
Lens,2025-11-02,Lorient,home,3-4-2-1,True,11,Odsonne Édouard,F,9,746504
Lens,2025-11-02,Lorient,home,3-4-2-1,True,22,Wesley Saïd,CF-L,11,746504
Lens,2025-11-02,Lorient,home,3-4-2-1,True,10,Florian Thauvin,CF-R,10,746504
Lens,2025-11-02,Lorient,home,3-4-2-1,False,3,Deiver Machado,SUB,0,746504
Lens,2025-11-02,Lorient,home,3-4-2-1,False,5,Andrija Bulatovic,SUB,0,746504
Lens,2025-11-02,Lorient,home,3-4-2-1,False,29,Morgan Guilavogui,SUB,0,746504
Lens,2025-11-02,Lorient,home,3-4-2-1,False,1,Régis Gurtner,SUB,0,746504
Lens,2025-11-02,Lorient,home,3-4-2-1,False,38,Rayan Fofana,SUB,0,746504
Lens,2025-11-02,Lorient,home,3-4-2-1,False,26,Anthony Bermont,SUB,0,746504
Lens,2025-11-02,Lorient,home,3-4-2-1,False,19,Abdallah Sima,SUB,0,746504
Lens,2025-11-02,Lorient,home,3-4-2-1,False,23,Saud Abdulhamid,SUB,0,746504
Lens,2025-11-02,Lorient,home,3-4-2-1,False,7,Florian Sotoca,SUB,0,746504
Lorient,2025-11-02,Lens,away,3-4-2-1,True,38,Yvon Mvogo,G,1,746504
Lorient,2025-11-02,Lens,away,3-4-2-1,True,3,Montassar Talbi,CD,5,746504
Lorient,2025-11-02,Lens,away,3-4-2-1,True,44,Darlin Yongwa,CD-L,4,746504
Lorient,2025-11-02,Lens,away,3-4-2-1,True,2,Igor Silva,CD-R,6,746504
Lorient,2025-11-02,Lens,away,3-4-2-1,True,6,Laurent Abergel,CM-L,8,746504
Lorient,2025-11-02,Lens,away,3-4-2-1,True,62,Arthur Avom,CM-R,7,746504
Lorient,2025-11-02,Lens,away,3-4-2-1,True,43,Arsène Kouassi,LM,3,746504
Lorient,2025-11-02,Lens,away,3-4-2-1,True,11,Théo Le Bris,RM,2,746504
Lorient,2025-11-02,Lens,away,3-4-2-1,True,9,Mohamed Bamba,F,9,746504
Lorient,2025-11-02,Lens,away,3-4-2-1,True,29,Dermane Karim,CF-L,11,746504
Lorient,2025-11-02,Lens,away,3-4-2-1,True,15,Tosin Aiyegun,CF-R,10,746504
Lorient,2025-11-02,Lens,away,3-4-2-1,False,10,Pablo Pagis,SUB,0,746504
Lorient,2025-11-02,Lens,away,3-4-2-1,False,28,Sambou Soumano,SUB,0,746504
Lorient,2025-11-02,Lens,away,3-4-2-1,False,21,Bingourou Kamara,SUB,0,746504
Lorient,2025-11-02,Lens,away,3-4-2-1,False,17,Jean-Victor Makengo,SUB,0,746504
Lorient,2025-11-02,Lens,away,3-4-2-1,False,93,Joel Mvuka,SUB,0,746504
Lorient,2025-11-02,Lens,away,3-4-2-1,False,32,Nathaniel Adjei,SUB,0,746504
Lorient,2025-11-02,Lens,away,3-4-2-1,False,5,Bamo Meïté,SUB,0,746504
Lorient,2025-11-02,Lens,away,3-4-2-1,False,8,Noah Cadiou,SUB,0,746504
Lorient,2025-11-02,Lens,away,3-4-2-1,False,34,Martin Bley,SUB,0,746504
Toulouse,2025-11-02,Le Havre,home,3-4-2-1,True,1,Guillaume Restes,G,1,746510
Toulouse,2025-11-02,Le Havre,home,3-4-2-1,True,4,Charlie Cresswell,CD,5,746510
Toulouse,2025-11-02,Le Havre,home,3-4-2-1,True,2,Rasmus Nicolaisen,CD-L,4,746510
Toulouse,2025-11-02,Le Havre,home,3-4-2-1,True,19,Djibril Sidibé,CD-R,6,746510
Toulouse,2025-11-02,Le Havre,home,3-4-2-1,True,77,Mario Sauer,CM-L,8,746510
Toulouse,2025-11-02,Le Havre,home,3-4-2-1,True,23,Cristian Cásseres Jr.,CM-R,7,746510
Toulouse,2025-11-02,Le Havre,home,3-4-2-1,True,24,Dayann Methalie,LM,3,746510
Toulouse,2025-11-02,Le Havre,home,3-4-2-1,True,15,Aron Donnum,RM,2,746510
Toulouse,2025-11-02,Le Havre,home,3-4-2-1,True,20,Emersonn,F,9,746510
Toulouse,2025-11-02,Le Havre,home,3-4-2-1,True,9,Frank Magri,CF-L,11,746510
Toulouse,2025-11-02,Le Havre,home,3-4-2-1,True,10,Yann Gboho,CF-R,10,746510
Toulouse,2025-11-02,Le Havre,home,3-4-2-1,False,31,Noah Edjouma,SUB,0,746510
Toulouse,2025-11-02,Le Havre,home,3-4-2-1,False,16,Kjetil Haug,SUB,0,746510
Toulouse,2025-11-02,Le Havre,home,3-4-2-1,False,45,Alexis Vossah,SUB,0,746510
Toulouse,2025-11-02,Le Havre,home,3-4-2-1,False,7,Julián Vignolo,SUB,0,746510
Toulouse,2025-11-02,Le Havre,home,3-4-2-1,False,12,Waren Kamanzi,SUB,0,746510
Toulouse,2025-11-02,Le Havre,home,3-4-2-1,False,35,Seny Koumbassa,SUB,0,746510
Toulouse,2025-11-02,Le Havre,home,3-4-2-1,False,11,Santiago Hidalgo,SUB,0,746510
Toulouse,2025-11-02,Le Havre,home,3-4-2-1,False,17,Abu Francis,SUB,0,746510
Toulouse,2025-11-02,Le Havre,home,3-4-2-1,False,22,Rafik Messali,SUB,0,746510
Le Havre,2025-11-02,Toulouse,away,4-1-3-2,False,6,Etienne Youte Kinkoue,,0,746510
Le Havre,2025-11-02,Toulouse,away,4-1-3-2,False,21,Younes Namli,,0,746510
Le Havre,2025-11-02,Toulouse,away,4-1-3-2,False,77,Lionel Mpasi,,0,746510
Le Havre,2025-11-02,Toulouse,away,4-1-3-2,False,26,Simon Ebonog,,0,746510
Le Havre,2025-11-02,Toulouse,away,4-1-3-2,False,13,Fodé Doucouré,,0,746510
Le Havre,2025-11-02,Toulouse,away,4-1-3-2,False,23,Thomas Delaine,,0,746510
Le Havre,2025-11-02,Toulouse,away,4-1-3-2,False,30,Reda Khadra,,0,746510
Le Havre,2025-11-02,Toulouse,away,4-1-3-2,False,29,Stephan Zagadou,,0,746510
Le Havre,2025-11-02,Toulouse,away,4-1-3-2,False,11,Godson Kyeremeh,,0,746510
Le Havre,2025-11-02,Toulouse,away,4-1-3-2,True,99,Mory Diaw,G,1,746510
Le Havre,2025-11-02,Toulouse,away,4-1-3-2,True,4,Gautier Lloris,CD-L,6,746510
Le Havre,2025-11-02,Toulouse,away,4-1-3-2,True,93,Arouna Sangante,CD-R,5,746510
Le Havre,2025-11-02,Toulouse,away,4-1-3-2,True,15,Ayumu Seko,SW,4,746510
Le Havre,2025-11-02,Toulouse,away,4-1-3-2,True,18,Yanis Zouaoui,LB,3,746510
Le Havre,2025-11-02,Toulouse,away,4-1-3-2,True,7,Loïc Négo,RB,2,746510
Le Havre,2025-11-02,Toulouse,away,4-1-3-2,True,14,Rassoul Ndiaye,CM,8,746510
Le Havre,2025-11-02,Toulouse,away,4-1-3-2,True,8,Yassine Kechta,LM,11,746510
Le Havre,2025-11-02,Toulouse,away,4-1-3-2,True,94,Abdoulaye Touré,RM,7,746510
Le Havre,2025-11-02,Toulouse,away,4-1-3-2,True,45,Issa Soumaré,CF-L,10,746510
Le Havre,2025-11-02,Toulouse,away,4-1-3-2,True,10,Félix Mambimbi,CF-R,9,746510
Nantes,2025-11-02,Metz,home,4-1-4-1,True,1,Anthony Lopes,G,1,746507
Nantes,2025-11-02,Metz,home,4-1-4-1,True,78,Tylel Tati,CD-L,6,746507
Nantes,2025-11-02,Metz,home,4-1-4-1,True,6,Chidozie Awaziem,CD-R,5,746507
Nantes,2025-11-02,Metz,home,4-1-4-1,True,80,Junior Mwanga,DM,4,746507
Nantes,2025-11-02,Metz,home,4-1-4-1,True,3,Nicolas Cozza,LB,3,746507
Nantes,2025-11-02,Metz,home,4-1-4-1,True,98,Kelvin Amian,RB,2,746507
Nantes,2025-11-02,Metz,home,4-1-4-1,True,66,Louis Leroux,CM-L,10,746507
Nantes,2025-11-02,Metz,home,4-1-4-1,True,17,Dehmaine Tabibou,CM-R,8,746507
Nantes,2025-11-02,Metz,home,4-1-4-1,True,10,Matthis Abline,LM,11,746507
Nantes,2025-11-02,Metz,home,4-1-4-1,True,11,Bahereba Guirassy,RM,7,746507
Nantes,2025-11-02,Metz,home,4-1-4-1,True,19,Youssef El Arabi,F,9,746507
Nantes,2025-11-02,Metz,home,4-1-4-1,False,5,Kwon Hyeok-Kyu,SUB,0,746507
Nantes,2025-11-02,Metz,home,4-1-4-1,False,31,Mostafa Mohamed,SUB,0,746507
Nantes,2025-11-02,Metz,home,4-1-4-1,False,69,Sacha Ziani,SUB,0,746507
Nantes,2025-11-02,Metz,home,4-1-4-1,False,52,Bahmed Deuff,SUB,0,746507
Nantes,2025-11-02,Metz,home,4-1-4-1,False,14,Amady Camara,SUB,0,746507
Nantes,2025-11-02,Metz,home,4-1-4-1,False,90,Yassine Benhattab,SUB,0,746507
Nantes,2025-11-02,Metz,home,4-1-4-1,False,18,Fabien Centonze,SUB,0,746507
Nantes,2025-11-02,Metz,home,4-1-4-1,False,30,Patrick Carlgren,SUB,0,746507
Nantes,2025-11-02,Metz,home,4-1-4-1,False,26,Uros Radakovic,SUB,0,746507
Metz,2025-11-02,Nantes,away,4-2-3-1,True,1,Jonathan Fischer,G,1,746507
Metz,2025-11-02,Nantes,away,4-2-3-1,True,15,Terry Yegbe,CD-L,6,746507
Metz,2025-11-02,Nantes,away,4-2-3-1,True,5,Jean-Philippe Gbamin,CD-R,5,746507
Metz,2025-11-02,Nantes,away,4-2-3-1,True,2,Maxime Colin,LB,3,746507
Metz,2025-11-02,Nantes,away,4-2-3-1,True,39,Koffi Kouao,RB,2,746507
Metz,2025-11-02,Nantes,away,4-2-3-1,True,23,Ibou Sané,AM,10,746507
Metz,2025-11-02,Nantes,away,4-2-3-1,True,20,Jessy Deminguet,LM,4,746507
Metz,2025-11-02,Nantes,away,4-2-3-1,True,12,Alpha Touré,RM,8,746507
Metz,2025-11-02,Nantes,away,4-2-3-1,True,30,Habib Diallo,F,9,746507
Metz,2025-11-02,Nantes,away,4-2-3-1,True,7,Giorgi Tsitaishvili,AM-L,11,746507
Metz,2025-11-02,Nantes,away,4-2-3-1,True,14,Cheick Sabaly,AM-R,7,746507
Metz,2025-11-02,Nantes,away,4-2-3-1,False,25,Cleo Mélières,SUB,0,746507
Metz,2025-11-02,Nantes,away,4-2-3-1,False,99,Joel Asoro,SUB,0,746507
Metz,2025-11-02,Nantes,away,4-2-3-1,False,21,Benjamin Stambouli,SUB,0,746507
Metz,2025-11-02,Nantes,away,4-2-3-1,False,3,Moustapha Diop,SUB,0,746507
Metz,2025-11-02,Nantes,away,4-2-3-1,False,19,Morgan Bokele,SUB,0,746507
Metz,2025-11-02,Nantes,away,4-2-3-1,False,8,Boubacar Traore,SUB,0,746507
Metz,2025-11-02,Nantes,away,4-2-3-1,False,29,Ismaël Guerti,SUB,0,746507
Metz,2025-11-02,Nantes,away,4-2-3-1,False,16,Romain Jean Baptsiste,SUB,0,746507
Metz,2025-11-02,Nantes,away,4-2-3-1,False,9,Giorgi Abuashvili,SUB,0,746507
Brest,2025-11-02,Lyon,home,4-2-3-1,True,1,Radoslaw Majecki,G,1,746503
Brest,2025-11-02,Lyon,home,4-2-3-1,True,44,Soumaila Coulibaly,CD-L,6,746503
Brest,2025-11-02,Lyon,home,4-2-3-1,True,5,Brendan Chardonnet,CD-R,5,746503
Brest,2025-11-02,Lyon,home,4-2-3-1,True,2,Bradley Locko,LB,3,746503
Brest,2025-11-02,Lyon,home,4-2-3-1,True,77,Kenny Lala,RB,2,746503
Brest,2025-11-02,Lyon,home,4-2-3-1,True,10,Romain Del Castillo,AM,10,746503
Brest,2025-11-02,Lyon,home,4-2-3-1,True,24,Lucas Tousart,LM,4,746503
Brest,2025-11-02,Lyon,home,4-2-3-1,True,13,Joris Chotard,RM,8,746503
Brest,2025-11-02,Lyon,home,4-2-3-1,True,19,Ludovic Ajorque,F,9,746503
Brest,2025-11-02,Lyon,home,4-2-3-1,True,99,Pathé Mboup,AM-L,11,746503
Brest,2025-11-02,Lyon,home,4-2-3-1,True,17,Mama Baldé,AM-R,7,746503
Brest,2025-11-02,Lyon,home,4-2-3-1,False,7,Junior Dina Ebimbe,SUB,0,746503
Brest,2025-11-02,Lyon,home,4-2-3-1,False,33,Hamidou Makalou,SUB,0,746503
Brest,2025-11-02,Lyon,home,4-2-3-1,False,12,Luc Zogbe,SUB,0,746503
Brest,2025-11-02,Lyon,home,4-2-3-1,False,30,Grégoire Coudert,SUB,0,746503
Brest,2025-11-02,Lyon,home,4-2-3-1,False,27,Daouda Guindo,SUB,0,746503
Brest,2025-11-02,Lyon,home,4-2-3-1,False,14,Remy Labeau Lascary,SUB,0,746503
Brest,2025-11-02,Lyon,home,4-2-3-1,False,4,Michel Diaz,SUB,0,746503
Brest,2025-11-02,Lyon,home,4-2-3-1,False,8,Hugo Magnetti,SUB,0,746503
Brest,2025-11-02,Lyon,home,4-2-3-1,False,26,Julien Le Cardinal,SUB,0,746503
Lyon,2025-11-02,Brest,away,4-2-3-1,True,1,Dominik Greif,G,1,746503
Lyon,2025-11-02,Brest,away,4-2-3-1,True,19,Moussa Niakhaté,CD-L,6,746503
Lyon,2025-11-02,Brest,away,4-2-3-1,True,22,Clinton Mata,CD-R,5,746503
Lyon,2025-11-02,Brest,away,4-2-3-1,True,3,Nicolás Tagliafico,LB,3,746503
Lyon,2025-11-02,Brest,away,4-2-3-1,True,33,Hans Hateboer,RB,2,746503
Lyon,2025-11-02,Brest,away,4-2-3-1,True,8,Corentin Tolisso,AM,10,746503
Lyon,2025-11-02,Brest,away,4-2-3-1,True,23,Tyler Morton,LM,4,746503
Lyon,2025-11-02,Brest,away,4-2-3-1,True,6,Tanner Tessmann,RM,8,746503
Lyon,2025-11-02,Brest,away,4-2-3-1,True,20,Martín Satriano,F,9,746503
Lyon,2025-11-02,Brest,away,4-2-3-1,True,17,Afonso Moreira,AM-L,11,746503
Lyon,2025-11-02,Brest,away,4-2-3-1,True,10,Pavel Sulc,AM-R,7,746503
Lyon,2025-11-02,Brest,away,4-2-3-1,False,18,Rachid Ghezzal,SUB,0,746503
Lyon,2025-11-02,Brest,away,4-2-3-1,False,44,Khalis Merah,SUB,0,746503
Lyon,2025-11-02,Brest,away,4-2-3-1,False,35,Matthias Da Silva,SUB,0,746503
Lyon,2025-11-02,Brest,away,4-2-3-1,False,39,Mathys De Carvalho,SUB,0,746503
Lyon,2025-11-02,Brest,away,4-2-3-1,False,7,Adam Karabec,SUB,0,746503
Lyon,2025-11-02,Brest,away,4-2-3-1,False,98,Ainsley Maitland-Niles,SUB,0,746503
Lyon,2025-11-02,Brest,away,4-2-3-1,False,40,Rémy Descamps,SUB,0,746503
Lyon,2025-11-02,Brest,away,4-2-3-1,False,21,Ruben Kluivert,SUB,0,746503
Lyon,2025-11-02,Brest,away,4-2-3-1,False,29,Enzo Molébé,SUB,0,746503
Auxerre,2025-11-01,Marseille,home,5-4-1,True,16,Donovan Léon,G,1,746502
Auxerre,2025-11-01,Marseille,home,5-4-1,True,20,Sinaly Diomande,CD,5,746502
Auxerre,2025-11-01,Marseille,home,5-4-1,True,92,Clément Akpa,CD-L,4,746502
Auxerre,2025-11-01,Marseille,home,5-4-1,True,29,Marvin Senaya,CD-R,6,746502
Auxerre,2025-11-01,Marseille,home,5-4-1,True,14,Gideon Mensah,LB,3,746502
Auxerre,2025-11-01,Marseille,home,5-4-1,True,7,Josué Casimir,RB,2,746502
Auxerre,2025-11-01,Marseille,home,5-4-1,True,5,Kévin Danois,CM-L,10,746502
Auxerre,2025-11-01,Marseille,home,5-4-1,True,42,Elisha Owusu,CM-R,8,746502
Auxerre,2025-11-01,Marseille,home,5-4-1,True,19,Danny Namaso,LM,11,746502
Auxerre,2025-11-01,Marseille,home,5-4-1,True,21,Lasso Coulibaly,RM,7,746502
Auxerre,2025-11-01,Marseille,home,5-4-1,True,10,Lassine Sinayoko,F,9,746502
Auxerre,2025-11-01,Marseille,home,5-4-1,False,27,Lamine Sy,SUB,0,746502
Auxerre,2025-11-01,Marseille,home,5-4-1,False,22,Fredrik Oppegard,SUB,0,746502
Auxerre,2025-11-01,Marseille,home,5-4-1,False,9,Sékou Mara,SUB,0,746502
Auxerre,2025-11-01,Marseille,home,5-4-1,False,34,Rudy Matondo,SUB,0,746502
Auxerre,2025-11-01,Marseille,home,5-4-1,False,23,Ibrahim Osman,SUB,0,746502
Auxerre,2025-11-01,Marseille,home,5-4-1,False,40,Théo De Percin,SUB,0,746502
Auxerre,2025-11-01,Marseille,home,5-4-1,False,4,Francisco Sierralta,SUB,0,746502
Auxerre,2025-11-01,Marseille,home,5-4-1,False,18,Assane Dioussé,SUB,0,746502
Auxerre,2025-11-01,Marseille,home,5-4-1,False,36,Tidiane Devernois,SUB,0,746502
Marseille,2025-11-01,Auxerre,away,3-5-2,True,1,Gerónimo Rulli,G,1,746502
Marseille,2025-11-01,Auxerre,away,3-5-2,True,4,CJ Egan-Riley,CD,5,746502
Marseille,2025-11-01,Auxerre,away,3-5-2,True,33,Emerson,CD-L,4,746502
Marseille,2025-11-01,Auxerre,away,3-5-2,True,28,Benjamin Pavard,CD-R,6,746502
Marseille,2025-11-01,Auxerre,away,3-5-2,True,8,Angel Gomes,CM-L,8,746502
Marseille,2025-11-01,Auxerre,away,3-5-2,True,17,Matt O'Riley,CM-R,7,746502
Marseille,2025-11-01,Auxerre,away,3-5-2,True,23,Pierre-Emile Højbjerg,AM,11,746502
Marseille,2025-11-01,Auxerre,away,3-5-2,True,6,Ulisses Garcia,LM,3,746502
Marseille,2025-11-01,Auxerre,away,3-5-2,True,62,Amir Murillo,RM,2,746502
Marseille,2025-11-01,Auxerre,away,3-5-2,True,97,Pierre-Emerick Aubameyang,CF-L,9,746502
Marseille,2025-11-01,Auxerre,away,3-5-2,True,34,Robinio Vaz,CF-R,10,746502
Marseille,2025-11-01,Auxerre,away,3-5-2,False,76,Tadjidine Mmadi,SUB,0,746502
Marseille,2025-11-01,Auxerre,away,3-5-2,False,14,Igor Paixão,SUB,0,746502
Marseille,2025-11-01,Auxerre,away,3-5-2,False,21,Nayef Aguerd,SUB,0,746502
Marseille,2025-11-01,Auxerre,away,3-5-2,False,10,Mason Greenwood,SUB,0,746502
Marseille,2025-11-01,Auxerre,away,3-5-2,False,18,Arthur Vermeeren,SUB,0,746502
Marseille,2025-11-01,Auxerre,away,3-5-2,False,29,Pol Lirola,SUB,0,746502
Marseille,2025-11-01,Auxerre,away,3-5-2,False,12,Jeffrey de Lange,SUB,0,746502
Marseille,2025-11-01,Auxerre,away,3-5-2,False,50,Darryl Bakola,SUB,0,746502
Marseille,2025-11-01,Auxerre,away,3-5-2,False,35,Pladi N'Zinga Pambani,SUB,0,746502
Marseille,2025-11-08,Brest,home,4-2-3-1,True,1,Gerónimo Rulli,G,1,746519
Marseille,2025-11-08,Brest,home,4-2-3-1,True,21,Nayef Aguerd,CD-L,6,746519
Marseille,2025-11-08,Brest,home,4-2-3-1,True,28,Benjamin Pavard,CD-R,5,746519
Marseille,2025-11-08,Brest,home,4-2-3-1,True,33,Emerson,LB,3,746519
Marseille,2025-11-08,Brest,home,4-2-3-1,True,62,Amir Murillo,RB,2,746519
Marseille,2025-11-08,Brest,home,4-2-3-1,True,8,Angel Gomes,AM,10,746519
Marseille,2025-11-08,Brest,home,4-2-3-1,True,18,Arthur Vermeeren,LM,4,746519
Marseille,2025-11-08,Brest,home,4-2-3-1,True,23,Pierre-Emile Højbjerg,RM,8,746519
Marseille,2025-11-08,Brest,home,4-2-3-1,True,97,Pierre-Emerick Aubameyang,F,9,746519
Marseille,2025-11-08,Brest,home,4-2-3-1,True,14,Igor Paixão,AM-L,11,746519
Marseille,2025-11-08,Brest,home,4-2-3-1,True,10,Mason Greenwood,AM-R,7,746519
Marseille,2025-11-08,Brest,home,4-2-3-1,False,19,Geoffrey Kondogbia,SUB,0,746519
Marseille,2025-11-08,Brest,home,4-2-3-1,False,50,Darryl Bakola,SUB,0,746519
Marseille,2025-11-08,Brest,home,4-2-3-1,False,22,Timothy Weah,SUB,0,746519
Marseille,2025-11-08,Brest,home,4-2-3-1,False,7,Neal Maupay,SUB,0,746519
Marseille,2025-11-08,Brest,home,4-2-3-1,False,34,Robinio Vaz,SUB,0,746519
Marseille,2025-11-08,Brest,home,4-2-3-1,False,4,CJ Egan-Riley,SUB,0,746519
Marseille,2025-11-08,Brest,home,4-2-3-1,False,12,Jeffrey de Lange,SUB,0,746519
Marseille,2025-11-08,Brest,home,4-2-3-1,False,76,Tadjidine Mmadi,SUB,0,746519
Marseille,2025-11-08,Brest,home,4-2-3-1,False,17,Matt O'Riley,SUB,0,746519
Brest,2025-11-08,Marseille,away,4-2-3-1,True,1,Radoslaw Majecki,G,1,746519
Brest,2025-11-08,Marseille,away,4-2-3-1,True,44,Soumaila Coulibaly,CD-L,6,746519
Brest,2025-11-08,Marseille,away,4-2-3-1,True,5,Brendan Chardonnet,CD-R,5,746519
Brest,2025-11-08,Marseille,away,4-2-3-1,True,2,Bradley Locko,LB,3,746519
Brest,2025-11-08,Marseille,away,4-2-3-1,True,77,Kenny Lala,RB,2,746519
Brest,2025-11-08,Marseille,away,4-2-3-1,True,10,Romain Del Castillo,AM,10,746519
Brest,2025-11-08,Marseille,away,4-2-3-1,True,8,Hugo Magnetti,LM,4,746519
Brest,2025-11-08,Marseille,away,4-2-3-1,True,13,Joris Chotard,RM,8,746519
Brest,2025-11-08,Marseille,away,4-2-3-1,True,19,Ludovic Ajorque,F,9,746519
Brest,2025-11-08,Marseille,away,4-2-3-1,True,99,Pathé Mboup,AM-L,11,746519
Brest,2025-11-08,Marseille,away,4-2-3-1,True,17,Mama Baldé,AM-R,7,746519
Brest,2025-11-08,Marseille,away,4-2-3-1,False,14,Remy Labeau Lascary,SUB,0,746519
Brest,2025-11-08,Marseille,away,4-2-3-1,False,33,Hamidou Makalou,SUB,0,746519
Brest,2025-11-08,Marseille,away,4-2-3-1,False,4,Michel Diaz,SUB,0,746519
Brest,2025-11-08,Marseille,away,4-2-3-1,False,27,Daouda Guindo,SUB,0,746519
Brest,2025-11-08,Marseille,away,4-2-3-1,False,26,Julien Le Cardinal,SUB,0,746519
Brest,2025-11-08,Marseille,away,4-2-3-1,False,12,Luc Zogbe,SUB,0,746519
Brest,2025-11-08,Marseille,away,4-2-3-1,False,7,Junior Dina Ebimbe,SUB,0,746519
Brest,2025-11-08,Marseille,away,4-2-3-1,False,30,Grégoire Coudert,SUB,0,746519
Brest,2025-11-08,Marseille,away,4-2-3-1,False,24,Lucas Tousart,SUB,0,746519
Monaco,2025-11-08,Lens,home,3-1-4-2,False,18,Takumi Minamino,,0,746517
Monaco,2025-11-08,Lens,home,3-1-4-2,False,19,George Ilenikhena,,0,746517
Monaco,2025-11-08,Lens,home,3-1-4-2,False,3,Eric Dier,,0,746517
Monaco,2025-11-08,Lens,home,3-1-4-2,False,41,Pape Cabral,,0,746517
Monaco,2025-11-08,Lens,home,3-1-4-2,False,50,Yann Lienard,,0,746517
Monaco,2025-11-08,Lens,home,3-1-4-2,False,31,Ansu Fati,,0,746517
Monaco,2025-11-08,Lens,home,3-1-4-2,False,17,Stanis Idumbo,,0,746517
Monaco,2025-11-08,Lens,home,3-1-4-2,False,21,Lucas Michel,,0,746517
Monaco,2025-11-08,Lens,home,3-1-4-2,False,6,Denis Zakaria,,0,746517
Monaco,2025-11-08,Lens,home,3-1-4-2,True,16,Philipp Köhn,G,1,746517
Monaco,2025-11-08,Lens,home,3-1-4-2,True,22,Mohammed Salisu,CD,4,746517
Monaco,2025-11-08,Lens,home,3-1-4-2,True,12,Caio Henrique,CD-L,6,746517
Monaco,2025-11-08,Lens,home,3-1-4-2,True,5,Thilo Kehrer,CD-R,5,746517
Monaco,2025-11-08,Lens,home,3-1-4-2,True,28,Mamadou Coulibaly,SW,8,746517
Monaco,2025-11-08,Lens,home,3-1-4-2,True,10,Aleksandr Golovin,CM-L,11,746517
Monaco,2025-11-08,Lens,home,3-1-4-2,True,11,Maghnes Akliouche,CM-R,7,746517
Monaco,2025-11-08,Lens,home,3-1-4-2,True,20,Kassoum Ouattara,LM,3,746517
Monaco,2025-11-08,Lens,home,3-1-4-2,True,4,Jordan Teze,RM,2,746517
Monaco,2025-11-08,Lens,home,3-1-4-2,True,14,Mika Biereth,CF-L,10,746517
Monaco,2025-11-08,Lens,home,3-1-4-2,True,9,Folarin Balogun,CF-R,9,746517
Lens,2025-11-08,Monaco,away,3-4-2-1,True,40,Robin Risser,G,1,746517
Lens,2025-11-08,Monaco,away,3-4-2-1,True,6,Samson Baidoo,CD,5,746517
Lens,2025-11-08,Monaco,away,3-4-2-1,True,20,Malang Sarr,CD-L,4,746517
Lens,2025-11-08,Monaco,away,3-4-2-1,True,24,Jonathan Gradit,CD-R,6,746517
Lens,2025-11-08,Monaco,away,3-4-2-1,True,28,Adrien Thomasson,CM-L,8,746517
Lens,2025-11-08,Monaco,away,3-4-2-1,True,8,Mamadou Sangare,CM-R,7,746517
Lens,2025-11-08,Monaco,away,3-4-2-1,True,14,Matthieu Udol,LM,3,746517
Lens,2025-11-08,Monaco,away,3-4-2-1,True,2,Ruben Aguilar,RM,2,746517
Lens,2025-11-08,Monaco,away,3-4-2-1,True,11,Odsonne Édouard,F,9,746517
Lens,2025-11-08,Monaco,away,3-4-2-1,True,22,Wesley Saïd,CF-L,11,746517
Lens,2025-11-08,Monaco,away,3-4-2-1,True,10,Florian Thauvin,CF-R,10,746517
Lens,2025-11-08,Monaco,away,3-4-2-1,False,26,Anthony Bermont,SUB,0,746517
Lens,2025-11-08,Monaco,away,3-4-2-1,False,7,Florian Sotoca,SUB,0,746517
Lens,2025-11-08,Monaco,away,3-4-2-1,False,1,Régis Gurtner,SUB,0,746517
Lens,2025-11-08,Monaco,away,3-4-2-1,False,19,Abdallah Sima,SUB,0,746517
Lens,2025-11-08,Monaco,away,3-4-2-1,False,38,Rayan Fofana,SUB,0,746517
Lens,2025-11-08,Monaco,away,3-4-2-1,False,5,Andrija Bulatovic,SUB,0,746517
Lens,2025-11-08,Monaco,away,3-4-2-1,False,3,Deiver Machado,SUB,0,746517
Lens,2025-11-08,Monaco,away,3-4-2-1,False,29,Morgan Guilavogui,SUB,0,746517
Lens,2025-11-08,Monaco,away,3-4-2-1,False,25,Pierre Ganiou,SUB,0,746517
Le Havre,2025-11-08,Nantes,home,4-1-3-2,False,6,Etienne Youte Kinkoue,,0,746512
Le Havre,2025-11-08,Nantes,home,4-1-3-2,False,26,Simon Ebonog,,0,746512
Le Havre,2025-11-08,Nantes,home,4-1-3-2,False,21,Younes Namli,,0,746512
Le Havre,2025-11-08,Nantes,home,4-1-3-2,False,77,Lionel Mpasi,,0,746512
Le Havre,2025-11-08,Nantes,home,4-1-3-2,False,23,Thomas Delaine,,0,746512
Le Havre,2025-11-08,Nantes,home,4-1-3-2,False,29,Stephan Zagadou,,0,746512
Le Havre,2025-11-08,Nantes,home,4-1-3-2,False,13,Fodé Doucouré,,0,746512
Le Havre,2025-11-08,Nantes,home,4-1-3-2,False,11,Godson Kyeremeh,,0,746512
Le Havre,2025-11-08,Nantes,home,4-1-3-2,False,30,Reda Khadra,,0,746512
Le Havre,2025-11-08,Nantes,home,4-1-3-2,True,99,Mory Diaw,G,1,746512
Le Havre,2025-11-08,Nantes,home,4-1-3-2,True,4,Gautier Lloris,CD-L,6,746512
Le Havre,2025-11-08,Nantes,home,4-1-3-2,True,93,Arouna Sangante,CD-R,5,746512
Le Havre,2025-11-08,Nantes,home,4-1-3-2,True,15,Ayumu Seko,SW,4,746512
Le Havre,2025-11-08,Nantes,home,4-1-3-2,True,18,Yanis Zouaoui,LB,3,746512
Le Havre,2025-11-08,Nantes,home,4-1-3-2,True,7,Loïc Négo,RB,2,746512
Le Havre,2025-11-08,Nantes,home,4-1-3-2,True,14,Rassoul Ndiaye,CM,8,746512
Le Havre,2025-11-08,Nantes,home,4-1-3-2,True,8,Yassine Kechta,LM,11,746512
Le Havre,2025-11-08,Nantes,home,4-1-3-2,True,94,Abdoulaye Touré,RM,7,746512
Le Havre,2025-11-08,Nantes,home,4-1-3-2,True,45,Issa Soumaré,CF-L,10,746512
Le Havre,2025-11-08,Nantes,home,4-1-3-2,True,10,Félix Mambimbi,CF-R,9,746512
Nantes,2025-11-08,Le Havre,away,4-3-3,True,30,Patrick Carlgren,G,1,746512
Nantes,2025-11-08,Le Havre,away,4-3-3,True,78,Tylel Tati,CD-L,6,746512
Nantes,2025-11-08,Le Havre,away,4-3-3,True,6,Chidozie Awaziem,CD-R,5,746512
Nantes,2025-11-08,Le Havre,away,4-3-3,True,66,Louis Leroux,LB,3,746512
Nantes,2025-11-08,Le Havre,away,4-3-3,True,98,Kelvin Amian,RB,2,746512
Nantes,2025-11-08,Le Havre,away,4-3-3,True,5,Kwon Hyeok-Kyu,CM,4,746512
Nantes,2025-11-08,Le Havre,away,4-3-3,True,80,Junior Mwanga,LM,8,746512
Nantes,2025-11-08,Le Havre,away,4-3-3,True,17,Dehmaine Tabibou,RM,7,746512
Nantes,2025-11-08,Le Havre,away,4-3-3,True,19,Youssef El Arabi,F,9,746512
Nantes,2025-11-08,Le Havre,away,4-3-3,True,10,Matthis Abline,LF,11,746512
Nantes,2025-11-08,Le Havre,away,4-3-3,True,11,Bahereba Guirassy,RF,10,746512
Nantes,2025-11-08,Le Havre,away,4-3-3,False,18,Fabien Centonze,SUB,0,746512
Nantes,2025-11-08,Le Havre,away,4-3-3,False,31,Mostafa Mohamed,SUB,0,746512
Nantes,2025-11-08,Le Havre,away,4-3-3,False,3,Nicolas Cozza,SUB,0,746512
Nantes,2025-11-08,Le Havre,away,4-3-3,False,26,Uros Radakovic,SUB,0,746512
Nantes,2025-11-08,Le Havre,away,4-3-3,False,7,Hong Hyun-Seok,SUB,0,746512
Nantes,2025-11-08,Le Havre,away,4-3-3,False,52,Bahmed Deuff,SUB,0,746512
Nantes,2025-11-08,Le Havre,away,4-3-3,False,14,Amady Camara,SUB,0,746512
Nantes,2025-11-08,Le Havre,away,4-3-3,False,50,Alexis Mirbach,SUB,0,746512
Nantes,2025-11-08,Le Havre,away,4-3-3,False,90,Yassine Benhattab,SUB,0,746512
Lille,2025-11-02,Angers,home,4-2-3-1,True,1,Berke Özer,G,1,746505
Lille,2025-11-02,Angers,home,4-2-3-1,True,23,Aïssa Mandi,CD-L,6,746505
Lille,2025-11-02,Angers,home,4-2-3-1,True,18,Chancel Mbemba,CD-R,5,746505
Lille,2025-11-02,Angers,home,4-2-3-1,True,24,Calvin Verdonk,LB,3,746505
Lille,2025-11-02,Angers,home,4-2-3-1,True,12,Thomas Meunier,RB,2,746505
Lille,2025-11-02,Angers,home,4-2-3-1,True,10,Hákon Haraldsson,AM,10,746505
Lille,2025-11-02,Angers,home,4-2-3-1,True,21,Benjamin André,LM,4,746505
Lille,2025-11-02,Angers,home,4-2-3-1,True,32,Ayyoub Bouaddi,RM,8,746505
Lille,2025-11-02,Angers,home,4-2-3-1,True,9,Olivier Giroud,F,9,746505
Lille,2025-11-02,Angers,home,4-2-3-1,True,27,Felix Correia,AM-L,11,746505
Lille,2025-11-02,Angers,home,4-2-3-1,True,7,Matias Fernandez-Pardo,AM-R,7,746505
Lille,2025-11-02,Angers,home,4-2-3-1,False,11,Osame Sahraoui,SUB,0,746505
Lille,2025-11-02,Angers,home,4-2-3-1,False,29,Hamza Igmane,SUB,0,746505
Lille,2025-11-02,Angers,home,4-2-3-1,False,17,Ngal'ayel Mukau,SUB,0,746505
Lille,2025-11-02,Angers,home,4-2-3-1,False,35,Soriba Diaoune,SUB,0,746505
Lille,2025-11-02,Angers,home,4-2-3-1,False,6,Nabil Bentaleb,SUB,0,746505
Lille,2025-11-02,Angers,home,4-2-3-1,False,22,Tiago Santos,SUB,0,746505
Lille,2025-11-02,Angers,home,4-2-3-1,False,28,Ugo Raghouber,SUB,0,746505
Lille,2025-11-02,Angers,home,4-2-3-1,False,16,Arnaud Bodart,SUB,0,746505
Lille,2025-11-02,Angers,home,4-2-3-1,False,15,Romain Perraud,SUB,0,746505
Angers,2025-11-02,Lille,away,4-2-3-1,True,12,Hervé Koffi,G,1,746505
Angers,2025-11-02,Lille,away,4-2-3-1,True,21,Jordan Lefort,CD-L,6,746505
Angers,2025-11-02,Lille,away,4-2-3-1,True,4,Ousmane Camara,CD-R,5,746505
Angers,2025-11-02,Lille,away,4-2-3-1,True,3,Jacques Ekomie,LB,3,746505
Angers,2025-11-02,Lille,away,4-2-3-1,True,2,Carlens Arcus,RB,2,746505
Angers,2025-11-02,Lille,away,4-2-3-1,True,6,Louis Mouton,AM,10,746505
Angers,2025-11-02,Lille,away,4-2-3-1,True,10,Himad Abdelli,LM,4,746505
Angers,2025-11-02,Lille,away,4-2-3-1,True,93,Haris Belkebla,RM,8,746505
Angers,2025-11-02,Lille,away,4-2-3-1,True,11,Sidiki Cherif,F,9,746505
Angers,2025-11-02,Lille,away,4-2-3-1,True,7,Amine Sbaï,AM-L,11,746505
Angers,2025-11-02,Lille,away,4-2-3-1,True,27,Lilian Raolisoa,AM-R,7,746505
Angers,2025-11-02,Lille,away,4-2-3-1,False,15,Pierrick Capelle,SUB,0,746505
Angers,2025-11-02,Lille,away,4-2-3-1,False,36,Lanroy Machine,SUB,0,746505
Angers,2025-11-02,Lille,away,4-2-3-1,False,14,Yassin Belkhdim,SUB,0,746505
Angers,2025-11-02,Lille,away,4-2-3-1,False,26,Florent Hanin,SUB,0,746505
Angers,2025-11-02,Lille,away,4-2-3-1,False,31,Harouna Djibirin,SUB,0,746505
Angers,2025-11-02,Lille,away,4-2-3-1,False,35,Prosper Peter,SUB,0,746505
Angers,2025-11-02,Lille,away,4-2-3-1,False,25,Abdoulaye Bamba,SUB,0,746505
Angers,2025-11-02,Lille,away,4-2-3-1,False,16,Melvin Zinga,SUB,0,746505
Angers,2025-11-02,Lille,away,4-2-3-1,False,5,Marius Courcoul,SUB,0,746505
Rennes,2025-11-02,Strasbourg,home,3-5-2,True,30,Brice Samba,G,1,746509
Rennes,2025-11-02,Strasbourg,home,3-5-2,True,97,Jérémy Jacquet,CD,5,746509
Rennes,2025-11-02,Strasbourg,home,3-5-2,True,3,Lilian Brassier,CD-L,4,746509
Rennes,2025-11-02,Strasbourg,home,3-5-2,True,48,Abdelhamid Aït Boudlal,CD-R,6,746509
Rennes,2025-11-02,Strasbourg,home,3-5-2,True,6,Djaoui Cissé,CM-L,8,746509
Rennes,2025-11-02,Strasbourg,home,3-5-2,True,45,Mahdi Camara,CM-R,7,746509
Rennes,2025-11-02,Strasbourg,home,3-5-2,True,21,Valentin Rongier,AM,11,746509
Rennes,2025-11-02,Strasbourg,home,3-5-2,True,11,Mousa Al-Tamari,LM,3,746509
Rennes,2025-11-02,Strasbourg,home,3-5-2,True,95,Przemyslaw Frankowski,RM,2,746509
Rennes,2025-11-02,Strasbourg,home,3-5-2,True,39,Mohamed Meïté,CF-L,9,746509
Rennes,2025-11-02,Strasbourg,home,3-5-2,True,9,Esteban Lepaul,CF-R,10,746509
Rennes,2025-11-02,Strasbourg,home,3-5-2,False,24,Anthony Rouault,SUB,0,746509
Rennes,2025-11-02,Strasbourg,home,3-5-2,False,71,Lucas Rosier,SUB,0,746509
Rennes,2025-11-02,Strasbourg,home,3-5-2,False,50,Mathys Silistre,SUB,0,746509
Rennes,2025-11-02,Strasbourg,home,3-5-2,False,8,Seko Fofana,SUB,0,746509
Rennes,2025-11-02,Strasbourg,home,3-5-2,False,18,Mahamadou Nagida,SUB,0,746509
Rennes,2025-11-02,Strasbourg,home,3-5-2,False,26,Quentin Merlin,SUB,0,746509
Rennes,2025-11-02,Strasbourg,home,3-5-2,False,10,Ludovic Blas,SUB,0,746509
Rennes,2025-11-02,Strasbourg,home,3-5-2,False,4,Glen Kamara,SUB,0,746509
Rennes,2025-11-02,Strasbourg,home,3-5-2,False,7,Breel Embolo,SUB,0,746509
Strasbourg,2025-11-02,Rennes,away,3-4-2-1,True,39,Mike Penders,G,1,746509
Strasbourg,2025-11-02,Rennes,away,3-4-2-1,True,24,Lucas Høgsberg,CD,5,746509
Strasbourg,2025-11-02,Rennes,away,3-4-2-1,True,3,Ben Chilwell,CD-L,4,746509
Strasbourg,2025-11-02,Rennes,away,3-4-2-1,True,22,Guela Doué,CD-R,6,746509
Strasbourg,2025-11-02,Rennes,away,3-4-2-1,True,32,Valentín Barco,CM-L,8,746509
Strasbourg,2025-11-02,Rennes,away,3-4-2-1,True,29,Samir El Mourabet,CM-R,7,746509
Strasbourg,2025-11-02,Rennes,away,3-4-2-1,True,7,Diego Moreira,LM,3,746509
Strasbourg,2025-11-02,Rennes,away,3-4-2-1,True,42,Abdoul Ouattara,RM,2,746509
Strasbourg,2025-11-02,Rennes,away,3-4-2-1,True,9,Joaquín Panichelli,F,9,746509
Strasbourg,2025-11-02,Rennes,away,3-4-2-1,True,19,Julio Enciso,CF-L,11,746509
Strasbourg,2025-11-02,Rennes,away,3-4-2-1,True,27,Samuel Amo-Ameyaw,CF-R,10,746509
Strasbourg,2025-11-02,Rennes,away,3-4-2-1,False,60,Gabriel Kerckaert,SUB,0,746509
Strasbourg,2025-11-02,Rennes,away,3-4-2-1,False,20,Martial Godo,SUB,0,746509
Strasbourg,2025-11-02,Rennes,away,3-4-2-1,False,83,Rafael Luís,SUB,0,746509
Strasbourg,2025-11-02,Rennes,away,3-4-2-1,False,41,Rabby Nzingoula,SUB,0,746509
Strasbourg,2025-11-02,Rennes,away,3-4-2-1,False,50,Stefan Bajic,SUB,0,746509
Strasbourg,2025-11-02,Rennes,away,3-4-2-1,False,77,Eduard Sobol,SUB,0,746509
Strasbourg,2025-11-02,Rennes,away,3-4-2-1,False,16,Kendry Páez,SUB,0,746509
Strasbourg,2025-11-02,Rennes,away,3-4-2-1,False,11,Sebastian Nanasi,SUB,0,746509
Strasbourg,2025-11-02,Rennes,away,3-4-2-1,False,17,Mathis Amougou,SUB,0,746509
Metz,2025-11-09,Nice,home,4-2-3-1,True,1,Jonathan Fischer,G,1,746516
Metz,2025-11-09,Nice,home,4-2-3-1,True,15,Terry Yegbe,CD-L,6,746516
Metz,2025-11-09,Nice,home,4-2-3-1,True,5,Jean-Philippe Gbamin,CD-R,5,746516
Metz,2025-11-09,Nice,home,4-2-3-1,True,2,Maxime Colin,LB,3,746516
Metz,2025-11-09,Nice,home,4-2-3-1,True,39,Koffi Kouao,RB,2,746516
Metz,2025-11-09,Nice,home,4-2-3-1,True,10,Gauthier Hein,AM,10,746516
Metz,2025-11-09,Nice,home,4-2-3-1,True,20,Jessy Deminguet,LM,4,746516
Metz,2025-11-09,Nice,home,4-2-3-1,True,12,Alpha Touré,RM,8,746516
Metz,2025-11-09,Nice,home,4-2-3-1,True,30,Habib Diallo,F,9,746516
Metz,2025-11-09,Nice,home,4-2-3-1,True,7,Giorgi Tsitaishvili,AM-L,11,746516
Metz,2025-11-09,Nice,home,4-2-3-1,True,14,Cheick Sabaly,AM-R,7,746516
Metz,2025-11-09,Nice,home,4-2-3-1,False,19,Morgan Bokele,SUB,0,746516
Metz,2025-11-09,Nice,home,4-2-3-1,False,40,Ousmane Ba,SUB,0,746516
Metz,2025-11-09,Nice,home,4-2-3-1,False,25,Cleo Mélières,SUB,0,746516
Metz,2025-11-09,Nice,home,4-2-3-1,False,23,Ibou Sané,SUB,0,746516
Metz,2025-11-09,Nice,home,4-2-3-1,False,9,Giorgi Abuashvili,SUB,0,746516
Metz,2025-11-09,Nice,home,4-2-3-1,False,21,Benjamin Stambouli,SUB,0,746516
Metz,2025-11-09,Nice,home,4-2-3-1,False,99,Joel Asoro,SUB,0,746516
Metz,2025-11-09,Nice,home,4-2-3-1,False,8,Boubacar Traore,SUB,0,746516
Metz,2025-11-09,Nice,home,4-2-3-1,False,38,Sadibou Sané,SUB,0,746516
Nice,2025-11-09,Metz,away,3-4-1-2,True,80,Yehvann Diouf,G,1,746516
Nice,2025-11-09,Metz,away,3-4-1-2,True,28,Juma Bah,CD,5,746516
Nice,2025-11-09,Metz,away,3-4-1-2,True,37,Kojo Peprah Oppong,CD-L,4,746516
Nice,2025-11-09,Metz,away,3-4-1-2,True,33,Antoine Mendy,CD-R,6,746516
Nice,2025-11-09,Metz,away,3-4-1-2,True,24,Charles Vanhoutte,CM-L,8,746516
Nice,2025-11-09,Metz,away,3-4-1-2,True,6,Hicham Boudaoui,CM-R,7,746516
Nice,2025-11-09,Metz,away,3-4-1-2,True,10,Sofiane Diop,AM,9,746516
Nice,2025-11-09,Metz,away,3-4-1-2,True,2,Ali Abdi,LM,3,746516
Nice,2025-11-09,Metz,away,3-4-1-2,True,92,Jonathan Clauss,RM,2,746516
Nice,2025-11-09,Metz,away,3-4-1-2,True,90,Kevin Carlos,CF-L,11,746516
Nice,2025-11-09,Metz,away,3-4-1-2,True,25,Mohamed-Ali Cho,CF-R,10,746516
Nice,2025-11-09,Metz,away,3-4-1-2,False,31,Maxime Dupé,SUB,0,746516
Nice,2025-11-09,Metz,away,3-4-1-2,False,21,Isak Jansson,SUB,0,746516
Nice,2025-11-09,Metz,away,3-4-1-2,False,8,Morgan Sanson,SUB,0,746516
Nice,2025-11-09,Metz,away,3-4-1-2,False,47,Tiago Gouveia,SUB,0,746516
Nice,2025-11-09,Metz,away,3-4-1-2,False,7,Jérémie Boga,SUB,0,746516
Nice,2025-11-09,Metz,away,3-4-1-2,False,20,Tom Louchet,SUB,0,746516
Nice,2025-11-09,Metz,away,3-4-1-2,False,26,Melvin Bard,SUB,0,746516
Nice,2025-11-09,Metz,away,3-4-1-2,False,9,Terem Moffi,SUB,0,746516
Nice,2025-11-09,Metz,away,3-4-1-2,False,99,Salis Abdul Samed,SUB,0,746516
Paris FC,2025-11-07,Rennes,home,5-4-1,True,16,Obed Nkambadio,G,1,746518
Paris FC,2025-11-07,Rennes,home,5-4-1,True,17,Adama Camara,CD,5,746518
Paris FC,2025-11-07,Rennes,home,5-4-1,True,6,Otavio,CD-L,4,746518
Paris FC,2025-11-07,Rennes,home,5-4-1,True,5,Moustapha Mbow,CD-R,6,746518
Paris FC,2025-11-07,Rennes,home,5-4-1,True,28,Thibault De Smet,LB,3,746518
Paris FC,2025-11-07,Rennes,home,5-4-1,True,31,Samir Chergui,RB,2,746518
Paris FC,2025-11-07,Rennes,home,5-4-1,True,33,Pierre Lees-Melou,CM-L,10,746518
Paris FC,2025-11-07,Rennes,home,5-4-1,True,21,Maxime López,CM-R,8,746518
Paris FC,2025-11-07,Rennes,home,5-4-1,True,27,Moses Simon,LM,11,746518
Paris FC,2025-11-07,Rennes,home,5-4-1,True,10,Ilan Kebbal,RM,7,746518
Paris FC,2025-11-07,Rennes,home,5-4-1,True,11,Jean-Phillipe Krasso,F,9,746518
Paris FC,2025-11-07,Rennes,home,5-4-1,False,14,Hamari Traoré,SUB,0,746518
Paris FC,2025-11-07,Rennes,home,5-4-1,False,4,Vincent Marchetti,SUB,0,746518
Paris FC,2025-11-07,Rennes,home,5-4-1,False,20,Julien Lopez,SUB,0,746518
Paris FC,2025-11-07,Rennes,home,5-4-1,False,15,Timothée Kolodziejczak,SUB,0,746518
Paris FC,2025-11-07,Rennes,home,5-4-1,False,35,Kevin Trapp,SUB,0,746518
Paris FC,2025-11-07,Rennes,home,5-4-1,False,9,Willem Geubbels,SUB,0,746518
Paris FC,2025-11-07,Rennes,home,5-4-1,False,13,Mathieu Cafaro,SUB,0,746518
Paris FC,2025-11-07,Rennes,home,5-4-1,False,2,Tuomas Ollila,SUB,0,746518
Paris FC,2025-11-07,Rennes,home,5-4-1,False,12,Nouha Dicko,SUB,0,746518
Rennes,2025-11-07,Paris FC,away,3-5-2,True,30,Brice Samba,G,1,746518
Rennes,2025-11-07,Paris FC,away,3-5-2,True,24,Anthony Rouault,CD,5,746518
Rennes,2025-11-07,Paris FC,away,3-5-2,True,3,Lilian Brassier,CD-L,4,746518
Rennes,2025-11-07,Paris FC,away,3-5-2,True,97,Jérémy Jacquet,CD-R,6,746518
Rennes,2025-11-07,Paris FC,away,3-5-2,True,6,Djaoui Cissé,CM-L,8,746518
Rennes,2025-11-07,Paris FC,away,3-5-2,True,45,Mahdi Camara,CM-R,7,746518
Rennes,2025-11-07,Paris FC,away,3-5-2,True,21,Valentin Rongier,AM,11,746518
Rennes,2025-11-07,Paris FC,away,3-5-2,True,11,Mousa Al-Tamari,LM,3,746518
Rennes,2025-11-07,Paris FC,away,3-5-2,True,26,Quentin Merlin,RM,2,746518
Rennes,2025-11-07,Paris FC,away,3-5-2,True,39,Mohamed Meïté,CF-L,9,746518
Rennes,2025-11-07,Paris FC,away,3-5-2,True,9,Esteban Lepaul,CF-R,10,746518
Rennes,2025-11-07,Paris FC,away,3-5-2,False,50,Mathys Silistre,SUB,0,746518
Rennes,2025-11-07,Paris FC,away,3-5-2,False,36,Alidu Seidu,SUB,0,746518
Rennes,2025-11-07,Paris FC,away,3-5-2,False,4,Glen Kamara,SUB,0,746518
Rennes,2025-11-07,Paris FC,away,3-5-2,False,71,Lucas Rosier,SUB,0,746518
Rennes,2025-11-07,Paris FC,away,3-5-2,False,10,Ludovic Blas,SUB,0,746518
Rennes,2025-11-07,Paris FC,away,3-5-2,False,95,Przemyslaw Frankowski,SUB,0,746518
Rennes,2025-11-07,Paris FC,away,3-5-2,False,8,Seko Fofana,SUB,0,746518
Rennes,2025-11-07,Paris FC,away,3-5-2,False,18,Mahamadou Nagida,SUB,0,746518
Rennes,2025-11-07,Paris FC,away,3-5-2,False,7,Breel Embolo,SUB,0,746518
Lyon,2025-11-09,PSG,home,4-2-3-1,True,1,Dominik Greif,G,1,746514
Lyon,2025-11-09,PSG,home,4-2-3-1,True,19,Moussa Niakhaté,CD-L,6,746514
Lyon,2025-11-09,PSG,home,4-2-3-1,True,22,Clinton Mata,CD-R,5,746514
Lyon,2025-11-09,PSG,home,4-2-3-1,True,3,Nicolás Tagliafico,LB,3,746514
Lyon,2025-11-09,PSG,home,4-2-3-1,True,21,Ruben Kluivert,RB,2,746514
Lyon,2025-11-09,PSG,home,4-2-3-1,True,44,Khalis Merah,AM,10,746514
Lyon,2025-11-09,PSG,home,4-2-3-1,True,23,Tyler Morton,LM,4,746514
Lyon,2025-11-09,PSG,home,4-2-3-1,True,6,Tanner Tessmann,RM,8,746514
Lyon,2025-11-09,PSG,home,4-2-3-1,True,18,Rachid Ghezzal,F,9,746514
Lyon,2025-11-09,PSG,home,4-2-3-1,True,17,Afonso Moreira,AM-L,11,746514
Lyon,2025-11-09,PSG,home,4-2-3-1,True,98,Ainsley Maitland-Niles,AM-R,7,746514
Lyon,2025-11-09,PSG,home,4-2-3-1,False,41,Téo Barisic,SUB,0,746514
Lyon,2025-11-09,PSG,home,4-2-3-1,False,29,Enzo Molébé,SUB,0,746514
Lyon,2025-11-09,PSG,home,4-2-3-1,False,7,Adam Karabec,SUB,0,746514
Lyon,2025-11-09,PSG,home,4-2-3-1,False,8,Corentin Tolisso,SUB,0,746514
Lyon,2025-11-09,PSG,home,4-2-3-1,False,50,Lassine Diarra,SUB,0,746514
Lyon,2025-11-09,PSG,home,4-2-3-1,False,40,Rémy Descamps,SUB,0,746514
Lyon,2025-11-09,PSG,home,4-2-3-1,False,46,Tiago Manuel Gonçalves Silva,SUB,0,746514
Lyon,2025-11-09,PSG,home,4-2-3-1,False,39,Mathys De Carvalho,SUB,0,746514
Lyon,2025-11-09,PSG,home,4-2-3-1,False,20,Martín Satriano,SUB,0,746514
PSG,2025-11-09,Lyon,away,4-3-3,True,30,Lucas Chevalier,G,1,746514
PSG,2025-11-09,Lyon,away,4-3-3,True,51,Willian Pacho,CD-L,6,746514
PSG,2025-11-09,Lyon,away,4-3-3,True,6,Illia Zabarnyi,CD-R,5,746514
PSG,2025-11-09,Lyon,away,4-3-3,True,21,Lucas Hernández,LB,3,746514
PSG,2025-11-09,Lyon,away,4-3-3,True,33,Warren Zaïre-Emery,RB,2,746514
PSG,2025-11-09,Lyon,away,4-3-3,True,17,Vitinha,CM,4,746514
PSG,2025-11-09,Lyon,away,4-3-3,True,8,Fabián Ruiz,LM,8,746514
PSG,2025-11-09,Lyon,away,4-3-3,True,87,João Neves,RM,7,746514
PSG,2025-11-09,Lyon,away,4-3-3,True,24,Senny Mayulu,F,9,746514
PSG,2025-11-09,Lyon,away,4-3-3,True,7,Khvicha Kvaratskhelia,LF,11,746514
PSG,2025-11-09,Lyon,away,4-3-3,True,19,Lee Kang-In,RF,10,746514
PSG,2025-11-09,Lyon,away,4-3-3,False,4,Lucas Beraldo,SUB,0,746514
PSG,2025-11-09,Lyon,away,4-3-3,False,49,Ibrahim Mbaye,SUB,0,746514
PSG,2025-11-09,Lyon,away,4-3-3,False,39,Matvei Safonov,SUB,0,746514
PSG,2025-11-09,Lyon,away,4-3-3,False,89,Renato Marin,SUB,0,746514
PSG,2025-11-09,Lyon,away,4-3-3,False,29,Bradley Barcola,SUB,0,746514
PSG,2025-11-09,Lyon,away,4-3-3,False,42,David Boly,SUB,0,746514
PSG,2025-11-09,Lyon,away,4-3-3,False,47,Quentin Ndjantou,SUB,0,746514
PSG,2025-11-09,Lyon,away,4-3-3,False,5,Marquinhos,SUB,0,746514
PSG,2025-11-09,Lyon,away,4-3-3,False,9,Gonçalo Ramos,SUB,0,746514
Lorient,2025-11-09,Toulouse,home,3-4-2-1,True,38,Yvon Mvogo,G,1,746515
Lorient,2025-11-09,Toulouse,home,3-4-2-1,True,3,Montassar Talbi,CD,5,746515
Lorient,2025-11-09,Toulouse,home,3-4-2-1,True,44,Darlin Yongwa,CD-L,4,746515
Lorient,2025-11-09,Toulouse,home,3-4-2-1,True,2,Igor Silva,CD-R,6,746515
Lorient,2025-11-09,Toulouse,home,3-4-2-1,True,6,Laurent Abergel,CM-L,8,746515
Lorient,2025-11-09,Toulouse,home,3-4-2-1,True,62,Arthur Avom,CM-R,7,746515
Lorient,2025-11-09,Toulouse,home,3-4-2-1,True,43,Arsène Kouassi,LM,3,746515
Lorient,2025-11-09,Toulouse,home,3-4-2-1,True,93,Joel Mvuka,RM,2,746515
Lorient,2025-11-09,Toulouse,home,3-4-2-1,True,15,Tosin Aiyegun,F,9,746515
Lorient,2025-11-09,Toulouse,home,3-4-2-1,True,10,Pablo Pagis,CF-L,11,746515
Lorient,2025-11-09,Toulouse,home,3-4-2-1,True,29,Dermane Karim,CF-R,10,746515
Lorient,2025-11-09,Toulouse,home,3-4-2-1,False,9,Mohamed Bamba,SUB,0,746515
Lorient,2025-11-09,Toulouse,home,3-4-2-1,False,21,Bingourou Kamara,SUB,0,746515
Lorient,2025-11-09,Toulouse,home,3-4-2-1,False,28,Sambou Soumano,SUB,0,746515
Lorient,2025-11-09,Toulouse,home,3-4-2-1,False,17,Jean-Victor Makengo,SUB,0,746515
Lorient,2025-11-09,Toulouse,home,3-4-2-1,False,32,Nathaniel Adjei,SUB,0,746515
Lorient,2025-11-09,Toulouse,home,3-4-2-1,False,11,Théo Le Bris,SUB,0,746515
Lorient,2025-11-09,Toulouse,home,3-4-2-1,False,5,Bamo Meïté,SUB,0,746515
Lorient,2025-11-09,Toulouse,home,3-4-2-1,False,8,Noah Cadiou,SUB,0,746515
Toulouse,2025-11-09,Lorient,away,3-4-2-1,True,1,Guillaume Restes,G,1,746515
Toulouse,2025-11-09,Lorient,away,3-4-2-1,True,4,Charlie Cresswell,CD,5,746515
Toulouse,2025-11-09,Lorient,away,3-4-2-1,True,2,Rasmus Nicolaisen,CD-L,4,746515
Toulouse,2025-11-09,Lorient,away,3-4-2-1,True,3,Mark McKenzie,CD-R,6,746515
Toulouse,2025-11-09,Lorient,away,3-4-2-1,True,17,Abu Francis,CM-L,8,746515
Toulouse,2025-11-09,Lorient,away,3-4-2-1,True,23,Cristian Cásseres Jr.,CM-R,7,746515
Toulouse,2025-11-09,Lorient,away,3-4-2-1,True,24,Dayann Methalie,LM,3,746515
Toulouse,2025-11-09,Lorient,away,3-4-2-1,True,19,Djibril Sidibé,RM,2,746515
Toulouse,2025-11-09,Lorient,away,3-4-2-1,True,20,Emersonn,F,9,746515
Toulouse,2025-11-09,Lorient,away,3-4-2-1,True,9,Frank Magri,CF-L,11,746515
Toulouse,2025-11-09,Lorient,away,3-4-2-1,True,10,Yann Gboho,CF-R,10,746515
Toulouse,2025-11-09,Lorient,away,3-4-2-1,False,16,Kjetil Haug,SUB,0,746515
Toulouse,2025-11-09,Lorient,away,3-4-2-1,False,22,Rafik Messali,SUB,0,746515
Toulouse,2025-11-09,Lorient,away,3-4-2-1,False,77,Mario Sauer,SUB,0,746515
Toulouse,2025-11-09,Lorient,away,3-4-2-1,False,45,Alexis Vossah,SUB,0,746515
Toulouse,2025-11-09,Lorient,away,3-4-2-1,False,7,Julián Vignolo,SUB,0,746515
Toulouse,2025-11-09,Lorient,away,3-4-2-1,False,31,Noah Edjouma,SUB,0,746515
Toulouse,2025-11-09,Lorient,away,3-4-2-1,False,12,Waren Kamanzi,SUB,0,746515
Toulouse,2025-11-09,Lorient,away,3-4-2-1,False,11,Santiago Hidalgo,SUB,0,746515
Toulouse,2025-11-09,Lorient,away,3-4-2-1,False,35,Seny Koumbassa,SUB,0,746515
Rennes,2025-11-22,Monaco,home,3-5-2,True,30,Brice Samba,G,1,746527
Rennes,2025-11-22,Monaco,home,3-5-2,True,97,Jérémy Jacquet,CD,5,746527
Rennes,2025-11-22,Monaco,home,3-5-2,True,3,Lilian Brassier,CD-L,4,746527
Rennes,2025-11-22,Monaco,home,3-5-2,True,48,Abdelhamid Aït Boudlal,CD-R,6,746527
Rennes,2025-11-22,Monaco,home,3-5-2,True,6,Djaoui Cissé,CM-L,8,746527
Rennes,2025-11-22,Monaco,home,3-5-2,True,45,Mahdi Camara,CM-R,7,746527
Rennes,2025-11-22,Monaco,home,3-5-2,True,21,Valentin Rongier,AM,11,746527
Rennes,2025-11-22,Monaco,home,3-5-2,True,11,Mousa Al-Tamari,LM,3,746527
Rennes,2025-11-22,Monaco,home,3-5-2,True,95,Przemyslaw Frankowski,RM,2,746527
Rennes,2025-11-22,Monaco,home,3-5-2,True,7,Breel Embolo,CF-L,9,746527
Rennes,2025-11-22,Monaco,home,3-5-2,True,9,Esteban Lepaul,CF-R,10,746527
Rennes,2025-11-22,Monaco,home,3-5-2,False,4,Glen Kamara,SUB,0,746527
Rennes,2025-11-22,Monaco,home,3-5-2,False,39,Mohamed Meïté,SUB,0,746527
Rennes,2025-11-22,Monaco,home,3-5-2,False,36,Alidu Seidu,SUB,0,746527
Rennes,2025-11-22,Monaco,home,3-5-2,False,18,Mahamadou Nagida,SUB,0,746527
Rennes,2025-11-22,Monaco,home,3-5-2,False,50,Mathys Silistre,SUB,0,746527
Rennes,2025-11-22,Monaco,home,3-5-2,False,24,Anthony Rouault,SUB,0,746527
Rennes,2025-11-22,Monaco,home,3-5-2,False,71,Lucas Rosier,SUB,0,746527
Rennes,2025-11-22,Monaco,home,3-5-2,False,26,Quentin Merlin,SUB,0,746527
Rennes,2025-11-22,Monaco,home,3-5-2,False,10,Ludovic Blas,SUB,0,746527
Monaco,2025-11-22,Rennes,away,3-4-2-1,True,1,Lukas Hradecky,G,1,746527
Monaco,2025-11-22,Rennes,away,3-4-2-1,True,5,Thilo Kehrer,CD,5,746527
Monaco,2025-11-22,Rennes,away,3-4-2-1,True,22,Mohammed Salisu,CD-L,4,746527
Monaco,2025-11-22,Rennes,away,3-4-2-1,True,4,Jordan Teze,CD-R,6,746527
Monaco,2025-11-22,Rennes,away,3-4-2-1,True,28,Mamadou Coulibaly,CM-L,8,746527
Monaco,2025-11-22,Rennes,away,3-4-2-1,True,6,Denis Zakaria,CM-R,7,746527
Monaco,2025-11-22,Rennes,away,3-4-2-1,True,20,Kassoum Ouattara,LM,3,746527
Monaco,2025-11-22,Rennes,away,3-4-2-1,True,27,Krépin Diatta,RM,2,746527
Monaco,2025-11-22,Rennes,away,3-4-2-1,True,19,George Ilenikhena,F,9,746527
Monaco,2025-11-22,Rennes,away,3-4-2-1,True,31,Ansu Fati,CF-L,11,746527
Monaco,2025-11-22,Rennes,away,3-4-2-1,True,11,Maghnes Akliouche,CF-R,10,746527
Monaco,2025-11-22,Rennes,away,3-4-2-1,False,10,Aleksandr Golovin,SUB,0,746527
Monaco,2025-11-22,Rennes,away,3-4-2-1,False,18,Takumi Minamino,SUB,0,746527
Monaco,2025-11-22,Rennes,away,3-4-2-1,False,2,Vanderson,SUB,0,746527
Monaco,2025-11-22,Rennes,away,3-4-2-1,False,14,Mika Biereth,SUB,0,746527
Monaco,2025-11-22,Rennes,away,3-4-2-1,False,16,Philipp Köhn,SUB,0,746527
Monaco,2025-11-22,Rennes,away,3-4-2-1,False,21,Lucas Michel,SUB,0,746527
Monaco,2025-11-22,Rennes,away,3-4-2-1,False,15,Lamine Camara,SUB,0,746527
Monaco,2025-11-22,Rennes,away,3-4-2-1,False,12,Caio Henrique,SUB,0,746527
Monaco,2025-11-22,Rennes,away,3-4-2-1,False,8,Paul Pogba,SUB,0,746527
Nice,2025-11-21,Marseille,home,3-4-3,True,80,Yehvann Diouf,G,1,746521
Nice,2025-11-21,Marseille,home,3-4-3,True,28,Juma Bah,CD,5,746521
Nice,2025-11-21,Marseille,home,3-4-3,True,37,Kojo Peprah Oppong,CD-L,4,746521
Nice,2025-11-21,Marseille,home,3-4-3,True,33,Antoine Mendy,CD-R,6,746521
Nice,2025-11-21,Marseille,home,3-4-3,True,99,Salis Abdul Samed,CM-L,8,746521
Nice,2025-11-21,Marseille,home,3-4-3,True,24,Charles Vanhoutte,CM-R,7,746521
Nice,2025-11-21,Marseille,home,3-4-3,True,26,Melvin Bard,LM,3,746521
Nice,2025-11-21,Marseille,home,3-4-3,True,92,Jonathan Clauss,RM,2,746521
Nice,2025-11-21,Marseille,home,3-4-3,True,9,Terem Moffi,F,9,746521
Nice,2025-11-21,Marseille,home,3-4-3,True,10,Sofiane Diop,CF-L,11,746521
Nice,2025-11-21,Marseille,home,3-4-3,True,25,Mohamed-Ali Cho,CF-R,10,746521
Nice,2025-11-21,Marseille,home,3-4-3,False,21,Isak Jansson,SUB,0,746521
Nice,2025-11-21,Marseille,home,3-4-3,False,7,Jérémie Boga,SUB,0,746521
Nice,2025-11-21,Marseille,home,3-4-3,False,49,Bernard Nguene,SUB,0,746521
Nice,2025-11-21,Marseille,home,3-4-3,False,2,Ali Abdi,SUB,0,746521
Nice,2025-11-21,Marseille,home,3-4-3,False,47,Tiago Gouveia,SUB,0,746521
Nice,2025-11-21,Marseille,home,3-4-3,False,20,Tom Louchet,SUB,0,746521
Nice,2025-11-21,Marseille,home,3-4-3,False,8,Morgan Sanson,SUB,0,746521
Nice,2025-11-21,Marseille,home,3-4-3,False,31,Maxime Dupé,SUB,0,746521
Nice,2025-11-21,Marseille,home,3-4-3,False,90,Kevin Carlos,SUB,0,746521
Marseille,2025-11-21,Nice,away,4-2-3-1,True,12,Jeffrey de Lange,G,1,746521
Marseille,2025-11-21,Nice,away,4-2-3-1,True,5,Leonardo Balerdi,CD-L,6,746521
Marseille,2025-11-21,Nice,away,4-2-3-1,True,28,Benjamin Pavard,CD-R,5,746521
Marseille,2025-11-21,Nice,away,4-2-3-1,True,33,Emerson,LB,3,746521
Marseille,2025-11-21,Nice,away,4-2-3-1,True,22,Timothy Weah,RB,2,746521
Marseille,2025-11-21,Nice,away,4-2-3-1,True,8,Angel Gomes,AM,10,746521
Marseille,2025-11-21,Nice,away,4-2-3-1,True,18,Arthur Vermeeren,LM,4,746521
Marseille,2025-11-21,Nice,away,4-2-3-1,True,19,Geoffrey Kondogbia,RM,8,746521
Marseille,2025-11-21,Nice,away,4-2-3-1,True,97,Pierre-Emerick Aubameyang,F,9,746521
Marseille,2025-11-21,Nice,away,4-2-3-1,True,14,Igor Paixão,AM-L,11,746521
Marseille,2025-11-21,Nice,away,4-2-3-1,True,10,Mason Greenwood,AM-R,7,746521
Marseille,2025-11-21,Nice,away,4-2-3-1,False,4,CJ Egan-Riley,SUB,0,746521
Marseille,2025-11-21,Nice,away,4-2-3-1,False,26,Bilal Nadir,SUB,0,746521
Marseille,2025-11-21,Nice,away,4-2-3-1,False,34,Robinio Vaz,SUB,0,746521
Marseille,2025-11-21,Nice,away,4-2-3-1,False,50,Darryl Bakola,SUB,0,746521
Marseille,2025-11-21,Nice,away,4-2-3-1,False,17,Matt O'Riley,SUB,0,746521
Marseille,2025-11-21,Nice,away,4-2-3-1,False,6,Ulisses Garcia,SUB,0,746521
Marseille,2025-11-21,Nice,away,4-2-3-1,False,7,Neal Maupay,SUB,0,746521
Marseille,2025-11-21,Nice,away,4-2-3-1,False,1,Gerónimo Rulli,SUB,0,746521
Marseille,2025-11-21,Nice,away,4-2-3-1,False,76,Tadjidine Mmadi,SUB,0,746521
Angers,2025-11-09,Auxerre,home,4-2-3-1,True,12,Hervé Koffi,G,1,746511
Angers,2025-11-09,Auxerre,home,4-2-3-1,True,21,Jordan Lefort,CD-L,6,746511
Angers,2025-11-09,Auxerre,home,4-2-3-1,True,4,Ousmane Camara,CD-R,5,746511
Angers,2025-11-09,Auxerre,home,4-2-3-1,True,3,Jacques Ekomie,LB,3,746511
Angers,2025-11-09,Auxerre,home,4-2-3-1,True,2,Carlens Arcus,RB,2,746511
Angers,2025-11-09,Auxerre,home,4-2-3-1,True,6,Louis Mouton,AM,10,746511
Angers,2025-11-09,Auxerre,home,4-2-3-1,True,10,Himad Abdelli,LM,4,746511
Angers,2025-11-09,Auxerre,home,4-2-3-1,True,93,Haris Belkebla,RM,8,746511
Angers,2025-11-09,Auxerre,home,4-2-3-1,True,11,Sidiki Cherif,F,9,746511
Angers,2025-11-09,Auxerre,home,4-2-3-1,True,7,Amine Sbaï,AM-L,11,746511
Angers,2025-11-09,Auxerre,home,4-2-3-1,True,14,Yassin Belkhdim,AM-R,7,746511
Angers,2025-11-09,Auxerre,home,4-2-3-1,False,25,Abdoulaye Bamba,SUB,0,746511
Angers,2025-11-09,Auxerre,home,4-2-3-1,False,40,Oumar Pona,SUB,0,746511
Angers,2025-11-09,Auxerre,home,4-2-3-1,False,15,Pierrick Capelle,SUB,0,746511
Angers,2025-11-09,Auxerre,home,4-2-3-1,False,20,Marius Louãr,SUB,0,746511
Angers,2025-11-09,Auxerre,home,4-2-3-1,False,26,Florent Hanin,SUB,0,746511
Angers,2025-11-09,Auxerre,home,4-2-3-1,False,31,Harouna Djibirin,SUB,0,746511
Angers,2025-11-09,Auxerre,home,4-2-3-1,False,27,Lilian Raolisoa,SUB,0,746511
Angers,2025-11-09,Auxerre,home,4-2-3-1,False,35,Prosper Peter,SUB,0,746511
Angers,2025-11-09,Auxerre,home,4-2-3-1,False,5,Marius Courcoul,SUB,0,746511
Auxerre,2025-11-09,Angers,away,4-3-3,True,16,Donovan Léon,G,1,746511
Auxerre,2025-11-09,Angers,away,4-3-3,True,92,Clément Akpa,CD-L,6,746511
Auxerre,2025-11-09,Angers,away,4-3-3,True,4,Francisco Sierralta,CD-R,5,746511
Auxerre,2025-11-09,Angers,away,4-3-3,True,22,Fredrik Oppegard,LB,3,746511
Auxerre,2025-11-09,Angers,away,4-3-3,True,29,Marvin Senaya,RB,2,746511
Auxerre,2025-11-09,Angers,away,4-3-3,True,42,Elisha Owusu,CM,4,746511
Auxerre,2025-11-09,Angers,away,4-3-3,True,5,Kévin Danois,LM,8,746511
Auxerre,2025-11-09,Angers,away,4-3-3,True,34,Rudy Matondo,RM,7,746511
Auxerre,2025-11-09,Angers,away,4-3-3,True,10,Lassine Sinayoko,F,9,746511
Auxerre,2025-11-09,Angers,away,4-3-3,True,19,Danny Namaso,LF,11,746511
Auxerre,2025-11-09,Angers,away,4-3-3,True,23,Ibrahim Osman,RF,10,746511
Auxerre,2025-11-09,Angers,away,4-3-3,False,40,Théo De Percin,SUB,0,746511
Auxerre,2025-11-09,Angers,away,4-3-3,False,37,Louis Mezerette,SUB,0,746511
Auxerre,2025-11-09,Angers,away,4-3-3,False,41,Yvan Zaddy,SUB,0,746511
Auxerre,2025-11-09,Angers,away,4-3-3,False,18,Assane Dioussé,SUB,0,746511
Auxerre,2025-11-09,Angers,away,4-3-3,False,9,Sékou Mara,SUB,0,746511
Auxerre,2025-11-09,Angers,away,4-3-3,False,27,Lamine Sy,SUB,0,746511
Auxerre,2025-11-09,Angers,away,4-3-3,False,7,Josué Casimir,SUB,0,746511
Auxerre,2025-11-09,Angers,away,4-3-3,False,35,Elikya Legros,SUB,0,746511
Auxerre,2025-11-09,Angers,away,4-3-3,False,14,Gideon Mensah,SUB,0,746511
Strasbourg,2025-11-09,Lille,home,3-4-1-2,True,39,Mike Penders,G,1,746513
Strasbourg,2025-11-09,Lille,home,3-4-1-2,True,23,Mamadou Sarr,CD,5,746513
Strasbourg,2025-11-09,Lille,home,3-4-1-2,True,3,Ben Chilwell,CD-L,4,746513
Strasbourg,2025-11-09,Lille,home,3-4-1-2,True,24,Lucas Høgsberg,CD-R,6,746513
Strasbourg,2025-11-09,Lille,home,3-4-1-2,True,42,Abdoul Ouattara,CM-L,8,746513
Strasbourg,2025-11-09,Lille,home,3-4-1-2,True,32,Valentín Barco,CM-R,7,746513
Strasbourg,2025-11-09,Lille,home,3-4-1-2,True,19,Julio Enciso,AM,9,746513
Strasbourg,2025-11-09,Lille,home,3-4-1-2,True,7,Diego Moreira,LM,3,746513
Strasbourg,2025-11-09,Lille,home,3-4-1-2,True,22,Guela Doué,RM,2,746513
Strasbourg,2025-11-09,Lille,home,3-4-1-2,True,9,Joaquín Panichelli,CF-L,11,746513
Strasbourg,2025-11-09,Lille,home,3-4-1-2,True,10,Emmanuel Emegha,CF-R,10,746513
Strasbourg,2025-11-09,Lille,home,3-4-1-2,False,20,Martial Godo,SUB,0,746513
Strasbourg,2025-11-09,Lille,home,3-4-1-2,False,41,Rabby Nzingoula,SUB,0,746513
Strasbourg,2025-11-09,Lille,home,3-4-1-2,False,2,Andrew Omobamidele,SUB,0,746513
Strasbourg,2025-11-09,Lille,home,3-4-1-2,False,27,Samuel Amo-Ameyaw,SUB,0,746513
Strasbourg,2025-11-09,Lille,home,3-4-1-2,False,17,Mathis Amougou,SUB,0,746513
Strasbourg,2025-11-09,Lille,home,3-4-1-2,False,11,Sebastian Nanasi,SUB,0,746513
Strasbourg,2025-11-09,Lille,home,3-4-1-2,False,29,Samir El Mourabet,SUB,0,746513
Strasbourg,2025-11-09,Lille,home,3-4-1-2,False,50,Stefan Bajic,SUB,0,746513
Strasbourg,2025-11-09,Lille,home,3-4-1-2,False,16,Kendry Páez,SUB,0,746513
Lille,2025-11-09,Strasbourg,away,4-2-3-1,True,1,Berke Özer,G,1,746513
Lille,2025-11-09,Strasbourg,away,4-2-3-1,True,23,Aïssa Mandi,CD-L,6,746513
Lille,2025-11-09,Strasbourg,away,4-2-3-1,True,3,Nathan Ngoy,CD-R,5,746513
Lille,2025-11-09,Strasbourg,away,4-2-3-1,True,15,Romain Perraud,LB,3,746513
Lille,2025-11-09,Strasbourg,away,4-2-3-1,True,12,Thomas Meunier,RB,2,746513
Lille,2025-11-09,Strasbourg,away,4-2-3-1,True,10,Hákon Haraldsson,AM,10,746513
Lille,2025-11-09,Strasbourg,away,4-2-3-1,True,21,Benjamin André,LM,4,746513
Lille,2025-11-09,Strasbourg,away,4-2-3-1,True,32,Ayyoub Bouaddi,RM,8,746513
Lille,2025-11-09,Strasbourg,away,4-2-3-1,True,9,Olivier Giroud,F,9,746513
Lille,2025-11-09,Strasbourg,away,4-2-3-1,True,7,Matias Fernandez-Pardo,AM-L,11,746513
Lille,2025-11-09,Strasbourg,away,4-2-3-1,True,27,Felix Correia,AM-R,7,746513
Lille,2025-11-09,Strasbourg,away,4-2-3-1,False,6,Nabil Bentaleb,SUB,0,746513
Lille,2025-11-09,Strasbourg,away,4-2-3-1,False,18,Chancel Mbemba,SUB,0,746513
Lille,2025-11-09,Strasbourg,away,4-2-3-1,False,11,Osame Sahraoui,SUB,0,746513
Lille,2025-11-09,Strasbourg,away,4-2-3-1,False,24,Calvin Verdonk,SUB,0,746513
Lille,2025-11-09,Strasbourg,away,4-2-3-1,False,29,Hamza Igmane,SUB,0,746513
Lille,2025-11-09,Strasbourg,away,4-2-3-1,False,22,Tiago Santos,SUB,0,746513
Lille,2025-11-09,Strasbourg,away,4-2-3-1,False,17,Ngal'ayel Mukau,SUB,0,746513
Lille,2025-11-09,Strasbourg,away,4-2-3-1,False,14,Marius Broholm,SUB,0,746513
Lille,2025-11-09,Strasbourg,away,4-2-3-1,False,16,Arnaud Bodart,SUB,0,746513
Lens,2025-11-22,Strasbourg,home,3-4-2-1,True,40,Robin Risser,G,1,746528
Lens,2025-11-22,Strasbourg,home,3-4-2-1,True,6,Samson Baidoo,CD,5,746528
Lens,2025-11-22,Strasbourg,home,3-4-2-1,True,20,Malang Sarr,CD-L,4,746528
Lens,2025-11-22,Strasbourg,home,3-4-2-1,True,25,Pierre Ganiou,CD-R,6,746528
Lens,2025-11-22,Strasbourg,home,3-4-2-1,True,28,Adrien Thomasson,CM-L,8,746528
Lens,2025-11-22,Strasbourg,home,3-4-2-1,True,8,Mamadou Sangare,CM-R,7,746528
Lens,2025-11-22,Strasbourg,home,3-4-2-1,True,14,Matthieu Udol,LM,3,746528
Lens,2025-11-22,Strasbourg,home,3-4-2-1,True,2,Ruben Aguilar,RM,2,746528
Lens,2025-11-22,Strasbourg,home,3-4-2-1,True,11,Odsonne Édouard,F,9,746528
Lens,2025-11-22,Strasbourg,home,3-4-2-1,True,22,Wesley Saïd,CF-L,11,746528
Lens,2025-11-22,Strasbourg,home,3-4-2-1,True,10,Florian Thauvin,CF-R,10,746528
Lens,2025-11-22,Strasbourg,home,3-4-2-1,False,18,Fode Sylla,SUB,0,746528
Lens,2025-11-22,Strasbourg,home,3-4-2-1,False,23,Saud Abdulhamid,SUB,0,746528
Lens,2025-11-22,Strasbourg,home,3-4-2-1,False,1,Régis Gurtner,SUB,0,746528
Lens,2025-11-22,Strasbourg,home,3-4-2-1,False,5,Andrija Bulatovic,SUB,0,746528
Lens,2025-11-22,Strasbourg,home,3-4-2-1,False,19,Abdallah Sima,SUB,0,746528
Lens,2025-11-22,Strasbourg,home,3-4-2-1,False,38,Rayan Fofana,SUB,0,746528
Lens,2025-11-22,Strasbourg,home,3-4-2-1,False,26,Anthony Bermont,SUB,0,746528
Lens,2025-11-22,Strasbourg,home,3-4-2-1,False,29,Morgan Guilavogui,SUB,0,746528
Lens,2025-11-22,Strasbourg,home,3-4-2-1,False,7,Florian Sotoca,SUB,0,746528
Strasbourg,2025-11-22,Lens,away,3-4-2-1,True,39,Mike Penders,G,1,746528
Strasbourg,2025-11-22,Lens,away,3-4-2-1,True,23,Mamadou Sarr,CD,5,746528
Strasbourg,2025-11-22,Lens,away,3-4-2-1,True,3,Ben Chilwell,CD-L,4,746528
Strasbourg,2025-11-22,Lens,away,3-4-2-1,True,24,Lucas Høgsberg,CD-R,6,746528
Strasbourg,2025-11-22,Lens,away,3-4-2-1,True,32,Valentín Barco,CM-L,8,746528
Strasbourg,2025-11-22,Lens,away,3-4-2-1,True,29,Samir El Mourabet,CM-R,7,746528
Strasbourg,2025-11-22,Lens,away,3-4-2-1,True,7,Diego Moreira,LM,3,746528
Strasbourg,2025-11-22,Lens,away,3-4-2-1,True,22,Guela Doué,RM,2,746528
Strasbourg,2025-11-22,Lens,away,3-4-2-1,True,10,Emmanuel Emegha,F,9,746528
Strasbourg,2025-11-22,Lens,away,3-4-2-1,True,9,Joaquín Panichelli,CF-L,11,746528
Strasbourg,2025-11-22,Lens,away,3-4-2-1,True,80,Felix Lemarechal,CF-R,10,746528
Strasbourg,2025-11-22,Lens,away,3-4-2-1,False,5,Abakar Sylla,SUB,0,746528
Strasbourg,2025-11-22,Lens,away,3-4-2-1,False,50,Stefan Bajic,SUB,0,746528
Strasbourg,2025-11-22,Lens,away,3-4-2-1,False,20,Martial Godo,SUB,0,746528
Strasbourg,2025-11-22,Lens,away,3-4-2-1,False,41,Rabby Nzingoula,SUB,0,746528
Strasbourg,2025-11-22,Lens,away,3-4-2-1,False,17,Mathis Amougou,SUB,0,746528
Strasbourg,2025-11-22,Lens,away,3-4-2-1,False,11,Sebastian Nanasi,SUB,0,746528
Strasbourg,2025-11-22,Lens,away,3-4-2-1,False,2,Andrew Omobamidele,SUB,0,746528
Strasbourg,2025-11-22,Lens,away,3-4-2-1,False,27,Samuel Amo-Ameyaw,SUB,0,746528
Strasbourg,2025-11-22,Lens,away,3-4-2-1,False,19,Julio Enciso,SUB,0,746528
Brest,2025-11-23,Metz,home,4-2-3-1,True,30,Grégoire Coudert,G,1,746523
Brest,2025-11-23,Metz,home,4-2-3-1,True,44,Soumaila Coulibaly,CD-L,6,746523
Brest,2025-11-23,Metz,home,4-2-3-1,True,5,Brendan Chardonnet,CD-R,5,746523
Brest,2025-11-23,Metz,home,4-2-3-1,True,27,Daouda Guindo,LB,3,746523
Brest,2025-11-23,Metz,home,4-2-3-1,True,77,Kenny Lala,RB,2,746523
Brest,2025-11-23,Metz,home,4-2-3-1,True,23,Kamory Doumbia,AM,10,746523
Brest,2025-11-23,Metz,home,4-2-3-1,True,8,Hugo Magnetti,LM,4,746523
Brest,2025-11-23,Metz,home,4-2-3-1,True,13,Joris Chotard,RM,8,746523
Brest,2025-11-23,Metz,home,4-2-3-1,True,19,Ludovic Ajorque,F,9,746523
Brest,2025-11-23,Metz,home,4-2-3-1,True,99,Pathé Mboup,AM-L,11,746523
Brest,2025-11-23,Metz,home,4-2-3-1,True,10,Romain Del Castillo,AM-R,7,746523
Brest,2025-11-23,Metz,home,4-2-3-1,False,14,Remy Labeau Lascary,SUB,0,746523
Brest,2025-11-23,Metz,home,4-2-3-1,False,26,Julien Le Cardinal,SUB,0,746523
Brest,2025-11-23,Metz,home,4-2-3-1,False,17,Mama Baldé,SUB,0,746523
Brest,2025-11-23,Metz,home,4-2-3-1,False,18,Justin Bourgault,SUB,0,746523
Brest,2025-11-23,Metz,home,4-2-3-1,False,24,Lucas Tousart,SUB,0,746523
Brest,2025-11-23,Metz,home,4-2-3-1,False,33,Hamidou Makalou,SUB,0,746523
Brest,2025-11-23,Metz,home,4-2-3-1,False,7,Junior Dina Ebimbe,SUB,0,746523
Brest,2025-11-23,Metz,home,4-2-3-1,False,50,Noah Jauny,SUB,0,746523
Brest,2025-11-23,Metz,home,4-2-3-1,False,4,Michel Diaz,SUB,0,746523
Metz,2025-11-23,Brest,away,4-2-3-1,True,1,Jonathan Fischer,G,1,746523
Metz,2025-11-23,Brest,away,4-2-3-1,True,15,Terry Yegbe,CD-L,6,746523
Metz,2025-11-23,Brest,away,4-2-3-1,True,5,Jean-Philippe Gbamin,CD-R,5,746523
Metz,2025-11-23,Brest,away,4-2-3-1,True,2,Maxime Colin,LB,3,746523
Metz,2025-11-23,Brest,away,4-2-3-1,True,39,Koffi Kouao,RB,2,746523
Metz,2025-11-23,Brest,away,4-2-3-1,True,10,Gauthier Hein,AM,10,746523
Metz,2025-11-23,Brest,away,4-2-3-1,True,20,Jessy Deminguet,LM,4,746523
Metz,2025-11-23,Brest,away,4-2-3-1,True,12,Alpha Touré,RM,8,746523
Metz,2025-11-23,Brest,away,4-2-3-1,True,99,Joel Asoro,F,9,746523
Metz,2025-11-23,Brest,away,4-2-3-1,True,7,Giorgi Tsitaishvili,AM-L,11,746523
Metz,2025-11-23,Brest,away,4-2-3-1,True,14,Cheick Sabaly,AM-R,7,746523
Metz,2025-11-23,Brest,away,4-2-3-1,False,38,Sadibou Sané,SUB,0,746523
Metz,2025-11-23,Brest,away,4-2-3-1,False,9,Giorgi Abuashvili,SUB,0,746523
Metz,2025-11-23,Brest,away,4-2-3-1,False,19,Morgan Bokele,SUB,0,746523
Metz,2025-11-23,Brest,away,4-2-3-1,False,23,Ibou Sané,SUB,0,746523
Metz,2025-11-23,Brest,away,4-2-3-1,False,8,Boubacar Traore,SUB,0,746523
Metz,2025-11-23,Brest,away,4-2-3-1,False,21,Benjamin Stambouli,SUB,0,746523
Metz,2025-11-23,Brest,away,4-2-3-1,False,40,Ousmane Ba,SUB,0,746523
Metz,2025-11-23,Brest,away,4-2-3-1,False,97,Fodé Ballo-Touré,SUB,0,746523
Metz,2025-11-23,Brest,away,4-2-3-1,False,11,Malick Mbaye,SUB,0,746523
Monaco,2025-11-29,PSG,home,4-2-3-1,True,1,Lukas Hradecky,G,1,746535
Monaco,2025-11-29,PSG,home,4-2-3-1,True,22,Mohammed Salisu,CD-L,6,746535
Monaco,2025-11-29,PSG,home,4-2-3-1,True,5,Thilo Kehrer,CD-R,5,746535
Monaco,2025-11-29,PSG,home,4-2-3-1,True,12,Caio Henrique,LB,3,746535
Monaco,2025-11-29,PSG,home,4-2-3-1,True,2,Vanderson,RB,2,746535
Monaco,2025-11-29,PSG,home,4-2-3-1,True,18,Takumi Minamino,AM,10,746535
Monaco,2025-11-29,PSG,home,4-2-3-1,True,15,Lamine Camara,LM,4,746535
Monaco,2025-11-29,PSG,home,4-2-3-1,True,4,Jordan Teze,RM,8,746535
Monaco,2025-11-29,PSG,home,4-2-3-1,True,9,Folarin Balogun,F,9,746535
Monaco,2025-11-29,PSG,home,4-2-3-1,True,10,Aleksandr Golovin,AM-L,11,746535
Monaco,2025-11-29,PSG,home,4-2-3-1,True,11,Maghnes Akliouche,AM-R,7,746535
Monaco,2025-11-29,PSG,home,4-2-3-1,False,17,Stanis Idumbo,SUB,0,746535
Monaco,2025-11-29,PSG,home,4-2-3-1,False,8,Paul Pogba,SUB,0,746535
Monaco,2025-11-29,PSG,home,4-2-3-1,False,19,George Ilenikhena,SUB,0,746535
Monaco,2025-11-29,PSG,home,4-2-3-1,False,27,Krépin Diatta,SUB,0,746535
Monaco,2025-11-29,PSG,home,4-2-3-1,False,28,Mamadou Coulibaly,SUB,0,746535
Monaco,2025-11-29,PSG,home,4-2-3-1,False,14,Mika Biereth,SUB,0,746535
Monaco,2025-11-29,PSG,home,4-2-3-1,False,20,Kassoum Ouattara,SUB,0,746535
Monaco,2025-11-29,PSG,home,4-2-3-1,False,31,Ansu Fati,SUB,0,746535
Monaco,2025-11-29,PSG,home,4-2-3-1,False,16,Philipp Köhn,SUB,0,746535
PSG,2025-11-29,Monaco,away,4-3-3,True,30,Lucas Chevalier,G,1,746535
PSG,2025-11-29,Monaco,away,4-3-3,True,51,Willian Pacho,CD-L,6,746535
PSG,2025-11-29,Monaco,away,4-3-3,True,5,Marquinhos,CD-R,5,746535
PSG,2025-11-29,Monaco,away,4-3-3,True,21,Lucas Hernández,LB,3,746535
PSG,2025-11-29,Monaco,away,4-3-3,True,33,Warren Zaïre-Emery,RB,2,746535
PSG,2025-11-29,Monaco,away,4-3-3,True,17,Vitinha,CM,4,746535
PSG,2025-11-29,Monaco,away,4-3-3,True,8,Fabián Ruiz,LM,8,746535
PSG,2025-11-29,Monaco,away,4-3-3,True,87,João Neves,RM,7,746535
PSG,2025-11-29,Monaco,away,4-3-3,True,24,Senny Mayulu,F,9,746535
PSG,2025-11-29,Monaco,away,4-3-3,True,7,Khvicha Kvaratskhelia,LF,11,746535
PSG,2025-11-29,Monaco,away,4-3-3,True,19,Lee Kang-In,RF,10,746535
PSG,2025-11-29,Monaco,away,4-3-3,False,42,David Boly,SUB,0,746535
PSG,2025-11-29,Monaco,away,4-3-3,False,4,Lucas Beraldo,SUB,0,746535
PSG,2025-11-29,Monaco,away,4-3-3,False,39,Matvei Safonov,SUB,0,746535
PSG,2025-11-29,Monaco,away,4-3-3,False,47,Quentin Ndjantou,SUB,0,746535
PSG,2025-11-29,Monaco,away,4-3-3,False,6,Illia Zabarnyi,SUB,0,746535
PSG,2025-11-29,Monaco,away,4-3-3,False,10,Ousmane Dembélé,SUB,0,746535
PSG,2025-11-29,Monaco,away,4-3-3,False,49,Ibrahim Mbaye,SUB,0,746535
PSG,2025-11-29,Monaco,away,4-3-3,False,29,Bradley Barcola,SUB,0,746535
PSG,2025-11-29,Monaco,away,4-3-3,False,9,Gonçalo Ramos,SUB,0,746535
Auxerre,2025-11-23,Lyon,home,4-3-3,True,16,Donovan Léon,G,1,746526
Auxerre,2025-11-23,Lyon,home,4-3-3,True,92,Clément Akpa,CD-L,6,746526
Auxerre,2025-11-23,Lyon,home,4-3-3,True,20,Sinaly Diomande,CD-R,5,746526
Auxerre,2025-11-23,Lyon,home,4-3-3,True,14,Gideon Mensah,LB,3,746526
Auxerre,2025-11-23,Lyon,home,4-3-3,True,27,Lamine Sy,RB,2,746526
Auxerre,2025-11-23,Lyon,home,4-3-3,True,17,Oussama El Azzouzi,CM,4,746526
Auxerre,2025-11-23,Lyon,home,4-3-3,True,5,Kévin Danois,LM,8,746526
Auxerre,2025-11-23,Lyon,home,4-3-3,True,34,Rudy Matondo,RM,7,746526
Auxerre,2025-11-23,Lyon,home,4-3-3,True,9,Sékou Mara,F,9,746526
Auxerre,2025-11-23,Lyon,home,4-3-3,True,19,Danny Namaso,LF,11,746526
Auxerre,2025-11-23,Lyon,home,4-3-3,True,10,Lassine Sinayoko,RF,10,746526
Auxerre,2025-11-23,Lyon,home,4-3-3,False,37,Louis Mezerette,SUB,0,746526
Auxerre,2025-11-23,Lyon,home,4-3-3,False,23,Ibrahim Osman,SUB,0,746526
Auxerre,2025-11-23,Lyon,home,4-3-3,False,22,Fredrik Oppegard,SUB,0,746526
Auxerre,2025-11-23,Lyon,home,4-3-3,False,43,Evan Diamalunda,SUB,0,746526
Auxerre,2025-11-23,Lyon,home,4-3-3,False,36,Tidiane Devernois,SUB,0,746526
Auxerre,2025-11-23,Lyon,home,4-3-3,False,35,Elikya Legros,SUB,0,746526
Auxerre,2025-11-23,Lyon,home,4-3-3,False,7,Josué Casimir,SUB,0,746526
Auxerre,2025-11-23,Lyon,home,4-3-3,False,40,Théo De Percin,SUB,0,746526
Auxerre,2025-11-23,Lyon,home,4-3-3,False,18,Assane Dioussé,SUB,0,746526
Lyon,2025-11-23,Auxerre,away,4-2-3-1,True,1,Dominik Greif,G,1,746526
Lyon,2025-11-23,Auxerre,away,4-2-3-1,True,19,Moussa Niakhaté,CD-L,6,746526
Lyon,2025-11-23,Auxerre,away,4-2-3-1,True,22,Clinton Mata,CD-R,5,746526
Lyon,2025-11-23,Auxerre,away,4-2-3-1,True,16,Abner,LB,3,746526
Lyon,2025-11-23,Auxerre,away,4-2-3-1,True,98,Ainsley Maitland-Niles,RB,2,746526
Lyon,2025-11-23,Auxerre,away,4-2-3-1,True,44,Khalis Merah,AM,10,746526
Lyon,2025-11-23,Auxerre,away,4-2-3-1,True,8,Corentin Tolisso,LM,4,746526
Lyon,2025-11-23,Auxerre,away,4-2-3-1,True,6,Tanner Tessmann,RM,8,746526
Lyon,2025-11-23,Auxerre,away,4-2-3-1,True,20,Martín Satriano,F,9,746526
Lyon,2025-11-23,Auxerre,away,4-2-3-1,True,17,Afonso Moreira,AM-L,11,746526
Lyon,2025-11-23,Auxerre,away,4-2-3-1,True,7,Adam Karabec,AM-R,7,746526
Lyon,2025-11-23,Auxerre,away,4-2-3-1,False,41,Téo Barisic,SUB,0,746526
Lyon,2025-11-23,Auxerre,away,4-2-3-1,False,29,Enzo Molébé,SUB,0,746526
Lyon,2025-11-23,Auxerre,away,4-2-3-1,False,34,Fallou Fall,SUB,0,746526
Lyon,2025-11-23,Auxerre,away,4-2-3-1,False,46,Tiago Manuel Gonçalves Silva,SUB,0,746526
Lyon,2025-11-23,Auxerre,away,4-2-3-1,False,32,Alejandro Rodríguez,SUB,0,746526
Lyon,2025-11-23,Auxerre,away,4-2-3-1,False,39,Mathys De Carvalho,SUB,0,746526
Lyon,2025-11-23,Auxerre,away,4-2-3-1,False,40,Rémy Descamps,SUB,0,746526
Lyon,2025-11-23,Auxerre,away,4-2-3-1,False,10,Pavel Sulc,SUB,0,746526
Lyon,2025-11-23,Auxerre,away,4-2-3-1,False,38,Adil Hamdani,SUB,0,746526
Nantes,2025-11-23,Lorient,home,4-3-3,True,1,Anthony Lopes,G,1,746520
Nantes,2025-11-23,Lorient,home,4-3-3,True,78,Tylel Tati,CD-L,6,746520
Nantes,2025-11-23,Lorient,home,4-3-3,True,6,Chidozie Awaziem,CD-R,5,746520
Nantes,2025-11-23,Lorient,home,4-3-3,True,3,Nicolas Cozza,LB,3,746520
Nantes,2025-11-23,Lorient,home,4-3-3,True,98,Kelvin Amian,RB,2,746520
Nantes,2025-11-23,Lorient,home,4-3-3,True,5,Kwon Hyeok-Kyu,CM,4,746520
Nantes,2025-11-23,Lorient,home,4-3-3,True,80,Junior Mwanga,LM,8,746520
Nantes,2025-11-23,Lorient,home,4-3-3,True,17,Dehmaine Tabibou,RM,7,746520
Nantes,2025-11-23,Lorient,home,4-3-3,True,19,Youssef El Arabi,F,9,746520
Nantes,2025-11-23,Lorient,home,4-3-3,True,10,Matthis Abline,LF,11,746520
Nantes,2025-11-23,Lorient,home,4-3-3,True,15,Mayckel Lahdo,RF,10,746520
Nantes,2025-11-23,Lorient,home,4-3-3,False,8,Johann Lepenant,SUB,0,746520
Nantes,2025-11-23,Lorient,home,4-3-3,False,14,Amady Camara,SUB,0,746520
Nantes,2025-11-23,Lorient,home,4-3-3,False,7,Hong Hyun-Seok,SUB,0,746520
Nantes,2025-11-23,Lorient,home,4-3-3,False,26,Uros Radakovic,SUB,0,746520
Nantes,2025-11-23,Lorient,home,4-3-3,False,11,Bahereba Guirassy,SUB,0,746520
Nantes,2025-11-23,Lorient,home,4-3-3,False,18,Fabien Centonze,SUB,0,746520
Nantes,2025-11-23,Lorient,home,4-3-3,False,30,Patrick Carlgren,SUB,0,746520
Nantes,2025-11-23,Lorient,home,4-3-3,False,31,Mostafa Mohamed,SUB,0,746520
Nantes,2025-11-23,Lorient,home,4-3-3,False,52,Bahmed Deuff,SUB,0,746520
Lorient,2025-11-23,Nantes,away,3-4-2-1,True,38,Yvon Mvogo,G,1,746520
Lorient,2025-11-23,Nantes,away,3-4-2-1,True,3,Montassar Talbi,CD,5,746520
Lorient,2025-11-23,Nantes,away,3-4-2-1,True,44,Darlin Yongwa,CD-L,4,746520
Lorient,2025-11-23,Nantes,away,3-4-2-1,True,5,Bamo Meïté,CD-R,6,746520
Lorient,2025-11-23,Nantes,away,3-4-2-1,True,8,Noah Cadiou,CM-L,8,746520
Lorient,2025-11-23,Nantes,away,3-4-2-1,True,62,Arthur Avom,CM-R,7,746520
Lorient,2025-11-23,Nantes,away,3-4-2-1,True,43,Arsène Kouassi,LM,3,746520
Lorient,2025-11-23,Nantes,away,3-4-2-1,True,11,Théo Le Bris,RM,2,746520
Lorient,2025-11-23,Nantes,away,3-4-2-1,True,28,Sambou Soumano,F,9,746520
Lorient,2025-11-23,Nantes,away,3-4-2-1,True,29,Dermane Karim,CF-L,11,746520
Lorient,2025-11-23,Nantes,away,3-4-2-1,True,15,Tosin Aiyegun,CF-R,10,746520
Lorient,2025-11-23,Nantes,away,3-4-2-1,False,21,Bingourou Kamara,SUB,0,746520
Lorient,2025-11-23,Nantes,away,3-4-2-1,False,17,Jean-Victor Makengo,SUB,0,746520
Lorient,2025-11-23,Nantes,away,3-4-2-1,False,97,Stevan Siba,SUB,0,746520
Lorient,2025-11-23,Nantes,away,3-4-2-1,False,10,Pablo Pagis,SUB,0,746520
Lorient,2025-11-23,Nantes,away,3-4-2-1,False,93,Joel Mvuka,SUB,0,746520
Lorient,2025-11-23,Nantes,away,3-4-2-1,False,9,Mohamed Bamba,SUB,0,746520
Lorient,2025-11-23,Nantes,away,3-4-2-1,False,19,Isaac Monnier,SUB,0,746520
Lorient,2025-11-23,Nantes,away,3-4-2-1,False,32,Nathaniel Adjei,SUB,0,746520
Lorient,2025-11-23,Nantes,away,3-4-2-1,False,12,Bamba Dieng,SUB,0,746520
PSG,2025-11-22,Le Havre,home,4-3-3,True,30,Lucas Chevalier,G,1,746522
PSG,2025-11-22,Le Havre,home,4-3-3,True,4,Lucas Beraldo,CD-L,6,746522
PSG,2025-11-22,Le Havre,home,4-3-3,True,6,Illia Zabarnyi,CD-R,5,746522
PSG,2025-11-22,Le Havre,home,4-3-3,True,25,Nuno Mendes,LB,3,746522
PSG,2025-11-22,Le Havre,home,4-3-3,True,33,Warren Zaïre-Emery,RB,2,746522
PSG,2025-11-22,Le Havre,home,4-3-3,True,17,Vitinha,CM,4,746522
PSG,2025-11-22,Le Havre,home,4-3-3,True,87,João Neves,LM,8,746522
PSG,2025-11-22,Le Havre,home,4-3-3,True,24,Senny Mayulu,RM,7,746522
PSG,2025-11-22,Le Havre,home,4-3-3,True,9,Gonçalo Ramos,F,9,746522
PSG,2025-11-22,Le Havre,home,4-3-3,True,49,Ibrahim Mbaye,LF,11,746522
PSG,2025-11-22,Le Havre,home,4-3-3,True,19,Lee Kang-In,RF,10,746522
PSG,2025-11-22,Le Havre,home,4-3-3,False,7,Khvicha Kvaratskhelia,SUB,0,746522
PSG,2025-11-22,Le Havre,home,4-3-3,False,51,Willian Pacho,SUB,0,746522
PSG,2025-11-22,Le Havre,home,4-3-3,False,39,Matvei Safonov,SUB,0,746522
PSG,2025-11-22,Le Havre,home,4-3-3,False,47,Quentin Ndjantou,SUB,0,746522
PSG,2025-11-22,Le Havre,home,4-3-3,False,21,Lucas Hernández,SUB,0,746522
PSG,2025-11-22,Le Havre,home,4-3-3,False,8,Fabián Ruiz,SUB,0,746522
PSG,2025-11-22,Le Havre,home,4-3-3,False,5,Marquinhos,SUB,0,746522
PSG,2025-11-22,Le Havre,home,4-3-3,False,42,David Boly,SUB,0,746522
PSG,2025-11-22,Le Havre,home,4-3-3,False,29,Bradley Barcola,SUB,0,746522
Le Havre,2025-11-22,PSG,away,4-1-3-2,False,30,Reda Khadra,,0,746522
Le Havre,2025-11-22,PSG,away,4-1-3-2,False,29,Stephan Zagadou,,0,746522
Le Havre,2025-11-22,PSG,away,4-1-3-2,False,10,Félix Mambimbi,,0,746522
Le Havre,2025-11-22,PSG,away,4-1-3-2,False,77,Lionel Mpasi,,0,746522
Le Havre,2025-11-22,PSG,away,4-1-3-2,False,13,Fodé Doucouré,,0,746522
Le Havre,2025-11-22,PSG,away,4-1-3-2,False,6,Etienne Youte Kinkoue,,0,746522
Le Havre,2025-11-22,PSG,away,4-1-3-2,False,23,Thomas Delaine,,0,746522
Le Havre,2025-11-22,PSG,away,4-1-3-2,False,11,Godson Kyeremeh,,0,746522
Le Havre,2025-11-22,PSG,away,4-1-3-2,False,21,Younes Namli,,0,746522
Le Havre,2025-11-22,PSG,away,4-1-3-2,True,99,Mory Diaw,G,1,746522
Le Havre,2025-11-22,PSG,away,4-1-3-2,True,4,Gautier Lloris,CD-L,6,746522
Le Havre,2025-11-22,PSG,away,4-1-3-2,True,93,Arouna Sangante,CD-R,5,746522
Le Havre,2025-11-22,PSG,away,4-1-3-2,True,15,Ayumu Seko,SW,4,746522
Le Havre,2025-11-22,PSG,away,4-1-3-2,True,18,Yanis Zouaoui,LB,3,746522
Le Havre,2025-11-22,PSG,away,4-1-3-2,True,7,Loïc Négo,RB,2,746522
Le Havre,2025-11-22,PSG,away,4-1-3-2,True,14,Rassoul Ndiaye,CM,8,746522
Le Havre,2025-11-22,PSG,away,4-1-3-2,True,26,Simon Ebonog,LM,11,746522
Le Havre,2025-11-22,PSG,away,4-1-3-2,True,94,Abdoulaye Touré,RM,7,746522
Le Havre,2025-11-22,PSG,away,4-1-3-2,True,8,Yassine Kechta,CF-L,10,746522
Le Havre,2025-11-22,PSG,away,4-1-3-2,True,45,Issa Soumaré,CF-R,9,746522
Toulouse,2025-11-23,Angers,home,3-4-2-1,True,1,Guillaume Restes,G,1,746524
Toulouse,2025-11-23,Angers,home,3-4-2-1,True,4,Charlie Cresswell,CD,5,746524
Toulouse,2025-11-23,Angers,home,3-4-2-1,True,2,Rasmus Nicolaisen,CD-L,4,746524
Toulouse,2025-11-23,Angers,home,3-4-2-1,True,3,Mark McKenzie,CD-R,6,746524
Toulouse,2025-11-23,Angers,home,3-4-2-1,True,45,Alexis Vossah,CM-L,8,746524
Toulouse,2025-11-23,Angers,home,3-4-2-1,True,23,Cristian Cásseres Jr.,CM-R,7,746524
Toulouse,2025-11-23,Angers,home,3-4-2-1,True,24,Dayann Methalie,LM,3,746524
Toulouse,2025-11-23,Angers,home,3-4-2-1,True,15,Aron Donnum,RM,2,746524
Toulouse,2025-11-23,Angers,home,3-4-2-1,True,20,Emersonn,F,9,746524
Toulouse,2025-11-23,Angers,home,3-4-2-1,True,10,Yann Gboho,CF-L,11,746524
Toulouse,2025-11-23,Angers,home,3-4-2-1,True,9,Frank Magri,CF-R,10,746524
Toulouse,2025-11-23,Angers,home,3-4-2-1,False,22,Rafik Messali,SUB,0,746524
Toulouse,2025-11-23,Angers,home,3-4-2-1,False,19,Djibril Sidibé,SUB,0,746524
Toulouse,2025-11-23,Angers,home,3-4-2-1,False,34,Noah Lahmadi,SUB,0,746524
Toulouse,2025-11-23,Angers,home,3-4-2-1,False,11,Santiago Hidalgo,SUB,0,746524
Toulouse,2025-11-23,Angers,home,3-4-2-1,False,16,Kjetil Haug,SUB,0,746524
Toulouse,2025-11-23,Angers,home,3-4-2-1,False,7,Julián Vignolo,SUB,0,746524
Toulouse,2025-11-23,Angers,home,3-4-2-1,False,35,Seny Koumbassa,SUB,0,746524
Toulouse,2025-11-23,Angers,home,3-4-2-1,False,31,Noah Edjouma,SUB,0,746524
Toulouse,2025-11-23,Angers,home,3-4-2-1,False,12,Waren Kamanzi,SUB,0,746524
Angers,2025-11-23,Toulouse,away,4-2-3-1,True,12,Hervé Koffi,G,1,746524
Angers,2025-11-23,Toulouse,away,4-2-3-1,True,21,Jordan Lefort,CD-L,6,746524
Angers,2025-11-23,Toulouse,away,4-2-3-1,True,4,Ousmane Camara,CD-R,5,746524
Angers,2025-11-23,Toulouse,away,4-2-3-1,True,3,Jacques Ekomie,LB,3,746524
Angers,2025-11-23,Toulouse,away,4-2-3-1,True,27,Lilian Raolisoa,RB,2,746524
Angers,2025-11-23,Toulouse,away,4-2-3-1,True,6,Louis Mouton,AM,10,746524
Angers,2025-11-23,Toulouse,away,4-2-3-1,True,10,Himad Abdelli,LM,4,746524
Angers,2025-11-23,Toulouse,away,4-2-3-1,True,93,Haris Belkebla,RM,8,746524
Angers,2025-11-23,Toulouse,away,4-2-3-1,True,11,Sidiki Cherif,F,9,746524
Angers,2025-11-23,Toulouse,away,4-2-3-1,True,7,Amine Sbaï,AM-L,11,746524
Angers,2025-11-23,Toulouse,away,4-2-3-1,True,14,Yassin Belkhdim,AM-R,7,746524
Angers,2025-11-23,Toulouse,away,4-2-3-1,False,15,Pierrick Capelle,SUB,0,746524
Angers,2025-11-23,Toulouse,away,4-2-3-1,False,31,Harouna Djibirin,SUB,0,746524
Angers,2025-11-23,Toulouse,away,4-2-3-1,False,2,Carlens Arcus,SUB,0,746524
Angers,2025-11-23,Toulouse,away,4-2-3-1,False,25,Abdoulaye Bamba,SUB,0,746524
Angers,2025-11-23,Toulouse,away,4-2-3-1,False,40,Oumar Pona,SUB,0,746524
Angers,2025-11-23,Toulouse,away,4-2-3-1,False,35,Prosper Peter,SUB,0,746524
Angers,2025-11-23,Toulouse,away,4-2-3-1,False,26,Florent Hanin,SUB,0,746524
Angers,2025-11-23,Toulouse,away,4-2-3-1,False,36,Lanroy Machine,SUB,0,746524
Angers,2025-11-23,Toulouse,away,4-2-3-1,False,5,Marius Courcoul,SUB,0,746524
Marseille,2025-11-29,Toulouse,home,4-2-3-1,True,1,Gerónimo Rulli,G,1,746529
Marseille,2025-11-29,Toulouse,home,4-2-3-1,True,21,Nayef Aguerd,CD-L,6,746529
Marseille,2025-11-29,Toulouse,home,4-2-3-1,True,28,Benjamin Pavard,CD-R,5,746529
Marseille,2025-11-29,Toulouse,home,4-2-3-1,True,33,Emerson,LB,3,746529
Marseille,2025-11-29,Toulouse,home,4-2-3-1,True,22,Timothy Weah,RB,2,746529
Marseille,2025-11-29,Toulouse,home,4-2-3-1,True,8,Angel Gomes,AM,10,746529
Marseille,2025-11-29,Toulouse,home,4-2-3-1,True,23,Pierre-Emile Højbjerg,LM,4,746529
Marseille,2025-11-29,Toulouse,home,4-2-3-1,True,26,Bilal Nadir,RM,8,746529
Marseille,2025-11-29,Toulouse,home,4-2-3-1,True,97,Pierre-Emerick Aubameyang,F,9,746529
Marseille,2025-11-29,Toulouse,home,4-2-3-1,True,14,Igor Paixão,AM-L,11,746529
Marseille,2025-11-29,Toulouse,home,4-2-3-1,True,10,Mason Greenwood,AM-R,7,746529
Marseille,2025-11-29,Toulouse,home,4-2-3-1,False,6,Ulisses Garcia,SUB,0,746529
Marseille,2025-11-29,Toulouse,home,4-2-3-1,False,19,Geoffrey Kondogbia,SUB,0,746529
Marseille,2025-11-29,Toulouse,home,4-2-3-1,False,18,Arthur Vermeeren,SUB,0,746529
Marseille,2025-11-29,Toulouse,home,4-2-3-1,False,4,CJ Egan-Riley,SUB,0,746529
Marseille,2025-11-29,Toulouse,home,4-2-3-1,False,5,Leonardo Balerdi,SUB,0,746529
Marseille,2025-11-29,Toulouse,home,4-2-3-1,False,76,Tadjidine Mmadi,SUB,0,746529
Marseille,2025-11-29,Toulouse,home,4-2-3-1,False,34,Robinio Vaz,SUB,0,746529
Marseille,2025-11-29,Toulouse,home,4-2-3-1,False,12,Jeffrey de Lange,SUB,0,746529
Marseille,2025-11-29,Toulouse,home,4-2-3-1,False,17,Matt O'Riley,SUB,0,746529
Toulouse,2025-11-29,Marseille,away,3-4-2-1,True,1,Guillaume Restes,G,1,746529
Toulouse,2025-11-29,Marseille,away,3-4-2-1,True,4,Charlie Cresswell,CD,5,746529
Toulouse,2025-11-29,Marseille,away,3-4-2-1,True,2,Rasmus Nicolaisen,CD-L,4,746529
Toulouse,2025-11-29,Marseille,away,3-4-2-1,True,3,Mark McKenzie,CD-R,6,746529
Toulouse,2025-11-29,Marseille,away,3-4-2-1,True,23,Cristian Cásseres Jr.,CM-L,8,746529
Toulouse,2025-11-29,Marseille,away,3-4-2-1,True,45,Alexis Vossah,CM-R,7,746529
Toulouse,2025-11-29,Marseille,away,3-4-2-1,True,24,Dayann Methalie,LM,3,746529
Toulouse,2025-11-29,Marseille,away,3-4-2-1,True,19,Djibril Sidibé,RM,2,746529
Toulouse,2025-11-29,Marseille,away,3-4-2-1,True,20,Emersonn,F,9,746529
Toulouse,2025-11-29,Marseille,away,3-4-2-1,True,9,Frank Magri,CF-L,11,746529
Toulouse,2025-11-29,Marseille,away,3-4-2-1,True,15,Aron Donnum,CF-R,10,746529
Toulouse,2025-11-29,Marseille,away,3-4-2-1,False,11,Santiago Hidalgo,SUB,0,746529
Toulouse,2025-11-29,Marseille,away,3-4-2-1,False,30,Alexander Domínguez,SUB,0,746529
Toulouse,2025-11-29,Marseille,away,3-4-2-1,False,16,Kjetil Haug,SUB,0,746529
Toulouse,2025-11-29,Marseille,away,3-4-2-1,False,35,Seny Koumbassa,SUB,0,746529
Toulouse,2025-11-29,Marseille,away,3-4-2-1,False,7,Julián Vignolo,SUB,0,746529
Toulouse,2025-11-29,Marseille,away,3-4-2-1,False,31,Noah Edjouma,SUB,0,746529
Toulouse,2025-11-29,Marseille,away,3-4-2-1,False,22,Rafik Messali,SUB,0,746529
Toulouse,2025-11-29,Marseille,away,3-4-2-1,False,34,Noah Lahmadi,SUB,0,746529
Toulouse,2025-11-29,Marseille,away,3-4-2-1,False,12,Waren Kamanzi,SUB,0,746529
Lille,2025-11-23,Paris FC,home,4-4-2,True,1,Berke Özer,G,1,746525
Lille,2025-11-23,Paris FC,home,4-4-2,True,23,Aïssa Mandi,CD-L,6,746525
Lille,2025-11-23,Paris FC,home,4-4-2,True,18,Chancel Mbemba,CD-R,5,746525
Lille,2025-11-23,Paris FC,home,4-4-2,True,15,Romain Perraud,LB,3,746525
Lille,2025-11-23,Paris FC,home,4-4-2,True,12,Thomas Meunier,RB,2,746525
Lille,2025-11-23,Paris FC,home,4-4-2,True,32,Ayyoub Bouaddi,CM-L,8,746525
Lille,2025-11-23,Paris FC,home,4-4-2,True,6,Nabil Bentaleb,CM-R,4,746525
Lille,2025-11-23,Paris FC,home,4-4-2,True,11,Osame Sahraoui,LM,11,746525
Lille,2025-11-23,Paris FC,home,4-4-2,True,27,Felix Correia,RM,7,746525
Lille,2025-11-23,Paris FC,home,4-4-2,True,9,Olivier Giroud,CF-L,9,746525
Lille,2025-11-23,Paris FC,home,4-4-2,True,29,Hamza Igmane,CF-R,10,746525
Lille,2025-11-23,Paris FC,home,4-4-2,False,8,Ethan Mbappé,SUB,0,746525
Lille,2025-11-23,Paris FC,home,4-4-2,False,14,Marius Broholm,SUB,0,746525
Lille,2025-11-23,Paris FC,home,4-4-2,False,28,Ugo Raghouber,SUB,0,746525
Lille,2025-11-23,Paris FC,home,4-4-2,False,17,Ngal'ayel Mukau,SUB,0,746525
Lille,2025-11-23,Paris FC,home,4-4-2,False,3,Nathan Ngoy,SUB,0,746525
Lille,2025-11-23,Paris FC,home,4-4-2,False,16,Arnaud Bodart,SUB,0,746525
Lille,2025-11-23,Paris FC,home,4-4-2,False,26,André Gomes,SUB,0,746525
Lille,2025-11-23,Paris FC,home,4-4-2,False,10,Hákon Haraldsson,SUB,0,746525
Lille,2025-11-23,Paris FC,home,4-4-2,False,22,Tiago Santos,SUB,0,746525
Paris FC,2025-11-23,Lille,away,4-3-3,True,35,Kevin Trapp,G,1,746525
Paris FC,2025-11-23,Lille,away,4-3-3,True,5,Moustapha Mbow,CD-L,6,746525
Paris FC,2025-11-23,Lille,away,4-3-3,True,31,Samir Chergui,CD-R,5,746525
Paris FC,2025-11-23,Lille,away,4-3-3,True,28,Thibault De Smet,LB,3,746525
Paris FC,2025-11-23,Lille,away,4-3-3,True,14,Hamari Traoré,RB,2,746525
Paris FC,2025-11-23,Lille,away,4-3-3,True,4,Vincent Marchetti,CM,4,746525
Paris FC,2025-11-23,Lille,away,4-3-3,True,17,Adama Camara,LM,8,746525
Paris FC,2025-11-23,Lille,away,4-3-3,True,33,Pierre Lees-Melou,RM,7,746525
Paris FC,2025-11-23,Lille,away,4-3-3,True,9,Willem Geubbels,F,9,746525
Paris FC,2025-11-23,Lille,away,4-3-3,True,13,Mathieu Cafaro,LF,11,746525
Paris FC,2025-11-23,Lille,away,4-3-3,True,10,Ilan Kebbal,RF,10,746525
Paris FC,2025-11-23,Lille,away,4-3-3,False,15,Timothée Kolodziejczak,SUB,0,746525
Paris FC,2025-11-23,Lille,away,4-3-3,False,11,Jean-Phillipe Krasso,SUB,0,746525
Paris FC,2025-11-23,Lille,away,4-3-3,False,2,Tuomas Ollila,SUB,0,746525
Paris FC,2025-11-23,Lille,away,4-3-3,False,27,Moses Simon,SUB,0,746525
Paris FC,2025-11-23,Lille,away,4-3-3,False,16,Obed Nkambadio,SUB,0,746525
Paris FC,2025-11-23,Lille,away,4-3-3,False,12,Nouha Dicko,SUB,0,746525
Paris FC,2025-11-23,Lille,away,4-3-3,False,7,Alimani Gory,SUB,0,746525
Paris FC,2025-11-23,Lille,away,4-3-3,False,8,Lohann Doucet,SUB,0,746525
Paris FC,2025-11-23,Lille,away,4-3-3,False,20,Julien Lopez,SUB,0,746525
Metz,2025-11-28,Rennes,home,3-4-2-1,True,1,Jonathan Fischer,G,1,746530
Metz,2025-11-28,Rennes,home,3-4-2-1,True,5,Jean-Philippe Gbamin,CD,5,746530
Metz,2025-11-28,Rennes,home,3-4-2-1,True,15,Terry Yegbe,CD-L,4,746530
Metz,2025-11-28,Rennes,home,3-4-2-1,True,2,Maxime Colin,CD-R,6,746530
Metz,2025-11-28,Rennes,home,3-4-2-1,True,8,Boubacar Traore,CM-L,8,746530
Metz,2025-11-28,Rennes,home,3-4-2-1,True,20,Jessy Deminguet,CM-R,7,746530
Metz,2025-11-28,Rennes,home,3-4-2-1,True,97,Fodé Ballo-Touré,LM,3,746530
Metz,2025-11-28,Rennes,home,3-4-2-1,True,7,Giorgi Tsitaishvili,RM,2,746530
Metz,2025-11-28,Rennes,home,3-4-2-1,True,23,Ibou Sané,F,9,746530
Metz,2025-11-28,Rennes,home,3-4-2-1,True,14,Cheick Sabaly,CF-L,11,746530
Metz,2025-11-28,Rennes,home,3-4-2-1,True,10,Gauthier Hein,CF-R,10,746530
Metz,2025-11-28,Rennes,home,3-4-2-1,False,21,Benjamin Stambouli,SUB,0,746530
Metz,2025-11-28,Rennes,home,3-4-2-1,False,19,Morgan Bokele,SUB,0,746530
Metz,2025-11-28,Rennes,home,3-4-2-1,False,99,Joel Asoro,SUB,0,746530
Metz,2025-11-28,Rennes,home,3-4-2-1,False,12,Alpha Touré,SUB,0,746530
Metz,2025-11-28,Rennes,home,3-4-2-1,False,11,Malick Mbaye,SUB,0,746530
Metz,2025-11-28,Rennes,home,3-4-2-1,False,38,Sadibou Sané,SUB,0,746530
Metz,2025-11-28,Rennes,home,3-4-2-1,False,40,Ousmane Ba,SUB,0,746530
Metz,2025-11-28,Rennes,home,3-4-2-1,False,9,Giorgi Abuashvili,SUB,0,746530
Metz,2025-11-28,Rennes,home,3-4-2-1,False,39,Koffi Kouao,SUB,0,746530
Rennes,2025-11-28,Metz,away,3-5-2,True,30,Brice Samba,G,1,746530
Rennes,2025-11-28,Metz,away,3-5-2,True,97,Jérémy Jacquet,CD,5,746530
Rennes,2025-11-28,Metz,away,3-5-2,True,3,Lilian Brassier,CD-L,4,746530
Rennes,2025-11-28,Metz,away,3-5-2,True,48,Abdelhamid Aït Boudlal,CD-R,6,746530
Rennes,2025-11-28,Metz,away,3-5-2,True,6,Djaoui Cissé,CM-L,8,746530
Rennes,2025-11-28,Metz,away,3-5-2,True,45,Mahdi Camara,CM-R,7,746530
Rennes,2025-11-28,Metz,away,3-5-2,True,21,Valentin Rongier,AM,11,746530
Rennes,2025-11-28,Metz,away,3-5-2,True,11,Mousa Al-Tamari,LM,3,746530
Rennes,2025-11-28,Metz,away,3-5-2,True,95,Przemyslaw Frankowski,RM,2,746530
Rennes,2025-11-28,Metz,away,3-5-2,True,7,Breel Embolo,CF-L,9,746530
Rennes,2025-11-28,Metz,away,3-5-2,True,9,Esteban Lepaul,CF-R,10,746530
Rennes,2025-11-28,Metz,away,3-5-2,False,36,Alidu Seidu,SUB,0,746530
Rennes,2025-11-28,Metz,away,3-5-2,False,75,Elias Legendre,SUB,0,746530
Rennes,2025-11-28,Metz,away,3-5-2,False,50,Mathys Silistre,SUB,0,746530
Rennes,2025-11-28,Metz,away,3-5-2,False,18,Mahamadou Nagida,SUB,0,746530
Rennes,2025-11-28,Metz,away,3-5-2,False,4,Glen Kamara,SUB,0,746530
Rennes,2025-11-28,Metz,away,3-5-2,False,39,Mohamed Meïté,SUB,0,746530
Rennes,2025-11-28,Metz,away,3-5-2,False,24,Anthony Rouault,SUB,0,746530
Rennes,2025-11-28,Metz,away,3-5-2,False,10,Ludovic Blas,SUB,0,746530
Rennes,2025-11-28,Metz,away,3-5-2,False,26,Quentin Merlin,SUB,0,746530
Le Havre,2025-11-30,Lille,home,4-1-4-1,True,99,Mory Diaw,G,1,746534
Le Havre,2025-11-30,Lille,home,4-1-4-1,True,4,Gautier Lloris,CD-L,6,746534
Le Havre,2025-11-30,Lille,home,4-1-4-1,True,93,Arouna Sangante,CD-R,5,746534
Le Havre,2025-11-30,Lille,home,4-1-4-1,True,15,Ayumu Seko,DM,4,746534
Le Havre,2025-11-30,Lille,home,4-1-4-1,True,18,Yanis Zouaoui,LB,3,746534
Le Havre,2025-11-30,Lille,home,4-1-4-1,True,7,Loïc Négo,RB,2,746534
Le Havre,2025-11-30,Lille,home,4-1-4-1,True,14,Rassoul Ndiaye,CM-L,10,746534
Le Havre,2025-11-30,Lille,home,4-1-4-1,True,26,Simon Ebonog,CM-R,8,746534
Le Havre,2025-11-30,Lille,home,4-1-4-1,True,45,Issa Soumaré,LM,11,746534
Le Havre,2025-11-30,Lille,home,4-1-4-1,True,13,Fodé Doucouré,RM,7,746534
Le Havre,2025-11-30,Lille,home,4-1-4-1,True,11,Godson Kyeremeh,F,9,746534
Le Havre,2025-11-30,Lille,home,4-1-4-1,False,70,Mbwana Samatta,SUB,0,746534
Le Havre,2025-11-30,Lille,home,4-1-4-1,False,10,Félix Mambimbi,SUB,0,746534
Le Havre,2025-11-30,Lille,home,4-1-4-1,False,78,Daren Mosengo,SUB,0,746534
Le Havre,2025-11-30,Lille,home,4-1-4-1,False,8,Yassine Kechta,SUB,0,746534
Le Havre,2025-11-30,Lille,home,4-1-4-1,False,30,Reda Khadra,SUB,0,746534
Le Havre,2025-11-30,Lille,home,4-1-4-1,False,33,Enzo Koffi,SUB,0,746534
Le Havre,2025-11-30,Lille,home,4-1-4-1,False,77,Lionel Mpasi,SUB,0,746534
Le Havre,2025-11-30,Lille,home,4-1-4-1,False,6,Etienne Youte Kinkoue,SUB,0,746534
Lille,2025-11-30,Le Havre,away,4-2-3-1,True,1,Berke Özer,G,1,746534
Lille,2025-11-30,Le Havre,away,4-2-3-1,True,23,Aïssa Mandi,CD-L,6,746534
Lille,2025-11-30,Le Havre,away,4-2-3-1,True,3,Nathan Ngoy,CD-R,5,746534
Lille,2025-11-30,Le Havre,away,4-2-3-1,True,15,Romain Perraud,LB,3,746534
Lille,2025-11-30,Le Havre,away,4-2-3-1,True,12,Thomas Meunier,RB,2,746534
Lille,2025-11-30,Le Havre,away,4-2-3-1,True,17,Ngal'ayel Mukau,AM,10,746534
Lille,2025-11-30,Le Havre,away,4-2-3-1,True,32,Ayyoub Bouaddi,LM,4,746534
Lille,2025-11-30,Le Havre,away,4-2-3-1,True,21,Benjamin André,RM,8,746534
Lille,2025-11-30,Le Havre,away,4-2-3-1,True,9,Olivier Giroud,F,9,746534
Lille,2025-11-30,Le Havre,away,4-2-3-1,True,11,Osame Sahraoui,AM-L,11,746534
Lille,2025-11-30,Le Havre,away,4-2-3-1,True,27,Felix Correia,AM-R,7,746534
Lille,2025-11-30,Le Havre,away,4-2-3-1,False,10,Hákon Haraldsson,SUB,0,746534
Lille,2025-11-30,Le Havre,away,4-2-3-1,False,38,Maxima Goffi,SUB,0,746534
Lille,2025-11-30,Le Havre,away,4-2-3-1,False,29,Hamza Igmane,SUB,0,746534
Lille,2025-11-30,Le Havre,away,4-2-3-1,False,8,Ethan Mbappé,SUB,0,746534
Lille,2025-11-30,Le Havre,away,4-2-3-1,False,6,Nabil Bentaleb,SUB,0,746534
Lille,2025-11-30,Le Havre,away,4-2-3-1,False,18,Chancel Mbemba,SUB,0,746534
Lille,2025-11-30,Le Havre,away,4-2-3-1,False,7,Matias Fernandez-Pardo,SUB,0,746534
Lille,2025-11-30,Le Havre,away,4-2-3-1,False,16,Arnaud Bodart,SUB,0,746534
Lille,2025-11-30,Le Havre,away,4-2-3-1,False,22,Tiago Santos,SUB,0,746534
Strasbourg,2025-11-30,Brest,home,3-4-2-1,True,39,Mike Penders,G,1,746537
Strasbourg,2025-11-30,Brest,home,3-4-2-1,True,2,Andrew Omobamidele,CD,5,746537
Strasbourg,2025-11-30,Brest,home,3-4-2-1,True,23,Mamadou Sarr,CD-L,4,746537
Strasbourg,2025-11-30,Brest,home,3-4-2-1,True,22,Guela Doué,CD-R,6,746537
Strasbourg,2025-11-30,Brest,home,3-4-2-1,True,6,Ismael Doukoure,CM-L,8,746537
Strasbourg,2025-11-30,Brest,home,3-4-2-1,True,29,Samir El Mourabet,CM-R,7,746537
Strasbourg,2025-11-30,Brest,home,3-4-2-1,True,3,Ben Chilwell,LM,3,746537
Strasbourg,2025-11-30,Brest,home,3-4-2-1,True,27,Samuel Amo-Ameyaw,RM,2,746537
Strasbourg,2025-11-30,Brest,home,3-4-2-1,True,9,Joaquín Panichelli,F,9,746537
Strasbourg,2025-11-30,Brest,home,3-4-2-1,True,19,Julio Enciso,CF-L,11,746537
Strasbourg,2025-11-30,Brest,home,3-4-2-1,True,16,Kendry Páez,CF-R,10,746537
Strasbourg,2025-11-30,Brest,home,3-4-2-1,False,41,Rabby Nzingoula,SUB,0,746537
Strasbourg,2025-11-30,Brest,home,3-4-2-1,False,7,Diego Moreira,SUB,0,746537
Strasbourg,2025-11-30,Brest,home,3-4-2-1,False,10,Emmanuel Emegha,SUB,0,746537
Strasbourg,2025-11-30,Brest,home,3-4-2-1,False,11,Sebastian Nanasi,SUB,0,746537
Strasbourg,2025-11-30,Brest,home,3-4-2-1,False,24,Lucas Høgsberg,SUB,0,746537
Strasbourg,2025-11-30,Brest,home,3-4-2-1,False,20,Martial Godo,SUB,0,746537
Strasbourg,2025-11-30,Brest,home,3-4-2-1,False,5,Abakar Sylla,SUB,0,746537
Strasbourg,2025-11-30,Brest,home,3-4-2-1,False,50,Stefan Bajic,SUB,0,746537
Strasbourg,2025-11-30,Brest,home,3-4-2-1,False,83,Rafael Luís,SUB,0,746537
Brest,2025-11-30,Strasbourg,away,4-2-3-1,True,30,Grégoire Coudert,G,1,746537
Brest,2025-11-30,Strasbourg,away,4-2-3-1,True,4,Michel Diaz,CD-L,6,746537
Brest,2025-11-30,Strasbourg,away,4-2-3-1,True,5,Brendan Chardonnet,CD-R,5,746537
Brest,2025-11-30,Strasbourg,away,4-2-3-1,True,27,Daouda Guindo,LB,3,746537
Brest,2025-11-30,Strasbourg,away,4-2-3-1,True,77,Kenny Lala,RB,2,746537
Brest,2025-11-30,Strasbourg,away,4-2-3-1,True,23,Kamory Doumbia,AM,10,746537
Brest,2025-11-30,Strasbourg,away,4-2-3-1,True,8,Hugo Magnetti,LM,4,746537
Brest,2025-11-30,Strasbourg,away,4-2-3-1,True,13,Joris Chotard,RM,8,746537
Brest,2025-11-30,Strasbourg,away,4-2-3-1,True,19,Ludovic Ajorque,F,9,746537
Brest,2025-11-30,Strasbourg,away,4-2-3-1,True,99,Pathé Mboup,AM-L,11,746537
Brest,2025-11-30,Strasbourg,away,4-2-3-1,True,10,Romain Del Castillo,AM-R,7,746537
Brest,2025-11-30,Strasbourg,away,4-2-3-1,False,12,Luc Zogbe,SUB,0,746537
Brest,2025-11-30,Strasbourg,away,4-2-3-1,False,14,Remy Labeau Lascary,SUB,0,746537
Brest,2025-11-30,Strasbourg,away,4-2-3-1,False,24,Lucas Tousart,SUB,0,746537
Brest,2025-11-30,Strasbourg,away,4-2-3-1,False,18,Justin Bourgault,SUB,0,746537
Brest,2025-11-30,Strasbourg,away,4-2-3-1,False,50,Noah Jauny,SUB,0,746537
Brest,2025-11-30,Strasbourg,away,4-2-3-1,False,7,Junior Dina Ebimbe,SUB,0,746537
Brest,2025-11-30,Strasbourg,away,4-2-3-1,False,26,Julien Le Cardinal,SUB,0,746537
Brest,2025-11-30,Strasbourg,away,4-2-3-1,False,17,Mama Baldé,SUB,0,746537
Brest,2025-11-30,Strasbourg,away,4-2-3-1,False,36,Raphaël Le Guen,SUB,0,746537
Paris FC,2025-11-29,Auxerre,home,4-4-1-1,True,16,Obed Nkambadio,G,1,746532
Paris FC,2025-11-29,Auxerre,home,4-4-1-1,True,6,Otavio,CD-L,6,746532
Paris FC,2025-11-29,Auxerre,home,4-4-1-1,True,5,Moustapha Mbow,CD-R,5,746532
Paris FC,2025-11-29,Auxerre,home,4-4-1-1,True,28,Thibault De Smet,LB,3,746532
Paris FC,2025-11-29,Auxerre,home,4-4-1-1,True,14,Hamari Traoré,RB,2,746532
Paris FC,2025-11-29,Auxerre,home,4-4-1-1,True,17,Adama Camara,CM-L,8,746532
Paris FC,2025-11-29,Auxerre,home,4-4-1-1,True,4,Vincent Marchetti,CM-R,4,746532
Paris FC,2025-11-29,Auxerre,home,4-4-1-1,True,27,Moses Simon,LM,11,746532
Paris FC,2025-11-29,Auxerre,home,4-4-1-1,True,7,Alimani Gory,RM,7,746532
Paris FC,2025-11-29,Auxerre,home,4-4-1-1,True,11,Jean-Phillipe Krasso,F,9,746532
Paris FC,2025-11-29,Auxerre,home,4-4-1-1,True,10,Ilan Kebbal,RCF,10,746532
Paris FC,2025-11-29,Auxerre,home,4-4-1-1,False,35,Kevin Trapp,SUB,0,746532
Paris FC,2025-11-29,Auxerre,home,4-4-1-1,False,13,Mathieu Cafaro,SUB,0,746532
Paris FC,2025-11-29,Auxerre,home,4-4-1-1,False,8,Lohann Doucet,SUB,0,746532
Paris FC,2025-11-29,Auxerre,home,4-4-1-1,False,15,Timothée Kolodziejczak,SUB,0,746532
Paris FC,2025-11-29,Auxerre,home,4-4-1-1,False,2,Tuomas Ollila,SUB,0,746532
Paris FC,2025-11-29,Auxerre,home,4-4-1-1,False,9,Willem Geubbels,SUB,0,746532
Paris FC,2025-11-29,Auxerre,home,4-4-1-1,False,93,Jonathan Ikoné,SUB,0,746532
Paris FC,2025-11-29,Auxerre,home,4-4-1-1,False,20,Julien Lopez,SUB,0,746532
Paris FC,2025-11-29,Auxerre,home,4-4-1-1,False,12,Nouha Dicko,SUB,0,746532
Auxerre,2025-11-29,Paris FC,away,4-3-3,True,16,Donovan Léon,G,1,746532
Auxerre,2025-11-29,Paris FC,away,4-3-3,True,92,Clément Akpa,CD-L,6,746532
Auxerre,2025-11-29,Paris FC,away,4-3-3,True,20,Sinaly Diomande,CD-R,5,746532
Auxerre,2025-11-29,Paris FC,away,4-3-3,True,14,Gideon Mensah,LB,3,746532
Auxerre,2025-11-29,Paris FC,away,4-3-3,True,27,Lamine Sy,RB,2,746532
Auxerre,2025-11-29,Paris FC,away,4-3-3,True,17,Oussama El Azzouzi,CM,4,746532
Auxerre,2025-11-29,Paris FC,away,4-3-3,True,5,Kévin Danois,LM,8,746532
Auxerre,2025-11-29,Paris FC,away,4-3-3,True,34,Rudy Matondo,RM,7,746532
Auxerre,2025-11-29,Paris FC,away,4-3-3,True,9,Sékou Mara,F,9,746532
Auxerre,2025-11-29,Paris FC,away,4-3-3,True,19,Danny Namaso,LF,11,746532
Auxerre,2025-11-29,Paris FC,away,4-3-3,True,10,Lassine Sinayoko,RF,10,746532
Auxerre,2025-11-29,Paris FC,away,4-3-3,False,18,Assane Dioussé,SUB,0,746532
Auxerre,2025-11-29,Paris FC,away,4-3-3,False,41,Yvan Zaddy,SUB,0,746532
Auxerre,2025-11-29,Paris FC,away,4-3-3,False,7,Josué Casimir,SUB,0,746532
Auxerre,2025-11-29,Paris FC,away,4-3-3,False,43,Evan Diamalunda,SUB,0,746532
Auxerre,2025-11-29,Paris FC,away,4-3-3,False,36,Tidiane Devernois,SUB,0,746532
Auxerre,2025-11-29,Paris FC,away,4-3-3,False,22,Fredrik Oppegard,SUB,0,746532
Auxerre,2025-11-29,Paris FC,away,4-3-3,False,40,Théo De Percin,SUB,0,746532
Auxerre,2025-11-29,Paris FC,away,4-3-3,False,4,Francisco Sierralta,SUB,0,746532
Auxerre,2025-11-29,Paris FC,away,4-3-3,False,23,Ibrahim Osman,SUB,0,746532
Lyon,2025-11-30,Nantes,home,3-4-2-1,True,1,Dominik Greif,G,1,746536
Lyon,2025-11-30,Nantes,home,3-4-2-1,True,19,Moussa Niakhaté,CD,5,746536
Lyon,2025-11-30,Nantes,home,3-4-2-1,True,3,Nicolás Tagliafico,CD-L,4,746536
Lyon,2025-11-30,Nantes,home,3-4-2-1,True,6,Tanner Tessmann,CD-R,6,746536
Lyon,2025-11-30,Nantes,home,3-4-2-1,True,39,Mathys De Carvalho,CM-L,8,746536
Lyon,2025-11-30,Nantes,home,3-4-2-1,True,23,Tyler Morton,CM-R,7,746536
Lyon,2025-11-30,Nantes,home,3-4-2-1,True,16,Abner,LM,3,746536
Lyon,2025-11-30,Nantes,home,3-4-2-1,True,33,Hans Hateboer,RM,2,746536
Lyon,2025-11-30,Nantes,home,3-4-2-1,True,20,Martín Satriano,F,9,746536
Lyon,2025-11-30,Nantes,home,3-4-2-1,True,8,Corentin Tolisso,CF-L,11,746536
Lyon,2025-11-30,Nantes,home,3-4-2-1,True,10,Pavel Sulc,CF-R,10,746536
Lyon,2025-11-30,Nantes,home,3-4-2-1,False,34,Adil Hamdani,SUB,0,746536
Lyon,2025-11-30,Nantes,home,3-4-2-1,False,41,Téo Barisic,SUB,0,746536
Lyon,2025-11-30,Nantes,home,3-4-2-1,False,44,Khalis Merah,SUB,0,746536
Lyon,2025-11-30,Nantes,home,3-4-2-1,False,98,Ainsley Maitland-Niles,SUB,0,746536
Lyon,2025-11-30,Nantes,home,3-4-2-1,False,7,Adam Karabec,SUB,0,746536
Lyon,2025-11-30,Nantes,home,3-4-2-1,False,40,Rémy Descamps,SUB,0,746536
Lyon,2025-11-30,Nantes,home,3-4-2-1,False,5,Orel Mangala,SUB,0,746536
Lyon,2025-11-30,Nantes,home,3-4-2-1,False,17,Afonso Moreira,SUB,0,746536
Lyon,2025-11-30,Nantes,home,3-4-2-1,False,32,Alejandro Rodríguez,SUB,0,746536
Nantes,2025-11-30,Lyon,away,4-3-3,True,1,Anthony Lopes,G,1,746536
Nantes,2025-11-30,Lyon,away,4-3-3,True,78,Tylel Tati,CD-L,6,746536
Nantes,2025-11-30,Lyon,away,4-3-3,True,6,Chidozie Awaziem,CD-R,5,746536
Nantes,2025-11-30,Lyon,away,4-3-3,True,3,Nicolas Cozza,LB,3,746536
Nantes,2025-11-30,Lyon,away,4-3-3,True,98,Kelvin Amian,RB,2,746536
Nantes,2025-11-30,Lyon,away,4-3-3,True,5,Kwon Hyeok-Kyu,CM,4,746536
Nantes,2025-11-30,Lyon,away,4-3-3,True,8,Johann Lepenant,LM,8,746536
Nantes,2025-11-30,Lyon,away,4-3-3,True,80,Junior Mwanga,RM,7,746536
Nantes,2025-11-30,Lyon,away,4-3-3,True,19,Youssef El Arabi,F,9,746536
Nantes,2025-11-30,Lyon,away,4-3-3,True,10,Matthis Abline,LF,11,746536
Nantes,2025-11-30,Lyon,away,4-3-3,True,15,Mayckel Lahdo,RF,10,746536
Nantes,2025-11-30,Lyon,away,4-3-3,False,26,Uros Radakovic,SUB,0,746536
Nantes,2025-11-30,Lyon,away,4-3-3,False,52,Bahmed Deuff,SUB,0,746536
Nantes,2025-11-30,Lyon,away,4-3-3,False,69,Sacha Ziani,SUB,0,746536
Nantes,2025-11-30,Lyon,away,4-3-3,False,14,Amady Camara,SUB,0,746536
Nantes,2025-11-30,Lyon,away,4-3-3,False,11,Bahereba Guirassy,SUB,0,746536
Nantes,2025-11-30,Lyon,away,4-3-3,False,7,Hong Hyun-Seok,SUB,0,746536
Nantes,2025-11-30,Lyon,away,4-3-3,False,31,Mostafa Mohamed,SUB,0,746536
Nantes,2025-11-30,Lyon,away,4-3-3,False,18,Fabien Centonze,SUB,0,746536
Nantes,2025-11-30,Lyon,away,4-3-3,False,30,Patrick Carlgren,SUB,0,746536
Lorient,2025-11-30,Nice,home,3-4-2-1,True,38,Yvon Mvogo,G,1,746533
Lorient,2025-11-30,Nice,home,3-4-2-1,True,3,Montassar Talbi,CD,5,746533
Lorient,2025-11-30,Nice,home,3-4-2-1,True,44,Darlin Yongwa,CD-L,4,746533
Lorient,2025-11-30,Nice,home,3-4-2-1,True,5,Bamo Meïté,CD-R,6,746533
Lorient,2025-11-30,Nice,home,3-4-2-1,True,6,Laurent Abergel,CM-L,8,746533
Lorient,2025-11-30,Nice,home,3-4-2-1,True,62,Arthur Avom,CM-R,7,746533
Lorient,2025-11-30,Nice,home,3-4-2-1,True,43,Arsène Kouassi,LM,3,746533
Lorient,2025-11-30,Nice,home,3-4-2-1,True,11,Théo Le Bris,RM,2,746533
Lorient,2025-11-30,Nice,home,3-4-2-1,True,28,Sambou Soumano,F,9,746533
Lorient,2025-11-30,Nice,home,3-4-2-1,True,10,Pablo Pagis,CF-L,11,746533
Lorient,2025-11-30,Nice,home,3-4-2-1,True,17,Jean-Victor Makengo,CF-R,10,746533
Lorient,2025-11-30,Nice,home,3-4-2-1,False,21,Bingourou Kamara,SUB,0,746533
Lorient,2025-11-30,Nice,home,3-4-2-1,False,15,Tosin Aiyegun,SUB,0,746533
Lorient,2025-11-30,Nice,home,3-4-2-1,False,2,Igor Silva,SUB,0,746533
Lorient,2025-11-30,Nice,home,3-4-2-1,False,12,Bamba Dieng,SUB,0,746533
Lorient,2025-11-30,Nice,home,3-4-2-1,False,93,Joel Mvuka,SUB,0,746533
Lorient,2025-11-30,Nice,home,3-4-2-1,False,9,Mohamed Bamba,SUB,0,746533
Lorient,2025-11-30,Nice,home,3-4-2-1,False,32,Nathaniel Adjei,SUB,0,746533
Lorient,2025-11-30,Nice,home,3-4-2-1,False,29,Dermane Karim,SUB,0,746533
Lorient,2025-11-30,Nice,home,3-4-2-1,False,8,Noah Cadiou,SUB,0,746533
Nice,2025-11-30,Lorient,away,3-5-2,True,80,Yehvann Diouf,G,1,746533
Nice,2025-11-30,Lorient,away,3-5-2,True,37,Kojo Peprah Oppong,CD,5,746533
Nice,2025-11-30,Lorient,away,3-5-2,True,26,Melvin Bard,CD-L,4,746533
Nice,2025-11-30,Lorient,away,3-5-2,True,33,Antoine Mendy,CD-R,6,746533
Nice,2025-11-30,Lorient,away,3-5-2,True,10,Sofiane Diop,CM-L,8,746533
Nice,2025-11-30,Lorient,away,3-5-2,True,20,Tom Louchet,CM-R,7,746533
Nice,2025-11-30,Lorient,away,3-5-2,True,99,Salis Abdul Samed,AM,11,746533
Nice,2025-11-30,Lorient,away,3-5-2,True,47,Tiago Gouveia,LM,3,746533
Nice,2025-11-30,Lorient,away,3-5-2,True,92,Jonathan Clauss,RM,2,746533
Nice,2025-11-30,Lorient,away,3-5-2,True,9,Terem Moffi,CF-L,9,746533
Nice,2025-11-30,Lorient,away,3-5-2,True,25,Mohamed-Ali Cho,CF-R,10,746533
Nice,2025-11-30,Lorient,away,3-5-2,False,2,Ali Abdi,SUB,0,746533
Nice,2025-11-30,Lorient,away,3-5-2,False,28,Juma Bah,SUB,0,746533
Nice,2025-11-30,Lorient,away,3-5-2,False,7,Jérémie Boga,SUB,0,746533
Nice,2025-11-30,Lorient,away,3-5-2,False,6,Hicham Boudaoui,SUB,0,746533
Nice,2025-11-30,Lorient,away,3-5-2,False,21,Isak Jansson,SUB,0,746533
Nice,2025-11-30,Lorient,away,3-5-2,False,24,Charles Vanhoutte,SUB,0,746533
Nice,2025-11-30,Lorient,away,3-5-2,False,31,Maxime Dupé,SUB,0,746533
Nice,2025-11-30,Lorient,away,3-5-2,False,90,Kevin Carlos,SUB,0,746533
Nice,2025-11-30,Lorient,away,3-5-2,False,8,Morgan Sanson,SUB,0,746533
Nantes,2025-12-06,Lens,home,4-3-3,True,1,Anthony Lopes,G,1,746545
Nantes,2025-12-06,Lens,home,4-3-3,True,78,Tylel Tati,CD-L,6,746545
Nantes,2025-12-06,Lens,home,4-3-3,True,6,Chidozie Awaziem,CD-R,5,746545
Nantes,2025-12-06,Lens,home,4-3-3,True,3,Nicolas Cozza,LB,3,746545
Nantes,2025-12-06,Lens,home,4-3-3,True,98,Kelvin Amian,RB,2,746545
Nantes,2025-12-06,Lens,home,4-3-3,True,5,Kwon Hyeok-Kyu,CM,4,746545
Nantes,2025-12-06,Lens,home,4-3-3,True,52,Bahmed Deuff,LM,8,746545
Nantes,2025-12-06,Lens,home,4-3-3,True,8,Johann Lepenant,RM,7,746545
Nantes,2025-12-06,Lens,home,4-3-3,True,19,Youssef El Arabi,F,9,746545
Nantes,2025-12-06,Lens,home,4-3-3,True,11,Bahereba Guirassy,LF,11,746545
Nantes,2025-12-06,Lens,home,4-3-3,True,10,Matthis Abline,RF,10,746545
Nantes,2025-12-06,Lens,home,4-3-3,False,30,Patrick Carlgren,SUB,0,746545
Nantes,2025-12-06,Lens,home,4-3-3,False,17,Dehmaine Tabibou,SUB,0,746545
Nantes,2025-12-06,Lens,home,4-3-3,False,31,Mostafa Mohamed,SUB,0,746545
Nantes,2025-12-06,Lens,home,4-3-3,False,7,Hong Hyun-Seok,SUB,0,746545
Nantes,2025-12-06,Lens,home,4-3-3,False,26,Uros Radakovic,SUB,0,746545
Nantes,2025-12-06,Lens,home,4-3-3,False,90,Yassine Benhattab,SUB,0,746545
Nantes,2025-12-06,Lens,home,4-3-3,False,15,Mayckel Lahdo,SUB,0,746545
Nantes,2025-12-06,Lens,home,4-3-3,False,14,Amady Camara,SUB,0,746545
Nantes,2025-12-06,Lens,home,4-3-3,False,18,Fabien Centonze,SUB,0,746545
Lens,2025-12-06,Nantes,away,3-4-2-1,True,40,Robin Risser,G,1,746545
Lens,2025-12-06,Nantes,away,3-4-2-1,True,6,Samson Baidoo,CD,5,746545
Lens,2025-12-06,Nantes,away,3-4-2-1,True,20,Malang Sarr,CD-L,4,746545
Lens,2025-12-06,Nantes,away,3-4-2-1,True,25,Pierre Ganiou,CD-R,6,746545
Lens,2025-12-06,Nantes,away,3-4-2-1,True,5,Andrija Bulatovic,CM-L,8,746545
Lens,2025-12-06,Nantes,away,3-4-2-1,True,8,Mamadou Sangare,CM-R,7,746545
Lens,2025-12-06,Nantes,away,3-4-2-1,True,14,Matthieu Udol,LM,3,746545
Lens,2025-12-06,Nantes,away,3-4-2-1,True,2,Ruben Aguilar,RM,2,746545
Lens,2025-12-06,Nantes,away,3-4-2-1,True,11,Odsonne Édouard,F,9,746545
Lens,2025-12-06,Nantes,away,3-4-2-1,True,22,Wesley Saïd,CF-L,11,746545
Lens,2025-12-06,Nantes,away,3-4-2-1,True,10,Florian Thauvin,CF-R,10,746545
Lens,2025-12-06,Nantes,away,3-4-2-1,False,23,Saud Abdulhamid,SUB,0,746545
Lens,2025-12-06,Nantes,away,3-4-2-1,False,32,Kyllian Antonio,SUB,0,746545
Lens,2025-12-06,Nantes,away,3-4-2-1,False,1,Régis Gurtner,SUB,0,746545
Lens,2025-12-06,Nantes,away,3-4-2-1,False,18,Fode Sylla,SUB,0,746545
Lens,2025-12-06,Nantes,away,3-4-2-1,False,15,Hamzat Ojediran,SUB,0,746545
Lens,2025-12-06,Nantes,away,3-4-2-1,False,7,Florian Sotoca,SUB,0,746545
Lens,2025-12-06,Nantes,away,3-4-2-1,False,38,Rayan Fofana,SUB,0,746545
Lens,2025-12-06,Nantes,away,3-4-2-1,False,19,Abdallah Sima,SUB,0,746545
Lens,2025-12-06,Nantes,away,3-4-2-1,False,26,Anthony Bermont,SUB,0,746545
Angers,2025-11-30,Lens,home,4-2-3-1,True,16,Melvin Zinga,G,1,746531
Angers,2025-11-30,Lens,home,4-2-3-1,True,21,Jordan Lefort,CD-L,6,746531
Angers,2025-11-30,Lens,home,4-2-3-1,True,4,Ousmane Camara,CD-R,5,746531
Angers,2025-11-30,Lens,home,4-2-3-1,True,3,Jacques Ekomie,LB,3,746531
Angers,2025-11-30,Lens,home,4-2-3-1,True,2,Carlens Arcus,RB,2,746531
Angers,2025-11-30,Lens,home,4-2-3-1,True,6,Louis Mouton,AM,10,746531
Angers,2025-11-30,Lens,home,4-2-3-1,True,10,Himad Abdelli,LM,4,746531
Angers,2025-11-30,Lens,home,4-2-3-1,True,93,Haris Belkebla,RM,8,746531
Angers,2025-11-30,Lens,home,4-2-3-1,True,11,Sidiki Cherif,F,9,746531
Angers,2025-11-30,Lens,home,4-2-3-1,True,7,Amine Sbaï,AM-L,11,746531
Angers,2025-11-30,Lens,home,4-2-3-1,True,14,Yassin Belkhdim,AM-R,7,746531
Angers,2025-11-30,Lens,home,4-2-3-1,False,31,Harouna Djibirin,SUB,0,746531
Angers,2025-11-30,Lens,home,4-2-3-1,False,26,Florent Hanin,SUB,0,746531
Angers,2025-11-30,Lens,home,4-2-3-1,False,15,Pierrick Capelle,SUB,0,746531
Angers,2025-11-30,Lens,home,4-2-3-1,False,5,Marius Courcoul,SUB,0,746531
Angers,2025-11-30,Lens,home,4-2-3-1,False,27,Lilian Raolisoa,SUB,0,746531
Angers,2025-11-30,Lens,home,4-2-3-1,False,25,Abdoulaye Bamba,SUB,0,746531
Angers,2025-11-30,Lens,home,4-2-3-1,False,35,Prosper Peter,SUB,0,746531
Angers,2025-11-30,Lens,home,4-2-3-1,False,20,Marius Louãr,SUB,0,746531
Angers,2025-11-30,Lens,home,4-2-3-1,False,40,Oumar Pona,SUB,0,746531
Lens,2025-11-30,Angers,away,3-4-2-1,True,40,Robin Risser,G,1,746531
Lens,2025-11-30,Angers,away,3-4-2-1,True,6,Samson Baidoo,CD,5,746531
Lens,2025-11-30,Angers,away,3-4-2-1,True,20,Malang Sarr,CD-L,4,746531
Lens,2025-11-30,Angers,away,3-4-2-1,True,25,Pierre Ganiou,CD-R,6,746531
Lens,2025-11-30,Angers,away,3-4-2-1,True,28,Adrien Thomasson,CM-L,8,746531
Lens,2025-11-30,Angers,away,3-4-2-1,True,8,Mamadou Sangare,CM-R,7,746531
Lens,2025-11-30,Angers,away,3-4-2-1,True,14,Matthieu Udol,LM,3,746531
Lens,2025-11-30,Angers,away,3-4-2-1,True,2,Ruben Aguilar,RM,2,746531
Lens,2025-11-30,Angers,away,3-4-2-1,True,11,Odsonne Édouard,F,9,746531
Lens,2025-11-30,Angers,away,3-4-2-1,True,22,Wesley Saïd,CF-L,11,746531
Lens,2025-11-30,Angers,away,3-4-2-1,True,10,Florian Thauvin,CF-R,10,746531
Lens,2025-11-30,Angers,away,3-4-2-1,False,3,Deiver Machado,SUB,0,746531
Lens,2025-11-30,Angers,away,3-4-2-1,False,26,Anthony Bermont,SUB,0,746531
Lens,2025-11-30,Angers,away,3-4-2-1,False,19,Abdallah Sima,SUB,0,746531
Lens,2025-11-30,Angers,away,3-4-2-1,False,15,Hamzat Ojediran,SUB,0,746531
Lens,2025-11-30,Angers,away,3-4-2-1,False,1,Régis Gurtner,SUB,0,746531
Lens,2025-11-30,Angers,away,3-4-2-1,False,38,Rayan Fofana,SUB,0,746531
Lens,2025-11-30,Angers,away,3-4-2-1,False,7,Florian Sotoca,SUB,0,746531
Lens,2025-11-30,Angers,away,3-4-2-1,False,23,Saud Abdulhamid,SUB,0,746531
Lens,2025-11-30,Angers,away,3-4-2-1,False,5,Andrija Bulatovic,SUB,0,746531
Brest,2025-12-05,Monaco,home,4-2-3-1,True,30,Grégoire Coudert,G,1,746541
Brest,2025-12-05,Monaco,home,4-2-3-1,True,44,Soumaila Coulibaly,CD-L,6,746541
Brest,2025-12-05,Monaco,home,4-2-3-1,True,5,Brendan Chardonnet,CD-R,5,746541
Brest,2025-12-05,Monaco,home,4-2-3-1,True,27,Daouda Guindo,LB,3,746541
Brest,2025-12-05,Monaco,home,4-2-3-1,True,77,Kenny Lala,RB,2,746541
Brest,2025-12-05,Monaco,home,4-2-3-1,True,23,Kamory Doumbia,AM,10,746541
Brest,2025-12-05,Monaco,home,4-2-3-1,True,8,Hugo Magnetti,LM,4,746541
Brest,2025-12-05,Monaco,home,4-2-3-1,True,13,Joris Chotard,RM,8,746541
Brest,2025-12-05,Monaco,home,4-2-3-1,True,19,Ludovic Ajorque,F,9,746541
Brest,2025-12-05,Monaco,home,4-2-3-1,True,14,Remy Labeau Lascary,AM-L,11,746541
Brest,2025-12-05,Monaco,home,4-2-3-1,True,10,Romain Del Castillo,AM-R,7,746541
Brest,2025-12-05,Monaco,home,4-2-3-1,False,4,Michel Diaz,SUB,0,746541
Brest,2025-12-05,Monaco,home,4-2-3-1,False,2,Bradley Locko,SUB,0,746541
Brest,2025-12-05,Monaco,home,4-2-3-1,False,50,Noah Jauny,SUB,0,746541
Brest,2025-12-05,Monaco,home,4-2-3-1,False,99,Pathé Mboup,SUB,0,746541
Brest,2025-12-05,Monaco,home,4-2-3-1,False,17,Mama Baldé,SUB,0,746541
Brest,2025-12-05,Monaco,home,4-2-3-1,False,7,Junior Dina Ebimbe,SUB,0,746541
Brest,2025-12-05,Monaco,home,4-2-3-1,False,25,Julien Le Cardinal,SUB,0,746541
Brest,2025-12-05,Monaco,home,4-2-3-1,False,24,Lucas Tousart,SUB,0,746541
Brest,2025-12-05,Monaco,home,4-2-3-1,False,33,Hamidou Makalou,SUB,0,746541
Monaco,2025-12-05,Brest,away,4-2-3-1,True,1,Lukas Hradecky,G,1,746541
Monaco,2025-12-05,Brest,away,4-2-3-1,True,22,Mohammed Salisu,CD-L,6,746541
Monaco,2025-12-05,Brest,away,4-2-3-1,True,4,Jordan Teze,CD-R,5,746541
Monaco,2025-12-05,Brest,away,4-2-3-1,True,12,Caio Henrique,LB,3,746541
Monaco,2025-12-05,Brest,away,4-2-3-1,True,2,Vanderson,RB,2,746541
Monaco,2025-12-05,Brest,away,4-2-3-1,True,18,Takumi Minamino,AM,10,746541
Monaco,2025-12-05,Brest,away,4-2-3-1,True,28,Mamadou Coulibaly,LM,4,746541
Monaco,2025-12-05,Brest,away,4-2-3-1,True,15,Lamine Camara,RM,8,746541
Monaco,2025-12-05,Brest,away,4-2-3-1,True,14,Mika Biereth,F,9,746541
Monaco,2025-12-05,Brest,away,4-2-3-1,True,10,Aleksandr Golovin,AM-L,11,746541
Monaco,2025-12-05,Brest,away,4-2-3-1,True,11,Maghnes Akliouche,AM-R,7,746541
Monaco,2025-12-05,Brest,away,4-2-3-1,False,21,Lucas Michel,SUB,0,746541
Monaco,2025-12-05,Brest,away,4-2-3-1,False,27,Krépin Diatta,SUB,0,746541
Monaco,2025-12-05,Brest,away,4-2-3-1,False,16,Philipp Köhn,SUB,0,746541
Monaco,2025-12-05,Brest,away,4-2-3-1,False,23,Aladji Bamba,SUB,0,746541
Monaco,2025-12-05,Brest,away,4-2-3-1,False,29,Paris Brunner,SUB,0,746541
Monaco,2025-12-05,Brest,away,4-2-3-1,False,17,Stanis Idumbo,SUB,0,746541
Monaco,2025-12-05,Brest,away,4-2-3-1,False,8,Paul Pogba,SUB,0,746541
Monaco,2025-12-05,Brest,away,4-2-3-1,False,20,Kassoum Ouattara,SUB,0,746541
Monaco,2025-12-05,Brest,away,4-2-3-1,False,41,Pape Cabral,SUB,0,746541
Angers,2025-12-12,Nantes,home,4-2-3-1,True,12,Hervé Koffi,G,1,746547
Angers,2025-12-12,Nantes,home,4-2-3-1,True,21,Jordan Lefort,CD-L,6,746547
Angers,2025-12-12,Nantes,home,4-2-3-1,True,4,Ousmane Camara,CD-R,5,746547
Angers,2025-12-12,Nantes,home,4-2-3-1,True,3,Jacques Ekomie,LB,3,746547
Angers,2025-12-12,Nantes,home,4-2-3-1,True,2,Carlens Arcus,RB,2,746547
Angers,2025-12-12,Nantes,home,4-2-3-1,True,6,Louis Mouton,AM,10,746547
Angers,2025-12-12,Nantes,home,4-2-3-1,True,10,Himad Abdelli,LM,4,746547
Angers,2025-12-12,Nantes,home,4-2-3-1,True,93,Haris Belkebla,RM,8,746547
Angers,2025-12-12,Nantes,home,4-2-3-1,True,11,Sidiki Cherif,F,9,746547
Angers,2025-12-12,Nantes,home,4-2-3-1,True,7,Amine Sbaï,AM-L,11,746547
Angers,2025-12-12,Nantes,home,4-2-3-1,True,14,Yassin Belkhdim,AM-R,7,746547
Angers,2025-12-12,Nantes,home,4-2-3-1,False,5,Marius Courcoul,SUB,0,746547
Angers,2025-12-12,Nantes,home,4-2-3-1,False,26,Florent Hanin,SUB,0,746547
Angers,2025-12-12,Nantes,home,4-2-3-1,False,35,Prosper Peter,SUB,0,746547
Angers,2025-12-12,Nantes,home,4-2-3-1,False,16,Melvin Zinga,SUB,0,746547
Angers,2025-12-12,Nantes,home,4-2-3-1,False,27,Lilian Raolisoa,SUB,0,746547
Angers,2025-12-12,Nantes,home,4-2-3-1,False,18,Jim Allevinah,SUB,0,746547
Angers,2025-12-12,Nantes,home,4-2-3-1,False,15,Pierrick Capelle,SUB,0,746547
Angers,2025-12-12,Nantes,home,4-2-3-1,False,25,Abdoulaye Bamba,SUB,0,746547
Angers,2025-12-12,Nantes,home,4-2-3-1,False,31,Harouna Djibirin,SUB,0,746547
Nantes,2025-12-12,Angers,away,4-4-2,True,1,Anthony Lopes,G,1,746547
Nantes,2025-12-12,Angers,away,4-4-2,True,78,Tylel Tati,CD-L,6,746547
Nantes,2025-12-12,Angers,away,4-4-2,True,6,Chidozie Awaziem,CD-R,5,746547
Nantes,2025-12-12,Angers,away,4-4-2,True,98,Kelvin Amian,LB,3,746547
Nantes,2025-12-12,Angers,away,4-4-2,True,18,Fabien Centonze,RB,2,746547
Nantes,2025-12-12,Angers,away,4-4-2,True,80,Junior Mwanga,CM-L,8,746547
Nantes,2025-12-12,Angers,away,4-4-2,True,8,Johann Lepenant,CM-R,4,746547
Nantes,2025-12-12,Angers,away,4-4-2,True,27,Deiver Machado,LM,11,746547
Nantes,2025-12-12,Angers,away,4-4-2,True,90,Yassine Benhattab,RM,7,746547
Nantes,2025-12-12,Angers,away,4-4-2,True,10,Matthis Abline,CF-L,9,746547
Nantes,2025-12-12,Angers,away,4-4-2,True,31,Mostafa Mohamed,CF-R,10,746547
Nantes,2025-12-12,Angers,away,4-4-2,False,5,Kwon Hyeok-Kyu,SUB,0,746547
Nantes,2025-12-12,Angers,away,4-4-2,False,52,Bahmed Deuff,SUB,0,746547
Nantes,2025-12-12,Angers,away,4-4-2,False,13,Francis Coquelin,SUB,0,746547
Nantes,2025-12-12,Angers,away,4-4-2,False,15,Mayckel Lahdo,SUB,0,746547
Nantes,2025-12-12,Angers,away,4-4-2,False,3,Nicolas Cozza,SUB,0,746547
Nantes,2025-12-12,Angers,away,4-4-2,False,26,Uros Radakovic,SUB,0,746547
Nantes,2025-12-12,Angers,away,4-4-2,False,30,Patrick Carlgren,SUB,0,746547
Nantes,2025-12-12,Angers,away,4-4-2,False,19,Youssef El Arabi,SUB,0,746547
Nantes,2025-12-12,Angers,away,4-4-2,False,14,Amady Camara,SUB,0,746547
Lille,2025-12-05,Marseille,home,4-2-3-1,True,1,Berke Özer,G,1,746539
Lille,2025-12-05,Marseille,home,4-2-3-1,True,23,Aïssa Mandi,CD-L,6,746539
Lille,2025-12-05,Marseille,home,4-2-3-1,True,3,Nathan Ngoy,CD-R,5,746539
Lille,2025-12-05,Marseille,home,4-2-3-1,True,15,Romain Perraud,LB,3,746539
Lille,2025-12-05,Marseille,home,4-2-3-1,True,12,Thomas Meunier,RB,2,746539
Lille,2025-12-05,Marseille,home,4-2-3-1,True,10,Hákon Haraldsson,AM,10,746539
Lille,2025-12-05,Marseille,home,4-2-3-1,True,6,Nabil Bentaleb,LM,4,746539
Lille,2025-12-05,Marseille,home,4-2-3-1,True,21,Benjamin André,RM,8,746539
Lille,2025-12-05,Marseille,home,4-2-3-1,True,29,Hamza Igmane,F,9,746539
Lille,2025-12-05,Marseille,home,4-2-3-1,True,11,Osame Sahraoui,AM-L,11,746539
Lille,2025-12-05,Marseille,home,4-2-3-1,True,8,Ethan Mbappé,AM-R,7,746539
Lille,2025-12-05,Marseille,home,4-2-3-1,False,16,Arnaud Bodart,SUB,0,746539
Lille,2025-12-05,Marseille,home,4-2-3-1,False,18,Chancel Mbemba,SUB,0,746539
Lille,2025-12-05,Marseille,home,4-2-3-1,False,38,Maxima Goffi,SUB,0,746539
Lille,2025-12-05,Marseille,home,4-2-3-1,False,9,Olivier Giroud,SUB,0,746539
Lille,2025-12-05,Marseille,home,4-2-3-1,False,17,Ngal'ayel Mukau,SUB,0,746539
Lille,2025-12-05,Marseille,home,4-2-3-1,False,14,Marius Broholm,SUB,0,746539
Lille,2025-12-05,Marseille,home,4-2-3-1,False,7,Matias Fernandez-Pardo,SUB,0,746539
Lille,2025-12-05,Marseille,home,4-2-3-1,False,27,Felix Correia,SUB,0,746539
Lille,2025-12-05,Marseille,home,4-2-3-1,False,26,André Gomes,SUB,0,746539
Marseille,2025-12-05,Lille,away,3-4-2-1,True,1,Gerónimo Rulli,G,1,746539
Marseille,2025-12-05,Lille,away,3-4-2-1,True,5,Leonardo Balerdi,CD,5,746539
Marseille,2025-12-05,Lille,away,3-4-2-1,True,21,Nayef Aguerd,CD-L,4,746539
Marseille,2025-12-05,Lille,away,3-4-2-1,True,28,Benjamin Pavard,CD-R,6,746539
Marseille,2025-12-05,Lille,away,3-4-2-1,True,18,Arthur Vermeeren,CM-L,8,746539
Marseille,2025-12-05,Lille,away,3-4-2-1,True,19,Geoffrey Kondogbia,CM-R,7,746539
Marseille,2025-12-05,Lille,away,3-4-2-1,True,33,Emerson,LM,3,746539
Marseille,2025-12-05,Lille,away,3-4-2-1,True,22,Timothy Weah,RM,2,746539
Marseille,2025-12-05,Lille,away,3-4-2-1,True,97,Pierre-Emerick Aubameyang,F,9,746539
Marseille,2025-12-05,Lille,away,3-4-2-1,True,14,Igor Paixão,CF-L,11,746539
Marseille,2025-12-05,Lille,away,3-4-2-1,True,10,Mason Greenwood,CF-R,10,746539
Marseille,2025-12-05,Lille,away,3-4-2-1,False,26,Bilal Nadir,SUB,0,746539
Marseille,2025-12-05,Lille,away,3-4-2-1,False,50,Darryl Bakola,SUB,0,746539
Marseille,2025-12-05,Lille,away,3-4-2-1,False,12,Jeffrey de Lange,SUB,0,746539
Marseille,2025-12-05,Lille,away,3-4-2-1,False,62,Amir Murillo,SUB,0,746539
Marseille,2025-12-05,Lille,away,3-4-2-1,False,34,Robinio Vaz,SUB,0,746539
Marseille,2025-12-05,Lille,away,3-4-2-1,False,4,CJ Egan-Riley,SUB,0,746539
Marseille,2025-12-05,Lille,away,3-4-2-1,False,17,Matt O'Riley,SUB,0,746539
Marseille,2025-12-05,Lille,away,3-4-2-1,False,8,Angel Gomes,SUB,0,746539
Marseille,2025-12-05,Lille,away,3-4-2-1,False,76,Tadjidine Mmadi,SUB,0,746539
Toulouse,2025-12-06,Strasbourg,home,3-4-2-1,True,1,Guillaume Restes,G,1,746546
Toulouse,2025-12-06,Strasbourg,home,3-4-2-1,True,4,Charlie Cresswell,CD,5,746546
Toulouse,2025-12-06,Strasbourg,home,3-4-2-1,True,2,Rasmus Nicolaisen,CD-L,4,746546
Toulouse,2025-12-06,Strasbourg,home,3-4-2-1,True,3,Mark McKenzie,CD-R,6,746546
Toulouse,2025-12-06,Strasbourg,home,3-4-2-1,True,23,Cristian Cásseres Jr.,CM-L,8,746546
Toulouse,2025-12-06,Strasbourg,home,3-4-2-1,True,45,Alexis Vossah,CM-R,7,746546
Toulouse,2025-12-06,Strasbourg,home,3-4-2-1,True,24,Dayann Methalie,LM,3,746546
Toulouse,2025-12-06,Strasbourg,home,3-4-2-1,True,19,Djibril Sidibé,RM,2,746546
Toulouse,2025-12-06,Strasbourg,home,3-4-2-1,True,20,Emersonn,F,9,746546
Toulouse,2025-12-06,Strasbourg,home,3-4-2-1,True,9,Frank Magri,CF-L,11,746546
Toulouse,2025-12-06,Strasbourg,home,3-4-2-1,True,10,Yann Gboho,CF-R,10,746546
Toulouse,2025-12-06,Strasbourg,home,3-4-2-1,False,31,Noah Edjouma,SUB,0,746546
Toulouse,2025-12-06,Strasbourg,home,3-4-2-1,False,8,Niklas Schmidt,SUB,0,746546
Toulouse,2025-12-06,Strasbourg,home,3-4-2-1,False,34,Noah Lahmadi,SUB,0,746546
Toulouse,2025-12-06,Strasbourg,home,3-4-2-1,False,35,Seny Koumbassa,SUB,0,746546
Toulouse,2025-12-06,Strasbourg,home,3-4-2-1,False,7,Julián Vignolo,SUB,0,746546
Toulouse,2025-12-06,Strasbourg,home,3-4-2-1,False,16,Kjetil Haug,SUB,0,746546
Toulouse,2025-12-06,Strasbourg,home,3-4-2-1,False,22,Rafik Messali,SUB,0,746546
Toulouse,2025-12-06,Strasbourg,home,3-4-2-1,False,12,Waren Kamanzi,SUB,0,746546
Toulouse,2025-12-06,Strasbourg,home,3-4-2-1,False,11,Santiago Hidalgo,SUB,0,746546
Strasbourg,2025-12-06,Toulouse,away,3-4-2-1,True,39,Mike Penders,G,1,746546
Strasbourg,2025-12-06,Toulouse,away,3-4-2-1,True,2,Andrew Omobamidele,CD,5,746546
Strasbourg,2025-12-06,Toulouse,away,3-4-2-1,True,23,Mamadou Sarr,CD-L,4,746546
Strasbourg,2025-12-06,Toulouse,away,3-4-2-1,True,22,Guela Doué,CD-R,6,746546
Strasbourg,2025-12-06,Toulouse,away,3-4-2-1,True,6,Ismael Doukoure,CM-L,8,746546
Strasbourg,2025-12-06,Toulouse,away,3-4-2-1,True,29,Samir El Mourabet,CM-R,7,746546
Strasbourg,2025-12-06,Toulouse,away,3-4-2-1,True,3,Ben Chilwell,LM,3,746546
Strasbourg,2025-12-06,Toulouse,away,3-4-2-1,True,7,Diego Moreira,RM,2,746546
Strasbourg,2025-12-06,Toulouse,away,3-4-2-1,True,9,Joaquín Panichelli,F,9,746546
Strasbourg,2025-12-06,Toulouse,away,3-4-2-1,True,19,Julio Enciso,CF-L,11,746546
Strasbourg,2025-12-06,Toulouse,away,3-4-2-1,True,11,Sebastian Nanasi,CF-R,10,746546
Strasbourg,2025-12-06,Toulouse,away,3-4-2-1,False,16,Kendry Páez,SUB,0,746546
Strasbourg,2025-12-06,Toulouse,away,3-4-2-1,False,50,Stefan Bajic,SUB,0,746546
Strasbourg,2025-12-06,Toulouse,away,3-4-2-1,False,41,Rabby Nzingoula,SUB,0,746546
Strasbourg,2025-12-06,Toulouse,away,3-4-2-1,False,17,Mathis Amougou,SUB,0,746546
Strasbourg,2025-12-06,Toulouse,away,3-4-2-1,False,24,Lucas Høgsberg,SUB,0,746546
Strasbourg,2025-12-06,Toulouse,away,3-4-2-1,False,20,Martial Godo,SUB,0,746546
Strasbourg,2025-12-06,Toulouse,away,3-4-2-1,False,27,Samuel Amo-Ameyaw,SUB,0,746546
Strasbourg,2025-12-06,Toulouse,away,3-4-2-1,False,83,Rafael Luís,SUB,0,746546
Strasbourg,2025-12-06,Toulouse,away,3-4-2-1,False,5,Abakar Sylla,SUB,0,746546
Metz,2025-12-13,PSG,home,4-2-3-1,True,1,Jonathan Fischer,G,1,746552
Metz,2025-12-13,PSG,home,4-2-3-1,True,15,Terry Yegbe,CD-L,6,746552
Metz,2025-12-13,PSG,home,4-2-3-1,True,5,Jean-Philippe Gbamin,CD-R,5,746552
Metz,2025-12-13,PSG,home,4-2-3-1,True,2,Maxime Colin,LB,3,746552
Metz,2025-12-13,PSG,home,4-2-3-1,True,39,Koffi Kouao,RB,2,746552
Metz,2025-12-13,PSG,home,4-2-3-1,True,10,Gauthier Hein,AM,10,746552
Metz,2025-12-13,PSG,home,4-2-3-1,True,8,Boubacar Traore,LM,4,746552
Metz,2025-12-13,PSG,home,4-2-3-1,True,20,Jessy Deminguet,RM,8,746552
Metz,2025-12-13,PSG,home,4-2-3-1,True,30,Habib Diallo,F,9,746552
Metz,2025-12-13,PSG,home,4-2-3-1,True,7,Giorgi Tsitaishvili,AM-L,11,746552
Metz,2025-12-13,PSG,home,4-2-3-1,True,11,Malick Mbaye,AM-R,7,746552
Metz,2025-12-13,PSG,home,4-2-3-1,False,19,Morgan Bokele,SUB,0,746552
Metz,2025-12-13,PSG,home,4-2-3-1,False,40,Ousmane Ba,SUB,0,746552
Metz,2025-12-13,PSG,home,4-2-3-1,False,24,Brian Madjo,SUB,0,746552
Metz,2025-12-13,PSG,home,4-2-3-1,False,14,Cheick Sabaly,SUB,0,746552
Metz,2025-12-13,PSG,home,4-2-3-1,False,38,Sadibou Sané,SUB,0,746552
Metz,2025-12-13,PSG,home,4-2-3-1,False,12,Alpha Touré,SUB,0,746552
Metz,2025-12-13,PSG,home,4-2-3-1,False,23,Ibou Sané,SUB,0,746552
Metz,2025-12-13,PSG,home,4-2-3-1,False,21,Benjamin Stambouli,SUB,0,746552
Metz,2025-12-13,PSG,home,4-2-3-1,False,9,Giorgi Abuashvili,SUB,0,746552
PSG,2025-12-13,Metz,away,4-3-3,True,39,Matvei Safonov,G,1,746552
PSG,2025-12-13,Metz,away,4-3-3,True,51,Willian Pacho,CD-L,6,746552
PSG,2025-12-13,Metz,away,4-3-3,True,6,Illia Zabarnyi,CD-R,5,746552
PSG,2025-12-13,Metz,away,4-3-3,True,21,Lucas Hernández,LB,3,746552
PSG,2025-12-13,Metz,away,4-3-3,True,33,Warren Zaïre-Emery,RB,2,746552
PSG,2025-12-13,Metz,away,4-3-3,True,17,Vitinha,CM,4,746552
PSG,2025-12-13,Metz,away,4-3-3,True,8,Fabián Ruiz,LM,8,746552
PSG,2025-12-13,Metz,away,4-3-3,True,47,Quentin Ndjantou,RM,7,746552
PSG,2025-12-13,Metz,away,4-3-3,True,9,Gonçalo Ramos,F,9,746552
PSG,2025-12-13,Metz,away,4-3-3,True,49,Ibrahim Mbaye,LF,11,746552
PSG,2025-12-13,Metz,away,4-3-3,True,19,Lee Kang-In,RF,10,746552
PSG,2025-12-13,Metz,away,4-3-3,False,7,Khvicha Kvaratskhelia,SUB,0,746552
PSG,2025-12-13,Metz,away,4-3-3,False,25,Nuno Mendes,SUB,0,746552
PSG,2025-12-13,Metz,away,4-3-3,False,14,Désiré Doué,SUB,0,746552
PSG,2025-12-13,Metz,away,4-3-3,False,29,Bradley Barcola,SUB,0,746552
PSG,2025-12-13,Metz,away,4-3-3,False,4,Lucas Beraldo,SUB,0,746552
PSG,2025-12-13,Metz,away,4-3-3,False,87,João Neves,SUB,0,746552
PSG,2025-12-13,Metz,away,4-3-3,False,30,Lucas Chevalier,SUB,0,746552
PSG,2025-12-13,Metz,away,4-3-3,False,89,Renato Marin,SUB,0,746552
Nice,2025-12-07,Angers,home,3-5-2,True,80,Yehvann Diouf,G,1,746544
Nice,2025-12-07,Angers,home,3-5-2,True,28,Juma Bah,CD,5,746544
Nice,2025-12-07,Angers,home,3-5-2,True,26,Melvin Bard,CD-L,4,746544
Nice,2025-12-07,Angers,home,3-5-2,True,33,Antoine Mendy,CD-R,6,746544
Nice,2025-12-07,Angers,home,3-5-2,True,8,Morgan Sanson,CM-L,8,746544
Nice,2025-12-07,Angers,home,3-5-2,True,20,Tom Louchet,CM-R,7,746544
Nice,2025-12-07,Angers,home,3-5-2,True,24,Charles Vanhoutte,AM,11,746544
Nice,2025-12-07,Angers,home,3-5-2,True,2,Ali Abdi,LM,3,746544
Nice,2025-12-07,Angers,home,3-5-2,True,92,Jonathan Clauss,RM,2,746544
Nice,2025-12-07,Angers,home,3-5-2,True,10,Sofiane Diop,CF-L,9,746544
Nice,2025-12-07,Angers,home,3-5-2,True,25,Mohamed-Ali Cho,CF-R,10,746544
Nice,2025-12-07,Angers,home,3-5-2,False,49,Bernard Nguene,SUB,0,746544
Nice,2025-12-07,Angers,home,3-5-2,False,37,Kojo Peprah Oppong,SUB,0,746544
Nice,2025-12-07,Angers,home,3-5-2,False,47,Tiago Gouveia,SUB,0,746544
Nice,2025-12-07,Angers,home,3-5-2,False,21,Isak Jansson,SUB,0,746544
Nice,2025-12-07,Angers,home,3-5-2,False,90,Kevin Carlos,SUB,0,746544
Nice,2025-12-07,Angers,home,3-5-2,False,99,Salis Abdul Samed,SUB,0,746544
Nice,2025-12-07,Angers,home,3-5-2,False,31,Maxime Dupé,SUB,0,746544
Nice,2025-12-07,Angers,home,3-5-2,False,22,Tanguy Ndombele,SUB,0,746544
Nice,2025-12-07,Angers,home,3-5-2,False,6,Hicham Boudaoui,SUB,0,746544
Angers,2025-12-07,Nice,away,4-2-3-1,True,12,Hervé Koffi,G,1,746544
Angers,2025-12-07,Nice,away,4-2-3-1,True,21,Jordan Lefort,CD-L,6,746544
Angers,2025-12-07,Nice,away,4-2-3-1,True,4,Ousmane Camara,CD-R,5,746544
Angers,2025-12-07,Nice,away,4-2-3-1,True,3,Jacques Ekomie,LB,3,746544
Angers,2025-12-07,Nice,away,4-2-3-1,True,2,Carlens Arcus,RB,2,746544
Angers,2025-12-07,Nice,away,4-2-3-1,True,6,Louis Mouton,AM,10,746544
Angers,2025-12-07,Nice,away,4-2-3-1,True,10,Himad Abdelli,LM,4,746544
Angers,2025-12-07,Nice,away,4-2-3-1,True,93,Haris Belkebla,RM,8,746544
Angers,2025-12-07,Nice,away,4-2-3-1,True,11,Sidiki Cherif,F,9,746544
Angers,2025-12-07,Nice,away,4-2-3-1,True,7,Amine Sbaï,AM-L,11,746544
Angers,2025-12-07,Nice,away,4-2-3-1,True,14,Yassin Belkhdim,AM-R,7,746544
Angers,2025-12-07,Nice,away,4-2-3-1,False,25,Abdoulaye Bamba,SUB,0,746544
Angers,2025-12-07,Nice,away,4-2-3-1,False,26,Florent Hanin,SUB,0,746544
Angers,2025-12-07,Nice,away,4-2-3-1,False,16,Melvin Zinga,SUB,0,746544
Angers,2025-12-07,Nice,away,4-2-3-1,False,18,Jim Allevinah,SUB,0,746544
Angers,2025-12-07,Nice,away,4-2-3-1,False,15,Pierrick Capelle,SUB,0,746544
Angers,2025-12-07,Nice,away,4-2-3-1,False,5,Marius Courcoul,SUB,0,746544
Angers,2025-12-07,Nice,away,4-2-3-1,False,27,Lilian Raolisoa,SUB,0,746544
Angers,2025-12-07,Nice,away,4-2-3-1,False,35,Prosper Peter,SUB,0,746544
Angers,2025-12-07,Nice,away,4-2-3-1,False,31,Harouna Djibirin,SUB,0,746544
Le Havre,2025-12-07,Paris FC,home,4-3-3,True,99,Mory Diaw,G,1,746540
Le Havre,2025-12-07,Paris FC,home,4-3-3,True,4,Gautier Lloris,CD-L,6,746540
Le Havre,2025-12-07,Paris FC,home,4-3-3,True,93,Arouna Sangante,CD-R,5,746540
Le Havre,2025-12-07,Paris FC,home,4-3-3,True,18,Yanis Zouaoui,LB,3,746540
Le Havre,2025-12-07,Paris FC,home,4-3-3,True,7,Loïc Négo,RB,2,746540
Le Havre,2025-12-07,Paris FC,home,4-3-3,True,15,Ayumu Seko,CM,4,746540
Le Havre,2025-12-07,Paris FC,home,4-3-3,True,14,Rassoul Ndiaye,LM,8,746540
Le Havre,2025-12-07,Paris FC,home,4-3-3,True,26,Simon Ebonog,RM,7,746540
Le Havre,2025-12-07,Paris FC,home,4-3-3,True,70,Mbwana Samatta,F,9,746540
Le Havre,2025-12-07,Paris FC,home,4-3-3,True,45,Issa Soumaré,LF,11,746540
Le Havre,2025-12-07,Paris FC,home,4-3-3,True,11,Godson Kyeremeh,RF,10,746540
Le Havre,2025-12-07,Paris FC,home,4-3-3,False,6,Etienne Youte Kinkoue,SUB,0,746540
Le Havre,2025-12-07,Paris FC,home,4-3-3,False,78,Daren Mosengo,SUB,0,746540
Le Havre,2025-12-07,Paris FC,home,4-3-3,False,13,Fodé Doucouré,SUB,0,746540
Le Havre,2025-12-07,Paris FC,home,4-3-3,False,10,Félix Mambimbi,SUB,0,746540
Le Havre,2025-12-07,Paris FC,home,4-3-3,False,21,Younes Namli,SUB,0,746540
Le Havre,2025-12-07,Paris FC,home,4-3-3,False,34,Enzo Koffi,SUB,0,746540
Le Havre,2025-12-07,Paris FC,home,4-3-3,False,77,Lionel Mpasi,SUB,0,746540
Le Havre,2025-12-07,Paris FC,home,4-3-3,False,8,Yassine Kechta,SUB,0,746540
Le Havre,2025-12-07,Paris FC,home,4-3-3,False,33,Noam Obougou,SUB,0,746540
Paris FC,2025-12-07,Le Havre,away,4-5-1,True,35,Kevin Trapp,G,1,746540
Paris FC,2025-12-07,Le Havre,away,4-5-1,True,6,Otavio,CD-L,6,746540
Paris FC,2025-12-07,Le Havre,away,4-5-1,True,5,Moustapha Mbow,CD-R,5,746540
Paris FC,2025-12-07,Le Havre,away,4-5-1,True,2,Tuomas Ollila,LB,3,746540
Paris FC,2025-12-07,Le Havre,away,4-5-1,True,14,Hamari Traoré,RB,2,746540
Paris FC,2025-12-07,Le Havre,away,4-5-1,True,17,Adama Camara,CM-L,8,746540
Paris FC,2025-12-07,Le Havre,away,4-5-1,True,4,Vincent Marchetti,CM-R,4,746540
Paris FC,2025-12-07,Le Havre,away,4-5-1,True,21,Maxime López,AM,10,746540
Paris FC,2025-12-07,Le Havre,away,4-5-1,True,27,Moses Simon,LM,11,746540
Paris FC,2025-12-07,Le Havre,away,4-5-1,True,10,Ilan Kebbal,RM,7,746540
Paris FC,2025-12-07,Le Havre,away,4-5-1,True,11,Jean-Phillipe Krasso,F,9,746540
Paris FC,2025-12-07,Le Havre,away,4-5-1,False,20,Julien Lopez,SUB,0,746540
Paris FC,2025-12-07,Le Havre,away,4-5-1,False,7,Alimani Gory,SUB,0,746540
Paris FC,2025-12-07,Le Havre,away,4-5-1,False,12,Nouha Dicko,SUB,0,746540
Paris FC,2025-12-07,Le Havre,away,4-5-1,False,93,Jonathan Ikoné,SUB,0,746540
Paris FC,2025-12-07,Le Havre,away,4-5-1,False,9,Willem Geubbels,SUB,0,746540
Paris FC,2025-12-07,Le Havre,away,4-5-1,False,28,Thibault De Smet,SUB,0,746540
Paris FC,2025-12-07,Le Havre,away,4-5-1,False,15,Timothée Kolodziejczak,SUB,0,746540
Paris FC,2025-12-07,Le Havre,away,4-5-1,False,16,Obed Nkambadio,SUB,0,746540
Paris FC,2025-12-07,Le Havre,away,4-5-1,False,13,Mathieu Cafaro,SUB,0,746540
PSG,2025-12-06,Rennes,home,4-3-3,True,39,Matvei Safonov,G,1,746543
PSG,2025-12-06,Rennes,home,4-3-3,True,51,Willian Pacho,CD-L,6,746543
PSG,2025-12-06,Rennes,home,4-3-3,True,5,Marquinhos,CD-R,5,746543
PSG,2025-12-06,Rennes,home,4-3-3,True,21,Lucas Hernández,LB,3,746543
PSG,2025-12-06,Rennes,home,4-3-3,True,33,Warren Zaïre-Emery,RB,2,746543
PSG,2025-12-06,Rennes,home,4-3-3,True,17,Vitinha,CM,4,746543
PSG,2025-12-06,Rennes,home,4-3-3,True,24,Senny Mayulu,LM,8,746543
PSG,2025-12-06,Rennes,home,4-3-3,True,87,João Neves,RM,7,746543
PSG,2025-12-06,Rennes,home,4-3-3,True,19,Lee Kang-In,F,9,746543
PSG,2025-12-06,Rennes,home,4-3-3,True,7,Khvicha Kvaratskhelia,LF,11,746543
PSG,2025-12-06,Rennes,home,4-3-3,True,29,Bradley Barcola,RF,10,746543
PSG,2025-12-06,Rennes,home,4-3-3,False,9,Gonçalo Ramos,SUB,0,746543
PSG,2025-12-06,Rennes,home,4-3-3,False,89,Renato Marin,SUB,0,746543
PSG,2025-12-06,Rennes,home,4-3-3,False,60,Martin James,SUB,0,746543
PSG,2025-12-06,Rennes,home,4-3-3,False,47,Quentin Ndjantou,SUB,0,746543
PSG,2025-12-06,Rennes,home,4-3-3,False,43,Noham Kamara,SUB,0,746543
PSG,2025-12-06,Rennes,home,4-3-3,False,42,David Boly,SUB,0,746543
PSG,2025-12-06,Rennes,home,4-3-3,False,49,Ibrahim Mbaye,SUB,0,746543
PSG,2025-12-06,Rennes,home,4-3-3,False,10,Ousmane Dembélé,SUB,0,746543
PSG,2025-12-06,Rennes,home,4-3-3,False,8,Fabián Ruiz,SUB,0,746543
Rennes,2025-12-06,PSG,away,3-5-2,True,30,Brice Samba,G,1,746543
Rennes,2025-12-06,PSG,away,3-5-2,True,97,Jérémy Jacquet,CD,5,746543
Rennes,2025-12-06,PSG,away,3-5-2,True,3,Lilian Brassier,CD-L,4,746543
Rennes,2025-12-06,PSG,away,3-5-2,True,48,Abdelhamid Aït Boudlal,CD-R,6,746543
Rennes,2025-12-06,PSG,away,3-5-2,True,6,Djaoui Cissé,CM-L,8,746543
Rennes,2025-12-06,PSG,away,3-5-2,True,45,Mahdi Camara,CM-R,7,746543
Rennes,2025-12-06,PSG,away,3-5-2,True,21,Valentin Rongier,AM,11,746543
Rennes,2025-12-06,PSG,away,3-5-2,True,11,Mousa Al-Tamari,LM,3,746543
Rennes,2025-12-06,PSG,away,3-5-2,True,95,Przemyslaw Frankowski,RM,2,746543
Rennes,2025-12-06,PSG,away,3-5-2,True,9,Esteban Lepaul,CF-L,9,746543
Rennes,2025-12-06,PSG,away,3-5-2,True,7,Breel Embolo,CF-R,10,746543
Rennes,2025-12-06,PSG,away,3-5-2,False,10,Ludovic Blas,SUB,0,746543
Rennes,2025-12-06,PSG,away,3-5-2,False,50,Mathys Silistre,SUB,0,746543
Rennes,2025-12-06,PSG,away,3-5-2,False,24,Anthony Rouault,SUB,0,746543
Rennes,2025-12-06,PSG,away,3-5-2,False,26,Quentin Merlin,SUB,0,746543
Rennes,2025-12-06,PSG,away,3-5-2,False,4,Glen Kamara,SUB,0,746543
Rennes,2025-12-06,PSG,away,3-5-2,False,36,Alidu Seidu,SUB,0,746543
Rennes,2025-12-06,PSG,away,3-5-2,False,75,Elias Legendre,SUB,0,746543
Rennes,2025-12-06,PSG,away,3-5-2,False,39,Mohamed Meïté,SUB,0,746543
Rennes,2025-12-06,PSG,away,3-5-2,False,18,Mahamadou Nagida,SUB,0,746543
Lorient,2025-12-07,Lyon,home,3-4-2-1,True,38,Yvon Mvogo,G,1,746542
Lorient,2025-12-07,Lyon,home,3-4-2-1,True,3,Montassar Talbi,CD,5,746542
Lorient,2025-12-07,Lyon,home,3-4-2-1,True,44,Darlin Yongwa,CD-L,4,746542
Lorient,2025-12-07,Lyon,home,3-4-2-1,True,5,Bamo Meïté,CD-R,6,746542
Lorient,2025-12-07,Lyon,home,3-4-2-1,True,6,Laurent Abergel,CM-L,8,746542
Lorient,2025-12-07,Lyon,home,3-4-2-1,True,62,Arthur Avom,CM-R,7,746542
Lorient,2025-12-07,Lyon,home,3-4-2-1,True,43,Arsène Kouassi,LM,3,746542
Lorient,2025-12-07,Lyon,home,3-4-2-1,True,11,Théo Le Bris,RM,2,746542
Lorient,2025-12-07,Lyon,home,3-4-2-1,True,28,Sambou Soumano,F,9,746542
Lorient,2025-12-07,Lyon,home,3-4-2-1,True,10,Pablo Pagis,CF-L,11,746542
Lorient,2025-12-07,Lyon,home,3-4-2-1,True,17,Jean-Victor Makengo,CF-R,10,746542
Lorient,2025-12-07,Lyon,home,3-4-2-1,False,15,Tosin Aiyegun,SUB,0,746542
Lorient,2025-12-07,Lyon,home,3-4-2-1,False,29,Dermane Karim,SUB,0,746542
Lorient,2025-12-07,Lyon,home,3-4-2-1,False,9,Mohamed Bamba,SUB,0,746542
Lorient,2025-12-07,Lyon,home,3-4-2-1,False,2,Igor Silva,SUB,0,746542
Lorient,2025-12-07,Lyon,home,3-4-2-1,False,32,Nathaniel Adjei,SUB,0,746542
Lorient,2025-12-07,Lyon,home,3-4-2-1,False,12,Bamba Dieng,SUB,0,746542
Lorient,2025-12-07,Lyon,home,3-4-2-1,False,93,Joel Mvuka,SUB,0,746542
Lorient,2025-12-07,Lyon,home,3-4-2-1,False,21,Bingourou Kamara,SUB,0,746542
Lorient,2025-12-07,Lyon,home,3-4-2-1,False,8,Noah Cadiou,SUB,0,746542
Lyon,2025-12-07,Lorient,away,3-4-2-1,True,1,Dominik Greif,G,1,746542
Lyon,2025-12-07,Lorient,away,3-4-2-1,True,19,Moussa Niakhaté,CD,5,746542
Lyon,2025-12-07,Lorient,away,3-4-2-1,True,3,Nicolás Tagliafico,CD-L,4,746542
Lyon,2025-12-07,Lorient,away,3-4-2-1,True,22,Clinton Mata,CD-R,6,746542
Lyon,2025-12-07,Lorient,away,3-4-2-1,True,39,Mathys De Carvalho,CM-L,8,746542
Lyon,2025-12-07,Lorient,away,3-4-2-1,True,23,Tyler Morton,CM-R,7,746542
Lyon,2025-12-07,Lorient,away,3-4-2-1,True,16,Abner,LM,3,746542
Lyon,2025-12-07,Lorient,away,3-4-2-1,True,98,Ainsley Maitland-Niles,RM,2,746542
Lyon,2025-12-07,Lorient,away,3-4-2-1,True,20,Martín Satriano,F,9,746542
Lyon,2025-12-07,Lorient,away,3-4-2-1,True,8,Corentin Tolisso,CF-L,11,746542
Lyon,2025-12-07,Lorient,away,3-4-2-1,True,10,Pavel Sulc,CF-R,10,746542
Lyon,2025-12-07,Lorient,away,3-4-2-1,False,44,Khalis Merah,SUB,0,746542
Lyon,2025-12-07,Lorient,away,3-4-2-1,False,33,Hans Hateboer,SUB,0,746542
Lyon,2025-12-07,Lorient,away,3-4-2-1,False,17,Afonso Moreira,SUB,0,746542
Lyon,2025-12-07,Lorient,away,3-4-2-1,False,32,Alejandro Rodríguez,SUB,0,746542
Lyon,2025-12-07,Lorient,away,3-4-2-1,False,7,Adam Karabec,SUB,0,746542
Lyon,2025-12-07,Lorient,away,3-4-2-1,False,18,Rachid Ghezzal,SUB,0,746542
Lyon,2025-12-07,Lorient,away,3-4-2-1,False,41,Téo Barisic,SUB,0,746542
Lyon,2025-12-07,Lorient,away,3-4-2-1,False,40,Rémy Descamps,SUB,0,746542
Lyon,2025-12-14,Le Havre,home,4-3-3,True,1,Dominik Greif,G,1,746550
Lyon,2025-12-14,Le Havre,home,4-3-3,True,19,Moussa Niakhaté,CD-L,6,746550
Lyon,2025-12-14,Le Havre,home,4-3-3,True,22,Clinton Mata,CD-R,5,746550
Lyon,2025-12-14,Le Havre,home,4-3-3,True,16,Abner,LB,3,746550
Lyon,2025-12-14,Le Havre,home,4-3-3,True,33,Hans Hateboer,RB,2,746550
Lyon,2025-12-14,Le Havre,home,4-3-3,True,23,Tyler Morton,CM,4,746550
Lyon,2025-12-14,Le Havre,home,4-3-3,True,8,Corentin Tolisso,LM,8,746550
Lyon,2025-12-14,Le Havre,home,4-3-3,True,44,Khalis Merah,RM,7,746550
Lyon,2025-12-14,Le Havre,home,4-3-3,True,20,Martín Satriano,F,9,746550
Lyon,2025-12-14,Le Havre,home,4-3-3,True,17,Afonso Moreira,LF,11,746550
Lyon,2025-12-14,Le Havre,home,4-3-3,True,10,Pavel Sulc,RF,10,746550
Lyon,2025-12-14,Le Havre,home,4-3-3,False,21,Ruben Kluivert,SUB,0,746550
Lyon,2025-12-14,Le Havre,home,4-3-3,False,18,Rachid Ghezzal,SUB,0,746550
Lyon,2025-12-14,Le Havre,home,4-3-3,False,34,Adil Hamdani,SUB,0,746550
Lyon,2025-12-14,Le Havre,home,4-3-3,False,46,Tiago Manuel Gonçalves Silva,SUB,0,746550
Lyon,2025-12-14,Le Havre,home,4-3-3,False,32,Alejandro Rodríguez,SUB,0,746550
Lyon,2025-12-14,Le Havre,home,4-3-3,False,39,Mathys De Carvalho,SUB,0,746550
Lyon,2025-12-14,Le Havre,home,4-3-3,False,40,Rémy Descamps,SUB,0,746550
Lyon,2025-12-14,Le Havre,home,4-3-3,False,7,Adam Karabec,SUB,0,746550
Lyon,2025-12-14,Le Havre,home,4-3-3,False,3,Nicolás Tagliafico,SUB,0,746550
Le Havre,2025-12-14,Lyon,away,4-3-3,True,99,Mory Diaw,G,1,746550
Le Havre,2025-12-14,Lyon,away,4-3-3,True,4,Gautier Lloris,CD-L,6,746550
Le Havre,2025-12-14,Lyon,away,4-3-3,True,93,Arouna Sangante,CD-R,5,746550
Le Havre,2025-12-14,Lyon,away,4-3-3,True,18,Yanis Zouaoui,LB,3,746550
Le Havre,2025-12-14,Lyon,away,4-3-3,True,7,Loïc Négo,RB,2,746550
Le Havre,2025-12-14,Lyon,away,4-3-3,True,15,Ayumu Seko,CM,4,746550
Le Havre,2025-12-14,Lyon,away,4-3-3,True,8,Yassine Kechta,LM,8,746550
Le Havre,2025-12-14,Lyon,away,4-3-3,True,14,Rassoul Ndiaye,RM,7,746550
Le Havre,2025-12-14,Lyon,away,4-3-3,True,70,Mbwana Samatta,F,9,746550
Le Havre,2025-12-14,Lyon,away,4-3-3,True,45,Issa Soumaré,LF,11,746550
Le Havre,2025-12-14,Lyon,away,4-3-3,True,21,Younes Namli,RF,10,746550
Le Havre,2025-12-14,Lyon,away,4-3-3,False,11,Godson Kyeremeh,SUB,0,746550
Le Havre,2025-12-14,Lyon,away,4-3-3,False,77,Lionel Mpasi,SUB,0,746550
Le Havre,2025-12-14,Lyon,away,4-3-3,False,13,Fodé Doucouré,SUB,0,746550
Le Havre,2025-12-14,Lyon,away,4-3-3,False,23,Thomas Delaine,SUB,0,746550
Le Havre,2025-12-14,Lyon,away,4-3-3,False,78,Daren Mosengo,SUB,0,746550
Le Havre,2025-12-14,Lyon,away,4-3-3,False,33,Noam Obougou,SUB,0,746550
Le Havre,2025-12-14,Lyon,away,4-3-3,False,10,Félix Mambimbi,SUB,0,746550
Le Havre,2025-12-14,Lyon,away,4-3-3,False,34,Kenny Quetant,SUB,0,746550
Le Havre,2025-12-14,Lyon,away,4-3-3,False,6,Etienne Youte Kinkoue,SUB,0,746550
Paris FC,2025-12-13,Toulouse,home,4-5-1,True,35,Kevin Trapp,G,1,746553
Paris FC,2025-12-13,Toulouse,home,4-5-1,True,6,Otavio,CD-L,6,746553
Paris FC,2025-12-13,Toulouse,home,4-5-1,True,5,Moustapha Mbow,CD-R,5,746553
Paris FC,2025-12-13,Toulouse,home,4-5-1,True,2,Tuomas Ollila,LB,3,746553
Paris FC,2025-12-13,Toulouse,home,4-5-1,True,14,Hamari Traoré,RB,2,746553
Paris FC,2025-12-13,Toulouse,home,4-5-1,True,17,Adama Camara,CM-L,8,746553
Paris FC,2025-12-13,Toulouse,home,4-5-1,True,21,Maxime López,CM-R,4,746553
Paris FC,2025-12-13,Toulouse,home,4-5-1,True,4,Vincent Marchetti,AM,10,746553
Paris FC,2025-12-13,Toulouse,home,4-5-1,True,27,Moses Simon,LM,11,746553
Paris FC,2025-12-13,Toulouse,home,4-5-1,True,10,Ilan Kebbal,RM,7,746553
Paris FC,2025-12-13,Toulouse,home,4-5-1,True,93,Jonathan Ikoné,F,9,746553
Paris FC,2025-12-13,Toulouse,home,4-5-1,False,28,Thibault De Smet,SUB,0,746553
Paris FC,2025-12-13,Toulouse,home,4-5-1,False,16,Obed Nkambadio,SUB,0,746553
Paris FC,2025-12-13,Toulouse,home,4-5-1,False,20,Julien Lopez,SUB,0,746553
Paris FC,2025-12-13,Toulouse,home,4-5-1,False,19,Nhoa Sangui,SUB,0,746553
Paris FC,2025-12-13,Toulouse,home,4-5-1,False,9,Willem Geubbels,SUB,0,746553
Paris FC,2025-12-13,Toulouse,home,4-5-1,False,11,Jean-Phillipe Krasso,SUB,0,746553
Paris FC,2025-12-13,Toulouse,home,4-5-1,False,12,Nouha Dicko,SUB,0,746553
Paris FC,2025-12-13,Toulouse,home,4-5-1,False,15,Timothée Kolodziejczak,SUB,0,746553
Paris FC,2025-12-13,Toulouse,home,4-5-1,False,13,Mathieu Cafaro,SUB,0,746553
Toulouse,2025-12-13,Paris FC,away,3-4-2-1,True,1,Guillaume Restes,G,1,746553
Toulouse,2025-12-13,Paris FC,away,3-4-2-1,True,4,Charlie Cresswell,CD,5,746553
Toulouse,2025-12-13,Paris FC,away,3-4-2-1,True,2,Rasmus Nicolaisen,CD-L,4,746553
Toulouse,2025-12-13,Paris FC,away,3-4-2-1,True,3,Mark McKenzie,CD-R,6,746553
Toulouse,2025-12-13,Paris FC,away,3-4-2-1,True,45,Alexis Vossah,CM-L,8,746553
Toulouse,2025-12-13,Paris FC,away,3-4-2-1,True,23,Cristian Cásseres Jr.,CM-R,7,746553
Toulouse,2025-12-13,Paris FC,away,3-4-2-1,True,24,Dayann Methalie,LM,3,746553
Toulouse,2025-12-13,Paris FC,away,3-4-2-1,True,19,Djibril Sidibé,RM,2,746553
Toulouse,2025-12-13,Paris FC,away,3-4-2-1,True,20,Emersonn,F,9,746553
Toulouse,2025-12-13,Paris FC,away,3-4-2-1,True,10,Yann Gboho,CF-L,11,746553
Toulouse,2025-12-13,Paris FC,away,3-4-2-1,True,11,Santiago Hidalgo,CF-R,10,746553
Toulouse,2025-12-13,Paris FC,away,3-4-2-1,False,22,Rafik Messali,SUB,0,746553
Toulouse,2025-12-13,Paris FC,away,3-4-2-1,False,7,Julián Vignolo,SUB,0,746553
Toulouse,2025-12-13,Paris FC,away,3-4-2-1,False,12,Waren Kamanzi,SUB,0,746553
Toulouse,2025-12-13,Paris FC,away,3-4-2-1,False,35,Seny Koumbassa,SUB,0,746553
Toulouse,2025-12-13,Paris FC,away,3-4-2-1,False,77,Mario Sauer,SUB,0,746553
Toulouse,2025-12-13,Paris FC,away,3-4-2-1,False,16,Kjetil Haug,SUB,0,746553
Toulouse,2025-12-13,Paris FC,away,3-4-2-1,False,8,Niklas Schmidt,SUB,0,746553
Toulouse,2025-12-13,Paris FC,away,3-4-2-1,False,31,Noah Edjouma,SUB,0,746553
Toulouse,2025-12-13,Paris FC,away,3-4-2-1,False,9,Frank Magri,SUB,0,746553
Rennes,2025-12-13,Brest,home,3-5-2,True,30,Brice Samba,G,1,746554
Rennes,2025-12-13,Brest,home,3-5-2,True,24,Anthony Rouault,CD,5,746554
Rennes,2025-12-13,Brest,home,3-5-2,True,3,Lilian Brassier,CD-L,4,746554
Rennes,2025-12-13,Brest,home,3-5-2,True,48,Abdelhamid Aït Boudlal,CD-R,6,746554
Rennes,2025-12-13,Brest,home,3-5-2,True,6,Djaoui Cissé,CM-L,8,746554
Rennes,2025-12-13,Brest,home,3-5-2,True,45,Mahdi Camara,CM-R,7,746554
Rennes,2025-12-13,Brest,home,3-5-2,True,21,Valentin Rongier,AM,11,746554
Rennes,2025-12-13,Brest,home,3-5-2,True,11,Mousa Al-Tamari,LM,3,746554
Rennes,2025-12-13,Brest,home,3-5-2,True,95,Przemyslaw Frankowski,RM,2,746554
Rennes,2025-12-13,Brest,home,3-5-2,True,7,Breel Embolo,CF-L,9,746554
Rennes,2025-12-13,Brest,home,3-5-2,True,9,Esteban Lepaul,CF-R,10,746554
Rennes,2025-12-13,Brest,home,3-5-2,False,4,Glen Kamara,SUB,0,746554
Rennes,2025-12-13,Brest,home,3-5-2,False,36,Alidu Seidu,SUB,0,746554
Rennes,2025-12-13,Brest,home,3-5-2,False,8,Seko Fofana,SUB,0,746554
Rennes,2025-12-13,Brest,home,3-5-2,False,39,Mohamed Meïté,SUB,0,746554
Rennes,2025-12-13,Brest,home,3-5-2,False,18,Mahamadou Nagida,SUB,0,746554
Rennes,2025-12-13,Brest,home,3-5-2,False,10,Ludovic Blas,SUB,0,746554
Rennes,2025-12-13,Brest,home,3-5-2,False,50,Mathys Silistre,SUB,0,746554
Rennes,2025-12-13,Brest,home,3-5-2,False,75,Elias Legendre,SUB,0,746554
Rennes,2025-12-13,Brest,home,3-5-2,False,26,Quentin Merlin,SUB,0,746554
Brest,2025-12-13,Rennes,away,4-2-3-1,True,30,Grégoire Coudert,G,1,746554
Brest,2025-12-13,Rennes,away,4-2-3-1,True,44,Soumaila Coulibaly,CD-L,6,746554
Brest,2025-12-13,Rennes,away,4-2-3-1,True,5,Brendan Chardonnet,CD-R,5,746554
Brest,2025-12-13,Rennes,away,4-2-3-1,True,27,Daouda Guindo,LB,3,746554
Brest,2025-12-13,Rennes,away,4-2-3-1,True,77,Kenny Lala,RB,2,746554
Brest,2025-12-13,Rennes,away,4-2-3-1,True,23,Kamory Doumbia,AM,10,746554
Brest,2025-12-13,Rennes,away,4-2-3-1,True,8,Hugo Magnetti,LM,4,746554
Brest,2025-12-13,Rennes,away,4-2-3-1,True,13,Joris Chotard,RM,8,746554
Brest,2025-12-13,Rennes,away,4-2-3-1,True,17,Mama Baldé,F,9,746554
Brest,2025-12-13,Rennes,away,4-2-3-1,True,99,Pathé Mboup,AM-L,11,746554
Brest,2025-12-13,Rennes,away,4-2-3-1,True,10,Romain Del Castillo,AM-R,7,746554
Brest,2025-12-13,Rennes,away,4-2-3-1,False,33,Hamidou Makalou,SUB,0,746554
Brest,2025-12-13,Rennes,away,4-2-3-1,False,25,Julien Le Cardinal,SUB,0,746554
Brest,2025-12-13,Rennes,away,4-2-3-1,False,1,Radoslaw Majecki,SUB,0,746554
Brest,2025-12-13,Rennes,away,4-2-3-1,False,24,Lucas Tousart,SUB,0,746554
Brest,2025-12-13,Rennes,away,4-2-3-1,False,14,Remy Labeau Lascary,SUB,0,746554
Brest,2025-12-13,Rennes,away,4-2-3-1,False,2,Bradley Locko,SUB,0,746554
Brest,2025-12-13,Rennes,away,4-2-3-1,False,18,Justin Bourgault,SUB,0,746554
Brest,2025-12-13,Rennes,away,4-2-3-1,False,7,Junior Dina Ebimbe,SUB,0,746554
Brest,2025-12-13,Rennes,away,4-2-3-1,False,4,Michel Diaz,SUB,0,746554
Auxerre,2025-12-07,Metz,home,4-3-3,True,16,Donovan Léon,G,1,746538
Auxerre,2025-12-07,Metz,home,4-3-3,True,92,Clément Akpa,CD-L,6,746538
Auxerre,2025-12-07,Metz,home,4-3-3,True,20,Sinaly Diomande,CD-R,5,746538
Auxerre,2025-12-07,Metz,home,4-3-3,True,22,Fredrik Oppegard,LB,3,746538
Auxerre,2025-12-07,Metz,home,4-3-3,True,27,Lamine Sy,RB,2,746538
Auxerre,2025-12-07,Metz,home,4-3-3,True,17,Oussama El Azzouzi,CM,4,746538
Auxerre,2025-12-07,Metz,home,4-3-3,True,5,Kévin Danois,LM,8,746538
Auxerre,2025-12-07,Metz,home,4-3-3,True,34,Rudy Matondo,RM,7,746538
Auxerre,2025-12-07,Metz,home,4-3-3,True,9,Sékou Mara,F,9,746538
Auxerre,2025-12-07,Metz,home,4-3-3,True,19,Danny Namaso,LF,11,746538
Auxerre,2025-12-07,Metz,home,4-3-3,True,10,Lassine Sinayoko,RF,10,746538
Auxerre,2025-12-07,Metz,home,4-3-3,False,18,Assane Dioussé,SUB,0,746538
Auxerre,2025-12-07,Metz,home,4-3-3,False,41,Yvan Zaddy,SUB,0,746538
Auxerre,2025-12-07,Metz,home,4-3-3,False,36,Tidiane Devernois,SUB,0,746538
Auxerre,2025-12-07,Metz,home,4-3-3,False,7,Josué Casimir,SUB,0,746538
Auxerre,2025-12-07,Metz,home,4-3-3,False,40,Théo De Percin,SUB,0,746538
Auxerre,2025-12-07,Metz,home,4-3-3,False,14,Gideon Mensah,SUB,0,746538
Auxerre,2025-12-07,Metz,home,4-3-3,False,43,Evan Diamalunda,SUB,0,746538
Auxerre,2025-12-07,Metz,home,4-3-3,False,38,Alvin Petit Dol,SUB,0,746538
Auxerre,2025-12-07,Metz,home,4-3-3,False,44,Mamoudou Cissokho,SUB,0,746538
Metz,2025-12-07,Auxerre,away,4-2-3-1,True,1,Jonathan Fischer,G,1,746538
Metz,2025-12-07,Auxerre,away,4-2-3-1,True,5,Jean-Philippe Gbamin,CD-L,6,746538
Metz,2025-12-07,Auxerre,away,4-2-3-1,True,38,Sadibou Sané,CD-R,5,746538
Metz,2025-12-07,Auxerre,away,4-2-3-1,True,97,Fodé Ballo-Touré,LB,3,746538
Metz,2025-12-07,Auxerre,away,4-2-3-1,True,2,Maxime Colin,RB,2,746538
Metz,2025-12-07,Auxerre,away,4-2-3-1,True,10,Gauthier Hein,AM,10,746538
Metz,2025-12-07,Auxerre,away,4-2-3-1,True,8,Boubacar Traore,LM,4,746538
Metz,2025-12-07,Auxerre,away,4-2-3-1,True,20,Jessy Deminguet,RM,8,746538
Metz,2025-12-07,Auxerre,away,4-2-3-1,True,99,Joel Asoro,F,9,746538
Metz,2025-12-07,Auxerre,away,4-2-3-1,True,7,Giorgi Tsitaishvili,AM-L,11,746538
Metz,2025-12-07,Auxerre,away,4-2-3-1,True,14,Cheick Sabaly,AM-R,7,746538
Metz,2025-12-07,Auxerre,away,4-2-3-1,False,30,Habib Diallo,SUB,0,746538
Metz,2025-12-07,Auxerre,away,4-2-3-1,False,39,Koffi Kouao,SUB,0,746538
Metz,2025-12-07,Auxerre,away,4-2-3-1,False,12,Alpha Touré,SUB,0,746538
Metz,2025-12-07,Auxerre,away,4-2-3-1,False,24,Brian Madjo,SUB,0,746538
Metz,2025-12-07,Auxerre,away,4-2-3-1,False,40,Ousmane Ba,SUB,0,746538
Metz,2025-12-07,Auxerre,away,4-2-3-1,False,23,Ibou Sané,SUB,0,746538
Metz,2025-12-07,Auxerre,away,4-2-3-1,False,21,Benjamin Stambouli,SUB,0,746538
Metz,2025-12-07,Auxerre,away,4-2-3-1,False,15,Terry Yegbe,SUB,0,746538
Metz,2025-12-07,Auxerre,away,4-2-3-1,False,11,Malick Mbaye,SUB,0,746538
Strasbourg,2025-12-14,Lorient,home,3-4-2-1,True,39,Mike Penders,G,1,746549
Strasbourg,2025-12-14,Lorient,home,3-4-2-1,True,23,Mamadou Sarr,CD,5,746549
Strasbourg,2025-12-14,Lorient,home,3-4-2-1,True,6,Ismael Doukoure,CD-L,4,746549
Strasbourg,2025-12-14,Lorient,home,3-4-2-1,True,22,Guela Doué,CD-R,6,746549
Strasbourg,2025-12-14,Lorient,home,3-4-2-1,True,32,Valentín Barco,CM-L,8,746549
Strasbourg,2025-12-14,Lorient,home,3-4-2-1,True,29,Samir El Mourabet,CM-R,7,746549
Strasbourg,2025-12-14,Lorient,home,3-4-2-1,True,7,Diego Moreira,LM,3,746549
Strasbourg,2025-12-14,Lorient,home,3-4-2-1,True,27,Samuel Amo-Ameyaw,RM,2,746549
Strasbourg,2025-12-14,Lorient,home,3-4-2-1,True,9,Joaquín Panichelli,F,9,746549
Strasbourg,2025-12-14,Lorient,home,3-4-2-1,True,11,Sebastian Nanasi,CF-L,11,746549
Strasbourg,2025-12-14,Lorient,home,3-4-2-1,True,19,Julio Enciso,CF-R,10,746549
Strasbourg,2025-12-14,Lorient,home,3-4-2-1,False,41,Rabby Nzingoula,SUB,0,746549
Strasbourg,2025-12-14,Lorient,home,3-4-2-1,False,20,Martial Godo,SUB,0,746549
Strasbourg,2025-12-14,Lorient,home,3-4-2-1,False,16,Kendry Páez,SUB,0,746549
Strasbourg,2025-12-14,Lorient,home,3-4-2-1,False,42,Abdoul Ouattara,SUB,0,746549
Strasbourg,2025-12-14,Lorient,home,3-4-2-1,False,3,Ben Chilwell,SUB,0,746549
Strasbourg,2025-12-14,Lorient,home,3-4-2-1,False,50,Stefan Bajic,SUB,0,746549
Strasbourg,2025-12-14,Lorient,home,3-4-2-1,False,24,Lucas Høgsberg,SUB,0,746549
Strasbourg,2025-12-14,Lorient,home,3-4-2-1,False,2,Andrew Omobamidele,SUB,0,746549
Strasbourg,2025-12-14,Lorient,home,3-4-2-1,False,17,Mathis Amougou,SUB,0,746549
Lorient,2025-12-14,Strasbourg,away,3-4-2-1,True,38,Yvon Mvogo,G,1,746549
Lorient,2025-12-14,Strasbourg,away,3-4-2-1,True,3,Montassar Talbi,CD,5,746549
Lorient,2025-12-14,Strasbourg,away,3-4-2-1,True,44,Darlin Yongwa,CD-L,4,746549
Lorient,2025-12-14,Strasbourg,away,3-4-2-1,True,5,Bamo Meïté,CD-R,6,746549
Lorient,2025-12-14,Strasbourg,away,3-4-2-1,True,62,Arthur Avom,CM-L,8,746549
Lorient,2025-12-14,Strasbourg,away,3-4-2-1,True,6,Laurent Abergel,CM-R,7,746549
Lorient,2025-12-14,Strasbourg,away,3-4-2-1,True,43,Arsène Kouassi,LM,3,746549
Lorient,2025-12-14,Strasbourg,away,3-4-2-1,True,11,Théo Le Bris,RM,2,746549
Lorient,2025-12-14,Strasbourg,away,3-4-2-1,True,28,Sambou Soumano,F,9,746549
Lorient,2025-12-14,Strasbourg,away,3-4-2-1,True,10,Pablo Pagis,CF-L,11,746549
Lorient,2025-12-14,Strasbourg,away,3-4-2-1,True,17,Jean-Victor Makengo,CF-R,10,746549
Lorient,2025-12-14,Strasbourg,away,3-4-2-1,False,29,Dermane Karim,SUB,0,746549
Lorient,2025-12-14,Strasbourg,away,3-4-2-1,False,8,Noah Cadiou,SUB,0,746549
Lorient,2025-12-14,Strasbourg,away,3-4-2-1,False,12,Bamba Dieng,SUB,0,746549
Lorient,2025-12-14,Strasbourg,away,3-4-2-1,False,32,Nathaniel Adjei,SUB,0,746549
Lorient,2025-12-14,Strasbourg,away,3-4-2-1,False,93,Joel Mvuka,SUB,0,746549
Lorient,2025-12-14,Strasbourg,away,3-4-2-1,False,15,Tosin Aiyegun,SUB,0,746549
Lorient,2025-12-14,Strasbourg,away,3-4-2-1,False,21,Bingourou Kamara,SUB,0,746549
Lorient,2025-12-14,Strasbourg,away,3-4-2-1,False,9,Mohamed Bamba,SUB,0,746549
Lorient,2025-12-14,Strasbourg,away,3-4-2-1,False,2,Igor Silva,SUB,0,746549
Auxerre,2025-12-14,Lille,home,4-3-3,True,16,Donovan Léon,G,1,746548
Auxerre,2025-12-14,Lille,home,4-3-3,True,92,Clément Akpa,CD-L,6,746548
Auxerre,2025-12-14,Lille,home,4-3-3,True,20,Sinaly Diomande,CD-R,5,746548
Auxerre,2025-12-14,Lille,home,4-3-3,True,22,Fredrik Oppegard,LB,3,746548
Auxerre,2025-12-14,Lille,home,4-3-3,True,27,Lamine Sy,RB,2,746548
Auxerre,2025-12-14,Lille,home,4-3-3,True,17,Oussama El Azzouzi,CM,4,746548
Auxerre,2025-12-14,Lille,home,4-3-3,True,5,Kévin Danois,LM,8,746548
Auxerre,2025-12-14,Lille,home,4-3-3,True,34,Rudy Matondo,RM,7,746548
Auxerre,2025-12-14,Lille,home,4-3-3,True,19,Danny Namaso,F,9,746548
Auxerre,2025-12-14,Lille,home,4-3-3,True,10,Lassine Sinayoko,LF,11,746548
Auxerre,2025-12-14,Lille,home,4-3-3,True,7,Josué Casimir,RF,10,746548
Auxerre,2025-12-14,Lille,home,4-3-3,False,18,Assane Dioussé,SUB,0,746548
Auxerre,2025-12-14,Lille,home,4-3-3,False,40,Théo De Percin,SUB,0,746548
Auxerre,2025-12-14,Lille,home,4-3-3,False,23,Ibrahim Osman,SUB,0,746548
Auxerre,2025-12-14,Lille,home,4-3-3,False,14,Gideon Mensah,SUB,0,746548
Auxerre,2025-12-14,Lille,home,4-3-3,False,36,Tidiane Devernois,SUB,0,746548
Auxerre,2025-12-14,Lille,home,4-3-3,False,29,Marvin Senaya,SUB,0,746548
Auxerre,2025-12-14,Lille,home,4-3-3,False,9,Sékou Mara,SUB,0,746548
Auxerre,2025-12-14,Lille,home,4-3-3,False,21,Lasso Coulibaly,SUB,0,746548
Auxerre,2025-12-14,Lille,home,4-3-3,False,4,Francisco Sierralta,SUB,0,746548
Lille,2025-12-14,Auxerre,away,4-2-3-1,True,1,Berke Özer,G,1,746548
Lille,2025-12-14,Auxerre,away,4-2-3-1,True,23,Aïssa Mandi,CD-L,6,746548
Lille,2025-12-14,Auxerre,away,4-2-3-1,True,3,Nathan Ngoy,CD-R,5,746548
Lille,2025-12-14,Auxerre,away,4-2-3-1,True,15,Romain Perraud,LB,3,746548
Lille,2025-12-14,Auxerre,away,4-2-3-1,True,12,Thomas Meunier,RB,2,746548
Lille,2025-12-14,Auxerre,away,4-2-3-1,True,10,Hákon Haraldsson,AM,10,746548
Lille,2025-12-14,Auxerre,away,4-2-3-1,True,6,Nabil Bentaleb,LM,4,746548
Lille,2025-12-14,Auxerre,away,4-2-3-1,True,21,Benjamin André,RM,8,746548
Lille,2025-12-14,Auxerre,away,4-2-3-1,True,9,Olivier Giroud,F,9,746548
Lille,2025-12-14,Auxerre,away,4-2-3-1,True,11,Osame Sahraoui,AM-L,11,746548
Lille,2025-12-14,Auxerre,away,4-2-3-1,True,8,Ethan Mbappé,AM-R,7,746548
Lille,2025-12-14,Auxerre,away,4-2-3-1,False,35,Soriba Diaoune,SUB,0,746548
Lille,2025-12-14,Auxerre,away,4-2-3-1,False,17,Ngal'ayel Mukau,SUB,0,746548
Lille,2025-12-14,Auxerre,away,4-2-3-1,False,16,Arnaud Bodart,SUB,0,746548
Lille,2025-12-14,Auxerre,away,4-2-3-1,False,18,Chancel Mbemba,SUB,0,746548
Lille,2025-12-14,Auxerre,away,4-2-3-1,False,27,Felix Correia,SUB,0,746548
Lille,2025-12-14,Auxerre,away,4-2-3-1,False,22,Tiago Santos,SUB,0,746548
Lille,2025-12-14,Auxerre,away,4-2-3-1,False,28,Ugo Raghouber,SUB,0,746548
Lille,2025-12-14,Auxerre,away,4-2-3-1,False,14,Marius Broholm,SUB,0,746548
Lens,2025-12-14,Nice,home,3-4-2-1,True,40,Robin Risser,G,1,746551
Lens,2025-12-14,Nice,home,3-4-2-1,True,6,Samson Baidoo,CD,5,746551
Lens,2025-12-14,Nice,home,3-4-2-1,True,20,Malang Sarr,CD-L,4,746551
Lens,2025-12-14,Nice,home,3-4-2-1,True,25,Pierre Ganiou,CD-R,6,746551
Lens,2025-12-14,Nice,home,3-4-2-1,True,28,Adrien Thomasson,CM-L,8,746551
Lens,2025-12-14,Nice,home,3-4-2-1,True,8,Mamadou Sangare,CM-R,7,746551
Lens,2025-12-14,Nice,home,3-4-2-1,True,14,Matthieu Udol,LM,3,746551
Lens,2025-12-14,Nice,home,3-4-2-1,True,2,Ruben Aguilar,RM,2,746551
Lens,2025-12-14,Nice,home,3-4-2-1,True,11,Odsonne Édouard,F,9,746551
Lens,2025-12-14,Nice,home,3-4-2-1,True,22,Wesley Saïd,CF-L,11,746551
Lens,2025-12-14,Nice,home,3-4-2-1,True,10,Florian Thauvin,CF-R,10,746551
Lens,2025-12-14,Nice,home,3-4-2-1,False,18,Fode Sylla,SUB,0,746551
Lens,2025-12-14,Nice,home,3-4-2-1,False,26,Anthony Bermont,SUB,0,746551
Lens,2025-12-14,Nice,home,3-4-2-1,False,7,Florian Sotoca,SUB,0,746551
Lens,2025-12-14,Nice,home,3-4-2-1,False,19,Abdallah Sima,SUB,0,746551
Lens,2025-12-14,Nice,home,3-4-2-1,False,1,Régis Gurtner,SUB,0,746551
Lens,2025-12-14,Nice,home,3-4-2-1,False,5,Andrija Bulatovic,SUB,0,746551
Lens,2025-12-14,Nice,home,3-4-2-1,False,29,Morgan Guilavogui,SUB,0,746551
Lens,2025-12-14,Nice,home,3-4-2-1,False,38,Rayan Fofana,SUB,0,746551
Lens,2025-12-14,Nice,home,3-4-2-1,False,23,Saud Abdulhamid,SUB,0,746551
Nice,2025-12-14,Lens,away,4-3-3,True,80,Yehvann Diouf,G,1,746551
Nice,2025-12-14,Lens,away,4-3-3,True,37,Kojo Peprah Oppong,CD-L,6,746551
Nice,2025-12-14,Lens,away,4-3-3,True,33,Antoine Mendy,CD-R,5,746551
Nice,2025-12-14,Lens,away,4-3-3,True,26,Melvin Bard,LB,3,746551
Nice,2025-12-14,Lens,away,4-3-3,True,92,Jonathan Clauss,RB,2,746551
Nice,2025-12-14,Lens,away,4-3-3,True,24,Charles Vanhoutte,CM,4,746551
Nice,2025-12-14,Lens,away,4-3-3,True,8,Morgan Sanson,LM,8,746551
Nice,2025-12-14,Lens,away,4-3-3,True,6,Hicham Boudaoui,RM,7,746551
Nice,2025-12-14,Lens,away,4-3-3,True,10,Sofiane Diop,F,9,746551
Nice,2025-12-14,Lens,away,4-3-3,True,21,Isak Jansson,LF,11,746551
Nice,2025-12-14,Lens,away,4-3-3,True,25,Mohamed-Ali Cho,RF,10,746551
Nice,2025-12-14,Lens,away,4-3-3,False,22,Tanguy Ndombele,SUB,0,746551
Nice,2025-12-14,Lens,away,4-3-3,False,49,Bernard Nguene,SUB,0,746551
Nice,2025-12-14,Lens,away,4-3-3,False,90,Kevin Carlos,SUB,0,746551
Nice,2025-12-14,Lens,away,4-3-3,False,99,Salis Abdul Samed,SUB,0,746551
Nice,2025-12-14,Lens,away,4-3-3,False,47,Tiago Gouveia,SUB,0,746551
Nice,2025-12-14,Lens,away,4-3-3,False,28,Juma Bah,SUB,0,746551
Nice,2025-12-14,Lens,away,4-3-3,False,44,Zoumana Diallo,SUB,0,746551
Nice,2025-12-14,Lens,away,4-3-3,False,2,Ali Abdi,SUB,0,746551
Nice,2025-12-14,Lens,away,4-3-3,False,31,Maxime Dupé,SUB,0,746551
Monaco,2026-01-03,Lyon,home,4-3-1-2,False,16,Philipp Köhn,,0,746561
Monaco,2026-01-03,Lyon,home,4-3-1-2,False,49,Ilane Touré,,0,746561
Monaco,2026-01-03,Lyon,home,4-3-1-2,False,3,Eric Dier,,0,746561
Monaco,2026-01-03,Lyon,home,4-3-1-2,False,17,Stanis Idumbo,,0,746561
Monaco,2026-01-03,Lyon,home,4-3-1-2,False,23,Aladji Bamba,,0,746561
Monaco,2026-01-03,Lyon,home,4-3-1-2,False,19,George Ilenikhena,,0,746561
Monaco,2026-01-03,Lyon,home,4-3-1-2,False,21,Lucas Michel,,0,746561
Monaco,2026-01-03,Lyon,home,4-3-1-2,False,29,Paris Brunner,,0,746561
Monaco,2026-01-03,Lyon,home,4-3-1-2,False,20,Kassoum Ouattara,,0,746561
Monaco,2026-01-03,Lyon,home,4-3-1-2,True,1,Lukas Hradecky,G,1,746561
Monaco,2026-01-03,Lyon,home,4-3-1-2,True,22,Mohammed Salisu,CD-L,6,746561
Monaco,2026-01-03,Lyon,home,4-3-1-2,True,5,Thilo Kehrer,CD-R,5,746561
Monaco,2026-01-03,Lyon,home,4-3-1-2,True,12,Caio Henrique,LB,3,746561
Monaco,2026-01-03,Lyon,home,4-3-1-2,True,13,Christian Mawissa,RB,2,746561
Monaco,2026-01-03,Lyon,home,4-3-1-2,True,9,Folarin Balogun,M,10,746561
Monaco,2026-01-03,Lyon,home,4-3-1-2,True,4,Jordan Teze,CM,4,746561
Monaco,2026-01-03,Lyon,home,4-3-1-2,True,11,Maghnes Akliouche,AM,8,746561
Monaco,2026-01-03,Lyon,home,4-3-1-2,True,10,Aleksandr Golovin,LM,11,746561
Monaco,2026-01-03,Lyon,home,4-3-1-2,True,28,Mamadou Coulibaly,RM,7,746561
Monaco,2026-01-03,Lyon,home,4-3-1-2,True,14,Mika Biereth,CF-R,9,746561
Lyon,2026-01-03,Monaco,away,4-3-1-2,False,18,Rachid Ghezzal,,0,746561
Lyon,2026-01-03,Monaco,away,4-3-1-2,False,41,Téo Barisic,,0,746561
Lyon,2026-01-03,Monaco,away,4-3-1-2,False,40,Rémy Descamps,,0,746561
Lyon,2026-01-03,Monaco,away,4-3-1-2,False,5,Orel Mangala,,0,746561
Lyon,2026-01-03,Monaco,away,4-3-1-2,False,39,Mathys De Carvalho,,0,746561
Lyon,2026-01-03,Monaco,away,4-3-1-2,False,6,Tanner Tessmann,,0,746561
Lyon,2026-01-03,Monaco,away,4-3-1-2,False,20,Martín Satriano,,0,746561
Lyon,2026-01-03,Monaco,away,4-3-1-2,False,33,Hans Hateboer,,0,746561
Lyon,2026-01-03,Monaco,away,4-3-1-2,False,7,Adam Karabec,,0,746561
Lyon,2026-01-03,Monaco,away,4-3-1-2,True,1,Dominik Greif,G,1,746561
Lyon,2026-01-03,Monaco,away,4-3-1-2,True,21,Ruben Kluivert,CD-L,6,746561
Lyon,2026-01-03,Monaco,away,4-3-1-2,True,22,Clinton Mata,CD-R,5,746561
Lyon,2026-01-03,Monaco,away,4-3-1-2,True,3,Nicolás Tagliafico,LB,3,746561
Lyon,2026-01-03,Monaco,away,4-3-1-2,True,98,Ainsley Maitland-Niles,RB,2,746561
Lyon,2026-01-03,Monaco,away,4-3-1-2,True,17,Afonso Moreira,M,10,746561
Lyon,2026-01-03,Monaco,away,4-3-1-2,True,23,Tyler Morton,CM,4,746561
Lyon,2026-01-03,Monaco,away,4-3-1-2,True,44,Khalis Merah,AM,8,746561
Lyon,2026-01-03,Monaco,away,4-3-1-2,True,8,Corentin Tolisso,LM,11,746561
Lyon,2026-01-03,Monaco,away,4-3-1-2,True,16,Abner,RM,7,746561
Lyon,2026-01-03,Monaco,away,4-3-1-2,True,10,Pavel Sulc,CF-R,9,746561
Marseille,2025-12-14,Monaco,home,4-2-3-1,True,1,Gerónimo Rulli,G,1,746555
Marseille,2025-12-14,Monaco,home,4-2-3-1,True,21,Nayef Aguerd,CD-L,6,746555
Marseille,2025-12-14,Monaco,home,4-2-3-1,True,28,Benjamin Pavard,CD-R,5,746555
Marseille,2025-12-14,Monaco,home,4-2-3-1,True,33,Emerson,LB,3,746555
Marseille,2025-12-14,Monaco,home,4-2-3-1,True,62,Amir Murillo,RB,2,746555
Marseille,2025-12-14,Monaco,home,4-2-3-1,True,18,Arthur Vermeeren,AM,10,746555
Marseille,2025-12-14,Monaco,home,4-2-3-1,True,23,Pierre-Emile Højbjerg,LM,4,746555
Marseille,2025-12-14,Monaco,home,4-2-3-1,True,19,Geoffrey Kondogbia,RM,8,746555
Marseille,2025-12-14,Monaco,home,4-2-3-1,True,97,Pierre-Emerick Aubameyang,F,9,746555
Marseille,2025-12-14,Monaco,home,4-2-3-1,True,22,Timothy Weah,AM-L,11,746555
Marseille,2025-12-14,Monaco,home,4-2-3-1,True,10,Mason Greenwood,AM-R,7,746555
Marseille,2025-12-14,Monaco,home,4-2-3-1,False,8,Angel Gomes,SUB,0,746555
Marseille,2025-12-14,Monaco,home,4-2-3-1,False,17,Matt O'Riley,SUB,0,746555
Marseille,2025-12-14,Monaco,home,4-2-3-1,False,26,Bilal Nadir,SUB,0,746555
Marseille,2025-12-14,Monaco,home,4-2-3-1,False,12,Jeffrey de Lange,SUB,0,746555
Marseille,2025-12-14,Monaco,home,4-2-3-1,False,4,CJ Egan-Riley,SUB,0,746555
Marseille,2025-12-14,Monaco,home,4-2-3-1,False,5,Leonardo Balerdi,SUB,0,746555
Marseille,2025-12-14,Monaco,home,4-2-3-1,False,50,Darryl Bakola,SUB,0,746555
Marseille,2025-12-14,Monaco,home,4-2-3-1,False,34,Robinio Vaz,SUB,0,746555
Marseille,2025-12-14,Monaco,home,4-2-3-1,False,14,Igor Paixão,SUB,0,746555
Monaco,2025-12-14,Marseille,away,4-2-3-1,True,1,Lukas Hradecky,G,1,746555
Monaco,2025-12-14,Marseille,away,4-2-3-1,True,22,Mohammed Salisu,CD-L,6,746555
Monaco,2025-12-14,Marseille,away,4-2-3-1,True,5,Thilo Kehrer,CD-R,5,746555
Monaco,2025-12-14,Marseille,away,4-2-3-1,True,12,Caio Henrique,LB,3,746555
Monaco,2025-12-14,Marseille,away,4-2-3-1,True,2,Vanderson,RB,2,746555
Monaco,2025-12-14,Marseille,away,4-2-3-1,True,18,Takumi Minamino,AM,10,746555
Monaco,2025-12-14,Marseille,away,4-2-3-1,True,6,Denis Zakaria,LM,4,746555
Monaco,2025-12-14,Marseille,away,4-2-3-1,True,15,Lamine Camara,RM,8,746555
Monaco,2025-12-14,Marseille,away,4-2-3-1,True,9,Folarin Balogun,F,9,746555
Monaco,2025-12-14,Marseille,away,4-2-3-1,True,10,Aleksandr Golovin,AM-L,11,746555
Monaco,2025-12-14,Marseille,away,4-2-3-1,True,11,Maghnes Akliouche,AM-R,7,746555
Monaco,2025-12-14,Marseille,away,4-2-3-1,False,4,Jordan Teze,SUB,0,746555
Monaco,2025-12-14,Marseille,away,4-2-3-1,False,28,Mamadou Coulibaly,SUB,0,746555
Monaco,2025-12-14,Marseille,away,4-2-3-1,False,20,Kassoum Ouattara,SUB,0,746555
Monaco,2025-12-14,Marseille,away,4-2-3-1,False,3,Eric Dier,SUB,0,746555
Monaco,2025-12-14,Marseille,away,4-2-3-1,False,13,Christian Mawissa,SUB,0,746555
Monaco,2025-12-14,Marseille,away,4-2-3-1,False,17,Stanis Idumbo,SUB,0,746555
Monaco,2025-12-14,Marseille,away,4-2-3-1,False,19,George Ilenikhena,SUB,0,746555
Monaco,2025-12-14,Marseille,away,4-2-3-1,False,14,Mika Biereth,SUB,0,746555
Monaco,2025-12-14,Marseille,away,4-2-3-1,False,16,Philipp Köhn,SUB,0,746555
Toulouse,2026-01-02,Lens,home,3-4-2-1,True,1,Guillaume Restes,G,1,746564
Toulouse,2026-01-02,Lens,home,3-4-2-1,True,4,Charlie Cresswell,CD,5,746564
Toulouse,2026-01-02,Lens,home,3-4-2-1,True,2,Rasmus Nicolaisen,CD-L,4,746564
Toulouse,2026-01-02,Lens,home,3-4-2-1,True,3,Mark McKenzie,CD-R,6,746564
Toulouse,2026-01-02,Lens,home,3-4-2-1,True,45,Alexis Vossah,CM-L,8,746564
Toulouse,2026-01-02,Lens,home,3-4-2-1,True,23,Cristian Cásseres Jr.,CM-R,7,746564
Toulouse,2026-01-02,Lens,home,3-4-2-1,True,19,Djibril Sidibé,LM,3,746564
Toulouse,2026-01-02,Lens,home,3-4-2-1,True,15,Aron Donnum,RM,2,746564
Toulouse,2026-01-02,Lens,home,3-4-2-1,True,20,Emersonn,F,9,746564
Toulouse,2026-01-02,Lens,home,3-4-2-1,True,10,Yann Gboho,CF-L,11,746564
Toulouse,2026-01-02,Lens,home,3-4-2-1,True,22,Rafik Messali,CF-R,10,746564
Toulouse,2026-01-02,Lens,home,3-4-2-1,False,11,Santiago Hidalgo,SUB,0,746564
Toulouse,2026-01-02,Lens,home,3-4-2-1,False,16,Kjetil Haug,SUB,0,746564
Toulouse,2026-01-02,Lens,home,3-4-2-1,False,12,Waren Kamanzi,SUB,0,746564
Toulouse,2026-01-02,Lens,home,3-4-2-1,False,77,Mario Sauer,SUB,0,746564
Toulouse,2026-01-02,Lens,home,3-4-2-1,False,44,Gaetan Bakhouche,SUB,0,746564
Toulouse,2026-01-02,Lens,home,3-4-2-1,False,35,Seny Koumbassa,SUB,0,746564
Toulouse,2026-01-02,Lens,home,3-4-2-1,False,8,Niklas Schmidt,SUB,0,746564
Toulouse,2026-01-02,Lens,home,3-4-2-1,False,7,Julián Vignolo,SUB,0,746564
Toulouse,2026-01-02,Lens,home,3-4-2-1,False,31,Noah Edjouma,SUB,0,746564
Lens,2026-01-02,Toulouse,away,3-4-2-1,True,40,Robin Risser,G,1,746564
Lens,2026-01-02,Toulouse,away,3-4-2-1,True,6,Samson Baidoo,CD,5,746564
Lens,2026-01-02,Toulouse,away,3-4-2-1,True,20,Malang Sarr,CD-L,4,746564
Lens,2026-01-02,Toulouse,away,3-4-2-1,True,25,Pierre Ganiou,CD-R,6,746564
Lens,2026-01-02,Toulouse,away,3-4-2-1,True,5,Andrija Bulatovic,CM-L,8,746564
Lens,2026-01-02,Toulouse,away,3-4-2-1,True,28,Adrien Thomasson,CM-R,7,746564
Lens,2026-01-02,Toulouse,away,3-4-2-1,True,14,Matthieu Udol,LM,3,746564
Lens,2026-01-02,Toulouse,away,3-4-2-1,True,23,Saud Abdulhamid,RM,2,746564
Lens,2026-01-02,Toulouse,away,3-4-2-1,True,11,Odsonne Édouard,F,9,746564
Lens,2026-01-02,Toulouse,away,3-4-2-1,True,22,Wesley Saïd,CF-L,11,746564
Lens,2026-01-02,Toulouse,away,3-4-2-1,True,10,Florian Thauvin,CF-R,10,746564
Lens,2026-01-02,Toulouse,away,3-4-2-1,False,7,Florian Sotoca,SUB,0,746564
Lens,2026-01-02,Toulouse,away,3-4-2-1,False,4,Nidal Celik,SUB,0,746564
Lens,2026-01-02,Toulouse,away,3-4-2-1,False,26,Anthony Bermont,SUB,0,746564
Lens,2026-01-02,Toulouse,away,3-4-2-1,False,19,Abdallah Sima,SUB,0,746564
Lens,2026-01-02,Toulouse,away,3-4-2-1,False,29,Morgan Guilavogui,SUB,0,746564
Lens,2026-01-02,Toulouse,away,3-4-2-1,False,38,Rayan Fofana,SUB,0,746564
Lens,2026-01-02,Toulouse,away,3-4-2-1,False,32,Kyllian Antonio,SUB,0,746564
Lens,2026-01-02,Toulouse,away,3-4-2-1,False,1,Régis Gurtner,SUB,0,746564
Lens,2026-01-02,Toulouse,away,3-4-2-1,False,18,Fode Sylla,SUB,0,746564
Marseille,2026-01-04,Nantes,home,3-4-2-1,True,1,Gerónimo Rulli,G,1,746560
Marseille,2026-01-04,Nantes,home,3-4-2-1,True,4,CJ Egan-Riley,CD,5,746560
Marseille,2026-01-04,Nantes,home,3-4-2-1,True,32,Facundo Medina,CD-L,4,746560
Marseille,2026-01-04,Nantes,home,3-4-2-1,True,28,Benjamin Pavard,CD-R,6,746560
Marseille,2026-01-04,Nantes,home,3-4-2-1,True,23,Pierre-Emile Højbjerg,CM-L,8,746560
Marseille,2026-01-04,Nantes,home,3-4-2-1,True,18,Arthur Vermeeren,CM-R,7,746560
Marseille,2026-01-04,Nantes,home,3-4-2-1,True,33,Emerson,LM,3,746560
Marseille,2026-01-04,Nantes,home,3-4-2-1,True,22,Timothy Weah,RM,2,746560
Marseille,2026-01-04,Nantes,home,3-4-2-1,True,97,Pierre-Emerick Aubameyang,F,9,746560
Marseille,2026-01-04,Nantes,home,3-4-2-1,True,14,Igor Paixão,CF-L,11,746560
Marseille,2026-01-04,Nantes,home,3-4-2-1,True,10,Mason Greenwood,CF-R,10,746560
Marseille,2026-01-04,Nantes,home,3-4-2-1,False,20,Hamed Traoré,SUB,0,746560
Marseille,2026-01-04,Nantes,home,3-4-2-1,False,50,Darryl Bakola,SUB,0,746560
Marseille,2026-01-04,Nantes,home,3-4-2-1,False,26,Bilal Nadir,SUB,0,746560
Marseille,2026-01-04,Nantes,home,3-4-2-1,False,62,Amir Murillo,SUB,0,746560
Marseille,2026-01-04,Nantes,home,3-4-2-1,False,19,Geoffrey Kondogbia,SUB,0,746560
Marseille,2026-01-04,Nantes,home,3-4-2-1,False,9,Amine Gouiri,SUB,0,746560
Marseille,2026-01-04,Nantes,home,3-4-2-1,False,34,Robinio Vaz,SUB,0,746560
Marseille,2026-01-04,Nantes,home,3-4-2-1,False,17,Matt O'Riley,SUB,0,746560
Marseille,2026-01-04,Nantes,home,3-4-2-1,False,12,Jeffrey de Lange,SUB,0,746560
Nantes,2026-01-04,Marseille,away,5-4-1,True,1,Anthony Lopes,G,1,746560
Nantes,2026-01-04,Marseille,away,5-4-1,True,78,Tylel Tati,CD,5,746560
Nantes,2026-01-04,Marseille,away,5-4-1,True,3,Nicolas Cozza,CD-L,4,746560
Nantes,2026-01-04,Marseille,away,5-4-1,True,98,Kelvin Amian,CD-R,6,746560
Nantes,2026-01-04,Marseille,away,5-4-1,True,27,Deiver Machado,LB,3,746560
Nantes,2026-01-04,Marseille,away,5-4-1,True,18,Fabien Centonze,RB,2,746560
Nantes,2026-01-04,Marseille,away,5-4-1,True,80,Junior Mwanga,CM-L,10,746560
Nantes,2026-01-04,Marseille,away,5-4-1,True,13,Francis Coquelin,CM-R,8,746560
Nantes,2026-01-04,Marseille,away,5-4-1,True,10,Matthis Abline,LM,11,746560
Nantes,2026-01-04,Marseille,away,5-4-1,True,17,Dehmaine Tabibou,RM,7,746560
Nantes,2026-01-04,Marseille,away,5-4-1,True,19,Youssef El Arabi,F,9,746560
Nantes,2026-01-04,Marseille,away,5-4-1,False,30,Patrick Carlgren,SUB,0,746560
Nantes,2026-01-04,Marseille,away,5-4-1,False,49,Doumbia Koné,SUB,0,746560
Nantes,2026-01-04,Marseille,away,5-4-1,False,52,Bahmed Deuff,SUB,0,746560
Nantes,2026-01-04,Marseille,away,5-4-1,False,20,Rémy Cabella,SUB,0,746560
Nantes,2026-01-04,Marseille,away,5-4-1,False,26,Uros Radakovic,SUB,0,746560
Nantes,2026-01-04,Marseille,away,5-4-1,False,72,Sékou Doucouré,SUB,0,746560
Nantes,2026-01-04,Marseille,away,5-4-1,False,11,Bahereba Guirassy,SUB,0,746560
Nantes,2026-01-04,Marseille,away,5-4-1,False,8,Johann Lepenant,SUB,0,746560
Nantes,2026-01-04,Marseille,away,5-4-1,False,66,Louis Leroux,SUB,0,746560
Nice,2026-01-03,Strasbourg,home,4-1-4-1,True,31,Maxime Dupé,G,1,746562
Nice,2026-01-03,Strasbourg,home,4-1-4-1,True,37,Kojo Peprah Oppong,CD-L,6,746562
Nice,2026-01-03,Strasbourg,home,4-1-4-1,True,28,Juma Bah,CD-R,5,746562
Nice,2026-01-03,Strasbourg,home,4-1-4-1,True,41,Everton Pereira,DM,4,746562
Nice,2026-01-03,Strasbourg,home,4-1-4-1,True,26,Melvin Bard,LB,3,746562
Nice,2026-01-03,Strasbourg,home,4-1-4-1,True,92,Jonathan Clauss,RB,2,746562
Nice,2026-01-03,Strasbourg,home,4-1-4-1,True,22,Tanguy Ndombele,CM-L,10,746562
Nice,2026-01-03,Strasbourg,home,4-1-4-1,True,8,Morgan Sanson,CM-R,8,746562
Nice,2026-01-03,Strasbourg,home,4-1-4-1,True,10,Sofiane Diop,LM,11,746562
Nice,2026-01-03,Strasbourg,home,4-1-4-1,True,47,Tiago Gouveia,RM,7,746562
Nice,2026-01-03,Strasbourg,home,4-1-4-1,True,25,Mohamed-Ali Cho,F,9,746562
Nice,2026-01-03,Strasbourg,home,4-1-4-1,False,99,Salis Abdul Samed,SUB,0,746562
Nice,2026-01-03,Strasbourg,home,4-1-4-1,False,45,Millan Brignone,SUB,0,746562
Nice,2026-01-03,Strasbourg,home,4-1-4-1,False,38,Enguerrand Bouard,SUB,0,746562
Nice,2026-01-03,Strasbourg,home,4-1-4-1,False,36,Brad-Hamilton Mantsounga,SUB,0,746562
Nice,2026-01-03,Strasbourg,home,4-1-4-1,False,44,Zoumana Diallo,SUB,0,746562
Nice,2026-01-03,Strasbourg,home,4-1-4-1,False,30,Bartosz Zelazowski,SUB,0,746562
Nice,2026-01-03,Strasbourg,home,4-1-4-1,False,49,Bernard Nguene,SUB,0,746562
Nice,2026-01-03,Strasbourg,home,4-1-4-1,False,43,Mousslim Youssouf,SUB,0,746562
Nice,2026-01-03,Strasbourg,home,4-1-4-1,False,11,Elye Wahi,SUB,0,746562
Strasbourg,2026-01-03,Nice,away,4-2-3-1,True,39,Mike Penders,G,1,746562
Strasbourg,2026-01-03,Nice,away,4-2-3-1,True,6,Ismael Doukoure,CD-L,6,746562
Strasbourg,2026-01-03,Nice,away,4-2-3-1,True,24,Lucas Høgsberg,CD-R,5,746562
Strasbourg,2026-01-03,Nice,away,4-2-3-1,True,3,Ben Chilwell,LB,3,746562
Strasbourg,2026-01-03,Nice,away,4-2-3-1,True,42,Abdoul Ouattara,RB,2,746562
Strasbourg,2026-01-03,Nice,away,4-2-3-1,True,19,Julio Enciso,AM,10,746562
Strasbourg,2026-01-03,Nice,away,4-2-3-1,True,32,Valentín Barco,LM,4,746562
Strasbourg,2026-01-03,Nice,away,4-2-3-1,True,29,Samir El Mourabet,RM,8,746562
Strasbourg,2026-01-03,Nice,away,4-2-3-1,True,9,Joaquín Panichelli,F,9,746562
Strasbourg,2026-01-03,Nice,away,4-2-3-1,True,20,Martial Godo,AM-L,11,746562
Strasbourg,2026-01-03,Nice,away,4-2-3-1,True,7,Diego Moreira,AM-R,7,746562
Strasbourg,2026-01-03,Nice,away,4-2-3-1,False,16,Kendry Páez,SUB,0,746562
Strasbourg,2026-01-03,Nice,away,4-2-3-1,False,77,Eduard Sobol,SUB,0,746562
Strasbourg,2026-01-03,Nice,away,4-2-3-1,False,80,Felix Lemarechal,SUB,0,746562
Strasbourg,2026-01-03,Nice,away,4-2-3-1,False,83,Rafael Luís,SUB,0,746562
Strasbourg,2026-01-03,Nice,away,4-2-3-1,False,5,Abakar Sylla,SUB,0,746562
Strasbourg,2026-01-03,Nice,away,4-2-3-1,False,17,Mathis Amougou,SUB,0,746562
Strasbourg,2026-01-03,Nice,away,4-2-3-1,False,27,Samuel Amo-Ameyaw,SUB,0,746562
Strasbourg,2026-01-03,Nice,away,4-2-3-1,False,41,Rabby Nzingoula,SUB,0,746562
Strasbourg,2026-01-03,Nice,away,4-2-3-1,False,1,Karl-Johan Johnsson,SUB,0,746562
Lorient,2026-01-04,Metz,home,3-4-3,True,38,Yvon Mvogo,G,1,746559
Lorient,2026-01-04,Metz,home,3-4-3,True,32,Nathaniel Adjei,CD,5,746559
Lorient,2026-01-04,Metz,home,3-4-3,True,2,Igor Silva,CD-L,4,746559
Lorient,2026-01-04,Metz,home,3-4-3,True,5,Bamo Meïté,CD-R,6,746559
Lorient,2026-01-04,Metz,home,3-4-3,True,8,Noah Cadiou,CM-L,8,746559
Lorient,2026-01-04,Metz,home,3-4-3,True,6,Laurent Abergel,CM-R,7,746559
Lorient,2026-01-04,Metz,home,3-4-3,True,11,Théo Le Bris,LM,3,746559
Lorient,2026-01-04,Metz,home,3-4-3,True,93,Joel Mvuka,RM,2,746559
Lorient,2026-01-04,Metz,home,3-4-3,True,28,Sambou Soumano,F,9,746559
Lorient,2026-01-04,Metz,home,3-4-3,True,10,Pablo Pagis,CF-L,11,746559
Lorient,2026-01-04,Metz,home,3-4-3,True,17,Jean-Victor Makengo,CF-R,10,746559
Lorient,2026-01-04,Metz,home,3-4-3,False,33,Izak Akakpo,SUB,0,746559
Lorient,2026-01-04,Metz,home,3-4-3,False,12,Bamba Dieng,SUB,0,746559
Lorient,2026-01-04,Metz,home,3-4-3,False,35,Lucas Leaudais,SUB,0,746559
Lorient,2026-01-04,Metz,home,3-4-3,False,19,Isaac Monnier,SUB,0,746559
Lorient,2026-01-04,Metz,home,3-4-3,False,9,Mohamed Bamba,SUB,0,746559
Lorient,2026-01-04,Metz,home,3-4-3,False,14,Trevan Sanusi,SUB,0,746559
Lorient,2026-01-04,Metz,home,3-4-3,False,29,Dermane Karim,SUB,0,746559
Lorient,2026-01-04,Metz,home,3-4-3,False,21,Bingourou Kamara,SUB,0,746559
Lorient,2026-01-04,Metz,home,3-4-3,False,34,Daniel Semedo,SUB,0,746559
Metz,2026-01-04,Lorient,away,4-2-3-1,True,1,Jonathan Fischer,G,1,746559
Metz,2026-01-04,Lorient,away,4-2-3-1,True,4,Urie-Michel Mboula,CD-L,6,746559
Metz,2026-01-04,Lorient,away,4-2-3-1,True,38,Sadibou Sané,CD-R,5,746559
Metz,2026-01-04,Lorient,away,4-2-3-1,True,2,Maxime Colin,LB,3,746559
Metz,2026-01-04,Lorient,away,4-2-3-1,True,39,Koffi Kouao,RB,2,746559
Metz,2026-01-04,Lorient,away,4-2-3-1,True,10,Gauthier Hein,AM,10,746559
Metz,2026-01-04,Lorient,away,4-2-3-1,True,8,Boubacar Traore,LM,4,746559
Metz,2026-01-04,Lorient,away,4-2-3-1,True,20,Jessy Deminguet,RM,8,746559
Metz,2026-01-04,Lorient,away,4-2-3-1,True,23,Ibou Sané,F,9,746559
Metz,2026-01-04,Lorient,away,4-2-3-1,True,7,Giorgi Tsitaishvili,AM-L,11,746559
Metz,2026-01-04,Lorient,away,4-2-3-1,True,11,Malick Mbaye,AM-R,7,746559
Metz,2026-01-04,Lorient,away,4-2-3-1,False,40,Ousmane Ba,SUB,0,746559
Metz,2026-01-04,Lorient,away,4-2-3-1,False,97,Fodé Ballo-Touré,SUB,0,746559
Metz,2026-01-04,Lorient,away,4-2-3-1,False,12,Alpha Touré,SUB,0,746559
Metz,2026-01-04,Lorient,away,4-2-3-1,False,21,Benjamin Stambouli,SUB,0,746559
Metz,2026-01-04,Lorient,away,4-2-3-1,False,25,Cleo Mélières,SUB,0,746559
Metz,2026-01-04,Lorient,away,4-2-3-1,False,19,Morgan Bokele,SUB,0,746559
Metz,2026-01-04,Lorient,away,4-2-3-1,False,15,Terry Yegbe,SUB,0,746559
Metz,2026-01-04,Lorient,away,4-2-3-1,False,9,Giorgi Abuashvili,SUB,0,746559
Metz,2026-01-04,Lorient,away,4-2-3-1,False,99,Joel Asoro,SUB,0,746559
Lille,2026-01-03,Rennes,home,4-2-3-1,True,1,Berke Özer,G,1,746558
Lille,2026-01-03,Rennes,home,4-2-3-1,True,4,Alexsandro,CD-L,6,746558
Lille,2026-01-03,Rennes,home,4-2-3-1,True,3,Nathan Ngoy,CD-R,5,746558
Lille,2026-01-03,Rennes,home,4-2-3-1,True,24,Calvin Verdonk,LB,3,746558
Lille,2026-01-03,Rennes,home,4-2-3-1,True,12,Thomas Meunier,RB,2,746558
Lille,2026-01-03,Rennes,home,4-2-3-1,True,10,Hákon Haraldsson,AM,10,746558
Lille,2026-01-03,Rennes,home,4-2-3-1,True,6,Nabil Bentaleb,LM,4,746558
Lille,2026-01-03,Rennes,home,4-2-3-1,True,21,Benjamin André,RM,8,746558
Lille,2026-01-03,Rennes,home,4-2-3-1,True,9,Olivier Giroud,F,9,746558
Lille,2026-01-03,Rennes,home,4-2-3-1,True,7,Matias Fernandez-Pardo,AM-L,11,746558
Lille,2026-01-03,Rennes,home,4-2-3-1,True,14,Marius Broholm,AM-R,7,746558
Lille,2026-01-03,Rennes,home,4-2-3-1,False,16,Arnaud Bodart,SUB,0,746558
Lille,2026-01-03,Rennes,home,4-2-3-1,False,32,Ayyoub Bouaddi,SUB,0,746558
Lille,2026-01-03,Rennes,home,4-2-3-1,False,38,Maxima Goffi,SUB,0,746558
Lille,2026-01-03,Rennes,home,4-2-3-1,False,27,Felix Correia,SUB,0,746558
Lille,2026-01-03,Rennes,home,4-2-3-1,False,35,Soriba Diaoune,SUB,0,746558
Lille,2026-01-03,Rennes,home,4-2-3-1,False,11,Osame Sahraoui,SUB,0,746558
Lille,2026-01-03,Rennes,home,4-2-3-1,False,41,Matah Yondjio,SUB,0,746558
Lille,2026-01-03,Rennes,home,4-2-3-1,False,42,Saad Boussadia,SUB,0,746558
Lille,2026-01-03,Rennes,home,4-2-3-1,False,22,Tiago Santos,SUB,0,746558
Rennes,2026-01-03,Lille,away,3-5-2,True,30,Brice Samba,G,1,746558
Rennes,2026-01-03,Lille,away,3-5-2,True,97,Jérémy Jacquet,CD,5,746558
Rennes,2026-01-03,Lille,away,3-5-2,True,3,Lilian Brassier,CD-L,4,746558
Rennes,2026-01-03,Lille,away,3-5-2,True,36,Alidu Seidu,CD-R,6,746558
Rennes,2026-01-03,Lille,away,3-5-2,True,26,Quentin Merlin,CM-L,8,746558
Rennes,2026-01-03,Lille,away,3-5-2,True,45,Mahdi Camara,CM-R,7,746558
Rennes,2026-01-03,Lille,away,3-5-2,True,21,Valentin Rongier,AM,11,746558
Rennes,2026-01-03,Lille,away,3-5-2,True,11,Mousa Al-Tamari,LM,3,746558
Rennes,2026-01-03,Lille,away,3-5-2,True,95,Przemyslaw Frankowski,RM,2,746558
Rennes,2026-01-03,Lille,away,3-5-2,True,39,Mohamed Meïté,CF-L,9,746558
Rennes,2026-01-03,Lille,away,3-5-2,True,7,Breel Embolo,CF-R,10,746558
Rennes,2026-01-03,Lille,away,3-5-2,False,24,Anthony Rouault,SUB,0,746558
Rennes,2026-01-03,Lille,away,3-5-2,False,10,Ludovic Blas,SUB,0,746558
Rennes,2026-01-03,Lille,away,3-5-2,False,65,Nordan Mukiele,SUB,0,746558
Rennes,2026-01-03,Lille,away,3-5-2,False,50,Mathys Silistre,SUB,0,746558
Rennes,2026-01-03,Lille,away,3-5-2,False,9,Esteban Lepaul,SUB,0,746558
Rennes,2026-01-03,Lille,away,3-5-2,False,4,Glen Kamara,SUB,0,746558
Rennes,2026-01-03,Lille,away,3-5-2,False,74,Paolo Limon,SUB,0,746558
Rennes,2026-01-03,Lille,away,3-5-2,False,35,Elias Legendre,SUB,0,746558
Rennes,2026-01-03,Lille,away,3-5-2,False,6,Djaoui Cissé,SUB,0,746558
Brest,2026-01-04,Auxerre,home,4-4-2,True,30,Grégoire Coudert,G,1,746556
Brest,2026-01-04,Auxerre,home,4-4-2,True,44,Soumaila Coulibaly,CD-L,6,746556
Brest,2026-01-04,Auxerre,home,4-4-2,True,5,Brendan Chardonnet,CD-R,5,746556
Brest,2026-01-04,Auxerre,home,4-4-2,True,27,Daouda Guindo,LB,3,746556
Brest,2026-01-04,Auxerre,home,4-4-2,True,12,Luc Zogbe,RB,2,746556
Brest,2026-01-04,Auxerre,home,4-4-2,True,8,Hugo Magnetti,CM-L,8,746556
Brest,2026-01-04,Auxerre,home,4-4-2,True,13,Joris Chotard,CM-R,4,746556
Brest,2026-01-04,Auxerre,home,4-4-2,True,14,Remy Labeau Lascary,LM,11,746556
Brest,2026-01-04,Auxerre,home,4-4-2,True,10,Romain Del Castillo,RM,7,746556
Brest,2026-01-04,Auxerre,home,4-4-2,True,19,Ludovic Ajorque,CF-L,9,746556
Brest,2026-01-04,Auxerre,home,4-4-2,True,17,Mama Baldé,CF-R,10,746556
Brest,2026-01-04,Auxerre,home,4-4-2,False,21,Ibrahim Kanté,SUB,0,746556
Brest,2026-01-04,Auxerre,home,4-4-2,False,1,Radoslaw Majecki,SUB,0,746556
Brest,2026-01-04,Auxerre,home,4-4-2,False,4,Michel Diaz,SUB,0,746556
Brest,2026-01-04,Auxerre,home,4-4-2,False,18,Justin Bourgault,SUB,0,746556
Brest,2026-01-04,Auxerre,home,4-4-2,False,36,Raphaël Le Guen,SUB,0,746556
Brest,2026-01-04,Auxerre,home,4-4-2,False,33,Hamidou Makalou,SUB,0,746556
Brest,2026-01-04,Auxerre,home,4-4-2,False,99,Pathé Mboup,SUB,0,746556
Brest,2026-01-04,Auxerre,home,4-4-2,False,2,Bradley Locko,SUB,0,746556
Brest,2026-01-04,Auxerre,home,4-4-2,False,24,Lucas Tousart,SUB,0,746556
Auxerre,2026-01-04,Brest,away,4-3-3,True,16,Donovan Léon,G,1,746556
Auxerre,2026-01-04,Brest,away,4-3-3,True,20,Sinaly Diomande,CD-L,6,746556
Auxerre,2026-01-04,Brest,away,4-3-3,True,29,Marvin Senaya,CD-R,5,746556
Auxerre,2026-01-04,Brest,away,4-3-3,True,14,Gideon Mensah,LB,3,746556
Auxerre,2026-01-04,Brest,away,4-3-3,True,27,Lamine Sy,RB,2,746556
Auxerre,2026-01-04,Brest,away,4-3-3,True,42,Elisha Owusu,CM,4,746556
Auxerre,2026-01-04,Brest,away,4-3-3,True,5,Kévin Danois,LM,8,746556
Auxerre,2026-01-04,Brest,away,4-3-3,True,34,Rudy Matondo,RM,7,746556
Auxerre,2026-01-04,Brest,away,4-3-3,True,9,Sékou Mara,F,9,746556
Auxerre,2026-01-04,Brest,away,4-3-3,True,23,Ibrahim Osman,LF,11,746556
Auxerre,2026-01-04,Brest,away,4-3-3,True,7,Josué Casimir,RF,10,746556
Auxerre,2026-01-04,Brest,away,4-3-3,False,44,Mamoudou Cissokho,SUB,0,746556
Auxerre,2026-01-04,Brest,away,4-3-3,False,18,Assane Dioussé,SUB,0,746556
Auxerre,2026-01-04,Brest,away,4-3-3,False,31,Ryan Rodin,SUB,0,746556
Auxerre,2026-01-04,Brest,away,4-3-3,False,22,Fredrik Oppegard,SUB,0,746556
Auxerre,2026-01-04,Brest,away,4-3-3,False,36,Tidiane Devernois,SUB,0,746556
Auxerre,2026-01-04,Brest,away,4-3-3,False,21,Lasso Coulibaly,SUB,0,746556
Auxerre,2026-01-04,Brest,away,4-3-3,False,38,Alvin Petit Dol,SUB,0,746556
Auxerre,2026-01-04,Brest,away,4-3-3,False,43,Evan Diamalunda,SUB,0,746556
Auxerre,2026-01-04,Brest,away,4-3-3,False,40,Théo De Percin,SUB,0,746556
PSG,2026-01-04,Paris FC,home,4-3-3,True,30,Lucas Chevalier,G,1,746563
PSG,2026-01-04,Paris FC,home,4-3-3,True,51,Willian Pacho,CD-L,6,746563
PSG,2026-01-04,Paris FC,home,4-3-3,True,6,Illia Zabarnyi,CD-R,5,746563
PSG,2026-01-04,Paris FC,home,4-3-3,True,25,Nuno Mendes,LB,3,746563
PSG,2026-01-04,Paris FC,home,4-3-3,True,33,Warren Zaïre-Emery,RB,2,746563
PSG,2026-01-04,Paris FC,home,4-3-3,True,17,Vitinha,CM,4,746563
PSG,2026-01-04,Paris FC,home,4-3-3,True,8,Fabián Ruiz,LM,8,746563
PSG,2026-01-04,Paris FC,home,4-3-3,True,87,João Neves,RM,7,746563
PSG,2026-01-04,Paris FC,home,4-3-3,True,10,Ousmane Dembélé,F,9,746563
PSG,2026-01-04,Paris FC,home,4-3-3,True,24,Senny Mayulu,LF,11,746563
PSG,2026-01-04,Paris FC,home,4-3-3,True,14,Désiré Doué,RF,10,746563
PSG,2026-01-04,Paris FC,home,4-3-3,False,5,Marquinhos,SUB,0,746563
PSG,2026-01-04,Paris FC,home,4-3-3,False,70,Arthur Vignaud,SUB,0,746563
PSG,2026-01-04,Paris FC,home,4-3-3,False,29,Bradley Barcola,SUB,0,746563
PSG,2026-01-04,Paris FC,home,4-3-3,False,4,Lucas Beraldo,SUB,0,746563
PSG,2026-01-04,Paris FC,home,4-3-3,False,21,Lucas Hernández,SUB,0,746563
PSG,2026-01-04,Paris FC,home,4-3-3,False,9,Gonçalo Ramos,SUB,0,746563
PSG,2026-01-04,Paris FC,home,4-3-3,False,89,Renato Marin,SUB,0,746563
PSG,2026-01-04,Paris FC,home,4-3-3,False,45,Noah Nsoki,SUB,0,746563
PSG,2026-01-04,Paris FC,home,4-3-3,False,7,Khvicha Kvaratskhelia,SUB,0,746563
Paris FC,2026-01-04,PSG,away,5-4-1,True,35,Kevin Trapp,G,1,746563
Paris FC,2026-01-04,PSG,away,5-4-1,True,15,Timothée Kolodziejczak,CD,5,746563
Paris FC,2026-01-04,PSG,away,5-4-1,True,6,Otavio,CD-L,4,746563
Paris FC,2026-01-04,PSG,away,5-4-1,True,5,Moustapha Mbow,CD-R,6,746563
Paris FC,2026-01-04,PSG,away,5-4-1,True,28,Thibault De Smet,LB,3,746563
Paris FC,2026-01-04,PSG,away,5-4-1,True,19,Nhoa Sangui,RB,2,746563
Paris FC,2026-01-04,PSG,away,5-4-1,True,17,Adama Camara,CM-L,10,746563
Paris FC,2026-01-04,PSG,away,5-4-1,True,21,Maxime López,CM-R,8,746563
Paris FC,2026-01-04,PSG,away,5-4-1,True,7,Alimani Gory,LM,11,746563
Paris FC,2026-01-04,PSG,away,5-4-1,True,93,Jonathan Ikoné,RM,7,746563
Paris FC,2026-01-04,PSG,away,5-4-1,True,9,Willem Geubbels,F,9,746563
Paris FC,2026-01-04,PSG,away,5-4-1,False,4,Vincent Marchetti,SUB,0,746563
Paris FC,2026-01-04,PSG,away,5-4-1,False,26,Lamine Gueye,SUB,0,746563
Paris FC,2026-01-04,PSG,away,5-4-1,False,36,Killian Prouchet,SUB,0,746563
Paris FC,2026-01-04,PSG,away,5-4-1,False,16,Obed Nkambadio,SUB,0,746563
Paris FC,2026-01-04,PSG,away,5-4-1,False,2,Tuomas Ollila,SUB,0,746563
Paris FC,2026-01-04,PSG,away,5-4-1,False,8,Lohann Doucet,SUB,0,746563
Paris FC,2026-01-04,PSG,away,5-4-1,False,37,Mohamed Benoit-Dao,SUB,0,746563
Paris FC,2026-01-04,PSG,away,5-4-1,False,20,Julien Lopez,SUB,0,746563
Paris FC,2026-01-04,PSG,away,5-4-1,False,13,Mathieu Cafaro,SUB,0,746563
Le Havre,2026-01-04,Angers,home,4-1-2-1-2,True,50,Paul Argney,G,1,746557
Le Havre,2026-01-04,Angers,home,4-1-2-1-2,True,4,Gautier Lloris,CD-L,6,746557
Le Havre,2026-01-04,Angers,home,4-1-2-1-2,True,15,Ayumu Seko,CD-R,5,746557
Le Havre,2026-01-04,Angers,home,4-1-2-1-2,True,26,Simon Ebonog,DM,4,746557
Le Havre,2026-01-04,Angers,home,4-1-2-1-2,True,18,Yanis Zouaoui,LB,3,746557
Le Havre,2026-01-04,Angers,home,4-1-2-1-2,True,7,Loïc Négo,RB,2,746557
Le Havre,2026-01-04,Angers,home,4-1-2-1-2,True,10,Félix Mambimbi,AM,8,746557
Le Havre,2026-01-04,Angers,home,4-1-2-1-2,True,8,Yassine Kechta,LM,11,746557
Le Havre,2026-01-04,Angers,home,4-1-2-1-2,True,14,Rassoul Ndiaye,RM,7,746557
Le Havre,2026-01-04,Angers,home,4-1-2-1-2,True,45,Issa Soumaré,CF-L,9,746557
Le Havre,2026-01-04,Angers,home,4-1-2-1-2,True,35,Kenny Quetant,CF-R,10,746557
Le Havre,2026-01-04,Angers,home,4-1-2-1-2,False,11,Godson Kyeremeh,SUB,0,746557
Le Havre,2026-01-04,Angers,home,4-1-2-1-2,False,34,Yanis Beau Djellel,SUB,0,746557
Le Havre,2026-01-04,Angers,home,4-1-2-1-2,False,37,Thomas Rousseau,SUB,0,746557
Le Havre,2026-01-04,Angers,home,4-1-2-1-2,False,33,Noam Obougou,SUB,0,746557
Le Havre,2026-01-04,Angers,home,4-1-2-1-2,False,38,Thierno Bah,SUB,0,746557
Le Havre,2026-01-04,Angers,home,4-1-2-1-2,False,36,Enzo Koffi,SUB,0,746557
Le Havre,2026-01-04,Angers,home,4-1-2-1-2,False,16,Alex Teixeira,SUB,0,746557
Le Havre,2026-01-04,Angers,home,4-1-2-1-2,False,39,Adams Diabaté,SUB,0,746557
Le Havre,2026-01-04,Angers,home,4-1-2-1-2,False,78,Daren Mosengo,SUB,0,746557
Angers,2026-01-04,Le Havre,away,4-2-3-1,True,16,Melvin Zinga,G,1,746557
Angers,2026-01-04,Le Havre,away,4-2-3-1,True,21,Jordan Lefort,CD-L,6,746557
Angers,2026-01-04,Le Havre,away,4-2-3-1,True,25,Abdoulaye Bamba,CD-R,5,746557
Angers,2026-01-04,Le Havre,away,4-2-3-1,True,26,Florent Hanin,LB,3,746557
Angers,2026-01-04,Le Havre,away,4-2-3-1,True,2,Carlens Arcus,RB,2,746557
Angers,2026-01-04,Le Havre,away,4-2-3-1,True,6,Louis Mouton,AM,10,746557
Angers,2026-01-04,Le Havre,away,4-2-3-1,True,93,Haris Belkebla,LM,4,746557
Angers,2026-01-04,Le Havre,away,4-2-3-1,True,5,Marius Courcoul,RM,8,746557
Angers,2026-01-04,Le Havre,away,4-2-3-1,True,11,Sidiki Cherif,F,9,746557
Angers,2026-01-04,Le Havre,away,4-2-3-1,True,7,Amine Sbaï,AM-L,11,746557
Angers,2026-01-04,Le Havre,away,4-2-3-1,True,14,Yassin Belkhdim,AM-R,7,746557
Angers,2026-01-04,Le Havre,away,4-2-3-1,False,17,Justin-Noel Kalumba,SUB,0,746557
Angers,2026-01-04,Le Havre,away,4-2-3-1,False,3,Jacques Ekomie,SUB,0,746557
Angers,2026-01-04,Le Havre,away,4-2-3-1,False,15,Pierrick Capelle,SUB,0,746557
Angers,2026-01-04,Le Havre,away,4-2-3-1,False,27,Lilian Raolisoa,SUB,0,746557
Angers,2026-01-04,Le Havre,away,4-2-3-1,False,35,Prosper Peter,SUB,0,746557
Angers,2026-01-04,Le Havre,away,4-2-3-1,False,40,Oumar Pona,SUB,0,746557
Angers,2026-01-04,Le Havre,away,4-2-3-1,False,23,Dan Sinaté,SUB,0,746557
Angers,2026-01-04,Le Havre,away,4-2-3-1,False,36,Lanroy Machine,SUB,0,746557
Angers,2026-01-04,Le Havre,away,4-2-3-1,False,24,Emmanuel Biumla,SUB,0,746557
Strasbourg,2026-01-18,Metz,home,4-2-3-1,True,39,Mike Penders,G,1,746572
Strasbourg,2026-01-18,Metz,home,4-2-3-1,True,6,Ismael Doukoure,CD-L,6,746572
Strasbourg,2026-01-18,Metz,home,4-2-3-1,True,24,Lucas Høgsberg,CD-R,5,746572
Strasbourg,2026-01-18,Metz,home,4-2-3-1,True,3,Ben Chilwell,LB,3,746572
Strasbourg,2026-01-18,Metz,home,4-2-3-1,True,22,Guela Doué,RB,2,746572
Strasbourg,2026-01-18,Metz,home,4-2-3-1,True,19,Julio Enciso,AM,10,746572
Strasbourg,2026-01-18,Metz,home,4-2-3-1,True,29,Samir El Mourabet,LM,4,746572
Strasbourg,2026-01-18,Metz,home,4-2-3-1,True,32,Valentín Barco,RM,8,746572
Strasbourg,2026-01-18,Metz,home,4-2-3-1,True,9,Joaquín Panichelli,F,9,746572
Strasbourg,2026-01-18,Metz,home,4-2-3-1,True,20,Martial Godo,AM-L,11,746572
Strasbourg,2026-01-18,Metz,home,4-2-3-1,True,7,Diego Moreira,AM-R,7,746572
Strasbourg,2026-01-18,Metz,home,4-2-3-1,False,1,Karl-Johan Johnsson,SUB,0,746572
Strasbourg,2026-01-18,Metz,home,4-2-3-1,False,16,Kendry Páez,SUB,0,746572
Strasbourg,2026-01-18,Metz,home,4-2-3-1,False,80,Felix Lemarechal,SUB,0,746572
Strasbourg,2026-01-18,Metz,home,4-2-3-1,False,5,Abakar Sylla,SUB,0,746572
Strasbourg,2026-01-18,Metz,home,4-2-3-1,False,83,Rafael Luís,SUB,0,746572
Strasbourg,2026-01-18,Metz,home,4-2-3-1,False,27,Samuel Amo-Ameyaw,SUB,0,746572
Strasbourg,2026-01-18,Metz,home,4-2-3-1,False,25,Gessime Yassine,SUB,0,746572
Strasbourg,2026-01-18,Metz,home,4-2-3-1,False,11,Sebastian Nanasi,SUB,0,746572
Strasbourg,2026-01-18,Metz,home,4-2-3-1,False,42,Abdoul Ouattara,SUB,0,746572
Metz,2026-01-18,Strasbourg,away,4-2-3-1,True,1,Jonathan Fischer,G,1,746572
Metz,2026-01-18,Strasbourg,away,4-2-3-1,True,15,Terry Yegbe,CD-L,6,746572
Metz,2026-01-18,Strasbourg,away,4-2-3-1,True,38,Sadibou Sané,CD-R,5,746572
Metz,2026-01-18,Strasbourg,away,4-2-3-1,True,97,Fodé Ballo-Touré,LB,3,746572
Metz,2026-01-18,Strasbourg,away,4-2-3-1,True,2,Maxime Colin,RB,2,746572
Metz,2026-01-18,Strasbourg,away,4-2-3-1,True,10,Gauthier Hein,AM,10,746572
Metz,2026-01-18,Strasbourg,away,4-2-3-1,True,5,Jean-Philippe Gbamin,LM,4,746572
Metz,2026-01-18,Strasbourg,away,4-2-3-1,True,20,Jessy Deminguet,RM,8,746572
Metz,2026-01-18,Strasbourg,away,4-2-3-1,True,23,Ibou Sané,F,9,746572
Metz,2026-01-18,Strasbourg,away,4-2-3-1,True,7,Giorgi Tsitaishvili,AM-L,11,746572
Metz,2026-01-18,Strasbourg,away,4-2-3-1,True,11,Malick Mbaye,AM-R,7,746572
Metz,2026-01-18,Strasbourg,away,4-2-3-1,False,40,Ousmane Ba,SUB,0,746572
Metz,2026-01-18,Strasbourg,away,4-2-3-1,False,4,Urie-Michel Mboula,SUB,0,746572
Metz,2026-01-18,Strasbourg,away,4-2-3-1,False,99,Joel Asoro,SUB,0,746572
Metz,2026-01-18,Strasbourg,away,4-2-3-1,False,9,Giorgi Abuashvili,SUB,0,746572
Metz,2026-01-18,Strasbourg,away,4-2-3-1,False,21,Benjamin Stambouli,SUB,0,746572
Metz,2026-01-18,Strasbourg,away,4-2-3-1,False,12,Alpha Touré,SUB,0,746572
Metz,2026-01-18,Strasbourg,away,4-2-3-1,False,32,Believe Munongo,SUB,0,746572
Metz,2026-01-18,Strasbourg,away,4-2-3-1,False,25,Cleo Mélières,SUB,0,746572
Metz,2026-01-18,Strasbourg,away,4-2-3-1,False,19,Morgan Bokele,SUB,0,746572
PSG,2026-01-16,Lille,home,4-3-3,True,30,Lucas Chevalier,G,1,746570
PSG,2026-01-16,Lille,home,4-3-3,True,51,Willian Pacho,CD-L,6,746570
PSG,2026-01-16,Lille,home,4-3-3,True,5,Marquinhos,CD-R,5,746570
PSG,2026-01-16,Lille,home,4-3-3,True,25,Nuno Mendes,LB,3,746570
PSG,2026-01-16,Lille,home,4-3-3,True,33,Warren Zaïre-Emery,RB,2,746570
PSG,2026-01-16,Lille,home,4-3-3,True,17,Vitinha,CM,4,746570
PSG,2026-01-16,Lille,home,4-3-3,True,8,Fabián Ruiz,LM,8,746570
PSG,2026-01-16,Lille,home,4-3-3,True,24,Senny Mayulu,RM,7,746570
PSG,2026-01-16,Lille,home,4-3-3,True,10,Ousmane Dembélé,F,9,746570
PSG,2026-01-16,Lille,home,4-3-3,True,7,Khvicha Kvaratskhelia,LF,11,746570
PSG,2026-01-16,Lille,home,4-3-3,True,14,Désiré Doué,RF,10,746570
PSG,2026-01-16,Lille,home,4-3-3,False,21,Lucas Hernández,SUB,0,746570
PSG,2026-01-16,Lille,home,4-3-3,False,60,Martin James,SUB,0,746570
PSG,2026-01-16,Lille,home,4-3-3,False,45,Noah Nsoki,SUB,0,746570
PSG,2026-01-16,Lille,home,4-3-3,False,6,Illia Zabarnyi,SUB,0,746570
PSG,2026-01-16,Lille,home,4-3-3,False,89,Renato Marin,SUB,0,746570
PSG,2026-01-16,Lille,home,4-3-3,False,4,Lucas Beraldo,SUB,0,746570
PSG,2026-01-16,Lille,home,4-3-3,False,9,Gonçalo Ramos,SUB,0,746570
PSG,2026-01-16,Lille,home,4-3-3,False,29,Bradley Barcola,SUB,0,746570
Lille,2026-01-16,PSG,away,4-3-3,True,1,Berke Özer,G,1,746570
Lille,2026-01-16,PSG,away,4-3-3,True,23,Aïssa Mandi,CD-L,6,746570
Lille,2026-01-16,PSG,away,4-3-3,True,3,Nathan Ngoy,CD-R,5,746570
Lille,2026-01-16,PSG,away,4-3-3,True,15,Romain Perraud,LB,3,746570
Lille,2026-01-16,PSG,away,4-3-3,True,22,Tiago Santos,RB,2,746570
Lille,2026-01-16,PSG,away,4-3-3,True,6,Nabil Bentaleb,CM,4,746570
Lille,2026-01-16,PSG,away,4-3-3,True,32,Ayyoub Bouaddi,LM,8,746570
Lille,2026-01-16,PSG,away,4-3-3,True,17,Ngal'ayel Mukau,RM,7,746570
Lille,2026-01-16,PSG,away,4-3-3,True,9,Olivier Giroud,F,9,746570
Lille,2026-01-16,PSG,away,4-3-3,True,10,Hákon Haraldsson,LF,11,746570
Lille,2026-01-16,PSG,away,4-3-3,True,8,Ethan Mbappé,RF,10,746570
Lille,2026-01-16,PSG,away,4-3-3,False,4,Alexsandro,SUB,0,746570
Lille,2026-01-16,PSG,away,4-3-3,False,14,Marius Broholm,SUB,0,746570
Lille,2026-01-16,PSG,away,4-3-3,False,12,Thomas Meunier,SUB,0,746570
Lille,2026-01-16,PSG,away,4-3-3,False,35,Soriba Diaoune,SUB,0,746570
Lille,2026-01-16,PSG,away,4-3-3,False,38,Maxima Goffi,SUB,0,746570
Lille,2026-01-16,PSG,away,4-3-3,False,11,Osame Sahraoui,SUB,0,746570
Lille,2026-01-16,PSG,away,4-3-3,False,16,Arnaud Bodart,SUB,0,746570
Lille,2026-01-16,PSG,away,4-3-3,False,18,Chancel Mbemba,SUB,0,746570
Lille,2026-01-16,PSG,away,4-3-3,False,27,Felix Correia,SUB,0,746570
Monaco,2026-01-16,Lorient,home,4-2-2-2,True,16,Philipp Köhn,G,1,746568
Monaco,2026-01-16,Lorient,home,4-2-2-2,True,25,Wout Faes,CD-L,6,746568
Monaco,2026-01-16,Lorient,home,4-2-2-2,True,3,Eric Dier,CD-R,5,746568
Monaco,2026-01-16,Lorient,home,4-2-2-2,True,12,Caio Henrique,LB,3,746568
Monaco,2026-01-16,Lorient,home,4-2-2-2,True,20,Kassoum Ouattara,RB,2,746568
Monaco,2026-01-16,Lorient,home,4-2-2-2,True,4,Jordan Teze,CM-L,8,746568
Monaco,2026-01-16,Lorient,home,4-2-2-2,True,6,Denis Zakaria,CM-R,4,746568
Monaco,2026-01-16,Lorient,home,4-2-2-2,True,9,Folarin Balogun,CF-L,9,746568
Monaco,2026-01-16,Lorient,home,4-2-2-2,True,14,Mika Biereth,CF-R,10,746568
Monaco,2026-01-16,Lorient,home,4-2-2-2,True,10,Aleksandr Golovin,AM-L,11,746568
Monaco,2026-01-16,Lorient,home,4-2-2-2,True,11,Maghnes Akliouche,AM-R,7,746568
Monaco,2026-01-16,Lorient,home,4-2-2-2,False,29,Paris Brunner,SUB,0,746568
Monaco,2026-01-16,Lorient,home,4-2-2-2,False,50,Yann Lienard,SUB,0,746568
Monaco,2026-01-16,Lorient,home,4-2-2-2,False,40,Jules Stawiecki,SUB,0,746568
Monaco,2026-01-16,Lorient,home,4-2-2-2,False,44,Samuel Nibombé,SUB,0,746568
Monaco,2026-01-16,Lorient,home,4-2-2-2,False,49,Ilane Touré,SUB,0,746568
Monaco,2026-01-16,Lorient,home,4-2-2-2,False,19,George Ilenikhena,SUB,0,746568
Monaco,2026-01-16,Lorient,home,4-2-2-2,False,23,Aladji Bamba,SUB,0,746568
Monaco,2026-01-16,Lorient,home,4-2-2-2,False,2,Vanderson,SUB,0,746568
Monaco,2026-01-16,Lorient,home,4-2-2-2,False,31,Ansu Fati,SUB,0,746568
Lorient,2026-01-16,Monaco,away,3-4-2-1,True,38,Yvon Mvogo,G,1,746568
Lorient,2026-01-16,Monaco,away,3-4-2-1,True,3,Montassar Talbi,CD,5,746568
Lorient,2026-01-16,Monaco,away,3-4-2-1,True,2,Igor Silva,CD-L,4,746568
Lorient,2026-01-16,Monaco,away,3-4-2-1,True,5,Bamo Meïté,CD-R,6,746568
Lorient,2026-01-16,Monaco,away,3-4-2-1,True,6,Laurent Abergel,CM-L,8,746568
Lorient,2026-01-16,Monaco,away,3-4-2-1,True,8,Noah Cadiou,CM-R,7,746568
Lorient,2026-01-16,Monaco,away,3-4-2-1,True,43,Arsène Kouassi,LM,3,746568
Lorient,2026-01-16,Monaco,away,3-4-2-1,True,11,Théo Le Bris,RM,2,746568
Lorient,2026-01-16,Monaco,away,3-4-2-1,True,12,Bamba Dieng,F,9,746568
Lorient,2026-01-16,Monaco,away,3-4-2-1,True,10,Pablo Pagis,CF-L,11,746568
Lorient,2026-01-16,Monaco,away,3-4-2-1,True,17,Jean-Victor Makengo,CF-R,10,746568
Lorient,2026-01-16,Monaco,away,3-4-2-1,False,9,Mohamed Bamba,SUB,0,746568
Lorient,2026-01-16,Monaco,away,3-4-2-1,False,29,Dermane Karim,SUB,0,746568
Lorient,2026-01-16,Monaco,away,3-4-2-1,False,35,Lucas Leaudais,SUB,0,746568
Lorient,2026-01-16,Monaco,away,3-4-2-1,False,34,Martin Bley,SUB,0,746568
Lorient,2026-01-16,Monaco,away,3-4-2-1,False,33,Sohan Baldoni,SUB,0,746568
Lorient,2026-01-16,Monaco,away,3-4-2-1,False,93,Joel Mvuka,SUB,0,746568
Lorient,2026-01-16,Monaco,away,3-4-2-1,False,32,Nathaniel Adjei,SUB,0,746568
Lorient,2026-01-16,Monaco,away,3-4-2-1,False,7,Bandiougou Fadiga,SUB,0,746568
Lorient,2026-01-16,Monaco,away,3-4-2-1,False,21,Bingourou Kamara,SUB,0,746568
Lens,2026-01-17,Auxerre,home,3-4-2-1,True,40,Robin Risser,G,1,746566
Lens,2026-01-17,Auxerre,home,3-4-2-1,True,6,Samson Baidoo,CD,5,746566
Lens,2026-01-17,Auxerre,home,3-4-2-1,True,20,Malang Sarr,CD-L,4,746566
Lens,2026-01-17,Auxerre,home,3-4-2-1,True,25,Pierre Ganiou,CD-R,6,746566
Lens,2026-01-17,Auxerre,home,3-4-2-1,True,5,Andrija Bulatovic,CM-L,8,746566
Lens,2026-01-17,Auxerre,home,3-4-2-1,True,28,Adrien Thomasson,CM-R,7,746566
Lens,2026-01-17,Auxerre,home,3-4-2-1,True,14,Matthieu Udol,LM,3,746566
Lens,2026-01-17,Auxerre,home,3-4-2-1,True,23,Saud Abdulhamid,RM,2,746566
Lens,2026-01-17,Auxerre,home,3-4-2-1,True,38,Rayan Fofana,F,9,746566
Lens,2026-01-17,Auxerre,home,3-4-2-1,True,22,Wesley Saïd,CF-L,11,746566
Lens,2026-01-17,Auxerre,home,3-4-2-1,True,10,Florian Thauvin,CF-R,10,746566
Lens,2026-01-17,Auxerre,home,3-4-2-1,False,34,Erawan Garnier,SUB,0,746566
Lens,2026-01-17,Auxerre,home,3-4-2-1,False,29,Morgan Guilavogui,SUB,0,746566
Lens,2026-01-17,Auxerre,home,3-4-2-1,False,2,Ruben Aguilar,SUB,0,746566
Lens,2026-01-17,Auxerre,home,3-4-2-1,False,18,Fode Sylla,SUB,0,746566
Lens,2026-01-17,Auxerre,home,3-4-2-1,False,19,Abdallah Sima,SUB,0,746566
Lens,2026-01-17,Auxerre,home,3-4-2-1,False,60,Ilan Jourdren,SUB,0,746566
Lens,2026-01-17,Auxerre,home,3-4-2-1,False,32,Kyllian Antonio,SUB,0,746566
Lens,2026-01-17,Auxerre,home,3-4-2-1,False,8,Mamadou Sangare,SUB,0,746566
Lens,2026-01-17,Auxerre,home,3-4-2-1,False,7,Florian Sotoca,SUB,0,746566
Auxerre,2026-01-17,Lens,away,5-3-2,True,16,Donovan Léon,G,1,746566
Auxerre,2026-01-17,Lens,away,5-3-2,True,20,Sinaly Diomande,CD,5,746566
Auxerre,2026-01-17,Lens,away,5-3-2,True,92,Clément Akpa,CD-L,4,746566
Auxerre,2026-01-17,Lens,away,5-3-2,True,29,Marvin Senaya,CD-R,6,746566
Auxerre,2026-01-17,Lens,away,5-3-2,True,22,Fredrik Oppegard,LB,3,746566
Auxerre,2026-01-17,Lens,away,5-3-2,True,27,Lamine Sy,RB,2,746566
Auxerre,2026-01-17,Lens,away,5-3-2,True,17,Oussama El Azzouzi,CM,8,746566
Auxerre,2026-01-17,Lens,away,5-3-2,True,5,Kévin Danois,CM-L,11,746566
Auxerre,2026-01-17,Lens,away,5-3-2,True,8,Naouirou Ahamada,CM-R,7,746566
Auxerre,2026-01-17,Lens,away,5-3-2,True,19,Danny Namaso,CF-L,9,746566
Auxerre,2026-01-17,Lens,away,5-3-2,True,10,Lassine Sinayoko,CF-R,10,746566
Auxerre,2026-01-17,Lens,away,5-3-2,False,38,Alvin Petit Dol,SUB,0,746566
Auxerre,2026-01-17,Lens,away,5-3-2,False,34,Rudy Matondo,SUB,0,746566
Auxerre,2026-01-17,Lens,away,5-3-2,False,40,Théo De Percin,SUB,0,746566
Auxerre,2026-01-17,Lens,away,5-3-2,False,13,Telli Siwe,SUB,0,746566
Auxerre,2026-01-17,Lens,away,5-3-2,False,18,Assane Dioussé,SUB,0,746566
Auxerre,2026-01-17,Lens,away,5-3-2,False,9,Sékou Mara,SUB,0,746566
Auxerre,2026-01-17,Lens,away,5-3-2,False,7,Josué Casimir,SUB,0,746566
Auxerre,2026-01-17,Lens,away,5-3-2,False,28,Romain Faivre,SUB,0,746566
Auxerre,2026-01-17,Lens,away,5-3-2,False,21,Lasso Coulibaly,SUB,0,746566
Toulouse,2026-01-17,Nice,home,3-4-3,True,1,Guillaume Restes,G,1,746573
Toulouse,2026-01-17,Nice,home,3-4-3,True,4,Charlie Cresswell,CD,5,746573
Toulouse,2026-01-17,Nice,home,3-4-3,True,2,Rasmus Nicolaisen,CD-L,4,746573
Toulouse,2026-01-17,Nice,home,3-4-3,True,19,Djibril Sidibé,CD-R,6,746573
Toulouse,2026-01-17,Nice,home,3-4-3,True,18,Pape Diop,CM-L,8,746573
Toulouse,2026-01-17,Nice,home,3-4-3,True,45,Alexis Vossah,CM-R,7,746573
Toulouse,2026-01-17,Nice,home,3-4-3,True,15,Aron Donnum,LM,3,746573
Toulouse,2026-01-17,Nice,home,3-4-3,True,22,Rafik Messali,RM,2,746573
Toulouse,2026-01-17,Nice,home,3-4-3,True,9,Frank Magri,F,9,746573
Toulouse,2026-01-17,Nice,home,3-4-3,True,10,Yann Gboho,CF-L,11,746573
Toulouse,2026-01-17,Nice,home,3-4-3,True,11,Santiago Hidalgo,CF-R,10,746573
Toulouse,2026-01-17,Nice,home,3-4-3,False,44,Gaetan Bakhouche,SUB,0,746573
Toulouse,2026-01-17,Nice,home,3-4-3,False,7,Julián Vignolo,SUB,0,746573
Toulouse,2026-01-17,Nice,home,3-4-3,False,16,Kjetil Haug,SUB,0,746573
Toulouse,2026-01-17,Nice,home,3-4-3,False,35,Seny Koumbassa,SUB,0,746573
Toulouse,2026-01-17,Nice,home,3-4-3,False,12,Waren Kamanzi,SUB,0,746573
Toulouse,2026-01-17,Nice,home,3-4-3,False,23,Cristian Cásseres Jr.,SUB,0,746573
Toulouse,2026-01-17,Nice,home,3-4-3,False,8,Niklas Schmidt,SUB,0,746573
Toulouse,2026-01-17,Nice,home,3-4-3,False,77,Mario Sauer,SUB,0,746573
Toulouse,2026-01-17,Nice,home,3-4-3,False,31,Noah Edjouma,SUB,0,746573
Nice,2026-01-17,Toulouse,away,4-3-3,True,31,Maxime Dupé,G,1,746573
Nice,2026-01-17,Toulouse,away,4-3-3,True,36,Brad-Hamilton Mantsounga,CD-L,6,746573
Nice,2026-01-17,Toulouse,away,4-3-3,True,28,Juma Bah,CD-R,5,746573
Nice,2026-01-17,Toulouse,away,4-3-3,True,26,Melvin Bard,LB,3,746573
Nice,2026-01-17,Toulouse,away,4-3-3,True,92,Jonathan Clauss,RB,2,746573
Nice,2026-01-17,Toulouse,away,4-3-3,True,41,Everton Pereira,CM,4,746573
Nice,2026-01-17,Toulouse,away,4-3-3,True,8,Morgan Sanson,LM,8,746573
Nice,2026-01-17,Toulouse,away,4-3-3,True,22,Tanguy Ndombele,RM,7,746573
Nice,2026-01-17,Toulouse,away,4-3-3,True,11,Elye Wahi,F,9,746573
Nice,2026-01-17,Toulouse,away,4-3-3,True,21,Isak Jansson,LF,11,746573
Nice,2026-01-17,Toulouse,away,4-3-3,True,20,Tom Louchet,RF,10,746573
Nice,2026-01-17,Toulouse,away,4-3-3,False,99,Salis Abdul Samed,SUB,0,746573
Nice,2026-01-17,Toulouse,away,4-3-3,False,2,Ali Abdi,SUB,0,746573
Nice,2026-01-17,Toulouse,away,4-3-3,False,30,Bartosz Zelazowski,SUB,0,746573
Nice,2026-01-17,Toulouse,away,4-3-3,False,44,Zoumana Diallo,SUB,0,746573
Nice,2026-01-17,Toulouse,away,4-3-3,False,90,Kevin Carlos,SUB,0,746573
Nice,2026-01-17,Toulouse,away,4-3-3,False,47,Tiago Gouveia,SUB,0,746573
Nice,2026-01-17,Toulouse,away,4-3-3,False,24,Charles Vanhoutte,SUB,0,746573
Nice,2026-01-17,Toulouse,away,4-3-3,False,37,Kojo Peprah Oppong,SUB,0,746573
Nice,2026-01-17,Toulouse,away,4-3-3,False,25,Mohamed-Ali Cho,SUB,0,746573
Angers,2026-01-17,Marseille,home,4-2-3-1,True,12,Hervé Koffi,G,1,746565
Angers,2026-01-17,Marseille,home,4-2-3-1,True,21,Jordan Lefort,CD-L,6,746565
Angers,2026-01-17,Marseille,home,4-2-3-1,True,4,Ousmane Camara,CD-R,5,746565
Angers,2026-01-17,Marseille,home,4-2-3-1,True,3,Jacques Ekomie,LB,3,746565
Angers,2026-01-17,Marseille,home,4-2-3-1,True,2,Carlens Arcus,RB,2,746565
Angers,2026-01-17,Marseille,home,4-2-3-1,True,6,Louis Mouton,AM,10,746565
Angers,2026-01-17,Marseille,home,4-2-3-1,True,5,Marius Courcoul,LM,4,746565
Angers,2026-01-17,Marseille,home,4-2-3-1,True,93,Haris Belkebla,RM,8,746565
Angers,2026-01-17,Marseille,home,4-2-3-1,True,35,Prosper Peter,F,9,746565
Angers,2026-01-17,Marseille,home,4-2-3-1,True,7,Amine Sbaï,AM-L,11,746565
Angers,2026-01-17,Marseille,home,4-2-3-1,True,14,Yassin Belkhdim,AM-R,7,746565
Angers,2026-01-17,Marseille,home,4-2-3-1,False,15,Pierrick Capelle,SUB,0,746565
Angers,2026-01-17,Marseille,home,4-2-3-1,False,26,Florent Hanin,SUB,0,746565
Angers,2026-01-17,Marseille,home,4-2-3-1,False,31,Harouna Djibirin,SUB,0,746565
Angers,2026-01-17,Marseille,home,4-2-3-1,False,40,Oumar Pona,SUB,0,746565
Angers,2026-01-17,Marseille,home,4-2-3-1,False,18,Jim Allevinah,SUB,0,746565
Angers,2026-01-17,Marseille,home,4-2-3-1,False,11,Sidiki Cherif,SUB,0,746565
Angers,2026-01-17,Marseille,home,4-2-3-1,False,25,Abdoulaye Bamba,SUB,0,746565
Angers,2026-01-17,Marseille,home,4-2-3-1,False,24,Emmanuel Biumla,SUB,0,746565
Angers,2026-01-17,Marseille,home,4-2-3-1,False,20,Marius Louãr,SUB,0,746565
Marseille,2026-01-17,Angers,away,3-4-2-1,True,1,Gerónimo Rulli,G,1,746565
Marseille,2026-01-17,Angers,away,3-4-2-1,True,5,Leonardo Balerdi,CD,5,746565
Marseille,2026-01-17,Angers,away,3-4-2-1,True,32,Facundo Medina,CD-L,4,746565
Marseille,2026-01-17,Angers,away,3-4-2-1,True,62,Amir Murillo,CD-R,6,746565
Marseille,2026-01-17,Angers,away,3-4-2-1,True,23,Pierre-Emile Højbjerg,CM-L,8,746565
Marseille,2026-01-17,Angers,away,3-4-2-1,True,26,Bilal Nadir,CM-R,7,746565
Marseille,2026-01-17,Angers,away,3-4-2-1,True,33,Emerson,LM,3,746565
Marseille,2026-01-17,Angers,away,3-4-2-1,True,22,Timothy Weah,RM,2,746565
Marseille,2026-01-17,Angers,away,3-4-2-1,True,9,Amine Gouiri,F,9,746565
Marseille,2026-01-17,Angers,away,3-4-2-1,True,20,Hamed Traoré,CF-L,11,746565
Marseille,2026-01-17,Angers,away,3-4-2-1,True,10,Mason Greenwood,CF-R,10,746565
Marseille,2026-01-17,Angers,away,3-4-2-1,False,18,Arthur Vermeeren,SUB,0,746565
Marseille,2026-01-17,Angers,away,3-4-2-1,False,14,Igor Paixão,SUB,0,746565
Marseille,2026-01-17,Angers,away,3-4-2-1,False,4,CJ Egan-Riley,SUB,0,746565
Marseille,2026-01-17,Angers,away,3-4-2-1,False,12,Jeffrey de Lange,SUB,0,746565
Marseille,2026-01-17,Angers,away,3-4-2-1,False,50,Darryl Bakola,SUB,0,746565
Marseille,2026-01-17,Angers,away,3-4-2-1,False,8,Angel Gomes,SUB,0,746565
Marseille,2026-01-17,Angers,away,3-4-2-1,False,19,Geoffrey Kondogbia,SUB,0,746565
Marseille,2026-01-17,Angers,away,3-4-2-1,False,17,Matt O'Riley,SUB,0,746565
Marseille,2026-01-17,Angers,away,3-4-2-1,False,97,Pierre-Emerick Aubameyang,SUB,0,746565
Nantes,2026-01-18,Paris FC,home,3-4-3,True,1,Anthony Lopes,G,1,746569
Nantes,2026-01-18,Paris FC,home,3-4-3,True,78,Tylel Tati,CD,5,746569
Nantes,2026-01-18,Paris FC,home,3-4-3,True,3,Nicolas Cozza,CD-L,4,746569
Nantes,2026-01-18,Paris FC,home,3-4-3,True,28,Ibrahima Sissoko,CD-R,6,746569
Nantes,2026-01-18,Paris FC,home,3-4-3,True,80,Junior Mwanga,CM-L,8,746569
Nantes,2026-01-18,Paris FC,home,3-4-3,True,13,Francis Coquelin,CM-R,7,746569
Nantes,2026-01-18,Paris FC,home,3-4-3,True,27,Deiver Machado,LM,3,746569
Nantes,2026-01-18,Paris FC,home,3-4-3,True,98,Kelvin Amian,RM,2,746569
Nantes,2026-01-18,Paris FC,home,3-4-3,True,19,Youssef El Arabi,F,9,746569
Nantes,2026-01-18,Paris FC,home,3-4-3,True,20,Rémy Cabella,CF-L,11,746569
Nantes,2026-01-18,Paris FC,home,3-4-3,True,10,Matthis Abline,CF-R,10,746569
Nantes,2026-01-18,Paris FC,home,3-4-3,False,37,Ignatius Ganago,SUB,0,746569
Nantes,2026-01-18,Paris FC,home,3-4-3,False,11,Bahereba Guirassy,SUB,0,746569
Nantes,2026-01-18,Paris FC,home,3-4-3,False,49,Doumbia Koné,SUB,0,746569
Nantes,2026-01-18,Paris FC,home,3-4-3,False,8,Johann Lepenant,SUB,0,746569
Nantes,2026-01-18,Paris FC,home,3-4-3,False,30,Patrick Carlgren,SUB,0,746569
Nantes,2026-01-18,Paris FC,home,3-4-3,False,52,Bahmed Deuff,SUB,0,746569
Nantes,2026-01-18,Paris FC,home,3-4-3,False,72,Sékou Doucouré,SUB,0,746569
Nantes,2026-01-18,Paris FC,home,3-4-3,False,14,Amady Camara,SUB,0,746569
Nantes,2026-01-18,Paris FC,home,3-4-3,False,26,Uros Radakovic,SUB,0,746569
Paris FC,2026-01-18,Nantes,away,5-4-1,True,35,Kevin Trapp,G,1,746569
Paris FC,2026-01-18,Nantes,away,5-4-1,True,15,Timothée Kolodziejczak,CD,5,746569
Paris FC,2026-01-18,Nantes,away,5-4-1,True,6,Otavio,CD-L,4,746569
Paris FC,2026-01-18,Nantes,away,5-4-1,True,5,Moustapha Mbow,CD-R,6,746569
Paris FC,2026-01-18,Nantes,away,5-4-1,True,19,Nhoa Sangui,LB,3,746569
Paris FC,2026-01-18,Nantes,away,5-4-1,True,14,Hamari Traoré,RB,2,746569
Paris FC,2026-01-18,Nantes,away,5-4-1,True,17,Adama Camara,CM-L,10,746569
Paris FC,2026-01-18,Nantes,away,5-4-1,True,21,Maxime López,CM-R,8,746569
Paris FC,2026-01-18,Nantes,away,5-4-1,True,7,Alimani Gory,LM,11,746569
Paris FC,2026-01-18,Nantes,away,5-4-1,True,10,Ilan Kebbal,RM,7,746569
Paris FC,2026-01-18,Nantes,away,5-4-1,True,11,Jean-Phillipe Krasso,F,9,746569
Paris FC,2026-01-18,Nantes,away,5-4-1,False,18,Marshall Munetsi,SUB,0,746569
Paris FC,2026-01-18,Nantes,away,5-4-1,False,28,Thibault De Smet,SUB,0,746569
Paris FC,2026-01-18,Nantes,away,5-4-1,False,13,Mathieu Cafaro,SUB,0,746569
Paris FC,2026-01-18,Nantes,away,5-4-1,False,20,Julien Lopez,SUB,0,746569
Paris FC,2026-01-18,Nantes,away,5-4-1,False,16,Obed Nkambadio,SUB,0,746569
Paris FC,2026-01-18,Nantes,away,5-4-1,False,2,Tuomas Ollila,SUB,0,746569
Paris FC,2026-01-18,Nantes,away,5-4-1,False,8,Lohann Doucet,SUB,0,746569
Paris FC,2026-01-18,Nantes,away,5-4-1,False,4,Vincent Marchetti,SUB,0,746569
Paris FC,2026-01-18,Nantes,away,5-4-1,False,24,Luca Koleosho,SUB,0,746569
Rennes,2026-01-18,Le Havre,home,3-1-4-2,False,50,Mathys Silistre,,0,746571
Rennes,2026-01-18,Le Havre,home,3-1-4-2,False,10,Ludovic Blas,,0,746571
Rennes,2026-01-18,Le Havre,home,3-1-4-2,False,60,Kilian Belazzoug,,0,746571
Rennes,2026-01-18,Le Havre,home,3-1-4-2,False,18,Mahamadou Nagida,,0,746571
Rennes,2026-01-18,Le Havre,home,3-1-4-2,False,35,Elias Legendre,,0,746571
Rennes,2026-01-18,Le Havre,home,3-1-4-2,False,8,Seko Fofana,,0,746571
Rennes,2026-01-18,Le Havre,home,3-1-4-2,False,4,Glen Kamara,,0,746571
Rennes,2026-01-18,Le Havre,home,3-1-4-2,False,39,Mohamed Meïté,,0,746571
Rennes,2026-01-18,Le Havre,home,3-1-4-2,False,6,Djaoui Cissé,,0,746571
Rennes,2026-01-18,Le Havre,home,3-1-4-2,True,30,Brice Samba,G,1,746571
Rennes,2026-01-18,Le Havre,home,3-1-4-2,True,24,Anthony Rouault,CD,4,746571
Rennes,2026-01-18,Le Havre,home,3-1-4-2,True,3,Lilian Brassier,CD-L,6,746571
Rennes,2026-01-18,Le Havre,home,3-1-4-2,True,36,Alidu Seidu,CD-R,5,746571
Rennes,2026-01-18,Le Havre,home,3-1-4-2,True,21,Valentin Rongier,SW,8,746571
Rennes,2026-01-18,Le Havre,home,3-1-4-2,True,26,Quentin Merlin,CM-L,11,746571
Rennes,2026-01-18,Le Havre,home,3-1-4-2,True,45,Mahdi Camara,CM-R,7,746571
Rennes,2026-01-18,Le Havre,home,3-1-4-2,True,11,Mousa Al-Tamari,LM,3,746571
Rennes,2026-01-18,Le Havre,home,3-1-4-2,True,95,Przemyslaw Frankowski,RM,2,746571
Rennes,2026-01-18,Le Havre,home,3-1-4-2,True,9,Esteban Lepaul,CF-L,10,746571
Rennes,2026-01-18,Le Havre,home,3-1-4-2,True,7,Breel Embolo,CF-R,9,746571
Le Havre,2026-01-18,Rennes,away,3-4-1-2,True,77,Lionel Mpasi,G,1,746571
Le Havre,2026-01-18,Rennes,away,3-4-1-2,True,15,Ayumu Seko,CD,5,746571
Le Havre,2026-01-18,Rennes,away,3-4-1-2,True,4,Gautier Lloris,CD-L,4,746571
Le Havre,2026-01-18,Rennes,away,3-4-1-2,True,93,Arouna Sangante,CD-R,6,746571
Le Havre,2026-01-18,Rennes,away,3-4-1-2,True,14,Rassoul Ndiaye,CM-L,8,746571
Le Havre,2026-01-18,Rennes,away,3-4-1-2,True,26,Simon Ebonog,CM-R,7,746571
Le Havre,2026-01-18,Rennes,away,3-4-1-2,True,10,Félix Mambimbi,AM,9,746571
Le Havre,2026-01-18,Rennes,away,3-4-1-2,True,18,Yanis Zouaoui,LM,3,746571
Le Havre,2026-01-18,Rennes,away,3-4-1-2,True,7,Loïc Négo,RM,2,746571
Le Havre,2026-01-18,Rennes,away,3-4-1-2,True,33,Kenny Quetant,CF-L,11,746571
Le Havre,2026-01-18,Rennes,away,3-4-1-2,True,45,Issa Soumaré,CF-R,10,746571
Le Havre,2026-01-18,Rennes,away,3-4-1-2,False,50,Paul Argney,SUB,0,746571
Le Havre,2026-01-18,Rennes,away,3-4-1-2,False,11,Godson Kyeremeh,SUB,0,746571
Le Havre,2026-01-18,Rennes,away,3-4-1-2,False,20,Noam Obougou,SUB,0,746571
Le Havre,2026-01-18,Rennes,away,3-4-1-2,False,13,Fodé Doucouré,SUB,0,746571
Le Havre,2026-01-18,Rennes,away,3-4-1-2,False,25,Mbwana Samatta,SUB,0,746571
Le Havre,2026-01-18,Rennes,away,3-4-1-2,False,17,Sofiane Boufal,SUB,0,746571
Le Havre,2026-01-18,Rennes,away,3-4-1-2,False,32,Timothee Pembélé,SUB,0,746571
Le Havre,2026-01-18,Rennes,away,3-4-1-2,False,27,Enzo Koffi,SUB,0,746571
Le Havre,2026-01-18,Rennes,away,3-4-1-2,False,8,Yassine Kechta,SUB,0,746571
Lyon,2026-01-18,Brest,home,4-3-3,True,1,Dominik Greif,G,1,746567
Lyon,2026-01-18,Brest,home,4-3-3,True,21,Ruben Kluivert,CD-L,6,746567
Lyon,2026-01-18,Brest,home,4-3-3,True,22,Clinton Mata,CD-R,5,746567
Lyon,2026-01-18,Brest,home,4-3-3,True,3,Nicolás Tagliafico,LB,3,746567
Lyon,2026-01-18,Brest,home,4-3-3,True,98,Ainsley Maitland-Niles,RB,2,746567
Lyon,2026-01-18,Brest,home,4-3-3,True,23,Tyler Morton,CM,4,746567
Lyon,2026-01-18,Brest,home,4-3-3,True,16,Abner,LM,8,746567
Lyon,2026-01-18,Brest,home,4-3-3,True,6,Tanner Tessmann,RM,7,746567
Lyon,2026-01-18,Brest,home,4-3-3,True,10,Pavel Sulc,F,9,746567
Lyon,2026-01-18,Brest,home,4-3-3,True,17,Afonso Moreira,LF,11,746567
Lyon,2026-01-18,Brest,home,4-3-3,True,9,Endrick,RF,10,746567
Lyon,2026-01-18,Brest,home,4-3-3,False,45,Rémi Himbert,SUB,0,746567
Lyon,2026-01-18,Brest,home,4-3-3,False,35,Matthias Da Silva,SUB,0,746567
Lyon,2026-01-18,Brest,home,4-3-3,False,32,Alejandro Rodríguez,SUB,0,746567
Lyon,2026-01-18,Brest,home,4-3-3,False,44,Khalis Merah,SUB,0,746567
Lyon,2026-01-18,Brest,home,4-3-3,False,39,Mathys De Carvalho,SUB,0,746567
Lyon,2026-01-18,Brest,home,4-3-3,False,7,Adam Karabec,SUB,0,746567
Lyon,2026-01-18,Brest,home,4-3-3,False,5,Orel Mangala,SUB,0,746567
Lyon,2026-01-18,Brest,home,4-3-3,False,33,Hans Hateboer,SUB,0,746567
Lyon,2026-01-18,Brest,home,4-3-3,False,40,Rémy Descamps,SUB,0,746567
Brest,2026-01-18,Lyon,away,4-2-3-1,True,30,Grégoire Coudert,G,1,746567
Brest,2026-01-18,Lyon,away,4-2-3-1,True,44,Soumaila Coulibaly,CD-L,6,746567
Brest,2026-01-18,Lyon,away,4-2-3-1,True,5,Brendan Chardonnet,CD-R,5,746567
Brest,2026-01-18,Lyon,away,4-2-3-1,True,2,Bradley Locko,LB,3,746567
Brest,2026-01-18,Lyon,away,4-2-3-1,True,77,Kenny Lala,RB,2,746567
Brest,2026-01-18,Lyon,away,4-2-3-1,True,24,Lucas Tousart,AM,10,746567
Brest,2026-01-18,Lyon,away,4-2-3-1,True,8,Hugo Magnetti,LM,4,746567
Brest,2026-01-18,Lyon,away,4-2-3-1,True,13,Joris Chotard,RM,8,746567
Brest,2026-01-18,Lyon,away,4-2-3-1,True,19,Ludovic Ajorque,F,9,746567
Brest,2026-01-18,Lyon,away,4-2-3-1,True,14,Remy Labeau Lascary,AM-L,11,746567
Brest,2026-01-18,Lyon,away,4-2-3-1,True,10,Romain Del Castillo,AM-R,7,746567
Brest,2026-01-18,Lyon,away,4-2-3-1,False,23,Kamory Doumbia,SUB,0,746567
Brest,2026-01-18,Lyon,away,4-2-3-1,False,27,Daouda Guindo,SUB,0,746567
Brest,2026-01-18,Lyon,away,4-2-3-1,False,7,Junior Dina Ebimbe,SUB,0,746567
Brest,2026-01-18,Lyon,away,4-2-3-1,False,99,Pathé Mboup,SUB,0,746567
Brest,2026-01-18,Lyon,away,4-2-3-1,False,4,Michel Diaz,SUB,0,746567
Brest,2026-01-18,Lyon,away,4-2-3-1,False,33,Hamidou Makalou,SUB,0,746567
Brest,2026-01-18,Lyon,away,4-2-3-1,False,12,Luc Zogbe,SUB,0,746567
Brest,2026-01-18,Lyon,away,4-2-3-1,False,1,Radoslaw Majecki,SUB,0,746567
Brest,2026-01-25,Toulouse,home,4-2-2-2,True,30,Grégoire Coudert,G,1,746575
Brest,2026-01-25,Toulouse,home,4-2-2-2,True,44,Soumaila Coulibaly,CD-L,6,746575
Brest,2026-01-25,Toulouse,home,4-2-2-2,True,5,Brendan Chardonnet,CD-R,5,746575
Brest,2026-01-25,Toulouse,home,4-2-2-2,True,27,Daouda Guindo,LB,3,746575
Brest,2026-01-25,Toulouse,home,4-2-2-2,True,77,Kenny Lala,RB,2,746575
Brest,2026-01-25,Toulouse,home,4-2-2-2,True,8,Hugo Magnetti,CM-L,8,746575
Brest,2026-01-25,Toulouse,home,4-2-2-2,True,13,Joris Chotard,CM-R,4,746575
Brest,2026-01-25,Toulouse,home,4-2-2-2,True,14,Remy Labeau Lascary,CF-L,9,746575
Brest,2026-01-25,Toulouse,home,4-2-2-2,True,19,Ludovic Ajorque,CF-R,10,746575
Brest,2026-01-25,Toulouse,home,4-2-2-2,True,23,Kamory Doumbia,AM-L,11,746575
Brest,2026-01-25,Toulouse,home,4-2-2-2,True,24,Lucas Tousart,AM-R,7,746575
Brest,2026-01-25,Toulouse,home,4-2-2-2,False,33,Hamidou Makalou,SUB,0,746575
Brest,2026-01-25,Toulouse,home,4-2-2-2,False,4,Michel Diaz,SUB,0,746575
Brest,2026-01-25,Toulouse,home,4-2-2-2,False,99,Pathé Mboup,SUB,0,746575
Brest,2026-01-25,Toulouse,home,4-2-2-2,False,12,Luc Zogbe,SUB,0,746575
Brest,2026-01-25,Toulouse,home,4-2-2-2,False,7,Junior Dina Ebimbe,SUB,0,746575
Brest,2026-01-25,Toulouse,home,4-2-2-2,False,26,Julien Le Cardinal,SUB,0,746575
Brest,2026-01-25,Toulouse,home,4-2-2-2,False,1,Radoslaw Majecki,SUB,0,746575
Toulouse,2026-01-25,Brest,away,3-4-2-1,True,1,Guillaume Restes,G,1,746575
Toulouse,2026-01-25,Brest,away,3-4-2-1,True,4,Charlie Cresswell,CD,5,746575
Toulouse,2026-01-25,Brest,away,3-4-2-1,True,2,Rasmus Nicolaisen,CD-L,4,746575
Toulouse,2026-01-25,Brest,away,3-4-2-1,True,3,Mark McKenzie,CD-R,6,746575
Toulouse,2026-01-25,Brest,away,3-4-2-1,True,18,Pape Diop,CM-L,8,746575
Toulouse,2026-01-25,Brest,away,3-4-2-1,True,23,Cristian Cásseres Jr.,CM-R,7,746575
Toulouse,2026-01-25,Brest,away,3-4-2-1,True,19,Djibril Sidibé,LM,3,746575
Toulouse,2026-01-25,Brest,away,3-4-2-1,True,22,Rafik Messali,RM,2,746575
Toulouse,2026-01-25,Brest,away,3-4-2-1,True,11,Santiago Hidalgo,F,9,746575
Toulouse,2026-01-25,Brest,away,3-4-2-1,True,10,Yann Gboho,CF-L,11,746575
Toulouse,2026-01-25,Brest,away,3-4-2-1,True,15,Aron Donnum,CF-R,10,746575
Toulouse,2026-01-25,Brest,away,3-4-2-1,False,77,Mario Sauer,SUB,0,746575
Toulouse,2026-01-25,Brest,away,3-4-2-1,False,44,Gaetan Bakhouche,SUB,0,746575
Toulouse,2026-01-25,Brest,away,3-4-2-1,False,35,Seny Koumbassa,SUB,0,746575
Toulouse,2026-01-25,Brest,away,3-4-2-1,False,7,Julián Vignolo,SUB,0,746575
Toulouse,2026-01-25,Brest,away,3-4-2-1,False,45,Alexis Vossah,SUB,0,746575
Toulouse,2026-01-25,Brest,away,3-4-2-1,False,40,Naime Said Mchindra,SUB,0,746575
Toulouse,2026-01-25,Brest,away,3-4-2-1,False,31,Noah Edjouma,SUB,0,746575
Toulouse,2026-01-25,Brest,away,3-4-2-1,False,12,Waren Kamanzi,SUB,0,746575
Toulouse,2026-01-25,Brest,away,3-4-2-1,False,16,Kjetil Haug,SUB,0,746575
Rennes,2026-01-24,Lorient,home,3-5-2,True,30,Brice Samba,G,1,746582
Rennes,2026-01-24,Lorient,home,3-5-2,True,97,Jérémy Jacquet,CD,5,746582
Rennes,2026-01-24,Lorient,home,3-5-2,True,3,Lilian Brassier,CD-L,4,746582
Rennes,2026-01-24,Lorient,home,3-5-2,True,36,Alidu Seidu,CD-R,6,746582
Rennes,2026-01-24,Lorient,home,3-5-2,True,6,Djaoui Cissé,CM-L,8,746582
Rennes,2026-01-24,Lorient,home,3-5-2,True,45,Mahdi Camara,CM-R,7,746582
Rennes,2026-01-24,Lorient,home,3-5-2,True,21,Valentin Rongier,AM,11,746582
Rennes,2026-01-24,Lorient,home,3-5-2,True,26,Quentin Merlin,LM,3,746582
Rennes,2026-01-24,Lorient,home,3-5-2,True,95,Przemyslaw Frankowski,RM,2,746582
Rennes,2026-01-24,Lorient,home,3-5-2,True,7,Breel Embolo,CF-L,9,746582
Rennes,2026-01-24,Lorient,home,3-5-2,True,9,Esteban Lepaul,CF-R,10,746582
Rennes,2026-01-24,Lorient,home,3-5-2,False,24,Anthony Rouault,SUB,0,746582
Rennes,2026-01-24,Lorient,home,3-5-2,False,48,Abdelhamid Aït Boudlal,SUB,0,746582
Rennes,2026-01-24,Lorient,home,3-5-2,False,35,Elias Legendre,SUB,0,746582
Rennes,2026-01-24,Lorient,home,3-5-2,False,39,Mohamed Meïté,SUB,0,746582
Rennes,2026-01-24,Lorient,home,3-5-2,False,50,Mathys Silistre,SUB,0,746582
Rennes,2026-01-24,Lorient,home,3-5-2,False,18,Mahamadou Nagida,SUB,0,746582
Rennes,2026-01-24,Lorient,home,3-5-2,False,17,Sebastian Szymanski,SUB,0,746582
Rennes,2026-01-24,Lorient,home,3-5-2,False,11,Mousa Al-Tamari,SUB,0,746582
Rennes,2026-01-24,Lorient,home,3-5-2,False,10,Ludovic Blas,SUB,0,746582
Lorient,2026-01-24,Rennes,away,3-4-2-1,True,38,Yvon Mvogo,G,1,746582
Lorient,2026-01-24,Rennes,away,3-4-2-1,True,3,Montassar Talbi,CD,5,746582
Lorient,2026-01-24,Rennes,away,3-4-2-1,True,2,Igor Silva,CD-L,4,746582
Lorient,2026-01-24,Rennes,away,3-4-2-1,True,5,Bamo Meïté,CD-R,6,746582
Lorient,2026-01-24,Rennes,away,3-4-2-1,True,6,Laurent Abergel,CM-L,8,746582
Lorient,2026-01-24,Rennes,away,3-4-2-1,True,8,Noah Cadiou,CM-R,7,746582
Lorient,2026-01-24,Rennes,away,3-4-2-1,True,43,Arsène Kouassi,LM,3,746582
Lorient,2026-01-24,Rennes,away,3-4-2-1,True,11,Théo Le Bris,RM,2,746582
Lorient,2026-01-24,Rennes,away,3-4-2-1,True,12,Bamba Dieng,F,9,746582
Lorient,2026-01-24,Rennes,away,3-4-2-1,True,29,Dermane Karim,CF-L,11,746582
Lorient,2026-01-24,Rennes,away,3-4-2-1,True,17,Jean-Victor Makengo,CF-R,10,746582
Lorient,2026-01-24,Rennes,away,3-4-2-1,False,28,Sambou Soumano,SUB,0,746582
Lorient,2026-01-24,Rennes,away,3-4-2-1,False,33,Mamadou Koné,SUB,0,746582
Lorient,2026-01-24,Rennes,away,3-4-2-1,False,35,Lucas Leaudais,SUB,0,746582
Lorient,2026-01-24,Rennes,away,3-4-2-1,False,10,Pablo Pagis,SUB,0,746582
Lorient,2026-01-24,Rennes,away,3-4-2-1,False,93,Joel Mvuka,SUB,0,746582
Lorient,2026-01-24,Rennes,away,3-4-2-1,False,32,Nathaniel Adjei,SUB,0,746582
Lorient,2026-01-24,Rennes,away,3-4-2-1,False,21,Bingourou Kamara,SUB,0,746582
Lorient,2026-01-24,Rennes,away,3-4-2-1,False,62,Arthur Avom,SUB,0,746582
Lorient,2026-01-24,Rennes,away,3-4-2-1,False,14,Trevan Sanusi,SUB,0,746582
Auxerre,2026-01-23,PSG,home,5-4-1,True,16,Donovan Léon,G,1,746574
Auxerre,2026-01-23,PSG,home,5-4-1,True,20,Sinaly Diomande,CD,5,746574
Auxerre,2026-01-23,PSG,home,5-4-1,True,92,Clément Akpa,CD-L,4,746574
Auxerre,2026-01-23,PSG,home,5-4-1,True,29,Marvin Senaya,CD-R,6,746574
Auxerre,2026-01-23,PSG,home,5-4-1,True,14,Gideon Mensah,LB,3,746574
Auxerre,2026-01-23,PSG,home,5-4-1,True,27,Lamine Sy,RB,2,746574
Auxerre,2026-01-23,PSG,home,5-4-1,True,17,Oussama El Azzouzi,CM-L,10,746574
Auxerre,2026-01-23,PSG,home,5-4-1,True,5,Kévin Danois,CM-R,8,746574
Auxerre,2026-01-23,PSG,home,5-4-1,True,19,Danny Namaso,LM,11,746574
Auxerre,2026-01-23,PSG,home,5-4-1,True,8,Naouirou Ahamada,RM,7,746574
Auxerre,2026-01-23,PSG,home,5-4-1,True,10,Lassine Sinayoko,F,9,746574
Auxerre,2026-01-23,PSG,home,5-4-1,False,7,Josué Casimir,SUB,0,746574
Auxerre,2026-01-23,PSG,home,5-4-1,False,18,Assane Dioussé,SUB,0,746574
Auxerre,2026-01-23,PSG,home,5-4-1,False,34,Rudy Matondo,SUB,0,746574
Auxerre,2026-01-23,PSG,home,5-4-1,False,9,Sékou Mara,SUB,0,746574
Auxerre,2026-01-23,PSG,home,5-4-1,False,21,Lasso Coulibaly,SUB,0,746574
Auxerre,2026-01-23,PSG,home,5-4-1,False,22,Fredrik Oppegard,SUB,0,746574
Auxerre,2026-01-23,PSG,home,5-4-1,False,40,Théo De Percin,SUB,0,746574
Auxerre,2026-01-23,PSG,home,5-4-1,False,28,Romain Faivre,SUB,0,746574
Auxerre,2026-01-23,PSG,home,5-4-1,False,42,Elisha Owusu,SUB,0,746574
PSG,2026-01-23,Auxerre,away,4-3-3,True,30,Lucas Chevalier,G,1,746574
PSG,2026-01-23,Auxerre,away,4-3-3,True,4,Lucas Beraldo,CD-L,6,746574
PSG,2026-01-23,Auxerre,away,4-3-3,True,6,Illia Zabarnyi,CD-R,5,746574
PSG,2026-01-23,Auxerre,away,4-3-3,True,21,Lucas Hernández,LB,3,746574
PSG,2026-01-23,Auxerre,away,4-3-3,True,33,Warren Zaïre-Emery,RB,2,746574
PSG,2026-01-23,Auxerre,away,4-3-3,True,17,Vitinha,CM,4,746574
PSG,2026-01-23,Auxerre,away,4-3-3,True,24,Senny Mayulu,LM,8,746574
PSG,2026-01-23,Auxerre,away,4-3-3,True,49,Ibrahim Mbaye,RM,7,746574
PSG,2026-01-23,Auxerre,away,4-3-3,True,9,Gonçalo Ramos,F,9,746574
PSG,2026-01-23,Auxerre,away,4-3-3,True,29,Bradley Barcola,LF,11,746574
PSG,2026-01-23,Auxerre,away,4-3-3,True,7,Khvicha Kvaratskhelia,RF,10,746574
PSG,2026-01-23,Auxerre,away,4-3-3,False,10,Ousmane Dembélé,SUB,0,746574
PSG,2026-01-23,Auxerre,away,4-3-3,False,45,Noah Nsoki,SUB,0,746574
PSG,2026-01-23,Auxerre,away,4-3-3,False,14,Désiré Doué,SUB,0,746574
PSG,2026-01-23,Auxerre,away,4-3-3,False,89,Renato Marin,SUB,0,746574
PSG,2026-01-23,Auxerre,away,4-3-3,False,60,Martin James,SUB,0,746574
PSG,2026-01-23,Auxerre,away,4-3-3,False,51,Willian Pacho,SUB,0,746574
PSG,2026-01-23,Auxerre,away,4-3-3,False,5,Marquinhos,SUB,0,746574
Nantes,2026-01-25,Nice,home,4-3-3,True,1,Anthony Lopes,G,1,746580
Nantes,2026-01-25,Nice,home,4-3-3,True,78,Tylel Tati,CD-L,6,746580
Nantes,2026-01-25,Nice,home,4-3-3,True,6,Chidozie Awaziem,CD-R,5,746580
Nantes,2026-01-25,Nice,home,4-3-3,True,3,Nicolas Cozza,LB,3,746580
Nantes,2026-01-25,Nice,home,4-3-3,True,98,Kelvin Amian,RB,2,746580
Nantes,2026-01-25,Nice,home,4-3-3,True,28,Ibrahima Sissoko,CM,4,746580
Nantes,2026-01-25,Nice,home,4-3-3,True,80,Junior Mwanga,LM,8,746580
Nantes,2026-01-25,Nice,home,4-3-3,True,20,Rémy Cabella,RM,7,746580
Nantes,2026-01-25,Nice,home,4-3-3,True,31,Mostafa Mohamed,F,9,746580
Nantes,2026-01-25,Nice,home,4-3-3,True,10,Matthis Abline,LF,11,746580
Nantes,2026-01-25,Nice,home,4-3-3,True,8,Johann Lepenant,RF,10,746580
Nantes,2026-01-25,Nice,home,4-3-3,False,37,Ignatius Ganago,SUB,0,746580
Nantes,2026-01-25,Nice,home,4-3-3,False,22,Mathieu Acapandié,SUB,0,746580
Nantes,2026-01-25,Nice,home,4-3-3,False,19,Youssef El Arabi,SUB,0,746580
Nantes,2026-01-25,Nice,home,4-3-3,False,26,Uros Radakovic,SUB,0,746580
Nantes,2026-01-25,Nice,home,4-3-3,False,11,Bahereba Guirassy,SUB,0,746580
Nantes,2026-01-25,Nice,home,4-3-3,False,30,Patrick Carlgren,SUB,0,746580
Nantes,2026-01-25,Nice,home,4-3-3,False,49,Doumbia Koné,SUB,0,746580
Nantes,2026-01-25,Nice,home,4-3-3,False,52,Bahmed Deuff,SUB,0,746580
Nantes,2026-01-25,Nice,home,4-3-3,False,2,Ali Almusrat,SUB,0,746580
Nice,2026-01-25,Nantes,away,4-2-3-1,True,31,Maxime Dupé,G,1,746580
Nice,2026-01-25,Nantes,away,4-2-3-1,True,37,Kojo Peprah Oppong,CD-L,6,746580
Nice,2026-01-25,Nantes,away,4-2-3-1,True,28,Juma Bah,CD-R,5,746580
Nice,2026-01-25,Nantes,away,4-2-3-1,True,2,Ali Abdi,LB,3,746580
Nice,2026-01-25,Nantes,away,4-2-3-1,True,92,Jonathan Clauss,RB,2,746580
Nice,2026-01-25,Nantes,away,4-2-3-1,True,8,Morgan Sanson,AM,10,746580
Nice,2026-01-25,Nantes,away,4-2-3-1,True,99,Salis Abdul Samed,LM,4,746580
Nice,2026-01-25,Nantes,away,4-2-3-1,True,24,Charles Vanhoutte,RM,8,746580
Nice,2026-01-25,Nantes,away,4-2-3-1,True,11,Elye Wahi,F,9,746580
Nice,2026-01-25,Nantes,away,4-2-3-1,True,10,Sofiane Diop,AM-L,11,746580
Nice,2026-01-25,Nantes,away,4-2-3-1,True,25,Mohamed-Ali Cho,AM-R,7,746580
Nice,2026-01-25,Nantes,away,4-2-3-1,False,4,Dante,SUB,0,746580
Nice,2026-01-25,Nantes,away,4-2-3-1,False,23,Gabin Bernardeau,SUB,0,746580
Nice,2026-01-25,Nantes,away,4-2-3-1,False,32,Kail Boudache,SUB,0,746580
Nice,2026-01-25,Nantes,away,4-2-3-1,False,80,Yehvann Diouf,SUB,0,746580
Nice,2026-01-25,Nantes,away,4-2-3-1,False,22,Tanguy Ndombele,SUB,0,746580
Nice,2026-01-25,Nantes,away,4-2-3-1,False,90,Kevin Carlos,SUB,0,746580
Nice,2026-01-25,Nantes,away,4-2-3-1,False,20,Tom Louchet,SUB,0,746580
Nice,2026-01-25,Nantes,away,4-2-3-1,False,33,Antoine Mendy,SUB,0,746580
Nice,2026-01-25,Nantes,away,4-2-3-1,False,47,Tiago Gouveia,SUB,0,746580
Le Havre,2026-01-24,Monaco,home,4-3-1-2,False,17,Sofiane Boufal,,0,746576
Le Havre,2026-01-24,Monaco,home,4-3-1-2,False,78,Daren Mosengo,,0,746576
Le Havre,2026-01-24,Monaco,home,4-3-1-2,False,45,Issa Soumaré,,0,746576
Le Havre,2026-01-24,Monaco,home,4-3-1-2,False,27,Enzo Koffi,,0,746576
Le Havre,2026-01-24,Monaco,home,4-3-1-2,False,8,Yassine Kechta,,0,746576
Le Havre,2026-01-24,Monaco,home,4-3-1-2,False,20,Noam Obougou,,0,746576
Le Havre,2026-01-24,Monaco,home,4-3-1-2,False,32,Timothee Pembélé,,0,746576
Le Havre,2026-01-24,Monaco,home,4-3-1-2,False,13,Fodé Doucouré,,0,746576
Le Havre,2026-01-24,Monaco,home,4-3-1-2,False,50,Paul Argney,,0,746576
Le Havre,2026-01-24,Monaco,home,4-3-1-2,True,77,Lionel Mpasi,G,1,746576
Le Havre,2026-01-24,Monaco,home,4-3-1-2,True,15,Ayumu Seko,CD-L,6,746576
Le Havre,2026-01-24,Monaco,home,4-3-1-2,True,93,Arouna Sangante,CD-R,5,746576
Le Havre,2026-01-24,Monaco,home,4-3-1-2,True,18,Yanis Zouaoui,LB,3,746576
Le Havre,2026-01-24,Monaco,home,4-3-1-2,True,7,Loïc Négo,RB,2,746576
Le Havre,2026-01-24,Monaco,home,4-3-1-2,True,33,Kenny Quetant,M,10,746576
Le Havre,2026-01-24,Monaco,home,4-3-1-2,True,19,Lucas Gourna-Douath,CM,4,746576
Le Havre,2026-01-24,Monaco,home,4-3-1-2,True,10,Félix Mambimbi,AM,8,746576
Le Havre,2026-01-24,Monaco,home,4-3-1-2,True,14,Rassoul Ndiaye,LM,11,746576
Le Havre,2026-01-24,Monaco,home,4-3-1-2,True,26,Simon Ebonog,RM,7,746576
Le Havre,2026-01-24,Monaco,home,4-3-1-2,True,25,Mbwana Samatta,CF-R,9,746576
Monaco,2026-01-24,Le Havre,away,4-2-2-2,True,16,Philipp Köhn,G,1,746576
Monaco,2026-01-24,Le Havre,away,4-2-2-2,True,25,Wout Faes,CD-L,6,746576
Monaco,2026-01-24,Le Havre,away,4-2-2-2,True,5,Thilo Kehrer,CD-R,5,746576
Monaco,2026-01-24,Le Havre,away,4-2-2-2,True,12,Caio Henrique,LB,3,746576
Monaco,2026-01-24,Le Havre,away,4-2-2-2,True,20,Kassoum Ouattara,RB,2,746576
Monaco,2026-01-24,Le Havre,away,4-2-2-2,True,6,Denis Zakaria,CM-L,8,746576
Monaco,2026-01-24,Le Havre,away,4-2-2-2,True,15,Lamine Camara,CM-R,4,746576
Monaco,2026-01-24,Le Havre,away,4-2-2-2,True,9,Folarin Balogun,CF-L,9,746576
Monaco,2026-01-24,Le Havre,away,4-2-2-2,True,19,George Ilenikhena,CF-R,10,746576
Monaco,2026-01-24,Le Havre,away,4-2-2-2,True,10,Aleksandr Golovin,AM-L,11,746576
Monaco,2026-01-24,Le Havre,away,4-2-2-2,True,11,Maghnes Akliouche,AM-R,7,746576
Monaco,2026-01-24,Le Havre,away,4-2-2-2,False,23,Aladji Bamba,SUB,0,746576
Monaco,2026-01-24,Le Havre,away,4-2-2-2,False,21,Lucas Michel,SUB,0,746576
Monaco,2026-01-24,Le Havre,away,4-2-2-2,False,2,Vanderson,SUB,0,746576
Monaco,2026-01-24,Le Havre,away,4-2-2-2,False,50,Yann Lienard,SUB,0,746576
Monaco,2026-01-24,Le Havre,away,4-2-2-2,False,14,Mika Biereth,SUB,0,746576
Monaco,2026-01-24,Le Havre,away,4-2-2-2,False,3,Eric Dier,SUB,0,746576
Monaco,2026-01-24,Le Havre,away,4-2-2-2,False,29,Paris Brunner,SUB,0,746576
Monaco,2026-01-24,Le Havre,away,4-2-2-2,False,4,Jordan Teze,SUB,0,746576
Monaco,2026-01-24,Le Havre,away,4-2-2-2,False,31,Ansu Fati,SUB,0,746576
Marseille,2026-01-24,Lens,home,3-4-2-1,True,1,Gerónimo Rulli,G,1,746578
Marseille,2026-01-24,Lens,home,3-4-2-1,True,21,Nayef Aguerd,CD,5,746578
Marseille,2026-01-24,Lens,home,3-4-2-1,True,32,Facundo Medina,CD-L,4,746578
Marseille,2026-01-24,Lens,home,3-4-2-1,True,5,Leonardo Balerdi,CD-R,6,746578
Marseille,2026-01-24,Lens,home,3-4-2-1,True,27,Quinten Timber,CM-L,8,746578
Marseille,2026-01-24,Lens,home,3-4-2-1,True,23,Pierre-Emile Højbjerg,CM-R,7,746578
Marseille,2026-01-24,Lens,home,3-4-2-1,True,14,Igor Paixão,LM,3,746578
Marseille,2026-01-24,Lens,home,3-4-2-1,True,22,Timothy Weah,RM,2,746578
Marseille,2026-01-24,Lens,home,3-4-2-1,True,9,Amine Gouiri,F,9,746578
Marseille,2026-01-24,Lens,home,3-4-2-1,True,20,Hamed Traoré,CF-L,11,746578
Marseille,2026-01-24,Lens,home,3-4-2-1,True,11,Ethan Nwaneri,CF-R,10,746578
Marseille,2026-01-24,Lens,home,3-4-2-1,False,12,Jeffrey de Lange,SUB,0,746578
Marseille,2026-01-24,Lens,home,3-4-2-1,False,50,Darryl Bakola,SUB,0,746578
Marseille,2026-01-24,Lens,home,3-4-2-1,False,18,Arthur Vermeeren,SUB,0,746578
Marseille,2026-01-24,Lens,home,3-4-2-1,False,62,Amir Murillo,SUB,0,746578
Marseille,2026-01-24,Lens,home,3-4-2-1,False,97,Pierre-Emerick Aubameyang,SUB,0,746578
Marseille,2026-01-24,Lens,home,3-4-2-1,False,28,Benjamin Pavard,SUB,0,746578
Marseille,2026-01-24,Lens,home,3-4-2-1,False,10,Mason Greenwood,SUB,0,746578
Marseille,2026-01-24,Lens,home,3-4-2-1,False,17,Matt O'Riley,SUB,0,746578
Marseille,2026-01-24,Lens,home,3-4-2-1,False,4,CJ Egan-Riley,SUB,0,746578
Lens,2026-01-24,Marseille,away,3-4-2-1,True,40,Robin Risser,G,1,746578
Lens,2026-01-24,Marseille,away,3-4-2-1,True,20,Malang Sarr,CD,5,746578
Lens,2026-01-24,Marseille,away,3-4-2-1,True,14,Matthieu Udol,CD-L,4,746578
Lens,2026-01-24,Marseille,away,3-4-2-1,True,25,Pierre Ganiou,CD-R,6,746578
Lens,2026-01-24,Marseille,away,3-4-2-1,True,28,Adrien Thomasson,CM-L,8,746578
Lens,2026-01-24,Marseille,away,3-4-2-1,True,8,Mamadou Sangare,CM-R,7,746578
Lens,2026-01-24,Marseille,away,3-4-2-1,True,2,Ruben Aguilar,LM,3,746578
Lens,2026-01-24,Marseille,away,3-4-2-1,True,23,Saud Abdulhamid,RM,2,746578
Lens,2026-01-24,Marseille,away,3-4-2-1,True,11,Odsonne Édouard,F,9,746578
Lens,2026-01-24,Marseille,away,3-4-2-1,True,22,Wesley Saïd,CF-L,11,746578
Lens,2026-01-24,Marseille,away,3-4-2-1,True,10,Florian Thauvin,CF-R,10,746578
Lens,2026-01-24,Marseille,away,3-4-2-1,False,4,Nidal Celik,SUB,0,746578
Lens,2026-01-24,Marseille,away,3-4-2-1,False,16,Mathieu Gorgelin,SUB,0,746578
Lens,2026-01-24,Marseille,away,3-4-2-1,False,26,Anthony Bermont,SUB,0,746578
Lens,2026-01-24,Marseille,away,3-4-2-1,False,18,Fode Sylla,SUB,0,746578
Lens,2026-01-24,Marseille,away,3-4-2-1,False,19,Abdallah Sima,SUB,0,746578
Lens,2026-01-24,Marseille,away,3-4-2-1,False,38,Rayan Fofana,SUB,0,746578
Lens,2026-01-24,Marseille,away,3-4-2-1,False,32,Kyllian Antonio,SUB,0,746578
Lens,2026-01-24,Marseille,away,3-4-2-1,False,7,Florian Sotoca,SUB,0,746578
Lens,2026-01-24,Marseille,away,3-4-2-1,False,5,Andrija Bulatovic,SUB,0,746578
Metz,2026-01-25,Lyon,home,4-3-3,True,1,Jonathan Fischer,G,1,746579
Metz,2026-01-25,Lyon,home,4-3-3,True,15,Terry Yegbe,CD-L,6,746579
Metz,2026-01-25,Lyon,home,4-3-3,True,5,Jean-Philippe Gbamin,CD-R,5,746579
Metz,2026-01-25,Lyon,home,4-3-3,True,2,Maxime Colin,LB,3,746579
Metz,2026-01-25,Lyon,home,4-3-3,True,39,Koffi Kouao,RB,2,746579
Metz,2026-01-25,Lyon,home,4-3-3,True,12,Alpha Touré,CM,4,746579
Metz,2026-01-25,Lyon,home,4-3-3,True,8,Boubacar Traore,LM,8,746579
Metz,2026-01-25,Lyon,home,4-3-3,True,20,Jessy Deminguet,RM,7,746579
Metz,2026-01-25,Lyon,home,4-3-3,True,30,Habib Diallo,F,9,746579
Metz,2026-01-25,Lyon,home,4-3-3,True,7,Giorgi Tsitaishvili,LF,11,746579
Metz,2026-01-25,Lyon,home,4-3-3,True,10,Gauthier Hein,RF,10,746579
Metz,2026-01-25,Lyon,home,4-3-3,False,25,Cleo Mélières,SUB,0,746579
Metz,2026-01-25,Lyon,home,4-3-3,False,9,Giorgi Abuashvili,SUB,0,746579
Metz,2026-01-25,Lyon,home,4-3-3,False,4,Urie-Michel Mboula,SUB,0,746579
Metz,2026-01-25,Lyon,home,4-3-3,False,33,Believe Munongo,SUB,0,746579
Metz,2026-01-25,Lyon,home,4-3-3,False,21,Benjamin Stambouli,SUB,0,746579
Metz,2026-01-25,Lyon,home,4-3-3,False,40,Ousmane Ba,SUB,0,746579
Metz,2026-01-25,Lyon,home,4-3-3,False,97,Fodé Ballo-Touré,SUB,0,746579
Metz,2026-01-25,Lyon,home,4-3-3,False,11,Malick Mbaye,SUB,0,746579
Metz,2026-01-25,Lyon,home,4-3-3,False,23,Ibou Sané,SUB,0,746579
Lyon,2026-01-25,Metz,away,3-4-1-2,True,1,Dominik Greif,G,1,746579
Lyon,2026-01-25,Metz,away,3-4-1-2,True,21,Ruben Kluivert,CD,5,746579
Lyon,2026-01-25,Metz,away,3-4-1-2,True,33,Hans Hateboer,CD-L,4,746579
Lyon,2026-01-25,Metz,away,3-4-1-2,True,22,Clinton Mata,CD-R,6,746579
Lyon,2026-01-25,Metz,away,3-4-1-2,True,23,Tyler Morton,CM-L,8,746579
Lyon,2026-01-25,Metz,away,3-4-1-2,True,6,Tanner Tessmann,CM-R,7,746579
Lyon,2026-01-25,Metz,away,3-4-1-2,True,8,Corentin Tolisso,AM,9,746579
Lyon,2026-01-25,Metz,away,3-4-1-2,True,17,Afonso Moreira,LM,3,746579
Lyon,2026-01-25,Metz,away,3-4-1-2,True,98,Ainsley Maitland-Niles,RM,2,746579
Lyon,2026-01-25,Metz,away,3-4-1-2,True,44,Khalis Merah,CF-L,11,746579
Lyon,2026-01-25,Metz,away,3-4-1-2,True,9,Endrick,CF-R,10,746579
Lyon,2026-01-25,Metz,away,3-4-1-2,False,45,Rémi Himbert,SUB,0,746579
Lyon,2026-01-25,Metz,away,3-4-1-2,False,7,Adam Karabec,SUB,0,746579
Lyon,2026-01-25,Metz,away,3-4-1-2,False,40,Rémy Descamps,SUB,0,746579
Lyon,2026-01-25,Metz,away,3-4-1-2,False,19,Moussa Niakhaté,SUB,0,746579
Lyon,2026-01-25,Metz,away,3-4-1-2,False,32,Alejandro Rodríguez,SUB,0,746579
Lyon,2026-01-25,Metz,away,3-4-1-2,False,39,Mathys De Carvalho,SUB,0,746579
Lyon,2026-01-25,Metz,away,3-4-1-2,False,34,Adil Hamdani,SUB,0,746579
Lyon,2026-01-25,Metz,away,3-4-1-2,False,46,Tiago Manuel Gonçalves Silva,SUB,0,746579
Lyon,2026-01-25,Metz,away,3-4-1-2,False,10,Pavel Sulc,SUB,0,746579
Lille,2026-01-25,Strasbourg,home,5-4-1,True,1,Berke Özer,G,1,746577
Lille,2026-01-25,Strasbourg,home,5-4-1,True,18,Chancel Mbemba,CD,5,746577
Lille,2026-01-25,Strasbourg,home,5-4-1,True,23,Aïssa Mandi,CD-L,4,746577
Lille,2026-01-25,Strasbourg,home,5-4-1,True,3,Nathan Ngoy,CD-R,6,746577
Lille,2026-01-25,Strasbourg,home,5-4-1,True,15,Romain Perraud,LB,3,746577
Lille,2026-01-25,Strasbourg,home,5-4-1,True,22,Tiago Santos,RB,2,746577
Lille,2026-01-25,Strasbourg,home,5-4-1,True,32,Ayyoub Bouaddi,CM-L,10,746577
Lille,2026-01-25,Strasbourg,home,5-4-1,True,17,Ngal'ayel Mukau,CM-R,8,746577
Lille,2026-01-25,Strasbourg,home,5-4-1,True,7,Matias Fernandez-Pardo,LM,11,746577
Lille,2026-01-25,Strasbourg,home,5-4-1,True,8,Ethan Mbappé,RM,7,746577
Lille,2026-01-25,Strasbourg,home,5-4-1,True,9,Olivier Giroud,F,9,746577
Lille,2026-01-25,Strasbourg,home,5-4-1,False,35,Soriba Diaoune,SUB,0,746577
Lille,2026-01-25,Strasbourg,home,5-4-1,False,14,Marius Broholm,SUB,0,746577
Lille,2026-01-25,Strasbourg,home,5-4-1,False,33,Lilian Baret,SUB,0,746577
Lille,2026-01-25,Strasbourg,home,5-4-1,False,42,Saad Boussadia,SUB,0,746577
Lille,2026-01-25,Strasbourg,home,5-4-1,False,4,Alexsandro,SUB,0,746577
Lille,2026-01-25,Strasbourg,home,5-4-1,False,27,Felix Correia,SUB,0,746577
Lille,2026-01-25,Strasbourg,home,5-4-1,False,16,Arnaud Bodart,SUB,0,746577
Lille,2026-01-25,Strasbourg,home,5-4-1,False,24,Calvin Verdonk,SUB,0,746577
Lille,2026-01-25,Strasbourg,home,5-4-1,False,12,Thomas Meunier,SUB,0,746577
Strasbourg,2026-01-25,Lille,away,4-2-3-1,True,39,Mike Penders,G,1,746577
Strasbourg,2026-01-25,Lille,away,4-2-3-1,True,6,Ismael Doukoure,CD-L,6,746577
Strasbourg,2026-01-25,Lille,away,4-2-3-1,True,23,Mamadou Sarr,CD-R,5,746577
Strasbourg,2026-01-25,Lille,away,4-2-3-1,True,3,Ben Chilwell,LB,3,746577
Strasbourg,2026-01-25,Lille,away,4-2-3-1,True,22,Guela Doué,RB,2,746577
Strasbourg,2026-01-25,Lille,away,4-2-3-1,True,19,Julio Enciso,AM,10,746577
Strasbourg,2026-01-25,Lille,away,4-2-3-1,True,29,Samir El Mourabet,LM,4,746577
Strasbourg,2026-01-25,Lille,away,4-2-3-1,True,32,Valentín Barco,RM,8,746577
Strasbourg,2026-01-25,Lille,away,4-2-3-1,True,9,Joaquín Panichelli,F,9,746577
Strasbourg,2026-01-25,Lille,away,4-2-3-1,True,20,Martial Godo,AM-L,11,746577
Strasbourg,2026-01-25,Lille,away,4-2-3-1,True,7,Diego Moreira,AM-R,7,746577
Strasbourg,2026-01-25,Lille,away,4-2-3-1,False,1,Karl-Johan Johnsson,SUB,0,746577
Strasbourg,2026-01-25,Lille,away,4-2-3-1,False,42,Abdoul Ouattara,SUB,0,746577
Strasbourg,2026-01-25,Lille,away,4-2-3-1,False,24,Lucas Høgsberg,SUB,0,746577
Strasbourg,2026-01-25,Lille,away,4-2-3-1,False,25,Gessime Yassine,SUB,0,746577
Strasbourg,2026-01-25,Lille,away,4-2-3-1,False,16,Kendry Páez,SUB,0,746577
Strasbourg,2026-01-25,Lille,away,4-2-3-1,False,2,Andrew Omobamidele,SUB,0,746577
Strasbourg,2026-01-25,Lille,away,4-2-3-1,False,83,Rafael Luís,SUB,0,746577
Strasbourg,2026-01-25,Lille,away,4-2-3-1,False,27,Samuel Amo-Ameyaw,SUB,0,746577
Strasbourg,2026-01-25,Lille,away,4-2-3-1,False,11,Sebastian Nanasi,SUB,0,746577
Paris FC,2026-01-25,Angers,home,5-4-1,True,35,Kevin Trapp,G,1,746581
Paris FC,2026-01-25,Angers,home,5-4-1,True,15,Timothée Kolodziejczak,CD,5,746581
Paris FC,2026-01-25,Angers,home,5-4-1,True,6,Otavio,CD-L,4,746581
Paris FC,2026-01-25,Angers,home,5-4-1,True,5,Moustapha Mbow,CD-R,6,746581
Paris FC,2026-01-25,Angers,home,5-4-1,True,19,Nhoa Sangui,LB,3,746581
Paris FC,2026-01-25,Angers,home,5-4-1,True,14,Hamari Traoré,RB,2,746581
Paris FC,2026-01-25,Angers,home,5-4-1,True,17,Adama Camara,CM-L,10,746581
Paris FC,2026-01-25,Angers,home,5-4-1,True,4,Vincent Marchetti,CM-R,8,746581
Paris FC,2026-01-25,Angers,home,5-4-1,True,7,Alimani Gory,LM,11,746581
Paris FC,2026-01-25,Angers,home,5-4-1,True,10,Ilan Kebbal,RM,7,746581
Paris FC,2026-01-25,Angers,home,5-4-1,True,11,Jean-Phillipe Krasso,F,9,746581
Paris FC,2026-01-25,Angers,home,5-4-1,False,27,Moses Simon,SUB,0,746581
Paris FC,2026-01-25,Angers,home,5-4-1,False,93,Jonathan Ikoné,SUB,0,746581
Paris FC,2026-01-25,Angers,home,5-4-1,False,16,Obed Nkambadio,SUB,0,746581
Paris FC,2026-01-25,Angers,home,5-4-1,False,9,Willem Geubbels,SUB,0,746581
Paris FC,2026-01-25,Angers,home,5-4-1,False,2,Tuomas Ollila,SUB,0,746581
Paris FC,2026-01-25,Angers,home,5-4-1,False,21,Maxime López,SUB,0,746581
Paris FC,2026-01-25,Angers,home,5-4-1,False,18,Marshall Munetsi,SUB,0,746581
Paris FC,2026-01-25,Angers,home,5-4-1,False,24,Luca Koleosho,SUB,0,746581
Paris FC,2026-01-25,Angers,home,5-4-1,False,13,Mathieu Cafaro,SUB,0,746581
Angers,2026-01-25,Paris FC,away,4-2-3-1,True,12,Hervé Koffi,G,1,746581
Angers,2026-01-25,Paris FC,away,4-2-3-1,True,21,Jordan Lefort,CD-L,6,746581
Angers,2026-01-25,Paris FC,away,4-2-3-1,True,4,Ousmane Camara,CD-R,5,746581
Angers,2026-01-25,Paris FC,away,4-2-3-1,True,3,Jacques Ekomie,LB,3,746581
Angers,2026-01-25,Paris FC,away,4-2-3-1,True,2,Carlens Arcus,RB,2,746581
Angers,2026-01-25,Paris FC,away,4-2-3-1,True,6,Louis Mouton,AM,10,746581
Angers,2026-01-25,Paris FC,away,4-2-3-1,True,93,Haris Belkebla,LM,4,746581
Angers,2026-01-25,Paris FC,away,4-2-3-1,True,14,Yassin Belkhdim,RM,8,746581
Angers,2026-01-25,Paris FC,away,4-2-3-1,True,11,Sidiki Cherif,F,9,746581
Angers,2026-01-25,Paris FC,away,4-2-3-1,True,7,Amine Sbaï,AM-L,11,746581
Angers,2026-01-25,Paris FC,away,4-2-3-1,True,31,Harouna Djibirin,AM-R,7,746581
Angers,2026-01-25,Paris FC,away,4-2-3-1,False,15,Pierrick Capelle,SUB,0,746581
Angers,2026-01-25,Paris FC,away,4-2-3-1,False,24,Emmanuel Biumla,SUB,0,746581
Angers,2026-01-25,Paris FC,away,4-2-3-1,False,16,Melvin Zinga,SUB,0,746581
Angers,2026-01-25,Paris FC,away,4-2-3-1,False,26,Florent Hanin,SUB,0,746581
Angers,2026-01-25,Paris FC,away,4-2-3-1,False,5,Marius Courcoul,SUB,0,746581
Angers,2026-01-25,Paris FC,away,4-2-3-1,False,35,Prosper Peter,SUB,0,746581
Angers,2026-01-25,Paris FC,away,4-2-3-1,False,8,Branco van den Boomen,SUB,0,746581
Angers,2026-01-25,Paris FC,away,4-2-3-1,False,18,Jim Allevinah,SUB,0,746581
Angers,2026-01-25,Paris FC,away,4-2-3-1,False,27,Lilian Raolisoa,SUB,0,746581
Lorient,2026-01-31,Nantes,home,3-4-2-1,True,38,Yvon Mvogo,G,1,746587
Lorient,2026-01-31,Nantes,home,3-4-2-1,True,3,Montassar Talbi,CD,5,746587
Lorient,2026-01-31,Nantes,home,3-4-2-1,True,2,Igor Silva,CD-L,4,746587
Lorient,2026-01-31,Nantes,home,3-4-2-1,True,5,Bamo Meïté,CD-R,6,746587
Lorient,2026-01-31,Nantes,home,3-4-2-1,True,6,Laurent Abergel,CM-L,8,746587
Lorient,2026-01-31,Nantes,home,3-4-2-1,True,8,Noah Cadiou,CM-R,7,746587
Lorient,2026-01-31,Nantes,home,3-4-2-1,True,43,Arsène Kouassi,LM,3,746587
Lorient,2026-01-31,Nantes,home,3-4-2-1,True,11,Théo Le Bris,RM,2,746587
Lorient,2026-01-31,Nantes,home,3-4-2-1,True,12,Bamba Dieng,F,9,746587
Lorient,2026-01-31,Nantes,home,3-4-2-1,True,10,Pablo Pagis,CF-L,11,746587
Lorient,2026-01-31,Nantes,home,3-4-2-1,True,17,Jean-Victor Makengo,CF-R,10,746587
Lorient,2026-01-31,Nantes,home,3-4-2-1,False,9,Mohamed Bamba,SUB,0,746587
Lorient,2026-01-31,Nantes,home,3-4-2-1,False,28,Sambou Soumano,SUB,0,746587
Lorient,2026-01-31,Nantes,home,3-4-2-1,False,32,Nathaniel Adjei,SUB,0,746587
Lorient,2026-01-31,Nantes,home,3-4-2-1,False,93,Joel Mvuka,SUB,0,746587
Lorient,2026-01-31,Nantes,home,3-4-2-1,False,29,Dermane Karim,SUB,0,746587
Lorient,2026-01-31,Nantes,home,3-4-2-1,False,35,Lucas Leaudais,SUB,0,746587
Lorient,2026-01-31,Nantes,home,3-4-2-1,False,62,Arthur Avom,SUB,0,746587
Lorient,2026-01-31,Nantes,home,3-4-2-1,False,21,Bingourou Kamara,SUB,0,746587
Lorient,2026-01-31,Nantes,home,3-4-2-1,False,14,Trevan Sanusi,SUB,0,746587
Nantes,2026-01-31,Lorient,away,3-4-2-1,True,1,Anthony Lopes,G,1,746587
Nantes,2026-01-31,Lorient,away,3-4-2-1,True,2,Ali Almusrat,CD,5,746587
Nantes,2026-01-31,Lorient,away,3-4-2-1,True,3,Nicolas Cozza,CD-L,4,746587
Nantes,2026-01-31,Lorient,away,3-4-2-1,True,98,Kelvin Amian,CD-R,6,746587
Nantes,2026-01-31,Lorient,away,3-4-2-1,True,8,Johann Lepenant,CM-L,8,746587
Nantes,2026-01-31,Lorient,away,3-4-2-1,True,28,Ibrahima Sissoko,CM-R,7,746587
Nantes,2026-01-31,Lorient,away,3-4-2-1,True,66,Louis Leroux,LM,3,746587
Nantes,2026-01-31,Lorient,away,3-4-2-1,True,18,Fabien Centonze,RM,2,746587
Nantes,2026-01-31,Lorient,away,3-4-2-1,True,31,Mostafa Mohamed,F,9,746587
Nantes,2026-01-31,Lorient,away,3-4-2-1,True,10,Matthis Abline,CF-L,11,746587
Nantes,2026-01-31,Lorient,away,3-4-2-1,True,20,Rémy Cabella,CF-R,10,746587
Nantes,2026-01-31,Lorient,away,3-4-2-1,False,13,Francis Coquelin,SUB,0,746587
Nantes,2026-01-31,Lorient,away,3-4-2-1,False,22,Mathieu Acapandié,SUB,0,746587
Nantes,2026-01-31,Lorient,away,3-4-2-1,False,21,Mohamed Kaba,SUB,0,746587
Nantes,2026-01-31,Lorient,away,3-4-2-1,False,11,Bahereba Guirassy,SUB,0,746587
Nantes,2026-01-31,Lorient,away,3-4-2-1,False,26,Uros Radakovic,SUB,0,746587
Nantes,2026-01-31,Lorient,away,3-4-2-1,False,17,Dehmaine Tabibou,SUB,0,746587
Nantes,2026-01-31,Lorient,away,3-4-2-1,False,30,Patrick Carlgren,SUB,0,746587
Nantes,2026-01-31,Lorient,away,3-4-2-1,False,19,Youssef El Arabi,SUB,0,746587
Nantes,2026-01-31,Lorient,away,3-4-2-1,False,6,Chidozie Awaziem,SUB,0,746587
Lyon,2026-02-01,Lille,home,4-3-3,True,1,Dominik Greif,G,1,746583
Lyon,2026-02-01,Lille,home,4-3-3,True,19,Moussa Niakhaté,CD-L,6,746583
Lyon,2026-02-01,Lille,home,4-3-3,True,22,Clinton Mata,CD-R,5,746583
Lyon,2026-02-01,Lille,home,4-3-3,True,21,Ruben Kluivert,LB,3,746583
Lyon,2026-02-01,Lille,home,4-3-3,True,98,Ainsley Maitland-Niles,RB,2,746583
Lyon,2026-02-01,Lille,home,4-3-3,True,6,Tanner Tessmann,CM,4,746583
Lyon,2026-02-01,Lille,home,4-3-3,True,16,Abner,LM,8,746583
Lyon,2026-02-01,Lille,home,4-3-3,True,99,Noah Nartey,RM,7,746583
Lyon,2026-02-01,Lille,home,4-3-3,True,10,Pavel Sulc,F,9,746583
Lyon,2026-02-01,Lille,home,4-3-3,True,17,Afonso Moreira,LF,11,746583
Lyon,2026-02-01,Lille,home,4-3-3,True,9,Endrick,RF,10,746583
Lyon,2026-02-01,Lille,home,4-3-3,False,33,Hans Hateboer,SUB,0,746583
Lyon,2026-02-01,Lille,home,4-3-3,False,44,Khalis Merah,SUB,0,746583
Lyon,2026-02-01,Lille,home,4-3-3,False,7,Adam Karabec,SUB,0,746583
Lyon,2026-02-01,Lille,home,4-3-3,False,45,Rémi Himbert,SUB,0,746583
Lyon,2026-02-01,Lille,home,4-3-3,False,40,Rémy Descamps,SUB,0,746583
Lyon,2026-02-01,Lille,home,4-3-3,False,34,Adil Hamdani,SUB,0,746583
Lyon,2026-02-01,Lille,home,4-3-3,False,46,Tiago Manuel Gonçalves Silva,SUB,0,746583
Lyon,2026-02-01,Lille,home,4-3-3,False,32,Alejandro Rodríguez,SUB,0,746583
Lyon,2026-02-01,Lille,home,4-3-3,False,39,Mathys De Carvalho,SUB,0,746583
Lille,2026-02-01,Lyon,away,4-2-3-1,True,1,Berke Özer,G,1,746583
Lille,2026-02-01,Lyon,away,4-2-3-1,True,23,Aïssa Mandi,CD-L,6,746583
Lille,2026-02-01,Lyon,away,4-2-3-1,True,3,Nathan Ngoy,CD-R,5,746583
Lille,2026-02-01,Lyon,away,4-2-3-1,True,15,Romain Perraud,LB,3,746583
Lille,2026-02-01,Lyon,away,4-2-3-1,True,22,Tiago Santos,RB,2,746583
Lille,2026-02-01,Lyon,away,4-2-3-1,True,10,Hákon Haraldsson,AM,10,746583
Lille,2026-02-01,Lyon,away,4-2-3-1,True,21,Benjamin André,LM,4,746583
Lille,2026-02-01,Lyon,away,4-2-3-1,True,32,Ayyoub Bouaddi,RM,8,746583
Lille,2026-02-01,Lyon,away,4-2-3-1,True,7,Matias Fernandez-Pardo,F,9,746583
Lille,2026-02-01,Lyon,away,4-2-3-1,True,27,Felix Correia,AM-L,11,746583
Lille,2026-02-01,Lyon,away,4-2-3-1,True,17,Ngal'ayel Mukau,AM-R,7,746583
Lille,2026-02-01,Lyon,away,4-2-3-1,False,4,Alexsandro,SUB,0,746583
Lille,2026-02-01,Lyon,away,4-2-3-1,False,18,Chancel Mbemba,SUB,0,746583
Lille,2026-02-01,Lyon,away,4-2-3-1,False,33,Lilian Baret,SUB,0,746583
Lille,2026-02-01,Lyon,away,4-2-3-1,False,24,Calvin Verdonk,SUB,0,746583
Lille,2026-02-01,Lyon,away,4-2-3-1,False,35,Soriba Diaoune,SUB,0,746583
Lille,2026-02-01,Lyon,away,4-2-3-1,False,9,Olivier Giroud,SUB,0,746583
Lille,2026-02-01,Lyon,away,4-2-3-1,False,14,Marius Broholm,SUB,0,746583
Lille,2026-02-01,Lyon,away,4-2-3-1,False,42,Saad Boussadia,SUB,0,746583
Lille,2026-02-01,Lyon,away,4-2-3-1,False,16,Arnaud Bodart,SUB,0,746583
Lens,2026-01-30,Le Havre,home,3-4-2-1,True,40,Robin Risser,G,1,746589
Lens,2026-01-30,Le Havre,home,3-4-2-1,True,25,Pierre Ganiou,CD,5,746589
Lens,2026-01-30,Le Havre,home,3-4-2-1,True,20,Malang Sarr,CD-L,4,746589
Lens,2026-01-30,Le Havre,home,3-4-2-1,True,32,Kyllian Antonio,CD-R,6,746589
Lens,2026-01-30,Le Havre,home,3-4-2-1,True,28,Adrien Thomasson,CM-L,8,746589
Lens,2026-01-30,Le Havre,home,3-4-2-1,True,8,Mamadou Sangare,CM-R,7,746589
Lens,2026-01-30,Le Havre,home,3-4-2-1,True,14,Matthieu Udol,LM,3,746589
Lens,2026-01-30,Le Havre,home,3-4-2-1,True,2,Ruben Aguilar,RM,2,746589
Lens,2026-01-30,Le Havre,home,3-4-2-1,True,11,Odsonne Édouard,F,9,746589
Lens,2026-01-30,Le Havre,home,3-4-2-1,True,22,Wesley Saïd,CF-L,11,746589
Lens,2026-01-30,Le Havre,home,3-4-2-1,True,10,Florian Thauvin,CF-R,10,746589
Lens,2026-01-30,Le Havre,home,3-4-2-1,False,19,Abdallah Sima,SUB,0,746589
Lens,2026-01-30,Le Havre,home,3-4-2-1,False,16,Mathieu Gorgelin,SUB,0,746589
Lens,2026-01-30,Le Havre,home,3-4-2-1,False,5,Andrija Bulatovic,SUB,0,746589
Lens,2026-01-30,Le Havre,home,3-4-2-1,False,4,Nidal Celik,SUB,0,746589
Lens,2026-01-30,Le Havre,home,3-4-2-1,False,7,Florian Sotoca,SUB,0,746589
Lens,2026-01-30,Le Havre,home,3-4-2-1,False,21,Amadou Haidara,SUB,0,746589
Lens,2026-01-30,Le Havre,home,3-4-2-1,False,38,Rayan Fofana,SUB,0,746589
Lens,2026-01-30,Le Havre,home,3-4-2-1,False,23,Saud Abdulhamid,SUB,0,746589
Lens,2026-01-30,Le Havre,home,3-4-2-1,False,26,Anthony Bermont,SUB,0,746589
Le Havre,2026-01-30,Lens,away,3-4-1-2,True,77,Lionel Mpasi,G,1,746589
Le Havre,2026-01-30,Lens,away,3-4-1-2,True,15,Ayumu Seko,CD,5,746589
Le Havre,2026-01-30,Lens,away,3-4-1-2,True,93,Arouna Sangante,CD-L,4,746589
Le Havre,2026-01-30,Lens,away,3-4-1-2,True,29,Stephan Zagadou,CD-R,6,746589
Le Havre,2026-01-30,Lens,away,3-4-1-2,True,26,Simon Ebonog,CM-L,8,746589
Le Havre,2026-01-30,Lens,away,3-4-1-2,True,19,Lucas Gourna-Douath,CM-R,7,746589
Le Havre,2026-01-30,Lens,away,3-4-1-2,True,14,Rassoul Ndiaye,AM,9,746589
Le Havre,2026-01-30,Lens,away,3-4-1-2,True,18,Yanis Zouaoui,LM,3,746589
Le Havre,2026-01-30,Lens,away,3-4-1-2,True,7,Loïc Négo,RM,2,746589
Le Havre,2026-01-30,Lens,away,3-4-1-2,True,17,Sofiane Boufal,CF-L,11,746589
Le Havre,2026-01-30,Lens,away,3-4-1-2,True,45,Issa Soumaré,CF-R,10,746589
Le Havre,2026-01-30,Lens,away,3-4-1-2,False,13,Fodé Doucouré,SUB,0,746589
Le Havre,2026-01-30,Lens,away,3-4-1-2,False,33,Kenny Quetant,SUB,0,746589
Le Havre,2026-01-30,Lens,away,3-4-1-2,False,20,Noam Obougou,SUB,0,746589
Le Havre,2026-01-30,Lens,away,3-4-1-2,False,32,Timothee Pembélé,SUB,0,746589
Le Havre,2026-01-30,Lens,away,3-4-1-2,False,11,Godson Kyeremeh,SUB,0,746589
Le Havre,2026-01-30,Lens,away,3-4-1-2,False,10,Félix Mambimbi,SUB,0,746589
Le Havre,2026-01-30,Lens,away,3-4-1-2,False,99,Mory Diaw,SUB,0,746589
Le Havre,2026-01-30,Lens,away,3-4-1-2,False,78,Daren Mosengo,SUB,0,746589
Le Havre,2026-01-30,Lens,away,3-4-1-2,False,8,Yassine Kechta,SUB,0,746589
Paris FC,2026-01-31,Marseille,home,5-4-1,True,35,Kevin Trapp,G,1,746586
Paris FC,2026-01-31,Marseille,home,5-4-1,True,15,Timothée Kolodziejczak,CD,5,746586
Paris FC,2026-01-31,Marseille,home,5-4-1,True,6,Otavio,CD-L,4,746586
Paris FC,2026-01-31,Marseille,home,5-4-1,True,5,Moustapha Mbow,CD-R,6,746586
Paris FC,2026-01-31,Marseille,home,5-4-1,True,19,Nhoa Sangui,LB,3,746586
Paris FC,2026-01-31,Marseille,home,5-4-1,True,7,Alimani Gory,RB,2,746586
Paris FC,2026-01-31,Marseille,home,5-4-1,True,17,Adama Camara,CM-L,10,746586
Paris FC,2026-01-31,Marseille,home,5-4-1,True,21,Maxime López,CM-R,8,746586
Paris FC,2026-01-31,Marseille,home,5-4-1,True,27,Moses Simon,LM,11,746586
Paris FC,2026-01-31,Marseille,home,5-4-1,True,10,Ilan Kebbal,RM,7,746586
Paris FC,2026-01-31,Marseille,home,5-4-1,True,11,Jean-Phillipe Krasso,F,9,746586
Paris FC,2026-01-31,Marseille,home,5-4-1,False,18,Marshall Munetsi,SUB,0,746586
Paris FC,2026-01-31,Marseille,home,5-4-1,False,42,Diego Coppola,SUB,0,746586
Paris FC,2026-01-31,Marseille,home,5-4-1,False,4,Vincent Marchetti,SUB,0,746586
Paris FC,2026-01-31,Marseille,home,5-4-1,False,16,Obed Nkambadio,SUB,0,746586
Paris FC,2026-01-31,Marseille,home,5-4-1,False,9,Willem Geubbels,SUB,0,746586
Paris FC,2026-01-31,Marseille,home,5-4-1,False,2,Tuomas Ollila,SUB,0,746586
Paris FC,2026-01-31,Marseille,home,5-4-1,False,93,Jonathan Ikoné,SUB,0,746586
Paris FC,2026-01-31,Marseille,home,5-4-1,False,20,Julien Lopez,SUB,0,746586
Paris FC,2026-01-31,Marseille,home,5-4-1,False,24,Luca Koleosho,SUB,0,746586
Marseille,2026-01-31,Paris FC,away,3-4-2-1,True,1,Gerónimo Rulli,G,1,746586
Marseille,2026-01-31,Paris FC,away,3-4-2-1,True,21,Nayef Aguerd,CD,5,746586
Marseille,2026-01-31,Paris FC,away,3-4-2-1,True,32,Facundo Medina,CD-L,4,746586
Marseille,2026-01-31,Paris FC,away,3-4-2-1,True,5,Leonardo Balerdi,CD-R,6,746586
Marseille,2026-01-31,Paris FC,away,3-4-2-1,True,27,Quinten Timber,CM-L,8,746586
Marseille,2026-01-31,Paris FC,away,3-4-2-1,True,23,Pierre-Emile Højbjerg,CM-R,7,746586
Marseille,2026-01-31,Paris FC,away,3-4-2-1,True,14,Igor Paixão,LM,3,746586
Marseille,2026-01-31,Paris FC,away,3-4-2-1,True,22,Timothy Weah,RM,2,746586
Marseille,2026-01-31,Paris FC,away,3-4-2-1,True,97,Pierre-Emerick Aubameyang,F,9,746586
Marseille,2026-01-31,Paris FC,away,3-4-2-1,True,10,Mason Greenwood,CF-L,11,746586
Marseille,2026-01-31,Paris FC,away,3-4-2-1,True,11,Ethan Nwaneri,CF-R,10,746586
Marseille,2026-01-31,Paris FC,away,3-4-2-1,False,18,Arthur Vermeeren,SUB,0,746586
Marseille,2026-01-31,Paris FC,away,3-4-2-1,False,19,Geoffrey Kondogbia,SUB,0,746586
Marseille,2026-01-31,Paris FC,away,3-4-2-1,False,26,Bilal Nadir,SUB,0,746586
Marseille,2026-01-31,Paris FC,away,3-4-2-1,False,9,Amine Gouiri,SUB,0,746586
Marseille,2026-01-31,Paris FC,away,3-4-2-1,False,12,Jeffrey de Lange,SUB,0,746586
Marseille,2026-01-31,Paris FC,away,3-4-2-1,False,62,Amir Murillo,SUB,0,746586
Marseille,2026-01-31,Paris FC,away,3-4-2-1,False,28,Benjamin Pavard,SUB,0,746586
Marseille,2026-01-31,Paris FC,away,3-4-2-1,False,20,Hamed Traoré,SUB,0,746586
Marseille,2026-01-31,Paris FC,away,3-4-2-1,False,17,Matt O'Riley,SUB,0,746586
Monaco,2026-01-31,Rennes,home,3-4-2-1,True,16,Philipp Köhn,G,1,746584
Monaco,2026-01-31,Rennes,home,3-4-2-1,True,6,Denis Zakaria,CD,5,746584
Monaco,2026-01-31,Rennes,home,3-4-2-1,True,5,Thilo Kehrer,CD-L,4,746584
Monaco,2026-01-31,Rennes,home,3-4-2-1,True,4,Jordan Teze,CD-R,6,746584
Monaco,2026-01-31,Rennes,home,3-4-2-1,True,15,Lamine Camara,CM-L,8,746584
Monaco,2026-01-31,Rennes,home,3-4-2-1,True,28,Mamadou Coulibaly,CM-R,7,746584
Monaco,2026-01-31,Rennes,home,3-4-2-1,True,20,Kassoum Ouattara,LM,3,746584
Monaco,2026-01-31,Rennes,home,3-4-2-1,True,27,Krépin Diatta,RM,2,746584
Monaco,2026-01-31,Rennes,home,3-4-2-1,True,9,Folarin Balogun,F,9,746584
Monaco,2026-01-31,Rennes,home,3-4-2-1,True,10,Aleksandr Golovin,CF-L,11,746584
Monaco,2026-01-31,Rennes,home,3-4-2-1,True,31,Ansu Fati,CF-R,10,746584
Monaco,2026-01-31,Rennes,home,3-4-2-1,False,23,Aladji Bamba,SUB,0,746584
Monaco,2026-01-31,Rennes,home,3-4-2-1,False,19,George Ilenikhena,SUB,0,746584
Monaco,2026-01-31,Rennes,home,3-4-2-1,False,17,Stanis Idumbo,SUB,0,746584
Monaco,2026-01-31,Rennes,home,3-4-2-1,False,2,Vanderson,SUB,0,746584
Monaco,2026-01-31,Rennes,home,3-4-2-1,False,14,Mika Biereth,SUB,0,746584
Monaco,2026-01-31,Rennes,home,3-4-2-1,False,50,Yann Lienard,SUB,0,746584
Monaco,2026-01-31,Rennes,home,3-4-2-1,False,12,Caio Henrique,SUB,0,746584
Monaco,2026-01-31,Rennes,home,3-4-2-1,False,11,Maghnes Akliouche,SUB,0,746584
Monaco,2026-01-31,Rennes,home,3-4-2-1,False,44,Samuel Nibombé,SUB,0,746584
Rennes,2026-01-31,Monaco,away,3-5-2,True,30,Brice Samba,G,1,746584
Rennes,2026-01-31,Monaco,away,3-5-2,True,97,Jérémy Jacquet,CD,5,746584
Rennes,2026-01-31,Monaco,away,3-5-2,True,3,Lilian Brassier,CD-L,4,746584
Rennes,2026-01-31,Monaco,away,3-5-2,True,48,Abdelhamid Aït Boudlal,CD-R,6,746584
Rennes,2026-01-31,Monaco,away,3-5-2,True,26,Quentin Merlin,CM-L,8,746584
Rennes,2026-01-31,Monaco,away,3-5-2,True,45,Mahdi Camara,CM-R,7,746584
Rennes,2026-01-31,Monaco,away,3-5-2,True,6,Djaoui Cissé,AM,11,746584
Rennes,2026-01-31,Monaco,away,3-5-2,True,11,Mousa Al-Tamari,LM,3,746584
Rennes,2026-01-31,Monaco,away,3-5-2,True,95,Przemyslaw Frankowski,RM,2,746584
Rennes,2026-01-31,Monaco,away,3-5-2,True,7,Breel Embolo,CF-L,9,746584
Rennes,2026-01-31,Monaco,away,3-5-2,True,9,Esteban Lepaul,CF-R,10,746584
Rennes,2026-01-31,Monaco,away,3-5-2,False,65,Nordan Mukiele,SUB,0,746584
Rennes,2026-01-31,Monaco,away,3-5-2,False,35,Elias Legendre,SUB,0,746584
Rennes,2026-01-31,Monaco,away,3-5-2,False,24,Anthony Rouault,SUB,0,746584
Rennes,2026-01-31,Monaco,away,3-5-2,False,17,Sebastian Szymanski,SUB,0,746584
Rennes,2026-01-31,Monaco,away,3-5-2,False,50,Mathys Silistre,SUB,0,746584
Rennes,2026-01-31,Monaco,away,3-5-2,False,10,Ludovic Blas,SUB,0,746584
Rennes,2026-01-31,Monaco,away,3-5-2,False,4,Glen Kamara,SUB,0,746584
Rennes,2026-01-31,Monaco,away,3-5-2,False,36,Alidu Seidu,SUB,0,746584
Rennes,2026-01-31,Monaco,away,3-5-2,False,18,Mahamadou Nagida,SUB,0,746584
Metz,2026-02-06,Lille,home,4-2-3-1,True,1,Jonathan Fischer,G,1,746597
Metz,2026-02-06,Lille,home,4-2-3-1,True,4,Urie-Michel Mboula,CD-L,6,746597
Metz,2026-02-06,Lille,home,4-2-3-1,True,38,Sadibou Sané,CD-R,5,746597
Metz,2026-02-06,Lille,home,4-2-3-1,True,97,Fodé Ballo-Touré,LB,3,746597
Metz,2026-02-06,Lille,home,4-2-3-1,True,39,Koffi Kouao,RB,2,746597
Metz,2026-02-06,Lille,home,4-2-3-1,True,20,Jessy Deminguet,AM,10,746597
Metz,2026-02-06,Lille,home,4-2-3-1,True,12,Alpha Touré,LM,4,746597
Metz,2026-02-06,Lille,home,4-2-3-1,True,21,Benjamin Stambouli,RM,8,746597
Metz,2026-02-06,Lille,home,4-2-3-1,True,30,Habib Diallo,F,9,746597
Metz,2026-02-06,Lille,home,4-2-3-1,True,7,Giorgi Tsitaishvili,AM-L,11,746597
Metz,2026-02-06,Lille,home,4-2-3-1,True,19,Lucas Michel,AM-R,7,746597
Metz,2026-02-06,Lille,home,4-2-3-1,False,10,Gauthier Hein,SUB,0,746597
Metz,2026-02-06,Lille,home,4-2-3-1,False,70,Bouna Sarr,SUB,0,746597
Metz,2026-02-06,Lille,home,4-2-3-1,False,2,Maxime Colin,SUB,0,746597
Metz,2026-02-06,Lille,home,4-2-3-1,False,33,Believe Munongo,SUB,0,746597
Metz,2026-02-06,Lille,home,4-2-3-1,False,15,Terry Yegbe,SUB,0,746597
Metz,2026-02-06,Lille,home,4-2-3-1,False,40,Ousmane Ba,SUB,0,746597
Metz,2026-02-06,Lille,home,4-2-3-1,False,9,Giorgi Abuashvili,SUB,0,746597
Metz,2026-02-06,Lille,home,4-2-3-1,False,34,Nathan Mbala,SUB,0,746597
Metz,2026-02-06,Lille,home,4-2-3-1,False,11,Giorgi Kvilitaia,SUB,0,746597
Lille,2026-02-06,Metz,away,4-2-3-1,True,1,Berke Özer,G,1,746597
Lille,2026-02-06,Metz,away,4-2-3-1,True,4,Alexsandro,CD-L,6,746597
Lille,2026-02-06,Metz,away,4-2-3-1,True,23,Aïssa Mandi,CD-R,5,746597
Lille,2026-02-06,Metz,away,4-2-3-1,True,15,Romain Perraud,LB,3,746597
Lille,2026-02-06,Metz,away,4-2-3-1,True,22,Tiago Santos,RB,2,746597
Lille,2026-02-06,Metz,away,4-2-3-1,True,10,Hákon Haraldsson,AM,10,746597
Lille,2026-02-06,Metz,away,4-2-3-1,True,32,Ayyoub Bouaddi,LM,4,746597
Lille,2026-02-06,Metz,away,4-2-3-1,True,21,Benjamin André,RM,8,746597
Lille,2026-02-06,Metz,away,4-2-3-1,True,9,Olivier Giroud,F,9,746597
Lille,2026-02-06,Metz,away,4-2-3-1,True,7,Matias Fernandez-Pardo,AM-L,11,746597
Lille,2026-02-06,Metz,away,4-2-3-1,True,20,Noah Edjouma,AM-R,7,746597
Lille,2026-02-06,Metz,away,4-2-3-1,False,24,Calvin Verdonk,SUB,0,746597
Lille,2026-02-06,Metz,away,4-2-3-1,False,18,Chancel Mbemba,SUB,0,746597
Lille,2026-02-06,Metz,away,4-2-3-1,False,35,Soriba Diaoune,SUB,0,746597
Lille,2026-02-06,Metz,away,4-2-3-1,False,3,Nathan Ngoy,SUB,0,746597
Lille,2026-02-06,Metz,away,4-2-3-1,False,17,Ngal'ayel Mukau,SUB,0,746597
Lille,2026-02-06,Metz,away,4-2-3-1,False,26,André Gomes,SUB,0,746597
Lille,2026-02-06,Metz,away,4-2-3-1,False,27,Felix Correia,SUB,0,746597
Lille,2026-02-06,Metz,away,4-2-3-1,False,16,Arnaud Bodart,SUB,0,746597
Lille,2026-02-06,Metz,away,4-2-3-1,False,28,Gaetan Perrin,SUB,0,746597
Toulouse,2026-02-01,Auxerre,home,3-4-2-1,True,1,Guillaume Restes,G,1,746588
Toulouse,2026-02-01,Auxerre,home,3-4-2-1,True,4,Charlie Cresswell,CD,5,746588
Toulouse,2026-02-01,Auxerre,home,3-4-2-1,True,2,Rasmus Nicolaisen,CD-L,4,746588
Toulouse,2026-02-01,Auxerre,home,3-4-2-1,True,3,Mark McKenzie,CD-R,6,746588
Toulouse,2026-02-01,Auxerre,home,3-4-2-1,True,18,Pape Diop,CM-L,8,746588
Toulouse,2026-02-01,Auxerre,home,3-4-2-1,True,23,Cristian Cásseres Jr.,CM-R,7,746588
Toulouse,2026-02-01,Auxerre,home,3-4-2-1,True,15,Aron Donnum,LM,3,746588
Toulouse,2026-02-01,Auxerre,home,3-4-2-1,True,19,Djibril Sidibé,RM,2,746588
Toulouse,2026-02-01,Auxerre,home,3-4-2-1,True,20,Emersonn,F,9,746588
Toulouse,2026-02-01,Auxerre,home,3-4-2-1,True,10,Yann Gboho,CF-L,11,746588
Toulouse,2026-02-01,Auxerre,home,3-4-2-1,True,11,Santiago Hidalgo,CF-R,10,746588
Toulouse,2026-02-01,Auxerre,home,3-4-2-1,False,16,Kjetil Haug,SUB,0,746588
Toulouse,2026-02-01,Auxerre,home,3-4-2-1,False,22,Rafik Messali,SUB,0,746588
Toulouse,2026-02-01,Auxerre,home,3-4-2-1,False,31,Noah Edjouma,SUB,0,746588
Toulouse,2026-02-01,Auxerre,home,3-4-2-1,False,35,Seny Koumbassa,SUB,0,746588
Toulouse,2026-02-01,Auxerre,home,3-4-2-1,False,45,Alexis Vossah,SUB,0,746588
Toulouse,2026-02-01,Auxerre,home,3-4-2-1,False,44,Gaetan Bakhouche,SUB,0,746588
Toulouse,2026-02-01,Auxerre,home,3-4-2-1,False,7,Julián Vignolo,SUB,0,746588
Toulouse,2026-02-01,Auxerre,home,3-4-2-1,False,12,Waren Kamanzi,SUB,0,746588
Toulouse,2026-02-01,Auxerre,home,3-4-2-1,False,77,Mario Sauer,SUB,0,746588
Auxerre,2026-02-01,Toulouse,away,4-3-3,True,16,Donovan Léon,G,1,746588
Auxerre,2026-02-01,Toulouse,away,4-3-3,True,92,Clément Akpa,CD-L,6,746588
Auxerre,2026-02-01,Toulouse,away,4-3-3,True,20,Sinaly Diomande,CD-R,5,746588
Auxerre,2026-02-01,Toulouse,away,4-3-3,True,14,Gideon Mensah,LB,3,746588
Auxerre,2026-02-01,Toulouse,away,4-3-3,True,27,Lamine Sy,RB,2,746588
Auxerre,2026-02-01,Toulouse,away,4-3-3,True,17,Oussama El Azzouzi,CM,4,746588
Auxerre,2026-02-01,Toulouse,away,4-3-3,True,5,Kévin Danois,LM,8,746588
Auxerre,2026-02-01,Toulouse,away,4-3-3,True,42,Elisha Owusu,RM,7,746588
Auxerre,2026-02-01,Toulouse,away,4-3-3,True,19,Danny Namaso,F,9,746588
Auxerre,2026-02-01,Toulouse,away,4-3-3,True,10,Lassine Sinayoko,LF,11,746588
Auxerre,2026-02-01,Toulouse,away,4-3-3,True,28,Romain Faivre,RF,10,746588
Auxerre,2026-02-01,Toulouse,away,4-3-3,False,8,Naouirou Ahamada,SUB,0,746588
Auxerre,2026-02-01,Toulouse,away,4-3-3,False,18,Assane Dioussé,SUB,0,746588
Auxerre,2026-02-01,Toulouse,away,4-3-3,False,22,Fredrik Oppegard,SUB,0,746588
Auxerre,2026-02-01,Toulouse,away,4-3-3,False,9,Sékou Mara,SUB,0,746588
Auxerre,2026-02-01,Toulouse,away,4-3-3,False,21,Lasso Coulibaly,SUB,0,746588
Auxerre,2026-02-01,Toulouse,away,4-3-3,False,7,Josué Casimir,SUB,0,746588
Auxerre,2026-02-01,Toulouse,away,4-3-3,False,13,Telli Siwe,SUB,0,746588
Auxerre,2026-02-01,Toulouse,away,4-3-3,False,24,Bryan Okoh,SUB,0,746588
Auxerre,2026-02-01,Toulouse,away,4-3-3,False,40,Théo De Percin,SUB,0,746588
Angers,2026-02-01,Metz,home,4-2-3-1,True,12,Hervé Koffi,G,1,746590
Angers,2026-02-01,Metz,home,4-2-3-1,True,21,Jordan Lefort,CD-L,6,746590
Angers,2026-02-01,Metz,home,4-2-3-1,True,4,Ousmane Camara,CD-R,5,746590
Angers,2026-02-01,Metz,home,4-2-3-1,True,3,Jacques Ekomie,LB,3,746590
Angers,2026-02-01,Metz,home,4-2-3-1,True,2,Carlens Arcus,RB,2,746590
Angers,2026-02-01,Metz,home,4-2-3-1,True,6,Louis Mouton,AM,10,746590
Angers,2026-02-01,Metz,home,4-2-3-1,True,8,Branco van den Boomen,LM,4,746590
Angers,2026-02-01,Metz,home,4-2-3-1,True,93,Haris Belkebla,RM,8,746590
Angers,2026-02-01,Metz,home,4-2-3-1,True,35,Prosper Peter,F,9,746590
Angers,2026-02-01,Metz,home,4-2-3-1,True,7,Amine Sbaï,AM-L,11,746590
Angers,2026-02-01,Metz,home,4-2-3-1,True,14,Yassin Belkhdim,AM-R,7,746590
Angers,2026-02-01,Metz,home,4-2-3-1,False,26,Florent Hanin,SUB,0,746590
Angers,2026-02-01,Metz,home,4-2-3-1,False,25,Abdoulaye Bamba,SUB,0,746590
Angers,2026-02-01,Metz,home,4-2-3-1,False,31,Harouna Djibirin,SUB,0,746590
Angers,2026-02-01,Metz,home,4-2-3-1,False,40,Oumar Pona,SUB,0,746590
Angers,2026-02-01,Metz,home,4-2-3-1,False,9,Goduine Koyalipou,SUB,0,746590
Angers,2026-02-01,Metz,home,4-2-3-1,False,15,Pierrick Capelle,SUB,0,746590
Angers,2026-02-01,Metz,home,4-2-3-1,False,24,Emmanuel Biumla,SUB,0,746590
Angers,2026-02-01,Metz,home,4-2-3-1,False,5,Marius Courcoul,SUB,0,746590
Angers,2026-02-01,Metz,home,4-2-3-1,False,27,Lilian Raolisoa,SUB,0,746590
Metz,2026-02-01,Angers,away,4-3-3,True,1,Jonathan Fischer,G,1,746590
Metz,2026-02-01,Angers,away,4-3-3,True,15,Terry Yegbe,CD-L,6,746590
Metz,2026-02-01,Angers,away,4-3-3,True,5,Jean-Philippe Gbamin,CD-R,5,746590
Metz,2026-02-01,Angers,away,4-3-3,True,97,Fodé Ballo-Touré,LB,3,746590
Metz,2026-02-01,Angers,away,4-3-3,True,39,Koffi Kouao,RB,2,746590
Metz,2026-02-01,Angers,away,4-3-3,True,21,Benjamin Stambouli,CM,4,746590
Metz,2026-02-01,Angers,away,4-3-3,True,8,Boubacar Traore,LM,8,746590
Metz,2026-02-01,Angers,away,4-3-3,True,33,Believe Munongo,RM,7,746590
Metz,2026-02-01,Angers,away,4-3-3,True,30,Habib Diallo,F,9,746590
Metz,2026-02-01,Angers,away,4-3-3,True,7,Giorgi Tsitaishvili,LF,11,746590
Metz,2026-02-01,Angers,away,4-3-3,True,10,Gauthier Hein,RF,10,746590
Metz,2026-02-01,Angers,away,4-3-3,False,11,Malick Mbaye,SUB,0,746590
Metz,2026-02-01,Angers,away,4-3-3,False,23,Ibou Sané,SUB,0,746590
Metz,2026-02-01,Angers,away,4-3-3,False,20,Jessy Deminguet,SUB,0,746590
Metz,2026-02-01,Angers,away,4-3-3,False,9,Giorgi Abuashvili,SUB,0,746590
Metz,2026-02-01,Angers,away,4-3-3,False,2,Maxime Colin,SUB,0,746590
Metz,2026-02-01,Angers,away,4-3-3,False,34,Nathan Mbala,SUB,0,746590
Metz,2026-02-01,Angers,away,4-3-3,False,12,Alpha Touré,SUB,0,746590
Metz,2026-02-01,Angers,away,4-3-3,False,4,Urie-Michel Mboula,SUB,0,746590
Metz,2026-02-01,Angers,away,4-3-3,False,40,Ousmane Ba,SUB,0,746590
Nice,2026-02-01,Brest,home,4-2-3-1,True,31,Maxime Dupé,G,1,746585
Nice,2026-02-01,Brest,home,4-2-3-1,True,4,Dante,CD-L,6,746585
Nice,2026-02-01,Brest,home,4-2-3-1,True,37,Kojo Peprah Oppong,CD-R,5,746585
Nice,2026-02-01,Brest,home,4-2-3-1,True,2,Ali Abdi,LB,3,746585
Nice,2026-02-01,Brest,home,4-2-3-1,True,92,Jonathan Clauss,RB,2,746585
Nice,2026-02-01,Brest,home,4-2-3-1,True,8,Morgan Sanson,AM,10,746585
Nice,2026-02-01,Brest,home,4-2-3-1,True,99,Salis Abdul Samed,LM,4,746585
Nice,2026-02-01,Brest,home,4-2-3-1,True,24,Charles Vanhoutte,RM,8,746585
Nice,2026-02-01,Brest,home,4-2-3-1,True,11,Elye Wahi,F,9,746585
Nice,2026-02-01,Brest,home,4-2-3-1,True,10,Sofiane Diop,AM-L,11,746585
Nice,2026-02-01,Brest,home,4-2-3-1,True,25,Mohamed-Ali Cho,AM-R,7,746585
Nice,2026-02-01,Brest,home,4-2-3-1,False,80,Yehvann Diouf,SUB,0,746585
Nice,2026-02-01,Brest,home,4-2-3-1,False,21,Isak Jansson,SUB,0,746585
Nice,2026-02-01,Brest,home,4-2-3-1,False,22,Tanguy Ndombele,SUB,0,746585
Nice,2026-02-01,Brest,home,4-2-3-1,False,33,Antoine Mendy,SUB,0,746585
Nice,2026-02-01,Brest,home,4-2-3-1,False,6,Hicham Boudaoui,SUB,0,746585
Nice,2026-02-01,Brest,home,4-2-3-1,False,23,Gabin Bernardeau,SUB,0,746585
Nice,2026-02-01,Brest,home,4-2-3-1,False,20,Tom Louchet,SUB,0,746585
Nice,2026-02-01,Brest,home,4-2-3-1,False,32,Kail Boudache,SUB,0,746585
Nice,2026-02-01,Brest,home,4-2-3-1,False,90,Kevin Carlos,SUB,0,746585
Brest,2026-02-01,Nice,away,4-2-3-1,True,30,Grégoire Coudert,G,1,746585
Brest,2026-02-01,Nice,away,4-2-3-1,True,44,Soumaila Coulibaly,CD-L,6,746585
Brest,2026-02-01,Nice,away,4-2-3-1,True,5,Brendan Chardonnet,CD-R,5,746585
Brest,2026-02-01,Nice,away,4-2-3-1,True,27,Daouda Guindo,LB,3,746585
Brest,2026-02-01,Nice,away,4-2-3-1,True,77,Kenny Lala,RB,2,746585
Brest,2026-02-01,Nice,away,4-2-3-1,True,23,Kamory Doumbia,AM,10,746585
Brest,2026-02-01,Nice,away,4-2-3-1,True,8,Hugo Magnetti,LM,4,746585
Brest,2026-02-01,Nice,away,4-2-3-1,True,13,Joris Chotard,RM,8,746585
Brest,2026-02-01,Nice,away,4-2-3-1,True,19,Ludovic Ajorque,F,9,746585
Brest,2026-02-01,Nice,away,4-2-3-1,True,14,Remy Labeau Lascary,AM-L,11,746585
Brest,2026-02-01,Nice,away,4-2-3-1,True,10,Romain Del Castillo,AM-R,7,746585
Brest,2026-02-01,Nice,away,4-2-3-1,False,24,Lucas Tousart,SUB,0,746585
Brest,2026-02-01,Nice,away,4-2-3-1,False,71,Raphaël Le Guen,SUB,0,746585
Brest,2026-02-01,Nice,away,4-2-3-1,False,12,Luc Zogbe,SUB,0,746585
Brest,2026-02-01,Nice,away,4-2-3-1,False,26,Julien Le Cardinal,SUB,0,746585
Brest,2026-02-01,Nice,away,4-2-3-1,False,4,Michel Diaz,SUB,0,746585
Brest,2026-02-01,Nice,away,4-2-3-1,False,7,Junior Dina Ebimbe,SUB,0,746585
Brest,2026-02-01,Nice,away,4-2-3-1,False,33,Hamidou Makalou,SUB,0,746585
Brest,2026-02-01,Nice,away,4-2-3-1,False,1,Radoslaw Majecki,SUB,0,746585
Brest,2026-02-01,Nice,away,4-2-3-1,False,99,Pathé Mboup,SUB,0,746585
Strasbourg,2026-02-01,PSG,home,4-2-3-1,True,39,Mike Penders,G,1,746591
Strasbourg,2026-02-01,PSG,home,4-2-3-1,True,6,Ismael Doukoure,CD-L,6,746591
Strasbourg,2026-02-01,PSG,home,4-2-3-1,True,23,Mamadou Sarr,CD-R,5,746591
Strasbourg,2026-02-01,PSG,home,4-2-3-1,True,3,Ben Chilwell,LB,3,746591
Strasbourg,2026-02-01,PSG,home,4-2-3-1,True,22,Guela Doué,RB,2,746591
Strasbourg,2026-02-01,PSG,home,4-2-3-1,True,19,Julio Enciso,AM,10,746591
Strasbourg,2026-02-01,PSG,home,4-2-3-1,True,42,Abdoul Ouattara,LM,4,746591
Strasbourg,2026-02-01,PSG,home,4-2-3-1,True,29,Samir El Mourabet,RM,8,746591
Strasbourg,2026-02-01,PSG,home,4-2-3-1,True,9,Joaquín Panichelli,F,9,746591
Strasbourg,2026-02-01,PSG,home,4-2-3-1,True,20,Martial Godo,AM-L,11,746591
Strasbourg,2026-02-01,PSG,home,4-2-3-1,True,7,Diego Moreira,AM-R,7,746591
Strasbourg,2026-02-01,PSG,home,4-2-3-1,False,80,Gessime Yassine,SUB,0,746591
Strasbourg,2026-02-01,PSG,home,4-2-3-1,False,24,Lucas Høgsberg,SUB,0,746591
Strasbourg,2026-02-01,PSG,home,4-2-3-1,False,17,Mathis Amougou,SUB,0,746591
Strasbourg,2026-02-01,PSG,home,4-2-3-1,False,27,Samuel Amo-Ameyaw,SUB,0,746591
Strasbourg,2026-02-01,PSG,home,4-2-3-1,False,2,Andrew Omobamidele,SUB,0,746591
Strasbourg,2026-02-01,PSG,home,4-2-3-1,False,28,Tyrese Noubissie,SUB,0,746591
Strasbourg,2026-02-01,PSG,home,4-2-3-1,False,11,Sebastian Nanasi,SUB,0,746591
Strasbourg,2026-02-01,PSG,home,4-2-3-1,False,1,Karl-Johan Johnsson,SUB,0,746591
Strasbourg,2026-02-01,PSG,home,4-2-3-1,False,83,Rafael Luís,SUB,0,746591
PSG,2026-02-01,Strasbourg,away,4-3-3,True,39,Matvei Safonov,G,1,746591
PSG,2026-02-01,Strasbourg,away,4-3-3,True,51,Willian Pacho,CD-L,6,746591
PSG,2026-02-01,Strasbourg,away,4-3-3,True,5,Marquinhos,CD-R,5,746591
PSG,2026-02-01,Strasbourg,away,4-3-3,True,25,Nuno Mendes,LB,3,746591
PSG,2026-02-01,Strasbourg,away,4-3-3,True,2,Achraf Hakimi,RB,2,746591
PSG,2026-02-01,Strasbourg,away,4-3-3,True,17,Vitinha,CM,4,746591
PSG,2026-02-01,Strasbourg,away,4-3-3,True,87,João Neves,LM,8,746591
PSG,2026-02-01,Strasbourg,away,4-3-3,True,33,Warren Zaïre-Emery,RM,7,746591
PSG,2026-02-01,Strasbourg,away,4-3-3,True,24,Senny Mayulu,F,9,746591
PSG,2026-02-01,Strasbourg,away,4-3-3,True,29,Bradley Barcola,LF,11,746591
PSG,2026-02-01,Strasbourg,away,4-3-3,True,49,Ibrahim Mbaye,RF,10,746591
PSG,2026-02-01,Strasbourg,away,4-3-3,False,21,Lucas Hernández,SUB,0,746591
PSG,2026-02-01,Strasbourg,away,4-3-3,False,27,Dro Fernández,SUB,0,746591
PSG,2026-02-01,Strasbourg,away,4-3-3,False,4,Lucas Beraldo,SUB,0,746591
PSG,2026-02-01,Strasbourg,away,4-3-3,False,19,Lee Kang-In,SUB,0,746591
PSG,2026-02-01,Strasbourg,away,4-3-3,False,14,Désiré Doué,SUB,0,746591
PSG,2026-02-01,Strasbourg,away,4-3-3,False,6,Illia Zabarnyi,SUB,0,746591
PSG,2026-02-01,Strasbourg,away,4-3-3,False,10,Ousmane Dembélé,SUB,0,746591
PSG,2026-02-01,Strasbourg,away,4-3-3,False,30,Lucas Chevalier,SUB,0,746591
PSG,2026-02-01,Strasbourg,away,4-3-3,False,9,Gonçalo Ramos,SUB,0,746591
Brest,2026-02-07,Lorient,home,4-2-3-1,True,30,Grégoire Coudert,G,1,746594
Brest,2026-02-07,Lorient,home,4-2-3-1,True,4,Michel Diaz,CD-L,6,746594
Brest,2026-02-07,Lorient,home,4-2-3-1,True,5,Brendan Chardonnet,CD-R,5,746594
Brest,2026-02-07,Lorient,home,4-2-3-1,True,27,Daouda Guindo,LB,3,746594
Brest,2026-02-07,Lorient,home,4-2-3-1,True,77,Kenny Lala,RB,2,746594
Brest,2026-02-07,Lorient,home,4-2-3-1,True,23,Kamory Doumbia,AM,10,746594
Brest,2026-02-07,Lorient,home,4-2-3-1,True,8,Hugo Magnetti,LM,4,746594
Brest,2026-02-07,Lorient,home,4-2-3-1,True,13,Joris Chotard,RM,8,746594
Brest,2026-02-07,Lorient,home,4-2-3-1,True,19,Ludovic Ajorque,F,9,746594
Brest,2026-02-07,Lorient,home,4-2-3-1,True,14,Remy Labeau Lascary,AM-L,11,746594
Brest,2026-02-07,Lorient,home,4-2-3-1,True,10,Romain Del Castillo,AM-R,7,746594
Brest,2026-02-07,Lorient,home,4-2-3-1,False,71,Raphaël Le Guen,SUB,0,746594
Brest,2026-02-07,Lorient,home,4-2-3-1,False,24,Lucas Tousart,SUB,0,746594
Brest,2026-02-07,Lorient,home,4-2-3-1,False,39,Axel Lassus,SUB,0,746594
Brest,2026-02-07,Lorient,home,4-2-3-1,False,99,Pathé Mboup,SUB,0,746594
Brest,2026-02-07,Lorient,home,4-2-3-1,False,7,Junior Dina Ebimbe,SUB,0,746594
Brest,2026-02-07,Lorient,home,4-2-3-1,False,1,Radoslaw Majecki,SUB,0,746594
Brest,2026-02-07,Lorient,home,4-2-3-1,False,33,Hamidou Makalou,SUB,0,746594
Brest,2026-02-07,Lorient,home,4-2-3-1,False,12,Luc Zogbe,SUB,0,746594
Lorient,2026-02-07,Brest,away,3-4-2-1,True,38,Yvon Mvogo,G,1,746594
Lorient,2026-02-07,Brest,away,3-4-2-1,True,3,Montassar Talbi,CD,5,746594
Lorient,2026-02-07,Brest,away,3-4-2-1,True,32,Nathaniel Adjei,CD-L,4,746594
Lorient,2026-02-07,Brest,away,3-4-2-1,True,5,Bamo Meïté,CD-R,6,746594
Lorient,2026-02-07,Brest,away,3-4-2-1,True,6,Laurent Abergel,CM-L,8,746594
Lorient,2026-02-07,Brest,away,3-4-2-1,True,62,Arthur Avom,CM-R,7,746594
Lorient,2026-02-07,Brest,away,3-4-2-1,True,43,Arsène Kouassi,LM,3,746594
Lorient,2026-02-07,Brest,away,3-4-2-1,True,11,Théo Le Bris,RM,2,746594
Lorient,2026-02-07,Brest,away,3-4-2-1,True,12,Bamba Dieng,F,9,746594
Lorient,2026-02-07,Brest,away,3-4-2-1,True,10,Pablo Pagis,CF-L,11,746594
Lorient,2026-02-07,Brest,away,3-4-2-1,True,17,Jean-Victor Makengo,CF-R,10,746594
Lorient,2026-02-07,Brest,away,3-4-2-1,False,35,Lucas Leaudais,SUB,0,746594
Lorient,2026-02-07,Brest,away,3-4-2-1,False,8,Noah Cadiou,SUB,0,746594
Lorient,2026-02-07,Brest,away,3-4-2-1,False,21,Bingourou Kamara,SUB,0,746594
Lorient,2026-02-07,Brest,away,3-4-2-1,False,15,Tosin Aiyegun,SUB,0,746594
Lorient,2026-02-07,Brest,away,3-4-2-1,False,9,Mohamed Bamba,SUB,0,746594
Lorient,2026-02-07,Brest,away,3-4-2-1,False,29,Dermane Karim,SUB,0,746594
Lorient,2026-02-07,Brest,away,3-4-2-1,False,28,Sambou Soumano,SUB,0,746594
Lorient,2026-02-07,Brest,away,3-4-2-1,False,2,Igor Silva,SUB,0,746594
Lorient,2026-02-07,Brest,away,3-4-2-1,False,44,Darlin Yongwa,SUB,0,746594
Lens,2026-02-07,Rennes,home,3-4-2-1,True,40,Robin Risser,G,1,746596
Lens,2026-02-07,Rennes,home,3-4-2-1,True,6,Samson Baidoo,CD,5,746596
Lens,2026-02-07,Rennes,home,3-4-2-1,True,20,Malang Sarr,CD-L,4,746596
Lens,2026-02-07,Rennes,home,3-4-2-1,True,25,Pierre Ganiou,CD-R,6,746596
Lens,2026-02-07,Rennes,home,3-4-2-1,True,28,Adrien Thomasson,CM-L,8,746596
Lens,2026-02-07,Rennes,home,3-4-2-1,True,8,Mamadou Sangare,CM-R,7,746596
Lens,2026-02-07,Rennes,home,3-4-2-1,True,14,Matthieu Udol,LM,3,746596
Lens,2026-02-07,Rennes,home,3-4-2-1,True,2,Ruben Aguilar,RM,2,746596
Lens,2026-02-07,Rennes,home,3-4-2-1,True,11,Odsonne Édouard,F,9,746596
Lens,2026-02-07,Rennes,home,3-4-2-1,True,22,Wesley Saïd,CF-L,11,746596
Lens,2026-02-07,Rennes,home,3-4-2-1,True,10,Florian Thauvin,CF-R,10,746596
Lens,2026-02-07,Rennes,home,3-4-2-1,False,16,Mathieu Gorgelin,SUB,0,746596
Lens,2026-02-07,Rennes,home,3-4-2-1,False,23,Saud Abdulhamid,SUB,0,746596
Lens,2026-02-07,Rennes,home,3-4-2-1,False,9,Allan Saint-Maximin,SUB,0,746596
Lens,2026-02-07,Rennes,home,3-4-2-1,False,29,Arthur Masuaku,SUB,0,746596
Lens,2026-02-07,Rennes,home,3-4-2-1,False,38,Rayan Fofana,SUB,0,746596
Lens,2026-02-07,Rennes,home,3-4-2-1,False,19,Abdallah Sima,SUB,0,746596
Lens,2026-02-07,Rennes,home,3-4-2-1,False,7,Florian Sotoca,SUB,0,746596
Lens,2026-02-07,Rennes,home,3-4-2-1,False,32,Kyllian Antonio,SUB,0,746596
Lens,2026-02-07,Rennes,home,3-4-2-1,False,21,Amadou Haidara,SUB,0,746596
Rennes,2026-02-07,Lens,away,3-5-2,True,50,Mathys Silistre,G,1,746596
Rennes,2026-02-07,Lens,away,3-5-2,True,97,Jérémy Jacquet,CD,5,746596
Rennes,2026-02-07,Lens,away,3-5-2,True,24,Anthony Rouault,CD-L,4,746596
Rennes,2026-02-07,Lens,away,3-5-2,True,48,Abdelhamid Aït Boudlal,CD-R,6,746596
Rennes,2026-02-07,Lens,away,3-5-2,True,45,Mahdi Camara,CM-L,8,746596
Rennes,2026-02-07,Lens,away,3-5-2,True,17,Sebastian Szymanski,CM-R,7,746596
Rennes,2026-02-07,Lens,away,3-5-2,True,21,Valentin Rongier,AM,11,746596
Rennes,2026-02-07,Lens,away,3-5-2,True,11,Mousa Al-Tamari,LM,3,746596
Rennes,2026-02-07,Lens,away,3-5-2,True,70,Arnaud Nordin,RM,2,746596
Rennes,2026-02-07,Lens,away,3-5-2,True,7,Breel Embolo,CF-L,9,746596
Rennes,2026-02-07,Lens,away,3-5-2,True,9,Esteban Lepaul,CF-R,10,746596
Rennes,2026-02-07,Lens,away,3-5-2,False,26,Quentin Merlin,SUB,0,746596
Rennes,2026-02-07,Lens,away,3-5-2,False,3,Lilian Brassier,SUB,0,746596
Rennes,2026-02-07,Lens,away,3-5-2,False,36,Alidu Seidu,SUB,0,746596
Rennes,2026-02-07,Lens,away,3-5-2,False,80,Ayoube Akabou,SUB,0,746596
Rennes,2026-02-07,Lens,away,3-5-2,False,79,Chibuike Ugochukwu,SUB,0,746596
Rennes,2026-02-07,Lens,away,3-5-2,False,35,Elias Legendre,SUB,0,746596
Rennes,2026-02-07,Lens,away,3-5-2,False,65,Nordan Mukiele,SUB,0,746596
Rennes,2026-02-07,Lens,away,3-5-2,False,18,Mahamadou Nagida,SUB,0,746596
Rennes,2026-02-07,Lens,away,3-5-2,False,10,Ludovic Blas,SUB,0,746596
Nantes,2026-02-07,Lyon,home,3-4-2-1,True,1,Anthony Lopes,G,1,746598
Nantes,2026-02-07,Lyon,home,3-4-2-1,True,2,Ali Almusrat,CD,5,746598
Nantes,2026-02-07,Lyon,home,3-4-2-1,True,3,Nicolas Cozza,CD-L,4,746598
Nantes,2026-02-07,Lyon,home,3-4-2-1,True,98,Kelvin Amian,CD-R,6,746598
Nantes,2026-02-07,Lyon,home,3-4-2-1,True,21,Mohamed Kaba,CM-L,8,746598
Nantes,2026-02-07,Lyon,home,3-4-2-1,True,8,Johann Lepenant,CM-R,7,746598
Nantes,2026-02-07,Lyon,home,3-4-2-1,True,17,Dehmaine Tabibou,LM,3,746598
Nantes,2026-02-07,Lyon,home,3-4-2-1,True,18,Fabien Centonze,RM,2,746598
Nantes,2026-02-07,Lyon,home,3-4-2-1,True,31,Mostafa Mohamed,F,9,746598
Nantes,2026-02-07,Lyon,home,3-4-2-1,True,10,Matthis Abline,CF-L,11,746598
Nantes,2026-02-07,Lyon,home,3-4-2-1,True,20,Rémy Cabella,CF-R,10,746598
Nantes,2026-02-07,Lyon,home,3-4-2-1,False,13,Francis Coquelin,SUB,0,746598
Nantes,2026-02-07,Lyon,home,3-4-2-1,False,6,Chidozie Awaziem,SUB,0,746598
Nantes,2026-02-07,Lyon,home,3-4-2-1,False,11,Bahereba Guirassy,SUB,0,746598
Nantes,2026-02-07,Lyon,home,3-4-2-1,False,19,Youssef El Arabi,SUB,0,746598
Nantes,2026-02-07,Lyon,home,3-4-2-1,False,4,Abakar Sylla,SUB,0,746598
Nantes,2026-02-07,Lyon,home,3-4-2-1,False,28,Ibrahima Sissoko,SUB,0,746598
Nantes,2026-02-07,Lyon,home,3-4-2-1,False,66,Louis Leroux,SUB,0,746598
Nantes,2026-02-07,Lyon,home,3-4-2-1,False,30,Patrick Carlgren,SUB,0,746598
Nantes,2026-02-07,Lyon,home,3-4-2-1,False,27,Deiver Machado,SUB,0,746598
Lyon,2026-02-07,Nantes,away,4-3-3,True,1,Dominik Greif,G,1,746598
Lyon,2026-02-07,Nantes,away,4-3-3,True,19,Moussa Niakhaté,CD-L,6,746598
Lyon,2026-02-07,Nantes,away,4-3-3,True,22,Clinton Mata,CD-R,5,746598
Lyon,2026-02-07,Nantes,away,4-3-3,True,16,Abner,LB,3,746598
Lyon,2026-02-07,Nantes,away,4-3-3,True,98,Ainsley Maitland-Niles,RB,2,746598
Lyon,2026-02-07,Nantes,away,4-3-3,True,23,Tyler Morton,CM,4,746598
Lyon,2026-02-07,Nantes,away,4-3-3,True,99,Noah Nartey,LM,8,746598
Lyon,2026-02-07,Nantes,away,4-3-3,True,6,Tanner Tessmann,RM,7,746598
Lyon,2026-02-07,Nantes,away,4-3-3,True,10,Pavel Sulc,F,9,746598
Lyon,2026-02-07,Nantes,away,4-3-3,True,17,Afonso Moreira,LF,11,746598
Lyon,2026-02-07,Nantes,away,4-3-3,True,9,Endrick,RF,10,746598
Lyon,2026-02-07,Nantes,away,4-3-3,False,40,Rémy Descamps,SUB,0,746598
Lyon,2026-02-07,Nantes,away,4-3-3,False,44,Khalis Merah,SUB,0,746598
Lyon,2026-02-07,Nantes,away,4-3-3,False,85,Noham Kamara,SUB,0,746598
Lyon,2026-02-07,Nantes,away,4-3-3,False,39,Mathys De Carvalho,SUB,0,746598
Lyon,2026-02-07,Nantes,away,4-3-3,False,18,Rachid Ghezzal,SUB,0,746598
Lyon,2026-02-07,Nantes,away,4-3-3,False,33,Hans Hateboer,SUB,0,746598
Lyon,2026-02-07,Nantes,away,4-3-3,False,34,Adil Hamdani,SUB,0,746598
Lyon,2026-02-07,Nantes,away,4-3-3,False,45,Rémi Himbert,SUB,0,746598
Lyon,2026-02-07,Nantes,away,4-3-3,False,7,Adam Karabec,SUB,0,746598
Nice,2026-02-08,Monaco,home,4-2-3-1,True,31,Maxime Dupé,G,1,746599
Nice,2026-02-08,Monaco,home,4-2-3-1,True,4,Dante,CD-L,6,746599
Nice,2026-02-08,Monaco,home,4-2-3-1,True,37,Kojo Peprah Oppong,CD-R,5,746599
Nice,2026-02-08,Monaco,home,4-2-3-1,True,2,Ali Abdi,LB,3,746599
Nice,2026-02-08,Monaco,home,4-2-3-1,True,92,Jonathan Clauss,RB,2,746599
Nice,2026-02-08,Monaco,home,4-2-3-1,True,10,Sofiane Diop,AM,10,746599
Nice,2026-02-08,Monaco,home,4-2-3-1,True,24,Charles Vanhoutte,LM,4,746599
Nice,2026-02-08,Monaco,home,4-2-3-1,True,8,Morgan Sanson,RM,8,746599
Nice,2026-02-08,Monaco,home,4-2-3-1,True,11,Elye Wahi,F,9,746599
Nice,2026-02-08,Monaco,home,4-2-3-1,True,20,Tom Louchet,AM-L,11,746599
Nice,2026-02-08,Monaco,home,4-2-3-1,True,23,Gabin Bernardeau,AM-R,7,746599
Nice,2026-02-08,Monaco,home,4-2-3-1,False,41,Everton Pereira,SUB,0,746599
Nice,2026-02-08,Monaco,home,4-2-3-1,False,32,Kail Boudache,SUB,0,746599
Nice,2026-02-08,Monaco,home,4-2-3-1,False,28,Juma Bah,SUB,0,746599
Nice,2026-02-08,Monaco,home,4-2-3-1,False,80,Yehvann Diouf,SUB,0,746599
Nice,2026-02-08,Monaco,home,4-2-3-1,False,22,Tanguy Ndombele,SUB,0,746599
Nice,2026-02-08,Monaco,home,4-2-3-1,False,39,Djibril Coulibaly,SUB,0,746599
Nice,2026-02-08,Monaco,home,4-2-3-1,False,44,Zoumana Diallo,SUB,0,746599
Nice,2026-02-08,Monaco,home,4-2-3-1,False,99,Salis Abdul Samed,SUB,0,746599
Nice,2026-02-08,Monaco,home,4-2-3-1,False,21,Isak Jansson,SUB,0,746599
Monaco,2026-02-08,Nice,away,3-4-2-1,True,16,Philipp Köhn,G,1,746599
Monaco,2026-02-08,Nice,away,3-4-2-1,True,6,Denis Zakaria,CD,5,746599
Monaco,2026-02-08,Nice,away,3-4-2-1,True,5,Thilo Kehrer,CD-L,4,746599
Monaco,2026-02-08,Nice,away,3-4-2-1,True,4,Jordan Teze,CD-R,6,746599
Monaco,2026-02-08,Nice,away,3-4-2-1,True,23,Aladji Bamba,CM-L,8,746599
Monaco,2026-02-08,Nice,away,3-4-2-1,True,15,Lamine Camara,CM-R,7,746599
Monaco,2026-02-08,Nice,away,3-4-2-1,True,24,Simon Adingra,LM,3,746599
Monaco,2026-02-08,Nice,away,3-4-2-1,True,27,Krépin Diatta,RM,2,746599
Monaco,2026-02-08,Nice,away,3-4-2-1,True,9,Folarin Balogun,F,9,746599
Monaco,2026-02-08,Nice,away,3-4-2-1,True,10,Aleksandr Golovin,CF-L,11,746599
Monaco,2026-02-08,Nice,away,3-4-2-1,True,11,Maghnes Akliouche,CF-R,10,746599
Monaco,2026-02-08,Nice,away,3-4-2-1,False,29,Paris Brunner,SUB,0,746599
Monaco,2026-02-08,Nice,away,3-4-2-1,False,2,Vanderson,SUB,0,746599
Monaco,2026-02-08,Nice,away,3-4-2-1,False,50,Yann Lienard,SUB,0,746599
Monaco,2026-02-08,Nice,away,3-4-2-1,False,17,Stanis Idumbo,SUB,0,746599
Monaco,2026-02-08,Nice,away,3-4-2-1,False,14,Mika Biereth,SUB,0,746599
Monaco,2026-02-08,Nice,away,3-4-2-1,False,12,Caio Henrique,SUB,0,746599
Monaco,2026-02-08,Nice,away,3-4-2-1,False,44,Samuel Nibombé,SUB,0,746599
Monaco,2026-02-08,Nice,away,3-4-2-1,False,28,Mamadou Coulibaly,SUB,0,746599
Monaco,2026-02-08,Nice,away,3-4-2-1,False,25,Wout Faes,SUB,0,746599
Auxerre,2026-02-08,Paris FC,home,4-3-3,True,16,Donovan Léon,G,1,746593
Auxerre,2026-02-08,Paris FC,home,4-3-3,True,92,Clément Akpa,CD-L,6,746593
Auxerre,2026-02-08,Paris FC,home,4-3-3,True,20,Sinaly Diomande,CD-R,5,746593
Auxerre,2026-02-08,Paris FC,home,4-3-3,True,14,Gideon Mensah,LB,3,746593
Auxerre,2026-02-08,Paris FC,home,4-3-3,True,27,Lamine Sy,RB,2,746593
Auxerre,2026-02-08,Paris FC,home,4-3-3,True,42,Elisha Owusu,CM,4,746593
Auxerre,2026-02-08,Paris FC,home,4-3-3,True,5,Kévin Danois,LM,8,746593
Auxerre,2026-02-08,Paris FC,home,4-3-3,True,8,Naouirou Ahamada,RM,7,746593
Auxerre,2026-02-08,Paris FC,home,4-3-3,True,10,Lassine Sinayoko,F,9,746593
Auxerre,2026-02-08,Paris FC,home,4-3-3,True,19,Danny Namaso,LF,11,746593
Auxerre,2026-02-08,Paris FC,home,4-3-3,True,7,Josué Casimir,RF,10,746593
Auxerre,2026-02-08,Paris FC,home,4-3-3,False,24,Bryan Okoh,SUB,0,746593
Auxerre,2026-02-08,Paris FC,home,4-3-3,False,29,Marvin Senaya,SUB,0,746593
Auxerre,2026-02-08,Paris FC,home,4-3-3,False,28,Romain Faivre,SUB,0,746593
Auxerre,2026-02-08,Paris FC,home,4-3-3,False,41,Yvan Zaddy,SUB,0,746593
Auxerre,2026-02-08,Paris FC,home,4-3-3,False,22,Fredrik Oppegard,SUB,0,746593
Auxerre,2026-02-08,Paris FC,home,4-3-3,False,21,Lasso Coulibaly,SUB,0,746593
Auxerre,2026-02-08,Paris FC,home,4-3-3,False,9,Sékou Mara,SUB,0,746593
Auxerre,2026-02-08,Paris FC,home,4-3-3,False,18,Assane Dioussé,SUB,0,746593
Auxerre,2026-02-08,Paris FC,home,4-3-3,False,40,Théo De Percin,SUB,0,746593
Paris FC,2026-02-08,Auxerre,away,5-4-1,True,35,Kevin Trapp,G,1,746593
Paris FC,2026-02-08,Auxerre,away,5-4-1,True,15,Timothée Kolodziejczak,CD,5,746593
Paris FC,2026-02-08,Auxerre,away,5-4-1,True,6,Otavio,CD-L,4,746593
Paris FC,2026-02-08,Auxerre,away,5-4-1,True,5,Moustapha Mbow,CD-R,6,746593
Paris FC,2026-02-08,Auxerre,away,5-4-1,True,19,Nhoa Sangui,LB,3,746593
Paris FC,2026-02-08,Auxerre,away,5-4-1,True,7,Alimani Gory,RB,2,746593
Paris FC,2026-02-08,Auxerre,away,5-4-1,True,17,Adama Camara,CM-L,10,746593
Paris FC,2026-02-08,Auxerre,away,5-4-1,True,21,Maxime López,CM-R,8,746593
Paris FC,2026-02-08,Auxerre,away,5-4-1,True,27,Moses Simon,LM,11,746593
Paris FC,2026-02-08,Auxerre,away,5-4-1,True,10,Ilan Kebbal,RM,7,746593
Paris FC,2026-02-08,Auxerre,away,5-4-1,True,36,Ciro Immobile,F,9,746593
Paris FC,2026-02-08,Auxerre,away,5-4-1,False,24,Luca Koleosho,SUB,0,746593
Paris FC,2026-02-08,Auxerre,away,5-4-1,False,93,Jonathan Ikoné,SUB,0,746593
Paris FC,2026-02-08,Auxerre,away,5-4-1,False,9,Willem Geubbels,SUB,0,746593
Paris FC,2026-02-08,Auxerre,away,5-4-1,False,2,Tuomas Ollila,SUB,0,746593
Paris FC,2026-02-08,Auxerre,away,5-4-1,False,42,Diego Coppola,SUB,0,746593
Paris FC,2026-02-08,Auxerre,away,5-4-1,False,16,Obed Nkambadio,SUB,0,746593
Paris FC,2026-02-08,Auxerre,away,5-4-1,False,4,Vincent Marchetti,SUB,0,746593
Paris FC,2026-02-08,Auxerre,away,5-4-1,False,18,Marshall Munetsi,SUB,0,746593
Paris FC,2026-02-08,Auxerre,away,5-4-1,False,11,Jean-Phillipe Krasso,SUB,0,746593
Angers,2026-02-08,Toulouse,home,4-2-3-1,True,12,Hervé Koffi,G,1,746592
Angers,2026-02-08,Toulouse,home,4-2-3-1,True,21,Jordan Lefort,CD-L,6,746592
Angers,2026-02-08,Toulouse,home,4-2-3-1,True,4,Ousmane Camara,CD-R,5,746592
Angers,2026-02-08,Toulouse,home,4-2-3-1,True,3,Jacques Ekomie,LB,3,746592
Angers,2026-02-08,Toulouse,home,4-2-3-1,True,2,Carlens Arcus,RB,2,746592
Angers,2026-02-08,Toulouse,home,4-2-3-1,True,6,Louis Mouton,AM,10,746592
Angers,2026-02-08,Toulouse,home,4-2-3-1,True,8,Branco van den Boomen,LM,4,746592
Angers,2026-02-08,Toulouse,home,4-2-3-1,True,14,Yassin Belkhdim,RM,8,746592
Angers,2026-02-08,Toulouse,home,4-2-3-1,True,9,Goduine Koyalipou,F,9,746592
Angers,2026-02-08,Toulouse,home,4-2-3-1,True,7,Amine Sbaï,AM-L,11,746592
Angers,2026-02-08,Toulouse,home,4-2-3-1,True,27,Lilian Raolisoa,AM-R,7,746592
Angers,2026-02-08,Toulouse,home,4-2-3-1,False,15,Pierrick Capelle,SUB,0,746592
Angers,2026-02-08,Toulouse,home,4-2-3-1,False,36,Lanroy Machine,SUB,0,746592
Angers,2026-02-08,Toulouse,home,4-2-3-1,False,5,Marius Courcoul,SUB,0,746592
Angers,2026-02-08,Toulouse,home,4-2-3-1,False,16,Melvin Zinga,SUB,0,746592
Angers,2026-02-08,Toulouse,home,4-2-3-1,False,26,Florent Hanin,SUB,0,746592
Angers,2026-02-08,Toulouse,home,4-2-3-1,False,35,Prosper Peter,SUB,0,746592
Angers,2026-02-08,Toulouse,home,4-2-3-1,False,20,Marius Louãr,SUB,0,746592
Angers,2026-02-08,Toulouse,home,4-2-3-1,False,24,Emmanuel Biumla,SUB,0,746592
Angers,2026-02-08,Toulouse,home,4-2-3-1,False,44,Yahia Jlidi,SUB,0,746592
Toulouse,2026-02-08,Angers,away,3-4-2-1,True,1,Guillaume Restes,G,1,746592
Toulouse,2026-02-08,Angers,away,3-4-2-1,True,4,Charlie Cresswell,CD,5,746592
Toulouse,2026-02-08,Angers,away,3-4-2-1,True,2,Rasmus Nicolaisen,CD-L,4,746592
Toulouse,2026-02-08,Angers,away,3-4-2-1,True,19,Djibril Sidibé,CD-R,6,746592
Toulouse,2026-02-08,Angers,away,3-4-2-1,True,18,Pape Diop,CM-L,8,746592
Toulouse,2026-02-08,Angers,away,3-4-2-1,True,23,Cristian Cásseres Jr.,CM-R,7,746592
Toulouse,2026-02-08,Angers,away,3-4-2-1,True,15,Aron Donnum,LM,3,746592
Toulouse,2026-02-08,Angers,away,3-4-2-1,True,22,Rafik Messali,RM,2,746592
Toulouse,2026-02-08,Angers,away,3-4-2-1,True,20,Emersonn,F,9,746592
Toulouse,2026-02-08,Angers,away,3-4-2-1,True,10,Yann Gboho,CF-L,11,746592
Toulouse,2026-02-08,Angers,away,3-4-2-1,True,11,Santiago Hidalgo,CF-R,10,746592
Toulouse,2026-02-08,Angers,away,3-4-2-1,False,35,Seny Koumbassa,SUB,0,746592
Toulouse,2026-02-08,Angers,away,3-4-2-1,False,24,Dayann Methalie,SUB,0,746592
Toulouse,2026-02-08,Angers,away,3-4-2-1,False,77,Mario Sauer,SUB,0,746592
Toulouse,2026-02-08,Angers,away,3-4-2-1,False,7,Julián Vignolo,SUB,0,746592
Toulouse,2026-02-08,Angers,away,3-4-2-1,False,16,Kjetil Haug,SUB,0,746592
Toulouse,2026-02-08,Angers,away,3-4-2-1,False,3,Mark McKenzie,SUB,0,746592
Toulouse,2026-02-08,Angers,away,3-4-2-1,False,34,Noah Lahmadi,SUB,0,746592
Toulouse,2026-02-08,Angers,away,3-4-2-1,False,12,Waren Kamanzi,SUB,0,746592
Toulouse,2026-02-08,Angers,away,3-4-2-1,False,13,Jacen Russell-Rowe,SUB,0,746592
Lille,2026-02-14,Brest,home,4-2-3-1,True,1,Berke Özer,G,1,746604
Lille,2026-02-14,Brest,home,4-2-3-1,True,4,Alexsandro,CD-L,6,746604
Lille,2026-02-14,Brest,home,4-2-3-1,True,18,Chancel Mbemba,CD-R,5,746604
Lille,2026-02-14,Brest,home,4-2-3-1,True,15,Romain Perraud,LB,3,746604
Lille,2026-02-14,Brest,home,4-2-3-1,True,32,Ayyoub Bouaddi,RB,2,746604
Lille,2026-02-14,Brest,home,4-2-3-1,True,35,Soriba Diaoune,AM,10,746604
Lille,2026-02-14,Brest,home,4-2-3-1,True,10,Hákon Haraldsson,LM,4,746604
Lille,2026-02-14,Brest,home,4-2-3-1,True,21,Benjamin André,RM,8,746604
Lille,2026-02-14,Brest,home,4-2-3-1,True,7,Matias Fernandez-Pardo,F,9,746604
Lille,2026-02-14,Brest,home,4-2-3-1,True,27,Felix Correia,AM-L,11,746604
Lille,2026-02-14,Brest,home,4-2-3-1,True,17,Ngal'ayel Mukau,AM-R,7,746604
Lille,2026-02-14,Brest,home,4-2-3-1,False,6,Nabil Bentaleb,SUB,0,746604
Lille,2026-02-14,Brest,home,4-2-3-1,False,22,Tiago Santos,SUB,0,746604
Lille,2026-02-14,Brest,home,4-2-3-1,False,40,Thomas Sajous,SUB,0,746604
Lille,2026-02-14,Brest,home,4-2-3-1,False,9,Olivier Giroud,SUB,0,746604
Lille,2026-02-14,Brest,home,4-2-3-1,False,38,Maxima Goffi,SUB,0,746604
Lille,2026-02-14,Brest,home,4-2-3-1,False,28,Gaetan Perrin,SUB,0,746604
Lille,2026-02-14,Brest,home,4-2-3-1,False,14,Marius Broholm,SUB,0,746604
Lille,2026-02-14,Brest,home,4-2-3-1,False,16,Arnaud Bodart,SUB,0,746604
Lille,2026-02-14,Brest,home,4-2-3-1,False,24,Calvin Verdonk,SUB,0,746604
Brest,2026-02-14,Lille,away,4-2-3-1,True,30,Grégoire Coudert,G,1,746604
Brest,2026-02-14,Lille,away,4-2-3-1,True,4,Michel Diaz,CD-L,6,746604
Brest,2026-02-14,Lille,away,4-2-3-1,True,5,Brendan Chardonnet,CD-R,5,746604
Brest,2026-02-14,Lille,away,4-2-3-1,True,27,Daouda Guindo,LB,3,746604
Brest,2026-02-14,Lille,away,4-2-3-1,True,77,Kenny Lala,RB,2,746604
Brest,2026-02-14,Lille,away,4-2-3-1,True,7,Junior Dina Ebimbe,AM,10,746604
Brest,2026-02-14,Lille,away,4-2-3-1,True,8,Hugo Magnetti,LM,4,746604
Brest,2026-02-14,Lille,away,4-2-3-1,True,13,Joris Chotard,RM,8,746604
Brest,2026-02-14,Lille,away,4-2-3-1,True,19,Ludovic Ajorque,F,9,746604
Brest,2026-02-14,Lille,away,4-2-3-1,True,14,Remy Labeau Lascary,AM-L,11,746604
Brest,2026-02-14,Lille,away,4-2-3-1,True,10,Romain Del Castillo,AM-R,7,746604
Brest,2026-02-14,Lille,away,4-2-3-1,False,1,Radoslaw Majecki,SUB,0,746604
Brest,2026-02-14,Lille,away,4-2-3-1,False,12,Luc Zogbe,SUB,0,746604
Brest,2026-02-14,Lille,away,4-2-3-1,False,24,Lucas Tousart,SUB,0,746604
Brest,2026-02-14,Lille,away,4-2-3-1,False,21,Ibrahim Kanté,SUB,0,746604
Brest,2026-02-14,Lille,away,4-2-3-1,False,99,Pathé Mboup,SUB,0,746604
Brest,2026-02-14,Lille,away,4-2-3-1,False,29,Serigne Diop,SUB,0,746604
Brest,2026-02-14,Lille,away,4-2-3-1,False,33,Hamidou Makalou,SUB,0,746604
Brest,2026-02-14,Lille,away,4-2-3-1,False,71,Raphaël Le Guen,SUB,0,746604
PSG,2026-02-08,Marseille,home,4-3-3,True,39,Matvei Safonov,G,1,746595
PSG,2026-02-08,Marseille,home,4-3-3,True,51,Willian Pacho,CD-L,6,746595
PSG,2026-02-08,Marseille,home,4-3-3,True,5,Marquinhos,CD-R,5,746595
PSG,2026-02-08,Marseille,home,4-3-3,True,25,Nuno Mendes,LB,3,746595
PSG,2026-02-08,Marseille,home,4-3-3,True,33,Warren Zaïre-Emery,RB,2,746595
PSG,2026-02-08,Marseille,home,4-3-3,True,17,Vitinha,CM,4,746595
PSG,2026-02-08,Marseille,home,4-3-3,True,87,João Neves,LM,8,746595
PSG,2026-02-08,Marseille,home,4-3-3,True,24,Senny Mayulu,RM,7,746595
PSG,2026-02-08,Marseille,home,4-3-3,True,10,Ousmane Dembélé,F,9,746595
PSG,2026-02-08,Marseille,home,4-3-3,True,29,Bradley Barcola,LF,11,746595
PSG,2026-02-08,Marseille,home,4-3-3,True,14,Désiré Doué,RF,10,746595
PSG,2026-02-08,Marseille,home,4-3-3,False,19,Lee Kang-In,SUB,0,746595
PSG,2026-02-08,Marseille,home,4-3-3,False,30,Lucas Chevalier,SUB,0,746595
PSG,2026-02-08,Marseille,home,4-3-3,False,9,Gonçalo Ramos,SUB,0,746595
PSG,2026-02-08,Marseille,home,4-3-3,False,21,Lucas Hernández,SUB,0,746595
PSG,2026-02-08,Marseille,home,4-3-3,False,49,Ibrahim Mbaye,SUB,0,746595
PSG,2026-02-08,Marseille,home,4-3-3,False,6,Illia Zabarnyi,SUB,0,746595
PSG,2026-02-08,Marseille,home,4-3-3,False,7,Khvicha Kvaratskhelia,SUB,0,746595
PSG,2026-02-08,Marseille,home,4-3-3,False,27,Dro Fernández,SUB,0,746595
PSG,2026-02-08,Marseille,home,4-3-3,False,4,Lucas Beraldo,SUB,0,746595
Marseille,2026-02-08,PSG,away,5-4-1,True,12,Jeffrey de Lange,G,1,746595
Marseille,2026-02-08,PSG,away,5-4-1,True,5,Leonardo Balerdi,CD,5,746595
Marseille,2026-02-08,PSG,away,5-4-1,True,32,Facundo Medina,CD-L,4,746595
Marseille,2026-02-08,PSG,away,5-4-1,True,28,Benjamin Pavard,CD-R,6,746595
Marseille,2026-02-08,PSG,away,5-4-1,True,33,Emerson,LB,3,746595
Marseille,2026-02-08,PSG,away,5-4-1,True,22,Timothy Weah,RB,2,746595
Marseille,2026-02-08,PSG,away,5-4-1,True,27,Quinten Timber,CM-L,10,746595
Marseille,2026-02-08,PSG,away,5-4-1,True,23,Pierre-Emile Højbjerg,CM-R,8,746595
Marseille,2026-02-08,PSG,away,5-4-1,True,10,Mason Greenwood,LM,11,746595
Marseille,2026-02-08,PSG,away,5-4-1,True,11,Ethan Nwaneri,RM,7,746595
Marseille,2026-02-08,PSG,away,5-4-1,True,9,Amine Gouiri,F,9,746595
Marseille,2026-02-08,PSG,away,5-4-1,False,1,Gerónimo Rulli,SUB,0,746595
Marseille,2026-02-08,PSG,away,5-4-1,False,17,Pierre-Emerick Aubameyang,SUB,0,746595
Marseille,2026-02-08,PSG,away,5-4-1,False,19,Geoffrey Kondogbia,SUB,0,746595
Marseille,2026-02-08,PSG,away,5-4-1,False,18,Arthur Vermeeren,SUB,0,746595
Marseille,2026-02-08,PSG,away,5-4-1,False,20,Hamed Traoré,SUB,0,746595
Marseille,2026-02-08,PSG,away,5-4-1,False,4,CJ Egan-Riley,SUB,0,746595
Marseille,2026-02-08,PSG,away,5-4-1,False,14,Igor Paixão,SUB,0,746595
Marseille,2026-02-08,PSG,away,5-4-1,False,8,Himad Abdelli,SUB,0,746595
Marseille,2026-02-08,PSG,away,5-4-1,False,26,Bilal Nadir,SUB,0,746595
Rennes,2026-02-13,PSG,home,4-2-3-1,True,30,Brice Samba,G,1,746601
Rennes,2026-02-13,PSG,home,4-2-3-1,True,3,Lilian Brassier,CD-L,6,746601
Rennes,2026-02-13,PSG,home,4-2-3-1,True,24,Anthony Rouault,CD-R,5,746601
Rennes,2026-02-13,PSG,home,4-2-3-1,True,26,Quentin Merlin,LB,3,746601
Rennes,2026-02-13,PSG,home,4-2-3-1,True,18,Mahamadou Nagida,RB,2,746601
Rennes,2026-02-13,PSG,home,4-2-3-1,True,17,Sebastian Szymanski,AM,10,746601
Rennes,2026-02-13,PSG,home,4-2-3-1,True,45,Mahdi Camara,LM,4,746601
Rennes,2026-02-13,PSG,home,4-2-3-1,True,21,Valentin Rongier,RM,8,746601
Rennes,2026-02-13,PSG,home,4-2-3-1,True,9,Esteban Lepaul,F,9,746601
Rennes,2026-02-13,PSG,home,4-2-3-1,True,70,Arnaud Nordin,AM-L,11,746601
Rennes,2026-02-13,PSG,home,4-2-3-1,True,11,Mousa Al-Tamari,AM-R,7,746601
Rennes,2026-02-13,PSG,home,4-2-3-1,False,35,Elias Legendre,SUB,0,746601
Rennes,2026-02-13,PSG,home,4-2-3-1,False,7,Breel Embolo,SUB,0,746601
Rennes,2026-02-13,PSG,home,4-2-3-1,False,6,Djaoui Cissé,SUB,0,746601
Rennes,2026-02-13,PSG,home,4-2-3-1,False,65,Nordan Mukiele,SUB,0,746601
Rennes,2026-02-13,PSG,home,4-2-3-1,False,69,Henrick Do Marcolino,SUB,0,746601
Rennes,2026-02-13,PSG,home,4-2-3-1,False,36,Alidu Seidu,SUB,0,746601
Rennes,2026-02-13,PSG,home,4-2-3-1,False,75,Junior Ake,SUB,0,746601
Rennes,2026-02-13,PSG,home,4-2-3-1,False,50,Mathys Silistre,SUB,0,746601
Rennes,2026-02-13,PSG,home,4-2-3-1,False,10,Ludovic Blas,SUB,0,746601
PSG,2026-02-13,Rennes,away,4-3-3,True,39,Matvei Safonov,G,1,746601
PSG,2026-02-13,Rennes,away,4-3-3,True,51,Willian Pacho,CD-L,6,746601
PSG,2026-02-13,Rennes,away,4-3-3,True,6,Illia Zabarnyi,CD-R,5,746601
PSG,2026-02-13,Rennes,away,4-3-3,True,25,Nuno Mendes,LB,3,746601
PSG,2026-02-13,Rennes,away,4-3-3,True,2,Achraf Hakimi,RB,2,746601
PSG,2026-02-13,Rennes,away,4-3-3,True,17,Vitinha,CM,4,746601
PSG,2026-02-13,Rennes,away,4-3-3,True,87,João Neves,LM,8,746601
PSG,2026-02-13,Rennes,away,4-3-3,True,33,Warren Zaïre-Emery,RM,7,746601
PSG,2026-02-13,Rennes,away,4-3-3,True,10,Ousmane Dembélé,F,9,746601
PSG,2026-02-13,Rennes,away,4-3-3,True,7,Khvicha Kvaratskhelia,LF,11,746601
PSG,2026-02-13,Rennes,away,4-3-3,True,14,Désiré Doué,RF,10,746601
PSG,2026-02-13,Rennes,away,4-3-3,False,5,Marquinhos,SUB,0,746601
PSG,2026-02-13,Rennes,away,4-3-3,False,29,Bradley Barcola,SUB,0,746601
PSG,2026-02-13,Rennes,away,4-3-3,False,49,Ibrahim Mbaye,SUB,0,746601
PSG,2026-02-13,Rennes,away,4-3-3,False,4,Lucas Beraldo,SUB,0,746601
PSG,2026-02-13,Rennes,away,4-3-3,False,30,Lucas Chevalier,SUB,0,746601
PSG,2026-02-13,Rennes,away,4-3-3,False,27,Dro Fernández,SUB,0,746601
PSG,2026-02-13,Rennes,away,4-3-3,False,19,Lee Kang-In,SUB,0,746601
PSG,2026-02-13,Rennes,away,4-3-3,False,21,Lucas Hernández,SUB,0,746601
PSG,2026-02-13,Rennes,away,4-3-3,False,9,Gonçalo Ramos,SUB,0,746601
Monaco,2026-02-13,Nantes,home,4-2-3-1,True,16,Philipp Köhn,G,1,746609
Monaco,2026-02-13,Nantes,home,4-2-3-1,True,25,Wout Faes,CD-L,6,746609
Monaco,2026-02-13,Nantes,home,4-2-3-1,True,5,Thilo Kehrer,CD-R,5,746609
Monaco,2026-02-13,Nantes,home,4-2-3-1,True,12,Caio Henrique,LB,3,746609
Monaco,2026-02-13,Nantes,home,4-2-3-1,True,2,Vanderson,RB,2,746609
Monaco,2026-02-13,Nantes,home,4-2-3-1,True,10,Aleksandr Golovin,AM,10,746609
Monaco,2026-02-13,Nantes,home,4-2-3-1,True,15,Lamine Camara,LM,4,746609
Monaco,2026-02-13,Nantes,home,4-2-3-1,True,6,Denis Zakaria,RM,8,746609
Monaco,2026-02-13,Nantes,home,4-2-3-1,True,9,Folarin Balogun,F,9,746609
Monaco,2026-02-13,Nantes,home,4-2-3-1,True,24,Simon Adingra,AM-L,11,746609
Monaco,2026-02-13,Nantes,home,4-2-3-1,True,11,Maghnes Akliouche,AM-R,7,746609
Monaco,2026-02-13,Nantes,home,4-2-3-1,False,31,Ansu Fati,SUB,0,746609
Monaco,2026-02-13,Nantes,home,4-2-3-1,False,50,Yann Lienard,SUB,0,746609
Monaco,2026-02-13,Nantes,home,4-2-3-1,False,44,Samuel Nibombé,SUB,0,746609
Monaco,2026-02-13,Nantes,home,4-2-3-1,False,23,Aladji Bamba,SUB,0,746609
Monaco,2026-02-13,Nantes,home,4-2-3-1,False,27,Krépin Diatta,SUB,0,746609
Monaco,2026-02-13,Nantes,home,4-2-3-1,False,4,Jordan Teze,SUB,0,746609
Monaco,2026-02-13,Nantes,home,4-2-3-1,False,29,Paris Brunner,SUB,0,746609
Monaco,2026-02-13,Nantes,home,4-2-3-1,False,28,Mamadou Coulibaly,SUB,0,746609
Monaco,2026-02-13,Nantes,home,4-2-3-1,False,14,Mika Biereth,SUB,0,746609
Nantes,2026-02-13,Monaco,away,3-4-2-1,True,1,Anthony Lopes,G,1,746609
Nantes,2026-02-13,Monaco,away,3-4-2-1,True,2,Ali Almusrat,CD,5,746609
Nantes,2026-02-13,Monaco,away,3-4-2-1,True,4,Abakar Sylla,CD-L,4,746609
Nantes,2026-02-13,Monaco,away,3-4-2-1,True,6,Chidozie Awaziem,CD-R,6,746609
Nantes,2026-02-13,Monaco,away,3-4-2-1,True,21,Mohamed Kaba,CM-L,8,746609
Nantes,2026-02-13,Monaco,away,3-4-2-1,True,13,Francis Coquelin,CM-R,7,746609
Nantes,2026-02-13,Monaco,away,3-4-2-1,True,27,Deiver Machado,LM,3,746609
Nantes,2026-02-13,Monaco,away,3-4-2-1,True,18,Fabien Centonze,RM,2,746609
Nantes,2026-02-13,Monaco,away,3-4-2-1,True,10,Matthis Abline,F,9,746609
Nantes,2026-02-13,Monaco,away,3-4-2-1,True,20,Rémy Cabella,CF-L,11,746609
Nantes,2026-02-13,Monaco,away,3-4-2-1,True,17,Dehmaine Tabibou,CF-R,10,746609
Nantes,2026-02-13,Monaco,away,3-4-2-1,False,31,Mostafa Mohamed,SUB,0,746609
Nantes,2026-02-13,Monaco,away,3-4-2-1,False,19,Youssef El Arabi,SUB,0,746609
Nantes,2026-02-13,Monaco,away,3-4-2-1,False,11,Bahereba Guirassy,SUB,0,746609
Nantes,2026-02-13,Monaco,away,3-4-2-1,False,37,Ignatius Ganago,SUB,0,746609
Nantes,2026-02-13,Monaco,away,3-4-2-1,False,8,Johann Lepenant,SUB,0,746609
Nantes,2026-02-13,Monaco,away,3-4-2-1,False,28,Ibrahima Sissoko,SUB,0,746609
Nantes,2026-02-13,Monaco,away,3-4-2-1,False,3,Nicolas Cozza,SUB,0,746609
Nantes,2026-02-13,Monaco,away,3-4-2-1,False,98,Kelvin Amian,SUB,0,746609
Nantes,2026-02-13,Monaco,away,3-4-2-1,False,30,Patrick Carlgren,SUB,0,746609
Le Havre,2026-02-08,Strasbourg,home,4-3-3,True,99,Mory Diaw,G,1,746600
Le Havre,2026-02-08,Strasbourg,home,4-3-3,True,93,Arouna Sangante,CD-L,6,746600
Le Havre,2026-02-08,Strasbourg,home,4-3-3,True,29,Stephan Zagadou,CD-R,5,746600
Le Havre,2026-02-08,Strasbourg,home,4-3-3,True,27,Enzo Koffi,LB,3,746600
Le Havre,2026-02-08,Strasbourg,home,4-3-3,True,7,Loïc Négo,RB,2,746600
Le Havre,2026-02-08,Strasbourg,home,4-3-3,True,19,Lucas Gourna-Douath,CM,4,746600
Le Havre,2026-02-08,Strasbourg,home,4-3-3,True,14,Rassoul Ndiaye,LM,8,746600
Le Havre,2026-02-08,Strasbourg,home,4-3-3,True,26,Simon Ebonog,RM,7,746600
Le Havre,2026-02-08,Strasbourg,home,4-3-3,True,45,Issa Soumaré,F,9,746600
Le Havre,2026-02-08,Strasbourg,home,4-3-3,True,17,Sofiane Boufal,LF,11,746600
Le Havre,2026-02-08,Strasbourg,home,4-3-3,True,13,Fodé Doucouré,RF,10,746600
Le Havre,2026-02-08,Strasbourg,home,4-3-3,False,4,Gautier Lloris,SUB,0,746600
Le Havre,2026-02-08,Strasbourg,home,4-3-3,False,78,Daren Mosengo,SUB,0,746600
Le Havre,2026-02-08,Strasbourg,home,4-3-3,False,8,Yassine Kechta,SUB,0,746600
Le Havre,2026-02-08,Strasbourg,home,4-3-3,False,77,Lionel Mpasi,SUB,0,746600
Le Havre,2026-02-08,Strasbourg,home,4-3-3,False,32,Timothee Pembélé,SUB,0,746600
Le Havre,2026-02-08,Strasbourg,home,4-3-3,False,30,Reda Khadra,SUB,0,746600
Le Havre,2026-02-08,Strasbourg,home,4-3-3,False,25,Mbwana Samatta,SUB,0,746600
Le Havre,2026-02-08,Strasbourg,home,4-3-3,False,33,Kenny Quetant,SUB,0,746600
Le Havre,2026-02-08,Strasbourg,home,4-3-3,False,10,Félix Mambimbi,SUB,0,746600
Strasbourg,2026-02-08,Le Havre,away,4-2-3-1,True,39,Mike Penders,G,1,746600
Strasbourg,2026-02-08,Le Havre,away,4-2-3-1,True,6,Ismael Doukoure,CD-L,6,746600
Strasbourg,2026-02-08,Le Havre,away,4-2-3-1,True,24,Lucas Høgsberg,CD-R,5,746600
Strasbourg,2026-02-08,Le Havre,away,4-2-3-1,True,3,Ben Chilwell,LB,3,746600
Strasbourg,2026-02-08,Le Havre,away,4-2-3-1,True,18,Junior Mwanga,RB,2,746600
Strasbourg,2026-02-08,Le Havre,away,4-2-3-1,True,19,Julio Enciso,AM,10,746600
Strasbourg,2026-02-08,Le Havre,away,4-2-3-1,True,32,Valentín Barco,LM,4,746600
Strasbourg,2026-02-08,Le Havre,away,4-2-3-1,True,29,Samir El Mourabet,RM,8,746600
Strasbourg,2026-02-08,Le Havre,away,4-2-3-1,True,9,Joaquín Panichelli,F,9,746600
Strasbourg,2026-02-08,Le Havre,away,4-2-3-1,True,20,Martial Godo,AM-L,11,746600
Strasbourg,2026-02-08,Le Havre,away,4-2-3-1,True,7,Diego Moreira,AM-R,7,746600
Strasbourg,2026-02-08,Le Havre,away,4-2-3-1,False,17,Mathis Amougou,SUB,0,746600
Strasbourg,2026-02-08,Le Havre,away,4-2-3-1,False,27,Samuel Amo-Ameyaw,SUB,0,746600
Strasbourg,2026-02-08,Le Havre,away,4-2-3-1,False,11,Sebastian Nanasi,SUB,0,746600
Strasbourg,2026-02-08,Le Havre,away,4-2-3-1,False,80,Gessime Yassine,SUB,0,746600
Strasbourg,2026-02-08,Le Havre,away,4-2-3-1,False,15,David Datro Fofana,SUB,0,746600
Strasbourg,2026-02-08,Le Havre,away,4-2-3-1,False,33,Yoann Becker,SUB,0,746600
Strasbourg,2026-02-08,Le Havre,away,4-2-3-1,False,2,Andrew Omobamidele,SUB,0,746600
Strasbourg,2026-02-08,Le Havre,away,4-2-3-1,False,1,Karl-Johan Johnsson,SUB,0,746600
Strasbourg,2026-02-08,Le Havre,away,4-2-3-1,False,83,Rafael Luís,SUB,0,746600
Le Havre,2026-02-15,Toulouse,home,3-1-4-2,False,13,Fodé Doucouré,,0,746603
Le Havre,2026-02-15,Toulouse,home,3-1-4-2,False,25,Mbwana Samatta,,0,746603
Le Havre,2026-02-15,Toulouse,home,3-1-4-2,False,11,Godson Kyeremeh,,0,746603
Le Havre,2026-02-15,Toulouse,home,3-1-4-2,False,8,Yassine Kechta,,0,746603
Le Havre,2026-02-15,Toulouse,home,3-1-4-2,False,77,Lionel Mpasi,,0,746603
Le Havre,2026-02-15,Toulouse,home,3-1-4-2,False,33,Kenny Quetant,,0,746603
Le Havre,2026-02-15,Toulouse,home,3-1-4-2,False,78,Daren Mosengo,,0,746603
Le Havre,2026-02-15,Toulouse,home,3-1-4-2,False,20,Noam Obougou,,0,746603
Le Havre,2026-02-15,Toulouse,home,3-1-4-2,False,32,Timothee Pembélé,,0,746603
Le Havre,2026-02-15,Toulouse,home,3-1-4-2,True,99,Mory Diaw,G,1,746603
Le Havre,2026-02-15,Toulouse,home,3-1-4-2,True,4,Gautier Lloris,CD,4,746603
Le Havre,2026-02-15,Toulouse,home,3-1-4-2,True,93,Arouna Sangante,CD-L,6,746603
Le Havre,2026-02-15,Toulouse,home,3-1-4-2,True,29,Stephan Zagadou,CD-R,5,746603
Le Havre,2026-02-15,Toulouse,home,3-1-4-2,True,19,Lucas Gourna-Douath,SW,8,746603
Le Havre,2026-02-15,Toulouse,home,3-1-4-2,True,14,Rassoul Ndiaye,CM-L,11,746603
Le Havre,2026-02-15,Toulouse,home,3-1-4-2,True,26,Simon Ebonog,CM-R,7,746603
Le Havre,2026-02-15,Toulouse,home,3-1-4-2,True,18,Yanis Zouaoui,LM,3,746603
Le Havre,2026-02-15,Toulouse,home,3-1-4-2,True,7,Loïc Négo,RM,2,746603
Le Havre,2026-02-15,Toulouse,home,3-1-4-2,True,17,Sofiane Boufal,CF-L,10,746603
Le Havre,2026-02-15,Toulouse,home,3-1-4-2,True,45,Issa Soumaré,CF-R,9,746603
Toulouse,2026-02-15,Le Havre,away,3-4-2-1,True,1,Guillaume Restes,G,1,746603
Toulouse,2026-02-15,Le Havre,away,3-4-2-1,True,4,Charlie Cresswell,CD,5,746603
Toulouse,2026-02-15,Le Havre,away,3-4-2-1,True,2,Rasmus Nicolaisen,CD-L,4,746603
Toulouse,2026-02-15,Le Havre,away,3-4-2-1,True,3,Mark McKenzie,CD-R,6,746603
Toulouse,2026-02-15,Le Havre,away,3-4-2-1,True,18,Pape Diop,CM-L,8,746603
Toulouse,2026-02-15,Le Havre,away,3-4-2-1,True,23,Cristian Cásseres Jr.,CM-R,7,746603
Toulouse,2026-02-15,Le Havre,away,3-4-2-1,True,19,Djibril Sidibé,LM,3,746603
Toulouse,2026-02-15,Le Havre,away,3-4-2-1,True,22,Rafik Messali,RM,2,746603
Toulouse,2026-02-15,Le Havre,away,3-4-2-1,True,20,Emersonn,F,9,746603
Toulouse,2026-02-15,Le Havre,away,3-4-2-1,True,10,Yann Gboho,CF-L,11,746603
Toulouse,2026-02-15,Le Havre,away,3-4-2-1,True,15,Aron Donnum,CF-R,10,746603
Toulouse,2026-02-15,Le Havre,away,3-4-2-1,False,16,Kjetil Haug,SUB,0,746603
Toulouse,2026-02-15,Le Havre,away,3-4-2-1,False,35,Seny Koumbassa,SUB,0,746603
Toulouse,2026-02-15,Le Havre,away,3-4-2-1,False,7,Julián Vignolo,SUB,0,746603
Toulouse,2026-02-15,Le Havre,away,3-4-2-1,False,13,Jacen Russell-Rowe,SUB,0,746603
Toulouse,2026-02-15,Le Havre,away,3-4-2-1,False,40,Naime Said Mchindra,SUB,0,746603
Toulouse,2026-02-15,Le Havre,away,3-4-2-1,False,77,Mario Sauer,SUB,0,746603
Toulouse,2026-02-15,Le Havre,away,3-4-2-1,False,12,Waren Kamanzi,SUB,0,746603
Toulouse,2026-02-15,Le Havre,away,3-4-2-1,False,24,Dayann Methalie,SUB,0,746603
Toulouse,2026-02-15,Le Havre,away,3-4-2-1,False,11,Santiago Hidalgo,SUB,0,746603
Marseille,2026-02-14,Strasbourg,home,4-2-3-1,True,1,Gerónimo Rulli,G,1,746607
Marseille,2026-02-14,Strasbourg,home,4-2-3-1,True,21,Nayef Aguerd,CD-L,6,746607
Marseille,2026-02-14,Strasbourg,home,4-2-3-1,True,28,Benjamin Pavard,CD-R,5,746607
Marseille,2026-02-14,Strasbourg,home,4-2-3-1,True,33,Emerson,LB,3,746607
Marseille,2026-02-14,Strasbourg,home,4-2-3-1,True,22,Timothy Weah,RB,2,746607
Marseille,2026-02-14,Strasbourg,home,4-2-3-1,True,26,Bilal Nadir,AM,10,746607
Marseille,2026-02-14,Strasbourg,home,4-2-3-1,True,27,Quinten Timber,LM,4,746607
Marseille,2026-02-14,Strasbourg,home,4-2-3-1,True,23,Pierre-Emile Højbjerg,RM,8,746607
Marseille,2026-02-14,Strasbourg,home,4-2-3-1,True,9,Amine Gouiri,F,9,746607
Marseille,2026-02-14,Strasbourg,home,4-2-3-1,True,17,Pierre-Emerick Aubameyang,AM-L,11,746607
Marseille,2026-02-14,Strasbourg,home,4-2-3-1,True,10,Mason Greenwood,AM-R,7,746607
Marseille,2026-02-14,Strasbourg,home,4-2-3-1,False,18,Arthur Vermeeren,SUB,0,746607
Marseille,2026-02-14,Strasbourg,home,4-2-3-1,False,8,Himad Abdelli,SUB,0,746607
Marseille,2026-02-14,Strasbourg,home,4-2-3-1,False,32,Facundo Medina,SUB,0,746607
Marseille,2026-02-14,Strasbourg,home,4-2-3-1,False,12,Jeffrey de Lange,SUB,0,746607
Marseille,2026-02-14,Strasbourg,home,4-2-3-1,False,11,Ethan Nwaneri,SUB,0,746607
Marseille,2026-02-14,Strasbourg,home,4-2-3-1,False,19,Geoffrey Kondogbia,SUB,0,746607
Marseille,2026-02-14,Strasbourg,home,4-2-3-1,False,4,CJ Egan-Riley,SUB,0,746607
Marseille,2026-02-14,Strasbourg,home,4-2-3-1,False,14,Igor Paixão,SUB,0,746607
Marseille,2026-02-14,Strasbourg,home,4-2-3-1,False,20,Hamed Traoré,SUB,0,746607
Strasbourg,2026-02-14,Marseille,away,4-2-3-1,True,39,Mike Penders,G,1,746607
Strasbourg,2026-02-14,Marseille,away,4-2-3-1,True,2,Andrew Omobamidele,CD-L,6,746607
Strasbourg,2026-02-14,Marseille,away,4-2-3-1,True,24,Lucas Høgsberg,CD-R,5,746607
Strasbourg,2026-02-14,Marseille,away,4-2-3-1,True,3,Ben Chilwell,LB,3,746607
Strasbourg,2026-02-14,Marseille,away,4-2-3-1,True,22,Guela Doué,RB,2,746607
Strasbourg,2026-02-14,Marseille,away,4-2-3-1,True,19,Julio Enciso,AM,10,746607
Strasbourg,2026-02-14,Marseille,away,4-2-3-1,True,29,Samir El Mourabet,LM,4,746607
Strasbourg,2026-02-14,Marseille,away,4-2-3-1,True,32,Valentín Barco,RM,8,746607
Strasbourg,2026-02-14,Marseille,away,4-2-3-1,True,9,Joaquín Panichelli,F,9,746607
Strasbourg,2026-02-14,Marseille,away,4-2-3-1,True,20,Martial Godo,AM-L,11,746607
Strasbourg,2026-02-14,Marseille,away,4-2-3-1,True,7,Diego Moreira,AM-R,7,746607
Strasbourg,2026-02-14,Marseille,away,4-2-3-1,False,83,Rafael Luís,SUB,0,746607
Strasbourg,2026-02-14,Marseille,away,4-2-3-1,False,42,Abdoul Ouattara,SUB,0,746607
Strasbourg,2026-02-14,Marseille,away,4-2-3-1,False,17,Mathis Amougou,SUB,0,746607
Strasbourg,2026-02-14,Marseille,away,4-2-3-1,False,11,Sebastian Nanasi,SUB,0,746607
Strasbourg,2026-02-14,Marseille,away,4-2-3-1,False,18,Junior Mwanga,SUB,0,746607
Strasbourg,2026-02-14,Marseille,away,4-2-3-1,False,15,David Datro Fofana,SUB,0,746607
Strasbourg,2026-02-14,Marseille,away,4-2-3-1,False,1,Karl-Johan Johnsson,SUB,0,746607
Strasbourg,2026-02-14,Marseille,away,4-2-3-1,False,80,Gessime Yassine,SUB,0,746607
Strasbourg,2026-02-14,Marseille,away,4-2-3-1,False,5,Aaron Anselmino,SUB,0,746607
Brest,2026-02-20,Marseille,home,4-2-3-1,True,30,Grégoire Coudert,G,1,746613
Brest,2026-02-20,Marseille,home,4-2-3-1,True,4,Michel Diaz,CD-L,6,746613
Brest,2026-02-20,Marseille,home,4-2-3-1,True,5,Brendan Chardonnet,CD-R,5,746613
Brest,2026-02-20,Marseille,home,4-2-3-1,True,27,Daouda Guindo,LB,3,746613
Brest,2026-02-20,Marseille,home,4-2-3-1,True,77,Kenny Lala,RB,2,746613
Brest,2026-02-20,Marseille,home,4-2-3-1,True,23,Kamory Doumbia,AM,10,746613
Brest,2026-02-20,Marseille,home,4-2-3-1,True,13,Joris Chotard,LM,4,746613
Brest,2026-02-20,Marseille,home,4-2-3-1,True,8,Hugo Magnetti,RM,8,746613
Brest,2026-02-20,Marseille,home,4-2-3-1,True,19,Ludovic Ajorque,F,9,746613
Brest,2026-02-20,Marseille,home,4-2-3-1,True,7,Junior Dina Ebimbe,AM-L,11,746613
Brest,2026-02-20,Marseille,home,4-2-3-1,True,10,Romain Del Castillo,AM-R,7,746613
Brest,2026-02-20,Marseille,home,4-2-3-1,False,99,Pathé Mboup,SUB,0,746613
Brest,2026-02-20,Marseille,home,4-2-3-1,False,24,Lucas Tousart,SUB,0,746613
Brest,2026-02-20,Marseille,home,4-2-3-1,False,33,Hamidou Makalou,SUB,0,746613
Brest,2026-02-20,Marseille,home,4-2-3-1,False,71,Raphaël Le Guen,SUB,0,746613
Brest,2026-02-20,Marseille,home,4-2-3-1,False,14,Remy Labeau Lascary,SUB,0,746613
Brest,2026-02-20,Marseille,home,4-2-3-1,False,12,Luc Zogbe,SUB,0,746613
Brest,2026-02-20,Marseille,home,4-2-3-1,False,44,Soumaila Coulibaly,SUB,0,746613
Brest,2026-02-20,Marseille,home,4-2-3-1,False,1,Radoslaw Majecki,SUB,0,746613
Brest,2026-02-20,Marseille,home,4-2-3-1,False,2,Bradley Locko,SUB,0,746613
Marseille,2026-02-20,Brest,away,4-1-4-1,True,1,Gerónimo Rulli,G,1,746613
Marseille,2026-02-20,Brest,away,4-1-4-1,True,21,Nayef Aguerd,CD-L,6,746613
Marseille,2026-02-20,Brest,away,4-1-4-1,True,28,Benjamin Pavard,CD-R,5,746613
Marseille,2026-02-20,Brest,away,4-1-4-1,True,23,Pierre-Emile Højbjerg,DM,4,746613
Marseille,2026-02-20,Brest,away,4-1-4-1,True,33,Emerson,LB,3,746613
Marseille,2026-02-20,Brest,away,4-1-4-1,True,22,Timothy Weah,RB,2,746613
Marseille,2026-02-20,Brest,away,4-1-4-1,True,27,Quinten Timber,CM-L,10,746613
Marseille,2026-02-20,Brest,away,4-1-4-1,True,18,Arthur Vermeeren,CM-R,8,746613
Marseille,2026-02-20,Brest,away,4-1-4-1,True,14,Igor Paixão,LM,11,746613
Marseille,2026-02-20,Brest,away,4-1-4-1,True,10,Mason Greenwood,RM,7,746613
Marseille,2026-02-20,Brest,away,4-1-4-1,True,9,Amine Gouiri,F,9,746613
Marseille,2026-02-20,Brest,away,4-1-4-1,False,11,Ethan Nwaneri,SUB,0,746613
Marseille,2026-02-20,Brest,away,4-1-4-1,False,4,CJ Egan-Riley,SUB,0,746613
Marseille,2026-02-20,Brest,away,4-1-4-1,False,20,Hamed Traoré,SUB,0,746613
Marseille,2026-02-20,Brest,away,4-1-4-1,False,32,Facundo Medina,SUB,0,746613
Marseille,2026-02-20,Brest,away,4-1-4-1,False,19,Geoffrey Kondogbia,SUB,0,746613
Marseille,2026-02-20,Brest,away,4-1-4-1,False,17,Pierre-Emerick Aubameyang,SUB,0,746613
Marseille,2026-02-20,Brest,away,4-1-4-1,False,26,Bilal Nadir,SUB,0,746613
Marseille,2026-02-20,Brest,away,4-1-4-1,False,12,Jeffrey de Lange,SUB,0,746613
Marseille,2026-02-20,Brest,away,4-1-4-1,False,8,Himad Abdelli,SUB,0,746613
Paris FC,2026-02-14,Lens,home,3-4-2-1,True,35,Kevin Trapp,G,1,746602
Paris FC,2026-02-14,Lens,home,3-4-2-1,True,15,Timothée Kolodziejczak,CD,5,746602
Paris FC,2026-02-14,Lens,home,3-4-2-1,True,6,Otavio,CD-L,4,746602
Paris FC,2026-02-14,Lens,home,3-4-2-1,True,42,Diego Coppola,CD-R,6,746602
Paris FC,2026-02-14,Lens,home,3-4-2-1,True,18,Marshall Munetsi,CM-L,8,746602
Paris FC,2026-02-14,Lens,home,3-4-2-1,True,21,Maxime López,CM-R,7,746602
Paris FC,2026-02-14,Lens,home,3-4-2-1,True,19,Nhoa Sangui,LM,3,746602
Paris FC,2026-02-14,Lens,home,3-4-2-1,True,23,Rudy Matondo,RM,2,746602
Paris FC,2026-02-14,Lens,home,3-4-2-1,True,36,Ciro Immobile,F,9,746602
Paris FC,2026-02-14,Lens,home,3-4-2-1,True,24,Luca Koleosho,CF-L,11,746602
Paris FC,2026-02-14,Lens,home,3-4-2-1,True,10,Ilan Kebbal,CF-R,10,746602
Paris FC,2026-02-14,Lens,home,3-4-2-1,False,5,Moustapha Mbow,SUB,0,746602
Paris FC,2026-02-14,Lens,home,3-4-2-1,False,11,Jean-Phillipe Krasso,SUB,0,746602
Paris FC,2026-02-14,Lens,home,3-4-2-1,False,93,Jonathan Ikoné,SUB,0,746602
Paris FC,2026-02-14,Lens,home,3-4-2-1,False,7,Alimani Gory,SUB,0,746602
Paris FC,2026-02-14,Lens,home,3-4-2-1,False,4,Vincent Marchetti,SUB,0,746602
Paris FC,2026-02-14,Lens,home,3-4-2-1,False,16,Obed Nkambadio,SUB,0,746602
Paris FC,2026-02-14,Lens,home,3-4-2-1,False,33,Pierre Lees-Melou,SUB,0,746602
Paris FC,2026-02-14,Lens,home,3-4-2-1,False,27,Moses Simon,SUB,0,746602
Paris FC,2026-02-14,Lens,home,3-4-2-1,False,17,Adama Camara,SUB,0,746602
Lens,2026-02-14,Paris FC,away,3-4-2-1,True,40,Robin Risser,G,1,746602
Lens,2026-02-14,Paris FC,away,3-4-2-1,True,25,Pierre Ganiou,CD,5,746602
Lens,2026-02-14,Paris FC,away,3-4-2-1,True,20,Malang Sarr,CD-L,4,746602
Lens,2026-02-14,Paris FC,away,3-4-2-1,True,4,Nidal Celik,CD-R,6,746602
Lens,2026-02-14,Paris FC,away,3-4-2-1,True,28,Adrien Thomasson,CM-L,8,746602
Lens,2026-02-14,Paris FC,away,3-4-2-1,True,8,Mamadou Sangare,CM-R,7,746602
Lens,2026-02-14,Paris FC,away,3-4-2-1,True,14,Matthieu Udol,LM,3,746602
Lens,2026-02-14,Paris FC,away,3-4-2-1,True,23,Saud Abdulhamid,RM,2,746602
Lens,2026-02-14,Paris FC,away,3-4-2-1,True,11,Odsonne Édouard,F,9,746602
Lens,2026-02-14,Paris FC,away,3-4-2-1,True,22,Wesley Saïd,CF-L,11,746602
Lens,2026-02-14,Paris FC,away,3-4-2-1,True,10,Florian Thauvin,CF-R,10,746602
Lens,2026-02-14,Paris FC,away,3-4-2-1,False,9,Allan Saint-Maximin,SUB,0,746602
Lens,2026-02-14,Paris FC,away,3-4-2-1,False,27,Arthur Masuaku,SUB,0,746602
Lens,2026-02-14,Paris FC,away,3-4-2-1,False,7,Florian Sotoca,SUB,0,746602
Lens,2026-02-14,Paris FC,away,3-4-2-1,False,5,Andrija Bulatovic,SUB,0,746602
Lens,2026-02-14,Paris FC,away,3-4-2-1,False,26,Anthony Bermont,SUB,0,746602
Lens,2026-02-14,Paris FC,away,3-4-2-1,False,21,Amadou Haidara,SUB,0,746602
Lens,2026-02-14,Paris FC,away,3-4-2-1,False,19,Abdallah Sima,SUB,0,746602
Lens,2026-02-14,Paris FC,away,3-4-2-1,False,16,Mathieu Gorgelin,SUB,0,746602
Lens,2026-02-14,Paris FC,away,3-4-2-1,False,38,Rayan Fofana,SUB,0,746602
Lorient,2026-02-15,Angers,home,3-4-2-1,True,38,Yvon Mvogo,G,1,746605
Lorient,2026-02-15,Angers,home,3-4-2-1,True,3,Montassar Talbi,CD,5,746605
Lorient,2026-02-15,Angers,home,3-4-2-1,True,44,Darlin Yongwa,CD-L,4,746605
Lorient,2026-02-15,Angers,home,3-4-2-1,True,2,Igor Silva,CD-R,6,746605
Lorient,2026-02-15,Angers,home,3-4-2-1,True,6,Laurent Abergel,CM-L,8,746605
Lorient,2026-02-15,Angers,home,3-4-2-1,True,8,Noah Cadiou,CM-R,7,746605
Lorient,2026-02-15,Angers,home,3-4-2-1,True,43,Arsène Kouassi,LM,3,746605
Lorient,2026-02-15,Angers,home,3-4-2-1,True,11,Théo Le Bris,RM,2,746605
Lorient,2026-02-15,Angers,home,3-4-2-1,True,12,Bamba Dieng,F,9,746605
Lorient,2026-02-15,Angers,home,3-4-2-1,True,10,Pablo Pagis,CF-L,11,746605
Lorient,2026-02-15,Angers,home,3-4-2-1,True,17,Jean-Victor Makengo,CF-R,10,746605
Lorient,2026-02-15,Angers,home,3-4-2-1,False,32,Nathaniel Adjei,SUB,0,746605
Lorient,2026-02-15,Angers,home,3-4-2-1,False,9,Mohamed Bamba,SUB,0,746605
Lorient,2026-02-15,Angers,home,3-4-2-1,False,29,Dermane Karim,SUB,0,746605
Lorient,2026-02-15,Angers,home,3-4-2-1,False,28,Sambou Soumano,SUB,0,746605
Lorient,2026-02-15,Angers,home,3-4-2-1,False,62,Arthur Avom,SUB,0,746605
Lorient,2026-02-15,Angers,home,3-4-2-1,False,5,Bamo Meïté,SUB,0,746605
Lorient,2026-02-15,Angers,home,3-4-2-1,False,77,Panos Katseris,SUB,0,746605
Lorient,2026-02-15,Angers,home,3-4-2-1,False,15,Tosin Aiyegun,SUB,0,746605
Lorient,2026-02-15,Angers,home,3-4-2-1,False,21,Bingourou Kamara,SUB,0,746605
Angers,2026-02-15,Lorient,away,4-2-3-1,True,12,Hervé Koffi,G,1,746605
Angers,2026-02-15,Lorient,away,4-2-3-1,True,21,Jordan Lefort,CD-L,6,746605
Angers,2026-02-15,Lorient,away,4-2-3-1,True,4,Ousmane Camara,CD-R,5,746605
Angers,2026-02-15,Lorient,away,4-2-3-1,True,3,Jacques Ekomie,LB,3,746605
Angers,2026-02-15,Lorient,away,4-2-3-1,True,2,Carlens Arcus,RB,2,746605
Angers,2026-02-15,Lorient,away,4-2-3-1,True,6,Louis Mouton,AM,10,746605
Angers,2026-02-15,Lorient,away,4-2-3-1,True,8,Branco van den Boomen,LM,4,746605
Angers,2026-02-15,Lorient,away,4-2-3-1,True,93,Haris Belkebla,RM,8,746605
Angers,2026-02-15,Lorient,away,4-2-3-1,True,9,Goduine Koyalipou,F,9,746605
Angers,2026-02-15,Lorient,away,4-2-3-1,True,27,Lilian Raolisoa,AM-L,11,746605
Angers,2026-02-15,Lorient,away,4-2-3-1,True,14,Yassin Belkhdim,AM-R,7,746605
Angers,2026-02-15,Lorient,away,4-2-3-1,False,25,Abdoulaye Bamba,SUB,0,746605
Angers,2026-02-15,Lorient,away,4-2-3-1,False,15,Pierrick Capelle,SUB,0,746605
Angers,2026-02-15,Lorient,away,4-2-3-1,False,26,Florent Hanin,SUB,0,746605
Angers,2026-02-15,Lorient,away,4-2-3-1,False,5,Marius Courcoul,SUB,0,746605
Angers,2026-02-15,Lorient,away,4-2-3-1,False,7,Amine Sbaï,SUB,0,746605
Angers,2026-02-15,Lorient,away,4-2-3-1,False,35,Prosper Peter,SUB,0,746605
Angers,2026-02-15,Lorient,away,4-2-3-1,False,24,Emmanuel Biumla,SUB,0,746605
Angers,2026-02-15,Lorient,away,4-2-3-1,False,36,Lanroy Machine,SUB,0,746605
Angers,2026-02-15,Lorient,away,4-2-3-1,False,16,Melvin Zinga,SUB,0,746605
Metz,2026-02-15,Auxerre,home,4-2-3-1,True,1,Jonathan Fischer,G,1,746608
Metz,2026-02-15,Auxerre,home,4-2-3-1,True,4,Urie-Michel Mboula,CD-L,6,746608
Metz,2026-02-15,Auxerre,home,4-2-3-1,True,38,Sadibou Sané,CD-R,5,746608
Metz,2026-02-15,Auxerre,home,4-2-3-1,True,97,Fodé Ballo-Touré,LB,3,746608
Metz,2026-02-15,Auxerre,home,4-2-3-1,True,39,Koffi Kouao,RB,2,746608
Metz,2026-02-15,Auxerre,home,4-2-3-1,True,10,Gauthier Hein,AM,10,746608
Metz,2026-02-15,Auxerre,home,4-2-3-1,True,20,Jessy Deminguet,LM,4,746608
Metz,2026-02-15,Auxerre,home,4-2-3-1,True,33,Believe Munongo,RM,8,746608
Metz,2026-02-15,Auxerre,home,4-2-3-1,True,30,Habib Diallo,F,9,746608
Metz,2026-02-15,Auxerre,home,4-2-3-1,True,7,Giorgi Tsitaishvili,AM-L,11,746608
Metz,2026-02-15,Auxerre,home,4-2-3-1,True,9,Giorgi Abuashvili,AM-R,7,746608
Metz,2026-02-15,Auxerre,home,4-2-3-1,False,19,Lucas Michel,SUB,0,746608
Metz,2026-02-15,Auxerre,home,4-2-3-1,False,34,Nathan Mbala,SUB,0,746608
Metz,2026-02-15,Auxerre,home,4-2-3-1,False,99,Joel Asoro,SUB,0,746608
Metz,2026-02-15,Auxerre,home,4-2-3-1,False,11,Giorgi Kvilitaia,SUB,0,746608
Metz,2026-02-15,Auxerre,home,4-2-3-1,False,70,Bouna Sarr,SUB,0,746608
Metz,2026-02-15,Auxerre,home,4-2-3-1,False,12,Alpha Touré,SUB,0,746608
Metz,2026-02-15,Auxerre,home,4-2-3-1,False,2,Maxime Colin,SUB,0,746608
Metz,2026-02-15,Auxerre,home,4-2-3-1,False,15,Terry Yegbe,SUB,0,746608
Metz,2026-02-15,Auxerre,home,4-2-3-1,False,40,Ousmane Ba,SUB,0,746608
Auxerre,2026-02-15,Metz,away,4-3-3,True,16,Donovan Léon,G,1,746608
Auxerre,2026-02-15,Metz,away,4-3-3,True,24,Bryan Okoh,CD-L,6,746608
Auxerre,2026-02-15,Metz,away,4-3-3,True,20,Sinaly Diomande,CD-R,5,746608
Auxerre,2026-02-15,Metz,away,4-3-3,True,92,Clément Akpa,LB,3,746608
Auxerre,2026-02-15,Metz,away,4-3-3,True,27,Lamine Sy,RB,2,746608
Auxerre,2026-02-15,Metz,away,4-3-3,True,42,Elisha Owusu,CM,4,746608
Auxerre,2026-02-15,Metz,away,4-3-3,True,5,Kévin Danois,LM,8,746608
Auxerre,2026-02-15,Metz,away,4-3-3,True,8,Naouirou Ahamada,RM,7,746608
Auxerre,2026-02-15,Metz,away,4-3-3,True,9,Sékou Mara,F,9,746608
Auxerre,2026-02-15,Metz,away,4-3-3,True,10,Lassine Sinayoko,LF,11,746608
Auxerre,2026-02-15,Metz,away,4-3-3,True,28,Romain Faivre,RF,10,746608
Auxerre,2026-02-15,Metz,away,4-3-3,False,14,Gideon Mensah,SUB,0,746608
Auxerre,2026-02-15,Metz,away,4-3-3,False,41,Yvan Zaddy,SUB,0,746608
Auxerre,2026-02-15,Metz,away,4-3-3,False,22,Fredrik Oppegard,SUB,0,746608
Auxerre,2026-02-15,Metz,away,4-3-3,False,40,Théo De Percin,SUB,0,746608
Auxerre,2026-02-15,Metz,away,4-3-3,False,18,Assane Dioussé,SUB,0,746608
Auxerre,2026-02-15,Metz,away,4-3-3,False,21,Lasso Coulibaly,SUB,0,746608
Auxerre,2026-02-15,Metz,away,4-3-3,False,29,Marvin Senaya,SUB,0,746608
Auxerre,2026-02-15,Metz,away,4-3-3,False,7,Josué Casimir,SUB,0,746608
Auxerre,2026-02-15,Metz,away,4-3-3,False,36,Tidiane Devernois,SUB,0,746608
Lyon,2026-02-15,Nice,home,3-4-2-1,True,1,Dominik Greif,G,1,746606
Lyon,2026-02-15,Nice,home,3-4-2-1,True,19,Moussa Niakhaté,CD,5,746606
Lyon,2026-02-15,Nice,home,3-4-2-1,True,33,Hans Hateboer,CD-L,4,746606
Lyon,2026-02-15,Nice,home,3-4-2-1,True,22,Clinton Mata,CD-R,6,746606
Lyon,2026-02-15,Nice,home,3-4-2-1,True,23,Tyler Morton,CM-L,8,746606
Lyon,2026-02-15,Nice,home,3-4-2-1,True,6,Tanner Tessmann,CM-R,7,746606
Lyon,2026-02-15,Nice,home,3-4-2-1,True,16,Abner,LM,3,746606
Lyon,2026-02-15,Nice,home,3-4-2-1,True,98,Ainsley Maitland-Niles,RM,2,746606
Lyon,2026-02-15,Nice,home,3-4-2-1,True,10,Pavel Sulc,F,9,746606
Lyon,2026-02-15,Nice,home,3-4-2-1,True,8,Corentin Tolisso,CF-L,11,746606
Lyon,2026-02-15,Nice,home,3-4-2-1,True,99,Noah Nartey,CF-R,10,746606
Lyon,2026-02-15,Nice,home,3-4-2-1,False,77,Roman Yaremchuk,SUB,0,746606
Lyon,2026-02-15,Nice,home,3-4-2-1,False,44,Khalis Merah,SUB,0,746606
Lyon,2026-02-15,Nice,home,3-4-2-1,False,34,Adil Hamdani,SUB,0,746606
Lyon,2026-02-15,Nice,home,3-4-2-1,False,85,Noham Kamara,SUB,0,746606
Lyon,2026-02-15,Nice,home,3-4-2-1,False,18,Rachid Ghezzal,SUB,0,746606
Lyon,2026-02-15,Nice,home,3-4-2-1,False,7,Adam Karabec,SUB,0,746606
Lyon,2026-02-15,Nice,home,3-4-2-1,False,39,Mathys De Carvalho,SUB,0,746606
Lyon,2026-02-15,Nice,home,3-4-2-1,False,40,Rémy Descamps,SUB,0,746606
Lyon,2026-02-15,Nice,home,3-4-2-1,False,45,Rémi Himbert,SUB,0,746606
Nice,2026-02-15,Lyon,away,4-2-3-1,True,31,Maxime Dupé,G,1,746606
Nice,2026-02-15,Lyon,away,4-2-3-1,True,4,Dante,CD-L,6,746606
Nice,2026-02-15,Lyon,away,4-2-3-1,True,37,Kojo Peprah Oppong,CD-R,5,746606
Nice,2026-02-15,Lyon,away,4-2-3-1,True,2,Ali Abdi,LB,3,746606
Nice,2026-02-15,Lyon,away,4-2-3-1,True,92,Jonathan Clauss,RB,2,746606
Nice,2026-02-15,Lyon,away,4-2-3-1,True,10,Sofiane Diop,AM,10,746606
Nice,2026-02-15,Lyon,away,4-2-3-1,True,24,Charles Vanhoutte,LM,4,746606
Nice,2026-02-15,Lyon,away,4-2-3-1,True,8,Morgan Sanson,RM,8,746606
Nice,2026-02-15,Lyon,away,4-2-3-1,True,11,Elye Wahi,F,9,746606
Nice,2026-02-15,Lyon,away,4-2-3-1,True,20,Tom Louchet,AM-L,11,746606
Nice,2026-02-15,Lyon,away,4-2-3-1,True,25,Mohamed-Ali Cho,AM-R,7,746606
Nice,2026-02-15,Lyon,away,4-2-3-1,False,33,Antoine Mendy,SUB,0,746606
Nice,2026-02-15,Lyon,away,4-2-3-1,False,6,Hicham Boudaoui,SUB,0,746606
Nice,2026-02-15,Lyon,away,4-2-3-1,False,80,Yehvann Diouf,SUB,0,746606
Nice,2026-02-15,Lyon,away,4-2-3-1,False,28,Juma Bah,SUB,0,746606
Nice,2026-02-15,Lyon,away,4-2-3-1,False,21,Isak Jansson,SUB,0,746606
Nice,2026-02-15,Lyon,away,4-2-3-1,False,41,Everton Pereira,SUB,0,746606
Nice,2026-02-15,Lyon,away,4-2-3-1,False,23,Gabin Bernardeau,SUB,0,746606
Nice,2026-02-15,Lyon,away,4-2-3-1,False,32,Kail Boudache,SUB,0,746606
Nice,2026-02-15,Lyon,away,4-2-3-1,False,90,Kevin Carlos,SUB,0,746606
Toulouse,2026-02-21,Paris FC,home,3-4-2-1,True,1,Guillaume Restes,G,1,746610
Toulouse,2026-02-21,Paris FC,home,3-4-2-1,True,4,Charlie Cresswell,CD,5,746610
Toulouse,2026-02-21,Paris FC,home,3-4-2-1,True,2,Rasmus Nicolaisen,CD-L,4,746610
Toulouse,2026-02-21,Paris FC,home,3-4-2-1,True,19,Djibril Sidibé,CD-R,6,746610
Toulouse,2026-02-21,Paris FC,home,3-4-2-1,True,18,Pape Diop,CM-L,8,746610
Toulouse,2026-02-21,Paris FC,home,3-4-2-1,True,23,Cristian Cásseres Jr.,CM-R,7,746610
Toulouse,2026-02-21,Paris FC,home,3-4-2-1,True,24,Dayann Methalie,LM,3,746610
Toulouse,2026-02-21,Paris FC,home,3-4-2-1,True,12,Waren Kamanzi,RM,2,746610
Toulouse,2026-02-21,Paris FC,home,3-4-2-1,True,20,Emersonn,F,9,746610
Toulouse,2026-02-21,Paris FC,home,3-4-2-1,True,10,Yann Gboho,CF-L,11,746610
Toulouse,2026-02-21,Paris FC,home,3-4-2-1,True,11,Santiago Hidalgo,CF-R,10,746610
Toulouse,2026-02-21,Paris FC,home,3-4-2-1,False,42,Thibaud-Dorian Garondo,SUB,0,746610
Toulouse,2026-02-21,Paris FC,home,3-4-2-1,False,45,Alexis Vossah,SUB,0,746610
Toulouse,2026-02-21,Paris FC,home,3-4-2-1,False,13,Jacen Russell-Rowe,SUB,0,746610
Toulouse,2026-02-21,Paris FC,home,3-4-2-1,False,16,Kjetil Haug,SUB,0,746610
Toulouse,2026-02-21,Paris FC,home,3-4-2-1,False,35,Seny Koumbassa,SUB,0,746610
Toulouse,2026-02-21,Paris FC,home,3-4-2-1,False,7,Julián Vignolo,SUB,0,746610
Toulouse,2026-02-21,Paris FC,home,3-4-2-1,False,77,Mario Sauer,SUB,0,746610
Toulouse,2026-02-21,Paris FC,home,3-4-2-1,False,44,Gaetan Bakhouche,SUB,0,746610
Toulouse,2026-02-21,Paris FC,home,3-4-2-1,False,40,Naime Said Mchindra,SUB,0,746610
Paris FC,2026-02-21,Toulouse,away,5-4-1,True,35,Kevin Trapp,G,1,746610
Paris FC,2026-02-21,Toulouse,away,5-4-1,True,42,Diego Coppola,CD,5,746610
Paris FC,2026-02-21,Toulouse,away,5-4-1,True,6,Otavio,CD-L,4,746610
Paris FC,2026-02-21,Toulouse,away,5-4-1,True,5,Moustapha Mbow,CD-R,6,746610
Paris FC,2026-02-21,Toulouse,away,5-4-1,True,19,Nhoa Sangui,LB,3,746610
Paris FC,2026-02-21,Toulouse,away,5-4-1,True,7,Alimani Gory,RB,2,746610
Paris FC,2026-02-21,Toulouse,away,5-4-1,True,18,Marshall Munetsi,CM-L,10,746610
Paris FC,2026-02-21,Toulouse,away,5-4-1,True,33,Pierre Lees-Melou,CM-R,8,746610
Paris FC,2026-02-21,Toulouse,away,5-4-1,True,93,Jonathan Ikoné,LM,11,746610
Paris FC,2026-02-21,Toulouse,away,5-4-1,True,10,Ilan Kebbal,RM,7,746610
Paris FC,2026-02-21,Toulouse,away,5-4-1,True,36,Ciro Immobile,F,9,746610
Paris FC,2026-02-21,Toulouse,away,5-4-1,False,9,Willem Geubbels,SUB,0,746610
Paris FC,2026-02-21,Toulouse,away,5-4-1,False,24,Luca Koleosho,SUB,0,746610
Paris FC,2026-02-21,Toulouse,away,5-4-1,False,15,Timothée Kolodziejczak,SUB,0,746610
Paris FC,2026-02-21,Toulouse,away,5-4-1,False,20,Julien Lopez,SUB,0,746610
Paris FC,2026-02-21,Toulouse,away,5-4-1,False,11,Jean-Phillipe Krasso,SUB,0,746610
Paris FC,2026-02-21,Toulouse,away,5-4-1,False,28,Thibault De Smet,SUB,0,746610
Paris FC,2026-02-21,Toulouse,away,5-4-1,False,27,Moses Simon,SUB,0,746610
Paris FC,2026-02-21,Toulouse,away,5-4-1,False,4,Vincent Marchetti,SUB,0,746610
Paris FC,2026-02-21,Toulouse,away,5-4-1,False,16,Obed Nkambadio,SUB,0,746610
Lens,2026-02-21,Monaco,home,3-4-2-1,True,40,Robin Risser,G,1,746614
Lens,2026-02-21,Monaco,home,3-4-2-1,True,25,Pierre Ganiou,CD,5,746614
Lens,2026-02-21,Monaco,home,3-4-2-1,True,20,Malang Sarr,CD-L,4,746614
Lens,2026-02-21,Monaco,home,3-4-2-1,True,4,Nidal Celik,CD-R,6,746614
Lens,2026-02-21,Monaco,home,3-4-2-1,True,28,Adrien Thomasson,CM-L,8,746614
Lens,2026-02-21,Monaco,home,3-4-2-1,True,5,Andrija Bulatovic,CM-R,7,746614
Lens,2026-02-21,Monaco,home,3-4-2-1,True,14,Matthieu Udol,LM,3,746614
Lens,2026-02-21,Monaco,home,3-4-2-1,True,23,Saud Abdulhamid,RM,2,746614
Lens,2026-02-21,Monaco,home,3-4-2-1,True,11,Odsonne Édouard,F,9,746614
Lens,2026-02-21,Monaco,home,3-4-2-1,True,9,Allan Saint-Maximin,CF-L,11,746614
Lens,2026-02-21,Monaco,home,3-4-2-1,True,10,Florian Thauvin,CF-R,10,746614
Lens,2026-02-21,Monaco,home,3-4-2-1,False,2,Ruben Aguilar,SUB,0,746614
Lens,2026-02-21,Monaco,home,3-4-2-1,False,38,Rayan Fofana,SUB,0,746614
Lens,2026-02-21,Monaco,home,3-4-2-1,False,16,Mathieu Gorgelin,SUB,0,746614
Lens,2026-02-21,Monaco,home,3-4-2-1,False,21,Amadou Haidara,SUB,0,746614
Lens,2026-02-21,Monaco,home,3-4-2-1,False,7,Florian Sotoca,SUB,0,746614
Lens,2026-02-21,Monaco,home,3-4-2-1,False,19,Abdallah Sima,SUB,0,746614
Lens,2026-02-21,Monaco,home,3-4-2-1,False,26,Anthony Bermont,SUB,0,746614
Lens,2026-02-21,Monaco,home,3-4-2-1,False,27,Arthur Masuaku,SUB,0,746614
Lens,2026-02-21,Monaco,home,3-4-2-1,False,18,Fode Sylla,SUB,0,746614
Monaco,2026-02-21,Lens,away,3-1-4-2,False,40,Jules Stawiecki,,0,746614
Monaco,2026-02-21,Lens,away,3-1-4-2,False,50,Yann Lienard,,0,746614
Monaco,2026-02-21,Lens,away,3-1-4-2,False,49,Ilane Touré,,0,746614
Monaco,2026-02-21,Lens,away,3-1-4-2,False,44,Samuel Nibombé,,0,746614
Monaco,2026-02-21,Lens,away,3-1-4-2,False,14,Mika Biereth,,0,746614
Monaco,2026-02-21,Lens,away,3-1-4-2,False,23,Aladji Bamba,,0,746614
Monaco,2026-02-21,Lens,away,3-1-4-2,False,17,Stanis Idumbo,,0,746614
Monaco,2026-02-21,Lens,away,3-1-4-2,False,29,Paris Brunner,,0,746614
Monaco,2026-02-21,Lens,away,3-1-4-2,False,31,Ansu Fati,,0,746614
Monaco,2026-02-21,Lens,away,3-1-4-2,True,16,Philipp Köhn,G,1,746614
Monaco,2026-02-21,Lens,away,3-1-4-2,True,6,Denis Zakaria,CD,4,746614
Monaco,2026-02-21,Lens,away,3-1-4-2,True,25,Wout Faes,CD-L,6,746614
Monaco,2026-02-21,Lens,away,3-1-4-2,True,5,Thilo Kehrer,CD-R,5,746614
Monaco,2026-02-21,Lens,away,3-1-4-2,True,4,Jordan Teze,SW,8,746614
Monaco,2026-02-21,Lens,away,3-1-4-2,True,15,Lamine Camara,CM-L,11,746614
Monaco,2026-02-21,Lens,away,3-1-4-2,True,28,Mamadou Coulibaly,CM-R,7,746614
Monaco,2026-02-21,Lens,away,3-1-4-2,True,12,Caio Henrique,LM,3,746614
Monaco,2026-02-21,Lens,away,3-1-4-2,True,27,Krépin Diatta,RM,2,746614
Monaco,2026-02-21,Lens,away,3-1-4-2,True,24,Simon Adingra,CF-L,10,746614
Monaco,2026-02-21,Lens,away,3-1-4-2,True,9,Folarin Balogun,CF-R,9,746614
PSG,2026-02-21,Metz,home,4-3-3,True,39,Matvei Safonov,G,1,746617
PSG,2026-02-21,Metz,home,4-3-3,True,4,Lucas Beraldo,CD-L,6,746617
PSG,2026-02-21,Metz,home,4-3-3,True,6,Illia Zabarnyi,CD-R,5,746617
PSG,2026-02-21,Metz,home,4-3-3,True,21,Lucas Hernández,LB,3,746617
PSG,2026-02-21,Metz,home,4-3-3,True,2,Achraf Hakimi,RB,2,746617
PSG,2026-02-21,Metz,home,4-3-3,True,33,Warren Zaïre-Emery,CM,4,746617
PSG,2026-02-21,Metz,home,4-3-3,True,27,Dro Fernández,LM,8,746617
PSG,2026-02-21,Metz,home,4-3-3,True,19,Lee Kang-In,RM,7,746617
PSG,2026-02-21,Metz,home,4-3-3,True,9,Gonçalo Ramos,F,9,746617
PSG,2026-02-21,Metz,home,4-3-3,True,29,Bradley Barcola,LF,11,746617
PSG,2026-02-21,Metz,home,4-3-3,True,14,Désiré Doué,RF,10,746617
PSG,2026-02-21,Metz,home,4-3-3,False,30,Lucas Chevalier,SUB,0,746617
PSG,2026-02-21,Metz,home,4-3-3,False,89,Renato Marin,SUB,0,746617
PSG,2026-02-21,Metz,home,4-3-3,False,17,Vitinha,SUB,0,746617
PSG,2026-02-21,Metz,home,4-3-3,False,7,Khvicha Kvaratskhelia,SUB,0,746617
PSG,2026-02-21,Metz,home,4-3-3,False,5,Marquinhos,SUB,0,746617
PSG,2026-02-21,Metz,home,4-3-3,False,49,Ibrahim Mbaye,SUB,0,746617
PSG,2026-02-21,Metz,home,4-3-3,False,87,João Neves,SUB,0,746617
PSG,2026-02-21,Metz,home,4-3-3,False,25,Nuno Mendes,SUB,0,746617
PSG,2026-02-21,Metz,home,4-3-3,False,51,Willian Pacho,SUB,0,746617
Metz,2026-02-21,PSG,away,4-1-4-1,True,1,Jonathan Fischer,G,1,746617
Metz,2026-02-21,PSG,away,4-1-4-1,True,15,Terry Yegbe,CD-L,6,746617
Metz,2026-02-21,PSG,away,4-1-4-1,True,38,Sadibou Sané,CD-R,5,746617
Metz,2026-02-21,PSG,away,4-1-4-1,True,5,Jean-Philippe Gbamin,DM,4,746617
Metz,2026-02-21,PSG,away,4-1-4-1,True,97,Fodé Ballo-Touré,LB,3,746617
Metz,2026-02-21,PSG,away,4-1-4-1,True,39,Koffi Kouao,RB,2,746617
Metz,2026-02-21,PSG,away,4-1-4-1,True,8,Boubacar Traore,CM-L,10,746617
Metz,2026-02-21,PSG,away,4-1-4-1,True,12,Alpha Touré,CM-R,8,746617
Metz,2026-02-21,PSG,away,4-1-4-1,True,7,Giorgi Tsitaishvili,LM,11,746617
Metz,2026-02-21,PSG,away,4-1-4-1,True,19,Lucas Michel,RM,7,746617
Metz,2026-02-21,PSG,away,4-1-4-1,True,30,Habib Diallo,F,9,746617
Metz,2026-02-21,PSG,away,4-1-4-1,False,9,Giorgi Abuashvili,SUB,0,746617
Metz,2026-02-21,PSG,away,4-1-4-1,False,70,Bouna Sarr,SUB,0,746617
Metz,2026-02-21,PSG,away,4-1-4-1,False,2,Maxime Colin,SUB,0,746617
Metz,2026-02-21,PSG,away,4-1-4-1,False,34,Nathan Mbala,SUB,0,746617
Metz,2026-02-21,PSG,away,4-1-4-1,False,4,Urie-Michel Mboula,SUB,0,746617
Metz,2026-02-21,PSG,away,4-1-4-1,False,40,Ousmane Ba,SUB,0,746617
Metz,2026-02-21,PSG,away,4-1-4-1,False,11,Giorgi Kvilitaia,SUB,0,746617
Metz,2026-02-21,PSG,away,4-1-4-1,False,33,Believe Munongo,SUB,0,746617
Metz,2026-02-21,PSG,away,4-1-4-1,False,20,Jessy Deminguet,SUB,0,746617
Monaco,2026-02-28,Angers,home,3-4-2-1,True,16,Philipp Köhn,G,1,746624
Monaco,2026-02-28,Angers,home,3-4-2-1,True,6,Denis Zakaria,CD,5,746624
Monaco,2026-02-28,Angers,home,3-4-2-1,True,25,Wout Faes,CD-L,4,746624
Monaco,2026-02-28,Angers,home,3-4-2-1,True,5,Thilo Kehrer,CD-R,6,746624
Monaco,2026-02-28,Angers,home,3-4-2-1,True,23,Aladji Bamba,CM-L,8,746624
Monaco,2026-02-28,Angers,home,3-4-2-1,True,15,Lamine Camara,CM-R,7,746624
Monaco,2026-02-28,Angers,home,3-4-2-1,True,12,Caio Henrique,LM,3,746624
Monaco,2026-02-28,Angers,home,3-4-2-1,True,4,Jordan Teze,RM,2,746624
Monaco,2026-02-28,Angers,home,3-4-2-1,True,9,Folarin Balogun,F,9,746624
Monaco,2026-02-28,Angers,home,3-4-2-1,True,10,Aleksandr Golovin,CF-L,11,746624
Monaco,2026-02-28,Angers,home,3-4-2-1,True,31,Ansu Fati,CF-R,10,746624
Monaco,2026-02-28,Angers,home,3-4-2-1,False,50,Yann Lienard,SUB,0,746624
Monaco,2026-02-28,Angers,home,3-4-2-1,False,13,Christian Mawissa,SUB,0,746624
Monaco,2026-02-28,Angers,home,3-4-2-1,False,14,Mika Biereth,SUB,0,746624
Monaco,2026-02-28,Angers,home,3-4-2-1,False,17,Stanis Idumbo,SUB,0,746624
Monaco,2026-02-28,Angers,home,3-4-2-1,False,24,Simon Adingra,SUB,0,746624
Monaco,2026-02-28,Angers,home,3-4-2-1,False,29,Paris Brunner,SUB,0,746624
Monaco,2026-02-28,Angers,home,3-4-2-1,False,44,Samuel Nibombé,SUB,0,746624
Monaco,2026-02-28,Angers,home,3-4-2-1,False,11,Maghnes Akliouche,SUB,0,746624
Monaco,2026-02-28,Angers,home,3-4-2-1,False,2,Vanderson,SUB,0,746624
Angers,2026-02-28,Monaco,away,3-5-2,True,40,Oumar Pona,G,1,746624
Angers,2026-02-28,Monaco,away,3-5-2,True,4,Ousmane Camara,CD,5,746624
Angers,2026-02-28,Monaco,away,3-5-2,True,21,Jordan Lefort,CD-L,4,746624
Angers,2026-02-28,Monaco,away,3-5-2,True,2,Carlens Arcus,CD-R,6,746624
Angers,2026-02-28,Monaco,away,3-5-2,True,6,Louis Mouton,CM-L,8,746624
Angers,2026-02-28,Monaco,away,3-5-2,True,14,Yassin Belkhdim,CM-R,7,746624
Angers,2026-02-28,Monaco,away,3-5-2,True,93,Haris Belkebla,AM,11,746624
Angers,2026-02-28,Monaco,away,3-5-2,True,26,Florent Hanin,LM,3,746624
Angers,2026-02-28,Monaco,away,3-5-2,True,27,Lilian Raolisoa,RM,2,746624
Angers,2026-02-28,Monaco,away,3-5-2,True,35,Prosper Peter,CF-L,9,746624
Angers,2026-02-28,Monaco,away,3-5-2,True,9,Goduine Koyalipou,CF-R,10,746624
Angers,2026-02-28,Monaco,away,3-5-2,False,15,Pierrick Capelle,SUB,0,746624
Angers,2026-02-28,Monaco,away,3-5-2,False,3,Jacques Ekomie,SUB,0,746624
Angers,2026-02-28,Monaco,away,3-5-2,False,16,Melvin Zinga,SUB,0,746624
Angers,2026-02-28,Monaco,away,3-5-2,False,31,Harouna Djibirin,SUB,0,746624
Angers,2026-02-28,Monaco,away,3-5-2,False,24,Emmanuel Biumla,SUB,0,746624
Angers,2026-02-28,Monaco,away,3-5-2,False,20,Marius Louãr,SUB,0,746624
Angers,2026-02-28,Monaco,away,3-5-2,False,7,Amine Sbaï,SUB,0,746624
Angers,2026-02-28,Monaco,away,3-5-2,False,25,Abdoulaye Bamba,SUB,0,746624
Angers,2026-02-28,Monaco,away,3-5-2,False,5,Marius Courcoul,SUB,0,746624
Strasbourg,2026-02-22,Lyon,home,4-2-3-1,True,39,Mike Penders,G,1,746618
Strasbourg,2026-02-22,Lyon,home,4-2-3-1,True,6,Ismael Doukoure,CD-L,6,746618
Strasbourg,2026-02-22,Lyon,home,4-2-3-1,True,2,Andrew Omobamidele,CD-R,5,746618
Strasbourg,2026-02-22,Lyon,home,4-2-3-1,True,3,Ben Chilwell,LB,3,746618
Strasbourg,2026-02-22,Lyon,home,4-2-3-1,True,22,Guela Doué,RB,2,746618
Strasbourg,2026-02-22,Lyon,home,4-2-3-1,True,19,Julio Enciso,AM,10,746618
Strasbourg,2026-02-22,Lyon,home,4-2-3-1,True,32,Valentín Barco,LM,4,746618
Strasbourg,2026-02-22,Lyon,home,4-2-3-1,True,29,Samir El Mourabet,RM,8,746618
Strasbourg,2026-02-22,Lyon,home,4-2-3-1,True,9,Joaquín Panichelli,F,9,746618
Strasbourg,2026-02-22,Lyon,home,4-2-3-1,True,20,Martial Godo,AM-L,11,746618
Strasbourg,2026-02-22,Lyon,home,4-2-3-1,True,7,Diego Moreira,AM-R,7,746618
Strasbourg,2026-02-22,Lyon,home,4-2-3-1,False,24,Lucas Høgsberg,SUB,0,746618
Strasbourg,2026-02-22,Lyon,home,4-2-3-1,False,27,Samuel Amo-Ameyaw,SUB,0,746618
Strasbourg,2026-02-22,Lyon,home,4-2-3-1,False,5,Aaron Anselmino,SUB,0,746618
Strasbourg,2026-02-22,Lyon,home,4-2-3-1,False,42,Abdoul Ouattara,SUB,0,746618
Strasbourg,2026-02-22,Lyon,home,4-2-3-1,False,1,Karl-Johan Johnsson,SUB,0,746618
Strasbourg,2026-02-22,Lyon,home,4-2-3-1,False,80,Gessime Yassine,SUB,0,746618
Strasbourg,2026-02-22,Lyon,home,4-2-3-1,False,15,David Datro Fofana,SUB,0,746618
Strasbourg,2026-02-22,Lyon,home,4-2-3-1,False,11,Sebastian Nanasi,SUB,0,746618
Strasbourg,2026-02-22,Lyon,home,4-2-3-1,False,17,Mathis Amougou,SUB,0,746618
Lyon,2026-02-22,Strasbourg,away,4-3-3,True,1,Dominik Greif,G,1,746618
Lyon,2026-02-22,Strasbourg,away,4-3-3,True,19,Moussa Niakhaté,CD-L,6,746618
Lyon,2026-02-22,Strasbourg,away,4-3-3,True,22,Clinton Mata,CD-R,5,746618
Lyon,2026-02-22,Strasbourg,away,4-3-3,True,21,Ruben Kluivert,LB,3,746618
Lyon,2026-02-22,Strasbourg,away,4-3-3,True,98,Ainsley Maitland-Niles,RB,2,746618
Lyon,2026-02-22,Strasbourg,away,4-3-3,True,23,Tyler Morton,CM,4,746618
Lyon,2026-02-22,Strasbourg,away,4-3-3,True,8,Corentin Tolisso,LM,8,746618
Lyon,2026-02-22,Strasbourg,away,4-3-3,True,6,Tanner Tessmann,RM,7,746618
Lyon,2026-02-22,Strasbourg,away,4-3-3,True,10,Pavel Sulc,F,9,746618
Lyon,2026-02-22,Strasbourg,away,4-3-3,True,16,Abner,LF,11,746618
Lyon,2026-02-22,Strasbourg,away,4-3-3,True,9,Endrick,RF,10,746618
Lyon,2026-02-22,Strasbourg,away,4-3-3,False,44,Khalis Merah,SUB,0,746618
Lyon,2026-02-22,Strasbourg,away,4-3-3,False,45,Rémi Himbert,SUB,0,746618
Lyon,2026-02-22,Strasbourg,away,4-3-3,False,18,Rachid Ghezzal,SUB,0,746618
Lyon,2026-02-22,Strasbourg,away,4-3-3,False,99,Noah Nartey,SUB,0,746618
Lyon,2026-02-22,Strasbourg,away,4-3-3,False,7,Adam Karabec,SUB,0,746618
Lyon,2026-02-22,Strasbourg,away,4-3-3,False,85,Noham Kamara,SUB,0,746618
Lyon,2026-02-22,Strasbourg,away,4-3-3,False,40,Rémy Descamps,SUB,0,746618
Lyon,2026-02-22,Strasbourg,away,4-3-3,False,77,Roman Yaremchuk,SUB,0,746618
Lyon,2026-02-22,Strasbourg,away,4-3-3,False,3,Nicolás Tagliafico,SUB,0,746618
Angers,2026-02-22,Lille,home,4-2-3-1,True,12,Hervé Koffi,G,1,746611
Angers,2026-02-22,Lille,home,4-2-3-1,True,21,Jordan Lefort,CD-L,6,746611
Angers,2026-02-22,Lille,home,4-2-3-1,True,4,Ousmane Camara,CD-R,5,746611
Angers,2026-02-22,Lille,home,4-2-3-1,True,3,Jacques Ekomie,LB,3,746611
Angers,2026-02-22,Lille,home,4-2-3-1,True,27,Lilian Raolisoa,RB,2,746611
Angers,2026-02-22,Lille,home,4-2-3-1,True,6,Louis Mouton,AM,10,746611
Angers,2026-02-22,Lille,home,4-2-3-1,True,8,Branco van den Boomen,LM,4,746611
Angers,2026-02-22,Lille,home,4-2-3-1,True,93,Haris Belkebla,RM,8,746611
Angers,2026-02-22,Lille,home,4-2-3-1,True,9,Goduine Koyalipou,F,9,746611
Angers,2026-02-22,Lille,home,4-2-3-1,True,7,Amine Sbaï,AM-L,11,746611
Angers,2026-02-22,Lille,home,4-2-3-1,True,14,Yassin Belkhdim,AM-R,7,746611
Angers,2026-02-22,Lille,home,4-2-3-1,False,36,Lanroy Machine,SUB,0,746611
Angers,2026-02-22,Lille,home,4-2-3-1,False,20,Marius Louãr,SUB,0,746611
Angers,2026-02-22,Lille,home,4-2-3-1,False,16,Melvin Zinga,SUB,0,746611
Angers,2026-02-22,Lille,home,4-2-3-1,False,15,Pierrick Capelle,SUB,0,746611
Angers,2026-02-22,Lille,home,4-2-3-1,False,31,Harouna Djibirin,SUB,0,746611
Angers,2026-02-22,Lille,home,4-2-3-1,False,35,Prosper Peter,SUB,0,746611
Angers,2026-02-22,Lille,home,4-2-3-1,False,5,Marius Courcoul,SUB,0,746611
Angers,2026-02-22,Lille,home,4-2-3-1,False,24,Emmanuel Biumla,SUB,0,746611
Angers,2026-02-22,Lille,home,4-2-3-1,False,26,Florent Hanin,SUB,0,746611
Lille,2026-02-22,Angers,away,4-2-3-1,True,1,Berke Özer,G,1,746611
Lille,2026-02-22,Angers,away,4-2-3-1,True,23,Aïssa Mandi,CD-L,6,746611
Lille,2026-02-22,Angers,away,4-2-3-1,True,3,Nathan Ngoy,CD-R,5,746611
Lille,2026-02-22,Angers,away,4-2-3-1,True,24,Calvin Verdonk,LB,3,746611
Lille,2026-02-22,Angers,away,4-2-3-1,True,22,Tiago Santos,RB,2,746611
Lille,2026-02-22,Angers,away,4-2-3-1,True,7,Matias Fernandez-Pardo,AM,10,746611
Lille,2026-02-22,Angers,away,4-2-3-1,True,21,Benjamin André,LM,4,746611
Lille,2026-02-22,Angers,away,4-2-3-1,True,32,Ayyoub Bouaddi,RM,8,746611
Lille,2026-02-22,Angers,away,4-2-3-1,True,9,Olivier Giroud,F,9,746611
Lille,2026-02-22,Angers,away,4-2-3-1,True,27,Felix Correia,AM-L,11,746611
Lille,2026-02-22,Angers,away,4-2-3-1,True,28,Gaetan Perrin,AM-R,7,746611
Lille,2026-02-22,Angers,away,4-2-3-1,False,20,Noah Edjouma,SUB,0,746611
Lille,2026-02-22,Angers,away,4-2-3-1,False,17,Ngal'ayel Mukau,SUB,0,746611
Lille,2026-02-22,Angers,away,4-2-3-1,False,10,Hákon Haraldsson,SUB,0,746611
Lille,2026-02-22,Angers,away,4-2-3-1,False,35,Soriba Diaoune,SUB,0,746611
Lille,2026-02-22,Angers,away,4-2-3-1,False,16,Arnaud Bodart,SUB,0,746611
Lille,2026-02-22,Angers,away,4-2-3-1,False,38,Maxima Goffi,SUB,0,746611
Lille,2026-02-22,Angers,away,4-2-3-1,False,15,Romain Perraud,SUB,0,746611
Lille,2026-02-22,Angers,away,4-2-3-1,False,18,Chancel Mbemba,SUB,0,746611
Lille,2026-02-22,Angers,away,4-2-3-1,False,6,Nabil Bentaleb,SUB,0,746611
Nice,2026-02-22,Lorient,home,4-2-3-1,True,31,Maxime Dupé,G,1,746616
Nice,2026-02-22,Lorient,home,4-2-3-1,True,4,Dante,CD-L,6,746616
Nice,2026-02-22,Lorient,home,4-2-3-1,True,37,Kojo Peprah Oppong,CD-R,5,746616
Nice,2026-02-22,Lorient,home,4-2-3-1,True,2,Ali Abdi,LB,3,746616
Nice,2026-02-22,Lorient,home,4-2-3-1,True,33,Antoine Mendy,RB,2,746616
Nice,2026-02-22,Lorient,home,4-2-3-1,True,10,Sofiane Diop,AM,10,746616
Nice,2026-02-22,Lorient,home,4-2-3-1,True,24,Charles Vanhoutte,LM,4,746616
Nice,2026-02-22,Lorient,home,4-2-3-1,True,8,Morgan Sanson,RM,8,746616
Nice,2026-02-22,Lorient,home,4-2-3-1,True,90,Kevin Carlos,F,9,746616
Nice,2026-02-22,Lorient,home,4-2-3-1,True,20,Tom Louchet,AM-L,11,746616
Nice,2026-02-22,Lorient,home,4-2-3-1,True,25,Mohamed-Ali Cho,AM-R,7,746616
Nice,2026-02-22,Lorient,home,4-2-3-1,False,26,Melvin Bard,SUB,0,746616
Nice,2026-02-22,Lorient,home,4-2-3-1,False,44,Zoumana Diallo,SUB,0,746616
Nice,2026-02-22,Lorient,home,4-2-3-1,False,92,Jonathan Clauss,SUB,0,746616
Nice,2026-02-22,Lorient,home,4-2-3-1,False,41,Everton Pereira,SUB,0,746616
Nice,2026-02-22,Lorient,home,4-2-3-1,False,23,Gabin Bernardeau,SUB,0,746616
Nice,2026-02-22,Lorient,home,4-2-3-1,False,6,Hicham Boudaoui,SUB,0,746616
Nice,2026-02-22,Lorient,home,4-2-3-1,False,80,Yehvann Diouf,SUB,0,746616
Nice,2026-02-22,Lorient,home,4-2-3-1,False,32,Kail Boudache,SUB,0,746616
Nice,2026-02-22,Lorient,home,4-2-3-1,False,28,Juma Bah,SUB,0,746616
Lorient,2026-02-22,Nice,away,3-4-2-1,True,38,Yvon Mvogo,G,1,746616
Lorient,2026-02-22,Nice,away,3-4-2-1,True,3,Montassar Talbi,CD,5,746616
Lorient,2026-02-22,Nice,away,3-4-2-1,True,44,Darlin Yongwa,CD-L,4,746616
Lorient,2026-02-22,Nice,away,3-4-2-1,True,2,Igor Silva,CD-R,6,746616
Lorient,2026-02-22,Nice,away,3-4-2-1,True,6,Laurent Abergel,CM-L,8,746616
Lorient,2026-02-22,Nice,away,3-4-2-1,True,8,Noah Cadiou,CM-R,7,746616
Lorient,2026-02-22,Nice,away,3-4-2-1,True,43,Arsène Kouassi,LM,3,746616
Lorient,2026-02-22,Nice,away,3-4-2-1,True,11,Théo Le Bris,RM,2,746616
Lorient,2026-02-22,Nice,away,3-4-2-1,True,12,Bamba Dieng,F,9,746616
Lorient,2026-02-22,Nice,away,3-4-2-1,True,10,Pablo Pagis,CF-L,11,746616
Lorient,2026-02-22,Nice,away,3-4-2-1,True,29,Dermane Karim,CF-R,10,746616
Lorient,2026-02-22,Nice,away,3-4-2-1,False,9,Mohamed Bamba,SUB,0,746616
Lorient,2026-02-22,Nice,away,3-4-2-1,False,62,Arthur Avom,SUB,0,746616
Lorient,2026-02-22,Nice,away,3-4-2-1,False,32,Nathaniel Adjei,SUB,0,746616
Lorient,2026-02-22,Nice,away,3-4-2-1,False,17,Jean-Victor Makengo,SUB,0,746616
Lorient,2026-02-22,Nice,away,3-4-2-1,False,21,Bingourou Kamara,SUB,0,746616
Lorient,2026-02-22,Nice,away,3-4-2-1,False,15,Tosin Aiyegun,SUB,0,746616
Lorient,2026-02-22,Nice,away,3-4-2-1,False,77,Panos Katseris,SUB,0,746616
Lorient,2026-02-22,Nice,away,3-4-2-1,False,5,Bamo Meïté,SUB,0,746616
Lorient,2026-02-22,Nice,away,3-4-2-1,False,28,Sambou Soumano,SUB,0,746616
Nantes,2026-02-22,Le Havre,home,3-5-2,True,1,Anthony Lopes,G,1,746615
Nantes,2026-02-22,Le Havre,home,3-5-2,True,2,Ali Almusrat,CD,5,746615
Nantes,2026-02-22,Le Havre,home,3-5-2,True,3,Nicolas Cozza,CD-L,4,746615
Nantes,2026-02-22,Le Havre,home,3-5-2,True,6,Chidozie Awaziem,CD-R,6,746615
Nantes,2026-02-22,Le Havre,home,3-5-2,True,66,Louis Leroux,CM-L,8,746615
Nantes,2026-02-22,Le Havre,home,3-5-2,True,8,Johann Lepenant,CM-R,7,746615
Nantes,2026-02-22,Le Havre,home,3-5-2,True,21,Mohamed Kaba,AM,11,746615
Nantes,2026-02-22,Le Havre,home,3-5-2,True,27,Deiver Machado,LM,3,746615
Nantes,2026-02-22,Le Havre,home,3-5-2,True,18,Fabien Centonze,RM,2,746615
Nantes,2026-02-22,Le Havre,home,3-5-2,True,37,Ignatius Ganago,CF-L,9,746615
Nantes,2026-02-22,Le Havre,home,3-5-2,True,19,Youssef El Arabi,CF-R,10,746615
Nantes,2026-02-22,Le Havre,home,3-5-2,False,30,Patrick Carlgren,SUB,0,746615
Nantes,2026-02-22,Le Havre,home,3-5-2,False,20,Rémy Cabella,SUB,0,746615
Nantes,2026-02-22,Le Havre,home,3-5-2,False,31,Mostafa Mohamed,SUB,0,746615
Nantes,2026-02-22,Le Havre,home,3-5-2,False,17,Dehmaine Tabibou,SUB,0,746615
Nantes,2026-02-22,Le Havre,home,3-5-2,False,24,Frédéric Guilbert,SUB,0,746615
Nantes,2026-02-22,Le Havre,home,3-5-2,False,11,Bahereba Guirassy,SUB,0,746615
Nantes,2026-02-22,Le Havre,home,3-5-2,False,13,Francis Coquelin,SUB,0,746615
Nantes,2026-02-22,Le Havre,home,3-5-2,False,78,Tylel Tati,SUB,0,746615
Nantes,2026-02-22,Le Havre,home,3-5-2,False,28,Ibrahima Sissoko,SUB,0,746615
Le Havre,2026-02-22,Nantes,away,4-3-3,True,99,Mory Diaw,G,1,746615
Le Havre,2026-02-22,Nantes,away,4-3-3,True,4,Gautier Lloris,CD-L,6,746615
Le Havre,2026-02-22,Nantes,away,4-3-3,True,32,Timothee Pembélé,CD-R,5,746615
Le Havre,2026-02-22,Nantes,away,4-3-3,True,18,Yanis Zouaoui,LB,3,746615
Le Havre,2026-02-22,Nantes,away,4-3-3,True,7,Loïc Négo,RB,2,746615
Le Havre,2026-02-22,Nantes,away,4-3-3,True,19,Lucas Gourna-Douath,CM,4,746615
Le Havre,2026-02-22,Nantes,away,4-3-3,True,14,Rassoul Ndiaye,LM,8,746615
Le Havre,2026-02-22,Nantes,away,4-3-3,True,26,Simon Ebonog,RM,7,746615
Le Havre,2026-02-22,Nantes,away,4-3-3,True,45,Issa Soumaré,F,9,746615
Le Havre,2026-02-22,Nantes,away,4-3-3,True,17,Sofiane Boufal,LF,11,746615
Le Havre,2026-02-22,Nantes,away,4-3-3,True,13,Fodé Doucouré,RF,10,746615
Le Havre,2026-02-22,Nantes,away,4-3-3,False,10,Félix Mambimbi,SUB,0,746615
Le Havre,2026-02-22,Nantes,away,4-3-3,False,11,Godson Kyeremeh,SUB,0,746615
Le Havre,2026-02-22,Nantes,away,4-3-3,False,20,Noam Obougou,SUB,0,746615
Le Havre,2026-02-22,Nantes,away,4-3-3,False,25,Mbwana Samatta,SUB,0,746615
Le Havre,2026-02-22,Nantes,away,4-3-3,False,33,Kenny Quetant,SUB,0,746615
Le Havre,2026-02-22,Nantes,away,4-3-3,False,77,Lionel Mpasi,SUB,0,746615
Le Havre,2026-02-22,Nantes,away,4-3-3,False,78,Daren Mosengo,SUB,0,746615
Le Havre,2026-02-22,Nantes,away,4-3-3,False,8,Yassine Kechta,SUB,0,746615
Le Havre,2026-02-22,Nantes,away,4-3-3,False,27,Enzo Koffi,SUB,0,746615
Auxerre,2026-02-22,Rennes,home,4-3-3,True,16,Donovan Léon,G,1,746612
Auxerre,2026-02-22,Rennes,home,4-3-3,True,24,Bryan Okoh,CD-L,6,746612
Auxerre,2026-02-22,Rennes,home,4-3-3,True,20,Sinaly Diomande,CD-R,5,746612
Auxerre,2026-02-22,Rennes,home,4-3-3,True,92,Clément Akpa,LB,3,746612
Auxerre,2026-02-22,Rennes,home,4-3-3,True,27,Lamine Sy,RB,2,746612
Auxerre,2026-02-22,Rennes,home,4-3-3,True,42,Elisha Owusu,CM,4,746612
Auxerre,2026-02-22,Rennes,home,4-3-3,True,5,Kévin Danois,LM,8,746612
Auxerre,2026-02-22,Rennes,home,4-3-3,True,8,Naouirou Ahamada,RM,7,746612
Auxerre,2026-02-22,Rennes,home,4-3-3,True,9,Sékou Mara,F,9,746612
Auxerre,2026-02-22,Rennes,home,4-3-3,True,10,Lassine Sinayoko,LF,11,746612
Auxerre,2026-02-22,Rennes,home,4-3-3,True,19,Danny Namaso,RF,10,746612
Auxerre,2026-02-22,Rennes,home,4-3-3,False,7,Josué Casimir,SUB,0,746612
Auxerre,2026-02-22,Rennes,home,4-3-3,False,41,Yvan Zaddy,SUB,0,746612
Auxerre,2026-02-22,Rennes,home,4-3-3,False,22,Fredrik Oppegard,SUB,0,746612
Auxerre,2026-02-22,Rennes,home,4-3-3,False,18,Assane Dioussé,SUB,0,746612
Auxerre,2026-02-22,Rennes,home,4-3-3,False,31,Ryan Rodin,SUB,0,746612
Auxerre,2026-02-22,Rennes,home,4-3-3,False,40,Théo De Percin,SUB,0,746612
Auxerre,2026-02-22,Rennes,home,4-3-3,False,14,Gideon Mensah,SUB,0,746612
Auxerre,2026-02-22,Rennes,home,4-3-3,False,36,Tidiane Devernois,SUB,0,746612
Auxerre,2026-02-22,Rennes,home,4-3-3,False,29,Marvin Senaya,SUB,0,746612
Rennes,2026-02-22,Auxerre,away,4-2-3-1,True,30,Brice Samba,G,1,746612
Rennes,2026-02-22,Auxerre,away,4-2-3-1,True,3,Lilian Brassier,CD-L,6,746612
Rennes,2026-02-22,Auxerre,away,4-2-3-1,True,24,Anthony Rouault,CD-R,5,746612
Rennes,2026-02-22,Auxerre,away,4-2-3-1,True,26,Quentin Merlin,LB,3,746612
Rennes,2026-02-22,Auxerre,away,4-2-3-1,True,18,Mahamadou Nagida,RB,2,746612
Rennes,2026-02-22,Auxerre,away,4-2-3-1,True,17,Sebastian Szymanski,AM,10,746612
Rennes,2026-02-22,Auxerre,away,4-2-3-1,True,45,Mahdi Camara,LM,4,746612
Rennes,2026-02-22,Auxerre,away,4-2-3-1,True,21,Valentin Rongier,RM,8,746612
Rennes,2026-02-22,Auxerre,away,4-2-3-1,True,9,Esteban Lepaul,F,9,746612
Rennes,2026-02-22,Auxerre,away,4-2-3-1,True,70,Arnaud Nordin,AM-L,11,746612
Rennes,2026-02-22,Auxerre,away,4-2-3-1,True,11,Mousa Al-Tamari,AM-R,7,746612
Rennes,2026-02-22,Auxerre,away,4-2-3-1,False,36,Alidu Seidu,SUB,0,746612
Rennes,2026-02-22,Auxerre,away,4-2-3-1,False,10,Ludovic Blas,SUB,0,746612
Rennes,2026-02-22,Auxerre,away,4-2-3-1,False,50,Mathys Silistre,SUB,0,746612
Rennes,2026-02-22,Auxerre,away,4-2-3-1,False,7,Breel Embolo,SUB,0,746612
Rennes,2026-02-22,Auxerre,away,4-2-3-1,False,69,Henrick Do Marcolino,SUB,0,746612
Rennes,2026-02-22,Auxerre,away,4-2-3-1,False,48,Abdelhamid Aït Boudlal,SUB,0,746612
Rennes,2026-02-22,Auxerre,away,4-2-3-1,False,6,Djaoui Cissé,SUB,0,746612
Rennes,2026-02-22,Auxerre,away,4-2-3-1,False,65,Nordan Mukiele,SUB,0,746612
Rennes,2026-02-22,Auxerre,away,4-2-3-1,False,77,Yassir Zabiri,SUB,0,746612
Strasbourg,2026-02-27,Lens,home,4-2-3-1,True,39,Mike Penders,G,1,746622
Strasbourg,2026-02-27,Lens,home,4-2-3-1,True,2,Andrew Omobamidele,CD-L,6,746622
Strasbourg,2026-02-27,Lens,home,4-2-3-1,True,6,Ismael Doukoure,CD-R,5,746622
Strasbourg,2026-02-27,Lens,home,4-2-3-1,True,22,Guela Doué,LB,3,746622
Strasbourg,2026-02-27,Lens,home,4-2-3-1,True,42,Abdoul Ouattara,RB,2,746622
Strasbourg,2026-02-27,Lens,home,4-2-3-1,True,19,Julio Enciso,AM,10,746622
Strasbourg,2026-02-27,Lens,home,4-2-3-1,True,32,Valentín Barco,LM,4,746622
Strasbourg,2026-02-27,Lens,home,4-2-3-1,True,29,Samir El Mourabet,RM,8,746622
Strasbourg,2026-02-27,Lens,home,4-2-3-1,True,9,Joaquín Panichelli,F,9,746622
Strasbourg,2026-02-27,Lens,home,4-2-3-1,True,20,Martial Godo,AM-L,11,746622
Strasbourg,2026-02-27,Lens,home,4-2-3-1,True,7,Diego Moreira,AM-R,7,746622
Strasbourg,2026-02-27,Lens,home,4-2-3-1,False,17,Mathis Amougou,SUB,0,746622
Strasbourg,2026-02-27,Lens,home,4-2-3-1,False,80,Gessime Yassine,SUB,0,746622
Strasbourg,2026-02-27,Lens,home,4-2-3-1,False,83,Rafael Luís,SUB,0,746622
Strasbourg,2026-02-27,Lens,home,4-2-3-1,False,11,Sebastian Nanasi,SUB,0,746622
Strasbourg,2026-02-27,Lens,home,4-2-3-1,False,33,Jean-Baptiste Bosey,SUB,0,746622
Strasbourg,2026-02-27,Lens,home,4-2-3-1,False,24,Lucas Høgsberg,SUB,0,746622
Strasbourg,2026-02-27,Lens,home,4-2-3-1,False,1,Karl-Johan Johnsson,SUB,0,746622
Strasbourg,2026-02-27,Lens,home,4-2-3-1,False,8,Maximillian Oyedele,SUB,0,746622
Strasbourg,2026-02-27,Lens,home,4-2-3-1,False,18,Junior Mwanga,SUB,0,746622
Lens,2026-02-27,Strasbourg,away,3-4-2-1,True,40,Robin Risser,G,1,746622
Lens,2026-02-27,Strasbourg,away,3-4-2-1,True,25,Pierre Ganiou,CD,5,746622
Lens,2026-02-27,Strasbourg,away,3-4-2-1,True,20,Malang Sarr,CD-L,4,746622
Lens,2026-02-27,Strasbourg,away,3-4-2-1,True,4,Nidal Celik,CD-R,6,746622
Lens,2026-02-27,Strasbourg,away,3-4-2-1,True,28,Adrien Thomasson,CM-L,8,746622
Lens,2026-02-27,Strasbourg,away,3-4-2-1,True,8,Mamadou Sangare,CM-R,7,746622
Lens,2026-02-27,Strasbourg,away,3-4-2-1,True,14,Matthieu Udol,LM,3,746622
Lens,2026-02-27,Strasbourg,away,3-4-2-1,True,23,Saud Abdulhamid,RM,2,746622
Lens,2026-02-27,Strasbourg,away,3-4-2-1,True,11,Odsonne Édouard,F,9,746622
Lens,2026-02-27,Strasbourg,away,3-4-2-1,True,22,Wesley Saïd,CF-L,11,746622
Lens,2026-02-27,Strasbourg,away,3-4-2-1,True,10,Florian Thauvin,CF-R,10,746622
Lens,2026-02-27,Strasbourg,away,3-4-2-1,False,16,Mathieu Gorgelin,SUB,0,746622
Lens,2026-02-27,Strasbourg,away,3-4-2-1,False,5,Andrija Bulatovic,SUB,0,746622
Lens,2026-02-27,Strasbourg,away,3-4-2-1,False,27,Arthur Masuaku,SUB,0,746622
Lens,2026-02-27,Strasbourg,away,3-4-2-1,False,19,Abdallah Sima,SUB,0,746622
Lens,2026-02-27,Strasbourg,away,3-4-2-1,False,38,Rayan Fofana,SUB,0,746622
Lens,2026-02-27,Strasbourg,away,3-4-2-1,False,26,Anthony Bermont,SUB,0,746622
Lens,2026-02-27,Strasbourg,away,3-4-2-1,False,9,Allan Saint-Maximin,SUB,0,746622
Lens,2026-02-27,Strasbourg,away,3-4-2-1,False,7,Florian Sotoca,SUB,0,746622
Lens,2026-02-27,Strasbourg,away,3-4-2-1,False,21,Amadou Haidara,SUB,0,746622
Rennes,2026-02-28,Toulouse,home,4-3-3,True,30,Brice Samba,G,1,746626
Rennes,2026-02-28,Toulouse,home,4-3-3,True,3,Lilian Brassier,CD-L,6,746626
Rennes,2026-02-28,Toulouse,home,4-3-3,True,24,Anthony Rouault,CD-R,5,746626
Rennes,2026-02-28,Toulouse,home,4-3-3,True,26,Quentin Merlin,LB,3,746626
Rennes,2026-02-28,Toulouse,home,4-3-3,True,18,Mahamadou Nagida,RB,2,746626
Rennes,2026-02-28,Toulouse,home,4-3-3,True,21,Valentin Rongier,CM,4,746626
Rennes,2026-02-28,Toulouse,home,4-3-3,True,45,Mahdi Camara,LM,8,746626
Rennes,2026-02-28,Toulouse,home,4-3-3,True,17,Sebastian Szymanski,RM,7,746626
Rennes,2026-02-28,Toulouse,home,4-3-3,True,9,Esteban Lepaul,F,9,746626
Rennes,2026-02-28,Toulouse,home,4-3-3,True,70,Arnaud Nordin,LF,11,746626
Rennes,2026-02-28,Toulouse,home,4-3-3,True,11,Mousa Al-Tamari,RF,10,746626
Rennes,2026-02-28,Toulouse,home,4-3-3,False,36,Alidu Seidu,SUB,0,746626
Rennes,2026-02-28,Toulouse,home,4-3-3,False,48,Abdelhamid Aït Boudlal,SUB,0,746626
Rennes,2026-02-28,Toulouse,home,4-3-3,False,65,Nordan Mukiele,SUB,0,746626
Rennes,2026-02-28,Toulouse,home,4-3-3,False,6,Djaoui Cissé,SUB,0,746626
Rennes,2026-02-28,Toulouse,home,4-3-3,False,7,Breel Embolo,SUB,0,746626
Rennes,2026-02-28,Toulouse,home,4-3-3,False,69,Henrick Do Marcolino,SUB,0,746626
Rennes,2026-02-28,Toulouse,home,4-3-3,False,77,Yassir Zabiri,SUB,0,746626
Rennes,2026-02-28,Toulouse,home,4-3-3,False,10,Ludovic Blas,SUB,0,746626
Rennes,2026-02-28,Toulouse,home,4-3-3,False,50,Mathys Silistre,SUB,0,746626
Toulouse,2026-02-28,Rennes,away,3-4-2-1,True,1,Guillaume Restes,G,1,746626
Toulouse,2026-02-28,Rennes,away,3-4-2-1,True,4,Charlie Cresswell,CD,5,746626
Toulouse,2026-02-28,Rennes,away,3-4-2-1,True,3,Mark McKenzie,CD-L,4,746626
Toulouse,2026-02-28,Rennes,away,3-4-2-1,True,19,Djibril Sidibé,CD-R,6,746626
Toulouse,2026-02-28,Rennes,away,3-4-2-1,True,18,Pape Diop,CM-L,8,746626
Toulouse,2026-02-28,Rennes,away,3-4-2-1,True,45,Alexis Vossah,CM-R,7,746626
Toulouse,2026-02-28,Rennes,away,3-4-2-1,True,24,Dayann Methalie,LM,3,746626
Toulouse,2026-02-28,Rennes,away,3-4-2-1,True,12,Waren Kamanzi,RM,2,746626
Toulouse,2026-02-28,Rennes,away,3-4-2-1,True,11,Santiago Hidalgo,F,9,746626
Toulouse,2026-02-28,Rennes,away,3-4-2-1,True,10,Yann Gboho,CF-L,11,746626
Toulouse,2026-02-28,Rennes,away,3-4-2-1,True,7,Julián Vignolo,CF-R,10,746626
Toulouse,2026-02-28,Rennes,away,3-4-2-1,False,40,Naime Said Mchindra,SUB,0,746626
Toulouse,2026-02-28,Rennes,away,3-4-2-1,False,35,Seny Koumbassa,SUB,0,746626
Toulouse,2026-02-28,Rennes,away,3-4-2-1,False,42,Thibaud-Dorian Garondo,SUB,0,746626
Toulouse,2026-02-28,Rennes,away,3-4-2-1,False,34,Noah Lahmadi,SUB,0,746626
Toulouse,2026-02-28,Rennes,away,3-4-2-1,False,20,Emersonn,SUB,0,746626
Toulouse,2026-02-28,Rennes,away,3-4-2-1,False,13,Jacen Russell-Rowe,SUB,0,746626
Toulouse,2026-02-28,Rennes,away,3-4-2-1,False,44,Gaetan Bakhouche,SUB,0,746626
Toulouse,2026-02-28,Rennes,away,3-4-2-1,False,16,Kjetil Haug,SUB,0,746626
Toulouse,2026-02-28,Rennes,away,3-4-2-1,False,77,Mario Sauer,SUB,0,746626
Le Havre,2026-02-28,PSG,home,3-4-2-1,True,99,Mory Diaw,G,1,746619
Le Havre,2026-02-28,PSG,home,3-4-2-1,True,15,Ayumu Seko,CD,5,746619
Le Havre,2026-02-28,PSG,home,3-4-2-1,True,4,Gautier Lloris,CD-L,4,746619
Le Havre,2026-02-28,PSG,home,3-4-2-1,True,29,Stephan Zagadou,CD-R,6,746619
Le Havre,2026-02-28,PSG,home,3-4-2-1,True,19,Lucas Gourna-Douath,CM-L,8,746619
Le Havre,2026-02-28,PSG,home,3-4-2-1,True,26,Simon Ebonog,CM-R,7,746619
Le Havre,2026-02-28,PSG,home,3-4-2-1,True,18,Yanis Zouaoui,LM,3,746619
Le Havre,2026-02-28,PSG,home,3-4-2-1,True,32,Timothee Pembélé,RM,2,746619
Le Havre,2026-02-28,PSG,home,3-4-2-1,True,45,Issa Soumaré,F,9,746619
Le Havre,2026-02-28,PSG,home,3-4-2-1,True,17,Sofiane Boufal,CF-L,11,746619
Le Havre,2026-02-28,PSG,home,3-4-2-1,True,14,Rassoul Ndiaye,CF-R,10,746619
Le Havre,2026-02-28,PSG,home,3-4-2-1,False,77,Lionel Mpasi,SUB,0,746619
Le Havre,2026-02-28,PSG,home,3-4-2-1,False,78,Daren Mosengo,SUB,0,746619
Le Havre,2026-02-28,PSG,home,3-4-2-1,False,33,Kenny Quetant,SUB,0,746619
Le Havre,2026-02-28,PSG,home,3-4-2-1,False,13,Fodé Doucouré,SUB,0,746619
Le Havre,2026-02-28,PSG,home,3-4-2-1,False,25,Mbwana Samatta,SUB,0,746619
Le Havre,2026-02-28,PSG,home,3-4-2-1,False,8,Yassine Kechta,SUB,0,746619
Le Havre,2026-02-28,PSG,home,3-4-2-1,False,6,Etienne Youte Kinkoue,SUB,0,746619
Le Havre,2026-02-28,PSG,home,3-4-2-1,False,27,Enzo Koffi,SUB,0,746619
Le Havre,2026-02-28,PSG,home,3-4-2-1,False,10,Félix Mambimbi,SUB,0,746619
PSG,2026-02-28,Le Havre,away,4-3-3,True,39,Matvei Safonov,G,1,746619
PSG,2026-02-28,Le Havre,away,4-3-3,True,51,Willian Pacho,CD-L,6,746619
PSG,2026-02-28,Le Havre,away,4-3-3,True,6,Illia Zabarnyi,CD-R,5,746619
PSG,2026-02-28,Le Havre,away,4-3-3,True,21,Lucas Hernández,LB,3,746619
PSG,2026-02-28,Le Havre,away,4-3-3,True,2,Achraf Hakimi,RB,2,746619
PSG,2026-02-28,Le Havre,away,4-3-3,True,17,Vitinha,CM,4,746619
PSG,2026-02-28,Le Havre,away,4-3-3,True,27,Dro Fernández,LM,8,746619
PSG,2026-02-28,Le Havre,away,4-3-3,True,33,Warren Zaïre-Emery,RM,7,746619
PSG,2026-02-28,Le Havre,away,4-3-3,True,29,Bradley Barcola,F,9,746619
PSG,2026-02-28,Le Havre,away,4-3-3,True,7,Khvicha Kvaratskhelia,LF,11,746619
PSG,2026-02-28,Le Havre,away,4-3-3,True,19,Lee Kang-In,RF,10,746619
PSG,2026-02-28,Le Havre,away,4-3-3,False,49,Ibrahim Mbaye,SUB,0,746619
PSG,2026-02-28,Le Havre,away,4-3-3,False,25,Nuno Mendes,SUB,0,746619
PSG,2026-02-28,Le Havre,away,4-3-3,False,5,Marquinhos,SUB,0,746619
PSG,2026-02-28,Le Havre,away,4-3-3,False,89,Renato Marin,SUB,0,746619
PSG,2026-02-28,Le Havre,away,4-3-3,False,14,Désiré Doué,SUB,0,746619
PSG,2026-02-28,Le Havre,away,4-3-3,False,9,Gonçalo Ramos,SUB,0,746619
PSG,2026-02-28,Le Havre,away,4-3-3,False,4,Lucas Beraldo,SUB,0,746619
PSG,2026-02-28,Le Havre,away,4-3-3,False,30,Lucas Chevalier,SUB,0,746619
Metz,2026-03-01,Brest,home,4-1-4-1,True,1,Jonathan Fischer,G,1,746627
Metz,2026-03-01,Brest,home,4-1-4-1,True,5,Jean-Philippe Gbamin,CD-L,6,746627
Metz,2026-03-01,Brest,home,4-1-4-1,True,38,Sadibou Sané,CD-R,5,746627
Metz,2026-03-01,Brest,home,4-1-4-1,True,8,Boubacar Traore,DM,4,746627
Metz,2026-03-01,Brest,home,4-1-4-1,True,2,Maxime Colin,LB,3,746627
Metz,2026-03-01,Brest,home,4-1-4-1,True,39,Koffi Kouao,RB,2,746627
Metz,2026-03-01,Brest,home,4-1-4-1,True,12,Alpha Touré,CM-L,10,746627
Metz,2026-03-01,Brest,home,4-1-4-1,True,33,Believe Munongo,CM-R,8,746627
Metz,2026-03-01,Brest,home,4-1-4-1,True,7,Giorgi Tsitaishvili,LM,11,746627
Metz,2026-03-01,Brest,home,4-1-4-1,True,70,Bouna Sarr,RM,7,746627
Metz,2026-03-01,Brest,home,4-1-4-1,True,30,Habib Diallo,F,9,746627
Metz,2026-03-01,Brest,home,4-1-4-1,False,97,Fodé Ballo-Touré,SUB,0,746627
Metz,2026-03-01,Brest,home,4-1-4-1,False,4,Urie-Michel Mboula,SUB,0,746627
Metz,2026-03-01,Brest,home,4-1-4-1,False,19,Lucas Michel,SUB,0,746627
Metz,2026-03-01,Brest,home,4-1-4-1,False,40,Ousmane Ba,SUB,0,746627
Metz,2026-03-01,Brest,home,4-1-4-1,False,34,Nathan Mbala,SUB,0,746627
Metz,2026-03-01,Brest,home,4-1-4-1,False,15,Terry Yegbe,SUB,0,746627
Metz,2026-03-01,Brest,home,4-1-4-1,False,11,Giorgi Kvilitaia,SUB,0,746627
Metz,2026-03-01,Brest,home,4-1-4-1,False,9,Giorgi Abuashvili,SUB,0,746627
Metz,2026-03-01,Brest,home,4-1-4-1,False,25,Cleo Mélières,SUB,0,746627
Brest,2026-03-01,Metz,away,4-2-3-1,True,30,Grégoire Coudert,G,1,746627
Brest,2026-03-01,Metz,away,4-2-3-1,True,4,Michel Diaz,CD-L,6,746627
Brest,2026-03-01,Metz,away,4-2-3-1,True,5,Brendan Chardonnet,CD-R,5,746627
Brest,2026-03-01,Metz,away,4-2-3-1,True,27,Daouda Guindo,LB,3,746627
Brest,2026-03-01,Metz,away,4-2-3-1,True,77,Kenny Lala,RB,2,746627
Brest,2026-03-01,Metz,away,4-2-3-1,True,23,Kamory Doumbia,AM,10,746627
Brest,2026-03-01,Metz,away,4-2-3-1,True,8,Hugo Magnetti,LM,4,746627
Brest,2026-03-01,Metz,away,4-2-3-1,True,13,Joris Chotard,RM,8,746627
Brest,2026-03-01,Metz,away,4-2-3-1,True,19,Ludovic Ajorque,F,9,746627
Brest,2026-03-01,Metz,away,4-2-3-1,True,7,Junior Dina Ebimbe,AM-L,11,746627
Brest,2026-03-01,Metz,away,4-2-3-1,True,10,Romain Del Castillo,AM-R,7,746627
Brest,2026-03-01,Metz,away,4-2-3-1,False,33,Hamidou Makalou,SUB,0,746627
Brest,2026-03-01,Metz,away,4-2-3-1,False,14,Remy Labeau Lascary,SUB,0,746627
Brest,2026-03-01,Metz,away,4-2-3-1,False,99,Pathé Mboup,SUB,0,746627
Brest,2026-03-01,Metz,away,4-2-3-1,False,71,Raphaël Le Guen,SUB,0,746627
Brest,2026-03-01,Metz,away,4-2-3-1,False,12,Luc Zogbe,SUB,0,746627
Brest,2026-03-01,Metz,away,4-2-3-1,False,1,Radoslaw Majecki,SUB,0,746627
Brest,2026-03-01,Metz,away,4-2-3-1,False,2,Bradley Locko,SUB,0,746627
Brest,2026-03-01,Metz,away,4-2-3-1,False,44,Soumaila Coulibaly,SUB,0,746627
Brest,2026-03-01,Metz,away,4-2-3-1,False,24,Lucas Tousart,SUB,0,746627
Paris FC,2026-03-01,Nice,home,4-2-3-1,True,35,Kevin Trapp,G,1,746625
Paris FC,2026-03-01,Nice,home,4-2-3-1,True,5,Moustapha Mbow,CD-L,6,746625
Paris FC,2026-03-01,Nice,home,4-2-3-1,True,42,Diego Coppola,CD-R,5,746625
Paris FC,2026-03-01,Nice,home,4-2-3-1,True,28,Thibault De Smet,LB,3,746625
Paris FC,2026-03-01,Nice,home,4-2-3-1,True,17,Adama Camara,RB,2,746625
Paris FC,2026-03-01,Nice,home,4-2-3-1,True,10,Ilan Kebbal,AM,10,746625
Paris FC,2026-03-01,Nice,home,4-2-3-1,True,18,Marshall Munetsi,LM,4,746625
Paris FC,2026-03-01,Nice,home,4-2-3-1,True,33,Pierre Lees-Melou,RM,8,746625
Paris FC,2026-03-01,Nice,home,4-2-3-1,True,36,Ciro Immobile,F,9,746625
Paris FC,2026-03-01,Nice,home,4-2-3-1,True,27,Moses Simon,AM-L,11,746625
Paris FC,2026-03-01,Nice,home,4-2-3-1,True,93,Jonathan Ikoné,AM-R,7,746625
Paris FC,2026-03-01,Nice,home,4-2-3-1,False,19,Nhoa Sangui,SUB,0,746625
Paris FC,2026-03-01,Nice,home,4-2-3-1,False,24,Luca Koleosho,SUB,0,746625
Paris FC,2026-03-01,Nice,home,4-2-3-1,False,11,Jean-Phillipe Krasso,SUB,0,746625
Paris FC,2026-03-01,Nice,home,4-2-3-1,False,6,Otavio,SUB,0,746625
Paris FC,2026-03-01,Nice,home,4-2-3-1,False,7,Alimani Gory,SUB,0,746625
Paris FC,2026-03-01,Nice,home,4-2-3-1,False,23,Rudy Matondo,SUB,0,746625
Paris FC,2026-03-01,Nice,home,4-2-3-1,False,16,Obed Nkambadio,SUB,0,746625
Paris FC,2026-03-01,Nice,home,4-2-3-1,False,4,Vincent Marchetti,SUB,0,746625
Paris FC,2026-03-01,Nice,home,4-2-3-1,False,2,Tuomas Ollila,SUB,0,746625
Nice,2026-03-01,Paris FC,away,4-2-3-1,True,31,Maxime Dupé,G,1,746625
Nice,2026-03-01,Paris FC,away,4-2-3-1,True,37,Kojo Peprah Oppong,CD-L,6,746625
Nice,2026-03-01,Paris FC,away,4-2-3-1,True,28,Juma Bah,CD-R,5,746625
Nice,2026-03-01,Paris FC,away,4-2-3-1,True,26,Melvin Bard,LB,3,746625
Nice,2026-03-01,Paris FC,away,4-2-3-1,True,92,Jonathan Clauss,RB,2,746625
Nice,2026-03-01,Paris FC,away,4-2-3-1,True,10,Sofiane Diop,AM,10,746625
Nice,2026-03-01,Paris FC,away,4-2-3-1,True,24,Charles Vanhoutte,LM,4,746625
Nice,2026-03-01,Paris FC,away,4-2-3-1,True,8,Morgan Sanson,RM,8,746625
Nice,2026-03-01,Paris FC,away,4-2-3-1,True,90,Kevin Carlos,F,9,746625
Nice,2026-03-01,Paris FC,away,4-2-3-1,True,20,Tom Louchet,AM-L,11,746625
Nice,2026-03-01,Paris FC,away,4-2-3-1,True,25,Mohamed-Ali Cho,AM-R,7,746625
Nice,2026-03-01,Paris FC,away,4-2-3-1,False,41,Everton Pereira,SUB,0,746625
Nice,2026-03-01,Paris FC,away,4-2-3-1,False,47,Tiago Gouveia,SUB,0,746625
Nice,2026-03-01,Paris FC,away,4-2-3-1,False,99,Salis Abdul Samed,SUB,0,746625
Nice,2026-03-01,Paris FC,away,4-2-3-1,False,32,Kail Boudache,SUB,0,746625
Nice,2026-03-01,Paris FC,away,4-2-3-1,False,80,Yehvann Diouf,SUB,0,746625
Nice,2026-03-01,Paris FC,away,4-2-3-1,False,4,Dante,SUB,0,746625
Nice,2026-03-01,Paris FC,away,4-2-3-1,False,33,Antoine Mendy,SUB,0,746625
Nice,2026-03-01,Paris FC,away,4-2-3-1,False,22,Tanguy Ndombele,SUB,0,746625
Nice,2026-03-01,Paris FC,away,4-2-3-1,False,23,Gabin Bernardeau,SUB,0,746625
Lille,2026-03-01,Nantes,home,4-2-3-1,True,1,Berke Özer,G,1,746620
Lille,2026-03-01,Nantes,home,4-2-3-1,True,3,Nathan Ngoy,CD-L,6,746620
Lille,2026-03-01,Nantes,home,4-2-3-1,True,18,Chancel Mbemba,CD-R,5,746620
Lille,2026-03-01,Nantes,home,4-2-3-1,True,24,Calvin Verdonk,LB,3,746620
Lille,2026-03-01,Nantes,home,4-2-3-1,True,22,Tiago Santos,RB,2,746620
Lille,2026-03-01,Nantes,home,4-2-3-1,True,10,Hákon Haraldsson,AM,10,746620
Lille,2026-03-01,Nantes,home,4-2-3-1,True,21,Benjamin André,LM,4,746620
Lille,2026-03-01,Nantes,home,4-2-3-1,True,17,Ngal'ayel Mukau,RM,8,746620
Lille,2026-03-01,Nantes,home,4-2-3-1,True,7,Matias Fernandez-Pardo,F,9,746620
Lille,2026-03-01,Nantes,home,4-2-3-1,True,28,Gaetan Perrin,AM-L,11,746620
Lille,2026-03-01,Nantes,home,4-2-3-1,True,27,Felix Correia,AM-R,7,746620
Lille,2026-03-01,Nantes,home,4-2-3-1,False,6,Nabil Bentaleb,SUB,0,746620
Lille,2026-03-01,Nantes,home,4-2-3-1,False,15,Romain Perraud,SUB,0,746620
Lille,2026-03-01,Nantes,home,4-2-3-1,False,35,Soriba Diaoune,SUB,0,746620
Lille,2026-03-01,Nantes,home,4-2-3-1,False,12,Thomas Meunier,SUB,0,746620
Lille,2026-03-01,Nantes,home,4-2-3-1,False,23,Aïssa Mandi,SUB,0,746620
Lille,2026-03-01,Nantes,home,4-2-3-1,False,9,Olivier Giroud,SUB,0,746620
Lille,2026-03-01,Nantes,home,4-2-3-1,False,16,Arnaud Bodart,SUB,0,746620
Lille,2026-03-01,Nantes,home,4-2-3-1,False,20,Noah Edjouma,SUB,0,746620
Lille,2026-03-01,Nantes,home,4-2-3-1,False,32,Ayyoub Bouaddi,SUB,0,746620
Nantes,2026-03-01,Lille,away,5-3-2,True,1,Anthony Lopes,G,1,746620
Nantes,2026-03-01,Lille,away,5-3-2,True,2,Ali Almusrat,CD,5,746620
Nantes,2026-03-01,Lille,away,5-3-2,True,3,Nicolas Cozza,CD-L,4,746620
Nantes,2026-03-01,Lille,away,5-3-2,True,6,Chidozie Awaziem,CD-R,6,746620
Nantes,2026-03-01,Lille,away,5-3-2,True,27,Deiver Machado,LB,3,746620
Nantes,2026-03-01,Lille,away,5-3-2,True,18,Fabien Centonze,RB,2,746620
Nantes,2026-03-01,Lille,away,5-3-2,True,21,Mohamed Kaba,CM,8,746620
Nantes,2026-03-01,Lille,away,5-3-2,True,66,Louis Leroux,CM-L,11,746620
Nantes,2026-03-01,Lille,away,5-3-2,True,8,Johann Lepenant,CM-R,7,746620
Nantes,2026-03-01,Lille,away,5-3-2,True,19,Youssef El Arabi,CF-L,9,746620
Nantes,2026-03-01,Lille,away,5-3-2,True,37,Ignatius Ganago,CF-R,10,746620
Nantes,2026-03-01,Lille,away,5-3-2,False,28,Ibrahima Sissoko,SUB,0,746620
Nantes,2026-03-01,Lille,away,5-3-2,False,30,Patrick Carlgren,SUB,0,746620
Nantes,2026-03-01,Lille,away,5-3-2,False,17,Dehmaine Tabibou,SUB,0,746620
Nantes,2026-03-01,Lille,away,5-3-2,False,31,Mostafa Mohamed,SUB,0,746620
Nantes,2026-03-01,Lille,away,5-3-2,False,24,Frédéric Guilbert,SUB,0,746620
Nantes,2026-03-01,Lille,away,5-3-2,False,13,Francis Coquelin,SUB,0,746620
Nantes,2026-03-01,Lille,away,5-3-2,False,10,Matthis Abline,SUB,0,746620
Nantes,2026-03-01,Lille,away,5-3-2,False,20,Rémy Cabella,SUB,0,746620
Nantes,2026-03-01,Lille,away,5-3-2,False,78,Tylel Tati,SUB,0,746620
Marseille,2026-03-01,Lyon,home,4-2-3-1,True,1,Gerónimo Rulli,G,1,746623
Marseille,2026-03-01,Lyon,home,4-2-3-1,True,21,Nayef Aguerd,CD-L,6,746623
Marseille,2026-03-01,Lyon,home,4-2-3-1,True,5,Leonardo Balerdi,CD-R,5,746623
Marseille,2026-03-01,Lyon,home,4-2-3-1,True,33,Emerson,LB,3,746623
Marseille,2026-03-01,Lyon,home,4-2-3-1,True,22,Timothy Weah,RB,2,746623
Marseille,2026-03-01,Lyon,home,4-2-3-1,True,27,Quinten Timber,AM,10,746623
Marseille,2026-03-01,Lyon,home,4-2-3-1,True,23,Pierre-Emile Højbjerg,LM,4,746623
Marseille,2026-03-01,Lyon,home,4-2-3-1,True,19,Geoffrey Kondogbia,RM,8,746623
Marseille,2026-03-01,Lyon,home,4-2-3-1,True,17,Pierre-Emerick Aubameyang,F,9,746623
Marseille,2026-03-01,Lyon,home,4-2-3-1,True,20,Hamed Traoré,AM-L,11,746623
Marseille,2026-03-01,Lyon,home,4-2-3-1,True,10,Mason Greenwood,AM-R,7,746623
Marseille,2026-03-01,Lyon,home,4-2-3-1,False,32,Facundo Medina,SUB,0,746623
Marseille,2026-03-01,Lyon,home,4-2-3-1,False,18,Arthur Vermeeren,SUB,0,746623
Marseille,2026-03-01,Lyon,home,4-2-3-1,False,28,Benjamin Pavard,SUB,0,746623
Marseille,2026-03-01,Lyon,home,4-2-3-1,False,11,Ethan Nwaneri,SUB,0,746623
Marseille,2026-03-01,Lyon,home,4-2-3-1,False,6,Tochukwu Nnadi,SUB,0,746623
Marseille,2026-03-01,Lyon,home,4-2-3-1,False,12,Jeffrey de Lange,SUB,0,746623
Marseille,2026-03-01,Lyon,home,4-2-3-1,False,4,CJ Egan-Riley,SUB,0,746623
Marseille,2026-03-01,Lyon,home,4-2-3-1,False,14,Igor Paixão,SUB,0,746623
Marseille,2026-03-01,Lyon,home,4-2-3-1,False,8,Himad Abdelli,SUB,0,746623
Lyon,2026-03-01,Marseille,away,4-1-2-1-2,True,1,Dominik Greif,G,1,746623
Lyon,2026-03-01,Marseille,away,4-1-2-1-2,True,19,Moussa Niakhaté,CD-L,6,746623
Lyon,2026-03-01,Marseille,away,4-1-2-1-2,True,22,Clinton Mata,CD-R,5,746623
Lyon,2026-03-01,Marseille,away,4-1-2-1-2,True,23,Tyler Morton,DM,4,746623
Lyon,2026-03-01,Marseille,away,4-1-2-1-2,True,3,Nicolás Tagliafico,LB,3,746623
Lyon,2026-03-01,Marseille,away,4-1-2-1-2,True,98,Ainsley Maitland-Niles,RB,2,746623
Lyon,2026-03-01,Marseille,away,4-1-2-1-2,True,99,Noah Nartey,AM,8,746623
Lyon,2026-03-01,Marseille,away,4-1-2-1-2,True,8,Corentin Tolisso,LM,11,746623
Lyon,2026-03-01,Marseille,away,4-1-2-1-2,True,6,Tanner Tessmann,RM,7,746623
Lyon,2026-03-01,Marseille,away,4-1-2-1-2,True,77,Roman Yaremchuk,CF-L,9,746623
Lyon,2026-03-01,Marseille,away,4-1-2-1-2,True,9,Endrick,CF-R,10,746623
Lyon,2026-03-01,Marseille,away,4-1-2-1-2,False,33,Hans Hateboer,SUB,0,746623
Lyon,2026-03-01,Marseille,away,4-1-2-1-2,False,18,Rachid Ghezzal,SUB,0,746623
Lyon,2026-03-01,Marseille,away,4-1-2-1-2,False,39,Mathys De Carvalho,SUB,0,746623
Lyon,2026-03-01,Marseille,away,4-1-2-1-2,False,45,Rémi Himbert,SUB,0,746623
Lyon,2026-03-01,Marseille,away,4-1-2-1-2,False,44,Khalis Merah,SUB,0,746623
Lyon,2026-03-01,Marseille,away,4-1-2-1-2,False,85,Noham Kamara,SUB,0,746623
Lyon,2026-03-01,Marseille,away,4-1-2-1-2,False,7,Adam Karabec,SUB,0,746623
Lyon,2026-03-01,Marseille,away,4-1-2-1-2,False,16,Abner,SUB,0,746623
Lyon,2026-03-01,Marseille,away,4-1-2-1-2,False,40,Rémy Descamps,SUB,0,746623
Lorient,2026-03-01,Auxerre,home,3-4-2-1,True,38,Yvon Mvogo,G,1,746621
Lorient,2026-03-01,Auxerre,home,3-4-2-1,True,3,Montassar Talbi,CD,5,746621
Lorient,2026-03-01,Auxerre,home,3-4-2-1,True,2,Igor Silva,CD-L,4,746621
Lorient,2026-03-01,Auxerre,home,3-4-2-1,True,5,Bamo Meïté,CD-R,6,746621
Lorient,2026-03-01,Auxerre,home,3-4-2-1,True,6,Laurent Abergel,CM-L,8,746621
Lorient,2026-03-01,Auxerre,home,3-4-2-1,True,8,Noah Cadiou,CM-R,7,746621
Lorient,2026-03-01,Auxerre,home,3-4-2-1,True,44,Darlin Yongwa,LM,3,746621
Lorient,2026-03-01,Auxerre,home,3-4-2-1,True,11,Théo Le Bris,RM,2,746621
Lorient,2026-03-01,Auxerre,home,3-4-2-1,True,12,Bamba Dieng,F,9,746621
Lorient,2026-03-01,Auxerre,home,3-4-2-1,True,10,Pablo Pagis,CF-L,11,746621
Lorient,2026-03-01,Auxerre,home,3-4-2-1,True,17,Jean-Victor Makengo,CF-R,10,746621
Lorient,2026-03-01,Auxerre,home,3-4-2-1,False,9,Mohamed Bamba,SUB,0,746621
Lorient,2026-03-01,Auxerre,home,3-4-2-1,False,77,Panos Katseris,SUB,0,746621
Lorient,2026-03-01,Auxerre,home,3-4-2-1,False,15,Tosin Aiyegun,SUB,0,746621
Lorient,2026-03-01,Auxerre,home,3-4-2-1,False,29,Dermane Karim,SUB,0,746621
Lorient,2026-03-01,Auxerre,home,3-4-2-1,False,28,Sambou Soumano,SUB,0,746621
Lorient,2026-03-01,Auxerre,home,3-4-2-1,False,21,Bingourou Kamara,SUB,0,746621
Lorient,2026-03-01,Auxerre,home,3-4-2-1,False,32,Nathaniel Adjei,SUB,0,746621
Lorient,2026-03-01,Auxerre,home,3-4-2-1,False,62,Arthur Avom,SUB,0,746621
Auxerre,2026-03-01,Lorient,away,4-4-2,True,16,Donovan Léon,G,1,746621
Auxerre,2026-03-01,Lorient,away,4-4-2,True,24,Bryan Okoh,CD-L,6,746621
Auxerre,2026-03-01,Lorient,away,4-4-2,True,20,Sinaly Diomande,CD-R,5,746621
Auxerre,2026-03-01,Lorient,away,4-4-2,True,14,Gideon Mensah,LB,3,746621
Auxerre,2026-03-01,Lorient,away,4-4-2,True,29,Marvin Senaya,RB,2,746621
Auxerre,2026-03-01,Lorient,away,4-4-2,True,42,Elisha Owusu,CM-L,8,746621
Auxerre,2026-03-01,Lorient,away,4-4-2,True,5,Kévin Danois,CM-R,4,746621
Auxerre,2026-03-01,Lorient,away,4-4-2,True,22,Fredrik Oppegard,LM,11,746621
Auxerre,2026-03-01,Lorient,away,4-4-2,True,7,Josué Casimir,RM,7,746621
Auxerre,2026-03-01,Lorient,away,4-4-2,True,19,Danny Namaso,CF-L,9,746621
Auxerre,2026-03-01,Lorient,away,4-4-2,True,10,Lassine Sinayoko,CF-R,10,746621
Auxerre,2026-03-01,Lorient,away,4-4-2,False,92,Clément Akpa,SUB,0,746621
Auxerre,2026-03-01,Lorient,away,4-4-2,False,27,Lamine Sy,SUB,0,746621
Auxerre,2026-03-01,Lorient,away,4-4-2,False,4,Francisco Sierralta,SUB,0,746621
Auxerre,2026-03-01,Lorient,away,4-4-2,False,9,Sékou Mara,SUB,0,746621
Auxerre,2026-03-01,Lorient,away,4-4-2,False,8,Naouirou Ahamada,SUB,0,746621
Auxerre,2026-03-01,Lorient,away,4-4-2,False,18,Assane Dioussé,SUB,0,746621
Auxerre,2026-03-01,Lorient,away,4-4-2,False,40,Théo De Percin,SUB,0,746621
Auxerre,2026-03-01,Lorient,away,4-4-2,False,44,Mamoudou Cissokho,SUB,0,746621
Auxerre,2026-03-01,Lorient,away,4-4-2,False,41,Yvan Zaddy,SUB,0,746621
Nantes,2026-03-07,Angers,home,5-3-2,True,1,Anthony Lopes,G,1,746633
Nantes,2026-03-07,Angers,home,5-3-2,True,2,Ali Almusrat,CD,5,746633
Nantes,2026-03-07,Angers,home,5-3-2,True,3,Nicolas Cozza,CD-L,4,746633
Nantes,2026-03-07,Angers,home,5-3-2,True,6,Chidozie Awaziem,CD-R,6,746633
Nantes,2026-03-07,Angers,home,5-3-2,True,27,Deiver Machado,LB,3,746633
Nantes,2026-03-07,Angers,home,5-3-2,True,18,Fabien Centonze,RB,2,746633
Nantes,2026-03-07,Angers,home,5-3-2,True,21,Mohamed Kaba,CM,8,746633
Nantes,2026-03-07,Angers,home,5-3-2,True,66,Louis Leroux,CM-L,11,746633
Nantes,2026-03-07,Angers,home,5-3-2,True,8,Johann Lepenant,CM-R,7,746633
Nantes,2026-03-07,Angers,home,5-3-2,True,10,Matthis Abline,CF-L,9,746633
Nantes,2026-03-07,Angers,home,5-3-2,True,37,Ignatius Ganago,CF-R,10,746633
Nantes,2026-03-07,Angers,home,5-3-2,False,19,Youssef El Arabi,SUB,0,746633
Nantes,2026-03-07,Angers,home,5-3-2,False,17,Dehmaine Tabibou,SUB,0,746633
Nantes,2026-03-07,Angers,home,5-3-2,False,26,Uros Radakovic,SUB,0,746633
Nantes,2026-03-07,Angers,home,5-3-2,False,13,Francis Coquelin,SUB,0,746633
Nantes,2026-03-07,Angers,home,5-3-2,False,31,Mostafa Mohamed,SUB,0,746633
Nantes,2026-03-07,Angers,home,5-3-2,False,24,Frédéric Guilbert,SUB,0,746633
Nantes,2026-03-07,Angers,home,5-3-2,False,98,Kelvin Amian,SUB,0,746633
Nantes,2026-03-07,Angers,home,5-3-2,False,20,Rémy Cabella,SUB,0,746633
Nantes,2026-03-07,Angers,home,5-3-2,False,30,Patrick Carlgren,SUB,0,746633
Angers,2026-03-07,Nantes,away,3-5-2,True,12,Hervé Koffi,G,1,746633
Angers,2026-03-07,Nantes,away,3-5-2,True,4,Ousmane Camara,CD,5,746633
Angers,2026-03-07,Nantes,away,3-5-2,True,21,Jordan Lefort,CD-L,4,746633
Angers,2026-03-07,Nantes,away,3-5-2,True,24,Emmanuel Biumla,CD-R,6,746633
Angers,2026-03-07,Nantes,away,3-5-2,True,8,Branco van den Boomen,CM-L,8,746633
Angers,2026-03-07,Nantes,away,3-5-2,True,14,Yassin Belkhdim,CM-R,7,746633
Angers,2026-03-07,Nantes,away,3-5-2,True,93,Haris Belkebla,AM,11,746633
Angers,2026-03-07,Nantes,away,3-5-2,True,3,Jacques Ekomie,LM,3,746633
Angers,2026-03-07,Nantes,away,3-5-2,True,2,Carlens Arcus,RM,2,746633
Angers,2026-03-07,Nantes,away,3-5-2,True,9,Goduine Koyalipou,CF-L,9,746633
Angers,2026-03-07,Nantes,away,3-5-2,True,7,Amine Sbaï,CF-R,10,746633
Angers,2026-03-07,Nantes,away,3-5-2,False,5,Marius Courcoul,SUB,0,746633
Angers,2026-03-07,Nantes,away,3-5-2,False,27,Lilian Raolisoa,SUB,0,746633
Angers,2026-03-07,Nantes,away,3-5-2,False,16,Melvin Zinga,SUB,0,746633
Angers,2026-03-07,Nantes,away,3-5-2,False,26,Florent Hanin,SUB,0,746633
Angers,2026-03-07,Nantes,away,3-5-2,False,31,Harouna Djibirin,SUB,0,746633
Angers,2026-03-07,Nantes,away,3-5-2,False,36,Lanroy Machine,SUB,0,746633
Angers,2026-03-07,Nantes,away,3-5-2,False,6,Louis Mouton,SUB,0,746633
Angers,2026-03-07,Nantes,away,3-5-2,False,15,Pierrick Capelle,SUB,0,746633
Angers,2026-03-07,Nantes,away,3-5-2,False,25,Abdoulaye Bamba,SUB,0,746633
PSG,2026-03-06,Monaco,home,4-3-3,True,39,Matvei Safonov,G,1,746635
PSG,2026-03-06,Monaco,home,4-3-3,True,51,Willian Pacho,CD-L,6,746635
PSG,2026-03-06,Monaco,home,4-3-3,True,6,Illia Zabarnyi,CD-R,5,746635
PSG,2026-03-06,Monaco,home,4-3-3,True,25,Nuno Mendes,LB,3,746635
PSG,2026-03-06,Monaco,home,4-3-3,True,2,Achraf Hakimi,RB,2,746635
PSG,2026-03-06,Monaco,home,4-3-3,True,17,Vitinha,CM,4,746635
PSG,2026-03-06,Monaco,home,4-3-3,True,27,Dro Fernández,LM,8,746635
PSG,2026-03-06,Monaco,home,4-3-3,True,33,Warren Zaïre-Emery,RM,7,746635
PSG,2026-03-06,Monaco,home,4-3-3,True,29,Bradley Barcola,F,9,746635
PSG,2026-03-06,Monaco,home,4-3-3,True,7,Khvicha Kvaratskhelia,LF,11,746635
PSG,2026-03-06,Monaco,home,4-3-3,True,14,Désiré Doué,RF,10,746635
PSG,2026-03-06,Monaco,home,4-3-3,False,21,Lucas Hernández,SUB,0,746635
PSG,2026-03-06,Monaco,home,4-3-3,False,4,Lucas Beraldo,SUB,0,746635
PSG,2026-03-06,Monaco,home,4-3-3,False,19,Lee Kang-In,SUB,0,746635
PSG,2026-03-06,Monaco,home,4-3-3,False,24,Senny Mayulu,SUB,0,746635
PSG,2026-03-06,Monaco,home,4-3-3,False,30,Lucas Chevalier,SUB,0,746635
PSG,2026-03-06,Monaco,home,4-3-3,False,9,Gonçalo Ramos,SUB,0,746635
PSG,2026-03-06,Monaco,home,4-3-3,False,5,Marquinhos,SUB,0,746635
PSG,2026-03-06,Monaco,home,4-3-3,False,49,Ibrahim Mbaye,SUB,0,746635
PSG,2026-03-06,Monaco,home,4-3-3,False,10,Ousmane Dembélé,SUB,0,746635
Monaco,2026-03-06,PSG,away,3-4-1-2,True,16,Philipp Köhn,G,1,746635
Monaco,2026-03-06,PSG,away,3-4-1-2,True,6,Denis Zakaria,CD,5,746635
Monaco,2026-03-06,PSG,away,3-4-1-2,True,25,Wout Faes,CD-L,4,746635
Monaco,2026-03-06,PSG,away,3-4-1-2,True,5,Thilo Kehrer,CD-R,6,746635
Monaco,2026-03-06,PSG,away,3-4-1-2,True,15,Lamine Camara,CM-L,8,746635
Monaco,2026-03-06,PSG,away,3-4-1-2,True,23,Aladji Bamba,CM-R,7,746635
Monaco,2026-03-06,PSG,away,3-4-1-2,True,28,Mamadou Coulibaly,AM,9,746635
Monaco,2026-03-06,PSG,away,3-4-1-2,True,12,Caio Henrique,LM,3,746635
Monaco,2026-03-06,PSG,away,3-4-1-2,True,2,Vanderson,RM,2,746635
Monaco,2026-03-06,PSG,away,3-4-1-2,True,9,Folarin Balogun,CF-L,11,746635
Monaco,2026-03-06,PSG,away,3-4-1-2,True,11,Maghnes Akliouche,CF-R,10,746635
Monaco,2026-03-06,PSG,away,3-4-1-2,False,50,Yann Lienard,SUB,0,746635
Monaco,2026-03-06,PSG,away,3-4-1-2,False,24,Simon Adingra,SUB,0,746635
Monaco,2026-03-06,PSG,away,3-4-1-2,False,31,Ansu Fati,SUB,0,746635
Monaco,2026-03-06,PSG,away,3-4-1-2,False,29,Paris Brunner,SUB,0,746635
Monaco,2026-03-06,PSG,away,3-4-1-2,False,14,Mika Biereth,SUB,0,746635
Monaco,2026-03-06,PSG,away,3-4-1-2,False,4,Jordan Teze,SUB,0,746635
Monaco,2026-03-06,PSG,away,3-4-1-2,False,44,Samuel Nibombé,SUB,0,746635
Monaco,2026-03-06,PSG,away,3-4-1-2,False,13,Christian Mawissa,SUB,0,746635
Monaco,2026-03-06,PSG,away,3-4-1-2,False,10,Aleksandr Golovin,SUB,0,746635
Lens,2026-03-08,Metz,home,3-4-2-1,True,40,Robin Risser,G,1,746630
Lens,2026-03-08,Metz,home,3-4-2-1,True,25,Pierre Ganiou,CD,5,746630
Lens,2026-03-08,Metz,home,3-4-2-1,True,20,Malang Sarr,CD-L,4,746630
Lens,2026-03-08,Metz,home,3-4-2-1,True,4,Nidal Celik,CD-R,6,746630
Lens,2026-03-08,Metz,home,3-4-2-1,True,28,Adrien Thomasson,CM-L,8,746630
Lens,2026-03-08,Metz,home,3-4-2-1,True,8,Mamadou Sangare,CM-R,7,746630
Lens,2026-03-08,Metz,home,3-4-2-1,True,14,Matthieu Udol,LM,3,746630
Lens,2026-03-08,Metz,home,3-4-2-1,True,23,Saud Abdulhamid,RM,2,746630
Lens,2026-03-08,Metz,home,3-4-2-1,True,11,Odsonne Édouard,F,9,746630
Lens,2026-03-08,Metz,home,3-4-2-1,True,19,Abdallah Sima,CF-L,11,746630
Lens,2026-03-08,Metz,home,3-4-2-1,True,10,Florian Thauvin,CF-R,10,746630
Lens,2026-03-08,Metz,home,3-4-2-1,False,39,Oscar Lenne,SUB,0,746630
Lens,2026-03-08,Metz,home,3-4-2-1,False,21,Amadou Haidara,SUB,0,746630
Lens,2026-03-08,Metz,home,3-4-2-1,False,7,Florian Sotoca,SUB,0,746630
Lens,2026-03-08,Metz,home,3-4-2-1,False,18,Fode Sylla,SUB,0,746630
Lens,2026-03-08,Metz,home,3-4-2-1,False,38,Rayan Fofana,SUB,0,746630
Lens,2026-03-08,Metz,home,3-4-2-1,False,5,Andrija Bulatovic,SUB,0,746630
Lens,2026-03-08,Metz,home,3-4-2-1,False,34,Erawan Garnier,SUB,0,746630
Lens,2026-03-08,Metz,home,3-4-2-1,False,16,Mathieu Gorgelin,SUB,0,746630
Lens,2026-03-08,Metz,home,3-4-2-1,False,26,Anthony Bermont,SUB,0,746630
Metz,2026-03-08,Lens,away,5-3-2,True,1,Jonathan Fischer,G,1,746630
Metz,2026-03-08,Lens,away,5-3-2,True,5,Jean-Philippe Gbamin,CD,5,746630
Metz,2026-03-08,Lens,away,5-3-2,True,2,Maxime Colin,CD-L,4,746630
Metz,2026-03-08,Lens,away,5-3-2,True,38,Sadibou Sané,CD-R,6,746630
Metz,2026-03-08,Lens,away,5-3-2,True,97,Fodé Ballo-Touré,LB,3,746630
Metz,2026-03-08,Lens,away,5-3-2,True,70,Bouna Sarr,RB,2,746630
Metz,2026-03-08,Lens,away,5-3-2,True,33,Believe Munongo,CM,8,746630
Metz,2026-03-08,Lens,away,5-3-2,True,12,Alpha Touré,CM-L,11,746630
Metz,2026-03-08,Lens,away,5-3-2,True,8,Boubacar Traore,CM-R,7,746630
Metz,2026-03-08,Lens,away,5-3-2,True,30,Habib Diallo,CF-L,9,746630
Metz,2026-03-08,Lens,away,5-3-2,True,11,Giorgi Kvilitaia,CF-R,10,746630
Metz,2026-03-08,Lens,away,5-3-2,False,20,Jessy Deminguet,SUB,0,746630
Metz,2026-03-08,Lens,away,5-3-2,False,9,Giorgi Abuashvili,SUB,0,746630
Metz,2026-03-08,Lens,away,5-3-2,False,40,Ousmane Ba,SUB,0,746630
Metz,2026-03-08,Lens,away,5-3-2,False,15,Terry Yegbe,SUB,0,746630
Metz,2026-03-08,Lens,away,5-3-2,False,4,Urie-Michel Mboula,SUB,0,746630
Metz,2026-03-08,Lens,away,5-3-2,False,7,Giorgi Tsitaishvili,SUB,0,746630
Metz,2026-03-08,Lens,away,5-3-2,False,39,Koffi Kouao,SUB,0,746630
Metz,2026-03-08,Lens,away,5-3-2,False,34,Nathan Mbala,SUB,0,746630
Metz,2026-03-08,Lens,away,5-3-2,False,10,Gauthier Hein,SUB,0,746630
Auxerre,2026-03-07,Strasbourg,home,4-4-2,True,16,Donovan Léon,G,1,746628
Auxerre,2026-03-07,Strasbourg,home,4-4-2,True,24,Bryan Okoh,CD-L,6,746628
Auxerre,2026-03-07,Strasbourg,home,4-4-2,True,20,Sinaly Diomande,CD-R,5,746628
Auxerre,2026-03-07,Strasbourg,home,4-4-2,True,14,Gideon Mensah,LB,3,746628
Auxerre,2026-03-07,Strasbourg,home,4-4-2,True,29,Marvin Senaya,RB,2,746628
Auxerre,2026-03-07,Strasbourg,home,4-4-2,True,5,Kévin Danois,CM-L,8,746628
Auxerre,2026-03-07,Strasbourg,home,4-4-2,True,42,Elisha Owusu,CM-R,4,746628
Auxerre,2026-03-07,Strasbourg,home,4-4-2,True,22,Fredrik Oppegard,LM,11,746628
Auxerre,2026-03-07,Strasbourg,home,4-4-2,True,7,Josué Casimir,RM,7,746628
Auxerre,2026-03-07,Strasbourg,home,4-4-2,True,19,Danny Namaso,CF-L,9,746628
Auxerre,2026-03-07,Strasbourg,home,4-4-2,True,10,Lassine Sinayoko,CF-R,10,746628
Auxerre,2026-03-07,Strasbourg,home,4-4-2,False,44,Mamoudou Cissokho,SUB,0,746628
Auxerre,2026-03-07,Strasbourg,home,4-4-2,False,41,Yvan Zaddy,SUB,0,746628
Auxerre,2026-03-07,Strasbourg,home,4-4-2,False,31,Ryan Rodin,SUB,0,746628
Auxerre,2026-03-07,Strasbourg,home,4-4-2,False,8,Naouirou Ahamada,SUB,0,746628
Auxerre,2026-03-07,Strasbourg,home,4-4-2,False,4,Francisco Sierralta,SUB,0,746628
Auxerre,2026-03-07,Strasbourg,home,4-4-2,False,18,Assane Dioussé,SUB,0,746628
Auxerre,2026-03-07,Strasbourg,home,4-4-2,False,92,Clément Akpa,SUB,0,746628
Auxerre,2026-03-07,Strasbourg,home,4-4-2,False,27,Lamine Sy,SUB,0,746628
Auxerre,2026-03-07,Strasbourg,home,4-4-2,False,40,Théo De Percin,SUB,0,746628
Strasbourg,2026-03-07,Auxerre,away,4-2-3-1,True,39,Mike Penders,G,1,746628
Strasbourg,2026-03-07,Auxerre,away,4-2-3-1,True,6,Ismael Doukoure,CD-L,6,746628
Strasbourg,2026-03-07,Auxerre,away,4-2-3-1,True,2,Andrew Omobamidele,CD-R,5,746628
Strasbourg,2026-03-07,Auxerre,away,4-2-3-1,True,3,Ben Chilwell,LB,3,746628
Strasbourg,2026-03-07,Auxerre,away,4-2-3-1,True,24,Lucas Høgsberg,RB,2,746628
Strasbourg,2026-03-07,Auxerre,away,4-2-3-1,True,19,Julio Enciso,AM,10,746628
Strasbourg,2026-03-07,Auxerre,away,4-2-3-1,True,42,Abdoul Ouattara,LM,4,746628
Strasbourg,2026-03-07,Auxerre,away,4-2-3-1,True,29,Samir El Mourabet,RM,8,746628
Strasbourg,2026-03-07,Auxerre,away,4-2-3-1,True,15,David Datro Fofana,F,9,746628
Strasbourg,2026-03-07,Auxerre,away,4-2-3-1,True,20,Martial Godo,AM-L,11,746628
Strasbourg,2026-03-07,Auxerre,away,4-2-3-1,True,80,Gessime Yassine,AM-R,7,746628
Strasbourg,2026-03-07,Auxerre,away,4-2-3-1,False,17,Mathis Amougou,SUB,0,746628
Strasbourg,2026-03-07,Auxerre,away,4-2-3-1,False,50,Stefan Bajic,SUB,0,746628
Strasbourg,2026-03-07,Auxerre,away,4-2-3-1,False,27,Samuel Amo-Ameyaw,SUB,0,746628
Strasbourg,2026-03-07,Auxerre,away,4-2-3-1,False,1,Karl-Johan Johnsson,SUB,0,746628
Strasbourg,2026-03-07,Auxerre,away,4-2-3-1,False,9,Joaquín Panichelli,SUB,0,746628
Strasbourg,2026-03-07,Auxerre,away,4-2-3-1,False,32,Valentín Barco,SUB,0,746628
Strasbourg,2026-03-07,Auxerre,away,4-2-3-1,False,8,Maximillian Oyedele,SUB,0,746628
Strasbourg,2026-03-07,Auxerre,away,4-2-3-1,False,11,Sebastian Nanasi,SUB,0,746628
Strasbourg,2026-03-07,Auxerre,away,4-2-3-1,False,83,Rafael Luís,SUB,0,746628
Lille,2026-03-08,Lorient,home,4-3-1-2,False,4,Alexsandro,,0,746631
Lille,2026-03-08,Lorient,home,4-3-1-2,False,27,Felix Correia,,0,746631
Lille,2026-03-08,Lorient,home,4-3-1-2,False,16,Arnaud Bodart,,0,746631
Lille,2026-03-08,Lorient,home,4-3-1-2,False,18,Chancel Mbemba,,0,746631
Lille,2026-03-08,Lorient,home,4-3-1-2,False,12,Thomas Meunier,,0,746631
Lille,2026-03-08,Lorient,home,4-3-1-2,False,35,Soriba Diaoune,,0,746631
Lille,2026-03-08,Lorient,home,4-3-1-2,False,24,Calvin Verdonk,,0,746631
Lille,2026-03-08,Lorient,home,4-3-1-2,False,17,Ngal'ayel Mukau,,0,746631
Lille,2026-03-08,Lorient,home,4-3-1-2,False,20,Noah Edjouma,,0,746631
Lille,2026-03-08,Lorient,home,4-3-1-2,True,1,Berke Özer,G,1,746631
Lille,2026-03-08,Lorient,home,4-3-1-2,True,23,Aïssa Mandi,CD-L,6,746631
Lille,2026-03-08,Lorient,home,4-3-1-2,True,3,Nathan Ngoy,CD-R,5,746631
Lille,2026-03-08,Lorient,home,4-3-1-2,True,15,Romain Perraud,LB,3,746631
Lille,2026-03-08,Lorient,home,4-3-1-2,True,22,Tiago Santos,RB,2,746631
Lille,2026-03-08,Lorient,home,4-3-1-2,True,7,Matias Fernandez-Pardo,M,10,746631
Lille,2026-03-08,Lorient,home,4-3-1-2,True,6,Nabil Bentaleb,CM,4,746631
Lille,2026-03-08,Lorient,home,4-3-1-2,True,10,Hákon Haraldsson,AM,8,746631
Lille,2026-03-08,Lorient,home,4-3-1-2,True,21,Benjamin André,LM,11,746631
Lille,2026-03-08,Lorient,home,4-3-1-2,True,32,Ayyoub Bouaddi,RM,7,746631
Lille,2026-03-08,Lorient,home,4-3-1-2,True,28,Gaetan Perrin,CF-R,9,746631
Lorient,2026-03-08,Lille,away,5-4-1,True,38,Yvon Mvogo,G,1,746631
Lorient,2026-03-08,Lille,away,5-4-1,True,3,Montassar Talbi,CD,5,746631
Lorient,2026-03-08,Lille,away,5-4-1,True,25,Abdoulaye Faye,CD-L,4,746631
Lorient,2026-03-08,Lille,away,5-4-1,True,5,Bamo Meïté,CD-R,6,746631
Lorient,2026-03-08,Lille,away,5-4-1,True,43,Arsène Kouassi,LB,3,746631
Lorient,2026-03-08,Lille,away,5-4-1,True,77,Panos Katseris,RB,2,746631
Lorient,2026-03-08,Lille,away,5-4-1,True,8,Noah Cadiou,CM-L,10,746631
Lorient,2026-03-08,Lille,away,5-4-1,True,62,Arthur Avom,CM-R,8,746631
Lorient,2026-03-08,Lille,away,5-4-1,True,29,Dermane Karim,LM,11,746631
Lorient,2026-03-08,Lille,away,5-4-1,True,17,Jean-Victor Makengo,RM,7,746631
Lorient,2026-03-08,Lille,away,5-4-1,True,15,Tosin Aiyegun,F,9,746631
Lorient,2026-03-08,Lille,away,5-4-1,False,34,Martin Bley,SUB,0,746631
Lorient,2026-03-08,Lille,away,5-4-1,False,11,Théo Le Bris,SUB,0,746631
Lorient,2026-03-08,Lille,away,5-4-1,False,12,Bamba Dieng,SUB,0,746631
Lorient,2026-03-08,Lille,away,5-4-1,False,9,Mohamed Bamba,SUB,0,746631
Lorient,2026-03-08,Lille,away,5-4-1,False,28,Sambou Soumano,SUB,0,746631
Lorient,2026-03-08,Lille,away,5-4-1,False,44,Darlin Yongwa,SUB,0,746631
Lorient,2026-03-08,Lille,away,5-4-1,False,21,Bingourou Kamara,SUB,0,746631
Lorient,2026-03-08,Lille,away,5-4-1,False,33,Izak Akakpo,SUB,0,746631
Lorient,2026-03-08,Lille,away,5-4-1,False,35,Daniel Semedo,SUB,0,746631
Strasbourg,2026-03-15,Paris FC,home,4-2-3-1,True,39,Mike Penders,G,1,746645
Strasbourg,2026-03-15,Paris FC,home,4-2-3-1,True,2,Andrew Omobamidele,CD-L,6,746645
Strasbourg,2026-03-15,Paris FC,home,4-2-3-1,True,22,Guela Doué,CD-R,5,746645
Strasbourg,2026-03-15,Paris FC,home,4-2-3-1,True,3,Ben Chilwell,LB,3,746645
Strasbourg,2026-03-15,Paris FC,home,4-2-3-1,True,42,Abdoul Ouattara,RB,2,746645
Strasbourg,2026-03-15,Paris FC,home,4-2-3-1,True,19,Julio Enciso,AM,10,746645
Strasbourg,2026-03-15,Paris FC,home,4-2-3-1,True,29,Samir El Mourabet,LM,4,746645
Strasbourg,2026-03-15,Paris FC,home,4-2-3-1,True,32,Valentín Barco,RM,8,746645
Strasbourg,2026-03-15,Paris FC,home,4-2-3-1,True,9,Joaquín Panichelli,F,9,746645
Strasbourg,2026-03-15,Paris FC,home,4-2-3-1,True,20,Martial Godo,AM-L,11,746645
Strasbourg,2026-03-15,Paris FC,home,4-2-3-1,True,80,Gessime Yassine,AM-R,7,746645
Strasbourg,2026-03-15,Paris FC,home,4-2-3-1,False,34,Jean-Baptiste Bosey,SUB,0,746645
Strasbourg,2026-03-15,Paris FC,home,4-2-3-1,False,83,Rafael Luís,SUB,0,746645
Strasbourg,2026-03-15,Paris FC,home,4-2-3-1,False,1,Karl-Johan Johnsson,SUB,0,746645
Strasbourg,2026-03-15,Paris FC,home,4-2-3-1,False,17,Mathis Amougou,SUB,0,746645
Strasbourg,2026-03-15,Paris FC,home,4-2-3-1,False,27,Samuel Amo-Ameyaw,SUB,0,746645
Strasbourg,2026-03-15,Paris FC,home,4-2-3-1,False,24,Lucas Høgsberg,SUB,0,746645
Strasbourg,2026-03-15,Paris FC,home,4-2-3-1,False,15,David Datro Fofana,SUB,0,746645
Strasbourg,2026-03-15,Paris FC,home,4-2-3-1,False,33,Amadou Cissé,SUB,0,746645
Strasbourg,2026-03-15,Paris FC,home,4-2-3-1,False,11,Sebastian Nanasi,SUB,0,746645
Paris FC,2026-03-15,Strasbourg,away,5-4-1,True,35,Kevin Trapp,G,1,746645
Paris FC,2026-03-15,Strasbourg,away,5-4-1,True,42,Diego Coppola,CD,5,746645
Paris FC,2026-03-15,Strasbourg,away,5-4-1,True,19,Nhoa Sangui,CD-L,4,746645
Paris FC,2026-03-15,Strasbourg,away,5-4-1,True,5,Moustapha Mbow,CD-R,6,746645
Paris FC,2026-03-15,Strasbourg,away,5-4-1,True,27,Moses Simon,LB,3,746645
Paris FC,2026-03-15,Strasbourg,away,5-4-1,True,17,Adama Camara,RB,2,746645
Paris FC,2026-03-15,Strasbourg,away,5-4-1,True,33,Pierre Lees-Melou,CM-L,10,746645
Paris FC,2026-03-15,Strasbourg,away,5-4-1,True,18,Marshall Munetsi,CM-R,8,746645
Paris FC,2026-03-15,Strasbourg,away,5-4-1,True,23,Rudy Matondo,LM,11,746645
Paris FC,2026-03-15,Strasbourg,away,5-4-1,True,93,Jonathan Ikoné,RM,7,746645
Paris FC,2026-03-15,Strasbourg,away,5-4-1,True,36,Ciro Immobile,F,9,746645
Paris FC,2026-03-15,Strasbourg,away,5-4-1,False,16,Obed Nkambadio,SUB,0,746645
Paris FC,2026-03-15,Strasbourg,away,5-4-1,False,13,Mathieu Cafaro,SUB,0,746645
Paris FC,2026-03-15,Strasbourg,away,5-4-1,False,11,Jean-Phillipe Krasso,SUB,0,746645
Paris FC,2026-03-15,Strasbourg,away,5-4-1,False,21,Maxime López,SUB,0,746645
Paris FC,2026-03-15,Strasbourg,away,5-4-1,False,15,Timothée Kolodziejczak,SUB,0,746645
Paris FC,2026-03-15,Strasbourg,away,5-4-1,False,6,Otavio,SUB,0,746645
Paris FC,2026-03-15,Strasbourg,away,5-4-1,False,28,Thibault De Smet,SUB,0,746645
Paris FC,2026-03-15,Strasbourg,away,5-4-1,False,24,Luca Koleosho,SUB,0,746645
Paris FC,2026-03-15,Strasbourg,away,5-4-1,False,9,Willem Geubbels,SUB,0,746645
Brest,2026-03-08,Le Havre,home,4-2-3-1,True,30,Grégoire Coudert,G,1,746629
Brest,2026-03-08,Le Havre,home,4-2-3-1,True,4,Michel Diaz,CD-L,6,746629
Brest,2026-03-08,Le Havre,home,4-2-3-1,True,5,Brendan Chardonnet,CD-R,5,746629
Brest,2026-03-08,Le Havre,home,4-2-3-1,True,2,Bradley Locko,LB,3,746629
Brest,2026-03-08,Le Havre,home,4-2-3-1,True,77,Kenny Lala,RB,2,746629
Brest,2026-03-08,Le Havre,home,4-2-3-1,True,23,Kamory Doumbia,AM,10,746629
Brest,2026-03-08,Le Havre,home,4-2-3-1,True,8,Hugo Magnetti,LM,4,746629
Brest,2026-03-08,Le Havre,home,4-2-3-1,True,13,Joris Chotard,RM,8,746629
Brest,2026-03-08,Le Havre,home,4-2-3-1,True,19,Ludovic Ajorque,F,9,746629
Brest,2026-03-08,Le Havre,home,4-2-3-1,True,7,Junior Dina Ebimbe,AM-L,11,746629
Brest,2026-03-08,Le Havre,home,4-2-3-1,True,10,Romain Del Castillo,AM-R,7,746629
Brest,2026-03-08,Le Havre,home,4-2-3-1,False,44,Soumaila Coulibaly,SUB,0,746629
Brest,2026-03-08,Le Havre,home,4-2-3-1,False,14,Remy Labeau Lascary,SUB,0,746629
Brest,2026-03-08,Le Havre,home,4-2-3-1,False,99,Pathé Mboup,SUB,0,746629
Brest,2026-03-08,Le Havre,home,4-2-3-1,False,12,Luc Zogbe,SUB,0,746629
Brest,2026-03-08,Le Havre,home,4-2-3-1,False,33,Hamidou Makalou,SUB,0,746629
Brest,2026-03-08,Le Havre,home,4-2-3-1,False,24,Lucas Tousart,SUB,0,746629
Brest,2026-03-08,Le Havre,home,4-2-3-1,False,1,Radoslaw Majecki,SUB,0,746629
Le Havre,2026-03-08,Brest,away,4-3-3,True,99,Mory Diaw,G,1,746629
Le Havre,2026-03-08,Brest,away,4-3-3,True,4,Gautier Lloris,CD-L,6,746629
Le Havre,2026-03-08,Brest,away,4-3-3,True,15,Ayumu Seko,CD-R,5,746629
Le Havre,2026-03-08,Brest,away,4-3-3,True,18,Yanis Zouaoui,LB,3,746629
Le Havre,2026-03-08,Brest,away,4-3-3,True,93,Arouna Sangante,RB,2,746629
Le Havre,2026-03-08,Brest,away,4-3-3,True,19,Lucas Gourna-Douath,CM,4,746629
Le Havre,2026-03-08,Brest,away,4-3-3,True,14,Rassoul Ndiaye,LM,8,746629
Le Havre,2026-03-08,Brest,away,4-3-3,True,26,Simon Ebonog,RM,7,746629
Le Havre,2026-03-08,Brest,away,4-3-3,True,33,Kenny Quetant,F,9,746629
Le Havre,2026-03-08,Brest,away,4-3-3,True,17,Sofiane Boufal,LF,11,746629
Le Havre,2026-03-08,Brest,away,4-3-3,True,45,Issa Soumaré,RF,10,746629
Le Havre,2026-03-08,Brest,away,4-3-3,False,78,Daren Mosengo,SUB,0,746629
Le Havre,2026-03-08,Brest,away,4-3-3,False,25,Mbwana Samatta,SUB,0,746629
Le Havre,2026-03-08,Brest,away,4-3-3,False,77,Lionel Mpasi,SUB,0,746629
Le Havre,2026-03-08,Brest,away,4-3-3,False,30,Reda Khadra,SUB,0,746629
Le Havre,2026-03-08,Brest,away,4-3-3,False,10,Félix Mambimbi,SUB,0,746629
Le Havre,2026-03-08,Brest,away,4-3-3,False,8,Yassine Kechta,SUB,0,746629
Le Havre,2026-03-08,Brest,away,4-3-3,False,29,Stephan Zagadou,SUB,0,746629
Le Havre,2026-03-08,Brest,away,4-3-3,False,11,Godson Kyeremeh,SUB,0,746629
Le Havre,2026-03-08,Brest,away,4-3-3,False,27,Enzo Koffi,SUB,0,746629
Toulouse,2026-03-07,Marseille,home,3-4-2-1,True,1,Guillaume Restes,G,1,746636
Toulouse,2026-03-07,Marseille,home,3-4-2-1,True,2,Rasmus Nicolaisen,CD,5,746636
Toulouse,2026-03-07,Marseille,home,3-4-2-1,True,3,Mark McKenzie,CD-L,4,746636
Toulouse,2026-03-07,Marseille,home,3-4-2-1,True,19,Djibril Sidibé,CD-R,6,746636
Toulouse,2026-03-07,Marseille,home,3-4-2-1,True,18,Pape Diop,CM-L,8,746636
Toulouse,2026-03-07,Marseille,home,3-4-2-1,True,23,Cristian Cásseres Jr.,CM-R,7,746636
Toulouse,2026-03-07,Marseille,home,3-4-2-1,True,24,Dayann Methalie,LM,3,746636
Toulouse,2026-03-07,Marseille,home,3-4-2-1,True,12,Waren Kamanzi,RM,2,746636
Toulouse,2026-03-07,Marseille,home,3-4-2-1,True,20,Emersonn,F,9,746636
Toulouse,2026-03-07,Marseille,home,3-4-2-1,True,10,Yann Gboho,CF-L,11,746636
Toulouse,2026-03-07,Marseille,home,3-4-2-1,True,15,Aron Donnum,CF-R,10,746636
Toulouse,2026-03-07,Marseille,home,3-4-2-1,False,45,Alexis Vossah,SUB,0,746636
Toulouse,2026-03-07,Marseille,home,3-4-2-1,False,11,Santiago Hidalgo,SUB,0,746636
Toulouse,2026-03-07,Marseille,home,3-4-2-1,False,16,Kjetil Haug,SUB,0,746636
Toulouse,2026-03-07,Marseille,home,3-4-2-1,False,77,Mario Sauer,SUB,0,746636
Toulouse,2026-03-07,Marseille,home,3-4-2-1,False,44,Gaetan Bakhouche,SUB,0,746636
Toulouse,2026-03-07,Marseille,home,3-4-2-1,False,7,Julián Vignolo,SUB,0,746636
Toulouse,2026-03-07,Marseille,home,3-4-2-1,False,35,Seny Koumbassa,SUB,0,746636
Toulouse,2026-03-07,Marseille,home,3-4-2-1,False,13,Jacen Russell-Rowe,SUB,0,746636
Toulouse,2026-03-07,Marseille,home,3-4-2-1,False,40,Naime Said Mchindra,SUB,0,746636
Marseille,2026-03-07,Toulouse,away,3-4-1-2,True,1,Gerónimo Rulli,G,1,746636
Marseille,2026-03-07,Toulouse,away,3-4-1-2,True,5,Leonardo Balerdi,CD,5,746636
Marseille,2026-03-07,Toulouse,away,3-4-1-2,True,32,Facundo Medina,CD-L,4,746636
Marseille,2026-03-07,Toulouse,away,3-4-1-2,True,28,Benjamin Pavard,CD-R,6,746636
Marseille,2026-03-07,Toulouse,away,3-4-1-2,True,23,Pierre-Emile Højbjerg,CM-L,8,746636
Marseille,2026-03-07,Toulouse,away,3-4-1-2,True,19,Geoffrey Kondogbia,CM-R,7,746636
Marseille,2026-03-07,Toulouse,away,3-4-1-2,True,27,Quinten Timber,AM,9,746636
Marseille,2026-03-07,Toulouse,away,3-4-1-2,True,14,Igor Paixão,LM,3,746636
Marseille,2026-03-07,Toulouse,away,3-4-1-2,True,22,Timothy Weah,RM,2,746636
Marseille,2026-03-07,Toulouse,away,3-4-1-2,True,17,Pierre-Emerick Aubameyang,CF-L,11,746636
Marseille,2026-03-07,Toulouse,away,3-4-1-2,True,10,Mason Greenwood,CF-R,10,746636
Marseille,2026-03-07,Toulouse,away,3-4-1-2,False,9,Amine Gouiri,SUB,0,746636
Marseille,2026-03-07,Toulouse,away,3-4-1-2,False,12,Jeffrey de Lange,SUB,0,746636
Marseille,2026-03-07,Toulouse,away,3-4-1-2,False,35,Ange Lago,SUB,0,746636
Marseille,2026-03-07,Toulouse,away,3-4-1-2,False,33,Emerson,SUB,0,746636
Marseille,2026-03-07,Toulouse,away,3-4-1-2,False,11,Ethan Nwaneri,SUB,0,746636
Marseille,2026-03-07,Toulouse,away,3-4-1-2,False,6,Tochukwu Nnadi,SUB,0,746636
Marseille,2026-03-07,Toulouse,away,3-4-1-2,False,18,Arthur Vermeeren,SUB,0,746636
Marseille,2026-03-07,Toulouse,away,3-4-1-2,False,4,CJ Egan-Riley,SUB,0,746636
Marseille,2026-03-07,Toulouse,away,3-4-1-2,False,20,Hamed Traoré,SUB,0,746636
Nice,2026-03-08,Rennes,home,4-2-3-1,True,80,Yehvann Diouf,G,1,746634
Nice,2026-03-08,Rennes,home,4-2-3-1,True,37,Kojo Peprah Oppong,CD-L,6,746634
Nice,2026-03-08,Rennes,home,4-2-3-1,True,28,Juma Bah,CD-R,5,746634
Nice,2026-03-08,Rennes,home,4-2-3-1,True,26,Melvin Bard,LB,3,746634
Nice,2026-03-08,Rennes,home,4-2-3-1,True,92,Jonathan Clauss,RB,2,746634
Nice,2026-03-08,Rennes,home,4-2-3-1,True,8,Morgan Sanson,AM,10,746634
Nice,2026-03-08,Rennes,home,4-2-3-1,True,24,Charles Vanhoutte,LM,4,746634
Nice,2026-03-08,Rennes,home,4-2-3-1,True,6,Hicham Boudaoui,RM,8,746634
Nice,2026-03-08,Rennes,home,4-2-3-1,True,10,Sofiane Diop,F,9,746634
Nice,2026-03-08,Rennes,home,4-2-3-1,True,20,Tom Louchet,AM-L,11,746634
Nice,2026-03-08,Rennes,home,4-2-3-1,True,25,Mohamed-Ali Cho,AM-R,7,746634
Nice,2026-03-08,Rennes,home,4-2-3-1,False,4,Dante,SUB,0,746634
Nice,2026-03-08,Rennes,home,4-2-3-1,False,23,Gabin Bernardeau,SUB,0,746634
Nice,2026-03-08,Rennes,home,4-2-3-1,False,47,Tiago Gouveia,SUB,0,746634
Nice,2026-03-08,Rennes,home,4-2-3-1,False,32,Kail Boudache,SUB,0,746634
Nice,2026-03-08,Rennes,home,4-2-3-1,False,33,Antoine Mendy,SUB,0,746634
Nice,2026-03-08,Rennes,home,4-2-3-1,False,31,Maxime Dupé,SUB,0,746634
Nice,2026-03-08,Rennes,home,4-2-3-1,False,55,Youssouf Ndayishimiye,SUB,0,746634
Nice,2026-03-08,Rennes,home,4-2-3-1,False,90,Kevin Carlos,SUB,0,746634
Nice,2026-03-08,Rennes,home,4-2-3-1,False,99,Salis Abdul Samed,SUB,0,746634
Rennes,2026-03-08,Nice,away,4-3-3,True,30,Brice Samba,G,1,746634
Rennes,2026-03-08,Nice,away,4-3-3,True,3,Lilian Brassier,CD-L,6,746634
Rennes,2026-03-08,Nice,away,4-3-3,True,24,Anthony Rouault,CD-R,5,746634
Rennes,2026-03-08,Nice,away,4-3-3,True,26,Quentin Merlin,LB,3,746634
Rennes,2026-03-08,Nice,away,4-3-3,True,18,Mahamadou Nagida,RB,2,746634
Rennes,2026-03-08,Nice,away,4-3-3,True,21,Valentin Rongier,CM,4,746634
Rennes,2026-03-08,Nice,away,4-3-3,True,45,Mahdi Camara,LM,8,746634
Rennes,2026-03-08,Nice,away,4-3-3,True,17,Sebastian Szymanski,RM,7,746634
Rennes,2026-03-08,Nice,away,4-3-3,True,9,Esteban Lepaul,F,9,746634
Rennes,2026-03-08,Nice,away,4-3-3,True,70,Arnaud Nordin,LF,11,746634
Rennes,2026-03-08,Nice,away,4-3-3,True,11,Mousa Al-Tamari,RF,10,746634
Rennes,2026-03-08,Nice,away,4-3-3,False,36,Alidu Seidu,SUB,0,746634
Rennes,2026-03-08,Nice,away,4-3-3,False,65,Nordan Mukiele,SUB,0,746634
Rennes,2026-03-08,Nice,away,4-3-3,False,48,Abdelhamid Aït Boudlal,SUB,0,746634
Rennes,2026-03-08,Nice,away,4-3-3,False,10,Ludovic Blas,SUB,0,746634
Rennes,2026-03-08,Nice,away,4-3-3,False,7,Breel Embolo,SUB,0,746634
Rennes,2026-03-08,Nice,away,4-3-3,False,4,Glen Kamara,SUB,0,746634
Rennes,2026-03-08,Nice,away,4-3-3,False,77,Yassir Zabiri,SUB,0,746634
Rennes,2026-03-08,Nice,away,4-3-3,False,50,Mathys Silistre,SUB,0,746634
Rennes,2026-03-08,Nice,away,4-3-3,False,6,Djaoui Cissé,SUB,0,746634
Angers,2026-03-14,Nice,home,3-5-2,True,12,Hervé Koffi,G,1,746637
Angers,2026-03-14,Nice,home,3-5-2,True,4,Ousmane Camara,CD,5,746637
Angers,2026-03-14,Nice,home,3-5-2,True,21,Jordan Lefort,CD-L,4,746637
Angers,2026-03-14,Nice,home,3-5-2,True,2,Carlens Arcus,CD-R,6,746637
Angers,2026-03-14,Nice,home,3-5-2,True,8,Branco van den Boomen,CM-L,8,746637
Angers,2026-03-14,Nice,home,3-5-2,True,15,Pierrick Capelle,CM-R,7,746637
Angers,2026-03-14,Nice,home,3-5-2,True,93,Haris Belkebla,AM,11,746637
Angers,2026-03-14,Nice,home,3-5-2,True,26,Florent Hanin,LM,3,746637
Angers,2026-03-14,Nice,home,3-5-2,True,27,Lilian Raolisoa,RM,2,746637
Angers,2026-03-14,Nice,home,3-5-2,True,9,Goduine Koyalipou,CF-L,9,746637
Angers,2026-03-14,Nice,home,3-5-2,True,7,Amine Sbaï,CF-R,10,746637
Angers,2026-03-14,Nice,home,3-5-2,False,36,Lanroy Machine,SUB,0,746637
Angers,2026-03-14,Nice,home,3-5-2,False,23,Dan Sinaté,SUB,0,746637
Angers,2026-03-14,Nice,home,3-5-2,False,31,Harouna Djibirin,SUB,0,746637
Angers,2026-03-14,Nice,home,3-5-2,False,6,Louis Mouton,SUB,0,746637
Angers,2026-03-14,Nice,home,3-5-2,False,5,Marius Courcoul,SUB,0,746637
Angers,2026-03-14,Nice,home,3-5-2,False,35,Prosper Peter,SUB,0,746637
Angers,2026-03-14,Nice,home,3-5-2,False,20,Marius Louãr,SUB,0,746637
Angers,2026-03-14,Nice,home,3-5-2,False,24,Emmanuel Biumla,SUB,0,746637
Angers,2026-03-14,Nice,home,3-5-2,False,16,Melvin Zinga,SUB,0,746637
Nice,2026-03-14,Angers,away,3-5-1-1,True,80,Yehvann Diouf,G,1,746637
Nice,2026-03-14,Angers,away,3-5-1-1,True,4,Dante,CD,5,746637
Nice,2026-03-14,Angers,away,3-5-1-1,True,28,Juma Bah,CD-L,4,746637
Nice,2026-03-14,Angers,away,3-5-1-1,True,33,Antoine Mendy,CD-R,6,746637
Nice,2026-03-14,Angers,away,3-5-1-1,True,24,Charles Vanhoutte,CM-L,8,746637
Nice,2026-03-14,Angers,away,3-5-1-1,True,8,Morgan Sanson,CM-R,7,746637
Nice,2026-03-14,Angers,away,3-5-1-1,True,6,Hicham Boudaoui,AM,11,746637
Nice,2026-03-14,Angers,away,3-5-1-1,True,26,Melvin Bard,LM,3,746637
Nice,2026-03-14,Angers,away,3-5-1-1,True,92,Jonathan Clauss,RM,2,746637
Nice,2026-03-14,Angers,away,3-5-1-1,True,90,Kevin Carlos,F,9,746637
Nice,2026-03-14,Angers,away,3-5-1-1,True,32,Kail Boudache,RCF,10,746637
Nice,2026-03-14,Angers,away,3-5-1-1,False,36,Brad-Hamilton Mantsounga,SUB,0,746637
Nice,2026-03-14,Angers,away,3-5-1-1,False,39,Djibril Coulibaly,SUB,0,746637
Nice,2026-03-14,Angers,away,3-5-1-1,False,47,Tiago Gouveia,SUB,0,746637
Nice,2026-03-14,Angers,away,3-5-1-1,False,20,Tom Louchet,SUB,0,746637
Nice,2026-03-14,Angers,away,3-5-1-1,False,11,Elye Wahi,SUB,0,746637
Nice,2026-03-14,Angers,away,3-5-1-1,False,55,Youssouf Ndayishimiye,SUB,0,746637
Nice,2026-03-14,Angers,away,3-5-1-1,False,44,Zoumana Diallo,SUB,0,746637
Nice,2026-03-14,Angers,away,3-5-1-1,False,10,Sofiane Diop,SUB,0,746637
Nice,2026-03-14,Angers,away,3-5-1-1,False,31,Maxime Dupé,SUB,0,746637
Marseille,2026-03-13,Auxerre,home,4-2-3-1,True,1,Gerónimo Rulli,G,1,746640
Marseille,2026-03-13,Auxerre,home,4-2-3-1,True,4,CJ Egan-Riley,CD-L,6,746640
Marseille,2026-03-13,Auxerre,home,4-2-3-1,True,28,Benjamin Pavard,CD-R,5,746640
Marseille,2026-03-13,Auxerre,home,4-2-3-1,True,32,Facundo Medina,LB,3,746640
Marseille,2026-03-13,Auxerre,home,4-2-3-1,True,22,Timothy Weah,RB,2,746640
Marseille,2026-03-13,Auxerre,home,4-2-3-1,True,27,Quinten Timber,AM,10,746640
Marseille,2026-03-13,Auxerre,home,4-2-3-1,True,23,Pierre-Emile Højbjerg,LM,4,746640
Marseille,2026-03-13,Auxerre,home,4-2-3-1,True,19,Geoffrey Kondogbia,RM,8,746640
Marseille,2026-03-13,Auxerre,home,4-2-3-1,True,17,Pierre-Emerick Aubameyang,F,9,746640
Marseille,2026-03-13,Auxerre,home,4-2-3-1,True,14,Igor Paixão,AM-L,11,746640
Marseille,2026-03-13,Auxerre,home,4-2-3-1,True,10,Mason Greenwood,AM-R,7,746640
Marseille,2026-03-13,Auxerre,home,4-2-3-1,False,9,Amine Gouiri,SUB,0,746640
Marseille,2026-03-13,Auxerre,home,4-2-3-1,False,8,Himad Abdelli,SUB,0,746640
Marseille,2026-03-13,Auxerre,home,4-2-3-1,False,12,Jeffrey de Lange,SUB,0,746640
Marseille,2026-03-13,Auxerre,home,4-2-3-1,False,6,Tochukwu Nnadi,SUB,0,746640
Marseille,2026-03-13,Auxerre,home,4-2-3-1,False,20,Hamed Traoré,SUB,0,746640
Marseille,2026-03-13,Auxerre,home,4-2-3-1,False,78,Ange Lago,SUB,0,746640
Marseille,2026-03-13,Auxerre,home,4-2-3-1,False,18,Arthur Vermeeren,SUB,0,746640
Marseille,2026-03-13,Auxerre,home,4-2-3-1,False,11,Ethan Nwaneri,SUB,0,746640
Marseille,2026-03-13,Auxerre,home,4-2-3-1,False,33,Emerson,SUB,0,746640
Auxerre,2026-03-13,Marseille,away,5-4-1,True,16,Donovan Léon,G,1,746640
Auxerre,2026-03-13,Marseille,away,5-4-1,True,20,Sinaly Diomande,CD,5,746640
Auxerre,2026-03-13,Marseille,away,5-4-1,True,92,Clément Akpa,CD-L,4,746640
Auxerre,2026-03-13,Marseille,away,5-4-1,True,24,Bryan Okoh,CD-R,6,746640
Auxerre,2026-03-13,Marseille,away,5-4-1,True,22,Fredrik Oppegard,LB,3,746640
Auxerre,2026-03-13,Marseille,away,5-4-1,True,27,Lamine Sy,RB,2,746640
Auxerre,2026-03-13,Marseille,away,5-4-1,True,5,Kévin Danois,CM-L,10,746640
Auxerre,2026-03-13,Marseille,away,5-4-1,True,42,Elisha Owusu,CM-R,8,746640
Auxerre,2026-03-13,Marseille,away,5-4-1,True,19,Danny Namaso,LM,11,746640
Auxerre,2026-03-13,Marseille,away,5-4-1,True,7,Josué Casimir,RM,7,746640
Auxerre,2026-03-13,Marseille,away,5-4-1,True,9,Sékou Mara,F,9,746640
Auxerre,2026-03-13,Marseille,away,5-4-1,False,14,Gideon Mensah,SUB,0,746640
Auxerre,2026-03-13,Marseille,away,5-4-1,False,29,Marvin Senaya,SUB,0,746640
Auxerre,2026-03-13,Marseille,away,5-4-1,False,4,Francisco Sierralta,SUB,0,746640
Auxerre,2026-03-13,Marseille,away,5-4-1,False,18,Assane Dioussé,SUB,0,746640
Auxerre,2026-03-13,Marseille,away,5-4-1,False,28,Romain Faivre,SUB,0,746640
Auxerre,2026-03-13,Marseille,away,5-4-1,False,40,Théo De Percin,SUB,0,746640
Auxerre,2026-03-13,Marseille,away,5-4-1,False,41,Yvan Zaddy,SUB,0,746640
Auxerre,2026-03-13,Marseille,away,5-4-1,False,31,Ryan Rodin,SUB,0,746640
Auxerre,2026-03-13,Marseille,away,5-4-1,False,8,Naouirou Ahamada,SUB,0,746640
Rennes,2026-03-15,Lille,home,4-3-3,True,30,Brice Samba,G,1,746644
Rennes,2026-03-15,Lille,home,4-3-3,True,3,Lilian Brassier,CD-L,6,746644
Rennes,2026-03-15,Lille,home,4-3-3,True,24,Anthony Rouault,CD-R,5,746644
Rennes,2026-03-15,Lille,home,4-3-3,True,26,Quentin Merlin,LB,3,746644
Rennes,2026-03-15,Lille,home,4-3-3,True,18,Mahamadou Nagida,RB,2,746644
Rennes,2026-03-15,Lille,home,4-3-3,True,21,Valentin Rongier,CM,4,746644
Rennes,2026-03-15,Lille,home,4-3-3,True,45,Mahdi Camara,LM,8,746644
Rennes,2026-03-15,Lille,home,4-3-3,True,10,Ludovic Blas,RM,7,746644
Rennes,2026-03-15,Lille,home,4-3-3,True,9,Esteban Lepaul,F,9,746644
Rennes,2026-03-15,Lille,home,4-3-3,True,70,Arnaud Nordin,LF,11,746644
Rennes,2026-03-15,Lille,home,4-3-3,True,11,Mousa Al-Tamari,RF,10,746644
Rennes,2026-03-15,Lille,home,4-3-3,False,7,Breel Embolo,SUB,0,746644
Rennes,2026-03-15,Lille,home,4-3-3,False,36,Alidu Seidu,SUB,0,746644
Rennes,2026-03-15,Lille,home,4-3-3,False,50,Mathys Silistre,SUB,0,746644
Rennes,2026-03-15,Lille,home,4-3-3,False,77,Yassir Zabiri,SUB,0,746644
Rennes,2026-03-15,Lille,home,4-3-3,False,95,Przemyslaw Frankowski,SUB,0,746644
Rennes,2026-03-15,Lille,home,4-3-3,False,48,Abdelhamid Aït Boudlal,SUB,0,746644
Rennes,2026-03-15,Lille,home,4-3-3,False,6,Djaoui Cissé,SUB,0,746644
Rennes,2026-03-15,Lille,home,4-3-3,False,17,Sebastian Szymanski,SUB,0,746644
Rennes,2026-03-15,Lille,home,4-3-3,False,4,Glen Kamara,SUB,0,746644
Lille,2026-03-15,Rennes,away,4-2-3-1,True,1,Berke Özer,G,1,746644
Lille,2026-03-15,Rennes,away,4-2-3-1,True,23,Aïssa Mandi,CD-L,6,746644
Lille,2026-03-15,Rennes,away,4-2-3-1,True,3,Nathan Ngoy,CD-R,5,746644
Lille,2026-03-15,Rennes,away,4-2-3-1,True,24,Calvin Verdonk,LB,3,746644
Lille,2026-03-15,Rennes,away,4-2-3-1,True,12,Thomas Meunier,RB,2,746644
Lille,2026-03-15,Rennes,away,4-2-3-1,True,10,Hákon Haraldsson,AM,10,746644
Lille,2026-03-15,Rennes,away,4-2-3-1,True,32,Ayyoub Bouaddi,LM,4,746644
Lille,2026-03-15,Rennes,away,4-2-3-1,True,6,Nabil Bentaleb,RM,8,746644
Lille,2026-03-15,Rennes,away,4-2-3-1,True,7,Matias Fernandez-Pardo,F,9,746644
Lille,2026-03-15,Rennes,away,4-2-3-1,True,27,Felix Correia,AM-L,11,746644
Lille,2026-03-15,Rennes,away,4-2-3-1,True,17,Ngal'ayel Mukau,AM-R,7,746644
Lille,2026-03-15,Rennes,away,4-2-3-1,False,16,Arnaud Bodart,SUB,0,746644
Lille,2026-03-15,Rennes,away,4-2-3-1,False,15,Romain Perraud,SUB,0,746644
Lille,2026-03-15,Rennes,away,4-2-3-1,False,9,Olivier Giroud,SUB,0,746644
Lille,2026-03-15,Rennes,away,4-2-3-1,False,4,Alexsandro,SUB,0,746644
Lille,2026-03-15,Rennes,away,4-2-3-1,False,35,Soriba Diaoune,SUB,0,746644
Lille,2026-03-15,Rennes,away,4-2-3-1,False,22,Tiago Santos,SUB,0,746644
Lille,2026-03-15,Rennes,away,4-2-3-1,False,42,Saad Boussadia,SUB,0,746644
Lille,2026-03-15,Rennes,away,4-2-3-1,False,18,Chancel Mbemba,SUB,0,746644
Lille,2026-03-15,Rennes,away,4-2-3-1,False,14,Marius Broholm,SUB,0,746644
Lens,2026-03-20,Angers,home,3-4-2-1,True,40,Robin Risser,G,1,746647
Lens,2026-03-20,Angers,home,3-4-2-1,True,25,Pierre Ganiou,CD,5,746647
Lens,2026-03-20,Angers,home,3-4-2-1,True,20,Malang Sarr,CD-L,4,746647
Lens,2026-03-20,Angers,home,3-4-2-1,True,4,Nidal Celik,CD-R,6,746647
Lens,2026-03-20,Angers,home,3-4-2-1,True,28,Adrien Thomasson,CM-L,8,746647
Lens,2026-03-20,Angers,home,3-4-2-1,True,8,Mamadou Sangare,CM-R,7,746647
Lens,2026-03-20,Angers,home,3-4-2-1,True,14,Matthieu Udol,LM,3,746647
Lens,2026-03-20,Angers,home,3-4-2-1,True,23,Saud Abdulhamid,RM,2,746647
Lens,2026-03-20,Angers,home,3-4-2-1,True,11,Odsonne Édouard,F,9,746647
Lens,2026-03-20,Angers,home,3-4-2-1,True,7,Florian Sotoca,CF-L,11,746647
Lens,2026-03-20,Angers,home,3-4-2-1,True,10,Florian Thauvin,CF-R,10,746647
Lens,2026-03-20,Angers,home,3-4-2-1,False,16,Mathieu Gorgelin,SUB,0,746647
Lens,2026-03-20,Angers,home,3-4-2-1,False,19,Abdallah Sima,SUB,0,746647
Lens,2026-03-20,Angers,home,3-4-2-1,False,18,Fode Sylla,SUB,0,746647
Lens,2026-03-20,Angers,home,3-4-2-1,False,9,Allan Saint-Maximin,SUB,0,746647
Lens,2026-03-20,Angers,home,3-4-2-1,False,26,Anthony Bermont,SUB,0,746647
Lens,2026-03-20,Angers,home,3-4-2-1,False,34,Erawan Garnier,SUB,0,746647
Lens,2026-03-20,Angers,home,3-4-2-1,False,39,Oscar Lenne,SUB,0,746647
Lens,2026-03-20,Angers,home,3-4-2-1,False,38,Rayan Fofana,SUB,0,746647
Lens,2026-03-20,Angers,home,3-4-2-1,False,5,Andrija Bulatovic,SUB,0,746647
Angers,2026-03-20,Lens,away,4-2-3-1,True,40,Oumar Pona,G,1,746647
Angers,2026-03-20,Lens,away,4-2-3-1,True,21,Jordan Lefort,CD-L,6,746647
Angers,2026-03-20,Lens,away,4-2-3-1,True,4,Ousmane Camara,CD-R,5,746647
Angers,2026-03-20,Lens,away,4-2-3-1,True,26,Florent Hanin,LB,3,746647
Angers,2026-03-20,Lens,away,4-2-3-1,True,20,Marius Louãr,RB,2,746647
Angers,2026-03-20,Lens,away,4-2-3-1,True,6,Louis Mouton,AM,10,746647
Angers,2026-03-20,Lens,away,4-2-3-1,True,8,Branco van den Boomen,LM,4,746647
Angers,2026-03-20,Lens,away,4-2-3-1,True,93,Haris Belkebla,RM,8,746647
Angers,2026-03-20,Lens,away,4-2-3-1,True,36,Lanroy Machine,F,9,746647
Angers,2026-03-20,Lens,away,4-2-3-1,True,7,Amine Sbaï,AM-L,11,746647
Angers,2026-03-20,Lens,away,4-2-3-1,True,14,Yassin Belkhdim,AM-R,7,746647
Angers,2026-03-20,Lens,away,4-2-3-1,False,31,Harouna Djibirin,SUB,0,746647
Angers,2026-03-20,Lens,away,4-2-3-1,False,23,Dan Sinaté,SUB,0,746647
Angers,2026-03-20,Lens,away,4-2-3-1,False,5,Marius Courcoul,SUB,0,746647
Angers,2026-03-20,Lens,away,4-2-3-1,False,25,Abdoulaye Bamba,SUB,0,746647
Angers,2026-03-20,Lens,away,4-2-3-1,False,27,Lilian Raolisoa,SUB,0,746647
Angers,2026-03-20,Lens,away,4-2-3-1,False,24,Emmanuel Biumla,SUB,0,746647
Angers,2026-03-20,Lens,away,4-2-3-1,False,15,Pierrick Capelle,SUB,0,746647
Angers,2026-03-20,Lens,away,4-2-3-1,False,50,Yann Llahona,SUB,0,746647
Lorient,2026-03-14,Lens,home,3-4-2-1,True,38,Yvon Mvogo,G,1,746639
Lorient,2026-03-14,Lens,home,3-4-2-1,True,3,Montassar Talbi,CD,5,746639
Lorient,2026-03-14,Lens,home,3-4-2-1,True,25,Abdoulaye Faye,CD-L,4,746639
Lorient,2026-03-14,Lens,home,3-4-2-1,True,5,Bamo Meïté,CD-R,6,746639
Lorient,2026-03-14,Lens,home,3-4-2-1,True,62,Arthur Avom,CM-L,8,746639
Lorient,2026-03-14,Lens,home,3-4-2-1,True,8,Noah Cadiou,CM-R,7,746639
Lorient,2026-03-14,Lens,home,3-4-2-1,True,43,Arsène Kouassi,LM,3,746639
Lorient,2026-03-14,Lens,home,3-4-2-1,True,11,Théo Le Bris,RM,2,746639
Lorient,2026-03-14,Lens,home,3-4-2-1,True,12,Bamba Dieng,F,9,746639
Lorient,2026-03-14,Lens,home,3-4-2-1,True,29,Dermane Karim,CF-L,11,746639
Lorient,2026-03-14,Lens,home,3-4-2-1,True,17,Jean-Victor Makengo,CF-R,10,746639
Lorient,2026-03-14,Lens,home,3-4-2-1,False,32,Nathaniel Adjei,SUB,0,746639
Lorient,2026-03-14,Lens,home,3-4-2-1,False,35,Daniel Semedo,SUB,0,746639
Lorient,2026-03-14,Lens,home,3-4-2-1,False,21,Bingourou Kamara,SUB,0,746639
Lorient,2026-03-14,Lens,home,3-4-2-1,False,14,Trevan Sanusi,SUB,0,746639
Lorient,2026-03-14,Lens,home,3-4-2-1,False,28,Sambou Soumano,SUB,0,746639
Lorient,2026-03-14,Lens,home,3-4-2-1,False,77,Panos Katseris,SUB,0,746639
Lorient,2026-03-14,Lens,home,3-4-2-1,False,34,Martin Bley,SUB,0,746639
Lorient,2026-03-14,Lens,home,3-4-2-1,False,44,Darlin Yongwa,SUB,0,746639
Lorient,2026-03-14,Lens,home,3-4-2-1,False,15,Tosin Aiyegun,SUB,0,746639
Lens,2026-03-14,Lorient,away,3-4-2-1,True,40,Robin Risser,G,1,746639
Lens,2026-03-14,Lorient,away,3-4-2-1,True,25,Pierre Ganiou,CD,5,746639
Lens,2026-03-14,Lorient,away,3-4-2-1,True,20,Malang Sarr,CD-L,4,746639
Lens,2026-03-14,Lorient,away,3-4-2-1,True,4,Nidal Celik,CD-R,6,746639
Lens,2026-03-14,Lorient,away,3-4-2-1,True,28,Adrien Thomasson,CM-L,8,746639
Lens,2026-03-14,Lorient,away,3-4-2-1,True,8,Mamadou Sangare,CM-R,7,746639
Lens,2026-03-14,Lorient,away,3-4-2-1,True,14,Matthieu Udol,LM,3,746639
Lens,2026-03-14,Lorient,away,3-4-2-1,True,23,Saud Abdulhamid,RM,2,746639
Lens,2026-03-14,Lorient,away,3-4-2-1,True,11,Odsonne Édouard,F,9,746639
Lens,2026-03-14,Lorient,away,3-4-2-1,True,19,Abdallah Sima,CF-L,11,746639
Lens,2026-03-14,Lorient,away,3-4-2-1,True,10,Florian Thauvin,CF-R,10,746639
Lens,2026-03-14,Lorient,away,3-4-2-1,False,39,Oscar Lenne,SUB,0,746639
Lens,2026-03-14,Lorient,away,3-4-2-1,False,5,Andrija Bulatovic,SUB,0,746639
Lens,2026-03-14,Lorient,away,3-4-2-1,False,16,Mathieu Gorgelin,SUB,0,746639
Lens,2026-03-14,Lorient,away,3-4-2-1,False,38,Rayan Fofana,SUB,0,746639
Lens,2026-03-14,Lorient,away,3-4-2-1,False,18,Fode Sylla,SUB,0,746639
Lens,2026-03-14,Lorient,away,3-4-2-1,False,21,Amadou Haidara,SUB,0,746639
Lens,2026-03-14,Lorient,away,3-4-2-1,False,26,Anthony Bermont,SUB,0,746639
Lens,2026-03-14,Lorient,away,3-4-2-1,False,7,Florian Sotoca,SUB,0,746639
Lens,2026-03-14,Lorient,away,3-4-2-1,False,34,Erawan Garnier,SUB,0,746639
Lyon,2026-03-08,Paris FC,home,4-1-4-1,True,1,Dominik Greif,G,1,746632
Lyon,2026-03-08,Paris FC,home,4-1-4-1,True,19,Moussa Niakhaté,CD-L,6,746632
Lyon,2026-03-08,Paris FC,home,4-1-4-1,True,22,Clinton Mata,CD-R,5,746632
Lyon,2026-03-08,Paris FC,home,4-1-4-1,True,23,Tyler Morton,DM,4,746632
Lyon,2026-03-08,Paris FC,home,4-1-4-1,True,3,Nicolás Tagliafico,LB,3,746632
Lyon,2026-03-08,Paris FC,home,4-1-4-1,True,33,Hans Hateboer,RB,2,746632
Lyon,2026-03-08,Paris FC,home,4-1-4-1,True,44,Khalis Merah,CM-L,10,746632
Lyon,2026-03-08,Paris FC,home,4-1-4-1,True,6,Tanner Tessmann,CM-R,8,746632
Lyon,2026-03-08,Paris FC,home,4-1-4-1,True,16,Abner,LM,11,746632
Lyon,2026-03-08,Paris FC,home,4-1-4-1,True,7,Adam Karabec,RM,7,746632
Lyon,2026-03-08,Paris FC,home,4-1-4-1,True,45,Rémi Himbert,F,9,746632
Lyon,2026-03-08,Paris FC,home,4-1-4-1,False,99,Noah Nartey,SUB,0,746632
Lyon,2026-03-08,Paris FC,home,4-1-4-1,False,5,Orel Mangala,SUB,0,746632
Lyon,2026-03-08,Paris FC,home,4-1-4-1,False,18,Rachid Ghezzal,SUB,0,746632
Lyon,2026-03-08,Paris FC,home,4-1-4-1,False,9,Endrick,SUB,0,746632
Lyon,2026-03-08,Paris FC,home,4-1-4-1,False,38,Steeve Kango,SUB,0,746632
Lyon,2026-03-08,Paris FC,home,4-1-4-1,False,40,Rémy Descamps,SUB,0,746632
Lyon,2026-03-08,Paris FC,home,4-1-4-1,False,8,Corentin Tolisso,SUB,0,746632
Lyon,2026-03-08,Paris FC,home,4-1-4-1,False,34,Adil Hamdani,SUB,0,746632
Lyon,2026-03-08,Paris FC,home,4-1-4-1,False,77,Roman Yaremchuk,SUB,0,746632
Paris FC,2026-03-08,Lyon,away,4-3-3,True,35,Kevin Trapp,G,1,746632
Paris FC,2026-03-08,Lyon,away,4-3-3,True,5,Moustapha Mbow,CD-L,6,746632
Paris FC,2026-03-08,Lyon,away,4-3-3,True,42,Diego Coppola,CD-R,5,746632
Paris FC,2026-03-08,Lyon,away,4-3-3,True,19,Nhoa Sangui,LB,3,746632
Paris FC,2026-03-08,Lyon,away,4-3-3,True,17,Adama Camara,RB,2,746632
Paris FC,2026-03-08,Lyon,away,4-3-3,True,33,Pierre Lees-Melou,CM,4,746632
Paris FC,2026-03-08,Lyon,away,4-3-3,True,23,Rudy Matondo,LM,8,746632
Paris FC,2026-03-08,Lyon,away,4-3-3,True,18,Marshall Munetsi,RM,7,746632
Paris FC,2026-03-08,Lyon,away,4-3-3,True,11,Jean-Phillipe Krasso,F,9,746632
Paris FC,2026-03-08,Lyon,away,4-3-3,True,27,Moses Simon,LF,11,746632
Paris FC,2026-03-08,Lyon,away,4-3-3,True,93,Jonathan Ikoné,RF,10,746632
Paris FC,2026-03-08,Lyon,away,4-3-3,False,2,Tuomas Ollila,SUB,0,746632
Paris FC,2026-03-08,Lyon,away,4-3-3,False,24,Luca Koleosho,SUB,0,746632
Paris FC,2026-03-08,Lyon,away,4-3-3,False,7,Alimani Gory,SUB,0,746632
Paris FC,2026-03-08,Lyon,away,4-3-3,False,36,Ciro Immobile,SUB,0,746632
Paris FC,2026-03-08,Lyon,away,4-3-3,False,15,Timothée Kolodziejczak,SUB,0,746632
Paris FC,2026-03-08,Lyon,away,4-3-3,False,9,Willem Geubbels,SUB,0,746632
Paris FC,2026-03-08,Lyon,away,4-3-3,False,13,Mathieu Cafaro,SUB,0,746632
Paris FC,2026-03-08,Lyon,away,4-3-3,False,16,Obed Nkambadio,SUB,0,746632
Paris FC,2026-03-08,Lyon,away,4-3-3,False,4,Vincent Marchetti,SUB,0,746632
Auxerre,2026-03-21,Brest,home,4-4-1-1,True,16,Donovan Léon,G,1,746646
Auxerre,2026-03-21,Brest,home,4-4-1-1,True,24,Bryan Okoh,CD-L,6,746646
Auxerre,2026-03-21,Brest,home,4-4-1-1,True,20,Sinaly Diomande,CD-R,5,746646
Auxerre,2026-03-21,Brest,home,4-4-1-1,True,14,Gideon Mensah,LB,3,746646
Auxerre,2026-03-21,Brest,home,4-4-1-1,True,27,Lamine Sy,RB,2,746646
Auxerre,2026-03-21,Brest,home,4-4-1-1,True,5,Kévin Danois,CM-L,8,746646
Auxerre,2026-03-21,Brest,home,4-4-1-1,True,42,Elisha Owusu,CM-R,4,746646
Auxerre,2026-03-21,Brest,home,4-4-1-1,True,22,Fredrik Oppegard,LM,11,746646
Auxerre,2026-03-21,Brest,home,4-4-1-1,True,28,Romain Faivre,RM,7,746646
Auxerre,2026-03-21,Brest,home,4-4-1-1,True,10,Lassine Sinayoko,F,9,746646
Auxerre,2026-03-21,Brest,home,4-4-1-1,True,19,Danny Namaso,RCF,10,746646
Auxerre,2026-03-21,Brest,home,4-4-1-1,False,4,Francisco Sierralta,SUB,0,746646
Auxerre,2026-03-21,Brest,home,4-4-1-1,False,8,Naouirou Ahamada,SUB,0,746646
Auxerre,2026-03-21,Brest,home,4-4-1-1,False,9,Sékou Mara,SUB,0,746646
Auxerre,2026-03-21,Brest,home,4-4-1-1,False,44,Mamoudou Cissokho,SUB,0,746646
Auxerre,2026-03-21,Brest,home,4-4-1-1,False,18,Assane Dioussé,SUB,0,746646
Auxerre,2026-03-21,Brest,home,4-4-1-1,False,29,Marvin Senaya,SUB,0,746646
Auxerre,2026-03-21,Brest,home,4-4-1-1,False,7,Josué Casimir,SUB,0,746646
Auxerre,2026-03-21,Brest,home,4-4-1-1,False,40,Théo De Percin,SUB,0,746646
Auxerre,2026-03-21,Brest,home,4-4-1-1,False,92,Clément Akpa,SUB,0,746646
Brest,2026-03-21,Auxerre,away,4-2-3-1,True,30,Grégoire Coudert,G,1,746646
Brest,2026-03-21,Auxerre,away,4-2-3-1,True,44,Soumaila Coulibaly,CD-L,6,746646
Brest,2026-03-21,Auxerre,away,4-2-3-1,True,4,Michel Diaz,CD-R,5,746646
Brest,2026-03-21,Auxerre,away,4-2-3-1,True,27,Daouda Guindo,LB,3,746646
Brest,2026-03-21,Auxerre,away,4-2-3-1,True,77,Kenny Lala,RB,2,746646
Brest,2026-03-21,Auxerre,away,4-2-3-1,True,24,Lucas Tousart,AM,10,746646
Brest,2026-03-21,Auxerre,away,4-2-3-1,True,8,Hugo Magnetti,LM,4,746646
Brest,2026-03-21,Auxerre,away,4-2-3-1,True,13,Joris Chotard,RM,8,746646
Brest,2026-03-21,Auxerre,away,4-2-3-1,True,14,Remy Labeau Lascary,F,9,746646
Brest,2026-03-21,Auxerre,away,4-2-3-1,True,7,Junior Dina Ebimbe,AM-L,11,746646
Brest,2026-03-21,Auxerre,away,4-2-3-1,True,10,Romain Del Castillo,AM-R,7,746646
Brest,2026-03-21,Auxerre,away,4-2-3-1,False,1,Radoslaw Majecki,SUB,0,746646
Brest,2026-03-21,Auxerre,away,4-2-3-1,False,71,Raphaël Le Guen,SUB,0,746646
Brest,2026-03-21,Auxerre,away,4-2-3-1,False,99,Pathé Mboup,SUB,0,746646
Brest,2026-03-21,Auxerre,away,4-2-3-1,False,33,Hamidou Makalou,SUB,0,746646
Brest,2026-03-21,Auxerre,away,4-2-3-1,False,12,Luc Zogbe,SUB,0,746646
Brest,2026-03-21,Auxerre,away,4-2-3-1,False,2,Bradley Locko,SUB,0,746646
Brest,2026-03-21,Auxerre,away,4-2-3-1,False,17,Mama Baldé,SUB,0,746646
Monaco,2026-03-14,Brest,home,3-4-2-1,True,1,Lukas Hradecky,G,1,746642
Monaco,2026-03-14,Brest,home,3-4-2-1,True,6,Denis Zakaria,CD,5,746642
Monaco,2026-03-14,Brest,home,3-4-2-1,True,25,Wout Faes,CD-L,4,746642
Monaco,2026-03-14,Brest,home,3-4-2-1,True,5,Thilo Kehrer,CD-R,6,746642
Monaco,2026-03-14,Brest,home,3-4-2-1,True,23,Aladji Bamba,CM-L,8,746642
Monaco,2026-03-14,Brest,home,3-4-2-1,True,15,Lamine Camara,CM-R,7,746642
Monaco,2026-03-14,Brest,home,3-4-2-1,True,24,Simon Adingra,LM,3,746642
Monaco,2026-03-14,Brest,home,3-4-2-1,True,4,Jordan Teze,RM,2,746642
Monaco,2026-03-14,Brest,home,3-4-2-1,True,9,Folarin Balogun,F,9,746642
Monaco,2026-03-14,Brest,home,3-4-2-1,True,10,Aleksandr Golovin,CF-L,11,746642
Monaco,2026-03-14,Brest,home,3-4-2-1,True,11,Maghnes Akliouche,CF-R,10,746642
Monaco,2026-03-14,Brest,home,3-4-2-1,False,29,Paris Brunner,SUB,0,746642
Monaco,2026-03-14,Brest,home,3-4-2-1,False,17,Stanis Idumbo,SUB,0,746642
Monaco,2026-03-14,Brest,home,3-4-2-1,False,31,Ansu Fati,SUB,0,746642
Monaco,2026-03-14,Brest,home,3-4-2-1,False,44,Samuel Nibombé,SUB,0,746642
Monaco,2026-03-14,Brest,home,3-4-2-1,False,28,Mamadou Coulibaly,SUB,0,746642
Monaco,2026-03-14,Brest,home,3-4-2-1,False,20,Kassoum Ouattara,SUB,0,746642
Monaco,2026-03-14,Brest,home,3-4-2-1,False,13,Christian Mawissa,SUB,0,746642
Monaco,2026-03-14,Brest,home,3-4-2-1,False,14,Mika Biereth,SUB,0,746642
Monaco,2026-03-14,Brest,home,3-4-2-1,False,16,Philipp Köhn,SUB,0,746642
Brest,2026-03-14,Monaco,away,4-2-3-1,True,30,Grégoire Coudert,G,1,746642
Brest,2026-03-14,Monaco,away,4-2-3-1,True,4,Michel Diaz,CD-L,6,746642
Brest,2026-03-14,Monaco,away,4-2-3-1,True,5,Brendan Chardonnet,CD-R,5,746642
Brest,2026-03-14,Monaco,away,4-2-3-1,True,27,Daouda Guindo,LB,3,746642
Brest,2026-03-14,Monaco,away,4-2-3-1,True,77,Kenny Lala,RB,2,746642
Brest,2026-03-14,Monaco,away,4-2-3-1,True,23,Kamory Doumbia,AM,10,746642
Brest,2026-03-14,Monaco,away,4-2-3-1,True,8,Hugo Magnetti,LM,4,746642
Brest,2026-03-14,Monaco,away,4-2-3-1,True,13,Joris Chotard,RM,8,746642
Brest,2026-03-14,Monaco,away,4-2-3-1,True,19,Ludovic Ajorque,F,9,746642
Brest,2026-03-14,Monaco,away,4-2-3-1,True,7,Junior Dina Ebimbe,AM-L,11,746642
Brest,2026-03-14,Monaco,away,4-2-3-1,True,10,Romain Del Castillo,AM-R,7,746642
Brest,2026-03-14,Monaco,away,4-2-3-1,False,33,Hamidou Makalou,SUB,0,746642
Brest,2026-03-14,Monaco,away,4-2-3-1,False,14,Remy Labeau Lascary,SUB,0,746642
Brest,2026-03-14,Monaco,away,4-2-3-1,False,99,Pathé Mboup,SUB,0,746642
Brest,2026-03-14,Monaco,away,4-2-3-1,False,12,Luc Zogbe,SUB,0,746642
Brest,2026-03-14,Monaco,away,4-2-3-1,False,50,Noah Jauny,SUB,0,746642
Brest,2026-03-14,Monaco,away,4-2-3-1,False,24,Lucas Tousart,SUB,0,746642
Brest,2026-03-14,Monaco,away,4-2-3-1,False,44,Soumaila Coulibaly,SUB,0,746642
Metz,2026-03-15,Toulouse,home,4-2-3-1,True,1,Jonathan Fischer,G,1,746641
Metz,2026-03-15,Toulouse,home,4-2-3-1,True,4,Urie-Michel Mboula,CD-L,6,746641
Metz,2026-03-15,Toulouse,home,4-2-3-1,True,38,Sadibou Sané,CD-R,5,746641
Metz,2026-03-15,Toulouse,home,4-2-3-1,True,2,Maxime Colin,LB,3,746641
Metz,2026-03-15,Toulouse,home,4-2-3-1,True,39,Koffi Kouao,RB,2,746641
Metz,2026-03-15,Toulouse,home,4-2-3-1,True,10,Gauthier Hein,AM,10,746641
Metz,2026-03-15,Toulouse,home,4-2-3-1,True,20,Jessy Deminguet,LM,4,746641
Metz,2026-03-15,Toulouse,home,4-2-3-1,True,5,Jean-Philippe Gbamin,RM,8,746641
Metz,2026-03-15,Toulouse,home,4-2-3-1,True,34,Nathan Mbala,F,9,746641
Metz,2026-03-15,Toulouse,home,4-2-3-1,True,7,Giorgi Tsitaishvili,AM-L,11,746641
Metz,2026-03-15,Toulouse,home,4-2-3-1,True,70,Bouna Sarr,AM-R,7,746641
Metz,2026-03-15,Toulouse,home,4-2-3-1,False,12,Alpha Touré,SUB,0,746641
Metz,2026-03-15,Toulouse,home,4-2-3-1,False,61,Pape Sy,SUB,0,746641
Metz,2026-03-15,Toulouse,home,4-2-3-1,False,9,Giorgi Abuashvili,SUB,0,746641
Metz,2026-03-15,Toulouse,home,4-2-3-1,False,97,Fodé Ballo-Touré,SUB,0,746641
Metz,2026-03-15,Toulouse,home,4-2-3-1,False,30,Habib Diallo,SUB,0,746641
Metz,2026-03-15,Toulouse,home,4-2-3-1,False,35,Jahyann Pandore,SUB,0,746641
Metz,2026-03-15,Toulouse,home,4-2-3-1,False,33,Believe Munongo,SUB,0,746641
Metz,2026-03-15,Toulouse,home,4-2-3-1,False,19,Lucas Michel,SUB,0,746641
Metz,2026-03-15,Toulouse,home,4-2-3-1,False,15,Terry Yegbe,SUB,0,746641
Toulouse,2026-03-15,Metz,away,3-4-3,True,1,Guillaume Restes,G,1,746641
Toulouse,2026-03-15,Metz,away,3-4-3,True,3,Mark McKenzie,CD,5,746641
Toulouse,2026-03-15,Metz,away,3-4-3,True,2,Rasmus Nicolaisen,CD-L,4,746641
Toulouse,2026-03-15,Metz,away,3-4-3,True,19,Djibril Sidibé,CD-R,6,746641
Toulouse,2026-03-15,Metz,away,3-4-3,True,18,Pape Diop,CM-L,8,746641
Toulouse,2026-03-15,Metz,away,3-4-3,True,45,Alexis Vossah,CM-R,7,746641
Toulouse,2026-03-15,Metz,away,3-4-3,True,12,Waren Kamanzi,LM,3,746641
Toulouse,2026-03-15,Metz,away,3-4-3,True,15,Aron Donnum,RM,2,746641
Toulouse,2026-03-15,Metz,away,3-4-3,True,13,Jacen Russell-Rowe,F,9,746641
Toulouse,2026-03-15,Metz,away,3-4-3,True,10,Yann Gboho,CF-L,11,746641
Toulouse,2026-03-15,Metz,away,3-4-3,True,11,Santiago Hidalgo,CF-R,10,746641
Toulouse,2026-03-15,Metz,away,3-4-3,False,33,Adam El Ouali,SUB,0,746641
Toulouse,2026-03-15,Metz,away,3-4-3,False,40,Naime Said Mchindra,SUB,0,746641
Toulouse,2026-03-15,Metz,away,3-4-3,False,35,Seny Koumbassa,SUB,0,746641
Toulouse,2026-03-15,Metz,away,3-4-3,False,37,Ilyas Azizi,SUB,0,746641
Toulouse,2026-03-15,Metz,away,3-4-3,False,7,Julián Vignolo,SUB,0,746641
Toulouse,2026-03-15,Metz,away,3-4-3,False,20,Emersonn,SUB,0,746641
Toulouse,2026-03-15,Metz,away,3-4-3,False,16,Kjetil Haug,SUB,0,746641
Toulouse,2026-03-15,Metz,away,3-4-3,False,77,Mario Sauer,SUB,0,746641
Toulouse,2026-03-15,Metz,away,3-4-3,False,44,Gaetan Bakhouche,SUB,0,746641
Le Havre,2026-03-15,Lyon,home,4-1-3-2,False,33,Kenny Quetant,,0,746638
Le Havre,2026-03-15,Lyon,home,4-1-3-2,False,18,Yanis Zouaoui,,0,746638
Le Havre,2026-03-15,Lyon,home,4-1-3-2,False,10,Félix Mambimbi,,0,746638
Le Havre,2026-03-15,Lyon,home,4-1-3-2,False,78,Daren Mosengo,,0,746638
Le Havre,2026-03-15,Lyon,home,4-1-3-2,False,8,Yassine Kechta,,0,746638
Le Havre,2026-03-15,Lyon,home,4-1-3-2,False,77,Lionel Mpasi,,0,746638
Le Havre,2026-03-15,Lyon,home,4-1-3-2,False,32,Timothee Pembélé,,0,746638
Le Havre,2026-03-15,Lyon,home,4-1-3-2,False,30,Reda Khadra,,0,746638
Le Havre,2026-03-15,Lyon,home,4-1-3-2,False,11,Godson Kyeremeh,,0,746638
Le Havre,2026-03-15,Lyon,home,4-1-3-2,True,99,Mory Diaw,G,1,746638
Le Havre,2026-03-15,Lyon,home,4-1-3-2,True,93,Arouna Sangante,CD-L,6,746638
Le Havre,2026-03-15,Lyon,home,4-1-3-2,True,29,Stephan Zagadou,CD-R,5,746638
Le Havre,2026-03-15,Lyon,home,4-1-3-2,True,15,Ayumu Seko,SW,4,746638
Le Havre,2026-03-15,Lyon,home,4-1-3-2,True,27,Enzo Koffi,LB,3,746638
Le Havre,2026-03-15,Lyon,home,4-1-3-2,True,7,Loïc Négo,RB,2,746638
Le Havre,2026-03-15,Lyon,home,4-1-3-2,True,17,Sofiane Boufal,CM,8,746638
Le Havre,2026-03-15,Lyon,home,4-1-3-2,True,14,Rassoul Ndiaye,LM,11,746638
Le Havre,2026-03-15,Lyon,home,4-1-3-2,True,19,Lucas Gourna-Douath,RM,7,746638
Le Havre,2026-03-15,Lyon,home,4-1-3-2,True,45,Issa Soumaré,CF-L,10,746638
Le Havre,2026-03-15,Lyon,home,4-1-3-2,True,25,Mbwana Samatta,CF-R,9,746638
Lyon,2026-03-15,Le Havre,away,4-2-3-1,True,40,Rémy Descamps,G,1,746638
Lyon,2026-03-15,Le Havre,away,4-2-3-1,True,19,Moussa Niakhaté,CD-L,6,746638
Lyon,2026-03-15,Le Havre,away,4-2-3-1,True,6,Tanner Tessmann,CD-R,5,746638
Lyon,2026-03-15,Le Havre,away,4-2-3-1,True,3,Nicolás Tagliafico,LB,3,746638
Lyon,2026-03-15,Le Havre,away,4-2-3-1,True,33,Hans Hateboer,RB,2,746638
Lyon,2026-03-15,Le Havre,away,4-2-3-1,True,8,Corentin Tolisso,AM,10,746638
Lyon,2026-03-15,Le Havre,away,4-2-3-1,True,5,Orel Mangala,LM,4,746638
Lyon,2026-03-15,Le Havre,away,4-2-3-1,True,23,Tyler Morton,RM,8,746638
Lyon,2026-03-15,Le Havre,away,4-2-3-1,True,9,Endrick,F,9,746638
Lyon,2026-03-15,Le Havre,away,4-2-3-1,True,16,Abner,AM-L,11,746638
Lyon,2026-03-15,Le Havre,away,4-2-3-1,True,7,Adam Karabec,AM-R,7,746638
Lyon,2026-03-15,Le Havre,away,4-2-3-1,False,1,Dominik Greif,SUB,0,746638
Lyon,2026-03-15,Le Havre,away,4-2-3-1,False,18,Rachid Ghezzal,SUB,0,746638
Lyon,2026-03-15,Le Havre,away,4-2-3-1,False,77,Roman Yaremchuk,SUB,0,746638
Lyon,2026-03-15,Le Havre,away,4-2-3-1,False,34,Adil Hamdani,SUB,0,746638
Lyon,2026-03-15,Le Havre,away,4-2-3-1,False,99,Noah Nartey,SUB,0,746638
Lyon,2026-03-15,Le Havre,away,4-2-3-1,False,44,Khalis Merah,SUB,0,746638
Lyon,2026-03-15,Le Havre,away,4-2-3-1,False,30,Yvann Konan,SUB,0,746638
Lyon,2026-03-15,Le Havre,away,4-2-3-1,False,38,Steeve Kango,SUB,0,746638
Lyon,2026-03-15,Le Havre,away,4-2-3-1,False,39,Mathys De Carvalho,SUB,0,746638
Toulouse,2026-03-21,Lorient,home,3-4-3,True,1,Guillaume Restes,G,1,746654
Toulouse,2026-03-21,Lorient,home,3-4-3,True,35,Seny Koumbassa,CD,5,746654
Toulouse,2026-03-21,Lorient,home,3-4-3,True,2,Rasmus Nicolaisen,CD-L,4,746654
Toulouse,2026-03-21,Lorient,home,3-4-3,True,3,Mark McKenzie,CD-R,6,746654
Toulouse,2026-03-21,Lorient,home,3-4-3,True,18,Pape Diop,CM-L,8,746654
Toulouse,2026-03-21,Lorient,home,3-4-3,True,23,Cristian Cásseres Jr.,CM-R,7,746654
Toulouse,2026-03-21,Lorient,home,3-4-3,True,19,Djibril Sidibé,LM,3,746654
Toulouse,2026-03-21,Lorient,home,3-4-3,True,15,Aron Donnum,RM,2,746654
Toulouse,2026-03-21,Lorient,home,3-4-3,True,13,Jacen Russell-Rowe,F,9,746654
Toulouse,2026-03-21,Lorient,home,3-4-3,True,10,Yann Gboho,CF-L,11,746654
Toulouse,2026-03-21,Lorient,home,3-4-3,True,11,Santiago Hidalgo,CF-R,10,746654
Toulouse,2026-03-21,Lorient,home,3-4-3,False,40,Naime Said Mchindra,SUB,0,746654
Toulouse,2026-03-21,Lorient,home,3-4-3,False,7,Julián Vignolo,SUB,0,746654
Toulouse,2026-03-21,Lorient,home,3-4-3,False,77,Mario Sauer,SUB,0,746654
Toulouse,2026-03-21,Lorient,home,3-4-3,False,12,Waren Kamanzi,SUB,0,746654
Toulouse,2026-03-21,Lorient,home,3-4-3,False,16,Kjetil Haug,SUB,0,746654
Toulouse,2026-03-21,Lorient,home,3-4-3,False,45,Alexis Vossah,SUB,0,746654
Toulouse,2026-03-21,Lorient,home,3-4-3,False,37,Ilyas Azizi,SUB,0,746654
Toulouse,2026-03-21,Lorient,home,3-4-3,False,20,Emersonn,SUB,0,746654
Toulouse,2026-03-21,Lorient,home,3-4-3,False,44,Gaetan Bakhouche,SUB,0,746654
Lorient,2026-03-21,Toulouse,away,3-4-2-1,True,38,Yvon Mvogo,G,1,746654
Lorient,2026-03-21,Toulouse,away,3-4-2-1,True,32,Nathaniel Adjei,CD,5,746654
Lorient,2026-03-21,Toulouse,away,3-4-2-1,True,25,Abdoulaye Faye,CD-L,4,746654
Lorient,2026-03-21,Toulouse,away,3-4-2-1,True,44,Darlin Yongwa,CD-R,6,746654
Lorient,2026-03-21,Toulouse,away,3-4-2-1,True,62,Arthur Avom,CM-L,8,746654
Lorient,2026-03-21,Toulouse,away,3-4-2-1,True,8,Noah Cadiou,CM-R,7,746654
Lorient,2026-03-21,Toulouse,away,3-4-2-1,True,43,Arsène Kouassi,LM,3,746654
Lorient,2026-03-21,Toulouse,away,3-4-2-1,True,11,Théo Le Bris,RM,2,746654
Lorient,2026-03-21,Toulouse,away,3-4-2-1,True,12,Bamba Dieng,F,9,746654
Lorient,2026-03-21,Toulouse,away,3-4-2-1,True,29,Dermane Karim,CF-L,11,746654
Lorient,2026-03-21,Toulouse,away,3-4-2-1,True,17,Jean-Victor Makengo,CF-R,10,746654
Lorient,2026-03-21,Toulouse,away,3-4-2-1,False,15,Tosin Aiyegun,SUB,0,746654
Lorient,2026-03-21,Toulouse,away,3-4-2-1,False,19,Isaac Monnier,SUB,0,746654
Lorient,2026-03-21,Toulouse,away,3-4-2-1,False,77,Panos Katseris,SUB,0,746654
Lorient,2026-03-21,Toulouse,away,3-4-2-1,False,35,Daniel Semedo,SUB,0,746654
Lorient,2026-03-21,Toulouse,away,3-4-2-1,False,21,Bingourou Kamara,SUB,0,746654
Lorient,2026-03-21,Toulouse,away,3-4-2-1,False,34,Martin Bley,SUB,0,746654
Lorient,2026-03-21,Toulouse,away,3-4-2-1,False,14,Trevan Sanusi,SUB,0,746654
Lorient,2026-03-21,Toulouse,away,3-4-2-1,False,28,Sambou Soumano,SUB,0,746654
Lorient,2026-03-21,Toulouse,away,3-4-2-1,False,33,Izak Akakpo,SUB,0,746654
Nice,2026-03-21,PSG,home,3-5-1-1,True,80,Yehvann Diouf,G,1,746651
Nice,2026-03-21,PSG,home,3-5-1-1,True,4,Dante,CD,5,746651
Nice,2026-03-21,PSG,home,3-5-1-1,True,28,Juma Bah,CD-L,4,746651
Nice,2026-03-21,PSG,home,3-5-1-1,True,33,Antoine Mendy,CD-R,6,746651
Nice,2026-03-21,PSG,home,3-5-1-1,True,6,Hicham Boudaoui,CM-L,8,746651
Nice,2026-03-21,PSG,home,3-5-1-1,True,8,Morgan Sanson,CM-R,7,746651
Nice,2026-03-21,PSG,home,3-5-1-1,True,55,Youssouf Ndayishimiye,AM,11,746651
Nice,2026-03-21,PSG,home,3-5-1-1,True,26,Melvin Bard,LM,3,746651
Nice,2026-03-21,PSG,home,3-5-1-1,True,92,Jonathan Clauss,RM,2,746651
Nice,2026-03-21,PSG,home,3-5-1-1,True,11,Elye Wahi,F,9,746651
Nice,2026-03-21,PSG,home,3-5-1-1,True,10,Sofiane Diop,RCF,10,746651
Nice,2026-03-21,PSG,home,3-5-1-1,False,20,Tom Louchet,SUB,0,746651
Nice,2026-03-21,PSG,home,3-5-1-1,False,2,Ali Abdi,SUB,0,746651
Nice,2026-03-21,PSG,home,3-5-1-1,False,37,Kojo Peprah Oppong,SUB,0,746651
Nice,2026-03-21,PSG,home,3-5-1-1,False,24,Charles Vanhoutte,SUB,0,746651
Nice,2026-03-21,PSG,home,3-5-1-1,False,32,Kail Boudache,SUB,0,746651
Nice,2026-03-21,PSG,home,3-5-1-1,False,90,Kevin Carlos,SUB,0,746651
Nice,2026-03-21,PSG,home,3-5-1-1,False,47,Tiago Gouveia,SUB,0,746651
Nice,2026-03-21,PSG,home,3-5-1-1,False,31,Maxime Dupé,SUB,0,746651
Nice,2026-03-21,PSG,home,3-5-1-1,False,39,Djibril Coulibaly,SUB,0,746651
PSG,2026-03-21,Nice,away,4-3-3,True,39,Matvei Safonov,G,1,746651
PSG,2026-03-21,Nice,away,4-3-3,True,51,Willian Pacho,CD-L,6,746651
PSG,2026-03-21,Nice,away,4-3-3,True,6,Illia Zabarnyi,CD-R,5,746651
PSG,2026-03-21,Nice,away,4-3-3,True,21,Lucas Hernández,LB,3,746651
PSG,2026-03-21,Nice,away,4-3-3,True,33,Warren Zaïre-Emery,RB,2,746651
PSG,2026-03-21,Nice,away,4-3-3,True,17,Vitinha,CM,4,746651
PSG,2026-03-21,Nice,away,4-3-3,True,24,Senny Mayulu,LM,8,746651
PSG,2026-03-21,Nice,away,4-3-3,True,19,Lee Kang-In,RM,7,746651
PSG,2026-03-21,Nice,away,4-3-3,True,7,Khvicha Kvaratskhelia,F,9,746651
PSG,2026-03-21,Nice,away,4-3-3,True,25,Nuno Mendes,LF,11,746651
PSG,2026-03-21,Nice,away,4-3-3,True,14,Désiré Doué,RF,10,746651
PSG,2026-03-21,Nice,away,4-3-3,False,27,Dro Fernández,SUB,0,746651
PSG,2026-03-21,Nice,away,4-3-3,False,49,Ibrahim Mbaye,SUB,0,746651
PSG,2026-03-21,Nice,away,4-3-3,False,89,Renato Marin,SUB,0,746651
PSG,2026-03-21,Nice,away,4-3-3,False,9,Gonçalo Ramos,SUB,0,746651
PSG,2026-03-21,Nice,away,4-3-3,False,4,Lucas Beraldo,SUB,0,746651
PSG,2026-03-21,Nice,away,4-3-3,False,10,Ousmane Dembélé,SUB,0,746651
PSG,2026-03-21,Nice,away,4-3-3,False,30,Lucas Chevalier,SUB,0,746651
PSG,2026-03-21,Nice,away,4-3-3,False,5,Marquinhos,SUB,0,746651
Lille,2026-04-04,Lens,home,4-2-3-1,True,1,Berke Özer,G,1,746659
Lille,2026-04-04,Lens,home,4-2-3-1,True,23,Aïssa Mandi,CD-L,6,746659
Lille,2026-04-04,Lens,home,4-2-3-1,True,3,Nathan Ngoy,CD-R,5,746659
Lille,2026-04-04,Lens,home,4-2-3-1,True,15,Romain Perraud,LB,3,746659
Lille,2026-04-04,Lens,home,4-2-3-1,True,12,Thomas Meunier,RB,2,746659
Lille,2026-04-04,Lens,home,4-2-3-1,True,10,Hákon Haraldsson,AM,10,746659
Lille,2026-04-04,Lens,home,4-2-3-1,True,32,Ayyoub Bouaddi,LM,4,746659
Lille,2026-04-04,Lens,home,4-2-3-1,True,6,Nabil Bentaleb,RM,8,746659
Lille,2026-04-04,Lens,home,4-2-3-1,True,7,Matias Fernandez-Pardo,F,9,746659
Lille,2026-04-04,Lens,home,4-2-3-1,True,27,Felix Correia,AM-L,11,746659
Lille,2026-04-04,Lens,home,4-2-3-1,True,17,Ngal'ayel Mukau,AM-R,7,746659
Lille,2026-04-04,Lens,home,4-2-3-1,False,9,Olivier Giroud,SUB,0,746659
Lille,2026-04-04,Lens,home,4-2-3-1,False,4,Alexsandro,SUB,0,746659
Lille,2026-04-04,Lens,home,4-2-3-1,False,28,Gaetan Perrin,SUB,0,746659
Lille,2026-04-04,Lens,home,4-2-3-1,False,24,Calvin Verdonk,SUB,0,746659
Lille,2026-04-04,Lens,home,4-2-3-1,False,35,Soriba Diaoune,SUB,0,746659
Lille,2026-04-04,Lens,home,4-2-3-1,False,22,Tiago Santos,SUB,0,746659
Lille,2026-04-04,Lens,home,4-2-3-1,False,8,Ethan Mbappé,SUB,0,746659
Lille,2026-04-04,Lens,home,4-2-3-1,False,16,Arnaud Bodart,SUB,0,746659
Lille,2026-04-04,Lens,home,4-2-3-1,False,21,Benjamin André,SUB,0,746659
Lens,2026-04-04,Lille,away,3-4-2-1,True,40,Robin Risser,G,1,746659
Lens,2026-04-04,Lille,away,3-4-2-1,True,25,Pierre Ganiou,CD,5,746659
Lens,2026-04-04,Lille,away,3-4-2-1,True,20,Malang Sarr,CD-L,4,746659
Lens,2026-04-04,Lille,away,3-4-2-1,True,4,Nidal Celik,CD-R,6,746659
Lens,2026-04-04,Lille,away,3-4-2-1,True,28,Adrien Thomasson,CM-L,8,746659
Lens,2026-04-04,Lille,away,3-4-2-1,True,8,Mamadou Sangare,CM-R,7,746659
Lens,2026-04-04,Lille,away,3-4-2-1,True,14,Matthieu Udol,LM,3,746659
Lens,2026-04-04,Lille,away,3-4-2-1,True,23,Saud Abdulhamid,RM,2,746659
Lens,2026-04-04,Lille,away,3-4-2-1,True,11,Odsonne Édouard,F,9,746659
Lens,2026-04-04,Lille,away,3-4-2-1,True,22,Wesley Saïd,CF-L,11,746659
Lens,2026-04-04,Lille,away,3-4-2-1,True,10,Florian Thauvin,CF-R,10,746659
Lens,2026-04-04,Lille,away,3-4-2-1,False,18,Fode Sylla,SUB,0,746659
Lens,2026-04-04,Lille,away,3-4-2-1,False,38,Rayan Fofana,SUB,0,746659
Lens,2026-04-04,Lille,away,3-4-2-1,False,5,Andrija Bulatovic,SUB,0,746659
Lens,2026-04-04,Lille,away,3-4-2-1,False,19,Abdallah Sima,SUB,0,746659
Lens,2026-04-04,Lille,away,3-4-2-1,False,9,Allan Saint-Maximin,SUB,0,746659
Lens,2026-04-04,Lille,away,3-4-2-1,False,7,Florian Sotoca,SUB,0,746659
Lens,2026-04-04,Lille,away,3-4-2-1,False,26,Anthony Bermont,SUB,0,746659
Lens,2026-04-04,Lille,away,3-4-2-1,False,21,Amadou Haidara,SUB,0,746659
Lens,2026-04-04,Lille,away,3-4-2-1,False,16,Mathieu Gorgelin,SUB,0,746659
Rennes,2026-03-22,Metz,home,4-3-3,True,30,Brice Samba,G,1,746653
Rennes,2026-03-22,Metz,home,4-3-3,True,3,Lilian Brassier,CD-L,6,746653
Rennes,2026-03-22,Metz,home,4-3-3,True,24,Anthony Rouault,CD-R,5,746653
Rennes,2026-03-22,Metz,home,4-3-3,True,26,Quentin Merlin,LB,3,746653
Rennes,2026-03-22,Metz,home,4-3-3,True,95,Przemyslaw Frankowski,RB,2,746653
Rennes,2026-03-22,Metz,home,4-3-3,True,21,Valentin Rongier,CM,4,746653
Rennes,2026-03-22,Metz,home,4-3-3,True,45,Mahdi Camara,LM,8,746653
Rennes,2026-03-22,Metz,home,4-3-3,True,17,Sebastian Szymanski,RM,7,746653
Rennes,2026-03-22,Metz,home,4-3-3,True,9,Esteban Lepaul,F,9,746653
Rennes,2026-03-22,Metz,home,4-3-3,True,70,Arnaud Nordin,LF,11,746653
Rennes,2026-03-22,Metz,home,4-3-3,True,10,Ludovic Blas,RF,10,746653
Rennes,2026-03-22,Metz,home,4-3-3,False,77,Yassir Zabiri,SUB,0,746653
Rennes,2026-03-22,Metz,home,4-3-3,False,36,Alidu Seidu,SUB,0,746653
Rennes,2026-03-22,Metz,home,4-3-3,False,48,Abdelhamid Aït Boudlal,SUB,0,746653
Rennes,2026-03-22,Metz,home,4-3-3,False,11,Mousa Al-Tamari,SUB,0,746653
Rennes,2026-03-22,Metz,home,4-3-3,False,50,Mathys Silistre,SUB,0,746653
Rennes,2026-03-22,Metz,home,4-3-3,False,18,Mahamadou Nagida,SUB,0,746653
Rennes,2026-03-22,Metz,home,4-3-3,False,4,Glen Kamara,SUB,0,746653
Rennes,2026-03-22,Metz,home,4-3-3,False,7,Breel Embolo,SUB,0,746653
Rennes,2026-03-22,Metz,home,4-3-3,False,6,Djaoui Cissé,SUB,0,746653
Metz,2026-03-22,Rennes,away,4-2-3-1,True,61,Pape Sy,G,1,746653
Metz,2026-03-22,Rennes,away,4-2-3-1,True,15,Terry Yegbe,CD-L,6,746653
Metz,2026-03-22,Rennes,away,4-2-3-1,True,38,Sadibou Sané,CD-R,5,746653
Metz,2026-03-22,Rennes,away,4-2-3-1,True,2,Maxime Colin,LB,3,746653
Metz,2026-03-22,Rennes,away,4-2-3-1,True,39,Koffi Kouao,RB,2,746653
Metz,2026-03-22,Rennes,away,4-2-3-1,True,20,Jessy Deminguet,AM,10,746653
Metz,2026-03-22,Rennes,away,4-2-3-1,True,12,Alpha Touré,LM,4,746653
Metz,2026-03-22,Rennes,away,4-2-3-1,True,5,Jean-Philippe Gbamin,RM,8,746653
Metz,2026-03-22,Rennes,away,4-2-3-1,True,30,Habib Diallo,F,9,746653
Metz,2026-03-22,Rennes,away,4-2-3-1,True,7,Giorgi Tsitaishvili,AM-L,11,746653
Metz,2026-03-22,Rennes,away,4-2-3-1,True,70,Bouna Sarr,AM-R,7,746653
Metz,2026-03-22,Rennes,away,4-2-3-1,False,4,Urie-Michel Mboula,SUB,0,746653
Metz,2026-03-22,Rennes,away,4-2-3-1,False,19,Lucas Michel,SUB,0,746653
Metz,2026-03-22,Rennes,away,4-2-3-1,False,9,Giorgi Abuashvili,SUB,0,746653
Metz,2026-03-22,Rennes,away,4-2-3-1,False,11,Giorgi Kvilitaia,SUB,0,746653
Metz,2026-03-22,Rennes,away,4-2-3-1,False,34,Nathan Mbala,SUB,0,746653
Metz,2026-03-22,Rennes,away,4-2-3-1,False,40,Ousmane Ba,SUB,0,746653
Metz,2026-03-22,Rennes,away,4-2-3-1,False,33,Believe Munongo,SUB,0,746653
Metz,2026-03-22,Rennes,away,4-2-3-1,False,97,Fodé Ballo-Touré,SUB,0,746653
Metz,2026-03-22,Rennes,away,4-2-3-1,False,1,Jonathan Fischer,SUB,0,746653
Strasbourg,2026-04-04,Nice,home,4-2-3-1,True,39,Mike Penders,G,1,746658
Strasbourg,2026-04-04,Nice,home,4-2-3-1,True,6,Ismael Doukoure,CD-L,6,746658
Strasbourg,2026-04-04,Nice,home,4-2-3-1,True,2,Andrew Omobamidele,CD-R,5,746658
Strasbourg,2026-04-04,Nice,home,4-2-3-1,True,3,Ben Chilwell,LB,3,746658
Strasbourg,2026-04-04,Nice,home,4-2-3-1,True,22,Guela Doué,RB,2,746658
Strasbourg,2026-04-04,Nice,home,4-2-3-1,True,11,Sebastian Nanasi,AM,10,746658
Strasbourg,2026-04-04,Nice,home,4-2-3-1,True,8,Maximillian Oyedele,LM,4,746658
Strasbourg,2026-04-04,Nice,home,4-2-3-1,True,29,Samir El Mourabet,RM,8,746658
Strasbourg,2026-04-04,Nice,home,4-2-3-1,True,19,Julio Enciso,F,9,746658
Strasbourg,2026-04-04,Nice,home,4-2-3-1,True,20,Martial Godo,AM-L,11,746658
Strasbourg,2026-04-04,Nice,home,4-2-3-1,True,80,Gessime Yassine,AM-R,7,746658
Strasbourg,2026-04-04,Nice,home,4-2-3-1,False,27,Samuel Amo-Ameyaw,SUB,0,746658
Strasbourg,2026-04-04,Nice,home,4-2-3-1,False,15,David Datro Fofana,SUB,0,746658
Strasbourg,2026-04-04,Nice,home,4-2-3-1,False,10,Emmanuel Emegha,SUB,0,746658
Strasbourg,2026-04-04,Nice,home,4-2-3-1,False,1,Karl-Johan Johnsson,SUB,0,746658
Strasbourg,2026-04-04,Nice,home,4-2-3-1,False,17,Mathis Amougou,SUB,0,746658
Strasbourg,2026-04-04,Nice,home,4-2-3-1,False,83,Rafael Luís,SUB,0,746658
Strasbourg,2026-04-04,Nice,home,4-2-3-1,False,5,Aaron Anselmino,SUB,0,746658
Strasbourg,2026-04-04,Nice,home,4-2-3-1,False,32,Valentín Barco,SUB,0,746658
Strasbourg,2026-04-04,Nice,home,4-2-3-1,False,24,Lucas Høgsberg,SUB,0,746658
Nice,2026-04-04,Strasbourg,away,4-4-2,True,80,Yehvann Diouf,G,1,746658
Nice,2026-04-04,Strasbourg,away,4-4-2,True,28,Juma Bah,CD-L,6,746658
Nice,2026-04-04,Strasbourg,away,4-4-2,True,33,Antoine Mendy,CD-R,5,746658
Nice,2026-04-04,Strasbourg,away,4-4-2,True,26,Melvin Bard,LB,3,746658
Nice,2026-04-04,Strasbourg,away,4-4-2,True,92,Jonathan Clauss,RB,2,746658
Nice,2026-04-04,Strasbourg,away,4-4-2,True,6,Hicham Boudaoui,CM-L,8,746658
Nice,2026-04-04,Strasbourg,away,4-4-2,True,8,Morgan Sanson,CM-R,4,746658
Nice,2026-04-04,Strasbourg,away,4-4-2,True,10,Sofiane Diop,LM,11,746658
Nice,2026-04-04,Strasbourg,away,4-4-2,True,20,Tom Louchet,RM,7,746658
Nice,2026-04-04,Strasbourg,away,4-4-2,True,11,Elye Wahi,CF-L,9,746658
Nice,2026-04-04,Strasbourg,away,4-4-2,True,21,Isak Jansson,CF-R,10,746658
Nice,2026-04-04,Strasbourg,away,4-4-2,False,99,Salis Abdul Samed,SUB,0,746658
Nice,2026-04-04,Strasbourg,away,4-4-2,False,32,Kail Boudache,SUB,0,746658
Nice,2026-04-04,Strasbourg,away,4-4-2,False,25,Mohamed-Ali Cho,SUB,0,746658
Nice,2026-04-04,Strasbourg,away,4-4-2,False,2,Ali Abdi,SUB,0,746658
Nice,2026-04-04,Strasbourg,away,4-4-2,False,4,Dante,SUB,0,746658
Nice,2026-04-04,Strasbourg,away,4-4-2,False,31,Maxime Dupé,SUB,0,746658
Nice,2026-04-04,Strasbourg,away,4-4-2,False,22,Tanguy Ndombele,SUB,0,746658
Nice,2026-04-04,Strasbourg,away,4-4-2,False,24,Charles Vanhoutte,SUB,0,746658
Nice,2026-04-04,Strasbourg,away,4-4-2,False,23,Gabin Bernardeau,SUB,0,746658
Lyon,2026-03-22,Monaco,home,4-2-3-1,True,1,Dominik Greif,G,1,746648
Lyon,2026-03-22,Monaco,home,4-2-3-1,True,19,Moussa Niakhaté,CD-L,6,746648
Lyon,2026-03-22,Monaco,home,4-2-3-1,True,22,Clinton Mata,CD-R,5,746648
Lyon,2026-03-22,Monaco,home,4-2-3-1,True,3,Nicolás Tagliafico,LB,3,746648
Lyon,2026-03-22,Monaco,home,4-2-3-1,True,33,Hans Hateboer,RB,2,746648
Lyon,2026-03-22,Monaco,home,4-2-3-1,True,44,Khalis Merah,AM,10,746648
Lyon,2026-03-22,Monaco,home,4-2-3-1,True,8,Corentin Tolisso,LM,4,746648
Lyon,2026-03-22,Monaco,home,4-2-3-1,True,5,Orel Mangala,RM,8,746648
Lyon,2026-03-22,Monaco,home,4-2-3-1,True,10,Pavel Sulc,F,9,746648
Lyon,2026-03-22,Monaco,home,4-2-3-1,True,17,Afonso Moreira,AM-L,11,746648
Lyon,2026-03-22,Monaco,home,4-2-3-1,True,9,Endrick,AM-R,7,746648
Lyon,2026-03-22,Monaco,home,4-2-3-1,False,7,Adam Karabec,SUB,0,746648
Lyon,2026-03-22,Monaco,home,4-2-3-1,False,18,Rachid Ghezzal,SUB,0,746648
Lyon,2026-03-22,Monaco,home,4-2-3-1,False,34,Steeve Kango,SUB,0,746648
Lyon,2026-03-22,Monaco,home,4-2-3-1,False,39,Mathys De Carvalho,SUB,0,746648
Lyon,2026-03-22,Monaco,home,4-2-3-1,False,99,Noah Nartey,SUB,0,746648
Lyon,2026-03-22,Monaco,home,4-2-3-1,False,40,Rémy Descamps,SUB,0,746648
Lyon,2026-03-22,Monaco,home,4-2-3-1,False,11,Malick Fofana,SUB,0,746648
Lyon,2026-03-22,Monaco,home,4-2-3-1,False,6,Tanner Tessmann,SUB,0,746648
Lyon,2026-03-22,Monaco,home,4-2-3-1,False,16,Abner,SUB,0,746648
Monaco,2026-03-22,Lyon,away,3-4-1-2,True,1,Lukas Hradecky,G,1,746648
Monaco,2026-03-22,Lyon,away,3-4-1-2,True,6,Denis Zakaria,CD,5,746648
Monaco,2026-03-22,Lyon,away,3-4-1-2,True,25,Wout Faes,CD-L,4,746648
Monaco,2026-03-22,Lyon,away,3-4-1-2,True,5,Thilo Kehrer,CD-R,6,746648
Monaco,2026-03-22,Lyon,away,3-4-1-2,True,23,Aladji Bamba,CM-L,8,746648
Monaco,2026-03-22,Lyon,away,3-4-1-2,True,15,Lamine Camara,CM-R,7,746648
Monaco,2026-03-22,Lyon,away,3-4-1-2,True,10,Aleksandr Golovin,AM,9,746648
Monaco,2026-03-22,Lyon,away,3-4-1-2,True,24,Simon Adingra,LM,3,746648
Monaco,2026-03-22,Lyon,away,3-4-1-2,True,4,Jordan Teze,RM,2,746648
Monaco,2026-03-22,Lyon,away,3-4-1-2,True,9,Folarin Balogun,CF-L,11,746648
Monaco,2026-03-22,Lyon,away,3-4-1-2,True,11,Maghnes Akliouche,CF-R,10,746648
Monaco,2026-03-22,Lyon,away,3-4-1-2,False,28,Mamadou Coulibaly,SUB,0,746648
Monaco,2026-03-22,Lyon,away,3-4-1-2,False,14,Mika Biereth,SUB,0,746648
Monaco,2026-03-22,Lyon,away,3-4-1-2,False,27,Krépin Diatta,SUB,0,746648
Monaco,2026-03-22,Lyon,away,3-4-1-2,False,3,Eric Dier,SUB,0,746648
Monaco,2026-03-22,Lyon,away,3-4-1-2,False,17,Stanis Idumbo,SUB,0,746648
Monaco,2026-03-22,Lyon,away,3-4-1-2,False,20,Kassoum Ouattara,SUB,0,746648
Monaco,2026-03-22,Lyon,away,3-4-1-2,False,31,Ansu Fati,SUB,0,746648
Monaco,2026-03-22,Lyon,away,3-4-1-2,False,13,Christian Mawissa,SUB,0,746648
Monaco,2026-03-22,Lyon,away,3-4-1-2,False,16,Philipp Köhn,SUB,0,746648
Brest,2026-04-04,Rennes,home,4-2-3-1,True,30,Grégoire Coudert,G,1,746656
Brest,2026-04-04,Rennes,home,4-2-3-1,True,4,Michel Diaz,CD-L,6,746656
Brest,2026-04-04,Rennes,home,4-2-3-1,True,5,Brendan Chardonnet,CD-R,5,746656
Brest,2026-04-04,Rennes,home,4-2-3-1,True,2,Bradley Locko,LB,3,746656
Brest,2026-04-04,Rennes,home,4-2-3-1,True,77,Kenny Lala,RB,2,746656
Brest,2026-04-04,Rennes,home,4-2-3-1,True,7,Junior Dina Ebimbe,AM,10,746656
Brest,2026-04-04,Rennes,home,4-2-3-1,True,8,Hugo Magnetti,LM,4,746656
Brest,2026-04-04,Rennes,home,4-2-3-1,True,13,Joris Chotard,RM,8,746656
Brest,2026-04-04,Rennes,home,4-2-3-1,True,19,Ludovic Ajorque,F,9,746656
Brest,2026-04-04,Rennes,home,4-2-3-1,True,14,Remy Labeau Lascary,AM-L,11,746656
Brest,2026-04-04,Rennes,home,4-2-3-1,True,10,Romain Del Castillo,AM-R,7,746656
Brest,2026-04-04,Rennes,home,4-2-3-1,False,12,Luc Zogbe,SUB,0,746656
Brest,2026-04-04,Rennes,home,4-2-3-1,False,1,Radoslaw Majecki,SUB,0,746656
Brest,2026-04-04,Rennes,home,4-2-3-1,False,29,Serigne Diop,SUB,0,746656
Brest,2026-04-04,Rennes,home,4-2-3-1,False,33,Hamidou Makalou,SUB,0,746656
Brest,2026-04-04,Rennes,home,4-2-3-1,False,99,Pathé Mboup,SUB,0,746656
Brest,2026-04-04,Rennes,home,4-2-3-1,False,44,Soumaila Coulibaly,SUB,0,746656
Brest,2026-04-04,Rennes,home,4-2-3-1,False,71,Raphaël Le Guen,SUB,0,746656
Brest,2026-04-04,Rennes,home,4-2-3-1,False,27,Daouda Guindo,SUB,0,746656
Brest,2026-04-04,Rennes,home,4-2-3-1,False,24,Lucas Tousart,SUB,0,746656
Rennes,2026-04-04,Brest,away,4-4-2,True,30,Brice Samba,G,1,746656
Rennes,2026-04-04,Brest,away,4-4-2,True,3,Lilian Brassier,CD-L,6,746656
Rennes,2026-04-04,Brest,away,4-4-2,True,48,Abdelhamid Aït Boudlal,CD-R,5,746656
Rennes,2026-04-04,Brest,away,4-4-2,True,26,Quentin Merlin,LB,3,746656
Rennes,2026-04-04,Brest,away,4-4-2,True,36,Alidu Seidu,RB,2,746656
Rennes,2026-04-04,Brest,away,4-4-2,True,45,Mahdi Camara,CM-L,8,746656
Rennes,2026-04-04,Brest,away,4-4-2,True,21,Valentin Rongier,CM-R,4,746656
Rennes,2026-04-04,Brest,away,4-4-2,True,11,Mousa Al-Tamari,LM,11,746656
Rennes,2026-04-04,Brest,away,4-4-2,True,10,Ludovic Blas,RM,7,746656
Rennes,2026-04-04,Brest,away,4-4-2,True,7,Breel Embolo,CF-L,9,746656
Rennes,2026-04-04,Brest,away,4-4-2,True,9,Esteban Lepaul,CF-R,10,746656
Rennes,2026-04-04,Brest,away,4-4-2,False,65,Nordan Mukiele,SUB,0,746656
Rennes,2026-04-04,Brest,away,4-4-2,False,6,Djaoui Cissé,SUB,0,746656
Rennes,2026-04-04,Brest,away,4-4-2,False,50,Mathys Silistre,SUB,0,746656
Rennes,2026-04-04,Brest,away,4-4-2,False,67,Isiaka Soukouna,SUB,0,746656
Rennes,2026-04-04,Brest,away,4-4-2,False,17,Sebastian Szymanski,SUB,0,746656
Rennes,2026-04-04,Brest,away,4-4-2,False,18,Mahamadou Nagida,SUB,0,746656
Rennes,2026-04-04,Brest,away,4-4-2,False,4,Glen Kamara,SUB,0,746656
Rennes,2026-04-04,Brest,away,4-4-2,False,69,Henrick Do Marcolino,SUB,0,746656
Rennes,2026-04-04,Brest,away,4-4-2,False,77,Yassir Zabiri,SUB,0,746656
Marseille,2026-03-22,Lille,home,4-2-3-1,True,1,Gerónimo Rulli,G,1,746649
Marseille,2026-03-22,Lille,home,4-2-3-1,True,32,Facundo Medina,CD-L,6,746649
Marseille,2026-03-22,Lille,home,4-2-3-1,True,5,Leonardo Balerdi,CD-R,5,746649
Marseille,2026-03-22,Lille,home,4-2-3-1,True,33,Emerson,LB,3,746649
Marseille,2026-03-22,Lille,home,4-2-3-1,True,22,Timothy Weah,RB,2,746649
Marseille,2026-03-22,Lille,home,4-2-3-1,True,27,Quinten Timber,AM,10,746649
Marseille,2026-03-22,Lille,home,4-2-3-1,True,19,Geoffrey Kondogbia,LM,4,746649
Marseille,2026-03-22,Lille,home,4-2-3-1,True,23,Pierre-Emile Højbjerg,RM,8,746649
Marseille,2026-03-22,Lille,home,4-2-3-1,True,17,Pierre-Emerick Aubameyang,F,9,746649
Marseille,2026-03-22,Lille,home,4-2-3-1,True,14,Igor Paixão,AM-L,11,746649
Marseille,2026-03-22,Lille,home,4-2-3-1,True,10,Mason Greenwood,AM-R,7,746649
Marseille,2026-03-22,Lille,home,4-2-3-1,False,26,Bilal Nadir,SUB,0,746649
Marseille,2026-03-22,Lille,home,4-2-3-1,False,11,Ethan Nwaneri,SUB,0,746649
Marseille,2026-03-22,Lille,home,4-2-3-1,False,9,Amine Gouiri,SUB,0,746649
Marseille,2026-03-22,Lille,home,4-2-3-1,False,6,Tochukwu Nnadi,SUB,0,746649
Marseille,2026-03-22,Lille,home,4-2-3-1,False,4,CJ Egan-Riley,SUB,0,746649
Marseille,2026-03-22,Lille,home,4-2-3-1,False,12,Jeffrey de Lange,SUB,0,746649
Marseille,2026-03-22,Lille,home,4-2-3-1,False,28,Benjamin Pavard,SUB,0,746649
Marseille,2026-03-22,Lille,home,4-2-3-1,False,8,Himad Abdelli,SUB,0,746649
Marseille,2026-03-22,Lille,home,4-2-3-1,False,20,Hamed Traoré,SUB,0,746649
Lille,2026-03-22,Marseille,away,4-2-3-1,True,1,Berke Özer,G,1,746649
Lille,2026-03-22,Marseille,away,4-2-3-1,True,23,Aïssa Mandi,CD-L,6,746649
Lille,2026-03-22,Marseille,away,4-2-3-1,True,3,Nathan Ngoy,CD-R,5,746649
Lille,2026-03-22,Marseille,away,4-2-3-1,True,24,Calvin Verdonk,LB,3,746649
Lille,2026-03-22,Marseille,away,4-2-3-1,True,12,Thomas Meunier,RB,2,746649
Lille,2026-03-22,Marseille,away,4-2-3-1,True,10,Hákon Haraldsson,AM,10,746649
Lille,2026-03-22,Marseille,away,4-2-3-1,True,32,Ayyoub Bouaddi,LM,4,746649
Lille,2026-03-22,Marseille,away,4-2-3-1,True,6,Nabil Bentaleb,RM,8,746649
Lille,2026-03-22,Marseille,away,4-2-3-1,True,7,Matias Fernandez-Pardo,F,9,746649
Lille,2026-03-22,Marseille,away,4-2-3-1,True,27,Felix Correia,AM-L,11,746649
Lille,2026-03-22,Marseille,away,4-2-3-1,True,17,Ngal'ayel Mukau,AM-R,7,746649
Lille,2026-03-22,Marseille,away,4-2-3-1,False,18,Chancel Mbemba,SUB,0,746649
Lille,2026-03-22,Marseille,away,4-2-3-1,False,9,Olivier Giroud,SUB,0,746649
Lille,2026-03-22,Marseille,away,4-2-3-1,False,35,Soriba Diaoune,SUB,0,746649
Lille,2026-03-22,Marseille,away,4-2-3-1,False,20,Noah Edjouma,SUB,0,746649
Lille,2026-03-22,Marseille,away,4-2-3-1,False,16,Arnaud Bodart,SUB,0,746649
Lille,2026-03-22,Marseille,away,4-2-3-1,False,4,Alexsandro,SUB,0,746649
Lille,2026-03-22,Marseille,away,4-2-3-1,False,14,Marius Broholm,SUB,0,746649
Lille,2026-03-22,Marseille,away,4-2-3-1,False,33,Lilian Baret,SUB,0,746649
Lille,2026-03-22,Marseille,away,4-2-3-1,False,15,Romain Perraud,SUB,0,746649
Angers,2026-04-05,Lyon,home,5-3-2,True,12,Hervé Koffi,G,1,746655
Angers,2026-04-05,Lyon,home,5-3-2,True,4,Ousmane Camara,CD,5,746655
Angers,2026-04-05,Lyon,home,5-3-2,True,21,Jordan Lefort,CD-L,4,746655
Angers,2026-04-05,Lyon,home,5-3-2,True,20,Marius Louãr,CD-R,6,746655
Angers,2026-04-05,Lyon,home,5-3-2,True,3,Jacques Ekomie,LB,3,746655
Angers,2026-04-05,Lyon,home,5-3-2,True,27,Lilian Raolisoa,RB,2,746655
Angers,2026-04-05,Lyon,home,5-3-2,True,8,Branco van den Boomen,CM,8,746655
Angers,2026-04-05,Lyon,home,5-3-2,True,93,Haris Belkebla,CM-L,11,746655
Angers,2026-04-05,Lyon,home,5-3-2,True,14,Yassin Belkhdim,CM-R,7,746655
Angers,2026-04-05,Lyon,home,5-3-2,True,7,Amine Sbaï,CF-L,9,746655
Angers,2026-04-05,Lyon,home,5-3-2,True,36,Lanroy Machine,CF-R,10,746655
Angers,2026-04-05,Lyon,home,5-3-2,False,26,Florent Hanin,SUB,0,746655
Angers,2026-04-05,Lyon,home,5-3-2,False,31,Harouna Djibirin,SUB,0,746655
Angers,2026-04-05,Lyon,home,5-3-2,False,40,Oumar Pona,SUB,0,746655
Angers,2026-04-05,Lyon,home,5-3-2,False,9,Goduine Koyalipou,SUB,0,746655
Angers,2026-04-05,Lyon,home,5-3-2,False,15,Pierrick Capelle,SUB,0,746655
Angers,2026-04-05,Lyon,home,5-3-2,False,6,Louis Mouton,SUB,0,746655
Angers,2026-04-05,Lyon,home,5-3-2,False,42,Maël Gernigon,SUB,0,746655
Angers,2026-04-05,Lyon,home,5-3-2,False,35,Prosper Peter,SUB,0,746655
Angers,2026-04-05,Lyon,home,5-3-2,False,23,Dan Sinaté,SUB,0,746655
Lyon,2026-04-05,Angers,away,4-2-3-1,True,1,Dominik Greif,G,1,746655
Lyon,2026-04-05,Angers,away,4-2-3-1,True,19,Moussa Niakhaté,CD-L,6,746655
Lyon,2026-04-05,Angers,away,4-2-3-1,True,22,Clinton Mata,CD-R,5,746655
Lyon,2026-04-05,Angers,away,4-2-3-1,True,16,Abner,LB,3,746655
Lyon,2026-04-05,Angers,away,4-2-3-1,True,98,Ainsley Maitland-Niles,RB,2,746655
Lyon,2026-04-05,Angers,away,4-2-3-1,True,8,Corentin Tolisso,AM,10,746655
Lyon,2026-04-05,Angers,away,4-2-3-1,True,23,Tyler Morton,LM,4,746655
Lyon,2026-04-05,Angers,away,4-2-3-1,True,6,Tanner Tessmann,RM,8,746655
Lyon,2026-04-05,Angers,away,4-2-3-1,True,10,Pavel Sulc,F,9,746655
Lyon,2026-04-05,Angers,away,4-2-3-1,True,17,Afonso Moreira,AM-L,11,746655
Lyon,2026-04-05,Angers,away,4-2-3-1,True,9,Endrick,AM-R,7,746655
Lyon,2026-04-05,Angers,away,4-2-3-1,False,33,Hans Hateboer,SUB,0,746655
Lyon,2026-04-05,Angers,away,4-2-3-1,False,44,Khalis Merah,SUB,0,746655
Lyon,2026-04-05,Angers,away,4-2-3-1,False,99,Noah Nartey,SUB,0,746655
Lyon,2026-04-05,Angers,away,4-2-3-1,False,7,Adam Karabec,SUB,0,746655
Lyon,2026-04-05,Angers,away,4-2-3-1,False,40,Rémy Descamps,SUB,0,746655
Lyon,2026-04-05,Angers,away,4-2-3-1,False,77,Roman Yaremchuk,SUB,0,746655
Lyon,2026-04-05,Angers,away,4-2-3-1,False,18,Rachid Ghezzal,SUB,0,746655
Lyon,2026-04-05,Angers,away,4-2-3-1,False,34,Steeve Kango,SUB,0,746655
Lyon,2026-04-05,Angers,away,4-2-3-1,False,5,Orel Mangala,SUB,0,746655
Nantes,2026-03-22,Strasbourg,home,4-1-4-1,True,1,Anthony Lopes,G,1,746650
Nantes,2026-03-22,Strasbourg,home,4-1-4-1,True,78,Tylel Tati,CD-L,6,746650
Nantes,2026-03-22,Strasbourg,home,4-1-4-1,True,6,Chidozie Awaziem,CD-R,5,746650
Nantes,2026-03-22,Strasbourg,home,4-1-4-1,True,28,Ibrahima Sissoko,DM,4,746650
Nantes,2026-03-22,Strasbourg,home,4-1-4-1,True,3,Nicolas Cozza,LB,3,746650
Nantes,2026-03-22,Strasbourg,home,4-1-4-1,True,98,Kelvin Amian,RB,2,746650
Nantes,2026-03-22,Strasbourg,home,4-1-4-1,True,8,Johann Lepenant,CM-L,10,746650
Nantes,2026-03-22,Strasbourg,home,4-1-4-1,True,21,Mohamed Kaba,CM-R,8,746650
Nantes,2026-03-22,Strasbourg,home,4-1-4-1,True,10,Matthis Abline,LM,11,746650
Nantes,2026-03-22,Strasbourg,home,4-1-4-1,True,17,Dehmaine Tabibou,RM,7,746650
Nantes,2026-03-22,Strasbourg,home,4-1-4-1,True,37,Ignatius Ganago,F,9,746650
Nantes,2026-03-22,Strasbourg,home,4-1-4-1,False,19,Youssef El Arabi,SUB,0,746650
Nantes,2026-03-22,Strasbourg,home,4-1-4-1,False,27,Deiver Machado,SUB,0,746650
Nantes,2026-03-22,Strasbourg,home,4-1-4-1,False,30,Patrick Carlgren,SUB,0,746650
Nantes,2026-03-22,Strasbourg,home,4-1-4-1,False,20,Rémy Cabella,SUB,0,746650
Nantes,2026-03-22,Strasbourg,home,4-1-4-1,False,24,Frédéric Guilbert,SUB,0,746650
Nantes,2026-03-22,Strasbourg,home,4-1-4-1,False,11,Bahereba Guirassy,SUB,0,746650
Nantes,2026-03-22,Strasbourg,home,4-1-4-1,False,31,Mostafa Mohamed,SUB,0,746650
Nantes,2026-03-22,Strasbourg,home,4-1-4-1,False,66,Louis Leroux,SUB,0,746650
Nantes,2026-03-22,Strasbourg,home,4-1-4-1,False,2,Ali Almusrat,SUB,0,746650
Strasbourg,2026-03-22,Nantes,away,4-2-3-1,True,39,Mike Penders,G,1,746650
Strasbourg,2026-03-22,Nantes,away,4-2-3-1,True,2,Andrew Omobamidele,CD-L,6,746650
Strasbourg,2026-03-22,Nantes,away,4-2-3-1,True,6,Ismael Doukoure,CD-R,5,746650
Strasbourg,2026-03-22,Nantes,away,4-2-3-1,True,24,Lucas Høgsberg,LB,3,746650
Strasbourg,2026-03-22,Nantes,away,4-2-3-1,True,22,Guela Doué,RB,2,746650
Strasbourg,2026-03-22,Nantes,away,4-2-3-1,True,11,Sebastian Nanasi,AM,10,746650
Strasbourg,2026-03-22,Nantes,away,4-2-3-1,True,8,Maximillian Oyedele,LM,4,746650
Strasbourg,2026-03-22,Nantes,away,4-2-3-1,True,32,Valentín Barco,RM,8,746650
Strasbourg,2026-03-22,Nantes,away,4-2-3-1,True,15,David Datro Fofana,F,9,746650
Strasbourg,2026-03-22,Nantes,away,4-2-3-1,True,20,Martial Godo,AM-L,11,746650
Strasbourg,2026-03-22,Nantes,away,4-2-3-1,True,27,Samuel Amo-Ameyaw,AM-R,7,746650
Strasbourg,2026-03-22,Nantes,away,4-2-3-1,False,19,Julio Enciso,SUB,0,746650
Strasbourg,2026-03-22,Nantes,away,4-2-3-1,False,1,Karl-Johan Johnsson,SUB,0,746650
Strasbourg,2026-03-22,Nantes,away,4-2-3-1,False,33,Amadou Cissé,SUB,0,746650
Strasbourg,2026-03-22,Nantes,away,4-2-3-1,False,80,Gessime Yassine,SUB,0,746650
Strasbourg,2026-03-22,Nantes,away,4-2-3-1,False,29,Samir El Mourabet,SUB,0,746650
Strasbourg,2026-03-22,Nantes,away,4-2-3-1,False,17,Mathis Amougou,SUB,0,746650
Strasbourg,2026-03-22,Nantes,away,4-2-3-1,False,9,Joaquín Panichelli,SUB,0,746650
Strasbourg,2026-03-22,Nantes,away,4-2-3-1,False,42,Abdoul Ouattara,SUB,0,746650
Strasbourg,2026-03-22,Nantes,away,4-2-3-1,False,83,Rafael Luís,SUB,0,746650
Metz,2026-04-05,Nantes,home,4-2-3-1,True,61,Pape Sy,G,1,746660
Metz,2026-04-05,Nantes,home,4-2-3-1,True,4,Urie-Michel Mboula,CD-L,6,746660
Metz,2026-04-05,Nantes,home,4-2-3-1,True,38,Sadibou Sané,CD-R,5,746660
Metz,2026-04-05,Nantes,home,4-2-3-1,True,2,Maxime Colin,LB,3,746660
Metz,2026-04-05,Nantes,home,4-2-3-1,True,39,Koffi Kouao,RB,2,746660
Metz,2026-04-05,Nantes,home,4-2-3-1,True,10,Gauthier Hein,AM,10,746660
Metz,2026-04-05,Nantes,home,4-2-3-1,True,20,Jessy Deminguet,LM,4,746660
Metz,2026-04-05,Nantes,home,4-2-3-1,True,5,Jean-Philippe Gbamin,RM,8,746660
Metz,2026-04-05,Nantes,home,4-2-3-1,True,30,Habib Diallo,F,9,746660
Metz,2026-04-05,Nantes,home,4-2-3-1,True,7,Giorgi Tsitaishvili,AM-L,11,746660
Metz,2026-04-05,Nantes,home,4-2-3-1,True,70,Bouna Sarr,AM-R,7,746660
Metz,2026-04-05,Nantes,home,4-2-3-1,False,11,Giorgi Kvilitaia,SUB,0,746660
Metz,2026-04-05,Nantes,home,4-2-3-1,False,33,Believe Munongo,SUB,0,746660
Metz,2026-04-05,Nantes,home,4-2-3-1,False,97,Fodé Ballo-Touré,SUB,0,746660
Metz,2026-04-05,Nantes,home,4-2-3-1,False,15,Terry Yegbe,SUB,0,746660
Metz,2026-04-05,Nantes,home,4-2-3-1,False,9,Giorgi Abuashvili,SUB,0,746660
Metz,2026-04-05,Nantes,home,4-2-3-1,False,1,Jonathan Fischer,SUB,0,746660
Metz,2026-04-05,Nantes,home,4-2-3-1,False,34,Nathan Mbala,SUB,0,746660
Metz,2026-04-05,Nantes,home,4-2-3-1,False,3,Moustapha Diop,SUB,0,746660
Metz,2026-04-05,Nantes,home,4-2-3-1,False,19,Lucas Michel,SUB,0,746660
Nantes,2026-04-05,Metz,away,4-1-4-1,True,1,Anthony Lopes,G,1,746660
Nantes,2026-04-05,Metz,away,4-1-4-1,True,78,Tylel Tati,CD-L,6,746660
Nantes,2026-04-05,Metz,away,4-1-4-1,True,6,Chidozie Awaziem,CD-R,5,746660
Nantes,2026-04-05,Metz,away,4-1-4-1,True,13,Francis Coquelin,DM,4,746660
Nantes,2026-04-05,Metz,away,4-1-4-1,True,3,Nicolas Cozza,LB,3,746660
Nantes,2026-04-05,Metz,away,4-1-4-1,True,24,Frédéric Guilbert,RB,2,746660
Nantes,2026-04-05,Metz,away,4-1-4-1,True,8,Johann Lepenant,CM-L,10,746660
Nantes,2026-04-05,Metz,away,4-1-4-1,True,21,Mohamed Kaba,CM-R,8,746660
Nantes,2026-04-05,Metz,away,4-1-4-1,True,10,Matthis Abline,LM,11,746660
Nantes,2026-04-05,Metz,away,4-1-4-1,True,18,Fabien Centonze,RM,7,746660
Nantes,2026-04-05,Metz,away,4-1-4-1,True,37,Ignatius Ganago,F,9,746660
Nantes,2026-04-05,Metz,away,4-1-4-1,False,28,Ibrahima Sissoko,SUB,0,746660
Nantes,2026-04-05,Metz,away,4-1-4-1,False,19,Youssef El Arabi,SUB,0,746660
Nantes,2026-04-05,Metz,away,4-1-4-1,False,11,Bahereba Guirassy,SUB,0,746660
Nantes,2026-04-05,Metz,away,4-1-4-1,False,27,Deiver Machado,SUB,0,746660
Nantes,2026-04-05,Metz,away,4-1-4-1,False,30,Patrick Carlgren,SUB,0,746660
Nantes,2026-04-05,Metz,away,4-1-4-1,False,20,Rémy Cabella,SUB,0,746660
Nantes,2026-04-05,Metz,away,4-1-4-1,False,31,Mostafa Mohamed,SUB,0,746660
Nantes,2026-04-05,Metz,away,4-1-4-1,False,2,Ali Almusrat,SUB,0,746660
Nantes,2026-04-05,Metz,away,4-1-4-1,False,98,Kelvin Amian,SUB,0,746660
PSG,2026-04-03,Toulouse,home,4-3-3,True,39,Matvei Safonov,G,1,746662
PSG,2026-04-03,Toulouse,home,4-3-3,True,51,Willian Pacho,CD-L,6,746662
PSG,2026-04-03,Toulouse,home,4-3-3,True,6,Illia Zabarnyi,CD-R,5,746662
PSG,2026-04-03,Toulouse,home,4-3-3,True,21,Lucas Hernández,LB,3,746662
PSG,2026-04-03,Toulouse,home,4-3-3,True,2,Achraf Hakimi,RB,2,746662
PSG,2026-04-03,Toulouse,home,4-3-3,True,4,Lucas Beraldo,CM,4,746662
PSG,2026-04-03,Toulouse,home,4-3-3,True,14,Désiré Doué,LM,8,746662
PSG,2026-04-03,Toulouse,home,4-3-3,True,33,Warren Zaïre-Emery,RM,7,746662
PSG,2026-04-03,Toulouse,home,4-3-3,True,10,Ousmane Dembélé,F,9,746662
PSG,2026-04-03,Toulouse,home,4-3-3,True,7,Khvicha Kvaratskhelia,LF,11,746662
PSG,2026-04-03,Toulouse,home,4-3-3,True,19,Lee Kang-In,RF,10,746662
PSG,2026-04-03,Toulouse,home,4-3-3,False,30,Lucas Chevalier,SUB,0,746662
PSG,2026-04-03,Toulouse,home,4-3-3,False,17,Vitinha,SUB,0,746662
PSG,2026-04-03,Toulouse,home,4-3-3,False,27,Dro Fernández,SUB,0,746662
PSG,2026-04-03,Toulouse,home,4-3-3,False,89,Renato Marin,SUB,0,746662
PSG,2026-04-03,Toulouse,home,4-3-3,False,87,João Neves,SUB,0,746662
PSG,2026-04-03,Toulouse,home,4-3-3,False,9,Gonçalo Ramos,SUB,0,746662
PSG,2026-04-03,Toulouse,home,4-3-3,False,49,Ibrahim Mbaye,SUB,0,746662
PSG,2026-04-03,Toulouse,home,4-3-3,False,5,Marquinhos,SUB,0,746662
PSG,2026-04-03,Toulouse,home,4-3-3,False,25,Nuno Mendes,SUB,0,746662
Toulouse,2026-04-03,PSG,away,3-4-2-1,True,1,Guillaume Restes,G,1,746662
Toulouse,2026-04-03,PSG,away,3-4-2-1,True,35,Seny Koumbassa,CD,5,746662
Toulouse,2026-04-03,PSG,away,3-4-2-1,True,2,Rasmus Nicolaisen,CD-L,4,746662
Toulouse,2026-04-03,PSG,away,3-4-2-1,True,3,Mark McKenzie,CD-R,6,746662
Toulouse,2026-04-03,PSG,away,3-4-2-1,True,18,Pape Diop,CM-L,8,746662
Toulouse,2026-04-03,PSG,away,3-4-2-1,True,23,Cristian Cásseres Jr.,CM-R,7,746662
Toulouse,2026-04-03,PSG,away,3-4-2-1,True,24,Dayann Methalie,LM,3,746662
Toulouse,2026-04-03,PSG,away,3-4-2-1,True,19,Djibril Sidibé,RM,2,746662
Toulouse,2026-04-03,PSG,away,3-4-2-1,True,20,Emersonn,F,9,746662
Toulouse,2026-04-03,PSG,away,3-4-2-1,True,10,Yann Gboho,CF-L,11,746662
Toulouse,2026-04-03,PSG,away,3-4-2-1,True,15,Aron Donnum,CF-R,10,746662
Toulouse,2026-04-03,PSG,away,3-4-2-1,False,45,Alexis Vossah,SUB,0,746662
Toulouse,2026-04-03,PSG,away,3-4-2-1,False,7,Julián Vignolo,SUB,0,746662
Toulouse,2026-04-03,PSG,away,3-4-2-1,False,37,Ilyas Azizi,SUB,0,746662
Toulouse,2026-04-03,PSG,away,3-4-2-1,False,40,Naime Said Mchindra,SUB,0,746662
Toulouse,2026-04-03,PSG,away,3-4-2-1,False,16,Kjetil Haug,SUB,0,746662
Toulouse,2026-04-03,PSG,away,3-4-2-1,False,77,Mario Sauer,SUB,0,746662
Toulouse,2026-04-03,PSG,away,3-4-2-1,False,44,Gaetan Bakhouche,SUB,0,746662
Toulouse,2026-04-03,PSG,away,3-4-2-1,False,12,Waren Kamanzi,SUB,0,746662
Toulouse,2026-04-03,PSG,away,3-4-2-1,False,13,Jacen Russell-Rowe,SUB,0,746662
Paris FC,2026-03-22,Le Havre,home,4-3-3,True,35,Kevin Trapp,G,1,746652
Paris FC,2026-03-22,Le Havre,home,4-3-3,True,5,Moustapha Mbow,CD-L,6,746652
Paris FC,2026-03-22,Le Havre,home,4-3-3,True,42,Diego Coppola,CD-R,5,746652
Paris FC,2026-03-22,Le Havre,home,4-3-3,True,19,Nhoa Sangui,LB,3,746652
Paris FC,2026-03-22,Le Havre,home,4-3-3,True,17,Adama Camara,RB,2,746652
Paris FC,2026-03-22,Le Havre,home,4-3-3,True,33,Pierre Lees-Melou,CM,4,746652
Paris FC,2026-03-22,Le Havre,home,4-3-3,True,23,Rudy Matondo,LM,8,746652
Paris FC,2026-03-22,Le Havre,home,4-3-3,True,18,Marshall Munetsi,RM,7,746652
Paris FC,2026-03-22,Le Havre,home,4-3-3,True,36,Ciro Immobile,F,9,746652
Paris FC,2026-03-22,Le Havre,home,4-3-3,True,27,Moses Simon,LF,11,746652
Paris FC,2026-03-22,Le Havre,home,4-3-3,True,93,Jonathan Ikoné,RF,10,746652
Paris FC,2026-03-22,Le Havre,home,4-3-3,False,7,Alimani Gory,SUB,0,746652
Paris FC,2026-03-22,Le Havre,home,4-3-3,False,13,Mathieu Cafaro,SUB,0,746652
Paris FC,2026-03-22,Le Havre,home,4-3-3,False,21,Maxime López,SUB,0,746652
Paris FC,2026-03-22,Le Havre,home,4-3-3,False,9,Willem Geubbels,SUB,0,746652
Paris FC,2026-03-22,Le Havre,home,4-3-3,False,28,Thibault De Smet,SUB,0,746652
Paris FC,2026-03-22,Le Havre,home,4-3-3,False,15,Timothée Kolodziejczak,SUB,0,746652
Paris FC,2026-03-22,Le Havre,home,4-3-3,False,6,Otavio,SUB,0,746652
Paris FC,2026-03-22,Le Havre,home,4-3-3,False,24,Luca Koleosho,SUB,0,746652
Paris FC,2026-03-22,Le Havre,home,4-3-3,False,16,Obed Nkambadio,SUB,0,746652
Le Havre,2026-03-22,Paris FC,away,4-1-3-2,False,13,Fodé Doucouré,,0,746652
Le Havre,2026-03-22,Paris FC,away,4-1-3-2,False,8,Yassine Kechta,,0,746652
Le Havre,2026-03-22,Paris FC,away,4-1-3-2,False,11,Godson Kyeremeh,,0,746652
Le Havre,2026-03-22,Paris FC,away,4-1-3-2,False,77,Lionel Mpasi,,0,746652
Le Havre,2026-03-22,Paris FC,away,4-1-3-2,False,32,Timothee Pembélé,,0,746652
Le Havre,2026-03-22,Paris FC,away,4-1-3-2,False,25,Mbwana Samatta,,0,746652
Le Havre,2026-03-22,Paris FC,away,4-1-3-2,False,20,Noam Obougou,,0,746652
Le Havre,2026-03-22,Paris FC,away,4-1-3-2,False,78,Daren Mosengo,,0,746652
Le Havre,2026-03-22,Paris FC,away,4-1-3-2,False,30,Reda Khadra,,0,746652
Le Havre,2026-03-22,Paris FC,away,4-1-3-2,True,99,Mory Diaw,G,1,746652
Le Havre,2026-03-22,Paris FC,away,4-1-3-2,True,15,Ayumu Seko,CD-L,6,746652
Le Havre,2026-03-22,Paris FC,away,4-1-3-2,True,93,Arouna Sangante,CD-R,5,746652
Le Havre,2026-03-22,Paris FC,away,4-1-3-2,True,19,Lucas Gourna-Douath,SW,4,746652
Le Havre,2026-03-22,Paris FC,away,4-1-3-2,True,27,Enzo Koffi,LB,3,746652
Le Havre,2026-03-22,Paris FC,away,4-1-3-2,True,7,Loïc Négo,RB,2,746652
Le Havre,2026-03-22,Paris FC,away,4-1-3-2,True,17,Sofiane Boufal,CM,8,746652
Le Havre,2026-03-22,Paris FC,away,4-1-3-2,True,14,Rassoul Ndiaye,LM,11,746652
Le Havre,2026-03-22,Paris FC,away,4-1-3-2,True,26,Simon Ebonog,RM,7,746652
Le Havre,2026-03-22,Paris FC,away,4-1-3-2,True,45,Issa Soumaré,CF-L,10,746652
Le Havre,2026-03-22,Paris FC,away,4-1-3-2,True,10,Félix Mambimbi,CF-R,9,746652
Le Havre,2026-04-05,Auxerre,home,3-4-3,True,99,Mory Diaw,G,1,746657
Le Havre,2026-04-05,Auxerre,home,3-4-3,True,15,Ayumu Seko,CD,5,746657
Le Havre,2026-04-05,Auxerre,home,3-4-3,True,4,Gautier Lloris,CD-L,4,746657
Le Havre,2026-04-05,Auxerre,home,3-4-3,True,93,Arouna Sangante,CD-R,6,746657
Le Havre,2026-04-05,Auxerre,home,3-4-3,True,26,Simon Ebonog,CM-L,8,746657
Le Havre,2026-04-05,Auxerre,home,3-4-3,True,19,Lucas Gourna-Douath,CM-R,7,746657
Le Havre,2026-04-05,Auxerre,home,3-4-3,True,18,Yanis Zouaoui,LM,3,746657
Le Havre,2026-04-05,Auxerre,home,3-4-3,True,7,Loïc Négo,RM,2,746657
Le Havre,2026-04-05,Auxerre,home,3-4-3,True,45,Issa Soumaré,F,9,746657
Le Havre,2026-04-05,Auxerre,home,3-4-3,True,17,Sofiane Boufal,CF-L,11,746657
Le Havre,2026-04-05,Auxerre,home,3-4-3,True,14,Rassoul Ndiaye,CF-R,10,746657
Le Havre,2026-04-05,Auxerre,home,3-4-3,False,30,Reda Khadra,SUB,0,746657
Le Havre,2026-04-05,Auxerre,home,3-4-3,False,50,Paul Argney,SUB,0,746657
Le Havre,2026-04-05,Auxerre,home,3-4-3,False,8,Yassine Kechta,SUB,0,746657
Le Havre,2026-04-05,Auxerre,home,3-4-3,False,32,Timothee Pembélé,SUB,0,746657
Le Havre,2026-04-05,Auxerre,home,3-4-3,False,11,Godson Kyeremeh,SUB,0,746657
Le Havre,2026-04-05,Auxerre,home,3-4-3,False,78,Daren Mosengo,SUB,0,746657
Le Havre,2026-04-05,Auxerre,home,3-4-3,False,29,Stephan Zagadou,SUB,0,746657
Le Havre,2026-04-05,Auxerre,home,3-4-3,False,13,Fodé Doucouré,SUB,0,746657
Le Havre,2026-04-05,Auxerre,home,3-4-3,False,25,Mbwana Samatta,SUB,0,746657
Auxerre,2026-04-05,Le Havre,away,4-2-3-1,True,40,Théo De Percin,G,1,746657
Auxerre,2026-04-05,Le Havre,away,4-2-3-1,True,24,Bryan Okoh,CD-L,6,746657
Auxerre,2026-04-05,Le Havre,away,4-2-3-1,True,20,Sinaly Diomande,CD-R,5,746657
Auxerre,2026-04-05,Le Havre,away,4-2-3-1,True,14,Gideon Mensah,LB,3,746657
Auxerre,2026-04-05,Le Havre,away,4-2-3-1,True,27,Lamine Sy,RB,2,746657
Auxerre,2026-04-05,Le Havre,away,4-2-3-1,True,19,Danny Namaso,AM,10,746657
Auxerre,2026-04-05,Le Havre,away,4-2-3-1,True,5,Kévin Danois,LM,4,746657
Auxerre,2026-04-05,Le Havre,away,4-2-3-1,True,42,Elisha Owusu,RM,8,746657
Auxerre,2026-04-05,Le Havre,away,4-2-3-1,True,10,Lassine Sinayoko,F,9,746657
Auxerre,2026-04-05,Le Havre,away,4-2-3-1,True,22,Fredrik Oppegard,AM-L,11,746657
Auxerre,2026-04-05,Le Havre,away,4-2-3-1,True,28,Romain Faivre,AM-R,7,746657
Auxerre,2026-04-05,Le Havre,away,4-2-3-1,False,7,Josué Casimir,SUB,0,746657
Auxerre,2026-04-05,Le Havre,away,4-2-3-1,False,92,Clément Akpa,SUB,0,746657
Auxerre,2026-04-05,Le Havre,away,4-2-3-1,False,9,Sékou Mara,SUB,0,746657
Auxerre,2026-04-05,Le Havre,away,4-2-3-1,False,13,Telli Siwe,SUB,0,746657
Auxerre,2026-04-05,Le Havre,away,4-2-3-1,False,29,Marvin Senaya,SUB,0,746657
Auxerre,2026-04-05,Le Havre,away,4-2-3-1,False,8,Naouirou Ahamada,SUB,0,746657
Auxerre,2026-04-05,Le Havre,away,4-2-3-1,False,4,Francisco Sierralta,SUB,0,746657
Auxerre,2026-04-05,Le Havre,away,4-2-3-1,False,18,Assane Dioussé,SUB,0,746657
Auxerre,2026-04-05,Le Havre,away,4-2-3-1,False,30,Tom Negrel,SUB,0,746657
Lorient,2026-04-05,Paris FC,home,3-4-2-1,True,38,Yvon Mvogo,G,1,746663
Lorient,2026-04-05,Paris FC,home,3-4-2-1,True,3,Montassar Talbi,CD,5,746663
Lorient,2026-04-05,Paris FC,home,3-4-2-1,True,25,Abdoulaye Faye,CD-L,4,746663
Lorient,2026-04-05,Paris FC,home,3-4-2-1,True,5,Bamo Meïté,CD-R,6,746663
Lorient,2026-04-05,Paris FC,home,3-4-2-1,True,62,Arthur Avom,CM-L,8,746663
Lorient,2026-04-05,Paris FC,home,3-4-2-1,True,8,Noah Cadiou,CM-R,7,746663
Lorient,2026-04-05,Paris FC,home,3-4-2-1,True,43,Arsène Kouassi,LM,3,746663
Lorient,2026-04-05,Paris FC,home,3-4-2-1,True,11,Théo Le Bris,RM,2,746663
Lorient,2026-04-05,Paris FC,home,3-4-2-1,True,12,Bamba Dieng,F,9,746663
Lorient,2026-04-05,Paris FC,home,3-4-2-1,True,10,Pablo Pagis,CF-L,11,746663
Lorient,2026-04-05,Paris FC,home,3-4-2-1,True,17,Jean-Victor Makengo,CF-R,10,746663
Lorient,2026-04-05,Paris FC,home,3-4-2-1,False,44,Darlin Yongwa,SUB,0,746663
Lorient,2026-04-05,Paris FC,home,3-4-2-1,False,35,Daniel Semedo,SUB,0,746663
Lorient,2026-04-05,Paris FC,home,3-4-2-1,False,77,Panos Katseris,SUB,0,746663
Lorient,2026-04-05,Paris FC,home,3-4-2-1,False,15,Tosin Aiyegun,SUB,0,746663
Lorient,2026-04-05,Paris FC,home,3-4-2-1,False,28,Sambou Soumano,SUB,0,746663
Lorient,2026-04-05,Paris FC,home,3-4-2-1,False,29,Dermane Karim,SUB,0,746663
Lorient,2026-04-05,Paris FC,home,3-4-2-1,False,32,Nathaniel Adjei,SUB,0,746663
Lorient,2026-04-05,Paris FC,home,3-4-2-1,False,21,Bingourou Kamara,SUB,0,746663
Lorient,2026-04-05,Paris FC,home,3-4-2-1,False,2,Igor Silva,SUB,0,746663
Paris FC,2026-04-05,Lorient,away,4-2-3-1,True,35,Kevin Trapp,G,1,746663
Paris FC,2026-04-05,Lorient,away,4-2-3-1,True,5,Moustapha Mbow,CD-L,6,746663
Paris FC,2026-04-05,Lorient,away,4-2-3-1,True,42,Diego Coppola,CD-R,5,746663
Paris FC,2026-04-05,Lorient,away,4-2-3-1,True,19,Nhoa Sangui,LB,3,746663
Paris FC,2026-04-05,Lorient,away,4-2-3-1,True,17,Adama Camara,RB,2,746663
Paris FC,2026-04-05,Lorient,away,4-2-3-1,True,18,Marshall Munetsi,AM,10,746663
Paris FC,2026-04-05,Lorient,away,4-2-3-1,True,21,Maxime López,LM,4,746663
Paris FC,2026-04-05,Lorient,away,4-2-3-1,True,33,Pierre Lees-Melou,RM,8,746663
Paris FC,2026-04-05,Lorient,away,4-2-3-1,True,9,Willem Geubbels,F,9,746663
Paris FC,2026-04-05,Lorient,away,4-2-3-1,True,27,Moses Simon,AM-L,11,746663
Paris FC,2026-04-05,Lorient,away,4-2-3-1,True,93,Jonathan Ikoné,AM-R,7,746663
Paris FC,2026-04-05,Lorient,away,4-2-3-1,False,14,Hamari Traoré,SUB,0,746663
Paris FC,2026-04-05,Lorient,away,4-2-3-1,False,24,Luca Koleosho,SUB,0,746663
Paris FC,2026-04-05,Lorient,away,4-2-3-1,False,16,Obed Nkambadio,SUB,0,746663
Paris FC,2026-04-05,Lorient,away,4-2-3-1,False,13,Mathieu Cafaro,SUB,0,746663
Paris FC,2026-04-05,Lorient,away,4-2-3-1,False,10,Ilan Kebbal,SUB,0,746663
Paris FC,2026-04-05,Lorient,away,4-2-3-1,False,15,Timothée Kolodziejczak,SUB,0,746663
Paris FC,2026-04-05,Lorient,away,4-2-3-1,False,31,Samir Chergui,SUB,0,746663
Paris FC,2026-04-05,Lorient,away,4-2-3-1,False,7,Alimani Gory,SUB,0,746663
Paris FC,2026-04-05,Lorient,away,4-2-3-1,False,28,Thibault De Smet,SUB,0,746663
Paris FC,2026-04-10,Monaco,home,4-1-4-1,True,35,Kevin Trapp,G,1,746670
Paris FC,2026-04-10,Monaco,home,4-1-4-1,True,5,Moustapha Mbow,CD-L,6,746670
Paris FC,2026-04-10,Monaco,home,4-1-4-1,True,42,Diego Coppola,CD-R,5,746670
Paris FC,2026-04-10,Monaco,home,4-1-4-1,True,33,Pierre Lees-Melou,DM,4,746670
Paris FC,2026-04-10,Monaco,home,4-1-4-1,True,19,Nhoa Sangui,LB,3,746670
Paris FC,2026-04-10,Monaco,home,4-1-4-1,True,17,Adama Camara,RB,2,746670
Paris FC,2026-04-10,Monaco,home,4-1-4-1,True,21,Maxime López,CM-L,10,746670
Paris FC,2026-04-10,Monaco,home,4-1-4-1,True,18,Marshall Munetsi,CM-R,8,746670
Paris FC,2026-04-10,Monaco,home,4-1-4-1,True,27,Moses Simon,LM,11,746670
Paris FC,2026-04-10,Monaco,home,4-1-4-1,True,93,Jonathan Ikoné,RM,7,746670
Paris FC,2026-04-10,Monaco,home,4-1-4-1,True,36,Ciro Immobile,F,9,746670
Paris FC,2026-04-10,Monaco,home,4-1-4-1,False,7,Alimani Gory,SUB,0,746670
Paris FC,2026-04-10,Monaco,home,4-1-4-1,False,16,Obed Nkambadio,SUB,0,746670
Paris FC,2026-04-10,Monaco,home,4-1-4-1,False,14,Hamari Traoré,SUB,0,746670
Paris FC,2026-04-10,Monaco,home,4-1-4-1,False,31,Samir Chergui,SUB,0,746670
Paris FC,2026-04-10,Monaco,home,4-1-4-1,False,24,Luca Koleosho,SUB,0,746670
Paris FC,2026-04-10,Monaco,home,4-1-4-1,False,23,Rudy Matondo,SUB,0,746670
Paris FC,2026-04-10,Monaco,home,4-1-4-1,False,6,Otavio,SUB,0,746670
Paris FC,2026-04-10,Monaco,home,4-1-4-1,False,9,Willem Geubbels,SUB,0,746670
Paris FC,2026-04-10,Monaco,home,4-1-4-1,False,10,Ilan Kebbal,SUB,0,746670
Monaco,2026-04-10,Paris FC,away,3-4-3,True,1,Lukas Hradecky,G,1,746670
Monaco,2026-04-10,Paris FC,away,3-4-3,True,6,Denis Zakaria,CD,5,746670
Monaco,2026-04-10,Paris FC,away,3-4-3,True,25,Wout Faes,CD-L,4,746670
Monaco,2026-04-10,Paris FC,away,3-4-3,True,5,Thilo Kehrer,CD-R,6,746670
Monaco,2026-04-10,Paris FC,away,3-4-3,True,23,Aladji Bamba,CM-L,8,746670
Monaco,2026-04-10,Paris FC,away,3-4-3,True,15,Lamine Camara,CM-R,7,746670
Monaco,2026-04-10,Paris FC,away,3-4-3,True,24,Simon Adingra,LM,3,746670
Monaco,2026-04-10,Paris FC,away,3-4-3,True,4,Jordan Teze,RM,2,746670
Monaco,2026-04-10,Paris FC,away,3-4-3,True,9,Folarin Balogun,F,9,746670
Monaco,2026-04-10,Paris FC,away,3-4-3,True,31,Ansu Fati,CF-L,11,746670
Monaco,2026-04-10,Paris FC,away,3-4-3,True,28,Mamadou Coulibaly,CF-R,10,746670
Monaco,2026-04-10,Paris FC,away,3-4-3,False,16,Philipp Köhn,SUB,0,746670
Monaco,2026-04-10,Paris FC,away,3-4-3,False,13,Christian Mawissa,SUB,0,746670
Monaco,2026-04-10,Paris FC,away,3-4-3,False,27,Krépin Diatta,SUB,0,746670
Monaco,2026-04-10,Paris FC,away,3-4-3,False,11,Maghnes Akliouche,SUB,0,746670
Monaco,2026-04-10,Paris FC,away,3-4-3,False,41,Pape Cabral,SUB,0,746670
Monaco,2026-04-10,Paris FC,away,3-4-3,False,14,Mika Biereth,SUB,0,746670
Monaco,2026-04-10,Paris FC,away,3-4-3,False,3,Eric Dier,SUB,0,746670
Monaco,2026-04-10,Paris FC,away,3-4-3,False,8,Paul Pogba,SUB,0,746670
Monaco,2026-04-10,Paris FC,away,3-4-3,False,17,Stanis Idumbo,SUB,0,746670
Monaco,2026-04-05,Marseille,home,3-4-2-1,True,1,Lukas Hradecky,G,1,746661
Monaco,2026-04-05,Marseille,home,3-4-2-1,True,6,Denis Zakaria,CD,5,746661
Monaco,2026-04-05,Marseille,home,3-4-2-1,True,25,Wout Faes,CD-L,4,746661
Monaco,2026-04-05,Marseille,home,3-4-2-1,True,5,Thilo Kehrer,CD-R,6,746661
Monaco,2026-04-05,Marseille,home,3-4-2-1,True,15,Lamine Camara,CM-L,8,746661
Monaco,2026-04-05,Marseille,home,3-4-2-1,True,28,Mamadou Coulibaly,CM-R,7,746661
Monaco,2026-04-05,Marseille,home,3-4-2-1,True,13,Christian Mawissa,LM,3,746661
Monaco,2026-04-05,Marseille,home,3-4-2-1,True,4,Jordan Teze,RM,2,746661
Monaco,2026-04-05,Marseille,home,3-4-2-1,True,9,Folarin Balogun,F,9,746661
Monaco,2026-04-05,Marseille,home,3-4-2-1,True,10,Aleksandr Golovin,CF-L,11,746661
Monaco,2026-04-05,Marseille,home,3-4-2-1,True,11,Maghnes Akliouche,CF-R,10,746661
Monaco,2026-04-05,Marseille,home,3-4-2-1,False,14,Mika Biereth,SUB,0,746661
Monaco,2026-04-05,Marseille,home,3-4-2-1,False,16,Philipp Köhn,SUB,0,746661
Monaco,2026-04-05,Marseille,home,3-4-2-1,False,23,Aladji Bamba,SUB,0,746661
Monaco,2026-04-05,Marseille,home,3-4-2-1,False,31,Ansu Fati,SUB,0,746661
Monaco,2026-04-05,Marseille,home,3-4-2-1,False,24,Simon Adingra,SUB,0,746661
Monaco,2026-04-05,Marseille,home,3-4-2-1,False,3,Eric Dier,SUB,0,746661
Monaco,2026-04-05,Marseille,home,3-4-2-1,False,8,Paul Pogba,SUB,0,746661
Monaco,2026-04-05,Marseille,home,3-4-2-1,False,17,Stanis Idumbo,SUB,0,746661
Monaco,2026-04-05,Marseille,home,3-4-2-1,False,27,Krépin Diatta,SUB,0,746661
Marseille,2026-04-05,Monaco,away,3-4-1-2,True,1,Gerónimo Rulli,G,1,746661
Marseille,2026-04-05,Monaco,away,3-4-1-2,True,4,CJ Egan-Riley,CD,5,746661
Marseille,2026-04-05,Monaco,away,3-4-1-2,True,32,Facundo Medina,CD-L,4,746661
Marseille,2026-04-05,Monaco,away,3-4-1-2,True,28,Benjamin Pavard,CD-R,6,746661
Marseille,2026-04-05,Monaco,away,3-4-1-2,True,23,Pierre-Emile Højbjerg,CM-L,8,746661
Marseille,2026-04-05,Monaco,away,3-4-1-2,True,27,Quinten Timber,CM-R,7,746661
Marseille,2026-04-05,Monaco,away,3-4-1-2,True,20,Hamed Traoré,AM,9,746661
Marseille,2026-04-05,Monaco,away,3-4-1-2,True,14,Igor Paixão,LM,3,746661
Marseille,2026-04-05,Monaco,away,3-4-1-2,True,22,Timothy Weah,RM,2,746661
Marseille,2026-04-05,Monaco,away,3-4-1-2,True,9,Amine Gouiri,CF-L,11,746661
Marseille,2026-04-05,Monaco,away,3-4-1-2,True,17,Pierre-Emerick Aubameyang,CF-R,10,746661
Marseille,2026-04-05,Monaco,away,3-4-1-2,False,11,Ethan Nwaneri,SUB,0,746661
Marseille,2026-04-05,Monaco,away,3-4-1-2,False,33,Emerson,SUB,0,746661
Marseille,2026-04-05,Monaco,away,3-4-1-2,False,26,Bilal Nadir,SUB,0,746661
Marseille,2026-04-05,Monaco,away,3-4-1-2,False,5,Leonardo Balerdi,SUB,0,746661
Marseille,2026-04-05,Monaco,away,3-4-1-2,False,8,Himad Abdelli,SUB,0,746661
Marseille,2026-04-05,Monaco,away,3-4-1-2,False,78,Ange Lago,SUB,0,746661
Marseille,2026-04-05,Monaco,away,3-4-1-2,False,12,Jeffrey de Lange,SUB,0,746661
Marseille,2026-04-05,Monaco,away,3-4-1-2,False,6,Tochukwu Nnadi,SUB,0,746661
Marseille,2026-04-05,Monaco,away,3-4-1-2,False,18,Arthur Vermeeren,SUB,0,746661
Auxerre,2026-04-11,Nantes,home,4-2-3-1,True,16,Donovan Léon,G,1,746664
Auxerre,2026-04-11,Nantes,home,4-2-3-1,True,24,Bryan Okoh,CD-L,6,746664
Auxerre,2026-04-11,Nantes,home,4-2-3-1,True,20,Sinaly Diomande,CD-R,5,746664
Auxerre,2026-04-11,Nantes,home,4-2-3-1,True,14,Gideon Mensah,LB,3,746664
Auxerre,2026-04-11,Nantes,home,4-2-3-1,True,29,Marvin Senaya,RB,2,746664
Auxerre,2026-04-11,Nantes,home,4-2-3-1,True,19,Danny Namaso,AM,10,746664
Auxerre,2026-04-11,Nantes,home,4-2-3-1,True,42,Elisha Owusu,LM,4,746664
Auxerre,2026-04-11,Nantes,home,4-2-3-1,True,5,Kévin Danois,RM,8,746664
Auxerre,2026-04-11,Nantes,home,4-2-3-1,True,10,Lassine Sinayoko,F,9,746664
Auxerre,2026-04-11,Nantes,home,4-2-3-1,True,22,Fredrik Oppegard,AM-L,11,746664
Auxerre,2026-04-11,Nantes,home,4-2-3-1,True,28,Romain Faivre,AM-R,7,746664
Auxerre,2026-04-11,Nantes,home,4-2-3-1,False,44,Mamoudou Cissokho,SUB,0,746664
Auxerre,2026-04-11,Nantes,home,4-2-3-1,False,92,Clément Akpa,SUB,0,746664
Auxerre,2026-04-11,Nantes,home,4-2-3-1,False,8,Naouirou Ahamada,SUB,0,746664
Auxerre,2026-04-11,Nantes,home,4-2-3-1,False,27,Lamine Sy,SUB,0,746664
Auxerre,2026-04-11,Nantes,home,4-2-3-1,False,21,Lasso Coulibaly,SUB,0,746664
Auxerre,2026-04-11,Nantes,home,4-2-3-1,False,9,Sékou Mara,SUB,0,746664
Auxerre,2026-04-11,Nantes,home,4-2-3-1,False,40,Théo De Percin,SUB,0,746664
Auxerre,2026-04-11,Nantes,home,4-2-3-1,False,4,Francisco Sierralta,SUB,0,746664
Auxerre,2026-04-11,Nantes,home,4-2-3-1,False,18,Assane Dioussé,SUB,0,746664
Nantes,2026-04-11,Auxerre,away,4-1-4-1,True,1,Anthony Lopes,G,1,746664
Nantes,2026-04-11,Auxerre,away,4-1-4-1,True,3,Nicolas Cozza,CD-L,6,746664
Nantes,2026-04-11,Auxerre,away,4-1-4-1,True,2,Ali Almusrat,CD-R,5,746664
Nantes,2026-04-11,Auxerre,away,4-1-4-1,True,13,Francis Coquelin,DM,4,746664
Nantes,2026-04-11,Auxerre,away,4-1-4-1,True,27,Deiver Machado,LB,3,746664
Nantes,2026-04-11,Auxerre,away,4-1-4-1,True,24,Frédéric Guilbert,RB,2,746664
Nantes,2026-04-11,Auxerre,away,4-1-4-1,True,8,Johann Lepenant,CM-L,10,746664
Nantes,2026-04-11,Auxerre,away,4-1-4-1,True,21,Mohamed Kaba,CM-R,8,746664
Nantes,2026-04-11,Auxerre,away,4-1-4-1,True,10,Matthis Abline,LM,11,746664
Nantes,2026-04-11,Auxerre,away,4-1-4-1,True,17,Dehmaine Tabibou,RM,7,746664
Nantes,2026-04-11,Auxerre,away,4-1-4-1,True,37,Ignatius Ganago,F,9,746664
Nantes,2026-04-11,Auxerre,away,4-1-4-1,False,19,Youssef El Arabi,SUB,0,746664
Nantes,2026-04-11,Auxerre,away,4-1-4-1,False,31,Mostafa Mohamed,SUB,0,746664
Nantes,2026-04-11,Auxerre,away,4-1-4-1,False,66,Louis Leroux,SUB,0,746664
Nantes,2026-04-11,Auxerre,away,4-1-4-1,False,26,Uros Radakovic,SUB,0,746664
Nantes,2026-04-11,Auxerre,away,4-1-4-1,False,20,Rémy Cabella,SUB,0,746664
Nantes,2026-04-11,Auxerre,away,4-1-4-1,False,28,Ibrahima Sissoko,SUB,0,746664
Nantes,2026-04-11,Auxerre,away,4-1-4-1,False,6,Chidozie Awaziem,SUB,0,746664
Nantes,2026-04-11,Auxerre,away,4-1-4-1,False,18,Fabien Centonze,SUB,0,746664
Nantes,2026-04-11,Auxerre,away,4-1-4-1,False,30,Patrick Carlgren,SUB,0,746664
Marseille,2026-04-10,Metz,home,3-4-2-1,True,1,Gerónimo Rulli,G,1,746668
Marseille,2026-04-10,Metz,home,3-4-2-1,True,5,Leonardo Balerdi,CD,5,746668
Marseille,2026-04-10,Metz,home,3-4-2-1,True,32,Facundo Medina,CD-L,4,746668
Marseille,2026-04-10,Metz,home,3-4-2-1,True,28,Benjamin Pavard,CD-R,6,746668
Marseille,2026-04-10,Metz,home,3-4-2-1,True,27,Quinten Timber,CM-L,8,746668
Marseille,2026-04-10,Metz,home,3-4-2-1,True,23,Pierre-Emile Højbjerg,CM-R,7,746668
Marseille,2026-04-10,Metz,home,3-4-2-1,True,14,Igor Paixão,LM,3,746668
Marseille,2026-04-10,Metz,home,3-4-2-1,True,22,Timothy Weah,RM,2,746668
Marseille,2026-04-10,Metz,home,3-4-2-1,True,17,Pierre-Emerick Aubameyang,F,9,746668
Marseille,2026-04-10,Metz,home,3-4-2-1,True,9,Amine Gouiri,CF-L,11,746668
Marseille,2026-04-10,Metz,home,3-4-2-1,True,10,Mason Greenwood,CF-R,10,746668
Marseille,2026-04-10,Metz,home,3-4-2-1,False,78,Ange Lago,SUB,0,746668
Marseille,2026-04-10,Metz,home,3-4-2-1,False,20,Hamed Traoré,SUB,0,746668
Marseille,2026-04-10,Metz,home,3-4-2-1,False,12,Jeffrey de Lange,SUB,0,746668
Marseille,2026-04-10,Metz,home,3-4-2-1,False,11,Ethan Nwaneri,SUB,0,746668
Marseille,2026-04-10,Metz,home,3-4-2-1,False,18,Arthur Vermeeren,SUB,0,746668
Marseille,2026-04-10,Metz,home,3-4-2-1,False,8,Himad Abdelli,SUB,0,746668
Marseille,2026-04-10,Metz,home,3-4-2-1,False,26,Bilal Nadir,SUB,0,746668
Marseille,2026-04-10,Metz,home,3-4-2-1,False,33,Emerson,SUB,0,746668
Marseille,2026-04-10,Metz,home,3-4-2-1,False,6,Tochukwu Nnadi,SUB,0,746668
Metz,2026-04-10,Marseille,away,4-2-3-1,True,61,Pape Sy,G,1,746668
Metz,2026-04-10,Marseille,away,4-2-3-1,True,5,Jean-Philippe Gbamin,CD-L,6,746668
Metz,2026-04-10,Marseille,away,4-2-3-1,True,38,Sadibou Sané,CD-R,5,746668
Metz,2026-04-10,Marseille,away,4-2-3-1,True,2,Maxime Colin,LB,3,746668
Metz,2026-04-10,Marseille,away,4-2-3-1,True,39,Koffi Kouao,RB,2,746668
Metz,2026-04-10,Marseille,away,4-2-3-1,True,10,Gauthier Hein,AM,10,746668
Metz,2026-04-10,Marseille,away,4-2-3-1,True,12,Alpha Touré,LM,4,746668
Metz,2026-04-10,Marseille,away,4-2-3-1,True,20,Jessy Deminguet,RM,8,746668
Metz,2026-04-10,Marseille,away,4-2-3-1,True,30,Habib Diallo,F,9,746668
Metz,2026-04-10,Marseille,away,4-2-3-1,True,7,Giorgi Tsitaishvili,AM-L,11,746668
Metz,2026-04-10,Marseille,away,4-2-3-1,True,70,Bouna Sarr,AM-R,7,746668
Metz,2026-04-10,Marseille,away,4-2-3-1,False,11,Giorgi Kvilitaia,SUB,0,746668
Metz,2026-04-10,Marseille,away,4-2-3-1,False,34,Nathan Mbala,SUB,0,746668
Metz,2026-04-10,Marseille,away,4-2-3-1,False,4,Urie-Michel Mboula,SUB,0,746668
Metz,2026-04-10,Marseille,away,4-2-3-1,False,97,Fodé Ballo-Touré,SUB,0,746668
Metz,2026-04-10,Marseille,away,4-2-3-1,False,15,Terry Yegbe,SUB,0,746668
Metz,2026-04-10,Marseille,away,4-2-3-1,False,9,Giorgi Abuashvili,SUB,0,746668
Metz,2026-04-10,Marseille,away,4-2-3-1,False,1,Jonathan Fischer,SUB,0,746668
Metz,2026-04-10,Marseille,away,4-2-3-1,False,19,Lucas Michel,SUB,0,746668
Metz,2026-04-10,Marseille,away,4-2-3-1,False,21,Benjamin Stambouli,SUB,0,746668
Rennes,2026-04-11,Angers,home,4-4-2,True,30,Brice Samba,G,1,746671
Rennes,2026-04-11,Angers,home,4-4-2,True,3,Lilian Brassier,CD-L,6,746671
Rennes,2026-04-11,Angers,home,4-4-2,True,48,Abdelhamid Aït Boudlal,CD-R,5,746671
Rennes,2026-04-11,Angers,home,4-4-2,True,26,Quentin Merlin,LB,3,746671
Rennes,2026-04-11,Angers,home,4-4-2,True,36,Alidu Seidu,RB,2,746671
Rennes,2026-04-11,Angers,home,4-4-2,True,45,Mahdi Camara,CM-L,8,746671
Rennes,2026-04-11,Angers,home,4-4-2,True,21,Valentin Rongier,CM-R,4,746671
Rennes,2026-04-11,Angers,home,4-4-2,True,11,Mousa Al-Tamari,LM,11,746671
Rennes,2026-04-11,Angers,home,4-4-2,True,10,Ludovic Blas,RM,7,746671
Rennes,2026-04-11,Angers,home,4-4-2,True,9,Esteban Lepaul,CF-L,9,746671
Rennes,2026-04-11,Angers,home,4-4-2,True,7,Breel Embolo,CF-R,10,746671
Rennes,2026-04-11,Angers,home,4-4-2,False,17,Sebastian Szymanski,SUB,0,746671
Rennes,2026-04-11,Angers,home,4-4-2,False,95,Przemyslaw Frankowski,SUB,0,746671
Rennes,2026-04-11,Angers,home,4-4-2,False,65,Nordan Mukiele,SUB,0,746671
Rennes,2026-04-11,Angers,home,4-4-2,False,4,Glen Kamara,SUB,0,746671
Rennes,2026-04-11,Angers,home,4-4-2,False,24,Anthony Rouault,SUB,0,746671
Rennes,2026-04-11,Angers,home,4-4-2,False,18,Mahamadou Nagida,SUB,0,746671
Rennes,2026-04-11,Angers,home,4-4-2,False,6,Djaoui Cissé,SUB,0,746671
Rennes,2026-04-11,Angers,home,4-4-2,False,50,Mathys Silistre,SUB,0,746671
Rennes,2026-04-11,Angers,home,4-4-2,False,77,Yassir Zabiri,SUB,0,746671
Angers,2026-04-11,Rennes,away,5-3-2,True,12,Hervé Koffi,G,1,746671
Angers,2026-04-11,Rennes,away,5-3-2,True,4,Ousmane Camara,CD,5,746671
Angers,2026-04-11,Rennes,away,5-3-2,True,21,Jordan Lefort,CD-L,4,746671
Angers,2026-04-11,Rennes,away,5-3-2,True,20,Marius Louãr,CD-R,6,746671
Angers,2026-04-11,Rennes,away,5-3-2,True,3,Jacques Ekomie,LB,3,746671
Angers,2026-04-11,Rennes,away,5-3-2,True,27,Lilian Raolisoa,RB,2,746671
Angers,2026-04-11,Rennes,away,5-3-2,True,8,Branco van den Boomen,CM,8,746671
Angers,2026-04-11,Rennes,away,5-3-2,True,93,Haris Belkebla,CM-L,11,746671
Angers,2026-04-11,Rennes,away,5-3-2,True,6,Louis Mouton,CM-R,7,746671
Angers,2026-04-11,Rennes,away,5-3-2,True,7,Amine Sbaï,CF-L,9,746671
Angers,2026-04-11,Rennes,away,5-3-2,True,36,Lanroy Machine,CF-R,10,746671
Angers,2026-04-11,Rennes,away,5-3-2,False,16,Melvin Zinga,SUB,0,746671
Angers,2026-04-11,Rennes,away,5-3-2,False,23,Dan Sinaté,SUB,0,746671
Angers,2026-04-11,Rennes,away,5-3-2,False,26,Florent Hanin,SUB,0,746671
Angers,2026-04-11,Rennes,away,5-3-2,False,42,Maël Gernigon,SUB,0,746671
Angers,2026-04-11,Rennes,away,5-3-2,False,35,Prosper Peter,SUB,0,746671
Angers,2026-04-11,Rennes,away,5-3-2,False,46,Bané Diatta,SUB,0,746671
Angers,2026-04-11,Rennes,away,5-3-2,False,9,Goduine Koyalipou,SUB,0,746671
Angers,2026-04-11,Rennes,away,5-3-2,False,15,Pierrick Capelle,SUB,0,746671
Angers,2026-04-11,Rennes,away,5-3-2,False,24,Emmanuel Biumla,SUB,0,746671
Nice,2026-04-12,Le Havre,home,3-5-2,True,80,Yehvann Diouf,G,1,746669
Nice,2026-04-12,Le Havre,home,3-5-2,True,37,Kojo Peprah Oppong,CD,5,746669
Nice,2026-04-12,Le Havre,home,3-5-2,True,26,Melvin Bard,CD-L,4,746669
Nice,2026-04-12,Le Havre,home,3-5-2,True,33,Antoine Mendy,CD-R,6,746669
Nice,2026-04-12,Le Havre,home,3-5-2,True,24,Charles Vanhoutte,CM-L,8,746669
Nice,2026-04-12,Le Havre,home,3-5-2,True,8,Morgan Sanson,CM-R,7,746669
Nice,2026-04-12,Le Havre,home,3-5-2,True,6,Hicham Boudaoui,AM,11,746669
Nice,2026-04-12,Le Havre,home,3-5-2,True,2,Ali Abdi,LM,3,746669
Nice,2026-04-12,Le Havre,home,3-5-2,True,92,Jonathan Clauss,RM,2,746669
Nice,2026-04-12,Le Havre,home,3-5-2,True,11,Elye Wahi,CF-L,9,746669
Nice,2026-04-12,Le Havre,home,3-5-2,True,25,Mohamed-Ali Cho,CF-R,10,746669
Nice,2026-04-12,Le Havre,home,3-5-2,False,10,Sofiane Diop,SUB,0,746669
Nice,2026-04-12,Le Havre,home,3-5-2,False,5,Mohamed Abdelmoneim,SUB,0,746669
Nice,2026-04-12,Le Havre,home,3-5-2,False,90,Kevin Carlos,SUB,0,746669
Nice,2026-04-12,Le Havre,home,3-5-2,False,21,Isak Jansson,SUB,0,746669
Nice,2026-04-12,Le Havre,home,3-5-2,False,39,Djibril Coulibaly,SUB,0,746669
Nice,2026-04-12,Le Havre,home,3-5-2,False,28,Juma Bah,SUB,0,746669
Nice,2026-04-12,Le Havre,home,3-5-2,False,99,Salis Abdul Samed,SUB,0,746669
Nice,2026-04-12,Le Havre,home,3-5-2,False,31,Maxime Dupé,SUB,0,746669
Nice,2026-04-12,Le Havre,home,3-5-2,False,20,Tom Louchet,SUB,0,746669
Le Havre,2026-04-12,Nice,away,3-4-1-2,True,99,Mory Diaw,G,1,746669
Le Havre,2026-04-12,Nice,away,3-4-1-2,True,15,Ayumu Seko,CD,5,746669
Le Havre,2026-04-12,Nice,away,3-4-1-2,True,4,Gautier Lloris,CD-L,4,746669
Le Havre,2026-04-12,Nice,away,3-4-1-2,True,93,Arouna Sangante,CD-R,6,746669
Le Havre,2026-04-12,Nice,away,3-4-1-2,True,19,Lucas Gourna-Douath,CM-L,8,746669
Le Havre,2026-04-12,Nice,away,3-4-1-2,True,26,Simon Ebonog,CM-R,7,746669
Le Havre,2026-04-12,Nice,away,3-4-1-2,True,14,Rassoul Ndiaye,AM,9,746669
Le Havre,2026-04-12,Nice,away,3-4-1-2,True,18,Yanis Zouaoui,LM,3,746669
Le Havre,2026-04-12,Nice,away,3-4-1-2,True,13,Fodé Doucouré,RM,2,746669
Le Havre,2026-04-12,Nice,away,3-4-1-2,True,45,Issa Soumaré,CF-L,11,746669
Le Havre,2026-04-12,Nice,away,3-4-1-2,True,25,Mbwana Samatta,CF-R,10,746669
Le Havre,2026-04-12,Nice,away,3-4-1-2,False,17,Sofiane Boufal,SUB,0,746669
Le Havre,2026-04-12,Nice,away,3-4-1-2,False,11,Godson Kyeremeh,SUB,0,746669
Le Havre,2026-04-12,Nice,away,3-4-1-2,False,7,Loïc Négo,SUB,0,746669
Le Havre,2026-04-12,Nice,away,3-4-1-2,False,30,Reda Khadra,SUB,0,746669
Le Havre,2026-04-12,Nice,away,3-4-1-2,False,29,Stephan Zagadou,SUB,0,746669
Le Havre,2026-04-12,Nice,away,3-4-1-2,False,77,Lionel Mpasi,SUB,0,746669
Le Havre,2026-04-12,Nice,away,3-4-1-2,False,32,Timothee Pembélé,SUB,0,746669
Le Havre,2026-04-12,Nice,away,3-4-1-2,False,78,Daren Mosengo,SUB,0,746669
Le Havre,2026-04-12,Nice,away,3-4-1-2,False,8,Yassine Kechta,SUB,0,746669
Lyon,2026-04-12,Lorient,home,4-1-4-1,True,1,Dominik Greif,G,1,746667
Lyon,2026-04-12,Lorient,home,4-1-4-1,True,19,Moussa Niakhaté,CD-L,6,746667
Lyon,2026-04-12,Lorient,home,4-1-4-1,True,22,Clinton Mata,CD-R,5,746667
Lyon,2026-04-12,Lorient,home,4-1-4-1,True,23,Tyler Morton,DM,4,746667
Lyon,2026-04-12,Lorient,home,4-1-4-1,True,16,Abner,LB,3,746667
Lyon,2026-04-12,Lorient,home,4-1-4-1,True,34,Steeve Kango,RB,2,746667
Lyon,2026-04-12,Lorient,home,4-1-4-1,True,99,Noah Nartey,CM-L,10,746667
Lyon,2026-04-12,Lorient,home,4-1-4-1,True,98,Ainsley Maitland-Niles,CM-R,8,746667
Lyon,2026-04-12,Lorient,home,4-1-4-1,True,17,Afonso Moreira,LM,11,746667
Lyon,2026-04-12,Lorient,home,4-1-4-1,True,18,Rachid Ghezzal,RM,7,746667
Lyon,2026-04-12,Lorient,home,4-1-4-1,True,77,Roman Yaremchuk,F,9,746667
Lyon,2026-04-12,Lorient,home,4-1-4-1,False,6,Tanner Tessmann,SUB,0,746667
Lyon,2026-04-12,Lorient,home,4-1-4-1,False,5,Orel Mangala,SUB,0,746667
Lyon,2026-04-12,Lorient,home,4-1-4-1,False,33,Hans Hateboer,SUB,0,746667
Lyon,2026-04-12,Lorient,home,4-1-4-1,False,40,Rémy Descamps,SUB,0,746667
Lyon,2026-04-12,Lorient,home,4-1-4-1,False,8,Corentin Tolisso,SUB,0,746667
Lyon,2026-04-12,Lorient,home,4-1-4-1,False,44,Khalis Merah,SUB,0,746667
Lyon,2026-04-12,Lorient,home,4-1-4-1,False,7,Adam Karabec,SUB,0,746667
Lyon,2026-04-12,Lorient,home,4-1-4-1,False,21,Ruben Kluivert,SUB,0,746667
Lyon,2026-04-12,Lorient,home,4-1-4-1,False,9,Endrick,SUB,0,746667
Lorient,2026-04-12,Lyon,away,3-4-2-1,True,38,Yvon Mvogo,G,1,746667
Lorient,2026-04-12,Lyon,away,3-4-2-1,True,32,Nathaniel Adjei,CD,5,746667
Lorient,2026-04-12,Lyon,away,3-4-2-1,True,25,Abdoulaye Faye,CD-L,4,746667
Lorient,2026-04-12,Lyon,away,3-4-2-1,True,5,Bamo Meïté,CD-R,6,746667
Lorient,2026-04-12,Lyon,away,3-4-2-1,True,8,Noah Cadiou,CM-L,8,746667
Lorient,2026-04-12,Lyon,away,3-4-2-1,True,62,Arthur Avom,CM-R,7,746667
Lorient,2026-04-12,Lyon,away,3-4-2-1,True,43,Arsène Kouassi,LM,3,746667
Lorient,2026-04-12,Lyon,away,3-4-2-1,True,11,Théo Le Bris,RM,2,746667
Lorient,2026-04-12,Lyon,away,3-4-2-1,True,12,Bamba Dieng,F,9,746667
Lorient,2026-04-12,Lyon,away,3-4-2-1,True,10,Pablo Pagis,CF-L,11,746667
Lorient,2026-04-12,Lyon,away,3-4-2-1,True,17,Jean-Victor Makengo,CF-R,10,746667
Lorient,2026-04-12,Lyon,away,3-4-2-1,False,28,Sambou Soumano,SUB,0,746667
Lorient,2026-04-12,Lyon,away,3-4-2-1,False,15,Tosin Aiyegun,SUB,0,746667
Lorient,2026-04-12,Lyon,away,3-4-2-1,False,21,Bingourou Kamara,SUB,0,746667
Lorient,2026-04-12,Lyon,away,3-4-2-1,False,7,Bandiougou Fadiga,SUB,0,746667
Lorient,2026-04-12,Lyon,away,3-4-2-1,False,44,Darlin Yongwa,SUB,0,746667
Lorient,2026-04-12,Lyon,away,3-4-2-1,False,2,Igor Silva,SUB,0,746667
Lorient,2026-04-12,Lyon,away,3-4-2-1,False,77,Panos Katseris,SUB,0,746667
Lorient,2026-04-12,Lyon,away,3-4-2-1,False,35,Daniel Semedo,SUB,0,746667
Lorient,2026-04-12,Lyon,away,3-4-2-1,False,34,Martin Bley,SUB,0,746667
Toulouse,2026-04-12,Lille,home,3-4-2-1,True,1,Guillaume Restes,G,1,746672
Toulouse,2026-04-12,Lille,home,3-4-2-1,True,35,Seny Koumbassa,CD,5,746672
Toulouse,2026-04-12,Lille,home,3-4-2-1,True,2,Rasmus Nicolaisen,CD-L,4,746672
Toulouse,2026-04-12,Lille,home,3-4-2-1,True,3,Mark McKenzie,CD-R,6,746672
Toulouse,2026-04-12,Lille,home,3-4-2-1,True,18,Pape Diop,CM-L,8,746672
Toulouse,2026-04-12,Lille,home,3-4-2-1,True,23,Cristian Cásseres Jr.,CM-R,7,746672
Toulouse,2026-04-12,Lille,home,3-4-2-1,True,24,Dayann Methalie,LM,3,746672
Toulouse,2026-04-12,Lille,home,3-4-2-1,True,19,Djibril Sidibé,RM,2,746672
Toulouse,2026-04-12,Lille,home,3-4-2-1,True,20,Emersonn,F,9,746672
Toulouse,2026-04-12,Lille,home,3-4-2-1,True,10,Yann Gboho,CF-L,11,746672
Toulouse,2026-04-12,Lille,home,3-4-2-1,True,15,Aron Donnum,CF-R,10,746672
Toulouse,2026-04-12,Lille,home,3-4-2-1,False,45,Alexis Vossah,SUB,0,746672
Toulouse,2026-04-12,Lille,home,3-4-2-1,False,40,Naime Said Mchindra,SUB,0,746672
Toulouse,2026-04-12,Lille,home,3-4-2-1,False,77,Mario Sauer,SUB,0,746672
Toulouse,2026-04-12,Lille,home,3-4-2-1,False,16,Kjetil Haug,SUB,0,746672
Toulouse,2026-04-12,Lille,home,3-4-2-1,False,11,Santiago Hidalgo,SUB,0,746672
Toulouse,2026-04-12,Lille,home,3-4-2-1,False,4,Charlie Cresswell,SUB,0,746672
Toulouse,2026-04-12,Lille,home,3-4-2-1,False,7,Julián Vignolo,SUB,0,746672
Toulouse,2026-04-12,Lille,home,3-4-2-1,False,12,Waren Kamanzi,SUB,0,746672
Toulouse,2026-04-12,Lille,home,3-4-2-1,False,13,Jacen Russell-Rowe,SUB,0,746672
Lille,2026-04-12,Toulouse,away,4-2-3-1,True,1,Berke Özer,G,1,746672
Lille,2026-04-12,Toulouse,away,4-2-3-1,True,23,Aïssa Mandi,CD-L,6,746672
Lille,2026-04-12,Toulouse,away,4-2-3-1,True,3,Nathan Ngoy,CD-R,5,746672
Lille,2026-04-12,Toulouse,away,4-2-3-1,True,15,Romain Perraud,LB,3,746672
Lille,2026-04-12,Toulouse,away,4-2-3-1,True,12,Thomas Meunier,RB,2,746672
Lille,2026-04-12,Toulouse,away,4-2-3-1,True,10,Hákon Haraldsson,AM,10,746672
Lille,2026-04-12,Toulouse,away,4-2-3-1,True,21,Benjamin André,LM,4,746672
Lille,2026-04-12,Toulouse,away,4-2-3-1,True,6,Nabil Bentaleb,RM,8,746672
Lille,2026-04-12,Toulouse,away,4-2-3-1,True,7,Matias Fernandez-Pardo,F,9,746672
Lille,2026-04-12,Toulouse,away,4-2-3-1,True,27,Felix Correia,AM-L,11,746672
Lille,2026-04-12,Toulouse,away,4-2-3-1,True,17,Ngal'ayel Mukau,AM-R,7,746672
Lille,2026-04-12,Toulouse,away,4-2-3-1,False,18,Chancel Mbemba,SUB,0,746672
Lille,2026-04-12,Toulouse,away,4-2-3-1,False,16,Arnaud Bodart,SUB,0,746672
Lille,2026-04-12,Toulouse,away,4-2-3-1,False,24,Calvin Verdonk,SUB,0,746672
Lille,2026-04-12,Toulouse,away,4-2-3-1,False,9,Olivier Giroud,SUB,0,746672
Lille,2026-04-12,Toulouse,away,4-2-3-1,False,4,Alexsandro,SUB,0,746672
Lille,2026-04-12,Toulouse,away,4-2-3-1,False,8,Ethan Mbappé,SUB,0,746672
Lille,2026-04-12,Toulouse,away,4-2-3-1,False,32,Ayyoub Bouaddi,SUB,0,746672
Lille,2026-04-12,Toulouse,away,4-2-3-1,False,22,Tiago Santos,SUB,0,746672
Lille,2026-04-12,Toulouse,away,4-2-3-1,False,28,Gaetan Perrin,SUB,0,746672
Lorient,2026-04-18,Marseille,home,3-4-3,True,38,Yvon Mvogo,G,1,746676
Lorient,2026-04-18,Marseille,home,3-4-3,True,32,Nathaniel Adjei,CD,5,746676
Lorient,2026-04-18,Marseille,home,3-4-3,True,25,Abdoulaye Faye,CD-L,4,746676
Lorient,2026-04-18,Marseille,home,3-4-3,True,5,Bamo Meïté,CD-R,6,746676
Lorient,2026-04-18,Marseille,home,3-4-3,True,8,Noah Cadiou,CM-L,8,746676
Lorient,2026-04-18,Marseille,home,3-4-3,True,62,Arthur Avom,CM-R,7,746676
Lorient,2026-04-18,Marseille,home,3-4-3,True,44,Darlin Yongwa,LM,3,746676
Lorient,2026-04-18,Marseille,home,3-4-3,True,77,Panos Katseris,RM,2,746676
Lorient,2026-04-18,Marseille,home,3-4-3,True,12,Bamba Dieng,F,9,746676
Lorient,2026-04-18,Marseille,home,3-4-3,True,10,Pablo Pagis,CF-L,11,746676
Lorient,2026-04-18,Marseille,home,3-4-3,True,17,Jean-Victor Makengo,CF-R,10,746676
Lorient,2026-04-18,Marseille,home,3-4-3,False,21,Bingourou Kamara,SUB,0,746676
Lorient,2026-04-18,Marseille,home,3-4-3,False,97,Stevan Siba,SUB,0,746676
Lorient,2026-04-18,Marseille,home,3-4-3,False,7,Bandiougou Fadiga,SUB,0,746676
Lorient,2026-04-18,Marseille,home,3-4-3,False,6,Laurent Abergel,SUB,0,746676
Lorient,2026-04-18,Marseille,home,3-4-3,False,15,Tosin Aiyegun,SUB,0,746676
Lorient,2026-04-18,Marseille,home,3-4-3,False,28,Sambou Soumano,SUB,0,746676
Lorient,2026-04-18,Marseille,home,3-4-3,False,35,Daniel Semedo,SUB,0,746676
Lorient,2026-04-18,Marseille,home,3-4-3,False,2,Igor Silva,SUB,0,746676
Lorient,2026-04-18,Marseille,home,3-4-3,False,29,Dermane Karim,SUB,0,746676
Marseille,2026-04-18,Lorient,away,3-4-2-1,True,1,Gerónimo Rulli,G,1,746676
Marseille,2026-04-18,Lorient,away,3-4-2-1,True,5,Leonardo Balerdi,CD,5,746676
Marseille,2026-04-18,Lorient,away,3-4-2-1,True,33,Emerson,CD-L,4,746676
Marseille,2026-04-18,Lorient,away,3-4-2-1,True,28,Benjamin Pavard,CD-R,6,746676
Marseille,2026-04-18,Lorient,away,3-4-2-1,True,8,Himad Abdelli,CM-L,8,746676
Marseille,2026-04-18,Lorient,away,3-4-2-1,True,23,Pierre-Emile Højbjerg,CM-R,7,746676
Marseille,2026-04-18,Lorient,away,3-4-2-1,True,14,Igor Paixão,LM,3,746676
Marseille,2026-04-18,Lorient,away,3-4-2-1,True,20,Hamed Traoré,RM,2,746676
Marseille,2026-04-18,Lorient,away,3-4-2-1,True,17,Pierre-Emerick Aubameyang,F,9,746676
Marseille,2026-04-18,Lorient,away,3-4-2-1,True,9,Amine Gouiri,CF-L,11,746676
Marseille,2026-04-18,Lorient,away,3-4-2-1,True,10,Mason Greenwood,CF-R,10,746676
Marseille,2026-04-18,Lorient,away,3-4-2-1,False,71,Nouhoum Kamissoko,SUB,0,746676
Marseille,2026-04-18,Lorient,away,3-4-2-1,False,12,Jeffrey de Lange,SUB,0,746676
Marseille,2026-04-18,Lorient,away,3-4-2-1,False,35,Ugo El Kadmiri,SUB,0,746676
Marseille,2026-04-18,Lorient,away,3-4-2-1,False,11,Ethan Nwaneri,SUB,0,746676
Marseille,2026-04-18,Lorient,away,3-4-2-1,False,18,Arthur Vermeeren,SUB,0,746676
Marseille,2026-04-18,Lorient,away,3-4-2-1,False,26,Bilal Nadir,SUB,0,746676
Marseille,2026-04-18,Lorient,away,3-4-2-1,False,72,Hilan Slimani,SUB,0,746676
Marseille,2026-04-18,Lorient,away,3-4-2-1,False,22,Timothy Weah,SUB,0,746676
Marseille,2026-04-18,Lorient,away,3-4-2-1,False,78,Ange Lago,SUB,0,746676
Angers,2026-04-18,Le Havre,home,5-3-2,True,12,Hervé Koffi,G,1,746673
Angers,2026-04-18,Le Havre,home,5-3-2,True,4,Ousmane Camara,CD,5,746673
Angers,2026-04-18,Le Havre,home,5-3-2,True,21,Jordan Lefort,CD-L,4,746673
Angers,2026-04-18,Le Havre,home,5-3-2,True,20,Marius Louãr,CD-R,6,746673
Angers,2026-04-18,Le Havre,home,5-3-2,True,3,Jacques Ekomie,LB,3,746673
Angers,2026-04-18,Le Havre,home,5-3-2,True,27,Lilian Raolisoa,RB,2,746673
Angers,2026-04-18,Le Havre,home,5-3-2,True,8,Branco van den Boomen,CM,8,746673
Angers,2026-04-18,Le Havre,home,5-3-2,True,93,Haris Belkebla,CM-L,11,746673
Angers,2026-04-18,Le Havre,home,5-3-2,True,15,Pierrick Capelle,CM-R,7,746673
Angers,2026-04-18,Le Havre,home,5-3-2,True,7,Amine Sbaï,CF-L,9,746673
Angers,2026-04-18,Le Havre,home,5-3-2,True,35,Prosper Peter,CF-R,10,746673
Angers,2026-04-18,Le Havre,home,5-3-2,False,6,Louis Mouton,SUB,0,746673
Angers,2026-04-18,Le Havre,home,5-3-2,False,25,Abdoulaye Bamba,SUB,0,746673
Angers,2026-04-18,Le Havre,home,5-3-2,False,23,Dan Sinaté,SUB,0,746673
Angers,2026-04-18,Le Havre,home,5-3-2,False,24,Emmanuel Biumla,SUB,0,746673
Angers,2026-04-18,Le Havre,home,5-3-2,False,16,Melvin Zinga,SUB,0,746673
Angers,2026-04-18,Le Havre,home,5-3-2,False,26,Florent Hanin,SUB,0,746673
Angers,2026-04-18,Le Havre,home,5-3-2,False,46,Bané Diatta,SUB,0,746673
Angers,2026-04-18,Le Havre,home,5-3-2,False,36,Lanroy Machine,SUB,0,746673
Angers,2026-04-18,Le Havre,home,5-3-2,False,9,Goduine Koyalipou,SUB,0,746673
Le Havre,2026-04-18,Angers,away,3-4-1-2,True,99,Mory Diaw,G,1,746673
Le Havre,2026-04-18,Angers,away,3-4-1-2,True,15,Ayumu Seko,CD,5,746673
Le Havre,2026-04-18,Angers,away,3-4-1-2,True,4,Gautier Lloris,CD-L,4,746673
Le Havre,2026-04-18,Angers,away,3-4-1-2,True,93,Arouna Sangante,CD-R,6,746673
Le Havre,2026-04-18,Angers,away,3-4-1-2,True,19,Lucas Gourna-Douath,CM-L,8,746673
Le Havre,2026-04-18,Angers,away,3-4-1-2,True,14,Rassoul Ndiaye,CM-R,7,746673
Le Havre,2026-04-18,Angers,away,3-4-1-2,True,17,Sofiane Boufal,AM,9,746673
Le Havre,2026-04-18,Angers,away,3-4-1-2,True,18,Yanis Zouaoui,LM,3,746673
Le Havre,2026-04-18,Angers,away,3-4-1-2,True,13,Fodé Doucouré,RM,2,746673
Le Havre,2026-04-18,Angers,away,3-4-1-2,True,45,Issa Soumaré,CF-L,11,746673
Le Havre,2026-04-18,Angers,away,3-4-1-2,True,25,Mbwana Samatta,CF-R,10,746673
Le Havre,2026-04-18,Angers,away,3-4-1-2,False,26,Simon Ebonog,SUB,0,746673
Le Havre,2026-04-18,Angers,away,3-4-1-2,False,29,Stephan Zagadou,SUB,0,746673
Le Havre,2026-04-18,Angers,away,3-4-1-2,False,32,Timothee Pembélé,SUB,0,746673
Le Havre,2026-04-18,Angers,away,3-4-1-2,False,77,Lionel Mpasi,SUB,0,746673
Le Havre,2026-04-18,Angers,away,3-4-1-2,False,7,Loïc Négo,SUB,0,746673
Le Havre,2026-04-18,Angers,away,3-4-1-2,False,11,Godson Kyeremeh,SUB,0,746673
Le Havre,2026-04-18,Angers,away,3-4-1-2,False,78,Daren Mosengo,SUB,0,746673
Le Havre,2026-04-18,Angers,away,3-4-1-2,False,8,Yassine Kechta,SUB,0,746673
Le Havre,2026-04-18,Angers,away,3-4-1-2,False,20,Noam Obougou,SUB,0,746673
Lille,2026-04-18,Nice,home,4-2-3-1,True,1,Berke Özer,G,1,746675
Lille,2026-04-18,Nice,home,4-2-3-1,True,23,Aïssa Mandi,CD-L,6,746675
Lille,2026-04-18,Nice,home,4-2-3-1,True,18,Chancel Mbemba,CD-R,5,746675
Lille,2026-04-18,Nice,home,4-2-3-1,True,15,Romain Perraud,LB,3,746675
Lille,2026-04-18,Nice,home,4-2-3-1,True,12,Thomas Meunier,RB,2,746675
Lille,2026-04-18,Nice,home,4-2-3-1,True,10,Hákon Haraldsson,AM,10,746675
Lille,2026-04-18,Nice,home,4-2-3-1,True,32,Ayyoub Bouaddi,LM,4,746675
Lille,2026-04-18,Nice,home,4-2-3-1,True,21,Benjamin André,RM,8,746675
Lille,2026-04-18,Nice,home,4-2-3-1,True,7,Matias Fernandez-Pardo,F,9,746675
Lille,2026-04-18,Nice,home,4-2-3-1,True,27,Felix Correia,AM-L,11,746675
Lille,2026-04-18,Nice,home,4-2-3-1,True,17,Ngal'ayel Mukau,AM-R,7,746675
Lille,2026-04-18,Nice,home,4-2-3-1,False,9,Olivier Giroud,SUB,0,746675
Lille,2026-04-18,Nice,home,4-2-3-1,False,24,Calvin Verdonk,SUB,0,746675
Lille,2026-04-18,Nice,home,4-2-3-1,False,8,Ethan Mbappé,SUB,0,746675
Lille,2026-04-18,Nice,home,4-2-3-1,False,22,Tiago Santos,SUB,0,746675
Lille,2026-04-18,Nice,home,4-2-3-1,False,4,Alexsandro,SUB,0,746675
Lille,2026-04-18,Nice,home,4-2-3-1,False,16,Arnaud Bodart,SUB,0,746675
Lille,2026-04-18,Nice,home,4-2-3-1,False,11,Osame Sahraoui,SUB,0,746675
Lille,2026-04-18,Nice,home,4-2-3-1,False,28,Gaetan Perrin,SUB,0,746675
Lille,2026-04-18,Nice,home,4-2-3-1,False,20,Noah Edjouma,SUB,0,746675
Nice,2026-04-18,Lille,away,5-4-1,True,80,Yehvann Diouf,G,1,746675
Nice,2026-04-18,Lille,away,5-4-1,True,28,Juma Bah,CD,5,746675
Nice,2026-04-18,Lille,away,5-4-1,True,37,Kojo Peprah Oppong,CD-L,4,746675
Nice,2026-04-18,Lille,away,5-4-1,True,33,Antoine Mendy,CD-R,6,746675
Nice,2026-04-18,Lille,away,5-4-1,True,26,Melvin Bard,LB,3,746675
Nice,2026-04-18,Lille,away,5-4-1,True,92,Jonathan Clauss,RB,2,746675
Nice,2026-04-18,Lille,away,5-4-1,True,22,Tanguy Ndombele,CM-L,10,746675
Nice,2026-04-18,Lille,away,5-4-1,True,99,Salis Abdul Samed,CM-R,8,746675
Nice,2026-04-18,Lille,away,5-4-1,True,10,Sofiane Diop,LM,11,746675
Nice,2026-04-18,Lille,away,5-4-1,True,25,Mohamed-Ali Cho,RM,7,746675
Nice,2026-04-18,Lille,away,5-4-1,True,11,Elye Wahi,F,9,746675
Nice,2026-04-18,Lille,away,5-4-1,False,39,Djibril Coulibaly,SUB,0,746675
Nice,2026-04-18,Lille,away,5-4-1,False,20,Tom Louchet,SUB,0,746675
Nice,2026-04-18,Lille,away,5-4-1,False,31,Maxime Dupé,SUB,0,746675
Nice,2026-04-18,Lille,away,5-4-1,False,36,Brad-Hamilton Mantsounga,SUB,0,746675
Nice,2026-04-18,Lille,away,5-4-1,False,23,Gabin Bernardeau,SUB,0,746675
Nice,2026-04-18,Lille,away,5-4-1,False,32,Kail Boudache,SUB,0,746675
Nice,2026-04-18,Lille,away,5-4-1,False,21,Isak Jansson,SUB,0,746675
Nice,2026-04-18,Lille,away,5-4-1,False,2,Ali Abdi,SUB,0,746675
Nice,2026-04-18,Lille,away,5-4-1,False,47,Tiago Gouveia,SUB,0,746675
Lens,2026-04-17,Toulouse,home,3-4-2-1,True,40,Robin Risser,G,1,746674
Lens,2026-04-17,Toulouse,home,3-4-2-1,True,20,Malang Sarr,CD,5,746674
Lens,2026-04-17,Toulouse,home,3-4-2-1,True,27,Arthur Masuaku,CD-L,4,746674
Lens,2026-04-17,Toulouse,home,3-4-2-1,True,25,Pierre Ganiou,CD-R,6,746674
Lens,2026-04-17,Toulouse,home,3-4-2-1,True,28,Adrien Thomasson,CM-L,8,746674
Lens,2026-04-17,Toulouse,home,3-4-2-1,True,8,Mamadou Sangare,CM-R,7,746674
Lens,2026-04-17,Toulouse,home,3-4-2-1,True,14,Matthieu Udol,LM,3,746674
Lens,2026-04-17,Toulouse,home,3-4-2-1,True,23,Saud Abdulhamid,RM,2,746674
Lens,2026-04-17,Toulouse,home,3-4-2-1,True,38,Rayan Fofana,F,9,746674
Lens,2026-04-17,Toulouse,home,3-4-2-1,True,22,Wesley Saïd,CF-L,11,746674
Lens,2026-04-17,Toulouse,home,3-4-2-1,True,7,Florian Sotoca,CF-R,10,746674
Lens,2026-04-17,Toulouse,home,3-4-2-1,False,21,Amadou Haidara,SUB,0,746674
Lens,2026-04-17,Toulouse,home,3-4-2-1,False,5,Andrija Bulatovic,SUB,0,746674
Lens,2026-04-17,Toulouse,home,3-4-2-1,False,16,Mathieu Gorgelin,SUB,0,746674
Lens,2026-04-17,Toulouse,home,3-4-2-1,False,19,Abdallah Sima,SUB,0,746674
Lens,2026-04-17,Toulouse,home,3-4-2-1,False,10,Florian Thauvin,SUB,0,746674
Lens,2026-04-17,Toulouse,home,3-4-2-1,False,9,Allan Saint-Maximin,SUB,0,746674
Lens,2026-04-17,Toulouse,home,3-4-2-1,False,2,Ruben Aguilar,SUB,0,746674
Lens,2026-04-17,Toulouse,home,3-4-2-1,False,6,Samson Baidoo,SUB,0,746674
Lens,2026-04-17,Toulouse,home,3-4-2-1,False,11,Odsonne Édouard,SUB,0,746674
Toulouse,2026-04-17,Lens,away,3-4-2-1,True,1,Guillaume Restes,G,1,746674
Toulouse,2026-04-17,Lens,away,3-4-2-1,True,4,Charlie Cresswell,CD,5,746674
Toulouse,2026-04-17,Lens,away,3-4-2-1,True,2,Rasmus Nicolaisen,CD-L,4,746674
Toulouse,2026-04-17,Lens,away,3-4-2-1,True,35,Seny Koumbassa,CD-R,6,746674
Toulouse,2026-04-17,Lens,away,3-4-2-1,True,45,Alexis Vossah,CM-L,8,746674
Toulouse,2026-04-17,Lens,away,3-4-2-1,True,23,Cristian Cásseres Jr.,CM-R,7,746674
Toulouse,2026-04-17,Lens,away,3-4-2-1,True,12,Waren Kamanzi,LM,3,746674
Toulouse,2026-04-17,Lens,away,3-4-2-1,True,15,Aron Donnum,RM,2,746674
Toulouse,2026-04-17,Lens,away,3-4-2-1,True,20,Emersonn,F,9,746674
Toulouse,2026-04-17,Lens,away,3-4-2-1,True,11,Santiago Hidalgo,CF-L,11,746674
Toulouse,2026-04-17,Lens,away,3-4-2-1,True,10,Yann Gboho,CF-R,10,746674
Toulouse,2026-04-17,Lens,away,3-4-2-1,False,16,Kjetil Haug,SUB,0,746674
Toulouse,2026-04-17,Lens,away,3-4-2-1,False,37,Ilyas Azizi,SUB,0,746674
Toulouse,2026-04-17,Lens,away,3-4-2-1,False,13,Jacen Russell-Rowe,SUB,0,746674
Toulouse,2026-04-17,Lens,away,3-4-2-1,False,18,Pape Diop,SUB,0,746674
Toulouse,2026-04-17,Lens,away,3-4-2-1,False,19,Djibril Sidibé,SUB,0,746674
Toulouse,2026-04-17,Lens,away,3-4-2-1,False,7,Julián Vignolo,SUB,0,746674
Toulouse,2026-04-17,Lens,away,3-4-2-1,False,44,Gaetan Bakhouche,SUB,0,746674
Toulouse,2026-04-17,Lens,away,3-4-2-1,False,77,Mario Sauer,SUB,0,746674
Toulouse,2026-04-17,Lens,away,3-4-2-1,False,24,Dayann Methalie,SUB,0,746674
Nantes,2026-04-19,Brest,home,4-1-4-1,True,1,Anthony Lopes,G,1,746679
Nantes,2026-04-19,Brest,home,4-1-4-1,True,3,Nicolas Cozza,CD-L,6,746679
Nantes,2026-04-19,Brest,home,4-1-4-1,True,2,Ali Almusrat,CD-R,5,746679
Nantes,2026-04-19,Brest,home,4-1-4-1,True,13,Francis Coquelin,DM,4,746679
Nantes,2026-04-19,Brest,home,4-1-4-1,True,27,Deiver Machado,LB,3,746679
Nantes,2026-04-19,Brest,home,4-1-4-1,True,24,Frédéric Guilbert,RB,2,746679
Nantes,2026-04-19,Brest,home,4-1-4-1,True,8,Johann Lepenant,CM-L,10,746679
Nantes,2026-04-19,Brest,home,4-1-4-1,True,28,Ibrahima Sissoko,CM-R,8,746679
Nantes,2026-04-19,Brest,home,4-1-4-1,True,37,Ignatius Ganago,LM,11,746679
Nantes,2026-04-19,Brest,home,4-1-4-1,True,17,Dehmaine Tabibou,RM,7,746679
Nantes,2026-04-19,Brest,home,4-1-4-1,True,31,Mostafa Mohamed,F,9,746679
Nantes,2026-04-19,Brest,home,4-1-4-1,False,19,Youssef El Arabi,SUB,0,746679
Nantes,2026-04-19,Brest,home,4-1-4-1,False,72,Sékou Doucouré,SUB,0,746679
Nantes,2026-04-19,Brest,home,4-1-4-1,False,10,Matthis Abline,SUB,0,746679
Nantes,2026-04-19,Brest,home,4-1-4-1,False,6,Chidozie Awaziem,SUB,0,746679
Nantes,2026-04-19,Brest,home,4-1-4-1,False,30,Patrick Carlgren,SUB,0,746679
Nantes,2026-04-19,Brest,home,4-1-4-1,False,11,Bahereba Guirassy,SUB,0,746679
Nantes,2026-04-19,Brest,home,4-1-4-1,False,22,Mathieu Acapandié,SUB,0,746679
Nantes,2026-04-19,Brest,home,4-1-4-1,False,66,Louis Leroux,SUB,0,746679
Nantes,2026-04-19,Brest,home,4-1-4-1,False,26,Uros Radakovic,SUB,0,746679
Brest,2026-04-19,Nantes,away,4-2-3-1,True,30,Grégoire Coudert,G,1,746679
Brest,2026-04-19,Nantes,away,4-2-3-1,True,44,Soumaila Coulibaly,CD-L,6,746679
Brest,2026-04-19,Nantes,away,4-2-3-1,True,5,Brendan Chardonnet,CD-R,5,746679
Brest,2026-04-19,Nantes,away,4-2-3-1,True,27,Daouda Guindo,LB,3,746679
Brest,2026-04-19,Nantes,away,4-2-3-1,True,12,Luc Zogbe,RB,2,746679
Brest,2026-04-19,Nantes,away,4-2-3-1,True,7,Junior Dina Ebimbe,AM,10,746679
Brest,2026-04-19,Nantes,away,4-2-3-1,True,8,Hugo Magnetti,LM,4,746679
Brest,2026-04-19,Nantes,away,4-2-3-1,True,13,Joris Chotard,RM,8,746679
Brest,2026-04-19,Nantes,away,4-2-3-1,True,19,Ludovic Ajorque,F,9,746679
Brest,2026-04-19,Nantes,away,4-2-3-1,True,14,Remy Labeau Lascary,AM-L,11,746679
Brest,2026-04-19,Nantes,away,4-2-3-1,True,10,Romain Del Castillo,AM-R,7,746679
Brest,2026-04-19,Nantes,away,4-2-3-1,False,1,Radoslaw Majecki,SUB,0,746679
Brest,2026-04-19,Nantes,away,4-2-3-1,False,71,Raphaël Le Guen,SUB,0,746679
Brest,2026-04-19,Nantes,away,4-2-3-1,False,21,Ibrahim Kanté,SUB,0,746679
Brest,2026-04-19,Nantes,away,4-2-3-1,False,33,Hamidou Makalou,SUB,0,746679
Brest,2026-04-19,Nantes,away,4-2-3-1,False,99,Pathé Mboup,SUB,0,746679
Brest,2026-04-19,Nantes,away,4-2-3-1,False,24,Lucas Tousart,SUB,0,746679
Brest,2026-04-19,Nantes,away,4-2-3-1,False,77,Kenny Lala,SUB,0,746679
Brest,2026-04-19,Nantes,away,4-2-3-1,False,29,Serigne Diop,SUB,0,746679
Monaco,2026-04-19,Auxerre,home,3-4-2-1,True,1,Lukas Hradecky,G,1,746678
Monaco,2026-04-19,Auxerre,home,3-4-2-1,True,6,Denis Zakaria,CD,5,746678
Monaco,2026-04-19,Auxerre,home,3-4-2-1,True,25,Wout Faes,CD-L,4,746678
Monaco,2026-04-19,Auxerre,home,3-4-2-1,True,5,Thilo Kehrer,CD-R,6,746678
Monaco,2026-04-19,Auxerre,home,3-4-2-1,True,23,Aladji Bamba,CM-L,8,746678
Monaco,2026-04-19,Auxerre,home,3-4-2-1,True,4,Jordan Teze,CM-R,7,746678
Monaco,2026-04-19,Auxerre,home,3-4-2-1,True,13,Christian Mawissa,LM,3,746678
Monaco,2026-04-19,Auxerre,home,3-4-2-1,True,27,Krépin Diatta,RM,2,746678
Monaco,2026-04-19,Auxerre,home,3-4-2-1,True,9,Folarin Balogun,F,9,746678
Monaco,2026-04-19,Auxerre,home,3-4-2-1,True,31,Ansu Fati,CF-L,11,746678
Monaco,2026-04-19,Auxerre,home,3-4-2-1,True,11,Maghnes Akliouche,CF-R,10,746678
Monaco,2026-04-19,Auxerre,home,3-4-2-1,False,24,Simon Adingra,SUB,0,746678
Monaco,2026-04-19,Auxerre,home,3-4-2-1,False,28,Mamadou Coulibaly,SUB,0,746678
Monaco,2026-04-19,Auxerre,home,3-4-2-1,False,3,Eric Dier,SUB,0,746678
Monaco,2026-04-19,Auxerre,home,3-4-2-1,False,8,Paul Pogba,SUB,0,746678
Monaco,2026-04-19,Auxerre,home,3-4-2-1,False,49,Ilane Touré,SUB,0,746678
Monaco,2026-04-19,Auxerre,home,3-4-2-1,False,14,Mika Biereth,SUB,0,746678
Monaco,2026-04-19,Auxerre,home,3-4-2-1,False,16,Philipp Köhn,SUB,0,746678
Monaco,2026-04-19,Auxerre,home,3-4-2-1,False,41,Pape Cabral,SUB,0,746678
Monaco,2026-04-19,Auxerre,home,3-4-2-1,False,10,Aleksandr Golovin,SUB,0,746678
Auxerre,2026-04-19,Monaco,away,4-2-3-1,True,16,Donovan Léon,G,1,746678
Auxerre,2026-04-19,Monaco,away,4-2-3-1,True,24,Bryan Okoh,CD-L,6,746678
Auxerre,2026-04-19,Monaco,away,4-2-3-1,True,20,Sinaly Diomande,CD-R,5,746678
Auxerre,2026-04-19,Monaco,away,4-2-3-1,True,14,Gideon Mensah,LB,3,746678
Auxerre,2026-04-19,Monaco,away,4-2-3-1,True,29,Marvin Senaya,RB,2,746678
Auxerre,2026-04-19,Monaco,away,4-2-3-1,True,19,Danny Namaso,AM,10,746678
Auxerre,2026-04-19,Monaco,away,4-2-3-1,True,5,Kévin Danois,LM,4,746678
Auxerre,2026-04-19,Monaco,away,4-2-3-1,True,42,Elisha Owusu,RM,8,746678
Auxerre,2026-04-19,Monaco,away,4-2-3-1,True,10,Lassine Sinayoko,F,9,746678
Auxerre,2026-04-19,Monaco,away,4-2-3-1,True,22,Fredrik Oppegard,AM-L,11,746678
Auxerre,2026-04-19,Monaco,away,4-2-3-1,True,28,Romain Faivre,AM-R,7,746678
Auxerre,2026-04-19,Monaco,away,4-2-3-1,False,30,Tom Negrel,SUB,0,746678
Auxerre,2026-04-19,Monaco,away,4-2-3-1,False,8,Naouirou Ahamada,SUB,0,746678
Auxerre,2026-04-19,Monaco,away,4-2-3-1,False,4,Francisco Sierralta,SUB,0,746678
Auxerre,2026-04-19,Monaco,away,4-2-3-1,False,27,Lamine Sy,SUB,0,746678
Auxerre,2026-04-19,Monaco,away,4-2-3-1,False,44,Mamoudou Cissokho,SUB,0,746678
Auxerre,2026-04-19,Monaco,away,4-2-3-1,False,40,Théo De Percin,SUB,0,746678
Auxerre,2026-04-19,Monaco,away,4-2-3-1,False,18,Assane Dioussé,SUB,0,746678
Auxerre,2026-04-19,Monaco,away,4-2-3-1,False,9,Sékou Mara,SUB,0,746678
Auxerre,2026-04-19,Monaco,away,4-2-3-1,False,7,Josué Casimir,SUB,0,746678
Metz,2026-04-19,Paris FC,home,4-2-3-1,True,61,Pape Sy,G,1,746677
Metz,2026-04-19,Paris FC,home,4-2-3-1,True,15,Terry Yegbe,CD-L,6,746677
Metz,2026-04-19,Paris FC,home,4-2-3-1,True,38,Sadibou Sané,CD-R,5,746677
Metz,2026-04-19,Paris FC,home,4-2-3-1,True,4,Urie-Michel Mboula,LB,3,746677
Metz,2026-04-19,Paris FC,home,4-2-3-1,True,39,Koffi Kouao,RB,2,746677
Metz,2026-04-19,Paris FC,home,4-2-3-1,True,10,Gauthier Hein,AM,10,746677
Metz,2026-04-19,Paris FC,home,4-2-3-1,True,20,Jessy Deminguet,LM,4,746677
Metz,2026-04-19,Paris FC,home,4-2-3-1,True,5,Jean-Philippe Gbamin,RM,8,746677
Metz,2026-04-19,Paris FC,home,4-2-3-1,True,30,Habib Diallo,F,9,746677
Metz,2026-04-19,Paris FC,home,4-2-3-1,True,7,Giorgi Tsitaishvili,AM-L,11,746677
Metz,2026-04-19,Paris FC,home,4-2-3-1,True,34,Nathan Mbala,AM-R,7,746677
Metz,2026-04-19,Paris FC,home,4-2-3-1,False,3,Moustapha Diop,SUB,0,746677
Metz,2026-04-19,Paris FC,home,4-2-3-1,False,19,Lucas Michel,SUB,0,746677
Metz,2026-04-19,Paris FC,home,4-2-3-1,False,11,Giorgi Kvilitaia,SUB,0,746677
Metz,2026-04-19,Paris FC,home,4-2-3-1,False,70,Bouna Sarr,SUB,0,746677
Metz,2026-04-19,Paris FC,home,4-2-3-1,False,21,Benjamin Stambouli,SUB,0,746677
Metz,2026-04-19,Paris FC,home,4-2-3-1,False,12,Alpha Touré,SUB,0,746677
Metz,2026-04-19,Paris FC,home,4-2-3-1,False,35,Jahyann Pandore,SUB,0,746677
Metz,2026-04-19,Paris FC,home,4-2-3-1,False,1,Jonathan Fischer,SUB,0,746677
Paris FC,2026-04-19,Metz,away,4-2-3-1,True,16,Obed Nkambadio,G,1,746677
Paris FC,2026-04-19,Metz,away,4-2-3-1,True,6,Otavio,CD-L,6,746677
Paris FC,2026-04-19,Metz,away,4-2-3-1,True,42,Diego Coppola,CD-R,5,746677
Paris FC,2026-04-19,Metz,away,4-2-3-1,True,28,Thibault De Smet,LB,3,746677
Paris FC,2026-04-19,Metz,away,4-2-3-1,True,14,Hamari Traoré,RB,2,746677
Paris FC,2026-04-19,Metz,away,4-2-3-1,True,10,Ilan Kebbal,AM,10,746677
Paris FC,2026-04-19,Metz,away,4-2-3-1,True,23,Rudy Matondo,LM,4,746677
Paris FC,2026-04-19,Metz,away,4-2-3-1,True,31,Samir Chergui,RM,8,746677
Paris FC,2026-04-19,Metz,away,4-2-3-1,True,36,Ciro Immobile,F,9,746677
Paris FC,2026-04-19,Metz,away,4-2-3-1,True,24,Luca Koleosho,AM-L,11,746677
Paris FC,2026-04-19,Metz,away,4-2-3-1,True,7,Alimani Gory,AM-R,7,746677
Paris FC,2026-04-19,Metz,away,4-2-3-1,False,4,Vincent Marchetti,SUB,0,746677
Paris FC,2026-04-19,Metz,away,4-2-3-1,False,9,Willem Geubbels,SUB,0,746677
Paris FC,2026-04-19,Metz,away,4-2-3-1,False,93,Jonathan Ikoné,SUB,0,746677
Paris FC,2026-04-19,Metz,away,4-2-3-1,False,19,Nhoa Sangui,SUB,0,746677
Paris FC,2026-04-19,Metz,away,4-2-3-1,False,5,Moustapha Mbow,SUB,0,746677
Paris FC,2026-04-19,Metz,away,4-2-3-1,False,35,Kevin Trapp,SUB,0,746677
Paris FC,2026-04-19,Metz,away,4-2-3-1,False,17,Adama Camara,SUB,0,746677
Paris FC,2026-04-19,Metz,away,4-2-3-1,False,18,Marshall Munetsi,SUB,0,746677
Paris FC,2026-04-19,Metz,away,4-2-3-1,False,13,Mathieu Cafaro,SUB,0,746677
Strasbourg,2026-04-19,Rennes,home,4-2-3-1,True,39,Mike Penders,G,1,746681
Strasbourg,2026-04-19,Rennes,home,4-2-3-1,True,24,Lucas Høgsberg,CD-L,6,746681
Strasbourg,2026-04-19,Rennes,home,4-2-3-1,True,18,Junior Mwanga,CD-R,5,746681
Strasbourg,2026-04-19,Rennes,home,4-2-3-1,True,83,Rafael Luís,LB,3,746681
Strasbourg,2026-04-19,Rennes,home,4-2-3-1,True,45,Amadou Cissé,RB,2,746681
Strasbourg,2026-04-19,Rennes,home,4-2-3-1,True,27,Samuel Amo-Ameyaw,AM,10,746681
Strasbourg,2026-04-19,Rennes,home,4-2-3-1,True,34,Idrissa Sabaly,LM,4,746681
Strasbourg,2026-04-19,Rennes,home,4-2-3-1,True,8,Maximillian Oyedele,RM,8,746681
Strasbourg,2026-04-19,Rennes,home,4-2-3-1,True,15,David Datro Fofana,F,9,746681
Strasbourg,2026-04-19,Rennes,home,4-2-3-1,True,11,Sebastian Nanasi,AM-L,11,746681
Strasbourg,2026-04-19,Rennes,home,4-2-3-1,True,80,Gessime Yassine,AM-R,7,746681
Strasbourg,2026-04-19,Rennes,home,4-2-3-1,False,20,Martial Godo,SUB,0,746681
Strasbourg,2026-04-19,Rennes,home,4-2-3-1,False,35,Yoann Becker,SUB,0,746681
Strasbourg,2026-04-19,Rennes,home,4-2-3-1,False,28,Tyrese Noubissie,SUB,0,746681
Strasbourg,2026-04-19,Rennes,home,4-2-3-1,False,29,Samir El Mourabet,SUB,0,746681
Strasbourg,2026-04-19,Rennes,home,4-2-3-1,False,50,Stefan Bajic,SUB,0,746681
Strasbourg,2026-04-19,Rennes,home,4-2-3-1,False,1,Karl-Johan Johnsson,SUB,0,746681
Strasbourg,2026-04-19,Rennes,home,4-2-3-1,False,33,Jean-Baptiste Bosey,SUB,0,746681
Strasbourg,2026-04-19,Rennes,home,4-2-3-1,False,19,Julio Enciso,SUB,0,746681
Strasbourg,2026-04-19,Rennes,home,4-2-3-1,False,2,Andrew Omobamidele,SUB,0,746681
Rennes,2026-04-19,Strasbourg,away,4-4-2,True,30,Brice Samba,G,1,746681
Rennes,2026-04-19,Strasbourg,away,4-4-2,True,3,Lilian Brassier,CD-L,6,746681
Rennes,2026-04-19,Strasbourg,away,4-4-2,True,48,Abdelhamid Aït Boudlal,CD-R,5,746681
Rennes,2026-04-19,Strasbourg,away,4-4-2,True,26,Quentin Merlin,LB,3,746681
Rennes,2026-04-19,Strasbourg,away,4-4-2,True,36,Alidu Seidu,RB,2,746681
Rennes,2026-04-19,Strasbourg,away,4-4-2,True,45,Mahdi Camara,CM-L,8,746681
Rennes,2026-04-19,Strasbourg,away,4-4-2,True,17,Sebastian Szymanski,CM-R,4,746681
Rennes,2026-04-19,Strasbourg,away,4-4-2,True,11,Mousa Al-Tamari,LM,11,746681
Rennes,2026-04-19,Strasbourg,away,4-4-2,True,10,Ludovic Blas,RM,7,746681
Rennes,2026-04-19,Strasbourg,away,4-4-2,True,7,Breel Embolo,CF-L,9,746681
Rennes,2026-04-19,Strasbourg,away,4-4-2,True,9,Esteban Lepaul,CF-R,10,746681
Rennes,2026-04-19,Strasbourg,away,4-4-2,False,6,Djaoui Cissé,SUB,0,746681
Rennes,2026-04-19,Strasbourg,away,4-4-2,False,65,Nordan Mukiele,SUB,0,746681
Rennes,2026-04-19,Strasbourg,away,4-4-2,False,50,Mathys Silistre,SUB,0,746681
Rennes,2026-04-19,Strasbourg,away,4-4-2,False,70,Arnaud Nordin,SUB,0,746681
Rennes,2026-04-19,Strasbourg,away,4-4-2,False,69,Henrick Do Marcolino,SUB,0,746681
Rennes,2026-04-19,Strasbourg,away,4-4-2,False,24,Anthony Rouault,SUB,0,746681
Rennes,2026-04-19,Strasbourg,away,4-4-2,False,18,Mahamadou Nagida,SUB,0,746681
Rennes,2026-04-19,Strasbourg,away,4-4-2,False,4,Glen Kamara,SUB,0,746681
Rennes,2026-04-19,Strasbourg,away,4-4-2,False,77,Yassir Zabiri,SUB,0,746681
Brest,2026-04-24,Lens,home,4-1-4-1,True,30,Grégoire Coudert,G,1,746683
Brest,2026-04-24,Lens,home,4-1-4-1,True,44,Soumaila Coulibaly,CD-L,6,746683
Brest,2026-04-24,Lens,home,4-1-4-1,True,5,Brendan Chardonnet,CD-R,5,746683
Brest,2026-04-24,Lens,home,4-1-4-1,True,13,Joris Chotard,DM,4,746683
Brest,2026-04-24,Lens,home,4-1-4-1,True,27,Daouda Guindo,LB,3,746683
Brest,2026-04-24,Lens,home,4-1-4-1,True,77,Kenny Lala,RB,2,746683
Brest,2026-04-24,Lens,home,4-1-4-1,True,8,Hugo Magnetti,CM-L,10,746683
Brest,2026-04-24,Lens,home,4-1-4-1,True,24,Lucas Tousart,CM-R,8,746683
Brest,2026-04-24,Lens,home,4-1-4-1,True,7,Junior Dina Ebimbe,LM,11,746683
Brest,2026-04-24,Lens,home,4-1-4-1,True,10,Romain Del Castillo,RM,7,746683
Brest,2026-04-24,Lens,home,4-1-4-1,True,19,Ludovic Ajorque,F,9,746683
Brest,2026-04-24,Lens,home,4-1-4-1,False,99,Pathé Mboup,SUB,0,746683
Brest,2026-04-24,Lens,home,4-1-4-1,False,17,Mama Baldé,SUB,0,746683
Brest,2026-04-24,Lens,home,4-1-4-1,False,4,Michel Diaz,SUB,0,746683
Brest,2026-04-24,Lens,home,4-1-4-1,False,21,Ibrahim Kanté,SUB,0,746683
Brest,2026-04-24,Lens,home,4-1-4-1,False,33,Hamidou Makalou,SUB,0,746683
Brest,2026-04-24,Lens,home,4-1-4-1,False,12,Luc Zogbe,SUB,0,746683
Brest,2026-04-24,Lens,home,4-1-4-1,False,1,Radoslaw Majecki,SUB,0,746683
Brest,2026-04-24,Lens,home,4-1-4-1,False,39,Axel Lassus,SUB,0,746683
Brest,2026-04-24,Lens,home,4-1-4-1,False,50,Noah Jauny,SUB,0,746683
Lens,2026-04-24,Brest,away,3-4-2-1,True,40,Robin Risser,G,1,746683
Lens,2026-04-24,Brest,away,3-4-2-1,True,20,Malang Sarr,CD,5,746683
Lens,2026-04-24,Brest,away,3-4-2-1,True,27,Arthur Masuaku,CD-L,4,746683
Lens,2026-04-24,Brest,away,3-4-2-1,True,25,Pierre Ganiou,CD-R,6,746683
Lens,2026-04-24,Brest,away,3-4-2-1,True,28,Adrien Thomasson,CM-L,8,746683
Lens,2026-04-24,Brest,away,3-4-2-1,True,8,Mamadou Sangare,CM-R,7,746683
Lens,2026-04-24,Brest,away,3-4-2-1,True,14,Matthieu Udol,LM,3,746683
Lens,2026-04-24,Brest,away,3-4-2-1,True,2,Ruben Aguilar,RM,2,746683
Lens,2026-04-24,Brest,away,3-4-2-1,True,19,Abdallah Sima,F,9,746683
Lens,2026-04-24,Brest,away,3-4-2-1,True,22,Wesley Saïd,CF-L,11,746683
Lens,2026-04-24,Brest,away,3-4-2-1,True,7,Florian Sotoca,CF-R,10,746683
Lens,2026-04-24,Brest,away,3-4-2-1,False,5,Andrija Bulatovic,SUB,0,746683
Lens,2026-04-24,Brest,away,3-4-2-1,False,21,Amadou Haidara,SUB,0,746683
Lens,2026-04-24,Brest,away,3-4-2-1,False,11,Odsonne Édouard,SUB,0,746683
Lens,2026-04-24,Brest,away,3-4-2-1,False,9,Allan Saint-Maximin,SUB,0,746683
Lens,2026-04-24,Brest,away,3-4-2-1,False,10,Florian Thauvin,SUB,0,746683
Lens,2026-04-24,Brest,away,3-4-2-1,False,16,Mathieu Gorgelin,SUB,0,746683
Lens,2026-04-24,Brest,away,3-4-2-1,False,38,Rayan Fofana,SUB,0,746683
Lens,2026-04-24,Brest,away,3-4-2-1,False,6,Samson Baidoo,SUB,0,746683
Lens,2026-04-24,Brest,away,3-4-2-1,False,23,Saud Abdulhamid,SUB,0,746683
PSG,2026-04-22,Nantes,home,4-3-3,True,39,Matvei Safonov,G,1,746643
PSG,2026-04-22,Nantes,home,4-3-3,True,6,Illia Zabarnyi,CD-L,6,746643
PSG,2026-04-22,Nantes,home,4-3-3,True,5,Marquinhos,CD-R,5,746643
PSG,2026-04-22,Nantes,home,4-3-3,True,33,Warren Zaïre-Emery,LB,3,746643
PSG,2026-04-22,Nantes,home,4-3-3,True,2,Achraf Hakimi,RB,2,746643
PSG,2026-04-22,Nantes,home,4-3-3,True,4,Lucas Beraldo,CM,4,746643
PSG,2026-04-22,Nantes,home,4-3-3,True,27,Dro Fernández,LM,8,746643
PSG,2026-04-22,Nantes,home,4-3-3,True,87,João Neves,RM,7,746643
PSG,2026-04-22,Nantes,home,4-3-3,True,10,Ousmane Dembélé,F,9,746643
PSG,2026-04-22,Nantes,home,4-3-3,True,7,Khvicha Kvaratskhelia,LF,11,746643
PSG,2026-04-22,Nantes,home,4-3-3,True,14,Désiré Doué,RF,10,746643
PSG,2026-04-22,Nantes,home,4-3-3,False,24,Senny Mayulu,SUB,0,746643
PSG,2026-04-22,Nantes,home,4-3-3,False,51,Willian Pacho,SUB,0,746643
PSG,2026-04-22,Nantes,home,4-3-3,False,19,Lee Kang-In,SUB,0,746643
PSG,2026-04-22,Nantes,home,4-3-3,False,49,Ibrahim Mbaye,SUB,0,746643
PSG,2026-04-22,Nantes,home,4-3-3,False,30,Lucas Chevalier,SUB,0,746643
PSG,2026-04-22,Nantes,home,4-3-3,False,8,Fabián Ruiz,SUB,0,746643
PSG,2026-04-22,Nantes,home,4-3-3,False,21,Lucas Hernández,SUB,0,746643
PSG,2026-04-22,Nantes,home,4-3-3,False,29,Bradley Barcola,SUB,0,746643
PSG,2026-04-22,Nantes,home,4-3-3,False,9,Gonçalo Ramos,SUB,0,746643
Nantes,2026-04-22,PSG,away,5-3-2,True,1,Anthony Lopes,G,1,746643
Nantes,2026-04-22,PSG,away,5-3-2,True,2,Ali Almusrat,CD,5,746643
Nantes,2026-04-22,PSG,away,5-3-2,True,3,Nicolas Cozza,CD-L,4,746643
Nantes,2026-04-22,PSG,away,5-3-2,True,24,Frédéric Guilbert,CD-R,6,746643
Nantes,2026-04-22,PSG,away,5-3-2,True,27,Deiver Machado,LB,3,746643
Nantes,2026-04-22,PSG,away,5-3-2,True,22,Mathieu Acapandié,RB,2,746643
Nantes,2026-04-22,PSG,away,5-3-2,True,28,Ibrahima Sissoko,CM,8,746643
Nantes,2026-04-22,PSG,away,5-3-2,True,66,Louis Leroux,CM-L,11,746643
Nantes,2026-04-22,PSG,away,5-3-2,True,8,Johann Lepenant,CM-R,7,746643
Nantes,2026-04-22,PSG,away,5-3-2,True,10,Matthis Abline,CF-L,9,746643
Nantes,2026-04-22,PSG,away,5-3-2,True,31,Mostafa Mohamed,CF-R,10,746643
Nantes,2026-04-22,PSG,away,5-3-2,False,26,Uros Radakovic,SUB,0,746643
Nantes,2026-04-22,PSG,away,5-3-2,False,37,Ignatius Ganago,SUB,0,746643
Nantes,2026-04-22,PSG,away,5-3-2,False,52,Bahmed Deuff,SUB,0,746643
Nantes,2026-04-22,PSG,away,5-3-2,False,30,Patrick Carlgren,SUB,0,746643
Nantes,2026-04-22,PSG,away,5-3-2,False,19,Youssef El Arabi,SUB,0,746643
Nantes,2026-04-22,PSG,away,5-3-2,False,72,Sékou Doucouré,SUB,0,746643
Nantes,2026-04-22,PSG,away,5-3-2,False,11,Bahereba Guirassy,SUB,0,746643
Nantes,2026-04-22,PSG,away,5-3-2,False,17,Dehmaine Tabibou,SUB,0,746643
Nantes,2026-04-22,PSG,away,5-3-2,False,6,Chidozie Awaziem,SUB,0,746643
Toulouse,2026-04-25,Monaco,home,3-4-2-1,True,1,Guillaume Restes,G,1,746690
Toulouse,2026-04-25,Monaco,home,3-4-2-1,True,4,Charlie Cresswell,CD,5,746690
Toulouse,2026-04-25,Monaco,home,3-4-2-1,True,2,Rasmus Nicolaisen,CD-L,4,746690
Toulouse,2026-04-25,Monaco,home,3-4-2-1,True,3,Mark McKenzie,CD-R,6,746690
Toulouse,2026-04-25,Monaco,home,3-4-2-1,True,23,Cristian Cásseres Jr.,CM-L,8,746690
Toulouse,2026-04-25,Monaco,home,3-4-2-1,True,45,Alexis Vossah,CM-R,7,746690
Toulouse,2026-04-25,Monaco,home,3-4-2-1,True,24,Dayann Methalie,LM,3,746690
Toulouse,2026-04-25,Monaco,home,3-4-2-1,True,15,Aron Donnum,RM,2,746690
Toulouse,2026-04-25,Monaco,home,3-4-2-1,True,13,Jacen Russell-Rowe,F,9,746690
Toulouse,2026-04-25,Monaco,home,3-4-2-1,True,18,Pape Diop,CF-L,11,746690
Toulouse,2026-04-25,Monaco,home,3-4-2-1,True,11,Santiago Hidalgo,CF-R,10,746690
Toulouse,2026-04-25,Monaco,home,3-4-2-1,False,37,Ilyas Azizi,SUB,0,746690
Toulouse,2026-04-25,Monaco,home,3-4-2-1,False,12,Waren Kamanzi,SUB,0,746690
Toulouse,2026-04-25,Monaco,home,3-4-2-1,False,16,Kjetil Haug,SUB,0,746690
Toulouse,2026-04-25,Monaco,home,3-4-2-1,False,40,Naime Said Mchindra,SUB,0,746690
Toulouse,2026-04-25,Monaco,home,3-4-2-1,False,20,Emersonn,SUB,0,746690
Toulouse,2026-04-25,Monaco,home,3-4-2-1,False,19,Djibril Sidibé,SUB,0,746690
Toulouse,2026-04-25,Monaco,home,3-4-2-1,False,77,Mario Sauer,SUB,0,746690
Toulouse,2026-04-25,Monaco,home,3-4-2-1,False,35,Seny Koumbassa,SUB,0,746690
Toulouse,2026-04-25,Monaco,home,3-4-2-1,False,7,Julián Vignolo,SUB,0,746690
Monaco,2026-04-25,Toulouse,away,3-4-2-1,True,1,Lukas Hradecky,G,1,746690
Monaco,2026-04-25,Toulouse,away,3-4-2-1,True,25,Wout Faes,CD,5,746690
Monaco,2026-04-25,Toulouse,away,3-4-2-1,True,13,Christian Mawissa,CD-L,4,746690
Monaco,2026-04-25,Toulouse,away,3-4-2-1,True,5,Thilo Kehrer,CD-R,6,746690
Monaco,2026-04-25,Toulouse,away,3-4-2-1,True,6,Denis Zakaria,CM-L,8,746690
Monaco,2026-04-25,Toulouse,away,3-4-2-1,True,15,Lamine Camara,CM-R,7,746690
Monaco,2026-04-25,Toulouse,away,3-4-2-1,True,24,Simon Adingra,LM,3,746690
Monaco,2026-04-25,Toulouse,away,3-4-2-1,True,4,Jordan Teze,RM,2,746690
Monaco,2026-04-25,Toulouse,away,3-4-2-1,True,9,Folarin Balogun,F,9,746690
Monaco,2026-04-25,Toulouse,away,3-4-2-1,True,31,Ansu Fati,CF-L,11,746690
Monaco,2026-04-25,Toulouse,away,3-4-2-1,True,11,Maghnes Akliouche,CF-R,10,746690
Monaco,2026-04-25,Toulouse,away,3-4-2-1,False,28,Mamadou Coulibaly,SUB,0,746690
Monaco,2026-04-25,Toulouse,away,3-4-2-1,False,14,Mika Biereth,SUB,0,746690
Monaco,2026-04-25,Toulouse,away,3-4-2-1,False,10,Aleksandr Golovin,SUB,0,746690
Monaco,2026-04-25,Toulouse,away,3-4-2-1,False,8,Paul Pogba,SUB,0,746690
Monaco,2026-04-25,Toulouse,away,3-4-2-1,False,23,Aladji Bamba,SUB,0,746690
Monaco,2026-04-25,Toulouse,away,3-4-2-1,False,3,Eric Dier,SUB,0,746690
Monaco,2026-04-25,Toulouse,away,3-4-2-1,False,49,Ilane Touré,SUB,0,746690
Monaco,2026-04-25,Toulouse,away,3-4-2-1,False,16,Philipp Köhn,SUB,0,746690
Monaco,2026-04-25,Toulouse,away,3-4-2-1,False,44,Samuel Nibombé,SUB,0,746690
PSG,2026-04-19,Lyon,home,4-3-3,True,39,Matvei Safonov,G,1,746680
PSG,2026-04-19,Lyon,home,4-3-3,True,51,Willian Pacho,CD-L,6,746680
PSG,2026-04-19,Lyon,home,4-3-3,True,6,Illia Zabarnyi,CD-R,5,746680
PSG,2026-04-19,Lyon,home,4-3-3,True,21,Lucas Hernández,LB,3,746680
PSG,2026-04-19,Lyon,home,4-3-3,True,2,Achraf Hakimi,RB,2,746680
PSG,2026-04-19,Lyon,home,4-3-3,True,4,Lucas Beraldo,CM,4,746680
PSG,2026-04-19,Lyon,home,4-3-3,True,17,Vitinha,LM,8,746680
PSG,2026-04-19,Lyon,home,4-3-3,True,24,Senny Mayulu,RM,7,746680
PSG,2026-04-19,Lyon,home,4-3-3,True,9,Gonçalo Ramos,F,9,746680
PSG,2026-04-19,Lyon,home,4-3-3,True,29,Bradley Barcola,LF,11,746680
PSG,2026-04-19,Lyon,home,4-3-3,True,14,Désiré Doué,RF,10,746680
PSG,2026-04-19,Lyon,home,4-3-3,False,87,João Neves,SUB,0,746680
PSG,2026-04-19,Lyon,home,4-3-3,False,19,Lee Kang-In,SUB,0,746680
PSG,2026-04-19,Lyon,home,4-3-3,False,5,Marquinhos,SUB,0,746680
PSG,2026-04-19,Lyon,home,4-3-3,False,7,Khvicha Kvaratskhelia,SUB,0,746680
PSG,2026-04-19,Lyon,home,4-3-3,False,33,Warren Zaïre-Emery,SUB,0,746680
PSG,2026-04-19,Lyon,home,4-3-3,False,8,Fabián Ruiz,SUB,0,746680
PSG,2026-04-19,Lyon,home,4-3-3,False,30,Lucas Chevalier,SUB,0,746680
PSG,2026-04-19,Lyon,home,4-3-3,False,10,Ousmane Dembélé,SUB,0,746680
PSG,2026-04-19,Lyon,home,4-3-3,False,27,Dro Fernández,SUB,0,746680
Lyon,2026-04-19,PSG,away,4-3-1-2,False,33,Hans Hateboer,,0,746680
Lyon,2026-04-19,PSG,away,4-3-1-2,False,18,Rachid Ghezzal,,0,746680
Lyon,2026-04-19,PSG,away,4-3-1-2,False,40,Rémy Descamps,,0,746680
Lyon,2026-04-19,PSG,away,4-3-1-2,False,77,Roman Yaremchuk,,0,746680
Lyon,2026-04-19,PSG,away,4-3-1-2,False,85,Noham Kamara,,0,746680
Lyon,2026-04-19,PSG,away,4-3-1-2,False,7,Adam Karabec,,0,746680
Lyon,2026-04-19,PSG,away,4-3-1-2,False,34,Steeve Kango,,0,746680
Lyon,2026-04-19,PSG,away,4-3-1-2,False,99,Noah Nartey,,0,746680
Lyon,2026-04-19,PSG,away,4-3-1-2,False,6,Tanner Tessmann,,0,746680
Lyon,2026-04-19,PSG,away,4-3-1-2,True,1,Dominik Greif,G,1,746680
Lyon,2026-04-19,PSG,away,4-3-1-2,True,19,Moussa Niakhaté,CD-L,6,746680
Lyon,2026-04-19,PSG,away,4-3-1-2,True,22,Clinton Mata,CD-R,5,746680
Lyon,2026-04-19,PSG,away,4-3-1-2,True,21,Ruben Kluivert,LB,3,746680
Lyon,2026-04-19,PSG,away,4-3-1-2,True,98,Ainsley Maitland-Niles,RB,2,746680
Lyon,2026-04-19,PSG,away,4-3-1-2,True,17,Afonso Moreira,M,10,746680
Lyon,2026-04-19,PSG,away,4-3-1-2,True,5,Orel Mangala,CM,4,746680
Lyon,2026-04-19,PSG,away,4-3-1-2,True,44,Khalis Merah,AM,8,746680
Lyon,2026-04-19,PSG,away,4-3-1-2,True,16,Abner,LM,11,746680
Lyon,2026-04-19,PSG,away,4-3-1-2,True,23,Tyler Morton,RM,7,746680
Lyon,2026-04-19,PSG,away,4-3-1-2,True,9,Endrick,CF-R,9,746680
Lyon,2026-04-25,Auxerre,home,4-2-3-1,True,1,Dominik Greif,G,1,746686
Lyon,2026-04-25,Auxerre,home,4-2-3-1,True,19,Moussa Niakhaté,CD-L,6,746686
Lyon,2026-04-25,Auxerre,home,4-2-3-1,True,22,Clinton Mata,CD-R,5,746686
Lyon,2026-04-25,Auxerre,home,4-2-3-1,True,16,Abner,LB,3,746686
Lyon,2026-04-25,Auxerre,home,4-2-3-1,True,98,Ainsley Maitland-Niles,RB,2,746686
Lyon,2026-04-25,Auxerre,home,4-2-3-1,True,44,Khalis Merah,AM,10,746686
Lyon,2026-04-25,Auxerre,home,4-2-3-1,True,5,Orel Mangala,LM,4,746686
Lyon,2026-04-25,Auxerre,home,4-2-3-1,True,23,Tyler Morton,RM,8,746686
Lyon,2026-04-25,Auxerre,home,4-2-3-1,True,77,Roman Yaremchuk,F,9,746686
Lyon,2026-04-25,Auxerre,home,4-2-3-1,True,17,Afonso Moreira,AM-L,11,746686
Lyon,2026-04-25,Auxerre,home,4-2-3-1,True,9,Endrick,AM-R,7,746686
Lyon,2026-04-25,Auxerre,home,4-2-3-1,False,3,Nicolás Tagliafico,SUB,0,746686
Lyon,2026-04-25,Auxerre,home,4-2-3-1,False,33,Hans Hateboer,SUB,0,746686
Lyon,2026-04-25,Auxerre,home,4-2-3-1,False,8,Corentin Tolisso,SUB,0,746686
Lyon,2026-04-25,Auxerre,home,4-2-3-1,False,18,Rachid Ghezzal,SUB,0,746686
Lyon,2026-04-25,Auxerre,home,4-2-3-1,False,40,Rémy Descamps,SUB,0,746686
Lyon,2026-04-25,Auxerre,home,4-2-3-1,False,21,Ruben Kluivert,SUB,0,746686
Lyon,2026-04-25,Auxerre,home,4-2-3-1,False,6,Tanner Tessmann,SUB,0,746686
Lyon,2026-04-25,Auxerre,home,4-2-3-1,False,99,Noah Nartey,SUB,0,746686
Lyon,2026-04-25,Auxerre,home,4-2-3-1,False,10,Pavel Sulc,SUB,0,746686
Auxerre,2026-04-25,Lyon,away,4-2-3-1,True,40,Théo De Percin,G,1,746686
Auxerre,2026-04-25,Lyon,away,4-2-3-1,True,24,Bryan Okoh,CD-L,6,746686
Auxerre,2026-04-25,Lyon,away,4-2-3-1,True,20,Sinaly Diomande,CD-R,5,746686
Auxerre,2026-04-25,Lyon,away,4-2-3-1,True,14,Gideon Mensah,LB,3,746686
Auxerre,2026-04-25,Lyon,away,4-2-3-1,True,29,Marvin Senaya,RB,2,746686
Auxerre,2026-04-25,Lyon,away,4-2-3-1,True,19,Danny Namaso,AM,10,746686
Auxerre,2026-04-25,Lyon,away,4-2-3-1,True,5,Kévin Danois,LM,4,746686
Auxerre,2026-04-25,Lyon,away,4-2-3-1,True,42,Elisha Owusu,RM,8,746686
Auxerre,2026-04-25,Lyon,away,4-2-3-1,True,10,Lassine Sinayoko,F,9,746686
Auxerre,2026-04-25,Lyon,away,4-2-3-1,True,22,Fredrik Oppegard,AM-L,11,746686
Auxerre,2026-04-25,Lyon,away,4-2-3-1,True,28,Romain Faivre,AM-R,7,746686
Auxerre,2026-04-25,Lyon,away,4-2-3-1,False,92,Clément Akpa,SUB,0,746686
Auxerre,2026-04-25,Lyon,away,4-2-3-1,False,27,Lamine Sy,SUB,0,746686
Auxerre,2026-04-25,Lyon,away,4-2-3-1,False,7,Josué Casimir,SUB,0,746686
Auxerre,2026-04-25,Lyon,away,4-2-3-1,False,8,Naouirou Ahamada,SUB,0,746686
Auxerre,2026-04-25,Lyon,away,4-2-3-1,False,21,Lasso Coulibaly,SUB,0,746686
Auxerre,2026-04-25,Lyon,away,4-2-3-1,False,4,Francisco Sierralta,SUB,0,746686
Auxerre,2026-04-25,Lyon,away,4-2-3-1,False,18,Assane Dioussé,SUB,0,746686
Auxerre,2026-04-25,Lyon,away,4-2-3-1,False,30,Tom Negrel,SUB,0,746686
Auxerre,2026-04-25,Lyon,away,4-2-3-1,False,9,Sékou Mara,SUB,0,746686
Angers,2026-04-25,PSG,home,5-3-2,True,12,Hervé Koffi,G,1,746682
Angers,2026-04-25,PSG,home,5-3-2,True,24,Emmanuel Biumla,CD,5,746682
Angers,2026-04-25,PSG,home,5-3-2,True,21,Jordan Lefort,CD-L,4,746682
Angers,2026-04-25,PSG,home,5-3-2,True,25,Abdoulaye Bamba,CD-R,6,746682
Angers,2026-04-25,PSG,home,5-3-2,True,3,Jacques Ekomie,LB,3,746682
Angers,2026-04-25,PSG,home,5-3-2,True,27,Lilian Raolisoa,RB,2,746682
Angers,2026-04-25,PSG,home,5-3-2,True,8,Branco van den Boomen,CM,8,746682
Angers,2026-04-25,PSG,home,5-3-2,True,93,Haris Belkebla,CM-L,11,746682
Angers,2026-04-25,PSG,home,5-3-2,True,15,Pierrick Capelle,CM-R,7,746682
Angers,2026-04-25,PSG,home,5-3-2,True,7,Amine Sbaï,CF-L,9,746682
Angers,2026-04-25,PSG,home,5-3-2,True,35,Prosper Peter,CF-R,10,746682
Angers,2026-04-25,PSG,home,5-3-2,False,16,Melvin Zinga,SUB,0,746682
Angers,2026-04-25,PSG,home,5-3-2,False,9,Goduine Koyalipou,SUB,0,746682
Angers,2026-04-25,PSG,home,5-3-2,False,42,Maël Gernigon,SUB,0,746682
Angers,2026-04-25,PSG,home,5-3-2,False,23,Dan Sinaté,SUB,0,746682
Angers,2026-04-25,PSG,home,5-3-2,False,6,Louis Mouton,SUB,0,746682
Angers,2026-04-25,PSG,home,5-3-2,False,4,Ousmane Camara,SUB,0,746682
Angers,2026-04-25,PSG,home,5-3-2,False,36,Lanroy Machine,SUB,0,746682
Angers,2026-04-25,PSG,home,5-3-2,False,26,Florent Hanin,SUB,0,746682
Angers,2026-04-25,PSG,home,5-3-2,False,46,Bané Diatta,SUB,0,746682
PSG,2026-04-25,Angers,away,4-3-3,True,39,Matvei Safonov,G,1,746682
PSG,2026-04-25,Angers,away,4-3-3,True,51,Willian Pacho,CD-L,6,746682
PSG,2026-04-25,Angers,away,4-3-3,True,6,Illia Zabarnyi,CD-R,5,746682
PSG,2026-04-25,Angers,away,4-3-3,True,21,Lucas Hernández,LB,3,746682
PSG,2026-04-25,Angers,away,4-3-3,True,2,Achraf Hakimi,RB,2,746682
PSG,2026-04-25,Angers,away,4-3-3,True,4,Lucas Beraldo,CM,4,746682
PSG,2026-04-25,Angers,away,4-3-3,True,8,Fabián Ruiz,LM,8,746682
PSG,2026-04-25,Angers,away,4-3-3,True,24,Senny Mayulu,RM,7,746682
PSG,2026-04-25,Angers,away,4-3-3,True,9,Gonçalo Ramos,F,9,746682
PSG,2026-04-25,Angers,away,4-3-3,True,29,Bradley Barcola,LF,11,746682
PSG,2026-04-25,Angers,away,4-3-3,True,19,Lee Kang-In,RF,10,746682
PSG,2026-04-25,Angers,away,4-3-3,False,10,Ousmane Dembélé,SUB,0,746682
PSG,2026-04-25,Angers,away,4-3-3,False,27,Dro Fernández,SUB,0,746682
PSG,2026-04-25,Angers,away,4-3-3,False,14,Désiré Doué,SUB,0,746682
PSG,2026-04-25,Angers,away,4-3-3,False,33,Warren Zaïre-Emery,SUB,0,746682
PSG,2026-04-25,Angers,away,4-3-3,False,87,João Neves,SUB,0,746682
PSG,2026-04-25,Angers,away,4-3-3,False,30,Lucas Chevalier,SUB,0,746682
PSG,2026-04-25,Angers,away,4-3-3,False,49,Ibrahim Mbaye,SUB,0,746682
PSG,2026-04-25,Angers,away,4-3-3,False,25,Nuno Mendes,SUB,0,746682
PSG,2026-04-25,Angers,away,4-3-3,False,7,Khvicha Kvaratskhelia,SUB,0,746682
Paris FC,2026-04-26,Lille,home,4-2-3-1,True,35,Kevin Trapp,G,1,746688
Paris FC,2026-04-26,Lille,home,4-2-3-1,True,5,Moustapha Mbow,CD-L,6,746688
Paris FC,2026-04-26,Lille,home,4-2-3-1,True,42,Diego Coppola,CD-R,5,746688
Paris FC,2026-04-26,Lille,home,4-2-3-1,True,19,Nhoa Sangui,LB,3,746688
Paris FC,2026-04-26,Lille,home,4-2-3-1,True,17,Adama Camara,RB,2,746688
Paris FC,2026-04-26,Lille,home,4-2-3-1,True,18,Marshall Munetsi,AM,10,746688
Paris FC,2026-04-26,Lille,home,4-2-3-1,True,21,Maxime López,LM,4,746688
Paris FC,2026-04-26,Lille,home,4-2-3-1,True,33,Pierre Lees-Melou,RM,8,746688
Paris FC,2026-04-26,Lille,home,4-2-3-1,True,36,Ciro Immobile,F,9,746688
Paris FC,2026-04-26,Lille,home,4-2-3-1,True,27,Moses Simon,AM-L,11,746688
Paris FC,2026-04-26,Lille,home,4-2-3-1,True,93,Jonathan Ikoné,AM-R,7,746688
Paris FC,2026-04-26,Lille,home,4-2-3-1,False,10,Ilan Kebbal,SUB,0,746688
Paris FC,2026-04-26,Lille,home,4-2-3-1,False,16,Obed Nkambadio,SUB,0,746688
Paris FC,2026-04-26,Lille,home,4-2-3-1,False,6,Otavio,SUB,0,746688
Paris FC,2026-04-26,Lille,home,4-2-3-1,False,23,Rudy Matondo,SUB,0,746688
Paris FC,2026-04-26,Lille,home,4-2-3-1,False,9,Willem Geubbels,SUB,0,746688
Paris FC,2026-04-26,Lille,home,4-2-3-1,False,24,Luca Koleosho,SUB,0,746688
Paris FC,2026-04-26,Lille,home,4-2-3-1,False,14,Hamari Traoré,SUB,0,746688
Paris FC,2026-04-26,Lille,home,4-2-3-1,False,31,Samir Chergui,SUB,0,746688
Paris FC,2026-04-26,Lille,home,4-2-3-1,False,7,Alimani Gory,SUB,0,746688
Lille,2026-04-26,Paris FC,away,4-2-3-1,True,1,Berke Özer,G,1,746688
Lille,2026-04-26,Paris FC,away,4-2-3-1,True,23,Aïssa Mandi,CD-L,6,746688
Lille,2026-04-26,Paris FC,away,4-2-3-1,True,3,Nathan Ngoy,CD-R,5,746688
Lille,2026-04-26,Paris FC,away,4-2-3-1,True,15,Romain Perraud,LB,3,746688
Lille,2026-04-26,Paris FC,away,4-2-3-1,True,12,Thomas Meunier,RB,2,746688
Lille,2026-04-26,Paris FC,away,4-2-3-1,True,10,Hákon Haraldsson,AM,10,746688
Lille,2026-04-26,Paris FC,away,4-2-3-1,True,32,Ayyoub Bouaddi,LM,4,746688
Lille,2026-04-26,Paris FC,away,4-2-3-1,True,21,Benjamin André,RM,8,746688
Lille,2026-04-26,Paris FC,away,4-2-3-1,True,7,Matias Fernandez-Pardo,F,9,746688
Lille,2026-04-26,Paris FC,away,4-2-3-1,True,27,Felix Correia,AM-L,11,746688
Lille,2026-04-26,Paris FC,away,4-2-3-1,True,17,Ngal'ayel Mukau,AM-R,7,746688
Lille,2026-04-26,Paris FC,away,4-2-3-1,False,9,Olivier Giroud,SUB,0,746688
Lille,2026-04-26,Paris FC,away,4-2-3-1,False,24,Calvin Verdonk,SUB,0,746688
Lille,2026-04-26,Paris FC,away,4-2-3-1,False,22,Tiago Santos,SUB,0,746688
Lille,2026-04-26,Paris FC,away,4-2-3-1,False,18,Chancel Mbemba,SUB,0,746688
Lille,2026-04-26,Paris FC,away,4-2-3-1,False,4,Alexsandro,SUB,0,746688
Lille,2026-04-26,Paris FC,away,4-2-3-1,False,16,Arnaud Bodart,SUB,0,746688
Lille,2026-04-26,Paris FC,away,4-2-3-1,False,8,Ethan Mbappé,SUB,0,746688
Lille,2026-04-26,Paris FC,away,4-2-3-1,False,11,Osame Sahraoui,SUB,0,746688
Lille,2026-04-26,Paris FC,away,4-2-3-1,False,28,Gaetan Perrin,SUB,0,746688
Lorient,2026-04-26,Strasbourg,home,3-4-2-1,True,38,Yvon Mvogo,G,1,746685
Lorient,2026-04-26,Strasbourg,home,3-4-2-1,True,32,Nathaniel Adjei,CD,5,746685
Lorient,2026-04-26,Strasbourg,home,3-4-2-1,True,25,Abdoulaye Faye,CD-L,4,746685
Lorient,2026-04-26,Strasbourg,home,3-4-2-1,True,5,Bamo Meïté,CD-R,6,746685
Lorient,2026-04-26,Strasbourg,home,3-4-2-1,True,6,Laurent Abergel,CM-L,8,746685
Lorient,2026-04-26,Strasbourg,home,3-4-2-1,True,8,Noah Cadiou,CM-R,7,746685
Lorient,2026-04-26,Strasbourg,home,3-4-2-1,True,43,Arsène Kouassi,LM,3,746685
Lorient,2026-04-26,Strasbourg,home,3-4-2-1,True,77,Panos Katseris,RM,2,746685
Lorient,2026-04-26,Strasbourg,home,3-4-2-1,True,12,Bamba Dieng,F,9,746685
Lorient,2026-04-26,Strasbourg,home,3-4-2-1,True,10,Pablo Pagis,CF-L,11,746685
Lorient,2026-04-26,Strasbourg,home,3-4-2-1,True,17,Jean-Victor Makengo,CF-R,10,746685
Lorient,2026-04-26,Strasbourg,home,3-4-2-1,False,21,Bingourou Kamara,SUB,0,746685
Lorient,2026-04-26,Strasbourg,home,3-4-2-1,False,29,Dermane Karim,SUB,0,746685
Lorient,2026-04-26,Strasbourg,home,3-4-2-1,False,28,Sambou Soumano,SUB,0,746685
Lorient,2026-04-26,Strasbourg,home,3-4-2-1,False,2,Igor Silva,SUB,0,746685
Lorient,2026-04-26,Strasbourg,home,3-4-2-1,False,9,Mohamed Bamba,SUB,0,746685
Lorient,2026-04-26,Strasbourg,home,3-4-2-1,False,62,Arthur Avom,SUB,0,746685
Lorient,2026-04-26,Strasbourg,home,3-4-2-1,False,44,Darlin Yongwa,SUB,0,746685
Lorient,2026-04-26,Strasbourg,home,3-4-2-1,False,15,Tosin Aiyegun,SUB,0,746685
Lorient,2026-04-26,Strasbourg,home,3-4-2-1,False,97,Stevan Siba,SUB,0,746685
Strasbourg,2026-04-26,Lorient,away,4-4-1-1,True,39,Mike Penders,G,1,746685
Strasbourg,2026-04-26,Lorient,away,4-4-1-1,True,6,Ismael Doukoure,CD-L,6,746685
Strasbourg,2026-04-26,Lorient,away,4-4-1-1,True,24,Lucas Høgsberg,CD-R,5,746685
Strasbourg,2026-04-26,Lorient,away,4-4-1-1,True,8,Maximillian Oyedele,LB,3,746685
Strasbourg,2026-04-26,Lorient,away,4-4-1-1,True,18,Junior Mwanga,RB,2,746685
Strasbourg,2026-04-26,Lorient,away,4-4-1-1,True,29,Samir El Mourabet,CM-L,8,746685
Strasbourg,2026-04-26,Lorient,away,4-4-1-1,True,83,Rafael Luís,CM-R,4,746685
Strasbourg,2026-04-26,Lorient,away,4-4-1-1,True,80,Gessime Yassine,LM,11,746685
Strasbourg,2026-04-26,Lorient,away,4-4-1-1,True,27,Samuel Amo-Ameyaw,RM,7,746685
Strasbourg,2026-04-26,Lorient,away,4-4-1-1,True,19,Julio Enciso,F,9,746685
Strasbourg,2026-04-26,Lorient,away,4-4-1-1,True,11,Sebastian Nanasi,RCF,10,746685
Strasbourg,2026-04-26,Lorient,away,4-4-1-1,False,10,Emmanuel Emegha,SUB,0,746685
Strasbourg,2026-04-26,Lorient,away,4-4-1-1,False,1,Karl-Johan Johnsson,SUB,0,746685
Strasbourg,2026-04-26,Lorient,away,4-4-1-1,False,20,Martial Godo,SUB,0,746685
Strasbourg,2026-04-26,Lorient,away,4-4-1-1,False,3,Ben Chilwell,SUB,0,746685
Strasbourg,2026-04-26,Lorient,away,4-4-1-1,False,2,Andrew Omobamidele,SUB,0,746685
Strasbourg,2026-04-26,Lorient,away,4-4-1-1,False,7,Diego Moreira,SUB,0,746685
Strasbourg,2026-04-26,Lorient,away,4-4-1-1,False,15,David Datro Fofana,SUB,0,746685
Strasbourg,2026-04-26,Lorient,away,4-4-1-1,False,28,Tyrese Noubissie,SUB,0,746685
Strasbourg,2026-04-26,Lorient,away,4-4-1-1,False,42,Abdoul Ouattara,SUB,0,746685
Marseille,2026-04-26,Nice,home,3-5-1-1,True,1,Gerónimo Rulli,G,1,746687
Marseille,2026-04-26,Nice,home,3-5-1-1,True,5,Leonardo Balerdi,CD,5,746687
Marseille,2026-04-26,Nice,home,3-5-1-1,True,32,Facundo Medina,CD-L,4,746687
Marseille,2026-04-26,Nice,home,3-5-1-1,True,28,Benjamin Pavard,CD-R,6,746687
Marseille,2026-04-26,Nice,home,3-5-1-1,True,18,Arthur Vermeeren,CM-L,8,746687
Marseille,2026-04-26,Nice,home,3-5-1-1,True,6,Tochukwu Nnadi,CM-R,7,746687
Marseille,2026-04-26,Nice,home,3-5-1-1,True,23,Pierre-Emile Højbjerg,AM,11,746687
Marseille,2026-04-26,Nice,home,3-5-1-1,True,33,Emerson,LM,3,746687
Marseille,2026-04-26,Nice,home,3-5-1-1,True,22,Timothy Weah,RM,2,746687
Marseille,2026-04-26,Nice,home,3-5-1-1,True,17,Pierre-Emerick Aubameyang,F,9,746687
Marseille,2026-04-26,Nice,home,3-5-1-1,True,27,Quinten Timber,RCF,10,746687
Marseille,2026-04-26,Nice,home,3-5-1-1,False,78,Ange Lago,SUB,0,746687
Marseille,2026-04-26,Nice,home,3-5-1-1,False,76,Tadjidine Mmadi,SUB,0,746687
Marseille,2026-04-26,Nice,home,3-5-1-1,False,71,Nouhoum Kamissoko,SUB,0,746687
Marseille,2026-04-26,Nice,home,3-5-1-1,False,8,Himad Abdelli,SUB,0,746687
Marseille,2026-04-26,Nice,home,3-5-1-1,False,10,Mason Greenwood,SUB,0,746687
Marseille,2026-04-26,Nice,home,3-5-1-1,False,12,Jeffrey de Lange,SUB,0,746687
Marseille,2026-04-26,Nice,home,3-5-1-1,False,11,Ethan Nwaneri,SUB,0,746687
Marseille,2026-04-26,Nice,home,3-5-1-1,False,72,Hilan Slimani,SUB,0,746687
Marseille,2026-04-26,Nice,home,3-5-1-1,False,70,Ugo El Kadmiri,SUB,0,746687
Nice,2026-04-26,Marseille,away,5-4-1,True,80,Yehvann Diouf,G,1,746687
Nice,2026-04-26,Marseille,away,5-4-1,True,28,Juma Bah,CD,5,746687
Nice,2026-04-26,Marseille,away,5-4-1,True,37,Kojo Peprah Oppong,CD-L,4,746687
Nice,2026-04-26,Marseille,away,5-4-1,True,33,Antoine Mendy,CD-R,6,746687
Nice,2026-04-26,Marseille,away,5-4-1,True,26,Melvin Bard,LB,3,746687
Nice,2026-04-26,Marseille,away,5-4-1,True,92,Jonathan Clauss,RB,2,746687
Nice,2026-04-26,Marseille,away,5-4-1,True,99,Salis Abdul Samed,CM-L,10,746687
Nice,2026-04-26,Marseille,away,5-4-1,True,6,Hicham Boudaoui,CM-R,8,746687
Nice,2026-04-26,Marseille,away,5-4-1,True,8,Morgan Sanson,LM,11,746687
Nice,2026-04-26,Marseille,away,5-4-1,True,25,Mohamed-Ali Cho,RM,7,746687
Nice,2026-04-26,Marseille,away,5-4-1,True,11,Elye Wahi,F,9,746687
Nice,2026-04-26,Marseille,away,5-4-1,False,4,Dante,SUB,0,746687
Nice,2026-04-26,Marseille,away,5-4-1,False,32,Kail Boudache,SUB,0,746687
Nice,2026-04-26,Marseille,away,5-4-1,False,20,Tom Louchet,SUB,0,746687
Nice,2026-04-26,Marseille,away,5-4-1,False,2,Ali Abdi,SUB,0,746687
Nice,2026-04-26,Marseille,away,5-4-1,False,39,Djibril Coulibaly,SUB,0,746687
Nice,2026-04-26,Marseille,away,5-4-1,False,31,Maxime Dupé,SUB,0,746687
Nice,2026-04-26,Marseille,away,5-4-1,False,24,Charles Vanhoutte,SUB,0,746687
Nice,2026-04-26,Marseille,away,5-4-1,False,90,Kevin Carlos,SUB,0,746687
Nice,2026-04-26,Marseille,away,5-4-1,False,10,Sofiane Diop,SUB,0,746687
Le Havre,2026-04-26,Metz,home,4-2-3-1,True,99,Mory Diaw,G,1,746684
Le Havre,2026-04-26,Metz,home,4-2-3-1,True,4,Gautier Lloris,CD-L,6,746684
Le Havre,2026-04-26,Metz,home,4-2-3-1,True,15,Ayumu Seko,CD-R,5,746684
Le Havre,2026-04-26,Metz,home,4-2-3-1,True,18,Yanis Zouaoui,LB,3,746684
Le Havre,2026-04-26,Metz,home,4-2-3-1,True,7,Loïc Négo,RB,2,746684
Le Havre,2026-04-26,Metz,home,4-2-3-1,True,8,Yassine Kechta,AM,10,746684
Le Havre,2026-04-26,Metz,home,4-2-3-1,True,26,Simon Ebonog,LM,4,746684
Le Havre,2026-04-26,Metz,home,4-2-3-1,True,14,Rassoul Ndiaye,RM,8,746684
Le Havre,2026-04-26,Metz,home,4-2-3-1,True,25,Mbwana Samatta,F,9,746684
Le Havre,2026-04-26,Metz,home,4-2-3-1,True,45,Issa Soumaré,AM-L,11,746684
Le Havre,2026-04-26,Metz,home,4-2-3-1,True,13,Fodé Doucouré,AM-R,7,746684
Le Havre,2026-04-26,Metz,home,4-2-3-1,False,10,Félix Mambimbi,SUB,0,746684
Le Havre,2026-04-26,Metz,home,4-2-3-1,False,20,Noam Obougou,SUB,0,746684
Le Havre,2026-04-26,Metz,home,4-2-3-1,False,11,Godson Kyeremeh,SUB,0,746684
Le Havre,2026-04-26,Metz,home,4-2-3-1,False,17,Sofiane Boufal,SUB,0,746684
Le Havre,2026-04-26,Metz,home,4-2-3-1,False,32,Timothee Pembélé,SUB,0,746684
Le Havre,2026-04-26,Metz,home,4-2-3-1,False,77,Lionel Mpasi,SUB,0,746684
Le Havre,2026-04-26,Metz,home,4-2-3-1,False,6,Etienne Youte Kinkoue,SUB,0,746684
Le Havre,2026-04-26,Metz,home,4-2-3-1,False,78,Daren Mosengo,SUB,0,746684
Le Havre,2026-04-26,Metz,home,4-2-3-1,False,19,Lucas Gourna-Douath,SUB,0,746684
Metz,2026-04-26,Le Havre,away,3-5-2,True,61,Pape Sy,G,1,746684
Metz,2026-04-26,Le Havre,away,3-5-2,True,15,Terry Yegbe,CD,5,746684
Metz,2026-04-26,Le Havre,away,3-5-2,True,4,Urie-Michel Mboula,CD-L,4,746684
Metz,2026-04-26,Le Havre,away,3-5-2,True,38,Sadibou Sané,CD-R,6,746684
Metz,2026-04-26,Le Havre,away,3-5-2,True,12,Alpha Touré,CM-L,8,746684
Metz,2026-04-26,Le Havre,away,3-5-2,True,20,Jessy Deminguet,CM-R,7,746684
Metz,2026-04-26,Le Havre,away,3-5-2,True,5,Jean-Philippe Gbamin,AM,11,746684
Metz,2026-04-26,Le Havre,away,3-5-2,True,7,Giorgi Tsitaishvili,LM,3,746684
Metz,2026-04-26,Le Havre,away,3-5-2,True,70,Bouna Sarr,RM,2,746684
Metz,2026-04-26,Le Havre,away,3-5-2,True,11,Giorgi Kvilitaia,CF-L,9,746684
Metz,2026-04-26,Le Havre,away,3-5-2,True,10,Gauthier Hein,CF-R,10,746684
Metz,2026-04-26,Le Havre,away,3-5-2,False,34,Nathan Mbala,SUB,0,746684
Metz,2026-04-26,Le Havre,away,3-5-2,False,21,Benjamin Stambouli,SUB,0,746684
Metz,2026-04-26,Le Havre,away,3-5-2,False,1,Jonathan Fischer,SUB,0,746684
Metz,2026-04-26,Le Havre,away,3-5-2,False,19,Lucas Michel,SUB,0,746684
Metz,2026-04-26,Le Havre,away,3-5-2,False,35,Jahyann Pandore,SUB,0,746684
Metz,2026-04-26,Le Havre,away,3-5-2,False,9,Giorgi Abuashvili,SUB,0,746684
Metz,2026-04-26,Le Havre,away,3-5-2,False,39,Koffi Kouao,SUB,0,746684
Metz,2026-04-26,Le Havre,away,3-5-2,False,3,Moustapha Diop,SUB,0,746684
Nantes,2026-05-02,Marseille,home,4-2-3-1,True,30,Patrick Carlgren,G,1,746694
Nantes,2026-05-02,Marseille,home,4-2-3-1,True,3,Nicolas Cozza,CD-L,6,746694
Nantes,2026-05-02,Marseille,home,4-2-3-1,True,6,Chidozie Awaziem,CD-R,5,746694
Nantes,2026-05-02,Marseille,home,4-2-3-1,True,27,Deiver Machado,LB,3,746694
Nantes,2026-05-02,Marseille,home,4-2-3-1,True,24,Frédéric Guilbert,RB,2,746694
Nantes,2026-05-02,Marseille,home,4-2-3-1,True,21,Mohamed Kaba,AM,10,746694
Nantes,2026-05-02,Marseille,home,4-2-3-1,True,28,Ibrahima Sissoko,LM,4,746694
Nantes,2026-05-02,Marseille,home,4-2-3-1,True,8,Johann Lepenant,RM,8,746694
Nantes,2026-05-02,Marseille,home,4-2-3-1,True,37,Ignatius Ganago,F,9,746694
Nantes,2026-05-02,Marseille,home,4-2-3-1,True,20,Rémy Cabella,AM-L,11,746694
Nantes,2026-05-02,Marseille,home,4-2-3-1,True,10,Matthis Abline,AM-R,7,746694
Nantes,2026-05-02,Marseille,home,4-2-3-1,False,13,Francis Coquelin,SUB,0,746694
Nantes,2026-05-02,Marseille,home,4-2-3-1,False,40,Lucas Bonelli,SUB,0,746694
Nantes,2026-05-02,Marseille,home,4-2-3-1,False,11,Bahereba Guirassy,SUB,0,746694
Nantes,2026-05-02,Marseille,home,4-2-3-1,False,26,Uros Radakovic,SUB,0,746694
Nantes,2026-05-02,Marseille,home,4-2-3-1,False,66,Louis Leroux,SUB,0,746694
Nantes,2026-05-02,Marseille,home,4-2-3-1,False,19,Youssef El Arabi,SUB,0,746694
Nantes,2026-05-02,Marseille,home,4-2-3-1,False,22,Mathieu Acapandié,SUB,0,746694
Nantes,2026-05-02,Marseille,home,4-2-3-1,False,2,Ali Almusrat,SUB,0,746694
Nantes,2026-05-02,Marseille,home,4-2-3-1,False,31,Mostafa Mohamed,SUB,0,746694
Marseille,2026-05-02,Nantes,away,4-2-3-1,True,12,Jeffrey de Lange,G,1,746694
Marseille,2026-05-02,Nantes,away,4-2-3-1,True,32,Facundo Medina,CD-L,6,746694
Marseille,2026-05-02,Nantes,away,4-2-3-1,True,5,Leonardo Balerdi,CD-R,5,746694
Marseille,2026-05-02,Nantes,away,4-2-3-1,True,33,Emerson,LB,3,746694
Marseille,2026-05-02,Nantes,away,4-2-3-1,True,6,Tochukwu Nnadi,RB,2,746694
Marseille,2026-05-02,Nantes,away,4-2-3-1,True,27,Quinten Timber,AM,10,746694
Marseille,2026-05-02,Nantes,away,4-2-3-1,True,23,Pierre-Emile Højbjerg,LM,4,746694
Marseille,2026-05-02,Nantes,away,4-2-3-1,True,18,Arthur Vermeeren,RM,8,746694
Marseille,2026-05-02,Nantes,away,4-2-3-1,True,17,Pierre-Emerick Aubameyang,F,9,746694
Marseille,2026-05-02,Nantes,away,4-2-3-1,True,20,Hamed Traoré,AM-L,11,746694
Marseille,2026-05-02,Nantes,away,4-2-3-1,True,10,Mason Greenwood,AM-R,7,746694
Marseille,2026-05-02,Nantes,away,4-2-3-1,False,78,Ange Lago,SUB,0,746694
Marseille,2026-05-02,Nantes,away,4-2-3-1,False,9,Amine Gouiri,SUB,0,746694
Marseille,2026-05-02,Nantes,away,4-2-3-1,False,72,Hilan Slimani,SUB,0,746694
Marseille,2026-05-02,Nantes,away,4-2-3-1,False,14,Igor Paixão,SUB,0,746694
Marseille,2026-05-02,Nantes,away,4-2-3-1,False,70,Ugo El Kadmiri,SUB,0,746694
Marseille,2026-05-02,Nantes,away,4-2-3-1,False,71,Nouhoum Kamissoko,SUB,0,746694
Marseille,2026-05-02,Nantes,away,4-2-3-1,False,92,Théo Vermot,SUB,0,746694
Marseille,2026-05-02,Nantes,away,4-2-3-1,False,35,Kelyann Bezahaf,SUB,0,746694
Marseille,2026-05-02,Nantes,away,4-2-3-1,False,11,Ethan Nwaneri,SUB,0,746694
Rennes,2026-04-26,Nantes,home,4-4-2,True,30,Brice Samba,G,1,746689
Rennes,2026-04-26,Nantes,home,4-4-2,True,3,Lilian Brassier,CD-L,6,746689
Rennes,2026-04-26,Nantes,home,4-4-2,True,48,Abdelhamid Aït Boudlal,CD-R,5,746689
Rennes,2026-04-26,Nantes,home,4-4-2,True,26,Quentin Merlin,LB,3,746689
Rennes,2026-04-26,Nantes,home,4-4-2,True,36,Alidu Seidu,RB,2,746689
Rennes,2026-04-26,Nantes,home,4-4-2,True,45,Mahdi Camara,CM-L,8,746689
Rennes,2026-04-26,Nantes,home,4-4-2,True,21,Valentin Rongier,CM-R,4,746689
Rennes,2026-04-26,Nantes,home,4-4-2,True,11,Mousa Al-Tamari,LM,11,746689
Rennes,2026-04-26,Nantes,home,4-4-2,True,10,Ludovic Blas,RM,7,746689
Rennes,2026-04-26,Nantes,home,4-4-2,True,9,Esteban Lepaul,CF-L,9,746689
Rennes,2026-04-26,Nantes,home,4-4-2,True,7,Breel Embolo,CF-R,10,746689
Rennes,2026-04-26,Nantes,home,4-4-2,False,6,Djaoui Cissé,SUB,0,746689
Rennes,2026-04-26,Nantes,home,4-4-2,False,77,Yassir Zabiri,SUB,0,746689
Rennes,2026-04-26,Nantes,home,4-4-2,False,24,Anthony Rouault,SUB,0,746689
Rennes,2026-04-26,Nantes,home,4-4-2,False,17,Sebastian Szymanski,SUB,0,746689
Rennes,2026-04-26,Nantes,home,4-4-2,False,18,Mahamadou Nagida,SUB,0,746689
Rennes,2026-04-26,Nantes,home,4-4-2,False,4,Glen Kamara,SUB,0,746689
Rennes,2026-04-26,Nantes,home,4-4-2,False,80,Ayoube Akabou,SUB,0,746689
Rennes,2026-04-26,Nantes,home,4-4-2,False,65,Nordan Mukiele,SUB,0,746689
Rennes,2026-04-26,Nantes,home,4-4-2,False,50,Mathys Silistre,SUB,0,746689
Nantes,2026-04-26,Rennes,away,4-2-3-1,True,1,Anthony Lopes,G,1,746689
Nantes,2026-04-26,Rennes,away,4-2-3-1,True,3,Nicolas Cozza,CD-L,6,746689
Nantes,2026-04-26,Rennes,away,4-2-3-1,True,2,Ali Almusrat,CD-R,5,746689
Nantes,2026-04-26,Rennes,away,4-2-3-1,True,27,Deiver Machado,LB,3,746689
Nantes,2026-04-26,Rennes,away,4-2-3-1,True,24,Frédéric Guilbert,RB,2,746689
Nantes,2026-04-26,Rennes,away,4-2-3-1,True,10,Matthis Abline,AM,10,746689
Nantes,2026-04-26,Rennes,away,4-2-3-1,True,28,Ibrahima Sissoko,LM,4,746689
Nantes,2026-04-26,Rennes,away,4-2-3-1,True,8,Johann Lepenant,RM,8,746689
Nantes,2026-04-26,Rennes,away,4-2-3-1,True,37,Ignatius Ganago,F,9,746689
Nantes,2026-04-26,Rennes,away,4-2-3-1,True,66,Louis Leroux,AM-L,11,746689
Nantes,2026-04-26,Rennes,away,4-2-3-1,True,21,Mohamed Kaba,AM-R,7,746689
Nantes,2026-04-26,Rennes,away,4-2-3-1,False,11,Bahereba Guirassy,SUB,0,746689
Nantes,2026-04-26,Rennes,away,4-2-3-1,False,17,Dehmaine Tabibou,SUB,0,746689
Nantes,2026-04-26,Rennes,away,4-2-3-1,False,31,Mostafa Mohamed,SUB,0,746689
Nantes,2026-04-26,Rennes,away,4-2-3-1,False,6,Chidozie Awaziem,SUB,0,746689
Nantes,2026-04-26,Rennes,away,4-2-3-1,False,30,Patrick Carlgren,SUB,0,746689
Nantes,2026-04-26,Rennes,away,4-2-3-1,False,19,Youssef El Arabi,SUB,0,746689
Nantes,2026-04-26,Rennes,away,4-2-3-1,False,20,Rémy Cabella,SUB,0,746689
Nantes,2026-04-26,Rennes,away,4-2-3-1,False,22,Mathieu Acapandié,SUB,0,746689
Nantes,2026-04-26,Rennes,away,4-2-3-1,False,52,Bahmed Deuff,SUB,0,746689
Nice,2026-05-02,Lens,home,5-4-1,True,80,Yehvann Diouf,G,1,746697
Nice,2026-05-02,Lens,home,5-4-1,True,28,Juma Bah,CD,5,746697
Nice,2026-05-02,Lens,home,5-4-1,True,37,Kojo Peprah Oppong,CD-L,4,746697
Nice,2026-05-02,Lens,home,5-4-1,True,33,Antoine Mendy,CD-R,6,746697
Nice,2026-05-02,Lens,home,5-4-1,True,26,Melvin Bard,LB,3,746697
Nice,2026-05-02,Lens,home,5-4-1,True,20,Tom Louchet,RB,2,746697
Nice,2026-05-02,Lens,home,5-4-1,True,8,Morgan Sanson,CM-L,10,746697
Nice,2026-05-02,Lens,home,5-4-1,True,6,Hicham Boudaoui,CM-R,8,746697
Nice,2026-05-02,Lens,home,5-4-1,True,10,Sofiane Diop,LM,11,746697
Nice,2026-05-02,Lens,home,5-4-1,True,32,Kail Boudache,RM,7,746697
Nice,2026-05-02,Lens,home,5-4-1,True,25,Mohamed-Ali Cho,F,9,746697
Nice,2026-05-02,Lens,home,5-4-1,False,21,Isak Jansson,SUB,0,746697
Nice,2026-05-02,Lens,home,5-4-1,False,90,Kevin Carlos,SUB,0,746697
Nice,2026-05-02,Lens,home,5-4-1,False,24,Charles Vanhoutte,SUB,0,746697
Nice,2026-05-02,Lens,home,5-4-1,False,31,Maxime Dupé,SUB,0,746697
Nice,2026-05-02,Lens,home,5-4-1,False,4,Dante,SUB,0,746697
Nice,2026-05-02,Lens,home,5-4-1,False,22,Tanguy Ndombele,SUB,0,746697
Nice,2026-05-02,Lens,home,5-4-1,False,23,Gabin Bernardeau,SUB,0,746697
Nice,2026-05-02,Lens,home,5-4-1,False,99,Salis Abdul Samed,SUB,0,746697
Nice,2026-05-02,Lens,home,5-4-1,False,2,Ali Abdi,SUB,0,746697
Lens,2026-05-02,Nice,away,3-4-2-1,True,40,Robin Risser,G,1,746697
Lens,2026-05-02,Nice,away,3-4-2-1,True,6,Samson Baidoo,CD,5,746697
Lens,2026-05-02,Nice,away,3-4-2-1,True,20,Malang Sarr,CD-L,4,746697
Lens,2026-05-02,Nice,away,3-4-2-1,True,25,Pierre Ganiou,CD-R,6,746697
Lens,2026-05-02,Nice,away,3-4-2-1,True,28,Adrien Thomasson,CM-L,8,746697
Lens,2026-05-02,Nice,away,3-4-2-1,True,8,Mamadou Sangare,CM-R,7,746697
Lens,2026-05-02,Nice,away,3-4-2-1,True,14,Matthieu Udol,LM,3,746697
Lens,2026-05-02,Nice,away,3-4-2-1,True,23,Saud Abdulhamid,RM,2,746697
Lens,2026-05-02,Nice,away,3-4-2-1,True,11,Odsonne Édouard,F,9,746697
Lens,2026-05-02,Nice,away,3-4-2-1,True,9,Allan Saint-Maximin,CF-L,11,746697
Lens,2026-05-02,Nice,away,3-4-2-1,True,10,Florian Thauvin,CF-R,10,746697
Lens,2026-05-02,Nice,away,3-4-2-1,False,21,Amadou Haidara,SUB,0,746697
Lens,2026-05-02,Nice,away,3-4-2-1,False,2,Ruben Aguilar,SUB,0,746697
Lens,2026-05-02,Nice,away,3-4-2-1,False,18,Fode Sylla,SUB,0,746697
Lens,2026-05-02,Nice,away,3-4-2-1,False,38,Rayan Fofana,SUB,0,746697
Lens,2026-05-02,Nice,away,3-4-2-1,False,19,Abdallah Sima,SUB,0,746697
Lens,2026-05-02,Nice,away,3-4-2-1,False,22,Wesley Saïd,SUB,0,746697
Lens,2026-05-02,Nice,away,3-4-2-1,False,5,Andrija Bulatovic,SUB,0,746697
Lens,2026-05-02,Nice,away,3-4-2-1,False,16,Mathieu Gorgelin,SUB,0,746697
Lens,2026-05-02,Nice,away,3-4-2-1,False,7,Florian Sotoca,SUB,0,746697
Metz,2026-05-02,Monaco,home,4-2-3-1,True,61,Pape Sy,G,1,746693
Metz,2026-05-02,Monaco,home,4-2-3-1,True,15,Terry Yegbe,CD-L,6,746693
Metz,2026-05-02,Monaco,home,4-2-3-1,True,38,Sadibou Sané,CD-R,5,746693
Metz,2026-05-02,Monaco,home,4-2-3-1,True,7,Giorgi Tsitaishvili,LB,3,746693
Metz,2026-05-02,Monaco,home,4-2-3-1,True,70,Bouna Sarr,RB,2,746693
Metz,2026-05-02,Monaco,home,4-2-3-1,True,20,Jessy Deminguet,AM,10,746693
Metz,2026-05-02,Monaco,home,4-2-3-1,True,5,Jean-Philippe Gbamin,LM,4,746693
Metz,2026-05-02,Monaco,home,4-2-3-1,True,21,Benjamin Stambouli,RM,8,746693
Metz,2026-05-02,Monaco,home,4-2-3-1,True,11,Giorgi Kvilitaia,F,9,746693
Metz,2026-05-02,Monaco,home,4-2-3-1,True,34,Nathan Mbala,AM-L,11,746693
Metz,2026-05-02,Monaco,home,4-2-3-1,True,10,Gauthier Hein,AM-R,7,746693
Metz,2026-05-02,Monaco,home,4-2-3-1,False,4,Urie-Michel Mboula,SUB,0,746693
Metz,2026-05-02,Monaco,home,4-2-3-1,False,3,Moustapha Diop,SUB,0,746693
Metz,2026-05-02,Monaco,home,4-2-3-1,False,2,Maxime Colin,SUB,0,746693
Metz,2026-05-02,Monaco,home,4-2-3-1,False,9,Giorgi Abuashvili,SUB,0,746693
Metz,2026-05-02,Monaco,home,4-2-3-1,False,33,Believe Munongo,SUB,0,746693
Metz,2026-05-02,Monaco,home,4-2-3-1,False,1,Jonathan Fischer,SUB,0,746693
Metz,2026-05-02,Monaco,home,4-2-3-1,False,35,Jahyann Pandore,SUB,0,746693
Metz,2026-05-02,Monaco,home,4-2-3-1,False,29,Ismaël Guerti,SUB,0,746693
Metz,2026-05-02,Monaco,home,4-2-3-1,False,30,Habib Diallo,SUB,0,746693
Monaco,2026-05-02,Metz,away,3-4-2-1,True,1,Lukas Hradecky,G,1,746693
Monaco,2026-05-02,Metz,away,3-4-2-1,True,5,Thilo Kehrer,CD,5,746693
Monaco,2026-05-02,Metz,away,3-4-2-1,True,13,Christian Mawissa,CD-L,4,746693
Monaco,2026-05-02,Metz,away,3-4-2-1,True,6,Denis Zakaria,CD-R,6,746693
Monaco,2026-05-02,Metz,away,3-4-2-1,True,8,Paul Pogba,CM-L,8,746693
Monaco,2026-05-02,Metz,away,3-4-2-1,True,15,Lamine Camara,CM-R,7,746693
Monaco,2026-05-02,Metz,away,3-4-2-1,True,24,Simon Adingra,LM,3,746693
Monaco,2026-05-02,Metz,away,3-4-2-1,True,4,Jordan Teze,RM,2,746693
Monaco,2026-05-02,Metz,away,3-4-2-1,True,9,Folarin Balogun,F,9,746693
Monaco,2026-05-02,Metz,away,3-4-2-1,True,10,Aleksandr Golovin,CF-L,11,746693
Monaco,2026-05-02,Metz,away,3-4-2-1,True,11,Maghnes Akliouche,CF-R,10,746693
Monaco,2026-05-02,Metz,away,3-4-2-1,False,3,Eric Dier,SUB,0,746693
Monaco,2026-05-02,Metz,away,3-4-2-1,False,31,Ansu Fati,SUB,0,746693
Monaco,2026-05-02,Metz,away,3-4-2-1,False,49,Ilane Touré,SUB,0,746693
Monaco,2026-05-02,Metz,away,3-4-2-1,False,12,Caio Henrique,SUB,0,746693
Monaco,2026-05-02,Metz,away,3-4-2-1,False,23,Aladji Bamba,SUB,0,746693
Monaco,2026-05-02,Metz,away,3-4-2-1,False,14,Mika Biereth,SUB,0,746693
Monaco,2026-05-02,Metz,away,3-4-2-1,False,16,Philipp Köhn,SUB,0,746693
Monaco,2026-05-02,Metz,away,3-4-2-1,False,25,Wout Faes,SUB,0,746693
Monaco,2026-05-02,Metz,away,3-4-2-1,False,28,Mamadou Coulibaly,SUB,0,746693
Strasbourg,2026-05-03,Toulouse,home,4-4-1-1,True,39,Mike Penders,G,1,746696
Strasbourg,2026-05-03,Toulouse,home,4-4-1-1,True,24,Lucas Høgsberg,CD-L,6,746696
Strasbourg,2026-05-03,Toulouse,home,4-4-1-1,True,6,Ismael Doukoure,CD-R,5,746696
Strasbourg,2026-05-03,Toulouse,home,4-4-1-1,True,42,Abdoul Ouattara,LB,3,746696
Strasbourg,2026-05-03,Toulouse,home,4-4-1-1,True,8,Maximillian Oyedele,RB,2,746696
Strasbourg,2026-05-03,Toulouse,home,4-4-1-1,True,83,Rafael Luís,CM-L,8,746696
Strasbourg,2026-05-03,Toulouse,home,4-4-1-1,True,17,Mathis Amougou,CM-R,4,746696
Strasbourg,2026-05-03,Toulouse,home,4-4-1-1,True,80,Gessime Yassine,LM,11,746696
Strasbourg,2026-05-03,Toulouse,home,4-4-1-1,True,27,Samuel Amo-Ameyaw,RM,7,746696
Strasbourg,2026-05-03,Toulouse,home,4-4-1-1,True,34,Yaya Diémé,F,9,746696
Strasbourg,2026-05-03,Toulouse,home,4-4-1-1,True,11,Sebastian Nanasi,RCF,10,746696
Strasbourg,2026-05-03,Toulouse,home,4-4-1-1,False,18,Junior Mwanga,SUB,0,746696
Strasbourg,2026-05-03,Toulouse,home,4-4-1-1,False,45,Amadou Cissé,SUB,0,746696
Strasbourg,2026-05-03,Toulouse,home,4-4-1-1,False,29,Samir El Mourabet,SUB,0,746696
Strasbourg,2026-05-03,Toulouse,home,4-4-1-1,False,7,Diego Moreira,SUB,0,746696
Strasbourg,2026-05-03,Toulouse,home,4-4-1-1,False,2,Andrew Omobamidele,SUB,0,746696
Strasbourg,2026-05-03,Toulouse,home,4-4-1-1,False,1,Karl-Johan Johnsson,SUB,0,746696
Strasbourg,2026-05-03,Toulouse,home,4-4-1-1,False,19,Julio Enciso,SUB,0,746696
Strasbourg,2026-05-03,Toulouse,home,4-4-1-1,False,10,Emmanuel Emegha,SUB,0,746696
Strasbourg,2026-05-03,Toulouse,home,4-4-1-1,False,28,Tyrese Noubissie,SUB,0,746696
Toulouse,2026-05-03,Strasbourg,away,3-4-2-1,True,1,Guillaume Restes,G,1,746696
Toulouse,2026-05-03,Strasbourg,away,3-4-2-1,True,4,Charlie Cresswell,CD,5,746696
Toulouse,2026-05-03,Strasbourg,away,3-4-2-1,True,2,Rasmus Nicolaisen,CD-L,4,746696
Toulouse,2026-05-03,Strasbourg,away,3-4-2-1,True,3,Mark McKenzie,CD-R,6,746696
Toulouse,2026-05-03,Strasbourg,away,3-4-2-1,True,23,Cristian Cásseres Jr.,CM-L,8,746696
Toulouse,2026-05-03,Strasbourg,away,3-4-2-1,True,45,Alexis Vossah,CM-R,7,746696
Toulouse,2026-05-03,Strasbourg,away,3-4-2-1,True,24,Dayann Methalie,LM,3,746696
Toulouse,2026-05-03,Strasbourg,away,3-4-2-1,True,15,Aron Donnum,RM,2,746696
Toulouse,2026-05-03,Strasbourg,away,3-4-2-1,True,13,Jacen Russell-Rowe,F,9,746696
Toulouse,2026-05-03,Strasbourg,away,3-4-2-1,True,10,Yann Gboho,CF-L,11,746696
Toulouse,2026-05-03,Strasbourg,away,3-4-2-1,True,11,Santiago Hidalgo,CF-R,10,746696
Toulouse,2026-05-03,Strasbourg,away,3-4-2-1,False,19,Djibril Sidibé,SUB,0,746696
Toulouse,2026-05-03,Strasbourg,away,3-4-2-1,False,44,Gaetan Bakhouche,SUB,0,746696
Toulouse,2026-05-03,Strasbourg,away,3-4-2-1,False,12,Waren Kamanzi,SUB,0,746696
Toulouse,2026-05-03,Strasbourg,away,3-4-2-1,False,35,Seny Koumbassa,SUB,0,746696
Toulouse,2026-05-03,Strasbourg,away,3-4-2-1,False,16,Kjetil Haug,SUB,0,746696
Toulouse,2026-05-03,Strasbourg,away,3-4-2-1,False,7,Julián Vignolo,SUB,0,746696
Toulouse,2026-05-03,Strasbourg,away,3-4-2-1,False,37,Ilyas Azizi,SUB,0,746696
Toulouse,2026-05-03,Strasbourg,away,3-4-2-1,False,20,Emersonn,SUB,0,746696
Toulouse,2026-05-03,Strasbourg,away,3-4-2-1,False,77,Mario Sauer,SUB,0,746696
Paris FC,2026-05-03,Brest,home,4-2-3-1,True,35,Kevin Trapp,G,1,746698
Paris FC,2026-05-03,Brest,home,4-2-3-1,True,5,Moustapha Mbow,CD-L,6,746698
Paris FC,2026-05-03,Brest,home,4-2-3-1,True,42,Diego Coppola,CD-R,5,746698
Paris FC,2026-05-03,Brest,home,4-2-3-1,True,19,Nhoa Sangui,LB,3,746698
Paris FC,2026-05-03,Brest,home,4-2-3-1,True,14,Hamari Traoré,RB,2,746698
Paris FC,2026-05-03,Brest,home,4-2-3-1,True,10,Ilan Kebbal,AM,10,746698
Paris FC,2026-05-03,Brest,home,4-2-3-1,True,23,Rudy Matondo,LM,4,746698
Paris FC,2026-05-03,Brest,home,4-2-3-1,True,18,Marshall Munetsi,RM,8,746698
Paris FC,2026-05-03,Brest,home,4-2-3-1,True,9,Willem Geubbels,F,9,746698
Paris FC,2026-05-03,Brest,home,4-2-3-1,True,27,Moses Simon,AM-L,11,746698
Paris FC,2026-05-03,Brest,home,4-2-3-1,True,93,Jonathan Ikoné,AM-R,7,746698
Paris FC,2026-05-03,Brest,home,4-2-3-1,False,6,Otavio,SUB,0,746698
Paris FC,2026-05-03,Brest,home,4-2-3-1,False,7,Alimani Gory,SUB,0,746698
Paris FC,2026-05-03,Brest,home,4-2-3-1,False,36,Ciro Immobile,SUB,0,746698
Paris FC,2026-05-03,Brest,home,4-2-3-1,False,17,Adama Camara,SUB,0,746698
Paris FC,2026-05-03,Brest,home,4-2-3-1,False,4,Vincent Marchetti,SUB,0,746698
Paris FC,2026-05-03,Brest,home,4-2-3-1,False,16,Obed Nkambadio,SUB,0,746698
Paris FC,2026-05-03,Brest,home,4-2-3-1,False,21,Maxime López,SUB,0,746698
Paris FC,2026-05-03,Brest,home,4-2-3-1,False,2,Tuomas Ollila,SUB,0,746698
Paris FC,2026-05-03,Brest,home,4-2-3-1,False,24,Luca Koleosho,SUB,0,746698
Brest,2026-05-03,Paris FC,away,4-1-4-1,True,30,Grégoire Coudert,G,1,746698
Brest,2026-05-03,Paris FC,away,4-1-4-1,True,71,Raphaël Le Guen,CD-L,6,746698
Brest,2026-05-03,Paris FC,away,4-1-4-1,True,5,Brendan Chardonnet,CD-R,5,746698
Brest,2026-05-03,Paris FC,away,4-1-4-1,True,13,Joris Chotard,DM,4,746698
Brest,2026-05-03,Paris FC,away,4-1-4-1,True,12,Luc Zogbe,LB,3,746698
Brest,2026-05-03,Paris FC,away,4-1-4-1,True,77,Kenny Lala,RB,2,746698
Brest,2026-05-03,Paris FC,away,4-1-4-1,True,8,Hugo Magnetti,CM-L,10,746698
Brest,2026-05-03,Paris FC,away,4-1-4-1,True,24,Lucas Tousart,CM-R,8,746698
Brest,2026-05-03,Paris FC,away,4-1-4-1,True,14,Remy Labeau Lascary,LM,11,746698
Brest,2026-05-03,Paris FC,away,4-1-4-1,True,10,Romain Del Castillo,RM,7,746698
Brest,2026-05-03,Paris FC,away,4-1-4-1,True,19,Ludovic Ajorque,F,9,746698
Brest,2026-05-03,Paris FC,away,4-1-4-1,False,99,Pathé Mboup,SUB,0,746698
Brest,2026-05-03,Paris FC,away,4-1-4-1,False,7,Junior Dina Ebimbe,SUB,0,746698
Brest,2026-05-03,Paris FC,away,4-1-4-1,False,29,Serigne Diop,SUB,0,746698
Brest,2026-05-03,Paris FC,away,4-1-4-1,False,50,Noah Jauny,SUB,0,746698
Brest,2026-05-03,Paris FC,away,4-1-4-1,False,4,Michel Diaz,SUB,0,746698
Brest,2026-05-03,Paris FC,away,4-1-4-1,False,23,Kamory Doumbia,SUB,0,746698
Brest,2026-05-03,Paris FC,away,4-1-4-1,False,33,Hamidou Makalou,SUB,0,746698
Brest,2026-05-03,Paris FC,away,4-1-4-1,False,17,Mama Baldé,SUB,0,746698
Brest,2026-05-03,Paris FC,away,4-1-4-1,False,1,Radoslaw Majecki,SUB,0,746698
Lyon,2026-05-03,Rennes,home,4-2-3-1,True,1,Dominik Greif,G,1,746692
Lyon,2026-05-03,Rennes,home,4-2-3-1,True,19,Moussa Niakhaté,CD-L,6,746692
Lyon,2026-05-03,Rennes,home,4-2-3-1,True,22,Clinton Mata,CD-R,5,746692
Lyon,2026-05-03,Rennes,home,4-2-3-1,True,16,Abner,LB,3,746692
Lyon,2026-05-03,Rennes,home,4-2-3-1,True,98,Ainsley Maitland-Niles,RB,2,746692
Lyon,2026-05-03,Rennes,home,4-2-3-1,True,44,Khalis Merah,AM,10,746692
Lyon,2026-05-03,Rennes,home,4-2-3-1,True,8,Corentin Tolisso,LM,4,746692
Lyon,2026-05-03,Rennes,home,4-2-3-1,True,23,Tyler Morton,RM,8,746692
Lyon,2026-05-03,Rennes,home,4-2-3-1,True,77,Roman Yaremchuk,F,9,746692
Lyon,2026-05-03,Rennes,home,4-2-3-1,True,17,Afonso Moreira,AM-L,11,746692
Lyon,2026-05-03,Rennes,home,4-2-3-1,True,9,Endrick,AM-R,7,746692
Lyon,2026-05-03,Rennes,home,4-2-3-1,False,3,Nicolás Tagliafico,SUB,0,746692
Lyon,2026-05-03,Rennes,home,4-2-3-1,False,7,Adam Karabec,SUB,0,746692
Lyon,2026-05-03,Rennes,home,4-2-3-1,False,11,Malick Fofana,SUB,0,746692
Lyon,2026-05-03,Rennes,home,4-2-3-1,False,40,Rémy Descamps,SUB,0,746692
Lyon,2026-05-03,Rennes,home,4-2-3-1,False,21,Ruben Kluivert,SUB,0,746692
Lyon,2026-05-03,Rennes,home,4-2-3-1,False,99,Noah Nartey,SUB,0,746692
Lyon,2026-05-03,Rennes,home,4-2-3-1,False,10,Pavel Sulc,SUB,0,746692
Lyon,2026-05-03,Rennes,home,4-2-3-1,False,39,Mathys De Carvalho,SUB,0,746692
Lyon,2026-05-03,Rennes,home,4-2-3-1,False,37,Ernest Nuamah,SUB,0,746692
Rennes,2026-05-03,Lyon,away,4-4-2,True,30,Brice Samba,G,1,746692
Rennes,2026-05-03,Lyon,away,4-4-2,True,3,Lilian Brassier,CD-L,6,746692
Rennes,2026-05-03,Lyon,away,4-4-2,True,48,Abdelhamid Aït Boudlal,CD-R,5,746692
Rennes,2026-05-03,Lyon,away,4-4-2,True,26,Quentin Merlin,LB,3,746692
Rennes,2026-05-03,Lyon,away,4-4-2,True,36,Alidu Seidu,RB,2,746692
Rennes,2026-05-03,Lyon,away,4-4-2,True,45,Mahdi Camara,CM-L,8,746692
Rennes,2026-05-03,Lyon,away,4-4-2,True,21,Valentin Rongier,CM-R,4,746692
Rennes,2026-05-03,Lyon,away,4-4-2,True,11,Mousa Al-Tamari,LM,11,746692
Rennes,2026-05-03,Lyon,away,4-4-2,True,17,Sebastian Szymanski,RM,7,746692
Rennes,2026-05-03,Lyon,away,4-4-2,True,7,Breel Embolo,CF-L,9,746692
Rennes,2026-05-03,Lyon,away,4-4-2,True,9,Esteban Lepaul,CF-R,10,746692
Rennes,2026-05-03,Lyon,away,4-4-2,False,77,Yassir Zabiri,SUB,0,746692
Rennes,2026-05-03,Lyon,away,4-4-2,False,60,Kilian Belazzoug,SUB,0,746692
Rennes,2026-05-03,Lyon,away,4-4-2,False,4,Glen Kamara,SUB,0,746692
Rennes,2026-05-03,Lyon,away,4-4-2,False,18,Mahamadou Nagida,SUB,0,746692
Rennes,2026-05-03,Lyon,away,4-4-2,False,50,Mathys Silistre,SUB,0,746692
Rennes,2026-05-03,Lyon,away,4-4-2,False,24,Anthony Rouault,SUB,0,746692
Rennes,2026-05-03,Lyon,away,4-4-2,False,65,Nordan Mukiele,SUB,0,746692
Rennes,2026-05-03,Lyon,away,4-4-2,False,10,Ludovic Blas,SUB,0,746692
Rennes,2026-05-03,Lyon,away,4-4-2,False,6,Djaoui Cissé,SUB,0,746692
PSG,2026-05-02,Lorient,home,4-3-3,True,89,Renato Marin,G,1,746695
PSG,2026-05-02,Lorient,home,4-3-3,True,51,Willian Pacho,CD-L,6,746695
PSG,2026-05-02,Lorient,home,4-3-3,True,4,Lucas Beraldo,CD-R,5,746695
PSG,2026-05-02,Lorient,home,4-3-3,True,21,Lucas Hernández,LB,3,746695
PSG,2026-05-02,Lorient,home,4-3-3,True,24,Senny Mayulu,RB,2,746695
PSG,2026-05-02,Lorient,home,4-3-3,True,8,Fabián Ruiz,CM,4,746695
PSG,2026-05-02,Lorient,home,4-3-3,True,27,Dro Fernández,LM,8,746695
PSG,2026-05-02,Lorient,home,4-3-3,True,19,Lee Kang-In,RM,7,746695
PSG,2026-05-02,Lorient,home,4-3-3,True,14,Désiré Doué,F,9,746695
PSG,2026-05-02,Lorient,home,4-3-3,True,29,Bradley Barcola,LF,11,746695
PSG,2026-05-02,Lorient,home,4-3-3,True,49,Ibrahim Mbaye,RF,10,746695
PSG,2026-05-02,Lorient,home,4-3-3,False,7,Khvicha Kvaratskhelia,SUB,0,746695
PSG,2026-05-02,Lorient,home,4-3-3,False,53,Thomas Cordier,SUB,0,746695
PSG,2026-05-02,Lorient,home,4-3-3,False,87,João Neves,SUB,0,746695
PSG,2026-05-02,Lorient,home,4-3-3,False,33,Warren Zaïre-Emery,SUB,0,746695
PSG,2026-05-02,Lorient,home,4-3-3,False,80,Bilal Laurendon,SUB,0,746695
PSG,2026-05-02,Lorient,home,4-3-3,False,5,Marquinhos,SUB,0,746695
PSG,2026-05-02,Lorient,home,4-3-3,False,57,Pierre Mounguengue,SUB,0,746695
PSG,2026-05-02,Lorient,home,4-3-3,False,10,Ousmane Dembélé,SUB,0,746695
PSG,2026-05-02,Lorient,home,4-3-3,False,55,Samba Coulibaly,SUB,0,746695
Lorient,2026-05-02,PSG,away,3-4-2-1,True,38,Yvon Mvogo,G,1,746695
Lorient,2026-05-02,PSG,away,3-4-2-1,True,3,Montassar Talbi,CD,5,746695
Lorient,2026-05-02,PSG,away,3-4-2-1,True,25,Abdoulaye Faye,CD-L,4,746695
Lorient,2026-05-02,PSG,away,3-4-2-1,True,32,Nathaniel Adjei,CD-R,6,746695
Lorient,2026-05-02,PSG,away,3-4-2-1,True,8,Noah Cadiou,CM-L,8,746695
Lorient,2026-05-02,PSG,away,3-4-2-1,True,6,Laurent Abergel,CM-R,7,746695
Lorient,2026-05-02,PSG,away,3-4-2-1,True,43,Arsène Kouassi,LM,3,746695
Lorient,2026-05-02,PSG,away,3-4-2-1,True,77,Panos Katseris,RM,2,746695
Lorient,2026-05-02,PSG,away,3-4-2-1,True,12,Bamba Dieng,F,9,746695
Lorient,2026-05-02,PSG,away,3-4-2-1,True,10,Pablo Pagis,CF-L,11,746695
Lorient,2026-05-02,PSG,away,3-4-2-1,True,62,Arthur Avom,CF-R,10,746695
Lorient,2026-05-02,PSG,away,3-4-2-1,False,17,Jean-Victor Makengo,SUB,0,746695
Lorient,2026-05-02,PSG,away,3-4-2-1,False,28,Sambou Soumano,SUB,0,746695
Lorient,2026-05-02,PSG,away,3-4-2-1,False,95,Isaak Touré,SUB,0,746695
Lorient,2026-05-02,PSG,away,3-4-2-1,False,2,Igor Silva,SUB,0,746695
Lorient,2026-05-02,PSG,away,3-4-2-1,False,9,Mohamed Bamba,SUB,0,746695
Lorient,2026-05-02,PSG,away,3-4-2-1,False,29,Dermane Karim,SUB,0,746695
Lorient,2026-05-02,PSG,away,3-4-2-1,False,15,Tosin Aiyegun,SUB,0,746695
Lorient,2026-05-02,PSG,away,3-4-2-1,False,21,Bingourou Kamara,SUB,0,746695
Lorient,2026-05-02,PSG,away,3-4-2-1,False,44,Darlin Yongwa,SUB,0,746695
Lille,2026-05-03,Le Havre,home,4-2-3-1,True,1,Berke Özer,G,1,746691
Lille,2026-05-03,Le Havre,home,4-2-3-1,True,23,Aïssa Mandi,CD-L,6,746691
Lille,2026-05-03,Le Havre,home,4-2-3-1,True,3,Nathan Ngoy,CD-R,5,746691
Lille,2026-05-03,Le Havre,home,4-2-3-1,True,15,Romain Perraud,LB,3,746691
Lille,2026-05-03,Le Havre,home,4-2-3-1,True,12,Thomas Meunier,RB,2,746691
Lille,2026-05-03,Le Havre,home,4-2-3-1,True,10,Hákon Haraldsson,AM,10,746691
Lille,2026-05-03,Le Havre,home,4-2-3-1,True,21,Benjamin André,LM,4,746691
Lille,2026-05-03,Le Havre,home,4-2-3-1,True,32,Ayyoub Bouaddi,RM,8,746691
Lille,2026-05-03,Le Havre,home,4-2-3-1,True,7,Matias Fernandez-Pardo,F,9,746691
Lille,2026-05-03,Le Havre,home,4-2-3-1,True,27,Felix Correia,AM-L,11,746691
Lille,2026-05-03,Le Havre,home,4-2-3-1,True,17,Ngal'ayel Mukau,AM-R,7,746691
Lille,2026-05-03,Le Havre,home,4-2-3-1,False,9,Olivier Giroud,SUB,0,746691
Lille,2026-05-03,Le Havre,home,4-2-3-1,False,8,Ethan Mbappé,SUB,0,746691
Lille,2026-05-03,Le Havre,home,4-2-3-1,False,4,Alexsandro,SUB,0,746691
Lille,2026-05-03,Le Havre,home,4-2-3-1,False,24,Calvin Verdonk,SUB,0,746691
Lille,2026-05-03,Le Havre,home,4-2-3-1,False,11,Osame Sahraoui,SUB,0,746691
Lille,2026-05-03,Le Havre,home,4-2-3-1,False,28,Gaetan Perrin,SUB,0,746691
Lille,2026-05-03,Le Havre,home,4-2-3-1,False,16,Arnaud Bodart,SUB,0,746691
Lille,2026-05-03,Le Havre,home,4-2-3-1,False,18,Chancel Mbemba,SUB,0,746691
Lille,2026-05-03,Le Havre,home,4-2-3-1,False,22,Tiago Santos,SUB,0,746691
Le Havre,2026-05-03,Lille,away,4-2-3-1,True,99,Mory Diaw,G,1,746691
Le Havre,2026-05-03,Lille,away,4-2-3-1,True,4,Gautier Lloris,CD-L,6,746691
Le Havre,2026-05-03,Lille,away,4-2-3-1,True,15,Ayumu Seko,CD-R,5,746691
Le Havre,2026-05-03,Lille,away,4-2-3-1,True,18,Yanis Zouaoui,LB,3,746691
Le Havre,2026-05-03,Lille,away,4-2-3-1,True,7,Loïc Négo,RB,2,746691
Le Havre,2026-05-03,Lille,away,4-2-3-1,True,17,Sofiane Boufal,AM,10,746691
Le Havre,2026-05-03,Lille,away,4-2-3-1,True,19,Lucas Gourna-Douath,LM,4,746691
Le Havre,2026-05-03,Lille,away,4-2-3-1,True,26,Simon Ebonog,RM,8,746691
Le Havre,2026-05-03,Lille,away,4-2-3-1,True,25,Mbwana Samatta,F,9,746691
Le Havre,2026-05-03,Lille,away,4-2-3-1,True,45,Issa Soumaré,AM-L,11,746691
Le Havre,2026-05-03,Lille,away,4-2-3-1,True,13,Fodé Doucouré,AM-R,7,746691
Le Havre,2026-05-03,Lille,away,4-2-3-1,False,8,Yassine Kechta,SUB,0,746691
Le Havre,2026-05-03,Lille,away,4-2-3-1,False,6,Etienne Youte Kinkoue,SUB,0,746691
Le Havre,2026-05-03,Lille,away,4-2-3-1,False,33,Yanis Beau Djellel,SUB,0,746691
Le Havre,2026-05-03,Lille,away,4-2-3-1,False,27,Enzo Koffi,SUB,0,746691
Le Havre,2026-05-03,Lille,away,4-2-3-1,False,11,Godson Kyeremeh,SUB,0,746691
Le Havre,2026-05-03,Lille,away,4-2-3-1,False,78,Daren Mosengo,SUB,0,746691
Le Havre,2026-05-03,Lille,away,4-2-3-1,False,32,Timothee Pembélé,SUB,0,746691
Le Havre,2026-05-03,Lille,away,4-2-3-1,False,77,Lionel Mpasi,SUB,0,746691
Le Havre,2026-05-03,Lille,away,4-2-3-1,False,10,Félix Mambimbi,SUB,0,746691
Lens,2026-05-08,Nantes,home,3-4-2-1,True,40,Robin Risser,G,1,746702
Lens,2026-05-08,Nantes,home,3-4-2-1,True,6,Samson Baidoo,CD,5,746702
Lens,2026-05-08,Nantes,home,3-4-2-1,True,20,Malang Sarr,CD-L,4,746702
Lens,2026-05-08,Nantes,home,3-4-2-1,True,25,Pierre Ganiou,CD-R,6,746702
Lens,2026-05-08,Nantes,home,3-4-2-1,True,21,Amadou Haidara,CM-L,8,746702
Lens,2026-05-08,Nantes,home,3-4-2-1,True,5,Andrija Bulatovic,CM-R,7,746702
Lens,2026-05-08,Nantes,home,3-4-2-1,True,14,Matthieu Udol,LM,3,746702
Lens,2026-05-08,Nantes,home,3-4-2-1,True,19,Abdallah Sima,RM,2,746702
Lens,2026-05-08,Nantes,home,3-4-2-1,True,11,Odsonne Édouard,F,9,746702
Lens,2026-05-08,Nantes,home,3-4-2-1,True,22,Wesley Saïd,CF-L,11,746702
Lens,2026-05-08,Nantes,home,3-4-2-1,True,38,Rayan Fofana,CF-R,10,746702
Lens,2026-05-08,Nantes,home,3-4-2-1,False,27,Arthur Masuaku,SUB,0,746702
Lens,2026-05-08,Nantes,home,3-4-2-1,False,26,Anthony Bermont,SUB,0,746702
Lens,2026-05-08,Nantes,home,3-4-2-1,False,32,Kyllian Antonio,SUB,0,746702
Lens,2026-05-08,Nantes,home,3-4-2-1,False,2,Ruben Aguilar,SUB,0,746702
Lens,2026-05-08,Nantes,home,3-4-2-1,False,41,Mezian Soares,SUB,0,746702
Lens,2026-05-08,Nantes,home,3-4-2-1,False,18,Fode Sylla,SUB,0,746702
Lens,2026-05-08,Nantes,home,3-4-2-1,False,4,Nidal Celik,SUB,0,746702
Lens,2026-05-08,Nantes,home,3-4-2-1,False,16,Mathieu Gorgelin,SUB,0,746702
Lens,2026-05-08,Nantes,home,3-4-2-1,False,7,Florian Sotoca,SUB,0,746702
Nantes,2026-05-08,Lens,away,3-1-4-2,False,17,Dehmaine Tabibou,,0,746702
Nantes,2026-05-08,Lens,away,3-1-4-2,False,20,Rémy Cabella,,0,746702
Nantes,2026-05-08,Lens,away,3-1-4-2,False,66,Louis Leroux,,0,746702
Nantes,2026-05-08,Lens,away,3-1-4-2,False,72,Sékou Doucouré,,0,746702
Nantes,2026-05-08,Lens,away,3-1-4-2,False,31,Mostafa Mohamed,,0,746702
Nantes,2026-05-08,Lens,away,3-1-4-2,False,30,Patrick Carlgren,,0,746702
Nantes,2026-05-08,Lens,away,3-1-4-2,False,19,Youssef El Arabi,,0,746702
Nantes,2026-05-08,Lens,away,3-1-4-2,False,2,Ali Almusrat,,0,746702
Nantes,2026-05-08,Lens,away,3-1-4-2,False,11,Bahereba Guirassy,,0,746702
Nantes,2026-05-08,Lens,away,3-1-4-2,True,1,Anthony Lopes,G,1,746702
Nantes,2026-05-08,Lens,away,3-1-4-2,True,26,Uros Radakovic,CD,4,746702
Nantes,2026-05-08,Lens,away,3-1-4-2,True,3,Nicolas Cozza,CD-L,6,746702
Nantes,2026-05-08,Lens,away,3-1-4-2,True,6,Chidozie Awaziem,CD-R,5,746702
Nantes,2026-05-08,Lens,away,3-1-4-2,True,28,Ibrahima Sissoko,SW,8,746702
Nantes,2026-05-08,Lens,away,3-1-4-2,True,8,Johann Lepenant,CM-L,11,746702
Nantes,2026-05-08,Lens,away,3-1-4-2,True,21,Mohamed Kaba,CM-R,7,746702
Nantes,2026-05-08,Lens,away,3-1-4-2,True,24,Frédéric Guilbert,LM,3,746702
Nantes,2026-05-08,Lens,away,3-1-4-2,True,22,Mathieu Acapandié,RM,2,746702
Nantes,2026-05-08,Lens,away,3-1-4-2,True,10,Matthis Abline,CF-L,10,746702
Nantes,2026-05-08,Lens,away,3-1-4-2,True,37,Ignatius Ganago,CF-R,9,746702
Monaco,2026-05-10,Lille,home,3-4-2-1,True,1,Lukas Hradecky,G,1,746703
Monaco,2026-05-10,Lille,home,3-4-2-1,True,6,Denis Zakaria,CD,5,746703
Monaco,2026-05-10,Lille,home,3-4-2-1,True,13,Christian Mawissa,CD-L,4,746703
Monaco,2026-05-10,Lille,home,3-4-2-1,True,5,Thilo Kehrer,CD-R,6,746703
Monaco,2026-05-10,Lille,home,3-4-2-1,True,23,Aladji Bamba,CM-L,8,746703
Monaco,2026-05-10,Lille,home,3-4-2-1,True,15,Lamine Camara,CM-R,7,746703
Monaco,2026-05-10,Lille,home,3-4-2-1,True,24,Simon Adingra,LM,3,746703
Monaco,2026-05-10,Lille,home,3-4-2-1,True,4,Jordan Teze,RM,2,746703
Monaco,2026-05-10,Lille,home,3-4-2-1,True,9,Folarin Balogun,F,9,746703
Monaco,2026-05-10,Lille,home,3-4-2-1,True,10,Aleksandr Golovin,CF-L,11,746703
Monaco,2026-05-10,Lille,home,3-4-2-1,True,11,Maghnes Akliouche,CF-R,10,746703
Monaco,2026-05-10,Lille,home,3-4-2-1,False,27,Krépin Diatta,SUB,0,746703
Monaco,2026-05-10,Lille,home,3-4-2-1,False,14,Mika Biereth,SUB,0,746703
Monaco,2026-05-10,Lille,home,3-4-2-1,False,49,Ilane Touré,SUB,0,746703
Monaco,2026-05-10,Lille,home,3-4-2-1,False,16,Philipp Köhn,SUB,0,746703
Monaco,2026-05-10,Lille,home,3-4-2-1,False,3,Eric Dier,SUB,0,746703
Monaco,2026-05-10,Lille,home,3-4-2-1,False,28,Mamadou Coulibaly,SUB,0,746703
Monaco,2026-05-10,Lille,home,3-4-2-1,False,31,Ansu Fati,SUB,0,746703
Monaco,2026-05-10,Lille,home,3-4-2-1,False,25,Wout Faes,SUB,0,746703
Monaco,2026-05-10,Lille,home,3-4-2-1,False,8,Paul Pogba,SUB,0,746703
Lille,2026-05-10,Monaco,away,4-2-3-1,True,1,Berke Özer,G,1,746703
Lille,2026-05-10,Monaco,away,4-2-3-1,True,23,Aïssa Mandi,CD-L,6,746703
Lille,2026-05-10,Monaco,away,4-2-3-1,True,3,Nathan Ngoy,CD-R,5,746703
Lille,2026-05-10,Monaco,away,4-2-3-1,True,15,Romain Perraud,LB,3,746703
Lille,2026-05-10,Monaco,away,4-2-3-1,True,12,Thomas Meunier,RB,2,746703
Lille,2026-05-10,Monaco,away,4-2-3-1,True,10,Hákon Haraldsson,AM,10,746703
Lille,2026-05-10,Monaco,away,4-2-3-1,True,21,Benjamin André,LM,4,746703
Lille,2026-05-10,Monaco,away,4-2-3-1,True,32,Ayyoub Bouaddi,RM,8,746703
Lille,2026-05-10,Monaco,away,4-2-3-1,True,7,Matias Fernandez-Pardo,F,9,746703
Lille,2026-05-10,Monaco,away,4-2-3-1,True,27,Felix Correia,AM-L,11,746703
Lille,2026-05-10,Monaco,away,4-2-3-1,True,17,Ngal'ayel Mukau,AM-R,7,746703
Lille,2026-05-10,Monaco,away,4-2-3-1,False,24,Calvin Verdonk,SUB,0,746703
Lille,2026-05-10,Monaco,away,4-2-3-1,False,28,Gaetan Perrin,SUB,0,746703
Lille,2026-05-10,Monaco,away,4-2-3-1,False,6,Nabil Bentaleb,SUB,0,746703
Lille,2026-05-10,Monaco,away,4-2-3-1,False,11,Osame Sahraoui,SUB,0,746703
Lille,2026-05-10,Monaco,away,4-2-3-1,False,9,Olivier Giroud,SUB,0,746703
Lille,2026-05-10,Monaco,away,4-2-3-1,False,8,Ethan Mbappé,SUB,0,746703
Lille,2026-05-10,Monaco,away,4-2-3-1,False,16,Arnaud Bodart,SUB,0,746703
Lille,2026-05-10,Monaco,away,4-2-3-1,False,18,Chancel Mbemba,SUB,0,746703
Lille,2026-05-10,Monaco,away,4-2-3-1,False,4,Alexsandro,SUB,0,746703
Auxerre,2026-05-03,Angers,home,4-3-3,True,40,Théo De Percin,G,1,746699
Auxerre,2026-05-03,Angers,home,4-3-3,True,24,Bryan Okoh,CD-L,6,746699
Auxerre,2026-05-03,Angers,home,4-3-3,True,20,Sinaly Diomande,CD-R,5,746699
Auxerre,2026-05-03,Angers,home,4-3-3,True,14,Gideon Mensah,LB,3,746699
Auxerre,2026-05-03,Angers,home,4-3-3,True,27,Lamine Sy,RB,2,746699
Auxerre,2026-05-03,Angers,home,4-3-3,True,42,Elisha Owusu,CM,4,746699
Auxerre,2026-05-03,Angers,home,4-3-3,True,5,Kévin Danois,LM,8,746699
Auxerre,2026-05-03,Angers,home,4-3-3,True,8,Naouirou Ahamada,RM,7,746699
Auxerre,2026-05-03,Angers,home,4-3-3,True,9,Sékou Mara,F,9,746699
Auxerre,2026-05-03,Angers,home,4-3-3,True,19,Danny Namaso,LF,11,746699
Auxerre,2026-05-03,Angers,home,4-3-3,True,10,Lassine Sinayoko,RF,10,746699
Auxerre,2026-05-03,Angers,home,4-3-3,False,4,Francisco Sierralta,SUB,0,746699
Auxerre,2026-05-03,Angers,home,4-3-3,False,30,Tom Negrel,SUB,0,746699
Auxerre,2026-05-03,Angers,home,4-3-3,False,29,Marvin Senaya,SUB,0,746699
Auxerre,2026-05-03,Angers,home,4-3-3,False,92,Clément Akpa,SUB,0,746699
Auxerre,2026-05-03,Angers,home,4-3-3,False,21,Lasso Coulibaly,SUB,0,746699
Auxerre,2026-05-03,Angers,home,4-3-3,False,13,Telli Siwe,SUB,0,746699
Auxerre,2026-05-03,Angers,home,4-3-3,False,18,Assane Dioussé,SUB,0,746699
Auxerre,2026-05-03,Angers,home,4-3-3,False,44,Mamoudou Cissokho,SUB,0,746699
Auxerre,2026-05-03,Angers,home,4-3-3,False,7,Josué Casimir,SUB,0,746699
Angers,2026-05-03,Auxerre,away,4-2-3-1,True,12,Hervé Koffi,G,1,746699
Angers,2026-05-03,Auxerre,away,4-2-3-1,True,21,Jordan Lefort,CD-L,6,746699
Angers,2026-05-03,Auxerre,away,4-2-3-1,True,4,Ousmane Camara,CD-R,5,746699
Angers,2026-05-03,Auxerre,away,4-2-3-1,True,3,Jacques Ekomie,LB,3,746699
Angers,2026-05-03,Auxerre,away,4-2-3-1,True,20,Marius Louãr,RB,2,746699
Angers,2026-05-03,Auxerre,away,4-2-3-1,True,15,Pierrick Capelle,AM,10,746699
Angers,2026-05-03,Auxerre,away,4-2-3-1,True,8,Branco van den Boomen,LM,4,746699
Angers,2026-05-03,Auxerre,away,4-2-3-1,True,93,Haris Belkebla,RM,8,746699
Angers,2026-05-03,Auxerre,away,4-2-3-1,True,35,Prosper Peter,F,9,746699
Angers,2026-05-03,Auxerre,away,4-2-3-1,True,7,Amine Sbaï,AM-L,11,746699
Angers,2026-05-03,Auxerre,away,4-2-3-1,True,27,Lilian Raolisoa,AM-R,7,746699
Angers,2026-05-03,Auxerre,away,4-2-3-1,False,26,Florent Hanin,SUB,0,746699
Angers,2026-05-03,Auxerre,away,4-2-3-1,False,23,Dan Sinaté,SUB,0,746699
Angers,2026-05-03,Auxerre,away,4-2-3-1,False,6,Louis Mouton,SUB,0,746699
Angers,2026-05-03,Auxerre,away,4-2-3-1,False,2,Carlens Arcus,SUB,0,746699
Angers,2026-05-03,Auxerre,away,4-2-3-1,False,42,Maël Gernigon,SUB,0,746699
Angers,2026-05-03,Auxerre,away,4-2-3-1,False,25,Abdoulaye Bamba,SUB,0,746699
Angers,2026-05-03,Auxerre,away,4-2-3-1,False,9,Goduine Koyalipou,SUB,0,746699
Angers,2026-05-03,Auxerre,away,4-2-3-1,False,36,Lanroy Machine,SUB,0,746699
Angers,2026-05-03,Auxerre,away,4-2-3-1,False,16,Melvin Zinga,SUB,0,746699
Auxerre,2026-05-10,Nice,home,4-3-3,True,16,Donovan Léon,G,1,746700
Auxerre,2026-05-10,Nice,home,4-3-3,True,24,Bryan Okoh,CD-L,6,746700
Auxerre,2026-05-10,Nice,home,4-3-3,True,20,Sinaly Diomande,CD-R,5,746700
Auxerre,2026-05-10,Nice,home,4-3-3,True,14,Gideon Mensah,LB,3,746700
Auxerre,2026-05-10,Nice,home,4-3-3,True,27,Lamine Sy,RB,2,746700
Auxerre,2026-05-10,Nice,home,4-3-3,True,42,Elisha Owusu,CM,4,746700
Auxerre,2026-05-10,Nice,home,4-3-3,True,5,Kévin Danois,LM,8,746700
Auxerre,2026-05-10,Nice,home,4-3-3,True,8,Naouirou Ahamada,RM,7,746700
Auxerre,2026-05-10,Nice,home,4-3-3,True,9,Sékou Mara,F,9,746700
Auxerre,2026-05-10,Nice,home,4-3-3,True,19,Danny Namaso,LF,11,746700
Auxerre,2026-05-10,Nice,home,4-3-3,True,10,Lassine Sinayoko,RF,10,746700
Auxerre,2026-05-10,Nice,home,4-3-3,False,18,Assane Dioussé,SUB,0,746700
Auxerre,2026-05-10,Nice,home,4-3-3,False,13,Telli Siwe,SUB,0,746700
Auxerre,2026-05-10,Nice,home,4-3-3,False,29,Marvin Senaya,SUB,0,746700
Auxerre,2026-05-10,Nice,home,4-3-3,False,4,Francisco Sierralta,SUB,0,746700
Auxerre,2026-05-10,Nice,home,4-3-3,False,44,Mamoudou Cissokho,SUB,0,746700
Auxerre,2026-05-10,Nice,home,4-3-3,False,21,Lasso Coulibaly,SUB,0,746700
Auxerre,2026-05-10,Nice,home,4-3-3,False,40,Théo De Percin,SUB,0,746700
Auxerre,2026-05-10,Nice,home,4-3-3,False,92,Clément Akpa,SUB,0,746700
Auxerre,2026-05-10,Nice,home,4-3-3,False,7,Josué Casimir,SUB,0,746700
Nice,2026-05-10,Auxerre,away,5-4-1,True,80,Yehvann Diouf,G,1,746700
Nice,2026-05-10,Auxerre,away,5-4-1,True,28,Juma Bah,CD,5,746700
Nice,2026-05-10,Auxerre,away,5-4-1,True,37,Kojo Peprah Oppong,CD-L,4,746700
Nice,2026-05-10,Auxerre,away,5-4-1,True,33,Antoine Mendy,CD-R,6,746700
Nice,2026-05-10,Auxerre,away,5-4-1,True,26,Melvin Bard,LB,3,746700
Nice,2026-05-10,Auxerre,away,5-4-1,True,92,Jonathan Clauss,RB,2,746700
Nice,2026-05-10,Auxerre,away,5-4-1,True,6,Hicham Boudaoui,CM-L,10,746700
Nice,2026-05-10,Auxerre,away,5-4-1,True,99,Salis Abdul Samed,CM-R,8,746700
Nice,2026-05-10,Auxerre,away,5-4-1,True,10,Sofiane Diop,LM,11,746700
Nice,2026-05-10,Auxerre,away,5-4-1,True,8,Morgan Sanson,RM,7,746700
Nice,2026-05-10,Auxerre,away,5-4-1,True,25,Mohamed-Ali Cho,F,9,746700
Nice,2026-05-10,Auxerre,away,5-4-1,False,2,Ali Abdi,SUB,0,746700
Nice,2026-05-10,Auxerre,away,5-4-1,False,32,Kail Boudache,SUB,0,746700
Nice,2026-05-10,Auxerre,away,5-4-1,False,11,Elye Wahi,SUB,0,746700
Nice,2026-05-10,Auxerre,away,5-4-1,False,90,Kevin Carlos,SUB,0,746700
Nice,2026-05-10,Auxerre,away,5-4-1,False,21,Isak Jansson,SUB,0,746700
Nice,2026-05-10,Auxerre,away,5-4-1,False,20,Tom Louchet,SUB,0,746700
Nice,2026-05-10,Auxerre,away,5-4-1,False,24,Charles Vanhoutte,SUB,0,746700
Nice,2026-05-10,Auxerre,away,5-4-1,False,31,Maxime Dupé,SUB,0,746700
Nice,2026-05-10,Auxerre,away,5-4-1,False,4,Dante,SUB,0,746700
Le Havre,2026-05-10,Marseille,home,4-2-3-1,True,99,Mory Diaw,G,1,746701
Le Havre,2026-05-10,Marseille,home,4-2-3-1,True,4,Gautier Lloris,CD-L,6,746701
Le Havre,2026-05-10,Marseille,home,4-2-3-1,True,15,Ayumu Seko,CD-R,5,746701
Le Havre,2026-05-10,Marseille,home,4-2-3-1,True,18,Yanis Zouaoui,LB,3,746701
Le Havre,2026-05-10,Marseille,home,4-2-3-1,True,93,Arouna Sangante,RB,2,746701
Le Havre,2026-05-10,Marseille,home,4-2-3-1,True,17,Sofiane Boufal,AM,10,746701
Le Havre,2026-05-10,Marseille,home,4-2-3-1,True,14,Rassoul Ndiaye,LM,4,746701
Le Havre,2026-05-10,Marseille,home,4-2-3-1,True,19,Lucas Gourna-Douath,RM,8,746701
Le Havre,2026-05-10,Marseille,home,4-2-3-1,True,25,Mbwana Samatta,F,9,746701
Le Havre,2026-05-10,Marseille,home,4-2-3-1,True,45,Issa Soumaré,AM-L,11,746701
Le Havre,2026-05-10,Marseille,home,4-2-3-1,True,13,Fodé Doucouré,AM-R,7,746701
Le Havre,2026-05-10,Marseille,home,4-2-3-1,False,7,Loïc Négo,SUB,0,746701
Le Havre,2026-05-10,Marseille,home,4-2-3-1,False,26,Simon Ebonog,SUB,0,746701
Le Havre,2026-05-10,Marseille,home,4-2-3-1,False,32,Timothee Pembélé,SUB,0,746701
Le Havre,2026-05-10,Marseille,home,4-2-3-1,False,6,Etienne Youte Kinkoue,SUB,0,746701
Le Havre,2026-05-10,Marseille,home,4-2-3-1,False,10,Félix Mambimbi,SUB,0,746701
Le Havre,2026-05-10,Marseille,home,4-2-3-1,False,77,Lionel Mpasi,SUB,0,746701
Le Havre,2026-05-10,Marseille,home,4-2-3-1,False,8,Yassine Kechta,SUB,0,746701
Le Havre,2026-05-10,Marseille,home,4-2-3-1,False,11,Godson Kyeremeh,SUB,0,746701
Le Havre,2026-05-10,Marseille,home,4-2-3-1,False,27,Enzo Koffi,SUB,0,746701
Marseille,2026-05-10,Le Havre,away,4-2-3-1,True,1,Gerónimo Rulli,G,1,746701
Marseille,2026-05-10,Le Havre,away,4-2-3-1,True,32,Facundo Medina,CD-L,6,746701
Marseille,2026-05-10,Le Havre,away,4-2-3-1,True,5,Leonardo Balerdi,CD-R,5,746701
Marseille,2026-05-10,Le Havre,away,4-2-3-1,True,33,Emerson,LB,3,746701
Marseille,2026-05-10,Le Havre,away,4-2-3-1,True,28,Benjamin Pavard,RB,2,746701
Marseille,2026-05-10,Le Havre,away,4-2-3-1,True,27,Quinten Timber,AM,10,746701
Marseille,2026-05-10,Le Havre,away,4-2-3-1,True,23,Pierre-Emile Højbjerg,LM,4,746701
Marseille,2026-05-10,Le Havre,away,4-2-3-1,True,6,Tochukwu Nnadi,RM,8,746701
Marseille,2026-05-10,Le Havre,away,4-2-3-1,True,9,Amine Gouiri,F,9,746701
Marseille,2026-05-10,Le Havre,away,4-2-3-1,True,14,Igor Paixão,AM-L,11,746701
Marseille,2026-05-10,Le Havre,away,4-2-3-1,True,10,Mason Greenwood,AM-R,7,746701
Marseille,2026-05-10,Le Havre,away,4-2-3-1,False,35,Kelyann Bezahaf,SUB,0,746701
Marseille,2026-05-10,Le Havre,away,4-2-3-1,False,72,Hilan Slimani,SUB,0,746701
Marseille,2026-05-10,Le Havre,away,4-2-3-1,False,18,Arthur Vermeeren,SUB,0,746701
Marseille,2026-05-10,Le Havre,away,4-2-3-1,False,12,Jeffrey de Lange,SUB,0,746701
Marseille,2026-05-10,Le Havre,away,4-2-3-1,False,71,Nouhoum Kamissoko,SUB,0,746701
Marseille,2026-05-10,Le Havre,away,4-2-3-1,False,76,Tadjidine Mmadi,SUB,0,746701
Marseille,2026-05-10,Le Havre,away,4-2-3-1,False,78,Ange Lago,SUB,0,746701
Marseille,2026-05-10,Le Havre,away,4-2-3-1,False,11,Ethan Nwaneri,SUB,0,746701
Marseille,2026-05-10,Le Havre,away,4-2-3-1,False,70,Ugo El Kadmiri,SUB,0,746701
Rennes,2026-05-10,Paris FC,home,4-3-3,True,30,Brice Samba,G,1,746706
Rennes,2026-05-10,Paris FC,home,4-3-3,True,24,Anthony Rouault,CD-L,6,746706
Rennes,2026-05-10,Paris FC,home,4-3-3,True,48,Abdelhamid Aït Boudlal,CD-R,5,746706
Rennes,2026-05-10,Paris FC,home,4-3-3,True,26,Quentin Merlin,LB,3,746706
Rennes,2026-05-10,Paris FC,home,4-3-3,True,18,Mahamadou Nagida,RB,2,746706
Rennes,2026-05-10,Paris FC,home,4-3-3,True,21,Valentin Rongier,CM,4,746706
Rennes,2026-05-10,Paris FC,home,4-3-3,True,45,Mahdi Camara,LM,8,746706
Rennes,2026-05-10,Paris FC,home,4-3-3,True,17,Sebastian Szymanski,RM,7,746706
Rennes,2026-05-10,Paris FC,home,4-3-3,True,9,Esteban Lepaul,F,9,746706
Rennes,2026-05-10,Paris FC,home,4-3-3,True,10,Ludovic Blas,LF,11,746706
Rennes,2026-05-10,Paris FC,home,4-3-3,True,11,Mousa Al-Tamari,RF,10,746706
Rennes,2026-05-10,Paris FC,home,4-3-3,False,70,Arnaud Nordin,SUB,0,746706
Rennes,2026-05-10,Paris FC,home,4-3-3,False,77,Yassir Zabiri,SUB,0,746706
Rennes,2026-05-10,Paris FC,home,4-3-3,False,6,Djaoui Cissé,SUB,0,746706
Rennes,2026-05-10,Paris FC,home,4-3-3,False,36,Alidu Seidu,SUB,0,746706
Rennes,2026-05-10,Paris FC,home,4-3-3,False,60,Kilian Belazzoug,SUB,0,746706
Rennes,2026-05-10,Paris FC,home,4-3-3,False,65,Nordan Mukiele,SUB,0,746706
Rennes,2026-05-10,Paris FC,home,4-3-3,False,7,Breel Embolo,SUB,0,746706
Rennes,2026-05-10,Paris FC,home,4-3-3,False,3,Lilian Brassier,SUB,0,746706
Rennes,2026-05-10,Paris FC,home,4-3-3,False,4,Glen Kamara,SUB,0,746706
Paris FC,2026-05-10,Rennes,away,4-2-3-1,True,35,Kevin Trapp,G,1,746706
Paris FC,2026-05-10,Rennes,away,4-2-3-1,True,5,Moustapha Mbow,CD-L,6,746706
Paris FC,2026-05-10,Rennes,away,4-2-3-1,True,42,Diego Coppola,CD-R,5,746706
Paris FC,2026-05-10,Rennes,away,4-2-3-1,True,19,Nhoa Sangui,LB,3,746706
Paris FC,2026-05-10,Rennes,away,4-2-3-1,True,14,Hamari Traoré,RB,2,746706
Paris FC,2026-05-10,Rennes,away,4-2-3-1,True,10,Ilan Kebbal,AM,10,746706
Paris FC,2026-05-10,Rennes,away,4-2-3-1,True,23,Rudy Matondo,LM,4,746706
Paris FC,2026-05-10,Rennes,away,4-2-3-1,True,33,Pierre Lees-Melou,RM,8,746706
Paris FC,2026-05-10,Rennes,away,4-2-3-1,True,9,Willem Geubbels,F,9,746706
Paris FC,2026-05-10,Rennes,away,4-2-3-1,True,24,Luca Koleosho,AM-L,11,746706
Paris FC,2026-05-10,Rennes,away,4-2-3-1,True,7,Alimani Gory,AM-R,7,746706
Paris FC,2026-05-10,Rennes,away,4-2-3-1,False,6,Otavio,SUB,0,746706
Paris FC,2026-05-10,Rennes,away,4-2-3-1,False,16,Obed Nkambadio,SUB,0,746706
Paris FC,2026-05-10,Rennes,away,4-2-3-1,False,4,Vincent Marchetti,SUB,0,746706
Paris FC,2026-05-10,Rennes,away,4-2-3-1,False,18,Marshall Munetsi,SUB,0,746706
Paris FC,2026-05-10,Rennes,away,4-2-3-1,False,21,Maxime López,SUB,0,746706
Paris FC,2026-05-10,Rennes,away,4-2-3-1,False,17,Adama Camara,SUB,0,746706
Paris FC,2026-05-10,Rennes,away,4-2-3-1,False,27,Moses Simon,SUB,0,746706
Paris FC,2026-05-10,Rennes,away,4-2-3-1,False,36,Ciro Immobile,SUB,0,746706
Paris FC,2026-05-10,Rennes,away,4-2-3-1,False,93,Jonathan Ikoné,SUB,0,746706
Metz,2026-05-10,Lorient,home,4-2-3-1,True,61,Pape Sy,G,1,746708
Metz,2026-05-10,Lorient,home,4-2-3-1,True,15,Terry Yegbe,CD-L,6,746708
Metz,2026-05-10,Lorient,home,4-2-3-1,True,38,Sadibou Sané,CD-R,5,746708
Metz,2026-05-10,Lorient,home,4-2-3-1,True,70,Bouna Sarr,LB,3,746708
Metz,2026-05-10,Lorient,home,4-2-3-1,True,39,Koffi Kouao,RB,2,746708
Metz,2026-05-10,Lorient,home,4-2-3-1,True,10,Gauthier Hein,AM,10,746708
Metz,2026-05-10,Lorient,home,4-2-3-1,True,20,Jessy Deminguet,LM,4,746708
Metz,2026-05-10,Lorient,home,4-2-3-1,True,5,Jean-Philippe Gbamin,RM,8,746708
Metz,2026-05-10,Lorient,home,4-2-3-1,True,11,Giorgi Kvilitaia,F,9,746708
Metz,2026-05-10,Lorient,home,4-2-3-1,True,7,Giorgi Tsitaishvili,AM-L,11,746708
Metz,2026-05-10,Lorient,home,4-2-3-1,True,34,Nathan Mbala,AM-R,7,746708
Metz,2026-05-10,Lorient,home,4-2-3-1,False,21,Benjamin Stambouli,SUB,0,746708
Metz,2026-05-10,Lorient,home,4-2-3-1,False,97,Fodé Ballo-Touré,SUB,0,746708
Metz,2026-05-10,Lorient,home,4-2-3-1,False,33,Believe Munongo,SUB,0,746708
Metz,2026-05-10,Lorient,home,4-2-3-1,False,12,Alpha Touré,SUB,0,746708
Metz,2026-05-10,Lorient,home,4-2-3-1,False,9,Giorgi Abuashvili,SUB,0,746708
Metz,2026-05-10,Lorient,home,4-2-3-1,False,4,Urie-Michel Mboula,SUB,0,746708
Metz,2026-05-10,Lorient,home,4-2-3-1,False,2,Maxime Colin,SUB,0,746708
Metz,2026-05-10,Lorient,home,4-2-3-1,False,30,Habib Diallo,SUB,0,746708
Metz,2026-05-10,Lorient,home,4-2-3-1,False,1,Jonathan Fischer,SUB,0,746708
Lorient,2026-05-10,Metz,away,3-4-2-1,True,38,Yvon Mvogo,G,1,746708
Lorient,2026-05-10,Metz,away,3-4-2-1,True,3,Montassar Talbi,CD,5,746708
Lorient,2026-05-10,Metz,away,3-4-2-1,True,25,Abdoulaye Faye,CD-L,4,746708
Lorient,2026-05-10,Metz,away,3-4-2-1,True,32,Nathaniel Adjei,CD-R,6,746708
Lorient,2026-05-10,Metz,away,3-4-2-1,True,6,Laurent Abergel,CM-L,8,746708
Lorient,2026-05-10,Metz,away,3-4-2-1,True,8,Noah Cadiou,CM-R,7,746708
Lorient,2026-05-10,Metz,away,3-4-2-1,True,43,Arsène Kouassi,LM,3,746708
Lorient,2026-05-10,Metz,away,3-4-2-1,True,77,Panos Katseris,RM,2,746708
Lorient,2026-05-10,Metz,away,3-4-2-1,True,15,Tosin Aiyegun,F,9,746708
Lorient,2026-05-10,Metz,away,3-4-2-1,True,29,Dermane Karim,CF-L,11,746708
Lorient,2026-05-10,Metz,away,3-4-2-1,True,17,Jean-Victor Makengo,CF-R,10,746708
Lorient,2026-05-10,Metz,away,3-4-2-1,False,95,Isaak Touré,SUB,0,746708
Lorient,2026-05-10,Metz,away,3-4-2-1,False,10,Pablo Pagis,SUB,0,746708
Lorient,2026-05-10,Metz,away,3-4-2-1,False,28,Sambou Soumano,SUB,0,746708
Lorient,2026-05-10,Metz,away,3-4-2-1,False,9,Mohamed Bamba,SUB,0,746708
Lorient,2026-05-10,Metz,away,3-4-2-1,False,62,Arthur Avom,SUB,0,746708
Lorient,2026-05-10,Metz,away,3-4-2-1,False,12,Bamba Dieng,SUB,0,746708
Lorient,2026-05-10,Metz,away,3-4-2-1,False,21,Bingourou Kamara,SUB,0,746708
Lorient,2026-05-10,Metz,away,3-4-2-1,False,2,Igor Silva,SUB,0,746708
Lorient,2026-05-10,Metz,away,3-4-2-1,False,19,Isaac Monnier,SUB,0,746708
Angers,2026-05-10,Strasbourg,home,3-5-1-1,True,12,Hervé Koffi,G,1,746704
Angers,2026-05-10,Strasbourg,home,3-5-1-1,True,4,Ousmane Camara,CD,5,746704
Angers,2026-05-10,Strasbourg,home,3-5-1-1,True,21,Jordan Lefort,CD-L,4,746704
Angers,2026-05-10,Strasbourg,home,3-5-1-1,True,20,Marius Louãr,CD-R,6,746704
Angers,2026-05-10,Strasbourg,home,3-5-1-1,True,93,Haris Belkebla,CM-L,8,746704
Angers,2026-05-10,Strasbourg,home,3-5-1-1,True,15,Pierrick Capelle,CM-R,7,746704
Angers,2026-05-10,Strasbourg,home,3-5-1-1,True,8,Branco van den Boomen,AM,11,746704
Angers,2026-05-10,Strasbourg,home,3-5-1-1,True,3,Jacques Ekomie,LM,3,746704
Angers,2026-05-10,Strasbourg,home,3-5-1-1,True,27,Lilian Raolisoa,RM,2,746704
Angers,2026-05-10,Strasbourg,home,3-5-1-1,True,35,Prosper Peter,F,9,746704
Angers,2026-05-10,Strasbourg,home,3-5-1-1,True,6,Louis Mouton,RCF,10,746704
Angers,2026-05-10,Strasbourg,home,3-5-1-1,False,42,Maël Gernigon,SUB,0,746704
Angers,2026-05-10,Strasbourg,home,3-5-1-1,False,25,Abdoulaye Bamba,SUB,0,746704
Angers,2026-05-10,Strasbourg,home,3-5-1-1,False,46,Bané Diatta,SUB,0,746704
Angers,2026-05-10,Strasbourg,home,3-5-1-1,False,16,Melvin Zinga,SUB,0,746704
Angers,2026-05-10,Strasbourg,home,3-5-1-1,False,9,Goduine Koyalipou,SUB,0,746704
Angers,2026-05-10,Strasbourg,home,3-5-1-1,False,26,Florent Hanin,SUB,0,746704
Angers,2026-05-10,Strasbourg,home,3-5-1-1,False,36,Lanroy Machine,SUB,0,746704
Angers,2026-05-10,Strasbourg,home,3-5-1-1,False,2,Carlens Arcus,SUB,0,746704
Angers,2026-05-10,Strasbourg,home,3-5-1-1,False,24,Emmanuel Biumla,SUB,0,746704
Strasbourg,2026-05-10,Angers,away,4-2-3-1,True,39,Mike Penders,G,1,746704
Strasbourg,2026-05-10,Angers,away,4-2-3-1,True,6,Ismael Doukoure,CD-L,6,746704
Strasbourg,2026-05-10,Angers,away,4-2-3-1,True,24,Lucas Høgsberg,CD-R,5,746704
Strasbourg,2026-05-10,Angers,away,4-2-3-1,True,42,Abdoul Ouattara,LB,3,746704
Strasbourg,2026-05-10,Angers,away,4-2-3-1,True,22,Guela Doué,RB,2,746704
Strasbourg,2026-05-10,Angers,away,4-2-3-1,True,19,Julio Enciso,AM,10,746704
Strasbourg,2026-05-10,Angers,away,4-2-3-1,True,8,Maximillian Oyedele,LM,4,746704
Strasbourg,2026-05-10,Angers,away,4-2-3-1,True,17,Mathis Amougou,RM,8,746704
Strasbourg,2026-05-10,Angers,away,4-2-3-1,True,34,Yaya Diémé,F,9,746704
Strasbourg,2026-05-10,Angers,away,4-2-3-1,True,20,Martial Godo,AM-L,11,746704
Strasbourg,2026-05-10,Angers,away,4-2-3-1,True,27,Samuel Amo-Ameyaw,AM-R,7,746704
Strasbourg,2026-05-10,Angers,away,4-2-3-1,False,35,Idrissa Sabaly,SUB,0,746704
Strasbourg,2026-05-10,Angers,away,4-2-3-1,False,28,Tyrese Noubissie,SUB,0,746704
Strasbourg,2026-05-10,Angers,away,4-2-3-1,False,1,Karl-Johan Johnsson,SUB,0,746704
Strasbourg,2026-05-10,Angers,away,4-2-3-1,False,80,Gessime Yassine,SUB,0,746704
Strasbourg,2026-05-10,Angers,away,4-2-3-1,False,3,Ben Chilwell,SUB,0,746704
Strasbourg,2026-05-10,Angers,away,4-2-3-1,False,45,Amadou Cissé,SUB,0,746704
Strasbourg,2026-05-10,Angers,away,4-2-3-1,False,18,Junior Mwanga,SUB,0,746704
Strasbourg,2026-05-10,Angers,away,4-2-3-1,False,33,Jean-Baptiste Bosey,SUB,0,746704
Strasbourg,2026-05-10,Angers,away,4-2-3-1,False,83,Rafael Luís,SUB,0,746704
Brest,2026-05-17,Angers,home,4-2-3-1,True,30,Grégoire Coudert,G,1,746709
Brest,2026-05-17,Angers,home,4-2-3-1,True,71,Raphaël Le Guen,CD-L,6,746709
Brest,2026-05-17,Angers,home,4-2-3-1,True,5,Brendan Chardonnet,CD-R,5,746709
Brest,2026-05-17,Angers,home,4-2-3-1,True,27,Daouda Guindo,LB,3,746709
Brest,2026-05-17,Angers,home,4-2-3-1,True,77,Kenny Lala,RB,2,746709
Brest,2026-05-17,Angers,home,4-2-3-1,True,23,Kamory Doumbia,AM,10,746709
Brest,2026-05-17,Angers,home,4-2-3-1,True,33,Hamidou Makalou,LM,4,746709
Brest,2026-05-17,Angers,home,4-2-3-1,True,24,Lucas Tousart,RM,8,746709
Brest,2026-05-17,Angers,home,4-2-3-1,True,19,Ludovic Ajorque,F,9,746709
Brest,2026-05-17,Angers,home,4-2-3-1,True,99,Pathé Mboup,AM-L,11,746709
Brest,2026-05-17,Angers,home,4-2-3-1,True,10,Romain Del Castillo,AM-R,7,746709
Brest,2026-05-17,Angers,home,4-2-3-1,False,2,Bradley Locko,SUB,0,746709
Brest,2026-05-17,Angers,home,4-2-3-1,False,50,Noah Jauny,SUB,0,746709
Brest,2026-05-17,Angers,home,4-2-3-1,False,4,Michel Diaz,SUB,0,746709
Brest,2026-05-17,Angers,home,4-2-3-1,False,29,Serigne Diop,SUB,0,746709
Brest,2026-05-17,Angers,home,4-2-3-1,False,21,Ibrahim Kanté,SUB,0,746709
Brest,2026-05-17,Angers,home,4-2-3-1,False,13,Joris Chotard,SUB,0,746709
Brest,2026-05-17,Angers,home,4-2-3-1,False,12,Luc Zogbe,SUB,0,746709
Brest,2026-05-17,Angers,home,4-2-3-1,False,8,Hugo Magnetti,SUB,0,746709
Brest,2026-05-17,Angers,home,4-2-3-1,False,14,Remy Labeau Lascary,SUB,0,746709
Angers,2026-05-17,Brest,away,3-5-2,True,12,Hervé Koffi,G,1,746709
Angers,2026-05-17,Brest,away,3-5-2,True,4,Ousmane Camara,CD,5,746709
Angers,2026-05-17,Brest,away,3-5-2,True,21,Jordan Lefort,CD-L,4,746709
Angers,2026-05-17,Brest,away,3-5-2,True,25,Abdoulaye Bamba,CD-R,6,746709
Angers,2026-05-17,Brest,away,3-5-2,True,93,Haris Belkebla,CM-L,8,746709
Angers,2026-05-17,Brest,away,3-5-2,True,15,Pierrick Capelle,CM-R,7,746709
Angers,2026-05-17,Brest,away,3-5-2,True,8,Branco van den Boomen,AM,11,746709
Angers,2026-05-17,Brest,away,3-5-2,True,26,Florent Hanin,LM,3,746709
Angers,2026-05-17,Brest,away,3-5-2,True,27,Lilian Raolisoa,RM,2,746709
Angers,2026-05-17,Brest,away,3-5-2,True,7,Amine Sbaï,CF-L,9,746709
Angers,2026-05-17,Brest,away,3-5-2,True,9,Goduine Koyalipou,CF-R,10,746709
Angers,2026-05-17,Brest,away,3-5-2,False,23,Dan Sinaté,SUB,0,746709
Angers,2026-05-17,Brest,away,3-5-2,False,38,Ilann Garin,SUB,0,746709
Angers,2026-05-17,Brest,away,3-5-2,False,36,Lanroy Machine,SUB,0,746709
Angers,2026-05-17,Brest,away,3-5-2,False,3,Jacques Ekomie,SUB,0,746709
Angers,2026-05-17,Brest,away,3-5-2,False,2,Carlens Arcus,SUB,0,746709
Angers,2026-05-17,Brest,away,3-5-2,False,16,Melvin Zinga,SUB,0,746709
Angers,2026-05-17,Brest,away,3-5-2,False,24,Emmanuel Biumla,SUB,0,746709
Lens,2026-05-13,PSG,home,3-4-2-1,True,40,Robin Risser,G,1,746666
Lens,2026-05-13,PSG,home,3-4-2-1,True,6,Samson Baidoo,CD,5,746666
Lens,2026-05-13,PSG,home,3-4-2-1,True,20,Malang Sarr,CD-L,4,746666
Lens,2026-05-13,PSG,home,3-4-2-1,True,25,Pierre Ganiou,CD-R,6,746666
Lens,2026-05-13,PSG,home,3-4-2-1,True,28,Adrien Thomasson,CM-L,8,746666
Lens,2026-05-13,PSG,home,3-4-2-1,True,8,Mamadou Sangare,CM-R,7,746666
Lens,2026-05-13,PSG,home,3-4-2-1,True,14,Matthieu Udol,LM,3,746666
Lens,2026-05-13,PSG,home,3-4-2-1,True,2,Ruben Aguilar,RM,2,746666
Lens,2026-05-13,PSG,home,3-4-2-1,True,11,Odsonne Édouard,F,9,746666
Lens,2026-05-13,PSG,home,3-4-2-1,True,22,Wesley Saïd,CF-L,11,746666
Lens,2026-05-13,PSG,home,3-4-2-1,True,19,Abdallah Sima,CF-R,10,746666
Lens,2026-05-13,PSG,home,3-4-2-1,False,27,Arthur Masuaku,SUB,0,746666
Lens,2026-05-13,PSG,home,3-4-2-1,False,10,Florian Thauvin,SUB,0,746666
Lens,2026-05-13,PSG,home,3-4-2-1,False,41,Mezian Soares,SUB,0,746666
Lens,2026-05-13,PSG,home,3-4-2-1,False,5,Andrija Bulatovic,SUB,0,746666
Lens,2026-05-13,PSG,home,3-4-2-1,False,16,Mathieu Gorgelin,SUB,0,746666
Lens,2026-05-13,PSG,home,3-4-2-1,False,7,Florian Sotoca,SUB,0,746666
Lens,2026-05-13,PSG,home,3-4-2-1,False,21,Amadou Haidara,SUB,0,746666
Lens,2026-05-13,PSG,home,3-4-2-1,False,9,Allan Saint-Maximin,SUB,0,746666
Lens,2026-05-13,PSG,home,3-4-2-1,False,32,Kyllian Antonio,SUB,0,746666
PSG,2026-05-13,Lens,away,4-3-3,True,39,Matvei Safonov,G,1,746666
PSG,2026-05-13,Lens,away,4-3-3,True,4,Lucas Beraldo,CD-L,6,746666
PSG,2026-05-13,Lens,away,4-3-3,True,6,Illia Zabarnyi,CD-R,5,746666
PSG,2026-05-13,Lens,away,4-3-3,True,21,Lucas Hernández,LB,3,746666
PSG,2026-05-13,Lens,away,4-3-3,True,24,Senny Mayulu,RB,2,746666
PSG,2026-05-13,Lens,away,4-3-3,True,87,João Neves,CM,4,746666
PSG,2026-05-13,Lens,away,4-3-3,True,27,Dro Fernández,LM,8,746666
PSG,2026-05-13,Lens,away,4-3-3,True,14,Désiré Doué,RM,7,746666
PSG,2026-05-13,Lens,away,4-3-3,True,10,Ousmane Dembélé,F,9,746666
PSG,2026-05-13,Lens,away,4-3-3,True,7,Khvicha Kvaratskhelia,LF,11,746666
PSG,2026-05-13,Lens,away,4-3-3,True,29,Bradley Barcola,RF,10,746666
PSG,2026-05-13,Lens,away,4-3-3,False,89,Renato Marin,SUB,0,746666
PSG,2026-05-13,Lens,away,4-3-3,False,42,David Boly,SUB,0,746666
PSG,2026-05-13,Lens,away,4-3-3,False,49,Ibrahim Mbaye,SUB,0,746666
PSG,2026-05-13,Lens,away,4-3-3,False,8,Fabián Ruiz,SUB,0,746666
PSG,2026-05-13,Lens,away,4-3-3,False,53,Thomas Cordier,SUB,0,746666
PSG,2026-05-13,Lens,away,4-3-3,False,17,Vitinha,SUB,0,746666
PSG,2026-05-13,Lens,away,4-3-3,False,5,Marquinhos,SUB,0,746666
PSG,2026-05-13,Lens,away,4-3-3,False,54,Dimitri Lucea,SUB,0,746666
PSG,2026-05-13,Lens,away,4-3-3,False,9,Gonçalo Ramos,SUB,0,746666
Paris FC,2026-05-17,PSG,home,4-4-2,True,35,Kevin Trapp,G,1,746713
Paris FC,2026-05-17,PSG,home,4-4-2,True,42,Diego Coppola,CD-L,6,746713
Paris FC,2026-05-17,PSG,home,4-4-2,True,31,Samir Chergui,CD-R,5,746713
Paris FC,2026-05-17,PSG,home,4-4-2,True,6,Otavio,LB,3,746713
Paris FC,2026-05-17,PSG,home,4-4-2,True,17,Adama Camara,RB,2,746713
Paris FC,2026-05-17,PSG,home,4-4-2,True,33,Pierre Lees-Melou,CM-L,8,746713
Paris FC,2026-05-17,PSG,home,4-4-2,True,23,Rudy Matondo,CM-R,4,746713
Paris FC,2026-05-17,PSG,home,4-4-2,True,27,Moses Simon,LM,11,746713
Paris FC,2026-05-17,PSG,home,4-4-2,True,93,Jonathan Ikoné,RM,7,746713
Paris FC,2026-05-17,PSG,home,4-4-2,True,9,Willem Geubbels,CF-L,9,746713
Paris FC,2026-05-17,PSG,home,4-4-2,True,18,Marshall Munetsi,CF-R,10,746713
Paris FC,2026-05-17,PSG,home,4-4-2,False,21,Maxime López,SUB,0,746713
Paris FC,2026-05-17,PSG,home,4-4-2,False,13,Mathieu Cafaro,SUB,0,746713
Paris FC,2026-05-17,PSG,home,4-4-2,False,4,Vincent Marchetti,SUB,0,746713
Paris FC,2026-05-17,PSG,home,4-4-2,False,16,Obed Nkambadio,SUB,0,746713
Paris FC,2026-05-17,PSG,home,4-4-2,False,28,Thibault De Smet,SUB,0,746713
Paris FC,2026-05-17,PSG,home,4-4-2,False,10,Ilan Kebbal,SUB,0,746713
Paris FC,2026-05-17,PSG,home,4-4-2,False,7,Alimani Gory,SUB,0,746713
Paris FC,2026-05-17,PSG,home,4-4-2,False,14,Hamari Traoré,SUB,0,746713
Paris FC,2026-05-17,PSG,home,4-4-2,False,24,Luca Koleosho,SUB,0,746713
PSG,2026-05-17,Paris FC,away,4-3-3,True,39,Matvei Safonov,G,1,746713
PSG,2026-05-17,Paris FC,away,4-3-3,True,5,Marquinhos,CD-L,6,746713
PSG,2026-05-17,Paris FC,away,4-3-3,True,6,Illia Zabarnyi,CD-R,5,746713
PSG,2026-05-17,Paris FC,away,4-3-3,True,54,Dimitri Lucea,LB,3,746713
PSG,2026-05-17,Paris FC,away,4-3-3,True,33,Warren Zaïre-Emery,RB,2,746713
PSG,2026-05-17,Paris FC,away,4-3-3,True,17,Vitinha,CM,4,746713
PSG,2026-05-17,Paris FC,away,4-3-3,True,8,Fabián Ruiz,LM,8,746713
PSG,2026-05-17,Paris FC,away,4-3-3,True,4,Lucas Beraldo,RM,7,746713
PSG,2026-05-17,Paris FC,away,4-3-3,True,10,Ousmane Dembélé,F,9,746713
PSG,2026-05-17,Paris FC,away,4-3-3,True,7,Khvicha Kvaratskhelia,LF,11,746713
PSG,2026-05-17,Paris FC,away,4-3-3,True,29,Bradley Barcola,RF,10,746713
PSG,2026-05-17,Paris FC,away,4-3-3,False,9,Gonçalo Ramos,SUB,0,746713
PSG,2026-05-17,Paris FC,away,4-3-3,False,49,Ibrahim Mbaye,SUB,0,746713
PSG,2026-05-17,Paris FC,away,4-3-3,False,24,Senny Mayulu,SUB,0,746713
PSG,2026-05-17,Paris FC,away,4-3-3,False,19,Lee Kang-In,SUB,0,746713
PSG,2026-05-17,Paris FC,away,4-3-3,False,27,Dro Fernández,SUB,0,746713
PSG,2026-05-17,Paris FC,away,4-3-3,False,87,João Neves,SUB,0,746713
PSG,2026-05-17,Paris FC,away,4-3-3,False,14,Désiré Doué,SUB,0,746713
PSG,2026-05-17,Paris FC,away,4-3-3,False,21,Lucas Hernández,SUB,0,746713
PSG,2026-05-17,Paris FC,away,4-3-3,False,89,Renato Marin,SUB,0,746713
Toulouse,2026-05-10,Lyon,home,3-4-2-1,True,1,Guillaume Restes,G,1,746707
Toulouse,2026-05-10,Lyon,home,3-4-2-1,True,4,Charlie Cresswell,CD,5,746707
Toulouse,2026-05-10,Lyon,home,3-4-2-1,True,2,Rasmus Nicolaisen,CD-L,4,746707
Toulouse,2026-05-10,Lyon,home,3-4-2-1,True,3,Mark McKenzie,CD-R,6,746707
Toulouse,2026-05-10,Lyon,home,3-4-2-1,True,23,Cristian Cásseres Jr.,CM-L,8,746707
Toulouse,2026-05-10,Lyon,home,3-4-2-1,True,45,Alexis Vossah,CM-R,7,746707
Toulouse,2026-05-10,Lyon,home,3-4-2-1,True,24,Dayann Methalie,LM,3,746707
Toulouse,2026-05-10,Lyon,home,3-4-2-1,True,15,Aron Donnum,RM,2,746707
Toulouse,2026-05-10,Lyon,home,3-4-2-1,True,13,Jacen Russell-Rowe,F,9,746707
Toulouse,2026-05-10,Lyon,home,3-4-2-1,True,10,Yann Gboho,CF-L,11,746707
Toulouse,2026-05-10,Lyon,home,3-4-2-1,True,11,Santiago Hidalgo,CF-R,10,746707
Toulouse,2026-05-10,Lyon,home,3-4-2-1,False,19,Djibril Sidibé,SUB,0,746707
Toulouse,2026-05-10,Lyon,home,3-4-2-1,False,35,Seny Koumbassa,SUB,0,746707
Toulouse,2026-05-10,Lyon,home,3-4-2-1,False,7,Julián Vignolo,SUB,0,746707
Toulouse,2026-05-10,Lyon,home,3-4-2-1,False,20,Emersonn,SUB,0,746707
Toulouse,2026-05-10,Lyon,home,3-4-2-1,False,12,Waren Kamanzi,SUB,0,746707
Toulouse,2026-05-10,Lyon,home,3-4-2-1,False,17,Abu Francis,SUB,0,746707
Toulouse,2026-05-10,Lyon,home,3-4-2-1,False,16,Kjetil Haug,SUB,0,746707
Toulouse,2026-05-10,Lyon,home,3-4-2-1,False,37,Ilyas Azizi,SUB,0,746707
Toulouse,2026-05-10,Lyon,home,3-4-2-1,False,18,Pape Diop,SUB,0,746707
Lyon,2026-05-10,Toulouse,away,4-2-3-1,True,1,Dominik Greif,G,1,746707
Lyon,2026-05-10,Toulouse,away,4-2-3-1,True,19,Moussa Niakhaté,CD-L,6,746707
Lyon,2026-05-10,Toulouse,away,4-2-3-1,True,22,Clinton Mata,CD-R,5,746707
Lyon,2026-05-10,Toulouse,away,4-2-3-1,True,16,Abner,LB,3,746707
Lyon,2026-05-10,Toulouse,away,4-2-3-1,True,98,Ainsley Maitland-Niles,RB,2,746707
Lyon,2026-05-10,Toulouse,away,4-2-3-1,True,44,Khalis Merah,AM,10,746707
Lyon,2026-05-10,Toulouse,away,4-2-3-1,True,8,Corentin Tolisso,LM,4,746707
Lyon,2026-05-10,Toulouse,away,4-2-3-1,True,23,Tyler Morton,RM,8,746707
Lyon,2026-05-10,Toulouse,away,4-2-3-1,True,77,Roman Yaremchuk,F,9,746707
Lyon,2026-05-10,Toulouse,away,4-2-3-1,True,17,Afonso Moreira,AM-L,11,746707
Lyon,2026-05-10,Toulouse,away,4-2-3-1,True,9,Endrick,AM-R,7,746707
Lyon,2026-05-10,Toulouse,away,4-2-3-1,False,3,Nicolás Tagliafico,SUB,0,746707
Lyon,2026-05-10,Toulouse,away,4-2-3-1,False,39,Mathys De Carvalho,SUB,0,746707
Lyon,2026-05-10,Toulouse,away,4-2-3-1,False,21,Ruben Kluivert,SUB,0,746707
Lyon,2026-05-10,Toulouse,away,4-2-3-1,False,37,Ernest Nuamah,SUB,0,746707
Lyon,2026-05-10,Toulouse,away,4-2-3-1,False,40,Rémy Descamps,SUB,0,746707
Lyon,2026-05-10,Toulouse,away,4-2-3-1,False,99,Noah Nartey,SUB,0,746707
Lyon,2026-05-10,Toulouse,away,4-2-3-1,False,11,Malick Fofana,SUB,0,746707
Lyon,2026-05-10,Toulouse,away,4-2-3-1,False,33,Hans Hateboer,SUB,0,746707
Lyon,2026-05-10,Toulouse,away,4-2-3-1,False,10,Pavel Sulc,SUB,0,746707
PSG,2026-05-10,Brest,home,4-3-3,True,89,Renato Marin,G,1,746705
PSG,2026-05-10,Brest,home,4-3-3,True,6,Illia Zabarnyi,CD-L,6,746705
PSG,2026-05-10,Brest,home,4-3-3,True,5,Marquinhos,CD-R,5,746705
PSG,2026-05-10,Brest,home,4-3-3,True,21,Lucas Hernández,LB,3,746705
PSG,2026-05-10,Brest,home,4-3-3,True,24,Senny Mayulu,RB,2,746705
PSG,2026-05-10,Brest,home,4-3-3,True,4,Lucas Beraldo,CM,4,746705
PSG,2026-05-10,Brest,home,4-3-3,True,8,Fabián Ruiz,LM,8,746705
PSG,2026-05-10,Brest,home,4-3-3,True,27,Dro Fernández,RM,7,746705
PSG,2026-05-10,Brest,home,4-3-3,True,9,Gonçalo Ramos,F,9,746705
PSG,2026-05-10,Brest,home,4-3-3,True,29,Bradley Barcola,LF,11,746705
PSG,2026-05-10,Brest,home,4-3-3,True,19,Lee Kang-In,RF,10,746705
PSG,2026-05-10,Brest,home,4-3-3,False,42,David Boly,SUB,0,746705
PSG,2026-05-10,Brest,home,4-3-3,False,87,João Neves,SUB,0,746705
PSG,2026-05-10,Brest,home,4-3-3,False,10,Ousmane Dembélé,SUB,0,746705
PSG,2026-05-10,Brest,home,4-3-3,False,14,Désiré Doué,SUB,0,746705
PSG,2026-05-10,Brest,home,4-3-3,False,17,Vitinha,SUB,0,746705
PSG,2026-05-10,Brest,home,4-3-3,False,39,Matvei Safonov,SUB,0,746705
PSG,2026-05-10,Brest,home,4-3-3,False,49,Ibrahim Mbaye,SUB,0,746705
PSG,2026-05-10,Brest,home,4-3-3,False,54,Dimitri Lucea,SUB,0,746705
PSG,2026-05-10,Brest,home,4-3-3,False,7,Khvicha Kvaratskhelia,SUB,0,746705
Brest,2026-05-10,PSG,away,3-4-3,True,30,Grégoire Coudert,G,1,746705
Brest,2026-05-10,PSG,away,3-4-3,True,24,Lucas Tousart,CD,5,746705
Brest,2026-05-10,PSG,away,3-4-3,True,4,Michel Diaz,CD-L,4,746705
Brest,2026-05-10,PSG,away,3-4-3,True,71,Raphaël Le Guen,CD-R,6,746705
Brest,2026-05-10,PSG,away,3-4-3,True,8,Hugo Magnetti,CM-L,8,746705
Brest,2026-05-10,PSG,away,3-4-3,True,13,Joris Chotard,CM-R,7,746705
Brest,2026-05-10,PSG,away,3-4-3,True,27,Daouda Guindo,LM,3,746705
Brest,2026-05-10,PSG,away,3-4-3,True,7,Junior Dina Ebimbe,RM,2,746705
Brest,2026-05-10,PSG,away,3-4-3,True,19,Ludovic Ajorque,F,9,746705
Brest,2026-05-10,PSG,away,3-4-3,True,23,Kamory Doumbia,CF-L,11,746705
Brest,2026-05-10,PSG,away,3-4-3,True,10,Romain Del Castillo,CF-R,10,746705
Brest,2026-05-10,PSG,away,3-4-3,False,5,Brendan Chardonnet,SUB,0,746705
Brest,2026-05-10,PSG,away,3-4-3,False,99,Pathé Mboup,SUB,0,746705
Brest,2026-05-10,PSG,away,3-4-3,False,39,Axel Lassus,SUB,0,746705
Brest,2026-05-10,PSG,away,3-4-3,False,29,Serigne Diop,SUB,0,746705
Brest,2026-05-10,PSG,away,3-4-3,False,1,Radoslaw Majecki,SUB,0,746705
Brest,2026-05-10,PSG,away,3-4-3,False,12,Luc Zogbe,SUB,0,746705
Brest,2026-05-10,PSG,away,3-4-3,False,33,Hamidou Makalou,SUB,0,746705
Brest,2026-05-10,PSG,away,3-4-3,False,14,Remy Labeau Lascary,SUB,0,746705
Brest,2026-05-10,PSG,away,3-4-3,False,17,Mama Baldé,SUB,0,746705
Lille,2026-05-17,Auxerre,home,4-2-3-1,True,1,Berke Özer,G,1,746710
Lille,2026-05-17,Auxerre,home,4-2-3-1,True,23,Aïssa Mandi,CD-L,6,746710
Lille,2026-05-17,Auxerre,home,4-2-3-1,True,3,Nathan Ngoy,CD-R,5,746710
Lille,2026-05-17,Auxerre,home,4-2-3-1,True,15,Romain Perraud,LB,3,746710
Lille,2026-05-17,Auxerre,home,4-2-3-1,True,32,Ayyoub Bouaddi,RB,2,746710
Lille,2026-05-17,Auxerre,home,4-2-3-1,True,10,Hákon Haraldsson,AM,10,746710
Lille,2026-05-17,Auxerre,home,4-2-3-1,True,6,Nabil Bentaleb,LM,4,746710
Lille,2026-05-17,Auxerre,home,4-2-3-1,True,21,Benjamin André,RM,8,746710
Lille,2026-05-17,Auxerre,home,4-2-3-1,True,7,Matias Fernandez-Pardo,F,9,746710
Lille,2026-05-17,Auxerre,home,4-2-3-1,True,27,Felix Correia,AM-L,11,746710
Lille,2026-05-17,Auxerre,home,4-2-3-1,True,17,Ngal'ayel Mukau,AM-R,7,746710
Lille,2026-05-17,Auxerre,home,4-2-3-1,False,28,Gaetan Perrin,SUB,0,746710
Lille,2026-05-17,Auxerre,home,4-2-3-1,False,9,Olivier Giroud,SUB,0,746710
Lille,2026-05-17,Auxerre,home,4-2-3-1,False,8,Ethan Mbappé,SUB,0,746710
Lille,2026-05-17,Auxerre,home,4-2-3-1,False,11,Osame Sahraoui,SUB,0,746710
Lille,2026-05-17,Auxerre,home,4-2-3-1,False,4,Alexsandro,SUB,0,746710
Lille,2026-05-17,Auxerre,home,4-2-3-1,False,24,Calvin Verdonk,SUB,0,746710
Lille,2026-05-17,Auxerre,home,4-2-3-1,False,16,Arnaud Bodart,SUB,0,746710
Lille,2026-05-17,Auxerre,home,4-2-3-1,False,18,Chancel Mbemba,SUB,0,746710
Lille,2026-05-17,Auxerre,home,4-2-3-1,False,20,Noah Edjouma,SUB,0,746710
Auxerre,2026-05-17,Lille,away,4-2-3-1,True,16,Donovan Léon,G,1,746710
Auxerre,2026-05-17,Lille,away,4-2-3-1,True,13,Telli Siwe,CD-L,6,746710
Auxerre,2026-05-17,Lille,away,4-2-3-1,True,20,Sinaly Diomande,CD-R,5,746710
Auxerre,2026-05-17,Lille,away,4-2-3-1,True,14,Gideon Mensah,LB,3,746710
Auxerre,2026-05-17,Lille,away,4-2-3-1,True,27,Lamine Sy,RB,2,746710
Auxerre,2026-05-17,Lille,away,4-2-3-1,True,5,Kévin Danois,AM,10,746710
Auxerre,2026-05-17,Lille,away,4-2-3-1,True,8,Naouirou Ahamada,LM,4,746710
Auxerre,2026-05-17,Lille,away,4-2-3-1,True,42,Elisha Owusu,RM,8,746710
Auxerre,2026-05-17,Lille,away,4-2-3-1,True,9,Sékou Mara,F,9,746710
Auxerre,2026-05-17,Lille,away,4-2-3-1,True,19,Danny Namaso,AM-L,11,746710
Auxerre,2026-05-17,Lille,away,4-2-3-1,True,10,Lassine Sinayoko,AM-R,7,746710
Auxerre,2026-05-17,Lille,away,4-2-3-1,False,44,Mamoudou Cissokho,SUB,0,746710
Auxerre,2026-05-17,Lille,away,4-2-3-1,False,4,Francisco Sierralta,SUB,0,746710
Auxerre,2026-05-17,Lille,away,4-2-3-1,False,40,Théo De Percin,SUB,0,746710
Auxerre,2026-05-17,Lille,away,4-2-3-1,False,29,Marvin Senaya,SUB,0,746710
Auxerre,2026-05-17,Lille,away,4-2-3-1,False,7,Josué Casimir,SUB,0,746710
Auxerre,2026-05-17,Lille,away,4-2-3-1,False,18,Assane Dioussé,SUB,0,746710
Auxerre,2026-05-17,Lille,away,4-2-3-1,False,36,Tidiane Devernois,SUB,0,746710
Auxerre,2026-05-17,Lille,away,4-2-3-1,False,46,Lamfia Dioubaté,SUB,0,746710
Lorient,2026-05-17,Le Havre,home,3-4-2-1,True,38,Yvon Mvogo,G,1,746711
Lorient,2026-05-17,Le Havre,home,3-4-2-1,True,3,Montassar Talbi,CD,5,746711
Lorient,2026-05-17,Le Havre,home,3-4-2-1,True,25,Abdoulaye Faye,CD-L,4,746711
Lorient,2026-05-17,Le Havre,home,3-4-2-1,True,32,Nathaniel Adjei,CD-R,6,746711
Lorient,2026-05-17,Le Havre,home,3-4-2-1,True,6,Laurent Abergel,CM-L,8,746711
Lorient,2026-05-17,Le Havre,home,3-4-2-1,True,8,Noah Cadiou,CM-R,7,746711
Lorient,2026-05-17,Le Havre,home,3-4-2-1,True,43,Arsène Kouassi,LM,3,746711
Lorient,2026-05-17,Le Havre,home,3-4-2-1,True,77,Panos Katseris,RM,2,746711
Lorient,2026-05-17,Le Havre,home,3-4-2-1,True,12,Bamba Dieng,F,9,746711
Lorient,2026-05-17,Le Havre,home,3-4-2-1,True,10,Pablo Pagis,CF-L,11,746711
Lorient,2026-05-17,Le Havre,home,3-4-2-1,True,17,Jean-Victor Makengo,CF-R,10,746711
Lorient,2026-05-17,Le Havre,home,3-4-2-1,False,15,Tosin Aiyegun,SUB,0,746711
Lorient,2026-05-17,Le Havre,home,3-4-2-1,False,28,Sambou Soumano,SUB,0,746711
Lorient,2026-05-17,Le Havre,home,3-4-2-1,False,9,Mohamed Bamba,SUB,0,746711
Lorient,2026-05-17,Le Havre,home,3-4-2-1,False,44,Darlin Yongwa,SUB,0,746711
Lorient,2026-05-17,Le Havre,home,3-4-2-1,False,2,Igor Silva,SUB,0,746711
Lorient,2026-05-17,Le Havre,home,3-4-2-1,False,62,Arthur Avom,SUB,0,746711
Lorient,2026-05-17,Le Havre,home,3-4-2-1,False,5,Bamo Meïté,SUB,0,746711
Lorient,2026-05-17,Le Havre,home,3-4-2-1,False,1,Benjamin Leroy,SUB,0,746711
Lorient,2026-05-17,Le Havre,home,3-4-2-1,False,29,Dermane Karim,SUB,0,746711
Le Havre,2026-05-17,Lorient,away,4-2-3-1,True,99,Mory Diaw,G,1,746711
Le Havre,2026-05-17,Lorient,away,4-2-3-1,True,4,Gautier Lloris,CD-L,6,746711
Le Havre,2026-05-17,Lorient,away,4-2-3-1,True,6,Etienne Youte Kinkoue,CD-R,5,746711
Le Havre,2026-05-17,Lorient,away,4-2-3-1,True,27,Enzo Koffi,LB,3,746711
Le Havre,2026-05-17,Lorient,away,4-2-3-1,True,93,Arouna Sangante,RB,2,746711
Le Havre,2026-05-17,Lorient,away,4-2-3-1,True,17,Sofiane Boufal,AM,10,746711
Le Havre,2026-05-17,Lorient,away,4-2-3-1,True,8,Yassine Kechta,LM,4,746711
Le Havre,2026-05-17,Lorient,away,4-2-3-1,True,14,Rassoul Ndiaye,RM,8,746711
Le Havre,2026-05-17,Lorient,away,4-2-3-1,True,25,Mbwana Samatta,F,9,746711
Le Havre,2026-05-17,Lorient,away,4-2-3-1,True,45,Issa Soumaré,AM-L,11,746711
Le Havre,2026-05-17,Lorient,away,4-2-3-1,True,13,Fodé Doucouré,AM-R,7,746711
Le Havre,2026-05-17,Lorient,away,4-2-3-1,False,20,Noam Obougou,SUB,0,746711
Le Havre,2026-05-17,Lorient,away,4-2-3-1,False,78,Daren Mosengo,SUB,0,746711
Le Havre,2026-05-17,Lorient,away,4-2-3-1,False,10,Félix Mambimbi,SUB,0,746711
Le Havre,2026-05-17,Lorient,away,4-2-3-1,False,26,Simon Ebonog,SUB,0,746711
Le Havre,2026-05-17,Lorient,away,4-2-3-1,False,7,Loïc Négo,SUB,0,746711
Le Havre,2026-05-17,Lorient,away,4-2-3-1,False,32,Timothee Pembélé,SUB,0,746711
Le Havre,2026-05-17,Lorient,away,4-2-3-1,False,77,Lionel Mpasi,SUB,0,746711
Le Havre,2026-05-17,Lorient,away,4-2-3-1,False,11,Godson Kyeremeh,SUB,0,746711
Le Havre,2026-05-17,Lorient,away,4-2-3-1,False,33,Georges Gomis,SUB,0,746711
Brest,2026-05-13,Strasbourg,home,4-2-3-1,True,30,Grégoire Coudert,G,1,746665
Brest,2026-05-13,Strasbourg,home,4-2-3-1,True,4,Michel Diaz,CD-L,6,746665
Brest,2026-05-13,Strasbourg,home,4-2-3-1,True,71,Raphaël Le Guen,CD-R,5,746665
Brest,2026-05-13,Strasbourg,home,4-2-3-1,True,27,Daouda Guindo,LB,3,746665
Brest,2026-05-13,Strasbourg,home,4-2-3-1,True,77,Kenny Lala,RB,2,746665
Brest,2026-05-13,Strasbourg,home,4-2-3-1,True,23,Kamory Doumbia,AM,10,746665
Brest,2026-05-13,Strasbourg,home,4-2-3-1,True,8,Hugo Magnetti,LM,4,746665
Brest,2026-05-13,Strasbourg,home,4-2-3-1,True,13,Joris Chotard,RM,8,746665
Brest,2026-05-13,Strasbourg,home,4-2-3-1,True,19,Ludovic Ajorque,F,9,746665
Brest,2026-05-13,Strasbourg,home,4-2-3-1,True,7,Junior Dina Ebimbe,AM-L,11,746665
Brest,2026-05-13,Strasbourg,home,4-2-3-1,True,10,Romain Del Castillo,AM-R,7,746665
Brest,2026-05-13,Strasbourg,home,4-2-3-1,False,17,Mama Baldé,SUB,0,746665
Brest,2026-05-13,Strasbourg,home,4-2-3-1,False,14,Remy Labeau Lascary,SUB,0,746665
Brest,2026-05-13,Strasbourg,home,4-2-3-1,False,99,Pathé Mboup,SUB,0,746665
Brest,2026-05-13,Strasbourg,home,4-2-3-1,False,29,Serigne Diop,SUB,0,746665
Brest,2026-05-13,Strasbourg,home,4-2-3-1,False,12,Luc Zogbe,SUB,0,746665
Brest,2026-05-13,Strasbourg,home,4-2-3-1,False,24,Lucas Tousart,SUB,0,746665
Brest,2026-05-13,Strasbourg,home,4-2-3-1,False,39,Axel Lassus,SUB,0,746665
Brest,2026-05-13,Strasbourg,home,4-2-3-1,False,50,Noah Jauny,SUB,0,746665
Brest,2026-05-13,Strasbourg,home,4-2-3-1,False,33,Hamidou Makalou,SUB,0,746665
Strasbourg,2026-05-13,Brest,away,4-2-3-1,True,39,Mike Penders,G,1,746665
Strasbourg,2026-05-13,Brest,away,4-2-3-1,True,24,Lucas Høgsberg,CD-L,6,746665
Strasbourg,2026-05-13,Brest,away,4-2-3-1,True,2,Andrew Omobamidele,CD-R,5,746665
Strasbourg,2026-05-13,Brest,away,4-2-3-1,True,42,Abdoul Ouattara,LB,3,746665
Strasbourg,2026-05-13,Brest,away,4-2-3-1,True,22,Guela Doué,RB,2,746665
Strasbourg,2026-05-13,Brest,away,4-2-3-1,True,11,Sebastian Nanasi,AM,10,746665
Strasbourg,2026-05-13,Brest,away,4-2-3-1,True,29,Samir El Mourabet,LM,4,746665
Strasbourg,2026-05-13,Brest,away,4-2-3-1,True,32,Valentín Barco,RM,8,746665
Strasbourg,2026-05-13,Brest,away,4-2-3-1,True,19,Julio Enciso,F,9,746665
Strasbourg,2026-05-13,Brest,away,4-2-3-1,True,20,Martial Godo,AM-L,11,746665
Strasbourg,2026-05-13,Brest,away,4-2-3-1,True,7,Diego Moreira,AM-R,7,746665
Strasbourg,2026-05-13,Brest,away,4-2-3-1,False,27,Samuel Amo-Ameyaw,SUB,0,746665
Strasbourg,2026-05-13,Brest,away,4-2-3-1,False,8,Maximillian Oyedele,SUB,0,746665
Strasbourg,2026-05-13,Brest,away,4-2-3-1,False,28,Tyrese Noubissie,SUB,0,746665
Strasbourg,2026-05-13,Brest,away,4-2-3-1,False,17,Mathis Amougou,SUB,0,746665
Strasbourg,2026-05-13,Brest,away,4-2-3-1,False,80,Gessime Yassine,SUB,0,746665
Strasbourg,2026-05-13,Brest,away,4-2-3-1,False,1,Karl-Johan Johnsson,SUB,0,746665
Strasbourg,2026-05-13,Brest,away,4-2-3-1,False,3,Ben Chilwell,SUB,0,746665
Strasbourg,2026-05-13,Brest,away,4-2-3-1,False,34,Yaya Diémé,SUB,0,746665
Strasbourg,2026-05-13,Brest,away,4-2-3-1,False,83,Rafael Luís,SUB,0,746665
Lyon,2026-05-17,Lens,home,4-3-1-2,False,77,Roman Yaremchuk,,0,746712
Lyon,2026-05-17,Lens,home,4-3-1-2,False,44,Khalis Merah,,0,746712
Lyon,2026-05-17,Lens,home,4-3-1-2,False,39,Mathys De Carvalho,,0,746712
Lyon,2026-05-17,Lens,home,4-3-1-2,False,40,Rémy Descamps,,0,746712
Lyon,2026-05-17,Lens,home,4-3-1-2,False,3,Nicolás Tagliafico,,0,746712
Lyon,2026-05-17,Lens,home,4-3-1-2,False,11,Malick Fofana,,0,746712
Lyon,2026-05-17,Lens,home,4-3-1-2,False,37,Ernest Nuamah,,0,746712
Lyon,2026-05-17,Lens,home,4-3-1-2,False,33,Hans Hateboer,,0,746712
Lyon,2026-05-17,Lens,home,4-3-1-2,False,99,Noah Nartey,,0,746712
Lyon,2026-05-17,Lens,home,4-3-1-2,True,1,Dominik Greif,G,1,746712
Lyon,2026-05-17,Lens,home,4-3-1-2,True,19,Moussa Niakhaté,CD-L,6,746712
Lyon,2026-05-17,Lens,home,4-3-1-2,True,22,Clinton Mata,CD-R,5,746712
Lyon,2026-05-17,Lens,home,4-3-1-2,True,21,Ruben Kluivert,LB,3,746712
Lyon,2026-05-17,Lens,home,4-3-1-2,True,98,Ainsley Maitland-Niles,RB,2,746712
Lyon,2026-05-17,Lens,home,4-3-1-2,True,17,Afonso Moreira,M,10,746712
Lyon,2026-05-17,Lens,home,4-3-1-2,True,5,Orel Mangala,CM,4,746712
Lyon,2026-05-17,Lens,home,4-3-1-2,True,10,Pavel Sulc,AM,8,746712
Lyon,2026-05-17,Lens,home,4-3-1-2,True,8,Corentin Tolisso,LM,11,746712
Lyon,2026-05-17,Lens,home,4-3-1-2,True,16,Abner,RM,7,746712
Lyon,2026-05-17,Lens,home,4-3-1-2,True,9,Endrick,CF-R,9,746712
Lens,2026-05-17,Lyon,away,3-4-2-1,True,16,Mathieu Gorgelin,G,1,746712
Lens,2026-05-17,Lyon,away,3-4-2-1,True,4,Nidal Celik,CD,5,746712
Lens,2026-05-17,Lyon,away,3-4-2-1,True,20,Malang Sarr,CD-L,4,746712
Lens,2026-05-17,Lyon,away,3-4-2-1,True,32,Kyllian Antonio,CD-R,6,746712
Lens,2026-05-17,Lyon,away,3-4-2-1,True,21,Amadou Haidara,CM-L,8,746712
Lens,2026-05-17,Lyon,away,3-4-2-1,True,5,Andrija Bulatovic,CM-R,7,746712
Lens,2026-05-17,Lyon,away,3-4-2-1,True,27,Arthur Masuaku,LM,3,746712
Lens,2026-05-17,Lyon,away,3-4-2-1,True,23,Saud Abdulhamid,RM,2,746712
Lens,2026-05-17,Lyon,away,3-4-2-1,True,7,Florian Sotoca,F,9,746712
Lens,2026-05-17,Lyon,away,3-4-2-1,True,22,Wesley Saïd,CF-L,11,746712
Lens,2026-05-17,Lyon,away,3-4-2-1,True,10,Florian Thauvin,CF-R,10,746712
Lens,2026-05-17,Lyon,away,3-4-2-1,False,28,Adrien Thomasson,SUB,0,746712
Lens,2026-05-17,Lyon,away,3-4-2-1,False,18,Fode Sylla,SUB,0,746712
Lens,2026-05-17,Lyon,away,3-4-2-1,False,2,Ruben Aguilar,SUB,0,746712
Lens,2026-05-17,Lyon,away,3-4-2-1,False,25,Pierre Ganiou,SUB,0,746712
Lens,2026-05-17,Lyon,away,3-4-2-1,False,14,Matthieu Udol,SUB,0,746712
Lens,2026-05-17,Lyon,away,3-4-2-1,False,41,Mezian Soares,SUB,0,746712
Lens,2026-05-17,Lyon,away,3-4-2-1,False,38,Rayan Fofana,SUB,0,746712
Lens,2026-05-17,Lyon,away,3-4-2-1,False,40,Robin Risser,SUB,0,746712
Lens,2026-05-17,Lyon,away,3-4-2-1,False,19,Abdallah Sima,SUB,0,746712
Marseille,2026-05-17,Rennes,home,4-2-3-1,True,1,Gerónimo Rulli,G,1,746717
Marseille,2026-05-17,Rennes,home,4-2-3-1,True,32,Facundo Medina,CD-L,6,746717
Marseille,2026-05-17,Rennes,home,4-2-3-1,True,5,Leonardo Balerdi,CD-R,5,746717
Marseille,2026-05-17,Rennes,home,4-2-3-1,True,33,Emerson,LB,3,746717
Marseille,2026-05-17,Rennes,home,4-2-3-1,True,22,Timothy Weah,RB,2,746717
Marseille,2026-05-17,Rennes,home,4-2-3-1,True,9,Amine Gouiri,AM,10,746717
Marseille,2026-05-17,Rennes,home,4-2-3-1,True,23,Pierre-Emile Højbjerg,LM,4,746717
Marseille,2026-05-17,Rennes,home,4-2-3-1,True,6,Tochukwu Nnadi,RM,8,746717
Marseille,2026-05-17,Rennes,home,4-2-3-1,True,17,Pierre-Emerick Aubameyang,F,9,746717
Marseille,2026-05-17,Rennes,home,4-2-3-1,True,14,Igor Paixão,AM-L,11,746717
Marseille,2026-05-17,Rennes,home,4-2-3-1,True,10,Mason Greenwood,AM-R,7,746717
Marseille,2026-05-17,Rennes,home,4-2-3-1,False,72,Hilan Slimani,SUB,0,746717
Marseille,2026-05-17,Rennes,home,4-2-3-1,False,71,Nouhoum Kamissoko,SUB,0,746717
Marseille,2026-05-17,Rennes,home,4-2-3-1,False,18,Arthur Vermeeren,SUB,0,746717
Marseille,2026-05-17,Rennes,home,4-2-3-1,False,26,Bilal Nadir,SUB,0,746717
Marseille,2026-05-17,Rennes,home,4-2-3-1,False,12,Jeffrey de Lange,SUB,0,746717
Marseille,2026-05-17,Rennes,home,4-2-3-1,False,78,Ange Lago,SUB,0,746717
Marseille,2026-05-17,Rennes,home,4-2-3-1,False,11,Ethan Nwaneri,SUB,0,746717
Marseille,2026-05-17,Rennes,home,4-2-3-1,False,27,Quinten Timber,SUB,0,746717
Marseille,2026-05-17,Rennes,home,4-2-3-1,False,28,Benjamin Pavard,SUB,0,746717
Rennes,2026-05-17,Marseille,away,4-1-4-1,True,50,Mathys Silistre,G,1,746717
Rennes,2026-05-17,Marseille,away,4-1-4-1,True,24,Anthony Rouault,CD-L,6,746717
Rennes,2026-05-17,Marseille,away,4-1-4-1,True,48,Abdelhamid Aït Boudlal,CD-R,5,746717
Rennes,2026-05-17,Marseille,away,4-1-4-1,True,21,Valentin Rongier,DM,4,746717
Rennes,2026-05-17,Marseille,away,4-1-4-1,True,26,Quentin Merlin,LB,3,746717
Rennes,2026-05-17,Marseille,away,4-1-4-1,True,18,Mahamadou Nagida,RB,2,746717
Rennes,2026-05-17,Marseille,away,4-1-4-1,True,45,Mahdi Camara,CM-L,10,746717
Rennes,2026-05-17,Marseille,away,4-1-4-1,True,17,Sebastian Szymanski,CM-R,8,746717
Rennes,2026-05-17,Marseille,away,4-1-4-1,True,10,Ludovic Blas,LM,11,746717
Rennes,2026-05-17,Marseille,away,4-1-4-1,True,11,Mousa Al-Tamari,RM,7,746717
Rennes,2026-05-17,Marseille,away,4-1-4-1,True,9,Esteban Lepaul,F,9,746717
Rennes,2026-05-17,Marseille,away,4-1-4-1,False,7,Breel Embolo,SUB,0,746717
Rennes,2026-05-17,Marseille,away,4-1-4-1,False,36,Alidu Seidu,SUB,0,746717
Rennes,2026-05-17,Marseille,away,4-1-4-1,False,60,Kilian Belazzoug,SUB,0,746717
Rennes,2026-05-17,Marseille,away,4-1-4-1,False,77,Yassir Zabiri,SUB,0,746717
Rennes,2026-05-17,Marseille,away,4-1-4-1,False,65,Nordan Mukiele,SUB,0,746717
Rennes,2026-05-17,Marseille,away,4-1-4-1,False,69,Henrick Do Marcolino,SUB,0,746717
Rennes,2026-05-17,Marseille,away,4-1-4-1,False,3,Lilian Brassier,SUB,0,746717
Rennes,2026-05-17,Marseille,away,4-1-4-1,False,6,Djaoui Cissé,SUB,0,746717
Rennes,2026-05-17,Marseille,away,4-1-4-1,False,70,Arnaud Nordin,SUB,0,746717
Nice,2026-05-17,Metz,home,3-4-2-1,True,80,Yehvann Diouf,G,1,746715
Nice,2026-05-17,Metz,home,3-4-2-1,True,4,Dante,CD,5,746715
Nice,2026-05-17,Metz,home,3-4-2-1,True,37,Kojo Peprah Oppong,CD-L,4,746715
Nice,2026-05-17,Metz,home,3-4-2-1,True,33,Antoine Mendy,CD-R,6,746715
Nice,2026-05-17,Metz,home,3-4-2-1,True,24,Charles Vanhoutte,CM-L,8,746715
Nice,2026-05-17,Metz,home,3-4-2-1,True,8,Morgan Sanson,CM-R,7,746715
Nice,2026-05-17,Metz,home,3-4-2-1,True,2,Ali Abdi,LM,3,746715
Nice,2026-05-17,Metz,home,3-4-2-1,True,92,Jonathan Clauss,RM,2,746715
Nice,2026-05-17,Metz,home,3-4-2-1,True,11,Elye Wahi,F,9,746715
Nice,2026-05-17,Metz,home,3-4-2-1,True,10,Sofiane Diop,CF-L,11,746715
Nice,2026-05-17,Metz,home,3-4-2-1,True,32,Kail Boudache,CF-R,10,746715
Nice,2026-05-17,Metz,home,3-4-2-1,False,55,Youssouf Ndayishimiye,SUB,0,746715
Nice,2026-05-17,Metz,home,3-4-2-1,False,90,Kevin Carlos,SUB,0,746715
Nice,2026-05-17,Metz,home,3-4-2-1,False,21,Isak Jansson,SUB,0,746715
Nice,2026-05-17,Metz,home,3-4-2-1,False,20,Tom Louchet,SUB,0,746715
Nice,2026-05-17,Metz,home,3-4-2-1,False,99,Salis Abdul Samed,SUB,0,746715
Nice,2026-05-17,Metz,home,3-4-2-1,False,6,Hicham Boudaoui,SUB,0,746715
Nice,2026-05-17,Metz,home,3-4-2-1,False,28,Juma Bah,SUB,0,746715
Nice,2026-05-17,Metz,home,3-4-2-1,False,31,Maxime Dupé,SUB,0,746715
Nice,2026-05-17,Metz,home,3-4-2-1,False,25,Mohamed-Ali Cho,SUB,0,746715
Metz,2026-05-17,Nice,away,4-3-3,True,1,Jonathan Fischer,G,1,746715
Metz,2026-05-17,Nice,away,4-3-3,True,15,Terry Yegbe,CD-L,6,746715
Metz,2026-05-17,Nice,away,4-3-3,True,38,Sadibou Sané,CD-R,5,746715
Metz,2026-05-17,Nice,away,4-3-3,True,2,Maxime Colin,LB,3,746715
Metz,2026-05-17,Nice,away,4-3-3,True,70,Bouna Sarr,RB,2,746715
Metz,2026-05-17,Nice,away,4-3-3,True,21,Benjamin Stambouli,CM,4,746715
Metz,2026-05-17,Nice,away,4-3-3,True,12,Alpha Touré,LM,8,746715
Metz,2026-05-17,Nice,away,4-3-3,True,33,Believe Munongo,RM,7,746715
Metz,2026-05-17,Nice,away,4-3-3,True,11,Giorgi Kvilitaia,F,9,746715
Metz,2026-05-17,Nice,away,4-3-3,True,9,Giorgi Abuashvili,LF,11,746715
Metz,2026-05-17,Nice,away,4-3-3,True,10,Gauthier Hein,RF,10,746715
Metz,2026-05-17,Nice,away,4-3-3,False,30,Habib Diallo,SUB,0,746715
Metz,2026-05-17,Nice,away,4-3-3,False,35,Jahyann Pandore,SUB,0,746715
Metz,2026-05-17,Nice,away,4-3-3,False,4,Urie-Michel Mboula,SUB,0,746715
Metz,2026-05-17,Nice,away,4-3-3,False,5,Jean-Philippe Gbamin,SUB,0,746715
Metz,2026-05-17,Nice,away,4-3-3,False,29,Ismaël Guerti,SUB,0,746715
Metz,2026-05-17,Nice,away,4-3-3,False,8,Boubacar Traore,SUB,0,746715
Metz,2026-05-17,Nice,away,4-3-3,False,39,Koffi Kouao,SUB,0,746715
Metz,2026-05-17,Nice,away,4-3-3,False,16,Romain Jean Baptsiste,SUB,0,746715
Metz,2026-05-17,Nice,away,4-3-3,False,97,Fodé Ballo-Touré,SUB,0,746715
Nantes,2026-05-17,Toulouse,home,4-1-3-2,False,30,Patrick Carlgren,,0,746714
Nantes,2026-05-17,Toulouse,home,4-1-3-2,False,19,Youssef El Arabi,,0,746714
Nantes,2026-05-17,Toulouse,home,4-1-3-2,False,46,Enzo Mongo,,0,746714
Nantes,2026-05-17,Toulouse,home,4-1-3-2,False,11,Bahereba Guirassy,,0,746714
Nantes,2026-05-17,Toulouse,home,4-1-3-2,False,65,Hugo Lamy,,0,746714
Nantes,2026-05-17,Toulouse,home,4-1-3-2,False,2,Ali Almusrat,,0,746714
Nantes,2026-05-17,Toulouse,home,4-1-3-2,False,17,Dehmaine Tabibou,,0,746714
Nantes,2026-05-17,Toulouse,home,4-1-3-2,False,31,Mostafa Mohamed,,0,746714
Nantes,2026-05-17,Toulouse,home,4-1-3-2,False,66,Louis Leroux,,0,746714
Nantes,2026-05-17,Toulouse,home,4-1-3-2,True,1,Anthony Lopes,G,1,746714
Nantes,2026-05-17,Toulouse,home,4-1-3-2,True,3,Nicolas Cozza,CD-L,3,746714
Nantes,2026-05-17,Toulouse,home,4-1-3-2,True,6,Chidozie Awaziem,CD-R,5,746714
Nantes,2026-05-17,Toulouse,home,4-1-3-2,True,72,Sékou Doucouré,LB,6,746714
Nantes,2026-05-17,Toulouse,home,4-1-3-2,True,22,Mathieu Acapandié,RB,2,746714
Nantes,2026-05-17,Toulouse,home,4-1-3-2,True,37,Ignatius Ganago,M,10,746714
Nantes,2026-05-17,Toulouse,home,4-1-3-2,True,28,Ibrahima Sissoko,CM,4,746714
Nantes,2026-05-17,Toulouse,home,4-1-3-2,True,21,Mohamed Kaba,AM,7,746714
Nantes,2026-05-17,Toulouse,home,4-1-3-2,True,8,Johann Lepenant,LM,11,746714
Nantes,2026-05-17,Toulouse,home,4-1-3-2,True,20,Rémy Cabella,RM,8,746714
Nantes,2026-05-17,Toulouse,home,4-1-3-2,True,10,Matthis Abline,CF-R,9,746714
Toulouse,2026-05-17,Nantes,away,3-4-2-1,True,1,Guillaume Restes,G,1,746714
Toulouse,2026-05-17,Nantes,away,3-4-2-1,True,35,Seny Koumbassa,CD,5,746714
Toulouse,2026-05-17,Nantes,away,3-4-2-1,True,2,Rasmus Nicolaisen,CD-L,4,746714
Toulouse,2026-05-17,Nantes,away,3-4-2-1,True,3,Mark McKenzie,CD-R,6,746714
Toulouse,2026-05-17,Nantes,away,3-4-2-1,True,23,Cristian Cásseres Jr.,CM-L,8,746714
Toulouse,2026-05-17,Nantes,away,3-4-2-1,True,18,Pape Diop,CM-R,7,746714
Toulouse,2026-05-17,Nantes,away,3-4-2-1,True,24,Dayann Methalie,LM,3,746714
Toulouse,2026-05-17,Nantes,away,3-4-2-1,True,19,Djibril Sidibé,RM,2,746714
Toulouse,2026-05-17,Nantes,away,3-4-2-1,True,20,Emersonn,F,9,746714
Toulouse,2026-05-17,Nantes,away,3-4-2-1,True,10,Yann Gboho,CF-L,11,746714
Toulouse,2026-05-17,Nantes,away,3-4-2-1,True,11,Santiago Hidalgo,CF-R,10,746714
Toulouse,2026-05-17,Nantes,away,3-4-2-1,False,77,Mario Sauer,SUB,0,746714
Toulouse,2026-05-17,Nantes,away,3-4-2-1,False,17,Abu Francis,SUB,0,746714
Toulouse,2026-05-17,Nantes,away,3-4-2-1,False,45,Alexis Vossah,SUB,0,746714
Toulouse,2026-05-17,Nantes,away,3-4-2-1,False,7,Julián Vignolo,SUB,0,746714
Toulouse,2026-05-17,Nantes,away,3-4-2-1,False,44,Gaetan Bakhouche,SUB,0,746714
Toulouse,2026-05-17,Nantes,away,3-4-2-1,False,16,Kjetil Haug,SUB,0,746714
Toulouse,2026-05-17,Nantes,away,3-4-2-1,False,40,Naime Said Mchindra,SUB,0,746714
Toulouse,2026-05-17,Nantes,away,3-4-2-1,False,12,Waren Kamanzi,SUB,0,746714
Toulouse,2026-05-17,Nantes,away,3-4-2-1,False,13,Jacen Russell-Rowe,SUB,0,746714
Strasbourg,2026-05-17,Monaco,home,4-2-3-1,True,39,Mike Penders,G,1,746716
Strasbourg,2026-05-17,Monaco,home,4-2-3-1,True,6,Ismael Doukoure,CD-L,6,746716
Strasbourg,2026-05-17,Monaco,home,4-2-3-1,True,2,Andrew Omobamidele,CD-R,5,746716
Strasbourg,2026-05-17,Monaco,home,4-2-3-1,True,42,Abdoul Ouattara,LB,3,746716
Strasbourg,2026-05-17,Monaco,home,4-2-3-1,True,22,Guela Doué,RB,2,746716
Strasbourg,2026-05-17,Monaco,home,4-2-3-1,True,11,Sebastian Nanasi,AM,10,746716
Strasbourg,2026-05-17,Monaco,home,4-2-3-1,True,32,Valentín Barco,LM,4,746716
Strasbourg,2026-05-17,Monaco,home,4-2-3-1,True,29,Samir El Mourabet,RM,8,746716
Strasbourg,2026-05-17,Monaco,home,4-2-3-1,True,19,Julio Enciso,F,9,746716
Strasbourg,2026-05-17,Monaco,home,4-2-3-1,True,20,Martial Godo,AM-L,11,746716
Strasbourg,2026-05-17,Monaco,home,4-2-3-1,True,7,Diego Moreira,AM-R,7,746716
Strasbourg,2026-05-17,Monaco,home,4-2-3-1,False,80,Gessime Yassine,SUB,0,746716
Strasbourg,2026-05-17,Monaco,home,4-2-3-1,False,27,Samuel Amo-Ameyaw,SUB,0,746716
Strasbourg,2026-05-17,Monaco,home,4-2-3-1,False,1,Karl-Johan Johnsson,SUB,0,746716
Strasbourg,2026-05-17,Monaco,home,4-2-3-1,False,17,Mathis Amougou,SUB,0,746716
Strasbourg,2026-05-17,Monaco,home,4-2-3-1,False,34,Yaya Diémé,SUB,0,746716
Strasbourg,2026-05-17,Monaco,home,4-2-3-1,False,24,Lucas Høgsberg,SUB,0,746716
Strasbourg,2026-05-17,Monaco,home,4-2-3-1,False,8,Maximillian Oyedele,SUB,0,746716
Strasbourg,2026-05-17,Monaco,home,4-2-3-1,False,28,Tyrese Noubissie,SUB,0,746716
Strasbourg,2026-05-17,Monaco,home,4-2-3-1,False,83,Rafael Luís,SUB,0,746716
Monaco,2026-05-17,Strasbourg,away,3-4-2-1,True,1,Lukas Hradecky,G,1,746716
Monaco,2026-05-17,Strasbourg,away,3-4-2-1,True,25,Wout Faes,CD,5,746716
Monaco,2026-05-17,Strasbourg,away,3-4-2-1,True,13,Christian Mawissa,CD-L,4,746716
Monaco,2026-05-17,Strasbourg,away,3-4-2-1,True,5,Thilo Kehrer,CD-R,6,746716
Monaco,2026-05-17,Strasbourg,away,3-4-2-1,True,15,Lamine Camara,CM-L,8,746716
Monaco,2026-05-17,Strasbourg,away,3-4-2-1,True,6,Denis Zakaria,CM-R,7,746716
Monaco,2026-05-17,Strasbourg,away,3-4-2-1,True,24,Simon Adingra,LM,3,746716
Monaco,2026-05-17,Strasbourg,away,3-4-2-1,True,4,Jordan Teze,RM,2,746716
Monaco,2026-05-17,Strasbourg,away,3-4-2-1,True,9,Folarin Balogun,F,9,746716
Monaco,2026-05-17,Strasbourg,away,3-4-2-1,True,31,Ansu Fati,CF-L,11,746716
Monaco,2026-05-17,Strasbourg,away,3-4-2-1,True,11,Maghnes Akliouche,CF-R,10,746716
Monaco,2026-05-17,Strasbourg,away,3-4-2-1,False,16,Philipp Köhn,SUB,0,746716
Monaco,2026-05-17,Strasbourg,away,3-4-2-1,False,41,Pape Cabral,SUB,0,746716
Monaco,2026-05-17,Strasbourg,away,3-4-2-1,False,49,Ilane Touré,SUB,0,746716
Monaco,2026-05-17,Strasbourg,away,3-4-2-1,False,23,Aladji Bamba,SUB,0,746716
Monaco,2026-05-17,Strasbourg,away,3-4-2-1,False,44,Samuel Nibombé,SUB,0,746716
Monaco,2026-05-17,Strasbourg,away,3-4-2-1,False,28,Mamadou Coulibaly,SUB,0,746716
Monaco,2026-05-17,Strasbourg,away,3-4-2-1,False,29,Paris Brunner,SUB,0,746716
Monaco,2026-05-17,Strasbourg,away,3-4-2-1,False,14,Mika Biereth,SUB,0,746716
