squad,date,opponent,home_away,formation,starter,jersey,player,espn_pos,formation_place,event_id
Juventus,2025-09-16,Borussia Dortmund,home,3-4-2-1,1,16,Michele Di Gregorio,G,1,757656
Juventus,2025-09-16,Borussia Dortmund,home,3-4-2-1,1,3,Bremer,CD,5,757656
Juventus,2025-09-16,Borussia Dortmund,home,3-4-2-1,1,6,Lloyd Kelly,CD-L,4,757656
Juventus,2025-09-16,Borussia Dortmund,home,3-4-2-1,1,15,Pierre Kalulu,CD-R,6,757656
Juventus,2025-09-16,Borussia Dortmund,home,3-4-2-1,1,19,Khéphren Thuram,CM-L,8,757656
Juventus,2025-09-16,Borussia Dortmund,home,3-4-2-1,1,8,Teun Koopmeiners,CM-R,7,757656
Juventus,2025-09-16,Borussia Dortmund,home,3-4-2-1,1,27,Andrea Cambiaso,LM,3,757656
Juventus,2025-09-16,Borussia Dortmund,home,3-4-2-1,1,22,Weston McKennie,RM,2,757656
Juventus,2025-09-16,Borussia Dortmund,home,3-4-2-1,1,20,Loïs Openda,F,9,757656
Juventus,2025-09-16,Borussia Dortmund,home,3-4-2-1,1,10,Kenan Yildiz,CF-L,11,757656
Juventus,2025-09-16,Borussia Dortmund,home,3-4-2-1,1,30,Jonathan David,CF-R,10,757656
Juventus,2025-09-16,Borussia Dortmund,home,3-4-2-1,0,32,Juan Cabal,SUB,0,757656
Juventus,2025-09-16,Borussia Dortmund,home,3-4-2-1,0,25,João Mário,SUB,0,757656
Juventus,2025-09-16,Borussia Dortmund,home,3-4-2-1,0,17,Vasilije Adzic,SUB,0,757656
Juventus,2025-09-16,Borussia Dortmund,home,3-4-2-1,0,4,Federico Gatti,SUB,0,757656
Juventus,2025-09-16,Borussia Dortmund,home,3-4-2-1,0,11,Edon Zhegrova,SUB,0,757656
Juventus,2025-09-16,Borussia Dortmund,home,3-4-2-1,0,9,Dusan Vlahovic,SUB,0,757656
Juventus,2025-09-16,Borussia Dortmund,home,3-4-2-1,0,24,Daniele Rugani,SUB,0,757656
Juventus,2025-09-16,Borussia Dortmund,home,3-4-2-1,0,23,Carlo Pinsoglio,SUB,0,757656
Juventus,2025-09-16,Borussia Dortmund,home,3-4-2-1,0,5,Manuel Locatelli,SUB,0,757656
Juventus,2025-09-16,Borussia Dortmund,home,3-4-2-1,0,18,Filip Kostic,SUB,0,757656
Juventus,2025-09-16,Borussia Dortmund,home,3-4-2-1,0,1,Mattia Perin,SUB,0,757656
Juventus,2025-09-16,Borussia Dortmund,home,3-4-2-1,0,7,Francisco Conceição,SUB,0,757656
Inter,2025-09-17,Ajax Amsterdam,away,3-5-2,1,1,Yann Sommer,G,1,757664
Inter,2025-09-17,Ajax Amsterdam,away,3-5-2,1,6,Stefan de Vrij,CD,5,757664
Inter,2025-09-17,Ajax Amsterdam,away,3-5-2,1,95,Alessandro Bastoni,CD-L,4,757664
Inter,2025-09-17,Ajax Amsterdam,away,3-5-2,1,25,Manuel Akanji,CD-R,6,757664
Inter,2025-09-17,Ajax Amsterdam,away,3-5-2,1,22,Henrikh Mkhitaryan,CM-L,8,757664
Inter,2025-09-17,Ajax Amsterdam,away,3-5-2,1,23,Nicolò Barella,CM-R,7,757664
Inter,2025-09-17,Ajax Amsterdam,away,3-5-2,1,20,Hakan Çalhanoglu,AM,11,757664
Inter,2025-09-17,Ajax Amsterdam,away,3-5-2,1,32,Federico Dimarco,LM,3,757664
Inter,2025-09-17,Ajax Amsterdam,away,3-5-2,1,2,Denzel Dumfries,RM,2,757664
Inter,2025-09-17,Ajax Amsterdam,away,3-5-2,1,94,Pio Esposito,CF-L,9,757664
Inter,2025-09-17,Ajax Amsterdam,away,3-5-2,1,9,Marcus Thuram,CF-R,10,757664
Inter,2025-09-17,Ajax Amsterdam,away,3-5-2,0,30,Carlos Augusto,SUB,0,757664
Inter,2025-09-17,Ajax Amsterdam,away,3-5-2,0,11,Luis Henrique,SUB,0,757664
Inter,2025-09-17,Ajax Amsterdam,away,3-5-2,0,31,Yann Bisseck,SUB,0,757664
Inter,2025-09-17,Ajax Amsterdam,away,3-5-2,0,16,Davide Frattesi,SUB,0,757664
Inter,2025-09-17,Ajax Amsterdam,away,3-5-2,0,14,Ange-Yoan Bonny,SUB,0,757664
Inter,2025-09-17,Ajax Amsterdam,away,3-5-2,0,7,Piotr Zielinski,SUB,0,757664
Inter,2025-09-17,Ajax Amsterdam,away,3-5-2,0,17,Andy Diouf,SUB,0,757664
Inter,2025-09-17,Ajax Amsterdam,away,3-5-2,0,13,Josep Martínez,SUB,0,757664
Inter,2025-09-17,Ajax Amsterdam,away,3-5-2,0,8,Petar Sucic,SUB,0,757664
Inter,2025-09-17,Ajax Amsterdam,away,3-5-2,0,10,Lautaro Martínez,SUB,0,757664
Inter,2025-09-17,Ajax Amsterdam,away,3-5-2,0,12,Raffaele Di Gennaro,SUB,0,757664
Inter,2025-09-17,Ajax Amsterdam,away,3-5-2,0,15,Francesco Acerbi,SUB,0,757664
Atalanta,2025-09-17,Paris Saint-Germain,away,3-4-1-2,1,29,Marco Carnesecchi,G,1,757661
Atalanta,2025-09-17,Paris Saint-Germain,away,3-4-1-2,1,4,Isak Hien,CD,5,757661
Atalanta,2025-09-17,Paris Saint-Germain,away,3-4-1-2,1,19,Berat Djimsiti,CD-L,4,757661
Atalanta,2025-09-17,Paris Saint-Germain,away,3-4-1-2,1,3,Odilon Kossounou,CD-R,6,757661
Atalanta,2025-09-17,Paris Saint-Germain,away,3-4-1-2,1,6,Yunus Musah,CM-L,8,757661
Atalanta,2025-09-17,Paris Saint-Germain,away,3-4-1-2,1,15,Marten de Roon,CM-R,7,757661
Atalanta,2025-09-17,Paris Saint-Germain,away,3-4-1-2,1,8,Mario Pasalic,AM,9,757661
Atalanta,2025-09-17,Paris Saint-Germain,away,3-4-1-2,1,47,Lorenzo Bernasconi,LM,3,757661
Atalanta,2025-09-17,Paris Saint-Germain,away,3-4-1-2,1,16,Raoul Bellanova,RM,2,757661
Atalanta,2025-09-17,Paris Saint-Germain,away,3-4-1-2,1,70,Daniel Maldini,CF-L,11,757661
Atalanta,2025-09-17,Paris Saint-Germain,away,3-4-1-2,1,17,Charles De Ketelaere,CF-R,10,757661
Atalanta,2025-09-17,Paris Saint-Germain,away,3-4-1-2,0,57,Marco Sportiello,SUB,0,757661
Atalanta,2025-09-17,Paris Saint-Germain,away,3-4-1-2,0,44,Marco Brescianini,SUB,0,757661
Atalanta,2025-09-17,Paris Saint-Germain,away,3-4-1-2,0,77,Davide Zappacosta,SUB,0,757661
Atalanta,2025-09-17,Paris Saint-Germain,away,3-4-1-2,0,42,Giorgio Scalvini,SUB,0,757661
Atalanta,2025-09-17,Paris Saint-Germain,away,3-4-1-2,0,90,Nikola Krstovic,SUB,0,757661
Atalanta,2025-09-17,Paris Saint-Germain,away,3-4-1-2,0,31,Francesco Rossi,SUB,0,757661
Atalanta,2025-09-17,Paris Saint-Germain,away,3-4-1-2,0,69,Honest Ahanor,SUB,0,757661
Atalanta,2025-09-17,Paris Saint-Germain,away,3-4-1-2,0,10,Lazar Samardzic,SUB,0,757661
Atalanta,2025-09-17,Paris Saint-Germain,away,3-4-1-2,0,40,Relja Obric,SUB,0,757661
Atalanta,2025-09-17,Paris Saint-Germain,away,3-4-1-2,0,7,Kamaldeen Sulemana,SUB,0,757661
Atalanta,2025-09-17,Paris Saint-Germain,away,3-4-1-2,0,59,Nicola Zalewski,SUB,0,757661
Atalanta,2025-09-17,Paris Saint-Germain,away,3-4-1-2,0,41,Henry Camara,SUB,0,757661
Napoli,2025-09-18,Manchester City,away,4-1-4-1,1,32,Vanja Milinkovic-Savic,G,1,757667
Napoli,2025-09-18,Manchester City,away,4-1-4-1,1,4,Alessandro Buongiorno,CD-L,6,757667
Napoli,2025-09-18,Manchester City,away,4-1-4-1,1,31,Sam Beukema,CD-R,5,757667
Napoli,2025-09-18,Manchester City,away,4-1-4-1,1,68,Stanislav Lobotka,DM,4,757667
Napoli,2025-09-18,Manchester City,away,4-1-4-1,1,37,Leonardo Spinazzola,LB,3,757667
Napoli,2025-09-18,Manchester City,away,4-1-4-1,1,22,Giovanni Di Lorenzo,RB,2,757667
Napoli,2025-09-18,Manchester City,away,4-1-4-1,1,11,Kevin De Bruyne,CM-L,10,757667
Napoli,2025-09-18,Manchester City,away,4-1-4-1,1,99,Frank Anguissa,CM-R,8,757667
Napoli,2025-09-18,Manchester City,away,4-1-4-1,1,8,Scott McTominay,LM,11,757667
Napoli,2025-09-18,Manchester City,away,4-1-4-1,1,21,Matteo Politano,RM,7,757667
Napoli,2025-09-18,Manchester City,away,4-1-4-1,1,19,Rasmus Højlund,F,9,757667
Napoli,2025-09-18,Manchester City,away,4-1-4-1,0,69,Giuseppe Ambrosino,SUB,0,757667
Napoli,2025-09-18,Manchester City,away,4-1-4-1,0,26,Antonio Vergara,SUB,0,757667
Napoli,2025-09-18,Manchester City,away,4-1-4-1,0,3,Miguel Gutiérrez,SUB,0,757667
Napoli,2025-09-18,Manchester City,away,4-1-4-1,0,7,David Neres,SUB,0,757667
Napoli,2025-09-18,Manchester City,away,4-1-4-1,0,1,Alex Meret,SUB,0,757667
Napoli,2025-09-18,Manchester City,away,4-1-4-1,0,25,Mathias Ferrante,SUB,0,757667
Napoli,2025-09-18,Manchester City,away,4-1-4-1,0,70,Noa Lang,SUB,0,757667
Napoli,2025-09-18,Manchester City,away,4-1-4-1,0,17,Mathías Olivera,SUB,0,757667
Napoli,2025-09-18,Manchester City,away,4-1-4-1,0,20,Eljif Elmas,SUB,0,757667
Napoli,2025-09-18,Manchester City,away,4-1-4-1,0,27,Lorenzo Lucca,SUB,0,757667
Napoli,2025-09-18,Manchester City,away,4-1-4-1,0,6,Billy Gilmour,SUB,0,757667
Napoli,2025-09-18,Manchester City,away,4-1-4-1,0,5,Juan Jesus,SUB,0,757667
Atalanta,2025-09-30,Club Brugge,home,3-4-1-2,1,29,Marco Carnesecchi,G,1,757672
Atalanta,2025-09-30,Club Brugge,home,3-4-1-2,1,19,Berat Djimsiti,CD,5,757672
Atalanta,2025-09-30,Club Brugge,home,3-4-1-2,1,69,Honest Ahanor,CD-L,4,757672
Atalanta,2025-09-30,Club Brugge,home,3-4-1-2,1,3,Odilon Kossounou,CD-R,6,757672
Atalanta,2025-09-30,Club Brugge,home,3-4-1-2,1,15,Marten de Roon,CM-L,8,757672
Atalanta,2025-09-30,Club Brugge,home,3-4-1-2,1,13,Éderson,CM-R,7,757672
Atalanta,2025-09-30,Club Brugge,home,3-4-1-2,1,8,Mario Pasalic,AM,9,757672
Atalanta,2025-09-30,Club Brugge,home,3-4-1-2,1,47,Lorenzo Bernasconi,LM,3,757672
Atalanta,2025-09-30,Club Brugge,home,3-4-1-2,1,16,Raoul Bellanova,RM,2,757672
Atalanta,2025-09-30,Club Brugge,home,3-4-1-2,1,11,Ademola Lookman,CF-L,11,757672
Atalanta,2025-09-30,Club Brugge,home,3-4-1-2,1,90,Nikola Krstovic,CF-R,10,757672
Atalanta,2025-09-30,Club Brugge,home,3-4-1-2,0,31,Francesco Rossi,SUB,0,757672
Atalanta,2025-09-30,Club Brugge,home,3-4-1-2,0,70,Daniel Maldini,SUB,0,757672
Atalanta,2025-09-30,Club Brugge,home,3-4-1-2,0,44,Marco Brescianini,SUB,0,757672
Atalanta,2025-09-30,Club Brugge,home,3-4-1-2,0,6,Yunus Musah,SUB,0,757672
Atalanta,2025-09-30,Club Brugge,home,3-4-1-2,0,7,Kamaldeen Sulemana,SUB,0,757672
Atalanta,2025-09-30,Club Brugge,home,3-4-1-2,0,40,Relja Obric,SUB,0,757672
Atalanta,2025-09-30,Club Brugge,home,3-4-1-2,0,57,Marco Sportiello,SUB,0,757672
Atalanta,2025-09-30,Club Brugge,home,3-4-1-2,0,77,Davide Zappacosta,SUB,0,757672
Atalanta,2025-09-30,Club Brugge,home,3-4-1-2,0,10,Lazar Samardzic,SUB,0,757672
Inter,2025-09-30,Slavia Prague,home,3-5-2,1,1,Yann Sommer,G,1,757678
Inter,2025-09-30,Slavia Prague,home,3-5-2,1,15,Francesco Acerbi,CD,5,757678
Inter,2025-09-30,Slavia Prague,home,3-5-2,1,95,Alessandro Bastoni,CD-L,4,757678
Inter,2025-09-30,Slavia Prague,home,3-5-2,1,31,Yann Bisseck,CD-R,6,757678
Inter,2025-09-30,Slavia Prague,home,3-5-2,1,7,Piotr Zielinski,CM-L,8,757678
Inter,2025-09-30,Slavia Prague,home,3-5-2,1,8,Petar Sucic,CM-R,7,757678
Inter,2025-09-30,Slavia Prague,home,3-5-2,1,20,Hakan Çalhanoglu,AM,11,757678
Inter,2025-09-30,Slavia Prague,home,3-5-2,1,32,Federico Dimarco,LM,3,757678
Inter,2025-09-30,Slavia Prague,home,3-5-2,1,2,Denzel Dumfries,RM,2,757678
Inter,2025-09-30,Slavia Prague,home,3-5-2,1,10,Lautaro Martínez,CF-L,9,757678
Inter,2025-09-30,Slavia Prague,home,3-5-2,1,9,Marcus Thuram,CF-R,10,757678
Inter,2025-09-30,Slavia Prague,home,3-5-2,0,6,Stefan de Vrij,SUB,0,757678
Inter,2025-09-30,Slavia Prague,home,3-5-2,0,13,Josep Martínez,SUB,0,757678
Inter,2025-09-30,Slavia Prague,home,3-5-2,0,17,Andy Diouf,SUB,0,757678
Inter,2025-09-30,Slavia Prague,home,3-5-2,0,14,Ange-Yoan Bonny,SUB,0,757678
Inter,2025-09-30,Slavia Prague,home,3-5-2,0,30,Carlos Augusto,SUB,0,757678
Inter,2025-09-30,Slavia Prague,home,3-5-2,0,16,Davide Frattesi,SUB,0,757678
Inter,2025-09-30,Slavia Prague,home,3-5-2,0,22,Henrikh Mkhitaryan,SUB,0,757678
Inter,2025-09-30,Slavia Prague,home,3-5-2,0,94,Pio Esposito,SUB,0,757678
Inter,2025-09-30,Slavia Prague,home,3-5-2,0,11,Luis Henrique,SUB,0,757678
Inter,2025-09-30,Slavia Prague,home,3-5-2,0,25,Manuel Akanji,SUB,0,757678
Inter,2025-09-30,Slavia Prague,home,3-5-2,0,36,Matteo Darmian,SUB,0,757678
Inter,2025-09-30,Slavia Prague,home,3-5-2,0,23,Nicolò Barella,SUB,0,757678
Napoli,2025-10-01,Sporting CP,home,4-1-4-1,1,32,Vanja Milinkovic-Savic,G,1,757685
Napoli,2025-10-01,Sporting CP,home,4-1-4-1,1,5,Juan Jesus,CD-L,6,757685
Napoli,2025-10-01,Sporting CP,home,4-1-4-1,1,31,Sam Beukema,CD-R,5,757685
Napoli,2025-10-01,Sporting CP,home,4-1-4-1,1,68,Stanislav Lobotka,DM,4,757685
Napoli,2025-10-01,Sporting CP,home,4-1-4-1,1,3,Miguel Gutiérrez,LB,3,757685
Napoli,2025-10-01,Sporting CP,home,4-1-4-1,1,37,Leonardo Spinazzola,RB,2,757685
Napoli,2025-10-01,Sporting CP,home,4-1-4-1,1,11,Kevin De Bruyne,CM-L,10,757685
Napoli,2025-10-01,Sporting CP,home,4-1-4-1,1,99,Frank Anguissa,CM-R,8,757685
Napoli,2025-10-01,Sporting CP,home,4-1-4-1,1,8,Scott McTominay,LM,11,757685
Napoli,2025-10-01,Sporting CP,home,4-1-4-1,1,21,Matteo Politano,RM,7,757685
Napoli,2025-10-01,Sporting CP,home,4-1-4-1,1,19,Rasmus Højlund,F,9,757685
Napoli,2025-10-01,Sporting CP,home,4-1-4-1,0,17,Mathías Olivera,SUB,0,757685
Napoli,2025-10-01,Sporting CP,home,4-1-4-1,0,25,Mathias Ferrante,SUB,0,757685
Napoli,2025-10-01,Sporting CP,home,4-1-4-1,0,20,Eljif Elmas,SUB,0,757685
Napoli,2025-10-01,Sporting CP,home,4-1-4-1,0,69,Giuseppe Ambrosino,SUB,0,757685
Napoli,2025-10-01,Sporting CP,home,4-1-4-1,0,27,Lorenzo Lucca,SUB,0,757685
Napoli,2025-10-01,Sporting CP,home,4-1-4-1,0,7,David Neres,SUB,0,757685
Napoli,2025-10-01,Sporting CP,home,4-1-4-1,0,26,Antonio Vergara,SUB,0,757685
Napoli,2025-10-01,Sporting CP,home,4-1-4-1,0,6,Billy Gilmour,SUB,0,757685
Napoli,2025-10-01,Sporting CP,home,4-1-4-1,0,1,Alex Meret,SUB,0,757685
Napoli,2025-10-01,Sporting CP,home,4-1-4-1,0,70,Noa Lang,SUB,0,757685
Juventus,2025-10-01,Villarreal,away,3-4-2-1,1,1,Mattia Perin,G,1,757682
Juventus,2025-10-01,Villarreal,away,3-4-2-1,1,4,Federico Gatti,CD,5,757682
Juventus,2025-10-01,Villarreal,away,3-4-2-1,1,6,Lloyd Kelly,CD-L,4,757682
Juventus,2025-10-01,Villarreal,away,3-4-2-1,1,15,Pierre Kalulu,CD-R,6,757682
Juventus,2025-10-01,Villarreal,away,3-4-2-1,1,22,Weston McKennie,CM-L,8,757682
Juventus,2025-10-01,Villarreal,away,3-4-2-1,1,5,Manuel Locatelli,CM-R,7,757682
Juventus,2025-10-01,Villarreal,away,3-4-2-1,1,32,Juan Cabal,LM,3,757682
Juventus,2025-10-01,Villarreal,away,3-4-2-1,1,27,Andrea Cambiaso,RM,2,757682
Juventus,2025-10-01,Villarreal,away,3-4-2-1,1,30,Jonathan David,F,9,757682
Juventus,2025-10-01,Villarreal,away,3-4-2-1,1,10,Kenan Yildiz,CF-L,11,757682
Juventus,2025-10-01,Villarreal,away,3-4-2-1,1,8,Teun Koopmeiners,CF-R,10,757682
Juventus,2025-10-01,Villarreal,away,3-4-2-1,0,20,Loïs Openda,SUB,0,757682
Juventus,2025-10-01,Villarreal,away,3-4-2-1,0,17,Vasilije Adzic,SUB,0,757682
Juventus,2025-10-01,Villarreal,away,3-4-2-1,0,7,Francisco Conceição,SUB,0,757682
Juventus,2025-10-01,Villarreal,away,3-4-2-1,0,11,Edon Zhegrova,SUB,0,757682
Juventus,2025-10-01,Villarreal,away,3-4-2-1,0,16,Michele Di Gregorio,SUB,0,757682
Juventus,2025-10-01,Villarreal,away,3-4-2-1,0,23,Carlo Pinsoglio,SUB,0,757682
Juventus,2025-10-01,Villarreal,away,3-4-2-1,0,9,Dusan Vlahovic,SUB,0,757682
Juventus,2025-10-01,Villarreal,away,3-4-2-1,0,24,Daniele Rugani,SUB,0,757682
Juventus,2025-10-01,Villarreal,away,3-4-2-1,0,25,João Mário,SUB,0,757682
Juventus,2025-10-01,Villarreal,away,3-4-2-1,0,18,Filip Kostic,SUB,0,757682
Napoli,2025-10-21,PSV Eindhoven,away,4-4-1-1,1,32,Vanja Milinkovic-Savic,G,1,757691
Napoli,2025-10-21,PSV Eindhoven,away,4-4-1-1,1,4,Alessandro Buongiorno,CD-L,6,757691
Napoli,2025-10-21,PSV Eindhoven,away,4-4-1-1,1,31,Sam Beukema,CD-R,5,757691
Napoli,2025-10-21,PSV Eindhoven,away,4-4-1-1,1,37,Leonardo Spinazzola,LB,3,757691
Napoli,2025-10-21,PSV Eindhoven,away,4-4-1-1,1,22,Giovanni Di Lorenzo,RB,2,757691
Napoli,2025-10-21,PSV Eindhoven,away,4-4-1-1,1,6,Billy Gilmour,CM-L,8,757691
Napoli,2025-10-21,PSV Eindhoven,away,4-4-1-1,1,99,Frank Anguissa,CM-R,4,757691
Napoli,2025-10-21,PSV Eindhoven,away,4-4-1-1,1,8,Scott McTominay,LM,11,757691
Napoli,2025-10-21,PSV Eindhoven,away,4-4-1-1,1,21,Matteo Politano,RM,7,757691
Napoli,2025-10-21,PSV Eindhoven,away,4-4-1-1,1,27,Lorenzo Lucca,F,9,757691
Napoli,2025-10-21,PSV Eindhoven,away,4-4-1-1,1,11,Kevin De Bruyne,RCF,10,757691
Napoli,2025-10-21,PSV Eindhoven,away,4-4-1-1,0,26,Antonio Vergara,SUB,0,757691
Napoli,2025-10-21,PSV Eindhoven,away,4-4-1-1,0,3,Miguel Gutiérrez,SUB,0,757691
Napoli,2025-10-21,PSV Eindhoven,away,4-4-1-1,0,17,Mathías Olivera,SUB,0,757691
Napoli,2025-10-21,PSV Eindhoven,away,4-4-1-1,0,25,Mathias Ferrante,SUB,0,757691
Napoli,2025-10-21,PSV Eindhoven,away,4-4-1-1,0,69,Giuseppe Ambrosino,SUB,0,757691
Napoli,2025-10-21,PSV Eindhoven,away,4-4-1-1,0,70,Noa Lang,SUB,0,757691
Napoli,2025-10-21,PSV Eindhoven,away,4-4-1-1,0,5,Juan Jesus,SUB,0,757691
Napoli,2025-10-21,PSV Eindhoven,away,4-4-1-1,0,7,David Neres,SUB,0,757691
Napoli,2025-10-21,PSV Eindhoven,away,4-4-1-1,0,20,Eljif Elmas,SUB,0,757691
Napoli,2025-10-21,PSV Eindhoven,away,4-4-1-1,0,1,Alex Meret,SUB,0,757691
Inter,2025-10-21,Union St.-Gilloise,away,3-5-2,1,1,Yann Sommer,G,1,757692
Inter,2025-10-21,Union St.-Gilloise,away,3-5-2,1,6,Stefan de Vrij,CD,5,757692
Inter,2025-10-21,Union St.-Gilloise,away,3-5-2,1,95,Alessandro Bastoni,CD-L,4,757692
Inter,2025-10-21,Union St.-Gilloise,away,3-5-2,1,31,Yann Bisseck,CD-R,6,757692
Inter,2025-10-21,Union St.-Gilloise,away,3-5-2,1,7,Piotr Zielinski,CM-L,8,757692
Inter,2025-10-21,Union St.-Gilloise,away,3-5-2,1,16,Davide Frattesi,CM-R,7,757692
Inter,2025-10-21,Union St.-Gilloise,away,3-5-2,1,20,Hakan Çalhanoglu,AM,11,757692
Inter,2025-10-21,Union St.-Gilloise,away,3-5-2,1,30,Carlos Augusto,LM,3,757692
Inter,2025-10-21,Union St.-Gilloise,away,3-5-2,1,2,Denzel Dumfries,RM,2,757692
Inter,2025-10-21,Union St.-Gilloise,away,3-5-2,1,10,Lautaro Martínez,CF-L,9,757692
Inter,2025-10-21,Union St.-Gilloise,away,3-5-2,1,94,Pio Esposito,CF-R,10,757692
Inter,2025-10-21,Union St.-Gilloise,away,3-5-2,0,23,Nicolò Barella,SUB,0,757692
Inter,2025-10-21,Union St.-Gilloise,away,3-5-2,0,22,Henrikh Mkhitaryan,SUB,0,757692
Inter,2025-10-21,Union St.-Gilloise,away,3-5-2,0,11,Luis Henrique,SUB,0,757692
Inter,2025-10-21,Union St.-Gilloise,away,3-5-2,0,13,Josep Martínez,SUB,0,757692
Inter,2025-10-21,Union St.-Gilloise,away,3-5-2,0,8,Petar Sucic,SUB,0,757692
Inter,2025-10-21,Union St.-Gilloise,away,3-5-2,0,17,Andy Diouf,SUB,0,757692
Inter,2025-10-21,Union St.-Gilloise,away,3-5-2,0,25,Manuel Akanji,SUB,0,757692
Inter,2025-10-21,Union St.-Gilloise,away,3-5-2,0,32,Federico Dimarco,SUB,0,757692
Inter,2025-10-21,Union St.-Gilloise,away,3-5-2,0,14,Ange-Yoan Bonny,SUB,0,757692
Inter,2025-10-21,Union St.-Gilloise,away,3-5-2,0,15,Francesco Acerbi,SUB,0,757692
Inter,2025-10-21,Union St.-Gilloise,away,3-5-2,0,40,Alessandro Calligaris,SUB,0,757692
Atalanta,2025-10-22,Slavia Prague,home,3-4-3,1,29,Marco Carnesecchi,G,1,757700
Atalanta,2025-10-22,Slavia Prague,home,3-4-3,1,4,Isak Hien,CD,5,757700
Atalanta,2025-10-22,Slavia Prague,home,3-4-3,1,19,Berat Djimsiti,CD-L,4,757700
Atalanta,2025-10-22,Slavia Prague,home,3-4-3,1,3,Odilon Kossounou,CD-R,6,757700
Atalanta,2025-10-22,Slavia Prague,home,3-4-3,1,15,Marten de Roon,CM-L,8,757700
Atalanta,2025-10-22,Slavia Prague,home,3-4-3,1,13,Éderson,CM-R,7,757700
Atalanta,2025-10-22,Slavia Prague,home,3-4-3,1,47,Lorenzo Bernasconi,LM,3,757700
Atalanta,2025-10-22,Slavia Prague,home,3-4-3,1,77,Davide Zappacosta,RM,2,757700
Atalanta,2025-10-22,Slavia Prague,home,3-4-3,1,90,Nikola Krstovic,F,9,757700
Atalanta,2025-10-22,Slavia Prague,home,3-4-3,1,11,Ademola Lookman,CF-L,11,757700
Atalanta,2025-10-22,Slavia Prague,home,3-4-3,1,17,Charles De Ketelaere,CF-R,10,757700
Atalanta,2025-10-22,Slavia Prague,home,3-4-3,0,59,Nicola Zalewski,SUB,0,757700
Atalanta,2025-10-22,Slavia Prague,home,3-4-3,0,6,Yunus Musah,SUB,0,757700
Atalanta,2025-10-22,Slavia Prague,home,3-4-3,0,70,Daniel Maldini,SUB,0,757700
Atalanta,2025-10-22,Slavia Prague,home,3-4-3,0,7,Kamaldeen Sulemana,SUB,0,757700
Atalanta,2025-10-22,Slavia Prague,home,3-4-3,0,16,Raoul Bellanova,SUB,0,757700
Atalanta,2025-10-22,Slavia Prague,home,3-4-3,0,8,Mario Pasalic,SUB,0,757700
Atalanta,2025-10-22,Slavia Prague,home,3-4-3,0,9,Gianluca Scamacca,SUB,0,757700
Atalanta,2025-10-22,Slavia Prague,home,3-4-3,0,57,Marco Sportiello,SUB,0,757700
Atalanta,2025-10-22,Slavia Prague,home,3-4-3,0,31,Francesco Rossi,SUB,0,757700
Atalanta,2025-10-22,Slavia Prague,home,3-4-3,0,69,Honest Ahanor,SUB,0,757700
Atalanta,2025-10-22,Slavia Prague,home,3-4-3,0,10,Lazar Samardzic,SUB,0,757700
Atalanta,2025-10-22,Slavia Prague,home,3-4-3,0,44,Marco Brescianini,SUB,0,757700
Juventus,2025-10-22,Real Madrid,away,3-4-2-1,1,16,Michele Di Gregorio,G,1,757705
Juventus,2025-10-22,Real Madrid,away,3-4-2-1,1,24,Daniele Rugani,CD,5,757705
Juventus,2025-10-22,Real Madrid,away,3-4-2-1,1,6,Lloyd Kelly,CD-L,4,757705
Juventus,2025-10-22,Real Madrid,away,3-4-2-1,1,4,Federico Gatti,CD-R,6,757705
Juventus,2025-10-22,Real Madrid,away,3-4-2-1,1,19,Khéphren Thuram,CM-L,8,757705
Juventus,2025-10-22,Real Madrid,away,3-4-2-1,1,8,Teun Koopmeiners,CM-R,7,757705
Juventus,2025-10-22,Real Madrid,away,3-4-2-1,1,27,Andrea Cambiaso,LM,3,757705
Juventus,2025-10-22,Real Madrid,away,3-4-2-1,1,15,Pierre Kalulu,RM,2,757705
Juventus,2025-10-22,Real Madrid,away,3-4-2-1,1,9,Dusan Vlahovic,F,9,757705
Juventus,2025-10-22,Real Madrid,away,3-4-2-1,1,10,Kenan Yildiz,CF-L,11,757705
Juventus,2025-10-22,Real Madrid,away,3-4-2-1,1,22,Weston McKennie,CF-R,10,757705
Juventus,2025-10-22,Real Madrid,away,3-4-2-1,0,5,Manuel Locatelli,SUB,0,757705
Juventus,2025-10-22,Real Madrid,away,3-4-2-1,0,1,Mattia Perin,SUB,0,757705
Juventus,2025-10-22,Real Madrid,away,3-4-2-1,0,43,Matteo Fuscaldo,SUB,0,757705
Juventus,2025-10-22,Real Madrid,away,3-4-2-1,0,21,Fabio Miretti,SUB,0,757705
Juventus,2025-10-22,Real Madrid,away,3-4-2-1,0,20,Loïs Openda,SUB,0,757705
Juventus,2025-10-22,Real Madrid,away,3-4-2-1,0,18,Filip Kostic,SUB,0,757705
Juventus,2025-10-22,Real Madrid,away,3-4-2-1,0,17,Vasilije Adzic,SUB,0,757705
Juventus,2025-10-22,Real Madrid,away,3-4-2-1,0,7,Francisco Conceição,SUB,0,757705
Juventus,2025-10-22,Real Madrid,away,3-4-2-1,0,30,Jonathan David,SUB,0,757705
Juventus,2025-10-22,Real Madrid,away,3-4-2-1,0,11,Edon Zhegrova,SUB,0,757705
Juventus,2025-10-22,Real Madrid,away,3-4-2-1,0,25,João Mário,SUB,0,757705
Napoli,2025-11-04,Eintracht Frankfurt,home,4-3-3,1,32,Vanja Milinkovic-Savic,G,1,757708
Napoli,2025-11-04,Eintracht Frankfurt,home,4-3-3,1,4,Alessandro Buongiorno,CD-L,6,757708
Napoli,2025-11-04,Eintracht Frankfurt,home,4-3-3,1,13,Amir Rrahmani,CD-R,5,757708
Napoli,2025-11-04,Eintracht Frankfurt,home,4-3-3,1,3,Miguel Gutiérrez,LB,3,757708
Napoli,2025-11-04,Eintracht Frankfurt,home,4-3-3,1,22,Giovanni Di Lorenzo,RB,2,757708
Napoli,2025-11-04,Eintracht Frankfurt,home,4-3-3,1,68,Stanislav Lobotka,CM,4,757708
Napoli,2025-11-04,Eintracht Frankfurt,home,4-3-3,1,8,Scott McTominay,LM,8,757708
Napoli,2025-11-04,Eintracht Frankfurt,home,4-3-3,1,99,Frank Anguissa,RM,7,757708
Napoli,2025-11-04,Eintracht Frankfurt,home,4-3-3,1,19,Rasmus Højlund,F,9,757708
Napoli,2025-11-04,Eintracht Frankfurt,home,4-3-3,1,20,Eljif Elmas,LF,11,757708
Napoli,2025-11-04,Eintracht Frankfurt,home,4-3-3,1,21,Matteo Politano,RF,10,757708
Napoli,2025-11-04,Eintracht Frankfurt,home,4-3-3,0,17,Mathías Olivera,SUB,0,757708
Napoli,2025-11-04,Eintracht Frankfurt,home,4-3-3,0,69,Giuseppe Ambrosino,SUB,0,757708
Napoli,2025-11-04,Eintracht Frankfurt,home,4-3-3,0,31,Sam Beukema,SUB,0,757708
Napoli,2025-11-04,Eintracht Frankfurt,home,4-3-3,0,14,Nikita Contini,SUB,0,757708
Napoli,2025-11-04,Eintracht Frankfurt,home,4-3-3,0,7,David Neres,SUB,0,757708
Napoli,2025-11-04,Eintracht Frankfurt,home,4-3-3,0,5,Juan Jesus,SUB,0,757708
Napoli,2025-11-04,Eintracht Frankfurt,home,4-3-3,0,70,Noa Lang,SUB,0,757708
Napoli,2025-11-04,Eintracht Frankfurt,home,4-3-3,0,25,Mathias Ferrante,SUB,0,757708
Napoli,2025-11-04,Eintracht Frankfurt,home,4-3-3,0,26,Antonio Vergara,SUB,0,757708
Juventus,2025-11-04,Sporting CP,home,3-4-2-1,1,16,Michele Di Gregorio,G,1,757710
Juventus,2025-11-04,Sporting CP,home,3-4-2-1,1,4,Federico Gatti,CD,5,757710
Juventus,2025-11-04,Sporting CP,home,3-4-2-1,1,8,Teun Koopmeiners,CD-L,4,757710
Juventus,2025-11-04,Sporting CP,home,3-4-2-1,1,15,Pierre Kalulu,CD-R,6,757710
Juventus,2025-11-04,Sporting CP,home,3-4-2-1,1,19,Khéphren Thuram,CM-L,8,757710
Juventus,2025-11-04,Sporting CP,home,3-4-2-1,1,5,Manuel Locatelli,CM-R,7,757710
Juventus,2025-11-04,Sporting CP,home,3-4-2-1,1,27,Andrea Cambiaso,LM,3,757710
Juventus,2025-11-04,Sporting CP,home,3-4-2-1,1,22,Weston McKennie,RM,2,757710
Juventus,2025-11-04,Sporting CP,home,3-4-2-1,1,9,Dusan Vlahovic,F,9,757710
Juventus,2025-11-04,Sporting CP,home,3-4-2-1,1,10,Kenan Yildiz,CF-L,11,757710
Juventus,2025-11-04,Sporting CP,home,3-4-2-1,1,7,Francisco Conceição,CF-R,10,757710
Juventus,2025-11-04,Sporting CP,home,3-4-2-1,0,18,Filip Kostic,SUB,0,757710
Juventus,2025-11-04,Sporting CP,home,3-4-2-1,0,40,Jonas Rouhi,SUB,0,757710
Juventus,2025-11-04,Sporting CP,home,3-4-2-1,0,25,João Mário,SUB,0,757710
Juventus,2025-11-04,Sporting CP,home,3-4-2-1,0,17,Vasilije Adzic,SUB,0,757710
Juventus,2025-11-04,Sporting CP,home,3-4-2-1,0,42,Simone Scaglia,SUB,0,757710
Juventus,2025-11-04,Sporting CP,home,3-4-2-1,0,21,Fabio Miretti,SUB,0,757710
Juventus,2025-11-04,Sporting CP,home,3-4-2-1,0,1,Mattia Perin,SUB,0,757710
Juventus,2025-11-04,Sporting CP,home,3-4-2-1,0,20,Loïs Openda,SUB,0,757710
Juventus,2025-11-04,Sporting CP,home,3-4-2-1,0,30,Jonathan David,SUB,0,757710
Juventus,2025-11-04,Sporting CP,home,3-4-2-1,0,11,Edon Zhegrova,SUB,0,757710
Juventus,2025-11-04,Sporting CP,home,3-4-2-1,0,24,Daniele Rugani,SUB,0,757710
Inter,2025-11-05,Kairat Almaty,home,3-5-2,1,1,Yann Sommer,G,1,757722
Inter,2025-11-05,Kairat Almaty,home,3-5-2,1,6,Stefan de Vrij,CD,5,757722
Inter,2025-11-05,Kairat Almaty,home,3-5-2,1,30,Carlos Augusto,CD-L,4,757722
Inter,2025-11-05,Kairat Almaty,home,3-5-2,1,31,Yann Bisseck,CD-R,6,757722
Inter,2025-11-05,Kairat Almaty,home,3-5-2,1,7,Piotr Zielinski,CM-L,8,757722
Inter,2025-11-05,Kairat Almaty,home,3-5-2,1,16,Davide Frattesi,CM-R,7,757722
Inter,2025-11-05,Kairat Almaty,home,3-5-2,1,23,Nicolò Barella,AM,11,757722
Inter,2025-11-05,Kairat Almaty,home,3-5-2,1,32,Federico Dimarco,LM,3,757722
Inter,2025-11-05,Kairat Almaty,home,3-5-2,1,2,Denzel Dumfries,RM,2,757722
Inter,2025-11-05,Kairat Almaty,home,3-5-2,1,10,Lautaro Martínez,CF-L,9,757722
Inter,2025-11-05,Kairat Almaty,home,3-5-2,1,94,Pio Esposito,CF-R,10,757722
Inter,2025-11-05,Kairat Almaty,home,3-5-2,0,40,Alessandro Calligaris,SUB,0,757722
Inter,2025-11-05,Kairat Almaty,home,3-5-2,0,17,Andy Diouf,SUB,0,757722
Inter,2025-11-05,Kairat Almaty,home,3-5-2,0,13,Josep Martínez,SUB,0,757722
Inter,2025-11-05,Kairat Almaty,home,3-5-2,0,20,Hakan Çalhanoglu,SUB,0,757722
Inter,2025-11-05,Kairat Almaty,home,3-5-2,0,95,Alessandro Bastoni,SUB,0,757722
Inter,2025-11-05,Kairat Almaty,home,3-5-2,0,9,Marcus Thuram,SUB,0,757722
Inter,2025-11-05,Kairat Almaty,home,3-5-2,0,8,Petar Sucic,SUB,0,757722
Inter,2025-11-05,Kairat Almaty,home,3-5-2,0,14,Ange-Yoan Bonny,SUB,0,757722
Inter,2025-11-05,Kairat Almaty,home,3-5-2,0,11,Luis Henrique,SUB,0,757722
Inter,2025-11-05,Kairat Almaty,home,3-5-2,0,25,Manuel Akanji,SUB,0,757722
Inter,2025-11-05,Kairat Almaty,home,3-5-2,0,15,Francesco Acerbi,SUB,0,757722
Inter,2025-11-05,Kairat Almaty,home,3-5-2,0,53,Christos Alexiou,SUB,0,757722
Atalanta,2025-11-05,Marseille,away,3-4-3,1,29,Marco Carnesecchi,G,1,757724
Atalanta,2025-11-05,Marseille,away,3-4-3,1,19,Berat Djimsiti,CD,5,757724
Atalanta,2025-11-05,Marseille,away,3-4-3,1,69,Honest Ahanor,CD-L,4,757724
Atalanta,2025-11-05,Marseille,away,3-4-3,1,3,Odilon Kossounou,CD-R,6,757724
Atalanta,2025-11-05,Marseille,away,3-4-3,1,15,Marten de Roon,CM-L,8,757724
Atalanta,2025-11-05,Marseille,away,3-4-3,1,13,Éderson,CM-R,7,757724
Atalanta,2025-11-05,Marseille,away,3-4-3,1,77,Davide Zappacosta,LM,3,757724
Atalanta,2025-11-05,Marseille,away,3-4-3,1,16,Raoul Bellanova,RM,2,757724
Atalanta,2025-11-05,Marseille,away,3-4-3,1,90,Nikola Krstovic,F,9,757724
Atalanta,2025-11-05,Marseille,away,3-4-3,1,11,Ademola Lookman,CF-L,11,757724
Atalanta,2025-11-05,Marseille,away,3-4-3,1,17,Charles De Ketelaere,CF-R,10,757724
Atalanta,2025-11-05,Marseille,away,3-4-3,0,4,Isak Hien,SUB,0,757724
Atalanta,2025-11-05,Marseille,away,3-4-3,0,57,Marco Sportiello,SUB,0,757724
Atalanta,2025-11-05,Marseille,away,3-4-3,0,47,Lorenzo Bernasconi,SUB,0,757724
Atalanta,2025-11-05,Marseille,away,3-4-3,0,7,Kamaldeen Sulemana,SUB,0,757724
Atalanta,2025-11-05,Marseille,away,3-4-3,0,70,Daniel Maldini,SUB,0,757724
Atalanta,2025-11-05,Marseille,away,3-4-3,0,59,Nicola Zalewski,SUB,0,757724
Atalanta,2025-11-05,Marseille,away,3-4-3,0,8,Mario Pasalic,SUB,0,757724
Atalanta,2025-11-05,Marseille,away,3-4-3,0,31,Francesco Rossi,SUB,0,757724
Atalanta,2025-11-05,Marseille,away,3-4-3,0,10,Lazar Samardzic,SUB,0,757724
Atalanta,2025-11-05,Marseille,away,3-4-3,0,23,Sead Kolasinac,SUB,0,757724
Atalanta,2025-11-05,Marseille,away,3-4-3,0,9,Gianluca Scamacca,SUB,0,757724
Atalanta,2025-11-05,Marseille,away,3-4-3,0,6,Yunus Musah,SUB,0,757724
Juventus,2025-11-25,Bodo/Glimt,away,3-4-2-1,1,1,Mattia Perin,G,1,757731
Juventus,2025-11-25,Bodo/Glimt,away,3-4-2-1,1,6,Lloyd Kelly,CD,5,757731
Juventus,2025-11-25,Bodo/Glimt,away,3-4-2-1,1,8,Teun Koopmeiners,CD-L,4,757731
Juventus,2025-11-25,Bodo/Glimt,away,3-4-2-1,1,15,Pierre Kalulu,CD-R,6,757731
Juventus,2025-11-25,Bodo/Glimt,away,3-4-2-1,1,5,Manuel Locatelli,CM-L,8,757731
Juventus,2025-11-25,Bodo/Glimt,away,3-4-2-1,1,21,Fabio Miretti,CM-R,7,757731
Juventus,2025-11-25,Bodo/Glimt,away,3-4-2-1,1,27,Andrea Cambiaso,LM,3,757731
Juventus,2025-11-25,Bodo/Glimt,away,3-4-2-1,1,22,Weston McKennie,RM,2,757731
Juventus,2025-11-25,Bodo/Glimt,away,3-4-2-1,1,20,Loïs Openda,F,9,757731
Juventus,2025-11-25,Bodo/Glimt,away,3-4-2-1,1,17,Vasilije Adzic,CF-L,11,757731
Juventus,2025-11-25,Bodo/Glimt,away,3-4-2-1,1,7,Francisco Conceição,CF-R,10,757731
Juventus,2025-11-25,Bodo/Glimt,away,3-4-2-1,0,32,Juan Cabal,SUB,0,757731
Juventus,2025-11-25,Bodo/Glimt,away,3-4-2-1,0,10,Kenan Yildiz,SUB,0,757731
Juventus,2025-11-25,Bodo/Glimt,away,3-4-2-1,0,43,Matteo Fuscaldo,SUB,0,757731
Juventus,2025-11-25,Bodo/Glimt,away,3-4-2-1,0,25,João Mário,SUB,0,757731
Juventus,2025-11-25,Bodo/Glimt,away,3-4-2-1,0,19,Khéphren Thuram,SUB,0,757731
Juventus,2025-11-25,Bodo/Glimt,away,3-4-2-1,0,30,Jonathan David,SUB,0,757731
Juventus,2025-11-25,Bodo/Glimt,away,3-4-2-1,0,9,Dusan Vlahovic,SUB,0,757731
Juventus,2025-11-25,Bodo/Glimt,away,3-4-2-1,0,40,Jonas Rouhi,SUB,0,757731
Juventus,2025-11-25,Bodo/Glimt,away,3-4-2-1,0,18,Filip Kostic,SUB,0,757731
Juventus,2025-11-25,Bodo/Glimt,away,3-4-2-1,0,11,Edon Zhegrova,SUB,0,757731
Juventus,2025-11-25,Bodo/Glimt,away,3-4-2-1,0,16,Michele Di Gregorio,SUB,0,757731
Napoli,2025-11-25,FK Qarabag,home,3-4-2-1,1,32,Vanja Milinkovic-Savic,G,1,757728
Napoli,2025-11-25,FK Qarabag,home,3-4-2-1,1,13,Amir Rrahmani,CD,5,757728
Napoli,2025-11-25,FK Qarabag,home,3-4-2-1,1,4,Alessandro Buongiorno,CD-L,4,757728
Napoli,2025-11-25,FK Qarabag,home,3-4-2-1,1,31,Sam Beukema,CD-R,6,757728
Napoli,2025-11-25,FK Qarabag,home,3-4-2-1,1,8,Scott McTominay,CM-L,8,757728
Napoli,2025-11-25,FK Qarabag,home,3-4-2-1,1,68,Stanislav Lobotka,CM-R,7,757728
Napoli,2025-11-25,FK Qarabag,home,3-4-2-1,1,17,Mathías Olivera,LM,3,757728
Napoli,2025-11-25,FK Qarabag,home,3-4-2-1,1,22,Giovanni Di Lorenzo,RM,2,757728
Napoli,2025-11-25,FK Qarabag,home,3-4-2-1,1,19,Rasmus Højlund,F,9,757728
Napoli,2025-11-25,FK Qarabag,home,3-4-2-1,1,70,Noa Lang,CF-L,11,757728
Napoli,2025-11-25,FK Qarabag,home,3-4-2-1,1,7,David Neres,CF-R,10,757728
Napoli,2025-11-25,FK Qarabag,home,3-4-2-1,0,20,Eljif Elmas,SUB,0,757728
Napoli,2025-11-25,FK Qarabag,home,3-4-2-1,0,27,Lorenzo Lucca,SUB,0,757728
Napoli,2025-11-25,FK Qarabag,home,3-4-2-1,0,14,Nikita Contini,SUB,0,757728
Napoli,2025-11-25,FK Qarabag,home,3-4-2-1,0,21,Matteo Politano,SUB,0,757728
Napoli,2025-11-25,FK Qarabag,home,3-4-2-1,0,5,Juan Jesus,SUB,0,757728
Napoli,2025-11-25,FK Qarabag,home,3-4-2-1,0,25,Mathias Ferrante,SUB,0,757728
Napoli,2025-11-25,FK Qarabag,home,3-4-2-1,0,69,Giuseppe Ambrosino,SUB,0,757728
Napoli,2025-11-25,FK Qarabag,home,3-4-2-1,0,26,Antonio Vergara,SUB,0,757728
Inter,2025-11-26,Atlético Madrid,away,3-5-2,1,1,Yann Sommer,G,1,757740
Inter,2025-11-26,Atlético Madrid,away,3-5-2,1,25,Manuel Akanji,CD,5,757740
Inter,2025-11-26,Atlético Madrid,away,3-5-2,1,95,Alessandro Bastoni,CD-L,4,757740
Inter,2025-11-26,Atlético Madrid,away,3-5-2,1,31,Yann Bisseck,CD-R,6,757740
Inter,2025-11-26,Atlético Madrid,away,3-5-2,1,7,Piotr Zielinski,CM-L,8,757740
Inter,2025-11-26,Atlético Madrid,away,3-5-2,1,23,Nicolò Barella,CM-R,7,757740
Inter,2025-11-26,Atlético Madrid,away,3-5-2,1,20,Hakan Çalhanoglu,AM,11,757740
Inter,2025-11-26,Atlético Madrid,away,3-5-2,1,32,Federico Dimarco,LM,3,757740
Inter,2025-11-26,Atlético Madrid,away,3-5-2,1,30,Carlos Augusto,RM,2,757740
Inter,2025-11-26,Atlético Madrid,away,3-5-2,1,14,Ange-Yoan Bonny,CF-L,9,757740
Inter,2025-11-26,Atlético Madrid,away,3-5-2,1,10,Lautaro Martínez,CF-R,10,757740
Inter,2025-11-26,Atlético Madrid,away,3-5-2,0,8,Petar Sucic,SUB,0,757740
Inter,2025-11-26,Atlético Madrid,away,3-5-2,0,53,Christos Alexiou,SUB,0,757740
Inter,2025-11-26,Atlético Madrid,away,3-5-2,0,94,Pio Esposito,SUB,0,757740
Inter,2025-11-26,Atlético Madrid,away,3-5-2,0,13,Josep Martínez,SUB,0,757740
Inter,2025-11-26,Atlético Madrid,away,3-5-2,0,6,Stefan de Vrij,SUB,0,757740
Inter,2025-11-26,Atlético Madrid,away,3-5-2,0,15,Francesco Acerbi,SUB,0,757740
Inter,2025-11-26,Atlético Madrid,away,3-5-2,0,60,Alain Taho,SUB,0,757740
Inter,2025-11-26,Atlético Madrid,away,3-5-2,0,43,Matteo Cocchi,SUB,0,757740
Inter,2025-11-26,Atlético Madrid,away,3-5-2,0,11,Luis Henrique,SUB,0,757740
Inter,2025-11-26,Atlético Madrid,away,3-5-2,0,9,Marcus Thuram,SUB,0,757740
Inter,2025-11-26,Atlético Madrid,away,3-5-2,0,17,Andy Diouf,SUB,0,757740
Inter,2025-11-26,Atlético Madrid,away,3-5-2,0,16,Davide Frattesi,SUB,0,757740
Atalanta,2025-11-26,Eintracht Frankfurt,away,3-4-2-1,1,29,Marco Carnesecchi,G,1,757739
Atalanta,2025-11-26,Eintracht Frankfurt,away,3-4-2-1,1,4,Isak Hien,CD,5,757739
Atalanta,2025-11-26,Eintracht Frankfurt,away,3-4-2-1,1,19,Berat Djimsiti,CD-L,4,757739
Atalanta,2025-11-26,Eintracht Frankfurt,away,3-4-2-1,1,3,Odilon Kossounou,CD-R,6,757739
Atalanta,2025-11-26,Eintracht Frankfurt,away,3-4-2-1,1,13,Éderson,CM-L,8,757739
Atalanta,2025-11-26,Eintracht Frankfurt,away,3-4-2-1,1,15,Marten de Roon,CM-R,7,757739
Atalanta,2025-11-26,Eintracht Frankfurt,away,3-4-2-1,1,77,Davide Zappacosta,LM,3,757739
Atalanta,2025-11-26,Eintracht Frankfurt,away,3-4-2-1,1,16,Raoul Bellanova,RM,2,757739
Atalanta,2025-11-26,Eintracht Frankfurt,away,3-4-2-1,1,9,Gianluca Scamacca,F,9,757739
Atalanta,2025-11-26,Eintracht Frankfurt,away,3-4-2-1,1,11,Ademola Lookman,CF-L,11,757739
Atalanta,2025-11-26,Eintracht Frankfurt,away,3-4-2-1,1,17,Charles De Ketelaere,CF-R,10,757739
Atalanta,2025-11-26,Eintracht Frankfurt,away,3-4-2-1,0,23,Sead Kolasinac,SUB,0,757739
Atalanta,2025-11-26,Eintracht Frankfurt,away,3-4-2-1,0,70,Daniel Maldini,SUB,0,757739
Atalanta,2025-11-26,Eintracht Frankfurt,away,3-4-2-1,0,59,Nicola Zalewski,SUB,0,757739
Atalanta,2025-11-26,Eintracht Frankfurt,away,3-4-2-1,0,90,Nikola Krstovic,SUB,0,757739
Atalanta,2025-11-26,Eintracht Frankfurt,away,3-4-2-1,0,8,Mario Pasalic,SUB,0,757739
Atalanta,2025-11-26,Eintracht Frankfurt,away,3-4-2-1,0,57,Marco Sportiello,SUB,0,757739
Atalanta,2025-11-26,Eintracht Frankfurt,away,3-4-2-1,0,44,Marco Brescianini,SUB,0,757739
Atalanta,2025-11-26,Eintracht Frankfurt,away,3-4-2-1,0,69,Honest Ahanor,SUB,0,757739
Atalanta,2025-11-26,Eintracht Frankfurt,away,3-4-2-1,0,47,Lorenzo Bernasconi,SUB,0,757739
Atalanta,2025-11-26,Eintracht Frankfurt,away,3-4-2-1,0,7,Kamaldeen Sulemana,SUB,0,757739
Atalanta,2025-11-26,Eintracht Frankfurt,away,3-4-2-1,0,6,Yunus Musah,SUB,0,757739
Atalanta,2025-11-26,Eintracht Frankfurt,away,3-4-2-1,0,10,Lazar Samardzic,SUB,0,757739
Atalanta,2025-12-09,Chelsea,home,3-4-2-1,1,29,Marco Carnesecchi,G,1,757747
Atalanta,2025-12-09,Chelsea,home,3-4-2-1,1,19,Berat Djimsiti,CD,5,757747
Atalanta,2025-12-09,Chelsea,home,3-4-2-1,1,23,Sead Kolasinac,CD-L,4,757747
Atalanta,2025-12-09,Chelsea,home,3-4-2-1,1,3,Odilon Kossounou,CD-R,6,757747
Atalanta,2025-12-09,Chelsea,home,3-4-2-1,1,13,Éderson,CM-L,8,757747
Atalanta,2025-12-09,Chelsea,home,3-4-2-1,1,15,Marten de Roon,CM-R,7,757747
Atalanta,2025-12-09,Chelsea,home,3-4-2-1,1,47,Lorenzo Bernasconi,LM,3,757747
Atalanta,2025-12-09,Chelsea,home,3-4-2-1,1,16,Raoul Bellanova,RM,2,757747
Atalanta,2025-12-09,Chelsea,home,3-4-2-1,1,9,Gianluca Scamacca,F,9,757747
Atalanta,2025-12-09,Chelsea,home,3-4-2-1,1,11,Ademola Lookman,CF-L,11,757747
Atalanta,2025-12-09,Chelsea,home,3-4-2-1,1,17,Charles De Ketelaere,CF-R,10,757747
Atalanta,2025-12-09,Chelsea,home,3-4-2-1,0,4,Isak Hien,SUB,0,757747
Atalanta,2025-12-09,Chelsea,home,3-4-2-1,0,57,Marco Sportiello,SUB,0,757747
Atalanta,2025-12-09,Chelsea,home,3-4-2-1,0,77,Davide Zappacosta,SUB,0,757747
Atalanta,2025-12-09,Chelsea,home,3-4-2-1,0,6,Yunus Musah,SUB,0,757747
Atalanta,2025-12-09,Chelsea,home,3-4-2-1,0,42,Giorgio Scalvini,SUB,0,757747
Atalanta,2025-12-09,Chelsea,home,3-4-2-1,0,70,Daniel Maldini,SUB,0,757747
Atalanta,2025-12-09,Chelsea,home,3-4-2-1,0,44,Marco Brescianini,SUB,0,757747
Atalanta,2025-12-09,Chelsea,home,3-4-2-1,0,59,Nicola Zalewski,SUB,0,757747
Atalanta,2025-12-09,Chelsea,home,3-4-2-1,0,10,Lazar Samardzic,SUB,0,757747
Atalanta,2025-12-09,Chelsea,home,3-4-2-1,0,8,Mario Pasalic,SUB,0,757747
Atalanta,2025-12-09,Chelsea,home,3-4-2-1,0,69,Honest Ahanor,SUB,0,757747
Atalanta,2025-12-09,Chelsea,home,3-4-2-1,0,90,Nikola Krstovic,SUB,0,757747
Inter,2025-12-09,Liverpool,home,3-5-2,1,1,Yann Sommer,G,1,757745
Inter,2025-12-09,Liverpool,home,3-5-2,1,15,Francesco Acerbi,CD,5,757745
Inter,2025-12-09,Liverpool,home,3-5-2,1,95,Alessandro Bastoni,CD-L,4,757745
Inter,2025-12-09,Liverpool,home,3-5-2,1,25,Manuel Akanji,CD-R,6,757745
Inter,2025-12-09,Liverpool,home,3-5-2,1,22,Henrikh Mkhitaryan,CM-L,8,757745
Inter,2025-12-09,Liverpool,home,3-5-2,1,23,Nicolò Barella,CM-R,7,757745
Inter,2025-12-09,Liverpool,home,3-5-2,1,20,Hakan Çalhanoglu,AM,11,757745
Inter,2025-12-09,Liverpool,home,3-5-2,1,32,Federico Dimarco,LM,3,757745
Inter,2025-12-09,Liverpool,home,3-5-2,1,11,Luis Henrique,RM,2,757745
Inter,2025-12-09,Liverpool,home,3-5-2,1,10,Lautaro Martínez,CF-L,9,757745
Inter,2025-12-09,Liverpool,home,3-5-2,1,9,Marcus Thuram,CF-R,10,757745
Inter,2025-12-09,Liverpool,home,3-5-2,0,14,Ange-Yoan Bonny,SUB,0,757745
Inter,2025-12-09,Liverpool,home,3-5-2,0,31,Yann Bisseck,SUB,0,757745
Inter,2025-12-09,Liverpool,home,3-5-2,0,16,Davide Frattesi,SUB,0,757745
Inter,2025-12-09,Liverpool,home,3-5-2,0,6,Stefan de Vrij,SUB,0,757745
Inter,2025-12-09,Liverpool,home,3-5-2,0,94,Pio Esposito,SUB,0,757745
Inter,2025-12-09,Liverpool,home,3-5-2,0,17,Andy Diouf,SUB,0,757745
Inter,2025-12-09,Liverpool,home,3-5-2,0,13,Josep Martínez,SUB,0,757745
Inter,2025-12-09,Liverpool,home,3-5-2,0,60,Alain Taho,SUB,0,757745
Inter,2025-12-09,Liverpool,home,3-5-2,0,43,Matteo Cocchi,SUB,0,757745
Inter,2025-12-09,Liverpool,home,3-5-2,0,8,Petar Sucic,SUB,0,757745
Inter,2025-12-09,Liverpool,home,3-5-2,0,7,Piotr Zielinski,SUB,0,757745
Inter,2025-12-09,Liverpool,home,3-5-2,0,30,Carlos Augusto,SUB,0,757745
Napoli,2025-12-10,Benfica,away,3-4-2-1,1,32,Vanja Milinkovic-Savic,G,1,757754
Napoli,2025-12-10,Benfica,away,3-4-2-1,1,13,Amir Rrahmani,CD,5,757754
Napoli,2025-12-10,Benfica,away,3-4-2-1,1,4,Alessandro Buongiorno,CD-L,4,757754
Napoli,2025-12-10,Benfica,away,3-4-2-1,1,31,Sam Beukema,CD-R,6,757754
Napoli,2025-12-10,Benfica,away,3-4-2-1,1,8,Scott McTominay,CM-L,8,757754
Napoli,2025-12-10,Benfica,away,3-4-2-1,1,20,Eljif Elmas,CM-R,7,757754
Napoli,2025-12-10,Benfica,away,3-4-2-1,1,17,Mathías Olivera,LM,3,757754
Napoli,2025-12-10,Benfica,away,3-4-2-1,1,22,Giovanni Di Lorenzo,RM,2,757754
Napoli,2025-12-10,Benfica,away,3-4-2-1,1,19,Rasmus Højlund,F,9,757754
Napoli,2025-12-10,Benfica,away,3-4-2-1,1,70,Noa Lang,CF-L,11,757754
Napoli,2025-12-10,Benfica,away,3-4-2-1,1,7,David Neres,CF-R,10,757754
Napoli,2025-12-10,Benfica,away,3-4-2-1,0,26,Antonio Vergara,SUB,0,757754
Napoli,2025-12-10,Benfica,away,3-4-2-1,0,5,Juan Jesus,SUB,0,757754
Napoli,2025-12-10,Benfica,away,3-4-2-1,0,25,Mathias Ferrante,SUB,0,757754
Napoli,2025-12-10,Benfica,away,3-4-2-1,0,69,Giuseppe Ambrosino,SUB,0,757754
Napoli,2025-12-10,Benfica,away,3-4-2-1,0,21,Matteo Politano,SUB,0,757754
Napoli,2025-12-10,Benfica,away,3-4-2-1,0,14,Nikita Contini,SUB,0,757754
Napoli,2025-12-10,Benfica,away,3-4-2-1,0,37,Leonardo Spinazzola,SUB,0,757754
Napoli,2025-12-10,Benfica,away,3-4-2-1,0,27,Lorenzo Lucca,SUB,0,757754
Juventus,2025-12-10,Pafos,home,3-4-2-1,1,16,Michele Di Gregorio,G,1,757756
Juventus,2025-12-10,Pafos,home,3-4-2-1,1,6,Lloyd Kelly,CD,5,757756
Juventus,2025-12-10,Pafos,home,3-4-2-1,1,8,Teun Koopmeiners,CD-L,4,757756
Juventus,2025-12-10,Pafos,home,3-4-2-1,1,15,Pierre Kalulu,CD-R,6,757756
Juventus,2025-12-10,Pafos,home,3-4-2-1,1,21,Fabio Miretti,CM-L,8,757756
Juventus,2025-12-10,Pafos,home,3-4-2-1,1,5,Manuel Locatelli,CM-R,7,757756
Juventus,2025-12-10,Pafos,home,3-4-2-1,1,27,Andrea Cambiaso,LM,3,757756
Juventus,2025-12-10,Pafos,home,3-4-2-1,1,22,Weston McKennie,RM,2,757756
Juventus,2025-12-10,Pafos,home,3-4-2-1,1,30,Jonathan David,F,9,757756
Juventus,2025-12-10,Pafos,home,3-4-2-1,1,10,Kenan Yildiz,CF-L,11,757756
Juventus,2025-12-10,Pafos,home,3-4-2-1,1,11,Edon Zhegrova,CF-R,10,757756
Juventus,2025-12-10,Pafos,home,3-4-2-1,0,1,Mattia Perin,SUB,0,757756
Juventus,2025-12-10,Pafos,home,3-4-2-1,0,7,Francisco Conceição,SUB,0,757756
Juventus,2025-12-10,Pafos,home,3-4-2-1,0,18,Filip Kostic,SUB,0,757756
Juventus,2025-12-10,Pafos,home,3-4-2-1,0,32,Juan Cabal,SUB,0,757756
Juventus,2025-12-10,Pafos,home,3-4-2-1,0,20,Loïs Openda,SUB,0,757756
Juventus,2025-12-10,Pafos,home,3-4-2-1,0,25,João Mário,SUB,0,757756
Juventus,2025-12-10,Pafos,home,3-4-2-1,0,3,Bremer,SUB,0,757756
Juventus,2025-12-10,Pafos,home,3-4-2-1,0,24,Daniele Rugani,SUB,0,757756
Juventus,2025-12-10,Pafos,home,3-4-2-1,0,40,Jonas Rouhi,SUB,0,757756
Juventus,2025-12-10,Pafos,home,3-4-2-1,0,42,Simone Scaglia,SUB,0,757756
Juventus,2025-12-10,Pafos,home,3-4-2-1,0,17,Vasilije Adzic,SUB,0,757756
Juventus,2025-12-10,Pafos,home,3-4-2-1,0,19,Khéphren Thuram,SUB,0,757756
Napoli,2026-01-20,F.C. København,away,3-4-2-1,1,32,Vanja Milinkovic-Savic,G,1,757767
Napoli,2026-01-20,F.C. København,away,3-4-2-1,1,4,Alessandro Buongiorno,CD,5,757767
Napoli,2026-01-20,F.C. København,away,3-4-2-1,1,5,Juan Jesus,CD-L,4,757767
Napoli,2026-01-20,F.C. København,away,3-4-2-1,1,22,Giovanni Di Lorenzo,CD-R,6,757767
Napoli,2026-01-20,F.C. København,away,3-4-2-1,1,8,Scott McTominay,CM-L,8,757767
Napoli,2026-01-20,F.C. København,away,3-4-2-1,1,68,Stanislav Lobotka,CM-R,7,757767
Napoli,2026-01-20,F.C. København,away,3-4-2-1,1,37,Leonardo Spinazzola,LM,3,757767
Napoli,2026-01-20,F.C. København,away,3-4-2-1,1,3,Miguel Gutiérrez,RM,2,757767
Napoli,2026-01-20,F.C. København,away,3-4-2-1,1,19,Rasmus Højlund,F,9,757767
Napoli,2026-01-20,F.C. København,away,3-4-2-1,1,20,Eljif Elmas,CF-L,11,757767
Napoli,2026-01-20,F.C. København,away,3-4-2-1,1,26,Antonio Vergara,CF-R,10,757767
Napoli,2026-01-20,F.C. København,away,3-4-2-1,0,25,Mathias Ferrante,SUB,0,757767
Napoli,2026-01-20,F.C. København,away,3-4-2-1,0,31,Sam Beukema,SUB,0,757767
Napoli,2026-01-20,F.C. København,away,3-4-2-1,0,17,Mathías Olivera,SUB,0,757767
Napoli,2026-01-20,F.C. København,away,3-4-2-1,0,69,Giuseppe Ambrosino,SUB,0,757767
Napoli,2026-01-20,F.C. København,away,3-4-2-1,0,14,Nikita Contini,SUB,0,757767
Napoli,2026-01-20,F.C. København,away,3-4-2-1,0,52,Emmanuele De Chiara,SUB,0,757767
Napoli,2026-01-20,F.C. København,away,3-4-2-1,0,27,Lorenzo Lucca,SUB,0,757767
Napoli,2026-01-20,F.C. København,away,3-4-2-1,0,70,Noa Lang,SUB,0,757767
Napoli,2026-01-20,F.C. København,away,3-4-2-1,0,58,Vincenzo Prisco,SUB,0,757767
Napoli,2026-01-20,F.C. København,away,3-4-2-1,0,9,Romelu Lukaku,SUB,0,757767
Inter,2026-01-20,Arsenal,home,3-5-2,1,1,Yann Sommer,G,1,757763
Inter,2026-01-20,Arsenal,home,3-5-2,1,15,Francesco Acerbi,CD,5,757763
Inter,2026-01-20,Arsenal,home,3-5-2,1,95,Alessandro Bastoni,CD-L,4,757763
Inter,2026-01-20,Arsenal,home,3-5-2,1,25,Manuel Akanji,CD-R,6,757763
Inter,2026-01-20,Arsenal,home,3-5-2,1,8,Petar Sucic,CM-L,8,757763
Inter,2026-01-20,Arsenal,home,3-5-2,1,23,Nicolò Barella,CM-R,7,757763
Inter,2026-01-20,Arsenal,home,3-5-2,1,7,Piotr Zielinski,AM,11,757763
Inter,2026-01-20,Arsenal,home,3-5-2,1,32,Federico Dimarco,LM,3,757763
Inter,2026-01-20,Arsenal,home,3-5-2,1,11,Luis Henrique,RM,2,757763
Inter,2026-01-20,Arsenal,home,3-5-2,1,10,Lautaro Martínez,CF-L,9,757763
Inter,2026-01-20,Arsenal,home,3-5-2,1,9,Marcus Thuram,CF-R,10,757763
Inter,2026-01-20,Arsenal,home,3-5-2,0,43,Matteo Cocchi,SUB,0,757763
Inter,2026-01-20,Arsenal,home,3-5-2,0,16,Davide Frattesi,SUB,0,757763
Inter,2026-01-20,Arsenal,home,3-5-2,0,22,Henrikh Mkhitaryan,SUB,0,757763
Inter,2026-01-20,Arsenal,home,3-5-2,0,94,Pio Esposito,SUB,0,757763
Inter,2026-01-20,Arsenal,home,3-5-2,0,17,Andy Diouf,SUB,0,757763
Inter,2026-01-20,Arsenal,home,3-5-2,0,6,Stefan de Vrij,SUB,0,757763
Inter,2026-01-20,Arsenal,home,3-5-2,0,36,Matteo Darmian,SUB,0,757763
Inter,2026-01-20,Arsenal,home,3-5-2,0,13,Josep Martínez,SUB,0,757763
Inter,2026-01-20,Arsenal,home,3-5-2,0,40,Alessandro Calligaris,SUB,0,757763
Inter,2026-01-20,Arsenal,home,3-5-2,0,14,Ange-Yoan Bonny,SUB,0,757763
Inter,2026-01-20,Arsenal,home,3-5-2,0,31,Yann Bisseck,SUB,0,757763
Inter,2026-01-20,Arsenal,home,3-5-2,0,30,Carlos Augusto,SUB,0,757763
Atalanta,2026-01-21,Athletic Club,home,3-4-2-1,1,29,Marco Carnesecchi,G,1,757772
Atalanta,2026-01-21,Athletic Club,home,3-4-2-1,1,19,Berat Djimsiti,CD,5,757772
Atalanta,2026-01-21,Athletic Club,home,3-4-2-1,1,23,Sead Kolasinac,CD-L,4,757772
Atalanta,2026-01-21,Athletic Club,home,3-4-2-1,1,3,Odilon Kossounou,CD-R,6,757772
Atalanta,2026-01-21,Athletic Club,home,3-4-2-1,1,13,Éderson,CM-L,8,757772
Atalanta,2026-01-21,Athletic Club,home,3-4-2-1,1,15,Marten de Roon,CM-R,7,757772
Atalanta,2026-01-21,Athletic Club,home,3-4-2-1,1,47,Lorenzo Bernasconi,LM,3,757772
Atalanta,2026-01-21,Athletic Club,home,3-4-2-1,1,77,Davide Zappacosta,RM,2,757772
Atalanta,2026-01-21,Athletic Club,home,3-4-2-1,1,9,Gianluca Scamacca,F,9,757772
Atalanta,2026-01-21,Athletic Club,home,3-4-2-1,1,59,Nicola Zalewski,CF-L,11,757772
Atalanta,2026-01-21,Athletic Club,home,3-4-2-1,1,17,Charles De Ketelaere,CF-R,10,757772
Atalanta,2026-01-21,Athletic Club,home,3-4-2-1,0,7,Kamaldeen Sulemana,SUB,0,757772
Atalanta,2026-01-21,Athletic Club,home,3-4-2-1,0,4,Isak Hien,SUB,0,757772
Atalanta,2026-01-21,Athletic Club,home,3-4-2-1,0,11,Ademola Lookman,SUB,0,757772
Atalanta,2026-01-21,Athletic Club,home,3-4-2-1,0,90,Nikola Krstovic,SUB,0,757772
Atalanta,2026-01-21,Athletic Club,home,3-4-2-1,0,6,Yunus Musah,SUB,0,757772
Atalanta,2026-01-21,Athletic Club,home,3-4-2-1,0,8,Mario Pasalic,SUB,0,757772
Atalanta,2026-01-21,Athletic Club,home,3-4-2-1,0,57,Marco Sportiello,SUB,0,757772
Atalanta,2026-01-21,Athletic Club,home,3-4-2-1,0,42,Giorgio Scalvini,SUB,0,757772
Atalanta,2026-01-21,Athletic Club,home,3-4-2-1,0,10,Lazar Samardzic,SUB,0,757772
Atalanta,2026-01-21,Athletic Club,home,3-4-2-1,0,31,Francesco Rossi,SUB,0,757772
Atalanta,2026-01-21,Athletic Club,home,3-4-2-1,0,69,Honest Ahanor,SUB,0,757772
Atalanta,2026-01-21,Athletic Club,home,3-4-2-1,0,70,Daniel Maldini,SUB,0,757772
Juventus,2026-01-21,Benfica,home,4-2-3-1,1,16,Michele Di Gregorio,G,1,757775
Juventus,2026-01-21,Benfica,home,4-2-3-1,1,6,Lloyd Kelly,CD-L,6,757775
Juventus,2026-01-21,Benfica,home,4-2-3-1,1,3,Bremer,CD-R,5,757775
Juventus,2026-01-21,Benfica,home,4-2-3-1,1,27,Andrea Cambiaso,LB,3,757775
Juventus,2026-01-21,Benfica,home,4-2-3-1,1,15,Pierre Kalulu,RB,2,757775
Juventus,2026-01-21,Benfica,home,4-2-3-1,1,21,Fabio Miretti,AM,10,757775
Juventus,2026-01-21,Benfica,home,4-2-3-1,1,19,Khéphren Thuram,LM,4,757775
Juventus,2026-01-21,Benfica,home,4-2-3-1,1,5,Manuel Locatelli,RM,8,757775
Juventus,2026-01-21,Benfica,home,4-2-3-1,1,30,Jonathan David,F,9,757775
Juventus,2026-01-21,Benfica,home,4-2-3-1,1,10,Kenan Yildiz,AM-L,11,757775
Juventus,2026-01-21,Benfica,home,4-2-3-1,1,22,Weston McKennie,AM-R,7,757775
Juventus,2026-01-21,Benfica,home,4-2-3-1,0,20,Loïs Openda,SUB,0,757775
Juventus,2026-01-21,Benfica,home,4-2-3-1,0,11,Edon Zhegrova,SUB,0,757775
Juventus,2026-01-21,Benfica,home,4-2-3-1,0,8,Teun Koopmeiners,SUB,0,757775
Juventus,2026-01-21,Benfica,home,4-2-3-1,0,23,Carlo Pinsoglio,SUB,0,757775
Juventus,2026-01-21,Benfica,home,4-2-3-1,0,40,Jonas Rouhi,SUB,0,757775
Juventus,2026-01-21,Benfica,home,4-2-3-1,0,17,Vasilije Adzic,SUB,0,757775
Juventus,2026-01-21,Benfica,home,4-2-3-1,0,7,Francisco Conceição,SUB,0,757775
Juventus,2026-01-21,Benfica,home,4-2-3-1,0,25,João Mário,SUB,0,757775
Juventus,2026-01-21,Benfica,home,4-2-3-1,0,32,Juan Cabal,SUB,0,757775
Juventus,2026-01-21,Benfica,home,4-2-3-1,0,18,Filip Kostic,SUB,0,757775
Juventus,2026-01-21,Benfica,home,4-2-3-1,0,1,Mattia Perin,SUB,0,757775
Juventus,2026-01-21,Benfica,home,4-2-3-1,0,4,Federico Gatti,SUB,0,757775
Juventus,2026-01-28,AS Monaco,away,3-4-2-1,1,1,Mattia Perin,G,1,757791
Juventus,2026-01-28,AS Monaco,away,3-4-2-1,1,3,Bremer,CD,5,757791
Juventus,2026-01-28,AS Monaco,away,3-4-2-1,1,6,Lloyd Kelly,CD-L,4,757791
Juventus,2026-01-28,AS Monaco,away,3-4-2-1,1,15,Pierre Kalulu,CD-R,6,757791
Juventus,2026-01-28,AS Monaco,away,3-4-2-1,1,19,Khéphren Thuram,CM-L,8,757791
Juventus,2026-01-28,AS Monaco,away,3-4-2-1,1,8,Teun Koopmeiners,CM-R,7,757791
Juventus,2026-01-28,AS Monaco,away,3-4-2-1,1,32,Juan Cabal,LM,3,757791
Juventus,2026-01-28,AS Monaco,away,3-4-2-1,1,22,Weston McKennie,RM,2,757791
Juventus,2026-01-28,AS Monaco,away,3-4-2-1,1,20,Loïs Openda,F,9,757791
Juventus,2026-01-28,AS Monaco,away,3-4-2-1,1,21,Fabio Miretti,CF-L,11,757791
Juventus,2026-01-28,AS Monaco,away,3-4-2-1,1,7,Francisco Conceição,CF-R,10,757791
Juventus,2026-01-28,AS Monaco,away,3-4-2-1,0,4,Federico Gatti,SUB,0,757791
Juventus,2026-01-28,AS Monaco,away,3-4-2-1,0,27,Andrea Cambiaso,SUB,0,757791
Juventus,2026-01-28,AS Monaco,away,3-4-2-1,0,23,Carlo Pinsoglio,SUB,0,757791
Juventus,2026-01-28,AS Monaco,away,3-4-2-1,0,17,Vasilije Adzic,SUB,0,757791
Juventus,2026-01-28,AS Monaco,away,3-4-2-1,0,25,João Mário,SUB,0,757791
Juventus,2026-01-28,AS Monaco,away,3-4-2-1,0,16,Michele Di Gregorio,SUB,0,757791
Juventus,2026-01-28,AS Monaco,away,3-4-2-1,0,5,Manuel Locatelli,SUB,0,757791
Juventus,2026-01-28,AS Monaco,away,3-4-2-1,0,11,Edon Zhegrova,SUB,0,757791
Juventus,2026-01-28,AS Monaco,away,3-4-2-1,0,18,Filip Kostic,SUB,0,757791
Juventus,2026-01-28,AS Monaco,away,3-4-2-1,0,10,Kenan Yildiz,SUB,0,757791
Juventus,2026-01-28,AS Monaco,away,3-4-2-1,0,30,Jonathan David,SUB,0,757791
Inter,2026-01-28,Borussia Dortmund,away,3-5-2,1,1,Yann Sommer,G,1,757786
Inter,2026-01-28,Borussia Dortmund,away,3-5-2,1,15,Francesco Acerbi,CD,5,757786
Inter,2026-01-28,Borussia Dortmund,away,3-5-2,1,31,Yann Bisseck,CD-L,4,757786
Inter,2026-01-28,Borussia Dortmund,away,3-5-2,1,25,Manuel Akanji,CD-R,6,757786
Inter,2026-01-28,Borussia Dortmund,away,3-5-2,1,22,Henrikh Mkhitaryan,CM-L,8,757786
Inter,2026-01-28,Borussia Dortmund,away,3-5-2,1,8,Petar Sucic,CM-R,7,757786
Inter,2026-01-28,Borussia Dortmund,away,3-5-2,1,7,Piotr Zielinski,AM,11,757786
Inter,2026-01-28,Borussia Dortmund,away,3-5-2,1,32,Federico Dimarco,LM,3,757786
Inter,2026-01-28,Borussia Dortmund,away,3-5-2,1,11,Luis Henrique,RM,2,757786
Inter,2026-01-28,Borussia Dortmund,away,3-5-2,1,14,Ange-Yoan Bonny,CF-L,9,757786
Inter,2026-01-28,Borussia Dortmund,away,3-5-2,1,9,Marcus Thuram,CF-R,10,757786
Inter,2026-01-28,Borussia Dortmund,away,3-5-2,0,10,Lautaro Martínez,SUB,0,757786
Inter,2026-01-28,Borussia Dortmund,away,3-5-2,0,36,Matteo Darmian,SUB,0,757786
Inter,2026-01-28,Borussia Dortmund,away,3-5-2,0,30,Carlos Augusto,SUB,0,757786
Inter,2026-01-28,Borussia Dortmund,away,3-5-2,0,13,Josep Martínez,SUB,0,757786
Inter,2026-01-28,Borussia Dortmund,away,3-5-2,0,16,Davide Frattesi,SUB,0,757786
Inter,2026-01-28,Borussia Dortmund,away,3-5-2,0,12,Raffaele Di Gennaro,SUB,0,757786
Inter,2026-01-28,Borussia Dortmund,away,3-5-2,0,95,Alessandro Bastoni,SUB,0,757786
Inter,2026-01-28,Borussia Dortmund,away,3-5-2,0,45,Leonardo Bovo,SUB,0,757786
Inter,2026-01-28,Borussia Dortmund,away,3-5-2,0,43,Matteo Cocchi,SUB,0,757786
Inter,2026-01-28,Borussia Dortmund,away,3-5-2,0,6,Stefan de Vrij,SUB,0,757786
Inter,2026-01-28,Borussia Dortmund,away,3-5-2,0,94,Pio Esposito,SUB,0,757786
Inter,2026-01-28,Borussia Dortmund,away,3-5-2,0,17,Andy Diouf,SUB,0,757786
Napoli,2026-01-28,Chelsea,home,3-4-2-1,1,1,Alex Meret,G,1,757792
Napoli,2026-01-28,Chelsea,home,3-4-2-1,1,5,Juan Jesus,CD,5,757792
Napoli,2026-01-28,Chelsea,home,3-4-2-1,1,4,Alessandro Buongiorno,CD-L,4,757792
Napoli,2026-01-28,Chelsea,home,3-4-2-1,1,22,Giovanni Di Lorenzo,CD-R,6,757792
Napoli,2026-01-28,Chelsea,home,3-4-2-1,1,8,Scott McTominay,CM-L,8,757792
Napoli,2026-01-28,Chelsea,home,3-4-2-1,1,68,Stanislav Lobotka,CM-R,7,757792
Napoli,2026-01-28,Chelsea,home,3-4-2-1,1,17,Mathías Olivera,LM,3,757792
Napoli,2026-01-28,Chelsea,home,3-4-2-1,1,37,Leonardo Spinazzola,RM,2,757792
Napoli,2026-01-28,Chelsea,home,3-4-2-1,1,19,Rasmus Højlund,F,9,757792
Napoli,2026-01-28,Chelsea,home,3-4-2-1,1,20,Eljif Elmas,CF-L,11,757792
Napoli,2026-01-28,Chelsea,home,3-4-2-1,1,26,Antonio Vergara,CF-R,10,757792
Napoli,2026-01-28,Chelsea,home,3-4-2-1,0,61,David Spinelli,SUB,0,757792
Napoli,2026-01-28,Chelsea,home,3-4-2-1,0,56,Christian Garofalo,SUB,0,757792
Napoli,2026-01-28,Chelsea,home,3-4-2-1,0,9,Romelu Lukaku,SUB,0,757792
Napoli,2026-01-28,Chelsea,home,3-4-2-1,0,3,Miguel Gutiérrez,SUB,0,757792
Napoli,2026-01-28,Chelsea,home,3-4-2-1,0,31,Sam Beukema,SUB,0,757792
Napoli,2026-01-28,Chelsea,home,3-4-2-1,0,52,Emmanuele De Chiara,SUB,0,757792
Napoli,2026-01-28,Chelsea,home,3-4-2-1,0,14,Nikita Contini,SUB,0,757792
Atalanta,2026-01-28,Union St.-Gilloise,away,3-4-2-1,1,57,Marco Sportiello,G,1,757796
Atalanta,2026-01-28,Union St.-Gilloise,away,3-4-2-1,1,4,Isak Hien,CD,5,757796
Atalanta,2026-01-28,Union St.-Gilloise,away,3-4-2-1,1,69,Honest Ahanor,CD-L,4,757796
Atalanta,2026-01-28,Union St.-Gilloise,away,3-4-2-1,1,3,Odilon Kossounou,CD-R,6,757796
Atalanta,2026-01-28,Union St.-Gilloise,away,3-4-2-1,1,13,Éderson,CM-L,8,757796
Atalanta,2026-01-28,Union St.-Gilloise,away,3-4-2-1,1,6,Yunus Musah,CM-R,7,757796
Atalanta,2026-01-28,Union St.-Gilloise,away,3-4-2-1,1,47,Lorenzo Bernasconi,LM,3,757796
Atalanta,2026-01-28,Union St.-Gilloise,away,3-4-2-1,1,77,Davide Zappacosta,RM,2,757796
Atalanta,2026-01-28,Union St.-Gilloise,away,3-4-2-1,1,90,Nikola Krstovic,F,9,757796
Atalanta,2026-01-28,Union St.-Gilloise,away,3-4-2-1,1,11,Ademola Lookman,CF-L,11,757796
Atalanta,2026-01-28,Union St.-Gilloise,away,3-4-2-1,1,10,Lazar Samardzic,CF-R,10,757796
Atalanta,2026-01-28,Union St.-Gilloise,away,3-4-2-1,0,15,Marten de Roon,SUB,0,757796
Atalanta,2026-01-28,Union St.-Gilloise,away,3-4-2-1,0,59,Nicola Zalewski,SUB,0,757796
Atalanta,2026-01-28,Union St.-Gilloise,away,3-4-2-1,0,31,Francesco Rossi,SUB,0,757796
Atalanta,2026-01-28,Union St.-Gilloise,away,3-4-2-1,0,8,Mario Pasalic,SUB,0,757796
Atalanta,2026-01-28,Union St.-Gilloise,away,3-4-2-1,0,42,Giorgio Scalvini,SUB,0,757796
Atalanta,2026-01-28,Union St.-Gilloise,away,3-4-2-1,0,29,Marco Carnesecchi,SUB,0,757796
Atalanta,2026-01-28,Union St.-Gilloise,away,3-4-2-1,0,23,Sead Kolasinac,SUB,0,757796
Atalanta,2026-01-28,Union St.-Gilloise,away,3-4-2-1,0,9,Gianluca Scamacca,SUB,0,757796
Atalanta,2026-01-28,Union St.-Gilloise,away,3-4-2-1,0,19,Berat Djimsiti,SUB,0,757796
Atalanta,2026-01-28,Union St.-Gilloise,away,3-4-2-1,0,7,Kamaldeen Sulemana,SUB,0,757796
Atalanta,2026-01-28,Union St.-Gilloise,away,3-4-2-1,0,17,Charles De Ketelaere,SUB,0,757796
Juventus,2026-02-17,Galatasaray,away,4-3-3,1,16,Michele Di Gregorio,G,1,401858759
Juventus,2026-02-17,Galatasaray,away,4-3-3,1,6,Lloyd Kelly,CD-L,6,401858759
Juventus,2026-02-17,Galatasaray,away,4-3-3,1,3,Bremer,CD-R,5,401858759
Juventus,2026-02-17,Galatasaray,away,4-3-3,1,27,Andrea Cambiaso,LB,3,401858759
Juventus,2026-02-17,Galatasaray,away,4-3-3,1,15,Pierre Kalulu,RB,2,401858759
Juventus,2026-02-17,Galatasaray,away,4-3-3,1,5,Manuel Locatelli,CM,4,401858759
Juventus,2026-02-17,Galatasaray,away,4-3-3,1,19,Khéphren Thuram,LM,8,401858759
Juventus,2026-02-17,Galatasaray,away,4-3-3,1,8,Teun Koopmeiners,RM,7,401858759
Juventus,2026-02-17,Galatasaray,away,4-3-3,1,22,Weston McKennie,F,9,401858759
Juventus,2026-02-17,Galatasaray,away,4-3-3,1,10,Kenan Yildiz,LF,11,401858759
Juventus,2026-02-17,Galatasaray,away,4-3-3,1,7,Francisco Conceição,RF,10,401858759
Juventus,2026-02-17,Galatasaray,away,4-3-3,0,23,Carlo Pinsoglio,SUB,0,401858759
Juventus,2026-02-17,Galatasaray,away,4-3-3,0,11,Edon Zhegrova,SUB,0,401858759
Juventus,2026-02-17,Galatasaray,away,4-3-3,0,17,Vasilije Adzic,SUB,0,401858759
Juventus,2026-02-17,Galatasaray,away,4-3-3,0,18,Filip Kostic,SUB,0,401858759
Juventus,2026-02-17,Galatasaray,away,4-3-3,0,32,Juan Cabal,SUB,0,401858759
Juventus,2026-02-17,Galatasaray,away,4-3-3,0,20,Loïs Openda,SUB,0,401858759
Juventus,2026-02-17,Galatasaray,away,4-3-3,0,13,Jérémie Boga,SUB,0,401858759
Juventus,2026-02-17,Galatasaray,away,4-3-3,0,4,Federico Gatti,SUB,0,401858759
Juventus,2026-02-17,Galatasaray,away,4-3-3,0,1,Mattia Perin,SUB,0,401858759
Juventus,2026-02-17,Galatasaray,away,4-3-3,0,21,Fabio Miretti,SUB,0,401858759
Atalanta,2026-02-17,Borussia Dortmund,away,3-4-2-1,1,29,Marco Carnesecchi,G,1,401858761
Atalanta,2026-02-17,Borussia Dortmund,away,3-4-2-1,1,19,Berat Djimsiti,CD,5,401858761
Atalanta,2026-02-17,Borussia Dortmund,away,3-4-2-1,1,23,Sead Kolasinac,CD-L,4,401858761
Atalanta,2026-02-17,Borussia Dortmund,away,3-4-2-1,1,3,Odilon Kossounou,CD-R,6,401858761
Atalanta,2026-02-17,Borussia Dortmund,away,3-4-2-1,1,13,Éderson,CM-L,8,401858761
Atalanta,2026-02-17,Borussia Dortmund,away,3-4-2-1,1,15,Marten de Roon,CM-R,7,401858761
Atalanta,2026-02-17,Borussia Dortmund,away,3-4-2-1,1,47,Lorenzo Bernasconi,LM,3,401858761
Atalanta,2026-02-17,Borussia Dortmund,away,3-4-2-1,1,77,Davide Zappacosta,RM,2,401858761
Atalanta,2026-02-17,Borussia Dortmund,away,3-4-2-1,1,9,Gianluca Scamacca,F,9,401858761
Atalanta,2026-02-17,Borussia Dortmund,away,3-4-2-1,1,59,Nicola Zalewski,CF-L,11,401858761
Atalanta,2026-02-17,Borussia Dortmund,away,3-4-2-1,1,8,Mario Pasalic,CF-R,10,401858761
Atalanta,2026-02-17,Borussia Dortmund,away,3-4-2-1,0,16,Raoul Bellanova,SUB,0,401858761
Atalanta,2026-02-17,Borussia Dortmund,away,3-4-2-1,0,90,Nikola Krstovic,SUB,0,401858761
Atalanta,2026-02-17,Borussia Dortmund,away,3-4-2-1,0,45,Dominic Vavassori,SUB,0,401858761
Atalanta,2026-02-17,Borussia Dortmund,away,3-4-2-1,0,10,Lazar Samardzic,SUB,0,401858761
Atalanta,2026-02-17,Borussia Dortmund,away,3-4-2-1,0,57,Marco Sportiello,SUB,0,401858761
Atalanta,2026-02-17,Borussia Dortmund,away,3-4-2-1,0,5,Mitchel Bakker,SUB,0,401858761
Atalanta,2026-02-17,Borussia Dortmund,away,3-4-2-1,0,4,Isak Hien,SUB,0,401858761
Atalanta,2026-02-17,Borussia Dortmund,away,3-4-2-1,0,31,Francesco Rossi,SUB,0,401858761
Atalanta,2026-02-17,Borussia Dortmund,away,3-4-2-1,0,7,Kamaldeen Sulemana,SUB,0,401858761
Atalanta,2026-02-17,Borussia Dortmund,away,3-4-2-1,0,69,Honest Ahanor,SUB,0,401858761
Atalanta,2026-02-17,Borussia Dortmund,away,3-4-2-1,0,42,Giorgio Scalvini,SUB,0,401858761
Atalanta,2026-02-17,Borussia Dortmund,away,3-4-2-1,0,6,Yunus Musah,SUB,0,401858761
Inter,2026-02-18,Bodo/Glimt,away,3-5-2,1,1,Yann Sommer,G,1,401858734
Inter,2026-02-18,Bodo/Glimt,away,3-5-2,1,15,Francesco Acerbi,CD,5,401858734
Inter,2026-02-18,Bodo/Glimt,away,3-5-2,1,95,Alessandro Bastoni,CD-L,4,401858734
Inter,2026-02-18,Bodo/Glimt,away,3-5-2,1,25,Manuel Akanji,CD-R,6,401858734
Inter,2026-02-18,Bodo/Glimt,away,3-5-2,1,22,Henrikh Mkhitaryan,CM-L,8,401858734
Inter,2026-02-18,Bodo/Glimt,away,3-5-2,1,8,Petar Sucic,CM-R,7,401858734
Inter,2026-02-18,Bodo/Glimt,away,3-5-2,1,23,Nicolò Barella,AM,11,401858734
Inter,2026-02-18,Bodo/Glimt,away,3-5-2,1,30,Carlos Augusto,LM,3,401858734
Inter,2026-02-18,Bodo/Glimt,away,3-5-2,1,36,Matteo Darmian,RM,2,401858734
Inter,2026-02-18,Bodo/Glimt,away,3-5-2,1,10,Lautaro Martínez,CF-L,9,401858734
Inter,2026-02-18,Bodo/Glimt,away,3-5-2,1,94,Pio Esposito,CF-R,10,401858734
Inter,2026-02-18,Bodo/Glimt,away,3-5-2,0,32,Federico Dimarco,SUB,0,401858734
Inter,2026-02-18,Bodo/Glimt,away,3-5-2,0,45,Leonardo Bovo,SUB,0,401858734
Inter,2026-02-18,Bodo/Glimt,away,3-5-2,0,12,Raffaele Di Gennaro,SUB,0,401858734
Inter,2026-02-18,Bodo/Glimt,away,3-5-2,0,17,Andy Diouf,SUB,0,401858734
Inter,2026-02-18,Bodo/Glimt,away,3-5-2,0,14,Ange-Yoan Bonny,SUB,0,401858734
Inter,2026-02-18,Bodo/Glimt,away,3-5-2,0,7,Piotr Zielinski,SUB,0,401858734
Inter,2026-02-18,Bodo/Glimt,away,3-5-2,0,6,Stefan de Vrij,SUB,0,401858734
Inter,2026-02-18,Bodo/Glimt,away,3-5-2,0,31,Yann Bisseck,SUB,0,401858734
Inter,2026-02-18,Bodo/Glimt,away,3-5-2,0,9,Marcus Thuram,SUB,0,401858734
Inter,2026-02-18,Bodo/Glimt,away,3-5-2,0,11,Luis Henrique,SUB,0,401858734
Inter,2026-02-18,Bodo/Glimt,away,3-5-2,0,13,Josep Martínez,SUB,0,401858734
Inter,2026-02-24,Bodo/Glimt,home,3-5-2,1,1,Yann Sommer,G,1,401858766
Inter,2026-02-24,Bodo/Glimt,home,3-5-2,1,25,Manuel Akanji,CD,5,401858766
Inter,2026-02-24,Bodo/Glimt,home,3-5-2,1,95,Alessandro Bastoni,CD-L,4,401858766
Inter,2026-02-24,Bodo/Glimt,home,3-5-2,1,31,Yann Bisseck,CD-R,6,401858766
Inter,2026-02-24,Bodo/Glimt,home,3-5-2,1,23,Nicolò Barella,CM-L,8,401858766
Inter,2026-02-24,Bodo/Glimt,home,3-5-2,1,16,Davide Frattesi,CM-R,7,401858766
Inter,2026-02-24,Bodo/Glimt,home,3-5-2,1,7,Piotr Zielinski,AM,11,401858766
Inter,2026-02-24,Bodo/Glimt,home,3-5-2,1,32,Federico Dimarco,LM,3,401858766
Inter,2026-02-24,Bodo/Glimt,home,3-5-2,1,11,Luis Henrique,RM,2,401858766
Inter,2026-02-24,Bodo/Glimt,home,3-5-2,1,9,Marcus Thuram,CF-L,9,401858766
Inter,2026-02-24,Bodo/Glimt,home,3-5-2,1,94,Pio Esposito,CF-R,10,401858766
Inter,2026-02-24,Bodo/Glimt,home,3-5-2,0,12,Raffaele Di Gennaro,SUB,0,401858766
Inter,2026-02-24,Bodo/Glimt,home,3-5-2,0,47,Matteo Lavelli,SUB,0,401858766
Inter,2026-02-24,Bodo/Glimt,home,3-5-2,0,14,Ange-Yoan Bonny,SUB,0,401858766
Inter,2026-02-24,Bodo/Glimt,home,3-5-2,0,13,Josep Martínez,SUB,0,401858766
Inter,2026-02-24,Bodo/Glimt,home,3-5-2,0,36,Matteo Darmian,SUB,0,401858766
Inter,2026-02-24,Bodo/Glimt,home,3-5-2,0,8,Petar Sucic,SUB,0,401858766
Inter,2026-02-24,Bodo/Glimt,home,3-5-2,0,17,Andy Diouf,SUB,0,401858766
Inter,2026-02-24,Bodo/Glimt,home,3-5-2,0,30,Carlos Augusto,SUB,0,401858766
Inter,2026-02-24,Bodo/Glimt,home,3-5-2,0,2,Denzel Dumfries,SUB,0,401858766
Inter,2026-02-24,Bodo/Glimt,home,3-5-2,0,6,Stefan de Vrij,SUB,0,401858766
Inter,2026-02-24,Bodo/Glimt,home,3-5-2,0,15,Francesco Acerbi,SUB,0,401858766
Inter,2026-02-24,Bodo/Glimt,home,3-5-2,0,22,Henrikh Mkhitaryan,SUB,0,401858766
Atalanta,2026-02-25,Borussia Dortmund,home,3-4-2-1,1,29,Marco Carnesecchi,G,1,401858762
Atalanta,2026-02-25,Borussia Dortmund,home,3-4-2-1,1,4,Isak Hien,CD,5,401858762
Atalanta,2026-02-25,Borussia Dortmund,home,3-4-2-1,1,23,Sead Kolasinac,CD-L,4,401858762
Atalanta,2026-02-25,Borussia Dortmund,home,3-4-2-1,1,42,Giorgio Scalvini,CD-R,6,401858762
Atalanta,2026-02-25,Borussia Dortmund,home,3-4-2-1,1,8,Mario Pasalic,CM-L,8,401858762
Atalanta,2026-02-25,Borussia Dortmund,home,3-4-2-1,1,15,Marten de Roon,CM-R,7,401858762
Atalanta,2026-02-25,Borussia Dortmund,home,3-4-2-1,1,47,Lorenzo Bernasconi,LM,3,401858762
Atalanta,2026-02-25,Borussia Dortmund,home,3-4-2-1,1,77,Davide Zappacosta,RM,2,401858762
Atalanta,2026-02-25,Borussia Dortmund,home,3-4-2-1,1,9,Gianluca Scamacca,F,9,401858762
Atalanta,2026-02-25,Borussia Dortmund,home,3-4-2-1,1,59,Nicola Zalewski,CF-L,11,401858762
Atalanta,2026-02-25,Borussia Dortmund,home,3-4-2-1,1,10,Lazar Samardzic,CF-R,10,401858762
Atalanta,2026-02-25,Borussia Dortmund,home,3-4-2-1,0,31,Francesco Rossi,SUB,0,401858762
Atalanta,2026-02-25,Borussia Dortmund,home,3-4-2-1,0,7,Kamaldeen Sulemana,SUB,0,401858762
Atalanta,2026-02-25,Borussia Dortmund,home,3-4-2-1,0,69,Honest Ahanor,SUB,0,401858762
Atalanta,2026-02-25,Borussia Dortmund,home,3-4-2-1,0,13,Éderson,SUB,0,401858762
Atalanta,2026-02-25,Borussia Dortmund,home,3-4-2-1,0,90,Nikola Krstovic,SUB,0,401858762
Atalanta,2026-02-25,Borussia Dortmund,home,3-4-2-1,0,45,Dominic Vavassori,SUB,0,401858762
Atalanta,2026-02-25,Borussia Dortmund,home,3-4-2-1,0,19,Berat Djimsiti,SUB,0,401858762
Atalanta,2026-02-25,Borussia Dortmund,home,3-4-2-1,0,16,Raoul Bellanova,SUB,0,401858762
Atalanta,2026-02-25,Borussia Dortmund,home,3-4-2-1,0,3,Odilon Kossounou,SUB,0,401858762
Atalanta,2026-02-25,Borussia Dortmund,home,3-4-2-1,0,6,Yunus Musah,SUB,0,401858762
Atalanta,2026-02-25,Borussia Dortmund,home,3-4-2-1,0,5,Mitchel Bakker,SUB,0,401858762
Atalanta,2026-02-25,Borussia Dortmund,home,3-4-2-1,0,57,Marco Sportiello,SUB,0,401858762
Juventus,2026-02-25,Galatasaray,home,4-3-3,1,1,Mattia Perin,G,1,401858765
Juventus,2026-02-25,Galatasaray,home,4-3-3,1,6,Lloyd Kelly,CD-L,6,401858765
Juventus,2026-02-25,Galatasaray,home,4-3-3,1,4,Federico Gatti,CD-R,5,401858765
Juventus,2026-02-25,Galatasaray,home,4-3-3,1,22,Weston McKennie,LB,3,401858765
Juventus,2026-02-25,Galatasaray,home,4-3-3,1,15,Pierre Kalulu,RB,2,401858765
Juventus,2026-02-25,Galatasaray,home,4-3-3,1,5,Manuel Locatelli,CM,4,401858765
Juventus,2026-02-25,Galatasaray,home,4-3-3,1,19,Khéphren Thuram,LM,8,401858765
Juventus,2026-02-25,Galatasaray,home,4-3-3,1,8,Teun Koopmeiners,RM,7,401858765
Juventus,2026-02-25,Galatasaray,home,4-3-3,1,30,Jonathan David,F,9,401858765
Juventus,2026-02-25,Galatasaray,home,4-3-3,1,10,Kenan Yildiz,LF,11,401858765
Juventus,2026-02-25,Galatasaray,home,4-3-3,1,7,Francisco Conceição,RF,10,401858765
Juventus,2026-02-25,Galatasaray,home,4-3-3,0,20,Loïs Openda,SUB,0,401858765
Juventus,2026-02-25,Galatasaray,home,4-3-3,0,16,Michele Di Gregorio,SUB,0,401858765
Juventus,2026-02-25,Galatasaray,home,4-3-3,0,18,Filip Kostic,SUB,0,401858765
Juventus,2026-02-25,Galatasaray,home,4-3-3,0,41,Javier Gil,SUB,0,401858765
Juventus,2026-02-25,Galatasaray,home,4-3-3,0,13,Jérémie Boga,SUB,0,401858765
Juventus,2026-02-25,Galatasaray,home,4-3-3,0,50,Niccolò Rizzo,SUB,0,401858765
Juventus,2026-02-25,Galatasaray,home,4-3-3,0,17,Vasilije Adzic,SUB,0,401858765
Juventus,2026-02-25,Galatasaray,home,4-3-3,0,11,Edon Zhegrova,SUB,0,401858765
Juventus,2026-02-25,Galatasaray,home,4-3-3,0,3,Bremer,SUB,0,401858765
Juventus,2026-02-25,Galatasaray,home,4-3-3,0,23,Carlo Pinsoglio,SUB,0,401858765
Juventus,2026-02-25,Galatasaray,home,4-3-3,0,21,Fabio Miretti,SUB,0,401858765
Atalanta,2026-03-10,Bayern Munich,home,4-4-2,1,29,Marco Carnesecchi,G,1,401862641
Atalanta,2026-03-10,Bayern Munich,home,4-4-2,1,23,Sead Kolasinac,CD-L,6,401862641
Atalanta,2026-03-10,Bayern Munich,home,4-4-2,1,4,Isak Hien,CD-R,5,401862641
Atalanta,2026-03-10,Bayern Munich,home,4-4-2,1,47,Lorenzo Bernasconi,LB,3,401862641
Atalanta,2026-03-10,Bayern Munich,home,4-4-2,1,77,Davide Zappacosta,RB,2,401862641
Atalanta,2026-03-10,Bayern Munich,home,4-4-2,1,8,Mario Pasalic,CM-L,8,401862641
Atalanta,2026-03-10,Bayern Munich,home,4-4-2,1,15,Marten de Roon,CM-R,4,401862641
Atalanta,2026-03-10,Bayern Munich,home,4-4-2,1,59,Nicola Zalewski,LM,11,401862641
Atalanta,2026-03-10,Bayern Munich,home,4-4-2,1,7,Kamaldeen Sulemana,RM,7,401862641
Atalanta,2026-03-10,Bayern Munich,home,4-4-2,1,9,Gianluca Scamacca,CF-L,9,401862641
Atalanta,2026-03-10,Bayern Munich,home,4-4-2,1,90,Nikola Krstovic,CF-R,10,401862641
Atalanta,2026-03-10,Bayern Munich,home,4-4-2,0,69,Honest Ahanor,SUB,0,401862641
Atalanta,2026-03-10,Bayern Munich,home,4-4-2,0,57,Marco Sportiello,SUB,0,401862641
Atalanta,2026-03-10,Bayern Munich,home,4-4-2,0,16,Raoul Bellanova,SUB,0,401862641
Atalanta,2026-03-10,Bayern Munich,home,4-4-2,0,31,Francesco Rossi,SUB,0,401862641
Atalanta,2026-03-10,Bayern Munich,home,4-4-2,0,5,Mitchel Bakker,SUB,0,401862641
Atalanta,2026-03-10,Bayern Munich,home,4-4-2,0,19,Berat Djimsiti,SUB,0,401862641
Atalanta,2026-03-10,Bayern Munich,home,4-4-2,0,45,Dominic Vavassori,SUB,0,401862641
Atalanta,2026-03-10,Bayern Munich,home,4-4-2,0,3,Odilon Kossounou,SUB,0,401862641
Atalanta,2026-03-10,Bayern Munich,home,4-4-2,0,6,Yunus Musah,SUB,0,401862641
Atalanta,2026-03-10,Bayern Munich,home,4-4-2,0,10,Lazar Samardzic,SUB,0,401862641
Atalanta,2026-03-10,Bayern Munich,home,4-4-2,0,48,Federico Cassa,SUB,0,401862641
Atalanta,2026-03-18,Bayern Munich,away,3-4-2-1,1,57,Marco Sportiello,G,1,401862642
Atalanta,2026-03-18,Bayern Munich,away,3-4-2-1,1,4,Isak Hien,CD,5,401862642
Atalanta,2026-03-18,Bayern Munich,away,3-4-2-1,1,42,Giorgio Scalvini,CD-L,4,401862642
Atalanta,2026-03-18,Bayern Munich,away,3-4-2-1,1,3,Odilon Kossounou,CD-R,6,401862642
Atalanta,2026-03-18,Bayern Munich,away,3-4-2-1,1,13,Éderson,CM-L,8,401862642
Atalanta,2026-03-18,Bayern Munich,away,3-4-2-1,1,8,Mario Pasalic,CM-R,7,401862642
Atalanta,2026-03-18,Bayern Munich,away,3-4-2-1,1,47,Lorenzo Bernasconi,LM,3,401862642
Atalanta,2026-03-18,Bayern Munich,away,3-4-2-1,1,16,Raoul Bellanova,RM,2,401862642
Atalanta,2026-03-18,Bayern Munich,away,3-4-2-1,1,9,Gianluca Scamacca,F,9,401862642
Atalanta,2026-03-18,Bayern Munich,away,3-4-2-1,1,7,Kamaldeen Sulemana,CF-L,11,401862642
Atalanta,2026-03-18,Bayern Munich,away,3-4-2-1,1,17,Charles De Ketelaere,CF-R,10,401862642
Atalanta,2026-03-18,Bayern Munich,away,3-4-2-1,0,69,Honest Ahanor,SUB,0,401862642
Atalanta,2026-03-18,Bayern Munich,away,3-4-2-1,0,29,Marco Carnesecchi,SUB,0,401862642
Atalanta,2026-03-18,Bayern Munich,away,3-4-2-1,0,18,Giacomo Raspadori,SUB,0,401862642
Atalanta,2026-03-18,Bayern Munich,away,3-4-2-1,0,5,Mitchel Bakker,SUB,0,401862642
Atalanta,2026-03-18,Bayern Munich,away,3-4-2-1,0,19,Berat Djimsiti,SUB,0,401862642
Atalanta,2026-03-18,Bayern Munich,away,3-4-2-1,0,59,Nicola Zalewski,SUB,0,401862642
Atalanta,2026-03-18,Bayern Munich,away,3-4-2-1,0,23,Sead Kolasinac,SUB,0,401862642
Atalanta,2026-03-18,Bayern Munich,away,3-4-2-1,0,90,Nikola Krstovic,SUB,0,401862642
Atalanta,2026-03-18,Bayern Munich,away,3-4-2-1,0,10,Lazar Samardzic,SUB,0,401862642
Atalanta,2026-03-18,Bayern Munich,away,3-4-2-1,0,77,Davide Zappacosta,SUB,0,401862642
Atalanta,2026-03-18,Bayern Munich,away,3-4-2-1,0,15,Marten de Roon,SUB,0,401862642
Atalanta,2026-03-18,Bayern Munich,away,3-4-2-1,0,31,Francesco Rossi,SUB,0,401862642
Roma,2025-09-24,Nice,away,3-4-2-1,1,99,Mile Svilar,G,1,757804
Roma,2025-09-24,Nice,away,3-4-2-1,1,23,Gianluca Mancini,CD,5,757804
Roma,2025-09-24,Nice,away,3-4-2-1,1,5,Evan Ndicka,CD-L,4,757804
Roma,2025-09-24,Nice,away,3-4-2-1,1,19,Zeki Çelik,CD-R,6,757804
Roma,2025-09-24,Nice,away,3-4-2-1,1,17,Manu Koné,CM-L,8,757804
Roma,2025-09-24,Nice,away,3-4-2-1,1,8,Neil El Aynaoui,CM-R,7,757804
Roma,2025-09-24,Nice,away,3-4-2-1,1,12,Kostas Tsimikas,LM,3,757804
Roma,2025-09-24,Nice,away,3-4-2-1,1,2,Devyne Rensch,RM,2,757804
Roma,2025-09-24,Nice,away,3-4-2-1,1,9,Artem Dovbyk,F,9,757804
Roma,2025-09-24,Nice,away,3-4-2-1,1,92,Stephan El Shaarawy,CF-L,11,757804
Roma,2025-09-24,Nice,away,3-4-2-1,1,18,Matìas Soulè,CF-R,10,757804
Roma,2025-09-24,Nice,away,3-4-2-1,0,11,Evan Ferguson,SUB,0,757804
Roma,2025-09-24,Nice,away,3-4-2-1,0,70,Giorgio De Marzi,SUB,0,757804
Roma,2025-09-24,Nice,away,3-4-2-1,0,3,Angeliño,SUB,0,757804
Roma,2025-09-24,Nice,away,3-4-2-1,0,95,Pierluigi Gollini,SUB,0,757804
Roma,2025-09-24,Nice,away,3-4-2-1,0,22,Mario Hermoso,SUB,0,757804
Roma,2025-09-24,Nice,away,3-4-2-1,0,7,Lorenzo Pellegrini,SUB,0,757804
Roma,2025-09-24,Nice,away,3-4-2-1,0,4,Bryan Cristante,SUB,0,757804
Roma,2025-09-24,Nice,away,3-4-2-1,0,61,Niccolò Pisilli,SUB,0,757804
Roma,2025-09-24,Nice,away,3-4-2-1,0,87,Daniele Ghilardi,SUB,0,757804
Roma,2025-09-24,Nice,away,3-4-2-1,0,43,Wesley,SUB,0,757804
Bologna,2025-09-25,Aston Villa,away,4-2-2-2,1,1,Lukasz Skorupski,G,1,757808
Bologna,2025-09-25,Aston Villa,away,4-2-2-2,1,26,Jhon Lucumí,CD-L,6,757808
Bologna,2025-09-25,Aston Villa,away,4-2-2-2,1,41,Martin Vitík,CD-R,5,757808
Bologna,2025-09-25,Aston Villa,away,4-2-2-2,1,22,Charalampos Lykogiannis,LB,3,757808
Bologna,2025-09-25,Aston Villa,away,4-2-2-2,1,20,Nadir Zortea,RB,2,757808
Bologna,2025-09-25,Aston Villa,away,4-2-2-2,1,8,Remo Freuler,CM-L,8,757808
Bologna,2025-09-25,Aston Villa,away,4-2-2-2,1,19,Lewis Ferguson,CM-R,4,757808
Bologna,2025-09-25,Aston Villa,away,4-2-2-2,1,21,Jens Odgaard,CF-L,9,757808
Bologna,2025-09-25,Aston Villa,away,4-2-2-2,1,9,Santiago Castro,CF-R,10,757808
Bologna,2025-09-25,Aston Villa,away,4-2-2-2,1,28,Nicolò Cambiaghi,AM-L,11,757808
Bologna,2025-09-25,Aston Villa,away,4-2-2-2,1,10,Federico Bernardeschi,AM-R,7,757808
Bologna,2025-09-25,Aston Villa,away,4-2-2-2,0,14,Torbjørn Heggem,SUB,0,757808
Bologna,2025-09-25,Aston Villa,away,4-2-2-2,0,33,Juan Miranda,SUB,0,757808
Bologna,2025-09-25,Aston Villa,away,4-2-2-2,0,13,Federico Ravaglia,SUB,0,757808
Bologna,2025-09-25,Aston Villa,away,4-2-2-2,0,6,Nikola Moro,SUB,0,757808
Bologna,2025-09-25,Aston Villa,away,4-2-2-2,0,2,Emil Holm,SUB,0,757808
Bologna,2025-09-25,Aston Villa,away,4-2-2-2,0,11,Jon Rowe,SUB,0,757808
Bologna,2025-09-25,Aston Villa,away,4-2-2-2,0,80,Giovanni Fabbian,SUB,0,757808
Bologna,2025-09-25,Aston Villa,away,4-2-2-2,0,25,Massimo Pessina,SUB,0,757808
Bologna,2025-09-25,Aston Villa,away,4-2-2-2,0,24,Thijs Dallinga,SUB,0,757808
Bologna,2025-09-25,Aston Villa,away,4-2-2-2,0,7,Riccardo Orsolini,SUB,0,757808
Roma,2025-10-02,Lille,home,3-4-1-2,1,99,Mile Svilar,G,1,757820
Roma,2025-10-02,Lille,home,3-4-1-2,1,5,Evan Ndicka,CD,5,757820
Roma,2025-10-02,Lille,home,3-4-1-2,1,22,Mario Hermoso,CD-L,4,757820
Roma,2025-10-02,Lille,home,3-4-1-2,1,19,Zeki Çelik,CD-R,6,757820
Roma,2025-10-02,Lille,home,3-4-1-2,1,8,Neil El Aynaoui,CM-L,8,757820
Roma,2025-10-02,Lille,home,3-4-1-2,1,4,Bryan Cristante,CM-R,7,757820
Roma,2025-10-02,Lille,home,3-4-1-2,1,7,Lorenzo Pellegrini,AM,9,757820
Roma,2025-10-02,Lille,home,3-4-1-2,1,12,Kostas Tsimikas,LM,3,757820
Roma,2025-10-02,Lille,home,3-4-1-2,1,43,Wesley,RM,2,757820
Roma,2025-10-02,Lille,home,3-4-1-2,1,11,Evan Ferguson,CF-L,11,757820
Roma,2025-10-02,Lille,home,3-4-1-2,1,18,Matìas Soulè,CF-R,10,757820
Roma,2025-10-02,Lille,home,3-4-1-2,0,24,Jan Ziólkowski,SUB,0,757820
Roma,2025-10-02,Lille,home,3-4-1-2,0,2,Devyne Rensch,SUB,0,757820
Roma,2025-10-02,Lille,home,3-4-1-2,0,73,Alessio Marcaccini,SUB,0,757820
Roma,2025-10-02,Lille,home,3-4-1-2,0,9,Artem Dovbyk,SUB,0,757820
Roma,2025-10-02,Lille,home,3-4-1-2,0,3,Angeliño,SUB,0,757820
Roma,2025-10-02,Lille,home,3-4-1-2,0,61,Niccolò Pisilli,SUB,0,757820
Roma,2025-10-02,Lille,home,3-4-1-2,0,23,Gianluca Mancini,SUB,0,757820
Roma,2025-10-02,Lille,home,3-4-1-2,0,92,Stephan El Shaarawy,SUB,0,757820
Roma,2025-10-02,Lille,home,3-4-1-2,0,17,Manu Koné,SUB,0,757820
Roma,2025-10-02,Lille,home,3-4-1-2,0,95,Pierluigi Gollini,SUB,0,757820
Roma,2025-10-02,Lille,home,3-4-1-2,0,87,Daniele Ghilardi,SUB,0,757820
Bologna,2025-10-02,SC Freiburg,home,4-2-3-1,1,1,Lukasz Skorupski,G,1,757822
Bologna,2025-10-02,SC Freiburg,home,4-2-3-1,1,26,Jhon Lucumí,CD-L,6,757822
Bologna,2025-10-02,SC Freiburg,home,4-2-3-1,1,41,Martin Vitík,CD-R,5,757822
Bologna,2025-10-02,SC Freiburg,home,4-2-3-1,1,22,Charalampos Lykogiannis,LB,3,757822
Bologna,2025-10-02,SC Freiburg,home,4-2-3-1,1,2,Emil Holm,RB,2,757822
Bologna,2025-10-02,SC Freiburg,home,4-2-3-1,1,21,Jens Odgaard,AM,10,757822
Bologna,2025-10-02,SC Freiburg,home,4-2-3-1,1,19,Lewis Ferguson,LM,4,757822
Bologna,2025-10-02,SC Freiburg,home,4-2-3-1,1,8,Remo Freuler,RM,8,757822
Bologna,2025-10-02,SC Freiburg,home,4-2-3-1,1,9,Santiago Castro,F,9,757822
Bologna,2025-10-02,SC Freiburg,home,4-2-3-1,1,28,Nicolò Cambiaghi,AM-L,11,757822
Bologna,2025-10-02,SC Freiburg,home,4-2-3-1,1,7,Riccardo Orsolini,AM-R,7,757822
Bologna,2025-10-02,SC Freiburg,home,4-2-3-1,0,25,Massimo Pessina,SUB,0,757822
Bologna,2025-10-02,SC Freiburg,home,4-2-3-1,0,11,Jon Rowe,SUB,0,757822
Bologna,2025-10-02,SC Freiburg,home,4-2-3-1,0,10,Federico Bernardeschi,SUB,0,757822
Bologna,2025-10-02,SC Freiburg,home,4-2-3-1,0,6,Nikola Moro,SUB,0,757822
Bologna,2025-10-02,SC Freiburg,home,4-2-3-1,0,14,Torbjørn Heggem,SUB,0,757822
Bologna,2025-10-02,SC Freiburg,home,4-2-3-1,0,33,Juan Miranda,SUB,0,757822
Bologna,2025-10-02,SC Freiburg,home,4-2-3-1,0,13,Federico Ravaglia,SUB,0,757822
Bologna,2025-10-02,SC Freiburg,home,4-2-3-1,0,20,Nadir Zortea,SUB,0,757822
Bologna,2025-10-02,SC Freiburg,home,4-2-3-1,0,4,Tommaso Pobega,SUB,0,757822
Bologna,2025-10-02,SC Freiburg,home,4-2-3-1,0,80,Giovanni Fabbian,SUB,0,757822
Bologna,2025-10-02,SC Freiburg,home,4-2-3-1,0,24,Thijs Dallinga,SUB,0,757822
Bologna,2025-10-02,SC Freiburg,home,4-2-3-1,0,16,Nicolo Casale,SUB,0,757822
Bologna,2025-10-23,FCSB,away,4-2-3-1,1,1,Lukasz Skorupski,G,1,757840
Bologna,2025-10-23,FCSB,away,4-2-3-1,1,26,Jhon Lucumí,CD-L,6,757840
Bologna,2025-10-23,FCSB,away,4-2-3-1,1,14,Torbjørn Heggem,CD-R,5,757840
Bologna,2025-10-23,FCSB,away,4-2-3-1,1,22,Charalampos Lykogiannis,LB,3,757840
Bologna,2025-10-23,FCSB,away,4-2-3-1,1,20,Nadir Zortea,RB,2,757840
Bologna,2025-10-23,FCSB,away,4-2-3-1,1,21,Jens Odgaard,AM,10,757840
Bologna,2025-10-23,FCSB,away,4-2-3-1,1,6,Nikola Moro,LM,4,757840
Bologna,2025-10-23,FCSB,away,4-2-3-1,1,8,Remo Freuler,RM,8,757840
Bologna,2025-10-23,FCSB,away,4-2-3-1,1,24,Thijs Dallinga,F,9,757840
Bologna,2025-10-23,FCSB,away,4-2-3-1,1,11,Jon Rowe,AM-L,11,757840
Bologna,2025-10-23,FCSB,away,4-2-3-1,1,7,Riccardo Orsolini,AM-R,7,757840
Bologna,2025-10-23,FCSB,away,4-2-3-1,0,25,Massimo Pessina,SUB,0,757840
Bologna,2025-10-23,FCSB,away,4-2-3-1,0,80,Giovanni Fabbian,SUB,0,757840
Bologna,2025-10-23,FCSB,away,4-2-3-1,0,28,Nicolò Cambiaghi,SUB,0,757840
Bologna,2025-10-23,FCSB,away,4-2-3-1,0,4,Tommaso Pobega,SUB,0,757840
Bologna,2025-10-23,FCSB,away,4-2-3-1,0,41,Martin Vitík,SUB,0,757840
Bologna,2025-10-23,FCSB,away,4-2-3-1,0,19,Lewis Ferguson,SUB,0,757840
Bologna,2025-10-23,FCSB,away,4-2-3-1,0,13,Federico Ravaglia,SUB,0,757840
Bologna,2025-10-23,FCSB,away,4-2-3-1,0,10,Federico Bernardeschi,SUB,0,757840
Bologna,2025-10-23,FCSB,away,4-2-3-1,0,2,Emil Holm,SUB,0,757840
Bologna,2025-10-23,FCSB,away,4-2-3-1,0,16,Nicolo Casale,SUB,0,757840
Bologna,2025-10-23,FCSB,away,4-2-3-1,0,9,Santiago Castro,SUB,0,757840
Bologna,2025-10-23,FCSB,away,4-2-3-1,0,33,Juan Miranda,SUB,0,757840
Roma,2025-10-23,Viktoria Plzen,home,3-4-2-1,1,99,Mile Svilar,G,1,757843
Roma,2025-10-23,Viktoria Plzen,home,3-4-2-1,1,23,Gianluca Mancini,CD,5,757843
Roma,2025-10-23,Viktoria Plzen,home,3-4-2-1,1,22,Mario Hermoso,CD-L,4,757843
Roma,2025-10-23,Viktoria Plzen,home,3-4-2-1,1,24,Jan Ziólkowski,CD-R,6,757843
Roma,2025-10-23,Viktoria Plzen,home,3-4-2-1,1,17,Manu Koné,CM-L,8,757843
Roma,2025-10-23,Viktoria Plzen,home,3-4-2-1,1,8,Neil El Aynaoui,CM-R,7,757843
Roma,2025-10-23,Viktoria Plzen,home,3-4-2-1,1,43,Wesley,LM,3,757843
Roma,2025-10-23,Viktoria Plzen,home,3-4-2-1,1,19,Zeki Çelik,RM,2,757843
Roma,2025-10-23,Viktoria Plzen,home,3-4-2-1,1,9,Artem Dovbyk,F,9,757843
Roma,2025-10-23,Viktoria Plzen,home,3-4-2-1,1,18,Matìas Soulè,CF-L,11,757843
Roma,2025-10-23,Viktoria Plzen,home,3-4-2-1,1,21,Paulo Dybala,CF-R,10,757843
Roma,2025-10-23,Viktoria Plzen,home,3-4-2-1,0,7,Lorenzo Pellegrini,SUB,0,757843
Roma,2025-10-23,Viktoria Plzen,home,3-4-2-1,0,95,Pierluigi Gollini,SUB,0,757843
Roma,2025-10-23,Viktoria Plzen,home,3-4-2-1,0,87,Daniele Ghilardi,SUB,0,757843
Roma,2025-10-23,Viktoria Plzen,home,3-4-2-1,0,31,Leon Bailey,SUB,0,757843
Roma,2025-10-23,Viktoria Plzen,home,3-4-2-1,0,4,Bryan Cristante,SUB,0,757843
Roma,2025-10-23,Viktoria Plzen,home,3-4-2-1,0,11,Evan Ferguson,SUB,0,757843
Roma,2025-10-23,Viktoria Plzen,home,3-4-2-1,0,92,Stephan El Shaarawy,SUB,0,757843
Roma,2025-10-23,Viktoria Plzen,home,3-4-2-1,0,5,Evan Ndicka,SUB,0,757843
Roma,2025-10-23,Viktoria Plzen,home,3-4-2-1,0,70,Giorgio De Marzi,SUB,0,757843
Roma,2025-10-23,Viktoria Plzen,home,3-4-2-1,0,61,Niccolò Pisilli,SUB,0,757843
Roma,2025-10-23,Viktoria Plzen,home,3-4-2-1,0,2,Devyne Rensch,SUB,0,757843
Roma,2025-10-23,Viktoria Plzen,home,3-4-2-1,0,12,Kostas Tsimikas,SUB,0,757843
Bologna,2025-11-06,SK Brann,home,4-2-3-1,1,1,Lukasz Skorupski,G,1,757862
Bologna,2025-11-06,SK Brann,home,4-2-3-1,1,26,Jhon Lucumí,CD-L,6,757862
Bologna,2025-11-06,SK Brann,home,4-2-3-1,1,14,Torbjørn Heggem,CD-R,5,757862
Bologna,2025-11-06,SK Brann,home,4-2-3-1,1,22,Charalampos Lykogiannis,LB,3,757862
Bologna,2025-11-06,SK Brann,home,4-2-3-1,1,2,Emil Holm,RB,2,757862
Bologna,2025-11-06,SK Brann,home,4-2-3-1,1,80,Giovanni Fabbian,AM,10,757862
Bologna,2025-11-06,SK Brann,home,4-2-3-1,1,19,Lewis Ferguson,LM,4,757862
Bologna,2025-11-06,SK Brann,home,4-2-3-1,1,6,Nikola Moro,RM,8,757862
Bologna,2025-11-06,SK Brann,home,4-2-3-1,1,9,Santiago Castro,F,9,757862
Bologna,2025-11-06,SK Brann,home,4-2-3-1,1,28,Nicolò Cambiaghi,AM-L,11,757862
Bologna,2025-11-06,SK Brann,home,4-2-3-1,1,10,Federico Bernardeschi,AM-R,7,757862
Bologna,2025-11-06,SK Brann,home,4-2-3-1,0,41,Martin Vitík,SUB,0,757862
Bologna,2025-11-06,SK Brann,home,4-2-3-1,0,21,Jens Odgaard,SUB,0,757862
Bologna,2025-11-06,SK Brann,home,4-2-3-1,0,7,Riccardo Orsolini,SUB,0,757862
Bologna,2025-11-06,SK Brann,home,4-2-3-1,0,4,Tommaso Pobega,SUB,0,757862
Bologna,2025-11-06,SK Brann,home,4-2-3-1,0,13,Federico Ravaglia,SUB,0,757862
Bologna,2025-11-06,SK Brann,home,4-2-3-1,0,25,Massimo Pessina,SUB,0,757862
Bologna,2025-11-06,SK Brann,home,4-2-3-1,0,20,Nadir Zortea,SUB,0,757862
Bologna,2025-11-06,SK Brann,home,4-2-3-1,0,24,Thijs Dallinga,SUB,0,757862
Bologna,2025-11-06,SK Brann,home,4-2-3-1,0,33,Juan Miranda,SUB,0,757862
Bologna,2025-11-06,SK Brann,home,4-2-3-1,0,16,Nicolo Casale,SUB,0,757862
Bologna,2025-11-06,SK Brann,home,4-2-3-1,0,11,Jon Rowe,SUB,0,757862
Roma,2025-11-06,Rangers,away,3-4-2-1,1,99,Mile Svilar,G,1,757865
Roma,2025-11-06,Rangers,away,3-4-2-1,1,5,Evan Ndicka,CD,5,757865
Roma,2025-11-06,Rangers,away,3-4-2-1,1,22,Mario Hermoso,CD-L,4,757865
Roma,2025-11-06,Rangers,away,3-4-2-1,1,23,Gianluca Mancini,CD-R,6,757865
Roma,2025-11-06,Rangers,away,3-4-2-1,1,8,Neil El Aynaoui,CM-L,8,757865
Roma,2025-11-06,Rangers,away,3-4-2-1,1,4,Bryan Cristante,CM-R,7,757865
Roma,2025-11-06,Rangers,away,3-4-2-1,1,12,Kostas Tsimikas,LM,3,757865
Roma,2025-11-06,Rangers,away,3-4-2-1,1,19,Zeki Çelik,RM,2,757865
Roma,2025-11-06,Rangers,away,3-4-2-1,1,9,Artem Dovbyk,F,9,757865
Roma,2025-11-06,Rangers,away,3-4-2-1,1,7,Lorenzo Pellegrini,CF-L,11,757865
Roma,2025-11-06,Rangers,away,3-4-2-1,1,18,Matìas Soulè,CF-R,10,757865
Roma,2025-11-06,Rangers,away,3-4-2-1,0,24,Jan Ziólkowski,SUB,0,757865
Roma,2025-11-06,Rangers,away,3-4-2-1,0,95,Pierluigi Gollini,SUB,0,757865
Roma,2025-11-06,Rangers,away,3-4-2-1,0,61,Niccolò Pisilli,SUB,0,757865
Roma,2025-11-06,Rangers,away,3-4-2-1,0,43,Wesley,SUB,0,757865
Roma,2025-11-06,Rangers,away,3-4-2-1,0,60,Alessandro Romano,SUB,0,757865
Roma,2025-11-06,Rangers,away,3-4-2-1,0,87,Daniele Ghilardi,SUB,0,757865
Roma,2025-11-06,Rangers,away,3-4-2-1,0,92,Stephan El Shaarawy,SUB,0,757865
Roma,2025-11-06,Rangers,away,3-4-2-1,0,70,Giorgio De Marzi,SUB,0,757865
Roma,2025-11-06,Rangers,away,3-4-2-1,0,2,Devyne Rensch,SUB,0,757865
Roma,2025-11-06,Rangers,away,3-4-2-1,0,17,Manu Koné,SUB,0,757865
Roma,2025-11-27,FC Midtjylland,home,3-4-2-1,1,99,Mile Svilar,G,1,757876
Roma,2025-11-27,FC Midtjylland,home,3-4-2-1,1,5,Evan Ndicka,CD,5,757876
Roma,2025-11-27,FC Midtjylland,home,3-4-2-1,1,23,Gianluca Mancini,CD-L,4,757876
Roma,2025-11-27,FC Midtjylland,home,3-4-2-1,1,87,Daniele Ghilardi,CD-R,6,757876
Roma,2025-11-27,FC Midtjylland,home,3-4-2-1,1,17,Manu Koné,CM-L,8,757876
Roma,2025-11-27,FC Midtjylland,home,3-4-2-1,1,8,Neil El Aynaoui,CM-R,7,757876
Roma,2025-11-27,FC Midtjylland,home,3-4-2-1,1,43,Wesley,LM,3,757876
Roma,2025-11-27,FC Midtjylland,home,3-4-2-1,1,19,Zeki Çelik,RM,2,757876
Roma,2025-11-27,FC Midtjylland,home,3-4-2-1,1,21,Paulo Dybala,F,9,757876
Roma,2025-11-27,FC Midtjylland,home,3-4-2-1,1,7,Lorenzo Pellegrini,CF-L,11,757876
Roma,2025-11-27,FC Midtjylland,home,3-4-2-1,1,18,Matìas Soulè,CF-R,10,757876
Roma,2025-11-27,FC Midtjylland,home,3-4-2-1,0,11,Evan Ferguson,SUB,0,757876
Roma,2025-11-27,FC Midtjylland,home,3-4-2-1,0,61,Niccolò Pisilli,SUB,0,757876
Roma,2025-11-27,FC Midtjylland,home,3-4-2-1,0,70,Giorgio De Marzi,SUB,0,757876
Roma,2025-11-27,FC Midtjylland,home,3-4-2-1,0,24,Jan Ziólkowski,SUB,0,757876
Roma,2025-11-27,FC Midtjylland,home,3-4-2-1,0,4,Bryan Cristante,SUB,0,757876
Roma,2025-11-27,FC Midtjylland,home,3-4-2-1,0,92,Stephan El Shaarawy,SUB,0,757876
Roma,2025-11-27,FC Midtjylland,home,3-4-2-1,0,31,Leon Bailey,SUB,0,757876
Roma,2025-11-27,FC Midtjylland,home,3-4-2-1,0,22,Mario Hermoso,SUB,0,757876
Roma,2025-11-27,FC Midtjylland,home,3-4-2-1,0,2,Devyne Rensch,SUB,0,757876
Roma,2025-11-27,FC Midtjylland,home,3-4-2-1,0,12,Kostas Tsimikas,SUB,0,757876
Roma,2025-11-27,FC Midtjylland,home,3-4-2-1,0,95,Pierluigi Gollini,SUB,0,757876
Bologna,2025-11-27,RB Salzburg,home,4-2-3-1,1,13,Federico Ravaglia,G,1,757886
Bologna,2025-11-27,RB Salzburg,home,4-2-3-1,1,26,Jhon Lucumí,CD-L,6,757886
Bologna,2025-11-27,RB Salzburg,home,4-2-3-1,1,14,Torbjørn Heggem,CD-R,5,757886
Bologna,2025-11-27,RB Salzburg,home,4-2-3-1,1,33,Juan Miranda,LB,3,757886
Bologna,2025-11-27,RB Salzburg,home,4-2-3-1,1,20,Nadir Zortea,RB,2,757886
Bologna,2025-11-27,RB Salzburg,home,4-2-3-1,1,21,Jens Odgaard,AM,10,757886
Bologna,2025-11-27,RB Salzburg,home,4-2-3-1,1,4,Tommaso Pobega,LM,4,757886
Bologna,2025-11-27,RB Salzburg,home,4-2-3-1,1,19,Lewis Ferguson,RM,8,757886
Bologna,2025-11-27,RB Salzburg,home,4-2-3-1,1,24,Thijs Dallinga,F,9,757886
Bologna,2025-11-27,RB Salzburg,home,4-2-3-1,1,10,Federico Bernardeschi,AM-L,11,757886
Bologna,2025-11-27,RB Salzburg,home,4-2-3-1,1,7,Riccardo Orsolini,AM-R,7,757886
Bologna,2025-11-27,RB Salzburg,home,4-2-3-1,0,82,Matteo Franceschelli,SUB,0,757886
Bologna,2025-11-27,RB Salzburg,home,4-2-3-1,0,25,Massimo Pessina,SUB,0,757886
Bologna,2025-11-27,RB Salzburg,home,4-2-3-1,0,30,Benjamín Domínguez,SUB,0,757886
Bologna,2025-11-27,RB Salzburg,home,4-2-3-1,0,9,Santiago Castro,SUB,0,757886
Bologna,2025-11-27,RB Salzburg,home,4-2-3-1,0,16,Nicolo Casale,SUB,0,757886
Bologna,2025-11-27,RB Salzburg,home,4-2-3-1,0,6,Nikola Moro,SUB,0,757886
Bologna,2025-11-27,RB Salzburg,home,4-2-3-1,0,80,Giovanni Fabbian,SUB,0,757886
Bologna,2025-11-27,RB Salzburg,home,4-2-3-1,0,41,Martin Vitík,SUB,0,757886
Bologna,2025-11-27,RB Salzburg,home,4-2-3-1,0,2,Emil Holm,SUB,0,757886
Bologna,2025-12-11,Celta Vigo,away,4-2-3-1,1,13,Federico Ravaglia,G,1,757901
Bologna,2025-12-11,Celta Vigo,away,4-2-3-1,1,22,Charalampos Lykogiannis,CD-L,6,757901
Bologna,2025-12-11,Celta Vigo,away,4-2-3-1,1,14,Torbjørn Heggem,CD-R,5,757901
Bologna,2025-12-11,Celta Vigo,away,4-2-3-1,1,33,Juan Miranda,LB,3,757901
Bologna,2025-12-11,Celta Vigo,away,4-2-3-1,1,2,Emil Holm,RB,2,757901
Bologna,2025-12-11,Celta Vigo,away,4-2-3-1,1,80,Giovanni Fabbian,AM,10,757901
Bologna,2025-12-11,Celta Vigo,away,4-2-3-1,1,4,Tommaso Pobega,LM,4,757901
Bologna,2025-12-11,Celta Vigo,away,4-2-3-1,1,6,Nikola Moro,RM,8,757901
Bologna,2025-12-11,Celta Vigo,away,4-2-3-1,1,9,Santiago Castro,F,9,757901
Bologna,2025-12-11,Celta Vigo,away,4-2-3-1,1,11,Jon Rowe,AM-L,11,757901
Bologna,2025-12-11,Celta Vigo,away,4-2-3-1,1,10,Federico Bernardeschi,AM-R,7,757901
Bologna,2025-12-11,Celta Vigo,away,4-2-3-1,0,28,Nicolò Cambiaghi,SUB,0,757901
Bologna,2025-12-11,Celta Vigo,away,4-2-3-1,0,25,Massimo Pessina,SUB,0,757901
Bologna,2025-12-11,Celta Vigo,away,4-2-3-1,0,24,Thijs Dallinga,SUB,0,757901
Bologna,2025-12-11,Celta Vigo,away,4-2-3-1,0,20,Nadir Zortea,SUB,0,757901
Bologna,2025-12-11,Celta Vigo,away,4-2-3-1,0,7,Riccardo Orsolini,SUB,0,757901
Bologna,2025-12-11,Celta Vigo,away,4-2-3-1,0,26,Jhon Lucumí,SUB,0,757901
Bologna,2025-12-11,Celta Vigo,away,4-2-3-1,0,82,Matteo Franceschelli,SUB,0,757901
Bologna,2025-12-11,Celta Vigo,away,4-2-3-1,0,30,Benjamín Domínguez,SUB,0,757901
Bologna,2025-12-11,Celta Vigo,away,4-2-3-1,0,21,Jens Odgaard,SUB,0,757901
Bologna,2025-12-11,Celta Vigo,away,4-2-3-1,0,19,Lewis Ferguson,SUB,0,757901
Roma,2025-12-11,Celtic,away,3-4-2-1,1,99,Mile Svilar,G,1,757902
Roma,2025-12-11,Celtic,away,3-4-2-1,1,5,Evan Ndicka,CD,5,757902
Roma,2025-12-11,Celtic,away,3-4-2-1,1,22,Mario Hermoso,CD-L,4,757902
Roma,2025-12-11,Celtic,away,3-4-2-1,1,23,Gianluca Mancini,CD-R,6,757902
Roma,2025-12-11,Celtic,away,3-4-2-1,1,61,Niccolò Pisilli,CM-L,8,757902
Roma,2025-12-11,Celtic,away,3-4-2-1,1,8,Neil El Aynaoui,CM-R,7,757902
Roma,2025-12-11,Celtic,away,3-4-2-1,1,2,Devyne Rensch,LM,3,757902
Roma,2025-12-11,Celtic,away,3-4-2-1,1,19,Zeki Çelik,RM,2,757902
Roma,2025-12-11,Celtic,away,3-4-2-1,1,11,Evan Ferguson,F,9,757902
Roma,2025-12-11,Celtic,away,3-4-2-1,1,92,Stephan El Shaarawy,CF-L,11,757902
Roma,2025-12-11,Celtic,away,3-4-2-1,1,18,Matìas Soulè,CF-R,10,757902
Roma,2025-12-11,Celtic,away,3-4-2-1,0,4,Bryan Cristante,SUB,0,757902
Roma,2025-12-11,Celtic,away,3-4-2-1,0,43,Wesley,SUB,0,757902
Roma,2025-12-11,Celtic,away,3-4-2-1,0,7,Lorenzo Pellegrini,SUB,0,757902
Roma,2025-12-11,Celtic,away,3-4-2-1,0,31,Leon Bailey,SUB,0,757902
Roma,2025-12-11,Celtic,away,3-4-2-1,0,95,Pierluigi Gollini,SUB,0,757902
Roma,2025-12-11,Celtic,away,3-4-2-1,0,17,Manu Koné,SUB,0,757902
Roma,2025-12-11,Celtic,away,3-4-2-1,0,21,Paulo Dybala,SUB,0,757902
Roma,2025-12-11,Celtic,away,3-4-2-1,0,70,Giorgio De Marzi,SUB,0,757902
Roma,2025-12-11,Celtic,away,3-4-2-1,0,24,Jan Ziólkowski,SUB,0,757902
Roma,2025-12-11,Celtic,away,3-4-2-1,0,12,Kostas Tsimikas,SUB,0,757902
Roma,2025-12-11,Celtic,away,3-4-2-1,0,3,Angeliño,SUB,0,757902
Roma,2025-12-11,Celtic,away,3-4-2-1,0,87,Daniele Ghilardi,SUB,0,757902
Bologna,2026-01-22,Celtic,home,4-3-3,1,1,Lukasz Skorupski,G,1,757913
Bologna,2026-01-22,Celtic,home,4-3-3,1,14,Torbjørn Heggem,CD-L,6,757913
Bologna,2026-01-22,Celtic,home,4-3-3,1,16,Nicolo Casale,CD-R,5,757913
Bologna,2026-01-22,Celtic,home,4-3-3,1,33,Juan Miranda,LB,3,757913
Bologna,2026-01-22,Celtic,home,4-3-3,1,20,Nadir Zortea,RB,2,757913
Bologna,2026-01-22,Celtic,home,4-3-3,1,6,Nikola Moro,CM,4,757913
Bologna,2026-01-22,Celtic,home,4-3-3,1,4,Tommaso Pobega,LM,8,757913
Bologna,2026-01-22,Celtic,home,4-3-3,1,19,Lewis Ferguson,RM,7,757913
Bologna,2026-01-22,Celtic,home,4-3-3,1,24,Thijs Dallinga,F,9,757913
Bologna,2026-01-22,Celtic,home,4-3-3,1,30,Benjamín Domínguez,LF,11,757913
Bologna,2026-01-22,Celtic,home,4-3-3,1,11,Jon Rowe,RF,10,757913
Bologna,2026-01-22,Celtic,home,4-3-3,0,2,Emil Holm,SUB,0,757913
Bologna,2026-01-22,Celtic,home,4-3-3,0,21,Jens Odgaard,SUB,0,757913
Bologna,2026-01-22,Celtic,home,4-3-3,0,7,Riccardo Orsolini,SUB,0,757913
Bologna,2026-01-22,Celtic,home,4-3-3,0,74,Simone Negri,SUB,0,757913
Bologna,2026-01-22,Celtic,home,4-3-3,0,22,Charalampos Lykogiannis,SUB,0,757913
Bologna,2026-01-22,Celtic,home,4-3-3,0,70,Davide Baroncioni,SUB,0,757913
Bologna,2026-01-22,Celtic,home,4-3-3,0,73,Francesco Castaldo,SUB,0,757913
Bologna,2026-01-22,Celtic,home,4-3-3,0,13,Federico Ravaglia,SUB,0,757913
Bologna,2026-01-22,Celtic,home,4-3-3,0,71,Luca Lai,SUB,0,757913
Bologna,2026-01-22,Celtic,home,4-3-3,0,41,Martin Vitík,SUB,0,757913
Bologna,2026-01-22,Celtic,home,4-3-3,0,28,Nicolò Cambiaghi,SUB,0,757913
Bologna,2026-01-22,Celtic,home,4-3-3,0,25,Massimo Pessina,SUB,0,757913
Roma,2026-01-22,VfB Stuttgart,home,3-4-2-1,1,99,Mile Svilar,G,1,757920
Roma,2026-01-22,VfB Stuttgart,home,3-4-2-1,1,24,Jan Ziólkowski,CD,5,757920
Roma,2026-01-22,VfB Stuttgart,home,3-4-2-1,1,87,Daniele Ghilardi,CD-L,4,757920
Roma,2026-01-22,VfB Stuttgart,home,3-4-2-1,1,19,Zeki Çelik,CD-R,6,757920
Roma,2026-01-22,VfB Stuttgart,home,3-4-2-1,1,17,Manu Koné,CM-L,8,757920
Roma,2026-01-22,VfB Stuttgart,home,3-4-2-1,1,61,Niccolò Pisilli,CM-R,7,757920
Roma,2026-01-22,VfB Stuttgart,home,3-4-2-1,1,12,Kostas Tsimikas,LM,3,757920
Roma,2026-01-22,VfB Stuttgart,home,3-4-2-1,1,2,Devyne Rensch,RM,2,757920
Roma,2026-01-22,VfB Stuttgart,home,3-4-2-1,1,11,Evan Ferguson,F,9,757920
Roma,2026-01-22,VfB Stuttgart,home,3-4-2-1,1,7,Lorenzo Pellegrini,CF-L,11,757920
Roma,2026-01-22,VfB Stuttgart,home,3-4-2-1,1,18,Matìas Soulè,CF-R,10,757920
Roma,2026-01-22,VfB Stuttgart,home,3-4-2-1,0,70,Giorgio De Marzi,SUB,0,757920
Roma,2026-01-22,VfB Stuttgart,home,3-4-2-1,0,77,Emanuele Lulli,SUB,0,757920
Roma,2026-01-22,VfB Stuttgart,home,3-4-2-1,0,21,Paulo Dybala,SUB,0,757920
Roma,2026-01-22,VfB Stuttgart,home,3-4-2-1,0,23,Gianluca Mancini,SUB,0,757920
Roma,2026-01-22,VfB Stuttgart,home,3-4-2-1,0,4,Bryan Cristante,SUB,0,757920
Roma,2026-01-22,VfB Stuttgart,home,3-4-2-1,0,79,Edoardo Morucci,SUB,0,757920
Roma,2026-01-22,VfB Stuttgart,home,3-4-2-1,0,95,Pierluigi Gollini,SUB,0,757920
Roma,2026-01-22,VfB Stuttgart,home,3-4-2-1,0,43,Wesley,SUB,0,757920
Roma,2026-01-22,VfB Stuttgart,home,3-4-2-1,0,5,Evan Ndicka,SUB,0,757920
Bologna,2026-01-29,Maccabi Tel-Aviv,away,4-3-3,1,1,Lukasz Skorupski,G,1,757926
Bologna,2026-01-29,Maccabi Tel-Aviv,away,4-3-3,1,16,Nicolo Casale,CD-L,6,757926
Bologna,2026-01-29,Maccabi Tel-Aviv,away,4-3-3,1,41,Martin Vitík,CD-R,5,757926
Bologna,2026-01-29,Maccabi Tel-Aviv,away,4-3-3,1,33,Juan Miranda,LB,3,757926
Bologna,2026-01-29,Maccabi Tel-Aviv,away,4-3-3,1,20,Nadir Zortea,RB,2,757926
Bologna,2026-01-29,Maccabi Tel-Aviv,away,4-3-3,1,8,Remo Freuler,CM,4,757926
Bologna,2026-01-29,Maccabi Tel-Aviv,away,4-3-3,1,19,Lewis Ferguson,LM,8,757926
Bologna,2026-01-29,Maccabi Tel-Aviv,away,4-3-3,1,6,Nikola Moro,RM,7,757926
Bologna,2026-01-29,Maccabi Tel-Aviv,away,4-3-3,1,9,Santiago Castro,F,9,757926
Bologna,2026-01-29,Maccabi Tel-Aviv,away,4-3-3,1,11,Jon Rowe,LF,11,757926
Bologna,2026-01-29,Maccabi Tel-Aviv,away,4-3-3,1,7,Riccardo Orsolini,RF,10,757926
Bologna,2026-01-29,Maccabi Tel-Aviv,away,4-3-3,0,10,Federico Bernardeschi,SUB,0,757926
Bologna,2026-01-29,Maccabi Tel-Aviv,away,4-3-3,0,25,Massimo Pessina,SUB,0,757926
Bologna,2026-01-29,Maccabi Tel-Aviv,away,4-3-3,0,24,Thijs Dallinga,SUB,0,757926
Bologna,2026-01-29,Maccabi Tel-Aviv,away,4-3-3,0,2,Emil Holm,SUB,0,757926
Bologna,2026-01-29,Maccabi Tel-Aviv,away,4-3-3,0,14,Torbjørn Heggem,SUB,0,757926
Bologna,2026-01-29,Maccabi Tel-Aviv,away,4-3-3,0,13,Federico Ravaglia,SUB,0,757926
Bologna,2026-01-29,Maccabi Tel-Aviv,away,4-3-3,0,22,Charalampos Lykogiannis,SUB,0,757926
Bologna,2026-01-29,Maccabi Tel-Aviv,away,4-3-3,0,28,Nicolò Cambiaghi,SUB,0,757926
Bologna,2026-01-29,Maccabi Tel-Aviv,away,4-3-3,0,21,Jens Odgaard,SUB,0,757926
Bologna,2026-01-29,Maccabi Tel-Aviv,away,4-3-3,0,4,Tommaso Pobega,SUB,0,757926
Roma,2026-01-29,Panathinaikos,away,3-5-2,1,95,Pierluigi Gollini,G,1,757929
Roma,2026-01-29,Panathinaikos,away,3-5-2,1,23,Gianluca Mancini,CD,5,757929
Roma,2026-01-29,Panathinaikos,away,3-5-2,1,24,Jan Ziólkowski,CD-L,4,757929
Roma,2026-01-29,Panathinaikos,away,3-5-2,1,87,Daniele Ghilardi,CD-R,6,757929
Roma,2026-01-29,Panathinaikos,away,3-5-2,1,8,Neil El Aynaoui,CM-L,8,757929
Roma,2026-01-29,Panathinaikos,away,3-5-2,1,61,Niccolò Pisilli,CM-R,7,757929
Roma,2026-01-29,Panathinaikos,away,3-5-2,1,4,Bryan Cristante,AM,11,757929
Roma,2026-01-29,Panathinaikos,away,3-5-2,1,12,Kostas Tsimikas,LM,3,757929
Roma,2026-01-29,Panathinaikos,away,3-5-2,1,19,Zeki Çelik,RM,2,757929
Roma,2026-01-29,Panathinaikos,away,3-5-2,1,7,Lorenzo Pellegrini,CF-L,9,757929
Roma,2026-01-29,Panathinaikos,away,3-5-2,1,18,Matìas Soulè,CF-R,10,757929
Roma,2026-01-29,Panathinaikos,away,3-5-2,0,99,Mile Svilar,SUB,0,757929
Roma,2026-01-29,Panathinaikos,away,3-5-2,0,5,Evan Ndicka,SUB,0,757929
Roma,2026-01-29,Panathinaikos,away,3-5-2,0,75,Mattia Della Rocca,SUB,0,757929
Roma,2026-01-29,Panathinaikos,away,3-5-2,0,70,Giorgio De Marzi,SUB,0,757929
Roma,2026-01-29,Panathinaikos,away,3-5-2,0,2,Devyne Rensch,SUB,0,757929
Roma,2026-01-29,Panathinaikos,away,3-5-2,0,3,Angeliño,SUB,0,757929
Roma,2026-01-29,Panathinaikos,away,3-5-2,0,21,Paulo Dybala,SUB,0,757929
Roma,2026-01-29,Panathinaikos,away,3-5-2,0,43,Wesley,SUB,0,757929
Bologna,2026-02-19,SK Brann,away,4-3-3,1,1,Lukasz Skorupski,G,1,401858770
Bologna,2026-02-19,SK Brann,away,4-3-3,1,26,Jhon Lucumí,CD-L,6,401858770
Bologna,2026-02-19,SK Brann,away,4-3-3,1,41,Martin Vitík,CD-R,5,401858770
Bologna,2026-02-19,SK Brann,away,4-3-3,1,33,Juan Miranda,LB,3,401858770
Bologna,2026-02-19,SK Brann,away,4-3-3,1,20,Nadir Zortea,RB,2,401858770
Bologna,2026-02-19,SK Brann,away,4-3-3,1,8,Remo Freuler,CM,4,401858770
Bologna,2026-02-19,SK Brann,away,4-3-3,1,6,Nikola Moro,LM,8,401858770
Bologna,2026-02-19,SK Brann,away,4-3-3,1,19,Lewis Ferguson,RM,7,401858770
Bologna,2026-02-19,SK Brann,away,4-3-3,1,9,Santiago Castro,F,9,401858770
Bologna,2026-02-19,SK Brann,away,4-3-3,1,28,Nicolò Cambiaghi,LF,11,401858770
Bologna,2026-02-19,SK Brann,away,4-3-3,1,10,Federico Bernardeschi,RF,10,401858770
Bologna,2026-02-19,SK Brann,away,4-3-3,0,7,Riccardo Orsolini,SUB,0,401858770
Bologna,2026-02-19,SK Brann,away,4-3-3,0,24,Thijs Dallinga,SUB,0,401858770
Bologna,2026-02-19,SK Brann,away,4-3-3,0,23,Simon Sohm,SUB,0,401858770
Bologna,2026-02-19,SK Brann,away,4-3-3,0,16,Nicolo Casale,SUB,0,401858770
Bologna,2026-02-19,SK Brann,away,4-3-3,0,21,Jens Odgaard,SUB,0,401858770
Bologna,2026-02-19,SK Brann,away,4-3-3,0,25,Massimo Pessina,SUB,0,401858770
Bologna,2026-02-19,SK Brann,away,4-3-3,0,11,Jon Rowe,SUB,0,401858770
Bologna,2026-02-19,SK Brann,away,4-3-3,0,4,Tommaso Pobega,SUB,0,401858770
Bologna,2026-02-19,SK Brann,away,4-3-3,0,13,Federico Ravaglia,SUB,0,401858770
Bologna,2026-02-19,SK Brann,away,4-3-3,0,17,João Mário,SUB,0,401858770
Bologna,2026-02-19,SK Brann,away,4-3-3,0,14,Torbjørn Heggem,SUB,0,401858770
Bologna,2026-02-19,SK Brann,away,4-3-3,0,30,Benjamín Domínguez,SUB,0,401858770
Bologna,2026-02-26,SK Brann,home,4-3-3,1,1,Lukasz Skorupski,G,1,401858778
Bologna,2026-02-26,SK Brann,home,4-3-3,1,26,Jhon Lucumí,CD-L,6,401858778
Bologna,2026-02-26,SK Brann,home,4-3-3,1,41,Martin Vitík,CD-R,5,401858778
Bologna,2026-02-26,SK Brann,home,4-3-3,1,17,João Mário,LB,3,401858778
Bologna,2026-02-26,SK Brann,home,4-3-3,1,20,Nadir Zortea,RB,2,401858778
Bologna,2026-02-26,SK Brann,home,4-3-3,1,8,Remo Freuler,CM,4,401858778
Bologna,2026-02-26,SK Brann,home,4-3-3,1,6,Nikola Moro,LM,8,401858778
Bologna,2026-02-26,SK Brann,home,4-3-3,1,19,Lewis Ferguson,RM,7,401858778
Bologna,2026-02-26,SK Brann,home,4-3-3,1,9,Santiago Castro,F,9,401858778
Bologna,2026-02-26,SK Brann,home,4-3-3,1,11,Jon Rowe,LF,11,401858778
Bologna,2026-02-26,SK Brann,home,4-3-3,1,10,Federico Bernardeschi,RF,10,401858778
Bologna,2026-02-26,SK Brann,home,4-3-3,0,24,Thijs Dallinga,SUB,0,401858778
Bologna,2026-02-26,SK Brann,home,4-3-3,0,23,Simon Sohm,SUB,0,401858778
Bologna,2026-02-26,SK Brann,home,4-3-3,0,21,Jens Odgaard,SUB,0,401858778
Bologna,2026-02-26,SK Brann,home,4-3-3,0,7,Riccardo Orsolini,SUB,0,401858778
Bologna,2026-02-26,SK Brann,home,4-3-3,0,70,Davide Baroncioni,SUB,0,401858778
Bologna,2026-02-26,SK Brann,home,4-3-3,0,30,Benjamín Domínguez,SUB,0,401858778
Bologna,2026-02-26,SK Brann,home,4-3-3,0,28,Nicolò Cambiaghi,SUB,0,401858778
Bologna,2026-02-26,SK Brann,home,4-3-3,0,14,Torbjørn Heggem,SUB,0,401858778
Bologna,2026-02-26,SK Brann,home,4-3-3,0,13,Federico Ravaglia,SUB,0,401858778
Bologna,2026-02-26,SK Brann,home,4-3-3,0,25,Massimo Pessina,SUB,0,401858778
Bologna,2026-02-26,SK Brann,home,4-3-3,0,16,Nicolo Casale,SUB,0,401858778
Bologna,2026-02-26,SK Brann,home,4-3-3,0,4,Tommaso Pobega,SUB,0,401858778
Bologna,2026-03-12,Roma,home,4-3-3,1,1,Lukasz Skorupski,G,1,401862871
Bologna,2026-03-12,Roma,home,4-3-3,1,26,Jhon Lucumí,CD-L,6,401862871
Bologna,2026-03-12,Roma,home,4-3-3,1,16,Nicolo Casale,CD-R,5,401862871
Bologna,2026-03-12,Roma,home,4-3-3,1,33,Juan Miranda,LB,3,401862871
Bologna,2026-03-12,Roma,home,4-3-3,1,17,João Mário,RB,2,401862871
Bologna,2026-03-12,Roma,home,4-3-3,1,8,Remo Freuler,CM,4,401862871
Bologna,2026-03-12,Roma,home,4-3-3,1,4,Tommaso Pobega,LM,8,401862871
Bologna,2026-03-12,Roma,home,4-3-3,1,19,Lewis Ferguson,RM,7,401862871
Bologna,2026-03-12,Roma,home,4-3-3,1,9,Santiago Castro,F,9,401862871
Bologna,2026-03-12,Roma,home,4-3-3,1,11,Jon Rowe,LF,11,401862871
Bologna,2026-03-12,Roma,home,4-3-3,1,10,Federico Bernardeschi,RF,10,401862871
Bologna,2026-03-12,Roma,home,4-3-3,0,21,Jens Odgaard,SUB,0,401862871
Bologna,2026-03-12,Roma,home,4-3-3,0,23,Simon Sohm,SUB,0,401862871
Bologna,2026-03-12,Roma,home,4-3-3,0,28,Nicolò Cambiaghi,SUB,0,401862871
Bologna,2026-03-12,Roma,home,4-3-3,0,6,Nikola Moro,SUB,0,401862871
Bologna,2026-03-12,Roma,home,4-3-3,0,20,Nadir Zortea,SUB,0,401862871
Bologna,2026-03-12,Roma,home,4-3-3,0,7,Riccardo Orsolini,SUB,0,401862871
Bologna,2026-03-12,Roma,home,4-3-3,0,14,Torbjørn Heggem,SUB,0,401862871
Bologna,2026-03-12,Roma,home,4-3-3,0,24,Thijs Dallinga,SUB,0,401862871
Bologna,2026-03-12,Roma,home,4-3-3,0,30,Benjamín Domínguez,SUB,0,401862871
Bologna,2026-03-12,Roma,home,4-3-3,0,41,Martin Vitík,SUB,0,401862871
Bologna,2026-03-12,Roma,home,4-3-3,0,13,Federico Ravaglia,SUB,0,401862871
Bologna,2026-03-12,Roma,home,4-3-3,0,22,Charalampos Lykogiannis,SUB,0,401862871
Roma,2026-03-12,Bologna,away,3-4-1-2,1,99,Mile Svilar,G,1,401862871
Roma,2026-03-12,Bologna,away,3-4-1-2,1,5,Evan Ndicka,CD,5,401862871
Roma,2026-03-12,Bologna,away,3-4-1-2,1,87,Daniele Ghilardi,CD-L,4,401862871
Roma,2026-03-12,Bologna,away,3-4-1-2,1,19,Zeki Çelik,CD-R,6,401862871
Roma,2026-03-12,Bologna,away,3-4-1-2,1,61,Niccolò Pisilli,CM-L,8,401862871
Roma,2026-03-12,Bologna,away,3-4-1-2,1,8,Neil El Aynaoui,CM-R,7,401862871
Roma,2026-03-12,Bologna,away,3-4-1-2,1,4,Bryan Cristante,AM,9,401862871
Roma,2026-03-12,Bologna,away,3-4-1-2,1,43,Wesley,LM,3,401862871
Roma,2026-03-12,Bologna,away,3-4-1-2,1,2,Devyne Rensch,RM,2,401862871
Roma,2026-03-12,Bologna,away,3-4-1-2,1,14,Donyell Malen,CF-L,11,401862871
Roma,2026-03-12,Bologna,away,3-4-1-2,1,97,Bryan Zaragoza,CF-R,10,401862871
Roma,2026-03-12,Bologna,away,3-4-1-2,0,92,Stephan El Shaarawy,SUB,0,401862871
Roma,2026-03-12,Bologna,away,3-4-1-2,0,78,Robinio Vaz,SUB,0,401862871
Roma,2026-03-12,Bologna,away,3-4-1-2,0,70,Giorgio De Marzi,SUB,0,401862871
Roma,2026-03-12,Bologna,away,3-4-1-2,0,95,Pierluigi Gollini,SUB,0,401862871
Roma,2026-03-12,Bologna,away,3-4-1-2,0,22,Mario Hermoso,SUB,0,401862871
Roma,2026-03-12,Bologna,away,3-4-1-2,0,7,Lorenzo Pellegrini,SUB,0,401862871
Roma,2026-03-12,Bologna,away,3-4-1-2,0,24,Jan Ziólkowski,SUB,0,401862871
Roma,2026-03-12,Bologna,away,3-4-1-2,0,12,Kostas Tsimikas,SUB,0,401862871
Roma,2026-03-19,Bologna,home,3-4-2-1,1,99,Mile Svilar,G,1,401862874
Roma,2026-03-19,Bologna,home,3-4-2-1,1,5,Evan Ndicka,CD,5,401862874
Roma,2026-03-19,Bologna,home,3-4-2-1,1,22,Mario Hermoso,CD-L,4,401862874
Roma,2026-03-19,Bologna,home,3-4-2-1,1,23,Gianluca Mancini,CD-R,6,401862874
Roma,2026-03-19,Bologna,home,3-4-2-1,1,17,Manu Koné,CM-L,8,401862874
Roma,2026-03-19,Bologna,home,3-4-2-1,1,4,Bryan Cristante,CM-R,7,401862874
Roma,2026-03-19,Bologna,home,3-4-2-1,1,43,Wesley,LM,3,401862874
Roma,2026-03-19,Bologna,home,3-4-2-1,1,19,Zeki Çelik,RM,2,401862874
Roma,2026-03-19,Bologna,home,3-4-2-1,1,14,Donyell Malen,F,9,401862874
Roma,2026-03-19,Bologna,home,3-4-2-1,1,92,Stephan El Shaarawy,CF-L,11,401862874
Roma,2026-03-19,Bologna,home,3-4-2-1,1,61,Niccolò Pisilli,CF-R,10,401862874
Roma,2026-03-19,Bologna,home,3-4-2-1,0,8,Neil El Aynaoui,SUB,0,401862874
Roma,2026-03-19,Bologna,home,3-4-2-1,0,95,Pierluigi Gollini,SUB,0,401862874
Roma,2026-03-19,Bologna,home,3-4-2-1,0,24,Jan Ziólkowski,SUB,0,401862874
Roma,2026-03-19,Bologna,home,3-4-2-1,0,87,Daniele Ghilardi,SUB,0,401862874
Roma,2026-03-19,Bologna,home,3-4-2-1,0,78,Robinio Vaz,SUB,0,401862874
Roma,2026-03-19,Bologna,home,3-4-2-1,0,2,Devyne Rensch,SUB,0,401862874
Roma,2026-03-19,Bologna,home,3-4-2-1,0,7,Lorenzo Pellegrini,SUB,0,401862874
Roma,2026-03-19,Bologna,home,3-4-2-1,0,70,Giorgio De Marzi,SUB,0,401862874
Roma,2026-03-19,Bologna,home,3-4-2-1,0,97,Bryan Zaragoza,SUB,0,401862874
Roma,2026-03-19,Bologna,home,3-4-2-1,0,12,Kostas Tsimikas,SUB,0,401862874
Bologna,2026-03-19,Roma,away,4-3-3,1,13,Federico Ravaglia,G,1,401862874
Bologna,2026-03-19,Roma,away,4-3-3,1,26,Jhon Lucumí,CD-L,6,401862874
Bologna,2026-03-19,Roma,away,4-3-3,1,41,Martin Vitík,CD-R,5,401862874
Bologna,2026-03-19,Roma,away,4-3-3,1,17,João Mário,LB,3,401862874
Bologna,2026-03-19,Roma,away,4-3-3,1,20,Nadir Zortea,RB,2,401862874
Bologna,2026-03-19,Roma,away,4-3-3,1,8,Remo Freuler,CM,4,401862874
Bologna,2026-03-19,Roma,away,4-3-3,1,4,Tommaso Pobega,LM,8,401862874
Bologna,2026-03-19,Roma,away,4-3-3,1,19,Lewis Ferguson,RM,7,401862874
Bologna,2026-03-19,Roma,away,4-3-3,1,9,Santiago Castro,F,9,401862874
Bologna,2026-03-19,Roma,away,4-3-3,1,11,Jon Rowe,LF,11,401862874
Bologna,2026-03-19,Roma,away,4-3-3,1,10,Federico Bernardeschi,RF,10,401862874
Bologna,2026-03-19,Roma,away,4-3-3,0,82,Matteo Franceschelli,SUB,0,401862874
Bologna,2026-03-19,Roma,away,4-3-3,0,23,Simon Sohm,SUB,0,401862874
Bologna,2026-03-19,Roma,away,4-3-3,0,7,Riccardo Orsolini,SUB,0,401862874
Bologna,2026-03-19,Roma,away,4-3-3,0,6,Nikola Moro,SUB,0,401862874
Bologna,2026-03-19,Roma,away,4-3-3,0,24,Thijs Dallinga,SUB,0,401862874
Bologna,2026-03-19,Roma,away,4-3-3,0,22,Charalampos Lykogiannis,SUB,0,401862874
Bologna,2026-03-19,Roma,away,4-3-3,0,25,Massimo Pessina,SUB,0,401862874
Bologna,2026-03-19,Roma,away,4-3-3,0,16,Nicolo Casale,SUB,0,401862874
Bologna,2026-03-19,Roma,away,4-3-3,0,30,Benjamín Domínguez,SUB,0,401862874
Bologna,2026-03-19,Roma,away,4-3-3,0,28,Nicolò Cambiaghi,SUB,0,401862874
Bologna,2026-03-19,Roma,away,4-3-3,0,21,Jens Odgaard,SUB,0,401862874
Bologna,2026-03-19,Roma,away,4-3-3,0,14,Torbjørn Heggem,SUB,0,401862874
Bologna,2026-04-09,Aston Villa,home,4-3-3,1,13,Federico Ravaglia,G,1,401862902
Bologna,2026-04-09,Aston Villa,home,4-3-3,1,26,Jhon Lucumí,CD-L,6,401862902
Bologna,2026-04-09,Aston Villa,home,4-3-3,1,14,Torbjørn Heggem,CD-R,5,401862902
Bologna,2026-04-09,Aston Villa,home,4-3-3,1,33,Juan Miranda,LB,3,401862902
Bologna,2026-04-09,Aston Villa,home,4-3-3,1,17,João Mário,RB,2,401862902
Bologna,2026-04-09,Aston Villa,home,4-3-3,1,8,Remo Freuler,CM,4,401862902
Bologna,2026-04-09,Aston Villa,home,4-3-3,1,4,Tommaso Pobega,LM,8,401862902
Bologna,2026-04-09,Aston Villa,home,4-3-3,1,19,Lewis Ferguson,RM,7,401862902
Bologna,2026-04-09,Aston Villa,home,4-3-3,1,9,Santiago Castro,F,9,401862902
Bologna,2026-04-09,Aston Villa,home,4-3-3,1,11,Jon Rowe,LF,11,401862902
Bologna,2026-04-09,Aston Villa,home,4-3-3,1,10,Federico Bernardeschi,RF,10,401862902
Bologna,2026-04-09,Aston Villa,home,4-3-3,0,20,Nadir Zortea,SUB,0,401862902
Bologna,2026-04-09,Aston Villa,home,4-3-3,0,23,Simon Sohm,SUB,0,401862902
Bologna,2026-04-09,Aston Villa,home,4-3-3,0,6,Nikola Moro,SUB,0,401862902
Bologna,2026-04-09,Aston Villa,home,4-3-3,0,82,Matteo Franceschelli,SUB,0,401862902
Bologna,2026-04-09,Aston Villa,home,4-3-3,0,28,Nicolò Cambiaghi,SUB,0,401862902
Bologna,2026-04-09,Aston Villa,home,4-3-3,0,21,Jens Odgaard,SUB,0,401862902
Bologna,2026-04-09,Aston Villa,home,4-3-3,0,73,Francesco Castaldo,SUB,0,401862902
Bologna,2026-04-09,Aston Villa,home,4-3-3,0,25,Massimo Pessina,SUB,0,401862902
Bologna,2026-04-09,Aston Villa,home,4-3-3,0,16,Nicolo Casale,SUB,0,401862902
Bologna,2026-04-09,Aston Villa,home,4-3-3,0,7,Riccardo Orsolini,SUB,0,401862902
Bologna,2026-04-16,Aston Villa,away,4-2-3-1,1,13,Federico Ravaglia,G,1,401862906
Bologna,2026-04-16,Aston Villa,away,4-2-3-1,1,16,Nicolo Casale,CD-L,6,401862906
Bologna,2026-04-16,Aston Villa,away,4-2-3-1,1,41,Martin Vitík,CD-R,5,401862906
Bologna,2026-04-16,Aston Villa,away,4-2-3-1,1,17,João Mário,LB,3,401862906
Bologna,2026-04-16,Aston Villa,away,4-2-3-1,1,33,Juan Miranda,RB,2,401862906
Bologna,2026-04-16,Aston Villa,away,4-2-3-1,1,19,Lewis Ferguson,AM,10,401862906
Bologna,2026-04-16,Aston Villa,away,4-2-3-1,1,6,Nikola Moro,LM,4,401862906
Bologna,2026-04-16,Aston Villa,away,4-2-3-1,1,8,Remo Freuler,RM,8,401862906
Bologna,2026-04-16,Aston Villa,away,4-2-3-1,1,9,Santiago Castro,F,9,401862906
Bologna,2026-04-16,Aston Villa,away,4-2-3-1,1,11,Jon Rowe,AM-L,11,401862906
Bologna,2026-04-16,Aston Villa,away,4-2-3-1,1,10,Federico Bernardeschi,AM-R,7,401862906
Bologna,2026-04-16,Aston Villa,away,4-2-3-1,0,82,Matteo Franceschelli,SUB,0,401862906
Bologna,2026-04-16,Aston Villa,away,4-2-3-1,0,28,Nicolò Cambiaghi,SUB,0,401862906
Bologna,2026-04-16,Aston Villa,away,4-2-3-1,0,7,Riccardo Orsolini,SUB,0,401862906
Bologna,2026-04-16,Aston Villa,away,4-2-3-1,0,25,Massimo Pessina,SUB,0,401862906
Bologna,2026-04-16,Aston Villa,away,4-2-3-1,0,22,Charalampos Lykogiannis,SUB,0,401862906
Bologna,2026-04-16,Aston Villa,away,4-2-3-1,0,23,Simon Sohm,SUB,0,401862906
Bologna,2026-04-16,Aston Villa,away,4-2-3-1,0,21,Jens Odgaard,SUB,0,401862906
Bologna,2026-04-16,Aston Villa,away,4-2-3-1,0,73,Francesco Castaldo,SUB,0,401862906
Bologna,2026-04-16,Aston Villa,away,4-2-3-1,0,4,Tommaso Pobega,SUB,0,401862906
Bologna,2026-04-16,Aston Villa,away,4-2-3-1,0,20,Nadir Zortea,SUB,0,401862906
Bologna,2026-04-16,Aston Villa,away,4-2-3-1,0,14,Torbjørn Heggem,SUB,0,401862906
Fiorentina,2025-10-02,Sigma Olomouc,home,3-5-2,1,43,David de Gea,G,1,757977
Fiorentina,2025-10-02,Sigma Olomouc,home,3-5-2,1,18,Pablo Marí,CD,5,757977
Fiorentina,2025-10-02,Sigma Olomouc,home,3-5-2,1,6,Luca Ranieri,CD-L,4,757977
Fiorentina,2025-10-02,Sigma Olomouc,home,3-5-2,1,5,Marin Pongracic,CD-R,6,757977
Fiorentina,2025-10-02,Sigma Olomouc,home,3-5-2,1,27,Cher Ndour,CM-L,8,757977
Fiorentina,2025-10-02,Sigma Olomouc,home,3-5-2,1,8,Rolando Mandragora,CM-R,7,757977
Fiorentina,2025-10-02,Sigma Olomouc,home,3-5-2,1,44,Nicolò Fagioli,AM,11,757977
Fiorentina,2025-10-02,Sigma Olomouc,home,3-5-2,1,21,Robin Gosens,LM,3,757977
Fiorentina,2025-10-02,Sigma Olomouc,home,3-5-2,1,2,Dodô,RM,2,757977
Fiorentina,2025-10-02,Sigma Olomouc,home,3-5-2,1,91,Roberto Piccoli,CF-L,9,757977
Fiorentina,2025-10-02,Sigma Olomouc,home,3-5-2,1,9,Edin Dzeko,CF-R,10,757977
Fiorentina,2025-10-02,Sigma Olomouc,home,3-5-2,0,22,Jacopo Fazzini,SUB,0,757977
Fiorentina,2025-10-02,Sigma Olomouc,home,3-5-2,0,24,Amir Richardson,SUB,0,757977
Fiorentina,2025-10-02,Sigma Olomouc,home,3-5-2,0,11,Abdelhamid Sabiri,SUB,0,757977
Fiorentina,2025-10-02,Sigma Olomouc,home,3-5-2,0,60,Eddy Kouadio,SUB,0,757977
Fiorentina,2025-10-02,Sigma Olomouc,home,3-5-2,0,26,Mattia Viti,SUB,0,757977
Fiorentina,2025-10-02,Sigma Olomouc,home,3-5-2,0,14,Hans Nicolussi Caviglia,SUB,0,757977
Fiorentina,2025-10-02,Sigma Olomouc,home,3-5-2,0,29,Niccolò Fortini,SUB,0,757977
Fiorentina,2025-10-02,Sigma Olomouc,home,3-5-2,0,1,Luca Lezzerini,SUB,0,757977
Fiorentina,2025-10-02,Sigma Olomouc,home,3-5-2,0,15,Pietro Comuzzo,SUB,0,757977
Fiorentina,2025-10-02,Sigma Olomouc,home,3-5-2,0,65,Fabiano Parisi,SUB,0,757977
Fiorentina,2025-10-02,Sigma Olomouc,home,3-5-2,0,10,Albert Gudmundsson,SUB,0,757977
Fiorentina,2025-10-02,Sigma Olomouc,home,3-5-2,0,30,Tomasso Martinelli,SUB,0,757977
Fiorentina,2025-10-23,Rapid Vienna,away,3-5-2,1,43,David de Gea,G,1,757985
Fiorentina,2025-10-23,Rapid Vienna,away,3-5-2,1,18,Pablo Marí,CD,5,757985
Fiorentina,2025-10-23,Rapid Vienna,away,3-5-2,1,26,Mattia Viti,CD-L,4,757985
Fiorentina,2025-10-23,Rapid Vienna,away,3-5-2,1,15,Pietro Comuzzo,CD-R,6,757985
Fiorentina,2025-10-23,Rapid Vienna,away,3-5-2,1,44,Nicolò Fagioli,CM-L,8,757985
Fiorentina,2025-10-23,Rapid Vienna,away,3-5-2,1,27,Cher Ndour,CM-R,7,757985
Fiorentina,2025-10-23,Rapid Vienna,away,3-5-2,1,14,Hans Nicolussi Caviglia,AM,11,757985
Fiorentina,2025-10-23,Rapid Vienna,away,3-5-2,1,65,Fabiano Parisi,LM,3,757985
Fiorentina,2025-10-23,Rapid Vienna,away,3-5-2,1,29,Niccolò Fortini,RM,2,757985
Fiorentina,2025-10-23,Rapid Vienna,away,3-5-2,1,91,Roberto Piccoli,CF-L,9,757985
Fiorentina,2025-10-23,Rapid Vienna,away,3-5-2,1,9,Edin Dzeko,CF-R,10,757985
Fiorentina,2025-10-23,Rapid Vienna,away,3-5-2,0,10,Albert Gudmundsson,SUB,0,757985
Fiorentina,2025-10-23,Rapid Vienna,away,3-5-2,0,24,Amir Richardson,SUB,0,757985
Fiorentina,2025-10-23,Rapid Vienna,away,3-5-2,0,7,Simon Sohm,SUB,0,757985
Fiorentina,2025-10-23,Rapid Vienna,away,3-5-2,0,11,Abdelhamid Sabiri,SUB,0,757985
Fiorentina,2025-10-23,Rapid Vienna,away,3-5-2,0,8,Rolando Mandragora,SUB,0,757985
Fiorentina,2025-10-23,Rapid Vienna,away,3-5-2,0,6,Luca Ranieri,SUB,0,757985
Fiorentina,2025-10-23,Rapid Vienna,away,3-5-2,0,2,Dodô,SUB,0,757985
Fiorentina,2025-10-23,Rapid Vienna,away,3-5-2,0,22,Jacopo Fazzini,SUB,0,757985
Fiorentina,2025-10-23,Rapid Vienna,away,3-5-2,0,60,Eddy Kouadio,SUB,0,757985
Fiorentina,2025-10-23,Rapid Vienna,away,3-5-2,0,30,Tomasso Martinelli,SUB,0,757985
Fiorentina,2025-10-23,Rapid Vienna,away,3-5-2,0,1,Luca Lezzerini,SUB,0,757985
Fiorentina,2025-10-23,Rapid Vienna,away,3-5-2,0,5,Marin Pongracic,SUB,0,757985
Fiorentina,2025-11-06,Mainz,away,3-1-4-2,0,44,Nicolò Fagioli,,0,758009
Fiorentina,2025-11-06,Mainz,away,3-1-4-2,0,8,Rolando Mandragora,,0,758009
Fiorentina,2025-11-06,Mainz,away,3-1-4-2,0,60,Eddy Kouadio,,0,758009
Fiorentina,2025-11-06,Mainz,away,3-1-4-2,0,20,Moise Kean,,0,758009
Fiorentina,2025-11-06,Mainz,away,3-1-4-2,0,15,Pietro Comuzzo,,0,758009
Fiorentina,2025-11-06,Mainz,away,3-1-4-2,0,43,David de Gea,,0,758009
Fiorentina,2025-11-06,Mainz,away,3-1-4-2,0,65,Fabiano Parisi,,0,758009
Fiorentina,2025-11-06,Mainz,away,3-1-4-2,0,26,Mattia Viti,,0,758009
Fiorentina,2025-11-06,Mainz,away,3-1-4-2,0,1,Luca Lezzerini,,0,758009
Fiorentina,2025-11-06,Mainz,away,3-1-4-2,0,9,Edin Dzeko,,0,758009
Fiorentina,2025-11-06,Mainz,away,3-1-4-2,0,24,Amir Richardson,,0,758009
Fiorentina,2025-11-06,Mainz,away,3-1-4-2,1,30,Tomasso Martinelli,G,1,758009
Fiorentina,2025-11-06,Mainz,away,3-1-4-2,1,18,Pablo Marí,CD,4,758009
Fiorentina,2025-11-06,Mainz,away,3-1-4-2,1,6,Luca Ranieri,CD-L,6,758009
Fiorentina,2025-11-06,Mainz,away,3-1-4-2,1,5,Marin Pongracic,CD-R,5,758009
Fiorentina,2025-11-06,Mainz,away,3-1-4-2,1,14,Hans Nicolussi Caviglia,SW,8,758009
Fiorentina,2025-11-06,Mainz,away,3-1-4-2,1,27,Cher Ndour,CM-L,11,758009
Fiorentina,2025-11-06,Mainz,away,3-1-4-2,1,7,Simon Sohm,CM-R,7,758009
Fiorentina,2025-11-06,Mainz,away,3-1-4-2,1,29,Niccolò Fortini,LM,3,758009
Fiorentina,2025-11-06,Mainz,away,3-1-4-2,1,2,Dodô,RM,2,758009
Fiorentina,2025-11-06,Mainz,away,3-1-4-2,1,22,Jacopo Fazzini,CF-L,10,758009
Fiorentina,2025-11-06,Mainz,away,3-1-4-2,1,91,Roberto Piccoli,CF-R,9,758009
Fiorentina,2025-11-27,AEK Athens,home,3-5-2,1,43,David de Gea,G,1,758030
Fiorentina,2025-11-27,AEK Athens,home,3-5-2,1,15,Pietro Comuzzo,CD,5,758030
Fiorentina,2025-11-27,AEK Athens,home,3-5-2,1,6,Luca Ranieri,CD-L,4,758030
Fiorentina,2025-11-27,AEK Athens,home,3-5-2,1,5,Marin Pongracic,CD-R,6,758030
Fiorentina,2025-11-27,AEK Athens,home,3-5-2,1,27,Cher Ndour,CM-L,8,758030
Fiorentina,2025-11-27,AEK Athens,home,3-5-2,1,8,Rolando Mandragora,CM-R,7,758030
Fiorentina,2025-11-27,AEK Athens,home,3-5-2,1,14,Hans Nicolussi Caviglia,AM,11,758030
Fiorentina,2025-11-27,AEK Athens,home,3-5-2,1,65,Fabiano Parisi,LM,3,758030
Fiorentina,2025-11-27,AEK Athens,home,3-5-2,1,29,Niccolò Fortini,RM,2,758030
Fiorentina,2025-11-27,AEK Athens,home,3-5-2,1,10,Albert Gudmundsson,CF-L,9,758030
Fiorentina,2025-11-27,AEK Athens,home,3-5-2,1,9,Edin Dzeko,CF-R,10,758030
Fiorentina,2025-11-27,AEK Athens,home,3-5-2,0,1,Luca Lezzerini,SUB,0,758030
Fiorentina,2025-11-27,AEK Athens,home,3-5-2,0,91,Roberto Piccoli,SUB,0,758030
Fiorentina,2025-11-27,AEK Athens,home,3-5-2,0,23,Eman Kospo,SUB,0,758030
Fiorentina,2025-11-27,AEK Athens,home,3-5-2,0,7,Simon Sohm,SUB,0,758030
Fiorentina,2025-11-27,AEK Athens,home,3-5-2,0,22,Jacopo Fazzini,SUB,0,758030
Fiorentina,2025-11-27,AEK Athens,home,3-5-2,0,24,Amir Richardson,SUB,0,758030
Fiorentina,2025-11-27,AEK Athens,home,3-5-2,0,26,Mattia Viti,SUB,0,758030
Fiorentina,2025-11-27,AEK Athens,home,3-5-2,0,20,Moise Kean,SUB,0,758030
Fiorentina,2025-11-27,AEK Athens,home,3-5-2,0,60,Eddy Kouadio,SUB,0,758030
Fiorentina,2025-11-27,AEK Athens,home,3-5-2,0,30,Tomasso Martinelli,SUB,0,758030
Fiorentina,2025-11-27,AEK Athens,home,3-5-2,0,44,Nicolò Fagioli,SUB,0,758030
Fiorentina,2025-11-27,AEK Athens,home,3-5-2,0,18,Pablo Marí,SUB,0,758030
Fiorentina,2025-12-11,Dynamo Kyiv,home,3-5-2,1,43,David de Gea,G,1,758044
Fiorentina,2025-12-11,Dynamo Kyiv,home,3-5-2,1,15,Pietro Comuzzo,CD,5,758044
Fiorentina,2025-12-11,Dynamo Kyiv,home,3-5-2,1,26,Mattia Viti,CD-L,4,758044
Fiorentina,2025-12-11,Dynamo Kyiv,home,3-5-2,1,5,Marin Pongracic,CD-R,6,758044
Fiorentina,2025-12-11,Dynamo Kyiv,home,3-5-2,1,27,Cher Ndour,CM-L,8,758044
Fiorentina,2025-12-11,Dynamo Kyiv,home,3-5-2,1,24,Amir Richardson,CM-R,7,758044
Fiorentina,2025-12-11,Dynamo Kyiv,home,3-5-2,1,14,Hans Nicolussi Caviglia,AM,11,758044
Fiorentina,2025-12-11,Dynamo Kyiv,home,3-5-2,1,29,Niccolò Fortini,LM,3,758044
Fiorentina,2025-12-11,Dynamo Kyiv,home,3-5-2,1,2,Dodô,RM,2,758044
Fiorentina,2025-12-11,Dynamo Kyiv,home,3-5-2,1,20,Moise Kean,CF-L,9,758044
Fiorentina,2025-12-11,Dynamo Kyiv,home,3-5-2,1,9,Edin Dzeko,CF-R,10,758044
Fiorentina,2025-12-11,Dynamo Kyiv,home,3-5-2,0,8,Rolando Mandragora,SUB,0,758044
Fiorentina,2025-12-11,Dynamo Kyiv,home,3-5-2,0,60,Eddy Kouadio,SUB,0,758044
Fiorentina,2025-12-11,Dynamo Kyiv,home,3-5-2,0,6,Luca Ranieri,SUB,0,758044
Fiorentina,2025-12-11,Dynamo Kyiv,home,3-5-2,0,91,Roberto Piccoli,SUB,0,758044
Fiorentina,2025-12-11,Dynamo Kyiv,home,3-5-2,0,10,Albert Gudmundsson,SUB,0,758044
Fiorentina,2025-12-11,Dynamo Kyiv,home,3-5-2,0,30,Tomasso Martinelli,SUB,0,758044
Fiorentina,2025-12-11,Dynamo Kyiv,home,3-5-2,0,7,Simon Sohm,SUB,0,758044
Fiorentina,2025-12-11,Dynamo Kyiv,home,3-5-2,0,18,Pablo Marí,SUB,0,758044
Fiorentina,2025-12-11,Dynamo Kyiv,home,3-5-2,0,1,Luca Lezzerini,SUB,0,758044
Fiorentina,2025-12-11,Dynamo Kyiv,home,3-5-2,0,23,Eman Kospo,SUB,0,758044
Fiorentina,2025-12-11,Dynamo Kyiv,home,3-5-2,0,65,Fabiano Parisi,SUB,0,758044
Fiorentina,2025-12-11,Dynamo Kyiv,home,3-5-2,0,99,Christian Kouamé,SUB,0,758044
Fiorentina,2025-12-18,Lausanne Sports,away,3-5-2,1,30,Tomasso Martinelli,G,1,758062
Fiorentina,2025-12-18,Lausanne Sports,away,3-5-2,1,18,Pablo Marí,CD,5,758062
Fiorentina,2025-12-18,Lausanne Sports,away,3-5-2,1,26,Mattia Viti,CD-L,4,758062
Fiorentina,2025-12-18,Lausanne Sports,away,3-5-2,1,5,Marin Pongracic,CD-R,6,758062
Fiorentina,2025-12-18,Lausanne Sports,away,3-5-2,1,7,Simon Sohm,CM-L,8,758062
Fiorentina,2025-12-18,Lausanne Sports,away,3-5-2,1,24,Amir Richardson,CM-R,7,758062
Fiorentina,2025-12-18,Lausanne Sports,away,3-5-2,1,14,Hans Nicolussi Caviglia,AM,11,758062
Fiorentina,2025-12-18,Lausanne Sports,away,3-5-2,1,99,Christian Kouamé,LM,3,758062
Fiorentina,2025-12-18,Lausanne Sports,away,3-5-2,1,60,Eddy Kouadio,RM,2,758062
Fiorentina,2025-12-18,Lausanne Sports,away,3-5-2,1,91,Roberto Piccoli,CF-L,9,758062
Fiorentina,2025-12-18,Lausanne Sports,away,3-5-2,1,9,Edin Dzeko,CF-R,10,758062
Fiorentina,2025-12-18,Lausanne Sports,away,3-5-2,0,29,Niccolò Fortini,SUB,0,758062
Fiorentina,2025-12-18,Lausanne Sports,away,3-5-2,0,1,Luca Lezzerini,SUB,0,758062
Fiorentina,2025-12-18,Lausanne Sports,away,3-5-2,0,65,Fabiano Parisi,SUB,0,758062
Fiorentina,2025-12-18,Lausanne Sports,away,3-5-2,0,2,Dodô,SUB,0,758062
Fiorentina,2025-12-18,Lausanne Sports,away,3-5-2,0,23,Eman Kospo,SUB,0,758062
Fiorentina,2025-12-18,Lausanne Sports,away,3-5-2,0,15,Pietro Comuzzo,SUB,0,758062
Fiorentina,2025-12-18,Lausanne Sports,away,3-5-2,0,44,Nicolò Fagioli,SUB,0,758062
Fiorentina,2025-12-18,Lausanne Sports,away,3-5-2,0,6,Luca Ranieri,SUB,0,758062
Fiorentina,2025-12-18,Lausanne Sports,away,3-5-2,0,20,Moise Kean,SUB,0,758062
Fiorentina,2025-12-18,Lausanne Sports,away,3-5-2,0,10,Albert Gudmundsson,SUB,0,758062
Fiorentina,2025-12-18,Lausanne Sports,away,3-5-2,0,8,Rolando Mandragora,SUB,0,758062
Fiorentina,2025-12-18,Lausanne Sports,away,3-5-2,0,43,David de Gea,SUB,0,758062
Fiorentina,2026-02-19,Jagiellonia Bialystok,away,4-4-2,1,1,Luca Lezzerini,G,1,401854524
Fiorentina,2026-02-19,Jagiellonia Bialystok,away,4-4-2,1,6,Luca Ranieri,CD-L,6,401854524
Fiorentina,2026-02-19,Jagiellonia Bialystok,away,4-4-2,1,15,Pietro Comuzzo,CD-R,5,401854524
Fiorentina,2026-02-19,Jagiellonia Bialystok,away,4-4-2,1,21,Robin Gosens,LB,3,401854524
Fiorentina,2026-02-19,Jagiellonia Bialystok,away,4-4-2,1,29,Niccolò Fortini,RB,2,401854524
Fiorentina,2026-02-19,Jagiellonia Bialystok,away,4-4-2,1,27,Cher Ndour,CM-L,8,401854524
Fiorentina,2026-02-19,Jagiellonia Bialystok,away,4-4-2,1,8,Rolando Mandragora,CM-R,4,401854524
Fiorentina,2026-02-19,Jagiellonia Bialystok,away,4-4-2,1,22,Jacopo Fazzini,LM,11,401854524
Fiorentina,2026-02-19,Jagiellonia Bialystok,away,4-4-2,1,17,Jack Harrison,RM,7,401854524
Fiorentina,2026-02-19,Jagiellonia Bialystok,away,4-4-2,1,91,Roberto Piccoli,CF-L,9,401854524
Fiorentina,2026-02-19,Jagiellonia Bialystok,away,4-4-2,1,80,Giovanni Fabbian,CF-R,10,401854524
Fiorentina,2026-02-19,Jagiellonia Bialystok,away,4-4-2,0,50,Pietro Leonardelli,SUB,0,401854524
Fiorentina,2026-02-19,Jagiellonia Bialystok,away,4-4-2,0,44,Nicolò Fagioli,SUB,0,401854524
Fiorentina,2026-02-19,Jagiellonia Bialystok,away,4-4-2,0,5,Marin Pongracic,SUB,0,401854524
Fiorentina,2026-02-19,Jagiellonia Bialystok,away,4-4-2,0,63,Piergiorgio Bonanno,SUB,0,401854524
Fiorentina,2026-02-19,Jagiellonia Bialystok,away,4-4-2,0,62,Luís Balbo,SUB,0,401854524
Fiorentina,2026-02-19,Jagiellonia Bialystok,away,4-4-2,0,67,Edoardo Sadotti,SUB,0,401854524
Fiorentina,2026-02-19,Jagiellonia Bialystok,away,4-4-2,0,61,Riccardo Braschi,SUB,0,401854524
Fiorentina,2026-02-19,Jagiellonia Bialystok,away,4-4-2,0,68,Gabriele Bertolini,SUB,0,401854524
Fiorentina,2026-02-19,Jagiellonia Bialystok,away,4-4-2,0,64,Lapo Deli,SUB,0,401854524
Fiorentina,2026-02-19,Jagiellonia Bialystok,away,4-4-2,0,51,Mattia Magalotti,SUB,0,401854524
Fiorentina,2026-02-19,Jagiellonia Bialystok,away,4-4-2,0,60,Eddy Kouadio,SUB,0,401854524
Fiorentina,2026-02-19,Jagiellonia Bialystok,away,4-4-2,0,65,Fabiano Parisi,SUB,0,401854524
Fiorentina,2026-02-26,Jagiellonia Bialystok,home,4-4-2,1,1,Luca Lezzerini,G,1,401854534
Fiorentina,2026-02-26,Jagiellonia Bialystok,home,4-4-2,1,5,Marin Pongracic,CD-L,6,401854534
Fiorentina,2026-02-26,Jagiellonia Bialystok,home,4-4-2,1,15,Pietro Comuzzo,CD-R,5,401854534
Fiorentina,2026-02-26,Jagiellonia Bialystok,home,4-4-2,1,21,Robin Gosens,LB,3,401854534
Fiorentina,2026-02-26,Jagiellonia Bialystok,home,4-4-2,1,29,Niccolò Fortini,RB,2,401854534
Fiorentina,2026-02-26,Jagiellonia Bialystok,home,4-4-2,1,27,Cher Ndour,CM-L,8,401854534
Fiorentina,2026-02-26,Jagiellonia Bialystok,home,4-4-2,1,8,Rolando Mandragora,CM-R,4,401854534
Fiorentina,2026-02-26,Jagiellonia Bialystok,home,4-4-2,1,22,Jacopo Fazzini,LM,11,401854534
Fiorentina,2026-02-26,Jagiellonia Bialystok,home,4-4-2,1,2,Dodô,RM,7,401854534
Fiorentina,2026-02-26,Jagiellonia Bialystok,home,4-4-2,1,91,Roberto Piccoli,CF-L,9,401854534
Fiorentina,2026-02-26,Jagiellonia Bialystok,home,4-4-2,1,80,Giovanni Fabbian,CF-R,10,401854534
Fiorentina,2026-02-26,Jagiellonia Bialystok,home,4-4-2,0,20,Moise Kean,SUB,0,401854534
Fiorentina,2026-02-26,Jagiellonia Bialystok,home,4-4-2,0,10,Albert Gudmundsson,SUB,0,401854534
Fiorentina,2026-02-26,Jagiellonia Bialystok,home,4-4-2,0,44,Nicolò Fagioli,SUB,0,401854534
Fiorentina,2026-02-26,Jagiellonia Bialystok,home,4-4-2,0,60,Eddy Kouadio,SUB,0,401854534
Fiorentina,2026-02-26,Jagiellonia Bialystok,home,4-4-2,0,62,Luís Balbo,SUB,0,401854534
Fiorentina,2026-02-26,Jagiellonia Bialystok,home,4-4-2,0,43,David de Gea,SUB,0,401854534
Fiorentina,2026-02-26,Jagiellonia Bialystok,home,4-4-2,0,50,Pietro Leonardelli,SUB,0,401854534
Fiorentina,2026-02-26,Jagiellonia Bialystok,home,4-4-2,0,6,Luca Ranieri,SUB,0,401854534
Fiorentina,2026-02-26,Jagiellonia Bialystok,home,4-4-2,0,17,Jack Harrison,SUB,0,401854534
Fiorentina,2026-02-26,Jagiellonia Bialystok,home,4-4-2,0,65,Fabiano Parisi,SUB,0,401854534
Fiorentina,2026-02-26,Jagiellonia Bialystok,home,4-4-2,0,19,Manor Solomon,SUB,0,401854534
Fiorentina,2026-02-26,Jagiellonia Bialystok,home,4-4-2,0,63,Piergiorgio Bonanno,SUB,0,401854534
Fiorentina,2026-03-12,Raków Czestochowa,home,4-5-1,1,53,Oliver Christensen,G,1,401862846
Fiorentina,2026-03-12,Raków Czestochowa,home,4-5-1,1,6,Luca Ranieri,CD-L,6,401862846
Fiorentina,2026-03-12,Raków Czestochowa,home,4-5-1,1,15,Pietro Comuzzo,CD-R,5,401862846
Fiorentina,2026-03-12,Raków Czestochowa,home,4-5-1,1,21,Robin Gosens,LB,3,401862846
Fiorentina,2026-03-12,Raków Czestochowa,home,4-5-1,1,29,Niccolò Fortini,RB,2,401862846
Fiorentina,2026-03-12,Raków Czestochowa,home,4-5-1,1,27,Cher Ndour,CM-L,8,401862846
Fiorentina,2026-03-12,Raków Czestochowa,home,4-5-1,1,80,Giovanni Fabbian,CM-R,4,401862846
Fiorentina,2026-03-12,Raków Czestochowa,home,4-5-1,1,8,Rolando Mandragora,AM,10,401862846
Fiorentina,2026-03-12,Raków Czestochowa,home,4-5-1,1,22,Jacopo Fazzini,LM,11,401862846
Fiorentina,2026-03-12,Raków Czestochowa,home,4-5-1,1,65,Fabiano Parisi,RM,7,401862846
Fiorentina,2026-03-12,Raków Czestochowa,home,4-5-1,1,91,Roberto Piccoli,F,9,401862846
Fiorentina,2026-03-12,Raków Czestochowa,home,4-5-1,0,10,Albert Gudmundsson,SUB,0,401862846
Fiorentina,2026-03-12,Raków Czestochowa,home,4-5-1,0,67,Edoardo Sadotti,SUB,0,401862846
Fiorentina,2026-03-12,Raków Czestochowa,home,4-5-1,0,61,Riccardo Braschi,SUB,0,401862846
Fiorentina,2026-03-12,Raków Czestochowa,home,4-5-1,0,62,Luís Balbo,SUB,0,401862846
Fiorentina,2026-03-12,Raków Czestochowa,home,4-5-1,0,2,Dodô,SUB,0,401862846
Fiorentina,2026-03-12,Raków Czestochowa,home,4-5-1,0,60,Eddy Kouadio,SUB,0,401862846
Fiorentina,2026-03-12,Raków Czestochowa,home,4-5-1,0,44,Nicolò Fagioli,SUB,0,401862846
Fiorentina,2026-03-12,Raków Czestochowa,home,4-5-1,0,17,Jack Harrison,SUB,0,401862846
Fiorentina,2026-03-12,Raków Czestochowa,home,4-5-1,0,43,David de Gea,SUB,0,401862846
Fiorentina,2026-03-12,Raków Czestochowa,home,4-5-1,0,63,Piergiorgio Bonanno,SUB,0,401862846
Fiorentina,2026-03-12,Raków Czestochowa,home,4-5-1,0,50,Pietro Leonardelli,SUB,0,401862846
Fiorentina,2026-03-19,Raków Czestochowa,away,4-2-3-1,1,53,Oliver Christensen,G,1,401862849
Fiorentina,2026-03-19,Raków Czestochowa,away,4-2-3-1,1,6,Luca Ranieri,CD-L,6,401862849
Fiorentina,2026-03-19,Raków Czestochowa,away,4-2-3-1,1,15,Pietro Comuzzo,CD-R,5,401862849
Fiorentina,2026-03-19,Raków Czestochowa,away,4-2-3-1,1,65,Fabiano Parisi,LB,3,401862849
Fiorentina,2026-03-19,Raków Czestochowa,away,4-2-3-1,1,2,Dodô,RB,2,401862849
Fiorentina,2026-03-19,Raków Czestochowa,away,4-2-3-1,1,80,Giovanni Fabbian,AM,10,401862849
Fiorentina,2026-03-19,Raków Czestochowa,away,4-2-3-1,1,27,Cher Ndour,LM,4,401862849
Fiorentina,2026-03-19,Raków Czestochowa,away,4-2-3-1,1,44,Nicolò Fagioli,RM,8,401862849
Fiorentina,2026-03-19,Raków Czestochowa,away,4-2-3-1,1,20,Moise Kean,F,9,401862849
Fiorentina,2026-03-19,Raków Czestochowa,away,4-2-3-1,1,22,Jacopo Fazzini,AM-L,11,401862849
Fiorentina,2026-03-19,Raków Czestochowa,away,4-2-3-1,1,17,Jack Harrison,AM-R,7,401862849
Fiorentina,2026-03-19,Raków Czestochowa,away,4-2-3-1,0,21,Robin Gosens,SUB,0,401862849
Fiorentina,2026-03-19,Raków Czestochowa,away,4-2-3-1,0,63,Piergiorgio Bonanno,SUB,0,401862849
Fiorentina,2026-03-19,Raków Czestochowa,away,4-2-3-1,0,62,Luís Balbo,SUB,0,401862849
Fiorentina,2026-03-19,Raków Czestochowa,away,4-2-3-1,0,43,David de Gea,SUB,0,401862849
Fiorentina,2026-03-19,Raków Czestochowa,away,4-2-3-1,0,61,Riccardo Braschi,SUB,0,401862849
Fiorentina,2026-03-19,Raków Czestochowa,away,4-2-3-1,0,23,Eman Kospo,SUB,0,401862849
Fiorentina,2026-03-19,Raków Czestochowa,away,4-2-3-1,0,60,Eddy Kouadio,SUB,0,401862849
Fiorentina,2026-03-19,Raków Czestochowa,away,4-2-3-1,0,50,Pietro Leonardelli,SUB,0,401862849
Fiorentina,2026-03-19,Raków Czestochowa,away,4-2-3-1,0,91,Roberto Piccoli,SUB,0,401862849
Fiorentina,2026-03-19,Raków Czestochowa,away,4-2-3-1,0,5,Marin Pongracic,SUB,0,401862849
Fiorentina,2026-03-19,Raków Czestochowa,away,4-2-3-1,0,10,Albert Gudmundsson,SUB,0,401862849
Fiorentina,2026-03-19,Raków Czestochowa,away,4-2-3-1,0,8,Rolando Mandragora,SUB,0,401862849
Fiorentina,2026-04-09,Crystal Palace,away,4-3-3,1,43,David de Gea,G,1,401862917
Fiorentina,2026-04-09,Crystal Palace,away,4-3-3,1,6,Luca Ranieri,CD-L,6,401862917
Fiorentina,2026-04-09,Crystal Palace,away,4-3-3,1,5,Marin Pongracic,CD-R,5,401862917
Fiorentina,2026-04-09,Crystal Palace,away,4-3-3,1,21,Robin Gosens,LB,3,401862917
Fiorentina,2026-04-09,Crystal Palace,away,4-3-3,1,2,Dodô,RB,2,401862917
Fiorentina,2026-04-09,Crystal Palace,away,4-3-3,1,44,Nicolò Fagioli,CM,4,401862917
Fiorentina,2026-04-09,Crystal Palace,away,4-3-3,1,27,Cher Ndour,LM,8,401862917
Fiorentina,2026-04-09,Crystal Palace,away,4-3-3,1,80,Giovanni Fabbian,RM,7,401862917
Fiorentina,2026-04-09,Crystal Palace,away,4-3-3,1,91,Roberto Piccoli,F,9,401862917
Fiorentina,2026-04-09,Crystal Palace,away,4-3-3,1,10,Albert Gudmundsson,LF,11,401862917
Fiorentina,2026-04-09,Crystal Palace,away,4-3-3,1,17,Jack Harrison,RF,10,401862917
Fiorentina,2026-04-09,Crystal Palace,away,4-3-3,0,8,Rolando Mandragora,SUB,0,401862917
Fiorentina,2026-04-09,Crystal Palace,away,4-3-3,0,61,Riccardo Braschi,SUB,0,401862917
Fiorentina,2026-04-09,Crystal Palace,away,4-3-3,0,23,Eman Kospo,SUB,0,401862917
Fiorentina,2026-04-09,Crystal Palace,away,4-3-3,0,62,Luís Balbo,SUB,0,401862917
Fiorentina,2026-04-09,Crystal Palace,away,4-3-3,0,22,Jacopo Fazzini,SUB,0,401862917
Fiorentina,2026-04-09,Crystal Palace,away,4-3-3,0,50,Pietro Leonardelli,SUB,0,401862917
Fiorentina,2026-04-09,Crystal Palace,away,4-3-3,0,60,Eddy Kouadio,SUB,0,401862917
Fiorentina,2026-04-09,Crystal Palace,away,4-3-3,0,64,Lapo Deli,SUB,0,401862917
Fiorentina,2026-04-09,Crystal Palace,away,4-3-3,0,53,Oliver Christensen,SUB,0,401862917
Fiorentina,2026-04-09,Crystal Palace,away,4-3-3,0,69,Giorgio Puzzoli,SUB,0,401862917
Fiorentina,2026-04-09,Crystal Palace,away,4-3-3,0,15,Pietro Comuzzo,SUB,0,401862917
Fiorentina,2026-04-16,Crystal Palace,home,3-4-2-1,1,43,David de Gea,G,1,401862921
Fiorentina,2026-04-16,Crystal Palace,home,3-4-2-1,1,15,Pietro Comuzzo,CD,5,401862921
Fiorentina,2026-04-16,Crystal Palace,home,3-4-2-1,1,6,Luca Ranieri,CD-L,4,401862921
Fiorentina,2026-04-16,Crystal Palace,home,3-4-2-1,1,5,Marin Pongracic,CD-R,6,401862921
Fiorentina,2026-04-16,Crystal Palace,home,3-4-2-1,1,44,Nicolò Fagioli,CM-L,8,401862921
Fiorentina,2026-04-16,Crystal Palace,home,3-4-2-1,1,8,Rolando Mandragora,CM-R,7,401862921
Fiorentina,2026-04-16,Crystal Palace,home,3-4-2-1,1,21,Robin Gosens,LM,3,401862921
Fiorentina,2026-04-16,Crystal Palace,home,3-4-2-1,1,17,Jack Harrison,RM,2,401862921
Fiorentina,2026-04-16,Crystal Palace,home,3-4-2-1,1,91,Roberto Piccoli,F,9,401862921
Fiorentina,2026-04-16,Crystal Palace,home,3-4-2-1,1,19,Manor Solomon,CF-L,11,401862921
Fiorentina,2026-04-16,Crystal Palace,home,3-4-2-1,1,10,Albert Gudmundsson,CF-R,10,401862921
Fiorentina,2026-04-16,Crystal Palace,home,3-4-2-1,0,61,Riccardo Braschi,SUB,0,401862921
Fiorentina,2026-04-16,Crystal Palace,home,3-4-2-1,0,60,Eddy Kouadio,SUB,0,401862921
Fiorentina,2026-04-16,Crystal Palace,home,3-4-2-1,0,27,Cher Ndour,SUB,0,401862921
Fiorentina,2026-04-16,Crystal Palace,home,3-4-2-1,0,50,Pietro Leonardelli,SUB,0,401862921
Fiorentina,2026-04-16,Crystal Palace,home,3-4-2-1,0,53,Oliver Christensen,SUB,0,401862921
Fiorentina,2026-04-16,Crystal Palace,home,3-4-2-1,0,23,Eman Kospo,SUB,0,401862921
Fiorentina,2026-04-16,Crystal Palace,home,3-4-2-1,0,22,Jacopo Fazzini,SUB,0,401862921
Fiorentina,2026-04-16,Crystal Palace,home,3-4-2-1,0,69,Giorgio Puzzoli,SUB,0,401862921
Fiorentina,2026-04-16,Crystal Palace,home,3-4-2-1,0,62,Luís Balbo,SUB,0,401862921
Fiorentina,2026-04-16,Crystal Palace,home,3-4-2-1,0,80,Giovanni Fabbian,SUB,0,401862921
Fiorentina,2026-04-16,Crystal Palace,home,3-4-2-1,0,64,Lapo Deli,SUB,0,401862921
Sassuolo,2025-08-15,Catanzaro,home,4-3-3,1,13,Stefano Turati,G,1,744102
Sassuolo,2025-08-15,Catanzaro,home,4-3-3,1,80,Tarik Muharemovic,CD-L,6,744102
Sassuolo,2025-08-15,Catanzaro,home,4-3-3,1,19,Filippo Romagna,CD-R,5,744102
Sassuolo,2025-08-15,Catanzaro,home,4-3-3,1,3,Josh Doig,LB,3,744102
Sassuolo,2025-08-15,Catanzaro,home,4-3-3,1,6,Sebastian Walukiewicz,RB,2,744102
Sassuolo,2025-08-15,Catanzaro,home,4-3-3,1,11,Daniel Boloca,CM,4,744102
Sassuolo,2025-08-15,Catanzaro,home,4-3-3,1,8,Andrea Ghion,LM,8,744102
Sassuolo,2025-08-15,Catanzaro,home,4-3-3,1,90,Ismaël Koné,RM,7,744102
Sassuolo,2025-08-15,Catanzaro,home,4-3-3,1,45,Armand Laurienté,F,9,744102
Sassuolo,2025-08-15,Catanzaro,home,4-3-3,1,20,Alieu Fadera,LF,11,744102
Sassuolo,2025-08-15,Catanzaro,home,4-3-3,1,10,Domenico Berardi,RF,10,744102
Sassuolo,2025-08-15,Catanzaro,home,4-3-3,0,24,Luca Moro,SUB,0,744102
Sassuolo,2025-08-15,Catanzaro,home,4-3-3,0,99,Andrea Pinamonti,SUB,0,744102
Sassuolo,2025-08-15,Catanzaro,home,4-3-3,0,35,Luca Lipani,SUB,0,744102
Sassuolo,2025-08-15,Catanzaro,home,4-3-3,0,44,Edoardo Iannoni,SUB,0,744102
Sassuolo,2025-08-15,Catanzaro,home,4-3-3,0,5,Fali Candé,SUB,0,744102
Sassuolo,2025-08-15,Catanzaro,home,4-3-3,0,21,Jay Idzes,SUB,0,744102
Sassuolo,2025-08-15,Catanzaro,home,4-3-3,0,16,Gioele Zacchi,SUB,0,744102
Sassuolo,2025-08-15,Catanzaro,home,4-3-3,0,15,Edoardo Pieragnolo,SUB,0,744102
Sassuolo,2025-08-15,Catanzaro,home,4-3-3,0,49,Arijanet Muric,SUB,0,744102
Sassuolo,2025-08-15,Catanzaro,home,4-3-3,0,77,Nicholas Pierini,SUB,0,744102
Sassuolo,2025-08-15,Catanzaro,home,4-3-3,0,17,Yeferson Paz,SUB,0,744102
Sassuolo,2025-08-15,Catanzaro,home,4-3-3,0,12,Giacomo Satalino,SUB,0,744102
Sassuolo,2025-08-15,Catanzaro,home,4-3-3,0,25,Agustín Álvarez Martínez,SUB,0,744102
Sassuolo,2025-08-15,Catanzaro,home,4-3-3,0,9,Samuele Mulattieri,SUB,0,744102
Sassuolo,2025-08-15,Catanzaro,home,4-3-3,0,7,Cristian Volpato,SUB,0,744102
Lecce,2025-08-15,Juve Stabia,home,4-3-3,1,30,Wladimiro Falcone,G,1,744103
Lecce,2025-08-15,Juve Stabia,home,4-3-3,1,44,Tiago Gabriel,CD-L,6,744103
Lecce,2025-08-15,Juve Stabia,home,4-3-3,1,4,Kialonda Gaspar,CD-R,5,744103
Lecce,2025-08-15,Juve Stabia,home,4-3-3,1,25,Antonino Gallo,LB,3,744103
Lecce,2025-08-15,Juve Stabia,home,4-3-3,1,21,Owen Kouassi,RB,2,744103
Lecce,2025-08-15,Juve Stabia,home,4-3-3,1,75,Balthazar Pierret,CM,4,744103
Lecce,2025-08-15,Juve Stabia,home,4-3-3,1,14,Thorir Johann Helgason,LM,8,744103
Lecce,2025-08-15,Juve Stabia,home,4-3-3,1,29,Lassana Coulibaly,RM,7,744103
Lecce,2025-08-15,Juve Stabia,home,4-3-3,1,9,Nikola Krstovic,F,9,744103
Lecce,2025-08-15,Juve Stabia,home,4-3-3,1,19,Lameck Banda,LF,11,744103
Lecce,2025-08-15,Juve Stabia,home,4-3-3,1,50,Santiago Pierotti,RF,10,744103
Lecce,2025-08-15,Juve Stabia,home,4-3-3,0,17,Danilo Veiga,SUB,0,744103
Lecce,2025-08-15,Juve Stabia,home,4-3-3,0,77,Mohamed Kaba,SUB,0,744103
Lecce,2025-08-15,Juve Stabia,home,4-3-3,0,1,Christian Früchtl,SUB,0,744103
Lecce,2025-08-15,Juve Stabia,home,4-3-3,0,20,Ylber Ramadani,SUB,0,744103
Lecce,2025-08-15,Juve Stabia,home,4-3-3,0,32,Jasper Samooja,SUB,0,744103
Lecce,2025-08-15,Juve Stabia,home,4-3-3,0,7,José Antonio Morente,SUB,0,744103
Lecce,2025-08-15,Juve Stabia,home,4-3-3,0,10,Medon Berisha,SUB,0,744103
Lecce,2025-08-15,Juve Stabia,home,4-3-3,0,3,Corrie Ndaba,SUB,0,744103
Lecce,2025-08-15,Juve Stabia,home,4-3-3,0,11,Konan N’Dri,SUB,0,744103
Lecce,2025-08-15,Juve Stabia,home,4-3-3,0,22,Francesco Camarda,SUB,0,744103
Lecce,2025-08-15,Juve Stabia,home,4-3-3,0,23,Riccardo Sottil,SUB,0,744103
Lecce,2025-08-15,Juve Stabia,home,4-3-3,0,28,Olaf Gorter,SUB,0,744103
Lecce,2025-08-15,Juve Stabia,home,4-3-3,0,93,Youssef Maleh,SUB,0,744103
Lecce,2025-08-15,Juve Stabia,home,4-3-3,0,8,Hamza Rafia,SUB,0,744103
Genoa,2025-08-15,Vicenza,home,4-2-3-1,1,1,Nicola Leali,G,1,744104
Genoa,2025-08-15,Vicenza,home,4-2-3-1,1,22,Johan Vásquez,CD-L,6,744104
Genoa,2025-08-15,Vicenza,home,4-2-3-1,1,27,Alessandro Marcandalli,CD-R,5,744104
Genoa,2025-08-15,Vicenza,home,4-2-3-1,1,3,Aarón Martín,LB,3,744104
Genoa,2025-08-15,Vicenza,home,4-2-3-1,1,15,Brooke Norton-Cuffy,RB,2,744104
Genoa,2025-08-15,Vicenza,home,4-2-3-1,1,8,Nicolae Stanciu,AM,10,744104
Genoa,2025-08-15,Vicenza,home,4-2-3-1,1,32,Morten Frendrup,LM,4,744104
Genoa,2025-08-15,Vicenza,home,4-2-3-1,1,73,Patrizio Masini,RM,8,744104
Genoa,2025-08-15,Vicenza,home,4-2-3-1,1,29,Lorenzo Colombo,F,9,744104
Genoa,2025-08-15,Vicenza,home,4-2-3-1,1,11,Albert Grønbaek,AM-L,11,744104
Genoa,2025-08-15,Vicenza,home,4-2-3-1,1,23,Valentin Carboni,AM-R,7,744104
Genoa,2025-08-15,Vicenza,home,4-2-3-1,0,31,Benjamin Siegrist,SUB,0,744104
Genoa,2025-08-15,Vicenza,home,4-2-3-1,0,20,Stefano Sabelli,SUB,0,744104
Genoa,2025-08-15,Vicenza,home,4-2-3-1,0,76,Lorenzo Venturino,SUB,0,744104
Genoa,2025-08-15,Vicenza,home,4-2-3-1,0,9,Vitinha,SUB,0,744104
Genoa,2025-08-15,Vicenza,home,4-2-3-1,0,40,Seydou Fini,SUB,0,744104
Genoa,2025-08-15,Vicenza,home,4-2-3-1,0,5,Leo Østigard,SUB,0,744104
Genoa,2025-08-15,Vicenza,home,4-2-3-1,0,77,Mikael Ellertsson,SUB,0,744104
Genoa,2025-08-15,Vicenza,home,4-2-3-1,0,10,Junior Messias,SUB,0,744104
Genoa,2025-08-15,Vicenza,home,4-2-3-1,0,2,Morten Thorsby,SUB,0,744104
Genoa,2025-08-15,Vicenza,home,4-2-3-1,0,30,Hugo Cuenca,SUB,0,744104
Genoa,2025-08-15,Vicenza,home,4-2-3-1,0,39,Daniele Sommariva,SUB,0,744104
Genoa,2025-08-15,Vicenza,home,4-2-3-1,0,17,Ruslan Malinovskyi,SUB,0,744104
Genoa,2025-08-15,Vicenza,home,4-2-3-1,0,21,Jeff Ekhator,SUB,0,744104
Como,2025-08-16,Sudtirol,home,4-3-2-1,1,1,Jean Butez,G,1,744106
Como,2025-08-16,Sudtirol,home,4-3-2-1,1,2,Marc-Oliver Kempf,CD-L,6,744106
Como,2025-08-16,Sudtirol,home,4-3-2-1,1,14,Jacobo Ramón,CD-R,5,744106
Como,2025-08-16,Sudtirol,home,4-3-2-1,1,18,Alberto Moreno,LB,3,744106
Como,2025-08-16,Sudtirol,home,4-3-2-1,1,31,Mërgim Vojvoda,RB,2,744106
Como,2025-08-16,Sudtirol,home,4-3-2-1,1,8,Sergi Roberto,CM,4,744106
Como,2025-08-16,Sudtirol,home,4-3-2-1,1,33,Lucas Da Cunha,CM-L,7,744106
Como,2025-08-16,Sudtirol,home,4-3-2-1,1,10,Nico Paz,CM-R,8,744106
Como,2025-08-16,Sudtirol,home,4-3-2-1,1,11,Anastasios Douvikas,F,9,744106
Como,2025-08-16,Sudtirol,home,4-3-2-1,1,17,Jesús Rodriguez,CF-L,11,744106
Como,2025-08-16,Sudtirol,home,4-3-2-1,1,42,Jayden Addai,CF-R,10,744106
Como,2025-08-16,Sudtirol,home,4-3-2-1,0,23,Máximo Perrone,SUB,0,744106
Como,2025-08-16,Sudtirol,home,4-3-2-1,0,28,Ivan Smolcic,SUB,0,744106
Como,2025-08-16,Sudtirol,home,4-3-2-1,0,77,Ignace van der Brempt,SUB,0,744106
Como,2025-08-16,Sudtirol,home,4-3-2-1,0,6,Maxence Caqueret,SUB,0,744106
Como,2025-08-16,Sudtirol,home,4-3-2-1,0,9,Alessandro Gabrielloni,SUB,0,744106
Como,2025-08-16,Sudtirol,home,4-3-2-1,0,38,Assane Diao,SUB,0,744106
Como,2025-08-16,Sudtirol,home,4-3-2-1,0,3,Álex Valle,SUB,0,744106
Como,2025-08-16,Sudtirol,home,4-3-2-1,0,20,Martin Baturina,SUB,0,744106
Como,2025-08-16,Sudtirol,home,4-3-2-1,0,63,Patrick Cutrone,SUB,0,744106
Como,2025-08-16,Sudtirol,home,4-3-2-1,0,22,Mauro Vigorito,SUB,0,744106
Como,2025-08-16,Sudtirol,home,4-3-2-1,0,12,Henrique Menke,SUB,0,744106
Como,2025-08-16,Sudtirol,home,4-3-2-1,0,7,Álvaro Morata,SUB,0,744106
Como,2025-08-16,Sudtirol,home,4-3-2-1,0,5,Edoardo Goldaniga,SUB,0,744106
Cagliari,2025-08-16,Virtus Entella,home,3-5-2,1,1,Elia Caprile,G,1,744107
Cagliari,2025-08-16,Virtus Entella,home,3-5-2,1,26,Yerry Mina,CD,5,744107
Cagliari,2025-08-16,Virtus Entella,home,3-5-2,1,33,Adam Obert,CD-L,4,744107
Cagliari,2025-08-16,Virtus Entella,home,3-5-2,1,14,Alessandro Deiola,CD-R,6,744107
Cagliari,2025-08-16,Virtus Entella,home,3-5-2,1,90,Michael Folorunsho,CM-L,8,744107
Cagliari,2025-08-16,Virtus Entella,home,3-5-2,1,8,Michel Adopo,CM-R,7,744107
Cagliari,2025-08-16,Virtus Entella,home,3-5-2,1,16,Matteo Prati,AM,11,744107
Cagliari,2025-08-16,Virtus Entella,home,3-5-2,1,3,Riyad Idrissi,LM,3,744107
Cagliari,2025-08-16,Virtus Entella,home,3-5-2,1,19,Nadir Zortea,RM,2,744107
Cagliari,2025-08-16,Virtus Entella,home,3-5-2,1,91,Roberto Piccoli,CF-L,9,744107
Cagliari,2025-08-16,Virtus Entella,home,3-5-2,1,77,Zito Luvumbo,CF-R,10,744107
Cagliari,2025-08-16,Virtus Entella,home,3-5-2,0,10,Gianluca Gaetano,SUB,0,744107
Cagliari,2025-08-16,Virtus Entella,home,3-5-2,0,18,Alessandro Di Pardo,SUB,0,744107
Cagliari,2025-08-16,Virtus Entella,home,3-5-2,0,21,Nicolò Cavuoti,SUB,0,744107
Cagliari,2025-08-16,Virtus Entella,home,3-5-2,0,28,Gabriele Zappa,SUB,0,744107
Cagliari,2025-08-16,Virtus Entella,home,3-5-2,0,20,Marko Rog,SUB,0,744107
Cagliari,2025-08-16,Virtus Entella,home,3-5-2,0,9,Semih Kiliçsoy,SUB,0,744107
Cagliari,2025-08-16,Virtus Entella,home,3-5-2,0,4,Luca Mazzitelli,SUB,0,744107
Cagliari,2025-08-16,Virtus Entella,home,3-5-2,0,23,Nicola Pintus,SUB,0,744107
Cagliari,2025-08-16,Virtus Entella,home,3-5-2,0,22,Alessandro Vinciguerra,SUB,0,744107
Cagliari,2025-08-16,Virtus Entella,home,3-5-2,0,29,Gennaro Borrelli,SUB,0,744107
Cagliari,2025-08-16,Virtus Entella,home,3-5-2,0,94,Sebastiano Esposito,SUB,0,744107
Cagliari,2025-08-16,Virtus Entella,home,3-5-2,0,24,Giuseppe Ciocci,SUB,0,744107
Cagliari,2025-08-16,Virtus Entella,home,3-5-2,0,17,Mattia Felici,SUB,0,744107
Cagliari,2025-08-16,Virtus Entella,home,3-5-2,0,34,Vincenzo Sarno,SUB,0,744107
Cremonese,2025-08-16,Palermo,home,3-5-2,1,1,Emil Audero,G,1,744108
Cremonese,2025-08-16,Palermo,home,3-5-2,1,6,Federico Baschirotto,CD,5,744108
Cremonese,2025-08-16,Palermo,home,3-5-2,1,15,Matteo Bianchetti,CD-L,4,744108
Cremonese,2025-08-16,Palermo,home,3-5-2,1,24,Filippo Terracciano,CD-R,6,744108
Cremonese,2025-08-16,Palermo,home,3-5-2,1,27,Jari Vandeputte,CM-L,8,744108
Cremonese,2025-08-16,Palermo,home,3-5-2,1,18,Michele Collocolo,CM-R,7,744108
Cremonese,2025-08-16,Palermo,home,3-5-2,1,33,Alberto Grassi,AM,11,744108
Cremonese,2025-08-16,Palermo,home,3-5-2,1,3,Giuseppe Pezzella,LM,3,744108
Cremonese,2025-08-16,Palermo,home,3-5-2,1,7,Alessio Zerbin,RM,2,744108
Cremonese,2025-08-16,Palermo,home,3-5-2,1,90,Federico Bonazzoli,CF-L,9,744108
Cremonese,2025-08-16,Palermo,home,3-5-2,1,9,Manuel De Luca,CF-R,10,744108
Cremonese,2025-08-16,Palermo,home,3-5-2,0,48,Dachi Lordkipanidze,SUB,0,744108
Cremonese,2025-08-16,Palermo,home,3-5-2,0,22,Romano Floriani,SUB,0,744108
Cremonese,2025-08-16,Palermo,home,3-5-2,0,19,Michele Castagnetti,SUB,0,744108
Cremonese,2025-08-16,Palermo,home,3-5-2,0,69,Lapo Nava,SUB,0,744108
Cremonese,2025-08-16,Palermo,home,3-5-2,0,77,David Okereke,SUB,0,744108
Cremonese,2025-08-16,Palermo,home,3-5-2,0,13,Felix Afena-Gyan,SUB,0,744108
Cremonese,2025-08-16,Palermo,home,3-5-2,0,8,Mattia Valoti,SUB,0,744108
Cremonese,2025-08-16,Palermo,home,3-5-2,0,23,Federico Ceccherini,SUB,0,744108
Cremonese,2025-08-16,Palermo,home,3-5-2,0,20,Franco Vázquez,SUB,0,744108
Cremonese,2025-08-16,Palermo,home,3-5-2,0,11,Dennis Johnsen,SUB,0,744108
Cremonese,2025-08-16,Palermo,home,3-5-2,0,17,Leonardo Sernicola,SUB,0,744108
Cremonese,2025-08-16,Palermo,home,3-5-2,0,16,Marco Silvestri,SUB,0,744108
Cremonese,2025-08-16,Palermo,home,3-5-2,0,55,Francesco Folino,SUB,0,744108
Cremonese,2025-08-16,Palermo,home,3-5-2,0,38,Warren Bondo,SUB,0,744108
Parma,2025-08-17,Pescara,home,3-4-2-1,1,31,Zion Suzuki,G,1,744110
Parma,2025-08-17,Pescara,home,3-4-2-1,1,39,Alessandro Circati,CD,5,744110
Parma,2025-08-17,Pescara,home,3-4-2-1,1,5,Lautaro Valenti,CD-L,4,744110
Parma,2025-08-17,Pescara,home,3-4-2-1,1,15,Enrico Del Prato,CD-R,6,744110
Parma,2025-08-17,Pescara,home,3-4-2-1,1,16,Mandela Keita,CM-L,8,744110
Parma,2025-08-17,Pescara,home,3-4-2-1,1,10,Adrián Bernabé,CM-R,7,744110
Parma,2025-08-17,Pescara,home,3-4-2-1,1,14,Emanuele Valeri,LM,3,744110
Parma,2025-08-17,Pescara,home,3-4-2-1,1,18,Mathias Løvik,RM,2,744110
Parma,2025-08-17,Pescara,home,3-4-2-1,1,9,Mateo Pellegrino,F,9,744110
Parma,2025-08-17,Pescara,home,3-4-2-1,1,24,Christian Ordoñez,CF-L,11,744110
Parma,2025-08-17,Pescara,home,3-4-2-1,1,11,Pontus Almqvist,CF-R,10,744110
Parma,2025-08-17,Pescara,home,3-4-2-1,0,66,Filippo Rinaldi,SUB,0,744110
Parma,2025-08-17,Pescara,home,3-4-2-1,0,7,Adrian Benedyczak,SUB,0,744110
Parma,2025-08-17,Pescara,home,3-4-2-1,0,8,Nahuel Estévez,SUB,0,744110
Parma,2025-08-17,Pescara,home,3-4-2-1,0,21,Antoine Joujou,SUB,0,744110
Parma,2025-08-17,Pescara,home,3-4-2-1,0,22,Oliver Sørensen,SUB,0,744110
Parma,2025-08-17,Pescara,home,3-4-2-1,0,30,Milan Djuric,SUB,0,744110
Parma,2025-08-17,Pescara,home,3-4-2-1,0,65,Elia Plicco,SUB,0,744110
Parma,2025-08-17,Pescara,home,3-4-2-1,0,20,Matija Frigan,SUB,0,744110
Parma,2025-08-17,Pescara,home,3-4-2-1,0,40,Edoardo Corvi,SUB,0,744110
Parma,2025-08-17,Pescara,home,3-4-2-1,0,60,Peter Amoran,SUB,0,744110
Parma,2025-08-17,Pescara,home,3-4-2-1,0,19,Tjas Begic,SUB,0,744110
Parma,2025-08-17,Pescara,home,3-4-2-1,0,77,Dario Sits,SUB,0,744110
Parma,2025-08-17,Pescara,home,3-4-2-1,0,4,Botond Balogh,SUB,0,744110
Parma,2025-08-17,Pescara,home,3-4-2-1,0,3,Abdoulaye Ndiaye,SUB,0,744110
Pisa,2025-08-17,Cesena,away,3-4-2-1,1,1,Adrian Semper,G,1,744111
Pisa,2025-08-17,Cesena,away,3-4-2-1,1,4,Antonio Caracciolo,CD,5,744111
Pisa,2025-08-17,Cesena,away,3-4-2-1,1,5,Simone Canestrelli,CD-L,4,744111
Pisa,2025-08-17,Cesena,away,3-4-2-1,1,33,Arturo Calabresi,CD-R,6,744111
Pisa,2025-08-17,Cesena,away,3-4-2-1,1,6,Marius Marin,CM-L,8,744111
Pisa,2025-08-17,Cesena,away,3-4-2-1,1,20,Michel Aebischer,CM-R,7,744111
Pisa,2025-08-17,Cesena,away,3-4-2-1,1,3,Samuele Angori,LM,3,744111
Pisa,2025-08-17,Cesena,away,3-4-2-1,1,15,Idrissa Touré,RM,2,744111
Pisa,2025-08-17,Cesena,away,3-4-2-1,1,45,Alexander Lind,F,9,744111
Pisa,2025-08-17,Cesena,away,3-4-2-1,1,10,Matteo Tramoni,CF-L,11,744111
Pisa,2025-08-17,Cesena,away,3-4-2-1,1,32,Stefano Moreo,CF-R,10,744111
Pisa,2025-08-17,Cesena,away,3-4-2-1,0,12,Nícolas Andrade,SUB,0,744111
Pisa,2025-08-17,Cesena,away,3-4-2-1,0,14,Ebenezer Akinsanmiro,SUB,0,744111
Pisa,2025-08-17,Cesena,away,3-4-2-1,0,77,Mert Durmush,SUB,0,744111
Pisa,2025-08-17,Cesena,away,3-4-2-1,0,36,Gabriele Piccinini,SUB,0,744111
Pisa,2025-08-17,Cesena,away,3-4-2-1,0,22,Simone Scuffet,SUB,0,744111
Pisa,2025-08-17,Cesena,away,3-4-2-1,0,18,M'Bala Nzola,SUB,0,744111
Pisa,2025-08-17,Cesena,away,3-4-2-1,0,7,Mehdi Léris,SUB,0,744111
Pisa,2025-08-17,Cesena,away,3-4-2-1,0,11,Juan Cuadrado,SUB,0,744111
Pisa,2025-08-17,Cesena,away,3-4-2-1,0,8,Malthe Hojholt,SUB,0,744111
Pisa,2025-08-17,Cesena,away,3-4-2-1,0,76,Jeremy Kandje Mbambi,SUB,0,744111
Pisa,2025-08-17,Cesena,away,3-4-2-1,0,43,Matias Casarosa,SUB,0,744111
Pisa,2025-08-17,Cesena,away,3-4-2-1,0,16,Louis Buffon,SUB,0,744111
Milan,2025-08-17,Bari,home,3-5-2,1,16,Mike Maignan,G,1,744112
Milan,2025-08-17,Bari,home,3-5-2,1,46,Matteo Gabbia,CD,5,744112
Milan,2025-08-17,Bari,home,3-5-2,1,31,Strahinja Pavlovic,CD-L,4,744112
Milan,2025-08-17,Bari,home,3-5-2,1,23,Fikayo Tomori,CD-R,6,744112
Milan,2025-08-17,Bari,home,3-5-2,1,8,Ruben Loftus-Cheek,CM-L,8,744112
Milan,2025-08-17,Bari,home,3-5-2,1,19,Youssouf Fofana,CM-R,7,744112
Milan,2025-08-17,Bari,home,3-5-2,1,4,Samuele Ricci,AM,11,744112
Milan,2025-08-17,Bari,home,3-5-2,1,2,Pervis Estupiñán,LM,3,744112
Milan,2025-08-17,Bari,home,3-5-2,1,56,Alexis Saelemaekers,RM,2,744112
Milan,2025-08-17,Bari,home,3-5-2,1,10,Rafael Leão,CF-L,9,744112
Milan,2025-08-17,Bari,home,3-5-2,1,11,Christian Pulisic,CF-R,10,744112
Milan,2025-08-17,Bari,home,3-5-2,0,37,Matteo Pittarella,SUB,0,744112
Milan,2025-08-17,Bari,home,3-5-2,0,30,Ardon Jashari,SUB,0,744112
Milan,2025-08-17,Bari,home,3-5-2,0,21,Samuel Chukwueze,SUB,0,744112
Milan,2025-08-17,Bari,home,3-5-2,0,1,Pietro Terracciano,SUB,0,744112
Milan,2025-08-17,Bari,home,3-5-2,0,24,Zachary Athekame,SUB,0,744112
Milan,2025-08-17,Bari,home,3-5-2,0,5,Koni De Winter,SUB,0,744112
Milan,2025-08-17,Bari,home,3-5-2,0,34,Valeri Vladimirov,SUB,0,744112
Milan,2025-08-17,Bari,home,3-5-2,0,33,Davide Bartesaghi,SUB,0,744112
Milan,2025-08-17,Bari,home,3-5-2,0,17,Noah Okafor,SUB,0,744112
Milan,2025-08-17,Bari,home,3-5-2,0,7,Santiago Gimenez,SUB,0,744112
Milan,2025-08-17,Bari,home,3-5-2,0,20,Álex Jiménez,SUB,0,744112
Milan,2025-08-17,Bari,home,3-5-2,0,14,Luka Modric,SUB,0,744112
Milan,2025-08-17,Bari,home,3-5-2,0,80,Yunus Musah,SUB,0,744112
Hellas Verona,2025-08-18,Audace Cerignola,away,3-1-4-2,0,20,Grigoris Kastanos,,0,744113
Hellas Verona,2025-08-18,Audace Cerignola,away,3-1-4-2,0,80,Stefan Mitrovic,,0,744113
Hellas Verona,2025-08-18,Audace Cerignola,away,3-1-4-2,0,9,Amin Sarr,,0,744113
Hellas Verona,2025-08-18,Audace Cerignola,away,3-1-4-2,0,12,Domagoj Bradaric,,0,744113
Hellas Verona,2025-08-18,Audace Cerignola,away,3-1-4-2,0,72,Junior Ajayi,,0,744113
Hellas Verona,2025-08-18,Audace Cerignola,away,3-1-4-2,0,34,Simone Perilli,,0,744113
Hellas Verona,2025-08-18,Audace Cerignola,away,3-1-4-2,0,39,Mathis Lambourde,,0,744113
Hellas Verona,2025-08-18,Audace Cerignola,away,3-1-4-2,0,18,Charlys,,0,744113
Hellas Verona,2025-08-18,Audace Cerignola,away,3-1-4-2,0,4,Yellu Santiago,,0,744113
Hellas Verona,2025-08-18,Audace Cerignola,away,3-1-4-2,0,22,Adi Kurti,,0,744113
Hellas Verona,2025-08-18,Audace Cerignola,away,3-1-4-2,0,19,Tobias Slotsager,,0,744113
Hellas Verona,2025-08-18,Audace Cerignola,away,3-1-4-2,0,14,Dailon Livramento,,0,744113
Hellas Verona,2025-08-18,Audace Cerignola,away,3-1-4-2,0,21,Abdou Harroui,,0,744113
Hellas Verona,2025-08-18,Audace Cerignola,away,3-1-4-2,0,98,Federico Magro,,0,744113
Hellas Verona,2025-08-18,Audace Cerignola,away,3-1-4-2,1,1,Lorenzo Montipò,G,1,744113
Hellas Verona,2025-08-18,Audace Cerignola,away,3-1-4-2,1,5,Unai Núñez,CD,4,744113
Hellas Verona,2025-08-18,Audace Cerignola,away,3-1-4-2,1,6,Nicolás Valentini,CD-L,6,744113
Hellas Verona,2025-08-18,Audace Cerignola,away,3-1-4-2,1,2,Daniel Oyegoke,CD-R,5,744113
Hellas Verona,2025-08-18,Audace Cerignola,away,3-1-4-2,1,24,Antoine Bernede,SW,8,744113
Hellas Verona,2025-08-18,Audace Cerignola,away,3-1-4-2,1,8,Suat Serdar,CM-L,11,744113
Hellas Verona,2025-08-18,Audace Cerignola,away,3-1-4-2,1,36,Cheikh Niasse,CM-R,7,744113
Hellas Verona,2025-08-18,Audace Cerignola,away,3-1-4-2,1,3,Martin Frese,LM,3,744113
Hellas Verona,2025-08-18,Audace Cerignola,away,3-1-4-2,1,70,Fallou Cham,RM,2,744113
Hellas Verona,2025-08-18,Audace Cerignola,away,3-1-4-2,1,25,Daniel Mosquera,CF-L,10,744113
Hellas Verona,2025-08-18,Audace Cerignola,away,3-1-4-2,1,17,Giovane,CF-R,9,744113
Udinese,2025-08-18,Carrarese,home,3-5-2,1,90,Razvan Sava,G,1,744115
Udinese,2025-08-18,Carrarese,home,3-5-2,1,31,Thomas Kristensen,CD,5,744115
Udinese,2025-08-18,Carrarese,home,3-5-2,1,28,Oumar Solet,CD-L,4,744115
Udinese,2025-08-18,Carrarese,home,3-5-2,1,16,Matteo Palma,CD-R,6,744115
Udinese,2025-08-18,Carrarese,home,3-5-2,1,14,Arthur Atta,CM-L,8,744115
Udinese,2025-08-18,Carrarese,home,3-5-2,1,4,Sandi Lovric,CM-R,7,744115
Udinese,2025-08-18,Carrarese,home,3-5-2,1,8,Jesper Karlström,AM,11,744115
Udinese,2025-08-18,Carrarese,home,3-5-2,1,33,Jordan Zemura,LM,3,744115
Udinese,2025-08-18,Carrarese,home,3-5-2,1,19,Kingsley Ehizibue,RM,2,744115
Udinese,2025-08-18,Carrarese,home,3-5-2,1,17,Iker Bravo,CF-L,9,744115
Udinese,2025-08-18,Carrarese,home,3-5-2,1,9,Keinan Davis,CF-R,10,744115
Udinese,2025-08-18,Carrarese,home,3-5-2,0,2,Saba Goglichidze,SUB,0,744115
Udinese,2025-08-18,Carrarese,home,3-5-2,0,11,Hassane Kamara,SUB,0,744115
Udinese,2025-08-18,Carrarese,home,3-5-2,0,93,Daniele Padelli,SUB,0,744115
Udinese,2025-08-18,Carrarese,home,3-5-2,0,15,Bayo Youssouf,SUB,0,744115
Udinese,2025-08-18,Carrarese,home,3-5-2,0,99,Damián Pizarro,SUB,0,744115
Udinese,2025-08-18,Carrarese,home,3-5-2,0,77,Rui Modesto,SUB,0,744115
Udinese,2025-08-18,Carrarese,home,3-5-2,0,13,Nicolò Bertola,SUB,0,744115
Udinese,2025-08-18,Carrarese,home,3-5-2,0,27,Christian Kabasele,SUB,0,744115
Udinese,2025-08-18,Carrarese,home,3-5-2,0,1,Alessandro Nunziante,SUB,0,744115
Udinese,2025-08-18,Carrarese,home,3-5-2,0,24,Jakub Piotrowski,SUB,0,744115
Udinese,2025-08-18,Carrarese,home,3-5-2,0,29,Abdoulaye Camara,SUB,0,744115
Udinese,2025-08-18,Carrarese,home,3-5-2,0,20,Simone Pafundi,SUB,0,744115
Udinese,2025-08-18,Carrarese,home,3-5-2,0,6,Oier Zarraga,SUB,0,744115
Udinese,2025-08-18,Carrarese,home,3-5-2,0,22,Brenner,SUB,0,744115
Torino,2025-08-18,Modena,home,4-2-3-1,1,81,Franco Israel,G,1,744116
Torino,2025-08-18,Modena,home,4-2-3-1,1,5,Adam Masina,CD-L,6,744116
Torino,2025-08-18,Modena,home,4-2-3-1,1,23,Saúl Coco,CD-R,5,744116
Torino,2025-08-18,Modena,home,4-2-3-1,1,34,Cristiano Biraghi,LB,3,744116
Torino,2025-08-18,Modena,home,4-2-3-1,1,16,Marcus Holmgren Pedersen,RB,2,744116
Torino,2025-08-18,Modena,home,4-2-3-1,1,10,Nikola Vlasic,AM,10,744116
Torino,2025-08-18,Modena,home,4-2-3-1,1,22,Cesare Casadei,LM,4,744116
Torino,2025-08-18,Modena,home,4-2-3-1,1,66,Gvidas Gineitis,RM,8,744116
Torino,2025-08-18,Modena,home,4-2-3-1,1,19,Ché Adams,F,9,744116
Torino,2025-08-18,Modena,home,4-2-3-1,1,7,Zakaria Aboukhlal,AM-L,11,744116
Torino,2025-08-18,Modena,home,4-2-3-1,1,26,Cyril Ngonge,AM-R,7,744116
Torino,2025-08-18,Modena,home,4-2-3-1,0,13,Guillermo Maripán,SUB,0,744116
Torino,2025-08-18,Modena,home,4-2-3-1,0,6,Emirhan Ilkhan,SUB,0,744116
Torino,2025-08-18,Modena,home,4-2-3-1,0,91,Duván Zapata,SUB,0,744116
Torino,2025-08-18,Modena,home,4-2-3-1,0,80,Côme Bianay,SUB,0,744116
Torino,2025-08-18,Modena,home,4-2-3-1,0,14,Faustino Anjorin,SUB,0,744116
Torino,2025-08-18,Modena,home,4-2-3-1,0,20,Valentino Lazaro,SUB,0,744116
Torino,2025-08-18,Modena,home,4-2-3-1,0,21,Ali Dembélé,SUB,0,744116
Torino,2025-08-18,Modena,home,4-2-3-1,0,1,Alberto Paleari,SUB,0,744116
Torino,2025-08-18,Modena,home,4-2-3-1,0,18,Giovanni Simeone,SUB,0,744116
Torino,2025-08-18,Modena,home,4-2-3-1,0,61,Adrien Tamèze,SUB,0,744116
Torino,2025-08-18,Modena,home,4-2-3-1,0,8,Ivan Ilic,SUB,0,744116
Torino,2025-08-18,Modena,home,4-2-3-1,0,83,Sergiu Perciun,SUB,0,744116
Torino,2025-08-18,Modena,home,4-2-3-1,0,15,Saba Sazonov,SUB,0,744116
Torino,2025-08-18,Modena,home,4-2-3-1,0,71,Mihai Popa,SUB,0,744116
Cagliari,2025-09-23,Frosinone,home,4-3-1-2,0,14,Alessandro Deiola,,0,756565
Cagliari,2025-09-23,Frosinone,home,4-3-1-2,0,36,Nicola Grandu,,0,756565
Cagliari,2025-09-23,Frosinone,home,4-3-1-2,0,2,Marco Palestra,,0,756565
Cagliari,2025-09-23,Frosinone,home,4-3-1-2,0,1,Elia Caprile,,0,756565
Cagliari,2025-09-23,Frosinone,home,4-3-1-2,0,94,Sebastiano Esposito,,0,756565
Cagliari,2025-09-23,Frosinone,home,4-3-1-2,0,19,Andrea Belotti,,0,756565
Cagliari,2025-09-23,Frosinone,home,4-3-1-2,0,30,Leonardo Pavoletti,,0,756565
Cagliari,2025-09-23,Frosinone,home,4-3-1-2,0,27,Joseph Liteta,,0,756565
Cagliari,2025-09-23,Frosinone,home,4-3-1-2,0,17,Mattia Felici,,0,756565
Cagliari,2025-09-23,Frosinone,home,4-3-1-2,0,8,Michel Adopo,,0,756565
Cagliari,2025-09-23,Frosinone,home,4-3-1-2,0,15,Juan Rodríguez,,0,756565
Cagliari,2025-09-23,Frosinone,home,4-3-1-2,0,16,Matteo Prati,,0,756565
Cagliari,2025-09-23,Frosinone,home,4-3-1-2,0,18,Alessandro Di Pardo,,0,756565
Cagliari,2025-09-23,Frosinone,home,4-3-1-2,0,35,Antoni Franke,,0,756565
Cagliari,2025-09-23,Frosinone,home,4-3-1-2,0,34,Vincenzo Sarno,,0,756565
Cagliari,2025-09-23,Frosinone,home,4-3-1-2,1,24,Giuseppe Ciocci,G,1,756565
Cagliari,2025-09-23,Frosinone,home,4-3-1-2,1,6,Sebastiano Luperto,CD-L,6,756565
Cagliari,2025-09-23,Frosinone,home,4-3-1-2,1,32,Zé Pedro,CD-R,5,756565
Cagliari,2025-09-23,Frosinone,home,4-3-1-2,1,3,Riyad Idrissi,LB,3,756565
Cagliari,2025-09-23,Frosinone,home,4-3-1-2,1,28,Gabriele Zappa,RB,2,756565
Cagliari,2025-09-23,Frosinone,home,4-3-1-2,1,29,Gennaro Borrelli,M,10,756565
Cagliari,2025-09-23,Frosinone,home,4-3-1-2,1,4,Luca Mazzitelli,CM,4,756565
Cagliari,2025-09-23,Frosinone,home,4-3-1-2,1,10,Gianluca Gaetano,AM,8,756565
Cagliari,2025-09-23,Frosinone,home,4-3-1-2,1,20,Marko Rog,LM,11,756565
Cagliari,2025-09-23,Frosinone,home,4-3-1-2,1,21,Nicolò Cavuoti,RM,7,756565
Cagliari,2025-09-23,Frosinone,home,4-3-1-2,1,9,Semih Kiliçsoy,CF-R,9,756565
Udinese,2025-09-23,Palermo,home,3-5-2,1,90,Razvan Sava,G,1,756763
Udinese,2025-09-23,Palermo,home,3-5-2,1,27,Christian Kabasele,CD,5,756763
Udinese,2025-09-23,Palermo,home,3-5-2,1,28,Oumar Solet,CD-L,4,756763
Udinese,2025-09-23,Palermo,home,3-5-2,1,16,Matteo Palma,CD-R,6,756763
Udinese,2025-09-23,Palermo,home,3-5-2,1,38,Lennon Miller,CM-L,8,756763
Udinese,2025-09-23,Palermo,home,3-5-2,1,24,Jakub Piotrowski,CM-R,7,756763
Udinese,2025-09-23,Palermo,home,3-5-2,1,8,Jesper Karlström,AM,11,756763
Udinese,2025-09-23,Palermo,home,3-5-2,1,11,Hassane Kamara,LM,3,756763
Udinese,2025-09-23,Palermo,home,3-5-2,1,59,Alessandro Zanoli,RM,2,756763
Udinese,2025-09-23,Palermo,home,3-5-2,1,18,Adam Buksa,CF-L,9,756763
Udinese,2025-09-23,Palermo,home,3-5-2,1,10,Nicolò Zaniolo,CF-R,10,756763
Udinese,2025-09-23,Palermo,home,3-5-2,0,13,Nicolò Bertola,SUB,0,756763
Udinese,2025-09-23,Palermo,home,3-5-2,0,32,Jurgen Ekkelenkamp,SUB,0,756763
Udinese,2025-09-23,Palermo,home,3-5-2,0,2,Saba Goglichidze,SUB,0,756763
Udinese,2025-09-23,Palermo,home,3-5-2,0,4,Sandi Lovric,SUB,0,756763
Udinese,2025-09-23,Palermo,home,3-5-2,0,29,Abdoulaye Camara,SUB,0,756763
Udinese,2025-09-23,Palermo,home,3-5-2,0,14,Arthur Atta,SUB,0,756763
Udinese,2025-09-23,Palermo,home,3-5-2,0,33,Jordan Zemura,SUB,0,756763
Udinese,2025-09-23,Palermo,home,3-5-2,0,1,Alessandro Nunziante,SUB,0,756763
Udinese,2025-09-23,Palermo,home,3-5-2,0,7,Idrissa Gueye,SUB,0,756763
Udinese,2025-09-23,Palermo,home,3-5-2,0,77,Rui Modesto,SUB,0,756763
Udinese,2025-09-23,Palermo,home,3-5-2,0,31,Thomas Kristensen,SUB,0,756763
Udinese,2025-09-23,Palermo,home,3-5-2,0,41,Gioele Venuti,SUB,0,756763
Udinese,2025-09-23,Palermo,home,3-5-2,0,6,Oier Zarraga,SUB,0,756763
Udinese,2025-09-23,Palermo,home,3-5-2,0,9,Keinan Davis,SUB,0,756763
Udinese,2025-09-23,Palermo,home,3-5-2,0,19,Kingsley Ehizibue,SUB,0,756763
Milan,2025-09-23,Lecce,home,3-5-2,1,16,Mike Maignan,G,1,756567
Milan,2025-09-23,Lecce,home,3-5-2,1,5,Koni De Winter,CD,5,756567
Milan,2025-09-23,Lecce,home,3-5-2,1,31,Strahinja Pavlovic,CD-L,4,756567
Milan,2025-09-23,Lecce,home,3-5-2,1,23,Fikayo Tomori,CD-R,6,756567
Milan,2025-09-23,Lecce,home,3-5-2,1,12,Adrien Rabiot,CM-L,8,756567
Milan,2025-09-23,Lecce,home,3-5-2,1,8,Ruben Loftus-Cheek,CM-R,7,756567
Milan,2025-09-23,Lecce,home,3-5-2,1,4,Samuele Ricci,AM,11,756567
Milan,2025-09-23,Lecce,home,3-5-2,1,33,Davide Bartesaghi,LM,3,756567
Milan,2025-09-23,Lecce,home,3-5-2,1,56,Alexis Saelemaekers,RM,2,756567
Milan,2025-09-23,Lecce,home,3-5-2,1,18,Christopher Nkunku,CF-L,9,756567
Milan,2025-09-23,Lecce,home,3-5-2,1,7,Santiago Gimenez,CF-R,10,756567
Milan,2025-09-23,Lecce,home,3-5-2,0,1,Pietro Terracciano,SUB,0,756567
Milan,2025-09-23,Lecce,home,3-5-2,0,25,Cheveyo Muy,SUB,0,756567
Milan,2025-09-23,Lecce,home,3-5-2,0,11,Christian Pulisic,SUB,0,756567
Milan,2025-09-23,Lecce,home,3-5-2,0,96,Lorenzo Torriani,SUB,0,756567
Milan,2025-09-23,Lecce,home,3-5-2,0,19,Youssouf Fofana,SUB,0,756567
Milan,2025-09-23,Lecce,home,3-5-2,0,14,Luka Modric,SUB,0,756567
Milan,2025-09-23,Lecce,home,3-5-2,0,24,Zachary Athekame,SUB,0,756567
Milan,2025-09-23,Lecce,home,3-5-2,0,27,David Odogu,SUB,0,756567
Milan,2025-09-23,Lecce,home,3-5-2,0,46,Matteo Gabbia,SUB,0,756567
Milan,2025-09-23,Lecce,home,3-5-2,0,2,Pervis Estupiñán,SUB,0,756567
Lecce,2025-09-23,Milan,away,5-3-2,1,1,Christian Früchtl,G,1,756567
Lecce,2025-09-23,Milan,away,5-3-2,1,44,Tiago Gabriel,CD,5,756567
Lecce,2025-09-23,Milan,away,5-3-2,1,3,Corrie Ndaba,CD-L,4,756567
Lecce,2025-09-23,Milan,away,5-3-2,1,5,Jamil Siebert,CD-R,6,756567
Lecce,2025-09-23,Milan,away,5-3-2,1,7,José Antonio Morente,LB,3,756567
Lecce,2025-09-23,Milan,away,5-3-2,1,17,Danilo Veiga,RB,2,756567
Lecce,2025-09-23,Milan,away,5-3-2,1,10,Medon Berisha,CM,8,756567
Lecce,2025-09-23,Milan,away,5-3-2,1,14,Thorir Johann Helgason,CM-L,11,756567
Lecce,2025-09-23,Milan,away,5-3-2,1,77,Mohamed Kaba,CM-R,7,756567
Lecce,2025-09-23,Milan,away,5-3-2,1,22,Francesco Camarda,CF-L,9,756567
Lecce,2025-09-23,Milan,away,5-3-2,1,11,Konan N’Dri,CF-R,10,756567
Lecce,2025-09-23,Milan,away,5-3-2,0,30,Wladimiro Falcone,SUB,0,756567
Lecce,2025-09-23,Milan,away,5-3-2,0,6,Álex Sala,SUB,0,756567
Lecce,2025-09-23,Milan,away,5-3-2,0,80,Niko Kovac,SUB,0,756567
Lecce,2025-09-23,Milan,away,5-3-2,0,21,Owen Kouassi,SUB,0,756567
Lecce,2025-09-23,Milan,away,5-3-2,0,20,Ylber Ramadani,SUB,0,756567
Lecce,2025-09-23,Milan,away,5-3-2,0,32,Jasper Samooja,SUB,0,756567
Lecce,2025-09-23,Milan,away,5-3-2,0,50,Santiago Pierotti,SUB,0,756567
Lecce,2025-09-23,Milan,away,5-3-2,0,29,Lassana Coulibaly,SUB,0,756567
Lecce,2025-09-23,Milan,away,5-3-2,0,28,Olaf Gorter,SUB,0,756567
Lecce,2025-09-23,Milan,away,5-3-2,0,4,Kialonda Gaspar,SUB,0,756567
Lecce,2025-09-23,Milan,away,5-3-2,0,25,Antonino Gallo,SUB,0,756567
Lecce,2025-09-23,Milan,away,5-3-2,0,9,Nikola Stulic,SUB,0,756567
Parma,2025-09-24,Spezia,home,3-5-2,1,31,Zion Suzuki,G,1,756764
Parma,2025-09-24,Spezia,home,3-5-2,1,37,Mariano Troilo,CD,5,756764
Parma,2025-09-24,Spezia,home,3-5-2,1,3,Abdoulaye Ndiaye,CD-L,4,756764
Parma,2025-09-24,Spezia,home,3-5-2,1,15,Enrico Del Prato,CD-R,6,756764
Parma,2025-09-24,Spezia,home,3-5-2,1,22,Oliver Sørensen,CM-L,8,756764
Parma,2025-09-24,Spezia,home,3-5-2,1,8,Nahuel Estévez,CM-R,7,756764
Parma,2025-09-24,Spezia,home,3-5-2,1,24,Christian Ordoñez,AM,11,756764
Parma,2025-09-24,Spezia,home,3-5-2,1,18,Mathias Løvik,LM,3,756764
Parma,2025-09-24,Spezia,home,3-5-2,1,27,Sascha Britschgi,RM,2,756764
Parma,2025-09-24,Spezia,home,3-5-2,1,9,Mateo Pellegrino,CF-L,9,756764
Parma,2025-09-24,Spezia,home,3-5-2,1,7,Adrian Benedyczak,CF-R,10,756764
Parma,2025-09-24,Spezia,home,3-5-2,0,21,Gaetano Oristanio,SUB,0,756764
Parma,2025-09-24,Spezia,home,3-5-2,0,40,Edoardo Corvi,SUB,0,756764
Parma,2025-09-24,Spezia,home,3-5-2,0,39,Alessandro Circati,SUB,0,756764
Parma,2025-09-24,Spezia,home,3-5-2,0,66,Filippo Rinaldi,SUB,0,756764
Parma,2025-09-24,Spezia,home,3-5-2,0,76,Daniel Mikolajewski,SUB,0,756764
Parma,2025-09-24,Spezia,home,3-5-2,0,16,Mandela Keita,SUB,0,756764
Parma,2025-09-24,Spezia,home,3-5-2,0,75,Alessandro Cardinali,SUB,0,756764
Parma,2025-09-24,Spezia,home,3-5-2,0,72,Roberto D'Intino,SUB,0,756764
Parma,2025-09-24,Spezia,home,3-5-2,0,63,Nicolas Trabucchi,SUB,0,756764
Parma,2025-09-24,Spezia,home,3-5-2,0,11,Pontus Almqvist,SUB,0,756764
Parma,2025-09-24,Spezia,home,3-5-2,0,19,Tjas Begic,SUB,0,756764
Parma,2025-09-24,Spezia,home,3-5-2,0,10,Adrián Bernabé,SUB,0,756764
Parma,2025-09-24,Spezia,home,3-5-2,0,14,Emanuele Valeri,SUB,0,756764
Parma,2025-09-24,Spezia,home,3-5-2,0,32,Patrick Cutrone,SUB,0,756764
Parma,2025-09-24,Spezia,home,3-5-2,0,65,Elia Plicco,SUB,0,756764
Hellas Verona,2025-09-24,Venezia,home,3-5-2,1,34,Simone Perilli,G,1,756564
Hellas Verona,2025-09-24,Venezia,home,3-5-2,1,37,Armel Bella-Kotchap,CD,5,756564
Hellas Verona,2025-09-24,Venezia,home,3-5-2,1,23,Enzo Ebosse,CD-L,4,756564
Hellas Verona,2025-09-24,Venezia,home,3-5-2,1,19,Tobias Slotsager,CD-R,6,756564
Hellas Verona,2025-09-24,Venezia,home,3-5-2,1,36,Cheikh Niasse,CM-L,8,756564
Hellas Verona,2025-09-24,Venezia,home,3-5-2,1,4,Yellu Santiago,CM-R,7,756564
Hellas Verona,2025-09-24,Venezia,home,3-5-2,1,73,Moatasem Al-Musrati,AM,11,756564
Hellas Verona,2025-09-24,Venezia,home,3-5-2,1,20,Grigoris Kastanos,LM,3,756564
Hellas Verona,2025-09-24,Venezia,home,3-5-2,1,70,Fallou Cham,RM,2,756564
Hellas Verona,2025-09-24,Venezia,home,3-5-2,1,72,Junior Ajayi,CF-L,9,756564
Hellas Verona,2025-09-24,Venezia,home,3-5-2,1,9,Amin Sarr,CF-R,10,756564
Hellas Verona,2025-09-24,Venezia,home,3-5-2,0,22,Adi Kurti,SUB,0,756564
Hellas Verona,2025-09-24,Venezia,home,3-5-2,0,28,Ruben Akalé,SUB,0,756564
Hellas Verona,2025-09-24,Venezia,home,3-5-2,0,71,Davide De Battisti,SUB,0,756564
Hellas Verona,2025-09-24,Venezia,home,3-5-2,0,90,Ioan Vermesan,SUB,0,756564
Hellas Verona,2025-09-24,Venezia,home,3-5-2,0,76,Mirko Castagnini,SUB,0,756564
Hellas Verona,2025-09-24,Venezia,home,3-5-2,0,15,Victor Nelsson,SUB,0,756564
Hellas Verona,2025-09-24,Venezia,home,3-5-2,0,27,Alessandro Pavanati,SUB,0,756564
Hellas Verona,2025-09-24,Venezia,home,3-5-2,0,7,Rafik Belghali,SUB,0,756564
Hellas Verona,2025-09-24,Venezia,home,3-5-2,0,77,William Feola,SUB,0,756564
Hellas Verona,2025-09-24,Venezia,home,3-5-2,0,17,Giovane,SUB,0,756564
Hellas Verona,2025-09-24,Venezia,home,3-5-2,0,1,Lorenzo Montipò,SUB,0,756564
Hellas Verona,2025-09-24,Venezia,home,3-5-2,0,92,Luca Monticelli,SUB,0,756564
Hellas Verona,2025-09-24,Venezia,home,3-5-2,0,16,Gift Orban,SUB,0,756564
Hellas Verona,2025-09-24,Venezia,home,3-5-2,0,30,Luca Szimionas,SUB,0,756564
Como,2025-09-24,Sassuolo,home,4-2-3-1,1,1,Jean Butez,G,1,756568
Como,2025-09-24,Sassuolo,home,4-2-3-1,1,2,Marc-Oliver Kempf,CD-L,6,756568
Como,2025-09-24,Sassuolo,home,4-2-3-1,1,5,Edoardo Goldaniga,CD-R,5,756568
Como,2025-09-24,Sassuolo,home,4-2-3-1,1,18,Alberto Moreno,LB,3,756568
Como,2025-09-24,Sassuolo,home,4-2-3-1,1,27,Stefan Posch,RB,2,756568
Como,2025-09-24,Sassuolo,home,4-2-3-1,1,20,Martin Baturina,AM,10,756568
Como,2025-09-24,Sassuolo,home,4-2-3-1,1,33,Lucas Da Cunha,LM,4,756568
Como,2025-09-24,Sassuolo,home,4-2-3-1,1,6,Maxence Caqueret,RM,8,756568
Como,2025-09-24,Sassuolo,home,4-2-3-1,1,11,Anastasios Douvikas,F,9,756568
Como,2025-09-24,Sassuolo,home,4-2-3-1,1,17,Jesús Rodriguez,AM-L,11,756568
Como,2025-09-24,Sassuolo,home,4-2-3-1,1,42,Jayden Addai,AM-R,7,756568
Como,2025-09-24,Sassuolo,home,4-2-3-1,0,22,Mauro Vigorito,SUB,0,756568
Como,2025-09-24,Sassuolo,home,4-2-3-1,0,14,Jacobo Ramón,SUB,0,756568
Como,2025-09-24,Sassuolo,home,4-2-3-1,0,44,Nikola Cavlina,SUB,0,756568
Como,2025-09-24,Sassuolo,home,4-2-3-1,0,31,Mërgim Vojvoda,SUB,0,756568
Como,2025-09-24,Sassuolo,home,4-2-3-1,0,3,Álex Valle,SUB,0,756568
Como,2025-09-24,Sassuolo,home,4-2-3-1,0,10,Nico Paz,SUB,0,756568
Como,2025-09-24,Sassuolo,home,4-2-3-1,0,57,Lorenzo Bonsignori Goggi,SUB,0,756568
Como,2025-09-24,Sassuolo,home,4-2-3-1,0,34,Diego Carlos,SUB,0,756568
Como,2025-09-24,Sassuolo,home,4-2-3-1,0,99,Alberto Cerri,SUB,0,756568
Como,2025-09-24,Sassuolo,home,4-2-3-1,0,23,Máximo Perrone,SUB,0,756568
Como,2025-09-24,Sassuolo,home,4-2-3-1,0,7,Álvaro Morata,SUB,0,756568
Como,2025-09-24,Sassuolo,home,4-2-3-1,0,19,Nicolas Kühn,SUB,0,756568
Como,2025-09-24,Sassuolo,home,4-2-3-1,0,8,Sergi Roberto,SUB,0,756568
Como,2025-09-24,Sassuolo,home,4-2-3-1,0,54,Matteo Papaccioli,SUB,0,756568
Como,2025-09-24,Sassuolo,home,4-2-3-1,0,28,Ivan Smolcic,SUB,0,756568
Sassuolo,2025-09-24,Como,away,4-3-3,1,13,Stefano Turati,G,1,756568
Sassuolo,2025-09-24,Como,away,4-3-3,1,5,Fali Candé,CD-L,6,756568
Sassuolo,2025-09-24,Como,away,4-3-3,1,19,Filippo Romagna,CD-R,5,756568
Sassuolo,2025-09-24,Como,away,4-3-3,1,15,Edoardo Pieragnolo,LB,3,756568
Sassuolo,2025-09-24,Como,away,4-3-3,1,25,Woyo Coulibaly,RB,2,756568
Sassuolo,2025-09-24,Como,away,4-3-3,1,35,Luca Lipani,CM,4,756568
Sassuolo,2025-09-24,Como,away,4-3-3,1,11,Daniel Boloca,LM,8,756568
Sassuolo,2025-09-24,Como,away,4-3-3,1,44,Edoardo Iannoni,RM,7,756568
Sassuolo,2025-09-24,Como,away,4-3-3,1,9,Walid Cheddira,F,9,756568
Sassuolo,2025-09-24,Como,away,4-3-3,1,20,Alieu Fadera,LF,11,756568
Sassuolo,2025-09-24,Como,away,4-3-3,1,7,Cristian Volpato,RF,10,756568
Sassuolo,2025-09-24,Como,away,4-3-3,0,80,Tarik Muharemovic,SUB,0,756568
Sassuolo,2025-09-24,Como,away,4-3-3,0,77,Nicholas Pierini,SUB,0,756568
Sassuolo,2025-09-24,Como,away,4-3-3,0,42,Kristian Thorstvedt,SUB,0,756568
Sassuolo,2025-09-24,Como,away,4-3-3,0,24,Luca Moro,SUB,0,756568
Sassuolo,2025-09-24,Como,away,4-3-3,0,90,Ismaël Koné,SUB,0,756568
Sassuolo,2025-09-24,Como,away,4-3-3,0,16,Gioele Zacchi,SUB,0,756568
Sassuolo,2025-09-24,Como,away,4-3-3,0,40,Aster Vranckx,SUB,0,756568
Sassuolo,2025-09-24,Como,away,4-3-3,0,6,Sebastian Walukiewicz,SUB,0,756568
Sassuolo,2025-09-24,Como,away,4-3-3,0,3,Josh Doig,SUB,0,756568
Sassuolo,2025-09-24,Como,away,4-3-3,0,26,Cas Odenthal,SUB,0,756568
Sassuolo,2025-09-24,Como,away,4-3-3,0,12,Giacomo Satalino,SUB,0,756568
Sassuolo,2025-09-24,Como,away,4-3-3,0,14,Laurs Skjellerup,SUB,0,756568
Genoa,2025-09-25,Empoli,home,4-2-3-1,1,1,Nicola Leali,G,1,756566
Genoa,2025-09-25,Empoli,home,4-2-3-1,1,22,Johan Vásquez,CD-L,6,756566
Genoa,2025-09-25,Empoli,home,4-2-3-1,1,27,Alessandro Marcandalli,CD-R,5,756566
Genoa,2025-09-25,Empoli,home,4-2-3-1,1,3,Aarón Martín,LB,3,756566
Genoa,2025-09-25,Empoli,home,4-2-3-1,1,20,Stefano Sabelli,RB,2,756566
Genoa,2025-09-25,Empoli,home,4-2-3-1,1,10,Junior Messias,AM,10,756566
Genoa,2025-09-25,Empoli,home,4-2-3-1,1,32,Morten Frendrup,LM,4,756566
Genoa,2025-09-25,Empoli,home,4-2-3-1,1,8,Nicolae Stanciu,RM,8,756566
Genoa,2025-09-25,Empoli,home,4-2-3-1,1,29,Lorenzo Colombo,F,9,756566
Genoa,2025-09-25,Empoli,home,4-2-3-1,1,11,Albert Grønbaek,AM-L,11,756566
Genoa,2025-09-25,Empoli,home,4-2-3-1,1,23,Valentin Carboni,AM-R,7,756566
Genoa,2025-09-25,Empoli,home,4-2-3-1,0,2,Morten Thorsby,SUB,0,756566
Genoa,2025-09-25,Empoli,home,4-2-3-1,0,21,Jeff Ekhator,SUB,0,756566
Genoa,2025-09-25,Empoli,home,4-2-3-1,0,73,Patrizio Masini,SUB,0,756566
Genoa,2025-09-25,Empoli,home,4-2-3-1,0,9,Vitinha,SUB,0,756566
Genoa,2025-09-25,Empoli,home,4-2-3-1,0,18,Caleb Ekuban,SUB,0,756566
Genoa,2025-09-25,Empoli,home,4-2-3-1,0,17,Ruslan Malinovskyi,SUB,0,756566
Genoa,2025-09-25,Empoli,home,4-2-3-1,0,76,Lorenzo Venturino,SUB,0,756566
Genoa,2025-09-25,Empoli,home,4-2-3-1,0,77,Mikael Ellertsson,SUB,0,756566
Genoa,2025-09-25,Empoli,home,4-2-3-1,0,34,Sebastian Otoa,SUB,0,756566
Genoa,2025-09-25,Empoli,home,4-2-3-1,0,31,Benjamin Siegrist,SUB,0,756566
Genoa,2025-09-25,Empoli,home,4-2-3-1,0,30,Hugo Cuenca,SUB,0,756566
Genoa,2025-09-25,Empoli,home,4-2-3-1,0,40,Seydou Fini,SUB,0,756566
Genoa,2025-09-25,Empoli,home,4-2-3-1,0,15,Brooke Norton-Cuffy,SUB,0,756566
Genoa,2025-09-25,Empoli,home,4-2-3-1,0,39,Daniele Sommariva,SUB,0,756566
Torino,2025-09-25,Pisa,home,3-4-2-1,1,1,Alberto Paleari,G,1,756765
Torino,2025-09-25,Pisa,home,3-4-2-1,1,44,Adrian Ismajli,CD,5,756765
Torino,2025-09-25,Pisa,home,3-4-2-1,1,23,Saúl Coco,CD-L,4,756765
Torino,2025-09-25,Pisa,home,3-4-2-1,1,21,Ali Dembélé,CD-R,6,756765
Torino,2025-09-25,Pisa,home,3-4-2-1,1,61,Adrien Tamèze,CM-L,8,756765
Torino,2025-09-25,Pisa,home,3-4-2-1,1,22,Cesare Casadei,CM-R,7,756765
Torino,2025-09-25,Pisa,home,3-4-2-1,1,25,Niels Nkounkou,LM,3,756765
Torino,2025-09-25,Pisa,home,3-4-2-1,1,16,Marcus Holmgren Pedersen,RM,2,756765
Torino,2025-09-25,Pisa,home,3-4-2-1,1,19,Ché Adams,F,9,756765
Torino,2025-09-25,Pisa,home,3-4-2-1,1,92,Alieu Njie,CF-L,11,756765
Torino,2025-09-25,Pisa,home,3-4-2-1,1,26,Cyril Ngonge,CF-R,10,756765
Torino,2025-09-25,Pisa,home,3-4-2-1,0,66,Gvidas Gineitis,SUB,0,756765
Torino,2025-09-25,Pisa,home,3-4-2-1,0,6,Emirhan Ilkhan,SUB,0,756765
Torino,2025-09-25,Pisa,home,3-4-2-1,0,7,Zakaria Aboukhlal,SUB,0,756765
Torino,2025-09-25,Pisa,home,3-4-2-1,0,10,Nikola Vlasic,SUB,0,756765
Torino,2025-09-25,Pisa,home,3-4-2-1,0,20,Valentino Lazaro,SUB,0,756765
Torino,2025-09-25,Pisa,home,3-4-2-1,0,81,Franco Israel,SUB,0,756765
Torino,2025-09-25,Pisa,home,3-4-2-1,0,91,Duván Zapata,SUB,0,756765
Torino,2025-09-25,Pisa,home,3-4-2-1,0,34,Cristiano Biraghi,SUB,0,756765
Torino,2025-09-25,Pisa,home,3-4-2-1,0,71,Mihai Popa,SUB,0,756765
Torino,2025-09-25,Pisa,home,3-4-2-1,0,18,Giovanni Simeone,SUB,0,756765
Torino,2025-09-25,Pisa,home,3-4-2-1,0,14,Faustino Anjorin,SUB,0,756765
Torino,2025-09-25,Pisa,home,3-4-2-1,0,32,Kristjan Asllani,SUB,0,756765
Pisa,2025-09-25,Torino,away,3-4-2-1,1,22,Simone Scuffet,G,1,756765
Pisa,2025-09-25,Torino,away,3-4-2-1,1,39,Raúl Albiol,CD,5,756765
Pisa,2025-09-25,Torino,away,3-4-2-1,1,76,Jeremy Kandje Mbambi,CD-L,4,756765
Pisa,2025-09-25,Torino,away,3-4-2-1,1,5,Simone Canestrelli,CD-R,6,756765
Pisa,2025-09-25,Torino,away,3-4-2-1,1,21,Isak Vural,CM-L,8,756765
Pisa,2025-09-25,Torino,away,3-4-2-1,1,8,Malthe Hojholt,CM-R,7,756765
Pisa,2025-09-25,Torino,away,3-4-2-1,1,3,Samuele Angori,LM,3,756765
Pisa,2025-09-25,Torino,away,3-4-2-1,1,11,Juan Cuadrado,RM,2,756765
Pisa,2025-09-25,Torino,away,3-4-2-1,1,9,Henrik Meister,F,9,756765
Pisa,2025-09-25,Torino,away,3-4-2-1,1,36,Gabriele Piccinini,CF-L,11,756765
Pisa,2025-09-25,Torino,away,3-4-2-1,1,99,Lorran,CF-R,10,756765
Pisa,2025-09-25,Torino,away,3-4-2-1,0,10,Matteo Tramoni,SUB,0,756765
Pisa,2025-09-25,Torino,away,3-4-2-1,0,15,Idrissa Touré,SUB,0,756765
Pisa,2025-09-25,Torino,away,3-4-2-1,0,94,Giovanni Bonfanti,SUB,0,756765
Pisa,2025-09-25,Torino,away,3-4-2-1,0,46,Lorenzo Tosi,SUB,0,756765
Pisa,2025-09-25,Torino,away,3-4-2-1,0,34,Ante Vukovic,SUB,0,756765
Pisa,2025-09-25,Torino,away,3-4-2-1,0,42,Brando Bettazzi,SUB,0,756765
Pisa,2025-09-25,Torino,away,3-4-2-1,0,16,Louis Buffon,SUB,0,756765
Pisa,2025-09-25,Torino,away,3-4-2-1,0,47,Mateus Lusuardi,SUB,0,756765
Pisa,2025-09-25,Torino,away,3-4-2-1,0,12,Nícolas Andrade,SUB,0,756765
Pisa,2025-09-25,Torino,away,3-4-2-1,0,43,Matias Casarosa,SUB,0,756765
Pisa,2025-09-25,Torino,away,3-4-2-1,0,41,Daniel Battistella,SUB,0,756765
Juventus,2025-12-02,Udinese,home,3-4-2-1,1,16,Michele Di Gregorio,G,1,759119
Juventus,2025-12-02,Udinese,home,3-4-2-1,1,4,Federico Gatti,CD,5,759119
Juventus,2025-12-02,Udinese,home,3-4-2-1,1,6,Lloyd Kelly,CD-L,4,759119
Juventus,2025-12-02,Udinese,home,3-4-2-1,1,15,Pierre Kalulu,CD-R,6,759119
Juventus,2025-12-02,Udinese,home,3-4-2-1,1,8,Teun Koopmeiners,CM-L,8,759119
Juventus,2025-12-02,Udinese,home,3-4-2-1,1,21,Fabio Miretti,CM-R,7,759119
Juventus,2025-12-02,Udinese,home,3-4-2-1,1,32,Juan Cabal,LM,3,759119
Juventus,2025-12-02,Udinese,home,3-4-2-1,1,27,Andrea Cambiaso,RM,2,759119
Juventus,2025-12-02,Udinese,home,3-4-2-1,1,30,Jonathan David,F,9,759119
Juventus,2025-12-02,Udinese,home,3-4-2-1,1,10,Kenan Yildiz,CF-L,11,759119
Juventus,2025-12-02,Udinese,home,3-4-2-1,1,22,Weston McKennie,CF-R,10,759119
Juventus,2025-12-02,Udinese,home,3-4-2-1,0,18,Filip Kostic,SUB,0,759119
Juventus,2025-12-02,Udinese,home,3-4-2-1,0,19,Khéphren Thuram,SUB,0,759119
Juventus,2025-12-02,Udinese,home,3-4-2-1,0,40,Jonas Rouhi,SUB,0,759119
Juventus,2025-12-02,Udinese,home,3-4-2-1,0,42,Simone Scaglia,SUB,0,759119
Juventus,2025-12-02,Udinese,home,3-4-2-1,0,45,Stefano Mangiapoco,SUB,0,759119
Juventus,2025-12-02,Udinese,home,3-4-2-1,0,11,Edon Zhegrova,SUB,0,759119
Juventus,2025-12-02,Udinese,home,3-4-2-1,0,5,Manuel Locatelli,SUB,0,759119
Juventus,2025-12-02,Udinese,home,3-4-2-1,0,7,Francisco Conceição,SUB,0,759119
Juventus,2025-12-02,Udinese,home,3-4-2-1,0,25,João Mário,SUB,0,759119
Juventus,2025-12-02,Udinese,home,3-4-2-1,0,44,Pedro Felipe,SUB,0,759119
Juventus,2025-12-02,Udinese,home,3-4-2-1,0,17,Vasilije Adzic,SUB,0,759119
Juventus,2025-12-02,Udinese,home,3-4-2-1,0,20,Loïs Openda,SUB,0,759119
Udinese,2025-12-02,Juventus,away,3-1-4-2,0,2,Saba Goglichidze,,0,759119
Udinese,2025-12-02,Juventus,away,3-1-4-2,0,29,Abdoulaye Camara,,0,759119
Udinese,2025-12-02,Juventus,away,3-1-4-2,0,77,Rui Modesto,,0,759119
Udinese,2025-12-02,Juventus,away,3-1-4-2,0,40,Maduka Okoye,,0,759119
Udinese,2025-12-02,Juventus,away,3-1-4-2,0,32,Jurgen Ekkelenkamp,,0,759119
Udinese,2025-12-02,Juventus,away,3-1-4-2,0,27,Christian Kabasele,,0,759119
Udinese,2025-12-02,Juventus,away,3-1-4-2,0,7,Idrissa Gueye,,0,759119
Udinese,2025-12-02,Juventus,away,3-1-4-2,0,1,Alessandro Nunziante,,0,759119
Udinese,2025-12-02,Juventus,away,3-1-4-2,0,17,Iker Bravo,,0,759119
Udinese,2025-12-02,Juventus,away,3-1-4-2,0,31,Thomas Kristensen,,0,759119
Udinese,2025-12-02,Juventus,away,3-1-4-2,0,15,Bayo Youssouf,,0,759119
Udinese,2025-12-02,Juventus,away,3-1-4-2,0,93,Daniele Padelli,,0,759119
Udinese,2025-12-02,Juventus,away,3-1-4-2,0,38,Lennon Miller,,0,759119
Udinese,2025-12-02,Juventus,away,3-1-4-2,1,90,Razvan Sava,G,1,759119
Udinese,2025-12-02,Juventus,away,3-1-4-2,1,28,Oumar Solet,CD,4,759119
Udinese,2025-12-02,Juventus,away,3-1-4-2,1,13,Nicolò Bertola,CD-L,6,759119
Udinese,2025-12-02,Juventus,away,3-1-4-2,1,16,Matteo Palma,CD-R,5,759119
Udinese,2025-12-02,Juventus,away,3-1-4-2,1,4,Sandi Lovric,SW,8,759119
Udinese,2025-12-02,Juventus,away,3-1-4-2,1,14,Arthur Atta,CM-L,11,759119
Udinese,2025-12-02,Juventus,away,3-1-4-2,1,6,Oier Zarraga,CM-R,7,759119
Udinese,2025-12-02,Juventus,away,3-1-4-2,1,33,Jordan Zemura,LM,3,759119
Udinese,2025-12-02,Juventus,away,3-1-4-2,1,19,Kingsley Ehizibue,RM,2,759119
Udinese,2025-12-02,Juventus,away,3-1-4-2,1,18,Adam Buksa,CF-L,10,759119
Udinese,2025-12-02,Juventus,away,3-1-4-2,1,10,Nicolò Zaniolo,CF-R,9,759119
Atalanta,2025-12-03,Genoa,home,3-4-2-1,1,57,Marco Sportiello,G,1,759121
Atalanta,2025-12-03,Genoa,home,3-4-2-1,1,4,Isak Hien,CD,5,759121
Atalanta,2025-12-03,Genoa,home,3-4-2-1,1,23,Sead Kolasinac,CD-L,4,759121
Atalanta,2025-12-03,Genoa,home,3-4-2-1,1,19,Berat Djimsiti,CD-R,6,759121
Atalanta,2025-12-03,Genoa,home,3-4-2-1,1,8,Mario Pasalic,CM-L,8,759121
Atalanta,2025-12-03,Genoa,home,3-4-2-1,1,15,Marten de Roon,CM-R,7,759121
Atalanta,2025-12-03,Genoa,home,3-4-2-1,1,59,Nicola Zalewski,LM,3,759121
Atalanta,2025-12-03,Genoa,home,3-4-2-1,1,16,Raoul Bellanova,RM,2,759121
Atalanta,2025-12-03,Genoa,home,3-4-2-1,1,9,Gianluca Scamacca,F,9,759121
Atalanta,2025-12-03,Genoa,home,3-4-2-1,1,7,Kamaldeen Sulemana,CF-L,11,759121
Atalanta,2025-12-03,Genoa,home,3-4-2-1,1,17,Charles De Ketelaere,CF-R,10,759121
Atalanta,2025-12-03,Genoa,home,3-4-2-1,0,13,Éderson,SUB,0,759121
Atalanta,2025-12-03,Genoa,home,3-4-2-1,0,69,Honest Ahanor,SUB,0,759121
Atalanta,2025-12-03,Genoa,home,3-4-2-1,0,47,Lorenzo Bernasconi,SUB,0,759121
Atalanta,2025-12-03,Genoa,home,3-4-2-1,0,44,Marco Brescianini,SUB,0,759121
Atalanta,2025-12-03,Genoa,home,3-4-2-1,0,70,Daniel Maldini,SUB,0,759121
Atalanta,2025-12-03,Genoa,home,3-4-2-1,0,29,Marco Carnesecchi,SUB,0,759121
Atalanta,2025-12-03,Genoa,home,3-4-2-1,0,6,Yunus Musah,SUB,0,759121
Atalanta,2025-12-03,Genoa,home,3-4-2-1,0,90,Nikola Krstovic,SUB,0,759121
Atalanta,2025-12-03,Genoa,home,3-4-2-1,0,31,Francesco Rossi,SUB,0,759121
Atalanta,2025-12-03,Genoa,home,3-4-2-1,0,42,Giorgio Scalvini,SUB,0,759121
Atalanta,2025-12-03,Genoa,home,3-4-2-1,0,10,Lazar Samardzic,SUB,0,759121
Atalanta,2025-12-03,Genoa,home,3-4-2-1,0,11,Ademola Lookman,SUB,0,759121
Atalanta,2025-12-03,Genoa,home,3-4-2-1,0,3,Odilon Kossounou,SUB,0,759121
Genoa,2025-12-03,Atalanta,away,3-4-2-1,1,31,Benjamin Siegrist,G,1,759121
Genoa,2025-12-03,Atalanta,away,3-4-2-1,1,34,Sebastian Otoa,CD,5,759121
Genoa,2025-12-03,Atalanta,away,3-4-2-1,1,22,Johan Vásquez,CD-L,4,759121
Genoa,2025-12-03,Atalanta,away,3-4-2-1,1,15,Brooke Norton-Cuffy,CD-R,6,759121
Genoa,2025-12-03,Atalanta,away,3-4-2-1,1,32,Morten Frendrup,CM-L,8,759121
Genoa,2025-12-03,Atalanta,away,3-4-2-1,1,73,Patrizio Masini,CM-R,7,759121
Genoa,2025-12-03,Atalanta,away,3-4-2-1,1,40,Seydou Fini,LM,3,759121
Genoa,2025-12-03,Atalanta,away,3-4-2-1,1,77,Mikael Ellertsson,RM,2,759121
Genoa,2025-12-03,Atalanta,away,3-4-2-1,1,21,Jeff Ekhator,F,9,759121
Genoa,2025-12-03,Atalanta,away,3-4-2-1,1,8,Nicolae Stanciu,CF-L,11,759121
Genoa,2025-12-03,Atalanta,away,3-4-2-1,1,23,Valentin Carboni,CF-R,10,759121
Genoa,2025-12-03,Atalanta,away,3-4-2-1,0,3,Aarón Martín,SUB,0,759121
Genoa,2025-12-03,Atalanta,away,3-4-2-1,0,9,Vitinha,SUB,0,759121
Genoa,2025-12-03,Atalanta,away,3-4-2-1,0,39,Daniele Sommariva,SUB,0,759121
Genoa,2025-12-03,Atalanta,away,3-4-2-1,0,30,Hugo Cuenca,SUB,0,759121
Genoa,2025-12-03,Atalanta,away,3-4-2-1,0,2,Morten Thorsby,SUB,0,759121
Genoa,2025-12-03,Atalanta,away,3-4-2-1,0,14,Jean Onana,SUB,0,759121
Genoa,2025-12-03,Atalanta,away,3-4-2-1,0,29,Lorenzo Colombo,SUB,0,759121
Genoa,2025-12-03,Atalanta,away,3-4-2-1,0,5,Leo Østigard,SUB,0,759121
Genoa,2025-12-03,Atalanta,away,3-4-2-1,0,18,Caleb Ekuban,SUB,0,759121
Genoa,2025-12-03,Atalanta,away,3-4-2-1,0,10,Junior Messias,SUB,0,759121
Genoa,2025-12-03,Atalanta,away,3-4-2-1,0,1,Nicola Leali,SUB,0,759121
Genoa,2025-12-03,Atalanta,away,3-4-2-1,0,76,Lorenzo Venturino,SUB,0,759121
Genoa,2025-12-03,Atalanta,away,3-4-2-1,0,27,Alessandro Marcandalli,SUB,0,759121
Napoli,2025-12-03,Cagliari,home,3-4-2-1,1,32,Vanja Milinkovic-Savic,G,1,759120
Napoli,2025-12-03,Cagliari,home,3-4-2-1,1,5,Juan Jesus,CD,5,759120
Napoli,2025-12-03,Cagliari,home,3-4-2-1,1,17,Mathías Olivera,CD-L,4,759120
Napoli,2025-12-03,Cagliari,home,3-4-2-1,1,31,Sam Beukema,CD-R,6,759120
Napoli,2025-12-03,Cagliari,home,3-4-2-1,1,20,Eljif Elmas,CM-L,8,759120
Napoli,2025-12-03,Cagliari,home,3-4-2-1,1,26,Antonio Vergara,CM-R,7,759120
Napoli,2025-12-03,Cagliari,home,3-4-2-1,1,37,Leonardo Spinazzola,LM,3,759120
Napoli,2025-12-03,Cagliari,home,3-4-2-1,1,30,Pasquale Mazzocchi,RM,2,759120
Napoli,2025-12-03,Cagliari,home,3-4-2-1,1,27,Lorenzo Lucca,F,9,759120
Napoli,2025-12-03,Cagliari,home,3-4-2-1,1,69,Giuseppe Ambrosino,CF-L,11,759120
Napoli,2025-12-03,Cagliari,home,3-4-2-1,1,21,Matteo Politano,CF-R,10,759120
Napoli,2025-12-03,Cagliari,home,3-4-2-1,0,13,Amir Rrahmani,SUB,0,759120
Napoli,2025-12-03,Cagliari,home,3-4-2-1,0,14,Nikita Contini,SUB,0,759120
Napoli,2025-12-03,Cagliari,home,3-4-2-1,0,22,Giovanni Di Lorenzo,SUB,0,759120
Napoli,2025-12-03,Cagliari,home,3-4-2-1,0,19,Rasmus Højlund,SUB,0,759120
Napoli,2025-12-03,Cagliari,home,3-4-2-1,0,8,Scott McTominay,SUB,0,759120
Napoli,2025-12-03,Cagliari,home,3-4-2-1,0,25,Mathias Ferrante,SUB,0,759120
Napoli,2025-12-03,Cagliari,home,3-4-2-1,0,4,Alessandro Buongiorno,SUB,0,759120
Napoli,2025-12-03,Cagliari,home,3-4-2-1,0,68,Stanislav Lobotka,SUB,0,759120
Napoli,2025-12-03,Cagliari,home,3-4-2-1,0,70,Noa Lang,SUB,0,759120
Napoli,2025-12-03,Cagliari,home,3-4-2-1,0,7,David Neres,SUB,0,759120
Cagliari,2025-12-03,Napoli,away,4-1-4-1,1,1,Elia Caprile,G,1,759120
Cagliari,2025-12-03,Napoli,away,4-1-4-1,1,15,Juan Rodríguez,CD-L,6,759120
Cagliari,2025-12-03,Napoli,away,4-1-4-1,1,6,Sebastiano Luperto,CD-R,5,759120
Cagliari,2025-12-03,Napoli,away,4-1-4-1,1,14,Alessandro Deiola,DM,4,759120
Cagliari,2025-12-03,Napoli,away,4-1-4-1,1,33,Adam Obert,LB,3,759120
Cagliari,2025-12-03,Napoli,away,4-1-4-1,1,18,Alessandro Di Pardo,RB,2,759120
Cagliari,2025-12-03,Napoli,away,4-1-4-1,1,10,Gianluca Gaetano,CM-L,10,759120
Cagliari,2025-12-03,Napoli,away,4-1-4-1,1,8,Michel Adopo,CM-R,8,759120
Cagliari,2025-12-03,Napoli,away,4-1-4-1,1,9,Semih Kiliçsoy,LM,11,759120
Cagliari,2025-12-03,Napoli,away,4-1-4-1,1,77,Zito Luvumbo,RM,7,759120
Cagliari,2025-12-03,Napoli,away,4-1-4-1,1,30,Leonardo Pavoletti,F,9,759120
Cagliari,2025-12-03,Napoli,away,4-1-4-1,0,23,Nicola Pintus,SUB,0,759120
Cagliari,2025-12-03,Napoli,away,4-1-4-1,0,3,Riyad Idrissi,SUB,0,759120
Cagliari,2025-12-03,Napoli,away,4-1-4-1,0,16,Matteo Prati,SUB,0,759120
Cagliari,2025-12-03,Napoli,away,4-1-4-1,0,24,Giuseppe Ciocci,SUB,0,759120
Cagliari,2025-12-03,Napoli,away,4-1-4-1,0,29,Gennaro Borrelli,SUB,0,759120
Cagliari,2025-12-03,Napoli,away,4-1-4-1,0,36,Nicola Grandu,SUB,0,759120
Cagliari,2025-12-03,Napoli,away,4-1-4-1,0,17,Mattia Felici,SUB,0,759120
Cagliari,2025-12-03,Napoli,away,4-1-4-1,0,20,Marko Rog,SUB,0,759120
Cagliari,2025-12-03,Napoli,away,4-1-4-1,0,37,Yael Trepy,SUB,0,759120
Cagliari,2025-12-03,Napoli,away,4-1-4-1,0,94,Sebastiano Esposito,SUB,0,759120
Cagliari,2025-12-03,Napoli,away,4-1-4-1,0,28,Gabriele Zappa,SUB,0,759120
Cagliari,2025-12-03,Napoli,away,4-1-4-1,0,31,Boris Radunovic,SUB,0,759120
Cagliari,2025-12-03,Napoli,away,4-1-4-1,0,38,Ivan Sulev,SUB,0,759120
Cagliari,2025-12-03,Napoli,away,4-1-4-1,0,27,Joseph Liteta,SUB,0,759120
Cagliari,2025-12-03,Napoli,away,4-1-4-1,0,21,Nicolò Cavuoti,SUB,0,759120
Inter,2025-12-03,Venezia,home,3-5-2,1,13,Josep Martínez,G,1,759116
Inter,2025-12-03,Venezia,home,3-5-2,1,6,Stefan de Vrij,CD,5,759116
Inter,2025-12-03,Venezia,home,3-5-2,1,30,Carlos Augusto,CD-L,4,759116
Inter,2025-12-03,Venezia,home,3-5-2,1,31,Yann Bisseck,CD-R,6,759116
Inter,2025-12-03,Venezia,home,3-5-2,1,8,Petar Sucic,CM-L,8,759116
Inter,2025-12-03,Venezia,home,3-5-2,1,16,Davide Frattesi,CM-R,7,759116
Inter,2025-12-03,Venezia,home,3-5-2,1,7,Piotr Zielinski,AM,11,759116
Inter,2025-12-03,Venezia,home,3-5-2,1,11,Luis Henrique,LM,3,759116
Inter,2025-12-03,Venezia,home,3-5-2,1,17,Andy Diouf,RM,2,759116
Inter,2025-12-03,Venezia,home,3-5-2,1,94,Pio Esposito,CF-L,9,759116
Inter,2025-12-03,Venezia,home,3-5-2,1,9,Marcus Thuram,CF-R,10,759116
Inter,2025-12-03,Venezia,home,3-5-2,0,23,Nicolò Barella,SUB,0,759116
Inter,2025-12-03,Venezia,home,3-5-2,0,49,Yvan Maye,SUB,0,759116
Inter,2025-12-03,Venezia,home,3-5-2,0,25,Manuel Akanji,SUB,0,759116
Inter,2025-12-03,Venezia,home,3-5-2,0,10,Lautaro Martínez,SUB,0,759116
Inter,2025-12-03,Venezia,home,3-5-2,0,20,Hakan Çalhanoglu,SUB,0,759116
Inter,2025-12-03,Venezia,home,3-5-2,0,1,Yann Sommer,SUB,0,759116
Inter,2025-12-03,Venezia,home,3-5-2,0,22,Henrikh Mkhitaryan,SUB,0,759116
Inter,2025-12-03,Venezia,home,3-5-2,0,32,Federico Dimarco,SUB,0,759116
Inter,2025-12-03,Venezia,home,3-5-2,0,47,Matteo Spinaccè,SUB,0,759116
Inter,2025-12-03,Venezia,home,3-5-2,0,60,Alain Taho,SUB,0,759116
Inter,2025-12-03,Venezia,home,3-5-2,0,15,Francesco Acerbi,SUB,0,759116
Inter,2025-12-03,Venezia,home,3-5-2,0,43,Matteo Cocchi,SUB,0,759116
Inter,2025-12-03,Venezia,home,3-5-2,0,45,Leonardo Bovo,SUB,0,759116
Inter,2025-12-03,Venezia,home,3-5-2,0,14,Ange-Yoan Bonny,SUB,0,759116
Inter,2025-12-03,Venezia,home,3-5-2,0,95,Alessandro Bastoni,SUB,0,759116
Bologna,2025-12-04,Parma,home,4-2-3-1,1,13,Federico Ravaglia,G,1,759114
Bologna,2025-12-04,Parma,home,4-2-3-1,1,26,Jhon Lucumí,CD-L,6,759114
Bologna,2025-12-04,Parma,home,4-2-3-1,1,14,Torbjørn Heggem,CD-R,5,759114
Bologna,2025-12-04,Parma,home,4-2-3-1,1,22,Charalampos Lykogiannis,LB,3,759114
Bologna,2025-12-04,Parma,home,4-2-3-1,1,2,Emil Holm,RB,2,759114
Bologna,2025-12-04,Parma,home,4-2-3-1,1,80,Giovanni Fabbian,AM,10,759114
Bologna,2025-12-04,Parma,home,4-2-3-1,1,77,Sulemana,LM,4,759114
Bologna,2025-12-04,Parma,home,4-2-3-1,1,19,Lewis Ferguson,RM,8,759114
Bologna,2025-12-04,Parma,home,4-2-3-1,1,24,Thijs Dallinga,F,9,759114
Bologna,2025-12-04,Parma,home,4-2-3-1,1,11,Jon Rowe,AM-L,11,759114
Bologna,2025-12-04,Parma,home,4-2-3-1,1,10,Federico Bernardeschi,AM-R,7,759114
Bologna,2025-12-04,Parma,home,4-2-3-1,0,33,Juan Miranda,SUB,0,759114
Bologna,2025-12-04,Parma,home,4-2-3-1,0,28,Nicolò Cambiaghi,SUB,0,759114
Bologna,2025-12-04,Parma,home,4-2-3-1,0,7,Riccardo Orsolini,SUB,0,759114
Bologna,2025-12-04,Parma,home,4-2-3-1,0,82,Matteo Franceschelli,SUB,0,759114
Bologna,2025-12-04,Parma,home,4-2-3-1,0,30,Benjamín Domínguez,SUB,0,759114
Bologna,2025-12-04,Parma,home,4-2-3-1,0,9,Santiago Castro,SUB,0,759114
Bologna,2025-12-04,Parma,home,4-2-3-1,0,6,Nikola Moro,SUB,0,759114
Bologna,2025-12-04,Parma,home,4-2-3-1,0,29,Lorenzo De Silvestri,SUB,0,759114
Bologna,2025-12-04,Parma,home,4-2-3-1,0,4,Tommaso Pobega,SUB,0,759114
Bologna,2025-12-04,Parma,home,4-2-3-1,0,17,Ciro Immobile,SUB,0,759114
Bologna,2025-12-04,Parma,home,4-2-3-1,0,21,Jens Odgaard,SUB,0,759114
Bologna,2025-12-04,Parma,home,4-2-3-1,0,25,Massimo Pessina,SUB,0,759114
Bologna,2025-12-04,Parma,home,4-2-3-1,0,20,Nadir Zortea,SUB,0,759114
Parma,2025-12-04,Bologna,away,3-5-2,1,13,Vicente Guaita,G,1,759114
Parma,2025-12-04,Bologna,away,3-5-2,1,37,Mariano Troilo,CD,5,759114
Parma,2025-12-04,Bologna,away,3-5-2,1,15,Enrico Del Prato,CD-L,4,759114
Parma,2025-12-04,Bologna,away,3-5-2,1,63,Nicolas Trabucchi,CD-R,6,759114
Parma,2025-12-04,Bologna,away,3-5-2,1,24,Christian Ordoñez,CM-L,8,759114
Parma,2025-12-04,Bologna,away,3-5-2,1,25,Benjamin Cremaschi,CM-R,7,759114
Parma,2025-12-04,Bologna,away,3-5-2,1,16,Mandela Keita,AM,11,759114
Parma,2025-12-04,Bologna,away,3-5-2,1,18,Mathias Løvik,LM,3,759114
Parma,2025-12-04,Bologna,away,3-5-2,1,27,Sascha Britschgi,RM,2,759114
Parma,2025-12-04,Bologna,away,3-5-2,1,17,Jacob Ondrejka,CF-L,9,759114
Parma,2025-12-04,Bologna,away,3-5-2,1,7,Adrian Benedyczak,CF-R,10,759114
Parma,2025-12-04,Bologna,away,3-5-2,0,30,Milan Djuric,SUB,0,759114
Parma,2025-12-04,Bologna,away,3-5-2,0,22,Oliver Sørensen,SUB,0,759114
Parma,2025-12-04,Bologna,away,3-5-2,0,5,Lautaro Valenti,SUB,0,759114
Parma,2025-12-04,Bologna,away,3-5-2,0,14,Emanuele Valeri,SUB,0,759114
Parma,2025-12-04,Bologna,away,3-5-2,0,9,Mateo Pellegrino,SUB,0,759114
Parma,2025-12-04,Bologna,away,3-5-2,0,66,Filippo Rinaldi,SUB,0,759114
Parma,2025-12-04,Bologna,away,3-5-2,0,10,Adrián Bernabé,SUB,0,759114
Parma,2025-12-04,Bologna,away,3-5-2,0,70,Bernardo Conde,SUB,0,759114
Parma,2025-12-04,Bologna,away,3-5-2,0,8,Nahuel Estévez,SUB,0,759114
Parma,2025-12-04,Bologna,away,3-5-2,0,19,Tjas Begic,SUB,0,759114
Parma,2025-12-04,Bologna,away,3-5-2,0,21,Gaetano Oristanio,SUB,0,759114
Parma,2025-12-04,Bologna,away,3-5-2,0,40,Edoardo Corvi,SUB,0,759114
Parma,2025-12-04,Bologna,away,3-5-2,0,11,Pontus Almqvist,SUB,0,759114
Parma,2025-12-04,Bologna,away,3-5-2,0,32,Patrick Cutrone,SUB,0,759114
Parma,2025-12-04,Bologna,away,3-5-2,0,23,Hernani,SUB,0,759114
Lazio,2025-12-04,Milan,home,4-3-3,1,35,Christos Mandas,G,1,759117
Lazio,2025-12-04,Milan,home,4-3-3,1,13,Alessio Romagnoli,CD-L,6,759117
Lazio,2025-12-04,Milan,home,4-3-3,1,34,Mario Gila,CD-R,5,759117
Lazio,2025-12-04,Milan,home,4-3-3,1,3,Luca Pellegrini,LB,3,759117
Lazio,2025-12-04,Milan,home,4-3-3,1,77,Adam Marusic,RB,2,759117
Lazio,2025-12-04,Milan,home,4-3-3,1,5,Matías Vecino,CM,4,759117
Lazio,2025-12-04,Milan,home,4-3-3,1,26,Toma Basic,LM,8,759117
Lazio,2025-12-04,Milan,home,4-3-3,1,8,Matteo Guendouzi,RM,7,759117
Lazio,2025-12-04,Milan,home,4-3-3,1,11,Valentín Castellanos,F,9,759117
Lazio,2025-12-04,Milan,home,4-3-3,1,10,Mattia Zaccagni,LF,11,759117
Lazio,2025-12-04,Milan,home,4-3-3,1,18,Gustav Isaksen,RF,10,759117
Lazio,2025-12-04,Milan,home,4-3-3,0,7,Fisayo Dele-Bashiru,SUB,0,759117
Lazio,2025-12-04,Milan,home,4-3-3,0,14,Tijjani Noslin,SUB,0,759117
Lazio,2025-12-04,Milan,home,4-3-3,0,4,Patric,SUB,0,759117
Lazio,2025-12-04,Milan,home,4-3-3,0,21,Reda Belahyane,SUB,0,759117
Lazio,2025-12-04,Milan,home,4-3-3,0,17,Nuno Tavares,SUB,0,759117
Lazio,2025-12-04,Milan,home,4-3-3,0,9,Pedro,SUB,0,759117
Lazio,2025-12-04,Milan,home,4-3-3,0,25,Oliver Provstgaard,SUB,0,759117
Lazio,2025-12-04,Milan,home,4-3-3,0,29,Manuel Lazzari,SUB,0,759117
Lazio,2025-12-04,Milan,home,4-3-3,0,22,Matteo Cancellieri,SUB,0,759117
Lazio,2025-12-04,Milan,home,4-3-3,0,55,Alessio Furlanetto,SUB,0,759117
Lazio,2025-12-04,Milan,home,4-3-3,0,19,Boulaye Dia,SUB,0,759117
Lazio,2025-12-04,Milan,home,4-3-3,0,94,Ivan Provedel,SUB,0,759117
Milan,2025-12-04,Lazio,away,3-5-1-1,1,16,Mike Maignan,G,1,759117
Milan,2025-12-04,Lazio,away,3-5-1-1,1,5,Koni De Winter,CD,5,759117
Milan,2025-12-04,Lazio,away,3-5-1-1,1,31,Strahinja Pavlovic,CD-L,4,759117
Milan,2025-12-04,Lazio,away,3-5-1-1,1,23,Fikayo Tomori,CD-R,6,759117
Milan,2025-12-04,Lazio,away,3-5-1-1,1,12,Adrien Rabiot,CM-L,8,759117
Milan,2025-12-04,Lazio,away,3-5-1-1,1,4,Samuele Ricci,CM-R,7,759117
Milan,2025-12-04,Lazio,away,3-5-1-1,1,30,Ardon Jashari,AM,11,759117
Milan,2025-12-04,Lazio,away,3-5-1-1,1,2,Pervis Estupiñán,LM,3,759117
Milan,2025-12-04,Lazio,away,3-5-1-1,1,56,Alexis Saelemaekers,RM,2,759117
Milan,2025-12-04,Lazio,away,3-5-1-1,1,10,Rafael Leão,F,9,759117
Milan,2025-12-04,Lazio,away,3-5-1-1,1,8,Ruben Loftus-Cheek,RCF,10,759117
Milan,2025-12-04,Lazio,away,3-5-1-1,0,1,Pietro Terracciano,SUB,0,759117
Milan,2025-12-04,Lazio,away,3-5-1-1,0,96,Lorenzo Torriani,SUB,0,759117
Milan,2025-12-04,Lazio,away,3-5-1-1,0,33,Davide Bartesaghi,SUB,0,759117
Milan,2025-12-04,Lazio,away,3-5-1-1,0,42,Emanuele Sala,SUB,0,759117
Milan,2025-12-04,Lazio,away,3-5-1-1,0,46,Matteo Gabbia,SUB,0,759117
Milan,2025-12-04,Lazio,away,3-5-1-1,0,11,Christian Pulisic,SUB,0,759117
Milan,2025-12-04,Lazio,away,3-5-1-1,0,18,Christopher Nkunku,SUB,0,759117
Milan,2025-12-04,Lazio,away,3-5-1-1,0,14,Luka Modric,SUB,0,759117
Milan,2025-12-04,Lazio,away,3-5-1-1,0,27,David Odogu,SUB,0,759117
Roma,2026-01-13,Torino,home,3-4-3,1,99,Mile Svilar,G,1,759118
Roma,2026-01-13,Torino,home,3-4-3,1,24,Jan Ziólkowski,CD,5,759118
Roma,2026-01-13,Torino,home,3-4-3,1,87,Daniele Ghilardi,CD-L,4,759118
Roma,2026-01-13,Torino,home,3-4-3,1,19,Zeki Çelik,CD-R,6,759118
Roma,2026-01-13,Torino,home,3-4-3,1,61,Niccolò Pisilli,CM-L,8,759118
Roma,2026-01-13,Torino,home,3-4-3,1,4,Bryan Cristante,CM-R,7,759118
Roma,2026-01-13,Torino,home,3-4-3,1,43,Wesley,LM,3,759118
Roma,2026-01-13,Torino,home,3-4-3,1,2,Devyne Rensch,RM,2,759118
Roma,2026-01-13,Torino,home,3-4-3,1,31,Leon Bailey,F,9,759118
Roma,2026-01-13,Torino,home,3-4-3,1,92,Stephan El Shaarawy,CF-L,11,759118
Roma,2026-01-13,Torino,home,3-4-3,1,18,Matìas Soulè,CF-R,10,759118
Roma,2026-01-13,Torino,home,3-4-3,0,22,Mario Hermoso,SUB,0,759118
Roma,2026-01-13,Torino,home,3-4-3,0,91,Radoslaw Zelezny,SUB,0,759118
Roma,2026-01-13,Torino,home,3-4-3,0,17,Manu Koné,SUB,0,759118
Roma,2026-01-13,Torino,home,3-4-3,0,5,Evan Ndicka,SUB,0,759118
Roma,2026-01-13,Torino,home,3-4-3,0,21,Paulo Dybala,SUB,0,759118
Roma,2026-01-13,Torino,home,3-4-3,0,32,Devis Vásquez,SUB,0,759118
Roma,2026-01-13,Torino,home,3-4-3,0,12,Kostas Tsimikas,SUB,0,759118
Roma,2026-01-13,Torino,home,3-4-3,0,68,Antonio Arena,SUB,0,759118
Roma,2026-01-13,Torino,home,3-4-3,0,69,Muhammed Bah,SUB,0,759118
Roma,2026-01-13,Torino,home,3-4-3,0,77,Emanuele Lulli,SUB,0,759118
Torino,2026-01-13,Roma,away,3-5-2,1,1,Alberto Paleari,G,1,759118
Torino,2026-01-13,Roma,away,3-5-2,1,44,Adrian Ismajli,CD,5,759118
Torino,2026-01-13,Roma,away,3-5-2,1,23,Saúl Coco,CD-L,4,759118
Torino,2026-01-13,Roma,away,3-5-2,1,61,Adrien Tamèze,CD-R,6,759118
Torino,2026-01-13,Roma,away,3-5-2,1,66,Gvidas Gineitis,CM-L,8,759118
Torino,2026-01-13,Roma,away,3-5-2,1,10,Nikola Vlasic,CM-R,7,759118
Torino,2026-01-13,Roma,away,3-5-2,1,6,Emirhan Ilkhan,AM,11,759118
Torino,2026-01-13,Roma,away,3-5-2,1,7,Zakaria Aboukhlal,LM,3,759118
Torino,2026-01-13,Roma,away,3-5-2,1,20,Valentino Lazaro,RM,2,759118
Torino,2026-01-13,Roma,away,3-5-2,1,19,Ché Adams,CF-L,9,759118
Torino,2026-01-13,Roma,away,3-5-2,1,18,Giovanni Simeone,CF-R,10,759118
Torino,2026-01-13,Roma,away,3-5-2,0,91,Duván Zapata,SUB,0,759118
Torino,2026-01-13,Roma,away,3-5-2,0,92,Alieu Njie,SUB,0,759118
Torino,2026-01-13,Roma,away,3-5-2,0,93,Mattia Pellini,SUB,0,759118
Torino,2026-01-13,Roma,away,3-5-2,0,81,Franco Israel,SUB,0,759118
Torino,2026-01-13,Roma,away,3-5-2,0,21,Ali Dembélé,SUB,0,759118
Torino,2026-01-13,Roma,away,3-5-2,0,22,Cesare Casadei,SUB,0,759118
Torino,2026-01-13,Roma,away,3-5-2,0,26,Cyril Ngonge,SUB,0,759118
Torino,2026-01-13,Roma,away,3-5-2,0,14,Faustino Anjorin,SUB,0,759118
Torino,2026-01-13,Roma,away,3-5-2,0,94,Wisdom Acquah,SUB,0,759118
Torino,2026-01-13,Roma,away,3-5-2,0,71,Mihai Popa,SUB,0,759118
Torino,2026-01-13,Roma,away,3-5-2,0,13,Guillermo Maripán,SUB,0,759118
Fiorentina,2026-01-27,Como,home,4-3-3,1,53,Oliver Christensen,G,1,759115
Fiorentina,2026-01-27,Como,home,4-3-3,1,6,Luca Ranieri,CD-L,6,759115
Fiorentina,2026-01-27,Como,home,4-3-3,1,15,Pietro Comuzzo,CD-R,5,759115
Fiorentina,2026-01-27,Como,home,4-3-3,1,62,Luís Balbo,LB,3,759115
Fiorentina,2026-01-27,Como,home,4-3-3,1,29,Niccolò Fortini,RB,2,759115
Fiorentina,2026-01-27,Como,home,4-3-3,1,27,Cher Ndour,CM,4,759115
Fiorentina,2026-01-27,Como,home,4-3-3,1,4,Marco Brescianini,LM,8,759115
Fiorentina,2026-01-27,Como,home,4-3-3,1,80,Giovanni Fabbian,RM,7,759115
Fiorentina,2026-01-27,Como,home,4-3-3,1,91,Roberto Piccoli,F,9,759115
Fiorentina,2026-01-27,Como,home,4-3-3,1,22,Jacopo Fazzini,LF,11,759115
Fiorentina,2026-01-27,Como,home,4-3-3,1,17,Jack Harrison,RF,10,759115
Fiorentina,2026-01-27,Como,home,4-3-3,0,43,David de Gea,SUB,0,759115
Fiorentina,2026-01-27,Como,home,4-3-3,0,60,Eddy Kouadio,SUB,0,759115
Fiorentina,2026-01-27,Como,home,4-3-3,0,23,Eman Kospo,SUB,0,759115
Fiorentina,2026-01-27,Como,home,4-3-3,0,67,Edoardo Sadotti,SUB,0,759115
Fiorentina,2026-01-27,Como,home,4-3-3,0,19,Manor Solomon,SUB,0,759115
Fiorentina,2026-01-27,Como,home,4-3-3,0,5,Marin Pongracic,SUB,0,759115
Fiorentina,2026-01-27,Como,home,4-3-3,0,21,Robin Gosens,SUB,0,759115
Fiorentina,2026-01-27,Como,home,4-3-3,0,1,Luca Lezzerini,SUB,0,759115
Fiorentina,2026-01-27,Como,home,4-3-3,0,44,Nicolò Fagioli,SUB,0,759115
Fiorentina,2026-01-27,Como,home,4-3-3,0,63,Piergiorgio Bonanno,SUB,0,759115
Fiorentina,2026-01-27,Como,home,4-3-3,0,10,Albert Gudmundsson,SUB,0,759115
Fiorentina,2026-01-27,Como,home,4-3-3,0,64,Lapo Deli,SUB,0,759115
Fiorentina,2026-01-27,Como,home,4-3-3,0,61,Riccardo Braschi,SUB,0,759115
Como,2026-01-27,Fiorentina,away,4-2-3-1,1,1,Jean Butez,G,1,759115
Como,2026-01-27,Fiorentina,away,4-2-3-1,1,34,Diego Carlos,CD-L,6,759115
Como,2026-01-27,Fiorentina,away,4-2-3-1,1,14,Jacobo Ramón,CD-R,5,759115
Como,2026-01-27,Fiorentina,away,4-2-3-1,1,18,Alberto Moreno,LB,3,759115
Como,2026-01-27,Fiorentina,away,4-2-3-1,1,77,Ignace van der Brempt,RB,2,759115
Como,2026-01-27,Fiorentina,away,4-2-3-1,1,6,Maxence Caqueret,AM,10,759115
Como,2026-01-27,Fiorentina,away,4-2-3-1,1,8,Sergi Roberto,LM,4,759115
Como,2026-01-27,Fiorentina,away,4-2-3-1,1,33,Lucas Da Cunha,RM,8,759115
Como,2026-01-27,Fiorentina,away,4-2-3-1,1,11,Anastasios Douvikas,F,9,759115
Como,2026-01-27,Fiorentina,away,4-2-3-1,1,17,Jesús Rodriguez,AM-L,11,759115
Como,2026-01-27,Fiorentina,away,4-2-3-1,1,19,Nicolas Kühn,AM-R,7,759115
Como,2026-01-27,Fiorentina,away,4-2-3-1,0,31,Mërgim Vojvoda,SUB,0,759115
Como,2026-01-27,Fiorentina,away,4-2-3-1,0,7,Álvaro Morata,SUB,0,759115
Como,2026-01-27,Fiorentina,away,4-2-3-1,0,3,Álex Valle,SUB,0,759115
Como,2026-01-27,Fiorentina,away,4-2-3-1,0,42,Jayden Addai,SUB,0,759115
Como,2026-01-27,Fiorentina,away,4-2-3-1,0,20,Martin Baturina,SUB,0,759115
Como,2026-01-27,Fiorentina,away,4-2-3-1,0,22,Mauro Vigorito,SUB,0,759115
Como,2026-01-27,Fiorentina,away,4-2-3-1,0,28,Ivan Smolcic,SUB,0,759115
Como,2026-01-27,Fiorentina,away,4-2-3-1,0,2,Marc-Oliver Kempf,SUB,0,759115
Como,2026-01-27,Fiorentina,away,4-2-3-1,0,58,Samuele Pisati,SUB,0,759115
Como,2026-01-27,Fiorentina,away,4-2-3-1,0,56,Cristiano De Paoli,SUB,0,759115
Como,2026-01-27,Fiorentina,away,4-2-3-1,0,10,Nico Paz,SUB,0,759115
Como,2026-01-27,Fiorentina,away,4-2-3-1,0,21,Noel Törnqvist,SUB,0,759115
Como,2026-01-27,Fiorentina,away,4-2-3-1,0,23,Máximo Perrone,SUB,0,759115
Inter,2026-02-04,Torino,home,3-5-2,1,13,Josep Martínez,G,1,762427
Inter,2026-02-04,Torino,home,3-5-2,1,15,Francesco Acerbi,CD,5,762427
Inter,2026-02-04,Torino,home,3-5-2,1,30,Carlos Augusto,CD-L,4,762427
Inter,2026-02-04,Torino,home,3-5-2,1,6,Stefan de Vrij,CD-R,6,762427
Inter,2026-02-04,Torino,home,3-5-2,1,17,Andy Diouf,CM-L,8,762427
Inter,2026-02-04,Torino,home,3-5-2,1,16,Davide Frattesi,CM-R,7,762427
Inter,2026-02-04,Torino,home,3-5-2,1,22,Henrikh Mkhitaryan,AM,11,762427
Inter,2026-02-04,Torino,home,3-5-2,1,43,Matteo Cocchi,LM,3,762427
Inter,2026-02-04,Torino,home,3-5-2,1,41,Issiaka Kamate,RM,2,762427
Inter,2026-02-04,Torino,home,3-5-2,1,14,Ange-Yoan Bonny,CF-L,9,762427
Inter,2026-02-04,Torino,home,3-5-2,1,9,Marcus Thuram,CF-R,10,762427
Inter,2026-02-04,Torino,home,3-5-2,0,44,Thomas Berenbruch,SUB,0,762427
Inter,2026-02-04,Torino,home,3-5-2,0,11,Luis Henrique,SUB,0,762427
Inter,2026-02-04,Torino,home,3-5-2,0,45,Leonardo Bovo,SUB,0,762427
Inter,2026-02-04,Torino,home,3-5-2,0,58,Luka Topalovic,SUB,0,762427
Inter,2026-02-04,Torino,home,3-5-2,0,94,Pio Esposito,SUB,0,762427
Inter,2026-02-04,Torino,home,3-5-2,0,10,Lautaro Martínez,SUB,0,762427
Inter,2026-02-04,Torino,home,3-5-2,0,12,Raffaele Di Gennaro,SUB,0,762427
Inter,2026-02-04,Torino,home,3-5-2,0,51,Christos Alexiou,SUB,0,762427
Inter,2026-02-04,Torino,home,3-5-2,0,40,Alessandro Calligaris,SUB,0,762427
Inter,2026-02-04,Torino,home,3-5-2,0,50,Simone Cinquegrano,SUB,0,762427
Inter,2026-02-04,Torino,home,3-5-2,0,8,Petar Sucic,SUB,0,762427
Inter,2026-02-04,Torino,home,3-5-2,0,31,Yann Bisseck,SUB,0,762427
Inter,2026-02-04,Torino,home,3-5-2,0,95,Alessandro Bastoni,SUB,0,762427
Torino,2026-02-04,Inter,away,3-5-2,1,1,Alberto Paleari,G,1,762427
Torino,2026-02-04,Inter,away,3-5-2,1,35,Luca Marianucci,CD,5,762427
Torino,2026-02-04,Inter,away,3-5-2,1,23,Saúl Coco,CD-L,4,762427
Torino,2026-02-04,Inter,away,3-5-2,1,61,Adrien Tamèze,CD-R,6,762427
Torino,2026-02-04,Inter,away,3-5-2,1,14,Faustino Anjorin,CM-L,8,762427
Torino,2026-02-04,Inter,away,3-5-2,1,10,Nikola Vlasic,CM-R,7,762427
Torino,2026-02-04,Inter,away,3-5-2,1,4,Matteo Prati,AM,11,762427
Torino,2026-02-04,Inter,away,3-5-2,1,33,Rafael Obrador,LM,3,762427
Torino,2026-02-04,Inter,away,3-5-2,1,16,Marcus Holmgren Pedersen,RM,2,762427
Torino,2026-02-04,Inter,away,3-5-2,1,92,Alieu Njie,CF-L,9,762427
Torino,2026-02-04,Inter,away,3-5-2,1,17,Sandro Kulenovic,CF-R,10,762427
Torino,2026-02-04,Inter,away,3-5-2,0,20,Valentino Lazaro,SUB,0,762427
Torino,2026-02-04,Inter,away,3-5-2,0,25,Niels Nkounkou,SUB,0,762427
Torino,2026-02-04,Inter,away,3-5-2,0,77,Enzo Ebosse,SUB,0,762427
Torino,2026-02-04,Inter,away,3-5-2,0,83,Sergiu Perciun,SUB,0,762427
Torino,2026-02-04,Inter,away,3-5-2,0,91,Duván Zapata,SUB,0,762427
Torino,2026-02-04,Inter,away,3-5-2,0,99,Lapo Siviero,SUB,0,762427
Torino,2026-02-04,Inter,away,3-5-2,0,6,Emirhan Ilkhan,SUB,0,762427
Torino,2026-02-04,Inter,away,3-5-2,0,81,Franco Israel,SUB,0,762427
Torino,2026-02-04,Inter,away,3-5-2,0,13,Guillermo Maripán,SUB,0,762427
Atalanta,2026-02-05,Juventus,home,3-4-2-1,1,29,Marco Carnesecchi,G,1,762355
Atalanta,2026-02-05,Juventus,home,3-4-2-1,1,19,Berat Djimsiti,CD,5,762355
Atalanta,2026-02-05,Juventus,home,3-4-2-1,1,69,Honest Ahanor,CD-L,4,762355
Atalanta,2026-02-05,Juventus,home,3-4-2-1,1,42,Giorgio Scalvini,CD-R,6,762355
Atalanta,2026-02-05,Juventus,home,3-4-2-1,1,13,Éderson,CM-L,8,762355
Atalanta,2026-02-05,Juventus,home,3-4-2-1,1,15,Marten de Roon,CM-R,7,762355
Atalanta,2026-02-05,Juventus,home,3-4-2-1,1,47,Lorenzo Bernasconi,LM,3,762355
Atalanta,2026-02-05,Juventus,home,3-4-2-1,1,77,Davide Zappacosta,RM,2,762355
Atalanta,2026-02-05,Juventus,home,3-4-2-1,1,9,Gianluca Scamacca,F,9,762355
Atalanta,2026-02-05,Juventus,home,3-4-2-1,1,18,Giacomo Raspadori,CF-L,11,762355
Atalanta,2026-02-05,Juventus,home,3-4-2-1,1,17,Charles De Ketelaere,CF-R,10,762355
Atalanta,2026-02-05,Juventus,home,3-4-2-1,0,31,Francesco Rossi,SUB,0,762355
Atalanta,2026-02-05,Juventus,home,3-4-2-1,0,6,Yunus Musah,SUB,0,762355
Atalanta,2026-02-05,Juventus,home,3-4-2-1,0,10,Lazar Samardzic,SUB,0,762355
Atalanta,2026-02-05,Juventus,home,3-4-2-1,0,8,Mario Pasalic,SUB,0,762355
Atalanta,2026-02-05,Juventus,home,3-4-2-1,0,7,Kamaldeen Sulemana,SUB,0,762355
Atalanta,2026-02-05,Juventus,home,3-4-2-1,0,3,Odilon Kossounou,SUB,0,762355
Atalanta,2026-02-05,Juventus,home,3-4-2-1,0,59,Nicola Zalewski,SUB,0,762355
Atalanta,2026-02-05,Juventus,home,3-4-2-1,0,16,Raoul Bellanova,SUB,0,762355
Atalanta,2026-02-05,Juventus,home,3-4-2-1,0,90,Nikola Krstovic,SUB,0,762355
Atalanta,2026-02-05,Juventus,home,3-4-2-1,0,57,Marco Sportiello,SUB,0,762355
Atalanta,2026-02-05,Juventus,home,3-4-2-1,0,5,Mitchel Bakker,SUB,0,762355
Atalanta,2026-02-05,Juventus,home,3-4-2-1,0,23,Sead Kolasinac,SUB,0,762355
Atalanta,2026-02-05,Juventus,home,3-4-2-1,0,4,Isak Hien,SUB,0,762355
Juventus,2026-02-05,Atalanta,away,4-2-3-1,1,1,Mattia Perin,G,1,762355
Juventus,2026-02-05,Atalanta,away,4-2-3-1,1,3,Bremer,CD-L,6,762355
Juventus,2026-02-05,Atalanta,away,4-2-3-1,1,4,Federico Gatti,CD-R,5,762355
Juventus,2026-02-05,Atalanta,away,4-2-3-1,1,6,Lloyd Kelly,LB,3,762355
Juventus,2026-02-05,Atalanta,away,4-2-3-1,1,15,Pierre Kalulu,RB,2,762355
Juventus,2026-02-05,Atalanta,away,4-2-3-1,1,22,Weston McKennie,AM,10,762355
Juventus,2026-02-05,Atalanta,away,4-2-3-1,1,19,Khéphren Thuram,LM,4,762355
Juventus,2026-02-05,Atalanta,away,4-2-3-1,1,5,Manuel Locatelli,RM,8,762355
Juventus,2026-02-05,Atalanta,away,4-2-3-1,1,30,Jonathan David,F,9,762355
Juventus,2026-02-05,Atalanta,away,4-2-3-1,1,27,Andrea Cambiaso,AM-L,11,762355
Juventus,2026-02-05,Atalanta,away,4-2-3-1,1,7,Francisco Conceição,AM-R,7,762355
Juventus,2026-02-05,Atalanta,away,4-2-3-1,0,23,Carlo Pinsoglio,SUB,0,762355
Juventus,2026-02-05,Atalanta,away,4-2-3-1,0,10,Kenan Yildiz,SUB,0,762355
Juventus,2026-02-05,Atalanta,away,4-2-3-1,0,17,Vasilije Adzic,SUB,0,762355
Juventus,2026-02-05,Atalanta,away,4-2-3-1,0,32,Juan Cabal,SUB,0,762355
Juventus,2026-02-05,Atalanta,away,4-2-3-1,0,18,Filip Kostic,SUB,0,762355
Juventus,2026-02-05,Atalanta,away,4-2-3-1,0,2,Emil Holm,SUB,0,762355
Juventus,2026-02-05,Atalanta,away,4-2-3-1,0,16,Michele Di Gregorio,SUB,0,762355
Juventus,2026-02-05,Atalanta,away,4-2-3-1,0,21,Fabio Miretti,SUB,0,762355
Juventus,2026-02-05,Atalanta,away,4-2-3-1,0,13,Jérémie Boga,SUB,0,762355
Juventus,2026-02-05,Atalanta,away,4-2-3-1,0,20,Loïs Openda,SUB,0,762355
Juventus,2026-02-05,Atalanta,away,4-2-3-1,0,11,Edon Zhegrova,SUB,0,762355
Juventus,2026-02-05,Atalanta,away,4-2-3-1,0,8,Teun Koopmeiners,SUB,0,762355
Napoli,2026-02-10,Como,home,3-4-2-1,1,32,Vanja Milinkovic-Savic,G,1,762426
Napoli,2026-02-10,Como,home,3-4-2-1,1,13,Amir Rrahmani,CD,5,762426
Napoli,2026-02-10,Como,home,3-4-2-1,1,5,Juan Jesus,CD-L,4,762426
Napoli,2026-02-10,Como,home,3-4-2-1,1,31,Sam Beukema,CD-R,6,762426
Napoli,2026-02-10,Como,home,3-4-2-1,1,68,Stanislav Lobotka,CM-L,8,762426
Napoli,2026-02-10,Como,home,3-4-2-1,1,20,Eljif Elmas,CM-R,7,762426
Napoli,2026-02-10,Como,home,3-4-2-1,1,17,Mathías Olivera,LM,3,762426
Napoli,2026-02-10,Como,home,3-4-2-1,1,30,Pasquale Mazzocchi,RM,2,762426
Napoli,2026-02-10,Como,home,3-4-2-1,1,19,Rasmus Højlund,F,9,762426
Napoli,2026-02-10,Como,home,3-4-2-1,1,26,Antonio Vergara,CF-L,11,762426
Napoli,2026-02-10,Como,home,3-4-2-1,1,23,Giovane,CF-R,10,762426
Napoli,2026-02-10,Como,home,3-4-2-1,0,4,Alessandro Buongiorno,SUB,0,762426
Napoli,2026-02-10,Como,home,3-4-2-1,0,3,Miguel Gutiérrez,SUB,0,762426
Napoli,2026-02-10,Como,home,3-4-2-1,0,9,Romelu Lukaku,SUB,0,762426
Napoli,2026-02-10,Como,home,3-4-2-1,0,98,Emmanuele De Chiara,SUB,0,762426
Napoli,2026-02-10,Como,home,3-4-2-1,0,27,Alisson Santos,SUB,0,762426
Napoli,2026-02-10,Como,home,3-4-2-1,0,14,Nikita Contini,SUB,0,762426
Napoli,2026-02-10,Como,home,3-4-2-1,0,21,Matteo Politano,SUB,0,762426
Napoli,2026-02-10,Como,home,3-4-2-1,0,95,Vincenzo Prisco,SUB,0,762426
Napoli,2026-02-10,Como,home,3-4-2-1,0,1,Alex Meret,SUB,0,762426
Napoli,2026-02-10,Como,home,3-4-2-1,0,37,Leonardo Spinazzola,SUB,0,762426
Como,2026-02-10,Napoli,away,4-2-3-1,1,1,Jean Butez,G,1,762426
Como,2026-02-10,Napoli,away,4-2-3-1,1,34,Diego Carlos,CD-L,6,762426
Como,2026-02-10,Napoli,away,4-2-3-1,1,14,Jacobo Ramón,CD-R,5,762426
Como,2026-02-10,Napoli,away,4-2-3-1,1,3,Álex Valle,LB,3,762426
Como,2026-02-10,Napoli,away,4-2-3-1,1,28,Ivan Smolcic,RB,2,762426
Como,2026-02-10,Napoli,away,4-2-3-1,1,10,Nico Paz,AM,10,762426
Como,2026-02-10,Napoli,away,4-2-3-1,1,8,Sergi Roberto,LM,4,762426
Como,2026-02-10,Napoli,away,4-2-3-1,1,23,Máximo Perrone,RM,8,762426
Como,2026-02-10,Napoli,away,4-2-3-1,1,6,Maxence Caqueret,F,9,762426
Como,2026-02-10,Napoli,away,4-2-3-1,1,20,Martin Baturina,AM-L,11,762426
Como,2026-02-10,Napoli,away,4-2-3-1,1,42,Jayden Addai,AM-R,7,762426
Como,2026-02-10,Napoli,away,4-2-3-1,0,58,Samuele Pisati,SUB,0,762426
Como,2026-02-10,Napoli,away,4-2-3-1,0,19,Nicolas Kühn,SUB,0,762426
Como,2026-02-10,Napoli,away,4-2-3-1,0,7,Álvaro Morata,SUB,0,762426
Como,2026-02-10,Napoli,away,4-2-3-1,0,17,Jesús Rodriguez,SUB,0,762426
Como,2026-02-10,Napoli,away,4-2-3-1,0,2,Marc-Oliver Kempf,SUB,0,762426
Como,2026-02-10,Napoli,away,4-2-3-1,0,22,Mauro Vigorito,SUB,0,762426
Como,2026-02-10,Napoli,away,4-2-3-1,0,15,Adrian Lahdo,SUB,0,762426
Como,2026-02-10,Napoli,away,4-2-3-1,0,21,Noel Törnqvist,SUB,0,762426
Como,2026-02-10,Napoli,away,4-2-3-1,0,11,Anastasios Douvikas,SUB,0,762426
Como,2026-02-10,Napoli,away,4-2-3-1,0,18,Alberto Moreno,SUB,0,762426
Como,2026-02-10,Napoli,away,4-2-3-1,0,77,Ignace van der Brempt,SUB,0,762426
Como,2026-02-10,Napoli,away,4-2-3-1,0,33,Lucas Da Cunha,SUB,0,762426
Como,2026-02-10,Napoli,away,4-2-3-1,0,31,Mërgim Vojvoda,SUB,0,762426
Bologna,2026-02-11,Lazio,home,4-2-3-1,1,1,Lukasz Skorupski,G,1,762428
Bologna,2026-02-11,Lazio,home,4-2-3-1,1,26,Jhon Lucumí,CD-L,6,762428
Bologna,2026-02-11,Lazio,home,4-2-3-1,1,41,Martin Vitík,CD-R,5,762428
Bologna,2026-02-11,Lazio,home,4-2-3-1,1,33,Juan Miranda,LB,3,762428
Bologna,2026-02-11,Lazio,home,4-2-3-1,1,20,Nadir Zortea,RB,2,762428
Bologna,2026-02-11,Lazio,home,4-2-3-1,1,21,Jens Odgaard,AM,10,762428
Bologna,2026-02-11,Lazio,home,4-2-3-1,1,19,Lewis Ferguson,LM,4,762428
Bologna,2026-02-11,Lazio,home,4-2-3-1,1,6,Nikola Moro,RM,8,762428
Bologna,2026-02-11,Lazio,home,4-2-3-1,1,9,Santiago Castro,F,9,762428
Bologna,2026-02-11,Lazio,home,4-2-3-1,1,28,Nicolò Cambiaghi,AM-L,11,762428
Bologna,2026-02-11,Lazio,home,4-2-3-1,1,7,Riccardo Orsolini,AM-R,7,762428
Bologna,2026-02-11,Lazio,home,4-2-3-1,0,25,Massimo Pessina,SUB,0,762428
Bologna,2026-02-11,Lazio,home,4-2-3-1,0,13,Federico Ravaglia,SUB,0,762428
Bologna,2026-02-11,Lazio,home,4-2-3-1,0,8,Remo Freuler,SUB,0,762428
Bologna,2026-02-11,Lazio,home,4-2-3-1,0,5,Eivind Helland,SUB,0,762428
Bologna,2026-02-11,Lazio,home,4-2-3-1,0,24,Thijs Dallinga,SUB,0,762428
Bologna,2026-02-11,Lazio,home,4-2-3-1,0,11,Jon Rowe,SUB,0,762428
Bologna,2026-02-11,Lazio,home,4-2-3-1,0,30,Benjamín Domínguez,SUB,0,762428
Bologna,2026-02-11,Lazio,home,4-2-3-1,0,4,Tommaso Pobega,SUB,0,762428
Bologna,2026-02-11,Lazio,home,4-2-3-1,0,23,Simon Sohm,SUB,0,762428
Bologna,2026-02-11,Lazio,home,4-2-3-1,0,10,Federico Bernardeschi,SUB,0,762428
Bologna,2026-02-11,Lazio,home,4-2-3-1,0,17,João Mário,SUB,0,762428
Bologna,2026-02-11,Lazio,home,4-2-3-1,0,16,Nicolo Casale,SUB,0,762428
Lazio,2026-02-11,Bologna,away,4-3-3,1,94,Ivan Provedel,G,1,762428
Lazio,2026-02-11,Bologna,away,4-3-3,1,13,Alessio Romagnoli,CD-L,6,762428
Lazio,2026-02-11,Bologna,away,4-3-3,1,34,Mario Gila,CD-R,5,762428
Lazio,2026-02-11,Bologna,away,4-3-3,1,3,Luca Pellegrini,LB,3,762428
Lazio,2026-02-11,Bologna,away,4-3-3,1,77,Adam Marusic,RB,2,762428
Lazio,2026-02-11,Bologna,away,4-3-3,1,6,Nicolò Rovella,CM,4,762428
Lazio,2026-02-11,Bologna,away,4-3-3,1,24,Kenneth Taylor,LM,8,762428
Lazio,2026-02-11,Bologna,away,4-3-3,1,7,Fisayo Dele-Bashiru,RM,7,762428
Lazio,2026-02-11,Bologna,away,4-3-3,1,27,Daniel Maldini,F,9,762428
Lazio,2026-02-11,Bologna,away,4-3-3,1,9,Pedro,LF,11,762428
Lazio,2026-02-11,Bologna,away,4-3-3,1,18,Gustav Isaksen,RF,10,762428
Lazio,2026-02-11,Bologna,away,4-3-3,0,17,Nuno Tavares,SUB,0,762428
Lazio,2026-02-11,Bologna,away,4-3-3,0,19,Boulaye Dia,SUB,0,762428
Lazio,2026-02-11,Bologna,away,4-3-3,0,14,Tijjani Noslin,SUB,0,762428
Lazio,2026-02-11,Bologna,away,4-3-3,0,26,Toma Basic,SUB,0,762428
Lazio,2026-02-11,Bologna,away,4-3-3,0,32,Danilo Cataldi,SUB,0,762428
Lazio,2026-02-11,Bologna,away,4-3-3,0,23,Elseid Hysaj,SUB,0,762428
Lazio,2026-02-11,Bologna,away,4-3-3,0,21,Reda Belahyane,SUB,0,762428
Lazio,2026-02-11,Bologna,away,4-3-3,0,25,Oliver Provstgaard,SUB,0,762428
Lazio,2026-02-11,Bologna,away,4-3-3,0,20,Petar Ratkov,SUB,0,762428
Lazio,2026-02-11,Bologna,away,4-3-3,0,22,Matteo Cancellieri,SUB,0,762428
Lazio,2026-02-11,Bologna,away,4-3-3,0,55,Alessio Furlanetto,SUB,0,762428
Lazio,2026-02-11,Bologna,away,4-3-3,0,40,Edoardo Motta,SUB,0,762428
Lazio,2026-02-11,Bologna,away,4-3-3,0,28,Adrian Przyborek,SUB,0,762428
Lazio,2026-02-11,Bologna,away,4-3-3,0,4,Patric,SUB,0,762428
Como,2026-03-03,Inter,home,4-3-3,1,1,Jean Butez,G,1,762437
Como,2026-03-03,Inter,home,4-3-3,1,34,Diego Carlos,CD-L,6,762437
Como,2026-03-03,Inter,home,4-3-3,1,14,Jacobo Ramón,CD-R,5,762437
Como,2026-03-03,Inter,home,4-3-3,1,3,Álex Valle,LB,3,762437
Como,2026-03-03,Inter,home,4-3-3,1,28,Ivan Smolcic,RB,2,762437
Como,2026-03-03,Inter,home,4-3-3,1,23,Máximo Perrone,CM,4,762437
Como,2026-03-03,Inter,home,4-3-3,1,8,Sergi Roberto,LM,8,762437
Como,2026-03-03,Inter,home,4-3-3,1,6,Maxence Caqueret,RM,7,762437
Como,2026-03-03,Inter,home,4-3-3,1,10,Nico Paz,F,9,762437
Como,2026-03-03,Inter,home,4-3-3,1,33,Lucas Da Cunha,LF,11,762437
Como,2026-03-03,Inter,home,4-3-3,1,31,Mërgim Vojvoda,RF,10,762437
Como,2026-03-03,Inter,home,4-3-3,0,7,Álvaro Morata,SUB,0,762437
Como,2026-03-03,Inter,home,4-3-3,0,11,Anastasios Douvikas,SUB,0,762437
Como,2026-03-03,Inter,home,4-3-3,0,18,Alberto Moreno,SUB,0,762437
Como,2026-03-03,Inter,home,4-3-3,0,17,Jesús Rodriguez,SUB,0,762437
Como,2026-03-03,Inter,home,4-3-3,0,22,Mauro Vigorito,SUB,0,762437
Como,2026-03-03,Inter,home,4-3-3,0,15,Adrian Lahdo,SUB,0,762437
Como,2026-03-03,Inter,home,4-3-3,0,20,Martin Baturina,SUB,0,762437
Como,2026-03-03,Inter,home,4-3-3,0,44,Nikola Cavlina,SUB,0,762437
Como,2026-03-03,Inter,home,4-3-3,0,21,Noel Törnqvist,SUB,0,762437
Como,2026-03-03,Inter,home,4-3-3,0,19,Nicolas Kühn,SUB,0,762437
Como,2026-03-03,Inter,home,4-3-3,0,77,Ignace van der Brempt,SUB,0,762437
Como,2026-03-03,Inter,home,4-3-3,0,38,Assane Diao,SUB,0,762437
Como,2026-03-03,Inter,home,4-3-3,0,5,Edoardo Goldaniga,SUB,0,762437
Inter,2026-03-03,Como,away,3-4-2-1,1,13,Josep Martínez,G,1,762437
Inter,2026-03-03,Como,away,3-4-2-1,1,15,Francesco Acerbi,CD,5,762437
Inter,2026-03-03,Como,away,3-4-2-1,1,95,Alessandro Bastoni,CD-L,4,762437
Inter,2026-03-03,Como,away,3-4-2-1,1,31,Yann Bisseck,CD-R,6,762437
Inter,2026-03-03,Como,away,3-4-2-1,1,20,Hakan Çalhanoglu,CM-L,8,762437
Inter,2026-03-03,Como,away,3-4-2-1,1,8,Petar Sucic,CM-R,7,762437
Inter,2026-03-03,Como,away,3-4-2-1,1,30,Carlos Augusto,LM,3,762437
Inter,2026-03-03,Como,away,3-4-2-1,1,36,Matteo Darmian,RM,2,762437
Inter,2026-03-03,Como,away,3-4-2-1,1,94,Pio Esposito,F,9,762437
Inter,2026-03-03,Como,away,3-4-2-1,1,16,Davide Frattesi,CF-L,11,762437
Inter,2026-03-03,Como,away,3-4-2-1,1,17,Andy Diouf,CF-R,10,762437
Inter,2026-03-03,Como,away,3-4-2-1,0,53,Matteo Lavelli,SUB,0,762437
Inter,2026-03-03,Como,away,3-4-2-1,0,12,Raffaele Di Gennaro,SUB,0,762437
Inter,2026-03-03,Como,away,3-4-2-1,0,7,Piotr Zielinski,SUB,0,762437
Inter,2026-03-03,Como,away,3-4-2-1,0,1,Yann Sommer,SUB,0,762437
Inter,2026-03-03,Como,away,3-4-2-1,0,6,Stefan de Vrij,SUB,0,762437
Inter,2026-03-03,Como,away,3-4-2-1,0,9,Marcus Thuram,SUB,0,762437
Inter,2026-03-03,Como,away,3-4-2-1,0,2,Denzel Dumfries,SUB,0,762437
Inter,2026-03-03,Como,away,3-4-2-1,0,32,Federico Dimarco,SUB,0,762437
Inter,2026-03-03,Como,away,3-4-2-1,0,22,Henrikh Mkhitaryan,SUB,0,762437
Inter,2026-03-03,Como,away,3-4-2-1,0,11,Luis Henrique,SUB,0,762437
Inter,2026-03-03,Como,away,3-4-2-1,0,25,Manuel Akanji,SUB,0,762437
Inter,2026-03-03,Como,away,3-4-2-1,0,23,Nicolò Barella,SUB,0,762437
Lazio,2026-03-04,Atalanta,home,4-3-3,1,94,Ivan Provedel,G,1,762434
Lazio,2026-03-04,Atalanta,home,4-3-3,1,13,Alessio Romagnoli,CD-L,6,762434
Lazio,2026-03-04,Atalanta,home,4-3-3,1,34,Mario Gila,CD-R,5,762434
Lazio,2026-03-04,Atalanta,home,4-3-3,1,17,Nuno Tavares,LB,3,762434
Lazio,2026-03-04,Atalanta,home,4-3-3,1,77,Adam Marusic,RB,2,762434
Lazio,2026-03-04,Atalanta,home,4-3-3,1,32,Danilo Cataldi,CM,4,762434
Lazio,2026-03-04,Atalanta,home,4-3-3,1,24,Kenneth Taylor,LM,8,762434
Lazio,2026-03-04,Atalanta,home,4-3-3,1,7,Fisayo Dele-Bashiru,RM,7,762434
Lazio,2026-03-04,Atalanta,home,4-3-3,1,27,Daniel Maldini,F,9,762434
Lazio,2026-03-04,Atalanta,home,4-3-3,1,10,Mattia Zaccagni,LF,11,762434
Lazio,2026-03-04,Atalanta,home,4-3-3,1,18,Gustav Isaksen,RF,10,762434
Lazio,2026-03-04,Atalanta,home,4-3-3,0,20,Petar Ratkov,SUB,0,762434
Lazio,2026-03-04,Atalanta,home,4-3-3,0,22,Matteo Cancellieri,SUB,0,762434
Lazio,2026-03-04,Atalanta,home,4-3-3,0,4,Patric,SUB,0,762434
Lazio,2026-03-04,Atalanta,home,4-3-3,0,29,Manuel Lazzari,SUB,0,762434
Lazio,2026-03-04,Atalanta,home,4-3-3,0,3,Luca Pellegrini,SUB,0,762434
Lazio,2026-03-04,Atalanta,home,4-3-3,0,9,Pedro,SUB,0,762434
Lazio,2026-03-04,Atalanta,home,4-3-3,0,21,Reda Belahyane,SUB,0,762434
Lazio,2026-03-04,Atalanta,home,4-3-3,0,14,Tijjani Noslin,SUB,0,762434
Lazio,2026-03-04,Atalanta,home,4-3-3,0,19,Boulaye Dia,SUB,0,762434
Lazio,2026-03-04,Atalanta,home,4-3-3,0,23,Elseid Hysaj,SUB,0,762434
Lazio,2026-03-04,Atalanta,home,4-3-3,0,25,Oliver Provstgaard,SUB,0,762434
Lazio,2026-03-04,Atalanta,home,4-3-3,0,55,Alessio Furlanetto,SUB,0,762434
Lazio,2026-03-04,Atalanta,home,4-3-3,0,40,Edoardo Motta,SUB,0,762434
Lazio,2026-03-04,Atalanta,home,4-3-3,0,28,Adrian Przyborek,SUB,0,762434
Atalanta,2026-03-04,Lazio,away,3-4-2-1,1,29,Marco Carnesecchi,G,1,762434
Atalanta,2026-03-04,Lazio,away,3-4-2-1,1,4,Isak Hien,CD,5,762434
Atalanta,2026-03-04,Lazio,away,3-4-2-1,1,23,Sead Kolasinac,CD-L,4,762434
Atalanta,2026-03-04,Lazio,away,3-4-2-1,1,42,Giorgio Scalvini,CD-R,6,762434
Atalanta,2026-03-04,Lazio,away,3-4-2-1,1,8,Mario Pasalic,CM-L,8,762434
Atalanta,2026-03-04,Lazio,away,3-4-2-1,1,15,Marten de Roon,CM-R,7,762434
Atalanta,2026-03-04,Lazio,away,3-4-2-1,1,47,Lorenzo Bernasconi,LM,3,762434
Atalanta,2026-03-04,Lazio,away,3-4-2-1,1,77,Davide Zappacosta,RM,2,762434
Atalanta,2026-03-04,Lazio,away,3-4-2-1,1,90,Nikola Krstovic,F,9,762434
Atalanta,2026-03-04,Lazio,away,3-4-2-1,1,59,Nicola Zalewski,CF-L,11,762434
Atalanta,2026-03-04,Lazio,away,3-4-2-1,1,10,Lazar Samardzic,CF-R,10,762434
Atalanta,2026-03-04,Lazio,away,3-4-2-1,0,7,Kamaldeen Sulemana,SUB,0,762434
Atalanta,2026-03-04,Lazio,away,3-4-2-1,0,31,Francesco Rossi,SUB,0,762434
Atalanta,2026-03-04,Lazio,away,3-4-2-1,0,69,Honest Ahanor,SUB,0,762434
Atalanta,2026-03-04,Lazio,away,3-4-2-1,0,9,Gianluca Scamacca,SUB,0,762434
Atalanta,2026-03-04,Lazio,away,3-4-2-1,0,57,Marco Sportiello,SUB,0,762434
Atalanta,2026-03-04,Lazio,away,3-4-2-1,0,19,Berat Djimsiti,SUB,0,762434
Atalanta,2026-03-04,Lazio,away,3-4-2-1,0,3,Odilon Kossounou,SUB,0,762434
Atalanta,2026-03-04,Lazio,away,3-4-2-1,0,16,Raoul Bellanova,SUB,0,762434
Atalanta,2026-03-04,Lazio,away,3-4-2-1,0,6,Yunus Musah,SUB,0,762434
Atalanta,2026-03-04,Lazio,away,3-4-2-1,0,45,Dominic Vavassori,SUB,0,762434
Atalanta,2026-03-04,Lazio,away,3-4-2-1,0,5,Mitchel Bakker,SUB,0,762434
Inter,2026-04-21,Como,home,3-5-2,1,13,Josep Martínez,G,1,762435
Inter,2026-04-21,Como,home,3-5-2,1,15,Francesco Acerbi,CD,5,762435
Inter,2026-04-21,Como,home,3-5-2,1,30,Carlos Augusto,CD-L,4,762435
Inter,2026-04-21,Como,home,3-5-2,1,25,Manuel Akanji,CD-R,6,762435
Inter,2026-04-21,Como,home,3-5-2,1,7,Piotr Zielinski,CM-L,8,762435
Inter,2026-04-21,Como,home,3-5-2,1,23,Nicolò Barella,CM-R,7,762435
Inter,2026-04-21,Como,home,3-5-2,1,20,Hakan Çalhanoglu,AM,11,762435
Inter,2026-04-21,Como,home,3-5-2,1,32,Federico Dimarco,LM,3,762435
Inter,2026-04-21,Como,home,3-5-2,1,11,Luis Henrique,RM,2,762435
Inter,2026-04-21,Como,home,3-5-2,1,14,Ange-Yoan Bonny,CF-L,9,762435
Inter,2026-04-21,Como,home,3-5-2,1,9,Marcus Thuram,CF-R,10,762435
Inter,2026-04-21,Como,home,3-5-2,0,22,Henrikh Mkhitaryan,SUB,0,762435
Inter,2026-04-21,Como,home,3-5-2,0,17,Andy Diouf,SUB,0,762435
Inter,2026-04-21,Como,home,3-5-2,0,1,Yann Sommer,SUB,0,762435
Inter,2026-04-21,Como,home,3-5-2,0,31,Yann Bisseck,SUB,0,762435
Inter,2026-04-21,Como,home,3-5-2,0,94,Pio Esposito,SUB,0,762435
Inter,2026-04-21,Como,home,3-5-2,0,16,Davide Frattesi,SUB,0,762435
Inter,2026-04-21,Como,home,3-5-2,0,12,Raffaele Di Gennaro,SUB,0,762435
Inter,2026-04-21,Como,home,3-5-2,0,2,Denzel Dumfries,SUB,0,762435
Inter,2026-04-21,Como,home,3-5-2,0,36,Matteo Darmian,SUB,0,762435
Inter,2026-04-21,Como,home,3-5-2,0,48,Mattia Mosconi,SUB,0,762435
Inter,2026-04-21,Como,home,3-5-2,0,51,Christos Alexiou,SUB,0,762435
Inter,2026-04-21,Como,home,3-5-2,0,8,Petar Sucic,SUB,0,762435
Como,2026-04-21,Inter,away,3-4-2-1,1,1,Jean Butez,G,1,762435
Como,2026-04-21,Inter,away,3-4-2-1,1,34,Diego Carlos,CD,5,762435
Como,2026-04-21,Inter,away,3-4-2-1,1,2,Marc-Oliver Kempf,CD-L,4,762435
Como,2026-04-21,Inter,away,3-4-2-1,1,14,Jacobo Ramón,CD-R,6,762435
Como,2026-04-21,Inter,away,3-4-2-1,1,23,Máximo Perrone,CM-L,8,762435
Como,2026-04-21,Inter,away,3-4-2-1,1,33,Lucas Da Cunha,CM-R,7,762435
Como,2026-04-21,Inter,away,3-4-2-1,1,3,Álex Valle,LM,3,762435
Como,2026-04-21,Inter,away,3-4-2-1,1,77,Ignace van der Brempt,RM,2,762435
Como,2026-04-21,Inter,away,3-4-2-1,1,11,Anastasios Douvikas,F,9,762435
Como,2026-04-21,Inter,away,3-4-2-1,1,20,Martin Baturina,CF-L,11,762435
Como,2026-04-21,Inter,away,3-4-2-1,1,10,Nico Paz,CF-R,10,762435
Como,2026-04-21,Inter,away,3-4-2-1,0,18,Alberto Moreno,SUB,0,762435
Como,2026-04-21,Inter,away,3-4-2-1,0,21,Noel Törnqvist,SUB,0,762435
Como,2026-04-21,Inter,away,3-4-2-1,0,17,Jesús Rodriguez,SUB,0,762435
Como,2026-04-21,Inter,away,3-4-2-1,0,28,Ivan Smolcic,SUB,0,762435
Como,2026-04-21,Inter,away,3-4-2-1,0,5,Edoardo Goldaniga,SUB,0,762435
Como,2026-04-21,Inter,away,3-4-2-1,0,56,Cristiano De Paoli,SUB,0,762435
Como,2026-04-21,Inter,away,3-4-2-1,0,15,Adrian Lahdo,SUB,0,762435
Como,2026-04-21,Inter,away,3-4-2-1,0,6,Maxence Caqueret,SUB,0,762435
Como,2026-04-21,Inter,away,3-4-2-1,0,19,Nicolas Kühn,SUB,0,762435
Como,2026-04-21,Inter,away,3-4-2-1,0,7,Álvaro Morata,SUB,0,762435
Como,2026-04-21,Inter,away,3-4-2-1,0,38,Assane Diao,SUB,0,762435
Como,2026-04-21,Inter,away,3-4-2-1,0,22,Mauro Vigorito,SUB,0,762435
Como,2026-04-21,Inter,away,3-4-2-1,0,58,Samuele Pisati,SUB,0,762435
Como,2026-04-21,Inter,away,3-4-2-1,0,44,Nikola Cavlina,SUB,0,762435
Atalanta,2026-04-22,Lazio,home,3-4-2-1,1,29,Marco Carnesecchi,G,1,762436
Atalanta,2026-04-22,Lazio,home,3-4-2-1,1,19,Berat Djimsiti,CD,5,762436
Atalanta,2026-04-22,Lazio,home,3-4-2-1,1,23,Sead Kolasinac,CD-L,4,762436
Atalanta,2026-04-22,Lazio,home,3-4-2-1,1,42,Giorgio Scalvini,CD-R,6,762436
Atalanta,2026-04-22,Lazio,home,3-4-2-1,1,13,Éderson,CM-L,8,762436
Atalanta,2026-04-22,Lazio,home,3-4-2-1,1,15,Marten de Roon,CM-R,7,762436
Atalanta,2026-04-22,Lazio,home,3-4-2-1,1,47,Lorenzo Bernasconi,LM,3,762436
Atalanta,2026-04-22,Lazio,home,3-4-2-1,1,77,Davide Zappacosta,RM,2,762436
Atalanta,2026-04-22,Lazio,home,3-4-2-1,1,90,Nikola Krstovic,F,9,762436
Atalanta,2026-04-22,Lazio,home,3-4-2-1,1,59,Nicola Zalewski,CF-L,11,762436
Atalanta,2026-04-22,Lazio,home,3-4-2-1,1,17,Charles De Ketelaere,CF-R,10,762436
Atalanta,2026-04-22,Lazio,home,3-4-2-1,0,5,Mitchel Bakker,SUB,0,762436
Atalanta,2026-04-22,Lazio,home,3-4-2-1,0,6,Yunus Musah,SUB,0,762436
Atalanta,2026-04-22,Lazio,home,3-4-2-1,0,57,Marco Sportiello,SUB,0,762436
Atalanta,2026-04-22,Lazio,home,3-4-2-1,0,69,Honest Ahanor,SUB,0,762436
Atalanta,2026-04-22,Lazio,home,3-4-2-1,0,10,Lazar Samardzic,SUB,0,762436
Atalanta,2026-04-22,Lazio,home,3-4-2-1,0,3,Odilon Kossounou,SUB,0,762436
Atalanta,2026-04-22,Lazio,home,3-4-2-1,0,16,Raoul Bellanova,SUB,0,762436
Atalanta,2026-04-22,Lazio,home,3-4-2-1,0,9,Gianluca Scamacca,SUB,0,762436
Atalanta,2026-04-22,Lazio,home,3-4-2-1,0,40,Relja Obric,SUB,0,762436
Atalanta,2026-04-22,Lazio,home,3-4-2-1,0,18,Giacomo Raspadori,SUB,0,762436
Atalanta,2026-04-22,Lazio,home,3-4-2-1,0,50,Piotr Pardel,SUB,0,762436
Atalanta,2026-04-22,Lazio,home,3-4-2-1,0,7,Kamaldeen Sulemana,SUB,0,762436
Atalanta,2026-04-22,Lazio,home,3-4-2-1,0,8,Mario Pasalic,SUB,0,762436
Lazio,2026-04-22,Atalanta,away,4-3-3,1,40,Edoardo Motta,G,1,762436
Lazio,2026-04-22,Atalanta,away,4-3-3,1,13,Alessio Romagnoli,CD-L,6,762436
Lazio,2026-04-22,Atalanta,away,4-3-3,1,34,Mario Gila,CD-R,5,762436
Lazio,2026-04-22,Atalanta,away,4-3-3,1,17,Nuno Tavares,LB,3,762436
Lazio,2026-04-22,Atalanta,away,4-3-3,1,77,Adam Marusic,RB,2,762436
Lazio,2026-04-22,Atalanta,away,4-3-3,1,4,Patric,CM,4,762436
Lazio,2026-04-22,Atalanta,away,4-3-3,1,24,Kenneth Taylor,LM,8,762436
Lazio,2026-04-22,Atalanta,away,4-3-3,1,26,Toma Basic,RM,7,762436
Lazio,2026-04-22,Atalanta,away,4-3-3,1,14,Tijjani Noslin,F,9,762436
Lazio,2026-04-22,Atalanta,away,4-3-3,1,10,Mattia Zaccagni,LF,11,762436
Lazio,2026-04-22,Atalanta,away,4-3-3,1,22,Matteo Cancellieri,RF,10,762436
Lazio,2026-04-22,Atalanta,away,4-3-3,0,28,Adrian Przyborek,SUB,0,762436
Lazio,2026-04-22,Atalanta,away,4-3-3,0,72,Nicolo Pannozzo,SUB,0,762436
Lazio,2026-04-22,Atalanta,away,4-3-3,0,18,Gustav Isaksen,SUB,0,762436
Lazio,2026-04-22,Atalanta,away,4-3-3,0,27,Daniel Maldini,SUB,0,762436
Lazio,2026-04-22,Atalanta,away,4-3-3,0,23,Elseid Hysaj,SUB,0,762436
Lazio,2026-04-22,Atalanta,away,4-3-3,0,20,Petar Ratkov,SUB,0,762436
Lazio,2026-04-22,Atalanta,away,4-3-3,0,3,Luca Pellegrini,SUB,0,762436
Lazio,2026-04-22,Atalanta,away,4-3-3,0,21,Reda Belahyane,SUB,0,762436
Lazio,2026-04-22,Atalanta,away,4-3-3,0,29,Manuel Lazzari,SUB,0,762436
Lazio,2026-04-22,Atalanta,away,4-3-3,0,9,Pedro,SUB,0,762436
Lazio,2026-04-22,Atalanta,away,4-3-3,0,99,Giacomo Giacomone,SUB,0,762436
Lazio,2026-04-22,Atalanta,away,4-3-3,0,7,Fisayo Dele-Bashiru,SUB,0,762436
Lazio,2026-04-22,Atalanta,away,4-3-3,0,19,Boulaye Dia,SUB,0,762436
Lazio,2026-04-22,Atalanta,away,4-3-3,0,32,Danilo Cataldi,SUB,0,762436
Lazio,2026-04-22,Atalanta,away,4-3-3,0,25,Oliver Provstgaard,SUB,0,762436
Lazio,2026-05-13,Inter,home,4-3-3,1,40,Edoardo Motta,G,1,401838097
Lazio,2026-05-13,Inter,home,4-3-3,1,13,Alessio Romagnoli,CD-L,6,401838097
Lazio,2026-05-13,Inter,home,4-3-3,1,34,Mario Gila,CD-R,5,401838097
Lazio,2026-05-13,Inter,home,4-3-3,1,17,Nuno Tavares,LB,3,401838097
Lazio,2026-05-13,Inter,home,4-3-3,1,77,Adam Marusic,RB,2,401838097
Lazio,2026-05-13,Inter,home,4-3-3,1,4,Patric,CM,4,401838097
Lazio,2026-05-13,Inter,home,4-3-3,1,24,Kenneth Taylor,LM,8,401838097
Lazio,2026-05-13,Inter,home,4-3-3,1,26,Toma Basic,RM,7,401838097
Lazio,2026-05-13,Inter,home,4-3-3,1,14,Tijjani Noslin,F,9,401838097
Lazio,2026-05-13,Inter,home,4-3-3,1,10,Mattia Zaccagni,LF,11,401838097
Lazio,2026-05-13,Inter,home,4-3-3,1,18,Gustav Isaksen,RF,10,401838097
Lazio,2026-05-13,Inter,home,4-3-3,0,23,Elseid Hysaj,SUB,0,401838097
Lazio,2026-05-13,Inter,home,4-3-3,0,99,Giacomo Giacomone,SUB,0,401838097
Lazio,2026-05-13,Inter,home,4-3-3,0,29,Manuel Lazzari,SUB,0,401838097
Lazio,2026-05-13,Inter,home,4-3-3,0,32,Danilo Cataldi,SUB,0,401838097
Lazio,2026-05-13,Inter,home,4-3-3,0,22,Matteo Cancellieri,SUB,0,401838097
Lazio,2026-05-13,Inter,home,4-3-3,0,7,Fisayo Dele-Bashiru,SUB,0,401838097
Lazio,2026-05-13,Inter,home,4-3-3,0,6,Nicolò Rovella,SUB,0,401838097
Lazio,2026-05-13,Inter,home,4-3-3,0,9,Pedro,SUB,0,401838097
Lazio,2026-05-13,Inter,home,4-3-3,0,19,Boulaye Dia,SUB,0,401838097
Lazio,2026-05-13,Inter,home,4-3-3,0,21,Reda Belahyane,SUB,0,401838097
Lazio,2026-05-13,Inter,home,4-3-3,0,27,Daniel Maldini,SUB,0,401838097
Lazio,2026-05-13,Inter,home,4-3-3,0,20,Petar Ratkov,SUB,0,401838097
Lazio,2026-05-13,Inter,home,4-3-3,0,55,Alessio Furlanetto,SUB,0,401838097
Lazio,2026-05-13,Inter,home,4-3-3,0,25,Oliver Provstgaard,SUB,0,401838097
Lazio,2026-05-13,Inter,home,4-3-3,0,3,Luca Pellegrini,SUB,0,401838097
Inter,2026-05-13,Lazio,away,3-5-2,1,13,Josep Martínez,G,1,401838097
Inter,2026-05-13,Lazio,away,3-5-2,1,25,Manuel Akanji,CD,5,401838097
Inter,2026-05-13,Lazio,away,3-5-2,1,95,Alessandro Bastoni,CD-L,4,401838097
Inter,2026-05-13,Lazio,away,3-5-2,1,31,Yann Bisseck,CD-R,6,401838097
Inter,2026-05-13,Lazio,away,3-5-2,1,8,Petar Sucic,CM-L,8,401838097
Inter,2026-05-13,Lazio,away,3-5-2,1,23,Nicolò Barella,CM-R,7,401838097
Inter,2026-05-13,Lazio,away,3-5-2,1,7,Piotr Zielinski,AM,11,401838097
Inter,2026-05-13,Lazio,away,3-5-2,1,32,Federico Dimarco,LM,3,401838097
Inter,2026-05-13,Lazio,away,3-5-2,1,2,Denzel Dumfries,RM,2,401838097
Inter,2026-05-13,Lazio,away,3-5-2,1,10,Lautaro Martínez,CF-L,9,401838097
Inter,2026-05-13,Lazio,away,3-5-2,1,9,Marcus Thuram,CF-R,10,401838097
Inter,2026-05-13,Lazio,away,3-5-2,0,15,Francesco Acerbi,SUB,0,401838097
Inter,2026-05-13,Lazio,away,3-5-2,0,48,Mattia Mosconi,SUB,0,401838097
Inter,2026-05-13,Lazio,away,3-5-2,0,12,Raffaele Di Gennaro,SUB,0,401838097
Inter,2026-05-13,Lazio,away,3-5-2,0,11,Luis Henrique,SUB,0,401838097
Inter,2026-05-13,Lazio,away,3-5-2,0,36,Matteo Darmian,SUB,0,401838097
Inter,2026-05-13,Lazio,away,3-5-2,0,43,Matteo Cocchi,SUB,0,401838097
Inter,2026-05-13,Lazio,away,3-5-2,0,20,Hakan Çalhanoglu,SUB,0,401838097
Inter,2026-05-13,Lazio,away,3-5-2,0,6,Stefan de Vrij,SUB,0,401838097
Inter,2026-05-13,Lazio,away,3-5-2,0,17,Andy Diouf,SUB,0,401838097
Inter,2026-05-13,Lazio,away,3-5-2,0,22,Henrikh Mkhitaryan,SUB,0,401838097
Inter,2026-05-13,Lazio,away,3-5-2,0,94,Pio Esposito,SUB,0,401838097
Inter,2026-05-13,Lazio,away,3-5-2,0,14,Ange-Yoan Bonny,SUB,0,401838097
Inter,2026-05-13,Lazio,away,3-5-2,0,30,Carlos Augusto,SUB,0,401838097
Inter,2026-05-13,Lazio,away,3-5-2,0,1,Yann Sommer,SUB,0,401838097
Inter,2026-05-13,Lazio,away,3-5-2,0,16,Davide Frattesi,SUB,0,401838097
