player,squad,pos,age,minutes,npg_per90,ast_per90,sh_per90,sot_per90,crosses_per90,interceptions_per90,tackles_won_per90,fouls_per90,fouled_per90,offsides_per90,market_value_eur,norm_key,tm_contract_until,tm_id,tm_contract_checked_at,tm_joined_date,tm_contract_signal,tm_photo
Ademola Lookman,Atalanta,"FW,MF",27.0,795,0.23,0.0,3.06,0.91,2.386,0.341,0.341,1.136,0.909,0.455,,ademola lookman,,,,,,
Berat Djimsiti,Atalanta,DF,32.0,2525,0.0,0.0,0.57,0.07,0.071,1.495,1.068,0.605,0.285,0.0,,berat djimsiti,2027-06-30,165513.0,2026-07-12T07:38:49,2016-01-18,,https://img.a.transfermarkt.technology/portrait/medium/165513-1718627443.jpg?lm=1
Charles De Ketelaere,Atalanta,"MF,FW",24.0,2177,0.12,0.21,1.9,0.66,1.901,0.207,0.62,0.95,1.488,0.124,,charles de ketelaere,2028-06-30,435772.0,2026-07-12T07:38:49,2024-07-01,,https://img.a.transfermarkt.technology/portrait/medium/435772-1659601388.jpg?lm=1
Daniel Maldini,Atalanta,MF,23.0,264,0.0,0.0,2.73,0.68,3.448,0.0,0.69,1.379,2.414,0.0,,daniel maldini,2029-06-30,539134.0,2026-07-12T07:38:49,2025-02-01,,https://img.a.transfermarkt.technology/portrait/medium/539134-1695031448.jpg?lm=1
Davide Zappacosta,Atalanta,MF,33.0,2569,0.11,0.11,1.3,0.32,3.754,0.632,0.491,0.632,0.281,0.246,,davide zappacosta,2028-06-30,173859.0,2026-07-12T07:38:49,2021-08-24,,https://img.a.transfermarkt.technology/portrait/medium/173859-1661268432.jpg?lm=1
Dominic Vavassori,Atalanta,FW,19.0,10,0.0,0.0,0.0,0.0,0.0,0.0,0.0,10.0,10.0,0.0,,dominic vavassori,,,,,,
Giacomo Raspadori,Atalanta,"MF,FW",25.0,796,0.34,0.11,3.17,1.24,5.0,0.114,0.341,0.795,0.682,0.114,,giacomo raspadori,2030-06-30,405885.0,2026-07-12T07:38:49,2026-01-15,,https://img.a.transfermarkt.technology/portrait/medium/405885-1708552564.jpg?lm=1
Gianluca Scamacca,Atalanta,FW,26.0,1315,0.55,0.07,3.9,1.51,0.0,0.205,0.342,1.781,1.301,0.548,,gianluca scamacca,2028-06-30,315867.0,2026-07-12T07:38:49,2023-08-07,,https://img.a.transfermarkt.technology/portrait/medium/315867-1659354755.jpg?lm=1
Giorgio Scalvini,Atalanta,DF,21.0,1808,0.15,0.05,1.0,0.3,0.249,1.891,1.144,1.542,0.498,0.1,,giorgio scalvini,2028-06-30,571604.0,2026-07-12T07:38:49,2021-07-09,,https://img.a.transfermarkt.technology/portrait/medium/571604-1701860841.jpg?lm=1
Honest Ahanor,Atalanta,DF,17.0,1377,0.0,0.0,0.85,0.26,0.131,1.569,1.307,1.569,1.83,0.0,,honest ahanor,2028-06-30,1077175.0,2026-07-12T07:38:49,2025-07-04,,https://img.a.transfermarkt.technology/portrait/medium/1077175-1725265871.jpg?lm=1
Isak Hien,Atalanta,DF,26.0,1970,0.05,0.0,0.41,0.14,0.0,1.324,1.553,1.644,0.959,0.0,,isak hien,2028-06-30,503075.0,2026-07-12T07:38:49,2024-01-02,,https://img.a.transfermarkt.technology/portrait/medium/503075-1725531359.jpg?lm=1
Kamaldeen Sulemana,Atalanta,MF,23.0,1011,0.18,0.09,2.23,0.89,1.964,0.179,0.446,1.25,1.25,0.446,,kamaldeen sulemana,2029-06-30,746695.0,2026-07-12T07:38:49,2025-07-02,,https://img.a.transfermarkt.technology/portrait/medium/746695-1751520001.jpg?lm=1
Lazar Samardzic,Atalanta,MF,23.0,1030,0.17,0.09,2.18,0.79,5.965,0.877,0.702,1.491,0.877,0.088,,lazar samardzic,2029-06-30,528833.0,2026-07-12T07:38:49,2025-07-01,,https://img.a.transfermarkt.technology/portrait/medium/528833-1757605226.jpg?lm=1
Lorenzo Bernasconi,Atalanta,MF,21.0,1572,0.0,0.17,0.52,0.06,6.457,0.8,0.914,0.457,0.286,0.171,,lorenzo bernasconi,2028-06-30,708635.0,2026-07-12T07:38:49,2025-07-01,,https://img.a.transfermarkt.technology/portrait/medium/708635-1773300882.jpg?lm=1
Marco Brescianini,Atalanta,MF,25.0,182,0.49,0.0,1.48,0.99,3.0,1.0,4.0,2.0,1.0,0.0,,marco brescianini,,,,,,
Marco Carnesecchi,Atalanta,GK,25.0,3330,0.0,0.0,0.0,0.0,0.0,0.0,0.0,0.0,0.0,0.0,,marco carnesecchi,2028-06-30,459763.0,2026-07-12T07:38:49,2019-07-01,,https://img.a.transfermarkt.technology/portrait/medium/459763-1695027944.jpg?lm=1
Marco Sportiello,Atalanta,GK,33.0,90,0.0,0.0,0.0,0.0,0.0,0.0,0.0,0.0,0.0,0.0,,marco sportiello,2028-06-30,199976.0,2026-07-12T07:38:49,2025-07-18,,https://img.a.transfermarkt.technology/portrait/medium/199976-1661351013.jpg?lm=1
Mario Pašalić,Atalanta,MF,30.0,1936,0.14,0.19,1.12,0.28,0.512,0.605,0.837,1.023,0.279,0.047,,mario pasalic,2028-06-30,205938.0,2026-07-12T07:38:49,2020-09-01,,https://img.a.transfermarkt.technology/portrait/medium/205938-1716240830.jpg?lm=1
Marten de Roon,Atalanta,MF,34.0,2691,0.03,0.07,0.54,0.13,0.435,0.87,1.472,1.237,0.368,0.0,,marten de roon,2027-06-30,133179.0,2026-07-12T07:38:49,2017-08-10,,https://img.a.transfermarkt.technology/portrait/medium/133179-1779892536.jpg?lm=1
Mitchel Bakker,Atalanta,"DF,MF",25.0,9,0.0,0.0,0.0,0.0,0.0,0.0,0.0,0.0,0.0,0.0,,mitchel bakker,2027-06-30,361065.0,2026-07-12T07:38:49,2023-07-07,,https://img.a.transfermarkt.technology/portrait/medium/361065-1658913284.jpg?lm=1
Nicola Zalewski,Atalanta,MF,23.0,1897,0.09,0.19,1.8,0.33,5.877,0.758,0.948,0.995,2.417,0.142,,nicola zalewski,2029-06-30,550108.0,2026-07-12T07:38:49,2025-08-18,,https://img.a.transfermarkt.technology/portrait/medium/550108-1725530902.jpg?lm=1
Nikola Krstović,Atalanta,FW,25.0,1791,0.5,0.25,4.97,1.71,0.251,0.151,0.603,2.261,1.357,1.357,,nikola krstovic,2030-06-30,434433.0,2026-07-12T07:38:49,2025-08-20,,https://img.a.transfermarkt.technology/portrait/medium/434433-1730126208.jpg?lm=1
Odilon Kossounou,Atalanta,DF,24.0,988,0.09,0.0,0.46,0.09,0.182,0.909,1.273,1.455,0.273,0.091,,odilon kossounou,2029-06-30,644771.0,2026-07-12T07:38:49,2025-07-01,,https://img.a.transfermarkt.technology/portrait/medium/644771-1730183693.jpg?lm=1
Raoul Bellanova,Atalanta,MF,25.0,1377,0.0,0.07,0.85,0.33,5.49,0.654,0.588,0.327,0.784,0.131,,raoul bellanova,2029-06-30,357992.0,2026-07-12T07:38:49,2024-08-22,,https://img.a.transfermarkt.technology/portrait/medium/357992-1695028689.jpg?lm=1
Sead Kolašinac,Atalanta,DF,32.0,1212,0.0,0.0,0.22,0.0,0.222,0.815,1.333,1.63,0.741,0.074,,sead kolasinac,2027-06-30,94005.0,2026-07-12T07:38:49,2023-07-06,,https://img.a.transfermarkt.technology/portrait/medium/94005-1666815100.jpg?lm=1
Yunus Musah,Atalanta,MF,22.0,574,0.16,0.0,1.1,0.31,1.562,0.781,0.781,1.094,2.5,0.312,,yunus musah,,,,,,
Éderson Silva,Atalanta,MF,26.0,2230,0.04,0.04,1.41,0.44,0.484,1.129,1.411,1.371,1.613,0.081,,ederson silva,,,,,,
Babis Lykogiannis,Bologna,DF,31.0,627,0.0,0.14,1.0,0.29,6.429,0.857,1.429,1.143,0.143,0.0,,babis lykogiannis,,,,,,
Benjamín Domínguez,Bologna,MF,21.0,547,0.0,0.49,1.97,0.33,1.148,0.328,0.328,0.984,2.951,0.492,,benjamin dominguez,,,,,,
Ciro Immobile,Bologna,FW,35.0,193,0.0,0.0,0.93,0.0,1.429,0.0,0.0,3.81,1.429,2.381,,ciro immobile,,,,,,
Eivind Helland,Bologna,DF,20.0,484,0.0,0.0,0.19,0.0,0.0,1.296,0.926,0.926,0.185,0.0,,eivind helland,2030-06-30,1129198.0,2026-07-12T07:39:00,2026-01-16,,https://img.a.transfermarkt.technology/portrait/medium/1129198-1720826278.jpg?lm=1
Emil Holm,Bologna,DF,25.0,655,0.14,0.55,1.1,0.14,3.151,0.959,1.781,1.507,1.918,0.0,,emil holm,2028-06-30,496745.0,2026-07-12T07:39:00,2024-07-01,,https://img.a.transfermarkt.technology/portrait/medium/496745-1688450376.jpg?lm=1
Federico Bernardeschi,Bologna,"MF,FW",31.0,1217,0.22,0.15,2.88,0.96,3.556,0.444,0.444,0.963,0.815,0.148,,federico bernardeschi,2027-06-30,197300.0,2026-07-12T07:39:00,2025-07-19,,https://img.a.transfermarkt.technology/portrait/medium/197300-1740819052.jpg?lm=1
Federico Ravaglia,Bologna,GK,25.0,1470,0.0,0.0,0.0,0.0,0.0,0.0,0.0,0.0,0.0,0.0,,federico ravaglia,2028-06-30,390304.0,2026-07-12T07:39:00,2017-07-01,,https://img.a.transfermarkt.technology/portrait/medium/390304-1701253429.jpg?lm=1
Giovanni Fabbian,Bologna,MF,22.0,705,0.26,0.0,1.79,0.51,0.256,0.641,0.513,1.667,2.308,0.256,,giovanni fabbian,,,,,,
Ibrahim Sulemana,Bologna,MF,22.0,45,0.0,0.0,0.0,0.0,0.0,0.0,0.0,2.0,0.0,0.0,,ibrahim sulemana,,,,,,
Jens Odgaard,Bologna,MF,26.0,1378,0.33,0.07,2.29,0.85,0.98,0.261,0.784,1.83,1.83,0.327,,jens odgaard,2029-06-30,345590.0,2026-07-12T07:39:00,2024-07-01,,https://img.a.transfermarkt.technology/portrait/medium/345590-1706697621.jpg?lm=1
Jhon Lucumí,Bologna,DF,27.0,2287,0.04,0.0,0.31,0.08,0.039,1.181,0.866,0.906,0.748,0.039,,jhon lucumi,2027-06-30,413565.0,2026-07-12T07:39:00,2022-08-18,,https://img.a.transfermarkt.technology/portrait/medium/413565-1753445789.jpg?lm=1
Jonathan Rowe,Bologna,"MF,FW",22.0,1605,0.17,0.11,2.69,0.95,2.978,0.506,0.787,1.292,2.809,0.225,,jonathan rowe,2029-06-30,672381.0,2026-07-12T07:39:00,2025-08-24,,https://img.a.transfermarkt.technology/portrait/medium/672381-1750074903.jpg?lm=1
João Mário Lopes,Bologna,"DF,MF",25.0,735,0.12,0.0,0.49,0.24,1.829,1.22,0.488,0.61,2.561,0.0,,joao mario lopes,,,,,,
Juan Miranda,Bologna,DF,25.0,2573,0.03,0.1,0.45,0.17,5.979,1.154,1.084,0.874,1.224,0.105,,juan miranda,2028-06-30,341227.0,2026-07-12T07:39:00,2024-07-03,,https://img.a.transfermarkt.technology/portrait/medium/341227-1752838396.jpg?lm=1
Lewis Ferguson,Bologna,MF,25.0,1601,0.06,0.0,0.73,0.11,1.404,0.674,0.899,1.91,1.461,0.169,,lewis ferguson,2028-06-30,428563.0,2026-07-12T07:39:00,2022-07-12,,https://img.a.transfermarkt.technology/portrait/medium/428563-1753445535.jpg?lm=1
Lorenzo De Silvestri,Bologna,DF,37.0,491,0.0,0.0,0.0,0.0,1.273,1.273,0.182,1.636,0.545,0.0,,lorenzo de silvestri,2027-06-30,33571.0,2026-07-12T07:39:00,2020-09-17,,https://img.a.transfermarkt.technology/portrait/medium/33571-1595929290.jpg?lm=1
Martin Vitík,Bologna,DF,22.0,1325,0.0,0.0,0.54,0.14,0.136,0.544,1.497,1.565,0.272,0.0,,martin vitik,2029-06-30,652054.0,2026-07-12T07:39:00,2025-07-06,,https://img.a.transfermarkt.technology/portrait/medium/652054-1716965526.jpg?lm=1
Massimo Pessina,Bologna,GK,17.0,353,0.0,0.0,0.0,0.0,0.0,0.0,0.0,0.0,0.0,0.0,,massimo pessina,2029-06-30,992569.0,2026-07-12T07:39:00,2025-07-01,,https://img.a.transfermarkt.technology/portrait/medium/992569-1762757870.jpg?lm=1
Nadir Zortea,Bologna,DF,26.0,1819,0.0,0.1,0.54,0.05,3.317,0.99,0.842,1.386,0.842,0.05,,nadir zortea,2029-06-30,392966.0,2026-07-12T07:39:00,2025-08-20,,https://img.a.transfermarkt.technology/portrait/medium/392966-1730186481.jpg?lm=1
Nicolò Cambiaghi,Bologna,"MF,FW",24.0,1518,0.18,0.24,1.42,0.36,3.728,0.533,1.183,1.893,4.201,0.296,,nicolo cambiaghi,2029-06-30,459151.0,2026-07-12T07:39:00,2024-07-12,,https://img.a.transfermarkt.technology/portrait/medium/459151-1695031545.jpg?lm=1
Nicolò Casale,Bologna,DF,27.0,678,0.0,0.0,0.66,0.0,0.267,0.933,0.267,2.0,0.667,0.0,,nicolo casale,2028-06-30,389837.0,2026-07-12T07:39:00,2025-07-01,,https://img.a.transfermarkt.technology/portrait/medium/389837-1695026993.jpg?lm=1
Nikola Moro,Bologna,MF,27.0,1799,0.1,0.0,1.05,0.1,2.45,0.95,0.4,0.9,0.85,0.05,,nikola moro,2027-06-30,316934.0,2026-07-12T07:39:00,2023-07-02,,https://img.a.transfermarkt.technology/portrait/medium/316934-1692964241.jpg?lm=1
Remo Freuler,Bologna,MF,33.0,2213,0.04,0.08,0.33,0.04,0.732,0.894,1.26,0.772,0.976,0.041,,remo freuler,,,,,,
Riccardo Orsolini,Bologna,"MF,FW",28.0,2111,0.26,0.04,3.5,1.32,1.745,0.298,0.638,0.894,1.872,0.766,,riccardo orsolini,2027-06-30,368482.0,2026-07-12T07:39:00,2019-07-01,,https://img.a.transfermarkt.technology/portrait/medium/368482-1724827463.jpg?lm=1
Santiago Castro,Bologna,FW,20.0,2359,0.27,0.08,2.4,0.76,0.153,0.038,0.305,1.336,1.908,0.458,,santiago castro,2030-06-30,849520.0,2026-07-12T07:39:00,2024-01-30,,https://img.a.transfermarkt.technology/portrait/medium/849520-1724827267.jpg?lm=1
Simon Sohm,Bologna,MF,24.0,717,0.0,0.0,0.5,0.13,0.25,0.375,0.625,1.125,0.375,0.375,,simon sohm,,,,,,
Thijs Dallinga,Bologna,FW,24.0,811,0.22,0.22,2.66,0.55,0.556,0.111,0.444,2.222,1.0,0.444,,thijs dallinga,2028-06-30,538964.0,2026-07-12T07:39:00,2024-07-23,,https://img.a.transfermarkt.technology/portrait/medium/538964-1737495076.jpg?lm=1
Tommaso Pobega,Bologna,MF,26.0,1434,0.19,0.06,1.57,0.63,0.126,1.195,1.195,2.138,0.755,0.0,,tommaso pobega,2028-06-30,392538.0,2026-07-12T07:39:00,2026-07-01,NEW,https://img.a.transfermarkt.technology/portrait/medium/392538-1661767249.jpg?lm=1
Torbjørn Heggem,Bologna,DF,26.0,2113,0.0,0.0,0.47,0.09,0.043,1.064,0.809,1.319,0.511,0.0,,torbjorn heggem,2029-06-30,464469.0,2026-07-12T07:39:00,2025-08-15,,https://img.a.transfermarkt.technology/portrait/medium/464469-1702050091.jpg?lm=1
Łukasz Skorupski,Bologna,GK,34.0,1592,0.0,0.0,0.0,0.0,0.0,0.0,0.0,0.0,0.0,0.0,,lukasz skorupski,2027-06-30,80894.0,2026-07-12T07:39:00,2018-07-01,,https://img.a.transfermarkt.technology/portrait/medium/80894-1724827036.jpg?lm=1
Adam Obert,Cagliari,"DF,MF",22.0,2771,0.0,0.1,0.32,0.1,2.24,1.429,1.039,1.299,0.422,0.0,,adam obert,2030-06-30,568333.0,2026-07-12T07:39:08,2021-07-01,,https://img.a.transfermarkt.technology/portrait/medium/568333-1695033793.jpg?lm=1
Agustín Albarracín,Cagliari,FW,19.0,33,0.0,0.0,0.0,0.0,5.0,0.0,0.0,0.0,7.5,0.0,,agustin albarracin,2030-06-30,1104206.0,2026-07-12T07:39:08,2026-01-27,,https://img.a.transfermarkt.technology/portrait/medium/1104206-1769528142.png?lm=1
Alberto Dossena,Cagliari,DF,26.0,859,0.0,0.1,0.73,0.21,0.0,0.947,1.368,1.158,0.842,0.211,,alberto dossena,,,,,,
Alessandro Deiola,Cagliari,"MF,DF",29.0,1430,0.0,0.13,1.38,0.44,0.126,0.818,1.258,1.384,0.692,0.44,,alessandro deiola,2029-06-30,235931.0,2026-07-12T07:39:08,2014-07-01,,https://img.a.transfermarkt.technology/portrait/medium/235931-1692964002.jpg?lm=1
Alessandro Di Pardo,Cagliari,"DF,MF",26.0,54,0.0,0.0,1.67,0.0,0.0,0.0,1.667,0.0,1.667,0.0,,alessandro di pardo,,,,,,
Andrea Belotti,Cagliari,FW,31.0,221,0.41,0.0,2.44,1.63,0.4,1.6,0.4,1.2,4.0,1.6,,andrea belotti,,,,,,
Elia Caprile,Cagliari,GK,23.0,3420,0.0,0.0,0.0,0.0,0.0,0.0,0.0,0.0,0.0,0.0,,elia caprile,2029-06-30,421873.0,2026-07-12T07:39:08,2025-07-01,,https://img.a.transfermarkt.technology/portrait/medium/421873-1704902651.jpg?lm=1
Gabriele Zappa,Cagliari,"DF,MF",25.0,1597,0.0,0.17,0.62,0.11,2.09,1.017,0.96,0.734,0.282,0.0,,gabriele zappa,2030-06-30,392569.0,2026-07-12T07:39:08,2021-07-01,,https://img.a.transfermarkt.technology/portrait/medium/392569-1695033763.jpg?lm=1
Gennaro Borrelli,Cagliari,FW,25.0,1275,0.35,0.07,2.12,0.85,0.141,0.211,0.423,3.028,3.451,0.352,,gennaro borrelli,2029-06-30,459988.0,2026-07-12T07:39:08,2025-07-10,,https://img.a.transfermarkt.technology/portrait/medium/459988-1756452626.jpg?lm=1
Gianluca Gaetano,Cagliari,"MF,FW",25.0,1912,0.09,0.19,1.6,0.52,1.792,1.085,0.708,1.226,1.368,0.0,,gianluca gaetano,2029-06-30,358008.0,2026-07-09T08:42:58,2025-07-01,,https://img.a.transfermarkt.technology/portrait/medium/358008-1757604842.jpg?lm=1
Ibrahim Sulemana,Cagliari,MF,22.0,860,0.1,0.0,1.15,0.21,0.208,0.625,1.354,1.25,1.042,0.0,,ibrahim sulemana,,,,,,
Joseph Liteta,Cagliari,MF,19.0,264,0.0,0.0,0.0,0.0,0.0,2.759,0.69,1.379,0.0,0.0,,joseph liteta,2030-06-30,1134304.0,2026-07-12T07:39:08,2025-10-19,,https://img.a.transfermarkt.technology/portrait/medium/1134304-1752133481.jpg?lm=1
Juan Rodríguez,Cagliari,DF,20.0,1310,0.07,0.0,0.21,0.14,0.342,1.164,1.849,1.027,0.548,0.0,,juan rodriguez,2030-06-30,1228231.0,2026-07-12T07:39:08,2025-09-01,,https://img.a.transfermarkt.technology/portrait/medium/1228231-1767769559.jpg?lm=1
Leonardo Pavoletti,Cagliari,FW,36.0,227,0.4,0.4,2.38,0.4,0.0,0.4,0.8,4.0,0.0,0.8,,leonardo pavoletti,,,,,,
Luca Mazzitelli,Cagliari,MF,29.0,767,0.23,0.23,1.76,0.59,1.059,1.176,1.294,2.588,1.529,0.0,,luca mazzitelli,,,,,,
Marco Palestra,Cagliari,"MF,DF",20.0,3081,0.03,0.12,0.85,0.2,3.099,0.556,1.023,1.199,3.158,0.234,,marco palestra,,,,,,
Matteo Prati,Cagliari,MF,21.0,1268,0.07,0.0,1.35,0.07,0.922,1.064,0.851,1.206,0.213,0.0,,matteo prati,2028-06-30,876298.0,2026-07-12T07:39:08,2023-08-17,,https://img.a.transfermarkt.technology/portrait/medium/876298-1686214955.jpg?lm=1
Mattia Felici,Cagliari,MF,24.0,412,0.44,0.22,1.97,1.31,5.0,1.087,1.304,2.174,1.304,0.0,,mattia felici,2027-06-30,600041.0,2026-07-12T07:39:08,2024-07-10,,https://img.a.transfermarkt.technology/portrait/medium/600041-1730125232.jpg?lm=1
Michael Folorunsho,Cagliari,"MF,FW",27.0,1999,0.09,0.0,1.62,0.41,0.991,0.45,0.45,1.577,2.207,0.586,,michael folorunsho,,,,,,
Michel Ndary Adopo,Cagliari,MF,25.0,3050,0.03,0.06,0.83,0.32,0.767,0.914,0.944,1.032,0.737,0.147,,michel ndary adopo,,,,,,
Nicolò Cavuoti,Cagliari,MF,22.0,44,0.0,0.0,0.0,0.0,0.0,0.0,0.0,2.0,2.0,0.0,,nicolo cavuoti,2030-06-30,701842.0,2026-07-12T07:39:08,2030-06-30,NEW,https://img.a.transfermarkt.technology/portrait/medium/701842-1753403818.jpg?lm=1
Othniel Raterink,Cagliari,DF,19.0,7,0.0,0.0,0.0,0.0,0.0,0.0,0.0,0.0,0.0,0.0,,othniel raterink,2030-06-30,997478.0,2026-07-12T07:39:08,2026-01-30,,https://img.a.transfermarkt.technology/portrait/medium/997478-1767882208.jpg?lm=1
Paul Mendy,Cagliari,FW,18.0,335,0.54,0.0,4.03,0.81,0.541,0.27,0.0,3.243,1.081,0.541,,paul mendy,2031-06-30,1371793.0,2026-07-12T07:39:08,2026-03-05,,https://img.a.transfermarkt.technology/portrait/medium/1371793-1757603190.jpg?lm=1
Riyad Idrissi,Cagliari,"MF,DF",20.0,783,0.23,0.0,0.69,0.69,2.644,1.034,1.724,1.034,0.69,0.115,,riyad idrissi,2030-06-30,885226.0,2026-07-12T07:39:08,2024-07-01,,https://img.a.transfermarkt.technology/portrait/medium/885226-1730128832.jpg?lm=1
Sebastiano Esposito,Cagliari,"FW,MF",23.0,2675,0.2,0.17,1.92,0.54,4.68,0.707,1.178,1.549,1.886,0.168,,sebastiano esposito,2030-06-30,538918.0,2026-07-12T07:39:08,2026-07-01,NEW,https://img.a.transfermarkt.technology/portrait/medium/538918-1730127469.jpg?lm=1
Sebastiano Luperto,Cagliari,DF,28.0,1706,0.05,0.0,0.37,0.16,0.053,1.0,0.632,1.211,0.895,0.0,,sebastiano luperto,,,,,,
Semih Kılıçsoy,Cagliari,FW,19.0,975,0.37,0.0,1.57,0.74,0.093,0.093,0.37,1.296,1.389,0.185,,semih kilicsoy,,,,,,
Yael Trepy,Cagliari,FW,,91,0.99,0.0,6.92,1.98,7.0,0.0,1.0,1.0,2.0,2.0,,yael trepy,2030-06-30,1099924.0,2026-07-12T07:39:08,2026-02-02,,https://img.a.transfermarkt.technology/portrait/medium/1099924-1757602928.jpg?lm=1
Yerry Mina,Cagliari,DF,30.0,2150,0.08,0.0,0.42,0.13,0.042,1.088,0.753,1.088,1.548,0.126,,yerry mina,2028-06-30,289446.0,2026-07-12T07:39:08,2024-02-01,,https://img.a.transfermarkt.technology/portrait/medium/289446-1730186402.jpg?lm=1
Zito Luvumbo,Cagliari,"MF,FW",23.0,329,0.0,0.0,3.28,1.64,1.892,0.27,0.27,1.081,4.865,0.0,,zito luvumbo,2029-06-30,666547.0,2026-07-09T08:42:58,2022-07-01,,https://img.a.transfermarkt.technology/portrait/medium/666547-1655123282.jpg?lm=1
Zé Pedro Figueiredo,Cagliari,DF,28.0,1699,0.0,0.05,0.37,0.0,0.265,1.058,0.952,1.534,0.794,0.0,,ze pedro figueiredo,,,,,,
Alberto Moreno,Como,DF,33.0,1233,0.15,0.07,0.8,0.29,2.482,0.511,0.876,1.241,0.876,0.219,,alberto moreno,,,,,,
Anastasios Douvikas,Como,FW,25.0,2273,0.51,0.04,2.57,1.19,0.158,0.158,0.395,1.423,1.66,0.277,,anastasios douvikas,2029-06-30,523318.0,2026-07-12T07:39:11,2025-02-03,,https://img.a.transfermarkt.technology/portrait/medium/523318-1682331342.jpg?lm=1
Andréa Le Borgne,Como,MF,19.0,1,0.0,0.0,0.0,0.0,,,,,,,,andrea le borgne,2028-06-30,1204163.0,2026-07-12T07:39:11,2028-06-30,NEW,https://img.a.transfermarkt.technology/portrait/medium/1204163-1767802091.jpg?lm=1
Assane Diao,Como,MF,19.0,1075,0.17,0.08,2.6,0.84,2.269,0.336,0.42,1.261,3.277,0.252,,assane diao,2029-06-30,1061282.0,2026-07-12T07:39:11,2025-01-07,,https://img.a.transfermarkt.technology/portrait/medium/1061282-1699273116.jpg?lm=1
Diego Carlos,Como,DF,32.0,1949,0.05,0.0,0.37,0.09,0.092,1.014,0.829,1.797,0.323,0.092,,diego carlos,,,,,,
Edoardo Goldaniga,Como,DF,31.0,15,0.0,0.0,0.0,0.0,0.0,0.0,0.0,0.0,0.0,0.0,,edoardo goldaniga,2028-06-30,242940.0,2026-07-12T07:39:11,2024-01-28,,https://img.a.transfermarkt.technology/portrait/medium/242940-1725530007.jpg?lm=1
Ignace Van Der Brempt,Como,DF,23.0,931,0.0,0.1,0.29,0.0,1.068,0.777,1.359,1.845,1.456,0.097,,ignace van der brempt,2028-06-30,490423.0,2026-07-12T07:39:11,2025-07-01,,https://img.a.transfermarkt.technology/portrait/medium/490423-1757664819.jpg?lm=1
Ivan Smolčić,Como,DF,24.0,1662,0.0,0.05,0.65,0.22,1.568,1.243,1.297,1.405,0.919,0.0,,ivan smolcic,2031-06-30,571271.0,2026-07-12T07:39:11,2025-02-03,,https://img.a.transfermarkt.technology/portrait/medium/571271-1738499181.jpg?lm=1
Jacobo Ramón,Como,DF,20.0,2742,0.07,0.0,1.28,0.3,0.361,1.246,1.049,1.082,0.393,0.0,,jacobo ramon,2030-06-30,948278.0,2026-07-12T07:39:11,2025-07-31,,https://img.a.transfermarkt.technology/portrait/medium/948278-1759837942.jpg?lm=1
Jayden Addai,Como,MF,19.0,686,0.39,0.0,1.71,0.79,1.316,0.263,0.263,1.711,1.842,0.263,,jayden addai,2030-06-30,747720.0,2026-07-12T07:39:11,2025-07-04,,https://img.a.transfermarkt.technology/portrait/medium/747720-1723819872.jpg?lm=1
Jean Butez,Como,GK,30.0,3420,0.0,0.0,0.0,0.0,0.0,0.0,0.0,0.0,0.0,0.0,,jean butez,2030-06-30,290537.0,2026-07-12T07:39:11,2025-01-07,,https://img.a.transfermarkt.technology/portrait/medium/290537-1704961364.jpg?lm=1
Jesus Rodríguez,Como,MF,19.0,1731,0.1,0.47,2.34,0.62,2.969,0.208,0.885,1.25,1.667,0.156,,jesus rodriguez,2030-06-30,1190411.0,2026-07-12T07:39:11,2025-07-02,,https://img.a.transfermarkt.technology/portrait/medium/1190411-1744375833.jpg?lm=1
Lucas Da Cunha,Como,MF,24.0,2739,0.07,0.13,1.38,0.53,3.257,0.592,1.086,1.118,0.625,0.033,,lucas da cunha,2029-06-30,495667.0,2026-07-12T07:39:11,2023-01-16,,https://img.a.transfermarkt.technology/portrait/medium/495667-1778088169.jpg?lm=1
Marc-Oliver Kempf,Como,DF,30.0,2326,0.15,0.04,0.81,0.23,0.0,0.504,0.465,1.008,0.736,0.0,,marc-oliver kempf,,,,,,
Martin Baturina,Como,"MF,FW",22.0,1569,0.34,0.17,1.61,0.52,4.425,0.287,0.805,0.862,2.529,0.0,,martin baturina,2030-06-30,580451.0,2026-07-12T07:39:11,2025-07-01,,https://img.a.transfermarkt.technology/portrait/medium/580451-1716240952.jpg?lm=1
Maxence Caqueret,Como,MF,25.0,1485,0.12,0.36,1.09,0.24,2.182,0.848,1.394,1.576,1.394,0.121,,maxence caqueret,2029-06-30,395237.0,2026-07-12T07:39:11,2025-01-12,,https://img.a.transfermarkt.technology/portrait/medium/395237-1739281407.jpg?lm=1
Máximo Perrone,Como,MF,22.0,2742,0.1,0.13,0.59,0.3,0.361,0.689,1.246,1.41,0.754,0.033,,maximo perrone,2029-06-30,668547.0,2026-07-12T07:39:11,2025-07-18,,https://img.a.transfermarkt.technology/portrait/medium/668547-1681246573.jpg?lm=1
Mërgim Vojvoda,Como,"MF,DF",30.0,1591,0.11,0.11,1.02,0.4,3.729,0.791,0.226,0.847,0.678,0.282,,mergim vojvoda,2028-06-30,336125.0,2026-07-12T07:39:11,2025-02-03,,https://img.a.transfermarkt.technology/portrait/medium/336125-1661351703.jpg?lm=1
Nicolas-Gerrit Kühn,Como,MF,25.0,665,0.14,0.14,1.08,0.41,1.892,0.676,0.811,0.811,0.27,0.405,,nicolas-gerrit kuhn,,,,,,
Nicolás Paz,Como,MF,20.0,2878,0.38,0.19,3.78,1.5,1.969,0.844,1.75,1.688,1.281,0.0,,nicolas paz,,,,,,
Sergi Roberto,Como,MF,33.0,544,0.0,0.0,1.16,0.33,0.333,0.833,1.167,1.5,1.5,0.0,,sergi roberto,,,,,,
Stefan Posch,Como,DF,28.0,393,0.23,0.0,1.83,0.69,2.273,0.909,0.682,2.045,1.364,0.0,,stefan posch,2029-06-30,223974.0,2026-07-12T07:39:11,2026-01-21,,https://img.a.transfermarkt.technology/portrait/medium/223974-1725531246.jpg?lm=1
Álex Valle,Como,DF,21.0,2026,0.04,0.18,0.49,0.09,2.0,1.067,1.378,1.511,0.844,0.044,,alex valle,2029-06-30,709957.0,2026-07-12T07:39:11,2025-07-01,,https://img.a.transfermarkt.technology/portrait/medium/709957-1757603064.jpg?lm=1
Álvaro Morata,Como,FW,32.0,930,0.0,0.1,2.23,0.77,0.874,0.097,1.068,1.553,3.204,0.874,,alvaro morata,2029-06-30,128223.0,2026-07-12T07:39:11,2026-07-01,NEW,https://img.a.transfermarkt.technology/portrait/medium/128223-1719989301.jpg?lm=1
Alberto Grassi,Cremonese,MF,30.0,1753,0.0,0.0,0.67,0.21,0.154,1.795,0.564,0.872,1.538,0.0,,alberto grassi,2027-06-30,197473.0,2026-07-12T07:39:15,2025-07-19,,https://img.a.transfermarkt.technology/portrait/medium/197473-1695031303.jpg?lm=1
Alessio Zerbin,Cremonese,MF,26.0,1646,0.0,0.16,1.15,0.38,3.169,0.164,1.093,2.022,1.093,0.383,,alessio zerbin,,,,,,
Antonio Sanabria,Cremonese,FW,29.0,945,0.1,0.1,1.14,0.38,0.19,0.095,0.19,1.429,1.429,0.571,,antonio sanabria,2028-06-30,234523.0,2026-07-12T07:39:15,2025-08-21,,https://img.a.transfermarkt.technology/portrait/medium/234523-1692963077.jpg?lm=1
Dachi Lordkipanidze,Cremonese,MF,20.0,29,0.0,0.0,0.0,0.0,0.0,0.0,0.0,0.0,0.0,0.0,,dachi lordkipanidze,2027-06-30,894456.0,2026-07-12T07:39:15,2025-07-01,,https://img.a.transfermarkt.technology/portrait/medium/894456-1767803663.jpg?lm=1
David Okereke,Cremonese,"FW,MF",27.0,403,0.45,0.0,1.79,1.12,1.111,0.222,0.0,0.222,0.889,0.444,,david okereke,,,,,,
Dennis Johnsen,Cremonese,"MF,FW",27.0,390,0.23,0.23,1.15,0.46,2.791,0.0,0.465,0.465,0.93,0.233,,dennis johnsen,,,,,,
Emil Audero,Cremonese,GK,28.0,3060,0.0,0.0,0.0,0.0,0.0,0.0,0.0,0.0,0.0,0.0,,emil audero,,,,,,
Faris Pemi Moumbagna,Cremonese,FW,25.0,93,0.0,0.0,1.94,0.0,1.0,0.0,0.0,1.0,0.0,0.0,,faris pemi moumbagna,,,,,,
Federico Baschirotto,Cremonese,DF,28.0,2540,0.07,0.0,0.43,0.18,0.284,0.851,0.461,1.596,0.319,0.035,,federico baschirotto,2028-06-30,351955.0,2026-07-12T07:39:15,2025-07-29,,https://img.a.transfermarkt.technology/portrait/medium/351955-1730126092.jpg?lm=1
Federico Bonazzoli,Cremonese,FW,28.0,2510,0.25,0.04,2.69,1.15,0.932,0.43,0.573,0.932,2.867,0.143,,federico bonazzoli,2028-06-30,241527.0,2026-07-12T07:39:15,2024-08-06,,https://img.a.transfermarkt.technology/portrait/medium/241527-1692962795.jpg?lm=1
Federico Ceccherini,Cremonese,DF,33.0,476,0.0,0.19,0.95,0.38,0.566,1.321,0.377,1.887,1.698,0.0,,federico ceccherini,,,,,,
Filippo Terracciano,Cremonese,DF,22.0,3011,0.06,0.0,0.42,0.12,0.806,1.672,0.687,0.537,0.776,0.0,,filippo terracciano,,,,,,
Francesco Folino,Cremonese,DF,23.0,722,0.12,0.0,0.25,0.12,0.125,0.25,0.5,1.375,1.125,0.0,,francesco folino,2028-06-30,603675.0,2026-07-12T07:39:15,2025-01-24,,https://img.a.transfermarkt.technology/portrait/medium/603675-1737968311.jpg?lm=1
Franco Vázquez,Cremonese,"FW,MF",36.0,524,0.17,0.17,2.06,0.69,3.276,0.69,2.069,1.552,2.759,0.0,,franco vazquez,,,,,,
Giuseppe Pezzella,Cremonese,"MF,DF",27.0,2585,0.0,0.03,0.21,0.0,4.46,0.383,1.115,1.707,1.115,0.279,,giuseppe pezzella,2028-06-30,336960.0,2026-07-12T07:39:15,2025-07-25,,https://img.a.transfermarkt.technology/portrait/medium/336960-1661521548.jpg?lm=1
Jamie Vardy,Cremonese,FW,38.0,2105,0.3,0.09,1.28,0.6,0.598,0.128,0.427,0.812,0.897,0.983,,jamie vardy,,,,,,
Jari Vandeputte,Cremonese,MF,29.0,1944,0.05,0.23,0.93,0.37,7.5,0.833,0.972,1.574,1.157,0.046,,jari vandeputte,2028-06-30,258827.0,2026-07-12T07:39:15,2025-07-01,,https://img.a.transfermarkt.technology/portrait/medium/258827-1712490921.jpg?lm=1
Jeremy Sarmiento,Cremonese,MF,23.0,142,0.0,0.0,1.27,1.27,1.25,1.25,1.25,0.0,0.625,0.0,,jeremy sarmiento,,,,,,
Manuel De Luca,Cremonese,FW,27.0,16,0.0,0.0,11.25,11.25,0.0,0.0,0.0,5.0,5.0,0.0,,manuel de luca,2028-06-30,375816.0,2026-07-12T07:39:15,2024-07-19,,https://img.a.transfermarkt.technology/portrait/medium/375816-1753427921.jpg?lm=1
Marco Silvestri,Cremonese,GK,34.0,360,0.0,0.0,0.0,0.0,0.0,0.0,0.0,0.0,0.0,0.0,,marco silvestri,,,,,,
Martín Payero,Cremonese,MF,26.0,1457,0.06,0.0,1.42,0.49,2.099,0.617,0.556,2.284,2.099,0.123,,martin payero,,,,,,
Matteo Bianchetti,Cremonese,DF,32.0,2192,0.0,0.08,0.29,0.04,0.246,0.779,1.23,1.148,0.615,0.0,,matteo bianchetti,2027-06-30,160986.0,2026-07-12T07:39:15,2019-08-17,,https://img.a.transfermarkt.technology/portrait/medium/160986-1663683697.jpg?lm=1
Michele Collocolo,Cremonese,MF,25.0,362,0.0,0.0,0.5,0.25,1.25,0.25,0.75,0.5,0.5,0.0,,michele collocolo,2029-06-30,434551.0,2026-07-12T07:39:15,2023-07-22,,https://img.a.transfermarkt.technology/portrait/medium/434551-1753430710.jpg?lm=1
Mikayil Ngor Faye,Cremonese,"MF,DF",21.0,254,0.0,0.0,0.71,0.0,2.143,1.786,2.143,0.714,1.429,0.0,,mikayil ngor faye,,,,,,
Milan Đurić,Cremonese,FW,35.0,386,0.0,0.23,2.33,1.17,0.465,0.0,0.0,0.93,1.86,0.465,,milan duric,,,,,,
Morten Thorsby,Cremonese,MF,29.0,643,0.14,0.0,1.54,0.56,0.0,0.423,0.845,1.408,0.845,0.282,,morten thorsby,2028-06-30,226524.0,2026-07-12T07:39:15,2026-02-02,,https://img.a.transfermarkt.technology/portrait/medium/226524-1725529624.jpg?lm=1
Romano Floriani,Cremonese,MF,22.0,1168,0.0,0.08,0.39,0.08,2.231,0.462,1.077,1.615,0.385,0.154,,romano floriani,,,,,,
Sebastiano Luperto,Cremonese,DF,28.0,1307,0.0,0.07,0.34,0.14,0.69,0.828,0.621,0.621,0.828,0.069,,sebastiano luperto,2030-06-30,278531.0,2026-07-12T07:39:15,2026-02-02,,https://img.a.transfermarkt.technology/portrait/medium/278531-1730125275.jpg?lm=1
Simone Lottici Tessadri,Cremonese,MF,19.0,6,0.0,0.0,15.0,0.0,0.0,0.0,0.0,0.0,0.0,0.0,,simone lottici tessadri,2029-06-30,897651.0,2026-07-12T07:39:15,2026-07-01,NEW,https://img.a.transfermarkt.technology/portrait/medium/default.jpg?lm=1
Tommaso Barbieri,Cremonese,MF,22.0,1707,0.0,0.05,0.84,0.11,4.105,0.737,1.368,2.105,1.368,0.053,,tommaso barbieri,2028-06-30,569939.0,2026-07-12T07:39:15,2024-08-06,,https://img.a.transfermarkt.technology/portrait/medium/569939-1681713735.jpg?lm=1
Warren Bondo,Cremonese,MF,21.0,1762,0.0,0.0,0.41,0.1,0.153,0.459,0.816,1.99,1.684,0.0,,warren bondo,,,,,,
Youssef Maleh,Cremonese,MF,26.0,1100,0.08,0.0,1.23,0.25,3.361,0.738,0.902,2.213,0.82,0.0,,youssef maleh,,,,,,
Abdelhamid Sabiri,Fiorentina,MF,28.0,27,0.0,0.0,3.33,0.0,13.333,0.0,6.667,3.333,3.333,0.0,,abdelhamid sabiri,,,,,,
Albert Guðmundsson,Fiorentina,"FW,MF",28.0,2250,0.08,0.16,1.64,0.6,2.16,0.12,0.16,1.36,1.2,0.24,,albert gudmundsson,2029-06-30,305947.0,2026-07-12T07:39:27,2025-07-01,,https://img.a.transfermarkt.technology/portrait/medium/305947-1705389252.jpg?lm=1
Amir Richardson,Fiorentina,MF,23.0,42,0.0,0.0,2.14,0.0,2.0,0.0,2.0,2.0,6.0,0.0,,amir richardson,2029-06-30,893675.0,2026-07-12T07:39:27,2024-08-12,,https://img.a.transfermarkt.technology/portrait/medium/893675-1725529481.jpg?lm=1
Cher Ndour,Fiorentina,MF,21.0,1876,0.14,0.0,1.15,0.38,0.962,0.721,0.817,1.25,1.106,0.048,,cher ndour,2029-06-30,651005.0,2026-07-12T07:39:27,2025-02-03,,https://img.a.transfermarkt.technology/portrait/medium/651005-1758718132.jpg?lm=1
Christian Kouamé,Fiorentina,"FW,MF",27.0,27,0.0,0.0,0.0,0.0,6.667,3.333,3.333,0.0,0.0,0.0,,christian kouame,,,,,,
Daniele Rugani,Fiorentina,DF,31.0,327,0.0,0.0,0.28,0.0,0.0,1.389,1.111,1.944,0.0,0.0,,daniele rugani,,,,,,
David de Gea,Fiorentina,GK,34.0,3330,0.0,0.0,0.0,0.0,0.0,0.0,0.0,0.0,0.0,0.0,,david de gea,2028-06-30,59377.0,2026-07-12T07:39:27,2024-08-09,,https://img.a.transfermarkt.technology/portrait/medium/59377-1667548362.jpg?lm=1
Dodô,Fiorentina,"DF,MF",26.0,3134,0.03,0.06,0.72,0.11,4.397,0.891,0.517,0.632,1.523,0.057,,dodo,2027-06-30,401529.0,2026-07-12T07:39:27,2022-07-22,,https://img.a.transfermarkt.technology/portrait/medium/401529-1663591985.jpg?lm=1
Eddy Kouadio,Fiorentina,DF,19.0,72,0.0,0.0,0.0,0.0,1.25,0.0,3.75,1.25,1.25,0.0,,eddy kouadio,2030-06-30,957822.0,2026-07-08T07:38:59,2025-07-01,,https://img.a.transfermarkt.technology/portrait/medium/957822-1755840967.jpg?lm=1
Edin Džeko,Fiorentina,FW,39.0,244,0.0,0.0,1.48,0.37,0.37,0.37,0.37,0.741,1.852,0.0,,edin dzeko,,,,,,
Fabiano Parisi,Fiorentina,"MF,FW",24.0,1520,0.06,0.06,1.42,0.41,2.308,1.006,0.828,0.828,3.905,0.059,,fabiano parisi,2029-06-30,547985.0,2026-07-12T07:39:27,2023-07-14,,https://img.a.transfermarkt.technology/portrait/medium/547985-1663677780.jpg?lm=1
Giovanni Fabbian,Fiorentina,MF,22.0,468,0.0,0.0,1.35,0.38,0.769,0.192,0.385,1.154,1.731,0.0,,giovanni fabbian,2030-06-30,633668.0,2026-07-12T07:39:27,2026-07-01,NEW,https://img.a.transfermarkt.technology/portrait/medium/633668-1695027735.jpg?lm=1
Hans Nicolussi Caviglia,Fiorentina,MF,25.0,585,0.0,0.15,0.62,0.15,4.615,0.462,1.077,2.308,2.308,0.0,,hans nicolussi caviglia,,,,,,
Jack Harrison,Fiorentina,"FW,MF",28.0,981,0.09,0.28,1.19,0.37,5.138,0.183,0.55,0.826,0.642,0.0,,jack harrison,,,,,,
Jacopo Fazzini,Fiorentina,"MF,FW",22.0,584,0.0,0.0,1.39,0.15,2.462,0.769,1.538,1.846,2.308,0.0,,jacopo fazzini,2030-06-30,691482.0,2026-07-12T07:39:27,2025-07-01,,https://img.a.transfermarkt.technology/portrait/medium/691482-1673249779.jpg?lm=1
Luca Lezzerini,Fiorentina,GK,30.0,4,0.0,0.0,0.0,0.0,0.0,0.0,0.0,0.0,0.0,0.0,,luca lezzerini,2028-06-30,135747.0,2026-07-12T07:39:27,2025-08-01,,https://img.a.transfermarkt.technology/portrait/medium/135747-1757604338.jpg?lm=1
Luca Ranieri,Fiorentina,DF,26.0,2458,0.04,0.0,0.66,0.11,0.989,0.879,0.879,0.806,0.989,0.11,,luca ranieri,2028-06-30,346561.0,2026-07-12T07:39:27,2018-07-01,,https://img.a.transfermarkt.technology/portrait/medium/346561-1692962464.jpg?lm=1
Luís Balbo,Fiorentina,DF,19.0,212,0.0,0.0,0.0,0.0,2.083,0.417,2.083,0.833,2.5,0.0,,luis balbo,2028-06-30,1012731.0,2026-07-12T07:39:27,2026-01-15,,https://img.a.transfermarkt.technology/portrait/medium/1012731-1770273851.jpg?lm=1
Manor Solomon,Fiorentina,"FW,MF",26.0,890,0.2,0.1,1.11,0.4,4.747,0.0,1.111,0.202,1.616,0.101,,manor solomon,,,,,,
Marco Brescianini,Fiorentina,MF,25.0,862,0.1,0.1,1.04,0.21,1.146,0.104,0.208,1.354,0.938,0.0,,marco brescianini,2030-06-30,459128.0,2026-07-12T07:39:27,2026-07-01,NEW,https://img.a.transfermarkt.technology/portrait/medium/459128-1730183739.jpg?lm=1
Marin Pongračić,Fiorentina,DF,27.0,2918,0.0,0.0,0.25,0.03,0.123,1.111,0.525,2.13,0.648,0.0,,marin pongracic,2029-06-30,282144.0,2026-07-12T07:39:27,2024-07-19,,https://img.a.transfermarkt.technology/portrait/medium/282144-1657202331.jpg?lm=1
Mattia Viti,Fiorentina,"MF,DF",23.0,265,0.0,0.0,0.0,0.0,0.0,1.034,1.379,3.103,1.379,0.0,,mattia viti,,,,,,
Moise Kean,Fiorentina,FW,25.0,2036,0.27,0.04,4.33,1.19,0.31,0.31,0.177,1.283,1.947,1.327,,moise kean,2029-06-30,364135.0,2026-07-12T07:39:27,2024-07-09,,https://img.a.transfermarkt.technology/portrait/medium/364135-1725532147.jpg?lm=1
Niccolò Fortini,Fiorentina,MF,19.0,541,0.0,0.0,1.33,0.33,4.833,0.667,1.5,0.833,3.0,0.0,,niccolo fortini,2027-06-30,984964.0,2026-07-12T07:39:27,2024-07-01,,https://img.a.transfermarkt.technology/portrait/medium/984964-1748503175.jpg?lm=1
Nicolò Fagioli,Fiorentina,MF,24.0,2554,0.07,0.11,1.16,0.25,2.958,0.634,1.092,0.81,1.585,0.0,,nicolo fagioli,2028-06-30,432090.0,2026-07-12T07:39:27,2025-07-01,,https://img.a.transfermarkt.technology/portrait/medium/432090-1695025310.jpg?lm=1
Oliver Christensen,Fiorentina,GK,26.0,86,0.0,0.0,0.0,0.0,0.0,0.0,0.0,0.0,0.0,0.0,,oliver christensen,2028-06-30,471936.0,2026-07-12T07:39:27,2023-08-10,,https://img.a.transfermarkt.technology/portrait/medium/471936-1688647558.jpg?lm=1
Pablo Marí,Fiorentina,DF,31.0,808,0.0,0.0,0.22,0.0,0.0,2.111,0.889,1.889,0.889,0.0,,pablo mari,,,,,,
Pietro Comuzzo,Fiorentina,DF,20.0,1696,0.05,0.0,0.53,0.11,0.053,1.277,0.851,1.277,0.213,0.0,,pietro comuzzo,2029-06-30,746712.0,2026-07-12T07:39:27,2023-07-01,,https://img.a.transfermarkt.technology/portrait/medium/746712-1730183199.jpg?lm=1
Riccardo Braschi,Fiorentina,FW,18.0,105,0.0,0.0,2.57,0.0,0.833,0.0,0.0,0.0,0.0,0.833,,riccardo braschi,2027-06-30,934514.0,2026-07-12T07:39:27,2026-03-08,,https://img.a.transfermarkt.technology/portrait/medium/934514-1753770074.jpg?lm=1
Roberto Piccoli,Fiorentina,FW,24.0,1672,0.22,0.05,2.53,0.81,0.215,0.215,0.054,1.828,2.151,0.753,,roberto piccoli,2030-06-30,432092.0,2026-07-12T07:39:27,2025-08-25,,https://img.a.transfermarkt.technology/portrait/medium/432092-1753438910.jpg?lm=1
Robin Gosens,Fiorentina,"DF,MF",31.0,1881,0.14,0.05,0.86,0.33,1.962,1.1,0.861,1.148,1.196,0.144,,robin gosens,2028-06-30,273132.0,2026-07-12T07:39:27,2025-07-01,,https://img.a.transfermarkt.technology/portrait/medium/273132-1686641124.jpg?lm=1
Rolando Mandragora,Fiorentina,MF,28.0,2421,0.22,0.11,2.38,0.67,2.565,0.558,0.892,1.375,2.082,0.0,,rolando mandragora,2028-06-30,308279.0,2026-07-12T07:39:27,2022-07-04,,https://img.a.transfermarkt.technology/portrait/medium/308279-1663591807.jpg?lm=1
Simon Sohm,Fiorentina,MF,24.0,708,0.0,0.13,0.64,0.0,0.633,0.759,0.886,1.899,1.392,0.0,,simon sohm,2030-06-30,507486.0,2026-07-12T07:39:27,2025-08-04,,https://img.a.transfermarkt.technology/portrait/medium/507486-1753435341.jpg?lm=1
Tariq Lamptey,Fiorentina,MF,24.0,25,0.0,0.0,0.0,0.0,3.333,0.0,6.667,0.0,0.0,0.0,,tariq lamptey,,,,,,
Aarón Martín,Genoa,"MF,DF",28.0,2156,0.04,0.21,0.46,0.17,8.083,0.417,1.167,1.292,1.125,0.0,,aaron martin,2027-06-30,251878.0,2026-07-12T07:39:32,2023-07-03,,https://img.a.transfermarkt.technology/portrait/medium/251878-1730126148.jpg?lm=1
Albert Grønbaek,Genoa,MF,24.0,103,0.0,0.0,0.87,0.87,0.909,0.0,1.818,0.909,0.909,0.0,,albert gronbaek,,,,,,
Alessandro Marcandalli,Genoa,DF,22.0,2597,0.0,0.07,0.17,0.07,0.346,0.623,0.83,0.796,0.381,0.0,,alessandro marcandalli,2029-06-30,818448.0,2026-07-12T07:39:32,2022-07-01,,https://img.a.transfermarkt.technology/portrait/medium/818448-1739282452.jpg?lm=1
Amorim,Genoa,MF,20.0,552,0.0,0.0,0.33,0.0,2.623,1.148,0.984,1.148,2.951,0.164,,amorim,2030-06-30,1082774.0,2026-07-12T07:39:32,2026-01-29,,https://img.a.transfermarkt.technology/portrait/medium/1082774-1766511456.jpg?lm=1
Brooke Norton-Cuffy,Genoa,"MF,DF",21.0,2212,0.08,0.04,0.61,0.24,3.252,0.447,1.26,0.935,0.65,0.0,,brooke norton-cuffy,2029-06-30,728733.0,2026-07-12T07:39:32,2024-08-14,,https://img.a.transfermarkt.technology/portrait/medium/728733-1736498622.jpg?lm=1
Caleb Ekuban,Genoa,"FW,MF",31.0,994,0.36,0.09,2.63,0.91,0.455,0.455,0.091,1.455,2.636,0.545,,caleb ekuban,,,,,,
Daniele Sommariva,Genoa,GK,28.0,176,0.0,0.0,0.0,0.0,0.0,0.0,0.0,0.0,0.0,0.0,,daniele sommariva,,,,,,
Filippo Carbone,Genoa,MF,18.0,8,0.0,0.0,0.0,0.0,0.0,0.0,30.0,0.0,10.0,0.0,,filippo carbone,,,,,,
Gael Lafont,Genoa,FW,19.0,8,0.0,0.0,0.0,0.0,0.0,0.0,0.0,0.0,0.0,0.0,,gael lafont,,,,,,
Jacopo Grossi,Genoa,MF,18.0,22,0.0,0.0,4.09,0.0,15.0,0.0,0.0,0.0,0.0,0.0,,jacopo grossi,,,,,,
Jean Onana,Genoa,MF,25.0,45,0.0,0.0,2.0,0.0,2.0,2.0,6.0,8.0,0.0,0.0,,jean onana,,,,,,
Jeff Ekhator,Genoa,"FW,MF",18.0,956,0.28,0.0,1.88,0.47,0.849,0.189,0.755,1.887,1.792,0.943,,jeff ekhator,,,,,,
Johan Vásquez,Genoa,DF,26.0,3215,0.03,0.0,0.67,0.17,0.672,1.289,1.064,0.644,1.289,0.028,,johan vasquez,2028-06-30,532937.0,2026-07-12T07:39:32,2022-01-03,,https://img.a.transfermarkt.technology/portrait/medium/532937-1742929864.jpg?lm=1
Joi Nuredini,Genoa,FW,17.0,2,0.0,0.0,0.0,0.0,,,,,,,,joi nuredini,,,,,,
Junior Messias,Genoa,MF,34.0,685,0.26,0.13,2.5,0.92,2.105,0.658,1.316,1.316,2.895,0.0,,junior messias,2027-06-30,449151.0,2026-07-12T07:39:32,2024-01-13,,https://img.a.transfermarkt.technology/portrait/medium/449151-1663575000.jpg?lm=1
Justin Bijlow,Genoa,GK,27.0,1395,0.0,0.0,0.0,0.0,0.0,0.0,0.0,0.0,0.0,0.0,,justin bijlow,2029-06-30,315121.0,2026-07-12T07:39:32,2026-01-20,,https://img.a.transfermarkt.technology/portrait/medium/315121-1676465549.jpg?lm=1
Latif Ouedraogo,Genoa,DF,17.0,51,0.0,0.0,0.0,0.0,5.0,1.667,1.667,3.333,3.333,0.0,,latif ouedraogo,2029-06-30,1385195,2026-07-12T07:39:32,2026-07-01,NEW,https://img.a.transfermarkt.technology/portrait/medium/1385195-1779180199.jpg?lm=1
Leo Østigård,Genoa,DF,25.0,2622,0.17,0.03,0.76,0.41,0.034,1.031,0.928,1.306,0.515,0.103,,leo ostigard,2030-06-30,367284.0,2026-07-12T07:39:32,2026-01-31,,https://img.a.transfermarkt.technology/portrait/medium/367284-1708552959.jpg?lm=1
Lorenzo Colombo,Genoa,FW,23.0,2326,0.23,0.04,2.55,1.04,0.62,0.039,0.465,1.589,2.132,0.116,,lorenzo colombo,2029-06-30,487843.0,2026-07-12T07:39:32,2026-07-01,NEW,https://img.a.transfermarkt.technology/portrait/medium/487843-1730186148.jpg?lm=1
Lorenzo Venturino,Genoa,FW,19.0,40,0.0,0.0,2.25,2.25,20.0,0.0,0.0,2.5,0.0,0.0,,lorenzo venturino,2029-06-30,1061820.0,2026-07-12T07:39:32,2025-01-15,,https://img.a.transfermarkt.technology/portrait/medium/1061820-1737358590.jpg?lm=1
Mamedi Doucouré,Genoa,DF,18.0,9,0.0,0.0,0.0,0.0,0.0,0.0,0.0,0.0,0.0,0.0,,mamedi doucoure,,,,,,
Maxwel Cornet,Genoa,MF,28.0,118,0.0,0.0,3.05,1.53,10.0,0.0,3.077,4.615,0.769,0.769,,maxwel cornet,,,,,,
Mikael Ellertsson,Genoa,MF,23.0,2767,0.03,0.03,0.85,0.2,1.042,0.456,0.847,0.912,1.368,0.033,,mikael ellertsson,,,,,,
Morten Frendrup,Genoa,MF,24.0,3081,0.03,0.0,0.23,0.09,0.146,1.199,2.076,1.199,1.14,0.0,,morten frendrup,2028-06-30,503871.0,2026-07-12T07:39:32,2022-01-30,,https://img.a.transfermarkt.technology/portrait/medium/503871-1707815910.jpg?lm=1
Morten Thorsby,Genoa,MF,29.0,731,0.25,0.12,1.23,0.49,0.617,0.37,0.123,1.852,0.617,0.617,,morten thorsby,,,,,,
Nicola Leali,Genoa,GK,32.0,1847,0.0,0.0,0.0,0.0,0.0,0.0,0.0,0.0,0.0,0.0,,nicola leali,,,,,,
Nicolae Stanciu,Genoa,MF,32.0,180,0.0,0.0,2.5,0.0,4.5,1.5,1.5,0.5,1.0,0.0,,nicolae stanciu,,,,,,
Nils Zätterström,Genoa,DF,20.0,181,0.0,0.0,0.0,0.0,0.0,1.0,0.0,1.5,0.0,0.0,,nils zatterstrom,,,,,,
Patrizio Masini,Genoa,MF,24.0,1413,0.0,0.06,1.15,0.32,0.892,1.656,2.484,2.484,2.866,0.0,,patrizio masini,2028-06-30,459665.0,2026-07-12T07:39:32,2020-09-01,,https://img.a.transfermarkt.technology/portrait/medium/459665-1742901177.jpg?lm=1
Ruslan Malinovskyi,Genoa,MF,32.0,2235,0.12,0.12,2.21,0.6,2.742,0.645,0.766,1.452,1.048,0.04,,ruslan malinovskyi,,,,,,
Sebastian Otoa,Genoa,DF,21.0,829,0.0,0.0,0.33,0.22,0.109,0.978,1.087,0.543,1.413,0.217,,sebastian otoa,2028-06-30,890385.0,2026-07-12T07:39:32,2025-01-16,,https://img.a.transfermarkt.technology/portrait/medium/890385-1736924404.jpg?lm=1
Seydou Fini,Genoa,FW,19.0,32,0.0,0.0,0.0,0.0,2.5,0.0,0.0,2.5,0.0,5.0,,seydou fini,2028-06-30,866250.0,2026-07-12T07:39:32,2028-06-30,NEW,https://img.a.transfermarkt.technology/portrait/medium/866250-1750415371.jpg?lm=1
Stefano Sabelli,Genoa,"MF,DF",32.0,913,0.0,0.0,0.79,0.0,2.673,0.297,1.386,0.594,1.881,0.0,,stefano sabelli,2028-06-30,167491.0,2026-07-12T07:39:32,2021-07-20,,https://img.a.transfermarkt.technology/portrait/medium/167491-1753439397.jpg?lm=1
Tommaso Baldanzi,Genoa,MF,22.0,399,0.0,0.45,2.03,0.68,1.591,0.682,1.364,0.455,1.364,0.0,,tommaso baldanzi,2027-06-30,641537.0,2026-07-12T07:39:32,2026-01-23,,https://img.a.transfermarkt.technology/portrait/medium/641537-1661764089.jpg?lm=1
Valentin Carboni,Genoa,MF,20.0,359,0.0,0.0,1.5,0.5,1.75,0.5,2.0,2.75,1.25,0.0,,valentin carboni,,,,,,
Vitinha,Genoa,"FW,MF",25.0,2226,0.2,0.04,2.63,0.81,2.713,0.567,1.296,1.336,2.753,0.567,,vitinha,2028-06-30,586853.0,2026-07-12T07:39:32,2024-07-01,,https://img.a.transfermarkt.technology/portrait/medium/586853-1730184491.jpg?lm=1
Abdou Harroui,Hellas Verona,MF,27.0,907,0.0,0.0,1.19,0.2,2.772,0.099,1.683,2.178,0.099,0.198,,abdou harroui,2028-06-30,416386.0,2026-07-12T07:39:40,2024-07-09,,https://img.a.transfermarkt.technology/portrait/medium/416386-1730186775.jpg?lm=1
Al-Musrati,Hellas Verona,MF,29.0,844,0.0,0.11,0.96,0.11,0.213,1.17,0.745,1.596,0.319,0.106,,al-musrati,,,,,,
Amin Sarr,Hellas Verona,"FW,MF",24.0,1102,0.0,0.08,1.55,0.49,0.984,0.328,0.738,2.049,1.803,0.574,,amin sarr,2029-06-30,748382.0,2026-07-12T07:39:40,2025-07-01,,https://img.a.transfermarkt.technology/portrait/medium/748382-1695624167.jpg?lm=1
Andrias Edmundsson,Hellas Verona,DF,24.0,1319,0.0,0.0,0.27,0.07,0.272,1.905,1.361,0.884,0.476,0.0,,andrias edmundsson,2029-06-30,495839.0,2026-07-12T07:39:40,2026-02-02,,https://img.a.transfermarkt.technology/portrait/medium/495839-1753817752.jpg?lm=1
Antoine Bernede,Hellas Verona,MF,26.0,2301,0.04,0.08,0.82,0.16,0.977,0.625,1.523,2.148,0.781,0.039,,antoine bernede,2028-06-30,395512.0,2026-07-12T07:39:40,2025-07-01,,https://img.a.transfermarkt.technology/portrait/medium/395512-1739282210.jpg?lm=1
Armel Bella Kotchap,Hellas Verona,DF,23.0,1347,0.0,0.0,0.2,0.0,0.067,1.933,0.8,1.467,1.133,0.0,,armel bella kotchap,,,,,,
Cheikh Niasse,Hellas Verona,MF,25.0,970,0.0,0.09,0.56,0.09,1.296,1.389,1.296,1.852,1.389,0.185,,cheikh niasse,2029-06-30,644032.0,2026-07-12T07:39:40,2025-07-01,,https://img.a.transfermarkt.technology/portrait/medium/644032-1595970130.jpg?lm=1
Daniel Mosquera,Hellas Verona,FW,25.0,597,0.0,0.3,2.41,0.75,0.303,0.303,0.303,3.333,0.909,0.455,,daniel mosquera,2028-06-30,651569.0,2026-07-12T07:39:40,2024-07-04,,https://img.a.transfermarkt.technology/portrait/medium/651569-1722324016.jpg?lm=1
Daniel Oyegoke,Hellas Verona,"MF,DF",22.0,594,0.0,0.0,0.45,0.15,4.848,1.061,1.364,1.97,0.758,0.152,,daniel oyegoke,2028-06-30,586984.0,2026-07-12T07:39:40,2025-01-28,,https://img.a.transfermarkt.technology/portrait/medium/586984-1669114349.jpg?lm=1
Domagoj Bradarić,Hellas Verona,MF,25.0,1966,0.0,0.05,0.6,0.27,4.954,0.413,0.917,0.367,0.459,0.092,,domagoj bradaric,2028-06-30,357796.0,2026-07-12T07:39:40,2025-08-03,,https://img.a.transfermarkt.technology/portrait/medium/357796-1730186706.jpg?lm=1
Enzo Ebosse,Hellas Verona,DF,26.0,214,0.0,0.0,0.42,0.0,0.0,0.0,0.417,2.083,0.417,0.0,,enzo ebosse,,,,,,
Fallou Cham,Hellas Verona,MF,19.0,228,0.0,0.0,1.97,0.79,4.0,1.6,3.6,2.8,2.0,0.4,,fallou cham,2025-07-01,1315458.0,2026-07-12T07:39:40,2025-07-01,,https://img.a.transfermarkt.technology/portrait/medium/1315458-1757603675.jpg?lm=1
Gift Orban,Hellas Verona,FW,23.0,2027,0.22,0.09,3.77,1.24,0.622,0.133,0.133,0.978,0.889,0.889,,gift orban,,,,,,
Giovane,Hellas Verona,"FW,MF",21.0,1533,0.18,0.23,2.76,1.47,3.294,0.294,0.529,1.235,0.882,0.471,,giovane,,,,,,
Grigoris Kastanos,Hellas Verona,MF,27.0,44,0.0,0.0,2.05,0.0,4.0,6.0,6.0,6.0,2.0,0.0,,grigoris kastanos,2027-06-30,298635.0,2026-07-12T07:39:40,2025-07-01,,https://img.a.transfermarkt.technology/portrait/medium/298635-1725530400.jpg?lm=1
Ioan Vermeșan,Hellas Verona,FW,18.0,80,0.0,0.0,4.5,1.13,0.0,0.0,0.0,0.0,1.111,0.0,,ioan vermesan,,,,,,
Isaac,Hellas Verona,FW,21.0,40,0.0,0.0,0.0,0.0,2.5,0.0,0.0,2.5,5.0,0.0,,isaac,2029-06-30,1083069.0,2026-07-12T07:39:40,2026-01-09,,https://img.a.transfermarkt.technology/portrait/medium/1083069-1777961186.jpg?lm=1
Jean-Daniel Akpa-Akpro,Hellas Verona,MF,32.0,1504,0.06,0.0,0.78,0.24,1.018,1.317,1.916,2.335,0.898,0.0,,jean-daniel akpa-akpro,,,,,,
Junior Ajayi,Hellas Verona,FW,20.0,1,0.0,0.0,0.0,0.0,,,,,,,,junior ajayi,2024-07-01,1111820.0,2026-07-09T08:43:16,2024-07-01,,https://img.a.transfermarkt.technology/portrait/medium/1111820-1739287294.jpg?lm=1
Kieron Bowie,Hellas Verona,FW,22.0,1200,0.3,0.0,2.48,0.82,0.451,0.0,0.226,2.556,2.03,0.226,,kieron bowie,2030-06-30,647280.0,2026-07-12T07:39:40,2026-01-30,,https://img.a.transfermarkt.technology/portrait/medium/647280-1755308021.jpg?lm=1
Lorenzo Montipò,Hellas Verona,GK,29.0,3150,0.0,0.0,0.0,0.0,0.0,0.0,0.0,0.0,0.0,0.0,,lorenzo montipo,2028-06-30,241923.0,2026-07-12T07:39:40,2022-07-01,,https://img.a.transfermarkt.technology/portrait/medium/241923-1724828092.jpg?lm=1
Martin Frese,Hellas Verona,"MF,DF",27.0,2408,0.07,0.0,0.78,0.41,2.761,1.119,2.015,1.716,0.746,0.149,,martin frese,2027-06-30,488785.0,2026-07-12T07:39:40,2024-07-10,,https://img.a.transfermarkt.technology/portrait/medium/488785-1701443446.jpg?lm=1
Nicolás Valentini,Hellas Verona,DF,24.0,1409,0.0,0.0,1.02,0.45,0.955,1.019,1.146,1.911,0.446,0.064,,nicolas valentini,,,,,,
Pol Lirola,Hellas Verona,MF,27.0,305,0.0,0.0,0.0,0.0,4.706,0.588,0.882,0.882,0.0,0.0,,pol lirola,,,,,,
Rafik Belghali,Hellas Verona,MF,23.0,1920,0.09,0.0,0.98,0.28,2.817,0.798,0.61,0.939,0.469,0.282,,rafik belghali,2029-06-30,864306.0,2026-07-12T07:39:40,2025-08-19,,https://img.a.transfermarkt.technology/portrait/medium/864306-1706263707.jpg?lm=1
Roberto Gagliardini,Hellas Verona,MF,31.0,2272,0.04,0.0,0.59,0.12,0.635,2.222,1.587,1.786,1.389,0.0,,roberto gagliardini,,,,,,
Sandi Lovrić,Hellas Verona,MF,27.0,309,0.0,0.0,0.58,0.29,7.059,1.471,1.765,1.471,0.882,0.0,,sandi lovric,,,,,,
Simone Perilli,Hellas Verona,GK,30.0,270,0.0,0.0,0.0,0.0,0.0,0.0,0.0,0.0,0.0,0.0,,simone perilli,,,,,,
Suat Serdar,Hellas Verona,MF,28.0,1108,0.16,0.0,1.54,0.57,0.569,0.813,1.626,1.545,0.976,0.081,,suat serdar,2028-06-30,261905.0,2026-07-12T07:39:40,2024-07-01,,https://img.a.transfermarkt.technology/portrait/medium/261905-1744314720.jpg?lm=1
Tobias Slotsager,Hellas Verona,DF,19.0,446,0.0,0.0,0.61,0.2,0.4,0.6,1.4,0.6,1.0,0.0,,tobias slotsager,2028-06-30,851385.0,2026-07-12T07:39:40,2025-02-03,,https://img.a.transfermarkt.technology/portrait/medium/851385-1687342165.jpg?lm=1
Tomáš Suslov,Hellas Verona,FW,23.0,446,0.0,0.0,2.42,0.81,4.2,0.2,1.2,1.8,2.4,0.0,,tomas suslov,2028-06-30,540333.0,2026-07-12T07:39:40,2024-01-31,,https://img.a.transfermarkt.technology/portrait/medium/540333-1695032418.jpg?lm=1
Unai Núñez,Hellas Verona,DF,28.0,1265,0.0,0.0,0.5,0.07,0.78,1.631,1.277,1.915,0.709,0.0,,unai nunez,,,,,,
Victor Nelsson,Hellas Verona,DF,26.0,3315,0.0,0.0,0.22,0.03,0.136,2.038,1.223,1.196,0.543,0.0,,victor nelsson,,,,,,
Yellu Santiago,Hellas Verona,MF,21.0,6,0.0,0.0,30.0,15.0,0.0,0.0,0.0,0.0,10.0,0.0,,yellu santiago,2028-06-30,941869.0,2026-07-12T07:39:40,2025-07-24,,https://img.a.transfermarkt.technology/portrait/medium/941869-1751617638.jpg?lm=1
Alessandro Bastoni,Inter,DF,26.0,2239,0.04,0.16,0.68,0.32,3.414,0.843,1.566,1.807,0.803,0.0,,alessandro bastoni,2028-06-30,315853.0,2026-07-12T07:39:44,2017-08-31,,https://img.a.transfermarkt.technology/portrait/medium/315853-1742497518.jpg?lm=1
Andy Diouf,Inter,MF,22.0,493,0.18,0.0,1.83,0.55,1.091,0.182,1.091,0.909,0.545,0.182,,andy diouf,2030-06-30,711976.0,2026-07-12T07:39:44,2025-08-22,,https://img.a.transfermarkt.technology/portrait/medium/711976-1756099849.jpg?lm=1
Ange-Yoan Bonny,Inter,FW,21.0,1142,0.39,0.32,1.73,0.71,0.472,0.079,0.709,1.339,1.89,0.709,,ange-yoan bonny,2030-06-30,827734.0,2026-07-12T07:39:44,2025-07-05,,https://img.a.transfermarkt.technology/portrait/medium/827734-1751380953.jpg?lm=1
Benjamin Pavard,Inter,DF,29.0,90,0.0,0.0,1.0,1.0,0.0,2.0,1.0,1.0,0.0,0.0,,benjamin pavard,2028-06-30,353366.0,2026-07-12T07:39:44,2023-08-30,,https://img.a.transfermarkt.technology/portrait/medium/353366-1713819215.jpg?lm=1
Carlos Augusto,Inter,"MF,DF",26.0,1763,0.05,0.05,1.02,0.31,2.347,0.969,1.122,1.327,0.663,0.0,,carlos augusto,2028-06-30,585982.0,2026-07-12T07:39:44,2024-07-01,,https://img.a.transfermarkt.technology/portrait/medium/585982-1735891597.jpg?lm=1
Davide Frattesi,Inter,MF,25.0,569,0.0,0.0,2.53,0.63,0.317,0.476,1.111,1.429,1.746,0.317,,davide frattesi,2028-06-30,394300.0,2026-07-12T07:39:44,2024-07-01,,https://img.a.transfermarkt.technology/portrait/medium/394300-1730126974.jpg?lm=1
Denzel Dumfries,Inter,MF,29.0,1325,0.2,0.07,1.56,0.34,2.313,0.476,0.612,1.361,0.884,0.136,,denzel dumfries,2028-06-30,321528.0,2026-07-03T15:12:02,2021-08-14,,https://img.a.transfermarkt.technology/portrait/medium/321528-1746042223.jpg?lm=1
Federico Dimarco,Inter,MF,27.0,2698,0.23,0.53,2.17,0.73,9.833,1.0,1.033,1.367,0.767,0.167,,federico dimarco,2027-06-30,198116.0,2026-07-12T07:39:44,2018-07-05,,https://img.a.transfermarkt.technology/portrait/medium/198116-1725531769.jpg?lm=1
Francesco Acerbi,Inter,DF,37.0,1378,0.0,0.07,0.2,0.07,0.196,1.176,0.588,1.111,0.85,0.196,,francesco acerbi,,,,,,
Francesco Esposito,Inter,FW,20.0,1571,0.4,0.17,3.27,1.32,0.229,0.286,0.286,1.657,2.857,0.114,,francesco esposito,,,,,,
Hakan Çalhanoğlu,Inter,MF,31.0,1639,0.27,0.22,2.75,0.93,4.725,1.044,0.934,1.538,0.604,0.0,,hakan calhanoglu,2027-06-30,126414.0,2026-07-12T07:39:44,2021-07-01,,https://img.a.transfermarkt.technology/portrait/medium/126414-1709035146.jpg?lm=1
Henrikh Mkhitaryan,Inter,MF,36.0,1560,0.23,0.06,2.48,0.81,2.428,0.867,1.561,1.618,0.983,0.173,,henrikh mkhitaryan,2027-06-30,55735.0,2026-07-12T07:39:44,2022-07-01,,https://img.a.transfermarkt.technology/portrait/medium/55735-1664973670.jpg?lm=1
Josep Martinez,Inter,GK,27.0,450,0.0,0.0,0.0,0.0,0.0,0.0,0.0,0.0,0.0,0.0,,josep martinez,2029-06-30,388516.0,2026-07-12T07:39:44,2024-07-09,,https://img.a.transfermarkt.technology/portrait/medium/388516-1686153132.jpg?lm=1
Lautaro Martínez,Inter,FW,27.0,2159,0.71,0.25,3.84,1.63,0.708,0.25,0.542,1.958,1.958,0.333,,lautaro martinez,2029-06-30,406625.0,2026-07-12T07:39:44,2018-07-04,,https://img.a.transfermarkt.technology/portrait/medium/406625-1695024988.jpg?lm=1
Luis Henrique,Inter,MF,23.0,1624,0.06,0.11,0.83,0.39,2.167,0.389,0.889,0.278,0.0,0.056,,luis henrique,2030-06-30,691316.0,2026-07-12T07:39:44,2025-06-07,,https://img.a.transfermarkt.technology/portrait/medium/691316-1743759325.jpg?lm=1
Luka Topalović,Inter,MF,19.0,10,0.0,9.0,0.0,0.0,0.0,0.0,0.0,0.0,0.0,0.0,,luka topalovic,,,,,,
Manuel Akanji,Inter,DF,30.0,2821,0.06,0.0,0.73,0.19,0.096,1.182,0.767,0.831,0.575,0.064,,manuel akanji,2028-06-30,284730.0,2026-07-12T07:39:44,2026-07-01,NEW,https://img.a.transfermarkt.technology/portrait/medium/284730-1684165752.jpg?lm=1
Marcus Thuram,Inter,FW,27.0,1900,0.62,0.28,3.51,1.37,0.995,0.047,0.616,2.038,1.943,0.711,,marcus thuram,2028-06-30,318528.0,2026-07-12T07:39:44,2023-07-01,,https://img.a.transfermarkt.technology/portrait/medium/318528-1746041509.jpg?lm=1
Matteo Cocchi,Inter,DF,18.0,17,0.0,0.0,0.0,0.0,0.0,0.0,0.0,0.0,0.0,0.0,,matteo cocchi,,,,,,
Matteo Darmian,Inter,"MF,DF",35.0,248,0.0,0.0,0.0,0.0,1.786,0.357,1.071,1.429,0.714,0.357,,matteo darmian,,,,,,
Matteo Lavelli,Inter,FW,18.0,8,0.0,0.0,0.0,0.0,10.0,0.0,0.0,0.0,0.0,0.0,,matteo lavelli,,,,,,
Mattia Mosconi,Inter,FW,18.0,27,0.0,0.0,6.67,0.0,0.0,0.0,0.0,3.333,6.667,0.0,,mattia mosconi,,,,,,
Nicolò Barella,Inter,MF,28.0,2517,0.11,0.29,1.25,0.18,3.643,0.321,1.107,1.179,0.786,0.143,,nicolo barella,2029-06-30,255942.0,2026-07-12T07:39:44,2020-09-01,,https://img.a.transfermarkt.technology/portrait/medium/255942-1725531625.jpg?lm=1
Petar Sučić,Inter,MF,21.0,1765,0.1,0.1,1.12,0.31,2.194,0.459,1.276,1.531,1.276,0.0,,petar sucic,2030-06-30,668207.0,2026-07-12T07:39:44,2025-06-01,,https://img.a.transfermarkt.technology/portrait/medium/668207-1757603291.jpg?lm=1
Piotr Zieliński,Inter,MF,31.0,2045,0.22,0.13,1.28,0.44,1.013,0.308,0.837,0.793,0.793,0.0,,piotr zielinski,2028-06-30,181136.0,2026-07-12T07:39:44,2024-07-01,,https://img.a.transfermarkt.technology/portrait/medium/181136-1692962961.jpg?lm=1
Raffaele Di Gennaro,Inter,GK,31.0,10,0.0,0.0,0.0,0.0,0.0,0.0,0.0,0.0,0.0,0.0,,raffaele di gennaro,2023-07-13,70580.0,2026-07-12T07:39:44,2023-07-13,,https://img.a.transfermarkt.technology/portrait/medium/70580-1692961707.jpg?lm=1
Stefan de Vrij,Inter,DF,33.0,670,0.0,0.0,0.81,0.27,0.0,0.946,1.622,0.676,0.676,0.0,,stefan de vrij,,,,,,
Yann Aurel Bisseck,Inter,DF,24.0,1922,0.14,0.05,1.17,0.56,0.561,1.075,0.841,0.981,0.748,0.14,,yann aurel bisseck,,,,,,
Yann Sommer,Inter,GK,36.0,2960,0.0,0.0,0.0,0.0,0.0,0.0,0.0,0.0,0.0,0.0,,yann sommer,,,,,,
Andrea Cambiaso,Juventus,"MF,DF",25.0,2769,0.1,0.13,0.85,0.42,3.994,0.649,1.266,0.942,0.682,0.065,,andrea cambiaso,2029-06-30,459658.0,2026-07-12T07:39:55,2022-07-14,,https://img.a.transfermarkt.technology/portrait/medium/459658-1662127057.jpg?lm=1
Arkadiusz Milik,Juventus,FW,31.0,36,0.0,0.0,5.0,5.0,0.0,0.0,0.0,2.5,0.0,0.0,,arkadiusz milik,2027-06-30,191891.0,2026-07-12T07:39:55,2023-07-01,,https://img.a.transfermarkt.technology/portrait/medium/191891-1661518258.jpg?lm=1
Daniele Rugani,Juventus,DF,31.0,250,0.0,0.0,0.0,0.0,0.0,1.786,1.071,0.714,0.0,0.0,,daniele rugani,2028-06-30,162959.0,2026-07-12T07:39:55,2013-07-31,,https://img.a.transfermarkt.technology/portrait/medium/162959-1753427431.jpg?lm=1
Dušan Vlahović,Juventus,FW,25.0,968,0.56,0.09,4.56,1.67,0.278,0.185,0.278,0.833,1.667,0.833,,dusan vlahovic,,,,,,
Edon Zhegrova,Juventus,MF,26.0,382,0.0,0.0,4.48,2.12,11.429,0.0,0.714,0.952,1.429,0.476,,edon zhegrova,2030-06-30,496857.0,2026-07-12T07:39:55,2025-09-01,,https://img.a.transfermarkt.technology/portrait/medium/496857-1767803628.jpg?lm=1
Emil Holm,Juventus,MF,25.0,230,0.0,0.0,1.96,0.39,2.308,1.154,1.923,0.0,1.923,0.0,,emil holm,,,,,,
Fabio Miretti,Juventus,MF,21.0,617,0.15,0.29,2.63,0.73,2.464,0.58,1.304,2.174,1.014,0.0,,fabio miretti,2028-06-30,571607.0,2026-07-12T07:39:55,2022-07-01,,https://img.a.transfermarkt.technology/portrait/medium/571607-1652773586.jpg?lm=1
Federico Gatti,Juventus,DF,27.0,1093,0.16,0.0,1.15,0.49,0.165,0.992,0.826,1.405,0.496,0.0,,federico gatti,2030-06-30,509022.0,2026-07-12T07:39:55,2022-01-31,,https://img.a.transfermarkt.technology/portrait/medium/509022-1725531068.jpg?lm=1
Filip Kostić,Juventus,MF,32.0,479,0.56,0.19,1.69,0.75,9.245,0.755,1.887,1.509,0.943,0.0,,filip kostic,,,,,,
Francisco Conceição,Juventus,"MF,FW",22.0,2078,0.13,0.22,3.16,1.0,3.983,0.303,1.126,1.385,1.732,0.13,,francisco conceicao,2030-06-30,487474.0,2026-07-12T07:39:55,2025-07-22,,https://img.a.transfermarkt.technology/portrait/medium/487474-1749069081.jpg?lm=1
Gleison Bremer,Juventus,DF,28.0,2171,0.17,0.12,0.95,0.37,0.041,1.245,0.581,0.871,0.415,0.0,,gleison bremer,,,,,,
Jeremie Boga,Juventus,"MF,FW",28.0,679,0.53,0.0,3.18,1.59,4.0,0.267,0.4,0.4,0.933,0.133,,jeremie boga,2029-06-30,216569.0,2026-07-12T07:39:55,2026-07-01,NEW,https://img.a.transfermarkt.technology/portrait/medium/216569-1756824408.jpg?lm=1
Jonathan David,Juventus,FW,25.0,1781,0.3,0.2,2.07,0.81,0.404,0.303,0.505,1.515,1.313,0.556,,jonathan david,2030-06-30,533738.0,2026-07-12T07:39:55,2025-07-04,,https://img.a.transfermarkt.technology/portrait/medium/533738-1760114012.jpg?lm=1
João Mário Lopes,Juventus,MF,25.0,258,0.0,0.0,1.05,0.0,1.724,1.034,1.034,1.724,3.448,0.0,,joao mario lopes,,,,,,
Juan David Cabal,Juventus,MF,24.0,296,0.61,0.0,1.52,0.61,1.212,1.212,1.515,1.212,0.303,0.606,,juan david cabal,,,,,,
Kenan Yıldız,Juventus,"MF,FW",20.0,2825,0.29,0.19,3.09,1.27,3.885,0.223,0.446,0.732,1.783,0.223,,kenan yildiz,2030-06-30,845654.0,2026-07-12T07:39:55,2023-11-07,,https://img.a.transfermarkt.technology/portrait/medium/845654-1759822280.jpg?lm=1
Khéphren Thuram,Juventus,MF,24.0,2442,0.11,0.11,1.84,0.55,0.59,0.443,1.181,1.402,0.443,0.111,,khephren thuram,2029-06-30,463618.0,2026-07-12T07:39:55,2024-07-10,,https://img.a.transfermarkt.technology/portrait/medium/463618-1683889273.jpg?lm=1
Lloyd Kelly,Juventus,DF,26.0,2996,0.03,0.03,0.51,0.09,0.36,0.42,0.991,1.291,0.601,0.12,,lloyd kelly,2029-06-30,480116.0,2026-07-12T07:39:55,2025-07-01,,https://img.a.transfermarkt.technology/portrait/medium/480116-1739281396.jpg?lm=1
Loïs Openda,Juventus,"FW,MF",25.0,666,0.14,0.0,3.51,0.81,0.946,0.135,0.541,1.081,2.838,1.486,,lois openda,2030-06-30,368887.0,2026-07-12T07:39:55,2026-07-01,NEW,https://img.a.transfermarkt.technology/portrait/medium/368887-1713944805.jpg?lm=1
Manuel Locatelli,Juventus,MF,27.0,2994,0.03,0.06,1.38,0.36,0.571,1.141,1.982,1.652,1.321,0.0,,manuel locatelli,2030-06-30,265088.0,2026-07-12T07:39:55,2023-07-01,,https://img.a.transfermarkt.technology/portrait/medium/265088-1730125083.jpg?lm=1
Mattia Perin,Juventus,GK,32.0,765,0.0,0.0,0.0,0.0,0.0,0.0,0.0,0.0,0.0,0.0,,mattia perin,2027-06-30,110923.0,2026-07-12T07:39:55,2018-07-01,,https://img.a.transfermarkt.technology/portrait/medium/110923-1695107834.jpg?lm=1
Michele Di Gregorio,Juventus,GK,28.0,2655,0.0,0.0,0.0,0.0,0.0,0.0,0.0,0.0,0.0,0.0,,michele di gregorio,2029-06-30,301238.0,2026-07-12T07:39:55,2025-07-01,,https://img.a.transfermarkt.technology/portrait/medium/301238-1730125609.jpg?lm=1
Nicolás González,Juventus,"FW,MF",27.0,19,0.0,0.0,9.47,0.0,0.0,0.0,0.0,0.0,15.0,0.0,,nicolas gonzalez,,,,,,
Pierre Kalulu,Juventus,"DF,MF",25.0,3281,0.05,0.11,0.36,0.11,2.575,0.658,0.959,0.932,0.438,0.0,,pierre kalulu,2029-06-30,585949.0,2026-07-12T07:39:55,2025-07-01,,https://img.a.transfermarkt.technology/portrait/medium/585949-1684854558.jpg?lm=1
Teun Koopmeiners,Juventus,"MF,DF",27.0,1827,0.0,0.0,1.38,0.34,2.315,0.887,0.64,1.626,0.542,0.148,,teun koopmeiners,2029-06-30,360518.0,2026-07-12T07:39:55,2024-08-28,,https://img.a.transfermarkt.technology/portrait/medium/360518-1707302998.jpg?lm=1
Vasilije Adžić,Juventus,MF,19.0,171,0.53,0.0,3.16,2.11,2.105,1.579,1.053,1.579,1.053,0.0,,vasilije adzic,2029-06-30,944570.0,2026-07-12T07:39:55,2024-07-01,,https://img.a.transfermarkt.technology/portrait/medium/944570-1730123395.jpg?lm=1
Weston McKennie,Juventus,MF,26.0,2835,0.16,0.16,1.37,0.51,1.143,0.825,0.762,1.397,0.349,0.222,,weston mckennie,2030-06-30,332697.0,2026-07-12T07:39:55,2021-07-01,,https://img.a.transfermarkt.technology/portrait/medium/332697-1754245044.jpg?lm=1
Adam Marušić,Lazio,DF,32.0,2778,0.03,0.06,0.52,0.23,1.133,1.068,0.518,0.712,0.583,0.032,,adam marusic,2028-06-30,239802.0,2026-07-12T07:40:01,2017-07-01,,https://img.a.transfermarkt.technology/portrait/medium/239802-1692962856.jpg?lm=1
Adrian Przyborek,Lazio,MF,18.0,9,0.0,0.0,10.0,0.0,0.0,0.0,0.0,0.0,0.0,0.0,,adrian przyborek,2030-06-30,1018395.0,2026-07-12T07:40:01,2026-01-31,,https://img.a.transfermarkt.technology/portrait/medium/1018395-1777961309.jpg?lm=1
Alessio Furlanetto,Lazio,GK,23.0,180,0.0,0.0,0.0,0.0,0.0,0.0,0.0,0.0,0.0,0.0,,alessio furlanetto,2028-06-30,538079.0,2026-07-12T07:40:01,2022-07-01,,https://img.a.transfermarkt.technology/portrait/medium/538079-1757604115.jpg?lm=1
Alessio Romagnoli,Lazio,DF,30.0,2666,0.0,0.0,0.3,0.14,0.068,1.081,0.473,0.608,0.507,0.0,,alessio romagnoli,2027-06-30,197747.0,2026-07-12T07:40:01,2022-07-12,,https://img.a.transfermarkt.technology/portrait/medium/197747-1730125586.jpg?lm=1
Boulaye Dia,Lazio,"FW,MF",28.0,1253,0.07,0.14,0.86,0.5,0.0,0.216,0.504,1.367,1.007,0.288,,boulaye dia,2028-06-30,626913.0,2026-07-12T07:40:01,2026-07-01,NEW,https://img.a.transfermarkt.technology/portrait/medium/626913-1730127040.jpg?lm=1
Daniel Maldini,Lazio,FW,23.0,687,0.26,0.13,1.97,0.66,0.132,0.526,1.184,1.842,2.632,0.395,,daniel maldini,,,,,,
Danilo Cataldi,Lazio,MF,30.0,1985,0.05,0.14,1.18,0.32,2.172,0.95,0.995,0.995,0.543,0.0,,danilo cataldi,2027-06-30,199733.0,2026-07-12T07:40:01,2013-07-01,,https://img.a.transfermarkt.technology/portrait/medium/199733-1661513736.jpg?lm=1
Edoardo Motta,Lazio,GK,20.0,810,0.0,0.0,0.0,0.0,0.0,0.0,0.0,0.0,0.0,0.0,,edoardo motta,2030-06-30,916430.0,2026-07-12T07:40:01,2026-01-27,,https://img.a.transfermarkt.technology/portrait/medium/916430-1745844405.jpg?lm=1
Elseid Hysaj,Lazio,DF,31.0,174,0.0,0.0,0.0,0.0,1.053,1.053,0.0,0.0,0.526,0.0,,elseid hysaj,,,,,,
Fisayo Dele-Bashiru,Lazio,MF,24.0,1187,0.08,0.0,0.68,0.15,0.758,0.303,1.136,0.606,0.227,0.152,,fisayo dele-bashiru,2028-06-30,530742.0,2026-07-12T07:40:01,2025-07-01,,https://img.a.transfermarkt.technology/portrait/medium/530742-1683029896.jpg?lm=1
Gustav Isaksen,Lazio,FW,24.0,1593,0.28,0.06,2.71,1.07,1.808,0.395,0.452,1.017,3.22,0.056,,gustav isaksen,2028-06-30,462823.0,2026-07-12T07:40:01,2023-08-08,,https://img.a.transfermarkt.technology/portrait/medium/462823-1695026324.jpg?lm=1
Ivan Provedel,Lazio,GK,31.0,2430,0.0,0.0,0.0,0.0,0.0,0.0,0.0,0.0,0.0,0.0,,ivan provedel,2027-06-30,197929.0,2026-07-08T07:39:22,2022-08-08,,https://img.a.transfermarkt.technology/portrait/medium/197929-1695160944.jpg?lm=1
Kenneth Taylor,Lazio,MF,23.0,1394,0.19,0.13,1.03,0.39,0.581,0.581,0.71,1.097,0.839,0.065,,kenneth taylor,2030-06-30,470394.0,2026-07-12T07:40:01,2026-01-09,,https://img.a.transfermarkt.technology/portrait/medium/470394-1745076706.jpg?lm=1
Luca Pellegrini,Lazio,DF,26.0,1469,0.06,0.0,0.43,0.31,3.129,1.043,0.92,1.595,0.736,0.0,,luca pellegrini,2027-06-30,346567.0,2026-07-12T07:40:01,2025-07-01,,https://img.a.transfermarkt.technology/portrait/medium/346567-1663065246.jpg?lm=1
Manuel Lazzari,Lazio,DF,31.0,938,0.0,0.0,0.38,0.19,1.538,0.577,0.865,0.962,1.827,0.0,,manuel lazzari,2027-06-30,331401.0,2026-07-12T07:40:01,2019-07-12,,https://img.a.transfermarkt.technology/portrait/medium/331401-1707947147.jpg?lm=1
Mario Gila,Lazio,DF,24.0,2472,0.0,0.0,0.44,0.11,0.036,0.945,1.236,0.691,0.909,0.0,,mario gila,2027-06-30,618341.0,2026-07-09T08:43:26,2022-07-12,,https://img.a.transfermarkt.technology/portrait/medium/618341-1730127774.jpg?lm=1
Matteo Cancellieri,Lazio,FW,23.0,1725,0.21,0.1,2.14,0.89,1.094,1.25,1.458,2.031,3.49,0.156,,matteo cancellieri,2027-06-30,550106.0,2026-07-12T07:40:01,2023-07-01,,https://img.a.transfermarkt.technology/portrait/medium/550106-1687191024.jpg?lm=1
Mattia Zaccagni,Lazio,FW,30.0,2104,0.13,0.0,1.45,0.6,2.35,0.855,0.897,1.282,3.504,0.256,,mattia zaccagni,2029-06-30,283735.0,2026-07-12T07:40:01,2022-07-01,,https://img.a.transfermarkt.technology/portrait/medium/283735-1695026445.jpg?lm=1
Mattéo Guendouzi,Lazio,MF,26.0,1428,0.13,0.06,1.01,0.5,1.258,0.692,0.503,1.069,1.321,0.0,,matteo guendouzi,,,,,,
Matías Vecino,Lazio,MF,33.0,603,0.0,0.15,1.04,0.15,0.0,1.045,1.343,1.194,0.448,0.0,,matias vecino,,,,,,
Nicolò Rovella,Lazio,MF,23.0,512,0.0,0.18,0.18,0.0,1.93,1.579,1.754,1.228,2.105,0.0,,nicolo rovella,2028-06-30,525704.0,2026-07-12T07:40:01,2025-07-01,,https://img.a.transfermarkt.technology/portrait/medium/525704-1730127184.jpg?lm=1
Nuno Tavares,Lazio,DF,25.0,1473,0.0,0.0,0.98,0.06,6.037,1.098,1.28,1.22,1.341,0.366,,nuno tavares,2029-06-30,535955.0,2026-07-12T07:40:01,2025-07-01,,https://img.a.transfermarkt.technology/portrait/medium/535955-1730127360.jpg?lm=1
Oliver Nielsen,Lazio,DF,22.0,1536,0.0,0.0,0.35,0.12,0.117,0.936,0.351,0.819,0.526,0.0,,oliver nielsen,,,,,,
Patric,Lazio,"MF,DF",32.0,667,0.0,0.0,0.67,0.0,0.0,0.405,0.0,0.541,0.27,0.0,,patric,2027-06-30,126729.0,2026-07-12T07:40:01,2015-07-01,,https://img.a.transfermarkt.technology/portrait/medium/126729-1695026786.jpg?lm=1
Pedro,Lazio,"FW,MF",38.0,982,0.27,0.18,2.02,1.01,2.844,0.367,0.55,0.917,2.385,0.0,,pedro,,,,,,
Petar Ratkov,Lazio,FW,21.0,233,0.0,0.0,2.32,0.39,0.0,0.385,0.769,0.0,1.154,0.0,,petar ratkov,2030-06-30,846254.0,2026-07-12T07:40:01,2026-01-08,,https://img.a.transfermarkt.technology/portrait/medium/846254-1770273673.jpg?lm=1
Reda Belahyane,Lazio,MF,21.0,609,0.0,0.3,0.44,0.15,0.147,0.441,1.176,1.618,0.441,0.0,,reda belahyane,2029-06-30,982855.0,2026-07-12T07:40:01,2025-02-03,,https://img.a.transfermarkt.technology/portrait/medium/982855-1757602905.jpg?lm=1
Tijjani Noslin,Lazio,FW,26.0,1148,0.31,0.16,2.74,1.02,0.781,0.234,0.469,1.484,1.797,0.391,,tijjani noslin,2029-06-30,457736.0,2026-07-12T07:40:01,2024-07-01,,https://img.a.transfermarkt.technology/portrait/medium/457736-1730184958.jpg?lm=1
Toma Bašić,Lazio,MF,28.0,1735,0.1,0.16,1.56,0.62,2.487,0.466,0.829,1.036,0.984,0.0,,toma basic,,,,,,
Valentín Castellanos,Lazio,FW,26.0,692,0.26,0.39,2.6,1.04,0.779,0.39,0.39,1.169,2.338,0.649,,valentin castellanos,,,,,,
Antonino Gallo,Lecce,DF,25.0,3056,0.0,0.12,0.18,0.03,3.941,0.441,1.088,0.206,0.382,0.0,,antonino gallo,2027-06-30,392516.0,2026-07-12T07:40:06,2019-07-25,,https://img.a.transfermarkt.technology/portrait/medium/392516-1663745734.jpg?lm=1
Balthazar Pierret,Lecce,MF,25.0,27,0.0,0.0,0.0,0.0,0.0,0.0,3.333,0.0,6.667,0.0,,balthazar pierret,,,,,,
Christ-Owen Kouassi,Lecce,DF,22.0,228,0.0,0.0,0.0,0.0,0.8,0.4,2.4,0.4,1.2,0.0,,christ-owen kouassi,2029-06-30,1057563.0,2026-07-12T07:40:06,2025-07-01,,https://img.a.transfermarkt.technology/portrait/medium/1057563-1751354881.jpg?lm=1
Corrie Ndaba,Lecce,DF,25.0,543,0.0,0.0,0.33,0.0,0.667,0.5,0.667,0.333,0.0,0.0,,corrie ndaba,2028-06-30,433329.0,2026-07-12T07:40:06,2025-07-28,,https://img.a.transfermarkt.technology/portrait/medium/433329-1753768662.jpg?lm=1
Danilo Veiga,Lecce,DF,22.0,3020,0.0,0.03,0.18,0.06,2.649,0.952,1.577,1.369,1.399,0.03,,danilo veiga,2027-06-30,728485.0,2026-07-12T07:40:06,2025-01-28,,https://img.a.transfermarkt.technology/portrait/medium/728485-1739282699.jpg?lm=1
Francesco Camarda,Lecce,FW,17.0,687,0.13,0.0,2.1,0.39,0.132,0.0,0.132,1.579,0.526,0.263,,francesco camarda,,,,,,
Gaby Jean,Lecce,DF,25.0,197,0.0,0.0,0.0,0.0,0.0,0.455,1.364,0.455,0.909,0.0,,gaby jean,2027-06-30,805886.0,2026-07-12T07:40:06,2024-08-26,,https://img.a.transfermarkt.technology/portrait/medium/805886-1692033275.png?lm=1
Jamil Siebert,Lecce,DF,23.0,1701,0.05,0.0,0.32,0.11,0.265,0.794,0.794,1.164,0.37,0.053,,jamil siebert,2028-06-30,604113.0,2026-07-12T07:40:06,2025-08-22,,https://img.a.transfermarkt.technology/portrait/medium/604113-1753692148.jpg?lm=1
Kialonda,Lecce,DF,27.0,1830,0.0,0.0,0.44,0.05,0.049,0.936,0.443,0.64,1.084,0.099,,kialonda,,,,,,
Konan N'dri,Lecce,MF,24.0,544,0.33,0.0,3.14,0.83,3.833,0.333,0.667,1.5,3.0,0.333,,konan n'dri,2027-06-30,649490.0,2026-07-12T07:40:06,2025-02-02,,https://img.a.transfermarkt.technology/portrait/medium/649490-1713338739.png?lm=1
Lameck Banda,Lecce,"MF,FW",24.0,1752,0.26,0.21,1.95,0.77,4.615,0.359,0.872,2.256,2.513,0.154,,lameck banda,2027-06-30,545538.0,2026-07-12T07:40:06,2022-08-04,,https://img.a.transfermarkt.technology/portrait/medium/545538-1663744937.jpg?lm=1
Lassana Coulibaly,Lecce,MF,29.0,2689,0.1,0.03,0.94,0.27,0.602,0.301,0.936,1.137,1.739,0.033,,lassana coulibaly,2027-06-30,386552.0,2026-07-12T07:40:06,2024-08-14,,https://img.a.transfermarkt.technology/portrait/medium/386552-1725529617.jpg?lm=1
Matías Pérez,Lecce,DF,20.0,31,0.0,0.0,0.0,0.0,3.333,0.0,0.0,0.0,0.0,0.0,,matias perez,2028-06-30,1175410.0,2026-07-12T07:40:06,2025-07-19,,https://img.a.transfermarkt.technology/portrait/medium/1175410-1757603578.jpg?lm=1
Medon Berisha,Lecce,MF,21.0,871,0.21,0.31,2.48,0.52,5.979,0.515,1.237,1.134,1.031,0.103,,medon berisha,2028-06-30,583046.0,2026-07-12T07:40:06,2022-07-01,,https://img.a.transfermarkt.technology/portrait/medium/583046-1662114572.jpg?lm=1
Mohamed Kaba,Lecce,MF,23.0,633,0.0,0.0,1.28,0.57,1.143,0.571,1.0,1.714,3.0,0.0,,mohamed kaba,2027-06-30,911328.0,2026-07-12T07:40:06,2023-08-14,,https://img.a.transfermarkt.technology/portrait/medium/911328-1695033138.jpg?lm=1
Nikola Štulić,Lecce,FW,23.0,1709,0.16,0.0,1.74,0.47,0.053,0.105,0.368,1.947,1.368,0.474,,nikola stulic,2029-06-30,595650.0,2026-07-12T07:40:06,2025-08-27,,https://img.a.transfermarkt.technology/portrait/medium/595650-1705056566.jpg?lm=1
Olaf Gorter,Lecce,MF,20.0,28,0.0,0.0,0.0,0.0,0.0,0.0,3.333,3.333,0.0,0.0,,olaf gorter,2029-06-30,748679.0,2026-07-12T07:40:06,2026-07-01,NEW,https://img.a.transfermarkt.technology/portrait/medium/748679-1751972792.jpg?lm=1
Omri Gandelman,Lecce,"MF,FW",25.0,975,0.18,0.09,0.92,0.28,0.37,0.37,0.556,1.204,0.278,0.093,,omri gandelman,2029-06-30,780548.0,2026-07-12T07:40:06,2026-01-09,,https://img.a.transfermarkt.technology/portrait/medium/780548-1706693476.jpg?lm=1
Oumar Ngom,Lecce,MF,21.0,842,0.0,0.0,0.53,0.21,0.319,1.277,1.596,1.596,0.638,0.0,,oumar ngom,2029-06-30,980575.0,2026-07-12T07:40:06,2026-01-13,,https://img.a.transfermarkt.technology/portrait/medium/980575-1768202944.jpg?lm=1
Riccardo Sottil,Lecce,"FW,MF",26.0,1066,0.08,0.17,1.69,0.25,8.475,0.169,0.169,0.847,2.288,0.339,,riccardo sottil,,,,,,
Sadik Fofana,Lecce,MF,22.0,84,0.0,0.0,2.14,0.0,0.0,0.0,2.222,3.333,1.111,0.0,,sadik fofana,2029-06-30,644613.0,2026-07-12T07:40:06,2026-01-15,,https://img.a.transfermarkt.technology/portrait/medium/644613-1659622952.jpg?lm=1
Santiago Pierotti,Lecce,"MF,FW",24.0,2597,0.03,0.07,1.14,0.28,0.727,0.727,1.765,2.318,0.796,0.242,,santiago pierotti,2027-06-30,674806.0,2026-07-12T07:40:06,2024-01-16,,https://img.a.transfermarkt.technology/portrait/medium/674806-1709016512.jpg?lm=1
Tete Morente,Lecce,"FW,MF",28.0,859,0.0,0.0,1.47,0.21,3.053,0.316,0.947,1.368,1.263,0.105,,tete morente,,,,,,
Tiago Gabriel,Lecce,DF,20.0,3219,0.06,0.0,0.56,0.11,0.056,1.285,1.117,0.81,1.117,0.028,,tiago gabriel,2027-06-30,1112449.0,2026-07-12T07:40:06,2025-01-28,,https://img.a.transfermarkt.technology/portrait/medium/1112449-1737958874.jpg?lm=1
Walid Cheddira,Lecce,FW,27.0,1000,0.27,0.09,2.25,0.9,0.36,0.09,0.27,1.802,2.252,0.901,,walid cheddira,,,,,,
Wladimiro Falcone,Lecce,GK,30.0,3420,0.0,0.0,0.0,0.0,0.0,0.0,0.0,0.0,0.0,0.0,,wladimiro falcone,2028-06-30,238537.0,2026-07-12T07:40:06,2023-07-27,,https://img.a.transfermarkt.technology/portrait/medium/238537-1693308504.jpg?lm=1
Ylber Ramadani,Lecce,MF,29.0,3203,0.03,0.0,0.96,0.14,0.449,1.236,1.404,1.208,1.657,0.0,,ylber ramadani,2027-06-30,442703.0,2026-07-03T15:12:13,2023-08-04,,https://img.a.transfermarkt.technology/portrait/medium/442703-1691151579.jpg?lm=1
Youssef Maleh,Lecce,MF,26.0,460,0.0,0.0,1.37,0.2,2.353,1.373,0.784,1.765,1.569,0.0,,youssef maleh,2027-06-30,324377.0,2026-07-12T07:40:06,2023-07-01,,https://img.a.transfermarkt.technology/portrait/medium/324377-1753434607.jpg?lm=1
Álex Sala,Lecce,MF,24.0,167,0.0,0.54,2.16,1.08,5.789,1.579,1.053,3.158,2.632,0.0,,alex sala,2028-06-30,582664.0,2026-07-12T07:40:06,2025-08-23,,https://img.a.transfermarkt.technology/portrait/medium/582664-1734477018.jpg?lm=1
Þórir Jóhann Helgason,Lecce,MF,24.0,147,0.0,0.0,1.84,1.22,3.75,1.875,0.0,0.0,0.0,0.0,,thorir johann helgason,,,,,,
Adrien Rabiot,Milan,MF,30.0,2550,0.21,0.14,1.62,0.42,2.049,0.707,1.095,1.237,1.943,0.247,,adrien rabiot,2028-06-30,182913.0,2026-07-12T07:40:10,2025-09-01,,https://img.a.transfermarkt.technology/portrait/medium/182913-1681462009.jpg?lm=1
Alexis Saelemaekers,Milan,MF,26.0,2788,0.1,0.1,1.39,0.36,2.645,0.968,1.226,0.839,2.065,0.065,,alexis saelemaekers,2031-06-30,381950.0,2026-07-12T07:40:10,2020-09-01,,https://img.a.transfermarkt.technology/portrait/medium/381950-1757604189.jpg?lm=1
Ardon Jashari,Milan,MF,23.0,701,0.0,0.13,0.9,0.26,1.41,0.641,1.41,1.41,1.026,0.0,,ardon jashari,2030-06-30,608172.0,2026-07-12T07:40:10,2025-08-06,,https://img.a.transfermarkt.technology/portrait/medium/608172-1734438792.jpg?lm=1
Cheveyo Muy,Milan,FW,18.0,5,0.0,0.0,18.0,0.0,0.0,0.0,0.0,0.0,0.0,0.0,,cheveyo muy,,,,,,
Christian Pulisic,Milan,FW,26.0,1609,0.45,0.22,3.02,1.4,2.067,0.168,0.447,0.615,1.285,0.168,,christian pulisic,2027-06-30,315779.0,2026-07-12T07:40:10,2023-07-13,,https://img.a.transfermarkt.technology/portrait/medium/315779-1691696699.jpg?lm=1
Christopher Nkunku,Milan,FW,27.0,1356,0.13,0.2,1.92,1.06,1.126,0.132,0.132,0.596,1.457,0.53,,christopher nkunku,2030-06-30,344381.0,2026-07-12T07:40:10,2025-08-30,,https://img.a.transfermarkt.technology/portrait/medium/344381-1663686834.jpg?lm=1
David Odogu,Milan,DF,19.0,6,0.0,0.0,0.0,0.0,0.0,0.0,0.0,0.0,0.0,0.0,,david odogu,2029-06-30,897423.0,2026-07-12T07:40:10,2025-09-01,,https://img.a.transfermarkt.technology/portrait/medium/897423-1724771146.jpg?lm=1
Davide Bartesaghi,Milan,"MF,DF",19.0,2441,0.07,0.0,0.81,0.26,5.129,0.554,1.292,0.664,0.517,0.148,,davide bartesaghi,2030-06-30,887638.0,2026-07-12T07:40:10,2025-07-01,,https://img.a.transfermarkt.technology/portrait/medium/887638-1695108454.jpg?lm=1
Fikayo Tomori,Milan,DF,27.0,2554,0.0,0.07,0.32,0.07,0.599,0.986,1.408,1.268,0.246,0.07,,fikayo tomori,2027-06-30,303254.0,2026-07-12T07:40:10,2021-07-01,,https://img.a.transfermarkt.technology/portrait/medium/303254-1684856117.jpg?lm=1
Koni De Winter,Milan,DF,23.0,1800,0.05,0.05,0.35,0.05,0.25,0.65,0.95,1.35,0.4,0.05,,koni de winter,2030-06-30,490384.0,2026-07-12T07:40:10,2025-08-13,,https://img.a.transfermarkt.technology/portrait/medium/490384-1730126791.jpg?lm=1
Luka Modrić,Milan,MF,39.0,2811,0.06,0.1,0.64,0.26,3.558,1.122,0.865,0.737,1.058,0.0,,luka modric,,,,,,
Matteo Gabbia,Milan,DF,25.0,2530,0.0,0.0,0.68,0.11,0.036,0.463,0.498,0.89,0.214,0.0,,matteo gabbia,2029-06-30,323167.0,2026-07-12T07:40:10,2017-07-01,,https://img.a.transfermarkt.technology/portrait/medium/323167-1661351918.jpg?lm=1
Mike Maignan,Milan,GK,30.0,3295,0.0,0.0,0.0,0.0,0.0,0.0,0.0,0.0,0.0,0.0,,mike maignan,2031-06-30,182906.0,2026-07-12T07:40:10,2021-07-01,,https://img.a.transfermarkt.technology/portrait/medium/182906-1681459155.jpg?lm=1
Niclas Füllkrug,Milan,FW,32.0,659,0.14,0.0,2.19,0.68,0.137,0.411,0.274,1.096,1.096,1.918,,niclas fullkrug,,,,,,
Pervis Estupiñán,Milan,MF,27.0,1034,0.09,0.09,0.78,0.09,1.739,0.957,0.783,1.478,0.696,0.435,,pervis estupinan,2030-06-30,349599.0,2026-07-12T07:40:10,2025-07-24,,https://img.a.transfermarkt.technology/portrait/medium/349599-1668498118.jpg?lm=1
Pietro Terracciano,Milan,GK,35.0,125,0.0,0.0,0.0,0.0,0.0,0.0,0.0,0.0,0.0,0.0,,pietro terracciano,2027-06-30,96254.0,2026-07-12T07:40:10,2025-07-18,,https://img.a.transfermarkt.technology/portrait/medium/96254-1753403934.jpg?lm=1
Rafael Leão,Milan,FW,26.0,1851,0.34,0.15,3.06,1.17,1.214,0.243,0.146,0.922,1.65,0.437,,rafael leao,2028-06-30,357164.0,2026-07-12T07:40:10,2019-08-01,,https://img.a.transfermarkt.technology/portrait/medium/357164-1730126553.jpg?lm=1
Ruben Loftus-Cheek,Milan,"MF,FW",29.0,1133,0.24,0.08,2.3,0.48,0.794,0.397,0.635,1.825,1.508,0.079,,ruben loftus-cheek,2027-06-30,202886.0,2026-07-12T07:40:10,2023-07-01,,https://img.a.transfermarkt.technology/portrait/medium/202886-1692879593.jpg?lm=1
Samuel Chukwueze,Milan,"FW,MF",26.0,26,0.0,0.0,0.0,0.0,10.0,0.0,0.0,0.0,10.0,0.0,,samuel chukwueze,2028-06-30,401922.0,2026-07-12T07:40:10,2023-07-27,,https://img.a.transfermarkt.technology/portrait/medium/401922-1767008430.jpg?lm=1
Samuele Ricci,Milan,MF,23.0,1312,0.07,0.27,1.23,0.41,1.918,0.616,0.616,1.164,2.26,0.068,,samuele ricci,2029-06-30,467992.0,2026-07-12T07:40:10,2025-07-03,,https://img.a.transfermarkt.technology/portrait/medium/467992-1730125512.jpg?lm=1
Santiago Giménez,Milan,FW,24.0,892,0.0,0.1,2.72,0.91,0.101,0.101,0.505,1.01,1.515,0.707,,santiago gimenez,2029-06-30,552955.0,2026-07-12T07:40:10,2025-02-03,,https://img.a.transfermarkt.technology/portrait/medium/552955-1739903736.jpg?lm=1
Strahinja Pavlović,Milan,DF,24.0,2869,0.16,0.03,0.82,0.19,0.47,0.627,0.815,0.94,0.846,0.125,,strahinja pavlovic,2028-06-30,574671.0,2026-07-12T07:40:10,2024-07-31,,https://img.a.transfermarkt.technology/portrait/medium/574671-1757664768.jpg?lm=1
Youssouf Fofana,Milan,MF,26.0,2203,0.08,0.12,1.84,0.74,0.408,0.776,0.776,0.857,0.653,0.0,,youssouf fofana,2028-06-30,569598.0,2026-07-12T07:40:10,2024-08-17,,https://img.a.transfermarkt.technology/portrait/medium/569598-1725528517.jpg?lm=1
Yunus Musah,Milan,MF,22.0,90,0.0,0.0,0.0,0.0,1.0,0.0,1.0,2.0,2.0,1.0,,yunus musah,2028-06-30,503991.0,2026-07-12T07:40:10,2023-08-04,,https://img.a.transfermarkt.technology/portrait/medium/503991-1684913655.jpg?lm=1
Zachary Athekame,Milan,"MF,DF",20.0,833,0.22,0.22,1.4,0.43,4.946,0.43,0.86,1.72,1.29,0.215,,zachary athekame,2030-06-30,990637.0,2026-07-12T07:40:10,2025-08-15,,https://img.a.transfermarkt.technology/portrait/medium/990637-1733948149.jpg?lm=1
Álex Jiménez,Milan,DF,20.0,45,0.0,0.0,0.0,0.0,2.0,0.0,0.0,0.0,2.0,0.0,,alex jimenez,,,,,,
Alessandro Buongiorno,Napoli,DF,26.0,2521,0.0,0.04,0.29,0.11,0.214,1.429,0.786,1.786,0.929,0.036,,alessandro buongiorno,2029-06-30,386446.0,2026-07-12T07:40:18,2024-07-13,,https://img.a.transfermarkt.technology/portrait/medium/386446-1663596475.jpg?lm=1
Alex Meret,Napoli,GK,28.0,979,0.0,0.0,0.0,0.0,0.0,0.0,0.0,0.0,0.0,0.0,,alex meret,2027-06-30,240414.0,2026-07-12T07:40:18,2019-07-01,,https://img.a.transfermarkt.technology/portrait/medium/240414-1695025886.jpg?lm=1
Alisson Santos,Napoli,"MF,FW",22.0,834,0.43,0.0,3.13,1.73,4.516,0.215,0.86,0.43,0.86,0.108,,alisson santos,2030-06-30,830365.0,2026-07-12T07:40:18,2026-07-01,NEW,https://img.a.transfermarkt.technology/portrait/medium/830365-1765306584.jpg?lm=1
Amir Rrahmani,Napoli,DF,31.0,1795,0.1,0.05,0.75,0.2,0.05,1.106,0.603,1.005,0.804,0.101,,amir rrahmani,2027-06-30,257732.0,2026-07-12T07:40:18,2020-01-20,,https://img.a.transfermarkt.technology/portrait/medium/257732-1663579350.jpg?lm=1
Andre-Frank Zambo Anguissa,Napoli,MF,29.0,1258,0.29,0.07,1.65,0.64,1.071,0.929,1.0,1.286,1.286,0.0,,andre-frank zambo anguissa,,,,,,
Antonio Vergara,Napoli,MF,22.0,612,0.15,0.29,1.47,0.44,1.618,0.588,1.324,2.5,2.941,0.294,,antonio vergara,2030-06-30,703245.0,2026-07-12T07:40:18,2022-07-01,,https://img.a.transfermarkt.technology/portrait/medium/703245-1757662637.jpg?lm=1
Billy Gilmour,Napoli,MF,24.0,805,0.11,0.0,1.12,0.34,0.674,1.236,0.899,1.011,0.787,0.0,,billy gilmour,2029-06-30,423744.0,2026-07-12T07:40:18,2024-08-30,,https://img.a.transfermarkt.technology/portrait/medium/423744-1701544195.jpg?lm=1
David Neres,Napoli,"FW,MF",28.0,922,0.29,0.29,1.66,0.39,5.196,0.098,0.49,1.863,0.686,0.0,,david neres,2028-06-30,469822.0,2026-07-12T07:40:18,2024-08-21,,https://img.a.transfermarkt.technology/portrait/medium/469822-1701334470.jpg?lm=1
Elif Elmas,Napoli,"MF,FW",25.0,1783,0.05,0.15,1.36,0.45,2.071,0.354,0.657,0.909,0.657,0.101,,elif elmas,,,,,,
Giovane,Napoli,"MF,FW",21.0,338,0.0,0.27,2.4,0.53,2.895,0.263,0.0,0.789,2.368,1.842,,giovane,2030-06-30,1005165.0,2026-07-12T07:40:18,2026-01-24,,https://img.a.transfermarkt.technology/portrait/medium/1005165-1757603428.jpg?lm=1
Giovanni Di Lorenzo,Napoli,"DF,MF",31.0,2276,0.08,0.04,0.99,0.36,1.502,0.356,1.028,1.304,0.909,0.04,,giovanni di lorenzo,2028-06-30,169880.0,2026-07-12T07:40:18,2019-07-01,,https://img.a.transfermarkt.technology/portrait/medium/169880-1730126691.jpg?lm=1
Giuseppe Ambrosino,Napoli,FW,21.0,38,0.0,0.0,0.0,0.0,0.0,0.0,0.0,2.5,2.5,0.0,,giuseppe ambrosino,2030-06-30,707295.0,2026-07-12T07:40:18,2022-07-01,,https://img.a.transfermarkt.technology/portrait/medium/707295-1757604449.jpg?lm=1
Juan Jesus,Napoli,DF,34.0,1675,0.0,0.0,0.16,0.0,0.054,1.398,1.183,2.097,0.108,0.0,,juan jesus,,,,,,
Kevin De Bruyne,Napoli,MF,34.0,1165,0.15,0.15,2.09,0.85,4.496,0.388,0.62,0.62,0.465,0.31,,kevin de bruyne,2027-06-30,88755.0,2026-07-12T07:40:18,2025-07-01,,https://img.a.transfermarkt.technology/portrait/medium/88755-1713391485.jpg?lm=1
Leonardo Spinazzola,Napoli,"MF,DF",32.0,1901,0.14,0.14,0.99,0.33,3.46,0.19,0.474,0.427,0.474,0.095,,leonardo spinazzola,2028-06-30,118689.0,2026-07-12T07:40:18,2024-07-10,,https://img.a.transfermarkt.technology/portrait/medium/118689-1663580982.jpg?lm=1
Lorenzo Lucca,Napoli,FW,24.0,408,0.22,0.0,3.31,1.1,0.0,0.0,0.0,3.778,2.667,0.889,,lorenzo lucca,2030-06-30,572265.0,2026-07-12T07:40:18,2026-01-22,,https://img.a.transfermarkt.technology/portrait/medium/572265-1725531439.jpg?lm=1
Luca Marianucci,Napoli,DF,21.0,119,0.0,0.76,0.76,0.0,1.538,0.769,1.538,1.538,0.0,0.0,,luca marianucci,2030-06-30,814446.0,2026-07-12T07:40:18,2025-07-01,,https://img.a.transfermarkt.technology/portrait/medium/814446-1721740329.jpg?lm=1
Mathías Olivera,Napoli,"DF,MF",27.0,1370,0.0,0.0,0.53,0.2,0.395,1.053,1.447,1.118,0.658,0.0,,mathias olivera,2030-06-30,376514.0,2026-07-12T07:40:18,2022-07-01,,https://img.a.transfermarkt.technology/portrait/medium/376514-1681910576.jpg?lm=1
Matteo Politano,Napoli,"MF,FW",31.0,2200,0.08,0.2,2.0,0.53,7.09,0.205,0.41,0.779,1.148,0.0,,matteo politano,2028-06-30,165895.0,2026-07-12T07:40:18,2021-07-01,,https://img.a.transfermarkt.technology/portrait/medium/165895-1692963030.jpg?lm=1
Miguel Gutiérrez,Napoli,"MF,DF",24.0,1488,0.06,0.06,0.91,0.3,2.909,0.424,1.333,1.152,1.697,0.061,,miguel gutierrez,2030-06-30,525299.0,2026-07-12T07:40:18,2025-08-19,,https://img.a.transfermarkt.technology/portrait/medium/525299-1755681125.jpg?lm=1
Nikita Contini Baranovsky,Napoli,GK,29.0,11,0.0,0.0,0.0,0.0,0.0,0.0,0.0,0.0,0.0,0.0,,nikita contini baranovsky,,,,,,
Noa Lang,Napoli,"FW,MF",26.0,666,0.14,0.27,1.22,0.54,5.946,0.27,1.081,0.676,1.486,0.27,,noa lang,2030-06-30,339332.0,2026-07-12T07:40:18,2025-07-17,,https://img.a.transfermarkt.technology/portrait/medium/339332-1742501723.jpg?lm=1
Pasquale Mazzocchi,Napoli,MF,30.0,310,0.0,0.29,0.58,0.29,4.412,1.176,0.294,0.294,0.0,0.294,,pasquale mazzocchi,2027-06-30,250153.0,2026-07-12T07:40:18,2024-01-05,,https://img.a.transfermarkt.technology/portrait/medium/250153-1725529479.jpg?lm=1
Rasmus Højlund,Napoli,FW,22.0,2750,0.36,0.16,1.96,0.82,0.098,0.0,0.033,1.209,1.732,0.654,,rasmus hojlund,2030-06-30,610442.0,2026-07-12T07:40:18,2026-07-01,NEW,https://img.a.transfermarkt.technology/portrait/medium/610442-1757931324.jpg?lm=1
Romelu Lukaku,Napoli,FW,32.0,44,2.05,0.0,4.09,2.05,0.0,0.0,0.0,4.0,0.0,0.0,,romelu lukaku,2027-06-30,96341.0,2026-07-12T07:40:18,2024-08-29,,https://img.a.transfermarkt.technology/portrait/medium/96341-1661780981.jpg?lm=1
Sam Beukema,Napoli,DF,26.0,1681,0.11,0.0,0.43,0.21,0.321,0.749,0.909,1.016,0.267,0.053,,sam beukema,2030-06-30,433984.0,2026-07-12T07:40:18,2025-07-20,,https://img.a.transfermarkt.technology/portrait/medium/433984-1696837343.jpg?lm=1
Scott McTominay,Napoli,MF,28.0,2791,0.32,0.1,3.26,1.1,0.323,0.742,0.419,0.774,2.355,0.161,,scott mctominay,2028-06-30,315969.0,2026-07-12T07:40:18,2024-08-30,,https://img.a.transfermarkt.technology/portrait/medium/315969-1780932470.jpg?lm=1
Stanislav Lobotka,Napoli,MF,30.0,2431,0.04,0.04,0.3,0.15,0.185,0.593,0.593,0.481,1.667,0.0,,stanislav lobotka,2027-06-30,192735.0,2026-07-12T07:40:18,2020-01-15,,https://img.a.transfermarkt.technology/portrait/medium/192735-1661509021.jpg?lm=1
Vanja Milinković-Savić,Napoli,GK,28.0,2430,0.0,0.0,0.0,0.0,0.0,0.0,0.0,0.0,0.0,0.0,,vanja milinkovic-savic,2030-06-30,257474.0,2026-07-12T07:40:18,2026-07-01,NEW,https://img.a.transfermarkt.technology/portrait/medium/257474-1730125139.jpg?lm=1
Abdoulaye Ndiaye,Parma,DF,23.0,780,0.0,0.0,0.69,0.0,0.0,1.264,1.149,1.494,1.379,0.0,,abdoulaye ndiaye,2029-06-30,673514.0,2026-07-12T07:40:22,2025-08-04,,https://img.a.transfermarkt.technology/portrait/medium/673514-1767803264.jpg?lm=1
Adrian Benedyczak,Parma,FW,24.0,490,0.0,0.18,1.47,0.55,1.852,0.185,1.111,1.667,1.111,0.185,,adrian benedyczak,2028-06-30,454386.0,2026-07-12T07:40:22,2021-07-01,,https://img.a.transfermarkt.technology/portrait/medium/454386-1686128177.jpg?lm=1
Adrian Bernabe,Parma,MF,24.0,2470,0.11,0.04,1.82,0.44,2.956,0.62,0.839,0.547,2.226,0.036,,adrian bernabe,2027-06-30,466802.0,2026-07-12T07:40:22,2021-07-07,,https://img.a.transfermarkt.technology/portrait/medium/466802-1714503707.jpg?lm=1
Alessandro Cardinali,Parma,FW,19.0,45,0.0,0.0,0.0,0.0,2.0,0.0,0.0,0.0,0.0,0.0,,alessandro cardinali,,,,,,
Alessandro Circati,Parma,DF,21.0,2664,0.03,0.0,0.27,0.03,0.169,0.912,0.845,1.014,0.608,0.0,,alessandro circati,2029-06-30,867137.0,2026-07-12T07:40:22,2022-07-01,,https://img.a.transfermarkt.technology/portrait/medium/867137-1780322535.jpg?lm=1
Ben Cremaschi,Parma,MF,20.0,132,0.0,0.0,0.68,0.0,4.0,0.0,0.667,1.333,0.0,0.0,,ben cremaschi,,,,,,
Christian Ordoñez,Parma,MF,21.0,1091,0.08,0.0,0.82,0.16,0.992,0.744,1.074,1.322,0.909,0.0,,christian ordonez,2030-06-30,1043646.0,2026-07-12T07:40:22,2025-07-01,,https://img.a.transfermarkt.technology/portrait/medium/1043646-1751354832.jpg?lm=1
Daniel Mikołajewski,Parma,FW,19.0,70,0.0,0.0,1.29,0.0,1.25,0.0,0.0,2.5,2.5,2.5,,daniel mikolajewski,2030-06-30,991459,2026-07-12T07:40:22,2026-07-01,NEW,https://img.a.transfermarkt.technology/portrait/medium/991459-1685532176.png?lm=1
Edoardo Corvi,Parma,GK,24.0,1530,0.0,0.0,0.0,0.0,0.0,0.0,0.0,0.0,0.0,0.0,,edoardo corvi,2029-06-30,528181.0,2026-07-12T07:40:22,2020-07-01,,https://img.a.transfermarkt.technology/portrait/medium/528181-1712347686.jpg?lm=1
Emanuele Valeri,Parma,"MF,DF",26.0,2643,0.0,0.07,0.78,0.17,7.959,0.68,1.088,0.782,0.884,0.102,,emanuele valeri,2028-06-30,445126.0,2026-07-12T07:40:22,2024-07-01,,https://img.a.transfermarkt.technology/portrait/medium/445126-1663684061.jpg?lm=1
Enrico Delprato,Parma,"DF,MF",25.0,2951,0.06,0.0,0.55,0.27,0.579,0.732,0.64,0.488,0.305,0.183,,enrico delprato,2027-06-30,392956.0,2026-07-12T07:40:22,2022-07-01,,https://img.a.transfermarkt.technology/portrait/medium/392956-1730185180.jpg?lm=1
Filippo Rinaldi,Parma,GK,22.0,90,0.0,0.0,0.0,0.0,0.0,0.0,0.0,0.0,0.0,0.0,,filippo rinaldi,2029-06-30,604207.0,2026-07-12T07:40:22,2020-10-01,,https://img.a.transfermarkt.technology/portrait/medium/604207-1758687826.jpg?lm=1
Franco Carboni,Parma,MF,22.0,114,0.0,0.0,0.0,0.0,2.308,1.538,0.769,2.308,0.0,0.0,,franco carboni,2030-06-30,731491.0,2026-07-12T07:40:22,2026-07-02,NEW,https://img.a.transfermarkt.technology/portrait/medium/731491-1675245800.jpg?lm=1
Gabriel Strefezza,Parma,FW,28.0,1007,0.18,0.18,2.14,0.63,3.661,0.446,1.071,1.875,2.5,0.179,,gabriel strefezza,,,,,,
Gaetano Oristanio,Parma,"FW,MF",22.0,859,0.1,0.0,2.51,0.42,1.684,0.211,0.632,1.368,2.105,0.421,,gaetano oristanio,,,,,,
Hans Nicolussi Caviglia,Parma,MF,25.0,869,0.0,0.31,1.66,0.21,2.371,0.309,0.825,0.825,0.928,0.0,,hans nicolussi caviglia,2030-06-30,430280.0,2026-07-12T07:40:22,2026-07-01,NEW,https://img.a.transfermarkt.technology/portrait/medium/430280-1743004805.jpg?lm=1
Hernani,Parma,MF,31.0,73,0.0,0.0,1.23,0.0,2.5,1.25,0.0,2.5,3.75,1.25,,hernani,,,,,,
Jacob Ondrejka,Parma,"FW,MF",22.0,773,0.0,0.0,2.45,0.82,1.395,0.233,0.233,0.93,1.628,0.116,,jacob ondrejka,2029-06-30,663237.0,2026-07-12T07:40:22,2025-01-23,,https://img.a.transfermarkt.technology/portrait/medium/663237-1751532865.jpg?lm=1
Lautaro Valenti,Parma,DF,26.0,2252,0.0,0.0,0.68,0.16,0.8,1.04,1.2,1.0,0.68,0.0,,lautaro valenti,2027-06-30,625202.0,2026-07-12T07:40:22,2021-07-01,,https://img.a.transfermarkt.technology/portrait/medium/625202-1725530168.jpg?lm=1
Mandela Keita,Parma,MF,23.0,2979,0.03,0.03,0.48,0.15,0.06,1.299,1.45,0.906,1.722,0.0,,mandela keita,2029-06-30,707844.0,2026-07-12T07:40:22,2024-08-30,,https://img.a.transfermarkt.technology/portrait/medium/707844-1706174326.jpg?lm=1
Mariano Troilo,Parma,DF,22.0,1625,0.06,0.0,0.5,0.11,0.055,0.884,0.994,1.492,1.105,0.055,,mariano troilo,2030-06-30,1159864.0,2026-07-12T07:40:22,2025-08-21,,https://img.a.transfermarkt.technology/portrait/medium/1159864-1755605683.jpg?lm=1
Mateo Pellegrino,Parma,FW,24.0,2984,0.24,0.03,2.2,0.66,0.361,0.12,0.301,2.62,2.139,0.361,,mateo pellegrino,2030-06-30,856530.0,2026-07-12T07:40:22,2025-02-03,,https://img.a.transfermarkt.technology/portrait/medium/856530-1751532694.jpg?lm=1
Mathias Løvik,Parma,MF,21.0,471,0.0,0.0,0.57,0.0,2.885,1.346,1.538,0.577,0.385,0.385,,mathias lovik,,,,,,
Milan Đurić,Parma,FW,35.0,74,0.0,0.0,6.08,0.0,0.0,0.0,0.0,2.5,1.25,0.0,,milan duric,,,,,,
Nahuel Estévez,Parma,MF,29.0,1049,0.0,0.09,0.77,0.09,3.675,0.427,0.855,0.94,1.111,0.0,,nahuel estevez,,,,,,
Nesta Elphege,Parma,FW,24.0,309,0.58,0.29,1.75,0.87,0.0,0.0,0.0,0.882,0.0,0.882,,nesta elphege,2030-06-30,862606.0,2026-07-12T07:40:22,2026-01-30,,https://img.a.transfermarkt.technology/portrait/medium/862606-1777961604.jpg?lm=1
Oliver Jensen,Parma,MF,23.0,1840,0.05,0.05,0.73,0.15,0.686,0.833,0.392,0.637,0.98,0.098,,oliver jensen,,,,,,
Patrick Cutrone,Parma,FW,27.0,888,0.1,0.0,2.53,0.71,1.212,0.303,0.101,0.707,1.616,0.808,,patrick cutrone,,,,,,
Pontus Almqvist,Parma,MF,26.0,457,0.0,0.2,0.98,0.39,1.373,1.176,1.176,1.176,2.745,0.196,,pontus almqvist,2027-06-30,300532.0,2026-07-12T07:40:22,2024-08-13,,https://img.a.transfermarkt.technology/portrait/medium/300532-1692964187.jpg?lm=1
Sascha Britschgi,Parma,"MF,DF",18.0,2095,0.0,0.09,0.56,0.13,2.06,0.343,0.773,0.773,0.987,0.0,,sascha britschgi,2030-06-30,932187.0,2026-07-12T07:40:22,2025-08-26,,https://img.a.transfermarkt.technology/portrait/medium/932187-1756106334.jpg?lm=1
Tjaš Begić,Parma,MF,22.0,1,0.0,0.0,0.0,0.0,,,,,,,,tjas begic,,,,,,
Zion Suzuki,Parma,GK,22.0,1800,0.0,0.0,0.0,0.0,0.0,0.0,0.0,0.0,0.0,0.0,,zion suzuki,2029-06-30,432298.0,2026-07-12T07:40:22,2024-07-15,,https://img.a.transfermarkt.technology/portrait/medium/432298-1780323348.jpg?lm=1
Adrian Šemper,Pisa,GK,27.0,2250,0.0,0.0,0.0,0.0,0.0,0.0,0.0,0.0,0.0,0.0,,adrian semper,,,,,,
Antonio Caracciolo,Pisa,DF,35.0,3073,0.06,0.0,0.73,0.18,0.088,1.672,1.29,1.202,0.323,0.059,,antonio caracciolo,,,,,,
Arturo Calabresi,Pisa,DF,29.0,1514,0.0,0.0,0.24,0.06,1.012,1.131,0.774,1.964,1.488,0.06,,arturo calabresi,,,,,,
Brando Bettazzi,Pisa,MF,17.0,14,0.0,0.0,0.0,0.0,0.0,0.0,5.0,5.0,5.0,0.0,,brando bettazzi,,,,,,
Calvin Stengs,Pisa,"FW,MF",26.0,46,0.0,0.0,3.91,1.96,6.0,0.0,0.0,0.0,4.0,0.0,,calvin stengs,,,,,,
Daniel Denoon,Pisa,DF,21.0,122,0.0,0.0,0.0,0.0,0.0,0.714,1.429,2.857,2.143,0.0,,daniel denoon,,,,,,
Ebenezer Akinsanmiro,Pisa,MF,20.0,1444,0.0,0.06,0.81,0.19,0.562,1.688,1.562,1.875,1.75,0.062,,ebenezer akinsanmiro,,,,,,
Felipe Loyola,Pisa,MF,24.0,538,0.17,0.0,1.51,0.17,0.667,1.0,1.167,1.333,0.333,0.0,,felipe loyola,,,,,,
Filip Stojilković,Pisa,"FW,MF",25.0,658,0.0,0.0,1.37,0.55,0.411,0.0,0.137,1.096,0.0,1.644,,filip stojilkovic,,,,,,
Francesco Coppola,Pisa,DF,20.0,458,0.0,0.0,0.39,0.0,0.392,0.98,0.98,1.373,1.569,0.0,,francesco coppola,,,,,,
Gabriele Piccinini,Pisa,MF,24.0,875,0.0,0.0,1.95,0.72,1.959,0.206,1.649,1.134,1.237,0.0,,gabriele piccinini,,,,,,
Giovanni Bonfanti,Pisa,"DF,MF",22.0,494,0.0,0.0,1.09,0.18,2.182,1.273,1.091,1.818,0.545,0.0,,giovanni bonfanti,,,,,,
Henrik Meister,Pisa,FW,21.0,1515,0.12,0.0,1.19,0.48,0.06,0.06,0.179,1.548,1.012,0.298,,henrik meister,,,,,,
Idrissa Touré,Pisa,MF,27.0,2279,0.04,0.0,1.15,0.32,2.648,0.988,1.107,0.909,0.751,0.198,,idrissa toure,,,,,,
Juan Cuadrado,Pisa,MF,37.0,506,0.0,0.0,1.78,0.36,8.036,0.893,1.786,1.607,2.857,0.0,,juan cuadrado,,,,,,
Lorran,Pisa,FW,19.0,122,0.74,0.0,2.21,0.74,3.571,2.143,2.143,0.0,2.143,0.0,,lorran,,,,,,
Louis Buffon,Pisa,FW,17.0,32,0.0,0.0,0.0,0.0,0.0,0.0,0.0,2.5,2.5,0.0,,louis buffon,,,,,,
M'Bala Nzola,Pisa,FW,28.0,1052,0.09,0.0,2.4,0.6,0.598,0.085,0.171,1.538,1.453,0.94,,m'bala nzola,,,,,,
Malthe Hojholt,Pisa,MF,24.0,850,0.0,0.0,0.42,0.21,0.426,0.957,0.851,1.383,0.532,0.0,,malthe hojholt,,,,,,
Marius Marin,Pisa,MF,26.0,1281,0.0,0.0,0.21,0.0,1.268,0.986,1.831,2.535,1.408,0.0,,marius marin,,,,,,
Mateus Lusuardi,Pisa,DF,21.0,198,0.0,0.0,1.82,0.0,0.455,0.0,0.909,1.818,0.0,0.0,,mateus lusuardi,,,,,,
Mattéo Tramoni,Pisa,"MF,FW",25.0,1600,0.06,0.11,1.58,0.51,3.82,0.843,1.18,0.899,0.843,0.112,,matteo tramoni,,,,,,
Mehdi Léris,Pisa,MF,27.0,1900,0.09,0.14,1.18,0.33,4.692,1.09,1.754,1.28,1.043,0.379,,mehdi leris,,,,,,
Michel Aebischer,Pisa,MF,28.0,2892,0.03,0.06,0.59,0.16,1.34,1.09,1.153,1.371,1.184,0.0,,michel aebischer,,,,,,
Nícolas Andrade,Pisa,GK,37.0,540,0.0,0.0,0.0,0.0,0.0,0.0,0.0,0.0,0.0,0.0,,nicolas andrade,,,,,,
Rafiu Durosinmi,Pisa,FW,22.0,432,0.21,0.21,1.87,1.04,0.0,0.208,0.0,3.125,0.417,0.625,,rafiu durosinmi,,,,,,
Raúl Albiol,Pisa,DF,39.0,500,0.0,0.18,0.18,0.0,0.179,1.25,0.714,1.071,0.357,0.0,,raul albiol,,,,,,
Rosen Bozhinov,Pisa,DF,20.0,610,0.0,0.0,0.44,0.15,0.441,1.765,0.735,1.765,0.147,0.294,,rosen bozhinov,,,,,,
Samuel Iling-Junior,Pisa,MF,21.0,110,0.0,0.0,0.0,0.0,4.167,0.0,1.667,0.833,0.0,0.0,,samuel iling-junior,,,,,,
Samuele Angori,Pisa,MF,21.0,2599,0.0,0.07,0.48,0.1,5.709,0.796,0.865,0.588,1.869,0.104,,samuele angori,,,,,,
Simone Canestrelli,Pisa,DF,24.0,3201,0.03,0.0,0.45,0.08,0.337,0.927,0.702,1.18,0.618,0.028,,simone canestrelli,,,,,,
Simone Scuffet,Pisa,GK,29.0,630,0.0,0.0,0.0,0.0,0.0,0.0,0.0,0.0,0.0,0.0,,simone scuffet,,,,,,
Stefano Moreo,Pisa,"FW,MF",32.0,2307,0.2,0.04,2.03,0.78,1.094,0.82,0.43,0.859,0.781,0.195,,stefano moreo,,,,,,
Tomás Esteves,Pisa,"DF,MF",23.0,14,0.0,0.0,0.0,0.0,0.0,0.0,0.0,0.0,0.0,0.0,,tomas esteves,,,,,,
İsak Vural,Pisa,MF,19.0,752,0.0,0.0,0.72,0.12,0.595,0.238,0.833,1.905,3.929,0.119,,isak vural,,,,,,
Alessandro Romano,Roma,MF,19.0,8,0.0,0.0,0.0,0.0,0.0,0.0,0.0,20.0,0.0,0.0,,alessandro romano,,,,,,
Angeliño,Roma,MF,28.0,416,0.0,0.0,1.08,0.43,3.913,0.652,1.522,1.087,0.435,0.0,,angelino,2028-06-30,277179.0,2026-07-12T07:40:32,2024-07-01,,https://img.a.transfermarkt.technology/portrait/medium/277179-1706626191.jpg?lm=1
Antonio Arena,Roma,FW,16.0,23,0.0,0.0,7.83,0.0,0.0,0.0,0.0,0.0,0.0,3.333,,antonio arena,,,,,,
Artem Dovbyk,Roma,FW,28.0,393,0.69,0.23,2.75,1.37,0.227,0.0,0.682,2.5,1.364,0.909,,artem dovbyk,2029-06-30,343537.0,2026-07-12T07:40:32,2024-08-02,,https://img.a.transfermarkt.technology/portrait/medium/343537-1719215184.jpg?lm=1
Bryan Cristante,Roma,MF,30.0,3094,0.06,0.03,1.28,0.23,0.552,0.814,1.25,1.831,0.262,0.0,,bryan cristante,2027-06-30,199248.0,2026-07-12T07:40:32,2019-07-01,,https://img.a.transfermarkt.technology/portrait/medium/199248-1724827920.jpg?lm=1
Bryan Zaragoza,Roma,MF,23.0,135,0.0,0.67,0.67,0.67,6.0,0.0,0.667,3.333,3.333,0.0,,bryan zaragoza,,,,,,
Daniele Ghilardi,Roma,DF,22.0,1097,0.0,0.0,0.25,0.0,0.246,1.803,1.23,1.885,1.393,0.0,,daniele ghilardi,2030-06-30,701819.0,2026-07-12T07:40:32,2026-07-01,NEW,https://img.a.transfermarkt.technology/portrait/medium/701819-1725530673.jpg?lm=1
Devyne Rensch,Roma,MF,22.0,1184,0.08,0.3,0.46,0.15,1.667,1.212,1.136,0.455,1.364,0.227,,devyne rensch,2029-06-30,557407.0,2026-07-12T07:40:32,2025-01-23,,https://img.a.transfermarkt.technology/portrait/medium/557407-1683881379.jpg?lm=1
Donyell Malen,Roma,FW,26.0,1467,0.67,0.12,4.29,1.9,0.368,0.184,0.184,0.736,1.043,0.859,,donyell malen,2030-06-30,326029.0,2026-07-12T07:40:32,2026-07-01,NEW,https://img.a.transfermarkt.technology/portrait/medium/326029-1711746104.jpg?lm=1
Evan Ferguson,Roma,FW,20.0,773,0.35,0.23,3.14,1.75,0.233,0.116,0.465,1.279,1.047,0.349,,evan ferguson,,,,,,
Gianluca Mancini,Roma,DF,29.0,3059,0.12,0.06,0.59,0.24,0.853,1.382,0.824,2.088,1.235,0.147,,gianluca mancini,2027-06-30,256448.0,2026-07-12T07:40:32,2020-09-01,,https://img.a.transfermarkt.technology/portrait/medium/256448-1663581060.jpg?lm=1
Jan Ziółkowski,Roma,DF,20.0,517,0.0,0.0,0.35,0.0,0.0,1.228,2.456,2.105,1.404,0.0,,jan ziolkowski,2030-06-30,1046867.0,2026-07-12T07:40:32,2025-08-29,,https://img.a.transfermarkt.technology/portrait/medium/1046867-1757603793.jpg?lm=1
Kostas Tsimikas,Roma,MF,29.0,644,0.0,0.0,0.98,0.0,5.972,1.111,0.694,1.25,1.111,0.139,,kostas tsimikas,,,,,,
Leon Bailey,Roma,FW,27.0,186,0.0,0.0,1.45,0.48,6.667,0.0,0.0,0.952,0.476,0.476,,leon bailey,,,,,,
Lorenzo Pellegrini,Roma,MF,29.0,1463,0.12,0.12,1.97,0.74,5.46,0.92,0.307,1.227,2.393,0.307,,lorenzo pellegrini,,,,,,
Lorenzo Venturino,Roma,MF,19.0,207,0.0,0.0,1.74,0.0,12.174,0.0,0.0,0.0,1.304,0.435,,lorenzo venturino,,,,,,
Manu Koné,Roma,MF,24.0,2456,0.07,0.11,0.77,0.18,0.037,0.733,0.989,1.722,1.941,0.073,,manu kone,2029-06-30,624690.0,2026-07-12T07:40:32,2024-08-30,,https://img.a.transfermarkt.technology/portrait/medium/624690-1757931309.jpg?lm=1
Mario Hermoso,Roma,DF,30.0,2085,0.13,0.09,0.86,0.26,0.431,1.293,0.862,1.724,0.819,0.0,,mario hermoso,2027-06-30,281769.0,2026-07-12T07:40:32,2024-09-02,,https://img.a.transfermarkt.technology/portrait/medium/281769-1666818938.jpg?lm=1
Matìas Soulé,Roma,"MF,FW",22.0,2139,0.25,0.21,2.19,0.76,2.941,0.378,0.63,0.294,1.723,0.252,,matias soule,2029-06-30,668951.0,2026-07-12T07:40:32,2024-07-30,,https://img.a.transfermarkt.technology/portrait/medium/668951-1725529266.jpg?lm=1
Mile Svilar,Roma,GK,25.0,3420,0.0,0.0,0.0,0.0,0.0,0.0,0.0,0.0,0.0,0.0,,mile svilar,2030-06-30,338670.0,2026-07-12T07:40:32,2022-07-01,,https://img.a.transfermarkt.technology/portrait/medium/338670-1725532174.jpg?lm=1
Neil El Aynaoui,Roma,MF,24.0,999,0.09,0.18,0.54,0.36,1.532,1.622,0.901,2.072,0.901,0.18,,neil el aynaoui,2030-06-30,901019.0,2026-07-12T07:40:32,2025-07-20,,https://img.a.transfermarkt.technology/portrait/medium/901019-1757603917.jpg?lm=1
Niccolò Pisilli,Roma,MF,20.0,1295,0.14,0.28,1.32,0.35,1.042,1.667,0.903,1.389,0.278,0.139,,niccolo pisilli,2029-06-30,813137.0,2026-07-12T07:40:32,2024-07-01,,https://img.a.transfermarkt.technology/portrait/medium/813137-1683527978.jpg?lm=1
Obite N'Dicka,Roma,DF,25.0,2680,0.1,0.0,0.77,0.2,0.067,1.51,0.537,1.074,1.174,0.0,,obite n'dicka,,,,,,
Paulo Dybala,Roma,"MF,FW",31.0,1354,0.13,0.4,2.86,1.2,6.533,0.333,0.4,0.733,2.667,0.2,,paulo dybala,,,,,,
Robinio Vaz,Roma,FW,18.0,216,0.42,0.0,2.08,0.83,1.25,0.833,0.0,0.833,5.0,1.25,,robinio vaz,2030-06-30,1131161.0,2026-07-12T07:40:32,2026-01-14,,https://img.a.transfermarkt.technology/portrait/medium/1131161-1761232363.jpg?lm=1
Stephan El Shaarawy,Roma,"MF,FW",32.0,666,0.14,0.27,2.43,0.95,2.162,0.811,0.946,1.351,0.946,0.135,,stephan el shaarawy,,,,,,
Tommaso Baldanzi,Roma,"FW,MF",22.0,386,0.23,0.0,2.56,0.93,2.093,0.698,0.233,1.86,4.186,0.465,,tommaso baldanzi,,,,,,
Wesley,Roma,MF,21.0,2448,0.18,0.0,0.92,0.48,3.493,0.846,1.471,1.324,2.096,0.074,,wesley,2030-06-30,964580.0,2026-07-12T07:40:32,2025-07-28,,https://img.a.transfermarkt.technology/portrait/medium/964580-1743167536.jpg?lm=1
Zeki Çelik,Roma,"MF,DF",28.0,2723,0.03,0.07,0.73,0.13,2.475,0.792,1.32,1.155,0.594,0.099,,zeki celik,,,,,,
Alieu Fadera,Sassuolo,FW,23.0,987,0.18,0.09,1.19,0.36,2.182,0.455,2.091,3.273,3.273,0.727,,alieu fadera,,,,,,
Andrea Ghion,Sassuolo,MF,25.0,10,0.0,0.0,0.0,0.0,10.0,0.0,10.0,0.0,0.0,0.0,,andrea ghion,2029-06-30,390163.0,2026-07-12T07:40:35,2019-07-01,,https://img.a.transfermarkt.technology/portrait/medium/390163-1753403691.jpg?lm=1
Andrea Pinamonti,Sassuolo,FW,26.0,2552,0.32,0.11,2.57,1.06,0.317,0.07,0.176,0.493,1.162,0.458,,andrea pinamonti,2027-06-30,315865.0,2026-07-12T07:40:35,2023-07-01,,https://img.a.transfermarkt.technology/portrait/medium/315865-1692883161.jpg?lm=1
Arijanet Muric,Sassuolo,GK,26.0,2880,0.0,0.0,0.0,0.0,0.0,0.0,0.0,0.0,0.0,0.0,,arijanet muric,2026-07-01,371021.0,2026-07-12T07:40:35,2026-07-01,NEW,https://img.a.transfermarkt.technology/portrait/medium/371021-1685718424.jpg?lm=1
Armand Lauriente,Sassuolo,FW,26.0,2592,0.24,0.31,2.47,0.9,3.785,0.243,0.521,1.458,1.632,0.625,,armand lauriente,2029-06-30,579930.0,2026-07-12T07:40:35,2022-08-31,,https://img.a.transfermarkt.technology/portrait/medium/579930-1753431935.jpg?lm=1
Aster Vranckx,Sassuolo,MF,22.0,690,0.0,0.0,0.39,0.13,0.649,0.0,1.169,2.078,2.208,0.13,,aster vranckx,,,,,,
Cas Odenthal,Sassuolo,DF,24.0,1,0.0,0.0,0.0,0.0,,,,,,,,cas odenthal,2027-06-30,406632.0,2026-07-12T07:40:35,2024-07-30,,https://img.a.transfermarkt.technology/portrait/medium/406632-1714813970.jpg?lm=1
Christian Frangella,Sassuolo,MF,18.0,3,0.0,0.0,0.0,0.0,,,,,,,,christian frangella,,,,,,
Cristian Volpato,Sassuolo,FW,21.0,1064,0.17,0.34,1.78,0.59,4.153,0.508,0.932,1.61,0.932,0.0,,cristian volpato,2028-06-30,746891.0,2026-07-12T07:40:35,2023-07-01,,https://img.a.transfermarkt.technology/portrait/medium/746891-1780931649.jpg?lm=1
Daniel Boloca,Sassuolo,MF,26.0,135,0.0,0.0,1.33,0.0,0.667,1.333,1.333,0.0,0.667,0.0,,daniel boloca,2028-06-30,441515.0,2026-07-12T07:40:35,2023-07-13,,https://img.a.transfermarkt.technology/portrait/medium/441515-1692881633.jpg?lm=1
Darryl Bakola,Sassuolo,MF,17.0,128,0.0,0.7,2.11,0.7,2.143,0.714,0.714,1.429,2.143,0.0,,darryl bakola,2030-06-30,1170286.0,2026-07-12T07:40:35,2026-02-02,,https://img.a.transfermarkt.technology/portrait/medium/1170286-1736792764.jpg?lm=1
Domenico Berardi,Sassuolo,FW,30.0,1958,0.28,0.18,1.84,0.97,2.661,1.101,0.78,1.422,1.56,0.55,,domenico berardi,2029-06-30,177843.0,2026-07-12T07:40:35,2015-07-01,,https://img.a.transfermarkt.technology/portrait/medium/177843-1692883147.jpg?lm=1
Edoardo Iannoni,Sassuolo,MF,24.0,260,0.35,0.0,1.04,0.35,0.69,1.034,1.034,3.793,0.0,0.345,,edoardo iannoni,2028-06-30,700053.0,2026-07-12T07:40:35,2024-08-23,,https://img.a.transfermarkt.technology/portrait/medium/700053-1757662739.jpg?lm=1
Fali Candé,Sassuolo,DF,27.0,509,0.0,0.0,0.53,0.0,0.702,0.351,1.579,1.579,1.053,0.0,,fali cande,2029-06-30,520530.0,2026-07-12T07:40:35,2025-08-10,,https://img.a.transfermarkt.technology/portrait/medium/520530-1697463489.png?lm=1
Filippo Romagna,Sassuolo,DF,28.0,313,0.0,0.0,0.58,0.0,0.286,1.429,0.286,0.0,0.286,0.0,,filippo romagna,,,,,,
Gioele Zacchi,Sassuolo,GK,22.0,8,0.0,0.0,0.0,0.0,0.0,0.0,0.0,0.0,0.0,0.0,,gioele zacchi,2023-07-01,659648.0,2026-07-12T07:40:35,2023-07-01,,https://img.a.transfermarkt.technology/portrait/medium/659648-1757676122.jpg?lm=1
Ismaël Koné,Sassuolo,MF,23.0,2737,0.2,0.0,0.76,0.33,0.164,0.395,0.592,0.822,1.776,0.0,,ismael kone,2030-06-30,921655.0,2026-07-12T07:40:35,2026-02-02,,https://img.a.transfermarkt.technology/portrait/medium/921655-1757604633.jpg?lm=1
Jay Idzes,Sassuolo,DF,25.0,3061,0.0,0.0,0.15,0.0,0.029,1.118,0.441,0.971,0.412,0.029,,jay idzes,2029-06-30,546926.0,2026-07-12T07:40:35,2025-08-09,,https://img.a.transfermarkt.technology/portrait/medium/546926-1781679094.jpg?lm=1
Josh Doig,Sassuolo,DF,23.0,1917,0.0,0.0,0.52,0.19,1.831,1.033,0.939,0.751,0.892,0.0,,josh doig,2028-06-30,567129.0,2026-07-12T07:40:35,2024-01-20,,https://img.a.transfermarkt.technology/portrait/medium/567129-1701544110.jpg?lm=1
Kristian Thorstvedt,Sassuolo,MF,26.0,2460,0.15,0.15,1.57,0.48,0.476,1.136,0.733,1.245,2.088,0.037,,kristian thorstvedt,2027-06-30,564785.0,2026-07-12T07:40:35,2022-07-12,,https://img.a.transfermarkt.technology/portrait/medium/564785-1692883043.jpg?lm=1
Laurs Skjellerup,Sassuolo,FW,22.0,10,0.0,0.0,9.0,0.0,0.0,0.0,0.0,0.0,0.0,0.0,,laurs skjellerup,2029-06-30,655207.0,2026-07-12T07:40:35,2025-01-20,,https://img.a.transfermarkt.technology/portrait/medium/655207-1723796786.png?lm=1
Luca Lipani,Sassuolo,MF,20.0,1034,0.0,0.09,1.04,0.26,0.435,1.304,1.478,2.435,0.696,0.087,,luca lipani,2028-06-30,724106.0,2026-07-12T07:40:35,2023-08-08,,https://img.a.transfermarkt.technology/portrait/medium/724106-1681206396.jpg?lm=1
Luca Moro,Sassuolo,FW,24.0,211,0.0,0.0,2.56,0.43,0.0,0.87,1.739,3.043,3.913,0.87,,luca moro,2027-06-30,600936.0,2026-07-12T07:40:35,2022-01-31,,https://img.a.transfermarkt.technology/portrait/medium/600936-1772549757.jpg?lm=1
M'Bala Nzola,Sassuolo,FW,28.0,473,0.19,0.19,2.09,0.76,0.0,0.189,0.377,2.075,1.698,0.755,,m'bala nzola,,,,,,
Nemanja Matić,Sassuolo,MF,36.0,2660,0.03,0.03,0.37,0.14,0.372,0.912,0.946,0.811,1.318,0.0,,nemanja matic,2027-06-30,74683.0,2026-07-12T07:40:35,2025-08-26,,https://img.a.transfermarkt.technology/portrait/medium/74683-1655212906.jpg?lm=1
Nicholas Pierini,Sassuolo,"FW,MF",26.0,142,0.0,0.0,3.17,1.27,5.625,1.25,2.5,0.625,1.875,0.0,,nicholas pierini,2027-06-30,372720.0,2026-07-12T07:40:35,2024-08-30,,https://img.a.transfermarkt.technology/portrait/medium/372720-1717659913.jpg?lm=1
Pedro Felipe,Sassuolo,DF,21.0,129,0.0,0.7,0.0,0.0,0.0,1.429,0.714,1.429,0.714,0.0,,pedro felipe,,,,,,
Sebastian Walukiewicz,Sassuolo,DF,25.0,2852,0.0,0.03,0.22,0.0,1.42,0.726,1.073,1.104,0.41,0.032,,sebastian walukiewicz,2026-07-01,345458.0,2026-07-12T07:40:35,2026-07-01,NEW,https://img.a.transfermarkt.technology/portrait/medium/345458-1716985042.jpg?lm=1
Stefano Turati,Sassuolo,GK,23.0,532,0.0,0.0,0.0,0.0,0.0,0.0,0.0,0.0,0.0,0.0,,stefano turati,2028-06-30,543666.0,2026-07-12T07:40:35,2019-10-01,,https://img.a.transfermarkt.technology/portrait/medium/543666-1686126590.jpg?lm=1
Tarik Muharemovic,Sassuolo,DF,22.0,2835,0.06,0.06,0.63,0.22,0.063,1.429,0.762,0.762,0.635,0.0,,tarik muharemovic,2031-06-30,679423.0,2026-07-12T07:40:35,2025-07-01,,https://img.a.transfermarkt.technology/portrait/medium/679423-1751529111.jpg?lm=1
Tommaso Macchioni,Sassuolo,DF,19.0,90,0.0,0.0,1.0,0.0,0.0,2.0,0.0,1.0,0.0,0.0,,tommaso macchioni,,,,,,
Ulisses Garcia,Sassuolo,DF,29.0,943,0.1,0.19,0.19,0.1,3.238,0.762,0.952,1.048,0.19,0.095,,ulisses garcia,,,,,,
Walid Cheddira,Sassuolo,FW,27.0,221,0.41,0.0,3.26,0.81,1.6,0.0,0.0,2.8,3.6,0.4,,walid cheddira,,,,,,
Woyo Coulibaly,Sassuolo,DF,26.0,1054,0.0,0.0,0.51,0.09,0.855,0.855,1.197,1.282,1.026,0.0,,woyo coulibaly,,,,,,
Adam Masina,Torino,DF,31.0,235,0.0,0.38,0.0,0.0,0.0,1.923,1.538,2.308,0.769,0.0,,adam masina,,,,,,
Adrien Tameze,Torino,DF,31.0,1120,0.0,0.0,0.4,0.0,1.129,1.532,0.968,1.29,0.565,0.0,,adrien tameze,,,,,,
Alberto Paleari,Torino,GK,32.0,2610,0.0,0.0,0.0,0.0,0.0,0.0,0.0,0.0,0.0,0.0,,alberto paleari,2027-06-30,163048.0,2026-07-12T07:40:44,2024-07-19,,https://img.a.transfermarkt.technology/portrait/medium/163048-1753444583.jpg?lm=1
Ali Dembélé,Torino,DF,21.0,21,0.0,0.0,4.29,0.0,0.0,0.0,0.0,0.0,0.0,0.0,,ali dembele,2028-06-30,1004344.0,2026-07-12T07:40:44,2023-07-01,,https://img.a.transfermarkt.technology/portrait/medium/1004344-1730184789.jpg?lm=1
Alieu Njie,Torino,"MF,FW",20.0,299,0.3,0.3,1.81,0.9,1.212,0.0,0.606,2.424,2.424,0.0,,alieu njie,2029-06-30,934527.0,2026-07-12T07:40:44,2024-07-01,,https://img.a.transfermarkt.technology/portrait/medium/934527-1739284093.jpg?lm=1
Ardian Ismajli,Torino,DF,28.0,1906,0.0,0.05,0.28,0.19,0.377,1.698,0.66,0.991,0.849,0.047,,ardian ismajli,2027-06-30,435228.0,2026-07-12T07:40:44,2025-07-08,,https://img.a.transfermarkt.technology/portrait/medium/435228-1663677962.jpg?lm=1
Cesare Casadei,Torino,MF,22.0,1997,0.27,0.0,1.58,0.77,0.18,0.405,0.721,2.342,0.721,0.09,,cesare casadei,2029-06-30,622380.0,2026-07-12T07:40:44,2025-02-02,,https://img.a.transfermarkt.technology/portrait/medium/622380-1692967622.jpg?lm=1
Ché Adams,Torino,FW,29.0,1893,0.29,0.1,2.52,0.86,0.667,0.048,0.429,0.857,0.714,0.429,,che adams,2027-06-30,346779.0,2026-07-12T07:40:44,2024-07-23,,https://img.a.transfermarkt.technology/portrait/medium/346779-1716381473.jpg?lm=1
Cristiano Biraghi,Torino,"MF,DF",32.0,517,0.0,0.0,0.35,0.0,7.895,0.526,1.228,1.579,1.053,0.0,,cristiano biraghi,2027-06-30,124555.0,2026-07-12T07:40:44,2025-07-01,,https://img.a.transfermarkt.technology/portrait/medium/124555-1724827712.jpg?lm=1
Cyril Ngonge,Torino,FW,25.0,994,0.09,0.09,2.17,1.09,1.727,0.182,0.364,1.818,1.636,0.545,,cyril ngonge,,,,,,
Duván Zapata,Torino,FW,34.0,1103,0.24,0.08,2.77,1.22,0.65,0.081,0.163,1.22,1.951,0.569,,duvan zapata,2028-06-30,73794.0,2026-07-12T07:40:44,2024-07-01,,https://img.a.transfermarkt.technology/portrait/medium/73794-1730126644.jpg?lm=1
Emirhan İlkhan,Torino,MF,21.0,1001,0.09,0.18,1.17,0.27,0.631,1.171,1.712,0.991,1.622,0.0,,emirhan ilkhan,2027-06-30,743091.0,2026-07-12T07:40:44,2022-08-08,,https://img.a.transfermarkt.technology/portrait/medium/743091-1757662852.jpg?lm=1
Enzo Ebosse,Torino,DF,26.0,1115,0.0,0.08,0.0,0.0,0.565,0.806,0.484,1.29,0.726,0.0,,enzo ebosse,,,,,,
Faustino Anjorin,Torino,MF,23.0,289,0.0,0.0,1.25,0.31,0.312,2.188,1.562,2.5,0.312,0.312,,faustino anjorin,,,,,,
Franco Israel,Torino,GK,25.0,810,0.0,0.0,0.0,0.0,0.0,0.0,0.0,0.0,0.0,0.0,,franco israel,2028-06-30,492319.0,2026-07-12T07:40:44,2025-07-27,,https://img.a.transfermarkt.technology/portrait/medium/492319-1753680657.jpg?lm=1
Giovanni Simeone,Torino,FW,30.0,2230,0.44,0.0,3.15,1.13,0.363,0.202,0.363,1.25,1.653,0.726,,giovanni simeone,2028-06-30,282388.0,2026-07-12T07:40:44,2026-07-01,NEW,https://img.a.transfermarkt.technology/portrait/medium/282388-1690294694.jpg?lm=1
Guillermo Maripán,Torino,DF,31.0,2145,0.08,0.0,0.76,0.34,0.126,1.134,1.176,1.134,0.294,0.084,,guillermo maripan,,,,,,
Gvidas Gineitis,Torino,MF,21.0,1756,0.0,0.05,1.38,0.26,3.282,1.179,1.436,2.205,1.641,0.051,,gvidas gineitis,2029-06-30,798929.0,2026-07-12T07:40:44,2023-01-02,,https://img.a.transfermarkt.technology/portrait/medium/798929-1730125690.jpg?lm=1
Ivan Ilić,Torino,MF,24.0,416,0.0,0.0,0.0,0.0,0.435,1.087,1.087,1.957,0.87,0.0,,ivan ilic,2027-06-30,470794.0,2026-07-12T07:40:44,2023-07-01,,https://img.a.transfermarkt.technology/portrait/medium/470794-1716239802.jpg?lm=1
Kristjan Asllani,Torino,MF,23.0,1129,0.0,0.0,1.59,0.32,4.16,0.96,1.12,0.56,1.12,0.0,,kristjan asllani,,,,,,
Luca Marianucci,Torino,DF,21.0,575,0.0,0.0,0.16,0.0,1.094,1.25,0.781,1.406,0.469,0.0,,luca marianucci,,,,,,
Marcus Pedersen,Torino,"MF,DF",25.0,2134,0.04,0.08,0.63,0.13,4.641,0.422,0.591,1.308,0.253,0.127,,marcus pedersen,2027-06-30,583404.0,2026-07-12T07:40:44,2025-07-01,,https://img.a.transfermarkt.technology/portrait/medium/583404-1695028079.jpg?lm=1
Matteo Prati,Torino,MF,21.0,614,0.0,0.15,1.76,0.0,0.294,0.735,0.441,1.765,1.029,0.0,,matteo prati,,,,,,
Niels Nkounkou,Torino,"MF,DF",24.0,355,0.0,0.25,1.01,0.25,5.128,2.051,2.821,1.026,0.769,0.0,,niels nkounkou,,,,,,
Nikola Vlašić,Torino,"MF,FW",27.0,3043,0.09,0.09,1.45,0.5,1.42,0.651,1.154,1.302,1.331,0.118,,nikola vlasic,2027-06-30,293200.0,2026-07-12T07:40:44,2023-08-08,,https://img.a.transfermarkt.technology/portrait/medium/293200-1695028630.jpg?lm=1
Rafel Obrador,Torino,MF,21.0,1116,0.08,0.24,0.56,0.16,4.677,0.968,0.645,0.565,0.403,0.081,,rafel obrador,,,,,,
Sandro Kulenović,Torino,FW,25.0,300,0.0,0.3,1.5,0.6,0.303,0.303,0.606,3.333,1.212,0.0,,sandro kulenovic,2029-06-30,357778.0,2026-07-12T07:40:44,2026-07-01,NEW,https://img.a.transfermarkt.technology/portrait/medium/357778-1770273801.jpg?lm=1
Saúl Coco,Torino,DF,26.0,3088,0.03,0.03,0.44,0.12,0.146,1.195,0.991,1.341,0.991,0.0,,saul coco,2029-06-30,588426.0,2026-07-12T07:40:44,2024-07-17,,https://img.a.transfermarkt.technology/portrait/medium/588426-1725531089.jpg?lm=1
Valentino Lazaro,Torino,MF,29.0,2252,0.0,0.08,0.32,0.08,5.4,0.88,1.0,1.48,0.36,0.04,,valentino lazaro,,,,,,
Zakaria Aboukhlal,Torino,MF,25.0,511,0.0,0.0,1.23,0.35,3.158,0.175,2.105,2.105,1.93,1.228,,zakaria aboukhlal,2029-06-30,393238.0,2026-07-12T07:40:44,2025-07-29,,https://img.a.transfermarkt.technology/portrait/medium/393238-1753798031.jpg?lm=1
Abdoulaye Camara,Udinese,MF,16.0,12,0.0,0.0,0.0,0.0,20.0,0.0,0.0,0.0,0.0,0.0,,abdoulaye camara,2029-06-30,1210116.0,2026-07-12T07:41:05,2025-07-16,,https://img.a.transfermarkt.technology/portrait/medium/1210116-1767803175.jpg?lm=1
Adam Buksa,Udinese,FW,29.0,922,0.29,0.0,1.17,0.59,0.098,0.294,0.784,2.353,1.471,0.294,,adam buksa,2029-06-30,267160.0,2026-07-12T07:41:05,2025-08-26,,https://img.a.transfermarkt.technology/portrait/medium/267160-1725875279.jpg?lm=1
Alessandro Zanoli,Udinese,MF,24.0,1280,0.07,0.14,0.21,0.07,2.817,0.493,1.268,1.127,0.352,0.07,,alessandro zanoli,2029-06-30,397225.0,2026-07-12T07:41:05,2026-07-01,NEW,https://img.a.transfermarkt.technology/portrait/medium/397225-1673603620.jpg?lm=1
Arthur Atta,Udinese,MF,22.0,2557,0.18,0.11,2.01,0.7,1.972,0.81,0.599,0.81,1.127,0.282,,arthur atta,2029-06-30,855308.0,2026-07-09T08:44:07,2025-07-01,,https://img.a.transfermarkt.technology/portrait/medium/855308-1752140643.jpg?lm=1
Branimir Mlacic,Udinese,DF,18.0,166,0.0,0.0,0.54,0.0,0.556,1.111,1.667,2.222,0.0,0.0,,branimir mlacic,2031-06-30,1300966.0,2026-07-12T07:41:05,2026-02-02,,https://img.a.transfermarkt.technology/portrait/medium/1300966-1767281419.jpg?lm=1
Christian Kabasele,Udinese,DF,34.0,2247,0.12,0.0,0.36,0.24,0.0,1.32,0.52,1.32,1.0,0.04,,christian kabasele,2027-06-30,81512.0,2026-07-12T07:41:05,2023-07-25,,https://img.a.transfermarkt.technology/portrait/medium/81512-1692277533.jpg?lm=1
Daniele Padelli,Udinese,GK,39.0,180,0.0,0.0,0.0,0.0,0.0,0.0,0.0,0.0,0.0,0.0,,daniele padelli,2027-06-30,27807.0,2026-07-12T07:41:05,2021-07-01,,https://img.a.transfermarkt.technology/portrait/medium/27807-1630653305.jpg?lm=1
Hassane Kamara,Udinese,"MF,DF",31.0,1861,0.0,0.1,0.77,0.24,3.913,1.208,0.966,0.773,0.531,0.0,,hassane kamara,2027-06-30,290017.0,2026-07-12T07:41:05,2022-08-22,,https://img.a.transfermarkt.technology/portrait/medium/290017-1730126484.jpg?lm=1
Idrissa Guèye,Udinese,FW,18.0,421,0.21,0.0,4.28,1.28,0.851,0.638,0.851,3.191,1.915,0.638,,idrissa gueye,2030-06-30,1178488.0,2026-07-12T07:41:05,2026-07-01,NEW,https://img.a.transfermarkt.technology/portrait/medium/1178488-1741265032.jpg?lm=1
Iker Bravo,Udinese,FW,20.0,206,0.44,0.0,1.75,0.44,1.739,0.0,0.435,1.304,0.435,0.0,,iker bravo,2028-06-30,741292.0,2026-07-12T07:41:05,2024-07-31,,https://img.a.transfermarkt.technology/portrait/medium/741292-1753444385.jpg?lm=1
Jakub Piotrowski,Udinese,MF,27.0,1696,0.05,0.05,1.91,0.48,1.33,0.798,1.33,1.543,1.543,0.106,,jakub piotrowski,2029-06-30,377243.0,2026-07-12T07:41:05,2025-08-02,,https://img.a.transfermarkt.technology/portrait/medium/377243-1753958125.jpg?lm=1
Jesper Karlström,Udinese,MF,30.0,3146,0.03,0.0,0.57,0.09,0.429,1.057,0.971,1.2,0.857,0.029,,jesper karlstrom,2028-06-30,222855.0,2026-07-12T07:41:05,2024-08-03,,https://img.a.transfermarkt.technology/portrait/medium/222855-1730184243.jpg?lm=1
Jordan Zemura,Udinese,"MF,DF",25.0,1127,0.0,0.08,0.4,0.08,2.8,0.48,1.36,2.08,0.88,0.16,,jordan zemura,2027-06-30,633530.0,2026-07-12T07:41:05,2023-07-01,,https://img.a.transfermarkt.technology/portrait/medium/633530-1730184134.jpg?lm=1
Juan Arizala,Udinese,MF,19.0,191,0.0,0.0,0.47,0.47,2.857,0.476,1.429,0.476,0.476,0.0,,juan arizala,2030-06-30,1118347.0,2026-07-12T07:41:05,2026-01-06,,https://img.a.transfermarkt.technology/portrait/medium/1118347-1777961114.jpg?lm=1
Jurgen Ekkelenkamp,Udinese,MF,25.0,2186,0.21,0.12,1.36,0.62,1.317,0.741,1.111,0.905,0.782,0.123,,jurgen ekkelenkamp,2029-06-30,361068.0,2026-07-12T07:41:05,2024-08-06,,https://img.a.transfermarkt.technology/portrait/medium/361068-1757604896.jpg?lm=1
Keinan Davis,Udinese,FW,27.0,2065,0.26,0.17,2.18,1.09,0.218,0.044,0.218,1.79,2.052,0.437,,keinan davis,2031-06-30,412660.0,2026-07-12T07:41:05,2023-09-01,RENEW,https://img.a.transfermarkt.technology/portrait/medium/412660-1707127382.jpg?lm=1
Kingsley Ehizibue,Udinese,"MF,DF",30.0,1811,0.1,0.0,0.45,0.1,1.592,0.647,1.542,1.692,1.194,0.1,,kingsley ehizibue,,,,,,
Lennon Miller,Udinese,MF,18.0,996,0.0,0.18,0.81,0.09,2.883,0.811,1.081,1.261,1.532,0.09,,lennon miller,2030-06-30,924857.0,2026-07-12T07:41:05,2025-08-12,,https://img.a.transfermarkt.technology/portrait/medium/924857-1701702197.jpg?lm=1
Maduka Okoye,Udinese,GK,25.0,2616,0.0,0.0,0.0,0.0,0.0,0.0,0.0,0.0,0.0,0.0,,maduka okoye,2028-06-30,340353.0,2026-07-12T07:41:05,2023-08-24,,https://img.a.transfermarkt.technology/portrait/medium/340353-1729542646.jpg?lm=1
Matteo Palma,Udinese,DF,17.0,120,0.0,0.0,0.0,0.0,0.769,2.308,0.0,2.308,0.0,0.0,,matteo palma,2028-06-30,1058354.0,2026-07-12T07:41:05,2024-07-01,,https://img.a.transfermarkt.technology/portrait/medium/1058354-1730184292.jpg?lm=1
Nicolò Bertola,Udinese,"DF,MF",22.0,1763,0.0,0.05,0.66,0.2,0.408,1.224,1.071,0.969,0.612,0.051,,nicolo bertola,2030-06-30,632831.0,2026-07-12T07:41:05,2025-07-01,,https://img.a.transfermarkt.technology/portrait/medium/632831-1734888290.jpg?lm=1
Nicolò Zaniolo,Udinese,"FW,MF",26.0,2257,0.2,0.24,2.87,0.88,4.781,0.159,0.837,2.43,2.43,0.239,,nicolo zaniolo,2029-06-30,392085.0,2026-07-12T07:41:05,2026-07-01,NEW,https://img.a.transfermarkt.technology/portrait/medium/392085-1713472570.jpg?lm=1
Oier Zarraga,Udinese,MF,26.0,475,0.0,0.0,0.76,0.19,2.264,1.321,1.132,1.509,0.943,0.0,,oier zarraga,2027-06-30,524010.0,2026-07-12T07:41:05,2023-07-01,,https://img.a.transfermarkt.technology/portrait/medium/524010-1692963352.jpg?lm=1
Oumar Solet,Udinese,DF,25.0,2959,0.06,0.03,1.0,0.18,0.608,1.429,1.733,0.912,0.881,0.061,,oumar solet,2027-06-30,463665.0,2026-07-12T07:41:05,2025-01-02,,https://img.a.transfermarkt.technology/portrait/medium/463665-1739281800.jpg?lm=1
Razvan Sava,Udinese,GK,23.0,620,0.0,0.0,0.0,0.0,0.0,0.0,0.0,0.0,0.0,0.0,,razvan sava,,,,,,
Rui Modesto,Udinese,MF,25.0,119,0.0,0.76,0.76,0.76,3.846,0.769,3.077,0.0,0.0,0.0,,rui modesto,2029-06-30,671799.0,2026-07-12T07:41:05,2024-08-30,,https://img.a.transfermarkt.technology/portrait/medium/671799-1718958112.jpg?lm=1
Saba Goglichidze,Udinese,DF,21.0,424,0.0,0.0,0.64,0.21,0.426,1.702,1.702,1.064,0.851,0.0,,saba goglichidze,2030-06-30,906160.0,2026-07-12T07:41:05,2025-08-05,,https://img.a.transfermarkt.technology/portrait/medium/906160-1732017345.jpg?lm=1
Sandi Lovrić,Udinese,MF,27.0,161,0.0,0.56,1.68,0.56,8.889,2.222,2.222,2.222,0.556,0.0,,sandi lovric,2027-06-30,268429.0,2026-07-12T07:41:05,2022-07-01,,https://img.a.transfermarkt.technology/portrait/medium/268429-1725531957.jpg?lm=1
Thomas Kristensen,Udinese,DF,23.0,2472,0.11,0.0,0.4,0.22,0.145,0.982,0.545,0.873,0.327,0.109,,thomas kristensen,2028-06-30,698259.0,2026-07-12T07:41:05,2023-09-01,,https://img.a.transfermarkt.technology/portrait/medium/698259-1696837568.jpg?lm=1
Vakoun Bayo,Udinese,FW,28.0,453,0.0,0.4,2.78,0.4,0.2,0.0,0.2,3.0,1.2,1.0,,vakoun bayo,2028-06-30,375877.0,2026-07-12T07:41:05,2024-08-29,,https://img.a.transfermarkt.technology/portrait/medium/375877-1757604280.jpg?lm=1
