sofascore_id,player,squad,norm_key,rating,appearances,matchesStarted,minutesPlayed,goals,expectedGoals,assists,expectedAssists,bigChancesCreated,bigChancesMissed,totalShots,shotsOnTarget,goalConversionPercentage,accuratePasses,totalPasses,accuratePassesPercentage,accurateLongBalls,totalLongBalls,accurateLongBallsPercentage,keyPasses,accurateFinalThirdPasses,accurateChippedPasses,totalChippedPasses,successfulDribbles,totalContest,successfulDribblesPercentage,totalCross,accurateCrosses,accurateCrossesPercentage,touches,possessionLost,possessionWonAttThird,ballRecovery,dispossessed,groundDuelsWon,groundDuelsWonPercentage,aerialDuelsWon,aerialLost,aerialDuelsWonPercentage,totalDuelsWon,totalDuelsWonPercentage,tackles,tacklesWon,tacklesWonPercentage,interceptions,clearances,blockedShots,outfielderBlocks,errorLeadToGoal,errorLeadToShot,dribbledPast,fouls,wasFouled,yellowCards,redCards,saves,savesCaught,savesParried,cleanSheet,goalsConceded,savedShotsFromInsideTheBox,savedShotsFromOutsideTheBox,goalsConcededInsideTheBox,goalsConcededOutsideTheBox,punches,runsOut,successfulRunsOut,highClaims,crossesNotClaimed,penaltyFaced,penaltySave
804508,Viktor Gyökeres,Arsenal,viktor gyokeres,6.6111111111111,36,26,2254,14,12.3978,1,1.93781326,4,13,55,22,25.454545454545,199,319,62.382445141066,1,3,33.333333333333,20,119,4,12,7,37,18.918918918919,8,3,37.5,652,270,20,55,25,44,32.116788321168,30,67,30.927835051546,74,31.623931623932,7,5,71.428571428571,1,19,14,3,0,1,8,35,31,5,0,0,0,0,4,14,0,0,11,3,0,0,0,0,0,0,0
934235,Bukayo Saka,Arsenal,bukayo saka,7.2354838709677,31,25,2225,7,7.5522,5,7.16070266,12,8,71,27,9.8591549295775,593,773,76.714100905563,14,39,35.897435897436,63,341,15,39,50,101,49.50495049505,122,40,32.786885245902,1382,407,27,117,32,145,52.727272727273,22,30,42.307692307692,167,51.070336391437,41,21,51.219512195122,16,11,24,1,0,1,16,33,54,2,0,0,0,0,8,16,0,0,11,5,0,0,0,0,0,0,0
794839,Gabriel Jesus,Arsenal,gabriel jesus,6.5928571428571,14,3,421,3,2.6899,0,0.27454109,0,6,19,12,15.789473684211,83,108,76.851851851852,0,2,0.0,3,40,4,7,8,16,50.0,0,0,0.0,214,67,3,19,11,13,30.952380952381,10,19,34.48275862069,23,32.394366197183,4,0,0.0,3,5,3,0,0,0,1,9,1,3,0,0,0,0,0,6,0,0,4,2,0,0,0,0,0,0,0
836705,Kai Havertz,Arsenal,kai havertz,6.725,12,7,583,2,3.3114,3,0.65939322,2,6,18,4,11.111111111111,123,166,74.096385542169,1,3,33.333333333333,11,63,4,6,3,6,50.0,6,0,0.0,270,85,3,14,8,19,45.238095238095,17,25,40.47619047619,36,42.857142857143,8,5,62.5,1,8,6,1,0,0,6,8,8,1,0,0,0,0,0,4,0,0,4,0,0,0,0,0,0,0,0
922573,Gabriel Martinelli,Arsenal,gabriel martinelli,6.6275862068966,30,11,1079,1,3.9913,4,1.26334949,4,7,29,13,3.448275862069,189,261,72.413793103448,4,15,26.666666666667,13,86,5,11,22,38,57.894736842105,37,9,24.324324324324,520,191,16,52,26,47,45.192307692308,8,18,30.769230769231,55,42.307692307692,12,8,66.666666666667,1,10,7,1,0,2,6,10,14,3,0,0,0,0,0,8,0,0,7,1,0,0,0,0,0,0,0
966547,Noni Madueke,Arsenal,noni madueke,6.848,26,16,1226,3,1.2228,1,2.82866454,7,2,26,10,11.538461538462,313,411,76.155717761557,11,20,55.0,22,171,8,16,29,61,47.540983606557,80,16,20.0,735,257,9,35,17,65,43.624161073826,10,12,45.454545454545,75,43.859649122807,21,10,47.619047619048,5,8,10,1,0,0,21,15,15,0,0,0,0,0,0,9,0,0,6,3,0,0,0,0,0,0,0
135666,Leandro Trossard,Arsenal,leandro trossard,6.9516129032258,31,21,2006,6,5.475,6,3.5623701,8,8,53,15,11.320754716981,583,757,77.014531043593,31,74,41.891891891892,36,281,39,82,25,56,44.642857142857,58,14,24.137931034483,1194,345,10,80,39,90,47.368421052632,6,13,31.578947368421,96,45.933014354067,27,17,62.962962962963,9,14,18,3,0,1,18,13,39,2,0,0,0,0,4,15,0,0,12,3,0,0,0,0,0,0,0
547410,Martin Ødegaard,Arsenal,martin odegaard,6.9916666666667,24,16,1370,1,1.2311,6,3.66602663,6,0,22,8,4.5454545454545,701,828,84.661835748792,38,74,51.351351351351,40,305,30,77,9,27,33.333333333333,22,6,27.272727272727,999,201,19,70,13,37,41.573033707865,3,5,37.5,40,41.237113402062,19,8,42.105263157895,7,6,5,0,0,1,12,9,9,0,0,0,0,0,3,13,0,0,10,3,0,0,0,0,0,0,0
856714,Declan Rice,Arsenal,declan rice,7.4583333333333,36,35,3099,4,3.1747,5,6.9557609,17,3,40,13,10.0,1865,2136,87.312734082397,88,183,48.087431693989,64,534,66,126,14,28,50.0,178,47,26.404494382022,2769,498,12,180,18,95,56.88622754491,50,24,67.567567567568,145,60.165975103734,70,35,50.0,37,78,13,12,1,0,14,26,11,3,0,0,0,0,13,25,0,0,19,6,0,0,0,0,0,0,0
864921,Eberechi Eze,Arsenal,eberechi eze,6.969696969697,33,22,1900,7,5.0541,2,2.65917195,4,2,63,20,11.111111111111,565,666,84.834834834835,16,38,42.105263157895,16,228,13,33,29,49,59.183673469388,12,2,16.666666666667,973,186,17,79,24,88,57.516339869281,10,25,28.571428571429,98,52.127659574468,19,14,73.684210526316,11,10,24,1,0,2,7,16,40,1,0,0,0,0,2,14,0,0,11,3,0,0,0,0,0,0,0
592010,Mikel Merino,Arsenal,mikel merino,6.8363636363636,22,10,1035,4,3.3803,3,1.45507573,4,5,22,8,18.181818181818,281,370,75.945945945946,8,23,34.782608695652,12,97,8,21,5,12,41.666666666667,4,0,0.0,556,136,8,57,17,51,50.49504950495,28,43,39.43661971831,79,45.93023255814,26,13,50.0,10,19,6,2,0,0,6,22,20,1,0,0,0,0,2,10,0,0,8,2,0,0,0,0,0,0,0
1917626,Max Dowman,Arsenal,max dowman,6.7666666666667,6,1,162,1,1.1825,0,0.31981857,0,0,6,1,16.666666666667,46,52,88.461538461538,1,1,100.0,4,26,0,1,6,17,35.294117647059,6,1,16.666666666667,115,36,1,13,7,15,39.473684210526,0,2,0.0,15,37.5,2,2,100.0,1,0,1,0,0,0,3,2,7,0,0,0,0,0,0,1,0,0,1,0,0,0,0,0,0,0,0
966837,Martín Zubimendi,Arsenal,martin zubimendi,7.0432432432432,38,34,3001,5,2.8516,1,2.2630964,1,2,27,9,18.518518518519,1684,1928,87.344398340249,53,113,46.902654867257,19,414,49,99,7,15,46.666666666667,12,3,25.0,2331,312,7,116,10,88,55.696202531646,65,33,66.326530612245,153,59.765625,68,38,55.882352941176,39,78,8,5,2,3,21,33,15,4,0,0,0,0,10,25,0,0,20,5,0,0,0,0,0,0,0
135256,Christian Nørgaard,Arsenal,christian norgaard,6.5833333333333,7,1,108,0,0.0823,0,0.03835556,0,0,2,1,0.0,51,61,83.606557377049,0,4,0.0,0,9,2,5,0,0,0.0,1,0,0.0,90,16,1,4,1,3,27.272727272727,2,3,40.0,5,31.25,3,2,66.666666666667,0,8,0,1,0,0,4,3,0,0,0,0,0,0,0,1,0,0,1,0,0,0,0,0,0,0,0
869792,Gabriel Magalhães,Arsenal,gabriel magalhaes,7.265625,32,30,2751,3,2.9272,4,1.81835229,5,4,27,7,11.111111111111,1528,1733,88.170802077323,78,175,44.571428571429,7,205,46,98,1,2,50.0,5,1,20.0,2158,234,2,64,4,72,69.902912621359,99,60,62.264150943396,171,65.267175572519,38,20,52.631578947368,23,182,10,34,1,2,7,21,34,4,0,0,0,0,17,20,0,0,15,5,0,0,0,0,0,0,0
941168,William Saliba,Arsenal,william saliba,7.0233333333333,31,30,2615,1,0.8575,0,1.42431941,1,2,5,1,20.0,1954,2104,92.87072243346,59,116,50.862068965517,10,258,26,53,7,10,70.0,9,4,44.444444444444,2412,184,2,113,9,58,58.585858585859,73,59,55.30303030303,131,56.709956709957,35,22,62.857142857143,17,133,1,7,0,2,7,22,16,2,0,0,0,0,15,20,0,0,15,5,0,0,0,0,0,0,0
1002837,Piero Hincapié,Arsenal,piero hincapie,6.9,25,20,1792,1,0.3566,2,1.63358341,2,0,3,2,33.333333333333,744,837,88.888888888889,22,65,33.846153846154,13,169,16,29,7,14,50.0,33,4,12.121212121212,1253,171,3,63,5,68,62.385321100917,32,31,50.793650793651,100,58.139534883721,48,27,56.25,26,88,1,9,0,0,14,18,14,2,0,0,0,0,4,19,0,0,15,4,0,0,0,0,0,0,0
958959,Jurriën Timber,Arsenal,jurrien timber,6.9133333333333,30,28,2457,3,4.7688,5,1.60875528,4,7,25,7,12.0,925,1085,85.253456221198,20,52,38.461538461538,27,344,18,42,13,33,39.393939393939,46,6,13.04347826087,1656,302,7,97,25,107,54.314720812183,40,20,66.666666666667,147,57.198443579767,66,37,56.060606060606,24,53,3,6,0,1,9,38,29,5,0,0,0,0,11,20,0,0,14,6,0,0,0,0,0,0,0
957602,Riccardo Calafiori,Arsenal,riccardo calafiori,6.872,26,22,1707,1,3.3382,2,0.75683385,0,3,32,8,3.125,647,756,85.582010582011,20,42,47.619047619048,9,194,12,20,16,24,66.666666666667,21,3,14.285714285714,1160,201,5,73,10,56,52.336448598131,48,29,62.337662337662,104,56.521739130435,32,19,59.375,15,50,10,5,0,1,8,26,10,5,0,0,0,0,4,8,0,0,6,2,0,0,0,0,0,0,0
1144630,Cristhian Mosquera,Arsenal,cristhian mosquera,6.8944444444444,20,9,1003,0,0.096,0,0.62860044,0,0,1,0,0.0,578,633,91.3112164297,11,27,40.740740740741,5,106,13,21,1,3,33.333333333333,3,1,33.333333333333,819,83,0,34,8,40,55.555555555556,20,28,41.666666666667,60,50.0,32,19,59.375,8,47,0,7,0,1,5,17,7,4,0,0,0,0,2,8,0,0,7,1,0,0,0,0,0,0,0
1423711,Myles Lewis-Skelly,Arsenal,myles lewis-skelly,6.6611111111111,20,5,722,0,0.107,0,0.20498921,0,0,2,0,0.0,350,382,91.623036649215,9,16,56.25,4,80,5,7,8,10,80.0,0,0,0.0,506,58,1,30,7,32,58.181818181818,6,11,35.294117647059,38,52.777777777778,8,5,62.5,5,11,1,1,0,1,4,10,16,3,0,0,0,0,2,8,0,0,8,0,0,0,0,0,0,0,0
846036,Ben White,Arsenal,ben white,6.8416666666667,12,9,713,0,0.4567,1,0.68201301,3,0,5,1,0.0,289,354,81.638418079096,10,31,32.258064516129,8,116,7,22,3,4,75.0,16,3,18.75,546,100,4,28,2,24,60.0,12,15,44.444444444444,36,53.731343283582,15,9,60.0,9,25,1,4,0,0,8,5,6,0,0,0,0,0,3,6,0,0,5,1,0,0,0,0,0,0,0
581310,David Raya,Arsenal,david raya,6.9,37,37,3330,0,,0,0.11611292,0,0,0,0,0.0,707,1091,64.802933088909,196,573,34.205933682373,3,85,52,84,1,1,100.0,0,0,0.0,1438,395,0,305,0,15,100.0,10,1,90.909090909091,25,96.153846153846,1,1,100.0,1,37,0,0,1,3,0,0,14,1,0,60,0,11,19,26,44,15,20,6,10,32,32,33,1,0,0
232422,Kepa Arrizabalaga,Arsenal,kepa arrizabalaga,7.0,1,1,90,0,,0,0.00049934,0,0,0,0,0.0,15,20,75.0,3,8,37.5,0,1,1,1,0,0,0.0,0,0,0.0,33,5,0,8,0,0,0.0,1,0,100.0,1,100.0,0,0,0.0,0,3,0,0,0,0,0,0,0,0,0,2,0,1,0,1,2,0,1,0,1,1,1,1,0,0,0
839956,Erling Haaland,Manchester City,erling haaland,7.3114285714286,35,34,2958,27,25.4326,8,2.85330581,9,30,126,59,21.428571428571,252,384,65.625,4,14,28.571428571429,25,107,5,13,17,32,53.125,3,1,33.333333333333,778,225,13,41,23,57,46.341463414634,73,45,61.864406779661,130,53.941908713693,15,9,60.0,5,42,24,1,0,0,6,24,25,2,0,0,0,0,9,32,0,0,25,7,0,0,0,0,0,0,0
873554,Omar Marmoush,Manchester City,omar marmoush,6.7368421052632,21,8,734,3,2.7134,3,0.79101474,3,2,30,9,10.0,141,162,87.037037037037,1,1,100.0,12,64,1,2,10,22,45.454545454545,11,0,0.0,322,75,5,20,15,43,51.807228915663,3,6,33.333333333333,46,50.0,13,7,53.846153846154,2,2,9,2,0,0,4,10,21,3,0,0,0,0,0,5,0,0,4,1,0,0,0,0,0,0,0
859765,Phil Foden,Manchester City,phil foden,7.0060606060606,33,23,2107,7,6.421,5,4.76802736,11,6,55,19,12.727272727273,1067,1210,88.181818181818,50,79,63.291139240506,55,373,53,81,25,47,53.191489361702,119,40,33.613445378151,1662,320,10,102,33,90,51.136363636364,6,18,25.0,96,48.0,34,16,47.058823529412,9,12,19,3,0,2,14,18,31,4,0,0,0,0,7,19,0,0,14,5,0,0,0,0,0,0,0
934354,Antoine Semenyo,Manchester City,antoine semenyo,7.0189189189189,37,37,3200,17,11.0931,4,3.1198385,8,7,83,41,20.481927710843,749,936,80.021367521368,26,52,50.0,39,341,13,18,59,133,44.360902255639,49,8,16.326530612245,1702,520,24,143,63,125,37.313432835821,59,61,49.166666666667,184,40.43956043956,45,32,71.111111111111,13,29,14,7,0,2,20,56,21,7,0,0,0,0,11,52,0,0,44,8,0,0,0,0,0,0,0
979128,Rayan Cherki,Manchester City,rayan cherki,7.2121212121212,33,19,1794,4,4.1322,12,8.65170311,19,2,55,13,7.2727272727273,1104,1277,86.452623335944,31,64,48.4375,61,480,46,84,51,106,48.11320754717,80,24,30.0,1758,374,16,91,34,111,47.033898305085,1,7,12.5,112,45.901639344262,26,18,69.230769230769,7,7,23,1,0,1,19,17,34,1,0,0,0,0,3,18,0,0,15,3,0,0,0,0,0,0,0
827606,Rodri,Manchester City,rodri,7.43,21,17,1513,1,1.1279,0,2.58753492,2,0,16,3,6.25,1458,1618,90.111248454883,90,131,68.702290076336,25,340,94,134,7,15,46.666666666667,6,1,16.666666666667,1869,203,10,107,11,79,62.204724409449,39,11,78.0,118,66.666666666667,41,22,53.658536585366,14,41,6,3,0,3,15,14,31,3,0,0,0,0,3,15,0,0,12,3,0,0,0,0,0,0,0
934386,Jérémy Doku,Manchester City,jeremy doku,7.39,30,19,1784,5,2.7456,5,6.1822587,13,4,39,15,12.820512820513,640,772,82.901554404145,14,22,63.636363636364,60,386,6,10,84,148,56.756756756757,59,16,27.118644067797,1319,378,20,88,49,167,53.525641025641,4,8,33.333333333333,171,52.777777777778,23,15,65.217391304348,13,2,15,0,0,0,10,23,61,0,0,0,0,0,2,18,0,0,15,3,0,0,0,0,0,0,0
331209,Bernardo Silva,Manchester City,bernardo silva,6.85,38,34,2890,2,2.5639,4,4.07883343,7,1,30,7,6.6666666666667,1989,2205,90.204081632653,69,120,57.5,47,630,79,125,21,49,42.857142857143,72,19,26.388888888889,2661,369,19,146,34,97,43.891402714932,4,21,16.0,101,41.056910569106,54,28,51.851851851852,22,34,13,6,0,3,27,37,22,10,0,0,0,0,6,30,0,0,23,7,0,0,0,0,0,0,0
1046795,Savinho,Manchester City,savinho,6.7521739130435,24,7,846,1,2.3254,1,1.62195759,0,6,20,11,5.0,309,373,82.8418230563,5,16,31.25,9,157,3,15,17,53,32.075471698113,40,7,17.5,598,171,4,39,9,41,42.268041237113,0,4,0.0,41,40.594059405941,9,5,55.555555555556,5,6,3,0,0,0,2,9,15,2,0,0,0,0,2,7,0,0,6,1,0,0,0,0,0,0,0
893549,Tijjani Reijnders,Manchester City,tijjani reijnders,6.8392857142857,28,19,1640,5,4.4517,2,2.33562381,4,5,49,16,10.204081632653,711,798,89.097744360902,13,26,50.0,18,275,15,32,20,46,43.478260869565,43,10,23.255813953488,1098,199,15,58,16,45,40.540540540541,3,5,37.5,48,40.336134453782,10,4,40.0,10,20,13,1,0,1,6,19,15,2,0,0,0,0,2,18,0,0,15,3,0,0,0,0,0,0,0
136710,Mateo Kovačić,Manchester City,mateo kovacic,6.8166666666667,6,1,134,0,0.1619,1,0.43609717,1,0,2,0,0.0,135,148,91.216216216216,3,6,50.0,4,44,3,6,2,3,66.666666666667,0,0,0.0,178,21,1,10,5,6,50.0,0,0,0.0,6,50.0,2,1,50.0,2,4,1,0,0,0,0,0,2,0,0,0,0,0,0,3,0,0,3,0,0,0,0,0,0,0,0
954056,Nico González,Manchester City,nico gonzalez,6.968,25,17,1575,1,0.697,0,1.11482604,1,0,14,2,7.1428571428571,1189,1316,90.349544072948,35,61,57.377049180328,11,299,28,48,12,17,70.588235294118,3,1,33.333333333333,1571,171,13,90,15,72,55.813953488372,33,28,54.098360655738,105,55.263157894737,42,30,71.428571428571,24,44,9,6,0,2,10,30,18,6,0,0,0,0,4,18,0,0,15,3,0,0,0,0,0,0,0
1194333,Abdukodir Khusanov,Manchester City,abdukodir khusanov,6.9428571428571,21,15,1429,0,0.6793,0,0.56822332,0,1,7,1,0.0,991,1080,91.759259259259,41,79,51.898734177215,6,130,22,41,7,9,77.777777777778,3,1,33.333333333333,1304,116,2,75,2,40,65.573770491803,15,15,50.0,55,60.43956043956,27,20,74.074074074074,33,56,0,9,0,1,3,14,6,2,0,0,0,0,5,13,0,0,12,1,0,0,0,0,0,0,0
964994,Joško Gvardiol,Manchester City,josko gvardiol,6.9944444444444,18,16,1374,2,2.3961,2,0.71457106,1,2,17,6,11.764705882353,936,1047,89.398280802292,38,78,48.717948717949,6,203,45,66,2,6,33.333333333333,2,1,50.0,1249,135,0,50,4,27,52.941176470588,29,24,54.716981132075,56,53.846153846154,18,13,72.222222222222,15,61,4,10,0,2,1,16,7,2,0,0,0,0,5,13,0,0,10,3,0,0,0,0,0,0,0
931278,Rayan Aït-Nouri,Manchester City,rayan ait-nouri,6.9,17,12,976,0,0.5946,2,2.02280583,2,1,10,2,0.0,533,590,90.338983050847,7,20,35.0,12,182,3,8,22,42,52.380952380952,22,6,27.272727272727,875,130,5,49,12,67,55.371900826446,14,9,60.869565217391,81,56.25,35,22,62.857142857143,13,18,2,1,0,1,6,17,10,2,0,0,0,0,4,8,0,0,5,3,0,0,0,0,0,0,0
318941,Rúben Dias,Manchester City,ruben dias,7.1769230769231,26,24,2149,2,0.5644,0,0.63787195,0,1,10,4,20.0,1629,1752,92.979452054795,53,102,51.960784313725,7,237,40,80,3,6,50.0,9,3,33.333333333333,2012,139,2,73,3,24,51.063829787234,58,31,65.168539325843,82,60.294117647059,13,6,46.153846153846,23,117,3,17,0,2,2,15,9,3,0,0,0,0,11,22,0,0,16,6,0,0,0,0,0,0,0
1142703,Nico O'Reilly,Manchester City,nico o'reilly,6.8705882352941,34,29,2648,5,6.0288,3,2.68562551,6,7,41,15,12.19512195122,1167,1354,86.189069423929,17,54,31.481481481481,23,326,14,33,24,59,40.677966101695,38,9,23.684210526316,2068,368,11,109,34,110,44.715447154472,51,46,52.577319587629,161,46.938775510204,68,36,52.941176470588,20,72,13,12,0,1,22,45,18,5,0,0,0,0,10,25,0,0,21,4,0,0,0,0,0,0,0
877994,Marc Guéhi,Manchester City,marc guehi,7.3,35,35,3150,3,4.1206,3,2.31957448,5,6,32,9,9.375,2070,2309,89.649198787354,77,188,40.957446808511,18,398,80,160,7,11,63.636363636364,17,3,17.647058823529,2808,300,5,138,18,91,61.486486486486,103,55,65.189873417722,194,63.398692810458,46,31,67.391304347826,50,164,8,23,2,0,11,25,38,6,0,0,0,0,14,35,0,0,28,7,0,0,0,0,0,0,0
152077,John Stones,Manchester City,john stones,6.575,9,5,449,0,,0,0.08763632,0,0,0,0,0.0,282,302,93.377483443709,7,13,53.846153846154,1,34,4,6,2,2,100.0,4,0,0.0,351,28,1,19,1,3,42.857142857143,11,2,84.615384615385,14,70.0,1,1,100.0,3,21,0,6,1,0,3,0,0,0,0,0,0,0,0,10,0,0,9,1,0,0,0,0,0,0,0
149663,Nathan Aké,Manchester City,nathan ake,6.8,18,6,703,0,0.7167,0,0.5331794,2,1,6,1,0.0,440,496,88.709677419355,7,25,28.0,7,110,13,24,0,1,0.0,4,3,75.0,608,68,1,17,0,16,72.727272727273,18,12,60.0,34,65.384615384615,8,5,62.5,5,31,2,1,0,1,2,3,8,1,0,0,0,0,3,9,0,0,8,1,0,0,0,0,0,0,0
945122,Matheus Nunes,Manchester City,matheus nunes,6.9470588235294,34,32,2865,1,0.3479,5,2.24010712,6,0,7,2,14.285714285714,1922,2157,89.105238757534,61,118,51.694915254237,28,600,45,99,28,57,49.122807017544,66,16,24.242424242424,2886,404,8,169,18,115,58.080808080808,42,27,60.869565217391,157,58.801498127341,57,40,70.175438596491,30,100,1,8,1,2,21,17,30,5,0,0,0,0,12,28,0,0,21,7,0,0,0,0,0,0,0
1136731,Rico Lewis,Manchester City,rico lewis,6.66,11,4,423,0,0.1876,1,1.39026496,2,0,3,0,0.0,241,285,84.561403508772,9,16,56.25,7,82,8,13,2,4,50.0,2,0,0.0,387,63,5,15,8,16,45.714285714286,1,1,50.0,17,45.945945945946,5,3,60.0,7,6,1,1,0,0,4,5,9,2,0,0,0,0,0,7,0,0,7,0,0,0,0,0,0,0,0
1168513,Max Alleyne,Manchester City,max alleyne,7.1,2,2,135,0,0.259,0,0.0644063,0,1,2,1,0.0,120,128,93.75,8,10,80.0,1,13,2,3,3,4,75.0,0,0,0.0,148,11,0,4,1,6,75.0,3,0,100.0,9,81.818181818182,3,3,100.0,4,4,0,0,0,0,0,0,0,0,0,0,0,0,0,1,0,0,0,1,0,0,0,0,0,0,0
824509,Gianluigi Donnarumma,Manchester City,gianluigi donnarumma,7.0235294117647,34,34,3060,0,,0,0.14837815,0,0,0,0,0.0,706,879,80.318543799772,128,295,43.389830508475,1,14,76,119,2,2,100.0,0,0,0.0,1160,179,0,235,0,6,85.714285714286,16,1,94.117647058824,22,91.666666666667,0,0,0.0,1,43,0,0,2,3,1,0,4,8,0,78,1,21,15,29,56,19,22,7,27,17,16,14,3,1,1
980643,James Trafford,Manchester City,james trafford,7.175,4,4,360,0,,0,0.00102173,0,0,0,0,0.0,87,118,73.728813559322,13,41,31.707317073171,0,1,3,3,1,1,100.0,0,0,0.0,158,31,0,35,0,4,100.0,1,0,100.0,5,100.0,2,1,50.0,0,6,0,0,1,0,0,0,1,0,0,14,0,5,1,6,10,4,6,0,1,8,7,2,0,1,0
927083,Bryan Mbeumo,Manchester United,bryan mbeumo,6.8393939393939,33,31,2621,11,12.1927,3,5.0398106,6,13,73,32,15.068493150685,629,796,79.020100502513,15,28,53.571428571429,47,296,16,31,18,54,33.333333333333,106,35,33.018867924528,1326,405,20,91,29,71,41.040462427746,15,77,16.304347826087,86,32.452830188679,25,11,44.0,8,14,14,1,0,1,14,23,28,4,0,0,0,0,0,37,0,0,33,4,0,0,0,0,0,0,0
986397,Benjamin Šeško,Manchester United,benjamin sesko,6.75,30,17,1635,11,9.1958,1,0.28320374,0,12,61,34,18.032786885246,211,306,68.954248366013,4,6,66.666666666667,9,64,6,11,10,30,33.333333333333,2,0,0.0,556,190,6,38,30,21,23.863636363636,64,57,52.892561983471,85,40.66985645933,5,3,60.0,3,15,10,2,0,0,3,17,6,2,0,0,0,0,1,29,0,0,24,5,0,0,0,0,0,0,0
886363,Matheus Cunha,Manchester United,matheus cunha,7.0909090909091,33,29,2503,10,7.0576,2,3.28227699,4,4,90,35,11.111111111111,708,880,80.454545454545,22,42,52.380952380952,35,283,25,42,44,91,48.351648351648,50,11,22.0,1515,410,20,127,53,136,48.745519713262,28,46,37.837837837838,164,46.458923512748,39,23,58.974358974359,21,22,32,3,0,0,18,27,54,4,0,0,0,0,3,35,0,0,31,4,0,0,0,0,0,0,0
836694,Mason Mount,Manchester United,mason mount,6.8619047619048,23,12,1018,3,1.5047,0,1.62231599,1,1,19,5,15.789473684211,350,429,81.585081585082,23,37,62.162162162162,14,146,25,36,7,17,41.176470588235,22,1,4.5454545454545,606,144,10,60,15,43,45.744680851064,7,14,33.333333333333,50,43.478260869565,24,13,54.166666666667,9,9,6,1,0,0,11,16,12,2,0,0,0,0,1,15,0,0,12,3,0,0,0,0,0,0,0
917007,Joshua Zirkzee,Manchester United,joshua zirkzee,6.5125,24,5,666,2,2.9521,1,0.35099913,2,5,25,9,8.0,182,245,74.285714285714,3,7,42.857142857143,11,48,4,7,5,9,55.555555555556,5,2,40.0,393,120,2,19,13,20,40.816326530612,20,32,38.461538461538,40,39.60396039604,9,6,66.666666666667,1,11,6,2,0,0,3,9,6,3,0,0,0,0,0,8,0,0,7,1,0,0,0,0,0,0,0
288205,Bruno Fernandes,Manchester United,bruno fernandes,7.6057142857143,35,35,3066,9,10.8348,21,12.3178245,33,8,85,24,10.588235294118,1639,1994,82.196589769308,138,230,60.0,137,662,152,250,15,36,41.666666666667,183,55,30.054644808743,2647,594,16,167,30,103,47.247706422018,21,33,38.888888888889,124,45.588235294118,54,32,59.259259259259,20,42,30,5,0,3,39,25,35,5,0,0,0,0,7,46,0,0,40,6,0,0,0,0,0,0,0
971037,Amad Diallo,Manchester United,amad diallo,6.89375,32,27,2344,2,5.5665,3,4.78448291,7,6,53,23,3.7735849056604,795,904,87.942477876106,23,33,69.69696969697,41,330,16,27,39,79,49.367088607595,45,11,24.444444444444,1415,271,10,113,25,115,51.801801801802,13,19,40.625,128,50.393700787402,38,25,65.789473684211,17,29,14,3,1,0,20,23,38,2,0,0,0,0,4,33,0,0,30,3,0,0,0,0,0,0,0
122951,Casemiro,Manchester United,casemiro,7.2205882352941,34,33,2593,9,5.5203,2,3.12378244,4,6,52,18,17.307692307692,1301,1600,81.3125,86,159,54.088050314465,36,306,105,167,6,16,37.5,17,4,23.529411764706,2128,369,9,138,13,131,53.252032520325,57,54,51.351351351351,188,52.66106442577,90,45,50.0,31,73,16,27,0,5,50,46,36,9,1,0,0,0,2,31,0,0,28,3,0,0,0,0,0,0,0
1142175,Kobbie Mainoo,Manchester United,kobbie mainoo,6.8814814814815,28,16,1670,1,0.4825,2,1.28063465,1,0,13,3,7.6923076923077,934,1047,89.207258834766,22,39,56.410256410256,22,229,14,37,19,35,54.285714285714,13,4,30.769230769231,1353,199,8,95,31,77,52.380952380952,15,24,38.461538461538,92,49.462365591398,36,20,55.555555555556,20,25,5,10,0,1,11,13,22,2,0,0,0,0,6,22,0,0,18,4,0,0,0,0,0,0,0
1397168,Patrick Dorgu,Manchester United,patrick dorgu,6.94,26,15,1461,4,2.3517,4,1.85359988,6,3,26,12,15.384615384615,384,505,76.039603960396,7,19,36.842105263158,27,133,9,26,11,39,28.205128205128,57,15,26.315789473684,979,272,3,77,22,105,54.6875,44,38,53.658536585366,149,54.379562043796,48,31,64.583333333333,15,32,5,3,0,0,16,23,47,5,0,0,0,0,2,20,0,0,19,1,0,0,0,0,0,0,0
846425,Manuel Ugarte,Manchester United,manuel ugarte,6.6909090909091,22,8,900,0,0.7116,0,0.20449789,0,1,13,1,0.0,427,502,85.059760956175,13,27,48.148148148148,3,97,14,29,7,10,70.0,1,0,0.0,699,104,1,51,11,68,55.737704918033,11,15,42.307692307692,79,53.378378378378,46,29,63.04347826087,20,20,5,5,0,1,16,24,15,1,0,0,0,0,1,23,0,0,21,2,0,0,0,0,0,0,0
1402850,Tyler Fletcher,Manchester United,tyler fletcher,6.6,2,0,17,0,,0,0.00886889,0,0,0,0,0.0,18,19,94.736842105263,0,1,0.0,0,2,0,0,0,0,0.0,0,0,0.0,20,1,0,2,0,0,0.0,0,0,0.0,0,0.0,0,0,0.0,0,0,0,0,0,0,0,0,0,0,0,0,0,0,0,0,0,0,0,0,0,0,0,0,0,0,0
847030,Noussair Mazraoui,Manchester United,noussair mazraoui,6.885,20,11,1022,0,0.1883,0,0.3556401,0,0,5,0,0.0,474,543,87.292817679558,19,40,47.5,7,134,14,32,8,15,53.333333333333,13,4,30.769230769231,798,102,4,46,4,50,65.789473684211,18,14,56.25,68,62.962962962963,28,16,57.142857142857,14,54,3,2,0,2,3,12,14,3,0,0,0,0,2,10,0,0,7,3,0,0,0,0,0,0,0
859999,Lisandro Martínez,Manchester United,lisandro martinez,7.0888888888889,18,13,1237,0,0.1503,0,0.60057816,1,0,5,0,0.0,844,939,89.882854100106,44,97,45.360824742268,5,117,39,73,14,16,87.5,2,1,50.0,1109,109,1,67,2,35,68.627450980392,12,9,57.142857142857,47,65.277777777778,19,12,63.157894736842,12,62,3,12,0,1,3,9,2,0,1,0,0,0,4,15,0,0,13,2,0,0,0,0,0,0,0
803031,Matthijs de Ligt,Manchester United,matthijs de ligt,6.9538461538462,13,13,1170,1,1.4559,0,0.76599626,2,1,11,3,9.0909090909091,537,612,87.745098039216,21,44,47.727272727273,3,35,14,28,1,2,50.0,5,4,80.0,791,89,1,40,1,24,64.864864864865,50,31,61.728395061728,74,62.71186440678,19,13,68.421052631579,15,68,3,7,0,1,6,6,5,0,0,0,0,0,1,20,0,0,18,2,0,0,0,0,0,0,0
149380,Harry Maguire,Manchester United,harry maguire,6.8826086956522,23,19,1667,1,1.1115,2,0.52094057,2,1,14,4,7.1428571428571,733,851,86.133960047004,47,110,42.727272727273,4,66,30,58,1,2,50.0,4,1,25.0,1067,129,2,62,2,39,63.934426229508,59,20,74.683544303797,98,70.0,22,17,77.272727272727,13,105,3,11,1,1,4,16,16,3,1,0,0,0,5,19,0,0,17,2,0,0,0,0,0,0,0
843200,Diogo Dalot,Manchester United,diogo dalot,6.8529411764706,34,29,2616,1,2.0013,3,2.56794244,5,4,24,6,4.1666666666667,962,1132,84.982332155477,41,67,61.194029850746,29,270,38,66,18,27,66.666666666667,57,17,29.824561403509,1785,343,9,135,16,83,53.896103896104,52,21,71.232876712329,135,59.471365638767,53,30,56.603773584906,27,92,3,9,1,2,21,25,14,5,0,0,0,0,5,40,0,0,36,4,0,0,0,0,0,0,0
1153315,Leny Yoro,Manchester United,leny yoro,6.6566666666667,32,18,1748,0,1.3853,0,0.63262211,0,2,9,3,0.0,873,987,88.449848024316,36,75,48.0,4,132,21,52,2,3,66.666666666667,3,1,33.333333333333,1240,143,2,73,5,39,55.714285714286,44,34,56.410256410256,83,56.081081081081,32,21,65.625,31,85,1,11,0,3,8,17,5,1,0,0,0,0,1,33,0,0,28,5,0,0,0,0,0,0,0
190839,Luke Shaw,Manchester United,luke shaw,6.7,38,38,3231,1,0.7061,1,1.97705308,1,0,10,3,10.0,1486,1712,86.799065420561,59,119,49.579831932773,16,309,49,99,10,20,50.0,53,9,16.981132075472,2329,346,5,107,6,104,56.216216216216,64,54,54.237288135593,168,55.445544554455,74,45,60.810810810811,46,95,4,9,0,2,17,49,20,9,0,0,0,0,5,45,0,0,42,3,0,0,0,0,0,0,0
1445799,Ayden Heaven,Manchester United,ayden heaven,6.9066666666667,17,11,938,0,0.3454,1,0.18337896,1,1,3,0,0.0,447,494,90.485829959514,17,30,56.666666666667,2,33,12,19,6,8,75.0,1,0,0.0,631,54,1,40,1,37,71.153846153846,18,10,64.285714285714,55,68.75,22,13,59.090909090909,1,60,1,11,0,0,5,7,9,2,0,0,0,0,2,15,0,0,12,3,0,0,0,0,0,0,0
825839,Tyrell Malacia,Manchester United,tyrell malacia,6.6,3,0,32,0,,0,0.00232121,0,0,0,0,0.0,11,13,84.615384615385,0,2,0.0,0,1,0,1,0,0,0.0,0,0,0.0,23,3,0,3,1,3,75.0,0,1,0.0,3,60.0,3,1,33.333333333333,0,1,0,0,0,0,0,0,0,0,0,0,0,0,0,1,0,0,1,0,0,0,0,0,0,0,0
964753,Senne Lammens,Manchester United,senne lammens,7.0125,32,32,2880,0,,0,0.04066991,0,0,0,0,0.0,556,941,59.086078639745,193,571,33.800350262697,0,38,40,104,0,0,0.0,0,0,0.0,1180,394,0,225,0,4,80.0,7,0,100.0,11,91.666666666667,1,1,100.0,0,26,0,0,1,0,1,0,4,0,0,79,1,12,8,39,53,24,34,5,14,11,11,30,0,4,0
815890,Altay Bayındır,Manchester United,altay bayindir,6.6,6,6,540,0,,0,0.04160964,1,0,0,0,0.0,107,177,60.45197740113,31,100,31.0,1,13,8,10,1,1,100.0,0,0,0.0,225,72,0,39,0,4,80.0,1,0,100.0,5,83.333333333333,0,0,0.0,0,7,0,0,1,0,1,0,3,0,0,13,0,2,0,11,11,2,10,1,1,2,2,4,1,0,0
555386,Ollie Watkins,Aston Villa,ollie watkins,6.8702702702703,37,33,2852,16,15.1439,3,1.3027548,4,19,83,38,19.277108433735,346,476,72.689075630252,4,8,50.0,23,164,4,10,26,56,46.428571428571,7,2,28.571428571429,887,281,16,49,43,80,42.328042328042,36,57,38.709677419355,116,41.13475177305,22,14,63.636363636364,6,15,23,2,0,0,4,35,32,4,0,0,0,0,3,38,0,0,33,5,0,0,0,0,0,0,0
610766,Tammy Abraham,Aston Villa,tammy abraham,6.6,12,2,294,2,2.0433,0,0.36373099,1,3,9,3,22.222222222222,25,44,56.818181818182,0,2,0.0,4,10,1,4,1,1,100.0,1,0,0.0,75,25,1,6,1,5,50.0,5,6,45.454545454545,10,47.619047619048,4,2,50.0,0,3,3,0,0,0,2,2,0,0,0,0,0,0,0,8,0,0,7,1,0,0,0,0,0,0,0
851100,Jadon Sancho,Aston Villa,jadon sancho,6.6739130434783,23,9,891,0,0.5778,2,1.93625758,3,1,10,3,0.0,316,378,83.597883597884,2,3,66.666666666667,21,169,6,10,16,29,55.172413793103,23,3,13.04347826087,527,128,3,26,9,25,43.859649122807,3,6,33.333333333333,28,42.424242424242,7,3,42.857142857143,2,9,6,0,1,1,7,3,2,0,0,0,0,0,0,10,0,0,9,1,0,0,0,0,0,0,0
955245,Harvey Elliott,Aston Villa,harvey elliott,6.52,5,1,117,0,0.291,0,0.09142751,0,0,5,0,0.0,69,82,84.146341463415,1,5,20.0,1,41,0,4,0,1,0.0,3,1,33.333333333333,103,18,1,4,0,2,66.666666666667,1,1,50.0,3,60.0,0,0,0.0,0,1,4,1,0,0,0,0,2,0,0,0,0,0,0,2,0,0,2,0,0,0,0,0,0,0,0
948261,Morgan Rogers,Aston Villa,morgan rogers,6.8459459459459,37,37,3285,10,6.782,6,4.30427449,13,4,84,32,11.904761904762,797,1068,74.625468164794,37,60,61.666666666667,47,375,35,65,42,118,35.593220338983,50,3,6.0,1805,619,26,139,80,132,37.28813559322,26,62,29.545454545455,158,35.746606334842,42,23,54.761904761905,13,32,26,3,0,2,23,46,49,7,0,0,0,0,7,48,0,0,42,6,0,0,0,0,0,0,0
867887,Douglas Luiz,Aston Villa,douglas luiz,6.8380952380952,21,12,944,1,0.5253,0,1.43302774,3,2,11,5,9.0909090909091,588,653,90.045941807044,29,49,59.183673469388,19,141,26,46,6,13,46.153846153846,43,11,25.581395348837,852,128,3,52,3,43,60.56338028169,9,12,42.857142857143,52,56.521739130435,23,13,56.521739130435,15,12,3,4,0,1,6,13,15,3,0,0,0,0,0,15,0,0,11,4,0,0,0,0,0,0,0
783126,Emiliano Buendía,Aston Villa,emiliano buendia,6.8555555555556,36,21,1784,6,3.4219,2,2.28653762,5,2,49,13,12.244897959184,536,658,81.45896656535,24,39,61.538461538462,30,224,21,33,9,29,31.034482758621,10,0,0.0,1051,224,14,109,35,103,47.247706422018,21,37,36.206896551724,124,44.927536231884,49,27,55.102040816327,15,20,13,4,0,1,22,41,45,6,0,0,0,0,0,24,0,0,23,1,0,0,0,0,0,0,0
331737,Youri Tielemans,Aston Villa,youri tielemans,7.204,25,21,1862,0,1.1671,4,3.3266942,5,2,24,7,0.0,959,1129,84.942426926484,60,95,63.157894736842,32,281,47,91,9,17,52.941176470588,46,14,30.434782608696,1484,255,9,94,13,107,61.142857142857,22,17,56.410256410256,129,60.280373831776,58,36,62.068965517241,18,19,7,14,0,1,23,25,41,0,0,0,0,0,2,27,0,0,23,4,0,0,0,0,0,0,0
923973,Amadou Onana,Aston Villa,amadou onana,7.036,25,21,1776,2,1.7146,0,0.70383195,0,4,19,7,10.526315789474,742,849,87.396937573616,42,65,64.615384615385,7,139,29,52,7,13,53.846153846154,0,0,0.0,1149,145,5,72,10,77,62.60162601626,45,23,66.176470588235,122,63.874345549738,48,30,62.5,25,59,4,17,1,1,11,20,25,3,0,0,0,0,3,26,0,0,23,3,0,0,0,0,0,0,0
808590,Leon Bailey,Aston Villa,leon bailey,6.5846153846154,13,3,466,0,0.4915,1,1.46330716,1,1,8,1,0.0,107,139,76.978417266187,3,5,60.0,12,65,7,12,5,26,19.230769230769,19,5,26.315789473684,260,96,4,31,9,20,32.786885245902,4,6,40.0,24,33.802816901408,10,6,60.0,3,4,3,0,0,0,5,6,5,1,0,0,0,0,0,9,0,0,8,1,0,0,0,0,0,0,0
250223,John McGinn,Aston Villa,john mcginn,6.91,30,28,2169,5,2.9607,4,3.98628156,7,4,28,12,17.857142857143,621,754,82.36074270557,43,71,60.56338028169,41,238,40,85,19,39,48.717948717949,83,21,25.301204819277,1175,309,21,89,46,96,46.376811594203,11,21,34.375,107,44.769874476987,29,17,58.620689655172,12,15,7,5,0,1,14,31,48,5,0,0,0,0,2,28,0,0,24,4,0,0,0,0,0,0,0
826204,Boubacar Kamara,Aston Villa,boubacar kamara,7.1222222222222,18,17,1418,1,0.4904,3,0.86047139,0,2,7,4,14.285714285714,722,818,88.264058679707,31,46,67.391304347826,15,198,37,61,14,31,45.161290322581,2,0,0.0,1048,145,5,65,15,80,54.054054054054,36,20,64.285714285714,116,56.862745098039,37,17,45.945945945946,18,20,3,8,0,3,19,17,30,5,0,0,0,0,2,15,0,0,14,1,0,0,0,0,0,0,0
98435,Ross Barkley,Aston Villa,ross barkley,6.847619047619,21,7,865,3,1.5114,1,1.34780488,4,2,18,8,16.666666666667,357,407,87.714987714988,14,19,73.684210526316,10,121,10,13,13,20,65.0,0,0,0.0,540,89,3,45,16,36,47.368421052632,14,16,46.666666666667,50,47.169811320755,14,10,71.428571428571,2,10,4,3,0,0,8,9,9,1,0,0,0,0,0,15,0,0,13,2,0,0,0,0,0,0,0
1631879,Alysson,Aston Villa,alysson,6.6,3,0,56,0,0.0455,0,0.04564256,0,0,1,0,0.0,14,17,82.352941176471,0,1,0.0,0,9,0,0,2,2,100.0,2,0,0.0,30,9,0,3,0,3,100.0,0,0,0.0,3,100.0,0,0,0.0,1,0,0,0,0,0,0,0,1,0,0,0,0,0,0,2,0,0,2,0,0,0,0,0,0,0,0
1089388,Lamare Bogarde,Aston Villa,lamare bogarde,6.5925925925926,28,11,1104,0,,0,0.20559839,0,0,0,0,0.0,453,505,89.70297029703,7,19,36.842105263158,2,94,4,10,2,7,28.571428571429,2,1,50.0,668,86,3,43,10,48,56.470588235294,9,15,37.5,57,52.293577981651,26,18,69.230769230769,5,23,0,6,1,2,5,17,20,5,0,0,0,0,1,17,0,0,14,3,0,0,0,0,0,0,0
1899712,Bradley Burrowes,Aston Villa,bradley burrowes,6.4,1,0,16,0,,0,0.00093143,0,0,0,0,0.0,3,5,60.0,0,0,0.0,0,1,0,0,0,1,0.0,3,0,0.0,12,6,0,1,0,1,33.333333333333,0,0,0.0,1,33.333333333333,0,0,0.0,0,0,0,0,0,0,1,0,1,0,0,0,0,0,0,1,0,0,1,0,0,0,0,0,0,0,0
833956,Matty Cash,Aston Villa,matty cash,6.8285714285714,35,34,3020,3,1.1855,3,2.94814429,4,0,30,10,10.0,1191,1393,85.498923187365,56,132,42.424242424242,31,330,44,111,11,20,55.0,131,26,19.847328244275,2167,442,3,88,17,105,50.724637681159,32,27,54.237288135593,137,51.503759398496,66,32,48.484848484848,22,84,8,14,2,2,35,41,30,9,0,0,0,0,8,38,0,0,34,4,0,0,0,0,0,0,0
143334,Victor Lindelöf,Aston Villa,victor lindelof,6.6705882352941,17,11,985,0,0.2792,1,0.11572735,1,1,3,0,0.0,602,639,94.209702660407,13,27,48.148148148148,2,47,14,23,0,0,0.0,0,0,0.0,717,41,0,19,2,8,57.142857142857,11,6,64.705882352941,19,61.290322580645,7,3,42.857142857143,8,34,0,5,0,0,2,2,1,0,0,0,0,0,1,15,0,0,11,4,0,0,0,0,0,0,0
976263,Ian Maatsen,Aston Villa,ian maatsen,6.5827586206897,30,17,1615,0,1.2976,1,2.40852175,5,1,20,5,0.0,615,715,86.013986013986,25,37,67.567567567568,26,206,13,34,21,51,41.176470588235,54,12,22.222222222222,1268,275,3,82,23,83,46.892655367232,18,12,60.0,101,48.792270531401,43,32,74.418604651163,19,64,6,1,0,1,24,17,19,2,0,0,0,0,2,27,0,0,25,2,0,0,0,0,0,0,0
96538,Lucas Digne,Aston Villa,lucas digne,6.7612903225806,31,21,1866,0,0.721,6,3.25643153,4,0,14,5,0.0,591,731,80.848153214774,12,56,21.428571428571,26,179,26,55,4,11,36.363636363636,106,33,31.132075471698,1226,292,1,63,11,52,54.166666666667,35,26,57.377049180328,87,55.414012738854,36,28,77.777777777778,15,61,6,4,2,2,12,14,12,3,0,0,0,0,5,23,0,0,19,4,0,0,0,0,0,0,0
864169,Pau Torres,Aston Villa,pau torres,6.8714285714286,21,18,1676,0,1.2695,0,0.37412766,0,2,9,1,0.0,1040,1168,89.041095890411,53,124,42.741935483871,1,145,42,91,7,11,63.636363636364,4,0,0.0,1350,154,3,80,4,34,58.620689655172,25,23,52.083333333333,59,55.660377358491,22,14,63.636363636364,11,61,1,18,2,2,9,7,5,1,0,0,0,0,4,19,0,0,17,2,0,0,0,0,0,0,0
827679,Ezri Konsa,Aston Villa,ezri konsa,6.9911764705882,34,34,3036,0,1.2515,0,0.57824203,1,1,11,2,0.0,2003,2098,95.471877979028,61,100,61.0,5,177,32,75,8,12,66.666666666667,5,1,20.0,2439,127,3,108,6,68,73.118279569892,32,24,57.142857142857,100,67.114093959732,22,8,36.363636363636,23,122,4,29,1,3,4,11,40,0,1,0,0,0,8,44,0,0,40,4,0,0,0,0,0,0,0
303638,Tyrone Mings,Aston Villa,tyrone mings,6.6470588235294,17,15,1323,0,1.3749,0,0.42463547,1,2,9,1,0.0,842,936,89.957264957265,37,88,42.045454545455,5,82,19,48,2,6,33.333333333333,4,1,25.0,1109,110,0,47,3,14,45.161290322581,40,27,59.701492537313,54,55.102040816327,5,2,40.0,11,83,4,9,0,1,2,10,9,1,0,0,0,0,3,23,0,0,21,2,0,0,0,0,0,0,0
1457536,Andrés García,Aston Villa,andres garcia,6.5,6,1,105,0,,0,0.0145796,0,0,0,0,0.0,37,37,100.0,0,0,0.0,0,5,0,0,0,1,0.0,4,0,0.0,64,11,0,4,1,5,55.555555555556,0,0,0.0,5,55.555555555556,5,4,80.0,0,4,0,1,0,1,1,1,0,0,0,0,0,0,0,3,0,0,1,2,0,0,0,0,0,0,0
158263,Emiliano Martínez,Aston Villa,emiliano martinez,6.95625,32,32,2835,0,,1,0.10817624,2,0,0,0,0.0,893,1211,73.740710156895,175,486,36.008230452675,2,51,73,151,0,0,0.0,0,0,0.0,1539,326,0,272,0,12,100.0,16,1,94.117647058824,28,96.551724137931,0,0,0.0,0,27,0,0,3,2,0,0,17,2,0,95,1,20,7,39,54,40,34,5,10,20,19,43,1,1,1
100390,Marco Bizot,Aston Villa,marco bizot,6.5428571428571,7,6,585,0,,0,0.00336334,0,0,0,0,0.0,184,241,76.348547717842,30,86,34.883720930233,0,3,16,25,0,0,0.0,0,0,0.0,312,58,0,53,0,1,50.0,1,0,100.0,2,66.666666666667,0,0,0.0,0,10,0,0,1,0,0,1,1,2,0,19,0,6,1,10,11,7,9,1,4,9,9,7,0,1,0
823941,Alexander Isak,Liverpool FC,alexander isak,6.5714285714286,14,8,714,3,2.6518,1,0.10418777,1,5,17,6,17.647058823529,55,88,62.5,3,5,60.0,2,31,2,6,1,10,10.0,2,0,0.0,180,68,4,13,7,9,29.032258064516,8,19,29.62962962963,17,29.310344827586,7,6,85.714285714286,0,9,2,1,0,0,2,5,1,0,0,0,0,0,0,9,0,0,6,3,0,0,0,0,0,0,0
1048422,Hugo Ekitiké,Liverpool FC,hugo ekitike,6.9214285714286,28,21,1810,11,9.87,4,2.67287125,3,11,65,19,16.923076923077,307,400,76.75,3,5,60.0,21,162,5,10,38,72,52.777777777778,8,1,12.5,745,216,14,42,26,61,38.853503184713,31,51,37.80487804878,92,38.493723849372,11,7,63.636363636364,3,27,17,2,0,0,3,35,12,0,0,0,0,0,2,25,0,0,23,2,0,0,0,0,0,0,0
845386,Federico Chiesa,Liverpool FC,federico chiesa,6.588,26,1,400,2,1.499,1,0.60743272,2,1,17,5,11.764705882353,81,113,71.681415929204,1,4,25.0,3,42,1,6,2,11,18.181818181818,17,0,0.0,223,79,1,9,4,17,36.95652173913,3,5,37.5,20,37.037037037037,8,6,75.0,4,7,6,2,0,0,5,11,7,3,0,0,0,0,0,9,0,0,6,3,0,0,0,0,0,0,0
1881902,Rio Ngumoha,Liverpool FC,rio ngumoha,6.9736842105263,19,5,582,2,1.3145,1,2.02909725,3,0,16,6,12.5,167,192,86.979166666667,3,6,50.0,16,110,2,6,30,43,69.767441860465,21,7,33.333333333333,353,89,3,19,12,46,58.227848101266,0,5,0.0,46,54.761904761905,4,2,50.0,3,3,4,1,0,0,4,4,12,0,0,0,0,0,0,12,0,0,8,4,0,0,0,0,0,0,0
159665,Mohamed Salah,Liverpool FC,mohamed salah,6.9111111111111,27,23,2148,7,8.1597,7,5.3087332,11,11,68,19,10.294117647059,610,793,76.923076923077,20,40,50.0,49,354,40,76,19,72,26.388888888889,119,20,16.806722689076,1323,471,21,81,50,52,29.885057471264,8,19,29.62962962963,60,29.850746268657,17,12,70.588235294118,4,7,23,1,0,0,9,10,16,1,0,0,0,0,4,35,0,0,28,7,0,0,0,0,0,0,0
1019322,Florian Wirtz,Liverpool FC,florian wirtz,6.8484848484848,33,27,2388,5,7.025,3,5.17107858,5,8,51,18,9.8039215686275,1201,1421,84.517945109078,40,69,57.971014492754,61,585,40,73,39,74,52.702702702703,32,5,15.625,1875,378,21,115,36,92,45.771144278607,7,40,14.893617021277,99,39.91935483871,34,26,76.470588235294,11,13,19,2,0,1,18,22,19,1,0,0,0,0,2,32,0,0,25,7,0,0,0,0,0,0,0
869856,Dominik Szoboszlai,Liverpool FC,dominik szoboszlai,7.175,36,36,3233,6,4.8466,7,6.8058552,14,4,71,23,8.4507042253521,1919,2187,87.74577046182,130,209,62.200956937799,78,660,81,138,26,50,52.0,205,68,33.170731707317,2996,519,20,187,27,112,46.090534979424,19,24,44.186046511628,131,45.804195804196,56,32,57.142857142857,30,58,24,8,2,5,39,41,30,8,1,0,0,0,8,52,0,0,41,11,0,0,0,0,0,0,0
895324,Alexis Mac Allister,Liverpool FC,alexis mac allister,6.7108108108108,37,31,2675,2,3.8912,4,1.68195572,4,2,52,12,3.8461538461538,1245,1438,86.578581363004,48,95,50.526315789474,36,366,33,81,11,27,40.740740740741,20,9,45.0,1862,290,12,112,29,96,45.070422535211,17,20,45.945945945946,113,45.2,53,26,49.056603773585,21,35,20,9,0,1,40,35,32,7,0,0,0,0,6,41,0,0,31,10,0,0,0,0,0,0,0
862967,Cody Gakpo,Liverpool FC,cody gakpo,6.9027777777778,36,32,2754,7,8.4576,5,4.69383485,10,8,87,21,8.0459770114943,589,750,78.533333333333,15,26,57.692307692308,54,339,17,32,34,69,49.275362318841,87,11,12.64367816092,1316,389,20,87,28,106,47.321428571429,56,54,50.909090909091,162,48.502994011976,28,14,50.0,13,21,33,4,0,0,14,42,44,3,0,0,0,0,6,39,0,0,33,6,0,0,0,0,0,0,0
904897,Ryan Gravenberch,Liverpool FC,ryan gravenberch,7.0444444444444,36,34,2996,5,1.8986,3,2.25694079,4,0,38,13,13.157894736842,1653,1860,88.870967741935,23,73,31.506849315068,29,465,21,44,32,55,58.181818181818,7,0,0.0,2367,327,9,128,26,133,56.595744680851,27,22,55.102040816327,160,56.338028169014,59,36,61.016949152542,48,53,13,12,0,4,17,38,42,5,0,0,0,0,9,42,0,0,35,7,0,0,0,0,0,0,0
143040,Wataru Endo,Liverpool FC,wataru endo,6.7,8,1,206,0,0.0386,1,0.05474669,0,0,1,0,0.0,80,94,85.106382978723,5,6,83.333333333333,1,18,1,1,0,1,0.0,3,0,0.0,140,27,0,3,1,10,62.5,8,4,66.666666666667,18,64.285714285714,7,3,42.857142857143,0,13,1,0,0,0,2,2,3,1,0,0,0,0,0,5,0,0,4,1,0,0,0,0,0,0,0
927353,Curtis Jones,Liverpool FC,curtis jones,6.8470588235294,34,18,1950,1,2.7656,2,2.78854587,4,3,23,7,4.3478260869565,1509,1647,91.621129326047,62,91,68.131868131868,21,480,26,54,22,34,64.705882352941,15,1,6.6666666666667,2013,233,9,144,23,91,55.828220858896,11,27,28.947368421053,102,50.746268656716,40,24,60.0,18,29,6,6,0,5,21,17,29,2,0,0,0,0,1,37,0,0,30,7,0,0,0,0,0,0,0
1445945,Trey Nyoni,Liverpool FC,trey nyoni,6.4666666666667,6,0,47,0,0.3697,0,0.01937075,0,1,1,0,0.0,20,22,90.909090909091,0,1,0.0,1,6,0,0,0,1,0.0,0,0,0.0,30,4,0,4,1,1,20.0,0,0,0.0,1,20.0,1,0,0.0,0,0,0,0,0,0,1,1,0,0,0,0,0,0,0,1,0,0,1,0,0,0,0,0,0,0,0
151545,Virgil van Dijk,Liverpool FC,virgil van dijk,7.2605263157895,38,38,3420,6,3.7711,0,1.3466558,0,8,30,14,20.0,2485,2792,89.004297994269,137,298,45.973154362416,12,410,82,153,2,2,100.0,1,0,0.0,3261,327,3,87,1,42,70.0,174,60,74.358974358974,216,73.469387755102,22,13,59.090909090909,28,275,4,26,2,2,2,19,18,4,0,0,0,0,10,53,0,0,42,11,0,0,0,0,0,0,0
826215,Ibrahima Konaté,Liverpool FC,ibrahima konate,7.0583333333333,36,36,3100,1,1.212,0,0.97886471,2,2,12,4,8.3333333333333,1943,2168,89.621771217712,66,144,45.833333333333,8,249,49,103,5,7,71.428571428571,3,1,33.333333333333,2638,260,1,117,5,96,66.206896551724,124,50,71.264367816092,220,68.965517241379,53,28,52.830188679245,29,190,3,24,0,3,10,33,41,7,0,0,0,0,8,45,0,0,35,10,0,0,0,0,0,0,0
970361,Jeremie Frimpong,Liverpool FC,jeremie frimpong,6.7142857142857,21,12,1068,0,0.5095,1,1.57611887,5,0,10,2,0.0,373,441,84.580498866213,7,25,28.0,15,157,3,6,18,33,54.545454545455,51,11,21.56862745098,732,173,9,52,17,50,49.50495049505,7,10,41.176470588235,57,48.305084745763,11,10,90.909090909091,6,13,4,0,0,0,12,8,21,1,0,0,0,0,1,13,0,0,10,3,0,0,0,0,0,0,0
262911,Andy Robertson,Liverpool FC,andy robertson,6.7130434782609,24,11,1188,1,1.1045,0,1.38829621,3,0,10,3,10.0,592,711,83.263009845288,27,71,38.028169014085,20,210,19,50,3,6,50.0,55,13,23.636363636364,962,191,3,40,1,16,57.142857142857,14,15,48.275862068966,30,52.631578947368,12,9,75.0,8,32,6,3,1,0,4,4,1,0,0,0,0,0,3,16,0,0,11,5,0,0,0,0,0,0,0
1097425,Miloš Kerkez,Liverpool FC,milos kerkez,6.6,34,27,2301,2,1.5866,1,0.69890798,3,0,9,2,22.222222222222,913,1070,85.327102803738,28,82,34.146341463415,26,307,23,51,12,22,54.545454545455,79,15,18.987341772152,1614,304,2,88,7,81,63.779527559055,33,33,50.0,114,59.067357512953,41,26,63.414634146341,14,71,2,8,1,1,10,22,30,4,0,0,0,0,3,37,0,0,31,6,0,0,0,0,0,0,0
1008402,Conor Bradley,Liverpool FC,conor bradley,6.6333333333333,15,12,932,0,0.241,1,0.93808918,3,0,6,0,0.0,413,492,83.943089430894,10,40,25.0,4,137,9,16,7,22,31.818181818182,24,4,16.666666666667,808,150,3,43,11,46,43.809523809524,15,16,48.387096774194,61,44.852941176471,19,15,78.947368421053,13,29,4,4,0,0,15,18,20,5,0,0,0,0,2,13,0,0,9,4,0,0,0,0,0,0,0
318927,Joe Gomez,Liverpool FC,joe gomez,6.5210526315789,21,7,644,0,0.2722,2,0.65666537,3,0,5,1,0.0,255,320,79.6875,10,26,38.461538461538,6,47,8,20,3,6,50.0,16,3,18.75,482,116,0,20,6,13,32.5,13,13,50.0,26,39.393939393939,10,7,70.0,9,25,0,2,0,0,4,14,0,4,0,0,0,0,1,14,0,0,11,3,0,0,0,0,0,0,0
243609,Alisson,Liverpool FC,alisson,6.8115384615385,26,26,2340,0,,0,0.0370728,0,0,0,0,0.0,644,815,79.018404907975,108,274,39.416058394161,0,20,53,94,0,0,0.0,0,0,0.0,1064,179,0,229,0,5,71.428571428571,6,1,85.714285714286,11,78.571428571429,0,0,0.0,0,37,0,0,0,3,1,1,7,1,0,57,0,9,8,31,34,20,27,4,21,14,14,16,0,2,0
930997,Giorgi Mamardashvili,Liverpool FC,giorgi mamardashvili,6.71,10,10,868,0,,0,0.01108481,0,0,0,0,0.0,202,287,70.383275261324,36,119,30.252100840336,0,7,20,43,0,0,0.0,0,0,0.0,397,93,0,76,0,3,60.0,2,1,66.666666666667,5,62.5,1,1,100.0,1,9,0,0,0,1,1,1,2,0,0,34,2,13,2,18,22,12,13,5,3,10,10,3,0,2,1
284417,Freddie Woodman,Liverpool FC,freddie woodman,6.9333333333333,3,2,212,0,,0,0.00340907,0,0,0,0,0.0,45,79,56.962025316456,15,49,30.612244897959,0,4,10,22,0,0,0.0,0,0,0.0,106,35,0,22,0,0,0.0,0,0,0.0,0,0.0,0,0,0.0,1,3,0,0,0,0,0,0,0,0,0,9,0,1,0,4,9,0,2,2,0,3,3,1,0,0,0
991478,Amine Adli,Bournemouth,amine adli,6.7566666666667,31,10,1106,3,2.6012,1,1.62043701,1,4,20,9,15.0,319,413,77.239709443099,2,10,20.0,16,129,8,13,8,22,36.363636363636,40,2,5.0,675,179,5,61,9,66,53.658536585366,30,27,52.631578947368,96,53.333333333333,36,16,44.444444444444,7,17,6,2,0,0,7,29,22,2,0,0,0,0,0,17,0,0,16,1,0,0,0,0,0,0,0
1426228,Eli Junior Kroupi,Bournemouth,eli junior kroupi,6.809375,33,21,1690,13,8.3499,0,1.52895794,3,3,52,22,25.0,355,467,76.017130620985,16,25,64.0,22,120,12,21,15,37,40.540540540541,11,1,9.0909090909091,742,208,20,61,20,36,32.142857142857,8,22,26.666666666667,44,30.985915492958,9,6,66.666666666667,9,33,19,0,0,1,8,27,12,5,0,0,0,0,0,21,0,0,19,2,0,0,0,0,0,0,0
998490,Evanilson,Bournemouth,evanilson,6.6138888888889,36,32,2759,6,10.588,1,1.48779595,3,10,70,22,8.5714285714286,356,465,76.559139784946,4,8,50.0,31,137,7,13,16,32,50.0,4,0,0.0,839,243,19,80,39,66,43.421052631579,47,85,35.606060606061,113,39.788732394366,13,5,38.461538461538,8,29,13,6,0,1,8,26,37,2,0,0,0,0,2,40,0,0,32,8,0,0,0,0,0,0,0
336655,Enes Ünal,Bournemouth,enes unal,6.4894736842105,23,0,259,1,1.9965,0,0.07270865,1,2,15,3,6.6666666666667,38,56,67.857142857143,0,0,0.0,1,17,0,0,1,4,25.0,2,0,0.0,134,42,1,7,8,11,39.285714285714,10,34,22.727272727273,21,29.166666666667,1,1,100.0,0,14,5,1,0,0,0,6,10,1,0,0,0,0,0,3,0,0,3,0,0,0,0,0,0,0,0
1464966,Rayan,Bournemouth,rayan,7.0333333333333,15,13,1119,5,2.9095,2,1.82024027,3,0,28,8,17.857142857143,249,318,78.301886792453,10,16,62.5,14,98,8,13,13,34,38.235294117647,24,4,16.666666666667,538,151,9,43,10,30,38.461538461538,25,32,43.859649122807,55,40.740740740741,11,7,63.636363636364,8,20,11,0,0,0,9,9,6,1,0,0,0,0,1,10,0,0,9,1,0,0,0,0,0,0,0
851596,Justin Kluivert,Bournemouth,justin kluivert,6.56,20,10,951,2,2.3206,0,1.52879684,3,1,17,4,11.764705882353,280,345,81.159420289855,13,18,72.222222222222,21,136,8,14,11,26,42.307692307692,42,8,19.047619047619,530,154,10,46,15,31,35.632183908046,6,23,20.689655172414,37,31.896551724138,10,6,60.0,4,2,6,2,0,0,9,18,10,5,0,0,0,0,0,19,0,0,15,4,0,0,0,0,0,0,0
1154861,Ben Gannon-Doak,Bournemouth,ben gannon-doak,6.4875,8,0,122,0,0.2589,1,0.11875243,1,1,3,1,0.0,37,48,77.083333333333,0,1,0.0,1,16,0,0,2,8,25.0,4,0,0.0,82,24,0,6,0,9,42.857142857143,1,3,25.0,10,40.0,6,2,33.333333333333,1,0,1,0,0,0,3,3,1,0,0,0,0,0,0,1,0,0,1,0,0,0,0,0,0,0,0
1476524,Alex Tóth,Bournemouth,alex toth,6.4875,9,2,185,0,0.105,0,0.33245237,0,0,2,0,0.0,57,65,87.692307692308,1,2,50.0,5,23,2,2,1,4,25.0,3,0,0.0,97,19,3,8,2,4,28.571428571429,0,2,0.0,4,25.0,1,0,0.0,3,4,0,1,0,1,4,1,2,1,0,0,0,0,0,3,0,0,2,1,0,0,0,0,0,0,0
1104986,Alex Scott,Bournemouth,alex scott,7.0638888888889,37,34,2859,3,3.8057,1,2.95088845,4,2,44,13,6.8181818181818,1182,1393,84.852835606604,53,129,41.085271317829,28,265,52,114,29,52,55.769230769231,88,14,15.909090909091,2006,384,13,195,26,148,55.849056603774,37,31,54.411764705882,185,55.555555555556,60,38,63.333333333333,36,81,14,15,0,1,24,45,60,5,0,0,0,0,6,41,0,0,34,7,0,0,0,0,0,0,0
800419,Tyler Adams,Bournemouth,tyler adams,6.8416666666667,25,21,1778,2,0.6029,2,0.61227089,2,0,10,6,20.0,880,1010,87.128712871287,33,68,48.529411764706,7,181,12,25,6,12,50.0,3,2,66.666666666667,1310,176,8,96,11,69,50.0,27,22,55.102040816327,96,51.336898395722,53,23,43.396226415094,33,42,2,9,0,2,18,35,13,8,0,0,0,0,4,28,0,0,23,5,0,0,0,0,0,0,0
895576,Marcus Tavernier,Bournemouth,marcus tavernier,6.8,34,31,2738,7,9.0597,4,4.64204242,9,8,70,24,10.0,943,1128,83.599290780142,30,77,38.961038961039,55,424,18,42,39,89,43.820224719101,114,19,16.666666666667,1789,464,26,150,44,114,44.357976653696,24,38,38.709677419355,138,43.260188087774,40,22,55.0,17,39,19,6,0,0,21,30,35,6,0,0,0,0,4,44,0,0,37,7,0,0,0,0,0,0,0
855731,David Brooks,Bournemouth,david brooks,6.6548387096774,31,13,1220,1,5.834,3,3.30067703,8,11,48,13,2.0833333333333,343,445,77.078651685393,12,26,46.153846153846,26,164,15,30,17,41,41.463414634146,59,11,18.64406779661,734,223,7,56,10,49,42.982456140351,6,13,31.578947368421,55,41.353383458647,19,13,68.421052631579,4,15,17,0,0,0,20,11,13,7,0,0,0,0,0,20,0,0,18,2,0,0,0,0,0,0,0
322391,Ryan Christie,Bournemouth,ryan christie,6.7269230769231,26,9,986,2,1.9194,0,0.82604117,2,1,25,8,8.0,428,547,78.244972577697,25,62,40.322580645161,11,145,27,56,19,39,48.717948717949,17,3,17.647058823529,782,191,11,62,15,67,50.757575757576,13,15,46.428571428571,80,50.0,27,17,62.962962962963,12,18,10,4,0,1,14,17,22,3,1,0,0,0,0,14,0,0,13,1,0,0,0,0,0,0,0
548188,Lewis Cook,Bournemouth,lewis cook,6.85625,18,8,905,0,0.077,1,0.53636946,0,0,3,0,0.0,429,498,86.144578313253,26,57,45.614035087719,11,86,15,31,3,4,75.0,44,10,22.727272727273,685,120,5,62,3,33,63.461538461538,9,16,36.0,42,54.545454545455,25,16,64.0,24,26,1,6,0,0,7,8,5,1,1,0,0,0,1,19,0,0,17,2,0,0,0,0,0,0,0
830659,Marcos Senesi,Bournemouth,marcos senesi,7.2432432432432,37,37,3290,0,1.5218,5,4.66727689,7,2,17,5,0.0,1801,2319,77.662785683484,182,477,38.155136268344,24,330,150,345,6,9,66.666666666667,26,8,30.769230769231,2990,600,2,154,14,104,57.142857142857,92,100,47.916666666667,196,52.406417112299,62,35,56.451612903226,56,253,4,47,0,2,29,34,37,8,0,0,0,0,10,53,0,0,46,7,0,0,0,0,0,0,0
1201520,Julio Soler,Bournemouth,julio soler,6.3,3,0,34,0,,0,0.00502714,0,0,0,0,0.0,20,23,86.95652173913,0,2,0.0,0,4,0,0,0,0,0.0,2,0,0.0,31,6,0,4,0,3,50.0,0,0,0.0,3,50.0,1,0,0.0,0,0,0,0,0,0,1,2,2,0,0,0,0,0,0,2,0,0,1,1,0,0,0,0,0,0,0
1184308,Álex Jiménez,Bournemouth,alex jimenez,6.8258064516129,31,26,2330,1,1.1306,0,1.61171645,2,0,21,4,4.7619047619048,696,868,80.184331797235,41,88,46.590909090909,14,217,30,56,39,75,52.0,51,11,21.56862745098,1468,334,10,135,20,128,52.892561983471,13,22,37.142857142857,141,50.902527075812,69,48,69.565217391304,27,41,9,11,0,0,23,35,20,10,0,0,0,0,3,39,0,0,33,6,0,0,0,0,0,0,0
1406130,Veljko Milosavljević,Bournemouth,veljko milosavljevic,6.8,7,4,375,0,0.1513,0,0.19614632,0,1,1,0,0.0,160,190,84.210526315789,8,26,30.769230769231,1,19,6,17,1,1,100.0,0,0,0.0,248,34,0,13,1,6,66.666666666667,11,16,40.740740740741,17,47.222222222222,5,4,80.0,4,25,0,5,0,0,2,0,0,0,0,0,0,0,1,6,0,0,3,3,0,0,0,0,0,0,0
962408,Bafodé Diakité,Bournemouth,bafode diakite,6.6294117647059,18,15,1286,0,0.0185,0,0.18310612,0,0,1,0,0.0,659,749,87.983978638184,34,72,47.222222222222,3,85,14,28,0,3,0.0,1,0,0.0,922,100,2,48,1,25,62.5,35,36,49.295774647887,60,54.054054054054,20,15,75.0,12,83,0,5,0,1,3,8,5,1,0,0,0,0,4,27,0,0,24,3,0,0,0,0,0,0,0
999028,Adrien Truffert,Bournemouth,adrien truffert,6.7894736842105,38,38,3380,1,1.3615,5,2.9782032,4,1,16,6,6.25,1302,1560,83.461538461538,38,120,31.666666666667,32,368,32,75,33,73,45.205479452055,143,34,23.776223776224,2597,506,8,188,24,168,55.813953488372,44,54,44.897959183673,212,53.132832080201,103,52,50.485436893204,48,143,5,10,1,2,30,39,32,5,0,0,0,0,11,51,0,0,43,8,0,0,0,0,0,0,0
1156586,James Hill,Bournemouth,james hill,6.9714285714286,29,22,2120,0,0.8933,3,1.15759345,2,1,12,2,0.0,806,1037,77.724204435873,53,175,30.285714285714,13,81,23,86,2,2,100.0,11,2,18.181818181818,1495,329,1,75,5,52,60.46511627907,114,60,65.51724137931,166,63.846153846154,39,20,51.282051282051,39,168,2,15,0,2,13,17,13,5,0,0,0,0,6,24,0,0,21,3,0,0,0,0,0,0,0
44566,Adam Smith,Bournemouth,adam smith,6.5105263157895,22,14,1095,0,,2,0.24723528,1,0,0,0,0.0,283,363,77.961432506887,12,57,21.052631578947,5,71,13,34,1,1,100.0,13,1,7.6923076923077,572,119,0,29,2,26,43.333333333333,14,16,46.666666666667,40,44.444444444444,15,12,80.0,8,38,0,9,0,0,15,19,11,3,0,0,0,0,4,16,0,0,13,3,0,0,0,0,0,0,0
882604,Đorđe Petrović,Bournemouth,dorde petrovic,6.8657894736842,38,38,3420,0,,0,0.0228812,0,0,0,0,0.0,580,901,64.372918978912,146,462,31.601731601732,0,27,47,100,0,0,0.0,0,0,0.0,1318,331,0,285,0,3,50.0,20,0,100.0,23,88.461538461538,0,0,0.0,0,62,0,0,2,2,3,0,2,3,0,109,2,26,11,54,69,37,46,8,35,23,21,31,2,6,0
218160,Bertrand Traoré,Sunderland,bertrand traore,6.7454545454545,12,9,638,1,0.5182,0,0.24192858,2,0,13,6,7.6923076923077,143,180,79.444444444444,3,8,37.5,8,61,5,8,14,22,63.636363636364,13,1,7.6923076923077,318,91,3,18,9,36,52.941176470588,6,12,33.333333333333,42,48.837209302326,11,4,36.363636363636,2,6,4,3,0,0,7,11,11,1,0,0,0,0,0,9,0,0,7,2,0,0,0,0,0,0,0
877980,Wilson Isidor,Sunderland,wilson isidor,6.6413793103448,32,11,1173,6,4.747,0,0.3888168,0,2,43,17,13.953488372093,81,135,60.0,1,7,14.285714285714,0,41,5,6,6,24,25.0,0,0,0.0,302,111,3,23,14,24,32.876712328767,25,70,26.315789473684,49,29.166666666667,11,8,72.727272727273,1,15,12,1,0,0,5,14,7,1,0,0,0,0,1,17,0,0,14,3,0,0,0,0,0,0,0
910048,Brian Brobbey,Sunderland,brian brobbey,6.6290322580645,31,22,1944,7,5.9397,1,0.67943682,2,12,36,18,19.444444444444,198,275,72.0,4,7,57.142857142857,15,82,2,6,2,16,12.5,2,0,0.0,538,182,6,44,29,47,38.211382113821,65,74,46.762589928058,112,42.748091603053,9,2,22.222222222222,0,15,7,6,0,0,4,32,37,6,0,0,0,0,1,30,0,0,25,5,0,0,0,0,0,0,0
1168588,Eliezer Mayenda,Sunderland,eliezer mayenda,6.5176470588235,20,8,770,2,2.145,0,0.21361966,2,1,13,6,15.384615384615,56,85,65.882352941176,1,3,33.333333333333,4,22,1,3,11,32,34.375,1,0,0.0,228,100,2,14,21,27,34.615384615385,15,29,34.090909090909,42,34.426229508197,5,1,20.0,1,5,5,1,0,0,3,6,11,0,0,0,0,0,1,9,0,0,8,1,0,0,0,0,0,0,0
1094440,Romaine Mundle,Sunderland,romaine mundle,6.5,14,2,412,0,0.8612,0,0.4741025,0,1,7,2,0.0,89,104,85.576923076923,2,4,50.0,1,32,0,2,7,15,46.666666666667,11,2,18.181818181818,208,64,3,22,14,19,34.545454545455,5,3,62.5,24,38.095238095238,5,5,100.0,1,6,2,0,0,0,7,7,8,1,0,0,0,0,0,11,0,0,10,1,0,0,0,0,0,0,0
1171539,Noah Sadiki,Sunderland,noah sadiki,6.7757575757576,33,33,2894,0,1.4552,1,1.44456954,0,1,18,5,0.0,944,1106,85.352622061483,38,82,46.341463414634,19,227,23,52,27,44,61.363636363636,21,4,19.047619047619,1550,274,16,114,25,112,56.0,11,19,36.666666666667,123,53.478260869565,46,24,52.173913043478,34,44,9,11,0,2,17,32,40,9,0,0,0,0,8,42,0,0,34,8,0,0,0,0,0,0,0
117777,Granit Xhaka,Sunderland,granit xhaka,7.3294117647059,34,32,2903,1,1.0167,6,3.70697473,9,0,21,5,4.7619047619048,1512,1807,83.674598782512,138,251,54.980079681275,34,441,109,199,11,24,45.833333333333,99,23,23.232323232323,2295,429,9,179,17,99,59.638554216867,56,35,61.538461538462,155,60.311284046693,50,33,66.0,29,85,6,20,0,3,16,23,41,8,0,0,0,0,9,39,0,0,33,6,0,0,0,0,0,0,0
1142675,Chemsdine Talbi,Sunderland,chemsdine talbi,6.6285714285714,28,16,1561,4,2.1342,1,1.18641325,0,2,25,10,16.0,327,402,81.34328358209,13,23,56.521739130435,12,108,10,17,16,36,44.444444444444,49,7,14.285714285714,637,192,4,61,11,28,36.363636363636,1,13,7.1428571428571,29,31.868131868132,11,6,54.545454545455,2,17,5,1,2,0,13,5,1,0,0,0,0,0,2,14,0,0,10,4,0,0,0,0,0,0,0
1128532,Habib Diarra,Sunderland,habib diarra,6.675,20,15,1407,2,3.4148,2,0.82929775,1,2,26,8,7.6923076923077,357,436,81.880733944954,4,15,26.666666666667,7,126,4,15,6,22,27.272727272727,32,4,12.5,647,152,10,48,14,47,45.192307692308,11,13,45.833333333333,58,45.3125,14,7,50.0,4,13,4,0,0,1,7,20,27,6,0,0,0,0,4,19,0,0,18,1,0,0,0,0,0,0,0
1116571,Nilson Angulo,Sunderland,nilson angulo,6.5125,8,5,413,0,0.7808,0,0.11263531,0,2,7,3,0.0,57,78,73.076923076923,0,2,0.0,3,21,0,3,7,16,43.75,6,1,16.666666666667,177,59,2,9,5,20,41.666666666667,5,8,38.461538461538,25,40.983606557377,10,7,70.0,5,11,1,0,0,0,4,11,3,1,0,0,0,0,0,6,0,0,4,2,0,0,0,0,0,0,0
984014,Enzo Le Fée,Sunderland,enzo le fee,6.9166666666667,36,33,2944,5,5.155,6,5.9151954,13,1,36,12,13.888888888889,906,1113,81.401617250674,33,58,56.896551724138,53,301,27,57,13,46,28.260869565217,100,25,25.0,1748,432,23,154,31,139,50.915750915751,18,51,26.086956521739,157,45.906432748538,89,57,64.044943820225,29,36,12,12,1,3,39,31,37,5,0,0,0,0,8,43,0,0,36,7,0,0,0,0,0,0,0
1394089,Chris Rigg,Sunderland,chris rigg,6.6333333333333,18,11,773,1,0.8401,1,1.14805397,2,0,12,3,8.3333333333333,153,213,71.830985915493,10,21,47.619047619048,9,53,7,16,7,13,53.846153846154,11,4,36.363636363636,323,95,2,29,5,28,53.846153846154,4,9,30.769230769231,32,49.230769230769,13,8,61.538461538462,4,10,3,1,0,1,5,8,8,1,0,0,0,0,0,11,0,0,11,0,0,0,0,0,0,0,0
2138729,Jocelin Ta Bi,Sunderland,jocelin ta bi,6.7,1,1,39,0,,0,0.0411772,0,0,0,0,0.0,2,2,100.0,0,0,0.0,0,1,0,0,2,3,66.666666666667,5,1,20.0,18,9,0,2,1,4,66.666666666667,0,2,0.0,4,50.0,1,0,0.0,0,0,0,0,0,0,0,0,1,0,0,0,0,0,0,0,0,0,0,0,0,0,0,0,0,0,0
831424,Reinildo Mandava,Sunderland,reinildo mandava,6.6666666666667,25,23,1969,0,0.1781,1,0.69940764,0,0,4,0,0.0,699,814,85.872235872236,24,67,35.820895522388,6,134,20,52,15,27,55.555555555556,23,4,17.391304347826,1265,208,5,90,13,87,55.063291139241,34,28,54.838709677419,121,55.0,39,23,58.974358974359,31,81,2,14,1,0,16,32,35,7,1,0,0,0,6,26,0,0,20,6,0,0,0,0,0,0,0
780014,Nordi Mukiele,Sunderland,nordi mukiele,6.959375,32,32,2787,3,1.8846,4,2.48511253,7,3,26,4,11.538461538462,935,1189,78.637510513036,46,121,38.01652892562,24,199,31,76,13,27,48.148148148148,86,14,16.279069767442,2020,518,3,131,15,104,57.142857142857,79,53,59.848484848485,183,58.28025477707,69,46,66.666666666667,40,156,10,10,1,2,14,35,26,5,0,0,0,0,8,40,0,0,32,8,0,0,0,0,0,0,0
805137,Omar Alderete,Sunderland,omar alderete,6.8181818181818,33,32,2802,1,1.644,1,0.91907391,1,2,24,9,4.1666666666667,1057,1304,81.058282208589,78,195,40.0,9,114,64,162,17,21,80.952380952381,11,3,27.272727272727,1782,299,3,103,12,58,50.0,88,65,57.516339869281,146,54.275092936803,32,18,56.25,36,217,7,29,0,5,8,34,10,6,0,0,0,0,9,40,0,0,35,5,0,0,0,0,0,0,0
958878,Daniel Ballard,Sunderland,daniel ballard,6.8448275862069,29,24,2148,2,2.4595,0,0.65835224,3,7,26,9,7.6923076923077,906,1103,82.139619220308,58,156,37.179487179487,15,96,37,89,3,5,60.0,1,0,0.0,1493,221,1,69,6,62,60.78431372549,106,77,57.92349726776,168,58.947368421053,33,18,54.545454545455,20,185,5,24,0,3,6,29,30,4,1,0,0,0,6,34,0,0,28,6,0,0,0,0,0,0,0
856739,Lutsharel Geertruida,Sunderland,lutsharel geertruida,6.8035714285714,28,17,1702,0,1.152,0,0.8311474,1,1,11,3,0.0,640,743,86.137281292059,26,54,48.148148148148,8,119,15,29,7,12,58.333333333333,9,2,22.222222222222,1008,153,5,71,3,51,59.302325581395,12,14,46.153846153846,63,56.25,37,21,56.756756756757,19,47,4,10,0,2,12,15,7,2,0,0,0,0,3,23,0,0,19,4,0,0,0,0,0,0,0
989034,Trai Hume,Sunderland,trai hume,6.7631578947368,38,34,3037,2,2.1546,1,2.01262673,1,4,34,7,5.8823529411765,790,1048,75.381679389313,42,100,42.0,29,222,33,67,5,19,26.315789473684,86,13,15.116279069767,1723,443,12,102,9,110,56.410256410256,65,68,48.872180451128,175,53.353658536585,67,47,70.149253731343,25,99,12,12,0,3,31,31,39,9,0,0,0,0,8,42,0,0,35,7,0,0,0,0,0,0,0
1014987,Dennis Cirkin,Sunderland,dennis cirkin,6.6428571428571,8,3,329,0,0.075,0,0.02737759,0,0,1,0,0.0,77,99,77.777777777778,1,4,25.0,0,18,2,5,3,4,75.0,3,1,33.333333333333,177,39,0,8,5,13,52.0,5,5,50.0,18,51.428571428571,8,5,62.5,5,14,0,1,0,0,2,4,2,2,0,0,0,0,1,2,0,0,2,0,0,0,0,0,0,0,0
365812,Luke O'Nien,Sunderland,luke o'nien,6.6166666666667,12,5,591,0,0.1493,1,0.13974953,0,0,4,1,0.0,205,245,83.673469387755,16,39,41.025641025641,2,34,4,13,1,1,100.0,7,0,0.0,363,78,0,10,1,15,68.181818181818,9,13,40.909090909091,24,54.545454545455,6,5,83.333333333333,6,30,1,1,1,0,1,6,8,1,1,0,0,0,2,7,0,0,5,2,0,0,0,0,0,0,0
1012928,Robin Roefs,Sunderland,robin roefs,6.96,35,35,3150,0,,0,0.15335486,1,0,0,0,0.0,841,1321,63.663890991673,203,678,29.941002949853,5,86,59,110,1,1,100.0,0,0,0.0,1688,490,0,334,0,11,84.615384615385,24,0,100.0,35,94.594594594595,0,0,0.0,0,37,0,0,4,3,2,0,14,4,0,109,0,21,10,46,72,36,38,8,25,9,9,45,0,3,1
1099795,Melker Ellborg,Sunderland,melker ellborg,7.0,3,3,270,0,,0,0.01864659,0,0,0,0,0.0,46,98,46.938775510204,13,64,20.3125,0,2,6,11,1,1,100.0,0,0,0.0,131,52,0,33,0,2,100.0,0,0,0.0,2,100.0,0,0,0.0,0,6,0,0,0,0,0,0,1,0,0,10,0,2,1,2,5,5,2,0,3,1,1,0,0,0,0
33902,Danny Welbeck,Brighton & Hove Albion,danny welbeck,6.6837837837838,37,26,2268,13,12.4448,1,1.40193509,4,11,56,28,23.214285714286,386,486,79.423868312757,5,9,55.555555555556,20,142,8,13,11,27,40.740740740741,2,0,0.0,781,193,14,51,20,45,36.885245901639,19,37,33.928571428571,64,35.955056179775,24,14,58.333333333333,9,30,10,0,1,1,13,30,10,5,0,0,0,0,1,28,0,0,23,5,0,0,0,0,0,0,0
1416535,Charalampos Kostoulas,Brighton & Hove Albion,charalampos kostoulas,6.7,21,2,386,2,2.1352,1,0.55606278,3,2,21,8,9.5238095238095,95,127,74.803149606299,1,4,25.0,10,45,4,8,11,27,40.740740740741,6,0,0.0,265,87,7,25,10,29,44.615384615385,22,22,50.0,51,46.788990825688,11,7,63.636363636364,1,4,5,0,0,0,4,7,7,2,0,0,0,0,0,9,0,0,8,1,0,0,0,0,0,0,0
1155321,Stefanos Tzimas,Brighton & Hove Albion,stefanos tzimas,6.6222222222222,9,1,164,1,0.4624,1,0.11832743,0,1,4,1,25.0,17,24,70.833333333333,0,2,0.0,6,6,0,3,1,2,50.0,1,0,0.0,58,23,2,10,9,5,23.809523809524,0,2,0.0,5,21.739130434783,3,2,66.666666666667,0,1,1,1,0,0,2,4,1,0,0,0,0,0,0,2,0,0,2,0,0,0,0,0,0,0,0
1199043,Carlos Baleba,Brighton & Hove Albion,carlos baleba,6.64,31,23,1677,0,0.7485,0,0.75590328,1,1,20,2,0.0,644,748,86.096256684492,34,60,56.666666666667,9,105,25,51,12,25,48.0,0,0,0.0,1045,172,12,105,19,73,47.402597402597,29,21,58.0,102,50.0,37,20,54.054054054054,29,32,8,6,0,5,18,31,24,5,0,0,0,0,2,19,0,0,17,2,0,0,0,0,0,0,0
936849,Kaoru Mitoma,Brighton & Hove Albion,kaoru mitoma,6.804,25,19,1721,3,4.0614,1,2.8395751,4,8,32,13,9.375,473,574,82.404181184669,12,19,63.157894736842,31,229,15,25,28,63,44.444444444444,46,8,17.391304347826,925,249,11,62,23,67,39.644970414201,15,21,41.666666666667,82,40.0,18,12,66.666666666667,9,17,8,1,0,2,17,31,21,5,0,0,0,0,1,20,0,0,16,4,0,0,0,0,0,0,0
1065588,Diego Gómez,Brighton & Hove Albion,diego gomez,6.740625,32,26,2136,5,6.2938,1,1.71243379,4,7,42,14,11.904761904762,587,753,77.954847277556,17,41,41.463414634146,21,166,17,38,19,41,46.341463414634,21,6,28.571428571429,1207,302,20,112,29,107,45.922746781116,55,37,59.782608695652,162,49.846153846154,78,50,64.102564102564,18,28,11,3,0,2,29,48,11,9,0,0,0,0,0,29,0,0,27,2,0,0,0,0,0,0,0
1400106,Yankuba Minteh,Brighton & Hove Albion,yankuba minteh,6.8558823529412,34,26,2398,3,3.8031,4,5.12192403,11,4,41,11,7.3170731707317,428,630,67.936507936508,15,31,48.387096774194,46,206,18,43,65,121,53.719008264463,159,37,23.270440251572,1304,514,19,95,34,143,50.175438596491,19,32,37.254901960784,162,48.214285714286,56,37,66.071428571429,17,16,15,0,0,1,21,32,22,3,0,0,0,0,2,33,0,0,27,6,0,0,0,0,0,0,0
891829,Matt O'Riley,Brighton & Hove Albion,matt o'riley,6.725,6,2,203,1,1.2045,0,0.17190449,0,1,4,2,25.0,61,70,87.142857142857,1,3,33.333333333333,4,18,1,2,0,1,0.0,7,4,57.142857142857,108,22,1,2,1,6,46.153846153846,2,5,28.571428571429,8,40.0,5,2,40.0,0,2,0,1,0,0,3,2,1,0,0,0,0,0,0,3,0,0,1,2,0,0,0,0,0,0,0
48480,Pascal Groß,Brighton & Hove Albion,pascal gross,7.0578947368421,19,18,1636,1,1.4518,3,3.83112309,5,1,18,9,5.5555555555556,922,1073,85.927306616962,36,76,47.368421052632,39,268,54,97,7,16,43.75,119,40,33.613445378151,1394,272,17,76,10,48,47.524752475248,13,17,43.333333333333,61,46.564885496183,29,18,62.068965517241,12,24,6,4,0,1,18,17,12,2,0,0,0,0,5,17,0,0,15,2,0,0,0,0,0,0,0
946695,Georginio Rutter,Brighton & Hove Albion,georginio rutter,6.646875,32,20,1804,3,3.0158,3,2.92644468,8,3,42,14,7.1428571428571,303,436,69.495412844037,16,28,57.142857142857,25,152,17,38,28,65,43.076923076923,21,3,14.285714285714,925,353,19,60,59,94,40.343347639485,19,31,38.0,113,39.929328621908,32,20,62.5,11,26,14,1,0,0,15,30,34,2,0,0,0,0,2,20,0,0,14,6,0,0,0,0,0,0,0
791,James Milner,Brighton & Hove Albion,james milner,6.6894736842105,20,7,802,1,1.0195,1,0.63305812,1,0,8,2,12.5,423,487,86.858316221766,20,47,42.553191489362,8,103,18,36,1,2,50.0,14,6,42.857142857143,592,84,2,40,3,19,41.304347826087,6,10,37.5,25,40.322580645161,15,9,60.0,6,19,2,1,1,0,8,15,3,2,0,0,0,0,2,17,0,0,14,3,0,0,0,0,0,0,0
1036269,Yasin Ayari,Brighton & Hove Albion,yasin ayari,6.7827586206897,29,20,1941,3,2.7096,3,1.14090769,2,0,41,10,7.3170731707317,829,963,86.085150571132,40,68,58.823529411765,16,144,26,49,18,48,37.5,24,5,20.833333333333,1322,240,14,124,19,93,49.206349206349,9,17,34.615384615385,102,47.441860465116,47,24,51.063829787234,26,24,11,4,0,4,24,24,28,1,0,0,0,0,6,24,0,0,17,7,0,0,0,0,0,0,0
1142315,Jack Hinshelwood,Brighton & Hove Albion,jack hinshelwood,6.6615384615385,27,20,1750,4,4.9153,3,2.34306909,2,6,37,15,10.810810810811,522,632,82.594936708861,9,24,37.5,15,150,19,38,3,9,33.333333333333,7,0,0.0,842,163,9,61,9,34,36.559139784946,12,23,34.285714285714,46,35.9375,19,14,73.684210526316,5,25,8,5,0,2,13,33,12,0,0,0,0,0,1,23,0,0,20,3,0,0,0,0,0,0,0
301288,Solly March,Brighton & Hove Albion,solly march,6.6,4,0,60,0,0.0416,0,0.01604685,0,0,1,1,0.0,9,12,75.0,1,1,100.0,0,3,0,0,0,0,0.0,4,0,0.0,26,9,0,3,2,3,50.0,0,1,0.0,3,42.857142857143,2,2,100.0,0,0,0,0,0,0,1,0,1,0,0,0,0,0,0,1,0,0,1,0,0,0,0,0,0,0,0
1167066,Tom Watson,Brighton & Hove Albion,tom watson,6.5,6,0,73,0,0.0366,0,0.03771793,0,0,1,1,0.0,14,19,73.684210526316,2,3,66.666666666667,0,6,0,0,0,1,0.0,0,0,0.0,31,11,0,4,0,1,20.0,0,1,0.0,1,16.666666666667,1,1,100.0,0,0,0,0,0,0,0,3,0,1,0,0,0,0,0,2,0,0,2,0,0,0,0,0,0,0,0
825844,Ferdi Kadıoğlu,Brighton & Hove Albion,ferdi kadioglu,6.8108108108108,37,34,3134,1,2.0286,0,3.32907274,2,3,28,13,3.5714285714286,1170,1367,85.58888076079,44,93,47.311827956989,22,400,28,56,12,22,54.545454545455,108,23,21.296296296296,2065,394,12,130,18,104,55.31914893617,32,32,50.0,136,53.968253968254,57,39,68.421052631579,26,81,6,7,0,0,37,22,36,6,0,0,0,0,10,41,0,0,35,6,0,0,0,0,0,0,0
997152,Maxim De Cuyper,Brighton & Hove Albion,maxim de cuyper,6.8620689655172,30,17,1443,2,1.8194,3,4.12972119,9,1,13,6,15.384615384615,583,692,84.248554913295,13,41,31.707317073171,33,135,19,46,7,17,41.176470588235,81,36,44.444444444444,1022,203,9,68,5,51,52.577319587629,10,21,32.258064516129,61,47.65625,23,12,52.173913043478,12,28,4,2,0,1,14,18,21,2,0,0,0,0,0,23,0,0,16,7,0,0,0,0,0,0,0
962012,Jan Paul van Hecke,Brighton & Hove Albion,jan paul van hecke,7.2361111111111,36,36,3211,3,3.298,3,1.61647059,2,3,23,10,13.04347826087,2198,2521,87.187623958747,133,282,47.163120567376,13,333,125,230,3,5,60.0,23,10,43.478260869565,3041,366,3,113,6,95,64.189189189189,114,80,58.762886597938,209,61.111111111111,53,30,56.603773584906,47,189,7,28,4,0,21,27,43,9,0,0,0,0,9,44,0,0,36,8,0,0,0,0,0,0,0
959628,Mats Wieffer,Brighton & Hove Albion,mats wieffer,6.7269230769231,26,23,1914,2,1.9257,3,1.86715652,4,2,18,6,11.111111111111,733,881,83.200908059024,40,74,54.054054054054,20,186,23,43,9,20,45.0,16,3,18.75,1434,248,10,103,22,96,49.484536082474,44,46,48.888888888889,140,49.295774647887,66,42,63.636363636364,25,71,5,7,0,1,35,30,22,8,0,0,0,0,5,26,0,0,21,5,0,0,0,0,0,0,0
115365,Lewis Dunk,Brighton & Hove Albion,lewis dunk,6.9515151515152,33,31,2844,1,1.7055,0,0.5731136,1,0,24,3,4.1666666666667,2301,2492,92.335473515249,82,172,47.674418604651,7,190,58,107,4,4,100.0,5,1,20.0,2862,218,2,136,5,51,56.043956043956,76,50,60.31746031746,127,58.52534562212,35,22,62.857142857143,30,142,5,27,1,2,21,15,12,10,0,0,0,0,7,40,0,0,33,7,0,0,0,0,0,0,0
842513,Igor Júlio,Brighton & Hove Albion,igor julio,6.3666666666667,4,1,122,0,,0,0.00160173,0,0,0,0,0.0,16,22,72.727272727273,2,6,33.333333333333,1,2,1,2,0,0,0.0,0,0,0.0,43,9,0,3,0,0,0.0,0,1,0.0,0,0.0,0,0,0.0,1,10,0,2,0,0,0,1,0,0,0,0,0,0,0,3,0,0,3,0,0,0,0,0,0,0,0
219572,Joël Veltman,Brighton & Hove Albion,joel veltman,6.8181818181818,24,9,1073,1,1.1112,0,0.2206408,0,0,4,1,25.0,361,442,81.674208144796,13,41,31.707317073171,4,97,10,24,2,5,40.0,19,2,10.526315789474,752,144,4,40,2,55,68.75,20,12,62.5,75,66.964285714286,31,17,54.838709677419,18,44,2,6,0,0,10,10,22,5,0,0,0,0,1,13,0,0,12,1,0,0,0,0,0,0,0
788784,Olivier Boscagli,Brighton & Hove Albion,olivier boscagli,6.9666666666667,12,9,819,0,0.0382,1,0.46156584,0,0,1,0,0.0,652,754,86.472148541114,32,78,41.025641025641,4,91,35,65,2,2,100.0,15,5,33.333333333333,902,121,2,54,1,29,69.047619047619,17,13,56.666666666667,46,63.888888888889,16,9,56.25,18,42,0,2,0,0,5,7,11,2,0,0,0,0,3,10,0,0,9,1,0,0,0,0,0,0,0
994363,Bart Verbruggen,Brighton & Hove Albion,bart verbruggen,7.0421052631579,38,38,3420,0,,0,0.11260733,0,0,0,0,0.0,1178,1549,76.049063912201,197,563,34.991119005329,1,50,70,136,1,1,100.0,0,0,0.0,1869,378,0,331,0,5,55.555555555556,11,1,91.666666666667,16,76.190476190476,1,1,100.0,0,32,0,0,4,2,2,2,3,3,0,106,0,18,10,46,76,24,38,8,15,22,20,24,0,6,1
1016907,Igor Thiago,Brentford,igor thiago,6.9210526315789,38,37,3284,22,20.5697,1,1.88281845,6,20,84,43,26.190476190476,436,630,69.206349206349,13,25,52.0,24,147,28,40,29,53,54.716981132075,19,7,36.842105263158,1215,387,15,93,42,91,38.888888888889,112,179,38.487972508591,203,38.666666666667,38,22,57.894736842105,12,64,17,8,0,2,15,73,26,7,0,0,0,0,9,50,0,0,47,3,0,0,0,0,0,0,0
991604,Fabio Carvalho,Brentford,fabio carvalho,6.66,6,1,128,1,0.6992,0,0.03116271,0,0,2,1,50.0,20,25,80.0,2,2,100.0,0,5,1,1,1,3,33.333333333333,5,1,20.0,45,14,1,5,1,4,57.142857142857,1,3,25.0,5,45.454545454545,3,2,66.666666666667,0,0,0,0,0,0,0,0,0,0,0,0,0,0,0,4,0,0,4,0,0,0,0,0,0,0,0
1403098,Kaye Furo,Brentford,kaye furo,6.4,1,0,9,0,,0,,0,0,0,0,0.0,0,0,0.0,0,0,0.0,0,0,0,0,0,0,0.0,0,0,0.0,3,3,0,0,0,0,0.0,0,1,0.0,0,0.0,0,0,0.0,0,0,0,0,0,0,0,1,0,0,0,0,0,0,0,0,0,0,0,0,0,0,0,0,0,0,0
1586020,Romelle Donovan,Brentford,romelle donovan,6.6,4,0,38,0,0.0958,0,0.01732758,0,0,3,1,0.0,9,16,56.25,1,2,50.0,1,7,1,2,5,6,83.333333333333,2,0,0.0,34,14,1,5,2,8,57.142857142857,0,1,0.0,8,53.333333333333,0,0,0.0,0,0,2,0,0,0,1,2,3,0,0,0,0,0,0,0,0,0,0,0,0,0,0,0,0,0,0
1106451,Dango Ouattara,Brentford,dango ouattara,6.871875,32,25,2279,7,7.7177,3,4.16991809,12,13,56,20,12.5,306,485,63.092783505155,18,39,46.153846153846,27,133,12,28,23,80,28.75,108,19,17.592592592593,1075,438,9,85,31,86,39.449541284404,52,55,48.598130841121,138,42.461538461538,24,13,54.166666666667,24,52,14,0,0,0,18,27,39,5,0,0,0,0,1,35,0,0,32,3,0,0,0,0,0,0,0
42694,Jordan Henderson,Brentford,jordan henderson,6.803125,32,22,1929,1,0.3319,3,2.45248258,8,0,6,1,16.666666666667,902,1158,77.892918825561,71,190,37.368421052632,19,203,67,167,3,8,37.5,49,17,34.69387755102,1382,318,6,98,6,35,51.470588235294,13,18,41.935483870968,48,48.484848484848,27,13,48.148148148148,17,34,2,7,0,0,9,13,7,6,0,0,0,0,3,28,0,0,25,3,0,0,0,0,0,0,0
885864,Frank Onyeka,Brentford,frank onyeka,6.64,6,0,88,0,,1,0.36951338,1,0,0,0,0.0,28,36,77.777777777778,1,2,50.0,1,10,2,3,2,4,50.0,0,0,0.0,55,13,0,5,0,7,50.0,1,1,50.0,8,50.0,2,0,0.0,0,3,0,0,0,0,2,3,3,0,0,0,0,0,0,2,0,0,2,0,0,0,0,0,0,0,0
826139,Reiss Nelson,Brentford,reiss nelson,6.58,10,0,152,0,0.7111,1,0.11654403,0,2,5,1,0.0,68,74,91.891891891892,2,3,66.666666666667,2,30,2,3,5,12,41.666666666667,2,0,0.0,115,24,2,16,4,11,45.833333333333,0,0,0.0,11,45.833333333333,4,3,75.0,0,2,0,1,0,0,2,0,2,0,0,0,0,0,0,2,0,0,2,0,0,0,0,0,0,0,0
907072,Mikkel Damsgaard,Brentford,mikkel damsgaard,7.0151515151515,33,24,2078,4,2.6169,4,5.44199634,12,3,29,11,13.793103448276,726,951,76.340694006309,37,92,40.217391304348,42,309,50,96,18,51,35.294117647059,97,28,28.865979381443,1420,425,26,139,33,97,43.111111111111,19,27,41.304347826087,116,42.80442804428,57,35,61.40350877193,25,16,5,4,1,1,45,19,23,0,0,0,0,0,3,32,0,0,30,2,0,0,0,0,0,0,0
1006387,Kevin Schade,Brentford,kevin schade,6.7628571428571,35,32,2757,8,12.1782,3,2.0849436,7,15,57,24,14.035087719298,357,527,67.741935483871,7,18,38.888888888889,29,145,9,23,20,75,26.666666666667,22,5,22.727272727273,1088,388,10,94,45,103,39.922480620155,87,86,50.28901734104,190,44.083526682135,41,24,58.536585365854,18,31,12,3,0,0,9,50,43,6,1,0,0,0,5,34,0,0,31,3,0,0,0,0,0,0,0
1031258,Yehor Yarmoliuk,Brentford,yehor yarmoliuk,6.7459459459459,37,30,2675,1,1.2018,2,1.38825673,1,0,16,4,6.25,1136,1347,84.335560504826,67,141,47.517730496454,15,223,46,103,15,42,35.714285714286,30,8,26.666666666667,1782,328,14,187,23,97,43.303571428571,32,26,55.172413793103,129,45.744680851064,70,45,64.285714285714,28,41,4,14,0,1,40,37,12,7,0,0,0,0,6,42,0,0,40,2,0,0,0,0,0,0,0
1126692,Antoni Milambo,Brentford,antoni milambo,6.7,1,1,45,0,,0,0.0116086,0,0,0,0,0.0,8,11,72.727272727273,0,0,0.0,0,3,0,0,0,0,0.0,0,0,0.0,19,4,0,2,0,3,100.0,2,1,66.666666666667,5,83.333333333333,3,1,33.333333333333,0,0,0,0,0,0,0,0,0,0,0,0,0,0,0,3,0,0,3,0,0,0,0,0,0,0,0
799251,Mathias Jensen,Brentford,mathias jensen,6.9638888888889,36,26,2277,3,2.2664,1,6.01870623,11,2,29,8,10.344827586207,907,1122,80.837789661319,98,179,54.748603351955,35,307,98,162,19,35,54.285714285714,126,38,30.15873015873,1603,405,10,117,25,75,44.117647058824,8,21,27.586206896552,83,41.708542713568,41,23,56.09756097561,21,37,10,4,0,2,34,20,15,3,0,0,0,0,4,33,0,0,30,3,0,0,0,0,0,0,0
814873,Vitaly Janelt,Brentford,vitaly janelt,6.956,25,15,1449,1,0.9081,4,2.27180611,7,1,12,3,8.3333333333333,708,811,87.299630086313,43,85,50.588235294118,21,165,43,74,5,11,45.454545454545,61,19,31.147540983607,1081,172,6,85,6,43,45.744680851064,23,15,60.526315789474,66,50.0,27,16,59.259259259259,30,34,3,8,1,0,20,20,13,8,0,0,0,0,4,21,0,0,19,2,0,0,0,0,0,0,0
856260,Josh Dasilva,Brentford,josh dasilva,6.55,2,0,21,0,0.0762,0,0.00149774,0,0,1,0,0.0,4,5,80.0,0,0,0.0,1,2,1,1,0,1,0.0,0,0,0.0,8,2,0,1,0,0,0.0,0,0,0.0,0,0.0,0,0,0.0,0,0,0,0,0,0,0,0,0,0,0,0,0,0,0,0,0,0,0,0,0,0,0,0,0,0,0
1137431,Michael Kayode,Brentford,michael kayode,6.8648648648649,37,37,3264,1,1.1757,1,2.80051013,4,1,9,3,11.111111111111,970,1141,85.01314636284,38,85,44.705882352941,36,186,25,44,55,107,51.401869158879,56,14,25.0,2177,523,5,163,31,172,57.142857142857,41,27,60.294117647059,213,57.723577235772,67,45,67.164179104478,38,99,4,15,1,3,23,26,50,8,0,0,0,0,8,49,0,0,46,3,0,0,0,0,0,0,0
924378,Sepp van den Berg,Brentford,sepp van den berg,6.85625,32,30,2761,0,3.1253,2,1.48646879,5,4,23,7,0.0,1259,1422,88.537271448664,53,103,51.456310679612,7,99,22,41,1,1,100.0,0,0,0.0,1815,184,1,109,4,35,58.333333333333,140,71,66.350710900474,175,64.575645756458,23,10,43.478260869565,29,195,3,23,2,2,7,15,11,2,0,0,0,0,8,41,0,0,38,3,0,0,0,0,0,0,0
958916,Nathan Collins,Brentford,nathan collins,6.7542857142857,35,32,2972,1,2.2774,2,1.62193684,5,4,20,6,5.0,1457,1753,83.11466058186,88,247,35.627530364372,11,126,41,101,7,10,70.0,1,1,100.0,2245,333,1,139,10,55,57.291666666667,89,73,54.938271604938,144,55.813953488372,31,14,45.161290322581,37,209,4,41,1,3,9,20,17,7,0,0,0,0,9,44,0,0,40,4,0,0,0,0,0,0,0
576384,Kristoffer Ajer,Brentford,kristoffer ajer,6.6222222222222,27,20,1820,0,0.7805,1,0.72182553,1,1,10,3,0.0,565,706,80.028328611898,24,85,28.235294117647,4,57,12,41,3,11,27.272727272727,7,1,14.285714285714,1026,180,2,59,6,45,50.561797752809,60,45,57.142857142857,105,54.123711340206,37,22,59.459459459459,18,119,2,16,0,1,8,23,5,4,0,0,0,0,4,32,0,0,30,2,0,0,0,0,0,0,0
855864,Ethan Pinnock,Brentford,ethan pinnock,6.725,4,4,321,0,0.0106,0,0.06031063,0,0,1,1,0.0,110,133,82.706766917293,9,18,50.0,0,9,6,14,1,1,100.0,0,0,0.0,196,27,0,11,1,7,63.636363636364,13,10,56.521739130435,20,58.823529411765,5,4,80.0,5,27,0,5,0,0,3,0,2,1,0,0,0,0,1,5,0,0,5,0,0,0,0,0,0,0,0
972421,Keane Lewis-Potter,Brentford,keane lewis-potter,6.6638888888889,36,22,1990,3,3.0378,3,2.50256486,6,2,31,9,9.6774193548387,441,568,77.640845070423,24,80,30.0,19,145,20,47,16,44,36.363636363636,69,22,31.884057971014,993,266,7,96,15,75,52.083333333333,11,28,28.205128205128,86,46.994535519126,23,14,60.869565217391,12,37,12,2,1,0,11,15,36,1,0,0,0,0,5,32,0,0,28,4,0,0,0,0,0,0,0
966869,Aaron Hickey,Brentford,aaron hickey,6.605,21,8,716,0,0.4592,0,0.13844593,0,1,6,1,0.0,239,286,83.566433566434,11,23,47.826086956522,0,38,7,16,0,7,0.0,4,0,0.0,447,81,0,35,5,24,50.0,9,9,50.0,33,50.0,15,7,46.666666666667,8,23,1,6,0,0,6,7,9,1,0,0,0,0,0,9,0,0,7,2,0,0,0,0,0,0,0
599128,Rico Henry,Brentford,rico henry,6.4333333333333,25,14,1334,0,0.1792,1,0.54618954,1,0,5,0,0.0,370,481,76.923076923077,23,59,38.983050847458,4,75,16,41,15,30,50.0,25,3,12.0,817,218,3,72,9,47,50.0,19,21,47.5,66,49.253731343284,15,11,73.333333333333,8,41,1,5,1,3,8,15,17,2,0,0,0,0,3,22,0,0,21,1,0,0,0,0,0,0,0
827362,Caoimhin Kelleher,Brentford,caoimhin kelleher,7.0513513513514,37,37,3330,0,,0,0.25550075,0,0,0,0,0.0,845,1295,65.250965250965,248,696,35.632183908046,3,51,48,87,3,3,100.0,0,0,0.0,1674,460,0,300,0,9,69.230769230769,7,2,77.777777777778,16,72.727272727273,1,0,0.0,1,47,0,0,2,1,1,3,6,1,0,110,1,21,10,49,69,38,45,4,31,16,16,23,0,8,3
1005959,Hákon Rafn Valdimarsson,Brentford,hakon rafn valdimarsson,6.2,1,1,90,0,,0,0.00111148,0,0,0,0,0.0,30,41,73.170731707317,12,23,52.173913043478,0,0,3,3,0,0,0.0,0,0,0.0,48,11,0,7,0,0,0.0,0,0,0.0,0,0.0,0,0,0.0,0,0,0,0,0,0,0,0,0,0,0,1,0,0,0,3,1,0,3,0,0,0,0,0,0,0,0
1135873,Alejandro Garnacho,Chelsea,alejandro garnacho,6.7875,24,14,1283,1,3.4505,4,3.67918546,6,7,33,7,3.030303030303,413,473,87.315010570825,13,13,100.0,29,204,3,5,14,39,35.897435897436,59,8,13.559322033898,745,193,9,45,12,52,48.598130841121,3,13,18.75,55,44.715447154472,15,12,80.0,4,6,10,0,0,0,9,9,23,2,0,0,0,0,1,20,0,0,19,1,0,0,0,0,0,0,0
975079,João Pedro,Chelsea,joao pedro,7.0971428571429,35,31,2674,15,14.9561,5,1.99830092,6,12,73,28,20.547945205479,522,693,75.324675324675,11,22,50.0,29,196,13,27,40,78,51.282051282051,18,1,5.5555555555556,1246,389,16,72,55,122,48.412698412698,74,80,48.051948051948,196,48.275862068966,27,18,66.666666666667,7,27,21,5,0,0,4,38,56,5,0,0,0,0,3,36,0,0,33,3,0,0,0,0,0,0,0
1414933,Marc Guiu,Chelsea,marc guiu,6.28,10,1,276,0,1.5498,1,0.29742885,1,3,13,2,0.0,22,32,68.75,0,0,0.0,3,10,1,1,1,4,25.0,0,0,0.0,70,23,1,4,1,3,15.789473684211,5,12,29.411764705882,8,22.222222222222,0,0,0.0,0,4,2,0,0,0,2,10,2,1,0,0,0,0,0,3,0,0,3,0,0,0,0,0,0,0,0
997087,Liam Delap,Chelsea,liam delap,6.475,28,12,1139,1,4.4675,0,0.22277907,0,4,36,11,2.7777777777778,132,189,69.84126984127,1,2,50.0,3,58,0,3,10,13,76.923076923077,6,0,0.0,377,131,4,25,22,34,36.95652173913,25,34,42.372881355932,59,39.072847682119,5,3,60.0,1,11,10,0,0,1,8,25,19,4,0,0,0,0,0,18,0,0,15,3,0,0,0,0,0,0,0
982780,Cole Palmer,Chelsea,cole palmer,7.0384615384615,26,24,1965,10,10.562,1,2.47225903,3,6,64,25,15.625,703,820,85.731707317073,35,53,66.037735849057,25,302,17,31,22,67,32.835820895522,36,5,13.888888888889,1222,283,21,83,35,84,45.161290322581,0,4,0.0,84,44.210526315789,25,12,48.0,15,12,21,0,0,1,10,13,37,5,0,0,0,0,2,33,0,0,31,2,0,0,0,0,0,0,0
1597265,Estêvão,Chelsea,estevao,6.7571428571429,22,12,852,2,2.9248,2,2.1989491,4,2,28,8,7.1428571428571,218,270,80.740740740741,5,9,55.555555555556,16,107,8,14,29,70,41.428571428571,16,5,31.25,492,153,5,36,20,49,37.121212121212,3,14,17.647058823529,52,34.89932885906,11,5,45.454545454545,4,5,11,0,0,0,11,12,9,4,0,0,0,0,0,11,0,0,9,2,0,0,0,0,0,0,0
974505,Enzo Fernández,Chelsea,enzo fernandez,7.15,36,35,3121,10,11.2851,4,7.2524397,11,9,72,31,13.888888888889,1755,2040,86.029411764706,95,158,60.126582278481,69,574,80,152,13,48,27.083333333333,89,16,17.977528089888,2608,497,15,140,41,111,43.023255813953,26,26,50.0,137,44.193548387097,53,22,41.509433962264,21,28,20,2,0,0,36,36,45,10,0,0,0,0,5,46,0,0,42,4,0,0,0,0,0,0,0
987650,Moisés Caicedo,Chelsea,moises caicedo,7.1515151515152,33,32,2802,3,1.4359,1,2.37976499,4,1,27,7,11.111111111111,1883,2053,91.71943497321,65,101,64.356435643564,19,394,71,117,15,28,53.571428571429,7,2,28.571428571429,2496,239,8,177,19,157,59.245283018868,15,29,34.090909090909,172,55.663430420712,87,46,52.873563218391,59,28,13,15,1,3,24,54,55,11,1,0,0,0,5,46,0,0,43,3,0,0,0,0,0,0,0
879349,Pedro Neto,Chelsea,pedro neto,6.9454545454545,34,30,2643,5,4.615,6,6.8299309,12,3,46,13,10.869565217391,813,931,87.325456498389,30,45,66.666666666667,55,397,30,47,47,104,45.192307692308,187,38,20.320855614973,1510,420,13,84,25,91,42.325581395349,9,24,27.272727272727,100,40.322580645161,19,11,57.894736842105,6,13,22,0,0,0,26,16,25,2,1,0,0,0,5,33,0,0,32,1,0,0,0,0,0,0,0
1105779,Andrey Santos,Chelsea,andrey santos,6.8444444444444,27,13,1280,1,2.0018,0,0.88153835,1,3,11,2,9.0909090909091,718,797,90.0878293601,14,28,50.0,8,136,15,25,2,5,40.0,2,0,0.0,987,101,7,48,2,61,67.777777777778,14,17,45.161290322581,75,61.98347107438,37,19,51.351351351351,20,18,2,6,0,1,13,13,22,4,0,0,0,0,1,18,0,0,16,2,0,0,0,0,0,0,0
1140599,Jamie Gittens,Chelsea,jamie gittens,6.6466666666667,16,5,495,0,0.8183,2,0.9303351,2,1,10,2,0.0,118,149,79.194630872483,3,4,75.0,9,49,6,10,13,21,61.904761904762,13,3,23.076923076923,255,68,2,15,4,29,59.183673469388,3,7,30.0,32,54.237288135593,8,3,37.5,2,3,6,1,0,0,3,6,8,0,0,0,0,0,1,7,0,0,5,2,0,0,0,0,0,0,0
1069488,Roméo Lavia,Chelsea,romeo lavia,6.7363636363636,12,4,377,0,0.2049,0,0.53661277,1,0,3,0,0.0,263,284,92.605633802817,12,14,85.714285714286,1,63,7,10,3,5,60.0,1,0,0.0,347,39,0,20,6,19,55.882352941176,3,1,75.0,22,57.894736842105,8,7,87.5,5,4,1,0,0,1,0,8,8,0,0,0,0,0,0,10,0,0,10,0,0,0,0,0,0,0,0
1110006,Dário Essugo,Chelsea,dario essugo,6.8,3,0,34,0,,0,0.00875855,0,0,0,0,0.0,21,25,84.0,0,0,0.0,0,5,1,1,2,2,100.0,0,0,0.0,39,7,0,1,2,9,56.25,1,0,100.0,10,58.823529411765,6,3,50.0,0,1,0,0,0,0,2,3,1,2,0,0,0,0,0,1,0,0,1,0,0,0,0,0,0,0,0
885908,Reece James,Chelsea,reece james,7.1827586206897,29,20,1961,2,1.036,4,3.18528996,8,0,22,7,9.0909090909091,1178,1324,88.972809667674,57,103,55.339805825243,27,301,45,91,11,22,50.0,126,30,23.809523809524,1845,298,7,102,13,81,57.042253521127,31,16,65.957446808511,112,59.259259259259,48,33,68.75,33,41,9,6,1,3,10,27,22,4,0,0,0,0,4,20,0,0,20,0,0,0,0,0,0,0,0
794939,Marc Cucurella,Chelsea,marc cucurella,6.6558823529412,34,31,2710,1,2.3464,4,3.21383679,6,1,20,6,5.0,1268,1445,87.750865051903,43,90,47.777777777778,39,331,26,53,1,3,33.333333333333,43,13,30.232558139535,2029,265,5,113,7,84,52.830188679245,36,33,52.173913043478,120,52.631578947368,55,40,72.727272727273,32,87,6,8,0,1,22,45,29,8,1,0,0,0,9,37,0,0,34,3,0,0,0,0,0,0,0
1154657,Mamadou Sarr,Chelsea,mamadou sarr,6.3,3,1,107,0,0.4359,0,0.00202731,0,1,1,0,0.0,46,52,88.461538461538,0,3,0.0,0,1,1,1,0,1,0.0,0,0,0.0,63,7,0,2,0,1,25.0,1,1,50.0,2,33.333333333333,1,0,0.0,1,5,0,1,0,0,2,0,0,0,0,0,0,0,0,3,0,0,3,0,0,0,0,0,0,0,0
996958,Malo Gusto,Chelsea,malo gusto,6.6352941176471,34,26,2267,2,1.5564,3,2.98560019,4,1,12,6,16.666666666667,1097,1264,86.787974683544,41,83,49.397590361446,28,308,34,57,13,25,52.0,58,12,20.689655172414,1807,316,10,122,16,86,55.483870967742,15,18,45.454545454545,101,53.723404255319,53,24,45.283018867925,31,39,3,5,1,1,22,20,20,3,1,0,0,0,3,36,0,0,33,3,0,0,0,0,0,0,0
996911,Levi Colwill,Chelsea,levi colwill,6.8666666666667,3,2,225,0,,0,0.11403387,0,0,0,0,0.0,173,192,90.104166666667,3,11,27.272727272727,0,15,4,7,0,0,0.0,1,0,0.0,229,22,0,9,1,5,71.428571428571,6,4,60.0,11,64.705882352941,3,2,66.666666666667,5,14,0,3,0,0,0,1,2,0,0,0,0,0,0,4,0,0,3,1,0,0,0,0,0,0,0
1153079,Jorrel Hato,Chelsea,jorrel hato,6.5272727272727,22,12,1159,0,0.3071,0,0.6328673,1,0,4,0,0.0,700,761,91.984231274639,8,26,30.769230769231,8,96,5,19,7,13,53.846153846154,7,4,57.142857142857,993,97,4,50,4,45,54.878048780488,16,18,47.058823529412,61,52.586206896552,36,22,61.111111111111,18,39,0,7,0,3,12,15,2,7,0,0,0,0,0,27,0,0,25,2,0,0,0,0,0,0,0
923894,Wesley Fofana,Chelsea,wesley fofana,6.832,25,20,1726,0,0.7214,1,0.61793371,1,0,8,1,0.0,1154,1253,92.098962490024,30,60,50.0,3,120,11,22,10,14,71.428571428571,2,1,50.0,1569,123,2,81,5,45,52.941176470588,69,34,66.990291262136,114,60.63829787234,19,10,52.631578947368,40,129,3,19,0,1,4,27,17,5,2,0,0,0,3,24,0,0,23,1,0,0,0,0,0,0,0
826134,Trevoh Chalobah,Chelsea,trevoh chalobah,6.9411764705882,34,31,2782,3,1.4319,0,1.05148875,1,2,16,5,18.75,2124,2283,93.035479632063,50,125,40.0,5,183,31,71,7,9,77.777777777778,5,1,20.0,2686,186,5,119,5,59,62.765957446809,75,60,55.555555555556,134,58.515283842795,35,23,65.714285714286,35,178,3,17,1,1,9,20,18,3,1,0,0,0,9,37,0,0,34,3,0,0,0,0,0,0,0
1403050,Josh Acheampong,Chelsea,josh acheampong,6.59375,17,8,700,1,0.6258,0,0.13953671,0,0,4,2,25.0,440,478,92.050209205021,4,18,22.222222222222,2,38,1,13,11,14,78.571428571429,1,1,100.0,599,61,2,26,8,31,64.583333333333,11,7,61.111111111111,42,63.636363636364,11,8,72.727272727273,11,20,2,2,2,3,4,2,9,1,0,0,0,0,1,13,0,0,13,0,0,0,0,0,0,0,0
352668,Tosin Adarabioyo,Chelsea,tosin adarabioyo,6.9133333333333,16,8,796,0,0.1073,0,0.40472315,1,0,2,0,0.0,685,757,90.488771466314,20,48,41.666666666667,1,30,11,24,0,0,0.0,0,0,0.0,874,78,0,22,1,17,68.0,41,17,70.689655172414,58,69.879518072289,17,8,47.058823529412,9,66,1,5,1,0,2,6,0,2,0,0,0,0,2,14,0,0,12,2,0,0,0,0,0,0,0
904827,Benoît Badiashile,Chelsea,benoit badiashile,6.6625,8,6,471,0,,0,0.06794814,0,0,0,0,0.0,408,439,92.938496583144,19,34,55.882352941176,0,25,10,20,0,0,0.0,0,0,0.0,499,35,1,16,0,9,60.0,8,9,47.058823529412,17,53.125,7,4,57.142857142857,10,27,0,4,1,1,1,6,2,2,0,0,0,0,0,10,0,0,8,2,0,0,0,0,0,0,0
920546,Robert Sánchez,Chelsea,robert sanchez,6.9114285714286,35,35,3041,0,,1,0.0670697,2,0,0,0,0.0,871,1305,66.743295019157,199,620,32.096774193548,5,54,76,172,0,0,0.0,0,0,0.0,1677,445,0,303,1,12,85.714285714286,14,1,93.333333333333,26,89.655172413793,2,0,0.0,1,26,0,0,1,3,0,2,14,3,1,98,1,20,9,47,71,24,44,3,7,23,21,39,0,2,0
962053,Filip Jørgensen,Chelsea,filip jorgensen,6.76,5,3,378,0,,0,0.00228628,0,0,0,0,0.0,130,171,76.023391812865,18,57,31.578947368421,0,5,14,21,1,1,100.0,0,0,0.0,212,42,0,34,1,1,50.0,2,0,100.0,3,75.0,0,0,0.0,1,2,0,0,0,0,0,0,0,0,0,8,0,3,0,5,6,2,4,1,1,5,5,4,0,0,0
822470,Samuel Chukwueze,Fulham,samuel chukwueze,6.8739130434783,23,10,1075,3,2.0748,4,3.30020973,4,2,25,7,12.0,305,413,73.849878934625,16,23,69.565217391304,24,126,14,24,18,39,46.153846153846,44,8,18.181818181818,634,206,10,57,15,36,43.90243902439,7,11,38.888888888889,43,43.0,6,4,66.666666666667,7,10,8,1,0,2,6,5,12,0,0,0,0,0,0,20,0,0,17,3,0,0,0,0,0,0,0
192442,Raúl Jiménez,Fulham,raul jimenez,6.6777777777778,36,27,2206,9,11.4959,3,0.93374736,2,9,74,19,12.162162162162,329,518,63.513513513514,16,26,61.538461538462,25,109,10,18,10,27,37.037037037037,7,2,28.571428571429,925,303,9,55,28,78,44.067796610169,85,127,40.094339622642,163,41.902313624679,35,21,60.0,8,30,21,3,1,0,19,46,34,5,0,0,0,0,2,28,0,0,26,2,0,0,0,0,0,0,0
1015256,Rodrigo Muniz,Fulham,rodrigo muniz,6.552380952381,21,10,997,1,3.34,1,0.14473975,1,6,32,5,3.125,56,132,42.424242424242,3,10,30.0,8,26,3,12,5,12,41.666666666667,2,0,0.0,332,143,5,15,12,30,41.095890410959,78,69,53.061224489796,108,49.090909090909,8,3,37.5,2,24,11,3,0,0,5,21,18,2,0,0,0,0,0,13,0,0,11,2,0,0,0,0,0,0,0
1503757,Jonah Kusi-Asare,Fulham,jonah kusi-asare,6.4666666666667,7,0,79,0,,0,0.01148047,0,0,0,0,0.0,11,16,68.75,0,1,0.0,1,6,0,1,0,0,0.0,0,0,0.0,25,8,0,4,0,3,33.333333333333,1,6,14.285714285714,4,25.0,1,1,100.0,0,0,0,0,0,0,3,4,2,1,0,0,0,0,0,2,0,0,2,0,0,0,0,0,0,0,0
1065216,Oscar Bobb,Fulham,oscar bobb,6.7913043478261,23,11,1050,0,1.4846,1,2.10742717,1,1,12,3,0.0,344,401,85.785536159601,2,8,25.0,22,164,6,12,27,45,60.0,14,4,28.571428571429,629,136,8,42,23,65,53.719008264463,6,7,46.153846153846,71,52.985074626866,21,12,57.142857142857,9,3,4,0,0,1,7,9,17,1,0,0,0,0,1,13,0,0,11,2,0,0,0,0,0,0,0
352770,Alex Iwobi,Fulham,alex iwobi,7.0689655172414,29,29,2434,4,1.9185,3,4.6938767,4,0,39,15,10.25641025641,1219,1432,85.125698324022,73,115,63.478260869565,44,376,61,114,19,45,42.222222222222,93,32,34.408602150538,1818,374,10,127,24,55,45.081967213115,7,8,46.666666666667,62,45.255474452555,27,19,70.37037037037,14,18,15,3,0,1,9,8,10,3,0,0,0,0,2,40,0,0,35,5,0,0,0,0,0,0,0
867445,Emile Smith Rowe,Fulham,emile smith rowe,6.6675675675676,37,22,1943,3,4.7699,0,1.1074309,1,5,36,11,8.3333333333333,838,920,91.086956521739,9,14,64.285714285714,18,288,9,19,14,29,48.275862068966,13,1,7.6923076923077,1223,185,7,71,31,65,52.0,7,13,35.0,72,49.655172413793,35,21,60.0,22,18,11,1,0,2,6,10,17,1,0,0,0,0,0,27,0,0,24,3,0,0,0,0,0,0,0
1112879,Kevin,Fulham,kevin,6.7730769230769,26,9,1037,1,1.1974,1,1.47861992,1,1,25,10,4.0,259,339,76.401179941003,20,27,74.074074074074,14,125,12,18,44,88,50.0,44,12,27.272727272727,669,218,7,48,23,82,45.303867403315,8,14,36.363636363636,90,44.334975369458,21,11,52.380952380952,9,8,6,0,0,0,18,14,17,1,0,0,0,0,0,15,0,0,14,1,0,0,0,0,0,0,0
355528,Harry Wilson,Fulham,harry wilson,7.1138888888889,36,32,2691,10,5.8264,7,4.7764453,8,1,78,25,12.820512820513,631,777,81.209781209781,37,65,56.923076923077,39,265,41,67,18,33,54.545454545455,115,32,27.826086956522,1264,308,10,82,23,84,52.830188679245,5,20,20.0,89,48.369565217391,29,19,65.51724137931,15,48,27,3,0,2,24,13,37,7,0,0,0,0,4,38,0,0,34,4,0,0,0,0,0,0,0
793167,Sander Berge,Fulham,sander berge,6.86,35,34,2911,0,1.5366,1,1.50335682,3,3,15,3,0.0,1553,1729,89.820705610179,54,86,62.790697674419,21,296,24,40,9,21,42.857142857143,13,3,23.076923076923,2075,249,7,133,20,80,50.632911392405,50,31,61.728395061728,130,54.393305439331,57,40,70.175438596491,25,50,7,16,1,1,11,35,14,5,0,0,0,0,5,45,0,0,40,5,0,0,0,0,0,0,0
371222,Saša Lukić,Fulham,sasa lukic,6.6538461538462,26,20,1734,1,2.2625,2,1.90704936,3,3,18,6,5.5555555555556,625,730,85.616438356164,9,17,52.941176470588,28,172,9,19,6,11,54.545454545455,68,19,27.941176470588,1057,188,5,71,9,80,51.612903225806,23,34,40.350877192982,103,48.584905660377,49,27,55.102040816327,18,36,5,9,0,2,10,53,25,9,0,0,0,0,4,22,0,0,18,4,0,0,0,0,0,0,0
1546231,Joshua King,Fulham,joshua king,6.6125,32,15,1310,1,2.4687,2,0.6535286,0,3,26,11,3.8461538461538,278,348,79.885057471264,3,8,37.5,15,110,4,10,16,37,43.243243243243,12,0,0.0,602,169,5,59,19,73,55.725190839695,3,19,13.636363636364,76,49.673202614379,27,14,51.851851851852,3,14,5,5,1,0,8,13,30,4,0,0,0,0,0,18,0,0,17,1,0,0,0,0,0,0,0
82566,Tom Cairney,Fulham,tom cairney,6.825,24,6,805,2,1.2065,0,0.81598907,0,0,17,2,11.764705882353,641,692,92.630057803468,23,34,67.647058823529,11,160,24,40,4,8,50.0,6,2,33.333333333333,785,75,3,43,4,22,46.808510638298,10,3,76.923076923077,32,53.333333333333,7,3,42.857142857143,4,7,7,1,0,0,7,10,11,3,0,0,0,0,0,10,0,0,8,2,0,0,0,0,0,0,0
365802,Harrison Reed,Fulham,harrison reed,6.8,7,1,126,1,0.1259,0,0.46475392,0,0,2,1,50.0,40,43,93.023255813953,3,4,75.0,3,8,5,6,0,0,0.0,4,3,75.0,54,6,1,5,0,1,16.666666666667,1,2,33.333333333333,2,22.222222222222,0,0,0.0,0,1,1,0,0,0,3,2,1,0,0,0,0,0,0,4,0,0,4,0,0,0,0,0,0,0,0
861972,Calvin Bassey,Fulham,calvin bassey,6.8133333333333,30,28,2544,1,1.7156,0,0.38542855,0,0,13,2,7.6923076923077,1497,1706,87.749120750293,56,154,36.363636363636,10,157,40,112,10,20,50.0,14,3,21.428571428571,2130,280,2,119,17,112,64.739884393064,39,33,54.166666666667,151,61.632653061224,62,36,58.064516129032,22,99,6,21,2,3,7,28,40,5,0,0,0,0,7,40,0,0,34,6,0,0,0,0,0,0,0
825719,Issa Diop,Fulham,issa diop,6.6,13,8,827,1,0.8007,0,0.05194922,0,0,2,1,50.0,433,494,87.651821862348,15,45,33.333333333333,0,28,8,25,1,1,100.0,1,0,0.0,589,73,1,19,0,10,47.619047619048,15,10,60.0,25,54.347826086957,6,4,66.666666666667,6,42,0,7,0,1,3,9,3,2,0,0,0,0,0,13,0,0,10,3,0,0,0,0,0,0,0
803174,Antonee Robinson,Fulham,antonee robinson,6.8545454545455,22,17,1492,1,1.0668,0,1.57024286,1,0,6,1,16.666666666667,640,800,80.0,33,76,43.421052631579,22,182,25,52,12,21,57.142857142857,77,14,18.181818181818,1292,306,1,98,7,69,56.55737704918,18,12,60.0,87,57.236842105263,48,30,62.5,29,55,4,3,0,1,23,15,9,5,0,0,0,0,4,19,0,0,17,2,0,0,0,0,0,0,0
329417,Timothy Castagne,Fulham,timothy castagne,6.7321428571429,30,20,1872,0,1.4159,0,1.46030738,3,1,14,6,0.0,687,796,86.306532663317,33,59,55.932203389831,18,158,37,55,3,6,50.0,48,15,31.25,1216,177,2,56,2,54,65.853658536585,27,32,45.762711864407,81,57.446808510638,40,24,60.0,31,65,5,10,0,1,5,18,11,4,0,0,0,0,3,31,0,0,27,4,0,0,0,0,0,0,0
362682,Joachim Andersen,Fulham,joachim andersen,7.0242424242424,33,33,2884,0,1.483,1,1.82201574,3,2,16,4,0.0,1958,2275,86.065934065934,166,362,45.85635359116,7,227,108,225,6,7,85.714285714286,15,4,26.666666666667,2749,352,1,114,3,62,54.867256637168,79,31,71.818181818182,141,63.22869955157,45,27,60.0,36,229,3,19,2,1,16,31,13,7,1,0,0,0,8,44,0,0,40,4,0,0,0,0,0,0,0
836698,Ryan Sessegnon,Fulham,ryan sessegnon,6.5730769230769,27,20,1822,3,1.6074,1,1.81110763,3,1,16,4,18.75,519,679,76.435935198822,21,58,36.206896551724,14,139,10,36,9,25,36.0,56,6,10.714285714286,1247,339,3,74,18,60,44.117647058824,19,26,42.222222222222,79,43.646408839779,48,29,60.416666666667,25,64,6,8,0,1,12,33,3,0,0,0,0,0,3,29,0,0,25,4,0,0,0,0,0,0,0
190877,Kenny Tete,Fulham,kenny tete,6.9136363636364,22,21,1802,1,0.9581,0,1.42077464,1,0,16,3,6.25,748,886,84.424379232506,36,77,46.753246753247,11,145,34,61,8,22,36.363636363636,34,13,38.235294117647,1407,237,2,82,16,104,60.115606936416,27,18,60.0,131,60.091743119266,65,38,58.461538461538,27,68,6,6,0,0,13,27,31,2,0,0,0,0,5,25,0,0,23,2,0,0,0,0,0,0,0
868715,Jorge Cuenca,Fulham,jorge cuenca,6.8785714285714,15,11,965,0,0.0501,0,0.55982261,1,0,1,0,0.0,553,626,88.338658146965,26,74,35.135135135135,3,44,20,42,2,5,40.0,2,1,50.0,774,81,0,40,0,19,52.777777777778,17,15,53.125,36,52.941176470588,16,9,56.25,16,75,0,10,0,0,4,10,1,6,0,0,0,0,2,11,0,0,11,0,0,0,0,0,0,0,0
103335,Bernd Leno,Fulham,bernd leno,6.9263157894737,38,38,3420,0,,0,0.03913742,0,0,0,0,0.0,1078,1394,77.331420373027,173,486,35.59670781893,0,25,72,114,0,0,0.0,0,0,0.0,1776,329,0,318,0,7,100.0,21,1,95.454545454545,28,96.551724137931,4,1,25.0,1,45,0,0,1,4,0,0,6,3,0,98,1,16,9,51,61,36,45,6,30,22,22,28,1,4,0
805123,Yoane Wissa,Newcastle United,yoane wissa,6.4555555555556,19,4,539,1,3.1172,1,0.55691987,1,6,13,5,7.6923076923077,65,93,69.89247311828,4,5,80.0,4,30,3,4,1,12,8.3333333333333,1,0,0.0,162,57,2,14,6,8,25.0,15,20,42.857142857143,23,34.328358208955,5,5,100.0,0,2,0,1,0,0,1,6,2,3,0,0,0,0,0,11,0,0,9,2,0,0,0,0,0,0,0
914902,Anthony Gordon,Newcastle United,anthony gordon,7.052,26,24,1817,6,8.8261,2,3.3672756,5,9,48,20,12.5,423,517,81.818181818182,17,26,65.384615384615,26,203,10,20,33,70,47.142857142857,70,15,21.428571428571,937,260,10,57,26,92,51.396648044693,8,26,23.529411764706,100,46.948356807512,19,13,68.421052631579,3,13,11,0,1,1,12,13,40,3,1,0,0,0,2,28,0,0,23,5,0,0,0,0,0,0,0
980623,Nick Woltemade,Newcastle United,nick woltemade,6.6727272727273,33,24,1939,8,6.5949,3,1.53233618,5,6,32,13,25.0,293,384,76.302083333333,8,15,53.333333333333,22,115,12,17,13,35,37.142857142857,3,0,0.0,680,216,13,53,42,57,38.0,35,56,38.461538461538,92,38.174273858921,24,12,50.0,5,21,8,2,0,0,11,20,20,0,0,0,0,0,1,29,0,0,24,5,0,0,0,0,0,0,0
979232,Anthony Elanga,Newcastle United,anthony elanga,6.5935483870968,32,14,1338,0,1.6743,1,1.75726044,2,1,17,4,0.0,344,426,80.75117370892,8,12,66.666666666667,15,154,6,10,13,42,30.952380952381,82,12,14.634146341463,731,250,3,32,18,52,44.067796610169,13,22,37.142857142857,65,42.483660130719,14,11,78.571428571429,3,6,5,0,0,0,12,8,25,0,0,0,0,0,0,28,0,0,26,2,0,0,0,0,0,0,0
1122603,William Osula,Newcastle United,william osula,6.8090909090909,24,8,863,7,4.2917,0,0.61607412,0,4,23,12,30.434782608696,65,81,80.246913580247,0,2,0.0,6,24,0,1,8,16,50.0,3,2,66.666666666667,223,68,5,23,13,30,40.0,9,28,24.324324324324,39,34.821428571429,6,5,83.333333333333,1,0,7,1,0,0,3,24,16,0,0,0,0,0,1,14,0,0,12,2,0,0,0,0,0,0,0
855647,Harvey Barnes,Newcastle United,harvey barnes,6.7638888888889,37,19,1961,7,7.0733,1,2.75409528,4,9,58,21,12.068965517241,472,585,80.683760683761,8,16,50.0,24,244,11,24,13,45,28.888888888889,75,15,20.0,945,281,11,67,24,49,36.842105263158,7,16,30.434782608696,56,35.897435897436,13,5,38.461538461538,3,16,19,1,0,1,14,17,23,1,0,0,0,0,3,31,0,0,25,6,0,0,0,0,0,0,0
372336,Jacob Murphy,Newcastle United,jacob murphy,6.7181818181818,33,19,1627,3,3.1463,2,2.74052661,10,3,42,13,7.1428571428571,366,499,73.346693386774,20,38,52.631578947368,23,173,14,33,20,40,50.0,125,24,19.2,908,315,7,47,19,49,40.833333333333,7,12,36.842105263158,56,40.287769784173,16,12,75.0,6,17,14,4,0,1,25,9,13,2,0,0,0,0,1,20,0,0,16,4,0,0,0,0,0,0,0
1511675,Sean Neave,Newcastle United,sean neave,6.4,1,0,13,0,0.0318,0,0.00024667,0,0,1,0,0.0,0,0,0.0,0,0,0.0,0,0,0,0,0,0,0.0,0,0,0.0,5,2,0,0,1,0,0.0,0,1,0.0,0,0.0,0,0,0.0,0,0,1,0,0,0,0,0,0,0,0,0,0,0,0,1,0,0,0,1,0,0,0,0,0,0,0
866469,Bruno Guimarães,Newcastle United,bruno guimaraes,7.451724137931,29,27,2455,9,5.5992,5,4.982691,7,4,42,23,21.428571428571,1250,1451,86.147484493453,81,134,60.44776119403,46,446,78,123,18,48,37.5,82,21,25.609756097561,2034,407,18,135,46,155,52.013422818792,13,22,37.142857142857,168,50.45045045045,62,43,69.354838709677,15,36,6,3,0,0,26,45,75,6,0,0,0,0,6,37,0,0,30,7,0,0,0,0,0,0,0
892673,Sandro Tonali,Newcastle United,sandro tonali,6.9242424242424,35,31,2543,0,1.74,2,2.89099213,6,1,37,8,0.0,1319,1563,84.388995521433,71,150,47.333333333333,32,374,49,98,19,31,61.290322580645,96,20,20.833333333333,2030,396,15,147,17,94,55.621301775148,13,13,50.0,107,54.871794871795,35,26,74.285714285714,31,37,18,7,0,1,23,24,42,4,0,0,0,0,5,38,0,0,32,6,0,0,0,0,0,0,0
560128,Joelinton,Newcastle United,joelinton,6.7925925925926,27,23,1953,2,2.3945,1,1.34732211,3,1,32,11,6.25,694,839,82.717520858164,22,34,64.705882352941,17,209,15,22,16,30,53.333333333333,10,2,20.0,1198,225,11,120,26,86,46.236559139785,63,47,57.272727272727,149,50.337837837838,43,24,55.813953488372,30,40,9,3,0,2,20,47,27,10,0,0,0,0,3,27,0,0,23,4,0,0,0,0,0,0,0
1400650,Lewis Miley,Newcastle United,lewis miley,6.9142857142857,23,15,1494,1,1.3393,4,2.1116459,3,2,12,4,8.3333333333333,754,840,89.761904761905,21,34,61.764705882353,15,192,22,31,12,14,85.714285714286,42,6,14.285714285714,1121,158,2,69,9,44,61.111111111111,45,17,72.58064516129,89,66.417910447761,29,18,62.068965517241,20,34,4,3,0,2,12,5,4,0,0,0,0,0,2,22,0,0,17,5,0,0,0,0,0,0,0
975937,Jacob Ramsey,Newcastle United,jacob ramsey,6.6888888888889,28,15,1465,2,1.1868,3,1.43293854,2,1,16,4,12.5,635,707,89.81612446959,16,23,69.565217391304,22,206,5,10,15,30,50.0,9,4,44.444444444444,917,128,11,85,13,70,56.910569105691,9,12,42.857142857143,79,54.861111111111,41,22,53.658536585366,9,10,6,4,0,1,13,16,14,3,1,0,0,0,1,30,0,0,25,5,0,0,0,0,0,0,0
888550,Joe Willock,Newcastle United,joe willock,6.5608695652174,24,10,1011,0,1.2628,2,1.09887441,4,1,17,6,0.0,302,359,84.122562674095,10,22,45.454545454545,14,117,8,18,7,17,41.176470588235,15,3,20.0,554,122,9,52,12,38,40.0,10,11,47.619047619048,48,41.379310344828,20,14,70.0,9,6,3,2,0,0,19,16,11,3,0,0,0,0,0,18,0,0,15,3,0,0,0,0,0,0,0
69256,Kieran Trippier,Newcastle United,kieran trippier,6.7,21,18,1592,0,0.0823,1,2.01194538,1,0,2,0,0.0,861,1061,81.14985862394,49,124,39.516129032258,28,279,39,103,4,10,40.0,100,34,34.0,1482,304,1,73,6,48,43.636363636364,24,24,50.0,72,45.569620253165,26,14,53.846153846154,10,48,0,1,0,1,28,22,19,3,0,0,0,0,4,27,0,0,23,4,0,0,0,0,0,0,0
1014286,Malick Thiaw,Newcastle United,malick thiaw,7.0228571428571,35,33,2964,4,4.721,0,0.97273648,1,6,28,14,14.285714285714,1519,1695,89.616519174041,85,148,57.432432432432,6,192,50,85,8,8,100.0,8,1,12.5,2114,199,0,118,3,62,63.265306122449,114,61,65.142857142857,176,64.468864468864,44,32,72.727272727273,31,184,8,33,2,4,12,24,11,4,0,0,0,0,4,52,0,0,44,8,0,0,0,0,0,0,0
980634,Tino Livramento,Newcastle United,tino livramento,6.7764705882353,17,14,1328,0,0.1356,1,0.94776038,1,0,3,0,0.0,580,653,88.820826952527,20,34,58.823529411765,11,206,10,15,14,32,43.75,36,9,25.0,1007,188,5,81,9,52,55.913978494624,9,9,50.0,61,54.954954954955,22,15,68.181818181818,6,39,2,2,0,0,8,7,16,1,0,0,0,0,5,14,0,0,13,1,0,0,0,0,0,0,0
1136730,Lewis Hall,Newcastle United,lewis hall,6.8379310344828,30,24,2179,1,1.0094,1,2.75436981,5,1,25,6,4.0,1075,1261,85.249801744647,47,112,41.964285714286,25,324,33,73,37,68,54.411764705882,102,20,19.607843137255,2021,406,12,134,38,132,56.652360515021,26,32,44.827586206897,158,54.295532646048,54,31,57.407407407407,28,77,11,14,1,2,16,17,41,4,0,0,0,0,3,39,0,0,34,5,0,0,0,0,0,0,0
99090,Dan Burn,Newcastle United,dan burn,6.5827586206897,29,25,2209,1,1.0569,2,0.39938466,0,1,10,3,10.0,836,1054,79.316888045541,29,103,28.155339805825,7,110,24,59,2,3,66.666666666667,14,1,7.1428571428571,1505,292,3,76,6,53,46.491228070175,98,64,60.493827160494,151,54.710144927536,40,26,65.0,21,152,3,12,0,2,19,36,13,9,1,0,0,0,5,34,0,0,29,5,0,0,0,0,0,0,0
910046,Sven Botman,Newcastle United,sven botman,7.004347826087,25,21,1838,1,1.7385,1,0.88146963,3,1,15,4,6.6666666666667,1037,1190,87.142857142857,47,109,43.119266055046,8,41,24,54,4,4,100.0,2,0,0.0,1521,174,1,88,5,44,68.75,87,48,64.444444444444,131,65.829145728643,22,14,63.636363636364,27,141,4,26,0,4,3,13,19,2,0,0,0,0,4,27,0,0,21,6,0,0,0,0,0,0,0
101882,Fabian Schär,Newcastle United,fabian schar,7.1,16,11,1091,0,0.9829,0,0.61340373,0,2,17,4,0.0,672,796,84.422110552764,71,154,46.103896103896,4,78,37,90,0,1,0.0,4,1,25.0,975,138,1,43,1,20,48.780487804878,46,27,63.013698630137,66,57.894736842105,14,10,71.428571428571,18,71,4,12,0,3,6,15,6,1,0,0,0,0,4,13,0,0,10,3,0,0,0,0,0,0,0
150396,Emil Krafth,Newcastle United,emil krafth,5.8,1,1,45,0,,0,0.00428481,0,0,0,0,0.0,14,19,73.684210526316,0,0,0.0,0,4,0,0,0,1,0.0,1,0,0.0,33,8,0,0,1,0,0.0,0,0,0.0,0,0.0,0,0,0.0,0,1,0,0,0,0,0,1,0,0,0,0,0,0,0,2,0,0,1,1,0,0,0,0,0,0,0
1125214,Alex Murphy,Newcastle United,alex murphy,6.7,2,0,16,0,,0,0.00315812,0,0,0,0,0.0,7,7,100.0,0,0,0.0,0,2,0,0,0,0,0.0,0,0,0.0,13,0,0,0,0,0,0.0,0,0,0.0,0,0.0,0,0,0.0,1,2,0,1,0,0,0,0,0,0,0,0,0,0,0,1,0,0,1,0,0,0,0,0,0,0,0
839410,Aaron Ramsdale,Newcastle United,aaron ramsdale,6.6666666666667,12,11,1003,0,,0,0.0176719,0,0,0,0,0.0,267,400,66.75,55,185,29.72972972973,1,16,13,31,0,0,0.0,0,0,0.0,507,135,0,89,0,1,100.0,5,2,71.428571428571,6,75.0,0,0,0.0,0,10,0,0,0,1,0,0,1,2,0,25,0,10,1,17,16,9,16,1,6,8,8,11,0,3,0
162653,Nick Pope,Newcastle United,nick pope,6.9,27,27,2417,0,0.162,0,0.01949709,0,0,1,1,0.0,368,610,60.327868852459,96,336,28.571428571429,0,16,13,23,0,0,0.0,0,0,0.0,989,253,0,255,0,2,66.666666666667,15,0,100.0,17,94.444444444444,1,1,100.0,0,35,0,0,3,2,0,1,2,2,0,89,0,23,7,38,62,26,30,8,12,28,26,29,0,2,0
1403061,Tyrique George,Everton,tyrique george,6.5857142857143,15,1,370,0,0.6286,0,1.18171124,3,1,10,5,0.0,89,111,80.18018018018,1,5,20.0,3,42,2,4,7,14,50.0,11,5,45.454545454545,192,58,5,14,9,16,38.095238095238,1,2,33.333333333333,17,37.777777777778,7,5,71.428571428571,2,0,1,0,0,1,1,9,2,2,0,0,0,0,0,9,0,0,9,0,0,0,0,0,0,0,0
1395746,Thierno Barry,Everton,thierno barry,6.5289473684211,38,21,1932,8,8.1472,0,0.46521527,2,10,38,14,21.052631578947,219,362,60.497237569061,1,3,33.333333333333,12,90,1,4,9,30,30.0,4,1,25.0,678,278,9,35,23,23,19.827586206897,130,154,45.774647887324,153,38.25,6,4,66.666666666667,5,25,7,4,0,0,10,47,8,3,0,0,0,0,0,34,0,0,31,3,0,0,0,0,0,0,0
987489,Beto,Everton,beto,6.6194444444444,37,17,1613,9,8.9064,1,0.22445308,1,10,43,17,20.93023255814,129,208,62.019230769231,1,1,100.0,12,45,1,2,14,41,34.146341463415,2,0,0.0,561,222,8,26,30,41,31.538461538462,92,115,44.444444444444,133,39.46587537092,15,4,26.666666666667,1,43,11,5,0,1,3,33,12,3,0,0,0,0,0,19,0,0,18,1,0,0,0,0,0,0,0
914309,Iliman Ndiaye,Everton,iliman ndiaye,6.865625,32,32,2786,6,6.7066,3,4.41436181,7,3,43,22,13.953488372093,790,941,83.953241232731,6,19,31.578947368421,30,327,3,10,73,134,54.477611940299,55,7,12.727272727273,1576,410,26,178,64,180,49.723756906077,11,36,23.404255319149,191,46.699266503667,70,43,61.428571428571,16,19,13,2,0,1,27,30,37,2,0,0,0,0,5,44,0,0,41,3,0,0,0,0,0,0,0
189061,Jack Grealish,Everton,jack grealish,7.23,20,18,1631,2,2.1457,6,3.56887946,5,4,26,8,7.6923076923077,482,573,84.118673647469,18,32,56.25,40,238,18,29,23,57,40.350877192982,39,10,25.641025641026,932,227,16,87,30,102,54.545454545455,4,19,17.391304347826,106,50.47619047619,21,15,71.428571428571,12,11,12,6,0,2,10,13,58,3,1,0,0,0,5,23,0,0,21,2,0,0,0,0,0,0,0
106337,Idrissa Gana Gueye,Everton,idrissa gana gueye,6.812,25,25,2101,2,1.9993,3,1.77280926,2,0,29,7,6.8965517241379,930,1065,87.323943661972,20,44,45.454545454545,13,260,21,36,7,21,33.333333333333,19,4,21.052631578947,1364,205,4,114,9,81,56.643356643357,13,12,52.0,94,55.952380952381,43,20,46.511627906977,28,24,11,7,0,2,19,21,31,1,1,0,0,0,4,26,0,0,24,2,0,0,0,0,0,0,0
861970,Kiernan Dewsbury-Hall,Everton,kiernan dewsbury-hall,7.1645161290323,31,30,2635,8,4.3146,4,5.3819736,10,3,39,15,20.512820512821,846,1026,82.456140350877,23,67,34.328358208955,37,368,10,29,27,50,54.0,112,21,18.75,1580,398,21,134,49,126,51.428571428571,21,25,45.652173913043,147,50.515463917526,52,25,48.076923076923,12,28,11,4,0,1,19,32,48,6,0,0,0,0,5,39,0,0,37,2,0,0,0,0,0,0,0
1017392,Carlos Alcaraz,Everton,carlos alcaraz,6.5,20,6,730,0,1.2412,1,0.54308689,2,1,20,5,0.0,251,307,81.758957654723,12,18,66.666666666667,10,84,6,11,7,15,46.666666666667,6,3,50.0,452,107,2,43,9,32,45.070422535211,14,17,45.161290322581,46,45.098039215686,14,9,64.285714285714,3,7,8,3,0,2,12,10,12,4,0,0,0,0,0,10,0,0,9,1,0,0,0,0,0,0,0
927361,James Garner,Everton,james garner,7.2289473684211,38,38,3414,2,2.0329,7,5.9537438,12,0,45,14,4.4444444444444,1564,1793,87.228109313999,60,131,45.801526717557,56,490,39,76,18,34,52.941176470588,207,53,25.6038647343,2654,479,15,184,15,179,60.884353741497,30,17,63.829787234043,209,61.290322580645,120,71,59.166666666667,59,85,11,10,0,1,46,39,42,12,0,0,0,0,11,50,0,0,46,4,0,0,0,0,0,0,0
1174472,Tyler Dibling,Everton,tyler dibling,6.5615384615385,14,4,371,0,0.1993,0,0.15515412,0,0,4,0,0.0,88,102,86.274509803922,3,4,75.0,4,29,2,2,13,27,48.148148148148,7,1,14.285714285714,207,59,2,22,10,31,43.055555555556,2,5,28.571428571429,33,41.772151898734,7,3,42.857142857143,6,4,3,1,0,0,6,11,11,2,0,0,0,0,1,2,0,0,2,0,0,0,0,0,0,0,0
935543,Dwight McNeil,Everton,dwight mcneil,6.6272727272727,22,14,1188,0,1.3892,1,1.92005672,1,1,24,5,0.0,264,324,81.481481481481,7,20,35.0,15,93,9,19,7,13,53.846153846154,42,10,23.809523809524,555,149,12,62,19,37,43.529411764706,7,11,38.888888888889,44,42.718446601942,23,17,73.913043478261,10,13,12,3,1,1,12,11,7,1,0,0,0,0,3,9,0,0,7,2,0,0,0,0,0,0,0
1064082,Merlin Röhl,Everton,merlin rohl,6.5266666666667,16,6,694,1,0.7845,0,0.32187189,0,1,11,1,9.0909090909091,131,169,77.514792899408,3,6,50.0,6,40,3,4,3,11,27.272727272727,5,3,60.0,312,81,3,28,15,35,41.666666666667,15,23,39.473684210526,50,40.983606557377,25,12,48.0,4,9,4,2,0,0,6,20,7,0,0,0,0,0,2,13,0,0,13,0,0,0,0,0,0,0,0
1085950,Tim Iroegbunam,Everton,tim iroegbunam,6.7518518518519,29,17,1505,0,0.6036,2,0.70612271,3,0,12,1,0.0,399,490,81.428571428571,9,17,52.941176470588,8,108,11,21,15,40,37.5,3,0,0.0,794,173,4,78,28,103,53.926701570681,22,16,57.894736842105,125,54.585152838428,68,45,66.176470588235,22,9,4,12,1,2,7,29,20,9,0,0,0,0,3,18,0,0,17,1,0,0,0,0,0,0,0
1627560,Harrison Armstrong,Everton,harrison armstrong,6.6363636363636,13,6,537,0,0.7874,0,0.21016335,0,1,5,2,0.0,166,206,80.582524271845,5,8,62.5,4,61,3,8,1,7,14.285714285714,2,0,0.0,291,69,5,25,8,28,56.0,6,7,46.153846153846,34,53.968253968254,13,10,76.923076923077,4,8,1,1,0,0,3,6,14,0,0,0,0,0,1,11,0,0,9,2,0,0,0,0,0,0,0
876643,Vitaliy Mykolenko,Everton,vitaliy mykolenko,6.6909090909091,33,33,2960,0,0.2937,1,2.4555426,1,0,9,2,0.0,948,1188,79.79797979798,53,163,32.515337423313,23,308,50,116,10,30,33.333333333333,93,20,21.505376344086,2016,484,10,107,11,89,50.568181818182,50,38,56.818181818182,139,52.651515151515,51,28,54.901960784314,30,145,3,9,1,0,30,29,28,6,0,0,0,0,9,47,0,0,43,4,0,0,0,0,0,0,0
979563,Jarrad Branthwaite,Everton,jarrad branthwaite,7.01,10,7,689,1,0.3516,0,0.11597741,1,0,6,2,16.666666666667,294,351,83.760683760684,21,39,53.846153846154,3,66,19,35,0,4,0.0,3,0,0.0,464,76,0,29,2,14,53.846153846154,30,8,78.947368421053,44,68.75,13,5,38.461538461538,11,41,1,2,0,2,3,3,1,1,0,0,0,0,0,9,0,0,8,1,0,0,0,0,0,0,0
145188,James Tarkowski,Everton,james tarkowski,7.1486486486486,37,37,3330,2,2.7498,3,2.07065089,2,4,21,10,9.5238095238095,1257,1559,80.628608082104,100,243,41.152263374486,19,151,73,182,4,8,50.0,7,2,28.571428571429,2093,332,3,88,1,87,64.925373134328,147,64,69.668246445498,234,67.826086956522,51,29,56.862745098039,32,242,6,52,1,7,13,32,35,8,0,0,0,0,11,48,0,0,44,4,0,0,0,0,0,0,0
998253,Jake O'Brien,Everton,jake o'brien,6.6945945945946,37,35,3131,1,1.7358,1,0.98696642,0,1,13,6,7.6923076923077,798,1079,73.957367933272,41,133,30.827067669173,17,179,19,57,6,20,30.0,49,13,26.530612244898,1814,476,6,114,21,79,54.861111111111,116,59,66.285714285714,195,61.128526645768,57,32,56.140350877193,15,144,3,16,1,2,8,23,17,6,1,0,0,0,9,46,0,0,42,4,0,0,0,0,0,0,0
110846,Michael Keane,Everton,michael keane,6.89375,33,29,2619,3,2.326,1,0.50799921,0,3,26,7,11.538461538462,942,1102,85.480943738657,61,128,47.65625,2,81,34,66,6,11,54.545454545455,1,0,0.0,1537,188,1,88,5,48,57.142857142857,112,64,63.636363636364,160,61.538461538462,36,23,63.888888888889,37,203,8,27,0,0,12,16,6,1,1,0,0,0,7,42,0,0,39,3,0,0,0,0,0,0,0
76632,Séamus Coleman,Everton,seamus coleman,6.5333333333333,5,1,39,0,,0,0.16407841,0,0,0,0,0.0,18,18,100.0,1,1,100.0,1,5,1,1,0,0,0.0,3,2,66.666666666667,26,1,0,2,0,1,50.0,1,0,100.0,2,66.666666666667,0,0,0.0,0,2,0,0,1,0,1,0,1,0,0,0,0,0,0,1,0,0,1,0,0,0,0,0,0,0,0
1020141,Nathan Patterson,Everton,nathan patterson,6.8833333333333,7,3,266,0,0.029,0,0.04110705,0,0,1,1,0.0,64,84,76.190476190476,4,13,30.769230769231,0,13,6,11,1,5,20.0,6,0,0.0,148,39,1,14,1,13,54.166666666667,7,2,77.777777777778,20,60.606060606061,10,4,40.0,2,17,0,2,0,0,4,2,2,0,0,0,0,0,1,2,0,0,1,1,0,0,0,0,0,0,0
138530,Jordan Pickford,Everton,jordan pickford,7.0078947368421,38,38,3420,0,,0,0.24227132,1,0,0,0,0.0,886,1439,61.570535093815,362,911,39.7365532382,2,149,134,246,0,0,0.0,0,0,0.0,1764,562,0,311,0,8,80.0,5,2,71.428571428571,13,76.470588235294,2,1,50.0,0,52,0,0,3,0,1,1,6,4,0,100,0,21,11,50,70,30,46,4,18,35,33,14,0,4,1
865523,Noah Okafor,Leeds United,noah okafor,6.9392857142857,28,19,1573,8,5.2633,1,1.32151281,4,4,35,15,22.857142857143,253,332,76.204819277108,22,28,78.571428571429,20,107,18,27,39,92,42.391304347826,37,7,18.918918918919,708,263,11,61,31,76,40.0,12,20,37.5,88,39.63963963964,23,15,65.217391304348,12,16,10,1,0,0,13,18,14,3,0,0,0,0,0,26,0,0,23,3,0,0,0,0,0,0,0
372344,Dominic Calvert-Lewin,Leeds United,dominic calvert-lewin,6.6857142857143,35,30,2726,14,15.8123,1,1.08945302,2,20,74,34,18.918918918919,269,460,58.478260869565,5,10,50.0,20,130,6,13,8,30,26.666666666667,10,1,10.0,893,358,18,46,29,56,37.58389261745,128,189,40.378548895899,184,39.484978540773,10,4,40.0,4,36,8,9,0,1,4,45,38,3,0,0,0,0,4,34,0,0,28,6,0,0,0,0,0,0,0
998951,Wilfried Gnonto,Leeds United,wilfried gnonto,6.6285714285714,23,4,535,0,0.4053,1,0.72426037,1,0,10,0,0.0,167,218,76.605504587156,6,8,75.0,9,76,3,6,5,14,35.714285714286,20,2,10.0,360,103,5,26,9,34,53.968253968254,1,13,7.1428571428571,35,45.454545454545,18,14,77.777777777778,3,12,4,0,0,0,4,7,11,3,0,0,0,0,0,14,0,0,13,1,0,0,0,0,0,0,0
803185,Lukas Nmecha,Leeds United,lukas nmecha,6.6892857142857,31,10,1092,6,7.2261,1,1.56449945,2,7,30,16,20.0,142,216,65.740740740741,6,8,75.0,11,56,5,9,7,13,53.846153846154,10,0,0.0,413,146,7,31,18,35,44.303797468354,32,49,39.506172839506,67,41.875,12,7,58.333333333333,3,11,5,1,0,0,4,18,18,0,0,0,0,0,0,23,0,0,21,2,0,0,0,0,0,0,0
850823,Joël Piroe,Leeds United,joel piroe,6.44375,16,2,315,0,0.9555,0,0.12686223,0,1,14,3,0.0,79,97,81.443298969072,6,7,85.714285714286,1,30,3,4,1,3,33.333333333333,4,1,25.0,146,35,2,9,5,3,21.428571428571,5,14,26.315789473684,8,24.242424242424,2,1,50.0,1,1,5,0,0,0,1,4,0,0,0,0,0,0,0,9,0,0,8,1,0,0,0,0,0,0,0
1117025,Facundo Buonanotte,Leeds United,facundo buonanotte,6.525,4,1,86,0,0.0628,0,0.27941215,0,0,2,0,0.0,28,36,77.777777777778,1,2,50.0,3,9,0,1,0,2,0.0,2,1,50.0,57,16,0,3,0,1,16.666666666667,1,1,50.0,2,25.0,1,0,0.0,1,0,2,1,0,0,2,1,0,1,0,0,0,0,0,4,0,0,3,1,0,0,0,0,0,0,0
871886,Ao Tanaka,Leeds United,ao tanaka,6.7346153846154,28,14,1326,2,1.6068,0,1.46549048,1,1,17,5,11.764705882353,590,690,85.507246376812,21,43,48.837209302326,18,130,17,39,4,11,36.363636363636,39,14,35.897435897436,907,163,10,81,8,40,46.511627906977,12,13,48.0,52,46.846846846847,27,14,51.851851851852,21,15,2,2,0,1,20,13,9,1,0,0,0,0,1,22,0,0,21,1,0,0,0,0,0,0,0
828639,Daniel James,Leeds United,daniel james,6.6111111111111,19,6,566,0,0.9077,0,0.72529043,1,2,14,3,0.0,72,119,60.504201680672,3,8,37.5,9,41,7,11,6,15,40.0,50,7,14.0,257,116,3,19,4,21,48.837209302326,7,7,50.0,28,49.122807017544,7,4,57.142857142857,1,8,7,0,0,0,8,1,8,0,0,0,0,0,0,16,0,0,12,4,0,0,0,0,0,0,0
847097,Ethan Ampadu,Leeds United,ethan ampadu,7.1342857142857,35,35,3123,1,2.4957,1,2.25210868,1,3,26,6,3.8461538461538,1482,1731,85.615251299827,83,158,52.53164556962,20,283,49,89,12,17,70.588235294118,26,10,38.461538461538,2370,434,16,182,12,127,61.650485436893,57,32,64.044943820225,184,62.372881355932,81,46,56.79012345679,50,83,11,18,0,5,19,50,36,10,0,0,0,0,6,49,0,0,42,7,0,0,0,0,0,0,0
911679,Ilia Gruev,Leeds United,ilia gruev,6.7090909090909,23,15,1334,0,0.4662,3,0.88321918,2,1,7,1,0.0,523,584,89.554794520548,19,28,67.857142857143,11,80,21,28,6,7,85.714285714286,15,4,26.666666666667,748,95,4,51,5,38,48.101265822785,14,20,41.176470588235,52,46.017699115044,24,12,50.0,15,19,1,6,0,0,19,16,9,3,0,0,0,0,2,23,0,0,22,1,0,0,0,0,0,0,0
973431,Brenden Aaronson,Leeds United,brenden aaronson,6.727027027027,37,30,2473,4,4.5515,5,3.62770842,9,4,47,17,8.5106382978723,542,668,81.137724550898,7,24,29.166666666667,34,192,6,15,31,84,36.904761904762,36,10,27.777777777778,1277,364,16,130,74,132,41.640378548896,24,48,33.333333333333,156,40.102827763496,50,25,50.0,15,17,18,4,0,0,41,20,51,3,0,0,0,0,1,32,0,0,27,5,0,0,0,0,0,0,0
889861,Anton Stach,Leeds United,anton stach,7.1379310344828,29,28,2378,5,2.9245,3,4.51179227,9,1,55,14,9.0909090909091,726,939,77.316293929712,42,78,53.846153846154,63,250,48,86,20,42,47.619047619048,157,45,28.662420382166,1525,414,25,119,26,107,49.767441860465,48,29,62.337662337662,155,53.082191780822,65,36,55.384615384615,20,52,24,9,0,1,24,36,24,3,0,0,0,0,5,36,0,0,31,5,0,0,0,0,0,0,0
866191,Sean Longstaff,Leeds United,sean longstaff,6.86,23,10,1046,2,1.2476,2,1.91153041,6,1,16,4,12.5,380,449,84.632516703786,15,35,42.857142857143,25,83,8,23,2,7,28.571428571429,54,27,50.0,667,122,5,43,12,57,52.777777777778,10,12,45.454545454545,67,51.538461538462,38,23,60.526315789474,12,11,3,6,0,0,22,13,17,2,0,0,0,0,1,20,0,0,16,4,0,0,0,0,0,0,0
886930,Jaka Bijol,Leeds United,jaka bijol,6.9,25,21,1913,1,0.8808,2,0.78149983,3,1,15,6,6.6666666666667,857,1010,84.851485148515,68,136,50.0,7,77,48,94,2,3,66.666666666667,1,0,0.0,1319,167,1,63,0,38,60.31746031746,66,60,52.380952380952,104,55.026455026455,26,14,53.846153846154,24,160,4,14,0,1,6,19,10,4,0,0,0,0,5,26,0,0,25,1,0,0,0,0,0,0,0
836675,Pascal Struijk,Leeds United,pascal struijk,6.7941176470588,34,33,2937,0,3.0214,1,0.78033654,2,4,31,5,0.0,1627,1839,88.47199564981,71,153,46.40522875817,12,171,39,97,4,6,66.666666666667,2,0,0.0,2295,249,1,118,8,64,55.172413793103,110,87,55.837563451777,174,55.591054313099,39,23,58.974358974359,31,207,8,19,0,0,17,27,22,5,0,0,0,0,6,48,0,0,41,7,0,0,0,0,0,0,0
834308,Gabriel Gudmundsson,Leeds United,gabriel gudmundsson,6.634375,32,31,2642,0,1.1039,0,2.74930902,4,0,18,3,0.0,730,957,76.280041797283,30,105,28.571428571429,21,169,25,56,39,74,52.702702702703,91,24,26.373626373626,1730,475,9,112,26,160,56.737588652482,18,32,36.0,178,53.614457831325,65,44,67.692307692308,27,83,5,7,1,0,30,31,56,4,1,0,0,0,3,45,0,0,40,5,0,0,0,0,0,0,0
827681,James Justin,Leeds United,james justin,6.9428571428571,29,21,1916,2,1.6742,1,1.17244446,5,2,24,6,8.3333333333333,539,709,76.022566995769,34,86,39.53488372093,12,107,27,68,3,16,18.75,38,6,15.789473684211,1227,287,2,70,10,87,64.925373134328,40,34,54.054054054054,127,61.057692307692,56,37,66.071428571429,28,90,8,11,0,1,11,13,30,4,0,0,0,0,6,26,0,0,23,3,0,0,0,0,0,0,0
828640,Joe Rodon,Leeds United,joe rodon,6.6970588235294,35,33,2953,2,1.4142,0,0.56918043,1,1,18,7,11.111111111111,1267,1450,87.379310344828,38,95,40.0,9,130,20,50,1,2,50.0,6,3,50.0,1921,239,1,85,6,55,63.953488372093,85,81,51.204819277108,140,55.555555555556,37,20,54.054054054054,29,185,4,22,1,2,10,17,19,3,0,0,0,0,6,53,0,0,46,7,0,0,0,0,0,0,0
929132,Jayden Bogle,Leeds United,jayden bogle,6.6205882352941,34,32,2809,1,2.1127,2,3.15802335,7,3,18,4,5.5555555555556,674,884,76.244343891403,33,90,36.666666666667,21,172,31,70,19,57,33.333333333333,67,16,23.880597014925,1547,414,16,134,34,114,45.6,24,29,45.283018867925,138,45.544554455446,66,43,65.151515151515,34,73,7,5,1,2,26,39,29,6,0,0,0,0,4,44,0,0,39,5,0,0,0,0,0,0,0
826167,Sebastiaan Bornauw,Leeds United,sebastiaan bornauw,6.7428571428571,12,5,439,0,0.2003,0,0.01626183,0,0,1,0,0.0,121,146,82.876712328767,11,20,55.0,0,9,6,9,1,2,50.0,1,1,100.0,224,32,0,13,1,9,42.857142857143,11,16,40.740740740741,20,41.666666666667,8,4,50.0,5,30,0,6,0,0,3,7,0,1,0,0,0,0,0,5,0,0,4,1,0,0,0,0,0,0,0
254713,Sam Byram,Leeds United,sam byram,6.45,2,0,18,0,,0,0.00022092,0,0,0,0,0.0,3,6,50.0,0,2,0.0,0,0,0,1,0,0,0.0,0,0,0.0,10,3,0,1,0,1,50.0,0,0,0.0,1,50.0,1,0,0.0,0,2,0,0,0,0,0,1,0,0,0,0,0,0,0,1,0,0,1,0,0,0,0,0,0,0,0
871290,Lucas Perri,Leeds United,lucas perri,6.5875,16,16,1440,0,,0,0.02700163,0,0,0,0,0.0,299,558,53.584229390681,93,351,26.495726495726,0,23,21,36,0,0,0.0,0,0,0.0,700,274,0,100,0,2,66.666666666667,5,2,71.428571428571,7,70.0,0,0,0.0,0,16,0,0,0,0,0,1,3,2,0,38,0,8,3,29,29,8,28,1,6,3,3,9,0,4,0
123689,Karl Darlow,Leeds United,karl darlow,7.0363636363636,22,22,1980,0,,0,0.07646176,0,0,0,0,0.0,492,846,58.156028368794,168,512,32.8125,0,52,31,65,1,1,100.0,0,0,0.0,1071,357,0,202,0,7,100.0,6,0,100.0,13,100.0,1,0,0.0,0,29,0,0,0,1,0,0,7,1,0,63,0,15,5,27,43,20,21,6,16,16,16,14,0,2,0
845286,Ismaïla Sarr,Crystal Palace,ismaila sarr,6.825,28,24,2176,9,10.9094,1,1.13171853,3,11,48,21,18.75,338,474,71.308016877637,8,22,36.363636363636,19,136,8,25,11,31,35.483870967742,24,3,12.5,863,273,9,80,43,71,46.710526315789,24,65,26.966292134831,95,39.419087136929,18,9,50.0,8,28,11,4,0,2,10,12,42,2,0,0,0,0,7,29,0,0,28,1,0,0,0,0,0,0,0
848276,Jean-Philippe Mateta,Crystal Palace,jean-philippe mateta,6.746875,32,25,2222,12,14.5148,0,1.30783238,2,20,63,32,19.047619047619,196,315,62.222222222222,11,18,61.111111111111,9,67,7,13,14,31,45.161290322581,11,5,45.454545454545,684,254,13,57,41,43,33.858267716535,67,98,40.606060606061,110,37.671232876712,10,5,50.0,6,46,7,6,0,1,9,21,19,2,0,0,0,0,5,29,0,0,27,2,0,0,0,0,0,0,0
1085180,Brennan Johnson,Crystal Palace,brennan johnson,6.6147058823529,34,19,1752,2,2.4343,1,1.30601852,1,2,23,5,8.695652173913,252,382,65.968586387435,10,43,23.255813953488,19,97,10,27,9,29,31.034482758621,69,18,26.086956521739,702,251,11,56,12,51,43.965517241379,16,16,50.0,67,45.27027027027,29,18,62.068965517241,4,32,7,1,0,1,15,20,15,6,0,0,0,0,2,24,0,0,24,0,0,0,0,0,0,0,0
876599,Jørgen Strand Larsen,Crystal Palace,jorgen strand larsen,6.3694444444444,36,26,2316,4,5.3229,1,1.10871742,1,5,44,14,9.0909090909091,318,493,64.503042596349,9,19,47.368421052632,10,109,10,22,11,27,40.740740740741,3,0,0.0,829,306,7,37,27,41,27.702702702703,80,124,39.21568627451,121,34.375,9,3,33.333333333333,4,38,10,7,0,0,14,52,21,4,0,0,0,0,2,41,0,0,35,6,0,0,0,0,0,0,0
984624,Yéremy Pino,Crystal Palace,yeremy pino,6.8470588235294,34,26,2100,2,4.5122,2,6.1053726,15,5,45,11,4.4444444444444,620,831,74.608904933815,38,73,52.054794520548,48,231,40,88,18,44,40.909090909091,79,16,20.253164556962,1259,389,19,101,34,78,39.795918367347,22,39,36.065573770492,100,38.910505836576,36,20,55.555555555556,9,21,21,1,0,0,33,30,24,4,0,0,0,0,1,28,0,0,25,3,0,0,0,0,0,0,0
858194,Eddie Nketiah,Crystal Palace,eddie nketiah,6.625,12,2,416,2,1.77,0,0.47610932,1,1,15,6,13.333333333333,70,87,80.459770114943,1,2,50.0,7,20,2,2,5,16,31.25,1,0,0.0,216,68,1,17,11,20,39.21568627451,8,22,26.666666666667,28,34.567901234568,8,6,75.0,2,10,6,1,0,0,3,7,7,2,0,0,0,0,0,12,0,0,10,2,0,0,0,0,0,0,0
930245,Evann Guessand,Crystal Palace,evann guessand,6.5571428571429,21,9,933,1,1.5599,2,1.01897806,2,3,11,6,9.0909090909091,154,187,82.352941176471,1,2,50.0,5,61,2,4,14,39,35.897435897436,11,0,0.0,412,127,3,43,28,58,44.274809160305,11,13,45.833333333333,69,44.516129032258,24,13,54.166666666667,5,10,1,3,1,0,5,15,20,0,0,0,0,0,1,15,0,0,14,1,0,0,0,0,0,0,0
1884145,Christantus Uche,Crystal Palace,christantus uche,6.4615384615385,14,0,193,0,0.492,0,0.02545913,0,1,6,2,0.0,35,59,59.322033898305,1,3,33.333333333333,0,17,0,1,0,4,0.0,6,0,0.0,113,52,2,9,7,8,29.62962962963,8,13,38.095238095238,16,33.333333333333,1,1,100.0,0,3,2,0,0,0,4,4,7,0,0,0,0,0,0,4,0,0,3,1,0,0,0,0,0,0,0
870360,Daniel Muñoz,Crystal Palace,daniel munoz,6.9310344827586,29,29,2403,4,2.4418,3,3.9664435,8,1,27,13,14.814814814815,653,824,79.247572815534,26,70,37.142857142857,28,191,26,60,2,15,13.333333333333,63,14,22.222222222222,1412,293,6,97,7,94,55.952380952381,44,54,44.897959183673,138,51.87969924812,74,48,64.864864864865,26,97,7,1,0,2,21,35,18,7,0,0,0,0,10,33,0,0,32,1,0,0,0,0,0,0,0
794338,Daichi Kamada,Crystal Palace,daichi kamada,6.8535714285714,28,22,1908,0,1.6516,0,3.24175398,5,1,19,4,0.0,693,825,84.0,31,57,54.385964912281,20,178,18,38,12,24,50.0,42,11,26.190476190476,1154,234,13,108,16,102,56.043956043956,14,15,48.275862068966,116,54.976303317536,63,37,58.730158730159,14,23,7,1,0,3,24,30,28,3,0,0,0,0,1,28,0,0,27,1,0,0,0,0,0,0,0
1109771,Adam Wharton,Crystal Palace,adam wharton,7.0558823529412,34,29,2562,1,1.5212,5,7.3759746,14,0,32,6,3.125,977,1232,79.301948051948,68,141,48.22695035461,44,279,65,119,15,29,51.724137931034,89,28,31.460674157303,1700,398,17,165,27,116,49.785407725322,24,31,43.636363636364,140,48.611111111111,70,37,52.857142857143,27,42,15,3,0,2,43,35,31,4,1,0,0,0,5,43,0,0,39,4,0,0,0,0,0,0,0
355796,Jefferson Lerma,Crystal Palace,jefferson lerma,6.7333333333333,31,18,1730,0,1.8216,2,1.47820589,3,3,19,7,0.0,692,871,79.448909299656,44,98,44.897959183673,14,137,34,65,3,7,42.857142857143,12,5,41.666666666667,1193,251,5,102,9,57,51.351351351351,65,48,57.522123893805,122,54.464285714286,29,16,55.172413793103,25,61,5,4,1,2,16,25,25,7,0,0,0,0,6,25,0,0,23,2,0,0,0,0,0,0,0
357584,Borna Sosa,Crystal Palace,borna sosa,6.3666666666667,7,0,99,0,0.0405,0,0.06691167,0,0,1,0,0.0,26,41,63.414634146341,2,8,25.0,2,12,0,3,0,1,0.0,6,0,0.0,73,26,0,3,0,3,37.5,3,1,75.0,6,50.0,3,0,0.0,2,4,0,0,0,0,0,4,0,1,0,0,0,0,0,2,0,0,1,1,0,0,0,0,0,0,0
988275,Tyrick Mitchell,Crystal Palace,tyrick mitchell,6.8052631578947,38,36,3253,1,1.6081,2,2.52393587,4,3,19,7,5.2631578947368,809,1107,73.080397470641,39,146,26.712328767123,29,235,29,77,15,43,34.883720930233,104,22,21.153846153846,2025,521,6,187,26,144,60.251046025105,26,41,38.805970149254,170,55.555555555556,101,63,62.376237623762,34,100,5,12,0,2,21,23,28,6,0,0,0,0,12,47,0,0,43,4,0,0,0,0,0,0,0
1438837,Romain Esse,Crystal Palace,romain esse,6.575,4,0,54,0,,0,0.03989478,0,0,0,0,0.0,13,20,65.0,1,1,100.0,0,5,2,2,1,2,50.0,2,0,0.0,37,16,1,2,2,5,45.454545454545,1,3,25.0,6,40.0,2,1,50.0,0,0,0,0,0,0,1,2,2,0,0,0,0,0,0,0,0,0,0,0,0,0,0,0,0,0,0
193554,Will Hughes,Crystal Palace,will hughes,6.79,31,19,1577,0,1.0906,0,1.89476544,1,1,17,0,0.0,551,678,81.268436578171,24,55,43.636363636364,21,169,23,53,11,18,61.111111111111,45,12,26.666666666667,946,194,0,66,14,62,52.100840336134,17,24,41.463414634146,79,49.375,27,15,55.555555555556,15,28,7,8,0,1,15,23,25,7,0,0,0,0,2,18,0,0,17,1,0,0,0,0,0,0,0
1084311,Justin Devenny,Crystal Palace,justin devenny,6.515,21,7,830,1,2.6207,0,0.38481212,0,4,13,4,7.6923076923077,185,253,73.122529644269,9,28,32.142857142857,7,60,6,15,3,14,21.428571428571,16,0,0.0,453,144,4,34,11,38,43.181818181818,8,22,26.666666666667,46,38.983050847458,25,11,44.0,1,12,4,0,0,0,19,11,10,0,0,0,0,0,1,15,0,0,13,2,0,0,0,0,0,0,0
1185603,Kaden Rodney,Crystal Palace,kaden rodney,6.4,1,0,9,0,,0,0.00026374,0,0,0,0,0.0,3,5,60.0,0,1,0.0,0,1,0,0,0,0,0.0,0,0,0.0,5,2,0,0,0,0,0.0,0,1,0.0,0,0.0,0,0,0.0,0,0,0,0,0,0,0,1,0,0,0,0,0,0,0,0,0,0,0,0,0,0,0,0,0,0,0
1064218,Chadi Riad,Crystal Palace,chadi riad,6.5666666666667,9,6,554,0,0.326,1,0.13144069,1,2,4,2,0.0,323,374,86.363636363636,23,46,50.0,1,33,10,19,1,1,100.0,6,0,0.0,460,62,0,32,3,12,46.153846153846,13,15,46.428571428571,25,46.296296296296,8,4,50.0,6,28,0,3,0,1,6,5,3,2,0,0,0,0,0,8,0,0,8,0,0,0,0,0,0,0,0
879674,Maxence Lacroix,Crystal Palace,maxence lacroix,6.8914285714286,35,35,3087,1,2.3808,2,0.89218811,3,2,24,7,4.1666666666667,1460,1656,88.164251207729,84,171,49.122807017544,7,92,24,61,7,11,63.636363636364,5,2,40.0,2224,232,1,94,6,85,61.151079136691,119,75,61.340206185567,204,61.261261261261,60,38,63.333333333333,45,252,7,18,1,2,11,34,19,4,1,0,0,0,11,45,0,0,41,4,0,0,0,0,0,0,0
931844,Chris Richards,Crystal Palace,chris richards,6.8818181818182,33,31,2826,1,2.356,0,1.38153377,1,1,15,2,6.6666666666667,1242,1479,83.975659229209,66,174,37.931034482759,9,133,28,82,4,6,66.666666666667,13,5,38.461538461538,2081,361,0,65,11,63,56.25,107,82,56.613756613757,170,56.478405315615,55,35,63.636363636364,43,196,7,19,2,2,18,18,5,4,0,0,0,0,10,42,0,0,39,3,0,0,0,0,0,0,0
1471671,Jaydee Canvot,Crystal Palace,jaydee canvot,6.8368421052632,20,14,1347,0,1.4833,0,0.33808378,0,3,7,1,0.0,675,765,88.235294117647,37,76,48.684210526316,3,119,13,29,2,4,50.0,5,0,0.0,1031,120,3,54,5,48,56.470588235294,37,19,66.071428571429,85,60.283687943262,39,24,61.538461538462,12,103,0,13,1,2,19,12,7,3,0,0,0,0,4,23,0,0,22,1,0,0,0,0,0,0,0
43215,Nathaniel Clyne,Crystal Palace,nathaniel clyne,6.58,10,7,604,0,0.4306,1,0.67774634,2,0,3,0,0.0,147,184,79.891304347826,3,12,25.0,3,40,2,11,4,7,57.142857142857,16,2,12.5,302,66,3,17,1,21,61.764705882353,2,6,25.0,23,54.761904761905,16,9,56.25,5,26,1,2,0,0,5,4,1,1,0,0,0,0,0,12,0,0,10,2,0,0,0,0,0,0,0
1469007,Rio Cardines,Crystal Palace,rio cardines,6.8,1,1,90,0,0.016,0,0.155292,2,0,1,0,0.0,25,33,75.757575757576,1,3,33.333333333333,2,3,1,5,2,4,50.0,3,2,66.666666666667,58,18,0,4,1,4,40.0,0,0,0.0,4,40.0,1,1,100.0,0,2,0,0,0,0,3,0,1,0,0,0,0,0,0,2,0,0,2,0,0,0,0,0,0,0,0
788134,Dean Henderson,Crystal Palace,dean henderson,6.9297297297297,37,37,3330,0,,0,0.1332823,0,0,0,0,0.0,599,1115,53.72197309417,174,689,25.253991291727,1,62,40,70,1,1,100.0,0,0,0.0,1458,522,0,299,0,4,66.666666666667,17,2,89.473684210526,21,84.0,1,0,0.0,2,54,0,0,0,2,0,2,5,5,0,106,1,16,11,51,76,28,47,4,34,26,26,22,0,6,1
249859,Walter Benítez,Crystal Palace,walter benitez,7.1,1,1,90,0,,0,0.00123253,0,0,0,0,0.0,18,27,66.666666666667,5,14,35.714285714286,0,2,0,1,0,0,0.0,0,0,0.0,36,9,0,9,0,0,0.0,0,0,0.0,0,0.0,0,0,0.0,0,1,0,0,0,0,0,0,0,0,0,3,0,0,1,0,2,1,0,0,1,0,0,1,0,1,0
981619,Igor Jesus,Nottingham Forest,igor jesus,6.5837837837838,37,28,2320,6,6.6441,4,1.26631974,5,3,70,21,8.5714285714286,333,458,72.707423580786,13,16,81.25,15,109,12,22,11,39,28.205128205128,10,3,30.0,883,298,19,61,43,74,39.36170212766,81,126,39.130434782609,155,39.240506329114,24,16,66.666666666667,3,30,31,5,0,1,8,42,40,2,0,0,0,0,1,37,0,0,31,6,0,0,0,0,0,0,0
50480,Chris Wood,Nottingham Forest,chris wood,6.5866666666667,15,11,906,3,4.2481,0,0.32064387,0,4,23,9,13.04347826087,111,160,69.375,2,3,66.666666666667,5,41,2,8,1,2,50.0,1,0,0.0,241,75,4,14,2,8,36.363636363636,26,39,40.0,34,39.080459770115,1,1,100.0,1,9,0,4,0,1,5,6,6,0,0,0,0,0,0,14,0,0,12,2,0,0,0,0,0,0,0
962364,Lorenzo Lucca,Nottingham Forest,lorenzo lucca,6.65,4,1,135,1,0.7872,0,0.01303562,0,1,4,1,25.0,9,16,56.25,0,0,0.0,1,3,0,1,0,1,0.0,0,0,0.0,37,15,0,3,3,2,28.571428571429,5,4,55.555555555556,7,43.75,0,0,0.0,1,3,0,0,0,0,0,1,2,0,0,0,0,0,0,1,0,0,1,0,0,0,0,0,0,0,0
359664,Taiwo Awoniyi,Nottingham Forest,taiwo awoniyi,6.6176470588235,17,3,502,4,3.578,1,0.7695099,2,3,15,8,26.666666666667,60,75,80.0,0,0,0.0,6,24,1,4,2,4,50.0,1,0,0.0,161,54,4,18,5,11,34.375,9,41,18.0,20,24.390243902439,2,1,50.0,1,4,1,1,0,0,4,10,7,2,0,0,0,0,0,4,0,0,3,1,0,0,0,0,0,0,0
994546,Elliot Anderson,Nottingham Forest,elliot anderson,7.3368421052632,38,37,3334,4,2.8989,4,4.78587477,9,1,44,10,9.0909090909091,2038,2383,85.522450692405,119,223,53.363228699552,55,582,79,165,50,92,54.347826086957,176,51,28.977272727273,3300,656,25,306,62,231,53.720930232558,66,46,58.928571428571,297,54.79704797048,104,63,60.576923076923,41,49,18,16,0,4,40,57,80,8,0,0,0,0,7,50,0,0,41,9,0,0,0,0,0,0,0
843754,Ibrahim Sangaré,Nottingham Forest,ibrahim sangare,6.962962962963,28,25,2080,2,1.1464,2,1.79536044,2,1,16,5,12.5,830,956,86.820083682008,38,68,55.882352941176,12,180,30,51,11,23,47.826086956522,8,0,0.0,1294,191,6,114,15,87,48.603351955307,24,27,47.058823529412,111,48.260869565217,59,30,50.847457627119,25,50,2,19,0,3,24,42,18,5,0,0,0,0,7,26,0,0,23,3,0,0,0,0,0,0,0
1003334,James McAtee,Nottingham Forest,james mcatee,6.55,14,2,321,0,0.1724,1,0.36584524,1,0,4,0,0.0,102,121,84.297520661157,3,6,50.0,6,35,4,6,3,9,33.333333333333,9,0,0.0,192,49,3,18,9,15,39.473684210526,1,5,16.666666666667,16,36.363636363636,7,4,57.142857142857,3,3,2,1,0,0,4,4,5,1,0,0,0,0,0,9,0,0,7,2,0,0,0,0,0,0,0
867442,Callum Hudson Odoi,Nottingham Forest,callum hudson odoi,6.8733333333333,30,21,1849,3,2.803,4,2.98434479,5,1,30,10,10.0,586,657,89.193302891933,24,37,64.864864864865,44,329,14,26,30,58,51.724137931034,91,13,14.285714285714,1005,248,8,68,22,56,44.8,3,9,25.0,59,43.065693430657,14,7,50.0,8,14,10,2,0,1,9,12,12,0,0,0,0,0,2,26,0,0,21,5,0,0,0,0,0,0,0
865912,Morgan Gibbs-White,Nottingham Forest,morgan gibbs-white,6.9189189189189,37,35,3110,15,10.8391,4,2.91698471,5,10,83,32,18.072289156627,980,1208,81.12582781457,42,75,56.0,49,439,43,77,30,63,47.619047619048,43,9,20.93023255814,1744,435,20,110,37,89,43.414634146341,41,76,35.042735042735,130,40.372670807453,20,15,75.0,13,32,24,3,1,4,22,26,41,1,0,0,0,0,7,45,0,0,36,9,0,0,0,0,0,0,0
944327,Dan Ndoye,Nottingham Forest,dan ndoye,6.6409090909091,24,14,1176,1,1.0617,1,1.53736363,2,1,15,4,6.6666666666667,221,282,78.368794326241,7,13,53.846153846154,14,99,2,12,13,33,39.393939393939,42,9,21.428571428571,555,179,4,50,19,58,46.774193548387,11,14,44.0,69,46.308724832215,23,13,56.521739130435,10,12,4,2,0,0,12,16,22,1,0,0,0,0,0,17,0,0,12,5,0,0,0,0,0,0,0
1090963,Omari Hutchinson,Nottingham Forest,omari hutchinson,6.74,31,17,1694,1,1.9378,5,3.91074781,8,2,25,11,4.0,447,538,83.085501858736,12,27,44.444444444444,33,190,22,36,41,79,51.898734177215,135,28,20.740740740741,1008,316,14,87,29,86,44.329896907216,5,24,17.241379310345,91,40.807174887892,22,12,54.545454545455,12,8,8,0,1,1,19,23,24,1,0,0,0,0,3,24,0,0,22,2,0,0,0,0,0,0,0
871765,Nicolás Domínguez,Nottingham Forest,nicolas dominguez,6.824,27,17,1193,1,1.4678,1,0.78896425,2,1,18,5,5.5555555555556,456,535,85.233644859813,15,24,62.5,12,124,8,20,6,12,50.0,14,6,42.857142857143,733,112,9,58,5,73,59.83606557377,13,21,38.235294117647,86,55.128205128205,56,30,53.571428571429,7,17,8,5,0,1,24,16,11,3,0,0,0,0,0,20,0,0,18,2,0,0,0,0,0,0,0
963298,Dilane Bakwa,Nottingham Forest,dilane bakwa,6.5461538461538,14,6,552,0,0.5493,2,1.0134439,2,1,9,3,0.0,155,196,79.081632653061,2,8,25.0,11,67,1,8,8,21,38.095238095238,38,8,21.052631578947,333,107,2,28,5,26,44.067796610169,1,4,20.0,27,42.1875,4,3,75.0,0,2,2,1,0,0,6,9,14,1,0,0,0,0,0,10,0,0,9,1,0,0,0,0,0,0,0
846252,Ryan Yates,Nottingham Forest,ryan yates,6.7095238095238,22,2,629,0,0.4979,2,0.39234011,0,2,9,2,0.0,203,260,78.076923076923,4,13,30.769230769231,5,56,5,11,1,2,50.0,4,2,50.0,377,75,3,18,6,30,55.555555555556,20,10,66.666666666667,50,59.52380952381,16,10,62.5,9,23,4,3,0,0,5,13,13,3,0,0,0,0,0,7,0,0,5,2,0,0,0,0,0,0,0
1199282,Murillo,Nottingham Forest,murillo,6.968,25,25,2133,1,0.7396,0,0.48197547,1,0,11,4,9.0909090909091,946,1132,83.56890459364,82,168,48.809523809524,8,130,69,133,9,14,64.285714285714,3,0,0.0,1483,223,3,102,9,50,54.347826086957,24,22,52.173913043478,74,53.623188405797,35,22,62.857142857143,34,130,5,24,0,2,6,23,7,5,0,0,0,0,6,29,0,0,21,8,0,0,0,0,0,0,0
836168,Nikola Milenković,Nottingham Forest,nikola milenkovic,6.8105263157895,38,37,3375,0,0.8444,0,0.71537882,1,2,16,1,0.0,1333,1539,86.614684860299,84,203,41.379310344828,3,122,45,92,3,3,100.0,2,0,0.0,1980,224,0,108,2,54,62.790697674419,89,39,69.53125,143,66.822429906542,31,17,54.838709677419,29,218,2,36,2,1,10,21,20,6,0,0,0,0,9,51,0,0,42,9,0,0,0,0,0,0,0
800417,Ola Aina,Nottingham Forest,ola aina,6.8888888888889,18,18,1590,0,0.4028,0,0.82488407,0,0,12,1,0.0,533,629,84.737678855326,36,67,53.731343283582,10,133,23,50,15,34,44.117647058824,38,7,18.421052631579,1093,229,3,81,15,60,50.420168067227,25,14,64.102564102564,85,53.79746835443,31,21,67.741935483871,25,71,3,3,0,2,13,13,15,3,0,0,0,0,6,19,0,0,17,2,0,0,0,0,0,0,0
927356,Neco Williams,Nottingham Forest,neco williams,6.8918918918919,37,36,3206,2,1.9715,3,3.95528813,5,2,46,19,4.3478260869565,1084,1325,81.811320754717,47,150,31.333333333333,37,306,28,83,31,71,43.661971830986,142,29,20.422535211268,2387,549,11,164,28,177,57.467532467532,39,39,50.0,216,55.958549222798,96,62,64.583333333333,47,88,18,17,1,2,37,30,52,6,1,0,0,0,9,47,0,0,38,9,0,0,0,0,0,0,0
1170722,Jair,Nottingham Forest,jair,6.6333333333333,9,6,525,0,0.2877,0,0.06503763,0,1,3,1,0.0,177,221,80.090497737557,5,21,23.809523809524,1,16,2,9,2,4,50.0,2,0,0.0,304,54,0,13,1,17,68.0,5,4,55.555555555556,22,64.705882352941,9,5,55.555555555556,5,31,2,2,1,2,5,0,6,0,0,0,0,0,0,7,0,0,6,1,0,0,0,0,0,0,0
1010220,Nicolò Savona,Nottingham Forest,nicolo savona,6.6,14,11,1026,2,1.3398,0,0.43882839,1,0,5,3,40.0,314,399,78.696741854637,13,47,27.659574468085,7,79,6,28,2,5,40.0,27,8,29.62962962963,637,147,1,27,2,27,46.551724137931,7,5,58.333333333333,34,48.571428571429,20,12,60.0,4,29,1,3,0,0,15,12,5,2,0,0,0,0,3,18,0,0,13,5,0,0,0,0,0,0,0
985086,Morato,Nottingham Forest,morato,6.9526315789474,21,14,1366,1,1.3171,0,0.16274846,0,2,5,2,20.0,646,757,85.336856010568,48,104,46.153846153846,2,57,31,66,5,5,100.0,2,0,0.0,980,124,1,53,0,42,64.615384615385,23,14,62.162162162162,65,63.725490196078,30,17,56.666666666667,11,87,0,15,1,3,7,16,7,5,0,0,0,0,2,23,0,0,20,3,0,0,0,0,0,0,0
979144,Luca Netz,Nottingham Forest,luca netz,6.6857142857143,7,3,355,0,,0,0.41858137,0,0,0,0,0.0,83,100,83.0,5,10,50.0,2,21,1,3,2,4,50.0,2,0,0.0,163,28,1,15,0,16,64.0,2,9,18.181818181818,18,50.0,12,7,58.333333333333,3,9,0,3,0,0,2,5,2,0,0,0,0,0,0,5,0,0,5,0,0,0,0,0,0,0,0
1390490,Zach Abbott,Nottingham Forest,zach abbott,6.3666666666667,3,2,165,0,,0,0.01137657,0,0,0,0,0.0,44,62,70.967741935484,1,8,12.5,0,9,2,7,1,3,33.333333333333,3,1,33.333333333333,107,34,1,10,2,6,50.0,6,2,75.0,12,60.0,4,4,100.0,1,7,0,1,0,0,0,3,1,0,0,0,0,0,0,4,0,0,4,0,0,0,0,0,0,0,0
125274,Stefan Ortega,Nottingham Forest,stefan ortega,7.1,3,3,270,0,,0,0.01525297,0,0,0,0,0.0,47,68,69.117647058824,23,44,52.272727272727,0,5,5,8,0,0,0.0,0,0,0.0,81,21,0,8,0,0,0.0,1,0,100.0,1,100.0,0,0,0.0,0,1,0,0,0,0,0,0,0,0,0,8,0,0,1,4,7,1,4,0,1,1,1,0,0,0,0
840103,John Victor,Nottingham Forest,john victor,6.28,5,5,438,0,,0,0.00893422,0,0,0,0,0.0,83,130,63.846153846154,30,77,38.961038961039,0,7,2,3,0,0,0.0,0,0,0.0,151,50,0,26,0,0,0.0,0,0,0.0,0,0.0,0,0,0.0,0,4,0,0,1,0,0,0,0,1,0,6,0,2,1,8,6,0,6,2,3,3,2,1,0,1,0
78152,Matz Sels,Nottingham Forest,matz sels,6.7806451612903,31,30,2667,0,,0,0.09383248,0,0,0,0,0.0,448,784,57.142857142857,150,482,31.120331950207,1,39,33,77,0,0,0.0,0,0,0.0,1038,342,0,198,0,6,75.0,5,1,83.333333333333,11,78.571428571429,1,1,100.0,0,26,0,0,2,1,2,0,5,2,0,95,1,27,7,39,63,32,32,7,12,16,16,14,0,5,1
227946,Angus Gunn,Nottingham Forest,angus gunn,6.5,1,0,45,0,,0,0.00136763,0,0,0,0,0.0,6,19,31.578947368421,6,19,31.578947368421,0,1,0,0,0,0,0.0,0,0,0.0,21,13,0,4,0,0,0.0,0,0,0.0,0,0.0,0,0,0.0,0,1,0,0,0,0,0,0,0,0,0,0,0,0,0,0,0,0,0,0,1,0,0,1,0,0,0
840217,Richarlison,Tottenham Hotspur,richarlison,6.853125,32,20,1957,11,8.0946,4,1.46463586,5,10,61,26,18.032786885246,197,317,62.145110410095,10,17,58.823529411765,20,99,8,14,12,32,37.5,18,0,0.0,726,257,15,61,30,70,45.161290322581,69,104,39.884393063584,139,42.378048780488,27,16,59.259259259259,5,51,14,3,0,1,12,23,33,5,0,0,0,0,3,27,0,0,17,10,0,0,0,0,0,0,0
871706,Randal Kolo Muani,Tottenham Hotspur,randal kolo muani,6.4833333333333,30,21,1670,1,2.1764,1,1.77227785,2,7,20,4,5.0,231,328,70.426829268293,5,10,50.0,20,113,3,5,28,66,42.424242424242,18,7,38.888888888889,676,265,12,64,37,74,36.81592039801,32,49,39.506172839506,106,37.58865248227,29,18,62.068965517241,3,18,5,1,1,0,13,40,17,3,0,0,0,0,0,31,0,0,23,8,0,0,0,0,0,0,0
361420,Dominic Solanke,Tottenham Hotspur,dominic solanke,6.82,15,11,1000,3,2.4299,0,0.35023786,1,3,20,11,15.0,117,158,74.050632911392,2,6,33.333333333333,6,55,3,5,13,26,50.0,2,0,0.0,341,111,7,34,13,44,51.162790697674,20,41,32.786885245902,64,43.537414965986,22,16,72.727272727273,3,11,6,2,0,1,5,12,9,1,0,0,0,0,0,21,0,0,18,3,0,0,0,0,0,0,0
1048888,Mathys Tel,Tottenham Hotspur,mathys tel,6.7133333333333,31,13,1358,4,2.4443,1,2.43057096,5,4,35,8,11.428571428571,278,359,77.437325905292,13,25,52.0,30,112,10,19,39,79,49.367088607595,93,29,31.182795698925,787,286,10,72,38,81,43.31550802139,16,35,31.372549019608,97,40.756302521008,19,11,57.894736842105,6,12,11,2,1,0,10,19,23,1,0,0,0,0,0,23,0,0,19,4,0,0,0,0,0,0,0
1142679,Wilson Odobert,Tottenham Hotspur,wilson odobert,6.6041666666667,24,10,990,0,1.9016,2,1.22273443,2,4,22,8,0.0,276,325,84.923076923077,6,9,66.666666666667,20,137,5,8,24,41,58.536585365854,28,8,28.571428571429,539,141,7,54,21,44,50.574712643678,5,12,29.411764705882,49,47.115384615385,10,9,90.0,1,13,4,0,0,1,3,2,10,0,0,0,0,0,0,13,0,0,9,4,0,0,0,0,0,0,0
998772,Dane Scarlett,Tottenham Hotspur,dane scarlett,6.45,2,0,21,0,,0,0.0062345,0,0,0,0,0.0,2,4,50.0,0,0,0.0,0,0,0,0,0,0,0.0,1,1,100.0,9,5,0,1,1,0,0.0,0,2,0.0,0,0.0,0,0,0.0,0,0,0,0,0,0,0,1,0,0,0,0,0,0,0,0,0,0,0,0,0,0,0,0,0,0,0
905163,Mohammed Kudus,Tottenham Hotspur,mohammed kudus,6.8631578947368,19,19,1545,2,1.9301,5,2.4015259,3,3,26,9,7.6923076923077,380,444,85.585585585586,19,27,70.37037037037,25,178,17,25,52,102,50.980392156863,122,28,22.950819672131,931,331,12,95,54,96,41.025641025641,11,18,37.931034482759,107,40.684410646388,29,19,65.51724137931,3,6,10,0,0,1,12,23,15,3,0,0,0,0,2,20,0,0,13,7,0,0,0,0,0,0,0
997183,Xavi Simons,Tottenham Hotspur,xavi simons,6.8821428571429,28,19,1769,2,3.0822,5,3.85891022,7,3,42,10,4.7619047619048,665,802,82.917705735661,36,58,62.068965517241,35,258,36,57,28,66,42.424242424242,52,14,26.923076923077,1255,310,21,87,30,106,50.961538461538,12,25,32.432432432432,118,48.163265306122,34,21,61.764705882353,15,12,17,1,0,2,18,21,44,5,1,0,0,0,1,34,0,0,27,7,0,0,0,0,0,0,0
1002711,Pape Matar Sarr,Tottenham Hotspur,pape matar sarr,6.788,26,13,1399,2,1.7231,4,1.10108975,3,1,17,6,11.764705882353,538,633,84.992101105845,20,35,57.142857142857,11,154,13,24,13,22,59.090909090909,8,2,25.0,908,151,5,77,18,59,47.967479674797,27,38,41.538461538462,86,45.744680851064,33,21,63.636363636364,18,47,7,10,0,2,11,29,13,3,0,0,0,0,3,23,0,0,21,2,0,0,0,0,0,0,0
844842,Yves Bissouma,Tottenham Hotspur,yves bissouma,6.5909090909091,11,7,605,0,0.3554,0,0.12033452,0,0,5,2,0.0,278,316,87.974683544304,1,7,14.285714285714,0,44,2,10,3,5,60.0,1,0,0.0,408,51,0,31,4,27,62.790697674419,5,3,62.5,32,62.745098039216,18,11,61.111111111111,9,14,1,3,1,0,2,8,6,4,0,0,0,0,0,17,0,0,15,2,0,0,0,0,0,0,0
364612,João Palhinha,Tottenham Hotspur,joao palhinha,7.0242424242424,33,23,2197,5,2.6989,2,0.66239576,1,1,33,9,15.151515151515,856,1044,81.992337164751,41,100,41.0,8,135,48,95,10,23,43.478260869565,4,0,0.0,1521,270,5,92,30,157,62.549800796813,36,26,58.064516129032,193,61.661341853035,110,66,60.0,30,58,14,12,0,2,24,28,37,8,0,0,0,0,4,37,0,0,27,10,0,0,0,0,0,0,0
904970,Conor Gallagher,Tottenham Hotspur,conor gallagher,6.6875,16,14,1196,1,1.0738,1,0.7174244,1,2,11,4,9.0909090909091,444,524,84.732824427481,20,32,62.5,13,120,13,22,13,21,61.904761904762,23,6,26.086956521739,748,146,16,73,13,57,49.565217391304,9,14,39.130434782609,66,47.826086956522,23,16,69.565217391304,18,6,2,4,0,1,13,26,22,2,0,0,0,0,0,23,0,0,19,4,0,0,0,0,0,0,0
356398,James Maddison,Tottenham Hotspur,james maddison,6.7,3,0,50,0,0.2101,0,0.05917914,0,1,2,0,0.0,35,37,94.594594594595,3,4,75.0,0,14,2,2,0,1,0.0,6,1,16.666666666667,54,13,0,4,1,2,33.333333333333,0,0,0.0,2,33.333333333333,1,1,100.0,0,0,1,0,0,0,1,1,1,0,0,0,0,0,0,0,0,0,0,0,0,0,0,0,0,0,0
1391251,Lucas Bergvall,Tottenham Hotspur,lucas bergvall,6.6047619047619,23,11,979,1,1.397,3,0.43260681,0,1,12,5,8.3333333333333,249,305,81.639344262295,10,18,55.555555555556,5,86,10,16,15,24,62.5,20,3,15.0,494,132,4,39,7,44,47.311827956989,5,14,26.315789473684,49,43.75,22,14,63.636363636364,2,13,1,2,1,0,9,24,7,2,0,0,0,0,0,18,0,0,13,5,0,0,0,0,0,0,0
791190,Rodrigo Bentancur,Tottenham Hotspur,rodrigo bentancur,6.7269230769231,26,23,1892,1,0.7362,1,0.83499085,1,1,13,3,7.6923076923077,873,1018,85.756385068762,19,44,43.181818181818,10,159,13,31,20,32,62.5,7,1,14.285714285714,1337,201,7,130,8,84,62.686567164179,31,45,40.789473684211,115,54.761904761905,56,36,64.285714285714,35,48,4,7,0,2,11,19,8,7,0,0,0,0,5,25,0,0,20,5,0,0,0,0,0,0,0
1142335,Archie Gray,Tottenham Hotspur,archie gray,6.595652173913,24,18,1500,2,1.4754,2,1.17638319,3,0,11,5,18.181818181818,448,539,83.116883116883,21,52,40.384615384615,8,108,24,52,7,16,43.75,12,4,33.333333333333,766,150,2,57,17,20,33.898305084746,9,16,36.0,29,34.52380952381,11,8,72.727272727273,17,44,3,4,1,0,1,12,2,5,0,0,0,0,2,28,0,0,20,8,0,0,0,0,0,0,0
829932,Cristian Romero,Tottenham Hotspur,cristian romero,7.1086956521739,23,22,1872,4,1.3103,1,1.25647725,4,1,17,6,23.529411764706,985,1128,87.322695035461,47,96,48.958333333333,12,104,37,64,8,10,80.0,1,0,0.0,1446,170,2,88,6,82,62.121212121212,73,29,71.56862745098,155,66.239316239316,58,29,50.0,30,94,2,14,1,2,11,32,16,9,2,0,0,0,4,31,0,0,26,5,0,0,0,0,0,0,0
997103,Radu Drăguşin,Tottenham Hotspur,radu dragusin,6.5222222222222,10,5,541,0,0.3225,0,0.02106572,0,0,4,0,0.0,186,239,77.824267782427,6,31,19.354838709677,0,11,3,14,1,1,100.0,3,0,0.0,347,70,1,14,2,7,35.0,19,11,63.333333333333,26,52.0,5,2,40.0,16,46,1,8,2,1,3,9,1,0,0,0,0,0,0,13,0,0,10,3,0,0,0,0,0,0,0
998247,Micky van de Ven,Tottenham Hotspur,micky van de ven,6.7285714285714,35,35,3043,4,2.527,1,0.37117826,1,1,16,6,25.0,1601,1770,90.45197740113,68,152,44.736842105263,6,111,25,60,11,15,73.333333333333,3,0,0.0,2146,203,0,122,5,72,61.016949152542,47,54,46.534653465347,119,54.337899543379,39,19,48.717948717949,22,131,3,22,1,2,11,28,22,9,1,0,0,0,8,47,0,0,35,12,0,0,0,0,0,0,0
913654,Pedro Porro,Tottenham Hotspur,pedro porro,6.9029411764706,34,32,2798,1,1.0482,2,4.4762911,8,0,32,8,3.125,1102,1470,74.965986394558,134,294,45.578231292517,56,382,118,241,19,45,42.222222222222,237,61,25.738396624473,2429,647,9,133,9,121,53.53982300885,19,25,43.181818181818,140,51.851851851852,76,50,65.789473684211,31,102,9,10,0,5,38,32,26,10,0,0,0,0,9,40,0,0,28,12,0,0,0,0,0,0,0
983572,Destiny Udogie,Tottenham Hotspur,destiny udogie,6.54,20,14,1340,0,0.1872,1,0.75319776,2,0,4,1,0.0,500,585,85.470085470085,4,20,20.0,12,145,12,20,6,18,33.333333333333,27,5,18.518518518519,894,170,1,70,12,58,52.252252252252,8,13,38.095238095238,66,50.0,31,19,61.290322580645,7,25,2,5,0,2,12,17,22,4,0,0,0,0,0,25,0,0,20,5,0,0,0,0,0,0,0
945798,Djed Spence,Tottenham Hotspur,djed spence,6.5896551724138,30,23,2079,0,0.901,0,1.78109432,4,2,13,8,0.0,713,882,80.839002267574,34,84,40.47619047619,10,206,20,53,33,76,43.421052631579,51,10,19.607843137255,1485,364,10,111,29,98,47.80487804878,23,26,46.938775510204,121,47.637795275591,44,27,61.363636363636,18,52,3,3,2,4,10,28,21,4,0,0,0,0,8,31,0,0,25,6,0,0,0,0,0,0,0
794953,Kevin Danso,Tottenham Hotspur,kevin danso,6.8409090909091,24,17,1507,0,0.5873,0,0.2746472,1,0,11,2,0.0,829,954,86.897274633124,35,97,36.082474226804,3,71,31,62,2,3,66.666666666667,7,0,0.0,1305,197,0,45,4,41,53.947368421053,79,44,64.227642276423,120,60.301507537688,27,12,44.444444444444,25,135,5,11,1,1,9,21,13,8,0,0,0,0,4,25,0,0,19,6,0,0,0,0,0,0,0
1482340,Souza,Tottenham Hotspur,souza,6.3,4,2,144,0,0.0164,0,0.03736284,0,0,1,1,0.0,25,27,92.592592592593,0,0,0.0,3,6,0,1,0,2,0.0,3,0,0.0,49,8,0,3,1,2,18.181818181818,0,1,0.0,2,16.666666666667,0,0,0.0,2,4,0,0,0,0,3,3,2,1,0,0,0,0,0,3,0,0,2,1,0,0,0,0,0,0,0
94758,Ben Davies,Tottenham Hotspur,ben davies,6.9,3,2,138,1,0.4917,0,0.08703464,0,0,2,2,50.0,56,65,86.153846153846,5,8,62.5,1,13,4,4,0,0,0.0,3,2,66.666666666667,105,16,0,5,1,5,62.5,4,3,57.142857142857,9,60.0,5,4,80.0,1,8,0,1,0,0,0,2,0,1,0,0,0,0,0,3,0,0,2,1,0,0,0,0,0,0,0
1031251,Antonín Kinský,Tottenham Hotspur,antonin kinsky,6.8571428571429,7,7,630,0,,0,0.00967555,0,0,0,0,0.0,137,218,62.844036697248,41,122,33.606557377049,0,9,12,27,0,0,0.0,0,0,0.0,261,81,0,33,0,1,100.0,3,0,100.0,4,100.0,0,0,0.0,0,10,0,0,0,0,0,0,1,1,0,10,0,5,2,7,8,2,5,2,3,4,4,3,0,1,0
553606,Guglielmo Vicario,Tottenham Hotspur,guglielmo vicario,6.8451612903226,31,31,2790,0,,0,0.06331213,0,0,0,0,0.0,718,1071,67.040149393091,157,503,31.212723658052,1,32,47,86,0,0,0.0,0,0,0.0,1365,361,0,247,0,4,80.0,12,1,92.307692307692,16,88.888888888889,1,1,100.0,0,37,0,0,2,1,1,0,3,1,0,83,2,23,7,50,62,21,39,11,19,27,27,21,0,2,0
286165,Adama Traoré,West Ham United,adama traore,6.5095238095238,24,1,450,0,0.6937,0,0.58293207,1,1,7,1,0.0,81,104,77.884615384615,1,3,33.333333333333,3,41,1,3,12,20,60.0,27,5,18.518518518519,217,84,2,14,14,22,44.0,1,13,7.1428571428571,23,35.9375,2,2,100.0,0,2,3,0,0,0,2,7,8,1,0,0,0,0,0,12,0,0,11,1,0,0,0,0,0,0,0
877013,Valentín Castellanos,West Ham United,valentin castellanos,6.7333333333333,18,17,1395,6,5.804,0,0.80932126,1,9,50,22,12.0,161,250,64.4,2,9,22.222222222222,12,73,3,12,2,12,16.666666666667,9,2,22.222222222222,453,148,8,31,11,29,32.584269662921,27,36,42.857142857143,56,36.842105263158,11,8,72.727272727273,6,21,8,2,0,0,8,32,16,6,0,0,0,0,1,16,0,0,15,1,0,0,0,0,0,0,0
113956,Callum Wilson,West Ham United,callum wilson,6.65625,32,11,1262,7,7.6604,1,0.54983317,1,7,38,16,18.421052631579,101,156,64.74358974359,1,4,25.0,8,51,1,2,13,27,48.148148148148,5,1,20.0,381,154,9,28,21,31,37.349397590361,19,45,29.6875,50,34.013605442177,4,2,50.0,3,5,10,2,0,0,5,12,14,1,0,0,0,0,0,24,0,0,21,3,0,0,0,0,0,0,0
1101174,Pablo Felipe,West Ham United,pablo felipe,6.4714285714286,14,10,826,0,1.0484,1,1.11748811,2,2,12,3,0.0,148,201,73.63184079602,2,5,40.0,14,57,1,7,9,14,64.285714285714,5,2,40.0,365,102,5,28,17,42,44.210526315789,21,42,33.333333333333,63,39.873417721519,26,14,53.846153846154,4,12,3,2,1,0,8,23,8,0,0,0,0,0,0,12,0,0,11,1,0,0,0,0,0,0,0
552884,Jarrod Bowen,West Ham United,jarrod bowen,7.0052631578947,38,38,3405,9,7.2609,11,5.24244357,16,5,79,28,11.392405063291,585,793,73.770491803279,16,45,35.555555555556,45,251,14,44,53,118,44.915254237288,148,27,18.243243243243,1616,573,26,159,77,152,45.103857566766,33,57,36.666666666667,185,43.325526932084,50,29,58.0,27,39,29,7,0,1,26,19,49,5,0,0,0,0,7,63,0,0,58,5,0,0,0,0,0,0,0
1142562,Mateus Fernandes,West Ham United,mateus fernandes,7.1944444444444,36,35,3024,3,1.9994,4,2.96929554,3,1,28,8,10.714285714286,1366,1562,87.451984635083,110,179,61.45251396648,37,346,80,147,28,48,58.333333333333,52,12,23.076923076923,2120,333,17,182,32,180,56.25,19,20,48.717948717949,199,55.431754874652,103,67,65.04854368932,35,36,11,12,0,4,41,49,49,7,0,0,0,0,5,50,0,0,45,5,0,0,0,0,0,0,0
917005,Crysencio Summerville,West Ham United,crysencio summerville,7.0258064516129,31,29,2480,5,5.1719,2,3.42267285,4,7,54,15,9.2592592592593,529,639,82.785602503912,9,16,56.25,28,204,10,17,51,105,48.571428571429,59,14,23.728813559322,1221,335,14,120,39,163,51.746031746032,7,16,30.434782608696,170,50.295857988166,45,25,55.555555555556,16,30,21,4,0,1,13,49,67,6,0,0,0,0,5,42,0,0,38,4,0,0,0,0,0,0,0
799041,Tomáš Souček,West Ham United,tomas soucek,6.7485714285714,35,24,2215,5,5.6788,0,0.52972279,1,4,26,14,19.230769230769,698,898,77.728285077951,34,75,45.333333333333,11,159,21,54,4,11,36.363636363636,14,0,0.0,1230,262,3,66,8,68,48.22695035461,68,54,55.737704918033,136,51.71102661597,43,24,55.813953488372,16,83,5,15,0,0,24,37,22,3,1,0,0,0,6,41,0,0,39,2,0,0,0,0,0,0,0
1170560,Soungoutou Magassa,West Ham United,soungoutou magassa,6.7318181818182,22,11,998,1,0.442,0,0.31070778,1,0,7,2,14.285714285714,327,405,80.740740740741,19,36,52.777777777778,5,55,23,38,5,8,62.5,9,1,11.111111111111,594,109,4,54,6,62,60.78431372549,11,16,40.740740740741,73,56.589147286822,40,21,52.5,16,14,2,4,0,0,15,17,17,4,0,0,0,0,0,23,0,0,21,2,0,0,0,0,0,0,0
1523623,Mohamadou Kanté,West Ham United,mohamadou kante,6.625,11,0,111,0,0.0943,0,0.05475989,0,0,2,0,0.0,22,31,70.967741935484,0,1,0.0,1,10,1,2,1,1,100.0,0,0,0.0,57,14,2,7,4,8,42.105263157895,2,1,66.666666666667,10,45.454545454545,6,4,66.666666666667,0,2,0,1,0,0,4,4,1,2,0,0,0,0,0,1,0,0,1,0,0,0,0,0,0,0,0
1089582,Freddie Potts,West Ham United,freddie potts,6.8,22,12,1167,0,0.2121,1,1.06935637,2,0,3,1,0.0,445,532,83.646616541353,27,57,47.368421052632,8,95,21,46,2,8,25.0,34,6,17.647058823529,728,137,0,38,5,45,57.692307692308,20,13,60.606060606061,65,58.558558558559,29,17,58.620689655172,17,31,2,3,0,0,8,15,14,1,0,0,0,0,0,25,0,0,21,4,0,0,0,0,0,0,0
863653,Aaron Wan-Bissaka,West Ham United,aaron wan-bissaka,6.604,25,23,2084,0,,2,1.00028217,2,0,0,0,0.0,566,738,76.693766937669,24,71,33.802816901408,18,172,20,44,16,33,48.484848484848,42,16,38.095238095238,1352,319,3,75,15,61,51.260504201681,22,24,47.826086956522,83,50.30303030303,33,23,69.69696969697,40,94,0,7,0,3,7,23,12,4,0,0,0,0,3,43,0,0,39,4,0,0,0,0,0,0,0
1471764,El Hadji Malick Diouf,West Ham United,el hadji malick diouf,6.721875,32,30,2711,0,0.5677,5,2.48836756,5,0,18,4,0.0,772,1038,74.373795761079,57,186,30.645161290323,30,171,25,88,23,47,48.936170212766,108,29,26.851851851852,1821,492,3,126,19,92,53.179190751445,45,37,54.878048780488,137,53.725490196078,44,20,45.454545454545,33,116,5,13,0,2,14,28,25,6,0,0,0,0,6,47,0,0,43,4,0,0,0,0,0,0,0
827243,Axel Disasi,West Ham United,axel disasi,6.75,14,14,1255,0,1.0198,0,0.05125627,0,1,5,3,0.0,490,566,86.572438162544,30,71,42.253521126761,1,37,18,45,2,2,100.0,0,0,0.0,711,89,1,32,3,20,68.965517241379,18,13,58.064516129032,38,63.333333333333,14,10,71.428571428571,13,49,1,12,0,0,1,5,4,1,0,0,0,0,6,17,0,0,15,2,0,0,0,0,0,0,0
829022,Konstantinos Mavropanos,West Ham United,konstantinos mavropanos,7.041935483871,31,27,2535,3,2.5519,0,0.70229178,0,3,23,8,13.04347826087,963,1171,82.237403928266,89,198,44.949494949495,4,98,60,130,2,2,100.0,4,1,25.0,1600,236,2,103,2,50,60.975609756098,84,39,68.292682926829,134,65.365853658537,40,25,62.5,49,194,3,30,0,2,14,16,9,2,0,0,0,0,6,43,0,0,39,4,0,0,0,0,0,0,0
945217,Jean-Clair Todibo,West Ham United,jean-clair todibo,6.5454545454545,23,22,1817,0,0.2442,1,0.33427971,0,1,2,0,0.0,683,782,87.340153452685,25,65,38.461538461538,5,62,10,31,4,9,44.444444444444,3,0,0.0,1033,123,1,89,1,44,67.692307692308,25,25,50.0,69,60.0,38,24,63.157894736842,17,98,1,13,0,2,7,8,3,5,1,0,0,0,1,37,0,0,34,3,0,0,0,0,0,0,0
823085,Kyle Walker-Peters,West Ham United,kyle walker-peters,6.6681818181818,23,15,1396,1,1.1305,0,0.38486286,1,0,5,3,20.0,510,596,85.570469798658,15,40,37.5,7,152,12,25,16,24,66.666666666667,20,1,5.0,968,160,7,59,17,85,65.384615384615,12,19,38.709677419355,97,60.248447204969,44,30,68.181818181818,9,34,0,4,1,0,11,12,25,2,0,0,0,0,4,25,0,0,24,1,0,0,0,0,0,0,0
894474,Max Kilman,West Ham United,max kilman,6.5578947368421,21,17,1565,0,0.5682,0,0.30917744,0,2,7,1,0.0,604,687,87.918486171761,27,76,35.526315789474,4,43,13,44,4,5,80.0,3,1,33.333333333333,916,98,0,43,5,22,44.0,47,35,57.317073170732,69,52.272727272727,16,8,50.0,9,111,2,24,0,0,7,16,2,4,0,0,0,0,1,37,0,0,35,2,0,0,0,0,0,0,0
1150952,Oliver Scarles,West Ham United,oliver scarles,6.5615384615385,13,9,668,0,0.177,0,0.31139666,3,0,3,0,0.0,221,275,80.363636363636,18,43,41.860465116279,5,51,5,17,2,9,22.222222222222,34,3,8.8235294117647,500,117,2,35,0,39,63.934426229508,7,7,50.0,46,61.333333333333,30,22,73.333333333333,13,30,0,1,1,0,9,7,7,2,0,0,0,0,0,16,0,0,15,1,0,0,0,0,0,0,0
1652590,Ezra Mayers,West Ham United,ezra mayers,6.5833333333333,6,0,134,0,0.1188,0,0.49082712,0,0,1,0,0.0,68,81,83.950617283951,4,10,40.0,2,24,2,4,1,1,100.0,3,2,66.666666666667,101,17,0,6,1,1,50.0,3,1,75.0,4,66.666666666667,0,0,0.0,1,4,1,0,0,0,0,0,0,0,0,0,0,0,0,3,0,0,3,0,0,0,0,0,0,0,0
96531,Alphonse Aréola,West Ham United,alphonse areola,6.8,20,20,1800,0,,1,0.02511728,0,0,0,0,0.0,252,540,46.666666666667,127,414,30.676328502415,1,21,14,29,0,0,0.0,0,0,0.0,762,294,0,142,0,1,50.0,5,2,71.428571428571,6,66.666666666667,0,0,0.0,1,29,0,0,2,1,0,1,1,0,0,77,0,19,0,37,51,21,34,3,21,0,0,15,0,6,0
856640,Mads Hermansen,West Ham United,mads hermansen,6.7722222222222,18,18,1620,0,,1,0.03381828,0,0,0,0,0.0,345,593,58.178752107926,82,326,25.153374233129,2,29,23,48,0,0,0.0,0,0,0.0,804,253,0,167,0,1,100.0,10,0,100.0,11,100.0,0,0,0.0,0,20,0,0,3,1,0,0,2,0,0,55,2,7,7,28,33,20,26,2,12,13,13,20,0,1,0
996985,Armando Broja,Burnley,armando broja,6.4125,24,8,874,1,2.1458,1,0.22510923,1,3,16,6,6.25,105,151,69.53642384106,1,1,100.0,5,52,1,1,8,24,33.333333333333,3,1,33.333333333333,324,119,6,26,20,30,35.714285714286,35,76,31.531531531532,65,33.333333333333,6,3,50.0,3,9,8,0,0,0,5,14,16,0,0,0,0,0,0,27,0,0,22,5,0,0,0,0,0,0,0
901907,Lyle Foster,Burnley,lyle foster,6.4807692307692,26,15,1372,3,3.2454,2,0.48992833,2,3,20,6,15.0,196,280,70.0,7,14,50.0,10,79,2,5,10,22,45.454545454545,6,1,16.666666666667,523,190,9,42,32,38,34.545454545455,28,70,28.571428571429,66,31.730769230769,16,12,75.0,4,20,7,3,0,0,8,22,13,4,0,0,0,0,0,30,0,0,29,1,0,0,0,0,0,0,0
795066,Marcus Edwards,Burnley,marcus edwards,6.6772727272727,23,11,1073,1,1.4907,3,1.84693203,6,2,23,6,4.3478260869565,279,338,82.544378698225,6,12,50.0,20,133,8,15,14,38,36.842105263158,20,5,25.0,548,170,8,50,28,43,36.752136752137,2,8,20.0,45,35.433070866142,11,5,45.454545454545,2,4,9,0,0,0,17,7,18,0,0,0,0,0,0,18,0,0,17,1,0,0,0,0,0,0,0
990550,Zeki Amdouni,Burnley,zeki amdouni,6.475,4,0,69,0,0.2399,0,0.01893447,0,0,3,1,0.0,19,20,95.0,1,1,100.0,0,5,0,0,1,4,25.0,0,0,0.0,35,10,0,1,1,2,28.571428571429,1,1,50.0,3,33.333333333333,0,0,0.0,0,0,1,0,0,0,0,1,1,0,0,0,0,0,0,0,0,0,0,0,0,0,0,0,0,0,0
875137,Zian Flemming,Burnley,zian flemming,6.8172413793103,29,21,1808,11,7.874,0,0.422429,0,10,53,21,20.754716981132,180,277,64.981949458484,10,17,58.823529411765,10,66,9,20,4,11,36.363636363636,6,1,16.666666666667,589,196,3,33,17,46,37.704918032787,68,84,44.736842105263,114,41.605839416058,17,10,58.823529411765,7,37,15,5,0,0,5,50,26,5,0,0,0,0,0,35,0,0,32,3,0,0,0,0,0,0,0
1004505,Loum Tchaouna,Burnley,loum tchaouna,6.5620689655172,29,14,1316,2,1.2514,1,0.92828658,1,1,23,9,8.695652173913,257,342,75.146198830409,13,22,59.090909090909,13,98,15,27,7,21,33.333333333333,34,10,29.411764705882,578,181,6,38,17,40,41.237113402062,14,25,35.897435897436,54,39.705882352941,18,9,50.0,2,10,9,1,0,2,14,13,16,2,0,0,0,0,0,24,0,0,21,3,0,0,0,0,0,0,0
809276,Jacob Bruun Larsen,Burnley,jacob bruun larsen,6.5214285714286,28,10,1038,0,1.38,1,1.17110897,2,2,17,4,0.0,238,292,81.506849315068,3,10,30.0,12,107,5,9,10,35,28.571428571429,42,9,21.428571428571,504,149,5,31,11,22,34.375,11,17,39.285714285714,33,35.869565217391,12,4,33.333333333333,6,13,7,1,0,0,5,1,0,0,0,0,0,0,0,29,0,0,26,3,0,0,0,0,0,0,0
1009386,Hannibal Mejbri,Burnley,hannibal mejbri,6.74,27,15,1253,1,0.8909,4,2.05888425,5,0,19,5,5.2631578947368,394,510,77.254901960784,18,45,40.0,21,172,14,39,20,34,58.823529411765,31,11,35.483870967742,815,222,12,65,33,96,55.172413793103,6,26,18.75,102,49.514563106796,29,17,58.620689655172,8,7,8,3,0,2,12,24,47,10,0,0,0,0,1,27,0,0,27,0,0,0,0,0,0,0,0
1048916,Lesley Ugochukwu,Burnley,lesley ugochukwu,6.7171428571429,35,27,2359,3,2.5014,1,0.41548659,0,1,23,8,13.04347826087,657,788,83.375634517766,25,47,53.191489361702,10,163,12,26,16,32,50.0,7,1,14.285714285714,1154,214,7,100,31,96,50.793650793651,26,31,45.614035087719,122,49.593495934959,51,25,49.019607843137,18,24,9,21,1,0,21,28,30,1,1,0,0,0,1,50,0,0,47,3,0,0,0,0,0,0,0
161717,James Ward-Prowse,Burnley,james ward-prowse,6.8166666666667,18,12,1109,0,0.2169,1,1.88488317,8,0,5,2,0.0,545,614,88.762214983713,28,53,52.830188679245,23,117,27,46,2,7,28.571428571429,76,28,36.842105263158,829,140,4,49,4,31,53.448275862069,10,12,45.454545454545,41,51.25,16,7,43.75,20,17,3,7,2,0,10,8,13,1,0,0,0,0,1,27,0,0,25,2,0,0,0,0,0,0,0
855845,Florentino Luís,Burnley,florentino luis,6.6935483870968,31,25,2118,0,0.6626,2,0.55195945,0,2,13,2,0.0,891,1042,85.508637236084,47,72,65.277777777778,13,171,53,79,7,21,33.333333333333,11,1,9.0909090909091,1431,218,5,113,17,105,49.763033175355,24,27,47.058823529412,129,49.236641221374,90,49,54.444444444444,41,56,3,14,1,3,36,40,8,6,0,0,0,0,1,45,0,0,44,1,0,0,0,0,0,0,0
1020680,Jaidon Anthony,Burnley,jaidon anthony,6.7756756756757,37,32,2743,8,5.1307,2,2.86569666,6,3,55,23,14.545454545455,717,897,79.933110367893,29,61,47.540983606557,37,237,16,41,36,101,35.643564356436,80,14,17.5,1541,461,24,141,41,122,42.80701754386,12,25,32.432432432432,134,41.614906832298,42,22,52.380952380952,15,27,13,7,0,3,29,28,47,4,0,0,0,0,2,59,0,0,55,4,0,0,0,0,0,0,0
826183,Mike Trésor,Burnley,mike tresor,6.4666666666667,6,0,63,0,,0,0.00496622,0,0,0,0,0.0,23,27,85.185185185185,1,1,100.0,1,3,0,2,0,2,0.0,3,1,33.333333333333,42,13,1,4,2,1,20.0,0,3,0.0,1,12.5,1,1,100.0,0,0,0,0,0,0,0,0,0,0,0,0,0,0,0,2,0,0,0,2,0,0,0,0,0,0,0
792122,Josh Cullen,Burnley,josh cullen,6.9111111111111,18,18,1519,2,0.9004,2,1.35254865,4,0,11,6,18.181818181818,728,866,84.064665127021,42,96,43.75,13,164,36,84,2,6,33.333333333333,12,1,8.3333333333333,1084,183,3,73,10,49,55.681818181818,17,16,51.515151515152,66,54.545454545455,31,18,58.064516129032,22,35,4,11,0,2,12,16,18,2,0,0,0,0,2,29,0,0,27,2,0,0,0,0,0,0,0
27028,Ashley Barnes,Burnley,ashley barnes,6.4285714285714,7,0,92,0,0.2499,0,0.04094987,0,1,2,1,0.0,4,13,30.769230769231,0,1,0.0,0,3,0,1,1,1,100.0,0,0,0.0,27,17,0,2,2,2,40.0,8,8,50.0,10,47.619047619048,0,0,0.0,0,0,1,0,0,0,0,2,2,2,0,0,0,0,0,3,0,0,2,1,0,0,0,0,0,0,0
552036,Josh Laurent,Burnley,josh laurent,6.4545454545455,33,18,1783,1,0.8521,0,0.487719,0,1,14,4,7.1428571428571,502,643,78.071539657854,16,58,27.586206896552,12,102,12,43,9,19,47.368421052632,15,4,26.666666666667,925,206,2,64,15,68,46.896551724138,26,24,52.0,94,48.205128205128,48,25,52.083333333333,27,39,4,8,1,0,22,31,11,7,1,0,0,0,1,40,0,0,36,4,0,0,0,0,0,0,0
44614,Kyle Walker,Burnley,kyle walker,6.6055555555556,36,35,3097,0,0.1581,2,1.33910579,3,0,4,0,0.0,1115,1441,77.376821651631,94,237,39.662447257384,13,257,80,165,13,27,48.148148148148,37,7,18.918918918919,2232,563,5,155,14,91,53.846153846154,47,45,51.086956521739,138,52.873563218391,56,33,58.928571428571,45,102,3,10,0,2,19,32,22,9,0,0,0,0,4,66,0,0,60,6,0,0,0,0,0,0,0
817979,Axel Tuanzebe,Burnley,axel tuanzebe,6.5285714285714,14,14,1202,1,0.606,0,0.14014903,0,0,2,1,50.0,481,569,84.534270650264,22,65,33.846153846154,0,31,15,43,0,0,0.0,1,0,0.0,723,92,0,40,0,16,47.058823529412,22,24,47.826086956522,38,47.5,14,8,57.142857142857,11,83,0,11,0,3,5,13,2,1,0,0,0,0,1,26,0,0,26,0,0,0,0,0,0,0,0
1117223,Maxime Estève,Burnley,maxime esteve,6.6352941176471,34,34,2937,0,0.7226,0,0.65785759,1,0,10,1,0.0,1170,1347,86.859688195991,52,137,37.956204379562,7,92,31,83,3,5,60.0,6,2,33.333333333333,1787,199,2,114,3,59,64.130434782609,80,38,67.796610169492,139,66.190476190476,44,26,59.090909090909,37,221,1,33,2,1,15,13,12,1,0,0,0,0,1,70,0,0,66,4,0,0,0,0,0,0,0
996910,Bashir Humphreys,Burnley,bashir humphreys,6.8473684210526,20,17,1578,0,0.4155,0,0.68225913,1,1,9,3,0.0,697,851,81.903642773208,49,122,40.16393442623,9,124,26,62,6,12,50.0,18,3,16.666666666667,1161,210,1,69,6,43,50.0,26,32,44.827586206897,69,47.916666666667,27,18,66.666666666667,11,84,4,19,0,2,17,14,10,6,0,0,0,0,2,33,0,0,30,3,0,0,0,0,0,0,0
1392044,Quilindschy Hartman,Burnley,quilindschy hartman,6.4619047619048,21,21,1830,0,0.3357,5,1.9931781,6,1,9,3,0.0,557,736,75.679347826087,35,104,33.653846153846,20,118,25,66,5,12,41.666666666667,76,11,14.473684210526,1198,313,0,69,6,60,60.606060606061,10,18,35.714285714286,70,55.11811023622,52,32,61.538461538462,31,66,2,4,1,1,13,13,3,1,0,0,0,0,2,40,0,0,39,1,0,0,0,0,0,0,0
1136896,Lucas Pires,Burnley,lucas pires,6.55,20,15,1406,0,0.5839,0,1.4783655,1,1,16,4,0.0,470,560,83.928571428571,14,41,34.146341463415,20,140,11,29,18,28,64.285714285714,56,9,16.071428571429,959,210,6,86,12,51,46.788990825688,3,9,25.0,54,44.628099173554,29,22,75.862068965517,20,39,6,6,0,0,21,15,4,1,1,0,0,0,1,29,0,0,24,5,0,0,0,0,0,0,0
875360,Hjalmar Ekdal,Burnley,hjalmar ekdal,6.6722222222222,19,17,1539,0,0.2552,0,0.27340013,0,1,6,1,0.0,579,681,85.022026431718,30,78,38.461538461538,4,38,18,44,2,4,50.0,1,0,0.0,925,116,0,49,4,31,67.391304347826,52,32,61.904761904762,83,63.846153846154,24,16,66.666666666667,12,125,2,13,1,1,4,5,7,0,0,0,0,0,2,34,0,0,29,5,0,0,0,0,0,0,0
838399,Joe Worrall,Burnley,joe worrall,6.57,11,5,517,0,0.08,0,0.02442092,0,0,1,0,0.0,125,155,80.645161290323,5,19,26.315789473684,0,6,1,6,0,0,0.0,0,0,0.0,253,37,0,10,0,4,40.0,21,21,50.0,25,48.076923076923,4,3,75.0,5,60,0,7,0,0,2,4,1,0,0,0,0,0,0,11,0,0,10,1,0,0,0,0,0,0,0
42209,Martin Dúbravka,Burnley,martin dubravka,6.9828571428571,35,35,3150,0,,0,0.06901932,0,0,0,0,0.0,701,1204,58.222591362126,252,746,33.780160857909,0,68,56,110,0,0,0.0,0,0,0.0,1584,510,0,291,0,7,87.5,22,4,84.615384615385,29,85.294117647059,1,1,100.0,0,59,0,0,2,0,1,0,8,1,0,127,2,30,4,71,85,40,65,6,42,15,14,24,0,7,0
1128801,Max Weiss,Burnley,max weiss,7.5666666666667,3,3,270,0,,0,0.00633103,0,0,0,0,0.0,68,112,60.714285714286,17,61,27.868852459016,1,5,6,8,0,0,0.0,0,0,0.0,146,48,0,21,1,0,0.0,1,0,100.0,1,50.0,0,0,0.0,0,4,0,0,0,0,0,0,0,0,0,10,0,1,0,4,5,5,4,0,2,2,2,4,0,1,0
192442,Raúl Jiménez,Wolverhampton,raul jimenez,6.6777777777778,36,27,2206,9,11.4959,3,0.93374736,2,9,74,19,12.162162162162,329,518,63.513513513514,16,26,61.538461538462,25,109,10,18,10,27,37.037037037037,7,2,28.571428571429,925,303,9,55,28,78,44.067796610169,85,127,40.094339622642,163,41.902313624679,35,21,60.0,8,30,21,3,1,0,19,46,34,5,0,0,0,0,2,28,0,0,26,2,0,0,0,0,0,0,0
786186,Hwang Hee-chan,Wolverhampton,hwang hee-chan,6.5769230769231,26,18,1461,2,2.3877,2,1.58028209,3,2,19,6,10.526315789474,285,378,75.396825396825,13,22,59.090909090909,15,99,10,23,9,25,36.0,19,3,15.789473684211,605,182,6,57,11,37,38.144329896907,6,14,30.0,43,36.752136752137,10,4,40.0,13,16,4,0,2,1,6,28,18,5,0,0,0,0,0,29,0,0,26,3,0,0,0,0,0,0,0
987734,Tolu Arokodare,Wolverhampton,tolu arokodare,6.565625,33,13,1438,3,5.4603,1,0.44799832,1,11,47,16,6.3829787234043,163,270,60.37037037037,1,7,14.285714285714,12,57,3,5,18,32,56.25,0,0,0.0,599,225,8,26,22,42,44.68085106383,99,92,51.832460732984,141,49.473684210526,7,5,71.428571428571,5,43,9,2,0,0,1,17,17,1,0,0,0,0,1,28,0,0,24,4,0,0,0,0,0,0,0
1899647,Mateus Mané,Wolverhampton,mateus mane,6.8851851851852,27,19,1799,3,2.0136,1,3.69061557,7,0,42,17,7.1428571428571,286,375,76.266666666667,12,34,35.294117647059,31,111,13,23,31,84,36.904761904762,93,34,36.559139784946,897,323,13,77,41,106,44.725738396624,8,38,17.391304347826,114,40.282685512367,28,13,46.428571428571,5,26,6,1,1,1,15,25,47,0,0,0,0,0,3,30,0,0,28,2,0,0,0,0,0,0,0
361352,Adam Armstrong,Wolverhampton,adam armstrong,6.6,14,14,1146,2,2.7398,2,0.86309766,3,3,18,6,11.111111111111,104,152,68.421052631579,0,4,0.0,6,46,2,6,10,18,55.555555555556,5,1,20.0,282,101,3,15,9,21,39.622641509434,9,14,39.130434782609,30,39.473684210526,8,4,50.0,2,12,6,1,0,0,3,13,3,3,0,0,0,0,1,20,0,0,19,1,0,0,0,0,0,0,0
845273,Jean-Ricner Bellegarde,Wolverhampton,jean-ricner bellegarde,6.7769230769231,26,15,1251,1,0.9889,1,1.1237165,2,0,21,7,4.7619047619048,340,428,79.439252336449,26,46,56.521739130435,14,117,21,36,18,30,60.0,25,5,20.0,711,175,5,44,20,86,60.992907801418,9,21,30.0,95,55.555555555556,28,15,53.571428571429,10,20,6,3,3,0,3,20,41,5,0,0,0,0,0,30,0,0,24,6,0,0,0,0,0,0,0
1015267,João Gomes,Wolverhampton,joao gomes,6.7714285714286,35,32,2843,1,1.2783,1,2.07968735,2,0,19,7,5.2631578947368,1245,1455,85.567010309278,39,72,54.166666666667,16,288,40,78,43,67,64.179104477612,32,11,34.375,2050,364,12,194,55,199,50.507614213198,27,27,50.0,226,50.446428571429,107,68,63.551401869159,36,45,6,6,1,2,49,69,49,10,0,0,0,0,2,56,0,0,50,6,0,0,0,0,0,0,0
1035996,André,Wolverhampton,andre,6.8257142857143,35,30,2766,1,0.522,0,0.99231452,1,0,15,1,6.6666666666667,1198,1311,91.380625476735,59,86,68.604651162791,18,189,45,67,19,34,55.882352941176,40,10,25.0,1763,220,10,212,30,144,52.941176470588,4,15,21.052631578947,148,50.85910652921,82,44,53.658536585366,30,50,10,13,2,6,37,47,43,12,0,0,0,0,1,53,0,0,47,6,0,0,0,0,0,0,0
867441,Angel Gomes,Wolverhampton,angel gomes,6.7166666666667,12,7,488,0,0.2553,0,0.27784823,0,0,6,2,0.0,161,188,85.63829787234,10,15,66.666666666667,6,47,19,28,4,6,66.666666666667,11,2,18.181818181818,266,56,0,17,4,23,57.5,2,2,50.0,25,56.818181818182,10,6,60.0,0,4,0,2,0,0,4,7,9,1,0,0,0,0,0,8,0,0,7,1,0,0,0,0,0,0,0
1096210,Jackson Tchatchoua,Wolverhampton,jackson tchatchoua,6.5566666666667,31,19,1855,0,0.3312,1,1.68906553,3,0,2,1,0.0,413,542,76.19926199262,14,35,40.0,21,100,17,37,5,14,35.714285714286,91,22,24.175824175824,941,261,4,62,7,43,53.75,23,31,42.592592592593,66,49.253731343284,29,15,51.724137931034,15,57,0,8,0,3,14,8,9,3,0,0,0,0,3,37,0,0,30,7,0,0,0,0,0,0,0
1006073,Rodrigo Gomes,Wolverhampton,rodrigo gomes,6.6318181818182,22,9,978,3,2.1454,0,0.41529035,0,2,20,6,15.0,190,263,72.243346007605,2,12,16.666666666667,4,74,4,10,8,26,30.769230769231,24,3,12.5,481,157,5,33,7,39,48.75,6,18,25.0,45,43.269230769231,23,18,78.260869565217,9,13,2,2,0,0,10,6,8,0,0,0,0,0,0,18,0,0,14,4,0,0,0,0,0,0,0
1013928,Hugo Bueno,Wolverhampton,hugo bueno,6.6742857142857,35,26,2375,1,0.8586,2,3.51438263,6,0,16,6,6.25,683,848,80.542452830189,25,74,33.783783783784,38,179,16,46,31,77,40.25974025974,167,58,34.730538922156,1692,426,5,115,32,122,48.605577689243,19,23,45.238095238095,141,48.122866894198,67,39,58.208955223881,38,67,4,4,0,2,34,18,24,3,0,0,0,0,3,44,0,0,38,6,0,0,0,0,0,0,0
1005725,Tawanda Chirewa,Wolverhampton,tawanda chirewa,6.6,2,0,31,0,,0,0.00168662,0,0,0,0,0.0,3,3,100.0,0,0,0.0,0,1,0,0,0,0,0.0,0,0,0.0,10,2,0,2,0,4,57.142857142857,0,1,0.0,4,50.0,3,0,0.0,0,1,0,0,0,0,1,3,1,0,0,0,0,0,0,0,0,0,0,0,0,0,0,0,0,0,0
1445189,Tom Edozie,Wolverhampton,tom edozie,7.1,3,0,26,1,0.2275,0,0.00074395,0,0,2,1,50.0,5,7,71.428571428571,1,1,100.0,0,1,0,0,2,3,66.666666666667,0,0,0.0,16,5,0,1,2,3,50.0,0,0,0.0,3,50.0,1,0,0.0,0,0,0,0,0,0,0,0,0,0,0,0,0,0,0,0,0,0,0,0,0,0,0,0,0,0,0
1597270,Pedro Lima,Wolverhampton,pedro lima,6.5714285714286,9,3,271,0,0.3431,0,0.37093195,0,1,4,1,0.0,35,55,63.636363636364,3,11,27.272727272727,3,8,2,4,1,3,33.333333333333,10,4,40.0,134,41,0,11,4,10,40.0,2,3,40.0,12,40.0,8,6,75.0,5,6,1,0,0,2,4,5,1,0,0,0,0,0,0,6,0,0,6,0,0,0,0,0,0,0,0
1014835,Yerson Mosquera,Wolverhampton,yerson mosquera,6.6384615384615,27,24,2142,0,2.5183,0,0.68620463,1,4,30,6,0.0,641,796,80.527638190955,22,80,27.5,11,88,16,37,9,23,39.130434782609,19,2,10.526315789474,1395,294,0,93,5,113,63.128491620112,47,58,44.761904761905,160,56.338028169014,62,39,62.903225806452,30,114,8,17,0,2,17,34,44,11,0,0,0,0,4,40,0,0,35,5,0,0,0,0,0,0,0
856250,Ladislav Krejčí,Wolverhampton,ladislav krejci,6.7071428571429,28,27,2361,2,2.2232,1,1.48788337,2,3,21,10,9.5238095238095,1087,1317,82.536066818527,88,208,42.307692307692,9,148,58,126,2,4,50.0,17,4,23.529411764706,1670,287,1,79,8,40,42.553191489362,64,49,56.637168141593,104,50.24154589372,32,21,65.625,32,117,5,15,1,3,13,33,7,3,1,0,0,0,3,45,0,0,37,8,0,0,0,0,0,0,0
143047,Matt Doherty,Wolverhampton,matt doherty,6.5454545454545,11,11,791,0,0.0893,0,0.18355268,1,0,3,0,0.0,240,298,80.536912751678,15,36,41.666666666667,3,40,21,42,2,2,100.0,7,2,28.571428571429,427,76,4,28,3,24,46.153846153846,21,10,67.741935483871,45,54.21686746988,16,8,50.0,7,37,2,6,0,0,10,16,6,4,0,0,0,0,0,15,0,0,13,2,0,0,0,0,0,0,0
846308,Santiago Bueno,Wolverhampton,santiago bueno,6.7620689655172,29,28,2553,3,2.278,1,1.4513575,1,1,10,7,30.0,938,1085,86.451612903226,56,123,45.528455284553,10,76,24,61,0,2,0.0,6,2,33.333333333333,1435,175,0,68,5,61,56.481481481481,48,46,51.063829787234,109,53.960396039604,50,28,56.0,27,116,2,21,0,1,11,30,11,4,0,0,0,0,4,47,0,0,42,5,0,0,0,0,0,0,0
1031283,David Møller Wolfe,Wolverhampton,david moller wolfe,6.6,22,11,1061,0,0.1227,2,1.08365965,3,0,3,0,0.0,193,260,74.230769230769,14,28,50.0,8,54,7,19,5,8,62.5,33,8,24.242424242424,465,129,2,27,2,19,51.351351351351,11,8,57.894736842105,30,53.571428571429,10,5,50.0,7,31,2,2,0,0,3,10,4,1,0,0,0,0,0,23,0,0,20,3,0,0,0,0,0,0,0
973418,Toti Gomes,Wolverhampton,toti gomes,6.5166666666667,19,17,1427,0,0.5332,0,0.30590032,0,1,5,2,0.0,701,816,85.906862745098,40,97,41.237113402062,6,67,20,52,10,12,83.333333333333,11,3,27.272727272727,1057,144,0,53,5,44,66.666666666667,24,20,54.545454545455,68,61.818181818182,23,13,56.521739130435,14,95,1,12,1,1,4,11,11,2,1,0,0,0,1,33,0,0,28,5,0,0,0,0,0,0,0
954044,Ki-Jana Hoever,Wolverhampton,ki-jana hoever,6.6375,8,6,428,0,0.0209,0,0.36294271,2,0,1,1,0.0,106,154,68.831168831169,9,28,32.142857142857,5,31,6,10,5,8,62.5,22,7,31.818181818182,283,78,3,16,3,21,63.636363636364,6,6,50.0,27,60.0,13,11,84.615384615385,6,20,0,1,0,0,3,3,3,0,0,0,0,0,0,13,0,0,11,2,0,0,0,0,0,0,0
252669,José Sá,Wolverhampton,jose sa,6.8304347826087,23,23,2070,0,,0,0.08131651,0,0,0,0,0.0,416,694,59.942363112392,143,414,34.541062801932,1,41,23,45,0,0,0.0,0,0,0.0,957,281,0,217,0,5,100.0,17,1,94.444444444444,22,95.652173913043,1,0,0.0,0,47,0,0,1,2,0,0,6,2,0,65,0,7,4,37,44,21,33,4,29,16,15,30,1,3,0
98427,Sam Johnstone,Wolverhampton,sam johnstone,6.8833333333333,12,12,1080,0,,0,0.04546227,0,0,0,0,0.0,245,438,55.936073059361,127,320,39.6875,0,33,37,75,0,0,0.0,0,0,0.0,576,195,0,108,0,2,100.0,3,1,75.0,5,83.333333333333,2,1,50.0,0,24,0,0,1,0,0,0,0,0,0,39,0,15,0,24,26,13,18,6,14,14,13,7,4,1,0
101367,Daniel Bentley,Wolverhampton,daniel bentley,7.1,3,3,270,0,,0,0.00643693,0,0,0,0,0.0,44,88,50.0,14,58,24.137931034483,0,5,2,5,0,0,0.0,0,0,0.0,122,44,0,26,0,2,100.0,1,0,100.0,3,100.0,0,0,0.0,0,5,0,0,0,0,0,0,2,0,0,7,0,0,0,7,7,0,7,0,3,4,4,3,0,1,0
