sofascore_id,player,squad,norm_key,rating,appearances,matchesStarted,minutesPlayed,goals,expectedGoals,assists,expectedAssists,bigChancesCreated,bigChancesMissed,totalShots,shotsOnTarget,goalConversionPercentage,accuratePasses,totalPasses,accuratePassesPercentage,accurateLongBalls,totalLongBalls,accurateLongBallsPercentage,keyPasses,accurateFinalThirdPasses,accurateChippedPasses,totalChippedPasses,successfulDribbles,totalContest,successfulDribblesPercentage,totalCross,accurateCrosses,accurateCrossesPercentage,touches,possessionLost,possessionWonAttThird,ballRecovery,dispossessed,groundDuelsWon,groundDuelsWonPercentage,aerialDuelsWon,aerialLost,aerialDuelsWonPercentage,totalDuelsWon,totalDuelsWonPercentage,tackles,tacklesWon,tacklesWonPercentage,interceptions,clearances,blockedShots,outfielderBlocks,errorLeadToGoal,errorLeadToShot,dribbledPast,fouls,wasFouled,yellowCards,redCards,saves,savesCaught,savesParried,cleanSheet,goalsConceded,savedShotsFromInsideTheBox,savedShotsFromOutsideTheBox,goalsConcededInsideTheBox,goalsConcededOutsideTheBox,punches,runsOut,successfulRunsOut,highClaims,crossesNotClaimed,penaltyFaced,penaltySave
886204,Lazar Carević,Famalicão,lazar carevic,7.12,34,34,3060,0,,0,0.02,0,0,0,0,0.0,987,1174,84.07,114,294,38.78,0,11,61,94,0,0,0.0,0,0,0.0,1421,191,0,233,0,7,87.5,9,0,100.0,16,94.12,1,0,0.0,0,24,0,0.0,0,1,1,0,8,4,0,95,0,25,17,29,57,37,28,1,12,12,10,10,0,7,1
1394935,Bernardo Fontes,Tondela,bernardo fontes,7.03,34,34,3060,0,0.15,0,0.11,0,0,1,0,0.0,594,983,60.43,199,584,34.08,1,65,41,72,0,1,0.0,0,0,0.0,1363,398,0,299,0,14,87.5,9,1,90.0,23,88.46,3,2,66.67,0,42,0,0.0,2,2,1,0,11,1,0,114,1,30,7,55,75,34,48,7,18,26,23,38,2,11,1
943525,Felix Bacher,Estoril,felix bacher,6.77,34,34,3060,2,1.41,0,1.15,0,2,12,2,16.67,1598,1808,88.38,112,205,54.63,8,125,66,109,10,11,90.91,0,0,0.0,2281,242,0,136,5,91,61.49,90,67,57.32,181,59.34,45,30,66.67,47,197,6,16.0,3,2,15,38,37,4,0,0,0,0,5,57,0,0,49,8,0,0,0,0,0,0,0
82598,Renan Ribeiro,Estrela,renan ribeiro,6.85,33,33,2970,0,,0,0.05,0,0,0,0,0.0,550,900,61.11,190,534,35.58,1,24,61,109,1,1,100.0,0,0,0.0,1210,354,0,225,0,7,77.78,10,1,90.91,17,85.0,0,0,0.0,0,38,0,0.0,2,5,0,2,7,5,0,97,0,23,8,54,68,28,49,5,21,8,8,16,0,11,2
963744,Lukáš Horníček,Braga,lukas hornicek,6.95,33,33,2960,0,,0,0.02,0,0,0,0,0.0,846,1129,74.93,124,396,31.31,0,13,35,77,1,1,100.0,0,0,0.0,1410,287,0,239,0,5,83.33,11,1,91.67,16,88.89,0,0,0.0,0,51,0,0.0,0,0,1,0,5,4,0,74,0,19,12,33,47,27,29,4,16,45,45,16,0,6,2
1131145,Sidney Lima,Santa Clara,sidney lima,6.79,33,33,2933,1,1.17,0,0.9,1,1,16,3,6.25,1279,1487,86.01,92,213,43.19,16,117,51,119,3,8,37.5,19,6,31.58,1967,261,5,91,5,61,55.96,55,53,50.93,116,53.46,34,27,79.41,36,165,2,25.0,0,1,9,31,26,7,1,0,0,0,10,40,0,0,37,3,0,0,0,0,0,0,0
843115,Diogo Costa,Porto,diogo costa,7.06,33,33,2907,0,,0,0.12,0,0,0,0,0.0,768,999,76.88,169,391,43.22,0,39,63,112,0,0,0.0,0,0,0.0,1236,239,0,224,0,3,100.0,7,0,100.0,10,100.0,0,0,0.0,0,34,0,0.0,0,1,0,0,4,3,0,60,1,10,19,15,35,24,14,1,17,22,22,12,0,2,1
987597,Jesús Ramírez,Nacional,jesus ramirez,7.02,33,33,2892,18,17.29,0,1.06,0,14,108,45,16.67,414,601,68.89,10,22,45.45,26,163,11,30,25,46,54.35,6,0,0.0,1100,345,20,76,45,75,40.54,143,161,47.04,218,44.58,13,11,84.62,3,45,24,5.0,0,0,8,45,42,6,0,0,0,0,4,37,0,0,35,2,0,0,0,0,0,0,0
253809,Rui Silva,Sporting CP,rui silva,7.11,32,32,2880,0,,0,0.01,0,0,0,0,0.0,647,756,85.58,82,188,43.62,0,6,56,74,0,0,0.0,0,0,0.0,1025,110,0,255,0,1,100.0,3,0,100.0,4,100.0,0,0,0.0,0,23,0,0.0,1,1,0,0,1,4,0,76,0,17,14,23,41,34,21,2,11,21,21,16,0,5,1
966616,Anatoliy Trubin,Benfica,anatoliy trubin,6.86,32,32,2880,0,,0,0.03,0,0,0,0,0.0,466,640,72.81,97,268,36.19,0,23,19,38,0,0,0.0,0,0,0.0,877,178,0,196,0,5,100.0,8,0,100.0,13,100.0,0,0,0.0,0,18,0,0.0,3,2,0,0,6,2,0,73,1,20,13,24,41,31,21,3,13,6,6,10,0,4,2
822526,Gabriel Batista,Santa Clara,gabriel batista,6.86,32,32,2880,0,0.15,1,0.06,1,0,1,0,0.0,558,882,63.27,198,518,38.22,4,41,54,77,0,0,0.0,0,0,0.0,1154,327,0,275,0,2,50.0,12,1,92.31,14,82.35,0,0,0.0,0,27,0,0.0,2,0,2,0,5,0,0,76,0,28,9,40,38,37,37,3,15,12,12,31,2,8,2
1406639,Victor Froholdt,Porto,victor froholdt,6.89,34,32,2875,6,6.09,6,2.64,6,5,40,11,15.0,691,810,85.31,8,20,40.0,30,237,8,16,32,61,52.46,32,4,12.5,1355,308,20,132,39,123,47.67,32,38,45.71,155,47.26,46,24,52.17,31,31,15,10.0,0,1,32,39,46,2,0,0,0,0,16,14,0,0,13,1,0,0,0,0,0,0,0
993101,Samuel Dahl,Benfica,samuel dahl,7.02,33,32,2862,1,0.61,1,4.46,2,0,17,6,5.88,1374,1604,85.66,54,128,42.19,35,442,48,104,21,38,55.26,61,17,27.87,2303,360,5,145,11,137,61.71,18,34,34.62,155,56.57,88,56,63.64,24,46,5,6.0,1,0,35,24,28,3,0,0,0,0,11,24,0,0,21,3,0,0,0,0,0,0,0
849719,Gaizka Larrazabal,Casa Pia,gaizka larrazabal,6.83,33,33,2854,5,4.51,4,2.61,5,6,48,21,10.42,592,814,72.73,39,117,33.33,25,161,26,78,26,57,45.61,80,22,27.5,1548,445,11,136,23,87,45.79,26,29,47.27,113,46.12,50,31,62.0,28,85,16,7.0,0,0,20,30,12,6,0,0,0,0,3,53,0,0,47,6,0,0,0,0,0,0,0
830431,Francisco Trincão,Sporting CP,francisco trincao,7.14,34,32,2851,7,7.17,11,7.51,14,8,74,24,9.46,1166,1351,86.31,37,61,60.66,86,541,50,89,46,111,41.44,130,26,20.0,1941,459,25,120,32,103,44.4,9,5,64.29,112,45.53,36,22,61.11,10,15,27,1.0,0,1,13,22,21,1,0,0,0,0,11,22,0,0,20,2,0,0,0,0,0,0,0
1167068,Kaiky Naves,Alverca,kaiky naves,6.99,32,32,2835,2,2.05,0,0.75,1,2,17,4,11.76,1409,1692,83.27,192,356,53.93,7,151,122,232,4,7,57.14,8,3,37.5,2160,313,2,109,2,86,61.87,46,44,51.11,132,57.64,75,44,58.67,46,172,5,36.0,1,4,18,32,7,7,1,0,0,0,5,49,0,0,39,10,0,0,0,0,0,0,0
920684,Jordan Holsgrove,Estoril,jordan holsgrove,7.15,33,32,2834,1,1.04,7,5.38,12,0,36,7,2.78,2014,2359,85.38,131,246,53.25,53,453,140,271,12,29,41.38,139,37,26.62,2880,530,9,144,20,121,52.61,26,26,50.0,147,52.13,61,41,67.21,33,29,12,7.0,2,3,39,34,48,8,0,0,0,0,3,52,0,0,45,7,0,0,0,0,0,0,0
912781,Paulinho Bóia,Nacional,paulinho boia,6.94,33,33,2825,4,4.71,2,3.73,8,4,61,26,6.56,470,655,71.76,40,85,47.06,44,204,34,84,46,93,49.46,92,23,25.0,1309,451,29,135,40,166,49.7,15,45,25.0,181,45.94,48,23,47.92,11,21,13,1.0,0,1,45,40,72,6,0,0,0,0,4,35,0,0,33,2,0,0,0,0,0,0,0
904849,Nabil Touaizi,Alverca,nabil touaizi,6.74,33,31,2825,1,2.36,5,3.62,9,4,22,9,4.55,738,959,76.96,52,109,47.71,29,217,37,91,37,87,42.53,130,25,19.23,1817,504,8,134,22,84,42.0,24,30,44.44,108,42.52,26,16,61.54,27,76,2,9.0,0,2,19,26,21,7,0,0,0,0,6,47,0,0,37,10,0,0,0,0,0,0,0
1105595,Sorriso,Famalicão,sorriso,6.9,33,33,2799,5,8.1,4,5.38,10,11,63,20,7.94,638,820,77.8,32,63,50.79,42,303,28,57,22,66,33.33,175,37,21.14,1568,509,22,140,43,151,52.61,48,58,45.28,199,50.64,44,27,61.36,19,30,24,2.0,0,0,21,34,88,7,0,0,0,0,8,24,0,0,23,1,0,0,0,0,0,0,0
548044,João Carvalho,Estoril,joao carvalho,7.07,33,32,2798,6,4.39,11,5.65,13,2,50,21,12.0,1016,1311,77.5,79,143,55.24,54,347,84,167,33,95,34.74,64,18,28.13,1853,522,31,171,32,117,42.09,9,14,39.13,126,41.86,45,26,57.78,18,13,9,3.0,0,2,36,32,39,8,0,0,0,0,2,55,0,0,48,7,0,0,0,0,0,0,0
876255,Justin De Haas,Famalicão,justin de haas,7.17,31,31,2790,5,3.45,0,0.85,0,2,21,9,23.81,1791,2005,89.33,120,245,48.98,7,177,64,130,6,6,100.0,9,2,22.22,2400,247,0,103,8,76,58.46,47,40,54.02,123,56.68,45,26,57.78,30,159,7,20.0,0,1,14,34,26,7,0,0,0,0,15,28,0,0,27,1,0,0,0,0,0,0,0
93796,Joel Robles,Estoril,joel robles,6.77,31,31,2790,0,,0,0.22,0,0,0,0,0.0,431,764,56.41,174,504,34.52,0,23,24,35,1,1,100.0,0,0,0.0,1023,337,0,247,0,3,60.0,7,0,100.0,10,83.33,1,0,0.0,0,39,0,0.0,1,0,2,0,3,3,0,82,0,16,5,54,62,20,47,7,12,27,27,11,0,7,0
826054,Jérémy Livolant,Casa Pia,jeremy livolant,7.03,33,32,2776,3,5.66,8,4.62,8,7,46,16,6.52,543,771,70.43,22,58,37.93,40,205,25,56,29,71,40.85,176,46,26.14,1423,504,22,119,27,141,55.29,61,54,53.04,202,54.59,39,27,69.23,13,28,13,4.0,0,0,24,25,76,2,1,0,0,0,2,53,0,0,48,5,0,0,0,0,0,0,0
1097527,Luís Esteves,Gil Vicente FC,luis esteves,7.03,33,33,2770,4,4.05,8,4.38,8,1,76,23,5.26,1200,1457,82.36,99,172,57.56,58,389,94,190,13,31,41.94,126,28,22.22,2021,471,18,165,26,117,50.21,20,41,32.79,137,46.6,52,27,51.92,27,21,23,1.0,0,1,37,36,52,3,1,0,0,0,5,34,0,0,30,4,0,0,0,0,0,0,0
836676,Tom Van De Looi,Famalicão,tom van de looi,6.97,32,31,2753,0,1.08,0,2.29,5,0,32,4,0.0,1198,1392,86.06,77,122,63.11,13,261,50,86,3,3,100.0,5,2,40.0,1701,229,15,131,12,83,52.53,47,43,52.22,130,52.42,57,44,77.19,20,68,15,5.0,0,0,21,44,24,9,0,0,0,0,10,24,0,0,23,1,0,0,0,0,0,0,0
800348,Jonathan Buatu,Gil Vicente FC,jonathan buatu,6.77,31,31,2745,1,1.55,1,0.93,3,3,15,2,6.67,1322,1471,89.87,64,133,48.12,4,44,19,43,1,1,100.0,0,0,0.0,1781,159,1,77,0,49,56.32,78,62,55.71,127,55.95,36,23,63.89,21,149,3,14.0,0,0,13,28,13,4,0,0,0,0,11,33,0,0,27,6,0,0,0,0,0,0,0
955133,Naïs Djouahra,Arouca,nais djouahra,6.81,34,33,2743,6,2.5,3,3.72,5,3,49,19,12.24,666,834,79.86,30,60,50.0,31,242,36,70,33,73,45.21,154,26,16.88,1345,426,9,84,24,63,41.18,5,7,41.67,68,41.21,28,13,46.43,28,18,15,2.0,0,1,17,9,2,2,0,0,0,0,2,52,0,0,48,4,0,0,0,0,0,0,0
930246,Yanis Begraoui,Estoril,yanis begraoui,6.94,34,31,2726,20,13.03,1,1.8,2,9,79,35,25.32,472,604,78.15,17,24,70.83,19,169,15,26,25,56,44.64,30,2,6.67,1030,297,19,73,38,69,41.07,20,45,30.77,89,38.2,12,5,41.67,8,37,17,2.0,0,2,9,24,32,1,0,0,0,0,3,49,0,0,42,7,0,0,0,0,0,0,0
822509,Léo Santos,Nacional,leo santos,6.81,31,30,2719,3,1.82,2,0.73,1,3,24,6,12.5,1047,1267,82.64,76,201,37.81,12,82,39,93,13,17,76.47,9,2,22.22,1689,253,2,109,6,57,51.35,66,55,54.55,123,53.02,24,16,66.67,33,177,7,27.0,2,1,8,39,21,12,0,0,0,0,7,38,0,0,35,3,0,0,0,0,0,0,0
988964,Christian Marques,Tondela,christian marques,6.67,31,31,2715,0,0.39,0,1.06,1,1,3,1,0.0,1046,1188,88.05,75,154,48.7,8,73,36,69,5,6,83.33,0,0,0.0,1543,161,1,63,1,58,53.7,30,36,45.45,88,50.57,37,24,64.86,35,143,0,26.0,0,3,18,31,16,6,0,0,0,0,7,45,0,0,38,7,0,0,0,0,0,0,0
1563665,Gustavo Sá,Famalicão,gustavo sa,6.91,32,32,2711,4,5.16,2,4.42,11,6,44,14,9.09,774,1029,75.22,78,119,65.55,44,329,58,99,15,38,39.47,54,17,31.48,1519,400,18,122,24,132,46.48,58,47,55.24,190,48.84,46,31,67.39,12,41,12,3.0,0,1,34,76,72,7,0,0,0,0,9,22,0,0,21,1,0,0,0,0,0,0,0
905455,Alan,Moreirense,alan,6.92,33,32,2703,5,3.52,5,4.49,9,2,41,18,12.2,968,1092,88.64,42,65,64.62,42,341,38,65,18,41,43.9,147,39,26.53,1604,349,15,85,33,98,46.89,1,21,4.55,99,42.86,27,15,55.56,4,16,11,4.0,0,1,17,39,53,8,0,0,0,0,6,38,0,0,34,4,0,0,0,0,0,0,0
914213,Luis Javier Suárez,Sporting CP,luis javier suarez,7.4,32,31,2698,28,23.3,6,5.58,13,26,136,60,20.59,444,596,74.5,13,25,52.0,47,169,17,35,36,74,48.65,5,1,20.0,1098,313,20,53,36,102,46.15,31,39,44.29,133,45.7,16,6,37.5,2,15,25,2.0,0,0,12,43,53,7,0,0,0,0,7,20,0,0,18,2,0,0,0,0,0,0,0
286085,Jan Bednarek,Porto,jan bednarek,7.39,32,31,2690,2,0.95,0,1.19,0,1,13,4,15.38,2213,2399,92.25,85,144,59.03,7,182,49,78,0,1,0.0,1,1,100.0,2765,209,2,152,5,31,43.66,140,52,72.92,171,65.02,17,11,64.71,44,174,2,24.0,0,1,4,37,16,8,0,0,0,0,16,15,0,0,14,1,0,0,0,0,0,0,0
1002565,Luan Patrick,Estrela,luan patrick,6.85,31,30,2685,0,0.03,0,0.4,0,0,2,0,0.0,1314,1522,86.33,145,259,55.98,4,102,88,153,13,16,81.25,6,2,33.33,1910,236,1,127,0,60,60.61,27,20,57.45,87,59.59,40,30,75.0,29,171,1,31.0,0,2,11,26,8,5,1,0,0,0,7,52,0,0,48,4,0,0,0,0,0,0,0
1112474,Ze Vitor,Nacional,ze vitor,6.97,30,30,2673,4,2.99,1,0.55,0,1,35,9,11.43,1045,1290,81.01,109,244,44.67,10,132,57,134,6,12,50.0,5,0,0.0,1796,278,1,115,3,84,51.85,88,36,70.97,172,60.14,58,39,67.24,46,202,9,26.0,3,1,12,58,20,6,2,0,0,0,8,38,0,0,35,3,0,0,0,0,0,0,0
795236,Vangelis Pavlidis,Benfica,vangelis pavlidis,6.92,33,30,2667,22,21.67,4,2.9,7,19,95,47,23.16,443,632,70.09,17,25,68.0,36,193,19,36,14,45,31.11,11,2,18.18,1045,339,32,76,48,70,40.46,69,86,44.52,139,42.38,18,9,50.0,1,15,20,1.0,0,0,11,15,40,3,0,0,0,0,7,20,0,0,17,3,0,0,0,0,0,0,0
831781,Ghislain Konan,Gil Vicente FC,ghislain konan,6.75,30,30,2661,0,0.61,0,2.13,2,1,17,6,0.0,983,1221,80.51,51,137,37.23,20,269,47,116,51,110,46.36,69,15,21.74,1963,449,5,168,15,116,52.49,28,22,56.0,144,53.14,39,27,69.23,26,81,3,8.0,0,0,10,22,26,5,0,0,0,0,10,32,0,0,26,6,0,0,0,0,0,0,0
1084746,Santi García,Gil Vicente FC,santi garcia,6.91,33,31,2648,6,4.22,3,2.73,6,1,62,19,9.68,681,858,79.37,37,49,75.51,46,280,33,43,41,77,53.25,32,5,15.63,1565,472,22,108,52,143,47.04,63,78,44.68,206,46.29,41,33,80.49,9,30,19,3.0,0,1,24,51,64,5,0,0,0,0,7,32,0,0,28,4,0,0,0,0,0,0,0
1405973,Bastien Meupiyou,Alverca,bastien meupiyou,6.51,30,30,2619,0,0.95,0,0.36,0,2,6,2,0.0,1128,1325,85.13,65,151,43.05,2,103,40,91,23,40,57.5,5,1,20.0,1721,262,1,119,17,84,51.53,35,23,60.34,119,53.85,47,28,59.57,29,120,1,14.0,0,1,16,30,14,4,1,0,0,0,5,45,0,0,34,11,0,0,0,0,0,0,0
74915,Nicolás Otamendi,Benfica,nicolas otamendi,7.39,30,30,2605,2,1.25,0,0.74,0,0,24,6,8.33,1735,1916,90.55,126,207,60.87,9,202,68,121,9,11,81.82,6,0,0.0,2329,217,4,105,6,90,67.16,127,36,77.91,217,73.06,45,29,64.44,40,130,8,19.0,3,3,15,23,41,7,1,0,0,0,12,18,0,0,16,2,0,0,0,0,0,0,0
931485,Maracás,Moreirense,maracas,6.86,29,29,2594,4,1.22,0,0.14,0,1,6,4,66.67,1537,1711,89.83,82,187,43.85,2,37,46,88,2,3,66.67,1,0,0.0,2076,190,0,109,5,56,56.0,72,45,61.54,128,58.99,40,29,72.5,25,188,0,20.0,1,2,11,30,15,9,2,0,0,0,6,42,0,0,38,4,0,0,0,0,0,0,0
611880,Murilo,Gil Vicente FC,murilo,6.91,32,30,2589,11,11.29,4,4.63,4,8,74,32,14.86,592,751,78.83,30,53,56.6,40,263,23,63,34,73,46.58,172,45,26.16,1357,440,25,129,44,90,45.92,13,22,37.14,103,44.59,31,18,58.06,8,11,16,2.0,0,0,13,12,25,3,0,0,0,0,3,33,0,0,27,6,0,0,0,0,0,0,0
1019184,Serginho,Santa Clara,serginho,6.92,32,31,2580,4,4.8,3,3.95,6,1,39,10,10.26,942,1109,84.94,57,98,58.16,43,284,49,88,19,36,52.78,104,30,28.85,1589,332,22,163,25,122,53.04,23,24,48.94,145,52.35,58,35,60.34,17,22,15,3.0,0,0,21,48,45,9,0,0,0,0,5,37,0,0,36,1,0,0,0,0,0,0,0
1090543,Abraham Marcus,Estrela,abraham marcus,7.05,31,30,2573,5,5.35,5,5.14,15,4,44,13,11.36,571,713,80.08,41,73,56.16,44,195,33,71,51,96,53.13,73,16,21.92,1344,412,21,138,67,141,49.13,45,52,46.39,186,48.44,39,23,58.97,13,26,12,3.0,0,0,11,29,53,1,1,0,0,0,7,41,0,0,36,5,0,0,0,0,0,0,0
991924,Rodrigo Pinheiro,Famalicão,rodrigo pinheiro,7.11,29,29,2571,3,0.83,2,3.77,8,0,13,6,23.08,808,1012,79.84,32,85,37.65,27,242,40,88,14,26,53.85,77,24,31.17,1718,391,11,114,9,114,52.78,24,23,51.06,138,52.47,58,33,56.9,22,86,3,7.0,0,2,26,56,46,5,0,0,0,0,14,22,0,0,21,1,0,0,0,0,0,0,0
1105857,Taichi Fukui,Arouca,taichi fukui,6.94,33,29,2547,4,0.87,3,2.27,1,0,28,8,14.29,1096,1255,87.33,63,112,56.25,21,201,53,92,18,31,58.06,21,9,42.86,1627,241,13,141,22,113,57.07,15,16,48.39,128,55.9,55,40,72.73,27,45,5,7.0,1,0,32,19,40,2,1,0,0,0,3,52,0,0,47,5,0,0,0,0,0,0,0
964609,Jose Fontán,Arouca,jose fontan,6.55,30,29,2545,2,1.36,3,1.22,5,1,16,4,12.5,1669,1895,88.07,98,219,44.75,14,116,60,110,6,10,60.0,20,4,20.0,2286,274,3,113,2,53,49.53,61,42,59.22,114,54.29,30,20,66.67,32,160,3,11.0,0,0,11,38,19,5,3,0,0,0,5,51,0,0,47,4,0,0,0,0,0,0,0
848521,Marios Vrousai,Rio Ave,marios vrousai,6.95,31,30,2531,1,2.33,2,2.37,5,1,44,18,2.27,860,1135,75.77,50,133,37.59,27,202,41,97,42,70,60.0,63,10,15.87,1968,447,13,160,20,162,57.65,35,27,56.45,197,57.43,83,57,68.67,54,88,16,13.0,0,1,36,35,37,3,1,0,0,0,2,43,0,0,36,7,0,0,0,0,0,0,0
821628,Patrick Sequeira,Casa Pia,patrick sequeira,6.78,29,29,2531,0,,0,0.24,0,0,0,0,0.0,430,770,55.84,166,500,33.2,1,37,20,38,0,0,0.0,0,0,0.0,1047,351,0,245,0,9,81.82,13,1,92.86,22,88.0,2,1,50.0,0,34,0,0.0,1,4,0,2,12,3,1,80,3,28,7,45,45,32,41,4,15,16,14,22,1,10,0
1167067,Kaique,Nacional,kaique,7.0,28,28,2520,0,,0,0.06,0,0,0,0,0.0,534,936,57.05,183,581,31.5,0,44,24,49,1,1,100.0,0,0,0.0,1228,408,0,252,0,11,91.67,8,1,88.89,19,90.48,0,0,0.0,0,46,0,0.0,1,4,1,0,12,4,0,87,1,21,7,35,61,25,33,2,15,29,29,19,1,8,4
1001196,Gonçalo Inácio,Sporting CP,goncalo inacio,7.55,29,29,2506,2,1.22,3,2.17,3,0,11,3,18.18,2238,2483,90.13,142,251,56.57,17,297,93,188,8,9,88.89,4,1,25.0,2780,271,2,147,6,76,64.96,52,55,48.6,128,57.14,45,26,57.78,28,89,5,16.0,0,3,15,21,23,4,1,0,0,0,12,15,0,0,13,2,0,0,0,0,0,0,0
583838,Gil Dias,Famalicão,gil dias,7.07,33,30,2506,4,4.01,7,7.38,14,6,52,15,7.69,580,830,69.88,20,50,40.0,35,272,26,69,32,61,52.46,123,37,30.08,1417,464,26,140,33,133,47.84,17,17,50.0,150,48.08,58,42,72.41,15,22,14,2.0,0,1,41,43,43,8,0,0,0,0,6,23,0,0,22,1,0,0,0,0,0,0,0
125625,Sergi Gómez,Alverca,sergi gomez,6.58,29,28,2484,0,0.6,0,0.71,0,1,3,1,0.0,890,1000,89.0,58,142,40.85,3,40,20,45,0,0,0.0,0,0,0.0,1260,117,0,44,0,32,68.09,25,24,51.02,57,59.38,28,20,71.43,19,153,1,13.0,2,1,3,14,5,1,0,0,0,0,4,40,0,0,30,10,0,0,0,0,0,0,0
877918,Victor Gómez,Braga,victor gomez,6.78,32,27,2479,1,1.0,4,3.19,7,0,16,8,6.25,1285,1543,83.28,35,117,29.91,32,447,38,90,5,11,45.45,79,23,29.11,2166,395,17,109,8,81,60.0,14,21,40.0,95,55.88,41,23,56.1,23,41,4,4.0,0,1,26,17,37,2,0,0,0,0,5,33,0,0,29,4,0,0,0,0,0,0,0
879917,Maranhão,Tondela,maranhao,6.77,33,30,2470,6,8.87,2,3.68,4,13,66,25,9.09,428,580,73.79,15,34,44.12,31,177,19,42,28,58,48.28,80,20,25.0,1136,354,24,105,20,131,54.36,12,31,27.91,143,50.35,42,24,57.14,20,14,10,3.0,0,0,21,40,62,7,0,0,0,0,2,41,0,0,35,6,0,0,0,0,0,0,0
1511656,Mathias De Amorim,Famalicão,mathias de amorim,6.95,30,30,2468,4,2.83,2,3.45,5,3,36,9,11.11,703,852,82.51,36,52,69.23,25,247,31,57,41,76,53.95,25,5,20.0,1391,311,13,142,34,198,54.85,17,25,40.48,215,53.35,81,46,56.79,28,17,8,4.0,0,2,33,62,76,8,1,0,0,0,6,19,0,0,19,0,0,0,0,0,0,0,0
1001662,Zé Carlos,Gil Vicente FC,ze carlos,6.76,32,29,2466,0,0.48,0,1.73,2,0,17,1,0.0,672,903,74.42,59,148,39.86,23,176,33,98,8,22,36.36,62,17,27.42,1543,379,7,83,8,90,52.02,46,29,61.33,136,54.84,48,27,56.25,38,99,4,7.0,1,0,25,39,36,8,0,0,0,0,6,28,0,0,23,5,0,0,0,0,0,0,0
863637,Tiago Esgaio,Arouca,tiago esgaio,6.74,29,27,2462,3,2.03,5,3.42,6,3,16,4,18.75,727,1036,70.17,46,146,31.51,27,176,37,101,4,5,80.0,50,16,32.0,1683,436,2,89,3,57,52.29,89,52,63.12,146,58.4,33,21,63.64,28,108,1,17.0,0,1,11,40,23,10,0,0,0,0,6,49,0,0,44,5,0,0,0,0,0,0,0
1133063,Tunde Akinsola,AVS Futebol,tunde akinsola,6.62,34,28,2454,1,3.04,4,3.43,6,3,51,12,1.96,320,433,73.9,18,33,54.55,31,158,23,36,43,92,46.74,87,25,28.74,1007,395,15,116,52,97,41.28,13,33,28.26,110,39.15,20,15,75.0,15,23,15,1.0,0,0,17,22,34,2,0,0,0,0,2,56,0,0,50,6,0,0,0,0,0,0,0
1020610,Matheus Dias,Nacional,matheus dias,6.8,31,30,2447,0,1.6,1,0.81,2,4,19,4,0.0,863,1019,84.69,58,104,55.77,14,119,30,59,6,12,50.0,5,1,20.0,1438,209,5,110,7,77,48.73,40,27,59.7,117,52.0,45,24,53.33,47,135,2,13.0,0,1,23,48,28,7,1,0,0,0,5,39,0,0,36,3,0,0,0,0,0,0,0
1133568,João Mendes,Vit. Guimarães,joao mendes,6.67,29,29,2441,1,1.61,1,1.36,4,0,30,5,3.33,833,1057,78.81,67,154,43.51,20,219,39,94,11,23,47.83,78,16,20.51,1677,376,10,92,6,84,53.85,23,28,45.1,107,51.69,55,34,61.82,23,84,10,5.0,0,0,18,36,18,7,0,0,0,0,6,43,0,0,43,0,0,0,0,0,0,0,0
1142578,Diogo Travassos,Moreirense,diogo travassos,6.92,29,27,2437,5,2.82,3,3.19,7,3,40,12,12.5,707,903,78.29,37,75,49.33,24,182,21,53,40,84,47.62,85,16,18.82,1585,422,8,116,25,147,51.94,15,21,41.67,162,50.78,60,42,70.0,29,45,15,5.0,1,2,26,45,48,2,0,0,0,0,5,41,0,0,37,4,0,0,0,0,0,0,0
1114164,Marvin Elimbi Gilbert,Gil Vicente FC,marvin elimbi gilbert,6.64,28,28,2432,0,1.22,0,0.57,0,2,14,2,0.0,1032,1208,85.43,98,200,49.0,6,100,30,91,2,4,50.0,7,1,14.29,1523,202,0,76,3,35,43.75,41,61,40.2,76,41.76,25,16,64.0,24,149,7,16.0,1,2,7,36,8,7,0,0,0,0,9,30,0,0,27,3,0,0,0,0,0,0,0
1166006,Mateja Stjepanović,Moreirense,mateja stjepanovic,6.63,32,29,2412,1,0.81,0,0.82,2,0,19,4,5.26,987,1183,83.43,72,140,51.43,7,135,64,103,2,5,40.0,6,1,16.67,1415,239,2,92,5,37,45.12,17,46,26.98,54,37.24,27,16,59.26,19,59,5,6.0,0,3,13,24,9,6,0,0,0,0,7,37,0,0,33,4,0,0,0,0,0,0,0
965263,Gustaf Lagerbielke,Braga,gustaf lagerbielke,6.99,28,26,2391,2,2.45,0,1.35,0,2,18,4,11.11,1865,2077,89.79,80,177,45.2,8,286,53,117,7,10,70.0,2,0,0.0,2387,232,4,80,3,57,46.72,95,36,72.52,152,60.08,27,15,55.56,26,112,6,9.0,0,1,15,46,25,6,1,0,0,0,7,28,0,0,26,2,0,0,0,0,0,0,0
1090646,Paulo Moreira,Estrela,paulo moreira,6.68,29,27,2379,3,1.28,2,1.0,1,0,14,6,21.43,713,833,85.59,48,80,60.0,13,135,39,66,20,43,46.51,13,2,15.38,1240,250,8,99,36,123,51.25,13,31,29.55,136,47.89,47,22,46.81,15,42,2,9.0,1,2,21,39,56,7,1,0,0,0,3,49,0,0,46,3,0,0,0,0,0,0,0
794928,Lincoln,Alverca,lincoln,7.07,30,29,2373,2,4.17,5,4.34,9,5,32,12,6.25,867,1041,83.29,47,105,44.76,40,258,36,99,14,28,50.0,118,33,27.97,1561,347,12,119,20,115,61.17,17,18,48.57,132,59.19,51,33,64.71,13,45,9,12.0,2,1,14,27,52,5,0,0,0,0,2,36,0,0,30,6,0,0,0,0,0,0,0
1005992,Andreas Ndoj,Rio Ave,andreas ndoj,6.67,30,27,2350,1,1.97,2,0.8,1,1,22,4,4.55,788,970,81.24,44,109,40.37,13,127,29,75,19,40,47.5,1,0,0.0,1343,260,8,101,22,83,43.92,49,33,59.76,132,48.71,39,25,64.1,25,67,10,15.0,1,0,20,46,26,9,0,0,0,0,4,42,0,0,37,5,0,0,0,0,0,0,0
822510,Liziero,Nacional,liziero,6.94,28,27,2340,0,0.99,4,3.78,7,0,25,5,0.0,835,1023,81.62,53,105,50.48,46,229,62,116,11,30,36.67,124,42,33.87,1520,359,13,114,17,116,54.46,17,24,41.46,133,52.36,68,44,64.71,25,32,7,11.0,0,3,22,40,38,6,0,0,0,0,2,31,0,0,29,2,0,0,0,0,0,0,0
973517,Alfonso Trezza,Arouca,alfonso trezza,6.65,32,27,2329,9,5.69,2,1.53,4,5,47,19,19.15,274,392,69.9,7,25,28.0,22,97,10,27,16,39,41.03,69,15,21.74,814,279,18,75,26,77,39.29,9,44,16.98,86,34.54,35,20,57.14,9,31,12,2.0,0,0,35,36,26,2,1,0,0,0,3,46,0,0,42,4,0,0,0,0,0,0,0
859917,Morten Hjulmand,Sporting CP,morten hjulmand,7.27,27,26,2325,3,2.82,4,2.54,2,3,29,7,10.34,1533,1685,90.98,52,81,64.2,29,358,44,71,8,11,72.73,3,0,0.0,1988,203,23,165,13,105,66.88,37,16,69.81,142,67.62,58,38,65.52,21,26,9,9.0,1,1,14,25,41,8,0,0,0,0,11,17,0,0,15,2,0,0,0,0,0,0,0
1066560,Alan Varela,Porto,alan varela,6.98,30,27,2320,2,2.88,0,3.2,4,1,25,10,8.0,1068,1234,86.55,42,77,54.55,19,273,54,88,12,17,70.59,19,6,31.58,1500,213,8,123,9,66,52.38,19,15,55.88,85,53.13,29,13,44.83,27,37,5,12.0,0,1,19,27,25,8,0,0,0,0,13,15,0,0,14,1,0,0,0,0,0,0,0
344181,José Gomes,Nacional,jose gomes,6.6,27,26,2313,1,1.81,5,2.07,7,2,19,6,5.26,372,532,69.92,23,74,31.08,24,90,21,56,21,46,45.65,94,20,21.28,1210,374,5,84,8,79,53.02,31,22,58.49,110,54.46,40,24,60.0,18,88,4,13.0,0,1,13,24,18,3,0,0,0,0,5,32,0,0,30,2,0,0,0,0,0,0,0
228364,Fredrik Aursnes,Benfica,fredrik aursnes,7.12,28,26,2294,3,2.55,3,4.28,6,3,29,8,10.34,1120,1299,86.22,50,100,50.0,56,420,44,95,13,23,56.52,101,32,31.68,1722,303,19,121,17,76,50.67,28,27,50.91,104,50.73,50,31,62.0,22,22,8,7.0,0,1,24,24,13,2,0,0,0,0,9,17,0,0,15,2,0,0,0,0,0,0,0
1015292,Richard Ríos,Benfica,richard rios,7.07,27,26,2279,5,7.0,4,2.07,6,5,60,16,8.33,989,1156,85.55,44,88,50.0,22,285,36,68,26,40,65.0,23,4,17.39,1616,278,14,107,28,141,55.73,37,36,50.68,178,54.6,51,30,58.82,17,26,14,4.0,2,1,23,50,65,9,0,0,0,0,9,17,0,0,15,2,0,0,0,0,0,0,0
846416,Rodrigo Abascal,Vit. Guimarães,rodrigo abascal,6.96,27,26,2279,1,1.03,2,1.02,2,1,15,2,6.67,1150,1397,82.32,126,278,45.32,13,132,80,181,3,4,75.0,40,7,17.5,1790,338,2,83,2,41,52.56,47,18,72.31,88,61.54,35,18,51.43,34,115,3,20.0,0,0,4,30,3,6,0,0,0,0,7,36,0,0,35,1,0,0,0,0,0,0,0
1031567,Pau Víctor,Braga,pau victor,6.92,32,27,2269,10,9.6,4,2.61,7,7,48,23,20.83,773,906,85.32,15,27,55.56,20,310,15,28,38,69,55.07,20,3,15.0,1308,278,17,80,26,95,47.74,21,30,41.18,116,46.4,26,15,57.69,5,22,12,2.0,0,0,19,31,32,5,0,0,0,0,3,30,0,0,27,3,0,0,0,0,0,0,0
1015932,David Sousa,Casa Pia,david sousa,6.63,26,25,2265,2,1.27,0,0.47,0,0,19,5,10.53,683,904,75.55,84,215,39.07,7,90,47,114,5,8,62.5,7,1,14.29,1312,257,3,95,2,62,50.0,72,41,63.72,134,56.54,46,30,65.22,44,162,5,14.0,2,0,17,43,11,13,0,0,0,0,4,40,0,0,36,4,0,0,0,0,0,0,0
1139990,André Gomes,Alverca,andre gomes,6.84,25,25,2250,0,,0,0.02,0,0,0,0,0.0,297,534,55.62,100,335,29.85,0,18,18,37,0,0,0.0,0,0,0.0,754,243,0,179,0,3,75.0,7,1,87.5,10,83.33,0,0,0.0,0,22,0,0.0,3,0,0,1,3,4,0,71,0,14,6,41,48,22,32,9,10,9,8,18,0,6,1
1002367,Beni Mukendi,Vit. Guimarães,beni mukendi,6.89,29,27,2246,1,0.57,1,0.69,0,0,7,2,14.29,1119,1251,89.45,41,64,64.06,12,214,19,34,27,45,60.0,9,3,33.33,1613,207,7,146,16,127,64.14,26,25,50.98,153,61.45,49,29,59.18,35,39,3,3.0,1,2,10,31,51,7,0,0,0,0,7,33,0,0,33,0,0,0,0,0,0,0,0
1046794,Gabriel Silva,Santa Clara,gabriel silva,6.81,29,26,2245,6,7.01,0,1.75,3,12,69,20,8.7,343,479,71.61,14,28,50.0,29,142,12,35,24,54,44.44,58,3,5.17,963,352,12,66,28,106,48.62,36,50,41.86,142,46.71,26,16,61.54,1,13,14,2.0,0,0,14,45,57,4,0,0,0,0,1,33,0,0,30,3,0,0,0,0,0,0,0
882664,Pepê,Porto,pepe,6.88,30,30,2241,3,3.41,4,3.63,12,2,27,7,11.11,552,740,74.59,21,44,47.73,49,278,27,63,23,68,33.82,98,24,24.49,1247,399,16,111,30,109,48.02,17,29,36.96,126,46.15,34,21,61.76,13,16,6,1.0,0,0,24,20,53,2,0,0,0,0,6,12,0,0,10,2,0,0,0,0,0,0,0
1160957,Alberto Costa,Porto,alberto costa,7.0,29,25,2231,1,1.78,8,4.12,9,3,24,6,4.17,720,890,80.9,30,66,45.45,28,175,25,50,27,57,47.37,63,15,23.81,1609,379,6,102,23,122,49.59,29,24,54.72,151,50.5,61,43,70.49,30,53,8,9.0,0,1,12,60,34,7,0,0,0,0,7,14,0,0,12,2,0,0,0,0,0,0,0
976037,Jakub Kiwior,Porto,jakub kiwior,7.25,26,26,2217,0,1.4,1,0.86,2,1,16,5,0.0,1743,1948,89.48,70,157,44.59,12,225,57,124,2,7,28.57,3,2,66.67,2264,239,1,101,5,59,59.6,49,29,62.82,108,61.02,49,34,69.39,38,88,3,15.0,0,0,4,28,9,3,0,0,0,0,14,11,0,0,10,1,0,0,0,0,0,0,0
929193,Maximiliano Araújo,Sporting CP,maximiliano araujo,6.84,29,25,2215,5,5.84,4,3.13,4,4,39,16,12.82,814,964,84.44,37,69,53.62,31,244,24,55,23,50,46.0,88,21,23.86,1631,323,13,115,21,134,52.96,20,27,42.55,154,51.33,55,40,72.73,28,32,9,4.0,0,0,26,45,58,9,1,0,0,0,7,17,0,0,16,1,0,0,0,0,0,0,0
989837,Facundo Cáseres,Gil Vicente FC,facundo caseres,6.86,29,27,2206,0,0.49,0,1.22,0,0,5,1,0.0,892,1002,89.02,52,85,61.18,11,179,31,53,2,3,66.67,4,2,50.0,1263,133,2,103,5,97,58.43,12,18,40.0,109,55.61,53,33,62.26,29,38,1,9.0,2,0,12,52,42,8,0,0,0,0,7,26,0,0,21,5,0,0,0,0,0,0,0
1187281,Brayan Medina,Tondela,brayan medina,6.69,25,25,2199,0,2.08,1,1.42,1,3,13,4,0.0,707,835,84.67,31,93,33.33,6,67,13,40,7,15,46.67,2,1,50.0,1230,163,2,85,3,79,62.2,63,45,58.33,142,60.43,61,36,59.02,24,150,3,17.0,1,0,10,28,11,8,2,0,0,0,5,38,0,0,33,5,0,0,0,0,0,0,0
6562,João Moutinho,Braga,joao moutinho,6.95,31,27,2194,1,2.54,1,3.05,3,4,23,9,4.35,1995,2168,92.02,51,86,59.3,16,508,68,116,7,15,46.67,13,3,23.08,2443,226,14,147,12,73,43.71,21,25,45.65,94,44.13,50,26,52.0,20,18,6,9.0,1,2,42,35,16,6,0,0,0,0,4,28,0,0,25,3,0,0,0,0,0,0,0
1067320,Cristian Castro,AVS Futebol,cristian castro,6.4,26,26,2165,0,0.17,0,0.2,0,0,4,1,0.0,735,876,83.9,64,145,44.14,5,49,51,107,6,8,75.0,3,1,33.33,1233,162,2,89,2,44,56.41,26,23,53.06,70,55.12,21,11,52.38,36,185,0,16.0,0,3,11,20,17,6,1,0,0,0,2,52,0,0,46,6,0,0,0,0,0,0,0
72020,Jakub Brabec,Rio Ave,jakub brabec,6.8,25,23,2150,1,0.36,0,0.31,1,0,5,1,20.0,1059,1167,90.75,47,104,45.19,3,50,45,76,2,3,66.67,2,0,0.0,1466,119,1,59,0,34,60.71,32,32,50.0,66,55.0,28,18,64.29,32,150,1,31.0,0,0,10,11,4,4,0,0,0,0,4,40,0,0,34,6,0,0,0,0,0,0,0
314380,Ricardo Horta,Braga,ricardo horta,7.26,28,25,2149,14,10.7,4,4.91,6,4,61,31,22.95,1012,1150,88.0,34,56,60.71,51,419,35,57,9,23,39.13,126,37,29.37,1577,308,18,62,19,56,45.16,5,9,35.71,61,44.2,30,19,63.33,10,16,11,2.0,0,1,12,25,17,3,1,0,0,0,4,21,0,0,18,3,0,0,0,0,0,0,0
1064359,Nelson Abbey,Rio Ave,nelson abbey,6.54,26,24,2103,0,0.08,1,0.68,2,0,3,0,0.0,863,1021,84.52,18,90,20.0,8,105,11,50,5,10,50.0,19,4,21.05,1412,238,4,105,10,57,63.33,18,19,48.65,75,59.06,41,27,65.85,24,91,3,12.0,0,1,6,13,11,4,0,0,0,0,1,43,0,0,39,4,0,0,0,0,0,0,0
991358,Lucas Soares,Santa Clara,lucas soares,6.65,28,25,2086,0,0.78,0,1.61,4,0,20,4,0.0,589,736,80.03,32,73,43.84,15,155,27,55,34,54,62.96,72,12,16.67,1368,312,6,72,12,108,53.73,17,22,43.59,125,52.08,46,28,60.87,17,71,4,1.0,0,0,16,47,28,4,1,0,0,0,3,29,0,0,27,2,0,0,0,0,0,0,0
1017590,Bernardo Schappo,Estrela,bernardo schappo,6.95,26,24,2062,0,0.65,0,0.38,0,1,9,1,0.0,900,1121,80.29,85,205,41.46,4,66,67,152,3,6,50.0,0,0,0.0,1493,250,1,93,7,61,53.98,97,35,73.48,158,64.49,43,27,62.79,27,160,1,19.0,3,4,15,28,16,6,0,0,0,0,6,32,0,0,29,3,0,0,0,0,0,0,0
1049526,Simon Elisor,Famalicão,simon elisor,6.55,33,24,2053,1,5.41,2,1.76,5,10,44,19,2.27,248,312,79.49,14,17,82.35,23,101,8,12,13,34,38.24,11,2,18.18,599,173,12,41,25,66,44.59,37,64,36.63,103,41.37,12,9,75.0,1,18,6,2.0,0,0,6,34,43,3,0,0,0,0,1,14,0,0,13,1,0,0,0,0,0,0,0
785808,Samu,Vit. Guimarães,samu,6.76,29,24,2038,7,7.18,3,2.81,7,4,46,19,15.22,582,753,77.29,23,48,47.92,35,232,21,53,11,26,42.31,109,26,23.85,1220,348,21,83,30,81,42.19,23,35,39.66,104,41.6,45,31,68.89,13,25,9,7.0,2,1,23,44,26,4,0,0,0,0,2,31,0,0,31,0,0,0,0,0,0,0,0
126076,Tomané,AVS Futebol,tomane,6.8,29,24,2024,4,3.9,1,1.16,3,2,33,10,12.12,256,459,55.77,10,26,38.46,19,97,6,17,9,26,34.62,16,1,6.25,829,349,20,68,27,74,48.37,150,151,49.83,224,49.34,9,7,77.78,7,38,11,4.0,0,0,7,32,61,5,0,0,0,0,0,48,0,0,42,6,0,0,0,0,0,0,0
1191120,Hyun-ju Lee,Arouca,hyun-ju lee,6.63,30,24,2023,7,4.62,3,1.23,3,3,32,11,21.88,586,653,89.74,11,21,52.38,12,177,9,12,23,44,52.27,14,4,28.57,981,190,11,70,29,101,47.42,8,25,24.24,109,44.31,11,6,54.55,7,9,10,3.0,0,3,23,41,67,5,2,0,0,0,0,39,0,0,35,4,0,0,0,0,0,0,0
1082948,Kiko Bondoso,Moreirense,kiko bondoso,6.74,31,25,2021,0,0.47,4,2.77,5,0,8,2,0.0,558,684,81.58,13,19,68.42,28,226,20,35,8,33,24.24,40,8,20.0,954,240,12,86,14,71,48.97,10,23,30.3,81,45.51,26,14,53.85,8,13,3,0.0,0,0,24,12,37,0,0,0,0,0,0,28,0,0,24,4,0,0,0,0,0,0,0
1160980,Dinis Pinto,Moreirense,dinis pinto,6.78,23,23,2013,1,0.81,6,2.53,6,1,15,6,6.67,669,818,81.78,28,76,36.84,17,145,17,47,15,36,41.67,32,8,25.0,1441,255,2,60,11,113,57.36,30,29,50.85,143,55.86,53,32,60.38,21,93,3,14.0,0,1,19,33,46,8,0,0,0,0,5,31,0,0,27,4,0,0,0,0,0,0,0
125039,André Geraldes,Casa Pia,andre geraldes,6.48,26,21,2006,0,0.06,0,0.47,0,0,1,1,0.0,532,652,81.6,41,102,40.2,3,74,24,55,7,12,58.33,12,1,8.33,979,180,1,58,5,41,50.0,14,19,42.42,55,47.83,22,6,27.27,13,107,0,12.0,2,2,7,25,12,9,0,0,0,0,5,36,0,0,31,5,0,0,0,0,0,0,0
895764,Pedro Gonçalves,Sporting CP,pedro goncalves,7.16,27,25,1994,13,8.67,8,5.69,11,6,81,36,16.05,740,916,80.79,29,43,67.44,56,315,28,61,27,57,47.37,89,27,30.34,1342,344,12,71,26,64,43.84,7,9,43.75,71,43.83,15,10,66.67,6,9,17,2.0,0,1,15,11,22,5,0,0,0,0,1,15,0,0,14,1,0,0,0,0,0,0,0
1482435,Juan Rodríguez,Tondela,juan rodriguez,6.73,29,22,1985,0,0.53,0,0.77,1,0,12,1,0.0,671,789,85.04,41,79,51.9,11,137,46,82,12,19,63.16,5,4,80.0,1045,166,6,96,8,69,56.1,21,22,48.84,90,54.22,39,24,61.54,15,37,6,8.0,0,1,19,23,18,3,0,0,0,0,3,35,0,0,29,6,0,0,0,0,0,0,0
986726,Ricard Sánchez,Estoril,ricard sanchez,6.72,26,25,1982,2,3.02,4,2.4,6,2,20,8,10.0,582,717,81.17,21,50,42.0,20,184,18,40,15,36,41.67,54,11,20.37,1245,271,7,87,7,88,53.99,13,16,44.83,101,52.6,36,24,66.67,14,39,2,4.0,0,1,12,36,37,9,0,0,0,0,2,39,0,0,37,2,0,0,0,0,0,0,0
788197,André Ferreira,Moreirense,andre ferreira,7.14,22,22,1980,0,,1,0.04,1,0,0,0,0.0,478,725,65.93,109,351,31.05,1,13,26,45,0,0,0.0,0,0,0.0,960,251,0,179,0,9,81.82,8,2,80.0,17,80.95,0,0,0.0,1,28,0,0.0,3,3,2,0,12,2,0,74,0,14,4,37,54,20,32,5,8,18,18,12,0,8,1
851277,Pedro Ferreira,Santa Clara,pedro ferreira,6.74,31,24,1969,0,1.22,0,0.98,2,1,20,2,0.0,515,698,73.78,35,76,46.05,9,140,28,60,7,18,38.89,25,6,24.0,1080,253,11,97,9,94,56.29,39,30,56.52,133,56.36,66,40,60.61,31,57,8,7.0,0,0,23,33,21,4,0,0,0,0,5,25,0,0,22,3,0,0,0,0,0,0,0
1001140,Geny Catamo,Sporting CP,geny catamo,7.08,29,24,1963,6,3.37,2,3.98,6,2,49,22,12.24,698,829,84.2,20,35,57.14,29,339,14,31,44,110,40.0,47,9,19.15,1305,322,12,93,26,110,47.62,5,10,33.33,115,46.75,21,13,61.9,10,11,11,1.0,0,2,15,18,45,1,0,0,0,0,1,13,0,0,13,0,0,0,0,0,0,0,0
1153328,Noah Saviolo,Vit. Guimarães,noah saviolo,6.75,30,22,1959,2,2.1,4,3.31,3,1,33,12,6.06,333,406,82.02,5,17,29.41,26,163,5,14,42,101,41.58,84,20,23.81,875,293,16,76,30,118,47.58,11,21,34.38,129,46.07,16,10,62.5,2,2,9,1.0,0,0,10,33,60,2,0,0,0,0,4,32,0,0,32,0,0,0,0,0,0,0,0
1153099,Gilberto Batista,Moreirense,gilberto batista,6.68,28,21,1948,0,0.64,0,0.11,0,1,5,3,0.0,1186,1345,88.18,57,151,37.75,2,48,27,73,13,16,81.25,1,0,0.0,1634,179,0,83,4,45,68.18,29,26,52.73,74,61.16,23,18,78.26,27,133,1,22.0,2,3,4,13,10,4,0,0,0,0,5,35,0,0,30,5,0,0,0,0,0,0,0
966575,Rodrigo Zalazar,Braga,rodrigo zalazar,7.32,28,22,1944,16,11.89,5,4.69,8,3,68,27,23.53,813,994,81.79,23,42,54.76,37,388,22,63,50,107,46.73,70,16,22.86,1568,414,18,81,49,118,46.46,36,39,48.0,154,46.81,19,12,63.16,5,12,18,0.0,0,0,16,18,49,6,0,0,0,0,2,25,0,0,22,3,0,0,0,0,0,0,0
1151667,João Goulart,Casa Pia,joao goulart,6.45,25,22,1930,0,0.3,0,0.26,0,0,5,1,0.0,436,595,73.28,48,134,35.82,3,56,18,54,1,5,20.0,3,0,0.0,917,188,0,38,1,32,45.07,66,40,62.26,98,55.37,25,15,60.0,27,147,2,15.0,1,1,8,29,6,4,0,0,0,0,5,36,0,0,33,3,0,0,0,0,0,0,0
913728,Ivan Barbero,Arouca,ivan barbero,6.58,31,24,1912,8,9.44,2,1.51,2,12,57,21,14.04,238,325,73.23,12,17,70.59,20,74,7,11,2,16,12.5,2,0,0.0,617,179,5,46,18,43,32.58,39,74,34.51,82,33.47,25,12,48.0,14,12,14,4.0,0,0,7,52,17,5,0,0,0,0,0,35,0,0,32,3,0,0,0,0,0,0,0
1102791,Amar Dedić,Benfica,amar dedic,6.8,24,21,1911,1,1.02,4,3.55,5,0,15,2,6.67,794,938,84.65,24,54,44.44,24,265,15,32,34,64,53.13,39,9,23.08,1444,267,14,86,20,89,52.35,12,14,46.15,101,51.53,35,21,60.0,16,35,5,4.0,0,0,14,17,21,3,2,0,0,0,6,18,0,0,15,3,0,0,0,0,0,0,0
865335,Bebeto,Tondela,bebeto,6.8,24,22,1898,3,2.46,0,1.09,2,0,6,3,50.0,560,715,78.32,43,120,35.83,15,124,35,81,8,13,61.54,66,12,18.18,1258,277,5,82,5,98,57.99,27,28,49.09,125,55.8,71,38,53.52,29,82,1,13.0,0,2,33,31,20,4,0,0,0,0,1,30,0,0,25,5,0,0,0,0,0,0,0
1067648,Pedro Lima,AVS Futebol,pedro lima,6.73,26,21,1896,4,3.81,2,1.71,4,0,48,12,8.33,341,507,67.26,24,66,36.36,30,110,19,52,15,44,34.09,29,7,24.14,894,292,8,101,30,94,47.72,22,16,57.89,116,49.36,52,36,69.23,11,23,21,7.0,1,0,16,31,29,4,0,0,0,0,1,49,0,0,41,8,0,0,0,0,0,0,0
1126965,Espen Van Ee,Arouca,espen van ee,6.82,26,22,1892,2,0.62,1,0.56,3,0,14,6,14.29,871,996,87.45,29,60,48.33,13,151,20,43,8,21,38.1,10,1,10.0,1341,202,9,123,14,97,52.15,21,22,48.84,118,51.53,54,35,64.81,30,43,1,6.0,0,0,26,38,36,7,0,0,0,0,3,31,0,0,25,6,0,0,0,0,0,0,0
938292,Cezary Miszta,Rio Ave,cezary miszta,7.0,21,21,1890,0,,0,0.02,0,0,0,0,0.0,490,717,68.34,146,369,39.57,0,19,46,68,0,0,0.0,0,0,0.0,954,235,0,176,0,3,50.0,5,1,83.33,8,66.67,0,0,0.0,0,28,0,0.0,0,1,2,1,4,6,0,77,0,16,3,38,52,25,34,4,18,6,5,13,1,3,0
1105790,Figueiredo,Alverca,figueiredo,7.01,27,24,1886,6,5.28,2,3.5,6,5,42,19,14.29,407,547,74.41,12,22,54.55,28,145,21,40,34,70,48.57,53,15,28.3,983,318,10,74,39,112,48.07,26,30,46.43,138,47.75,26,17,65.38,12,21,10,2.0,0,0,20,28,52,3,0,0,0,0,1,27,0,0,21,6,0,0,0,0,0,0,0
157023,Cassiano,Casa Pia,cassiano,6.55,31,23,1883,6,7.56,0,0.83,1,8,29,12,20.69,154,280,55.0,5,13,38.46,10,62,5,16,4,13,30.77,4,1,25.0,565,208,9,45,19,73,47.1,74,121,37.95,147,42.0,22,12,54.55,3,22,3,3.0,0,0,8,51,53,5,1,0,0,0,1,33,0,0,30,3,0,0,0,0,0,0,0
1006069,António Silva,Benfica,antonio silva,7.21,25,20,1866,1,1.97,1,1.21,1,2,18,5,5.56,1212,1371,88.4,91,162,56.17,10,243,66,113,5,8,62.5,5,3,60.0,1640,178,1,67,4,55,61.11,61,43,58.65,116,59.79,30,18,60.0,29,87,6,9.0,0,1,10,24,20,6,0,0,0,0,7,17,0,0,15,2,0,0,0,0,0,0,0
1395583,Kiko,Moreirense,kiko,6.66,27,22,1862,1,0.66,0,1.32,0,0,11,3,9.09,651,820,79.39,32,113,28.32,16,113,34,93,13,31,41.94,38,10,26.32,1372,274,3,60,5,80,50.31,19,25,43.18,99,48.77,48,30,62.5,26,78,3,8.0,1,2,24,33,19,5,0,0,0,0,3,30,0,0,26,4,0,0,0,0,0,0,0
834247,Pedro Amaral,Estoril,pedro amaral,6.47,27,24,1853,0,0.43,2,0.86,2,1,14,4,0.0,691,836,82.66,29,75,38.67,12,139,29,62,4,16,25.0,52,8,15.38,1221,254,5,111,9,45,48.91,12,12,50.0,57,49.14,23,15,65.22,13,46,2,2.0,0,2,7,20,19,3,0,0,0,0,1,35,0,0,31,4,0,0,0,0,0,0,0
1006865,Leonardo Lelo,Braga,leonardo lelo,6.82,29,20,1844,0,0.38,4,3.64,9,2,3,1,0.0,906,1074,84.36,29,76,38.16,39,272,31,68,15,31,48.39,90,26,28.89,1586,299,8,86,9,64,58.18,12,24,33.33,76,52.05,23,13,56.52,19,38,1,3.0,0,0,8,13,29,2,0,0,0,0,3,22,0,0,17,5,0,0,0,0,0,0,0
997173,Bright Arrey-Mbi,Braga,bright arrey-mbi,6.7,23,21,1838,0,0.03,0,0.5,1,0,1,0,0.0,1085,1198,90.57,24,73,32.88,2,113,14,38,7,9,77.78,2,0,0.0,1399,130,3,80,3,46,62.16,18,19,48.65,64,57.66,34,21,61.76,18,71,1,13.0,1,1,7,18,5,3,0,0,0,0,8,20,0,0,17,3,0,0,0,0,0,0,0
826210,Rafik Guitane,Estoril,rafik guitane,6.96,30,21,1836,3,1.65,5,3.84,8,2,27,11,11.11,629,754,83.42,10,13,76.92,40,254,10,19,79,171,46.2,25,2,8.0,1256,369,20,76,50,143,46.73,2,7,22.22,145,46.03,18,10,55.56,4,8,5,0.0,0,0,13,9,46,3,0,0,0,0,2,26,0,0,22,4,0,0,0,0,0,0,0
926560,Hidemasa Morita,Sporting CP,hidemasa morita,6.95,31,23,1834,1,1.32,4,3.07,3,1,14,3,7.14,1029,1191,86.4,48,77,62.34,20,316,51,80,11,22,50.0,10,2,20.0,1474,226,8,117,7,71,47.65,28,20,58.33,99,50.25,49,27,55.1,19,33,4,8.0,0,1,22,41,11,3,0,0,0,0,2,12,0,0,12,0,0,0,0,0,0,0,0
1087316,Enzo Barrenechea,Benfica,enzo barrenechea,7.1,26,21,1806,1,0.66,0,1.04,1,0,14,5,7.14,1292,1431,90.29,90,134,67.16,7,322,69,91,3,7,42.86,4,2,50.0,1681,165,8,109,6,78,54.93,30,29,50.85,108,53.73,44,29,65.91,33,33,2,6.0,1,1,23,36,31,7,0,0,0,0,6,14,0,0,14,0,0,0,0,0,0,0,0
826024,Dario Špikić,Rio Ave,dario spikic,6.6,30,24,1798,2,3.17,3,2.0,7,3,31,10,6.45,341,436,78.21,12,31,38.71,24,131,11,28,21,50,42.0,20,4,20.0,805,241,13,79,36,80,39.6,13,23,36.11,93,39.08,32,23,71.88,15,13,12,1.0,0,0,24,37,27,1,0,0,0,0,0,36,0,0,31,5,0,0,0,0,0,0,0
906800,Leandro Barreiro,Benfica,leandro barreiro,6.73,31,18,1766,3,2.57,5,1.43,2,4,22,10,13.64,588,688,85.47,8,19,42.11,21,172,10,16,8,18,44.44,5,1,20.0,972,167,11,60,14,87,53.37,27,24,52.94,114,53.27,33,16,48.48,18,21,6,4.0,0,0,23,30,46,1,0,0,0,0,3,18,0,0,17,1,0,0,0,0,0,0,0
1100952,Andreas Schjelderup,Benfica,andreas schjelderup,7.3,28,20,1733,7,6.35,5,7.21,9,5,47,14,14.89,509,640,79.53,5,21,23.81,41,292,19,36,36,83,43.37,76,14,18.42,1058,312,25,70,17,105,49.3,6,13,31.58,111,47.84,31,14,45.16,3,7,24,0.0,0,0,21,25,38,2,0,0,0,0,0,13,0,0,11,2,0,0,0,0,0,0,0
254815,Frederico Venâncio,Santa Clara,frederico venancio,6.84,22,20,1731,1,0.79,1,0.37,1,1,9,3,11.11,873,973,89.72,83,137,60.58,5,75,24,47,0,2,0.0,1,0,0.0,1239,113,1,62,1,39,57.35,41,24,63.08,80,60.15,36,15,41.67,33,124,0,5.0,1,1,9,17,3,6,0,0,0,0,3,26,0,0,25,1,0,0,0,0,0,0,0
930273,Olinho,Rio Ave,olinho,6.65,31,20,1731,1,1.32,1,0.92,3,1,24,7,4.17,426,490,86.94,12,23,52.17,15,119,10,19,21,52,40.38,34,6,17.65,806,186,13,71,20,77,46.95,12,14,46.15,89,46.84,26,17,65.38,9,18,7,0.0,0,1,20,18,31,2,0,0,0,0,0,27,0,0,25,2,0,0,0,0,0,0,0
1049465,Kévin Boma,Estoril,kevin boma,6.78,21,19,1722,1,1.17,1,0.13,1,1,9,4,11.11,732,846,86.52,21,62,33.87,4,40,9,27,6,8,75.0,0,0,0.0,1119,132,1,62,3,53,65.43,47,22,68.12,100,66.67,26,14,53.85,24,111,0,16.0,1,2,6,20,21,5,0,0,0,0,2,31,0,0,25,6,0,0,0,0,0,0,0
1120039,Jean-Baptiste Gorby,Braga,jean-baptiste gorby,6.72,28,19,1721,1,0.53,0,0.94,1,0,13,4,7.69,1211,1308,92.58,32,62,51.61,7,294,25,38,9,18,50.0,8,2,25.0,1511,144,7,94,4,49,50.52,7,15,31.82,56,47.06,26,18,69.23,18,15,7,4.0,0,2,17,18,14,5,0,0,0,0,2,21,0,0,16,5,0,0,0,0,0,0,0
977676,Léo Realpe,Famalicão,leo realpe,6.83,24,19,1710,1,1.03,1,0.25,0,0,7,3,14.29,867,1009,85.93,61,142,42.96,4,78,38,92,6,7,85.71,0,0,0.0,1271,156,1,79,1,43,57.33,37,32,53.62,80,55.56,24,13,54.17,34,109,2,11.0,0,4,12,19,13,2,1,0,0,0,10,13,0,0,13,0,0,0,0,0,0,0,0
155985,Charles,Vit. Guimarães,charles,6.77,19,19,1710,0,,0,0.01,0,0,0,0,0.0,408,566,72.08,71,225,31.56,0,16,17,33,0,0,0.0,0,0,0.0,740,164,0,134,0,7,100.0,3,0,100.0,10,100.0,1,1,100.0,0,18,0,0.0,2,0,0,0,7,2,0,62,0,12,4,32,43,19,32,0,11,7,7,12,0,2,0
190137,Rafa Soares,Famalicão,rafa soares,6.95,24,20,1708,1,0.4,3,2.52,2,0,5,2,20.0,626,763,82.04,60,120,50.0,22,200,44,91,4,7,57.14,86,23,26.74,1195,249,3,58,2,29,42.03,9,16,36.0,38,40.43,22,13,59.09,19,56,1,4.0,1,0,14,22,3,4,0,0,0,0,8,13,0,0,12,1,0,0,0,0,0,0,0
983542,Tomás Araújo,Benfica,tomas araujo,7.13,23,19,1684,1,1.5,2,1.08,3,1,17,4,5.88,1040,1164,89.35,77,125,61.6,12,197,46,78,3,6,50.0,7,3,42.86,1389,158,1,75,3,37,62.71,29,26,52.73,66,57.89,33,23,69.7,20,44,4,12.0,0,2,9,7,1,4,0,0,0,0,6,15,0,0,13,2,0,0,0,0,0,0,0
1117723,Sidny Lopes Cabral,Benfica,sidny lopes cabral,7.19,23,18,1680,6,4.53,5,5.76,9,1,49,16,12.24,392,476,82.35,16,32,50.0,39,112,9,28,22,64,34.38,165,44,26.67,1119,337,6,64,20,82,45.05,8,12,40.0,90,44.55,26,15,57.69,11,18,16,3.0,0,1,11,30,34,4,0,0,0,0,3,23,0,0,21,2,0,0,0,0,0,0,0
910316,Ianis Stoica,Estrela,ianis stoica,6.68,33,20,1680,3,5.24,2,1.9,3,3,36,9,8.33,313,405,77.28,23,50,46.0,19,88,22,39,7,26,26.92,47,11,23.4,704,198,5,58,12,65,50.78,5,18,21.74,70,46.36,21,15,71.43,13,14,7,1.0,0,0,13,20,37,4,0,0,0,0,1,26,0,0,22,4,0,0,0,0,0,0,0
845802,Jovane Cabral,Estrela,jovane cabral,7.03,27,17,1678,7,4.24,1,1.47,4,3,55,23,12.73,506,639,79.19,38,66,57.58,20,143,16,44,31,51,60.78,27,5,18.52,1067,286,15,108,28,123,56.16,13,18,41.94,136,54.4,35,28,80.0,9,10,13,1.0,0,2,7,43,57,5,0,0,0,0,0,31,0,0,30,1,0,0,0,0,0,0,0
1116982,Alan Núñez,Nacional,alan nunez,6.81,21,18,1673,1,0.92,2,2.23,4,0,3,1,33.33,388,504,76.98,25,81,30.86,19,117,30,72,11,14,78.57,56,19,33.93,901,214,4,55,2,51,49.51,8,10,44.44,59,48.76,33,22,66.67,21,56,0,5.0,0,0,21,26,9,2,0,0,0,0,6,21,0,0,20,1,0,0,0,0,0,0,0
1595506,Ibrahima Ba,Famalicão,ibrahima ba,7.06,21,18,1672,1,1.41,1,0.25,0,1,12,4,8.33,847,1009,83.94,96,176,54.55,6,76,52,112,4,5,80.0,2,0,0.0,1254,181,0,76,3,37,61.67,43,41,51.19,80,55.56,22,14,63.64,32,87,3,17.0,0,0,5,17,11,4,0,0,0,0,8,18,0,0,17,1,0,0,0,0,0,0,0
357734,Ferro,Estoril,ferro,6.81,27,17,1633,2,0.64,0,0.13,0,0,7,3,28.57,778,920,84.57,44,111,39.64,5,55,29,62,7,8,87.5,1,1,100.0,1223,150,2,83,2,51,53.13,53,26,67.09,104,59.43,38,25,65.79,36,150,2,10.0,0,2,25,17,6,4,0,0,0,0,2,30,0,0,25,5,0,0,0,0,0,0,0
1511706,Alexsandro Amorim,Alverca,alexsandro amorim,6.96,19,19,1630,2,0.7,0,1.63,4,0,17,6,11.76,565,679,83.21,33,63,52.38,14,138,36,71,17,26,65.38,15,3,20.0,943,178,5,99,21,100,55.25,6,7,46.15,106,54.64,47,31,65.96,13,16,4,4.0,0,0,28,25,36,3,0,0,0,0,5,31,0,0,25,6,0,0,0,0,0,0,0
1011997,Chiheb Labidi,Nacional,chiheb labidi,6.51,28,18,1628,1,1.2,1,0.57,0,1,23,7,4.35,438,552,79.35,25,54,46.3,12,110,25,43,10,27,37.04,10,2,20.0,886,205,9,93,22,73,41.01,25,39,39.06,98,40.5,47,25,53.19,13,32,9,17.0,1,1,26,41,16,6,1,0,0,0,2,22,0,0,22,0,0,0,0,0,0,0,0
1010505,Gabri Veiga,Porto,gabri veiga,6.86,31,20,1623,3,4.56,8,3.7,10,4,46,13,6.52,553,667,82.91,21,36,58.33,37,158,15,30,15,40,37.5,115,31,26.96,1065,281,11,81,13,76,44.71,2,11,15.38,78,42.62,39,31,79.49,16,3,14,1.0,0,1,28,30,22,6,0,0,0,0,1,4,0,0,4,0,0,0,0,0,0,0,0
1168093,Óscar Rivas,Vit. Guimarães,oscar rivas,6.91,18,18,1620,1,1.38,0,0.33,0,3,13,4,7.69,929,1051,88.39,62,120,51.67,4,89,38,79,3,5,60.0,3,0,0.0,1295,144,1,56,2,33,56.9,41,37,52.56,74,54.41,17,10,58.82,33,101,1,12.0,1,2,5,17,13,1,0,0,0,0,8,20,0,0,20,0,0,0,0,0,0,0,0
1167818,Iván Fresneda,Sporting CP,ivan fresneda,6.73,23,21,1614,1,0.85,0,1.45,1,1,9,3,11.11,723,825,87.64,21,40,52.5,13,190,11,26,7,28,25.0,49,10,20.41,1251,208,5,53,11,56,47.86,22,8,73.33,78,53.06,31,18,58.06,14,52,2,4.0,0,2,9,20,18,6,0,0,0,0,3,12,0,0,11,1,0,0,0,0,0,0,0
992567,Borja Sainz,Porto,borja sainz,6.84,30,18,1603,5,5.1,3,1.68,2,9,51,19,9.8,329,425,77.41,4,9,44.44,16,149,16,31,25,55,45.45,15,3,20.0,774,215,16,85,21,76,39.79,6,5,54.55,82,40.59,20,13,65.0,9,5,16,0.0,0,1,32,33,31,5,0,0,0,0,4,11,0,0,10,1,0,0,0,0,0,0,0
1017023,Clayton,Rio Ave,clayton,7.13,19,18,1600,10,7.03,4,1.94,6,7,43,23,23.26,173,219,79.0,7,11,63.64,11,63,12,16,6,28,21.43,5,1,20.0,508,152,9,35,28,66,40.99,23,36,38.98,89,40.45,3,2,66.67,2,20,11,5.0,0,0,8,43,58,6,1,0,0,0,0,32,0,0,30,2,0,0,0,0,0,0,0
158597,Sebastián Pérez,Casa Pia,sebastian perez,6.68,27,18,1586,0,0.23,0,0.5,1,0,8,1,0.0,567,673,84.25,50,83,60.24,10,86,40,77,1,3,33.33,12,4,33.33,861,130,2,60,2,73,62.39,8,15,34.78,81,57.86,37,26,70.27,15,25,3,5.0,0,0,14,26,36,5,0,0,0,0,1,33,0,0,30,3,0,0,0,0,0,0,0
1131047,Miguel Maga,Vit. Guimarães,miguel maga,6.7,22,20,1576,0,0.06,0,1.41,2,0,3,0,0.0,500,620,80.65,17,46,36.96,16,122,9,27,1,10,10.0,33,8,24.24,960,184,4,75,2,46,50.0,17,15,53.13,63,50.81,30,16,53.33,19,35,2,6.0,0,0,16,19,16,5,0,0,0,0,3,19,0,0,19,0,0,0,0,0,0,0,0
1133070,Tiago Manso,Tondela,tiago manso,6.68,28,17,1558,1,2.59,1,1.31,3,2,22,7,4.55,407,535,76.07,36,91,39.56,10,123,26,57,13,22,59.09,52,8,15.38,984,251,9,70,8,73,48.03,12,16,42.86,85,47.22,41,32,78.05,17,51,8,6.0,0,0,31,32,20,7,0,0,0,0,1,31,0,0,27,4,0,0,0,0,0,0,0
822684,Sphephelo Sithole,Tondela,sphephelo sithole,6.59,26,16,1553,1,0.32,0,0.29,0,0,4,2,25.0,536,672,79.76,29,52,55.77,5,128,18,41,5,15,33.33,4,0,0.0,889,190,6,88,5,48,44.04,26,37,41.27,74,43.02,34,20,58.82,9,36,0,6.0,0,0,13,37,9,6,0,0,0,0,2,26,0,0,25,1,0,0,0,0,0,0,0
1201395,Gianluca Prestianni,Benfica,gianluca prestianni,6.97,29,17,1551,3,3.31,5,4.18,5,3,45,15,6.67,453,575,78.78,10,23,43.48,45,278,19,29,53,103,51.46,72,21,29.17,1039,298,22,83,20,110,50.46,10,16,38.46,120,49.18,19,12,63.16,8,4,11,0.0,0,0,22,18,39,8,1,0,0,0,0,15,0,0,14,1,0,0,0,0,0,0,0
324345,Kiki,AVS Futebol,kiki,6.52,27,17,1551,0,0.36,0,1.19,2,0,11,0,0.0,367,526,69.77,36,99,36.36,17,95,41,87,6,10,60.0,83,15,18.07,1049,291,5,78,2,64,54.24,30,19,61.22,94,56.29,40,23,57.5,22,69,5,8.0,0,0,15,34,18,2,0,0,0,0,1,42,0,0,38,4,0,0,0,0,0,0,0
851283,Jefferson Encada,Estrela,jefferson encada,6.62,26,17,1550,0,0.05,2,1.93,5,0,2,1,0.0,504,596,84.56,13,34,38.24,14,109,8,26,19,31,61.29,54,12,22.22,994,204,4,82,5,58,56.31,10,17,37.04,68,52.31,25,16,64.0,16,40,0,9.0,0,1,5,26,14,7,0,0,0,0,1,31,0,0,30,1,0,0,0,0,0,0,0
1001753,Vinícius Lopes,Santa Clara,vinicius lopes,6.83,28,17,1540,6,4.44,1,1.14,1,5,50,15,12.0,293,366,80.05,6,12,50.0,22,146,7,10,34,71,47.89,30,4,13.33,751,209,9,64,29,90,43.9,26,32,44.83,116,44.11,27,17,62.96,9,14,15,1.0,0,0,16,36,29,8,0,0,0,0,0,24,0,0,22,2,0,0,0,0,0,0,0
1100957,Marko Milovanović,Alverca,marko milovanovic,6.7,31,18,1535,9,7.64,2,0.41,1,10,38,21,23.68,173,259,66.8,3,4,75.0,7,60,2,8,8,26,30.77,1,1,100.0,499,178,10,36,17,42,38.18,54,65,45.38,96,41.92,7,4,57.14,0,20,7,4.0,0,0,5,32,27,3,0,0,0,0,0,24,0,0,18,6,0,0,0,0,0,0,0
988778,Daniel Rivas,AVS Futebol,daniel rivas,6.68,26,17,1534,0,0.1,1,0.73,3,0,6,1,0.0,275,392,70.15,21,77,27.27,13,64,13,45,6,10,60.0,29,11,37.93,829,230,1,62,3,53,62.35,22,21,51.16,75,58.59,40,24,60.0,24,78,1,14.0,0,1,14,13,8,6,0,0,0,0,1,26,0,0,22,4,0,0,0,0,0,0,0
983537,Rafael Brito,Casa Pia,rafael brito,6.73,25,18,1527,2,0.93,1,1.14,4,0,11,4,18.18,344,466,73.82,27,51,52.94,7,79,24,39,1,8,12.5,8,2,25.0,683,170,4,63,10,39,39.39,25,22,53.19,64,43.84,24,15,62.5,20,35,4,8.0,0,1,10,33,15,5,0,0,0,0,1,20,0,0,19,1,0,0,0,0,0,0,0
1158067,Francisco Chissumba,Alverca,francisco chissumba,6.71,19,17,1523,0,1.06,0,0.75,1,1,7,1,0.0,471,563,83.66,22,49,44.9,6,131,10,21,18,43,41.86,30,5,16.67,986,191,1,93,12,73,49.66,14,16,46.67,87,49.15,35,22,62.86,18,46,2,4.0,0,1,12,26,20,3,0,0,0,0,5,22,0,0,19,3,0,0,0,0,0,0,0
1146305,Gustavo Varela,Gil Vicente FC,gustavo varela,6.72,32,15,1521,6,7.47,3,0.51,1,9,50,23,12.0,152,214,71.03,3,7,42.86,10,50,4,11,11,36,30.56,3,1,33.33,493,164,8,45,30,59,43.7,36,55,39.56,95,42.04,8,6,75.0,0,14,11,2.0,0,0,5,16,42,3,0,0,0,0,1,15,0,0,12,3,0,0,0,0,0,0,0
1563640,Oumar Camara,Vit. Guimarães,oumar camara,6.68,30,18,1517,5,3.87,2,1.06,1,2,26,10,19.23,281,355,79.15,10,12,83.33,14,118,5,13,11,36,30.56,26,6,23.08,594,165,13,60,11,42,40.38,16,13,55.17,58,43.61,14,8,57.14,3,6,5,1.0,0,1,10,17,17,2,0,0,0,0,4,21,0,0,20,1,0,0,0,0,0,0,0
1133282,André Luiz,Rio Ave,andre luiz,7.38,19,17,1500,7,6.66,5,1.66,5,9,44,20,15.91,210,269,78.07,2,7,28.57,21,91,2,7,31,82,37.8,23,2,8.7,692,240,13,60,28,105,51.47,9,23,28.13,114,48.31,26,12,46.15,2,11,9,3.0,0,0,11,11,49,3,0,0,0,0,1,28,0,0,28,0,0,0,0,0,0,0,0
947893,Andrew,Gil Vicente FC,andrew,7.12,17,17,1496,0,,0,0.02,0,0,0,0,0.0,346,508,68.11,95,255,37.25,0,16,36,54,0,0,0.0,0,0,0.0,668,165,0,142,0,2,100.0,8,0,100.0,10,100.0,1,1,100.0,0,13,0,0.0,0,3,0,1,1,2,1,43,1,9,8,12,30,13,12,0,7,12,12,20,0,4,2
1142254,Rodrigo Alonso,Moreirense,rodrigo alonso,6.78,26,17,1496,3,1.47,3,2.16,3,1,11,5,27.27,578,666,86.79,26,39,66.67,11,137,33,45,8,20,40.0,11,1,9.09,871,151,8,71,15,54,44.26,9,12,42.86,63,44.06,23,9,39.13,10,17,3,3.0,0,1,11,31,24,6,0,0,0,0,3,23,0,0,20,3,0,0,0,0,0,0,0
1015826,Chiquinho,Alverca,chiquinho,7.12,20,18,1492,2,2.99,4,3.7,10,3,25,6,8.0,183,254,72.05,10,20,50.0,22,92,6,27,34,77,44.16,71,16,22.54,718,292,12,61,37,137,54.8,9,17,34.62,146,52.9,28,16,57.14,8,0,8,3.0,0,1,6,30,75,6,0,0,0,0,0,21,0,0,16,5,0,0,0,0,0,0,0
1468082,Gustavo Silva,Vit. Guimarães,gustavo silva,6.63,23,18,1466,5,5.23,2,0.99,2,5,53,16,9.43,178,271,65.68,5,13,38.46,22,79,9,16,9,28,32.14,18,2,11.11,619,216,11,39,12,53,42.4,43,59,42.16,96,42.29,19,12,63.16,16,19,11,2.0,0,0,17,28,26,3,0,0,0,0,1,27,0,0,26,1,0,0,0,0,0,0,0
1111880,Emmanuel Maviram,Tondela,emmanuel maviram,6.56,20,17,1465,2,0.42,2,1.12,3,0,12,4,16.67,314,452,69.47,27,80,33.75,14,85,16,37,10,18,55.56,64,13,20.31,873,262,3,58,8,37,44.05,13,15,46.43,50,44.64,16,13,81.25,27,66,2,3.0,1,1,17,16,12,4,0,0,0,0,1,29,0,0,25,4,0,0,0,0,0,0,0
1467139,Francisco Petrasso,Rio Ave,francisco petrasso,6.57,23,18,1457,0,0.12,0,0.62,1,0,4,1,0.0,616,727,84.73,42,108,38.89,2,35,23,60,8,9,88.89,1,0,0.0,911,122,1,35,3,33,55.93,19,11,63.33,52,58.43,19,12,63.16,6,90,2,11.0,0,1,3,20,6,5,1,0,0,0,2,28,0,0,26,2,0,0,0,0,0,0,0
989383,Adriano Firmino,Santa Clara,adriano firmino,6.74,18,16,1447,0,0.73,0,0.56,0,0,14,2,0.0,668,761,87.78,35,61,57.38,9,137,33,61,16,28,57.14,5,0,0.0,934,139,3,69,8,47,50.0,11,6,64.71,58,52.25,10,3,30.0,12,19,3,0.0,0,0,7,20,21,4,1,0,0,0,3,17,0,0,15,2,0,0,0,0,0,0,0
1106840,Adriel,AVS Futebol,adriel,7.33,16,16,1440,0,0.05,1,0.07,0,0,1,0,0.0,289,515,56.12,126,348,36.21,2,41,30,46,0,0,0.0,0,0,0.0,679,229,0,146,0,4,80.0,4,1,80.0,8,80.0,1,1,100.0,0,27,1,0.0,1,4,1,0,3,2,0,62,1,4,4,24,40,19,21,3,9,17,16,12,1,0,0
789933,Ignacio de Arruabarrena,Arouca,ignacio de arruabarrena,6.79,16,16,1440,0,,0,0.01,0,0,0,0,0.0,405,555,72.97,77,220,35.0,1,9,37,63,0,0,0.0,0,0,0.0,720,152,0,168,0,2,50.0,5,2,71.43,7,63.64,0,0,0.0,0,14,0,0.0,0,1,2,0,2,5,0,39,0,8,5,21,23,16,17,4,8,11,10,14,0,2,0
27622,José Fonte,Casa Pia,jose fonte,6.68,18,16,1438,1,0.8,0,0.27,1,0,9,3,11.11,536,645,83.1,40,88,45.45,3,38,28,50,2,3,66.67,2,0,0.0,851,124,0,36,0,14,45.16,53,19,73.61,67,65.05,10,7,70.0,13,110,2,17.0,2,2,2,14,5,3,0,0,0,0,3,28,0,0,24,4,0,0,0,0,0,0,0
851276,Abdu Conté,Casa Pia,abdu conte,6.84,22,17,1437,0,0.19,2,2.49,5,0,7,0,0.0,354,457,77.46,20,59,33.9,17,104,24,48,13,17,76.47,81,21,25.93,844,220,2,70,9,55,53.4,5,4,55.56,60,53.57,25,17,68.0,6,44,1,2.0,0,2,7,30,17,1,0,0,0,0,2,19,0,0,18,1,0,0,0,0,0,0,0
1176165,Paulo Vitor,AVS Futebol,paulo vitor,6.71,18,16,1436,0,0.6,0,0.29,0,1,3,1,0.0,428,549,77.96,41,115,35.65,3,37,37,88,1,4,25.0,6,0,0.0,752,139,1,32,0,38,52.05,24,15,61.54,62,55.36,35,19,54.29,15,97,0,14.0,0,0,13,20,2,2,2,0,0,0,4,23,0,0,21,2,0,0,0,0,0,0,0
988882,Joe Hodge,Tondela,joe hodge,6.56,26,18,1432,1,1.74,1,1.46,2,1,16,5,6.25,466,574,81.18,28,49,57.14,19,155,25,48,6,10,60.0,42,6,14.29,822,192,6,84,17,45,47.87,2,13,13.33,47,43.12,33,16,48.48,16,18,2,5.0,0,0,7,24,6,3,0,0,0,0,1,32,0,0,28,4,0,0,0,0,0,0,0
945121,Rodrigo Conceição,Tondela,rodrigo conceicao,6.64,20,16,1431,1,0.28,0,0.92,0,0,7,5,14.29,377,455,82.86,16,30,53.33,14,119,19,35,16,49,32.65,38,6,15.79,904,213,6,68,16,88,44.67,12,27,30.77,100,42.37,47,30,63.83,19,27,1,3.0,0,1,36,24,25,4,0,0,0,0,4,21,0,0,19,2,0,0,0,0,0,0,0
344023,Sandro Lima,Alverca,sandro lima,6.57,29,16,1427,5,5.11,2,1.05,2,5,25,13,20.0,242,323,74.92,7,13,53.85,12,83,8,14,5,11,45.45,1,0,0.0,523,150,8,44,14,43,48.31,37,60,38.14,80,43.01,10,7,70.0,2,16,2,3.0,0,0,4,27,28,2,1,0,0,0,0,26,0,0,21,5,0,0,0,0,0,0,0
1123925,Georgiy Sudakov,Benfica,georgiy sudakov,7.07,22,17,1421,4,2.71,1,3.76,3,1,35,12,11.43,571,693,82.4,18,37,48.65,38,263,19,52,27,35,77.14,111,34,30.63,1032,264,12,52,24,72,58.06,9,17,34.62,81,54.0,13,6,46.15,5,9,13,2.0,0,2,7,14,33,2,0,0,0,0,2,9,0,0,8,1,0,0,0,0,0,0,0
1503836,Samu Aghehowa,Porto,samu aghehowa,6.9,20,19,1414,13,11.92,1,0.9,1,7,56,33,23.21,178,244,72.95,4,7,57.14,10,78,11,14,19,43,44.19,5,1,20.0,508,180,12,34,24,46,39.66,23,24,48.94,69,42.33,2,1,50.0,3,1,12,0.0,0,0,8,18,27,3,0,0,0,0,3,5,0,0,5,0,0,0,0,0,0,0,0
1393242,Tamás Nikitscher,Rio Ave,tamas nikitscher,6.74,27,15,1411,1,0.37,1,0.39,0,1,10,2,10.0,519,594,87.37,16,34,47.06,5,103,15,31,6,13,46.15,4,1,25.0,849,125,8,81,16,67,48.55,30,8,78.95,97,55.11,41,17,41.46,32,43,3,7.0,0,1,17,33,20,4,1,0,0,0,3,22,0,0,16,6,0,0,0,0,0,0,0
1488511,Tony Strata,Vit. Guimarães,tony strata,6.65,21,14,1411,1,0.4,1,2.35,3,0,15,4,6.67,535,629,85.06,24,43,55.81,15,148,18,36,12,24,50.0,66,17,25.76,1053,215,3,90,15,67,52.76,12,12,50.0,79,52.32,29,19,65.52,22,31,8,2.0,0,2,9,25,26,3,0,0,0,0,1,29,0,0,28,1,0,0,0,0,0,0,0
1006114,Gustavo Mendonca,AVS Futebol,gustavo mendonca,6.73,21,16,1401,0,0.35,0,0.92,1,1,6,3,0.0,362,479,75.57,38,61,62.3,15,94,29,52,7,14,50.0,28,7,25.0,776,190,6,92,12,63,49.22,22,18,55.0,85,50.6,43,28,65.12,12,48,0,4.0,0,0,17,29,13,6,0,0,0,0,4,22,0,0,21,1,0,0,0,0,0,0,0
994532,Antef Tsoungui,Estoril,antef tsoungui,6.77,23,15,1385,0,0.33,0,0.59,3,0,9,1,0.0,617,716,86.17,34,69,49.28,6,78,17,37,10,14,71.43,5,0,0.0,991,145,9,63,7,71,52.99,12,11,52.17,83,52.87,37,22,59.46,17,47,3,13.0,0,2,12,40,24,9,0,0,0,0,2,24,0,0,20,4,0,0,0,0,0,0,0
1020203,Brandon Aguilera,Rio Ave,brandon aguilera,6.83,19,17,1377,1,0.62,0,1.27,2,0,14,5,7.14,532,634,83.91,24,59,40.68,15,102,29,62,14,27,51.85,41,9,21.95,883,192,6,78,15,71,55.04,8,10,44.44,79,53.74,15,10,66.67,14,21,3,0.0,0,1,13,18,42,4,0,0,0,0,0,24,0,0,24,0,0,0,0,0,0,0,0
804472,Pablo Rosario,Porto,pablo rosario,7.08,22,12,1365,2,1.63,1,1.15,1,2,12,3,16.67,729,852,85.56,35,68,51.47,7,163,25,54,4,8,50.0,6,1,16.67,1056,156,8,64,2,46,54.12,27,17,61.36,73,56.59,21,13,61.9,14,34,3,7.0,0,1,11,22,22,6,0,0,0,0,8,5,0,0,4,1,0,0,0,0,0,0,0
1108505,Paulo Victor,Santa Clara,paulo victor,6.69,21,16,1365,1,0.19,0,0.56,1,0,5,2,20.0,398,533,74.67,20,68,29.41,10,116,21,47,20,29,68.97,49,7,14.29,975,252,3,57,12,85,61.59,14,10,58.33,99,61.11,39,24,61.54,20,46,2,4.0,0,0,18,14,26,4,1,0,0,0,3,17,0,0,16,1,0,0,0,0,0,0,0
2115909,Otavio,Estrela,otavio,6.53,22,17,1360,0,0.14,1,0.32,1,0,3,1,0.0,459,581,79.0,28,77,36.36,5,39,11,37,16,28,57.14,5,0,0.0,925,183,0,77,6,64,53.33,26,18,59.09,90,54.88,34,24,70.59,38,67,2,10.0,0,0,13,27,15,5,0,0,0,0,2,33,0,0,31,2,0,0,0,0,0,0,0
339879,Bas Kuipers,Arouca,bas kuipers,6.56,17,16,1352,1,1.07,2,0.54,1,1,9,2,11.11,355,428,82.94,19,43,44.19,9,85,13,31,2,6,33.33,23,5,21.74,683,137,0,26,5,26,53.06,10,10,50.0,36,52.17,9,4,44.44,9,24,2,5.0,0,0,6,8,15,3,0,0,0,0,3,18,0,0,14,4,0,0,0,0,0,0,0
1175004,Juan Castillo,Vit. Guimarães,juan castillo,6.96,15,15,1350,0,,0,0.01,0,0,0,0,0.0,264,367,71.93,82,181,45.3,0,13,15,28,1,1,100.0,0,0,0.0,477,107,0,90,1,2,66.67,4,0,100.0,6,85.71,1,0,0.0,0,4,0,0.0,1,1,0,0,1,1,0,44,0,11,6,19,23,21,18,1,2,3,3,6,1,3,0
1161004,Gonçalo Nogueira,Vit. Guimarães,goncalo nogueira,6.83,23,15,1344,0,0.9,4,1.57,2,2,8,1,0.0,432,493,87.63,7,17,41.18,22,136,5,8,10,21,47.62,3,0,0.0,734,124,6,65,16,93,58.49,24,30,44.44,117,54.93,46,28,60.87,11,17,2,2.0,0,0,9,32,40,2,0,0,0,0,3,17,0,0,17,0,0,0,0,0,0,0,0
1146013,Hugo Félix,Tondela,hugo felix,6.63,26,13,1340,0,3.24,1,1.35,2,4,29,9,0.0,442,530,83.4,38,56,67.86,26,174,31,47,7,20,35.0,77,18,23.38,808,205,9,64,13,56,54.37,5,13,27.78,61,50.41,8,3,37.5,8,10,11,3.0,0,1,11,13,42,2,0,0,0,0,1,17,0,0,15,2,0,0,0,0,0,0,0
44684,João Aurélio,Nacional,joao aurelio,6.7,21,15,1336,0,0.21,0,0.69,0,0,6,1,0.0,281,395,71.14,20,66,30.3,7,71,18,39,7,15,46.67,19,6,31.58,818,193,1,64,11,67,57.76,20,10,66.67,87,59.59,40,25,62.5,22,53,2,7.0,0,0,14,19,21,3,0,0,0,0,2,23,0,0,20,3,0,0,0,0,0,0,0
985138,Francisco Moura,Porto,francisco moura,6.79,21,16,1331,2,0.69,2,2.42,3,1,11,3,18.18,533,623,85.55,12,34,35.29,12,146,12,29,10,12,83.33,36,9,25.0,955,156,2,56,11,41,53.25,16,13,55.17,57,53.77,24,11,45.83,18,26,4,1.0,0,1,5,19,7,5,0,0,0,0,4,12,0,0,11,1,0,0,0,0,0,0,0
1134430,Gabriel Martínez,Braga,gabriel martinez,6.56,28,14,1327,1,3.33,2,2.17,2,5,30,9,3.33,460,580,79.31,7,19,36.84,12,207,7,14,27,71,38.03,40,1,2.5,1021,287,14,81,26,82,42.71,8,9,47.06,90,43.06,31,19,61.29,10,12,11,0.0,0,1,17,24,26,2,1,0,0,0,1,14,0,0,13,1,0,0,0,0,0,0,0
838633,Jaume Grau,AVS Futebol,jaume grau,6.44,18,16,1326,0,0.41,0,0.2,0,0,7,1,0.0,377,475,79.37,26,63,41.27,3,72,22,49,1,9,11.11,9,0,0.0,644,137,4,59,5,43,41.35,13,20,39.39,56,40.88,29,20,68.97,14,27,2,3.0,1,0,13,36,13,5,1,0,0,0,0,35,0,0,32,3,0,0,0,0,0,0,0
1915110,Isaac James,Alverca,isaac james,6.79,19,15,1320,0,0.4,2,1.05,3,0,9,1,0.0,310,427,72.6,18,56,32.14,14,76,13,29,11,20,55.0,42,15,35.71,819,216,3,72,12,55,53.92,15,13,53.57,70,53.85,32,20,62.5,16,40,3,7.0,0,2,7,20,12,3,0,0,0,0,0,27,0,0,19,8,0,0,0,0,0,0,0
1046440,Roni,AVS Futebol,roni,6.9,16,16,1317,2,0.43,0,0.26,0,0,15,4,13.33,356,439,81.09,14,50,28.0,9,55,14,26,10,16,62.5,6,0,0.0,655,120,1,72,3,48,51.06,9,6,60.0,57,52.29,31,20,64.52,23,37,6,4.0,0,0,18,19,7,3,0,0,0,0,3,19,0,0,16,3,0,0,0,0,0,0,0
877920,Jandro Orellana,Estoril,jandro orellana,6.65,19,17,1315,0,0.35,1,0.71,2,0,7,2,0.0,632,728,86.81,12,24,50.0,12,154,20,31,3,9,33.33,6,0,0.0,902,145,8,54,14,37,38.95,12,11,52.17,49,41.53,22,13,59.09,25,19,3,1.0,0,1,21,17,12,2,0,0,0,0,1,23,0,0,21,2,0,0,0,0,0,0,0
42898,Nélson Oliveira,Vit. Guimarães,nelson oliveira,6.53,26,16,1314,3,3.59,0,0.35,0,3,31,11,9.68,196,236,83.05,8,14,57.14,8,82,8,17,8,19,42.11,9,0,0.0,449,133,4,27,25,47,45.19,16,38,29.63,63,39.87,5,1,20.0,1,3,7,2.0,0,0,2,19,35,3,1,0,0,0,1,23,0,0,23,0,0,0,0,0,0,0,0
1100204,Nikolaos Athanasiou,Rio Ave,nikolaos athanasiou,6.86,17,15,1313,0,0.13,1,1.41,4,0,6,0,0.0,396,512,77.34,37,84,44.05,17,80,31,58,10,20,50.0,58,15,25.86,825,188,0,52,0,55,59.78,10,7,58.82,65,59.63,24,14,58.33,10,30,3,1.0,0,0,14,13,23,1,0,0,0,0,1,27,0,0,27,0,0,0,0,0,0,0,0
1003071,Diego Duarte,AVS Futebol,diego duarte,6.7,27,13,1303,3,3.31,1,0.83,0,4,31,11,9.68,120,192,62.5,1,13,7.69,11,44,5,15,5,11,45.45,14,3,21.43,419,148,8,40,12,47,54.65,23,45,33.82,70,45.45,22,17,77.27,3,15,12,2.0,0,0,11,14,20,0,0,0,0,0,0,17,0,0,16,1,0,0,0,0,0,0,0
1394342,Ousmane Diomande,Sporting CP,ousmane diomande,7.03,17,15,1297,0,0.94,1,0.52,0,0,11,2,0.0,991,1065,93.05,51,76,67.11,3,128,25,51,0,0,0.0,3,0,0.0,1203,81,0,75,0,19,38.0,35,26,57.38,54,48.65,11,10,90.91,13,59,4,7.0,1,1,5,28,8,5,0,0,0,0,6,10,0,0,10,0,0,0,0,0,0,0,0
914772,Fran Navarro,Braga,fran navarro,6.56,29,14,1295,6,5.05,1,0.29,1,7,19,13,31.58,188,232,81.03,3,3,100.0,5,69,8,10,6,18,33.33,1,0,0.0,410,124,6,24,25,33,33.67,13,41,24.07,46,30.26,9,2,22.22,2,3,3,2.0,0,0,6,24,18,2,0,0,0,0,0,18,0,0,15,3,0,0,0,0,0,0,0
1471229,Landerson,Moreirense,landerson,6.54,29,13,1290,0,1.16,2,1.03,3,2,14,1,0.0,309,361,85.6,8,18,44.44,14,115,15,21,17,69,24.64,14,2,14.29,655,192,9,74,29,79,41.36,4,12,25.0,83,40.1,20,12,60.0,10,7,8,1.0,1,1,17,17,42,2,0,0,0,0,0,27,0,0,25,2,0,0,0,0,0,0,0
1166952,Georgios Vagiannidis,Sporting CP,georgios vagiannidis,6.87,22,11,1289,0,1.05,4,2.72,5,1,9,4,0.0,622,691,90.01,10,24,41.67,17,207,3,10,22,34,64.71,29,8,27.59,993,134,3,43,11,67,55.37,17,5,77.27,84,58.74,35,18,51.43,8,28,2,1.0,0,0,7,25,10,4,0,0,0,0,3,7,0,0,6,1,0,0,0,0,0,0,0
1176881,Diogo Bezerra,Rio Ave,diogo bezerra,6.76,17,14,1265,1,2.76,2,3.02,5,5,27,9,3.7,216,294,73.47,10,29,34.48,31,112,11,33,31,67,46.27,124,37,29.84,739,298,12,57,26,74,46.25,1,6,14.29,75,44.91,13,7,53.85,7,3,11,3.0,1,1,10,14,30,3,0,0,0,0,3,18,0,0,12,6,0,0,0,0,0,0,0
2034540,Gustavo Mancha,Rio Ave,gustavo mancha,6.71,14,14,1260,0,0.35,0,0.15,0,1,2,0,0.0,700,815,85.89,75,148,50.68,3,66,41,83,1,2,50.0,1,0,0.0,974,122,0,62,0,20,58.82,10,5,66.67,30,61.22,14,7,50.0,12,82,1,3.0,0,1,5,9,6,4,0,0,0,0,4,19,0,0,13,6,0,0,0,0,0,0,0
1120043,Diogo Spencer,Alverca,diogo spencer,6.65,20,15,1260,1,0.31,2,1.63,1,0,7,2,14.29,320,462,69.26,20,65,30.77,15,124,26,66,34,46,73.91,38,11,28.95,818,226,5,60,13,63,54.78,5,6,45.45,68,53.97,21,11,52.38,14,30,3,3.0,0,0,9,18,8,2,0,0,0,0,0,27,0,0,25,2,0,0,0,0,0,0,0
1185986,Óscar Perea,AVS Futebol,oscar perea,6.59,25,14,1258,2,3.44,0,1.34,1,5,40,11,5.0,144,201,71.64,4,10,40.0,13,62,8,19,27,77,35.06,44,10,22.73,543,213,8,57,24,59,37.11,6,14,30.0,65,36.31,15,5,33.33,14,5,17,3.0,0,2,17,10,17,0,0,0,0,0,0,32,0,0,28,4,0,0,0,0,0,0,0
1035280,Telmo Arcanjo,Vit. Guimarães,telmo arcanjo,6.79,29,12,1252,1,1.05,0,2.92,3,0,27,9,3.7,318,390,81.54,17,32,53.13,30,130,18,37,19,34,55.88,89,23,25.84,711,200,12,54,9,72,61.54,11,14,44.0,83,58.45,19,15,78.95,9,5,8,0.0,0,0,6,16,35,0,1,0,0,0,1,14,0,0,14,0,0,0,0,0,0,0,0
1511977,Pedro Carvalho,Estoril,pedro carvalho,6.47,26,13,1248,0,1.43,1,0.7,1,3,11,0,0.0,404,491,82.28,16,45,35.56,8,94,8,17,7,20,35.0,43,7,16.28,867,218,5,57,13,40,40.82,6,9,40.0,46,40.71,24,17,70.83,12,34,2,0.0,0,1,12,20,10,5,0,0,0,0,1,20,0,0,16,4,0,0,0,0,0,0,0
788786,Jordan Siebatcheu,Tondela,jordan siebatcheu,6.45,22,14,1248,1,3.75,0,0.3,0,6,28,9,3.57,156,208,75.0,5,8,62.5,8,44,3,5,3,8,37.5,3,0,0.0,376,101,3,27,14,21,30.43,37,38,49.33,58,40.28,5,4,80.0,3,22,7,1.0,0,0,5,24,13,3,0,0,0,0,2,27,0,0,24,3,0,0,0,0,0,0,0
943713,Javi Sánchez,Arouca,javi sanchez,6.99,15,15,1227,0,0.25,1,0.83,1,0,6,1,0.0,815,904,90.15,56,102,54.9,6,50,34,60,0,0,0.0,2,0,0.0,1063,100,1,45,1,20,55.56,21,15,58.33,41,56.94,15,9,60.0,10,71,1,19.0,0,0,5,10,5,6,0,0,0,0,4,15,0,0,12,3,0,0,0,0,0,0,0
1799251,Brenner,Santa Clara,brenner,6.68,28,12,1216,0,2.21,1,2.21,6,3,25,7,0.0,158,206,76.7,3,9,33.33,23,69,6,9,17,46,36.96,50,11,22.0,488,181,15,49,19,53,44.54,7,15,31.82,60,42.55,4,2,50.0,7,6,4,2.0,0,0,5,16,32,2,0,0,0,0,1,15,0,0,14,1,0,0,0,0,0,0,0
1120679,André Lacximicant,Estoril,andre lacximicant,6.66,22,12,1213,3,4.26,2,0.81,1,7,39,17,7.69,146,199,73.37,1,5,20.0,12,72,2,3,6,15,40.0,19,3,15.79,414,145,8,33,17,39,45.88,25,46,35.21,64,41.03,15,6,40.0,2,8,5,1.0,0,0,4,25,19,4,0,0,0,0,1,25,0,0,24,1,0,0,0,0,0,0,0
869875,Kikas,Estrela,kikas,6.71,17,14,1212,6,5.33,1,0.47,1,8,30,16,20.0,119,157,75.8,3,9,33.33,9,31,4,8,1,7,14.29,6,1,16.67,274,73,4,16,6,15,30.61,9,20,31.03,24,30.77,3,1,33.33,2,18,5,0.0,1,0,8,16,11,0,0,0,0,0,1,24,0,0,22,2,0,0,0,0,0,0,0
861283,Cicero,Tondela,cicero,6.76,18,15,1211,1,0.38,1,0.58,1,1,7,3,14.29,428,537,79.7,16,43,37.21,4,93,16,36,2,3,66.67,4,1,25.0,728,134,4,56,4,35,52.24,33,26,55.93,68,53.97,21,13,61.9,23,56,1,4.0,0,4,10,17,12,6,0,0,0,0,1,19,0,0,17,2,0,0,0,0,0,0,0
1138915,Zé Carlos,Gil Vicente FC,ze carlos,6.72,30,10,1197,0,0.26,0,0.45,0,0,5,0,0.0,510,632,80.7,31,66,46.97,6,113,26,54,3,6,50.0,4,0,0.0,833,160,7,84,7,55,56.7,11,23,32.35,66,50.38,38,22,57.89,28,21,3,2.0,0,1,13,22,14,7,0,0,0,0,0,15,0,0,13,2,0,0,0,0,0,0,0
1410240,Rodrigo Mora,Porto,rodrigo mora,6.77,28,14,1187,1,2.8,1,3.85,6,3,37,8,2.7,334,419,79.71,20,30,66.67,36,123,18,33,22,50,44.0,73,19,26.03,722,216,15,64,21,52,41.94,7,5,58.33,59,43.38,21,15,71.43,6,13,10,2.0,0,1,16,8,9,1,0,0,0,0,1,9,0,0,7,2,0,0,0,0,0,0,0
989841,Eduardo Quaresma,Sporting CP,eduardo quaresma,7.37,16,13,1186,2,0.37,2,0.87,2,0,5,2,40.0,1033,1089,94.86,25,38,65.79,5,145,12,21,11,18,61.11,2,1,50.0,1266,73,0,54,1,61,70.11,21,21,50.0,82,63.57,40,20,50.0,11,42,2,3.0,0,1,6,14,10,2,0,0,0,0,4,12,0,0,11,1,0,0,0,0,0,0,0
801339,Rodrigo Pinho,Estrela,rodrigo pinho,6.7,29,12,1185,4,5.89,1,0.75,2,5,41,15,9.76,110,168,65.48,5,13,38.46,8,29,3,9,8,16,50.0,2,2,100.0,345,96,1,30,8,38,48.72,27,25,51.92,65,50.0,9,4,44.44,4,26,9,3.0,0,0,2,26,23,5,0,0,0,0,0,17,0,0,14,3,0,0,0,0,0,0,0
1126512,Zeno Debast,Sporting CP,zeno debast,7.12,17,12,1183,0,0.41,2,1.29,3,0,8,2,0.0,969,1063,91.16,92,133,69.17,6,157,62,106,5,5,100.0,6,2,33.33,1191,109,1,51,4,25,56.82,11,17,39.29,36,50.0,15,9,60.0,5,48,2,7.0,2,2,2,14,5,2,0,0,0,0,4,13,0,0,12,1,0,0,0,0,0,0,0
1407720,Deniz Gül,Porto,deniz gul,6.55,29,12,1180,5,5.68,1,1.16,2,4,26,13,19.23,103,157,65.61,2,2,100.0,10,49,0,1,8,23,34.78,5,0,0.0,336,135,13,28,21,28,25.93,27,29,48.21,55,33.54,8,6,75.0,1,4,6,3.0,0,0,8,37,12,3,0,0,0,0,1,8,0,0,7,1,0,0,0,0,0,0,0
1102988,Pedro Bondo,Famalicão,pedro bondo,6.81,17,14,1179,0,0.2,0,0.82,1,0,8,1,0.0,310,414,74.88,22,73,30.14,6,71,19,56,9,20,45.0,33,5,15.15,757,207,4,44,8,59,61.46,8,15,34.78,67,56.3,23,15,65.22,6,43,0,7.0,0,1,7,15,27,6,0,0,0,0,2,15,0,0,15,0,0,0,0,0,0,0,0
1031485,Sabit Abdulai,Alverca,sabit abdulai,6.49,17,16,1176,0,0.24,1,0.3,0,0,11,3,0.0,368,442,83.26,20,39,51.28,5,61,9,21,12,18,66.67,2,0,0.0,605,114,2,66,11,41,44.09,11,6,64.71,52,47.27,23,14,60.87,11,24,3,4.0,0,1,17,19,6,3,1,0,0,0,0,24,0,0,20,4,0,0,0,0,0,0,0
2119726,Renato Nhaga,Casa Pia,renato nhaga,6.68,18,13,1170,2,0.87,0,0.5,1,1,10,3,20.0,316,408,77.45,23,49,46.94,8,63,8,23,16,20,80.0,10,1,10.0,641,156,6,64,18,90,57.69,7,24,22.58,97,51.87,31,24,77.42,2,19,1,2.0,1,1,14,30,44,4,0,0,0,0,1,30,0,0,26,4,0,0,0,0,0,0,0
1148442,Thiago Balieiro,Vit. Guimarães,thiago balieiro,6.58,13,13,1170,1,0.77,0,0.14,0,1,11,4,9.09,603,687,87.77,17,54,31.48,2,35,5,24,1,4,25.0,0,0,0.0,853,101,0,45,0,34,51.52,37,41,47.44,71,49.31,29,18,62.07,12,55,2,9.0,0,1,12,20,4,5,0,0,0,0,3,24,0,0,24,0,0,0,0,0,0,0,0
141012,Luís Rocha,Santa Clara,luis rocha,6.55,13,13,1170,0,0.1,0,0.29,0,0,3,0,0.0,615,713,86.26,40,96,41.67,1,44,20,53,1,2,50.0,1,1,100.0,844,109,0,36,0,24,42.11,18,18,50.0,42,45.16,17,7,41.18,11,55,1,1.0,0,2,13,20,6,5,0,0,0,0,3,15,0,0,12,3,0,0,0,0,0,0,0
1639250,William Gomes,Porto,william gomes,6.93,28,9,1168,8,5.15,1,2.56,6,1,42,18,19.05,212,302,70.2,13,23,56.52,14,110,4,13,22,58,37.93,55,7,12.73,633,232,13,46,16,70,40.7,6,17,26.09,76,38.97,27,18,66.67,5,6,12,1.0,0,0,22,31,21,5,1,0,0,0,2,8,0,0,7,1,0,0,0,0,0,0,0
1434543,Diogo Sousa,Vit. Guimarães,diogo sousa,6.84,22,12,1163,1,1.34,1,1.22,0,1,24,9,4.17,495,628,78.82,38,60,63.33,8,125,27,50,24,32,75.0,18,4,22.22,878,189,11,66,10,71,55.04,13,14,48.15,84,53.85,32,18,56.25,14,12,7,3.0,0,1,12,31,15,5,0,0,0,0,0,24,0,0,23,1,0,0,0,0,0,0,0
929894,Alejandro Marqués,Estoril,alejandro marques,6.5,26,13,1160,4,5.55,0,0.39,0,10,26,10,15.38,139,202,68.81,0,1,0.0,5,48,4,8,14,36,38.89,5,0,0.0,417,156,6,34,19,32,29.63,37,51,42.05,69,35.2,6,5,83.33,4,12,9,1.0,0,0,5,35,12,1,0,0,0,0,1,23,0,0,18,5,0,0,0,0,0,0,0
902050,Boris Popović,Arouca,boris popovic,6.48,17,13,1158,1,0.76,0,0.07,0,0,5,2,20.0,550,621,88.57,42,84,50.0,1,41,14,32,1,2,50.0,0,0,0.0,771,73,0,19,0,15,53.57,22,23,48.89,37,50.68,9,5,55.56,11,81,1,14.0,1,0,1,13,6,3,0,0,0,0,0,34,0,0,31,3,0,0,0,0,0,0,0
929688,Mateus Pivô,AVS Futebol,mateus pivo,6.62,14,14,1149,0,0.24,0,0.17,0,0,6,0,0.0,232,303,76.57,12,42,28.57,2,52,13,32,5,10,50.0,12,2,16.67,635,168,3,43,7,39,45.35,17,8,68.0,56,50.45,28,15,53.57,18,54,4,6.0,1,0,13,22,6,3,0,0,0,0,4,15,0,0,12,3,0,0,0,0,0,0,0
186719,Florian Grillitsch,Braga,florian grillitsch,6.9,20,12,1129,1,0.73,1,1.03,1,0,8,2,12.5,868,985,88.12,38,65,58.46,8,201,30,53,4,10,40.0,7,0,0.0,1156,152,6,54,6,52,59.77,22,11,66.67,74,61.67,21,14,66.67,17,20,2,4.0,1,0,9,14,27,3,0,0,0,0,1,16,0,0,14,2,0,0,0,0,0,0,0
1142585,Martim Fernandes,Porto,martim fernandes,6.91,20,12,1119,1,0.06,1,0.67,1,0,4,2,25.0,385,465,82.8,20,46,43.48,9,67,17,35,7,16,43.75,33,6,18.18,766,158,9,57,6,63,62.38,10,12,45.45,73,59.35,41,24,58.54,11,33,2,1.0,0,1,9,14,15,2,1,0,0,0,5,6,0,0,6,0,0,0,0,0,0,0,0
1162051,Gustavo Klismahn,Santa Clara,gustavo klismahn,6.79,16,15,1109,1,0.77,1,2.26,5,1,13,3,7.69,220,314,70.06,14,38,36.84,18,82,18,45,12,25,48.0,45,16,35.56,543,182,7,40,8,48,48.48,12,7,63.16,60,50.85,20,13,65.0,11,11,3,1.0,0,1,8,22,16,2,0,0,0,0,0,17,0,0,17,0,0,0,0,0,0,0,0
867438,Jonathan Panzo,Rio Ave,jonathan panzo,6.67,14,13,1095,0,1.0,0,0.04,0,1,5,1,0.0,580,628,92.36,23,41,56.1,1,18,7,15,1,2,50.0,1,0,0.0,828,59,0,37,2,24,50.0,24,10,70.59,48,58.54,20,12,60.0,16,101,2,15.0,0,2,3,18,3,3,1,0,0,0,2,15,0,0,14,1,0,0,0,0,0,0,0
996932,Pablo Gozálbez,Arouca,pablo gozalbez,6.62,28,12,1089,1,2.16,2,2.1,7,4,21,7,4.76,228,304,75.0,10,29,34.48,19,84,17,34,9,22,40.91,27,6,22.22,518,141,7,42,6,63,54.78,8,27,22.86,71,47.33,26,18,69.23,7,9,5,4.0,0,0,13,24,28,4,0,0,0,0,0,19,0,0,15,4,0,0,0,0,0,0,0
966219,Ángel Algobia,AVS Futebol,angel algobia,6.64,21,15,1086,1,0.72,0,0.61,2,0,11,3,9.09,266,350,76.0,16,32,50.0,8,60,11,23,5,6,83.33,11,1,9.09,510,123,6,53,10,40,55.56,9,7,56.25,49,55.68,31,17,54.84,2,22,5,6.0,0,2,7,14,4,0,0,0,0,0,1,27,0,0,25,2,0,0,0,0,0,0,0
1499082,Jalen Blesa,Rio Ave,jalen blesa,7.22,13,12,1077,7,5.03,0,1.15,1,7,23,14,30.43,190,261,72.8,5,8,62.5,11,84,7,13,10,22,45.45,7,2,28.57,460,143,8,32,16,38,44.71,35,27,56.45,73,49.66,14,10,71.43,5,16,2,1.0,0,0,5,14,16,1,0,0,0,0,1,18,0,0,12,6,0,0,0,0,0,0,0
981817,Simão,AVS Futebol,simao,6.58,12,12,1073,0,,0,0.02,1,0,0,0,0.0,240,365,65.75,78,201,38.81,1,12,14,25,0,0,0.0,0,0,0.0,464,130,0,115,0,1,100.0,2,0,100.0,3,100.0,0,0,0.0,0,10,0,0.0,1,2,0,0,2,2,0,32,0,2,0,26,18,14,23,3,4,7,6,7,0,3,0
887754,Vítor Carvalho,Braga,vitor carvalho,7.07,15,14,1063,2,1.23,1,0.39,1,0,11,3,18.18,800,868,92.17,35,60,58.33,4,47,19,38,0,0,0.0,0,0,0.0,1014,77,0,38,0,23,58.97,31,18,63.27,54,61.36,11,7,63.64,6,58,2,9.0,1,2,2,17,12,5,0,0,0,0,1,12,0,0,10,2,0,0,0,0,0,0,0
1136902,Makan Aïko,Tondela,makan aiko,6.79,18,11,1058,1,2.07,2,1.56,4,1,20,8,5.0,185,250,74.0,5,15,33.33,14,70,11,23,27,56,48.21,43,8,18.6,522,180,4,45,12,64,54.24,3,5,37.5,67,53.17,17,9,52.94,5,5,4,1.0,0,0,4,10,20,2,0,0,0,0,1,14,0,0,13,1,0,0,0,0,0,0,0
190147,Rony Lopes,Tondela,rony lopes,7.01,16,14,1048,4,1.9,2,1.33,4,0,36,10,11.11,284,361,78.67,20,34,58.82,15,91,23,46,10,16,62.5,29,9,31.03,539,141,6,42,18,40,48.19,2,7,22.22,42,45.65,20,11,55.0,0,3,11,1.0,0,0,6,13,10,3,0,0,0,0,0,21,0,0,18,3,0,0,0,0,0,0,0
129617,Aderllan Santos,AVS Futebol,aderllan santos,6.99,17,12,1032,1,0.52,0,0.2,0,1,13,2,7.69,317,405,78.27,27,88,30.68,1,28,21,59,2,2,100.0,1,1,100.0,597,94,1,42,0,29,72.5,46,16,74.19,75,73.53,24,13,54.17,12,107,3,9.0,0,1,4,8,3,2,0,0,0,0,2,17,0,0,14,3,0,0,0,0,0,0,0
1799336,Agustín Moreira,Gil Vicente FC,agustin moreira,6.73,21,11,1031,2,2.22,1,2.38,4,4,27,8,7.41,169,211,80.09,3,6,50.0,13,88,2,7,11,40,27.5,34,9,26.47,453,149,9,51,11,47,43.52,6,14,30.0,53,41.41,20,15,75.0,6,8,9,1.0,0,0,5,16,17,3,0,0,0,0,0,9,0,0,8,1,0,0,0,0,0,0,0
1459627,Henrique Silva,Santa Clara,henrique silva,6.67,13,12,1031,0,0.2,0,0.18,0,0,6,0,0.0,473,578,81.83,35,98,35.71,2,30,12,43,4,6,66.67,3,0,0.0,768,119,0,41,3,42,56.76,32,34,48.48,74,52.86,20,11,55.0,14,84,4,5.0,0,2,5,24,19,5,0,0,0,0,4,15,0,0,14,1,0,0,0,0,0,0,0
1031642,Atanas Chernev,Estrela,atanas chernev,6.52,15,12,1024,0,1.07,0,0.1,0,2,6,0,0.0,371,436,85.09,31,56,55.36,2,24,16,35,1,5,20.0,2,1,50.0,552,76,0,29,3,24,48.98,23,14,62.16,47,54.65,19,7,36.84,2,46,1,3.0,0,0,5,13,4,4,0,0,0,0,2,17,0,0,16,1,0,0,0,0,0,0,0
1032547,Joelson Fernandes,Gil Vicente FC,joelson fernandes,6.7,24,11,1022,1,1.39,3,1.93,7,1,17,3,5.88,176,210,83.81,7,12,58.33,21,72,1,4,14,34,41.18,54,12,22.22,465,137,11,38,10,67,53.6,4,11,26.67,71,50.71,21,9,42.86,5,4,10,0.0,0,0,9,19,32,3,0,0,0,0,0,16,0,0,13,3,0,0,0,0,0,0,0
1396015,Mario Dorgeles,Braga,mario dorgeles,6.8,20,10,1008,2,1.3,1,2.01,2,0,11,2,18.18,563,632,89.08,13,25,52.0,18,206,12,18,9,26,34.62,35,12,34.29,850,141,5,34,2,35,52.24,9,6,60.0,44,53.66,11,11,100.0,8,9,4,0.0,0,1,5,8,15,0,0,0,0,0,3,9,0,0,5,4,0,0,0,0,0,0,0
1142261,Antonio Espigares,Gil Vicente FC,antonio espigares,6.84,19,9,1005,1,0.39,0,0.39,0,0,8,2,12.5,451,550,82.0,59,112,52.68,2,37,44,82,2,2,100.0,0,0,0.0,687,108,0,26,1,12,46.15,48,34,58.54,60,55.56,9,7,77.78,4,78,2,6.0,2,0,3,12,1,2,0,0,0,0,2,14,0,0,11,3,0,0,0,0,0,0,0
1066233,Miguel Nóbrega,Vit. Guimarães,miguel nobrega,6.41,13,10,1000,1,0.68,0,0.16,0,0,9,1,11.11,408,501,81.44,25,76,32.89,0,35,15,38,2,2,100.0,3,1,33.33,647,105,0,36,0,17,54.84,16,19,45.71,33,50.0,5,3,60.0,9,64,6,4.0,1,0,1,13,10,1,0,0,0,0,2,21,0,0,20,1,0,0,0,0,0,0,0
892083,Diogo Calila,Santa Clara,diogo calila,6.6,23,9,999,1,0.35,0,0.81,0,0,7,2,14.29,245,319,76.8,11,42,26.19,8,66,4,21,5,18,27.78,37,8,21.62,583,147,1,24,4,29,46.03,16,16,50.0,45,47.37,11,7,63.64,10,39,1,3.0,0,0,9,11,14,4,0,0,0,0,1,11,0,0,10,1,0,0,0,0,0,0,0
1068519,João Silva,Tondela,joao silva,6.86,12,11,996,1,1.1,0,0.16,0,1,5,1,20.0,432,507,85.21,30,69,43.48,1,26,20,45,0,0,0.0,2,1,50.0,654,85,1,26,1,31,51.67,30,23,56.6,61,53.98,26,18,69.23,5,61,2,4.0,0,0,5,24,6,1,0,0,0,0,3,14,0,0,12,2,0,0,0,0,0,0,0
987510,Zaidu Sanusi,Porto,zaidu sanusi,6.95,17,11,995,1,1.23,1,0.99,2,1,6,1,16.67,381,443,86.0,6,17,35.29,18,108,6,12,8,17,47.06,26,6,23.08,694,136,8,53,10,38,54.29,13,5,72.22,51,57.95,17,9,52.94,10,16,2,3.0,0,0,5,8,13,2,0,0,0,0,3,3,0,0,2,1,0,0,0,0,0,0,0
856119,Guilherme Schettine,Moreirense,guilherme schettine,7.02,15,14,994,9,6.91,1,0.27,1,4,28,17,32.14,154,218,70.64,9,14,64.29,7,40,10,17,8,17,47.06,4,1,25.0,396,134,5,25,23,31,34.07,26,28,48.15,57,39.31,6,2,33.33,2,7,4,0.0,0,0,7,22,19,1,0,0,0,0,0,12,0,0,11,1,0,0,0,0,0,0,0
992024,Rhaldney,Alverca,rhaldney,6.68,14,12,993,1,0.42,0,0.28,0,0,10,2,10.0,390,421,92.64,14,19,73.68,4,77,6,10,5,7,71.43,1,0,0.0,552,59,4,48,11,39,50.65,11,9,55.0,50,51.55,22,13,59.09,11,12,6,0.0,0,0,6,21,12,4,0,0,0,0,0,15,0,0,10,5,0,0,0,0,0,0,0
1835218,Domingos Jose Gabriel Bandeira,Casa Pia,domingos jose gabriel bandeira,6.57,12,11,992,0,0.08,0,0.08,0,0,2,0,0.0,141,202,69.8,24,58,41.38,0,15,14,29,3,7,42.86,1,0,0.0,376,81,0,39,3,35,64.81,27,21,56.25,62,60.78,16,13,81.25,11,68,1,13.0,1,2,3,9,16,5,0,0,0,0,3,18,0,0,17,1,0,0,0,0,0,0,0
345843,Caio Secco,Moreirense,caio secco,6.78,11,11,990,0,,0,0.03,1,0,0,0,0.0,203,297,68.35,39,132,29.55,1,13,10,14,0,0,0.0,0,0,0.0,402,98,0,92,0,4,80.0,2,0,100.0,6,85.71,1,1,100.0,0,5,0,0.0,0,0,0,1,3,3,0,28,0,4,4,12,10,17,12,0,2,7,5,11,0,5,0
1115751,Luís Semedo,Moreirense,luis semedo,6.62,21,8,989,3,2.57,0,0.26,1,2,21,6,14.29,143,191,74.87,3,6,50.0,8,46,2,5,8,15,53.33,1,0,0.0,333,101,8,23,16,33,44.59,29,41,41.43,62,43.06,4,4,100.0,2,10,4,2.0,0,2,5,14,21,0,0,0,0,0,0,15,0,0,13,2,0,0,0,0,0,0,0
2155276,José Tavares,Santa Clara,jose tavares,6.71,25,8,972,0,0.42,1,0.26,0,0,12,4,0.0,319,390,81.79,17,32,53.13,8,80,6,11,11,22,50.0,4,1,25.0,608,118,2,55,8,74,53.62,26,22,54.17,100,53.76,32,22,68.75,10,24,5,1.0,0,0,14,34,31,8,0,0,0,0,1,13,0,0,11,2,0,0,0,0,0,0,0
1131015,Iyad Mohamed,Casa Pia,iyad mohamed,6.63,22,9,970,1,0.13,0,0.91,1,0,3,1,33.33,261,346,75.43,17,39,43.59,8,64,25,46,8,13,61.54,22,7,31.82,532,128,1,50,6,37,41.11,14,16,46.67,51,42.5,25,14,56.0,18,34,0,3.0,0,0,8,34,4,5,0,0,0,0,0,20,0,0,17,3,0,0,0,0,0,0,0
1155358,Dailon Rocha Livramento,Casa Pia,dailon rocha livramento,6.48,24,10,962,0,1.89,1,0.94,2,3,22,7,0.0,86,140,61.43,2,4,50.0,10,37,3,6,10,18,55.56,12,2,16.67,295,118,6,29,14,23,37.1,36,47,43.37,59,40.69,5,2,40.0,2,10,4,0.0,0,0,3,17,8,2,0,0,0,0,0,19,0,0,16,3,0,0,0,0,0,0,0
1485309,Gabriel Moscardo,Braga,gabriel moscardo,6.61,23,8,960,0,0.58,0,0.6,1,0,10,2,0.0,528,599,88.15,16,33,48.48,4,98,7,21,3,8,37.5,1,0,0.0,752,105,2,46,10,37,50.68,29,15,65.91,66,56.41,25,15,60.0,4,30,4,1.0,0,1,8,15,9,4,0,0,0,0,2,12,0,0,10,2,0,0,0,0,0,0,0
156318,Marcelo,Moreirense,marcelo,6.8,12,11,959,1,1.5,0,0.04,0,2,7,2,14.29,479,569,84.18,27,81,33.33,0,16,17,38,0,0,0.0,0,0,0.0,752,94,0,22,0,26,54.17,31,15,67.39,57,60.64,11,6,54.55,14,102,3,13.0,1,2,7,16,15,5,0,0,0,0,3,14,0,0,14,0,0,0,0,0,0,0,0
1101174,Pablo Felipe,Gil Vicente FC,pablo felipe,7.33,13,12,955,10,5.64,1,0.72,1,1,23,13,43.48,114,162,70.37,2,2,100.0,14,50,8,9,11,15,73.33,0,0,0.0,335,92,7,23,14,53,50.48,33,43,43.42,86,47.51,13,7,53.85,4,12,6,1.0,0,0,10,24,31,4,0,0,0,0,1,7,0,0,7,0,0,0,0,0,0,0,0
1063255,Alioune Ndoye,Vit. Guimarães,alioune ndoye,6.6,24,7,953,2,4.11,1,0.86,1,9,39,10,5.13,93,145,64.14,0,0,0.0,7,33,0,2,8,18,44.44,3,2,66.67,311,113,11,18,11,26,39.39,51,37,57.95,77,50.0,8,5,62.5,2,8,11,1.0,0,1,3,20,10,2,0,0,0,0,0,17,0,0,16,1,0,0,0,0,0,0,0
2058164,Robinho,Estrela,robinho,6.69,23,9,951,0,0.3,1,0.75,2,0,6,0,0.0,359,427,84.07,24,41,58.54,15,76,18,30,8,15,53.33,5,2,40.0,607,116,3,49,7,43,48.86,9,17,34.62,52,45.61,19,14,73.68,21,12,2,6.0,0,1,12,19,16,5,0,0,0,0,1,13,0,0,12,1,0,0,0,0,0,0,0
786269,Witi,Nacional,witi,6.62,26,10,948,1,1.85,1,2.1,2,5,18,5,5.56,143,220,65.0,9,25,36.0,16,60,11,29,8,25,32.0,31,9,29.03,424,157,9,49,12,32,37.65,6,13,31.58,38,36.54,13,9,69.23,5,11,2,2.0,0,0,12,12,12,4,0,0,0,0,0,21,0,0,19,2,0,0,0,0,0,0,0
868235,Sikou Niakaté,Braga,sikou niakate,6.99,11,11,938,0,1.62,0,0.46,2,2,11,1,0.0,659,731,90.15,17,63,26.98,5,71,14,33,6,6,100.0,3,1,33.33,864,78,1,35,1,20,60.61,36,16,69.23,56,65.88,10,6,60.0,7,60,2,5.0,0,0,3,10,4,2,0,0,0,0,3,6,0,0,5,1,0,0,0,0,0,0,0
252577,Rafa Silva,Benfica,rafa silva,6.96,16,11,936,5,4.24,0,1.63,1,6,25,13,20.0,222,291,76.29,3,5,60.0,10,116,6,13,15,23,65.22,4,1,25.0,455,124,5,30,14,53,57.61,5,7,41.67,58,55.77,13,11,84.62,1,0,3,0.0,0,0,13,4,25,0,0,0,0,0,0,9,0,0,8,1,0,0,0,0,0,0,0
1900362,Guilherme Neiva,AVS Futebol,guilherme neiva,6.66,24,9,930,2,2.08,3,1.2,3,3,20,8,10.0,129,184,70.11,12,26,46.15,9,38,6,18,11,34,32.35,32,5,15.63,450,165,3,42,12,57,44.19,14,18,43.75,71,44.1,27,14,51.85,12,18,5,0.0,0,0,16,22,20,2,0,0,0,0,0,17,0,0,12,5,0,0,0,0,0,0,0
584116,Ponck,AVS Futebol,ponck,6.39,16,9,928,0,0.29,0,0.42,0,0,4,0,0.0,241,303,79.54,10,41,24.39,2,11,8,25,3,5,60.0,0,0,0.0,447,75,0,44,1,16,39.02,19,13,59.38,35,47.95,12,8,66.67,10,69,3,9.0,1,2,9,15,2,3,0,0,0,0,1,26,0,0,22,4,0,0,0,0,0,0,0
1510444,Dylan Nandín,Arouca,dylan nandin,6.49,21,10,921,1,2.48,2,0.94,4,4,18,7,5.56,106,146,72.6,0,1,0.0,12,33,0,4,6,20,30.0,4,0,0.0,326,111,2,18,15,42,44.21,26,48,35.14,68,40.24,15,13,86.67,1,11,3,2.0,0,0,3,23,22,2,1,0,0,0,0,19,0,0,17,2,0,0,0,0,0,0,0
937265,Wendel,Santa Clara,wendel,6.42,13,11,917,1,2.16,2,0.51,2,3,12,6,8.33,116,163,71.17,1,5,20.0,8,31,0,3,1,9,11.11,2,1,50.0,273,102,3,15,13,13,31.71,17,20,45.95,30,38.46,2,1,50.0,1,9,3,0.0,0,0,1,7,10,2,0,0,0,0,0,14,0,0,13,1,0,0,0,0,0,0,0
1405454,Cédric Nuozzi,Alverca,cedric nuozzi,6.62,25,10,912,1,1.58,0,0.58,1,3,15,6,6.67,164,206,79.61,6,13,46.15,9,71,7,14,14,41,34.15,29,4,13.79,415,145,2,33,17,43,43.43,7,12,36.84,50,42.37,11,8,72.73,2,6,4,2.0,0,0,7,5,19,0,0,0,0,0,0,20,0,0,16,4,0,0,0,0,0,0,0
1005270,Ennio Van Der Gouw,Rio Ave,ennio van der gouw,6.85,10,10,900,0,,0,0.01,0,0,0,0,0.0,270,366,73.77,57,153,37.25,0,9,17,29,0,0,0.0,0,0,0.0,470,97,0,84,0,1,100.0,5,0,100.0,6,100.0,0,0,0.0,0,12,0,0.0,1,0,0,0,1,1,0,29,0,7,3,11,13,15,8,3,7,8,8,8,0,0,0
2030567,Afonso Assis,Moreirense,afonso assis,6.63,18,10,896,1,1.23,1,0.34,0,2,5,2,20.0,468,538,86.99,20,32,62.5,6,85,19,30,3,8,37.5,0,0,0.0,656,100,3,51,6,31,44.29,19,13,59.38,50,49.02,14,8,57.14,16,11,1,2.0,1,1,10,19,14,4,0,0,0,0,0,19,0,0,18,1,0,0,0,0,0,0,0
987490,Bruno Langa,Estrela,bruno langa,6.87,11,11,895,0,0.02,0,1.38,2,0,1,0,0.0,209,280,74.64,15,44,34.09,8,43,8,24,13,14,92.86,27,9,33.33,498,121,2,32,4,45,77.59,6,5,54.55,51,73.91,15,9,60.0,14,16,0,1.0,0,0,1,7,18,0,0,0,0,0,2,13,0,0,11,2,0,0,0,0,0,0,0
883908,Guilherme Romão,Santa Clara,guilherme romao,6.7,12,10,890,0,0.7,1,0.46,2,1,4,1,0.0,278,355,78.31,13,44,29.55,7,71,15,40,4,7,57.14,40,6,15.0,623,170,4,38,7,28,57.14,16,10,61.54,44,58.67,12,9,75.0,7,37,2,2.0,0,0,7,6,12,0,0,0,0,0,4,11,0,0,11,0,0,0,0,0,0,0,0
1087355,Hevertton Santos,Gil Vicente FC,hevertton santos,6.57,24,8,886,0,0.1,1,0.44,0,0,5,0,0.0,216,292,73.97,10,28,35.71,6,47,10,20,5,17,29.41,20,5,25.0,573,150,3,32,4,38,53.52,12,22,35.29,50,47.62,29,22,75.86,12,39,3,3.0,0,0,7,11,5,2,1,0,0,0,0,16,0,0,15,1,0,0,0,0,0,0,0
1103333,Franjo Ivanović,Benfica,franjo ivanovic,6.72,25,9,885,6,4.6,1,0.69,3,4,31,18,19.35,159,223,71.3,3,8,37.5,9,78,4,7,21,40,52.5,13,2,15.38,462,160,10,33,27,51,41.13,16,29,35.56,67,39.64,8,5,62.5,4,2,4,1.0,0,0,11,19,22,1,0,0,0,0,0,5,0,0,5,0,0,0,0,0,0,0,0
878496,Ricardo Mangas,Sporting CP,ricardo mangas,6.91,15,11,875,2,2.04,1,1.04,4,3,14,5,14.29,304,370,82.16,5,14,35.71,10,100,2,8,4,10,40.0,40,8,20.0,611,126,1,47,7,39,52.7,16,12,57.14,55,53.92,19,18,94.74,11,17,1,4.0,0,0,8,16,16,3,0,0,0,0,2,8,0,0,6,2,0,0,0,0,0,0,0
1403165,Geovany Quenda,Sporting CP,geovany quenda,6.88,20,7,873,2,1.66,5,2.49,3,2,17,7,11.76,318,410,77.56,17,34,50.0,19,143,9,21,16,37,43.24,34,4,11.76,628,184,8,55,15,50,51.55,3,15,16.67,53,46.09,15,9,60.0,6,12,4,0.0,0,1,6,5,19,0,0,0,0,0,2,4,0,0,3,1,0,0,0,0,0,0,0
910033,Cedric Teguia,Moreirense,cedric teguia,6.59,21,9,869,0,0.59,0,0.8,1,2,10,2,0.0,203,264,76.89,12,22,54.55,13,79,7,16,9,17,52.94,30,4,13.33,423,119,4,40,4,33,49.25,12,15,44.44,45,47.87,14,7,50.0,11,19,4,0.0,0,0,12,12,10,2,0,0,0,0,1,12,0,0,11,1,0,0,0,0,0,0,0
1184326,Diego Rodrigues,Braga,diego rodrigues,6.87,20,8,866,1,0.34,2,1.53,2,0,8,3,12.5,442,490,90.2,18,29,62.07,19,116,15,27,7,16,43.75,41,13,31.71,662,107,4,39,9,36,46.75,6,1,85.71,42,50.0,18,10,55.56,9,5,3,2.0,0,1,9,15,11,2,0,0,0,0,3,8,0,0,8,0,0,0,0,0,0,0,0
1579664,Pablo Messias Cardozo,Nacional,pablo messias cardozo,6.63,23,8,866,0,1.01,0,1.47,2,1,17,6,0.0,118,183,64.48,6,15,40.0,19,52,6,13,5,12,41.67,40,9,22.5,413,165,6,25,12,29,41.43,29,30,49.15,58,44.96,13,10,76.92,3,12,7,2.0,0,0,14,10,11,2,1,0,0,0,0,12,0,0,11,1,0,0,0,0,0,0,0
982610,Amadou Dante,Arouca,amadou dante,6.53,17,7,858,0,0.3,0,0.47,1,0,9,2,0.0,276,329,83.89,16,39,41.03,8,57,8,20,6,13,46.15,32,4,12.5,583,114,1,33,5,34,50.0,8,9,47.06,42,49.41,24,19,79.17,6,34,2,8.0,0,1,13,12,4,0,0,0,0,0,1,23,0,0,22,1,0,0,0,0,0,0,0
110950,Ivan Cavaleiro,Tondela,ivan cavaleiro,6.58,13,9,851,2,3.32,0,1.38,5,2,19,4,10.53,182,234,77.78,7,14,50.0,17,95,3,6,9,22,40.91,53,12,22.64,413,140,7,43,9,22,31.88,13,16,44.83,35,35.71,4,3,75.0,4,10,5,0.0,0,0,14,11,9,1,0,0,0,0,1,12,0,0,9,3,0,0,0,0,0,0,0
1083250,Matías Rocha,Arouca,matias rocha,6.78,11,9,843,0,0.1,0,0.36,0,0,3,0,0.0,502,561,89.48,18,47,38.3,4,58,18,36,1,1,100.0,1,0,0.0,668,62,0,30,1,13,46.43,19,13,59.38,32,53.33,9,6,66.67,6,53,0,7.0,0,0,5,11,3,4,1,0,0,0,2,16,0,0,15,1,0,0,0,0,0,0,0
862060,Dani Figueira,Gil Vicente FC,dani figueira,6.89,10,9,840,0,,0,0.04,1,0,0,0,0.0,172,265,64.91,50,142,35.21,1,9,26,40,0,0,0.0,0,0,0.0,347,97,0,61,0,1,100.0,2,0,100.0,3,100.0,0,0,0.0,0,6,0,0.0,0,0,0,0,2,2,0,28,0,6,2,14,15,12,10,4,3,3,3,0,0,3,1
1175854,Oumar Ngom,Estrela,oumar ngom,6.69,11,9,835,0,1.3,1,0.36,1,2,14,1,0.0,353,427,82.67,14,33,42.42,5,39,11,27,6,12,50.0,3,0,0.0,583,104,3,64,7,50,64.94,20,14,58.82,70,63.06,28,17,60.71,14,10,5,3.0,1,1,4,10,16,3,1,0,0,0,1,19,0,0,17,2,0,0,0,0,0,0,0
1002819,Gabriel Veron,Nacional,gabriel veron,6.66,13,11,831,1,1.02,0,0.67,0,2,12,4,8.33,150,196,76.53,3,5,60.0,5,72,3,9,4,14,28.57,9,0,0.0,340,106,10,32,12,33,41.77,7,12,36.84,40,40.82,20,15,75.0,4,8,2,0.0,0,0,12,12,9,2,0,0,0,0,0,9,0,0,8,1,0,0,0,0,0,0,0
892170,Lawrence Ofori,Casa Pia,lawrence ofori,6.63,16,10,827,0,0.32,1,0.69,3,1,7,2,0.0,216,264,81.82,10,27,37.04,10,73,10,19,6,10,60.0,8,1,12.5,386,93,6,42,9,28,50.91,1,6,14.29,29,46.77,12,8,66.67,5,6,3,2.0,0,0,5,10,10,1,0,0,0,0,1,12,0,0,11,1,0,0,0,0,0,0,0
1548929,Oskar Pietuszewski,Porto,oskar pietuszewski,7.04,16,11,819,3,3.33,2,1.18,2,3,23,11,13.04,131,183,71.58,3,8,37.5,10,65,8,11,27,58,46.55,22,6,27.27,434,167,6,32,16,73,51.41,6,8,42.86,79,50.64,18,13,72.22,1,1,5,0.0,0,0,7,15,28,2,0,0,0,0,0,3,0,0,3,0,0,0,0,0,0,0,0
106751,Paulo Oliveira,Braga,paulo oliveira,6.66,17,8,819,0,0.17,0,0.07,0,1,2,0,0.0,600,657,91.32,17,53,32.08,0,23,7,25,0,1,0.0,0,0,0.0,762,61,0,27,0,12,46.15,22,18,55.0,34,51.52,7,5,71.43,16,53,0,5.0,0,0,2,12,5,3,0,0,0,0,1,13,0,0,12,1,0,0,0,0,0,0,0
1175474,Álvaro Martínez,Moreirense,alvaro martinez,6.47,15,9,818,0,,0,0.82,1,0,0,0,0.0,426,498,85.54,18,53,33.96,7,56,16,36,4,10,40.0,40,9,22.5,706,127,2,37,2,26,53.06,3,8,27.27,29,48.33,12,7,58.33,6,29,0,0.0,0,1,2,15,10,1,1,0,0,0,2,11,0,0,10,1,0,0,0,0,0,0,0
989449,Kevin Höög Jansson,Estrela,kevin hoog jansson,6.63,13,10,814,0,0.48,0,0.22,0,1,6,0,0.0,279,341,81.82,19,49,38.78,3,40,15,35,4,5,80.0,3,0,0.0,472,81,2,28,3,26,49.06,26,12,68.42,52,57.14,18,11,61.11,14,35,2,7.0,0,0,8,15,5,3,0,0,0,0,1,17,0,0,15,2,0,0,0,0,0,0,0
1018555,Matheus Mendes,Alverca,matheus mendes,7.02,9,9,810,0,,0,0.0,0,0,0,0,0.0,126,207,60.87,36,114,31.58,0,3,5,8,0,0,0.0,0,0,0.0,319,85,0,81,1,3,75.0,5,0,100.0,8,88.89,0,0,0.0,0,14,0,0.0,0,0,0,0,5,1,0,28,0,11,0,11,16,12,9,2,5,9,9,5,0,0,0
2368703,Eddy Doué,Estrela,eddy doue,6.73,14,9,810,1,0.5,0,0.49,0,0,4,2,25.0,284,341,83.28,23,38,60.53,7,68,14,19,19,26,73.08,3,1,33.33,497,102,4,54,12,47,54.02,6,7,46.15,53,53.0,18,13,72.22,10,20,0,2.0,0,0,6,15,10,4,0,0,0,0,0,14,0,0,12,2,0,0,0,0,0,0,0
973352,João Valido,Arouca,joao valido,6.59,9,9,810,0,,0,0.01,0,0,0,0,0.0,201,296,67.91,39,133,29.32,0,8,12,26,0,0,0.0,0,0,0.0,406,96,0,88,0,4,100.0,4,0,100.0,8,100.0,3,0,0.0,0,9,0,0.0,0,1,0,1,5,0,0,25,0,7,0,24,16,8,23,1,0,12,12,2,1,6,1
902051,Miguel Baeza,Nacional,miguel baeza,6.58,14,11,810,1,0.8,0,0.35,0,2,13,2,7.69,182,231,78.79,10,18,55.56,7,58,5,8,1,4,25.0,16,3,18.75,313,78,3,21,2,11,33.33,6,8,42.86,17,36.17,5,3,60.0,5,6,5,1.0,0,0,4,13,5,1,0,0,0,0,0,9,0,0,8,1,0,0,0,0,0,0,0
946909,Georgios Liavas,Rio Ave,georgios liavas,6.61,24,6,808,0,0.04,1,0.24,1,0,3,1,0.0,340,395,86.08,12,30,40.0,4,46,13,21,5,8,62.5,10,1,10.0,525,82,0,36,5,34,53.97,6,11,35.29,40,50.0,26,12,46.15,8,17,0,5.0,2,1,9,12,3,2,0,0,0,0,0,25,0,0,23,2,0,0,0,0,0,0,0
1014259,Pedro Santos,Arouca,pedro santos,6.81,16,8,797,0,0.03,0,0.51,0,0,2,0,0.0,531,586,90.61,35,65,53.85,8,96,26,50,2,5,40.0,10,2,20.0,693,79,3,55,1,36,52.17,5,6,45.45,41,51.25,18,14,77.78,10,9,0,0.0,0,0,11,18,16,4,0,0,0,0,2,15,0,0,14,1,0,0,0,0,0,0,0
2140143,Miguel Nogueira,Vit. Guimarães,miguel nogueira,6.69,16,11,795,1,1.67,0,0.38,0,2,12,5,8.33,162,213,76.06,2,3,66.67,6,66,4,8,7,16,43.75,10,0,0.0,354,99,7,29,11,37,54.41,11,12,47.83,48,52.75,16,10,62.5,4,9,2,0.0,0,0,6,5,14,0,0,0,0,0,0,12,0,0,12,0,0,0,0,0,0,0,0
1146225,Stefan Leković,Estrela,stefan lekovic,7.03,9,9,784,2,0.99,0,0.19,0,2,8,3,25.0,329,389,84.58,22,55,40.0,3,22,18,32,2,4,50.0,1,0,0.0,512,66,0,26,0,23,63.89,15,8,65.22,38,64.41,16,8,50.0,17,45,2,8.0,0,1,3,8,5,1,1,0,0,0,1,11,0,0,9,2,0,0,0,0,0,0,0
344199,Rúben Semedo,AVS Futebol,ruben semedo,6.04,9,9,782,0,0.11,0,1.02,0,1,3,2,0.0,317,388,81.7,28,70,40.0,5,18,27,53,1,1,100.0,2,1,50.0,487,80,0,32,1,16,45.71,21,22,48.84,37,47.44,8,5,62.5,8,53,1,1.0,1,2,6,13,7,3,1,0,0,0,0,24,0,0,22,2,0,0,0,0,0,0,0
1410209,João Simões,Sporting CP,joao simoes,6.53,18,9,768,0,0.81,1,0.65,2,1,9,2,0.0,356,403,88.34,10,17,58.82,6,88,6,14,10,19,52.63,11,1,9.09,532,95,7,46,14,33,37.5,12,18,40.0,45,38.14,15,8,53.33,3,3,3,1.0,0,0,8,25,9,3,0,0,0,0,1,5,0,0,4,1,0,0,0,0,0,0,0
851030,Filipe Soares,Nacional,filipe soares,6.78,18,6,764,1,0.35,0,1.49,1,0,7,1,14.29,268,322,83.23,23,29,79.31,9,88,21,31,9,22,40.91,30,10,33.33,472,117,1,54,8,34,44.16,9,8,52.94,43,45.74,13,7,53.85,5,9,3,2.0,0,2,8,15,12,3,0,0,0,0,0,12,0,0,10,2,0,0,0,0,0,0,0
1000680,Miguel Puche,Arouca,miguel puche,6.55,27,5,763,1,1.46,1,0.49,0,1,14,7,7.14,184,227,81.06,12,26,46.15,14,57,17,25,9,18,50.0,36,10,27.78,417,120,6,29,9,34,44.16,13,21,38.24,47,42.34,13,7,53.85,3,17,0,1.0,0,0,8,20,12,4,0,0,0,0,1,19,0,0,18,1,0,0,0,0,0,0,0
1164070,Jorge Meireles,Estrela,jorge meireles,6.72,22,7,758,0,0.45,2,0.53,1,0,12,3,0.0,205,262,78.24,19,31,61.29,12,74,14,24,12,22,54.55,29,5,17.24,460,129,3,59,11,53,56.38,5,9,35.71,58,53.7,8,6,75.0,9,6,6,1.0,0,0,6,14,34,1,0,0,0,0,1,16,0,0,15,1,0,0,0,0,0,0,0
878283,Lenny Vallier,Nacional,lenny vallier,6.67,14,8,755,0,0.12,0,0.94,3,0,2,0,0.0,199,240,82.92,9,20,45.0,14,56,11,16,8,12,66.67,27,9,33.33,458,99,2,45,6,31,58.49,7,9,43.75,38,55.07,11,6,54.55,9,17,0,4.0,0,0,5,7,12,5,0,0,0,0,0,13,0,0,11,2,0,0,0,0,0,0,0
1172052,Daniel Júnior,Nacional,daniel junior,6.61,17,8,753,0,0.63,1,0.98,3,0,18,9,0.0,207,245,84.49,6,12,50.0,18,69,6,15,15,31,48.39,16,8,50.0,417,103,2,37,13,48,48.0,2,8,20.0,50,45.45,15,12,80.0,10,1,5,1.0,0,0,9,15,18,3,0,0,0,0,0,10,0,0,10,0,0,0,0,0,0,0,0
1105841,Matheus Araújo,Santa Clara,matheus araujo,6.96,12,7,751,1,0.56,0,0.31,1,0,10,5,10.0,391,468,83.55,31,73,42.47,5,56,13,34,4,6,66.67,4,1,25.0,610,97,1,30,2,19,57.58,18,11,62.07,37,59.68,9,7,77.78,8,45,1,0.0,0,1,4,6,7,2,0,0,0,0,2,7,0,0,6,1,0,0,0,0,0,0,0
823631,Dodi Lukebakio,Benfica,dodi lukebakio,7.04,17,8,745,0,2.7,3,4.15,8,4,34,9,0.0,213,268,79.48,15,26,57.69,23,98,10,19,27,42,64.29,75,18,24.0,507,160,13,37,9,45,56.96,4,3,57.14,49,56.98,7,5,71.43,5,6,12,0.0,0,1,2,9,11,1,0,0,0,0,0,7,0,0,4,3,0,0,0,0,0,0,0
1188685,Yan Maranhão,Moreirense,yan maranhao,6.49,21,6,740,1,3.3,1,0.42,1,10,16,6,6.25,111,150,74.0,4,5,80.0,4,20,1,1,3,9,33.33,3,0,0.0,268,90,6,18,11,28,39.44,26,41,38.81,54,39.13,3,1,33.33,1,5,1,5.0,0,0,7,28,22,5,0,0,0,0,0,14,0,0,12,2,0,0,0,0,0,0,0
1410927,Max Scholze,Estrela,max scholze,6.65,11,8,737,0,0.09,0,0.47,1,0,4,1,0.0,236,267,88.39,4,12,33.33,7,42,2,4,13,18,72.22,14,1,7.14,466,80,2,54,7,52,61.9,5,1,83.33,57,63.33,29,21,72.41,4,11,2,5.0,0,0,12,8,10,2,0,0,0,0,1,15,0,0,12,3,0,0,0,0,0,0,0
2037671,Alex Sola,Estrela,alex sola,6.56,16,10,728,0,0.17,0,0.05,0,1,2,0,0.0,210,249,84.34,3,8,37.5,1,19,2,8,2,8,25.0,0,0,0.0,375,70,2,33,11,28,48.28,8,9,47.06,36,48.0,10,7,70.0,23,11,1,3.0,0,0,3,14,16,2,0,0,0,0,0,16,0,0,15,1,0,0,0,0,0,0,0
888592,Nico Mantl,Arouca,nico mantl,6.78,8,8,720,0,,0,0.01,0,0,0,0,0.0,158,228,69.3,48,116,41.38,0,8,7,11,0,0,0.0,0,0,0.0,300,71,0,71,0,1,50.0,0,0,0.0,1,50.0,0,0,0.0,0,8,0,0.0,0,0,1,1,1,0,0,26,0,3,2,18,11,14,17,1,3,6,5,5,0,1,0
1016898,Matheus Pereira,Santa Clara,matheus pereira,6.71,10,8,720,0,0.76,1,0.48,2,2,8,2,0.0,169,239,70.71,4,28,14.29,8,53,6,11,7,19,36.84,35,6,17.14,445,147,4,31,11,40,48.78,15,5,75.0,55,53.92,18,13,72.22,10,16,4,0.0,0,0,3,19,16,3,0,0,0,0,2,11,0,0,10,1,0,0,0,0,0,0,0
981586,Lucão,Gil Vicente FC,lucao,6.55,8,8,720,0,,0,0.02,0,0,0,0,0.0,156,213,73.24,32,86,37.21,0,11,13,26,0,0,0.0,0,0,0.0,283,58,0,58,0,1,100.0,3,0,100.0,4,100.0,0,0,0.0,1,4,0,0.0,0,0,0,0,2,0,0,15,0,2,1,12,11,4,10,2,3,3,3,7,0,0,0
1166097,Matija Mitrović,Vit. Guimarães,matija mitrovic,6.82,18,6,719,2,0.68,0,0.87,1,0,16,4,12.5,304,371,81.94,18,46,39.13,14,79,18,34,1,4,25.0,20,3,15.0,491,99,2,46,3,26,52.0,5,3,62.5,31,53.45,8,5,62.5,10,11,6,0.0,0,0,11,7,17,2,0,0,0,0,0,14,0,0,13,1,0,0,0,0,0,0,0
1014048,Amine El Ouazzani,Braga,amine el ouazzani,6.44,13,8,717,2,3.36,0,0.36,0,3,16,6,12.5,96,119,80.67,3,3,100.0,8,41,2,2,3,6,50.0,2,0,0.0,196,53,7,19,11,15,37.5,12,21,36.36,27,36.99,2,1,50.0,3,3,3,0.0,0,0,3,9,10,1,0,0,0,0,4,3,0,0,3,0,0,0,0,0,0,0,0
1120040,Pedro Santos,Famalicão,pedro santos,6.73,22,6,716,2,1.33,3,1.63,1,2,10,2,20.0,145,178,81.46,1,9,11.11,10,57,4,8,8,16,50.0,31,6,19.35,328,87,2,23,7,43,55.13,4,17,19.05,47,47.47,22,13,59.09,3,4,5,0.0,0,0,7,14,14,2,0,0,0,0,1,8,0,0,7,1,0,0,0,0,0,0,0
1190517,Oluwakorede Osundina,Casa Pia,oluwakorede osundina,6.61,18,7,712,2,1.63,0,0.9,2,2,7,2,28.57,76,102,74.51,5,8,62.5,5,26,2,4,8,22,36.36,8,2,25.0,241,85,5,26,14,27,38.03,7,13,35.0,34,37.36,12,5,41.67,3,8,2,0.0,0,0,5,11,7,1,0,0,0,0,0,13,0,0,12,1,0,0,0,0,0,0,0
1083277,Martin Fernández,Gil Vicente FC,martin fernandez,6.47,26,6,712,1,0.6,1,0.78,3,0,11,1,9.09,117,158,74.05,1,5,20.0,12,52,1,5,4,12,33.33,17,3,17.65,293,92,6,24,10,33,45.21,7,20,25.93,40,40.0,6,3,50.0,5,9,2,1.0,0,0,6,17,23,2,1,0,0,0,0,10,0,0,8,2,0,0,0,0,0,0,0
892483,Omar Richards,Rio Ave,omar richards,6.66,14,8,702,0,0.03,0,0.34,0,0,2,1,0.0,213,263,80.99,7,31,22.58,4,49,10,21,3,7,42.86,13,2,15.38,431,80,0,32,2,25,64.1,10,8,55.56,35,61.4,11,8,72.73,13,22,0,2.0,0,0,1,7,11,2,0,0,0,0,0,11,0,0,7,4,0,0,0,0,0,0,0
981217,Gustavo Assunção,AVS Futebol,gustavo assuncao,6.64,10,7,689,0,0.08,0,0.4,1,0,4,1,0.0,257,309,83.17,21,38,55.26,2,51,19,30,6,12,50.0,5,1,20.0,416,73,1,29,3,29,46.77,4,7,36.36,33,45.21,17,8,47.06,9,14,2,3.0,0,0,12,12,6,4,0,0,0,0,0,20,0,0,17,3,0,0,0,0,0,0,0
989385,Welinton Torrao,Santa Clara,welinton torrao,6.63,18,7,684,0,1.22,2,1.21,3,2,7,1,0.0,122,166,73.49,3,8,37.5,15,46,3,5,8,16,50.0,26,4,15.38,312,114,6,27,8,27,51.92,10,17,37.04,37,46.84,14,12,85.71,3,12,2,1.0,0,1,1,8,5,1,0,0,0,0,0,8,0,0,7,1,0,0,0,0,0,0,0
1067284,Tiago Morais,Casa Pia,tiago morais,6.61,19,7,681,0,0.72,0,0.63,2,1,13,4,0.0,118,177,66.67,12,21,57.14,5,46,16,28,6,14,42.86,15,1,6.67,295,106,5,33,7,28,44.44,2,10,16.67,30,40.0,10,7,70.0,3,1,6,1.0,0,0,8,12,12,2,0,0,0,0,0,10,0,0,10,0,0,0,0,0,0,0,0
1094384,Tamblé Monteiro,Rio Ave,tamble monteiro,6.58,13,7,676,0,2.01,1,0.35,3,4,18,7,0.0,103,147,70.07,3,3,100.0,5,45,2,3,7,13,53.85,6,0,0.0,293,107,5,25,8,30,53.57,24,26,48.0,54,50.94,4,2,50.0,1,11,4,2.0,0,0,2,10,20,2,0,0,0,0,1,8,0,0,4,4,0,0,0,0,0,0,0
1476213,Julián Jose Martinez,Alverca,julian jose martinez,6.61,11,6,671,0,0.23,0,0.05,0,0,2,0,0.0,264,298,88.59,10,21,47.62,0,23,12,25,0,0,0.0,1,0,0.0,394,42,0,23,2,26,66.67,6,7,46.15,32,61.54,13,8,61.54,4,26,0,6.0,0,2,3,9,13,1,0,0,0,0,1,14,0,0,14,0,0,0,0,0,0,0,0
1001848,Nile John,Moreirense,nile john,6.49,14,5,671,0,0.62,1,0.65,2,0,15,6,0.0,159,186,85.48,6,11,54.55,5,40,2,7,2,11,18.18,14,2,14.29,307,66,2,23,5,24,42.11,0,13,0.0,24,34.29,11,6,54.55,7,10,5,0.0,0,0,5,14,11,3,0,0,0,0,1,11,0,0,10,1,0,0,0,0,0,0,0
1173124,João Tomé,Rio Ave,joao tome,6.63,19,6,670,0,0.15,0,0.5,2,1,5,2,0.0,207,265,78.11,15,34,44.12,4,42,13,25,8,16,50.0,25,3,12.0,503,119,2,26,4,26,42.62,21,16,56.76,47,47.96,12,9,75.0,10,40,1,3.0,0,2,11,12,7,2,0,0,0,0,0,16,0,0,14,2,0,0,0,0,0,0,0
54672,David Simão,Arouca,david simao,6.77,12,8,667,0,0.1,0,0.98,1,0,3,1,0.0,362,425,85.18,35,61,57.38,7,75,37,57,4,6,66.67,31,8,25.81,546,104,2,31,7,29,47.54,8,9,47.06,37,47.44,14,11,78.57,11,8,0,5.0,0,1,9,15,12,4,0,0,0,0,0,20,0,0,20,0,0,0,0,0,0,0,0
858705,Xeka,Estoril,xeka,6.6,12,8,662,1,0.25,0,0.33,0,0,6,1,16.67,292,350,83.43,7,16,43.75,1,40,7,17,5,9,55.56,8,1,12.5,468,91,6,39,7,27,43.55,16,12,57.14,43,47.78,13,11,84.62,7,13,2,2.0,0,1,9,15,9,1,0,0,0,0,0,13,0,0,12,1,0,0,0,0,0,0,0
1606013,Yassir Zabiri,Famalicão,yassir zabiri,6.88,12,7,661,4,3.8,0,0.53,3,4,25,15,16.0,71,97,73.2,9,11,81.82,9,35,5,9,4,5,80.0,1,0,0.0,213,64,4,14,6,20,47.62,7,18,28.0,27,40.3,10,6,60.0,3,6,2,2.0,0,0,1,16,7,2,0,0,0,0,1,9,0,0,9,0,0,0,0,0,0,0,0
77725,Pizzi,Estoril,pizzi,6.63,23,5,656,0,0.04,5,1.35,1,0,1,0,0.0,390,449,86.86,15,23,65.22,13,102,16,30,2,8,25.0,23,7,30.43,523,88,0,24,1,10,30.3,4,7,36.36,14,31.82,3,3,100.0,2,3,0,2.0,0,0,10,7,6,0,0,0,0,0,0,16,0,0,14,2,0,0,0,0,0,0,0
823128,Rafael Barbosa,AVS Futebol,rafael barbosa,6.55,13,7,649,1,1.77,2,1.83,3,2,14,3,7.14,184,231,79.65,14,23,60.87,14,69,9,20,5,10,50.0,45,17,37.78,358,96,2,23,8,21,42.86,1,6,14.29,22,39.29,10,7,70.0,5,4,2,1.0,0,0,3,12,6,3,0,0,0,0,0,16,0,0,14,2,0,0,0,0,0,0,0
1001313,Nodar Lominadze,Estoril,nodar lominadze,6.75,16,8,645,2,0.79,0,0.51,1,0,8,2,25.0,177,249,71.08,5,16,31.25,6,35,4,8,8,18,44.44,5,1,20.0,413,116,5,36,7,37,50.68,25,22,53.19,62,51.67,21,12,57.14,18,13,1,1.0,0,0,11,10,9,4,0,0,0,0,0,12,0,0,9,3,0,0,0,0,0,0,0
1091103,Pedro Rosas,Casa Pia,pedro rosas,6.67,9,7,641,0,0.49,0,0.32,0,3,8,1,0.0,77,117,65.81,6,18,33.33,0,32,5,15,4,10,40.0,13,4,30.77,311,104,3,20,1,14,34.15,10,1,90.91,24,46.15,5,4,80.0,11,28,3,0.0,0,0,4,19,5,3,0,0,0,0,2,8,0,0,7,1,0,0,0,0,0,0,0
1016893,Luís Guilherme,Sporting CP,luis guilherme,6.88,13,7,634,1,1.81,0,1.85,1,1,13,3,7.69,244,278,87.77,6,10,60.0,15,117,6,11,13,23,56.52,37,14,37.84,421,96,5,22,9,33,53.23,2,0,100.0,35,54.69,7,4,57.14,3,2,5,0.0,1,1,7,4,13,0,0,0,0,0,0,6,0,0,6,0,0,0,0,0,0,0,0
584158,João Afonso,Tondela,joao afonso,6.76,13,6,624,0,0.11,0,0.09,0,0,2,0,0.0,221,262,84.35,22,42,52.38,0,9,8,21,1,1,100.0,0,0,0.0,375,47,0,17,0,17,62.96,25,15,62.5,42,62.69,13,8,61.54,20,49,1,8.0,0,0,6,5,4,3,0,0,0,0,0,15,0,0,14,1,0,0,0,0,0,0,0
2033832,Davy Gui,Alverca,davy gui,6.71,28,2,619,1,1.26,1,0.66,2,1,16,3,6.25,239,278,85.97,11,19,57.89,5,55,9,10,7,10,70.0,12,0,0.0,424,82,2,30,5,44,55.7,5,8,38.46,49,53.26,25,17,68.0,8,9,5,2.0,0,1,9,19,12,3,0,0,0,0,0,11,0,0,8,3,0,0,0,0,0,0,0
845811,Bernardo Martins,Moreirense,bernardo martins,6.68,14,6,619,1,0.52,1,0.61,1,0,16,8,6.25,186,247,75.3,11,20,55.0,5,58,9,18,7,17,41.18,15,2,13.33,403,115,6,45,8,42,46.15,6,9,40.0,48,45.28,17,12,70.59,3,8,2,0.0,0,0,16,17,18,1,0,0,0,0,1,12,0,0,12,0,0,0,0,0,0,0,0
886402,Giorgi Kochorashvili,Sporting CP,giorgi kochorashvili,6.83,18,5,613,0,0.76,1,0.7,0,1,10,2,0.0,457,500,91.4,25,36,69.44,4,140,27,37,1,5,20.0,16,0,0.0,618,72,3,32,4,33,57.89,4,4,50.0,37,56.92,16,10,62.5,12,8,5,1.0,0,0,6,10,17,0,0,0,0,0,1,8,0,0,7,1,0,0,0,0,0,0,0
1087321,João Marques,Casa Pia,joao marques,6.88,13,6,609,1,0.2,1,1.02,2,0,3,1,33.33,119,179,66.48,3,11,27.27,7,51,4,13,8,14,57.14,10,1,10.0,298,100,1,31,7,41,58.57,17,13,56.67,58,58.0,13,6,46.15,4,3,0,2.0,0,0,4,15,20,2,0,0,0,0,1,6,0,0,6,0,0,0,0,0,0,0,0
343909,Hélder Tavares,Tondela,helder tavares,6.64,20,6,597,0,0.04,0,0.19,0,0,1,0,0.0,154,193,79.79,12,27,44.44,2,45,5,15,0,1,0.0,3,2,66.67,302,53,2,32,4,25,54.35,12,11,52.17,37,53.62,16,10,62.5,8,27,1,2.0,0,0,3,14,10,1,1,0,0,0,0,13,0,0,12,1,0,0,0,0,0,0,0
1463265,Antoine Joujou,Famalicão,antoine joujou,6.72,23,4,594,3,1.96,1,1.04,1,4,18,9,16.67,144,184,78.26,6,8,75.0,8,42,5,10,8,32,25.0,22,3,13.64,337,110,8,35,8,29,38.67,9,8,52.94,38,41.3,15,10,66.67,6,3,4,0.0,0,0,8,6,6,0,0,0,0,0,0,6,0,0,6,0,0,0,0,0,0,0,0
997025,Arnau Solà,Arouca,arnau sola,6.53,10,7,589,0,0.2,1,0.62,1,0,5,0,0.0,183,235,77.87,13,37,35.14,7,46,6,20,2,5,40.0,27,3,11.11,418,108,2,25,1,17,68.0,7,7,50.0,24,61.54,7,4,57.14,5,21,3,7.0,0,1,1,3,9,1,0,0,0,0,0,14,0,0,14,0,0,0,0,0,0,0,0
1211830,Sidi Bane,AVS Futebol,sidi bane,6.46,9,6,587,1,0.57,0,0.07,0,1,6,2,16.67,192,231,83.12,15,26,57.69,2,23,8,14,3,4,75.0,4,1,25.0,329,58,0,17,2,17,56.67,11,6,64.71,28,59.57,6,2,33.33,2,21,1,3.0,0,0,1,13,8,1,0,0,0,0,0,16,0,0,15,1,0,0,0,0,0,0,0
1459634,Luis Fernando,Santa Clara,luis fernando,6.67,11,7,583,1,0.54,2,0.22,2,0,10,3,10.0,96,119,80.67,3,4,75.0,5,33,3,7,10,22,45.45,5,1,20.0,229,70,6,24,10,30,47.62,4,16,20.0,34,40.96,8,6,75.0,1,0,2,0.0,0,0,4,8,12,0,0,0,0,0,0,6,0,0,6,0,0,0,0,0,0,0,0
1002443,Gustavo García,Famalicão,gustavo garcia,6.84,12,5,582,0,0.02,0,0.34,0,0,2,1,0.0,225,270,83.33,23,35,65.71,4,69,28,45,1,3,33.33,24,6,25.0,441,93,2,21,5,31,62.0,8,3,72.73,39,63.93,21,8,38.1,12,18,0,0.0,0,1,5,7,9,2,0,0,0,0,2,8,0,0,8,0,0,0,0,0,0,0,0
1397915,Moudjatovic,Tondela,moudjatovic,6.57,16,7,577,0,0.44,0,0.69,2,1,6,0,0.0,111,140,79.29,3,9,33.33,9,45,2,5,7,19,36.84,20,4,20.0,271,86,7,25,13,31,42.47,5,8,38.46,36,41.86,3,0,0.0,3,3,2,0.0,0,1,5,13,21,1,0,0,0,0,0,10,0,0,9,1,0,0,0,0,0,0,0
33541,Thiago Silva,Porto,thiago silva,7.01,8,6,576,0,0.16,0,0.29,1,0,3,2,0.0,479,516,92.83,12,26,46.15,2,48,15,29,1,1,100.0,1,1,100.0,578,39,2,27,0,8,72.73,17,4,80.95,25,78.13,4,1,25.0,6,27,0,2.0,0,0,1,2,4,0,0,0,0,0,3,7,0,0,6,1,0,0,0,0,0,0,0
1018546,Tiago Galletto,AVS Futebol,tiago galletto,6.67,16,3,573,0,0.06,0,0.04,0,0,2,0,0.0,113,144,78.47,11,22,50.0,2,10,6,12,0,0,0.0,1,0,0.0,238,46,0,17,7,34,65.38,12,15,44.44,46,58.23,22,14,63.64,4,18,0,1.0,0,0,4,9,14,3,0,0,0,0,0,10,0,0,8,2,0,0,0,0,0,0,0
1394244,Francisco Gonçalves,Nacional,francisco goncalves,6.66,10,6,570,0,0.01,0,0.04,0,0,1,0,0.0,273,303,90.1,19,27,70.37,1,19,11,14,0,0,0.0,1,0,0.0,397,37,1,11,0,14,50.0,12,9,57.14,26,53.06,8,4,50.0,5,41,0,4.0,0,0,5,9,6,2,0,0,0,0,1,10,0,0,8,2,0,0,0,0,0,0,0
1087354,Gonçalo Costa,Estoril,goncalo costa,6.45,16,6,570,0,0.68,1,0.89,2,1,9,3,0.0,146,209,69.86,3,14,21.43,7,45,4,14,6,13,46.15,37,8,21.62,411,127,4,26,5,20,45.45,8,12,40.0,28,43.75,13,4,30.77,7,15,3,1.0,1,1,5,7,1,2,0,0,0,0,0,12,0,0,9,3,0,0,0,0,0,0,0
1529932,Fahem Benaissa-Yahia,Casa Pia,fahem benaissa-yahia,6.58,10,6,565,0,0.18,0,0.63,2,0,2,0,0.0,115,152,75.66,1,7,14.29,6,28,3,7,5,10,50.0,23,7,30.43,308,82,4,40,4,28,57.14,11,4,73.33,39,60.94,20,13,65.0,4,21,0,0.0,0,0,1,11,3,2,0,0,0,0,1,12,0,0,11,1,0,0,0,0,0,0,0
1393731,Omar Fayed,Arouca,omar fayed,6.73,8,6,558,0,0.04,0,0.08,0,0,1,0,0.0,318,364,87.36,20,46,43.48,0,26,14,29,7,9,77.78,1,0,0.0,458,51,0,30,1,32,64.0,8,6,57.14,40,62.5,20,12,60.0,11,27,1,6.0,0,0,1,14,5,4,0,0,0,0,1,17,0,0,17,0,0,0,0,0,0,0,0
832672,Lucas França,Nacional,lucas franca,6.8,6,6,540,0,,0,0.01,0,0,0,0,0.0,71,149,47.65,42,120,35.0,0,7,3,6,0,0,0.0,0,0,0.0,200,80,0,55,0,1,50.0,2,1,66.67,3,60.0,0,0,0.0,0,10,0,0.0,1,0,1,0,1,1,0,18,0,3,1,10,6,12,8,2,1,6,6,3,1,1,0
987596,João Gonçalves,AVS Futebol,joao goncalves,6.68,6,6,540,0,,0,0.01,0,0,0,0,0.0,115,170,67.65,33,88,37.5,0,6,11,13,0,0,0.0,0,0,0.0,227,58,0,37,0,0,0.0,0,0,0.0,0,0.0,0,0,0.0,0,10,0,0.0,0,0,1,0,0,0,0,23,1,6,0,17,14,8,15,2,4,1,1,1,0,4,0
861979,Daniel Bragança,Sporting CP,daniel braganca,7.27,14,5,538,6,2.27,0,0.81,1,1,14,9,42.86,346,374,92.51,16,21,76.19,8,107,17,26,4,6,66.67,3,1,33.33,457,41,4,27,4,26,60.47,5,5,50.0,31,58.49,12,6,50.0,9,5,3,1.0,0,1,3,9,10,1,0,0,0,0,0,5,0,0,5,0,0,0,0,0,0,0,0
950339,Benjamin Mbunga-Kimpioka,Tondela,benjamin mbunga-kimpioka,6.39,10,5,525,0,0.47,0,0.44,1,1,7,2,0.0,72,93,77.42,2,4,50.0,2,33,3,5,8,17,47.06,1,0,0.0,201,66,3,9,10,26,42.62,8,23,25.81,34,36.96,6,6,100.0,3,4,3,1.0,0,1,2,20,12,3,0,0,0,0,2,6,0,0,5,1,0,0,0,0,0,0,0
1006996,Guilherme Montóia,Estrela,guilherme montoia,6.44,11,4,524,0,0.08,0,0.22,1,0,2,1,0.0,166,223,74.44,7,16,43.75,3,42,11,21,3,12,25.0,18,3,16.67,376,105,0,37,8,27,42.86,5,8,38.46,32,42.11,17,13,76.47,6,9,1,0.0,0,0,6,13,7,2,0,0,0,0,1,13,0,0,13,0,0,0,0,0,0,0,0
1445615,Tidjany Touré,Gil Vicente FC,tidjany toure,6.6,11,6,521,0,1.06,0,0.18,0,3,18,6,0.0,112,135,82.96,0,1,0.0,5,46,2,3,14,24,58.33,11,0,0.0,273,65,3,14,6,38,60.32,4,12,25.0,42,53.16,9,5,55.56,0,5,6,0.0,0,0,2,7,15,0,0,0,0,0,0,8,0,0,6,2,0,0,0,0,0,0,0
1506777,Steven Baseya,Alverca,steven baseya,6.82,12,5,520,0,0.26,0,0.04,0,1,3,0,0.0,279,314,88.85,24,42,57.14,0,20,10,15,3,3,100.0,2,0,0.0,379,41,0,16,0,12,75.0,10,5,66.67,22,70.97,4,4,100.0,2,28,1,4.0,0,0,1,3,5,1,0,0,0,0,0,7,0,0,6,1,0,0,0,0,0,0,0
138890,Gonçalo Paciência,Santa Clara,goncalo paciencia,6.73,12,6,507,3,1.71,0,0.11,0,2,17,6,17.65,74,102,72.55,6,16,37.5,2,26,7,12,7,11,63.64,5,1,20.0,210,77,2,14,19,22,41.51,9,13,40.91,31,41.33,6,3,50.0,0,3,4,2.0,0,0,1,7,9,3,0,0,0,0,0,8,0,0,8,0,0,0,0,0,0,0,0
1130513,Fabiano Souza,Moreirense,fabiano souza,6.5,7,6,502,0,0.08,0,0.12,1,0,2,0,0.0,164,206,79.61,11,32,34.38,2,33,10,20,2,5,40.0,9,4,44.44,333,69,0,29,5,19,46.34,7,5,58.33,26,49.06,9,6,66.67,6,23,2,0.0,0,1,5,9,8,3,0,0,0,0,1,9,0,0,9,0,0,0,0,0,0,0,0
963990,Kaique Rocha,Casa Pia,kaique rocha,6.47,6,6,497,1,0.28,0,0.02,0,0,7,1,14.29,199,233,85.41,16,33,48.48,0,14,15,21,1,1,100.0,0,0,0.0,305,39,0,17,0,9,60.0,11,4,73.33,20,66.67,5,3,60.0,7,29,2,5.0,0,1,1,6,3,0,0,0,0,0,0,15,0,0,13,2,0,0,0,0,0,0,0
1403144,Tiago Parente,Estoril,tiago parente,6.64,14,4,488,1,0.71,0,0.42,1,0,4,1,25.0,119,148,80.41,4,13,30.77,2,36,2,6,5,9,55.56,11,0,0.0,286,60,2,16,0,20,45.45,6,9,40.0,26,44.07,11,9,81.82,5,15,1,1.0,0,0,8,13,4,3,0,0,0,0,0,10,0,0,9,1,0,0,0,0,0,0,0
850976,Alexander Bah,Benfica,alexander bah,6.88,9,6,484,2,1.76,0,0.87,4,2,8,3,25.0,183,232,78.88,6,15,40.0,8,58,10,18,3,11,27.27,8,0,0.0,387,94,3,20,5,28,52.83,6,5,54.55,34,53.13,16,6,37.5,7,6,2,1.0,0,0,4,9,9,2,0,0,0,0,1,4,0,0,4,0,0,0,0,0,0,0,0
980407,Kelian Nsona,Casa Pia,kelian nsona,6.56,10,6,484,1,0.29,1,0.21,1,0,5,2,20.0,73,92,79.35,4,4,100.0,2,20,1,2,9,18,50.0,18,2,11.11,201,73,3,16,9,21,43.75,6,8,42.86,27,43.55,8,4,50.0,1,4,0,1.0,0,0,4,6,4,0,0,0,0,0,0,15,0,0,12,3,0,0,0,0,0,0,0
1142613,Demir Ege Tıknaz,Braga,demir ege tiknaz,6.91,10,5,475,0,0.13,1,0.59,1,0,3,2,0.0,307,344,89.24,9,14,64.29,4,69,6,14,5,8,62.5,2,0,0.0,413,47,0,18,2,25,62.5,11,4,73.33,36,65.45,17,10,58.82,4,12,1,2.0,0,0,3,7,3,2,0,0,0,0,2,4,0,0,4,0,0,0,0,0,0,0,0
844409,Orest Lebedenko,Vit. Guimarães,orest lebedenko,6.58,14,3,466,0,0.5,0,0.56,0,1,6,1,0.0,144,183,78.69,6,18,33.33,4,42,6,12,0,6,0.0,13,5,38.46,299,65,1,24,1,10,35.71,9,7,56.25,19,43.18,9,8,88.89,3,14,1,0.0,0,0,2,9,1,1,0,0,0,0,1,5,0,0,4,1,0,0,0,0,0,0,0
903679,Fotis Ioannidis,Sporting CP,fotis ioannidis,6.78,13,3,464,3,1.95,0,0.41,2,4,10,6,30.0,78,91,85.71,1,1,100.0,10,43,0,0,9,15,60.0,2,1,50.0,184,44,1,7,8,28,59.57,9,9,50.0,37,56.92,9,4,44.44,0,5,0,1.0,0,0,1,5,10,0,0,0,0,0,0,2,0,0,1,1,0,0,0,0,0,0,0
1010846,Yassin Oukili,Casa Pia,yassin oukili,6.6,8,6,462,0,0.35,0,0.39,0,0,7,1,0.0,88,104,84.62,1,4,25.0,1,24,7,8,1,2,50.0,0,0,0.0,178,30,1,15,6,20,46.51,8,7,53.33,28,48.28,10,8,80.0,4,11,3,0.0,0,0,3,15,9,2,0,0,0,0,0,6,0,0,4,2,0,0,0,0,0,0,0
1006995,Vasco Sousa,Moreirense,vasco sousa,6.59,9,6,462,1,1.33,0,0.33,0,0,8,3,12.5,170,190,89.47,5,7,71.43,6,39,2,7,3,8,37.5,2,1,50.0,274,46,5,42,3,26,50.98,2,4,33.33,28,49.12,7,4,57.14,7,5,2,3.0,0,1,3,15,16,2,1,0,0,0,0,9,0,0,8,1,0,0,0,0,0,0,0
1807776,Yarlen,Tondela,yarlen,6.49,11,5,460,0,0.81,0,0.37,2,1,7,3,0.0,43,77,55.84,1,5,20.0,5,23,2,4,11,25,44.0,20,1,5.0,194,83,0,16,2,25,49.02,1,3,25.0,26,47.27,7,6,85.71,7,4,2,0.0,0,0,6,4,7,0,0,0,0,0,0,11,0,0,11,0,0,0,0,0,0,0,0
2194737,Umar Abubakar,Famalicão,umar abubakar,6.5,22,3,453,3,3.71,0,0.26,0,4,18,9,16.67,34,61,55.74,1,2,50.0,4,16,2,2,1,6,16.67,4,0,0.0,170,79,3,8,8,8,22.22,19,20,48.72,27,36.0,1,0,0.0,0,16,1,0.0,0,1,2,15,6,1,0,0,0,0,0,5,0,0,5,0,0,0,0,0,0,0,0
959592,Adrian Leon Barišić,Braga,adrian leon barisic,6.9,6,6,452,0,0.1,0,0.19,0,1,1,1,0.0,256,290,88.28,9,25,36.0,1,24,6,18,1,2,50.0,0,0,0.0,339,37,0,12,0,10,55.56,13,4,76.47,23,65.71,8,6,75.0,5,17,0,3.0,0,0,3,4,1,0,0,0,0,0,2,3,0,0,3,0,0,0,0,0,0,0,0
1063375,Vasco Moreira,Alverca,vasco moreira,6.78,16,3,451,0,0.07,0,0.92,1,0,3,1,0.0,158,185,85.41,9,18,50.0,8,54,7,12,5,9,55.56,6,2,33.33,267,46,4,32,1,26,63.41,5,9,35.71,31,56.36,14,7,50.0,6,12,1,0.0,0,0,4,7,7,1,0,0,0,0,0,6,0,0,4,2,0,0,0,0,0,0,0
1196014,Antonis Papakanellos,Rio Ave,antonis papakanellos,6.5,21,2,441,0,0.19,0,0.76,1,0,5,0,0.0,130,170,76.47,3,6,50.0,2,43,1,7,14,32,43.75,10,2,20.0,306,98,2,22,15,32,40.51,2,9,18.18,34,37.78,12,7,58.33,2,6,4,1.0,0,0,5,10,6,1,0,0,0,0,0,11,0,0,9,2,0,0,0,0,0,0,0
1105850,Ryan Guilherme,Rio Ave,ryan guilherme,6.69,12,3,432,0,0.39,0,0.26,0,1,4,1,0.0,192,218,88.07,3,5,60.0,9,56,1,3,10,15,66.67,2,0,0.0,306,48,0,22,5,29,48.33,9,2,81.82,38,53.52,13,8,61.54,7,8,1,2.0,0,1,12,9,6,2,1,0,0,0,0,7,0,0,4,3,0,0,0,0,0,0,0
891792,Duplexe Tchamba,Casa Pia,duplexe tchamba,6.66,5,5,416,1,0.42,0,0.25,0,1,5,1,20.0,177,241,73.44,17,58,29.31,1,19,17,45,2,2,100.0,2,0,0.0,328,70,0,18,2,12,63.16,10,7,58.82,22,61.11,5,4,80.0,11,31,1,9.0,1,2,3,2,5,2,0,0,0,0,1,9,0,0,8,1,0,0,0,0,0,0,0
1478262,Yefrei Rodriguez,Tondela,yefrei rodriguez,6.45,14,1,413,1,0.96,0,0.18,0,4,8,5,12.5,37,43,86.05,1,2,50.0,3,16,1,2,2,9,22.22,5,1,20.0,130,50,4,11,11,17,36.96,6,25,19.35,23,29.87,8,4,50.0,0,2,0,0.0,0,0,2,11,7,1,0,0,0,0,0,10,0,0,8,2,0,0,0,0,0,0,0
1393991,Joel Silva,Nacional,joel silva,6.53,18,4,412,0,0.08,0,0.22,0,0,3,1,0.0,104,126,82.54,3,7,42.86,6,28,4,5,2,5,40.0,7,3,42.86,204,40,4,23,3,20,42.55,6,4,60.0,26,45.61,17,9,52.94,5,8,1,1.0,0,1,11,10,1,1,0,0,0,0,0,9,0,0,7,2,0,0,0,0,0,0,0
949449,Sergio Bermejo,Gil Vicente FC,sergio bermejo,6.51,16,4,408,0,0.5,0,0.21,0,1,9,2,0.0,79,107,73.83,3,7,42.86,2,29,1,2,5,13,38.46,25,5,20.0,205,72,2,18,3,17,37.78,3,4,42.86,20,38.46,3,3,100.0,1,3,3,1.0,0,0,5,14,9,0,0,0,0,0,0,3,0,0,3,0,0,0,0,0,0,0,0
1015291,Patrick de Paula,Estoril,patrick de paula,6.63,9,3,407,1,0.22,0,0.16,0,0,9,2,11.11,148,189,78.31,11,27,40.74,2,25,5,13,3,5,60.0,6,1,16.67,269,61,3,18,3,25,54.35,5,4,55.56,30,54.55,11,6,54.55,4,4,4,2.0,0,0,6,11,11,4,0,0,0,0,0,10,0,0,9,1,0,0,0,0,0,0,0
1130363,Fabio Blanco,Vit. Guimarães,fabio blanco,6.49,15,3,401,0,0.38,0,0.91,1,0,10,3,0.0,82,107,76.64,4,6,66.67,6,52,5,9,12,21,57.14,16,1,6.25,216,73,2,14,5,26,44.07,0,5,0.0,26,40.63,5,5,100.0,0,4,3,0.0,0,0,9,11,9,3,1,0,0,0,0,6,0,0,5,1,0,0,0,0,0,0,0
44685,Nenê,AVS Futebol,nene,6.69,21,1,397,4,4.44,1,0.13,3,3,22,10,18.18,58,91,63.74,5,9,55.56,8,21,8,14,3,4,75.0,2,0,0.0,172,55,2,9,6,12,35.29,18,17,51.43,30,43.48,4,2,50.0,4,0,3,0.0,0,0,4,14,5,2,0,0,0,0,0,8,0,0,7,1,0,0,0,0,0,0,0
1493216,Marcos Peña,Famalicão,marcos pena,6.73,16,3,377,0,0.04,0,0.09,0,0,2,0,0.0,160,181,88.4,12,14,85.71,1,32,8,10,1,2,50.0,2,0,0.0,248,34,0,14,2,25,69.44,9,4,69.23,34,69.39,13,10,76.92,7,9,0,1.0,0,1,3,5,11,3,0,0,0,0,0,6,0,0,6,0,0,0,0,0,0,0,0
1819304,Kevyn Monteiro,Moreirense,kevyn monteiro,6.96,10,3,374,0,0.07,0,0.17,0,0,2,0,0.0,227,253,89.72,11,28,39.29,2,23,3,8,0,0,0.0,0,0,0.0,324,28,1,16,0,12,70.59,17,5,77.27,29,74.36,8,7,87.5,13,27,1,6.0,0,0,1,4,4,0,0,0,0,0,2,4,0,0,4,0,0,0,0,0,0,0,0
913401,Nehuén Pérez,Porto,nehuen perez,7.24,6,4,373,1,0.47,0,0.05,0,0,3,1,33.33,310,328,94.51,11,22,50.0,1,28,8,15,0,1,0.0,0,0,0.0,370,20,0,18,0,6,60.0,11,4,73.33,17,68.0,6,4,66.67,6,15,1,3.0,0,1,0,3,0,0,0,0,0,0,3,1,0,0,1,0,0,0,0,0,0,0,0
1116649,Brian Mansilla,Arouca,brian mansilla,6.49,20,1,371,0,0.2,0,0.32,1,0,6,1,0.0,58,85,68.24,2,9,22.22,6,18,1,5,8,34,23.53,24,7,29.17,224,100,3,19,8,25,33.78,6,8,42.86,31,35.23,11,5,45.45,3,4,1,0.0,0,0,11,4,6,1,0,0,0,0,0,8,0,0,7,1,0,0,0,0,0,0,0
1464186,Kevin Prieto,Casa Pia,kevin prieto,6.68,11,3,369,0,0.05,0,0.14,0,0,1,0,0.0,70,92,76.09,4,15,26.67,1,20,7,11,5,9,55.56,9,2,22.22,207,57,2,25,4,31,53.45,2,4,33.33,33,51.56,14,10,71.43,4,9,0,1.0,0,0,14,5,12,1,0,0,0,0,0,7,0,0,6,1,0,0,0,0,0,0,0
797648,Matheus Reis,Sporting CP,matheus reis,7.06,9,3,365,0,0.18,2,0.29,2,0,3,0,0.0,245,278,88.13,8,18,44.44,5,46,12,25,2,3,66.67,8,2,25.0,352,45,0,19,0,13,68.42,6,14,30.0,19,48.72,9,4,44.44,2,12,1,3.0,0,0,1,5,3,0,1,0,0,0,0,1,0,0,1,0,0,0,0,0,0,0,0
943595,Sydney van Hooijdonk,Estrela,sydney van hooijdonk,6.56,10,3,356,1,1.16,1,0.21,0,1,8,4,12.5,32,49,65.31,1,1,100.0,4,5,1,1,0,3,0.0,3,1,33.33,95,38,1,4,6,4,16.67,14,5,73.68,18,41.86,1,0,0.0,0,2,2,0.0,0,0,2,10,4,2,0,0,0,0,0,6,0,0,5,1,0,0,0,0,0,0,0
352448,Héctor Hernández,Gil Vicente FC,hector hernandez,6.74,9,4,351,2,1.41,1,0.05,1,1,8,5,25.0,58,73,79.45,3,3,100.0,1,17,3,4,3,4,75.0,0,0,0.0,125,33,2,9,3,7,33.33,11,14,44.0,18,39.13,2,2,100.0,3,0,1,0.0,0,0,3,7,2,1,0,0,0,0,0,9,0,0,8,1,0,0,0,0,0,0,0
964173,Guillem Molina,AVS Futebol,guillem molina,6.61,7,3,343,0,,0,0.05,0,0,0,0,0.0,55,84,65.48,5,16,31.25,1,14,1,7,1,2,50.0,9,2,22.22,192,52,0,9,0,12,48.0,3,4,42.86,15,46.88,9,5,55.56,2,20,0,1.0,0,0,4,8,2,0,0,0,0,0,0,5,0,0,5,0,0,0,0,0,0,0,0
1520997,Vando Félix,Vit. Guimarães,vando felix,6.59,8,3,342,0,0.05,0,0.11,0,0,1,0,0.0,89,108,82.41,1,1,100.0,1,44,1,2,2,7,28.57,8,0,0.0,215,61,0,11,5,28,51.85,3,6,33.33,31,49.21,11,6,54.55,1,4,0,0.0,0,0,5,11,15,3,0,0,0,0,0,10,0,0,10,0,0,0,0,0,0,0,0
1034711,Alex Pinto,Arouca,alex pinto,5.91,7,5,341,0,,0,0.07,0,0,0,0,0.0,92,116,79.31,7,14,50.0,1,18,5,8,3,5,60.0,6,1,16.67,207,54,1,13,2,13,56.52,4,6,40.0,17,51.52,5,3,60.0,0,12,0,1.0,0,0,1,5,5,2,1,0,0,0,0,13,0,0,13,0,0,0,0,0,0,0,0
936367,Miguel Sousa,Casa Pia,miguel sousa,6.69,12,3,336,0,,2,1.06,3,0,0,0,0.0,82,114,71.93,4,12,33.33,6,17,7,13,5,8,62.5,7,2,28.57,191,54,1,13,3,30,55.56,1,3,25.0,31,53.45,10,5,50.0,2,5,0,0.0,0,1,6,12,15,3,0,0,0,0,0,7,0,0,7,0,0,0,0,0,0,0,0
1158547,Leandro Antonetti,Estrela,leandro antonetti,6.44,12,3,335,0,0.33,0,0.03,0,1,4,3,0.0,27,39,69.23,1,4,25.0,0,8,0,2,4,8,50.0,3,0,0.0,106,37,3,7,6,14,45.16,5,11,31.25,19,40.43,4,2,50.0,1,8,0,1.0,0,1,2,7,7,0,0,0,0,0,0,6,0,0,6,0,0,0,0,0,0,0,0
1128560,Roger Fernandes,Braga,roger fernandes,7.35,4,4,327,1,0.93,1,0.27,0,0,13,8,7.69,127,155,81.94,10,11,90.91,3,56,6,10,6,12,50.0,9,0,0.0,226,55,5,14,4,13,48.15,4,1,80.0,17,53.13,4,3,75.0,0,2,2,0.0,0,0,1,3,3,1,0,0,0,0,1,4,0,0,4,0,0,0,0,0,0,0,0
1014254,Carlos Eduardo,Gil Vicente FC,carlos eduardo,6.57,15,3,321,2,0.96,0,0.04,0,1,6,3,33.33,17,25,68.0,0,0,0.0,2,6,0,1,1,5,20.0,1,0,0.0,80,29,3,9,6,7,25.93,14,13,51.85,21,38.89,5,2,40.0,2,6,0,0.0,0,0,1,11,4,0,0,0,0,0,0,5,0,0,4,1,0,0,0,0,0,0,0
9668,Ricardo Batista,Casa Pia,ricardo batista,6.88,4,3,316,0,,0,0.0,0,0,0,0,0.0,81,119,68.07,18,56,32.14,0,4,3,7,0,0,0.0,0,0,0.0,152,39,0,32,0,1,100.0,1,0,100.0,2,100.0,0,0,0.0,0,7,0,0.0,0,0,0,0,1,0,0,9,0,4,0,5,7,2,4,1,2,1,1,3,0,1,0
1095652,Diogo Monteiro,Arouca,diogo monteiro,6.63,8,3,315,0,,0,0.19,1,0,0,0,0.0,79,107,73.83,5,10,50.0,2,8,2,5,3,7,42.86,3,1,33.33,190,42,0,8,0,13,54.17,9,3,75.0,22,61.11,8,6,75.0,6,11,0,2.0,0,1,3,4,2,1,0,0,0,0,0,7,0,0,5,2,0,0,0,0,0,0,0
1119693,Tomás Mendes,Alverca,tomas mendes,6.64,5,3,312,0,0.04,1,0.03,1,0,1,0,0.0,68,103,66.02,4,13,30.77,1,10,3,9,0,1,0.0,0,0,0.0,140,40,1,17,0,9,64.29,7,2,77.78,16,69.57,6,3,50.0,2,10,0,1.0,0,1,0,4,3,1,0,0,0,0,0,6,0,0,4,2,0,0,0,0,0,0,0
1411154,Michel Augusto,Moreirense,michel augusto,6.58,4,3,301,0,,0,0.08,0,0,0,0,0.0,210,224,93.75,6,15,40.0,0,9,5,10,0,1,0.0,0,0,0.0,267,19,0,10,2,5,45.45,6,3,66.67,11,55.0,2,1,50.0,4,20,0,3.0,0,0,1,2,3,1,0,0,0,0,0,6,0,0,5,1,0,0,0,0,0,0,0
1015993,Alan Godoy,Estrela,alan godoy,6.5,6,3,300,0,0.81,0,0.09,0,1,8,1,0.0,32,50,64.0,0,2,0.0,1,10,1,2,1,3,33.33,1,0,0.0,100,34,0,10,3,10,38.46,7,12,36.84,17,37.78,4,3,75.0,3,1,3,0.0,0,0,3,10,6,0,0,0,0,0,0,3,0,0,3,0,0,0,0,0,0,0,0
1066681,Elias Manoel,Santa Clara,elias manoel,6.58,15,0,299,3,3.45,0,0.1,0,3,12,5,25.0,44,67,65.67,2,2,100.0,2,19,0,1,2,5,40.0,1,0,0.0,138,50,1,6,4,14,56.0,4,11,26.67,18,45.0,5,2,40.0,3,2,3,0.0,0,0,1,4,7,1,0,0,0,0,0,4,0,0,4,0,0,0,0,0,0,0,0
253837,Lucas João,Nacional,lucas joao,6.53,19,1,298,0,0.94,1,0.08,0,1,11,4,0.0,56,78,71.79,4,6,66.67,3,20,0,2,3,4,75.0,0,0,0.0,148,45,2,14,6,12,48.0,18,17,51.43,30,50.0,6,4,66.67,2,4,3,1.0,0,0,1,6,3,1,0,0,0,0,0,9,0,0,7,2,0,0,0,0,0,0,0
191188,Seko Fofana,Porto,seko fofana,6.92,12,1,295,3,0.88,0,0.09,0,0,10,3,30.0,115,132,87.12,2,4,50.0,1,32,2,6,10,13,76.92,3,0,0.0,190,31,2,11,2,20,62.5,5,5,50.0,25,59.52,7,4,57.14,0,4,5,2.0,0,0,5,2,3,1,0,0,0,0,0,7,0,0,6,1,0,0,0,0,0,0,0
252095,Tiago Silva,Vit. Guimarães,tiago silva,7.13,4,3,287,1,1.13,0,0.55,0,0,7,2,14.29,173,197,87.82,20,27,74.07,9,45,12,21,0,1,0.0,19,5,26.32,257,46,1,16,1,9,42.86,1,1,50.0,10,43.48,3,1,33.33,3,6,2,0.0,0,1,2,8,6,3,0,0,0,0,0,7,0,0,7,0,0,0,0,0,0,0,0
1012448,Claudio Mendes,Casa Pia,claudio mendes,6.37,13,2,287,1,1.37,0,0.01,0,2,9,4,11.11,21,44,47.73,0,2,0.0,0,4,0,0,0,6,0.0,3,0,0.0,111,52,1,11,5,12,31.58,10,15,40.0,22,34.92,1,1,100.0,3,6,0,1.0,0,0,0,15,11,1,1,0,0,0,0,6,0,0,5,1,0,0,0,0,0,0,0
1501056,Miro,Tondela,miro,6.75,4,4,282,0,1.11,0,0.18,1,4,7,2,0.0,30,43,69.77,3,7,42.86,1,12,1,4,3,5,60.0,2,0,0.0,91,33,2,5,4,9,36.0,10,12,45.45,19,40.43,0,0,0.0,0,4,3,2.0,0,0,1,9,6,1,0,0,0,0,0,6,0,0,5,1,0,0,0,0,0,0,0
2218660,Joao Gastao,Estrela,joao gastao,6.54,8,4,282,0,0.2,1,0.03,1,0,3,1,0.0,24,34,70.59,2,2,100.0,4,13,0,0,0,2,0.0,2,0,0.0,78,22,2,6,4,6,37.5,10,14,41.67,16,40.0,2,1,50.0,3,2,0,1.0,0,0,0,5,4,2,0,0,0,0,0,5,0,0,5,0,0,0,0,0,0,0,0
1190120,Fabrício Garcia,Alverca,fabricio garcia,6.74,13,0,277,1,0.84,0,0.74,0,1,7,3,14.29,50,70,71.43,2,6,33.33,3,21,2,5,5,10,50.0,7,1,14.29,148,45,1,15,5,15,53.57,4,4,50.0,19,52.78,3,3,100.0,0,4,1,1.0,0,0,2,1,7,1,0,0,0,0,0,3,0,0,3,0,0,0,0,0,0,0,0
1083104,Martin Turk,Estoril,martin turk,7.4,3,3,270,0,,0,0.0,0,0,0,0,0.0,48,66,72.73,7,25,28.0,0,2,1,3,0,0,0.0,0,0,0.0,93,18,0,15,0,0,0.0,1,0,100.0,1,100.0,0,0,0.0,0,4,0,0.0,0,1,0,0,0,0,0,9,0,4,0,3,9,0,2,1,2,1,1,1,0,1,0
1131048,Tomás Händel,Vit. Guimarães,tomas handel,6.67,3,3,270,0,0.22,1,0.34,1,0,4,0,0.0,89,107,83.18,4,6,66.67,2,25,9,14,0,0,0.0,4,0,0.0,145,28,1,13,2,10,55.56,0,1,0.0,10,52.63,6,1,16.67,5,3,2,1.0,0,1,2,4,4,0,0,0,0,0,0,7,0,0,7,0,0,0,0,0,0,0,0
905406,Kevin Chamorro,Rio Ave,kevin chamorro,6.3,3,3,270,0,,0,0.0,0,0,0,0,0.0,55,79,69.62,8,32,25.0,0,2,1,3,0,0,0.0,0,0,0.0,111,24,0,26,0,0,0.0,3,0,100.0,3,100.0,0,0,0.0,0,2,0,0.0,1,0,0,0,0,0,0,9,0,3,0,8,4,5,7,1,1,1,1,4,0,0,0
1489200,Leandro Santos,Moreirense,leandro santos,6.89,9,2,263,0,,0,0.05,0,0,0,0,0.0,95,115,82.61,4,11,36.36,1,21,3,10,10,14,71.43,10,1,10.0,217,48,1,12,1,21,60.0,2,4,33.33,23,56.1,8,6,75.0,3,9,0,7.0,0,1,6,3,3,1,0,0,0,0,0,2,0,0,1,1,0,0,0,0,0,0,0
40878,Luuk de Jong,Porto,luuk de jong,6.68,5,2,262,1,1.26,0,0.69,1,1,6,3,16.67,44,61,72.13,0,0,0.0,5,13,0,0,1,1,100.0,0,0,0.0,95,28,1,4,0,6,60.0,9,9,50.0,15,53.57,3,2,66.67,2,1,1,1.0,0,0,1,3,2,1,0,0,0,0,1,1,0,0,1,0,0,0,0,0,0,0,0
917006,Arjen Van Der Heide,Tondela,arjen van der heide,6.57,10,2,255,0,0.46,0,0.42,0,1,5,0,0.0,47,60,78.33,2,2,100.0,4,22,3,5,3,5,60.0,6,0,0.0,108,31,1,8,0,8,61.54,8,6,57.14,16,59.26,4,0,0.0,3,2,2,1.0,0,0,0,3,1,0,0,0,0,0,0,10,0,0,9,1,0,0,0,0,0,0,0
894396,Terem Moffi,Porto,terem moffi,6.43,9,1,250,1,1.32,1,0.17,1,1,6,3,16.67,16,28,57.14,0,0,0.0,5,10,0,1,1,1,100.0,0,0,0.0,66,29,2,5,7,3,18.75,4,5,44.44,7,28.0,2,2,100.0,0,1,2,0.0,0,0,0,6,0,2,0,0,0,0,0,5,0,0,4,1,0,0,0,0,0,0,0
1210450,Tom Moustier,Estrela,tom moustier,6.5,10,2,248,0,0.25,0,0.16,0,0,5,1,0.0,46,58,79.31,0,1,0.0,5,11,0,0,0,1,0.0,14,4,28.57,119,39,2,7,4,9,42.86,2,4,33.33,11,40.74,6,3,50.0,0,7,2,1.0,0,0,2,5,3,0,0,0,0,0,0,6,0,0,5,1,0,0,0,0,0,0,0
984810,Bruno Lourenço,AVS Futebol,bruno lourenco,6.41,7,2,233,0,1.06,0,0.23,0,2,5,1,0.0,66,88,75.0,1,2,50.0,4,20,1,2,2,5,40.0,16,2,12.5,148,52,2,13,2,13,54.17,3,6,33.33,16,48.48,5,4,80.0,0,0,1,0.0,0,0,3,4,6,0,0,0,0,0,0,9,0,0,9,0,0,0,0,0,0,0,0
1478890,Julien Lomboto,Rio Ave,julien lomboto,6.54,7,3,228,0,,0,0.01,0,0,0,0,0.0,122,130,93.85,3,8,37.5,1,3,2,4,0,1,0.0,0,0,0.0,166,10,0,7,0,6,54.55,4,3,57.14,10,55.56,2,2,100.0,3,21,0,2.0,0,0,0,4,4,1,0,0,0,0,0,7,0,0,7,0,0,0,0,0,0,0,0
1122835,Alisson Santos,Sporting CP,alisson santos,6.76,18,0,227,0,0.7,2,1.28,1,0,16,3,0.0,77,90,85.56,1,1,100.0,5,26,0,0,21,24,87.5,7,2,28.57,177,37,0,17,6,31,67.39,4,2,66.67,35,67.31,3,2,66.67,0,2,4,0.0,0,0,4,2,7,0,0,0,0,0,0,2,0,0,2,0,0,0,0,0,0,0,0
1035696,Rémy Vita,Tondela,remy vita,6.43,4,2,227,0,0.06,0,0.04,0,0,3,0,0.0,79,95,83.16,1,10,10.0,0,25,5,10,0,0,0.0,6,0,0.0,148,34,1,15,0,7,38.89,2,2,50.0,9,40.91,4,2,50.0,1,5,0,1.0,0,0,3,8,3,2,0,0,0,0,0,3,0,0,3,0,0,0,0,0,0,0,0
1195796,Romeo Beney,Famalicão,romeo beney,6.54,14,0,225,0,0.65,0,0.54,0,1,8,5,0.0,52,78,66.67,2,8,25.0,4,29,1,4,11,25,44.0,15,5,33.33,159,60,2,15,4,20,37.74,1,6,14.29,21,35.0,5,4,80.0,1,2,2,0.0,0,0,3,12,4,1,0,0,0,0,0,2,0,0,2,0,0,0,0,0,0,0,0
845787,Luquinhas,Santa Clara,luquinhas,6.56,9,2,224,0,0.31,0,0.03,0,1,2,1,0.0,50,60,83.33,2,2,100.0,0,16,0,0,1,1,100.0,1,0,0.0,100,24,1,8,2,13,56.52,2,7,22.22,15,46.88,6,4,66.67,2,3,0,0.0,0,0,4,4,6,1,0,0,0,0,0,0,0,0,0,0,0,0,0,0,0,0,0
926869,Ulisses,Nacional,ulisses,6.34,5,3,224,0,0.05,0,0.02,0,0,1,1,0.0,98,114,85.96,16,24,66.67,0,9,5,8,1,1,100.0,0,0,0.0,153,19,0,11,2,6,35.29,6,3,66.67,12,46.15,3,2,66.67,5,12,0,2.0,0,1,2,9,2,2,1,0,0,0,0,4,0,0,4,0,0,0,0,0,0,0,0
930552,Nuno Santos,Vit. Guimarães,nuno santos,6.56,5,3,223,0,0.17,1,0.5,1,0,4,0,0.0,72,82,87.8,1,2,50.0,3,31,4,5,1,1,100.0,10,1,10.0,114,24,3,8,2,4,40.0,1,5,16.67,5,31.25,2,1,50.0,0,3,1,0.0,0,1,1,3,1,0,0,0,0,0,0,6,0,0,6,0,0,0,0,0,0,0,0
878493,Daniel Azevedo,Casa Pia,daniel azevedo,6.5,3,2,217,0,,0,0.01,0,0,0,0,0.0,66,92,71.74,21,47,44.68,0,4,7,11,0,0,0.0,0,0,0.0,118,27,0,15,0,0,0.0,1,0,100.0,1,100.0,0,0,0.0,0,7,0,0.0,1,1,0,0,0,1,0,7,0,0,0,7,4,3,6,1,3,4,3,0,0,1,0
1974420,Luís Pinto,Braga,luis pinto,6.63,3,2,215,0,0.02,1,0.07,0,0,1,0,0.0,121,138,87.68,1,3,33.33,2,29,1,2,3,6,50.0,1,0,0.0,175,31,3,13,5,13,40.63,4,1,80.0,17,45.95,5,3,60.0,3,3,0,0.0,0,0,2,9,5,1,0,0,0,0,0,4,0,0,3,1,0,0,0,0,0,0,0
1513647,Peixinho,Estoril,peixinho,6.54,11,1,210,1,1.43,0,0.19,2,3,9,2,11.11,76,89,85.39,1,3,33.33,4,28,1,4,8,14,57.14,3,0,0.0,164,43,1,6,8,19,41.3,0,3,0.0,19,38.78,4,2,50.0,1,3,3,0.0,0,0,7,7,7,1,0,0,0,0,0,3,0,0,1,2,0,0,0,0,0,0,0
1893864,Mateo Flores,Arouca,mateo flores,6.57,12,0,207,0,0.04,0,0.1,0,0,1,0,0.0,90,106,84.91,4,7,57.14,1,21,5,7,1,1,100.0,1,0,0.0,135,24,0,11,1,8,53.33,2,4,33.33,10,47.62,3,3,100.0,1,7,1,0.0,0,0,1,5,4,2,0,0,0,0,0,6,0,0,6,0,0,0,0,0,0,0,0
796139,Andre Green,AVS Futebol,andre green,6.54,5,3,207,0,0.04,0,0.14,0,0,2,1,0.0,24,32,75.0,2,5,40.0,2,7,1,3,0,2,0.0,3,1,33.33,66,21,0,3,1,5,50.0,2,3,40.0,7,46.67,1,0,0.0,0,3,1,0.0,0,0,1,1,4,1,0,0,0,0,0,3,0,0,3,0,0,0,0,0,0,0,0
838502,Pedro Pacheco,Santa Clara,pedro pacheco,7.07,3,2,195,0,0.1,0,0.0,0,0,2,0,0.0,74,91,81.32,6,13,46.15,1,1,2,6,3,3,100.0,0,0,0.0,124,17,0,6,0,5,41.67,3,4,42.86,8,42.11,2,0,0.0,3,18,1,2.0,0,0,4,3,0,0,0,0,0,0,1,1,0,0,1,0,0,0,0,0,0,0,0
1640310,Motez Nourani,Nacional,motez nourani,6.6,6,2,183,0,0.17,0,0.08,0,1,2,0,0.0,28,36,77.78,0,0,0.0,0,6,1,3,0,3,0.0,3,1,33.33,72,17,1,6,1,12,54.55,0,2,0.0,12,50.0,5,3,60.0,2,1,1,0.0,0,0,3,3,7,1,0,0,0,0,0,0,0,0,0,0,0,0,0,0,0,0,0
886223,Stephen Eustaquio,Porto,stephen eustaquio,6.66,8,0,182,0,0.09,0,0.1,0,0,2,1,0.0,102,118,86.44,4,7,57.14,2,22,4,9,1,5,20.0,1,0,0.0,155,27,1,7,1,10,52.63,4,4,50.0,14,51.85,7,3,42.86,0,3,0,1.0,0,0,0,4,2,0,0,0,0,0,0,0,0,0,0,0,0,0,0,0,0,0,0
1961855,João Afonso,Santa Clara,joao afonso,7.65,2,2,180,0,,0,0.0,0,0,0,0,0.0,32,44,72.73,11,23,47.83,0,1,7,8,0,0,0.0,0,0,0.0,73,12,0,17,0,2,100.0,3,0,100.0,5,100.0,0,0,0.0,0,2,0,0.0,0,0,0,0,2,0,0,7,0,3,1,1,1,6,1,0,1,1,1,6,0,0,0
983550,Samuel Soares,Benfica,samuel soares,7.5,2,2,180,0,,0,0.0,0,0,0,0,0.0,27,37,72.97,7,17,41.18,0,1,3,7,1,1,100.0,0,0,0.0,61,10,0,15,0,1,100.0,1,0,100.0,2,100.0,0,0,0.0,0,0,0,0.0,0,0,0,0,0,1,0,10,0,1,1,1,8,2,1,0,0,1,1,1,0,0,0
1464415,Rafael Nel,Sporting CP,rafael nel,7.02,7,2,180,2,2.33,1,0.55,1,3,6,4,33.33,26,30,86.67,0,0,0.0,2,13,0,0,0,1,0.0,0,0,0.0,59,16,0,0,3,9,52.94,4,5,44.44,13,50.0,2,2,100.0,0,0,0,0.0,0,0,0,4,7,0,0,0,0,0,0,4,0,0,4,0,0,0,0,0,0,0,0
930666,João Virgínia,Sporting CP,joao virginia,6.9,2,2,180,0,,0,0.0,0,0,0,0,0.0,40,45,88.89,4,9,44.44,0,1,2,2,0,0,0.0,0,0,0.0,64,5,0,12,0,1,100.0,0,0,0.0,1,100.0,0,0,0.0,0,2,0,0.0,0,0,0,0,1,0,0,3,0,0,1,1,2,1,1,0,1,0,0,3,0,0,0
1972885,Francisco Dias,Vit. Guimarães,francisco dias,6.65,2,2,180,0,,0,0.02,0,0,0,0,0.0,78,95,82.11,1,4,25.0,1,12,0,4,0,1,0.0,7,1,14.29,143,27,0,9,0,8,88.89,0,1,0.0,8,80.0,5,3,60.0,1,11,0,2.0,0,0,0,0,3,1,0,0,0,0,0,3,0,0,3,0,0,0,0,0,0,0,0
1146484,Dominik Prpić,Porto,dominik prpic,6.68,6,1,179,0,0.03,0,0.15,0,0,1,0,0.0,144,174,82.76,5,20,25.0,1,25,2,8,1,1,100.0,0,0,0.0,201,31,0,16,0,3,33.33,5,5,50.0,8,42.11,2,1,50.0,6,9,1,1.0,0,0,1,5,0,0,1,0,0,0,0,3,0,0,2,1,0,0,0,0,0,0,0
860683,Marc Gual,Rio Ave,marc gual,6.47,10,1,179,0,0.18,0,0.02,0,0,4,0,0.0,41,54,75.93,0,3,0.0,1,6,1,2,2,4,50.0,2,0,0.0,90,26,0,4,1,10,58.82,1,8,11.11,11,42.31,4,1,25.0,0,3,3,0.0,0,0,0,4,4,0,0,0,0,0,0,3,0,0,2,1,0,0,0,0,0,0,0
1085569,Max Svensson,Casa Pia,max svensson,6.32,6,1,176,0,1.03,0,0.18,1,2,8,3,0.0,26,45,57.78,0,2,0.0,4,7,1,1,0,3,0.0,2,1,50.0,81,37,1,4,3,3,13.64,4,4,50.0,7,23.33,1,1,100.0,0,0,2,0.0,0,0,4,9,2,1,0,0,0,0,0,3,0,0,3,0,0,0,0,0,0,0,0
1130376,Gonçalo Esteves,Alverca,goncalo esteves,7.08,5,2,173,1,0.2,0,0.03,0,0,2,1,50.0,43,55,78.18,3,7,42.86,1,8,1,3,2,6,33.33,5,2,40.0,123,27,0,8,3,8,50.0,1,0,100.0,9,52.94,3,2,66.67,2,9,0,0.0,0,0,1,0,3,1,0,0,0,0,0,4,0,0,3,1,0,0,0,0,0,0,0
942907,Jordi Escobar,AVS Futebol,jordi escobar,6.58,5,2,169,0,0.27,0,0.03,0,1,3,1,0.0,13,23,56.52,0,1,0.0,1,5,0,1,0,0,0.0,1,0,0.0,44,17,2,2,0,4,40.0,3,4,42.86,7,41.18,1,1,100.0,1,0,1,0.0,0,0,2,5,4,0,0,0,0,0,0,3,0,0,3,0,0,0,0,0,0,0,0
1562121,Theofanis Bakoulas,Rio Ave,theofanis bakoulas,6.6,3,2,167,0,,0,0.37,0,0,0,0,0.0,54,58,93.1,1,2,50.0,2,11,0,2,1,2,50.0,1,0,0.0,85,15,1,9,4,8,40.0,2,3,40.0,10,40.0,4,3,75.0,0,3,0,1.0,0,0,1,6,3,0,0,0,0,0,0,3,0,0,2,1,0,0,0,0,0,0,0
1411034,Jimi Gower,Moreirense,jimi gower,6.45,9,1,161,0,0.02,0,0.05,0,0,1,0,0.0,62,74,83.78,0,2,0.0,0,15,2,4,1,4,25.0,0,0,0.0,106,21,1,9,4,8,44.44,2,6,25.0,10,38.46,2,1,50.0,2,2,0,0.0,0,1,1,2,5,0,0,0,0,0,0,3,0,0,3,0,0,0,0,0,0,0,0
1961109,Daniel Banjaqui,Benfica,daniel banjaqui,7.3,2,2,153,0,0.17,0,0.23,0,0,4,1,0.0,61,77,79.22,1,5,20.0,2,24,3,4,4,6,66.67,6,0,0.0,131,31,1,7,3,12,57.14,2,1,66.67,14,58.33,6,3,50.0,1,2,0,0.0,0,0,2,2,2,0,0,0,0,0,1,0,0,0,0,0,0,0,0,0,0,0,0
1086990,Ryan,Estrela,ryan,6.7,4,1,152,0,,0,0.06,0,0,0,0,0.0,53,67,79.1,6,11,54.55,2,8,3,4,0,1,0.0,7,3,42.86,105,25,0,8,0,3,42.86,0,2,0.0,3,33.33,2,2,100.0,3,4,0,0.0,0,0,2,2,1,0,0,0,0,0,0,0,0,0,0,0,0,0,0,0,0,0,0
167857,André Sousa,Nacional,andre sousa,6.75,12,1,147,0,0.03,2,0.09,2,0,1,0,0.0,52,65,80.0,3,7,42.86,3,18,6,12,0,1,0.0,7,2,28.57,105,29,0,5,3,8,66.67,2,2,50.0,10,62.5,4,2,50.0,0,4,0,0.0,0,0,0,0,4,1,0,0,0,0,0,3,0,0,2,1,0,0,0,0,0,0,0
1515290,Andrey,Santa Clara,andrey,7.15,2,1,145,0,0.09,0,0.44,1,0,2,0,0.0,44,59,74.58,1,3,33.33,3,8,1,4,0,0,0.0,7,3,42.86,91,22,0,6,2,6,50.0,4,1,80.0,10,58.82,6,4,66.67,1,4,1,2.0,0,0,1,3,0,0,0,0,0,0,0,1,0,0,1,0,0,0,0,0,0,0,0
1006067,Otar Mamageishvili,Famalicão,otar mamageishvili,6.48,8,1,144,0,0.53,0,0.38,0,1,1,0,0.0,26,36,72.22,4,6,66.67,1,8,2,4,1,5,20.0,3,0,0.0,63,21,1,3,0,4,40.0,2,7,22.22,6,31.58,1,1,100.0,1,3,0,0.0,0,0,0,2,2,0,0,0,0,0,0,4,0,0,4,0,0,0,0,0,0,0,0
1085740,Manu Silva,Benfica,manu silva,6.52,9,1,138,0,0.28,0,0.02,0,1,2,0,0.0,60,74,81.08,4,7,57.14,3,9,2,3,1,3,33.33,0,0,0.0,93,18,0,8,0,4,26.67,1,4,20.0,5,25.0,3,1,33.33,3,2,0,0.0,0,0,1,8,0,0,0,0,0,0,0,2,0,0,1,1,0,0,0,0,0,0,0
1168617,Mathis Clairicia,Alverca,mathis clairicia,6.5,9,0,136,0,0.39,0,0.02,0,0,4,2,0.0,17,24,70.83,0,0,0.0,0,7,0,0,1,4,25.0,0,0,0.0,57,24,2,7,7,5,27.78,1,6,14.29,6,24.0,2,2,100.0,0,1,1,0.0,0,0,1,2,2,0,0,0,0,0,0,5,0,0,4,1,0,0,0,0,0,0,0
116372,Cláudio Ramos,Porto,claudio ramos,6.65,2,1,135,0,,0,0.02,0,0,0,0,0.0,33,38,86.84,4,9,44.44,0,1,2,3,0,0,0.0,0,0,0.0,47,5,0,8,0,1,100.0,0,1,0.0,1,50.0,0,0,0.0,0,0,0,0.0,1,0,0,0,1,0,0,3,0,0,0,3,2,1,2,1,0,0,0,0,0,0,0
1100596,Xabi Huarte,Tondela,xabi huarte,6.55,5,1,134,0,0.6,0,0.02,0,1,4,2,0.0,29,33,87.88,1,1,100.0,1,11,1,1,0,3,0.0,1,0,0.0,63,20,2,4,1,6,42.86,1,3,25.0,7,38.89,5,3,60.0,0,1,0,0.0,0,0,2,2,1,0,0,0,0,0,0,3,0,0,2,1,0,0,0,0,0,0,0
1528310,Tiago Leite,Alverca,tiago leite,6.4,9,0,133,0,1.77,0,0.03,0,3,10,4,0.0,26,36,72.22,2,3,66.67,1,8,3,4,0,1,0.0,1,0,0.0,63,19,1,5,1,2,28.57,6,12,33.33,8,32.0,1,1,100.0,1,2,2,0.0,0,0,0,3,1,0,0,0,0,0,0,3,0,0,3,0,0,0,0,0,0,0,0
370010,Anthony Carter,Santa Clara,anthony carter,6.48,5,1,129,0,0.04,1,0.07,1,0,1,1,0.0,22,38,57.89,0,0,0.0,3,8,1,1,1,2,50.0,0,0,0.0,60,28,0,4,3,4,28.57,13,10,56.52,17,45.95,1,1,100.0,0,0,0,0.0,0,0,1,5,2,1,0,0,0,0,0,0,0,0,0,0,0,0,0,0,0,0,0
1134514,Fábio Ronaldo,Estrela,fabio ronaldo,6.4,2,2,128,1,0.69,0,0.01,0,0,1,1,100.0,17,26,65.38,3,5,60.0,2,4,3,5,2,4,50.0,0,0,0.0,61,18,1,5,2,7,58.33,2,2,50.0,9,56.25,2,2,100.0,0,3,0,0.0,1,0,0,1,4,0,0,0,0,0,0,3,0,0,3,0,0,0,0,0,0,0,0
822874,Kobamelo Kodisang,AVS Futebol,kobamelo kodisang,6.7,4,1,125,0,,0,0.14,0,0,0,0,0.0,21,24,87.5,0,1,0.0,3,6,1,1,1,2,50.0,6,3,50.0,46,12,1,7,2,5,38.46,0,1,0.0,5,35.71,1,0,0.0,1,0,0,1.0,0,0,3,2,3,0,0,0,0,0,0,2,0,0,2,0,0,0,0,0,0,0,0
1495552,Afonso Rodrigues,Tondela,afonso rodrigues,6.5,7,0,125,0,0.28,0,0.02,0,0,4,1,0.0,20,27,74.07,0,3,0.0,0,9,1,1,2,4,50.0,8,1,12.5,69,28,2,8,3,7,46.67,5,5,50.0,12,48.0,3,2,66.67,1,1,1,0.0,0,0,2,2,2,1,0,0,0,0,0,6,0,0,5,1,0,0,0,0,0,0,0
1439201,Yanis da Rocha,Braga,yanis da rocha,6.5,4,1,121,0,,0,0.02,0,0,0,0,0.0,36,42,85.71,2,3,66.67,0,4,0,0,0,2,0.0,0,0,0.0,65,13,1,3,1,2,25.0,0,0,0.0,2,25.0,2,0,0.0,0,2,0,0.0,0,0,2,1,0,0,0,0,0,0,0,2,0,0,1,1,0,0,0,0,0,0,0
1004444,Jonathan Mutombo,Gil Vicente FC,jonathan mutombo,6.4,3,1,120,0,0.01,0,0.02,0,0,1,0,0.0,29,37,78.38,1,4,25.0,0,6,0,2,0,5,0.0,2,1,50.0,68,23,0,5,1,2,20.0,1,0,100.0,3,27.27,2,2,100.0,1,2,1,0.0,0,1,2,0,0,0,0,0,0,0,0,1,0,0,1,0,0,0,0,0,0,0,0
1562325,Ikker dos Santos,Alverca,ikker dos santos,6.6,2,1,114,0,,0,0.0,0,0,0,0,0.0,57,64,89.06,1,5,20.0,0,0,0,3,1,1,100.0,1,0,0.0,74,11,0,6,1,3,60.0,0,0,0.0,3,60.0,0,0,0.0,0,2,0,0.0,0,0,0,1,2,0,0,0,0,0,0,1,0,0,1,0,0,0,0,0,0,0,0
1806732,Deivison Souza Brito,Nacional,deivison souza brito,5.7,4,1,113,0,,0,0.02,0,0,0,0,0.0,22,26,84.62,1,2,50.0,0,4,1,1,2,3,66.67,0,0,0.0,53,10,0,5,1,7,58.33,2,3,40.0,9,52.94,3,2,66.67,0,7,0,0.0,0,0,1,2,2,1,1,0,0,0,0,4,0,0,4,0,0,0,0,0,0,0,0
1184329,Rodrigo Rego,Benfica,rodrigo rego,6.67,3,1,112,0,0.29,0,0.19,0,0,6,0,0.0,30,36,83.33,0,1,0.0,2,10,0,3,9,12,75.0,7,2,28.57,83,22,0,7,3,15,50.0,0,3,0.0,15,45.45,4,2,50.0,0,0,4,0.0,0,0,4,5,2,0,0,0,0,0,0,0,0,0,0,0,0,0,0,0,0,0,0
973924,Darlan,Santa Clara,darlan,6.54,7,0,106,0,,0,0.02,0,0,0,0,0.0,18,22,81.82,0,0,0.0,1,7,1,2,0,1,0.0,2,0,0.0,37,11,2,5,1,3,37.5,0,3,0.0,3,27.27,3,3,100.0,1,2,0,0.0,0,0,0,4,0,1,0,0,0,0,0,1,0,0,1,0,0,0,0,0,0,0,0
1110159,Xander Severina,Casa Pia,xander severina,6.34,5,0,103,0,,0,0.01,0,0,0,0,0.0,17,23,73.91,0,2,0.0,0,4,0,1,1,5,20.0,1,0,0.0,43,18,0,2,1,4,23.53,1,0,100.0,5,27.78,2,1,50.0,0,0,0,0.0,1,0,3,5,1,1,0,0,0,0,0,2,0,0,2,0,0,0,0,0,0,0,0
925839,André Ceitil,Tondela,andre ceitil,6.73,4,0,95,0,,0,0.01,0,0,0,0,0.0,24,30,80.0,1,3,33.33,1,4,3,4,0,1,0.0,1,0,0.0,48,8,1,1,0,2,40.0,4,5,44.44,6,42.86,2,2,100.0,1,9,0,3.0,0,0,0,3,0,0,0,0,0,0,0,4,0,0,4,0,0,0,0,0,0,0,0
1002343,Souleymane Faye,Sporting CP,souleymane faye,6.56,5,0,95,0,0.29,0,0.46,1,1,3,1,0.0,26,31,83.87,0,1,0.0,1,8,1,2,0,3,0.0,2,0,0.0,53,15,0,5,1,6,42.86,1,2,33.33,7,41.18,3,3,100.0,0,0,0,0.0,0,0,3,1,3,0,0,0,0,0,0,2,0,0,2,0,0,0,0,0,0,0,0
1961117,José Neto,Benfica,jose neto,7.5,2,1,94,0,0.08,0,0.03,0,0,2,0,0.0,52,62,83.87,2,3,66.67,0,18,1,3,0,1,0.0,2,0,0.0,88,15,1,5,0,4,66.67,2,0,100.0,6,75.0,1,1,100.0,1,5,1,1.0,0,0,0,1,3,0,0,0,0,0,1,0,0,0,0,0,0,0,0,0,0,0,0
1537180,Mohamed Bamba,Gil Vicente FC,mohamed bamba,6.58,4,1,94,0,,0,0.02,0,0,0,0,0.0,19,29,65.52,3,3,100.0,1,2,1,1,0,0,0.0,0,0,0.0,47,13,0,2,2,5,50.0,5,4,55.56,10,52.63,3,1,33.33,0,3,0,1.0,0,0,1,3,2,2,0,0,0,0,0,2,0,0,1,1,0,0,0,0,0,0,0
2217380,Rica Rocha,Vit. Guimarães,rica rocha,6.8,2,1,92,0,0.02,0,0.03,0,0,1,0,0.0,44,52,84.62,0,0,0.0,2,9,0,0,0,0,0.0,1,0,0.0,61,9,1,2,0,3,50.0,3,2,60.0,6,54.55,2,1,50.0,2,1,0,0.0,0,0,0,3,1,1,0,0,0,0,0,1,0,0,1,0,0,0,0,0,0,0,0
309296,João Graça,Rio Ave,joao graca,6.59,8,0,92,0,,0,0.07,0,0,0,0,0.0,49,53,92.45,1,2,50.0,3,11,1,3,3,4,75.0,1,0,0.0,70,13,1,5,2,4,57.14,1,0,100.0,5,62.5,0,0,0.0,1,0,0,0.0,0,1,0,0,1,1,0,0,0,0,0,1,0,0,1,0,0,0,0,0,0,0,0
1214878,Karem Zoabi,Rio Ave,karem zoabi,6.48,5,1,92,0,0.01,0,0.01,0,0,1,0,0.0,15,19,78.95,1,1,100.0,2,6,0,0,0,1,0.0,0,0,0.0,33,10,0,3,3,4,28.57,1,1,50.0,5,31.25,2,2,100.0,0,1,0,0.0,0,0,1,6,2,2,0,0,0,0,0,1,0,0,1,0,0,0,0,0,0,0,0
107264,Mika,Moreirense,mika,6.9,1,1,90,0,,0,0.0,0,0,0,0,0.0,26,31,83.87,2,6,33.33,0,0,1,2,0,0,0.0,0,0,0.0,34,5,0,7,0,0,0.0,0,0,0.0,0,0.0,0,0,0.0,0,2,0,0.0,0,0,0,0,0,0,0,0,0,0,1,0,0,0,0,0,0,1,1,0,0,0,0
344159,Tiago Sá,Braga,tiago sa,6.4,1,1,90,0,,0,0.0,0,0,0,0,0.0,41,45,91.11,9,13,69.23,0,3,3,3,0,0,0.0,0,0,0.0,56,4,0,12,0,0,0.0,1,0,100.0,1,100.0,0,0,0.0,0,0,0,0.0,0,0,0,0,0,0,0,1,0,0,0,2,1,0,1,1,0,1,1,2,0,0,0
1864305,Alisson Souza de Jesus,Estrela,alisson souza de jesus,6.36,5,0,90,0,0.64,0,0.02,0,1,3,1,0.0,14,20,70.0,0,0,0.0,0,10,0,0,2,7,28.57,1,0,0.0,52,22,1,4,3,4,28.57,2,2,50.0,6,33.33,0,0,0.0,0,2,0,0.0,0,0,0,2,2,1,0,0,0,0,0,2,0,0,2,0,0,0,0,0,0,0,0
1165190,Jakub Vinarčík,Arouca,jakub vinarcik,6.1,1,1,90,0,,0,0.0,0,0,0,0,0.0,16,24,66.67,3,11,27.27,0,0,1,3,0,0,0.0,0,0,0.0,32,8,0,4,0,0,0.0,0,0,0.0,0,0.0,0,0,0.0,0,3,0,0.0,0,0,0,0,0,0,0,1,0,0,0,1,0,1,1,0,1,0,0,0,0,0,0
929640,David Grilo,Estrela,david grilo,6.1,1,1,90,0,,0,0.0,0,0,0,0,0.0,18,38,47.37,8,28,28.57,0,1,0,2,0,0,0.0,0,0,0.0,47,20,0,9,0,0,0.0,0,0,0.0,0,0.0,0,0,0.0,0,1,0,0.0,0,0,0,0,0,0,0,2,0,0,0,2,1,1,2,0,1,0,0,0,0,1,0
886843,Toni Borevković,Vit. Guimarães,toni borevkovic,5.9,1,1,90,0,,0,0.01,0,0,0,0,0.0,43,51,84.31,2,8,25.0,1,2,3,6,0,0,0.0,0,0,0.0,61,11,0,1,0,1,100.0,1,0,100.0,2,100.0,0,0,0.0,0,4,0,1.0,0,2,0,0,1,0,0,0,0,0,0,3,0,0,3,0,0,0,0,0,0,0,0
948250,Billal Brahimi,Estrela,billal brahimi,6.63,4,0,89,0,,0,0.43,1,0,0,0,0.0,34,40,85.0,0,2,0.0,2,12,2,4,1,1,100.0,18,6,33.33,64,20,0,4,1,1,25.0,0,0,0.0,1,25.0,0,0,0.0,1,0,0,0.0,1,0,1,1,0,0,0,0,0,0,0,1,0,0,0,1,0,0,0,0,0,0,0
1401840,Edson Mucuana,AVS Futebol,edson mucuana,6.4,1,1,81,0,,0,0.05,1,0,0,0,0.0,28,34,82.35,2,4,50.0,1,3,0,4,2,4,50.0,3,2,66.67,60,11,0,7,1,3,42.86,0,0,0.0,3,42.86,1,1,100.0,3,1,0,1.0,0,0,1,0,0,0,0,0,0,0,0,3,0,0,2,1,0,0,0,0,0,0,0
1511976,João Costa,Santa Clara,joao costa,6.74,7,0,80,0,0.23,1,0.08,1,0,2,1,0.0,12,17,70.59,1,1,100.0,2,4,1,1,0,0,0.0,0,0,0.0,32,11,2,2,2,4,50.0,6,3,66.67,10,58.82,3,2,66.67,0,0,1,0.0,0,0,0,2,2,0,0,0,0,0,0,1,0,0,1,0,0,0,0,0,0,0,0
1158353,João Rêgo,Benfica,joao rego,6.72,8,0,78,1,0.46,0,0.04,0,0,2,2,50.0,16,21,76.19,0,0,0.0,0,10,0,0,2,5,40.0,0,0,0.0,45,16,1,5,5,8,40.0,2,0,100.0,10,45.45,1,1,100.0,0,1,0,0.0,0,0,3,2,5,0,0,0,0,0,0,1,0,0,1,0,0,0,0,0,0,0,0
1651509,Tiago Brito,Estoril,tiago brito,6.53,4,0,73,0,0.05,0,0.06,0,0,1,0,0.0,53,64,82.81,1,1,100.0,1,16,1,1,0,0,0.0,1,0,0.0,82,16,3,6,1,6,66.67,6,7,46.15,12,54.55,6,4,66.67,1,1,1,0.0,1,0,1,2,1,1,0,0,0,0,0,2,0,0,1,1,0,0,0,0,0,0,0
1418646,Eric da Silva Moreira,Rio Ave,eric da silva moreira,6.5,3,0,70,0,0.04,0,0.01,0,0,1,1,0.0,27,33,81.82,2,2,100.0,0,3,1,1,0,4,0.0,0,0,0.0,64,12,1,4,0,6,54.55,1,3,25.0,7,46.67,3,2,66.67,4,5,0,0.0,0,0,1,1,3,0,0,0,0,0,0,2,0,0,2,0,0,0,0,0,0,0,0
1410338,Martim Gustavo Watts,Nacional,martim gustavo watts,6.48,7,0,70,0,,0,0.0,0,0,0,0,0.0,8,10,80.0,0,0,0.0,0,3,0,0,1,1,100.0,1,0,0.0,22,10,0,2,4,2,18.18,1,5,16.67,3,17.65,1,1,100.0,0,0,0,0.0,0,0,2,4,0,1,0,0,0,0,0,1,0,0,0,1,0,0,0,0,0,0,0
352882,Nuno Santos,Sporting CP,nuno santos,6.6,4,1,69,0,0.03,1,0.61,2,0,1,1,0.0,32,33,96.97,1,1,100.0,3,14,1,1,0,1,0.0,5,2,40.0,47,6,2,5,0,1,33.33,0,0,0.0,1,33.33,1,0,0.0,0,1,0,0.0,0,0,1,0,0,0,0,0,0,0,0,3,0,0,3,0,0,0,0,0,0,0,0
1113488,Ismael Gharbi,Braga,ismael gharbi,6.3,1,1,69,0,,0,0.02,0,0,0,0,0.0,22,29,75.86,1,2,50.0,0,4,2,3,0,1,0.0,1,0,0.0,47,14,0,1,3,5,38.46,0,0,0.0,5,38.46,3,0,0.0,0,0,0,0.0,0,0,1,4,2,0,0,0,0,0,0,0,0,0,0,0,0,0,0,0,0,0,0
1142692,Rafael Obrador,Benfica,rafael obrador,6.8,1,1,68,0,,0,0.34,1,0,0,0,0.0,23,26,88.46,0,0,0.0,3,11,0,1,3,3,100.0,8,4,50.0,46,11,1,2,1,3,50.0,0,0,0.0,3,50.0,0,0,0.0,2,0,0,0.0,0,0,1,1,0,0,0,0,0,0,0,0,0,0,0,0,0,0,0,0,0,0,0
1494826,Conrad Harder,Sporting CP,conrad harder,6.75,4,0,66,1,0.76,0,0.01,0,1,6,4,16.67,8,10,80.0,0,0,0.0,0,2,0,0,0,0,0.0,1,0,0.0,26,5,0,1,1,4,66.67,1,3,25.0,5,50.0,2,0,0.0,1,0,2,0.0,0,0,1,0,2,0,0,0,0,0,0,0,0,0,0,0,0,0,0,0,0,0,0
2163561,Anísio Cabral,Benfica,anisio cabral,6.82,6,0,64,2,0.42,0,0.22,0,0,6,4,33.33,17,21,80.95,0,0,0.0,1,11,0,0,1,2,50.0,1,1,100.0,40,10,0,1,3,3,37.5,3,1,75.0,6,50.0,0,0,0.0,0,0,0,0.0,0,0,0,1,2,0,0,0,0,0,0,0,0,0,0,0,0,0,0,0,0,0,0
1649069,Sandro Vidigal,Braga,sandro vidigal,6.63,4,0,61,0,0.06,0,0.01,0,0,2,0,0.0,11,14,78.57,1,1,100.0,0,4,1,1,2,4,50.0,1,0,0.0,36,9,0,2,0,6,54.55,3,1,75.0,9,60.0,0,0,0.0,0,4,1,0.0,0,0,1,2,4,1,0,0,0,0,0,0,0,0,0,0,0,0,0,0,0,0,0
1459763,Felipe Lima,Alverca,felipe lima,6.42,6,0,61,0,0.07,0,0.0,0,0,1,0,0.0,5,9,55.56,0,1,0.0,0,2,0,1,1,3,33.33,0,0,0.0,23,10,1,3,1,3,27.27,1,5,16.67,4,23.53,1,1,100.0,0,1,0,0.0,0,0,0,5,1,0,0,0,0,0,0,0,0,0,0,0,0,0,0,0,0,0,0
998414,Nilton Varela,Estrela,nilton varela,6.1,1,1,58,0,,0,0.09,0,0,0,0,0.0,3,5,60.0,1,2,50.0,0,1,1,1,0,0,0.0,1,1,100.0,21,4,0,1,0,4,44.44,0,0,0.0,4,44.44,2,1,50.0,1,3,0,0.0,1,0,3,2,2,0,0,0,0,0,0,1,0,0,1,0,0,0,0,0,0,0,0
1153261,Ángel Alarcón,Porto,angel alarcon,6.4,3,0,57,0,0.05,0,0.02,0,0,2,0,0.0,23,30,76.67,1,2,50.0,0,6,1,1,0,1,0.0,0,0,0.0,41,11,1,4,0,0,0.0,1,3,25.0,1,16.67,0,0,0.0,0,0,1,1.0,0,0,1,0,0,0,0,0,0,0,0,0,0,0,0,0,0,0,0,0,0,0,0
1099301,Gian Cabezas,Alverca,gian cabezas,6.53,5,0,53,0,0.01,0,0.01,0,0,1,0,0.0,17,18,94.44,2,2,100.0,0,4,0,0,0,0,0.0,0,0,0.0,29,7,1,7,0,2,33.33,1,1,50.0,3,37.5,2,2,100.0,0,1,0,0.0,0,0,0,4,0,1,0,0,0,0,0,1,0,0,1,0,0,0,0,0,0,0,0
1939199,Salvador Blopa,Sporting CP,salvador blopa,6.05,3,0,47,0,0.02,1,0.08,0,0,1,0,0.0,33,38,86.84,1,3,33.33,1,15,1,2,1,2,50.0,2,1,50.0,56,10,2,2,1,4,40.0,0,0,0.0,4,40.0,3,1,33.33,1,2,0,0.0,0,0,3,2,0,2,0,0,0,0,0,2,0,0,2,0,0,0,0,0,0,0,0
2154588,Rodrigo Rodrigues,Gil Vicente FC,rodrigo rodrigues,6.57,4,0,46,0,0.06,0,0.02,0,0,1,1,0.0,8,11,72.73,0,0,0.0,0,6,0,0,0,2,0.0,0,0,0.0,28,10,0,1,1,4,40.0,1,0,100.0,5,45.45,1,1,100.0,1,1,0,0.0,0,0,0,3,3,2,0,0,0,0,0,0,0,0,0,0,0,0,0,0,0,0,0
1145658,Romualdas Jansonas,Arouca,romualdas jansonas,6.45,2,0,46,0,0.02,0,0.0,0,0,1,0,0.0,6,9,66.67,0,0,0.0,0,0,0,0,0,0,0.0,1,0,0.0,23,13,0,1,3,1,16.67,2,1,66.67,3,33.33,0,0,0.0,0,1,0,0.0,0,0,0,2,1,0,0,0,0,0,0,2,0,0,1,1,0,0,0,0,0,0,0
1561865,Edney Henrique,Santa Clara,edney henrique,6.7,1,1,45,0,,0,0.0,0,0,0,0,0.0,9,14,64.29,0,1,0.0,0,0,0,1,0,0,0.0,1,0,0.0,22,6,1,1,0,4,100.0,1,0,100.0,5,100.0,0,0,0.0,0,0,0,0.0,0,0,0,0,4,0,0,0,0,0,0,2,0,0,2,0,0,0,0,0,0,0,0
855845,Florentino Luís,Benfica,florentino luis,6.57,3,0,44,0,,0,0.0,0,0,0,0,0.0,9,12,75.0,2,3,66.67,0,1,1,1,0,0,0.0,0,0,0.0,22,5,0,3,0,3,50.0,1,1,50.0,4,50.0,3,1,33.33,1,2,0,0.0,0,0,1,2,0,0,0,0,0,0,0,1,0,0,1,0,0,0,0,0,0,0,0
233370,João Novais,Rio Ave,joao novais,6.4,2,0,44,0,0.09,0,0.01,0,0,3,2,0.0,20,22,90.91,1,1,100.0,1,6,0,0,1,2,50.0,4,1,25.0,35,7,0,2,1,2,25.0,1,2,33.33,3,27.27,1,1,100.0,0,2,1,0.0,0,0,2,2,0,1,0,0,0,0,0,2,0,0,1,1,0,0,0,0,0,0,0
1828923,João Vasconcelos,Braga,joao vasconcelos,6.5,1,0,42,0,,0,0.01,0,0,0,0,0.0,9,11,81.82,1,1,100.0,1,4,0,0,0,0,0.0,1,0,0.0,18,6,0,0,0,1,100.0,0,0,0.0,1,100.0,1,0,0.0,0,1,0,0.0,0,0,0,0,0,0,0,0,0,0,0,2,0,0,1,1,0,0,0,0,0,0,0
1084416,Joel Jorquera,Moreirense,joel jorquera,6.38,4,0,41,0,0.02,0,0.01,0,0,1,0,0.0,9,10,90.0,0,1,0.0,0,3,0,0,0,1,0.0,0,0,0.0,24,8,0,1,4,3,33.33,0,2,0.0,3,27.27,1,0,0.0,0,1,0,0.0,0,0,0,1,2,0,0,0,0,0,0,0,0,0,0,0,0,0,0,0,0,0,0
1520738,José Silva,Arouca,jose silva,6.23,4,0,40,0,,0,0.13,0,0,0,0,0.0,7,12,58.33,1,3,33.33,1,4,1,3,0,0,0.0,0,0,0.0,19,8,0,1,0,0,0.0,0,3,0.0,0,0.0,0,0,0.0,0,2,0,0.0,0,0,1,1,0,0,0,0,0,0,0,3,0,0,3,0,0,0,0,0,0,0,0
1961096,Martim Guedes,Vit. Guimarães,martim guedes,6.2,2,0,40,0,0.25,0,0.01,0,0,2,0,0.0,11,16,68.75,0,0,0.0,0,5,0,0,1,2,50.0,1,0,0.0,23,8,1,2,0,1,33.33,2,1,66.67,3,50.0,0,0,0.0,0,0,0,0.0,0,0,0,1,0,1,0,0,0,0,0,2,0,0,2,0,0,0,0,0,0,0,0
1050457,Yahya Kalley,Estrela,yahya kalley,6.45,3,0,39,0,,0,0.0,0,0,0,0,0.0,13,16,81.25,2,3,66.67,0,1,0,1,0,0,0.0,1,0,0.0,25,6,0,7,0,2,33.33,0,0,0.0,2,33.33,1,0,0.0,0,1,0,0.0,0,1,0,4,1,1,0,0,0,0,0,1,0,0,1,0,0,0,0,0,0,0,0
1211005,Yellu Santiago,Arouca,yellu santiago,6.33,5,0,38,0,,0,0.0,0,0,0,0,0.0,12,17,70.59,0,0,0.0,0,1,0,0,0,0,0.0,0,0,0.0,22,5,0,1,0,3,42.86,2,0,100.0,5,55.56,2,2,100.0,0,1,0,0.0,0,0,1,3,1,0,0,0,0,0,0,2,0,0,2,0,0,0,0,0,0,0,0
1167525,Isaac,Santa Clara,isaac,6.65,2,0,36,0,,0,0.01,0,0,0,0,0.0,19,22,86.36,1,2,50.0,0,3,1,2,1,1,100.0,0,0,0.0,29,4,0,2,0,2,66.67,0,1,0.0,2,50.0,1,0,0.0,1,0,0,0.0,0,0,0,1,0,0,0,0,0,0,0,0,0,0,0,0,0,0,0,0,0,0,0
1631412,Kauan Gomes,Alverca,kauan gomes,6.35,4,0,36,0,0.02,0,0.09,0,0,1,0,0.0,10,14,71.43,1,1,100.0,1,3,0,1,1,1,100.0,0,0,0.0,24,6,0,3,1,2,33.33,0,1,0.0,2,28.57,1,1,100.0,1,0,0,0.0,0,0,1,2,0,0,0,0,0,0,0,1,0,0,1,0,0,0,0,0,0,0,0
1982641,Gonzalo Pastor,Famalicão,gonzalo pastor,6.6,2,0,35,0,,0,0.02,0,0,0,0,0.0,11,13,84.62,1,2,50.0,0,3,0,0,1,2,50.0,1,0,0.0,22,8,0,1,0,2,50.0,0,0,0.0,2,50.0,0,0,0.0,0,0,0,0.0,0,0,0,2,1,1,0,0,0,0,0,1,0,0,1,0,0,0,0,0,0,0,0
97012,Bruma,Benfica,bruma,6.6,3,0,30,0,0.1,0,0.01,0,0,2,0,0.0,9,11,81.82,0,0,0.0,0,3,0,0,2,4,50.0,2,0,0.0,22,6,1,3,0,3,50.0,0,0,0.0,3,50.0,1,0,0.0,0,1,1,0.0,0,0,0,1,0,0,0,0,0,0,0,1,0,0,0,1,0,0,0,0,0,0,0
834881,Stéphane Diarra,Alverca,stephane diarra,6.55,2,0,30,0,,0,0.07,0,0,0,0,0.0,11,14,78.57,0,0,0.0,1,2,0,0,1,2,50.0,1,1,100.0,23,8,0,4,3,2,33.33,1,2,33.33,3,33.33,0,0,0.0,0,0,0,0.0,0,0,0,0,1,0,0,0,0,0,0,1,0,0,1,0,0,0,0,0,0,0,0
1185196,Fally Mayulu,Arouca,fally mayulu,6.43,3,0,30,0,0.02,0,0.0,0,0,1,0,0.0,1,3,33.33,0,0,0.0,0,0,0,0,1,1,100.0,1,0,0.0,8,3,0,0,0,1,50.0,1,0,100.0,2,66.67,0,0,0.0,0,1,0,0.0,0,0,1,0,0,0,0,0,0,0,0,0,0,0,0,0,0,0,0,0,0,0,0
998870,Henrique Araújo,Benfica,henrique araujo,6.45,5,0,29,0,0.16,0,0.0,0,0,2,1,0.0,3,4,75.0,0,0,0.0,0,1,0,0,0,0,0.0,0,0,0.0,8,2,0,1,0,1,50.0,1,1,50.0,2,50.0,0,0,0.0,0,0,1,0.0,0,0,0,1,1,0,0,0,0,0,0,1,0,0,1,0,0,0,0,0,0,0,0
945448,Zé Pedro,Porto,ze pedro,6.6,2,0,28,0,,0,0.0,0,0,0,0,0.0,13,16,81.25,1,2,50.0,0,1,1,1,0,0,0.0,1,0,0.0,25,6,0,0,0,0,0.0,0,0,0.0,0,0.0,0,0,0.0,0,2,0,0.0,0,0,1,1,0,0,0,0,0,0,0,0,0,0,0,0,0,0,0,0,0,0,0
1120038,Leonardo Buta,Rio Ave,leonardo buta,6.5,3,0,28,0,,0,0.0,0,0,0,0,0.0,2,5,40.0,0,2,0.0,0,1,0,2,0,0,0.0,0,0,0.0,16,3,0,0,0,4,50.0,0,1,0.0,4,44.44,1,1,100.0,0,2,0,0.0,0,0,3,1,3,0,0,0,0,0,0,1,0,0,1,0,0,0,0,0,0,0,0
905452,Weverson,Gil Vicente FC,weverson,6.9,1,0,26,0,,0,0.0,0,0,0,0,0.0,12,14,85.71,3,5,60.0,0,2,1,1,0,0,0.0,0,0,0.0,18,2,0,1,0,1,100.0,0,1,0.0,1,50.0,1,0,0.0,0,2,0,0.0,0,0,0,0,0,0,0,0,0,0,0,0,0,0,0,0,0,0,0,0,0,0,0
1146008,Diogo Prioste,Benfica,diogo prioste,6.7,2,0,25,0,,0,0.0,0,0,0,0,0.0,22,22,100.0,2,2,100.0,0,1,0,0,0,0,0.0,0,0,0.0,25,0,0,1,0,1,100.0,1,0,100.0,2,100.0,0,0,0.0,0,0,0,0.0,0,0,0,0,1,0,0,0,0,0,0,0,0,0,0,0,0,0,0,0,0,0,0
903324,Kerem Aktürkoğlu,Benfica,kerem akturkoglu,6.7,1,0,23,0,0.1,0,0.08,0,0,1,1,0.0,6,7,85.71,0,0,0.0,1,4,0,0,0,0,0.0,3,1,33.33,14,5,0,1,0,1,100.0,0,0,0.0,1,100.0,0,0,0.0,0,0,0,0.0,0,0,0,0,1,0,0,0,0,0,0,0,0,0,0,0,0,0,0,0,0,0,0
1937022,Flavio Goncalves,Sporting CP,flavio goncalves,6.55,3,0,23,0,,0,0.01,0,0,0,0,0.0,6,8,75.0,0,0,0.0,0,1,0,0,1,1,100.0,0,0,0.0,10,2,0,1,0,2,50.0,0,0,0.0,2,50.0,0,0,0.0,0,0,0,0.0,0,0,1,1,1,0,0,0,0,0,0,1,0,0,1,0,0,0,0,0,0,0,0
1485731,Rafael Lobato,Rio Ave,rafael lobato,6.45,2,0,23,0,0.07,0,0.0,0,0,2,1,0.0,2,3,66.67,0,0,0.0,0,2,0,0,1,3,33.33,0,0,0.0,13,6,0,1,1,2,33.33,0,0,0.0,2,33.33,0,0,0.0,0,1,1,0.0,0,1,0,1,1,0,0,0,0,0,0,1,0,0,0,1,0,0,0,0,0,0,0
1994473,Tiago Silva,Porto,tiago silva,6.7,1,0,22,0,,0,0.02,0,0,0,0,0.0,26,28,92.86,1,1,100.0,2,9,2,4,0,0,0.0,0,0,0.0,29,2,0,3,0,1,100.0,0,0,0.0,1,100.0,1,1,100.0,0,0,0,0.0,0,0,0,0,0,0,0,0,0,0,0,1,0,0,1,0,0,0,0,0,0,0,0
2456624,Zakaria Kassary,Alverca,zakaria kassary,6.6,3,0,19,0,,0,0.01,0,0,0,0,0.0,11,11,100.0,1,1,100.0,0,6,1,1,0,0,0.0,2,0,0.0,14,3,0,0,0,0,0.0,0,1,0.0,0,0.0,0,0,0.0,0,0,0,0.0,0,0,0,0,0,0,0,0,0,0,0,0,0,0,0,0,0,0,0,0,0,0,0
788365,João Costa,Porto,joao costa,6.5,1,0,18,0,,0,0.0,0,0,0,0,0.0,5,8,62.5,0,3,0.0,0,0,1,2,0,0,0.0,0,0,0.0,10,3,0,2,0,0,0.0,0,0,0.0,0,0.0,0,0,0.0,0,0,0,0.0,0,0,0,0,0,0,0,0,0,0,0,0,0,0,0,0,0,0,0,0,0,0,0
802149,Yann Karamoh,Porto,yann karamoh,6.3,1,0,18,0,,0,0.0,0,0,0,0,0.0,3,5,60.0,0,1,0.0,0,2,0,0,0,1,0.0,2,0,0.0,9,6,0,2,0,0,0.0,0,0,0.0,0,0.0,0,0,0.0,0,0,0,0.0,0,0,0,0,0,0,0,0,0,0,0,0,0,0,0,0,0,0,0,0,0,0,0
1158555,Or Israelov,Estoril,or israelov,6.7,1,0,17,0,,0,0.0,0,0,0,0,0.0,9,10,90.0,1,2,50.0,0,1,0,0,0,0,0.0,0,0,0.0,12,1,0,0,0,1,50.0,0,1,0.0,1,33.33,1,0,0.0,0,0,0,0.0,0,0,0,1,0,0,0,0,0,0,0,0,0,0,0,0,0,0,0,0,0,0,0
1006110,João Resende,Estrela,joao resende,6.55,2,0,17,0,,0,0.0,0,0,0,0,0.0,7,7,100.0,0,0,0.0,0,1,0,0,0,0,0.0,0,0,0.0,10,1,0,3,0,0,0.0,1,0,100.0,1,100.0,0,0,0.0,0,0,0,0.0,0,0,0,0,0,0,0,0,0,0,0,0,0,0,0,0,0,0,0,0,0,0,0
892424,Kiki Silva,Casa Pia,kiki silva,6.6,1,0,16,0,,0,0.0,0,0,0,0,0.0,2,6,33.33,0,0,0.0,0,1,0,1,0,2,0.0,0,0,0.0,14,7,0,0,0,2,50.0,0,1,0.0,2,40.0,1,1,100.0,0,0,0,0.0,0,0,0,0,1,0,0,0,0,0,0,0,0,0,0,0,0,0,0,0,0,0,0
984626,Óscar Aranda,Famalicão,oscar aranda,6.6,1,0,16,0,0.01,0,0.04,1,0,1,0,0.0,6,6,100.0,0,0,0.0,1,2,0,0,0,1,0.0,3,1,33.33,12,3,0,0,0,1,33.33,0,0,0.0,1,33.33,1,0,0.0,0,0,0,0.0,0,0,0,1,0,0,0,0,0,0,0,0,0,0,0,0,0,0,0,0,0,0,0
1963845,André Miranda,Porto,andre miranda,6.5,1,0,16,0,,0,0.0,0,0,0,0,0.0,3,4,75.0,0,0,0.0,0,1,0,0,0,0,0.0,0,0,0.0,7,1,0,0,0,1,100.0,0,1,0.0,1,50.0,0,0,0.0,0,0,0,0.0,0,0,0,0,1,0,0,0,0,0,0,0,0,0,0,0,0,0,0,0,0,0,0
2239707,Tiago Duarte,Santa Clara,tiago duarte,6.7,1,0,15,0,,0,0.01,0,0,0,0,0.0,9,11,81.82,0,0,0.0,1,4,0,2,0,0,0.0,0,0,0.0,16,3,0,2,0,0,0.0,1,0,100.0,1,50.0,0,0,0.0,0,1,0,0.0,0,0,1,0,0,0,0,0,0,0,0,0,0,0,0,0,0,0,0,0,0,0,0
1563668,Rudi Almeida,Famalicão,rudi almeida,6.6,2,0,14,0,,0,0.0,0,0,0,0,0.0,4,4,100.0,0,0,0.0,0,1,0,0,0,1,0.0,0,0,0.0,7,3,0,1,0,0,0.0,1,0,100.0,1,50.0,0,0,0.0,0,0,0,0.0,0,0,0,0,0,0,0,0,0,0,0,1,0,0,1,0,0,0,0,0,0,0,0
1117102,Rômulo,Sporting CP,romulo,6.3,1,0,14,0,,0,,0,0,0,0,0.0,0,1,0.0,0,1,0.0,0,0,0,0,0,0,0.0,0,0,0.0,2,1,0,0,0,0,0.0,1,0,100.0,1,100.0,0,0,0.0,0,0,0,0.0,0,0,0,0,1,1,0,0,0,0,0,1,0,0,1,0,0,0,0,0,0,0,0
352874,Rochinha,Famalicão,rochinha,7.1,1,0,13,0,,0,0.2,0,0,0,0,0.0,3,4,75.0,1,2,50.0,3,1,1,1,0,0,0.0,5,4,80.0,11,2,0,1,0,2,66.67,0,0,0.0,2,66.67,0,0,0.0,0,0,0,0.0,0,0,1,0,2,0,0,0,0,0,0,0,0,0,0,0,0,0,0,0,0,0,0
61123,Pedro Trigueira,AVS Futebol,pedro trigueira,6.6,1,0,13,0,,0,0.0,0,0,0,0,0.0,2,2,100.0,2,2,100.0,0,0,0,0,0,0,0.0,0,0,0.0,3,0,0,0,0,0,0.0,0,0,0.0,0,0.0,0,0,0.0,0,1,0,0.0,0,0,0,0,0,0,0,0,0,0,0,0,0,0,0,0,0,0,0,0,0,0,0
1158181,Ivan Lima,Benfica,ivan lima,6.5,1,0,13,0,,0,0.0,0,0,0,0,0.0,2,3,66.67,0,0,0.0,0,2,0,0,1,2,50.0,2,0,0.0,8,4,0,1,0,1,50.0,0,0,0.0,1,50.0,0,0,0.0,0,0,0,0.0,0,0,0,0,0,0,0,0,0,0,0,0,0,0,0,0,0,0,0,0,0,0,0
1536297,Jonatás Noro,Braga,jonatas noro,6.2,1,0,13,0,,0,0.0,0,0,0,0,0.0,2,3,66.67,0,0,0.0,0,0,0,0,0,0,0.0,0,0,0.0,4,1,0,0,0,0,0.0,0,0,0.0,0,0.0,0,0,0.0,1,0,0,0.0,0,0,0,0,0,0,0,0,0,0,0,1,0,0,1,0,0,0,0,0,0,0,0
1163947,Gonzalo Calçada,Estrela,gonzalo calcada,6.3,1,0,12,0,,0,,0,0,0,0,0.0,0,0,0.0,0,0,0.0,0,0,0,0,0,0,0.0,0,0,0.0,2,1,0,0,1,0,0.0,0,1,0.0,0,0.0,0,0,0.0,0,1,0,0.0,0,0,0,1,0,0,0,0,0,0,0,0,0,0,0,0,0,0,0,0,0,0,0
1485103,Tobias Medina,Rio Ave,tobias medina,6.8,1,0,11,0,,0,0.0,0,0,0,0,0.0,5,6,83.33,0,0,0.0,0,1,0,0,0,0,0.0,0,0,0.0,11,1,0,3,0,3,75.0,0,0,0.0,3,75.0,1,1,100.0,0,1,0,0.0,0,0,1,0,2,0,0,0,0,0,0,0,0,0,0,0,0,0,0,0,0,0,0
1084291,Khayon Edwards,Estoril,khayon edwards,6.5,2,0,11,0,,0,0.0,0,0,0,0,0.0,2,2,100.0,0,0,0.0,0,1,0,0,0,0,0.0,0,0,0.0,3,0,0,0,0,0,0.0,0,0,0.0,0,0.0,0,0,0.0,0,1,0,0.0,0,0,0,1,0,0,0,0,0,0,0,1,0,0,1,0,0,0,0,0,0,0,0
2158739,Gonçalo Maia Pereira,Gil Vicente FC,goncalo maia pereira,6.5,2,0,11,0,,0,0.0,0,0,0,0,0.0,1,1,100.0,0,0,0.0,0,0,0,0,0,0,0.0,0,0,0.0,3,0,0,0,0,0,0.0,1,1,50.0,1,25.0,0,0,0.0,0,1,0,0.0,0,0,0,2,0,1,0,0,0,0,0,0,0,0,0,0,0,0,0,0,0,0,0
1195449,Joao Carvalho,Braga,joao carvalho,7.2,1,0,10,0,,0,0.0,0,0,0,0,0.0,3,6,50.0,0,3,0.0,0,0,0,0,0,0,0.0,0,0,0.0,9,3,0,2,0,1,100.0,1,0,100.0,2,100.0,0,0,0.0,0,0,0,0.0,0,0,0,0,1,0,0,1,0,1,0,1,0,1,1,0,0,0,0,0,1,0,0
1900357,Fodé Pascoal,Braga,fode pascoal,6.7,1,0,10,0,,0,0.0,0,0,0,0,0.0,11,12,91.67,1,1,100.0,0,2,0,0,0,0,0.0,0,0,0.0,15,1,0,0,0,0,0.0,0,0,0.0,0,0.0,0,0,0.0,1,1,0,0.0,0,0,0,0,0,0,0,0,0,0,0,0,0,0,0,0,0,0,0,0,0,0,0
1495877,Rodrigo Silva,Braga,rodrigo silva,6.5,1,0,10,0,,0,0.0,0,0,0,0,0.0,3,3,100.0,0,0,0.0,0,1,0,0,0,0,0.0,0,0,0.0,5,2,0,0,0,0,0.0,0,0,0.0,0,0.0,0,0,0.0,0,0,0,0.0,0,0,0,0,0,0,0,0,0,0,0,0,0,0,0,0,0,0,0,0,0,0,0
2338038,Antonio Gil,Braga,antonio gil,6.3,1,0,10,0,,0,0.0,0,0,0,0,0.0,2,2,100.0,0,0,0.0,0,0,0,0,0,0,0.0,0,0,0.0,2,0,0,0,0,0,0.0,0,1,0.0,0,0.0,0,0,0.0,0,0,0,0.0,0,0,0,1,0,0,0,0,0,0,0,1,0,0,1,0,0,0,0,0,0,0,0
1799243,Hugo Nunes,Vit. Guimarães,hugo nunes,6.3,1,0,10,0,,0,0.0,0,0,0,0,0.0,6,8,75.0,0,0,0.0,0,1,0,1,0,0,0.0,0,0,0.0,10,2,0,0,0,0,0.0,0,1,0.0,0,0.0,0,0,0.0,1,1,0,0.0,0,0,0,1,0,0,0,0,0,0,0,1,0,0,1,0,0,0,0,0,0,0,0
1961103,Bernardo Lima,Porto,bernardo lima,6.8,1,0,8,0,,0,0.08,0,0,0,0,0.0,2,2,100.0,0,0,0.0,1,1,0,0,0,0,0.0,0,0,0.0,4,0,0,0,0,0,0.0,0,0,0.0,0,0.0,0,0,0.0,0,0,0,1.0,0,0,0,0,0,0,0,0,0,0,0,0,0,0,0,0,0,0,0,0,0,0,0
1586645,Eduardo Felicíssimo,Sporting CP,eduardo felicissimo,6.7,1,0,8,0,,0,0.02,0,0,0,0,0.0,9,9,100.0,0,0,0.0,0,5,0,0,0,0,0.0,0,0,0.0,9,0,0,0,0,0,0.0,0,0,0.0,0,0.0,0,0,0.0,0,0,0,0.0,0,0,0,0,0,0,0,0,0,0,0,0,0,0,0,0,0,0,0,0,0,0,0
857766,Issiar Drame,Estrela,issiar drame,6.7,1,0,8,0,,0,0.0,0,0,0,0,0.0,5,5,100.0,0,0,0.0,0,0,0,0,0,0,0.0,0,0,0.0,5,0,0,0,0,0,0.0,0,0,0.0,0,0.0,0,0,0.0,0,0,0,0.0,0,0,0,0,0,0,0,0,0,0,0,0,0,0,0,0,0,0,0,0,0,0,0
913033,Diogo Martins,Alverca,diogo martins,6.7,1,0,8,0,0.06,0,0.01,0,0,1,1,0.0,4,5,80.0,0,0,0.0,0,2,0,0,0,0,0.0,1,0,0.0,8,2,0,1,0,0,0.0,0,0,0.0,0,0.0,0,0,0.0,0,0,0,0.0,0,0,0,0,0,0,0,0,0,0,0,0,0,0,0,0,0,0,0,0,0,0,0
2455955,Miguel Silva,Moreirense,miguel silva,6.6,1,0,8,0,,0,0.01,0,0,0,0,0.0,6,6,100.0,0,0,0.0,0,1,0,0,0,0,0.0,0,0,0.0,8,0,0,2,0,0,0.0,0,0,0.0,0,0.0,0,0,0.0,0,0,0,1.0,0,0,0,1,0,1,0,0,0,0,0,0,0,0,0,0,0,0,0,0,0,0,0
1617764,Ejike Opara,Vit. Guimarães,ejike opara,6.4,1,0,8,0,,0,0.01,0,0,0,0,0.0,2,2,100.0,0,0,0.0,0,1,0,0,0,0,0.0,0,0,0.0,7,1,0,0,1,2,50.0,0,0,0.0,2,50.0,2,0,0.0,0,0,0,0.0,0,0,1,0,0,0,0,0,0,0,0,0,0,0,0,0,0,0,0,0,0,0,0
1410239,Gil Martins,Gil Vicente FC,gil martins,0.0,1,0,2,0,,0,0.0,0,0,0,0,0.0,2,2,100.0,0,0,0.0,0,1,0,0,0,0,0.0,0,0,0.0,3,0,0,0,0,0,0.0,0,0,0.0,0,0.0,0,0,0.0,0,1,0,0.0,0,0,0,0,0,0,0,0,0,0,0,0,0,0,0,0,0,0,0,0,0,0,0
1215905,João Veloso,Benfica,joao veloso,0.0,2,0,2,0,,0,0.0,0,0,0,0,0.0,4,4,100.0,0,0,0.0,0,0,0,0,0,0,0.0,0,0,0.0,4,0,0,0,0,0,0.0,0,0,0.0,0,0.0,0,0,0.0,0,0,0,0.0,0,0,0,0,0,0,0,0,0,0,0,0,0,0,0,0,0,0,0,0,0,0,0
976410,Tiago Gouveia,Benfica,tiago gouveia,0.0,1,0,1,0,,0,,0,0,0,0,0.0,0,1,0.0,0,1,0.0,0,0,0,0,0,0,0.0,0,0,0.0,1,1,0,0,0,0,0.0,0,0,0.0,0,0.0,0,0,0.0,0,0,0,,0,0,0,0,0,0,0,0,0,0,0,0,0,0,0,0,0,0,0,0,0,0,0
1410195,Gonçalo Moreira,Benfica,goncalo moreira,0.0,1,0,1,0,,0,,0,0,0,0,0.0,0,0,0.0,0,0,0.0,0,0,0,0,0,0,0.0,0,0,0.0,1,0,0,0,0,0,0.0,0,0,0.0,0,0.0,0,0,0.0,0,1,0,0.0,0,0,0,0,0,0,0,0,0,0,0,0,0,0,0,0,0,0,0,0,0,0,0
2551196,Abdu Dafe,Casa Pia,abdu dafe,0.0,1,0,1,0,,0,,0,0,0,0,0.0,0,0,0.0,0,0,0.0,0,0,0,0,0,0,0.0,0,0,0.0,0,0,0,0,0,0,0.0,0,0,0.0,0,0.0,0,0,0.0,0,0,0,0.0,0,0,0,0,0,0,0,0,0,0,0,0,0,0,0,0,0,0,0,0,0,0,0
