norm_key,name,team,n_points,gw,gh,grid
lautaro martinez,Lautaro Martínez,Inter,1063,12,8,0 5 5 10 18 10 5 8 22 30 60 5 0 0 5 8 15 25 20 45 55 20 20 22 8 0 2 20 42 38 48 40 50 57 25 28 2 10 2 10 38 32 48 32 50 42 78 40 15 15 5 18 32 40 28 45 48 50 98 32 0 8 0 22 30 57 45 65 100 70 52 30 0 0 8 15 40 35 40 42 72 45 35 18 0 0 8 20 35 12 15 12 50 60 20 15
marcus thuram,Marcus Thuram,Inter,939,12,8,0 0 0 17 14 34 24 28 69 38 41 17 0 0 7 21 21 24 55 62 55 45 66 48 0 0 3 34 28 62 48 55 59 72 100 72 7 14 7 31 24 31 59 31 48 55 76 79 10 3 0 21 34 38 28 62 69 62 79 41 0 0 17 21 38 28 66 66 34 66 76 55 0 0 10 17 34 41 45 41 45 38 34 17 0 10 7 24 24 34 24 31 59 41 34 28
ange-yoan bonny,Ange-Yoan Bonny,Inter,576,12,8,0 0 5 10 24 14 10 19 14 19 10 14 5 5 0 14 19 29 33 43 29 38 14 10 5 0 0 14 10 33 24 67 38 29 14 29 5 10 0 19 10 33 14 38 48 29 81 33 0 10 5 24 14 19 33 29 71 48 76 43 0 0 14 43 43 48 38 100 48 48 52 76 0 0 10 38 48 43 43 62 57 38 67 52 0 5 14 33 57 19 38 43 90 43 76 29
francesco pio esposito,Francesco Pio Esposito,Inter,718,12,8,0 4 0 4 25 14 11 18 14 18 32 14 0 0 0 25 21 29 32 32 36 36 25 14 0 14 4 29 36 39 57 43 64 43 32 32 14 14 4 11 21 46 50 25 61 71 86 43 7 21 0 21 25 39 50 50 36 68 100 79 4 0 0 14 39 50 50 57 61 54 57 36 0 0 7 4 21 32 32 32 64 21 32 4 0 0 0 11 21 18 21 39 18 7 11 7
hakan calhanoglu,Hakan Çalhanoğlu,Inter,1502,12,8,2 2 10 4 22 8 18 27 33 18 6 4 16 14 14 43 55 49 57 76 63 33 10 4 2 22 55 51 63 69 100 98 84 33 4 8 2 12 24 78 55 55 53 61 69 33 2 2 2 12 39 82 53 61 59 55 61 27 4 4 6 33 47 61 63 57 78 76 55 27 8 2 0 10 27 35 43 33 27 59 45 18 0 4 4 2 4 10 16 14 20 37 33 10 12 4
nicolo barella,Nicolò Barella,Inter,1959,12,8,8 22 33 73 56 48 73 86 100 79 44 17 5 10 40 52 63 59 68 81 98 59 29 13 8 13 30 62 65 67 76 79 78 41 22 16 5 11 22 51 32 43 59 21 51 35 25 5 5 5 17 37 32 43 46 40 43 22 11 5 0 11 8 22 32 30 49 46 46 27 13 8 3 10 5 16 16 11 33 35 70 27 17 11 0 5 2 11 5 6 10 21 35 19 11 3
piotr zielinski,Piotr Zieliński,Inter,1534,12,8,2 2 2 8 6 6 6 9 9 6 5 2 0 3 0 23 19 14 22 42 16 9 6 5 0 9 27 39 56 45 52 69 56 19 8 3 5 12 22 48 45 38 42 33 47 23 5 2 6 11 23 55 48 58 48 36 36 25 9 2 9 16 38 67 77 58 100 72 53 30 17 6 2 16 16 30 48 33 58 66 73 38 12 5 2 5 11 14 23 16 17 20 23 25 14 5
federico dimarco,Federico Dimarco,Inter,1557,12,8,1 1 1 1 7 0 1 2 4 20 10 4 0 1 1 2 1 0 0 1 5 8 10 4 0 1 1 2 1 1 2 2 0 7 4 7 4 0 1 1 5 2 0 4 13 6 2 6 2 7 5 7 5 2 8 11 18 16 18 4 18 27 12 18 22 12 14 24 30 36 31 33 22 31 28 47 48 39 41 55 63 54 54 39 18 43 61 100 84 60 83 88 95 94 58 28
petar sucic,Petar Sučić,Inter,1424,12,8,7 14 12 19 14 33 23 23 40 35 21 16 0 16 16 37 37 26 53 79 42 40 21 9 12 9 21 47 65 56 47 58 72 37 28 7 9 5 14 28 44 30 42 47 51 30 23 2 2 12 23 86 53 35 42 40 44 37 14 0 0 16 26 58 63 56 67 100 74 44 26 26 2 14 23 77 42 33 56 77 67 53 40 23 9 21 19 30 42 28 60 60 74 56 28 16
henrikh mkhitaryan,Henrikh Mkhitaryan,Inter,1241,12,8,0 2 2 6 0 2 8 4 6 2 4 2 0 0 4 10 0 6 8 16 18 4 6 8 2 0 6 26 14 18 26 46 34 24 6 6 2 14 14 28 32 18 26 34 42 12 20 2 4 8 12 50 34 32 40 24 60 38 32 8 8 12 24 26 62 54 68 90 68 52 30 22 6 24 16 58 60 58 80 98 100 68 40 32 8 12 16 42 34 36 42 66 56 52 34 16
luis henrique,Luís Henrique,Inter,943,12,8,18 37 39 79 79 61 75 100 74 77 49 11 5 26 30 26 39 21 53 53 61 42 35 23 9 11 14 7 23 18 19 35 26 35 30 14 5 4 2 4 7 5 12 7 5 4 5 4 0 9 2 4 9 2 5 4 7 2 2 0 5 5 2 4 9 2 4 9 7 2 7 2 7 11 5 5 4 9 9 5 5 9 5 2 0 4 9 4 12 9 7 5 7 5 2 0
kristjan asllani,Kristjan Asllani,Inter,757,12,8,3 3 13 43 20 13 7 13 13 3 3 3 13 7 10 23 17 13 33 30 23 7 0 0 7 17 37 67 80 53 90 60 47 13 3 3 0 20 23 50 57 73 77 27 23 3 7 3 0 20 37 67 67 80 67 30 47 13 3 3 0 3 27 100 87 77 57 53 37 17 7 3 3 3 20 63 47 40 57 40 33 3 3 3 3 0 13 27 20 3 13 23 20 10 13 3
davide frattesi,Davide Frattesi,Inter,268,12,8,42 25 83 17 25 17 17 50 50 42 33 8 0 0 58 17 58 17 67 67 17 0 25 17 8 17 0 8 50 42 67 100 100 17 50 42 8 0 17 33 33 25 33 17 25 17 58 50 0 17 8 33 42 33 67 25 33 67 58 33 0 8 0 8 8 33 25 25 8 8 25 0 0 0 8 17 0 0 0 8 8 8 8 17 0 0 8 8 0 0 0 8 0 0 0 0
andy diouf,Andy Diouf,Inter,362,12,8,11 6 22 50 33 72 94 78 100 44 28 6 6 6 11 33 56 33 50 83 61 61 28 33 0 11 11 39 44 22 22 61 94 78 61 89 17 6 6 0 17 22 0 0 11 39 11 6 0 0 0 11 22 6 6 11 0 33 11 6 0 6 6 0 6 0 6 11 50 11 11 6 11 0 0 17 0 17 11 0 17 6 11 0 0 0 6 6 6 0 0 6 6 6 0 0
ebenezer akinsanmiro,Ebenezer Akinsanmiro,Inter,872,12,8,4 4 31 23 42 12 19 23 8 19 0 0 4 15 12 54 27 15 31 58 23 8 4 4 0 19 38 73 85 65 81 62 50 12 4 8 4 23 23 38 85 73 62 81 58 15 8 4 8 27 38 96 69 77 85 46 69 19 8 0 8 12 46 92 77 69 65 100 77 35 8 4 23 15 27 62 62 42 85 85 69 27 23 4 8 15 12 54 12 15 35 69 35 27 0 8
manuel akanji,Manuel Akanji,Inter,2095,12,8,10 33 47 58 64 53 73 55 32 12 4 0 26 58 51 86 62 51 66 70 36 8 1 0 26 34 58 100 88 64 84 74 42 10 5 3 26 23 38 67 56 60 60 49 25 3 19 11 27 29 30 55 42 52 58 51 25 4 12 8 8 22 29 62 58 41 41 34 15 3 4 1 3 15 18 25 21 19 12 8 15 0 0 1 4 3 10 3 7 3 8 4 1 0 0 0
alessandro bastoni,Alessandro Bastoni,Inter,1892,12,8,0 1 0 0 0 0 0 0 1 4 1 1 0 0 0 3 3 3 4 1 1 1 1 1 0 6 4 8 10 7 6 8 6 1 0 3 8 22 18 22 12 22 26 6 6 0 6 4 39 43 25 42 32 31 28 31 22 6 10 14 19 43 67 100 83 75 71 69 50 19 7 12 26 56 58 97 94 78 78 86 81 43 21 19 12 32 56 85 76 65 92 72 71 68 60 24
benjamin pavard,Benjamin Pavard,Inter,103,12,8,0 0 0 12 12 38 25 12 38 0 0 0 0 12 75 62 75 88 50 0 0 0 0 0 0 62 88 100 62 75 100 25 0 0 25 0 0 12 25 62 0 0 25 0 0 0 0 12 12 0 0 38 0 0 12 0 0 0 0 0 12 0 0 0 0 0 0 0 0 12 0 0 0 0 0 0 12 0 0 0 0 0 0 0 0 0 0 0 12 0 0 0 0 0 0 0
carlos augusto,Carlos Augusto,Inter,1397,12,8,4 0 6 19 13 13 28 31 19 17 9 4 6 2 9 9 13 6 6 6 15 4 13 4 4 7 6 6 9 0 13 4 4 4 4 7 9 13 15 15 7 13 7 6 4 4 7 11 37 17 26 37 28 26 46 11 15 11 7 13 26 48 43 78 61 43 57 61 35 26 20 17 22 52 76 93 98 57 100 98 43 26 30 22 20 39 41 76 61 67 91 83 61 57 48 7
yann bisseck,Yann Bisseck,Inter,1458,12,8,11 38 30 59 58 36 58 67 58 27 8 8 14 31 47 62 66 52 52 59 45 25 14 5 22 36 77 100 94 73 67 50 48 25 9 5 25 27 25 52 42 38 39 12 11 3 14 19 22 19 16 39 14 30 19 6 2 6 6 6 9 23 14 25 17 6 11 5 3 3 2 2 3 2 6 19 19 3 14 11 11 5 0 2 2 2 3 6 3 0 6 5 5 6 2 0
josep martinez,Josep Martínez,Inter,195,12,8,0 0 0 0 0 0 0 0 0 0 0 0 6 3 0 3 0 0 0 0 0 0 0 0 9 18 3 3 0 0 0 0 0 0 0 0 94 76 29 32 6 0 0 0 0 0 0 0 100 88 32 15 0 0 0 0 0 0 0 0 18 12 9 3 0 0 0 0 0 0 0 0 3 3 3 3 0 0 0 0 0 0 0 0 0 3 0 0 0 0 0 0 0 0 0 0
raffaele di gennaro,Raffaele Di Gennaro,Inter,13,12,8,0 0 0 0 0 0 0 0 0 0 0 0 0 0 0 0 0 0 0 0 0 0 0 0 20 0 0 0 0 0 0 0 0 0 0 0 20 20 0 0 0 0 0 0 0 0 0 0 100 80 0 0 0 0 0 0 0 0 0 0 0 20 0 0 0 0 0 0 0 0 0 0 0 0 0 0 0 0 0 0 0 0 0 0 0 0 0 0 0 0 0 0 0 0 0 0
rasmus hojlund,Rasmus Højlund,SSC Napoli,986,12,8,0 0 0 6 6 11 17 50 25 31 33 14 0 0 0 11 14 39 28 50 50 36 22 19 0 0 11 25 22 56 58 75 89 61 44 17 17 8 0 11 14 47 42 58 64 56 69 47 8 14 8 33 19 50 42 53 67 67 100 42 0 3 3 14 14 44 44 67 53 75 58 50 0 3 0 8 17 31 53 53 44 39 44 33 0 0 0 8 11 14 11 22 22 17 22 6
romelu lukaku,Romelu Lukaku,SSC Napoli,32,12,8,0 0 0 0 0 0 0 25 0 0 0 0 0 0 0 0 0 0 25 25 50 0 0 25 0 0 0 0 25 25 0 25 25 25 0 0 0 50 0 0 0 0 0 25 0 0 25 0 0 0 0 0 0 50 0 0 25 50 75 25 0 0 0 0 0 0 0 25 0 25 100 0 0 0 0 0 0 0 0 50 0 0 0 0 0 0 0 0 0 0 0 0 0 0 0 0
noa lang,Noa Lang,SSC Napoli,429,12,8,0 0 0 0 0 0 0 0 4 0 7 4 0 0 4 0 0 7 0 4 7 4 7 0 0 0 4 0 0 0 11 7 4 18 0 0 0 0 7 4 7 11 4 7 25 14 4 0 0 7 11 7 18 7 21 14 29 14 21 14 0 7 4 32 18 21 14 46 54 36 29 18 14 11 4 21 32 11 21 54 61 79 54 36 11 7 14 25 39 36 68 100 61 86 54 21
david neres,David Neres,SSC Napoli,582,12,8,0 3 14 28 31 48 45 52 83 100 72 52 0 0 0 24 31 38 28 69 83 69 31 45 7 7 7 14 24 10 31 41 83 48 38 41 0 10 3 7 17 10 24 10 41 31 10 3 0 7 7 10 0 10 3 10 28 14 10 10 3 0 0 3 7 7 7 3 14 14 7 3 0 7 0 24 14 17 3 17 34 10 7 24 0 7 3 21 24 21 10 24 17 21 38 17
alisson santos,Alisson Santos,SSC Napoli,523,12,8,0 0 0 0 0 0 0 0 0 0 3 0 0 0 0 0 0 0 3 3 0 0 0 0 0 0 0 0 3 3 3 0 0 0 0 0 0 0 0 0 5 8 0 0 3 11 0 0 0 3 11 0 19 5 8 0 19 16 19 11 5 8 8 8 11 19 24 19 30 76 51 41 3 8 11 16 35 35 19 27 54 70 51 100 0 11 11 43 59 38 70 70 78 73 46 30
giovane,Giovane,SSC Napoli,1035,12,8,0 0 16 37 45 31 51 84 98 90 31 39 2 4 8 39 57 20 43 90 86 45 24 29 10 6 2 10 37 27 41 100 76 55 35 43 4 10 6 10 14 31 29 35 49 31 35 12 6 2 0 6 18 12 16 24 31 22 27 4 2 2 6 2 12 4 6 16 27 10 22 12 4 2 2 6 4 4 4 10 10 16 10 6 0 0 0 2 4 6 4 8 20 10 8 4
lorenzo lucca,Lorenzo Lucca,SSC Napoli,188,12,8,0 11 0 22 11 11 11 0 33 22 11 0 0 0 0 33 11 22 11 0 44 0 11 11 0 0 0 22 22 33 33 56 78 56 33 44 0 0 11 11 22 56 67 33 78 44 89 33 33 0 0 0 0 44 67 33 44 22 56 33 0 11 0 11 22 22 56 22 67 11 100 11 0 0 11 33 44 11 11 33 22 0 11 22 0 0 0 56 22 0 0 0 33 0 0 11
walid cheddira,Walid Cheddira,SSC Napoli,532,12,8,0 16 21 21 26 37 26 89 84 53 42 21 0 0 5 32 21 21 42 58 100 26 47 21 0 11 5 32 32 21 32 100 95 42 42 47 16 16 0 32 37 37 32 47 63 37 47 21 0 0 16 5 11 21 37 79 47 47 58 37 0 0 0 5 21 42 84 74 58 16 42 16 0 0 0 11 32 21 37 37 58 11 26 5 0 0 0 11 16 11 21 26 58 21 16 16
antonio vergara,Antonio Vergara,SSC Napoli,429,12,8,7 47 60 80 67 40 47 67 47 67 67 27 7 7 27 67 87 60 47 53 60 53 60 13 7 0 13 53 60 60 80 53 73 27 40 27 7 7 13 13 13 47 27 40 80 40 7 7 0 0 0 13 27 47 13 27 67 20 27 0 7 20 0 7 13 33 33 40 40 13 100 20 0 0 0 13 27 20 27 27 20 27 20 13 0 7 7 33 33 20 20 0 0 20 7 0
cyril ngonge,Cyril Ngonge,SSC Napoli,557,12,8,4 7 18 32 75 32 43 54 75 43 39 14 4 7 0 21 46 29 43 64 71 32 29 32 0 4 0 36 36 36 50 61 100 43 39 36 7 7 4 11 14 11 14 32 39 25 18 21 0 4 7 25 14 14 11 18 25 36 21 7 0 4 7 14 14 25 25 11 21 18 14 14 0 0 0 11 18 11 14 25 18 4 11 0 0 4 4 4 14 4 4 14 0 18 7 0
giuseppe ambrosino,Giuseppe Ambrosino,SSC Napoli,17,12,8,0 0 0 0 0 0 0 0 0 0 0 0 0 0 0 0 0 0 0 50 100 0 0 0 0 0 0 0 0 0 0 0 0 0 0 0 50 0 0 0 100 0 50 50 0 0 0 0 0 0 0 0 0 0 0 0 50 0 100 0 0 0 0 0 0 0 0 0 0 0 0 50 0 0 0 0 50 0 0 100 0 50 0 50 0 0 0 0 0 0 0 0 0 0 0 0
kevin de bruyne,Kevin De Bruyne,SSC Napoli,884,12,8,0 3 10 10 29 39 26 45 48 39 42 13 0 3 6 6 29 39 32 77 97 23 10 39 3 0 6 13 39 52 58 77 74 32 19 10 0 3 3 29 42 61 42 58 71 42 10 13 6 3 6 42 19 32 52 61 81 32 13 10 0 3 3 52 39 48 58 58 100 32 13 23 0 0 13 16 35 23 48 97 48 29 26 6 0 3 13 10 32 52 52 48 23 23 23 23
scott mctominay,Scott McTominay,SSC Napoli,1735,12,8,0 2 2 5 9 0 9 16 11 7 5 9 0 5 5 12 20 20 30 39 34 9 4 12 0 9 21 30 54 54 75 79 61 29 23 16 23 25 16 41 52 57 70 48 45 23 36 30 25 34 18 64 77 62 70 62 54 38 43 34 9 25 30 57 100 75 82 84 55 34 43 5 7 20 20 52 68 52 73 82 59 30 20 7 0 11 18 30 38 25 21 29 41 14 9 11
frank anguissa,Frank Anguissa,SSC Napoli,946,12,8,3 18 11 45 26 32 29 26 42 29 45 3 5 8 16 45 89 45 45 63 71 18 32 16 0 13 29 79 100 89 74 66 74 26 13 8 8 16 18 53 42 47 34 50 53 13 37 11 5 11 5 39 42 45 68 37 21 8 29 18 3 5 24 39 42 61 29 45 21 18 5 8 0 5 5 13 11 11 21 26 13 3 3 11 3 0 0 0 5 0 11 3 0 0 3 3
matteo politano,Matteo Politano,SSC Napoli,1148,12,8,14 33 33 76 77 57 78 100 87 90 71 35 13 15 15 34 25 20 29 32 46 54 48 42 3 6 5 11 6 10 14 15 28 43 30 25 3 5 3 3 1 1 1 1 15 16 6 6 0 1 1 1 3 1 1 6 4 5 1 3 0 1 0 3 0 3 4 3 1 0 1 4 0 0 0 1 3 0 0 0 3 1 0 3 0 0 0 0 3 0 1 1 4 1 0 1
stanislav lobotka,Stanislav Lobotka,SSC Napoli,1755,12,8,2 9 12 14 11 11 17 20 25 5 3 0 5 17 25 37 40 28 51 51 31 14 5 0 9 31 43 71 89 71 100 94 62 23 6 0 5 12 35 91 57 60 65 63 46 17 5 0 3 34 32 65 68 54 52 51 55 17 2 0 5 15 25 46 62 51 55 69 69 23 5 0 2 11 12 38 23 18 31 48 55 29 3 0 5 6 3 17 6 12 12 9 11 6 2 0
billy gilmour,Billy Gilmour,SSC Napoli,875,12,8,0 0 0 18 15 12 26 18 9 15 12 0 0 0 21 50 35 47 38 56 59 29 12 0 0 6 15 85 100 62 65 94 38 26 6 0 3 15 15 65 44 59 44 35 26 18 9 0 3 15 32 68 79 44 68 68 56 15 12 3 3 6 6 59 82 62 68 85 59 15 9 0 3 12 12 24 32 38 41 53 41 21 0 0 3 6 6 6 6 3 6 15 15 18 0 0
michael folorunsho,Michael Folorunsho,SSC Napoli,995,12,8,0 2 7 2 10 12 12 10 15 2 2 10 7 7 2 10 5 0 7 15 22 2 7 5 0 12 7 5 12 7 7 2 24 24 10 7 10 5 15 22 17 24 7 20 29 12 15 7 15 12 7 32 24 17 34 37 59 29 29 7 12 17 22 39 41 51 61 51 54 37 22 24 22 29 22 54 76 63 73 71 83 34 29 22 12 34 37 66 76 80 100 80 66 49 24 12
pasquale mazzocchi,Pasquale Mazzocchi,SSC Napoli,269,12,8,17 25 33 50 79 62 71 100 46 50 33 21 4 21 12 12 21 4 29 21 21 8 12 29 0 4 0 4 0 4 4 25 25 0 0 17 12 8 0 4 0 0 0 0 4 0 4 8 8 4 0 0 0 4 0 0 0 0 8 0 4 12 4 0 0 0 0 0 0 0 0 0 8 0 8 8 4 4 0 4 4 12 4 8 4 8 0 17 17 4 4 4 21 8 8 4
alessio zerbin,Alessio Zerbin,SSC Napoli,895,12,8,28 33 51 79 86 63 93 100 98 77 81 37 14 23 16 35 42 40 53 49 53 35 28 16 14 33 19 21 19 12 40 33 60 26 33 21 9 16 30 30 14 9 14 12 35 19 16 16 2 0 2 23 9 7 7 5 16 7 7 0 2 2 9 14 7 7 5 5 5 7 2 2 9 12 2 7 0 5 16 9 0 5 0 0 5 0 2 14 14 5 5 14 9 5 2 9
giovanni di lorenzo,Giovanni Di Lorenzo,SSC Napoli,1482,12,8,13 47 70 100 81 75 96 87 92 71 46 10 15 23 34 70 68 48 70 62 49 27 24 20 24 27 18 47 42 34 46 38 32 9 14 8 8 10 13 25 10 13 13 13 14 1 16 16 6 13 1 0 10 8 1 3 4 3 6 8 0 1 3 1 1 3 3 3 3 0 0 6 1 0 0 0 1 0 0 0 0 0 0 3 0 0 0 0 0 0 0 0 0 0 0 0
miguel gutierrez,Miguel Gutiérrez,SSC Napoli,1155,12,8,15 36 34 64 70 28 47 53 43 21 23 13 17 4 13 34 15 13 13 23 0 32 13 19 2 13 6 17 17 13 0 13 15 11 9 9 4 13 6 4 4 6 4 17 15 4 2 4 11 15 9 15 11 9 15 23 9 15 0 6 11 21 21 23 40 45 15 38 38 17 4 6 26 36 32 57 40 38 43 64 36 34 34 21 19 53 62 100 62 77 85 83 74 55 49 9
alessandro buongiorno,Alessandro Buongiorno,SSC Napoli,1819,12,8,4 8 9 15 7 4 14 11 7 0 0 0 5 20 15 20 23 9 8 12 0 1 0 0 11 15 26 51 47 18 23 5 5 0 0 1 15 24 20 58 42 38 32 18 4 0 1 4 49 34 32 78 64 57 51 42 5 0 0 11 22 27 51 91 100 61 78 50 16 3 7 4 30 34 47 88 80 66 82 68 32 8 4 4 18 42 34 42 45 31 43 41 23 8 3 1
leonardo spinazzola,Leonardo Spinazzola,SSC Napoli,1190,12,8,0 5 0 3 0 0 3 2 2 3 0 2 3 3 0 2 0 0 0 5 0 0 2 2 0 2 0 2 0 0 2 3 3 2 2 2 8 3 2 0 2 2 5 7 0 2 0 2 8 15 5 8 3 13 10 8 12 12 15 7 8 27 25 15 22 32 25 33 37 37 32 27 15 27 27 45 52 37 55 83 60 63 68 48 12 65 65 98 98 87 90 100 97 87 62 23
mathias olivera,Mathías Olivera,SSC Napoli,1192,12,8,4 5 2 11 0 0 7 0 2 2 0 0 2 2 16 0 5 4 2 2 9 0 0 0 5 7 9 14 12 2 7 4 5 2 0 5 2 7 5 27 14 5 12 7 4 4 2 7 18 9 12 27 34 21 20 16 27 5 11 9 16 36 54 80 71 66 59 46 43 14 20 12 9 27 39 100 89 80 84 80 61 16 7 9 12 46 48 75 66 50 64 68 64 27 29 7
amir rrahmani,Amir Rrahmani,SSC Napoli,1537,12,8,7 31 26 36 22 21 26 18 7 0 0 0 22 26 47 76 44 28 51 28 18 1 0 0 10 53 67 100 97 79 85 50 21 1 6 6 12 22 32 83 68 79 62 42 7 0 6 8 19 26 26 74 54 58 28 19 6 1 8 3 10 6 25 33 36 22 21 3 0 1 1 1 3 12 7 14 24 8 17 8 1 0 0 0 1 3 1 6 3 3 7 0 0 0 0 0
sam beukema,Sam Beukema,SSC Napoli,1294,12,8,23 53 47 91 81 53 75 70 36 9 3 0 22 42 52 100 91 70 95 69 34 11 5 0 28 33 41 97 89 61 67 56 23 6 0 6 19 39 19 28 14 30 12 12 2 2 5 6 9 19 16 27 27 12 8 2 3 0 5 11 5 2 8 9 5 5 0 2 2 0 3 2 0 3 0 2 0 2 0 3 2 0 0 0 0 0 2 0 0 3 0 0 0 0 0 0
luca marianucci,Luca Marianucci,SSC Napoli,544,12,8,17 52 66 100 79 79 48 83 45 10 0 0 14 41 34 90 66 66 83 76 28 7 7 0 24 41 38 93 86 45 76 48 28 3 0 0 14 41 14 24 10 14 10 24 3 0 0 3 17 7 14 17 7 3 17 3 0 0 0 3 3 7 3 10 3 0 0 0 0 0 0 0 7 0 0 3 0 7 3 3 0 0 0 0 0 0 0 0 3 0 0 0 0 0 0 0
vanja milinkovic-savic,Vanja Milinković-Savić,SSC Napoli,733,12,8,0 0 1 1 1 0 0 0 0 0 0 0 2 6 6 5 2 0 0 0 0 0 0 0 38 40 20 15 2 0 1 0 0 0 0 0 95 100 55 33 2 1 0 0 0 0 0 0 99 99 52 41 9 0 2 0 0 0 0 0 30 35 24 9 5 0 0 0 0 0 0 0 10 16 16 4 1 1 0 0 0 0 0 0 2 2 4 4 0 0 0 0 0 0 0 0
alex meret,Alex Meret,SSC Napoli,327,12,8,0 0 0 0 0 0 0 0 0 0 0 0 2 2 2 3 2 0 0 0 0 0 0 0 10 21 5 6 2 0 0 0 0 0 0 0 76 55 18 16 0 0 0 0 0 0 0 0 100 82 39 16 0 0 0 0 0 0 0 2 16 18 10 8 0 0 0 0 0 0 0 0 10 5 2 2 0 0 0 0 0 0 0 0 0 0 2 0 0 0 0 0 0 0 0 0
nikita contini,Nikita Contini,SSC Napoli,8,12,8,0 0 0 0 0 0 0 0 0 0 0 0 0 0 0 0 0 0 0 0 0 0 0 0 50 50 0 0 0 0 0 0 0 0 0 0 100 100 0 0 0 0 0 0 0 0 0 0 50 0 0 0 0 0 0 0 0 0 0 0 50 0 0 0 0 0 0 0 0 0 0 0 0 0 0 0 0 0 0 0 0 0 0 0 0 0 0 0 0 0 0 0 0 0 0 0
donyell malen,Donyell Malen,AS Roma,546,12,8,0 0 0 0 0 0 0 4 4 7 7 0 0 0 0 7 0 7 7 7 11 4 11 22 0 0 4 4 11 11 26 44 74 52 37 41 0 0 0 4 26 15 30 26 67 59 59 48 0 4 0 15 11 33 30 33 67 52 100 41 4 0 0 15 33 33 41 59 89 56 96 52 4 4 7 11 11 41 37 30 52 37 37 19 0 0 0 4 15 11 15 22 15 11 15 26
artem dovbyk,Artem Dovbyk,AS Roma,185,12,8,0 0 0 0 8 8 8 23 8 15 0 31 0 0 0 0 8 15 31 31 46 15 15 8 0 0 0 15 0 38 46 100 31 8 15 8 0 8 15 0 8 8 15 23 31 38 38 15 15 8 0 15 0 15 8 15 31 23 85 31 0 0 0 0 8 23 15 38 38 62 23 8 0 0 0 0 8 23 23 38 31 23 8 8 0 0 0 8 0 0 8 23 23 8 0 0
matias soule,Matías Soulé,AS Roma,1373,12,8,5 21 13 23 58 42 74 100 95 82 60 29 0 5 6 26 37 40 53 82 82 63 42 32 6 18 10 11 40 32 47 90 55 55 45 27 2 5 11 16 11 15 23 23 40 27 29 11 3 6 2 8 21 16 19 18 16 18 11 8 0 0 2 3 13 13 15 32 29 10 10 5 0 2 3 15 15 10 11 21 24 11 6 15 0 0 2 2 5 6 6 10 16 15 16 6
robinio vaz,Robinio Vaz,AS Roma,108,12,8,0 0 0 0 0 0 0 50 17 100 33 17 0 0 0 0 0 0 17 17 83 33 17 50 0 0 0 0 33 33 50 50 100 17 83 0 0 0 0 17 0 17 33 50 17 0 50 50 0 0 0 0 33 50 33 0 0 33 0 17 17 0 17 17 0 0 0 83 100 0 0 0 0 0 17 0 17 17 33 67 17 33 0 0 0 0 17 0 0 17 0 33 0 50 17 33
wesley,Wesley,AS Roma,1601,12,8,5 19 25 48 56 25 38 65 51 42 29 9 16 10 8 22 17 8 18 19 32 19 14 6 1 14 10 13 12 8 6 10 12 6 9 9 6 5 4 4 4 5 3 1 5 1 0 5 13 9 6 8 6 8 3 6 6 5 5 6 18 16 14 17 13 12 10 16 13 16 16 18 12 23 23 27 36 39 22 43 39 47 44 22 8 16 35 77 83 64 74 100 79 78 57 13
neil el aynaoui,Neil El Aynaoui,AS Roma,794,12,8,0 13 19 29 19 26 23 45 19 32 13 3 3 19 19 32 55 35 29 48 42 16 10 3 6 32 32 84 77 65 61 100 68 10 3 0 6 10 19 32 35 68 48 39 32 19 16 0 3 16 16 52 39 39 45 32 42 6 10 3 0 26 23 87 81 42 45 45 19 3 3 3 6 23 26 61 48 32 45 32 19 0 6 3 6 3 6 26 39 16 13 13 23 3 0 10
manu kone,Manu Koné,AS Roma,1650,12,8,0 0 3 10 21 10 8 17 16 6 8 3 5 2 6 14 24 19 41 40 21 5 2 3 5 11 5 43 33 41 44 68 41 16 8 2 5 14 17 41 30 22 40 54 43 24 13 2 8 11 11 51 46 54 49 41 52 24 14 3 2 6 19 54 75 68 89 76 60 22 22 0 8 2 17 60 76 59 86 100 71 32 8 6 5 11 11 41 41 44 43 49 40 21 16 8
angelino,Angeliño,AS Roma,321,12,8,0 0 0 0 0 0 0 0 0 0 0 3 0 0 0 0 0 0 0 0 0 0 0 0 0 0 0 0 7 0 0 0 0 0 0 3 0 0 0 0 0 0 0 0 0 0 0 0 0 10 0 3 0 0 0 0 0 0 3 7 3 17 17 17 13 7 13 10 17 10 10 10 13 10 20 37 47 13 23 27 27 17 23 17 7 27 40 73 77 47 70 100 77 43 37 20
niccolo pisilli,Niccolò Pisilli,AS Roma,1094,12,8,5 8 5 28 31 23 41 31 41 10 18 8 5 13 23 49 69 51 69 90 62 18 15 5 13 10 23 72 90 79 100 97 64 18 23 3 0 21 18 51 56 49 36 56 31 21 15 10 5 8 18 36 28 41 64 62 46 23 13 8 8 10 15 21 36 41 59 44 26 10 18 10 8 5 5 31 51 41 41 69 28 15 5 5 0 0 5 21 26 28 23 44 21 3 0 8
bryan cristante,Bryan Cristante,AS Roma,2288,12,8,7 11 20 47 43 31 45 53 38 20 16 12 5 15 16 62 55 65 62 80 57 31 8 7 9 27 28 74 89 77 85 100 58 26 24 8 18 28 12 46 51 50 49 59 54 20 19 18 16 23 14 54 47 50 62 51 35 12 16 7 5 11 28 53 68 62 61 62 49 14 12 5 4 9 19 38 50 41 46 47 39 14 4 4 1 4 1 9 22 26 14 16 15 3 8 3
devyne rensch,Devyne Rensch,AS Roma,827,12,8,8 16 24 70 73 70 81 84 70 70 54 35 16 11 19 32 19 11 8 16 24 8 16 14 24 30 5 14 8 0 5 8 14 11 8 11 14 11 3 14 0 0 0 0 0 3 0 8 3 8 3 11 16 8 5 8 3 5 5 8 30 5 14 22 11 5 8 19 11 5 16 19 14 16 22 65 49 16 22 32 22 30 11 8 19 16 43 81 100 41 76 73 70 73 30 19
evan ndicka,Evan Ndicka,AS Roma,1781,12,8,6 15 21 37 26 13 16 6 3 0 0 0 7 24 32 40 35 16 29 18 4 0 0 0 16 40 38 76 65 46 49 24 4 0 0 1 32 34 43 100 65 47 34 22 6 3 13 6 25 40 35 99 63 57 37 31 6 4 22 19 19 54 65 99 84 62 53 28 9 1 4 1 18 50 60 87 72 43 38 29 13 0 3 1 6 18 16 37 28 13 24 24 9 1 0 0
gianluca mancini,Gianluca Mancini,AS Roma,1940,12,8,29 36 56 100 81 61 77 71 53 28 15 11 16 37 43 83 67 56 51 59 40 16 20 11 19 39 44 89 75 40 55 51 21 8 13 12 27 35 33 77 59 49 39 19 15 1 21 16 25 33 19 64 45 44 31 12 1 5 15 16 11 13 20 33 31 20 25 9 1 1 0 1 4 7 9 24 12 11 13 5 1 4 0 1 4 4 1 8 8 1 11 4 3 1 0 0
jan ziolkowski,Jan Ziółkowski,AS Roma,398,12,8,4 23 19 38 19 23 19 4 4 0 4 0 12 19 46 12 31 12 15 8 4 0 0 0 8 31 27 65 27 19 4 4 8 0 0 0 15 8 38 62 50 35 35 4 4 0 8 8 23 8 42 100 42 46 27 15 12 0 8 0 0 42 38 38 35 23 15 0 8 0 0 0 4 19 23 42 35 15 12 8 0 0 0 0 8 0 8 15 19 12 0 12 4 0 0 0
mario hermoso,Mario Hermoso,AS Roma,1511,12,8,6 10 18 32 15 24 26 22 12 6 0 0 3 14 12 32 19 12 11 7 3 1 0 0 7 6 7 18 14 8 15 12 3 1 3 3 11 14 14 22 11 14 12 7 7 3 19 7 18 19 12 42 28 18 21 7 4 4 14 6 14 32 28 60 61 53 50 46 14 8 6 7 8 40 64 100 93 56 57 49 26 14 4 4 11 36 42 94 89 57 71 56 22 8 1 0
daniele ghilardi,Daniele Ghilardi,AS Roma,875,12,8,23 48 55 65 100 48 90 61 13 6 6 0 23 26 32 90 68 52 55 39 19 3 0 3 13 42 23 65 61 23 42 26 10 0 6 3 16 42 29 61 35 19 35 13 6 0 13 10 29 26 10 26 26 13 42 29 3 0 16 3 13 19 26 39 61 39 55 32 16 6 0 0 13 13 52 58 97 58 61 45 23 0 0 3 10 19 32 55 39 35 68 58 19 3 0 13
mile svilar,Mile Svilar,AS Roma,752,12,8,1 10 5 2 2 0 0 0 0 0 0 0 7 8 2 2 0 0 0 0 0 0 0 0 49 56 28 16 1 0 0 0 0 0 0 0 100 97 62 19 2 0 0 0 0 0 0 0 94 97 39 22 2 2 0 0 0 0 1 0 33 40 12 5 2 0 0 0 1 0 0 0 11 11 5 1 0 0 0 0 0 0 0 0 1 3 1 0 0 0 0 0 0 0 0 0
alvaro morata,Álvaro Morata,Como,450,12,8,0 0 0 0 11 0 11 33 11 17 28 11 0 0 0 11 28 22 28 44 28 17 17 17 0 0 0 17 61 33 39 33 67 11 33 39 22 6 0 22 17 56 39 17 44 56 44 28 11 6 6 22 56 50 72 72 100 56 89 33 0 0 0 33 11 78 44 94 78 33 44 28 0 0 0 17 44 28 33 56 28 44 28 17 0 6 0 6 11 33 33 17 22 22 17 6
assane diao,Assane Diao,Como,647,12,8,0 5 14 16 32 22 51 100 92 62 35 24 0 11 0 5 19 14 14 30 32 32 51 27 3 3 5 3 5 24 16 14 19 27 32 16 5 8 0 3 5 16 5 14 22 5 16 8 3 3 0 3 8 0 3 11 11 8 8 16 3 3 0 3 11 16 22 11 30 24 32 30 3 5 0 11 22 24 11 27 30 38 38 16 3 3 5 11 30 19 41 49 54 54 35 0
anastasios douvikas,Anastasios Douvikas,Como,746,12,8,0 4 0 0 7 41 26 48 41 30 33 15 0 0 0 4 7 22 30 56 37 11 41 41 11 0 7 7 22 48 30 70 63 85 67 30 15 4 0 0 22 48 37 41 67 56 100 37 11 19 7 19 22 37 48 52 59 74 100 41 4 7 0 22 44 63 41 56 67 26 59 26 0 0 4 19 22 48 19 81 48 15 22 7 0 0 4 15 19 15 30 48 48 19 11 7
nicolas-gerrit kuhn,Nicolas-Gerrit Kühn,Como,371,12,8,9 18 0 15 39 18 61 61 100 61 30 27 6 6 12 24 3 27 27 55 52 42 36 27 0 9 3 9 18 6 12 3 33 9 36 21 0 0 0 0 0 6 12 3 18 9 6 9 0 0 0 6 3 0 3 12 9 3 0 0 0 0 0 9 0 0 6 12 3 0 0 3 0 0 0 0 0 0 3 3 0 3 6 3 0 0 0 3 3 0 12 21 3 3 3 6
alieu fadera,Alieu Fadera,Como,657,12,8,13 26 9 65 61 17 43 43 43 30 35 35 0 9 4 13 30 30 17 35 26 26 43 13 4 4 22 30 30 17 17 13 30 4 35 9 0 4 4 35 9 13 17 35 30 17 9 4 0 4 17 13 9 22 22 17 30 13 30 13 0 22 13 43 39 9 48 39 57 17 43 57 9 13 22 61 70 48 48 65 57 57 52 48 17 30 30 78 83 26 100 78 96 43 61 22
nico paz,Nico Paz,Como,1995,12,8,6 16 19 46 59 50 49 66 59 31 18 10 6 10 13 40 50 47 66 78 75 37 16 4 3 4 15 37 71 46 81 100 96 57 31 9 10 3 9 19 35 21 46 44 79 32 19 22 10 4 4 19 25 38 46 38 78 38 31 16 1 1 13 25 35 29 35 63 59 37 22 10 0 7 13 28 40 31 37 57 46 16 10 10 7 6 4 25 31 15 34 25 19 10 12 10
martin baturina,Martin Baturina,Como,1129,12,8,0 2 0 9 11 13 11 20 29 20 20 9 2 9 2 11 18 13 18 29 38 20 9 4 0 2 7 11 16 13 29 53 51 31 11 9 0 2 4 4 11 13 29 29 58 31 20 0 9 0 2 29 22 33 33 47 89 42 20 0 4 4 9 42 44 51 53 62 71 33 31 11 0 4 16 44 58 56 73 100 82 42 44 16 13 7 13 31 47 60 56 91 67 49 36 7
maximo perrone,Máximo Perrone,Como,2015,12,8,4 7 8 11 7 15 21 22 18 8 3 1 7 19 15 40 29 26 37 33 34 15 4 1 5 19 44 77 95 82 82 92 58 30 7 5 7 26 33 79 95 82 93 74 70 23 7 5 4 16 32 100 86 77 90 68 62 16 7 4 4 10 25 51 67 52 71 67 36 15 5 3 3 4 4 15 21 16 25 27 18 10 1 0 3 3 4 11 15 10 0 12 14 1 0 0
jesus rodriguez,Jesús Rodriguez,Como,885,12,8,0 4 4 4 7 9 9 15 33 4 2 2 0 2 4 7 7 2 13 9 9 15 13 4 0 2 2 4 4 2 2 2 15 11 9 4 0 2 0 0 4 2 9 2 13 9 20 0 0 7 0 7 7 7 33 2 28 35 24 20 2 4 7 7 13 20 24 22 54 67 70 59 4 13 13 24 30 35 28 61 89 61 83 39 7 41 22 41 46 39 74 100 93 98 48 22
jayden addai,Jayden Addai,Como,337,12,8,0 19 23 32 45 58 71 100 84 45 19 3 3 13 10 6 19 19 10 13 58 48 45 19 0 0 10 10 13 3 3 13 26 32 39 35 3 6 3 0 0 6 0 0 19 6 23 6 0 0 0 10 3 0 0 0 0 3 3 0 0 0 0 6 0 3 0 0 3 0 0 0 0 0 0 0 0 0 0 3 6 3 0 0 0 3 3 0 0 0 0 0 0 6 3 3
maxence caqueret,Maxence Caqueret,Como,1201,12,8,12 6 3 16 38 19 44 56 38 41 25 22 3 0 9 38 34 16 66 66 56 25 31 16 0 6 16 38 56 78 75 75 47 31 19 3 0 12 12 72 59 78 47 41 81 22 31 3 0 22 9 56 78 62 81 81 78 56 22 6 3 34 28 78 91 72 88 100 72 50 25 12 0 12 19 56 62 53 81 59 78 28 28 19 16 12 28 50 66 38 75 66 59 25 22 12
lucas da cunha,Lucas Da Cunha,Como,2101,12,8,5 5 15 18 16 10 26 25 25 23 11 10 8 3 7 18 28 18 26 64 34 21 8 8 0 16 13 48 57 41 72 74 56 36 18 8 5 26 28 69 69 74 74 80 70 23 16 5 11 18 51 72 85 77 79 72 70 16 8 7 7 20 49 66 77 75 98 82 57 20 11 8 8 8 25 57 77 62 89 100 59 21 15 15 8 10 21 48 39 34 38 49 43 33 21 15
luca mazzitelli,Luca Mazzitelli,Como,600,12,8,0 4 4 13 17 13 0 13 9 0 0 0 4 9 9 9 35 13 22 35 4 9 9 0 17 9 26 30 26 78 43 22 22 4 4 0 13 30 22 57 74 61 17 22 17 0 22 0 30 39 35 87 48 48 39 13 35 9 17 13 4 35 48 61 100 74 43 39 30 4 13 0 22 13 30 83 87 100 65 74 35 17 4 4 4 13 35 70 61 43 61 43 13 9 4 4
andrea le borgne,Andrea Le Borgne,Como,3,12,8,0 0 0 0 0 0 0 0 0 0 0 0 0 0 0 0 0 0 0 0 0 0 0 0 0 0 0 0 0 100 0 0 0 0 0 0 0 0 0 0 0 0 0 0 0 0 0 0 0 0 0 0 0 0 0 0 0 0 0 0 0 0 0 0 100 0 0 0 0 0 0 0 0 0 0 100 0 0 0 0 0 0 0 0 0 0 0 0 0 0 0 0 0 0 0 0
jacobo ramon,Jacobo Ramón,Como,1945,12,8,12 30 24 41 29 29 20 20 18 4 3 0 24 49 51 72 56 46 54 43 30 3 5 6 23 44 62 100 86 69 75 59 26 3 6 6 24 29 26 51 43 38 33 30 18 2 21 9 17 17 9 25 20 18 19 8 6 2 16 7 8 10 12 20 24 9 11 2 3 1 6 1 5 5 5 10 7 10 9 5 2 0 0 0 4 5 2 7 5 0 5 2 2 1 0 0
alex valle,Álex Valle,Como,1230,12,8,0 0 0 0 0 0 0 0 0 0 0 0 1 0 0 0 0 0 0 0 0 0 1 0 0 0 0 3 4 3 0 3 4 1 0 0 3 6 0 4 1 1 9 7 4 6 3 4 10 17 6 3 7 13 14 22 9 7 14 3 17 16 23 28 26 30 39 49 39 19 12 9 22 38 43 77 67 41 55 68 62 19 23 16 25 45 62 100 75 75 97 88 74 58 38 10
ivan smolcic,Ivan Smolčić,Como,1078,12,8,11 32 56 100 88 82 91 77 53 47 47 9 9 23 41 65 56 38 67 68 50 12 15 12 21 23 18 29 30 30 27 35 23 9 5 5 20 17 8 12 12 12 12 8 14 6 15 6 6 6 0 6 0 8 6 6 3 0 5 6 0 2 0 2 0 3 0 3 0 0 2 2 0 0 0 5 3 2 3 3 0 0 0 0 0 0 2 8 0 0 0 0 2 0 0 0
stefan posch,Stefan Posch,Como,381,12,8,4 44 44 93 100 78 74 89 70 44 33 11 19 11 11 30 33 44 37 41 30 15 15 11 4 11 11 37 30 11 30 11 19 7 11 0 11 11 11 19 0 0 4 7 7 0 4 7 4 7 0 4 0 0 4 0 0 0 4 0 4 0 11 4 11 0 0 4 0 0 4 0 0 4 0 7 19 0 4 4 4 0 0 0 0 0 19 15 4 7 0 0 4 11 7 0
mergim vojvoda,Mërgim Vojvoda,Como,974,12,8,9 26 33 70 81 65 78 100 96 87 70 30 13 13 20 33 41 50 39 48 65 43 31 11 9 7 13 43 30 22 33 31 20 28 39 7 15 7 6 19 13 4 7 9 11 0 17 4 11 6 4 7 6 0 4 6 7 2 6 7 4 6 4 2 7 2 2 4 2 4 4 2 0 4 6 6 6 6 2 4 7 6 6 0 0 2 6 7 24 15 17 20 4 4 0 2
marc kempf,Marc Kempf,Como,1619,12,8,0 1 0 2 2 0 1 0 0 0 1 0 1 1 0 5 6 4 2 1 0 0 0 0 1 9 8 5 12 9 6 7 2 2 0 1 20 26 15 27 21 18 16 7 2 0 14 8 38 44 33 69 58 64 54 28 19 2 20 9 22 40 60 100 93 84 71 42 16 4 6 2 14 36 61 87 69 54 48 40 11 4 1 0 5 19 21 51 34 33 34 27 4 5 1 1
ignace van der brempt,Ignace Van der Brempt,Como,722,12,8,20 26 52 100 80 64 76 86 78 58 50 20 8 28 18 52 62 34 54 48 50 28 28 14 8 6 12 24 16 34 42 28 20 2 14 14 4 6 8 8 8 2 4 4 4 2 2 2 0 6 2 4 0 0 0 2 0 0 0 2 0 4 0 4 0 0 0 0 0 0 0 2 0 2 0 2 0 0 0 0 0 0 0 0 0 2 4 0 0 0 0 0 0 0 0 0
alberto dossena,Alberto Dossena,Como,585,12,8,11 16 18 0 0 3 3 8 0 0 0 0 11 5 13 3 5 13 3 5 0 0 0 0 24 24 21 34 24 42 26 5 3 0 0 3 29 16 32 61 37 50 32 16 0 0 11 3 39 39 32 76 39 47 29 11 5 0 13 8 13 55 66 100 68 29 37 16 0 0 3 0 11 18 13 34 45 18 18 18 0 0 0 0 5 3 5 5 0 3 5 3 3 0 0 0
edoardo goldaniga,Edoardo Goldaniga,Como,21,12,8,0 0 0 0 25 0 0 0 0 0 0 0 0 0 25 0 0 25 0 0 0 0 0 0 0 25 100 0 50 25 25 50 0 0 0 0 25 0 25 50 50 0 0 0 0 0 0 0 0 0 0 0 0 0 0 0 0 0 0 0 0 0 0 25 0 0 0 0 0 0 0 0 0 0 0 0 0 0 0 0 0 0 0 0 0 0 0 0 0 0 0 0 0 0 0 0
emil audero,Emil Audero,Como,715,12,8,0 1 0 2 0 0 0 0 0 0 0 0 4 2 3 4 0 0 0 0 0 0 0 0 40 44 18 6 3 0 0 0 0 0 0 0 100 86 50 16 2 0 0 0 0 0 0 0 96 85 33 12 2 0 0 0 0 0 0 0 41 34 15 11 2 0 0 0 0 0 0 0 7 14 4 2 0 1 0 0 0 0 0 0 0 1 0 2 0 0 0 0 0 0 0 0
jean butez,Jean Butez,Como,941,12,8,2 3 5 1 0 0 0 0 0 0 0 0 11 8 14 9 1 1 0 0 0 0 0 0 54 51 32 23 3 4 0 0 0 0 0 0 100 88 68 53 3 2 0 0 0 0 0 0 95 93 63 58 9 1 1 0 0 0 0 0 43 42 26 18 1 2 0 0 0 0 0 0 10 12 10 7 1 1 1 0 0 0 0 0 0 3 0 0 0 0 0 0 0 0 0 0
rafael leao,Rafael Leão,AC Milan,908,12,8,0 0 0 2 5 0 2 2 5 7 7 0 0 0 0 2 10 7 2 7 10 12 5 2 0 2 0 5 12 24 21 14 19 10 26 12 7 5 2 17 17 17 29 14 45 17 33 26 5 5 0 17 14 19 38 52 74 55 50 31 0 5 5 21 21 24 38 69 100 62 67 31 2 0 2 29 29 38 45 90 69 60 67 36 2 10 7 21 33 43 69 50 81 74 31 10
christopher nkunku,Christopher Nkunku,AC Milan,571,12,8,0 0 0 8 12 19 19 12 12 12 15 15 0 0 0 4 4 12 8 12 23 15 0 0 0 0 4 15 27 12 15 19 35 31 19 0 4 8 15 15 15 8 23 46 38 12 31 12 0 12 12 27 15 31 31 46 38 27 88 38 0 8 8 4 15 50 65 50 77 46 50 8 0 12 8 12 31 27 50 62 69 69 23 12 0 4 8 27 54 27 81 100 65 50 46 12
christian pulisic,Christian Pulišić,AC Milan,1006,12,8,0 3 0 16 13 16 16 29 26 34 18 16 0 5 8 5 11 3 26 45 45 34 29 24 3 0 3 26 13 37 16 39 66 55 50 34 0 3 8 16 11 11 16 16 58 26 50 11 0 8 8 16 21 21 32 32 74 53 53 16 3 8 3 34 34 37 66 68 71 61 50 16 0 0 5 26 29 39 53 68 74 68 61 18 5 13 21 34 34 42 63 100 55 42 13 13
santiago gimenez,Santiago Giménez,AC Milan,305,12,8,0 0 0 24 29 47 12 24 6 18 24 18 0 0 0 12 35 24 29 6 65 18 18 6 0 6 6 18 12 18 12 29 47 47 53 12 12 0 0 18 24 12 29 29 41 18 76 35 6 0 12 41 35 6 29 29 65 47 100 35 0 6 0 18 24 18 29 29 29 6 35 24 0 12 0 6 18 18 18 12 18 12 29 0 0 0 0 0 0 6 18 18 12 0 6 6
samuel chukwueze,Samuel Chukwueze,AC Milan,22,12,8,0 0 0 0 0 25 50 100 0 0 0 50 0 0 0 0 0 0 75 50 0 0 25 0 0 0 0 0 0 0 0 25 25 0 50 25 0 0 0 0 0 0 0 0 0 0 0 0 0 0 50 0 0 0 0 0 0 0 0 0 0 0 0 0 0 0 0 0 0 0 0 0 0 0 0 0 0 0 0 0 0 0 0 0 0 0 0 0 0 0 0 0 0 0 0 0
francesco camarda,Francesco Camarda,AC Milan,268,12,8,0 0 12 6 6 19 19 0 25 6 12 6 0 0 0 6 19 0 0 25 31 6 6 0 0 0 0 12 12 6 44 100 75 31 19 6 6 0 6 38 19 12 31 38 38 6 19 12 19 6 6 50 0 19 50 25 50 19 69 25 0 0 0 19 38 12 38 62 44 19 31 31 0 0 0 6 25 19 25 38 31 12 31 19 0 0 0 12 6 6 12 25 19 12 6 0
pervis estupinan,Pervis Estupiñán,AC Milan,713,12,8,0 2 0 0 0 0 0 0 2 0 0 0 2 0 0 0 0 0 0 0 0 0 0 0 0 0 0 0 0 0 2 0 0 0 0 2 6 6 0 4 2 2 6 4 6 4 0 0 23 11 6 11 11 4 0 4 11 4 6 0 23 30 11 19 26 15 6 23 40 17 6 15 34 36 30 45 30 28 68 55 28 32 26 9 15 38 49 91 87 62 70 89 100 68 36 15
adrien rabiot,Adrien Rabiot,AC Milan,1794,12,8,0 0 2 8 24 16 24 16 24 14 14 8 6 12 6 18 20 31 41 18 27 37 8 4 14 16 27 49 47 39 53 57 55 29 8 12 14 37 27 24 33 24 33 27 41 18 24 14 22 20 16 57 59 49 65 63 51 22 39 31 18 33 45 67 80 90 98 90 63 31 33 31 22 39 33 61 73 71 90 88 100 61 31 20 24 33 39 80 71 53 88 82 94 65 49 16
alexis saelemaekers,Alexis Saelemaekers,AC Milan,1708,12,8,29 54 49 80 75 65 73 100 84 73 47 16 18 28 26 52 35 19 34 48 51 40 39 28 11 24 15 24 33 16 25 36 51 54 32 12 15 11 1 11 4 6 11 13 20 21 14 6 0 1 5 8 1 6 11 6 22 7 6 2 5 0 1 9 7 2 1 9 24 25 7 2 0 4 4 14 11 11 11 15 25 13 11 4 0 2 5 9 8 5 7 21 19 8 7 2
ruben loftus-cheek,Ruben Loftus-Cheek,AC Milan,668,12,8,6 9 6 31 43 34 40 57 40 14 31 14 0 9 17 29 23 37 29 100 83 17 51 31 3 9 11 29 54 40 54 57 60 40 49 31 23 17 3 14 17 29 23 29 23 23 51 31 6 9 3 6 11 14 31 20 23 20 31 29 0 0 0 0 9 9 23 23 14 3 9 3 0 0 6 9 3 14 23 17 9 9 3 11 0 0 0 0 6 3 9 11 9 0 3 0
youssouf fofana,Youssouf Fofana,AC Milan,1232,12,8,17 29 17 48 44 40 42 46 46 23 25 6 0 8 29 40 65 40 52 50 69 29 15 10 8 15 23 62 60 54 65 100 60 50 35 10 4 10 42 46 38 38 52 52 54 44 38 15 6 12 25 33 33 46 46 56 56 42 23 6 4 6 15 31 31 31 35 42 40 12 15 4 2 2 4 2 8 0 19 12 27 4 4 4 4 4 4 6 10 4 6 8 6 6 0 2
davide bartesaghi,Davide Bartesaghi,AC Milan,1338,12,8,0 1 1 0 0 0 3 0 5 4 3 3 0 1 0 0 0 1 0 1 5 5 5 1 0 4 1 3 1 0 0 3 10 1 0 4 14 1 1 5 0 4 0 1 1 5 0 4 33 22 5 12 4 16 10 3 12 3 7 4 37 30 18 37 22 26 25 23 21 14 11 11 34 29 36 44 51 36 37 55 59 47 36 15 38 48 62 88 81 67 92 100 93 92 63 19
ardon jashari,Ardon Jashari,AC Milan,578,12,8,0 0 6 9 3 0 9 3 3 3 0 3 0 3 12 3 21 6 15 21 18 3 0 0 6 3 21 18 36 33 27 36 30 9 6 0 9 6 21 24 30 42 33 18 27 12 0 3 9 3 12 18 30 61 27 39 36 9 6 0 3 3 12 61 52 48 100 48 42 18 3 9 9 9 12 39 36 45 58 48 58 15 9 6 3 21 6 12 15 9 27 21 12 12 3 15
samuele ricci,Samuele Ricci,AC Milan,880,12,8,11 4 11 30 22 30 33 48 48 22 30 26 7 15 33 70 37 37 78 81 85 22 30 15 30 19 22 93 89 52 100 81 63 33 26 0 19 30 30 48 56 63 59 41 41 37 7 11 33 22 15 44 56 63 48 63 63 19 7 7 22 26 15 63 52 56 67 52 70 22 15 0 11 15 4 19 30 37 67 78 44 30 0 0 0 11 7 4 7 15 15 30 33 15 4 11
yunus musah,Yunus Musah,AC Milan,581,12,8,20 24 28 36 60 56 76 52 60 48 28 0 16 12 4 24 44 28 36 40 24 32 24 12 12 12 12 36 56 64 32 100 40 16 12 24 4 20 12 24 12 20 28 32 56 8 4 4 0 8 4 8 24 36 36 40 40 16 0 8 4 16 16 32 12 24 16 24 44 16 12 8 8 12 28 28 20 12 16 36 32 8 8 8 16 8 16 20 12 32 12 44 36 20 20 4
warren bondo,Warren Bondo,AC Milan,1050,12,8,5 8 18 25 28 22 35 18 32 12 8 2 5 15 22 48 32 30 45 52 15 8 0 2 10 18 35 68 95 92 90 52 28 25 8 10 0 18 30 65 55 50 42 55 45 12 2 0 5 12 30 100 85 78 35 55 15 8 5 0 8 5 40 40 88 68 57 45 40 10 5 0 8 30 15 28 40 32 45 50 28 10 2 0 8 10 5 12 20 2 10 15 8 15 8 0
strahinja pavlovic,Strahinja Pavlović,AC Milan,1777,12,8,5 3 3 3 4 0 0 0 1 1 0 1 1 1 5 1 4 1 3 0 3 0 0 1 3 4 10 16 9 3 5 0 1 0 5 0 13 23 11 24 20 5 9 13 1 3 10 18 57 39 29 51 48 34 34 25 18 6 18 23 20 47 51 100 89 78 78 48 34 13 6 13 24 47 68 87 91 72 72 66 38 20 11 9 14 34 43 56 53 51 78 58 27 16 4 4
fikayo tomori,Fikayo Tomori,AC Milan,1565,12,8,20 45 78 100 95 79 96 90 49 29 20 6 29 42 55 78 76 59 79 57 32 9 0 1 39 31 34 64 60 44 44 32 19 9 11 5 36 28 25 34 20 18 14 12 15 2 5 1 15 9 9 9 12 14 8 8 4 0 1 1 4 2 1 0 6 1 5 4 2 0 0 0 1 2 0 1 0 2 1 0 0 0 0 0 0 1 2 1 0 1 1 0 0 0 0 0
koni de winter,Koni De Winter,AC Milan,1431,12,8,14 23 36 54 39 48 45 32 17 10 3 3 14 29 45 81 54 25 43 35 13 4 6 0 23 25 43 100 84 52 58 29 16 3 1 1 26 39 12 61 36 28 16 10 4 0 3 6 25 28 6 38 25 26 14 3 3 0 14 6 10 13 28 48 29 25 25 14 7 0 1 3 9 13 33 43 28 23 35 20 6 0 0 0 7 12 16 22 16 14 12 13 12 0 0 0
matteo gabbia,Matteo Gabbia,AC Milan,1419,12,8,4 8 9 20 17 11 11 9 4 0 1 0 16 32 31 57 44 16 28 16 8 1 0 0 23 48 67 100 96 69 61 20 4 0 1 4 33 52 53 85 80 63 57 15 4 1 7 9 35 32 32 65 64 45 32 15 1 0 13 12 7 11 17 27 24 31 17 13 1 0 0 3 7 3 7 17 12 5 11 4 1 0 1 0 1 9 5 1 7 3 3 0 0 0 0 0
zachary athekame,Zachary Athekame,AC Milan,587,12,8,20 13 35 78 78 50 93 100 80 59 48 24 17 13 11 20 33 20 26 17 37 37 37 17 11 11 9 22 11 13 13 2 22 30 17 9 9 15 7 2 2 4 2 7 15 2 4 2 0 4 0 0 2 4 2 2 7 4 4 2 0 0 0 2 0 0 0 4 0 2 2 4 0 0 0 0 0 0 0 2 0 4 0 0 2 0 0 0 0 2 4 2 4 0 2 0
filippo terracciano,Filippo Terracciano,AC Milan,1760,12,8,27 49 51 86 74 55 84 72 43 27 22 14 27 45 69 100 93 64 69 70 30 8 5 4 45 61 74 78 74 55 68 42 34 9 0 0 36 62 30 39 41 36 22 19 7 7 3 8 18 18 12 28 9 14 15 4 1 0 3 11 7 14 5 19 5 8 11 11 0 0 3 5 7 9 7 5 4 4 8 3 0 3 0 0 5 11 7 9 12 3 8 8 3 3 1 0
david odogu,David Odogu,AC Milan,4,12,8,0 0 0 0 0 0 0 100 0 0 0 0 0 0 0 0 0 0 0 0 0 0 0 0 0 100 0 0 0 0 0 0 0 0 0 0 100 0 0 0 0 0 0 0 0 100 0 0 0 0 0 0 0 0 0 0 0 0 0 0 0 0 0 0 0 0 0 0 0 0 0 0 0 0 0 0 0 0 0 0 0 0 0 0 0 0 0 0 0 0 0 0 0 0 0 0
mike maignan,Mike Maignan,AC Milan,740,12,8,1 1 1 3 0 0 0 0 0 0 0 0 2 7 3 0 0 0 0 0 0 0 0 0 25 46 19 5 3 1 1 0 0 0 0 0 96 79 53 24 2 0 0 0 0 0 0 0 100 93 84 19 5 1 0 0 0 0 0 0 37 34 24 3 2 0 0 0 0 0 0 0 11 8 2 3 4 0 0 0 0 0 0 0 2 0 0 4 0 0 0 0 0 0 0 1
pietro terracciano,Pietro Terracciano,AC Milan,47,12,8,0 0 0 0 0 0 0 0 0 0 0 0 0 0 0 0 0 0 0 0 0 0 0 0 0 0 0 0 0 0 0 0 0 0 0 0 100 54 8 0 0 0 0 0 0 0 0 0 69 77 8 0 0 0 0 0 0 0 0 0 38 0 0 0 0 0 0 0 0 0 0 0 0 0 8 0 0 0 0 0 0 0 0 0 0 0 0 0 0 0 0 0 0 0 0 0
kenan yildiz,Kenan Yıldız,Juventus,1609,12,8,1 0 1 0 0 0 1 10 4 5 5 5 1 4 0 1 0 1 5 5 6 1 6 6 0 0 5 5 12 6 13 18 36 13 12 10 0 1 4 6 6 13 22 18 19 26 18 4 5 1 8 12 14 18 29 17 39 34 17 18 5 8 9 23 34 30 25 42 66 81 65 47 4 14 17 34 43 49 52 64 77 100 73 29 12 22 23 45 57 39 51 69 77 79 55 18
jonathan david,Jonathan David,Juventus,895,12,8,0 0 11 8 11 24 16 32 11 19 16 3 0 0 0 5 24 16 41 49 35 35 8 14 0 0 11 16 49 30 22 65 100 49 49 38 8 11 11 30 22 32 32 46 65 32 70 27 0 3 3 22 35 38 32 27 78 51 68 43 0 0 8 22 49 32 49 62 73 46 35 27 3 0 8 5 27 41 24 49 59 46 11 16 0 0 0 3 16 11 14 16 27 22 16 11
francisco conceicao,Francisco Conceição,Juventus,1211,12,8,5 25 36 48 57 52 66 89 98 95 82 23 0 14 12 43 46 27 29 70 88 77 73 61 4 4 11 39 34 23 36 54 57 70 100 62 0 2 2 25 11 20 21 18 39 29 27 16 0 2 0 18 5 2 11 16 18 7 21 7 0 2 2 5 7 5 7 16 14 2 11 4 0 4 0 2 0 5 0 5 9 2 2 7 0 2 2 0 2 0 4 0 2 0 12 4
lois openda,Loïs Openda,Juventus,324,12,8,0 0 0 7 0 21 7 7 21 43 43 0 0 0 0 0 21 7 14 21 14 29 21 14 0 0 0 7 21 7 21 14 50 50 71 36 0 0 0 29 14 36 21 29 21 29 36 29 14 21 0 7 14 57 29 0 21 71 64 71 7 7 21 50 21 36 21 50 29 79 100 64 7 0 7 29 43 43 14 93 71 50 57 7 7 14 14 7 14 14 7 43 43 14 21 21
arkadiusz milik,Arkadiusz Milik,Juventus,24,12,8,0 0 0 0 0 0 33 33 0 0 0 0 0 0 0 0 0 0 0 67 33 33 0 0 0 0 0 0 0 0 0 0 0 33 0 67 0 0 0 0 0 0 33 33 100 33 0 33 0 0 0 0 33 33 67 33 67 0 33 0 0 0 0 0 0 0 0 0 0 0 0 0 0 0 0 0 0 0 0 0 0 0 0 0 0 0 0 0 0 0 0 0 0 0 0 0
edon zhegrova,Edon Zhegrova,Juventus,390,12,8,5 16 5 5 22 16 24 54 73 100 41 19 0 8 8 14 3 14 16 32 70 95 54 5 0 5 3 3 14 5 16 27 30 62 43 16 0 0 3 5 5 11 3 8 16 8 3 5 0 0 0 0 0 0 0 0 5 5 5 3 0 0 0 0 0 0 0 0 11 0 5 0 0 0 0 0 3 0 0 5 0 3 0 0 0 0 0 0 0 0 0 3 0 0 5 8
jeremie boga,Jérémie Boga,Juventus,379,12,8,0 0 0 0 4 0 0 0 0 0 4 4 8 0 0 0 0 0 0 0 4 0 12 4 0 0 0 8 4 4 0 8 0 15 4 0 0 4 0 8 0 8 19 12 23 4 12 12 0 4 12 4 12 4 12 12 15 23 23 23 4 0 8 19 19 15 12 42 42 50 58 69 4 4 8 8 31 23 35 73 54 100 54 19 4 4 8 42 38 50 38 54 58 42 27 19
jeff ekhator,Jeff Ekhator,Juventus,449,12,8,15 8 8 0 38 0 23 100 85 31 54 23 8 8 15 15 31 31 23 69 54 31 31 23 8 8 8 38 8 31 23 92 62 54 92 69 8 8 23 23 46 8 62 69 23 62 85 23 23 8 31 8 23 54 31 23 62 15 69 31 0 0 46 31 15 23 85 62 54 15 54 8 0 8 0 38 15 62 31 85 85 38 69 69 8 8 8 54 69 31 85 100 62 46 54 8
nicolas gonzalez,Nicolás González,Juventus,21,12,8,0 0 50 50 0 0 0 50 0 50 50 0 0 0 0 0 0 0 0 0 0 0 0 0 50 0 0 0 0 0 50 50 0 0 0 0 0 50 0 0 0 0 0 0 0 0 0 0 0 0 0 0 0 0 0 50 0 0 50 100 0 0 0 50 0 0 50 0 50 0 0 0 50 0 50 0 0 0 0 0 0 0 0 0 50 0 0 0 0 50 0 0 50 0 0 0
khephren thuram,Khéphren Thuram,Juventus,1696,12,8,2 3 0 0 2 0 0 5 7 7 2 2 0 3 3 3 10 15 18 17 17 10 0 2 3 3 12 25 35 30 33 57 42 10 0 3 15 15 18 45 42 33 33 52 37 23 17 7 17 18 37 65 60 48 63 57 78 40 40 20 17 20 33 68 92 83 98 90 93 58 20 13 5 20 27 72 72 50 85 100 97 33 10 10 2 13 17 30 38 33 42 48 30 22 23 2
manuel locatelli,Manuel Locatelli,Juventus,2592,12,8,18 10 14 40 34 26 27 36 27 8 12 7 12 12 41 49 64 49 74 86 56 37 1 1 32 22 33 71 100 74 96 85 75 23 7 1 16 25 26 78 82 63 73 56 59 23 8 1 18 32 42 82 77 77 82 71 56 40 8 3 18 19 18 82 84 66 88 81 56 26 3 1 11 16 19 32 49 42 60 67 53 15 5 3 3 12 11 14 23 18 30 29 26 5 0 3
weston mckennie,Weston McKennie,Juventus,1632,12,8,9 23 34 66 53 55 85 89 100 79 51 26 4 19 23 38 47 42 45 77 57 43 32 34 11 19 26 43 34 40 42 64 55 51 34 15 15 28 15 26 17 23 25 26 43 34 40 30 11 17 8 19 13 23 36 45 47 34 49 28 13 9 6 15 25 19 25 43 36 36 15 19 6 4 6 28 25 9 34 45 64 30 25 6 9 8 15 30 36 23 45 47 36 30 30 11
teun koopmeiners,Teun Koopmeiners,Juventus,1411,12,8,4 10 4 10 20 18 20 32 20 18 14 4 0 8 8 12 32 26 22 42 36 14 4 0 12 8 6 22 26 26 28 48 34 12 2 6 28 18 10 26 30 22 28 26 30 14 16 6 24 22 18 52 44 38 46 42 46 14 10 4 24 28 42 94 100 58 64 80 38 16 6 12 16 36 46 78 72 78 86 80 50 8 4 8 14 16 24 46 60 54 76 94 32 30 22 8
andrea cambiaso,Andrea Cambiaso,Juventus,1891,12,8,5 14 18 37 37 20 25 32 26 26 6 5 0 9 15 15 14 5 12 12 15 22 17 20 2 2 3 9 11 6 26 34 20 14 11 5 15 17 3 9 6 6 11 12 18 15 5 8 11 22 8 28 9 17 17 31 26 14 8 9 26 37 26 38 49 37 42 49 60 45 29 32 40 51 45 85 62 57 72 82 98 58 45 46 29 71 68 88 85 55 72 100 91 80 58 28
vasilije adzic,Vasilije Adžić,Juventus,173,12,8,0 0 0 0 50 0 17 50 100 67 17 17 0 0 0 17 83 33 0 67 67 67 0 17 17 33 17 50 67 50 33 100 33 0 17 33 33 17 0 0 50 33 33 17 67 33 0 17 0 17 17 67 33 33 50 17 83 33 0 0 0 0 0 50 67 33 33 67 100 50 17 0 0 0 0 50 67 33 50 50 67 17 33 0 0 50 17 17 0 17 33 50 33 50 50 17
fabio miretti,Fabio Miretti,Juventus,580,12,8,3 7 3 10 7 10 28 48 17 28 14 10 7 10 3 10 14 17 28 38 48 45 14 21 17 10 0 28 48 41 41 66 100 52 28 10 3 10 14 14 28 28 28 31 66 34 21 7 10 14 3 28 24 24 38 45 48 34 10 14 3 0 10 21 31 31 48 45 21 31 3 3 17 10 7 10 14 17 14 31 28 21 24 7 3 0 3 14 10 7 3 14 17 10 3 7
bremer,Bremer,Juventus,1481,12,8,14 26 14 35 24 20 17 14 6 0 2 5 15 35 39 33 50 41 45 32 17 0 3 2 27 36 53 100 91 71 82 53 21 2 5 3 32 36 30 89 73 59 36 29 14 5 23 20 26 32 32 76 52 42 38 24 11 6 20 15 12 11 23 53 53 26 21 18 2 0 3 2 11 15 18 17 18 17 21 5 3 0 0 2 3 3 11 12 8 2 6 2 2 0 0 0
pierre kalulu,Pierre Kalulu,Juventus,1977,12,8,22 55 70 94 97 77 92 100 91 78 51 18 19 45 57 96 86 64 87 90 79 55 34 18 25 38 38 81 86 55 61 51 49 23 17 17 22 13 19 42 26 19 23 14 22 8 9 4 8 10 12 26 18 10 6 5 9 0 4 5 4 3 5 6 8 4 6 12 6 0 0 3 0 5 4 6 4 5 3 9 3 4 0 0 0 3 0 4 3 1 3 3 1 1 0 0
federico gatti,Federico Gatti,Juventus,813,12,8,21 16 26 45 34 50 53 29 8 3 0 0 24 24 34 71 84 34 61 29 32 16 0 3 13 34 63 100 92 66 66 42 13 5 5 8 39 34 29 71 55 47 37 18 8 0 13 8 24 32 18 71 53 34 21 11 3 5 13 16 8 13 21 39 26 16 21 3 5 5 13 0 8 5 3 8 21 11 8 5 0 0 3 0 5 5 3 3 5 3 8 3 0 0 0 0
juan cabal,Juan Cabal,Juventus,228,12,8,0 0 0 0 0 0 0 0 0 0 0 0 6 0 0 0 0 6 0 0 0 0 0 0 0 0 0 0 0 0 0 0 0 0 0 0 0 0 0 6 0 0 0 0 6 0 0 19 12 6 0 0 0 0 6 6 6 6 6 6 31 31 25 31 38 6 25 19 25 19 0 6 12 31 62 56 44 19 31 25 44 25 19 6 6 38 50 75 88 62 100 100 81 50 25 19
lloyd kelly,Lloyd Kelly,Juventus,1976,12,8,5 1 2 13 4 1 0 1 0 0 0 2 4 10 11 6 14 4 13 4 0 0 4 1 8 10 13 21 31 18 25 8 4 1 4 2 17 17 12 39 32 19 23 8 11 6 13 11 49 45 31 71 55 46 44 32 19 6 17 10 32 51 61 95 100 71 81 42 24 11 8 4 31 55 61 93 81 56 60 46 24 5 8 6 14 31 35 52 52 45 40 37 43 8 11 2
joao mario,João Mário,Juventus,778,12,8,25 28 65 100 85 92 78 70 80 50 22 2 25 15 22 50 65 38 48 45 45 42 25 15 15 20 10 18 15 18 22 15 35 25 20 8 10 8 15 2 10 5 8 2 5 5 2 2 8 2 5 2 0 2 2 2 0 8 0 2 5 2 2 8 0 5 0 10 12 12 8 5 0 5 12 15 22 25 28 25 15 20 2 2 0 0 12 50 28 30 52 40 12 12 2 0
daniele rugani,Daniele Rugani,Juventus,420,12,8,6 0 6 9 3 9 0 9 0 0 0 0 3 18 6 27 21 6 6 6 0 0 0 0 24 36 33 76 58 21 30 9 0 0 0 3 21 33 36 100 64 39 24 0 0 0 6 6 27 27 21 82 45 27 15 9 3 0 12 0 12 21 21 33 30 36 3 3 3 0 0 3 0 6 15 18 6 3 3 0 0 0 0 0 0 3 3 3 9 3 3 0 3 0 0 0
michele di gregorio,Michele Di Gregorio,Juventus,534,12,8,1 1 0 1 0 0 0 0 0 0 0 0 2 5 1 2 0 0 0 0 0 0 0 0 35 36 17 4 2 0 0 0 0 0 0 0 100 71 44 19 1 0 0 0 0 0 0 0 94 74 30 8 0 0 1 0 0 0 0 0 27 18 14 7 0 0 0 0 0 0 0 0 4 6 2 1 0 0 0 0 0 0 0 0 2 2 0 1 0 0 0 0 0 0 0 0
mattia perin,Mattia Perin,Juventus,218,12,8,0 0 3 0 0 0 0 0 0 0 0 0 3 8 5 0 0 0 0 0 0 0 0 0 21 29 5 3 5 0 0 0 0 0 0 0 89 66 24 13 5 0 0 0 0 0 0 0 100 84 21 11 0 0 0 0 0 0 0 0 21 29 11 0 0 0 0 0 0 0 0 0 0 16 3 0 0 0 0 0 0 0 0 0 0 0 0 0 0 0 0 0 0 0 0 0
charles de ketelaere,Charles De Ketelaere,Atalanta,1422,12,8,7 12 27 43 55 50 67 85 92 83 57 23 7 8 10 43 60 52 72 87 100 80 68 37 0 5 13 25 30 30 55 72 62 77 45 25 12 2 5 15 12 25 18 20 37 35 33 20 5 3 2 5 13 8 15 22 18 12 23 12 5 2 3 5 5 10 20 18 12 12 18 25 3 2 2 3 13 12 8 15 13 12 20 12 2 5 3 7 5 8 5 7 23 13 3 5
kamaldeen sulemana,Kamaldeen Sulemana,Atalanta,628,12,8,7 11 0 7 7 11 26 19 22 11 22 15 4 15 7 4 7 4 11 4 19 15 7 11 0 0 0 11 19 22 15 15 7 22 11 4 0 0 0 15 15 22 30 11 33 11 33 15 4 4 26 19 22 15 15 15 22 52 30 30 0 15 11 7 48 30 30 56 85 63 37 56 4 15 15 33 37 63 63 70 78 100 89 56 0 7 15 30 52 11 48 89 52 67 37 30
giacomo raspadori,Giacomo Raspadori,Atalanta,470,12,8,0 0 0 17 0 22 6 0 11 11 11 17 0 0 6 22 6 6 0 39 28 22 22 22 0 0 0 22 44 33 28 33 17 28 33 50 0 11 17 39 17 28 28 11 44 22 22 22 0 11 6 28 11 50 72 67 67 89 50 11 17 6 0 50 39 33 67 78 100 83 78 56 17 6 22 22 61 50 61 72 78 33 33 39 6 6 6 39 28 22 11 28 6 44 17 22
gianluca scamacca,Gianluca Scamacca,Atalanta,564,12,8,0 0 0 4 12 8 4 8 33 17 0 4 0 0 0 0 17 25 21 42 33 25 12 12 4 0 4 4 29 71 67 67 100 83 38 46 29 0 0 4 25 50 33 54 88 54 92 42 21 21 4 17 12 38 46 58 67 58 58 33 4 4 0 0 33 42 38 67 79 62 54 4 0 0 8 8 25 50 21 33 25 17 8 8 0 0 0 8 17 21 0 17 0 0 0 0
daniel maldini,Daniel Maldini,Atalanta,547,12,8,0 0 0 0 0 0 0 0 0 0 9 0 0 0 0 0 3 12 3 6 12 6 12 0 0 0 0 3 12 3 25 31 31 3 6 3 0 16 6 6 12 9 19 44 38 12 3 16 0 0 0 25 22 19 25 47 56 25 50 12 0 0 0 25 38 41 50 50 66 69 28 22 0 0 6 6 31 56 31 59 100 44 38 22 0 0 9 6 25 16 41 50 62 34 28 9
nikola krstovic,Nikola Krstović,Atalanta,966,12,8,0 0 0 5 5 11 11 16 36 23 20 5 0 0 2 9 23 16 23 48 43 27 39 11 2 2 2 18 14 14 39 55 100 66 48 25 11 5 5 25 23 36 30 41 70 43 75 36 14 9 5 27 41 30 41 34 50 45 80 43 5 2 0 2 27 23 41 43 55 41 43 20 7 2 2 5 18 18 20 41 30 27 14 7 0 0 2 2 16 11 7 25 18 18 20 7
nicola zalewski,Nicola Zalewski,Atalanta,1208,12,8,4 0 0 4 4 0 6 4 9 0 8 9 0 0 4 2 4 2 8 2 25 11 4 4 4 0 2 6 8 6 13 23 15 9 0 2 2 2 6 15 6 11 6 6 40 15 4 6 2 6 8 23 19 15 13 25 32 36 19 9 11 23 19 32 17 32 38 38 58 38 40 25 19 30 51 81 55 53 68 60 77 66 53 30 9 34 51 100 91 68 75 87 79 53 58 40
ederson,Éderson,Atalanta,1653,12,8,10 8 8 21 13 13 15 15 17 4 8 2 10 23 13 40 25 23 54 44 23 8 2 13 13 27 19 73 73 52 63 79 60 8 12 0 10 27 35 79 40 52 46 48 40 19 15 10 10 33 40 71 60 52 62 62 56 23 15 8 12 31 31 81 75 67 100 100 75 37 10 4 8 29 46 65 69 38 69 60 79 21 12 2 2 15 10 29 27 19 37 46 42 15 13 0
mario pasalic,Mario Pašalić,Atalanta,1523,12,8,0 2 10 2 10 13 5 8 15 3 2 2 0 7 5 32 18 18 25 27 37 8 2 2 8 10 18 52 52 43 32 43 23 18 5 5 12 13 15 42 53 32 38 38 28 22 18 17 8 15 25 57 67 62 58 52 43 13 17 13 12 27 33 80 100 92 87 83 68 35 12 7 5 17 22 50 60 58 68 73 42 25 7 3 5 5 10 13 23 13 32 23 18 5 5 0
lazar samardzic,Lazar Samardžić,Atalanta,776,12,8,0 5 8 22 45 45 40 68 57 48 40 10 2 8 12 25 40 32 40 100 85 88 40 20 0 8 10 50 42 25 57 75 92 78 35 5 0 12 5 15 8 22 22 40 45 35 35 5 5 2 2 8 20 15 10 32 15 22 12 5 0 0 0 8 12 12 20 12 12 8 2 12 0 2 0 2 5 5 2 2 28 0 8 2 0 0 0 5 2 5 0 2 2 8 2 2
raoul bellanova,Raoul Bellanova,Atalanta,810,12,8,30 32 52 82 77 68 82 89 100 96 91 43 27 27 36 39 29 12 23 30 36 25 48 29 14 21 21 18 12 5 11 5 11 11 11 20 9 5 0 5 0 4 5 4 4 2 14 14 0 2 0 0 0 0 0 0 0 0 2 4 0 0 0 0 0 2 0 0 0 0 0 2 0 0 0 0 2 0 2 0 0 0 0 2 0 0 0 0 0 0 0 0 0 0 0 0
marten de roon,Marten de Roon,Atalanta,1928,12,8,10 15 6 33 32 26 35 29 36 13 9 5 6 14 33 54 64 46 73 68 63 22 5 5 15 21 41 90 78 74 94 100 77 19 1 1 12 26 26 62 54 45 44 45 44 13 9 0 4 22 17 54 41 40 44 33 33 23 9 3 5 9 12 44 44 32 56 35 26 8 0 0 1 8 8 19 26 15 19 27 18 4 1 0 1 1 3 4 10 5 5 9 4 0 0 0
davide zappacosta,Davide Zappacosta,Atalanta,1505,12,8,22 34 67 100 91 76 94 97 93 96 76 27 24 30 25 27 37 27 24 22 51 66 46 39 18 25 7 21 16 9 4 16 19 39 27 31 6 12 3 1 1 3 0 1 4 7 13 10 9 12 9 1 4 0 4 0 4 3 6 3 3 4 1 9 4 3 3 4 4 12 3 6 4 13 9 22 21 6 16 7 24 18 12 7 9 16 33 52 42 27 49 49 48 25 22 7
sulemana,Sulemana,Atalanta,600,12,8,0 4 0 8 17 4 17 12 8 4 4 4 4 4 17 21 4 12 25 42 25 4 0 0 4 12 4 46 38 29 50 62 21 8 0 4 4 25 25 50 25 25 42 38 17 8 4 4 17 21 38 50 88 38 46 46 25 25 12 8 12 25 25 100 88 83 96 71 12 12 0 0 8 12 62 88 75 25 42 83 46 17 0 0 4 4 4 62 62 33 54 50 29 12 0 0
lorenzo bernasconi,Lorenzo Bernasconi,Atalanta,934,12,8,2 2 0 2 2 0 0 0 5 4 4 5 4 2 0 0 0 0 2 0 2 0 0 0 2 0 0 0 4 2 2 2 2 2 0 2 7 5 2 0 2 2 2 0 4 2 0 2 16 12 7 5 5 7 5 7 7 4 0 7 32 21 11 23 18 14 21 9 20 4 14 9 21 57 34 43 39 43 27 41 52 25 30 45 29 27 52 100 82 96 96 100 98 84 62 27
odilon kossounou,Odilon Kossounou,Atalanta,740,12,8,7 29 31 69 50 29 57 40 29 7 2 0 38 40 64 100 86 40 83 69 33 14 2 7 21 62 57 88 83 64 69 62 17 12 7 7 21 26 10 31 14 12 5 10 5 2 5 7 7 17 10 19 2 12 0 2 2 2 5 7 0 5 5 0 2 2 5 5 0 2 2 2 0 2 0 5 2 0 0 0 0 2 0 0 2 2 0 0 2 0 0 0 0 0 0 0
sead kolasinac,Sead Kolašinac,Atalanta,886,12,8,0 0 2 4 2 0 0 0 0 0 2 0 0 2 0 6 4 2 4 8 0 0 0 0 4 12 4 8 23 4 0 10 4 0 0 0 12 10 6 19 17 8 4 6 2 0 0 4 27 21 2 46 29 23 15 10 15 4 4 6 6 10 33 73 69 52 52 54 62 21 6 2 4 40 58 96 94 83 100 65 31 15 6 2 15 17 40 62 54 60 67 46 38 10 2 0
giorgio scalvini,Giorgio Scalvini,Atalanta,1418,12,8,7 43 52 72 64 69 48 72 52 31 13 2 15 66 64 100 74 57 72 70 54 30 26 7 20 20 56 85 64 48 39 31 38 21 11 11 18 33 26 38 16 23 13 5 8 8 13 18 23 25 25 23 16 11 7 5 3 3 11 8 11 15 16 18 21 20 10 7 7 5 5 5 7 11 15 23 13 18 11 25 11 3 3 0 3 3 3 8 8 11 11 5 5 0 0 2
isak hien,Isak Hien,Atalanta,1382,12,8,5 12 13 15 16 3 8 7 3 1 0 0 9 11 23 28 16 12 11 11 1 0 0 0 9 40 57 67 59 43 29 20 3 0 0 1 12 49 37 93 76 53 44 24 7 1 7 4 33 43 55 100 64 56 39 25 9 1 11 8 9 12 27 49 52 25 23 24 7 0 0 1 11 25 27 20 25 13 16 8 0 0 0 0 7 20 17 13 11 4 8 3 1 0 0 0
honest ahanor,Honest Ahanor,Atalanta,966,12,8,2 2 2 6 0 0 2 4 0 0 0 0 2 6 4 6 4 2 2 0 4 0 0 0 4 10 6 14 10 6 8 2 0 0 4 0 18 14 14 22 14 12 10 10 6 4 6 8 20 48 24 48 26 16 14 12 10 2 10 22 34 52 62 96 72 58 36 50 24 12 8 16 22 38 62 100 78 76 68 56 40 16 2 2 20 26 42 48 52 32 46 52 22 10 0 0
berat djimsiti,Berat Djimsiti,Atalanta,1806,12,8,7 13 26 35 43 28 34 35 26 4 1 4 6 32 32 60 50 38 38 31 16 4 0 0 19 37 62 90 65 46 44 24 15 6 1 1 25 41 43 79 65 53 31 25 7 1 10 7 46 49 49 100 63 54 35 19 12 4 22 9 9 37 62 76 65 37 28 15 7 0 4 3 9 32 44 63 63 28 29 26 7 0 1 0 10 18 28 25 29 15 26 21 6 4 0 0
mitchel bakker,Mitchel Bakker,Atalanta,8,12,8,0 0 0 0 0 50 50 100 50 0 0 0 0 0 0 0 0 0 50 0 0 0 0 0 0 0 0 0 0 0 0 0 0 0 0 0 0 0 0 0 0 0 0 0 0 0 0 0 0 0 0 0 0 0 0 0 0 0 0 0 0 0 0 0 0 0 0 50 50 0 0 0 0 0 0 0 0 0 0 0 0 0 0 0 0 0 0 0 0 0 0 0 0 0 0 0
giovanni bonfanti,Giovanni Bonfanti,Atalanta,321,12,8,5 0 21 5 0 0 0 5 0 0 11 0 0 0 0 0 0 0 0 0 0 0 0 0 0 16 0 5 5 0 0 5 0 0 5 5 0 26 11 5 5 5 11 5 0 0 21 5 68 32 26 16 5 11 5 0 5 0 0 11 32 26 21 53 26 32 5 0 0 16 16 11 0 21 16 84 42 68 21 11 32 21 21 21 58 47 47 100 74 74 68 79 68 63 32 21
marco carnesecchi,Marco Carnesecchi,Atalanta,682,12,8,0 0 1 2 0 0 0 0 0 0 0 0 8 5 3 1 0 0 0 0 0 0 0 0 41 46 18 3 0 0 0 0 0 0 0 0 100 91 52 12 0 0 0 0 0 0 0 0 98 83 24 10 2 0 1 0 0 0 0 0 49 40 12 3 0 0 0 0 0 0 0 0 5 11 2 2 0 0 0 0 0 0 0 0 2 4 0 1 0 0 0 0 0 0 0 0
marco sportiello,Marco Sportiello,Atalanta,32,12,8,0 0 0 0 0 0 0 0 0 0 0 0 11 0 0 0 0 0 0 0 0 0 0 0 0 0 0 0 0 0 0 0 0 0 0 0 100 56 22 0 0 0 0 0 0 0 0 0 78 44 11 0 0 0 0 0 0 0 0 0 11 11 0 11 0 0 0 0 0 0 0 0 0 0 0 0 0 0 0 0 0 0 0 0 0 0 0 0 0 0 0 0 0 0 0 0
santiago castro,Santiago Castro,Bologna,852,12,8,3 3 0 7 7 21 10 31 14 24 17 3 0 0 0 10 14 45 34 28 41 21 17 10 3 3 3 10 45 34 69 83 79 41 48 10 41 14 10 21 28 52 69 52 93 55 86 41 17 17 3 21 14 79 69 90 100 41 90 45 10 3 0 24 34 59 62 79 69 48 48 31 7 0 3 21 24 28 31 59 52 34 21 7 0 3 0 10 28 24 31 34 48 21 28 14
federico bernardeschi,Federico Bernardeschi,Bologna,813,12,8,9 11 31 37 63 54 83 100 77 74 54 17 9 9 6 26 46 31 54 77 94 49 46 14 17 14 6 20 51 26 54 51 77 71 46 51 3 9 6 11 20 23 26 31 60 20 23 9 3 3 0 9 9 14 26 20 46 14 9 0 0 3 6 9 11 9 23 23 20 20 6 9 0 3 3 9 20 17 31 31 9 17 6 0 3 0 3 3 11 11 0 14 11 20 9 6
jonathan rowe,Jonathan Rowe,Bologna,910,12,8,5 5 12 10 12 10 22 24 20 22 17 2 0 5 5 12 22 7 10 20 27 20 20 10 0 2 0 5 17 24 15 24 29 17 20 7 0 0 2 5 7 5 15 15 24 17 29 7 0 0 7 15 15 12 17 22 37 29 41 22 7 2 2 27 37 20 41 59 32 56 56 49 7 10 17 17 27 22 46 83 76 73 76 27 2 2 10 27 44 46 68 76 88 100 44 22
thijs dallinga,Thijs Dallinga,Bologna,416,12,8,0 0 6 6 22 0 11 28 22 22 22 6 0 0 0 0 22 22 11 67 11 17 6 22 0 0 0 0 6 50 44 67 44 33 39 22 17 11 0 11 0 33 50 56 50 17 56 11 17 33 6 22 11 33 50 100 61 44 28 33 0 6 0 33 17 44 67 72 72 33 33 17 0 6 0 22 22 72 44 50 39 61 11 22 0 0 0 0 28 6 22 44 39 11 22 17
nicolo cambiaghi,Nicolò Cambiaghi,Bologna,757,12,8,0 4 0 0 2 0 0 0 2 2 9 2 0 0 0 4 0 2 0 2 9 2 2 6 2 2 0 4 4 0 2 9 4 2 4 2 0 2 6 6 0 6 6 4 11 9 6 9 0 0 9 6 0 9 11 28 15 13 19 6 2 4 6 11 13 19 17 30 30 19 36 53 4 13 17 23 26 26 38 51 64 68 43 57 15 36 30 55 55 60 68 74 100 81 68 32
riccardo orsolini,Riccardo Orsolini,Bologna,953,12,8,17 28 26 41 81 69 74 100 87 63 57 33 13 15 7 37 44 31 43 52 63 50 54 15 0 13 11 17 26 13 37 52 57 46 74 56 0 6 9 20 9 11 15 17 15 19 22 20 0 4 2 7 2 13 2 4 11 7 17 0 0 0 2 0 0 0 2 6 6 0 2 0 2 0 0 0 2 0 0 2 0 0 4 0 0 0 0 0 0 0 0 0 0 0 2 4
lewis ferguson,Lewis Ferguson,Bologna,1242,12,8,4 0 10 8 26 12 34 20 32 10 2 4 4 6 8 16 30 32 34 28 20 12 8 0 10 10 14 32 56 52 44 46 20 10 10 2 8 14 24 48 44 42 26 28 26 8 4 4 12 20 14 34 38 56 62 24 14 20 8 12 12 20 16 68 72 64 74 52 30 20 20 0 6 10 26 48 48 44 100 76 38 34 12 4 12 30 16 34 34 22 44 58 34 28 16 6
benjamin dominguez,Benjamín Domínguez,Bologna,313,12,8,0 21 0 0 14 0 29 7 7 0 0 0 0 7 7 0 14 21 7 14 21 0 0 7 0 0 0 0 0 0 0 14 7 21 0 7 0 0 0 0 7 7 14 14 21 21 21 7 0 0 0 0 7 29 7 7 43 21 14 7 0 7 7 14 29 7 43 79 93 79 57 43 0 36 29 36 57 14 71 86 57 100 79 50 0 21 36 43 71 79 93 86 100 50 86 21
nikola moro,Nikola Moro,Bologna,1475,12,8,4 6 17 23 25 38 43 42 55 21 11 6 9 2 17 36 49 38 57 60 62 13 8 4 6 25 26 55 100 70 89 83 30 21 2 2 8 11 30 57 77 62 62 42 36 17 2 2 4 15 21 64 74 74 75 47 36 21 0 2 6 9 17 43 74 45 74 87 55 13 0 4 4 2 15 21 26 36 45 45 38 8 2 2 4 6 4 17 15 11 17 13 26 8 0 4
jens odgaard,Jens Odgaard,Bologna,744,12,8,0 0 3 10 27 23 47 40 33 23 27 7 3 3 3 13 53 43 70 67 63 23 27 10 3 13 13 23 33 37 47 100 80 50 30 17 0 10 7 13 17 17 47 33 53 30 40 13 17 20 17 3 23 17 37 37 77 47 20 17 7 10 17 30 30 37 53 53 50 43 23 17 3 0 7 20 30 40 33 53 23 20 17 3 3 0 0 13 17 7 17 47 17 33 20 10
tommaso pobega,Tommaso Pobega,Bologna,826,12,8,9 9 3 12 12 3 6 12 9 6 0 0 9 6 3 18 29 32 18 32 26 3 0 3 21 15 18 38 29 32 21 59 6 3 3 0 12 15 41 18 44 38 26 26 15 12 21 15 18 29 24 41 26 53 50 47 18 15 32 12 9 21 32 56 88 65 68 65 50 18 3 24 6 12 18 53 71 53 100 82 44 18 9 6 0 12 12 24 53 26 62 62 26 18 18 0
jhon lucumi,Jhon Lucumí,Bologna,1582,12,8,4 4 2 11 0 4 4 5 0 0 0 0 0 7 7 9 10 10 5 1 1 0 0 1 6 10 21 31 28 20 12 6 6 0 0 0 19 35 20 41 22 28 20 19 2 0 7 7 32 33 38 96 70 69 56 26 9 2 1 2 22 41 63 100 89 60 79 26 6 1 0 1 12 32 72 83 72 56 54 33 7 0 0 0 17 19 20 35 25 14 19 7 4 1 2 0
juan miranda,Juan Miranda,Bologna,1573,12,8,0 0 0 0 1 0 1 1 2 1 7 1 0 0 0 1 1 0 0 1 1 0 0 1 4 0 1 4 0 1 0 1 1 0 1 0 7 5 1 6 0 0 2 1 1 2 1 1 13 16 13 18 5 9 11 6 10 1 4 5 15 21 28 41 35 35 30 37 32 22 9 12 27 38 54 87 73 57 62 65 55 33 26 29 28 56 68 100 87 71 83 82 79 73 59 35
emil holm,Emil Holm,Bologna,689,12,8,21 52 88 90 100 79 71 83 64 60 36 21 17 33 45 60 69 21 45 52 19 17 17 21 21 17 7 36 21 33 33 21 10 17 26 17 12 19 5 10 12 12 2 2 7 2 12 10 2 0 0 5 2 0 2 5 2 7 12 10 0 0 2 5 0 2 2 0 2 2 0 2 0 2 2 2 0 0 5 0 0 0 0 0 0 0 2 0 5 0 5 0 0 2 0 0
torbjorn heggem,Torbjørn Heggem,Bologna,1412,12,8,5 18 15 26 19 11 16 11 3 3 0 0 16 29 39 50 42 26 27 23 5 0 0 0 19 39 44 87 68 61 42 39 5 5 0 2 21 34 21 58 34 48 24 8 3 0 10 6 27 32 31 87 61 53 35 10 6 2 13 16 18 42 68 100 81 65 35 13 5 2 0 2 15 42 48 53 45 35 29 19 5 0 0 0 6 19 16 26 13 5 19 8 3 2 2 2
martin vitik,Martin Vitík,Bologna,923,12,8,3 15 26 40 45 24 42 16 10 3 2 2 11 19 52 81 76 45 45 32 6 0 0 0 23 26 47 100 92 58 47 21 3 0 5 0 21 16 15 50 31 24 19 13 6 0 6 2 15 21 8 21 24 16 16 8 5 2 8 6 2 6 10 19 15 5 5 3 0 0 0 0 5 2 5 5 13 3 5 2 0 0 0 0 0 3 2 8 2 0 2 0 0 0 0 0
nadir zortea,Nadir Zortea,Bologna,1089,12,8,14 39 53 85 91 73 100 86 86 70 74 20 11 29 41 65 42 38 44 53 29 24 27 17 11 17 17 32 36 14 18 20 15 18 9 14 14 17 6 11 9 11 11 6 11 0 0 2 15 6 2 9 5 15 5 0 2 0 0 2 0 8 0 6 0 0 2 0 0 2 2 2 2 0 2 2 5 0 3 2 2 2 2 5 0 0 6 3 3 0 3 2 0 2 2 3
eivind helland,Eivind Helland,Bologna,402,12,8,6 8 11 14 17 6 11 8 8 0 0 0 14 42 50 56 56 22 22 25 11 0 0 0 14 39 58 97 100 39 28 19 3 0 0 0 8 19 22 47 19 22 33 8 3 0 3 0 6 6 8 19 3 8 19 3 0 0 6 0 0 0 3 11 8 6 11 8 3 0 0 0 0 3 0 0 3 0 0 3 0 0 0 0 0 0 6 3 0 0 3 0 0 0 0 0
nicolo casale,Nicolò Casale,Bologna,517,12,8,13 16 10 29 29 26 6 3 10 3 0 0 19 26 19 81 55 45 52 13 3 3 0 0 23 26 39 100 84 68 45 23 0 0 0 3 23 26 23 84 39 52 32 0 0 3 13 10 23 6 16 45 39 45 39 3 10 3 3 6 19 13 16 29 48 23 10 6 3 0 0 0 0 3 6 16 16 3 0 10 3 0 0 0 3 3 0 10 0 0 6 6 0 0 0 0
lukasz skorupski,Łukasz Skorupski,Bologna,529,12,8,0 0 0 0 1 0 0 0 0 0 0 0 3 3 3 0 0 0 0 0 0 0 0 0 28 53 17 6 0 0 0 0 0 0 0 0 85 89 74 33 1 0 0 0 0 0 0 0 100 92 62 15 0 0 0 0 0 0 0 0 14 21 11 7 0 0 0 0 0 0 1 0 4 3 4 1 0 0 0 0 0 0 0 0 0 3 1 0 0 0 0 0 0 0 0 0
federico ravaglia,Federico Ravaglia,Bologna,653,12,8,0 0 3 1 0 0 0 0 0 0 0 0 5 8 4 0 1 0 0 0 0 0 0 0 37 44 35 24 5 0 0 0 0 0 0 0 100 89 72 43 6 1 0 0 0 0 0 0 84 80 44 33 3 0 0 0 0 0 0 0 30 25 13 13 1 1 0 0 0 0 0 0 4 5 3 3 0 0 0 0 0 0 0 0 1 3 1 1 1 0 0 0 0 0 0 0
massimo pessina,Massimo Pessina,Bologna,171,12,8,0 0 0 0 4 0 0 0 0 0 0 0 0 12 0 0 0 0 0 0 0 0 0 0 12 38 4 12 0 0 0 0 0 0 0 0 85 92 46 23 0 0 0 0 0 0 0 0 81 100 46 15 0 0 0 0 0 0 0 0 31 19 15 8 0 0 0 0 0 0 0 0 0 8 4 0 0 0 0 0 0 0 0 0 0 0 0 0 4 0 0 0 0 0 0 0
boulaye dia,Boulaye Dia,Lazio,529,12,8,0 0 0 5 14 10 10 29 19 5 5 5 0 0 0 29 24 24 38 52 38 24 24 10 0 5 10 19 43 48 71 71 52 43 14 19 14 24 14 24 29 52 62 43 71 19 33 10 24 19 0 62 38 43 57 43 48 29 38 33 0 5 10 38 48 38 38 100 48 57 38 24 0 0 5 43 67 48 57 57 38 29 14 5 0 0 0 10 33 10 24 24 10 14 5 0
mattia zaccagni,Mattia Zaccagni,Lazio,1162,12,8,0 0 0 0 0 0 0 2 6 2 0 2 0 0 0 0 0 0 0 2 3 2 0 0 0 0 0 0 2 2 0 3 6 2 3 8 0 0 0 6 3 9 5 2 9 12 11 6 3 5 9 20 18 18 18 25 23 20 22 18 8 11 14 38 38 25 35 45 48 34 20 28 6 22 26 48 54 57 42 63 63 45 38 26 9 26 29 74 77 54 77 100 92 65 31 17
gustav isaksen,Gustav Isaksen,Lazio,857,12,8,9 22 28 83 80 63 80 96 100 76 41 30 4 13 15 37 43 20 33 80 85 50 46 48 7 7 17 17 24 17 11 41 50 41 63 57 2 2 7 9 0 2 17 11 20 35 22 24 0 4 4 7 2 4 4 7 17 0 17 4 0 0 2 4 2 2 9 4 7 9 20 7 0 0 2 0 2 2 4 4 7 4 0 4 4 0 0 0 0 0 0 4 0 2 0 0
petar ratkov,Petar Ratkov,Lazio,84,12,8,0 0 0 0 25 25 0 25 0 50 25 0 0 0 0 0 0 0 0 75 75 0 25 25 0 0 0 0 25 25 100 75 25 0 100 25 50 0 0 0 75 25 25 25 75 25 25 25 75 0 0 0 50 50 25 25 50 0 75 75 0 0 0 0 25 75 25 25 75 25 50 0 0 0 0 0 0 50 0 50 25 0 50 0 0 0 0 25 0 50 0 25 0 0 25 0
matteo cancellieri,Matteo Cancellieri,Lazio,939,12,8,14 16 24 61 92 76 65 100 96 35 27 6 10 20 20 51 47 41 41 63 63 45 31 14 14 22 4 25 24 24 18 45 61 22 31 24 12 18 8 12 6 4 14 12 27 33 22 16 10 2 2 4 4 4 2 4 12 16 24 10 0 0 0 4 2 2 2 4 14 6 16 8 0 2 2 4 8 12 14 14 2 2 8 0 0 0 2 10 16 6 12 10 6 4 6 4
tijjani noslin,Tijjani Noslin,Lazio,652,12,8,7 7 4 11 7 0 22 7 19 7 4 4 4 4 4 0 7 15 19 19 7 4 4 0 4 0 11 7 15 41 48 33 41 7 4 11 4 7 0 4 15 33 15 15 22 19 44 26 22 7 7 11 33 22 30 26 30 30 41 30 0 4 15 33 37 37 63 74 59 52 44 33 4 11 7 33 67 41 59 56 100 37 30 30 0 19 26 81 74 70 44 85 89 56 30 15
reda belahyane,Reda Belahyane,Lazio,421,12,8,0 19 25 19 50 25 38 62 31 12 0 6 0 19 19 25 62 69 94 94 69 25 6 0 0 12 0 69 50 100 62 81 50 38 19 6 0 0 19 25 25 31 88 12 25 12 0 0 0 12 19 38 19 19 69 25 38 6 12 0 6 12 19 25 25 31 31 50 6 6 0 25 0 0 6 25 62 44 69 69 50 38 12 6 12 6 12 56 19 31 19 69 25 12 0 0
kenneth taylor,Kenneth Taylor,Lazio,848,12,8,0 0 0 0 0 2 4 0 0 0 0 4 0 0 0 0 2 4 4 6 6 4 2 0 2 0 2 15 15 8 29 40 27 4 2 2 2 15 10 25 17 23 19 17 23 6 8 2 2 17 17 25 27 21 27 15 31 17 8 10 4 12 4 40 54 42 44 48 54 29 17 10 6 4 4 38 67 50 62 100 79 42 17 17 0 4 10 35 27 23 48 73 90 31 8 4
fisayo dele-bashiru,Fisayo Dele-Bashiru,Lazio,607,12,8,6 3 3 19 34 12 34 56 66 22 31 22 3 9 12 25 25 28 41 100 66 28 25 12 3 12 3 50 62 50 56 69 50 9 3 6 0 19 9 12 28 19 47 22 34 16 9 3 0 12 12 34 25 22 22 22 19 6 6 3 6 12 0 22 19 12 31 38 12 9 9 6 6 3 0 12 19 22 9 25 12 0 6 3 3 6 6 6 9 3 25 28 22 6 22 0
nicolo rovella,Nicolò Rovella,Lazio,592,12,8,0 12 8 36 20 20 48 40 20 4 0 8 0 0 24 44 60 36 84 84 32 0 0 0 12 24 24 64 64 36 88 68 32 12 0 4 4 12 20 60 64 76 48 36 28 8 0 0 12 16 16 56 52 28 60 44 16 0 0 0 8 8 8 60 64 40 64 100 12 12 0 0 4 4 12 12 24 20 44 24 24 12 0 0 0 4 12 24 12 4 32 36 8 4 8 4
romano floriani mussolini,Romano Floriani Mussolini,Lazio,617,12,8,8 33 25 67 92 92 88 100 96 75 62 38 21 25 50 25 33 25 33 62 46 29 38 25 42 12 4 17 21 8 17 38 4 21 29 42 21 21 8 17 4 4 17 17 4 4 8 0 29 8 4 8 0 12 8 4 4 12 4 0 8 12 4 25 8 21 8 4 0 25 21 8 21 25 12 25 25 33 38 29 21 25 8 25 29 17 46 54 62 58 42 58 54 29 12 12
adrian przyborek,Adrian Przyborek,Lazio,10,12,8,0 0 0 0 0 0 0 0 0 0 0 0 0 0 0 0 0 0 0 0 0 0 0 0 0 0 0 0 100 0 0 0 0 0 0 0 0 0 0 0 100 0 0 0 100 0 0 0 0 0 0 0 0 0 0 0 0 0 0 0 0 0 0 0 100 0 100 100 0 0 0 0 0 0 100 100 0 100 0 0 0 0 0 0 0 0 0 100 0 0 0 0 0 0 0 0
danilo cataldi,Danilo Cataldi,Lazio,1306,12,8,2 17 13 24 22 9 33 26 20 4 4 4 15 15 11 43 41 33 37 59 26 4 2 7 22 33 28 67 85 63 65 100 37 15 4 2 9 26 37 50 54 63 54 65 43 4 2 0 13 30 22 76 83 35 50 72 48 11 4 0 30 20 33 61 74 46 72 80 46 22 4 2 9 17 15 65 43 43 67 70 15 9 4 0 9 7 11 17 15 15 30 15 13 4 7 2
nuno tavares,Nuno Tavares,Lazio,1150,12,8,0 0 0 0 0 1 0 0 0 1 0 1 0 0 0 0 0 0 1 1 0 0 0 1 0 4 0 0 0 0 1 0 3 1 0 1 6 4 6 3 1 3 3 0 0 0 0 3 16 11 6 9 4 4 3 3 11 6 1 6 13 16 13 24 20 20 23 20 14 11 23 10 29 31 30 56 57 43 53 59 37 30 31 29 37 57 66 100 99 67 84 81 71 66 61 33
mario gila,Mario Gila,Lazio,1704,12,8,25 26 42 36 46 25 28 10 7 3 0 0 32 35 53 66 54 29 29 23 8 4 0 0 39 55 58 100 90 65 60 28 4 0 1 0 30 41 34 78 54 54 40 21 7 1 13 8 26 17 15 61 33 27 35 16 2 0 5 4 7 3 9 22 14 18 17 4 2 2 3 1 3 1 4 2 4 4 3 2 1 0 0 1 2 2 1 1 2 1 0 2 0 2 0 1
alessio romagnoli,Alessio Romagnoli,Lazio,1873,12,8,10 12 10 22 16 10 16 12 6 1 1 0 12 16 27 42 31 31 40 21 3 0 1 0 19 22 49 81 76 54 63 16 6 0 6 0 48 33 37 84 75 48 34 28 1 1 9 7 55 57 49 97 88 66 48 10 4 1 4 12 31 55 76 91 93 67 58 19 6 0 1 3 25 46 72 100 75 45 45 28 3 4 0 0 10 24 27 37 31 21 34 16 7 3 0 3
luca pellegrini,Luca Pellegrini,Lazio,985,12,8,0 0 0 0 0 0 0 0 0 1 1 1 1 1 0 1 0 0 4 1 0 1 1 0 3 1 1 0 0 1 4 1 1 0 0 0 9 4 0 1 0 0 0 3 1 1 0 0 18 15 7 9 3 6 4 3 3 3 0 1 18 19 12 30 18 18 9 22 18 9 9 18 30 25 45 51 55 39 52 60 33 6 16 15 24 57 69 100 88 67 81 81 67 43 34 6
adam marusic,Adam Marušić,Lazio,1512,12,8,27 45 69 100 88 74 95 99 68 44 28 9 15 19 25 49 45 27 41 54 27 13 7 11 16 28 25 25 16 14 19 22 20 4 7 7 14 19 5 7 2 1 2 5 4 1 4 7 8 9 6 1 0 1 2 1 1 2 5 6 6 7 5 1 7 2 5 5 1 1 5 2 2 13 5 18 14 1 8 12 12 6 4 1 2 21 28 42 28 29 22 26 11 13 9 6
manuel lazzari,Manuel Lazzari,Lazio,623,12,8,9 48 64 93 98 80 93 100 84 39 39 9 20 34 25 43 34 27 32 36 27 30 23 18 18 14 16 18 23 9 16 18 7 9 9 27 16 16 5 7 2 5 2 2 2 0 2 2 0 7 2 0 7 2 7 2 5 0 0 0 0 0 0 0 5 0 5 2 0 0 0 2 0 0 2 2 0 0 5 0 5 0 0 0 2 0 0 0 0 2 0 2 0 0 0 0
oliver provstgaard,Oliver Provstgaard,Lazio,1169,12,8,2 0 2 2 0 3 3 0 0 0 0 0 0 2 6 6 9 3 2 0 0 0 0 0 6 8 17 23 11 14 8 8 5 2 3 2 20 25 11 43 12 26 18 14 3 0 0 3 57 37 38 57 57 63 60 25 11 0 5 5 28 45 48 95 100 74 92 49 6 0 3 5 20 34 55 74 74 52 40 25 11 0 0 6 6 18 15 25 18 11 11 18 3 3 0 2
patric,Patric,Lazio,645,12,8,6 17 9 14 11 6 9 17 3 6 0 0 11 20 29 34 49 23 51 20 20 0 0 0 23 29 26 97 77 63 100 57 20 3 0 3 29 17 29 43 49 40 43 29 20 9 0 3 9 31 6 60 29 46 40 31 14 3 6 0 3 11 9 29 31 31 60 31 26 0 0 0 0 11 11 17 23 11 14 34 11 0 0 0 0 0 3 9 6 6 14 6 0 0 0 0
ivan provedel,Ivan Provedel,Lazio,615,12,8,1 2 1 2 0 0 0 0 0 0 0 0 8 7 2 2 1 0 0 0 0 0 0 0 36 59 19 9 0 0 0 0 0 0 0 0 100 82 36 26 2 0 0 0 0 0 0 0 93 81 28 15 2 1 0 0 0 0 0 0 29 27 14 7 1 1 0 0 0 0 0 0 6 6 2 2 2 0 0 0 0 0 0 0 0 1 0 4 0 0 0 0 0 0 0 0
edoardo motta,Edoardo Motta,Lazio,257,12,8,0 2 0 2 0 0 0 0 0 0 0 0 4 2 0 4 0 0 0 0 0 0 0 0 30 18 10 0 0 0 0 0 0 0 0 0 100 76 16 10 2 0 0 0 0 0 0 2 94 64 14 12 2 0 0 0 0 0 0 0 20 22 0 4 0 0 0 0 0 0 0 0 2 0 2 0 0 0 0 0 0 0 0 0 0 0 0 0 0 0 0 0 0 0 0 0
alessio furlanetto,Alessio Furlanetto,Lazio,69,12,8,0 0 0 0 0 0 0 0 0 0 0 0 0 6 0 0 0 0 0 0 0 0 0 0 18 12 6 0 0 0 0 0 0 0 0 0 100 41 41 6 0 0 0 0 0 0 0 0 71 65 24 0 0 0 0 0 0 0 0 0 6 6 0 6 0 0 0 0 0 0 0 0 0 0 0 0 0 0 0 0 0 0 0 0 0 0 0 0 0 0 0 0 0 0 0 0
nicolo zaniolo,Nicolò Zaniolo,Udinese,1214,12,8,4 7 11 52 54 54 63 70 54 35 26 24 0 0 9 37 41 57 50 83 91 50 13 15 2 2 7 26 46 48 67 100 78 65 46 17 0 0 4 35 22 26 54 41 74 48 24 9 0 0 4 22 15 30 26 37 57 39 41 15 0 2 4 11 33 15 26 35 57 20 24 30 0 0 4 7 15 13 24 43 33 15 13 17 0 2 2 13 9 11 26 28 15 28 17 17
adam buksa,Adam Buksa,Udinese,412,12,8,0 5 0 5 14 5 36 45 14 27 0 5 0 0 5 0 18 23 41 41 32 5 5 0 5 0 5 5 36 23 100 91 68 27 23 5 18 14 5 5 0 27 59 45 55 18 45 18 5 18 0 14 14 41 36 27 36 23 36 18 0 5 5 18 9 23 36 59 32 5 9 23 0 0 0 5 9 36 45 45 36 14 0 9 0 5 9 32 23 23 23 14 18 14 5 0
vakoun issouf bayo,Vakoun Issouf Bayo,Udinese,252,12,8,0 0 8 8 8 0 15 31 46 0 23 8 0 8 0 8 23 15 38 46 54 0 8 0 0 0 8 0 38 8 38 100 31 38 8 8 8 8 0 15 0 38 23 46 15 15 46 23 8 8 0 23 8 31 62 38 69 38 46 31 8 0 0 0 38 38 54 38 54 38 38 8 8 8 15 8 0 15 15 31 54 23 46 8 0 8 23 15 8 0 23 15 23 15 31 8
iker bravo,Iker Bravo,Udinese,91,12,8,0 0 0 0 17 17 0 0 0 17 0 0 0 17 0 17 0 0 0 50 33 33 33 0 0 0 0 17 0 0 17 17 50 33 0 17 0 0 17 50 0 50 67 33 50 0 17 0 0 0 33 0 0 33 67 17 50 50 17 0 0 17 33 17 0 0 0 0 67 100 0 0 0 0 17 17 17 0 0 0 83 17 33 0 0 0 0 17 83 0 17 0 17 17 0 17
idrissa gueye,Idrissa Gueye,Udinese,223,12,8,0 11 0 11 22 33 44 44 33 67 33 22 0 0 0 33 33 0 33 67 67 0 11 11 0 11 11 22 33 11 67 44 78 11 22 22 44 0 0 11 33 56 56 22 11 78 100 56 11 33 0 0 33 11 11 33 44 33 78 33 0 0 11 0 0 11 22 44 78 56 44 44 0 0 0 0 11 22 33 78 56 22 67 33 33 0 0 0 0 11 11 11 33 33 11 0
keinan davis,Keinan Davis,Udinese,885,12,8,0 0 6 0 24 18 27 21 30 9 12 9 0 0 0 18 9 24 27 36 27 18 24 6 3 3 9 24 48 52 52 100 61 45 55 36 18 18 3 36 27 48 64 58 48 30 58 30 30 24 12 42 12 61 82 61 55 30 85 21 12 6 12 15 42 42 42 97 76 33 61 52 3 0 6 9 30 36 15 36 36 24 36 24 0 0 6 18 9 21 9 18 45 3 6 6
arthur atta,Arthur Atta,Udinese,1598,12,8,2 2 6 31 17 8 21 40 38 27 13 12 0 0 6 12 17 10 23 50 33 10 17 17 4 6 12 27 35 29 25 56 31 15 15 8 4 25 21 35 15 21 27 33 38 8 8 8 21 13 12 29 25 42 50 27 33 31 31 12 2 10 25 38 62 46 65 62 81 38 50 31 8 25 23 63 71 56 73 96 100 67 46 42 12 12 25 58 67 65 71 88 88 83 48 35
jakub piotrowski,Jakub Piotrowski,Udinese,991,12,8,15 24 12 35 50 62 41 65 47 21 21 18 15 32 18 47 62 18 41 56 50 21 26 18 15 24 18 82 71 50 41 100 44 35 18 9 32 21 38 32 56 38 26 47 35 24 29 24 12 38 21 44 26 41 38 32 47 18 21 3 3 15 6 29 59 35 56 65 44 18 18 0 0 12 3 21 26 29 53 56 32 24 18 3 0 3 9 12 21 24 44 35 35 26 12 9
lennon miller,Lennon Miller,Udinese,619,12,8,0 4 4 20 16 12 28 24 20 16 16 4 4 8 12 48 52 16 32 32 48 0 0 0 12 32 24 56 92 36 64 84 52 20 8 4 8 20 16 56 44 60 44 36 36 12 8 0 8 24 28 44 44 56 60 28 16 32 8 0 8 12 20 68 44 64 100 24 48 24 16 16 4 20 12 52 36 24 24 52 44 4 0 16 0 8 4 16 20 8 16 28 20 20 8 8
juan arizala,Juan Arizala,Udinese,151,12,8,0 0 12 25 62 25 62 25 12 0 12 12 12 12 0 25 25 12 75 38 25 0 0 0 0 0 0 0 0 12 0 0 25 12 0 0 0 12 0 0 0 0 0 0 12 0 0 12 0 12 12 0 0 12 0 0 0 12 12 0 25 12 25 12 0 12 38 12 25 25 38 0 12 25 25 50 38 25 50 25 12 75 12 12 12 62 12 62 88 75 88 38 100 75 25 38
jurgen ekkelenkamp,Jürgen Ekkelenkamp,Udinese,1044,12,8,4 26 26 22 52 41 85 93 93 70 26 11 4 19 37 41 44 41 52 70 44 52 11 15 19 4 44 33 41 22 37 81 59 22 37 19 30 30 22 41 22 15 63 37 37 19 41 26 4 22 26 26 37 56 33 41 48 33 33 11 0 15 22 41 78 63 56 63 70 48 37 19 4 30 22 70 48 56 52 70 78 44 48 44 7 22 30 52 100 41 44 67 89 89 78 22
hassane kamara,Hassane Kamara,Udinese,1052,12,8,3 2 7 10 0 2 2 0 0 2 0 3 2 0 0 2 0 2 0 2 0 0 2 0 3 0 2 5 2 2 0 3 2 2 0 0 3 5 5 5 0 3 0 0 5 0 0 0 25 10 8 5 2 8 10 5 7 8 0 5 20 25 18 33 33 20 17 18 22 12 22 15 23 50 35 50 53 32 42 35 52 30 32 25 28 57 60 90 100 70 88 95 82 78 72 42
alessandro zanoli,Alessandro Zanoli,Udinese,624,12,8,20 46 50 96 80 59 85 100 87 80 78 26 11 17 15 37 37 33 26 13 30 17 35 22 9 26 4 26 22 11 2 4 9 11 17 7 9 4 7 9 2 7 7 2 0 2 2 0 9 9 4 2 2 0 0 0 2 0 0 0 2 2 0 0 0 2 0 0 0 2 2 2 0 2 0 0 2 0 0 0 0 0 0 0 0 0 0 2 0 2 0 0 2 0 7 0
jesper karlstrom,Jesper Karlström,Udinese,1720,12,8,4 13 15 28 32 13 34 32 23 4 11 9 13 15 25 55 57 30 58 70 45 8 11 11 21 30 28 83 100 85 89 58 53 26 4 8 26 28 40 79 75 55 55 51 38 11 6 6 21 40 23 77 75 70 79 43 55 19 6 6 15 51 34 75 58 66 91 77 40 23 4 13 4 9 34 43 45 32 55 51 45 17 2 8 2 13 15 19 23 4 15 40 21 11 2 4
martin payero,Martín Payero,Udinese,889,12,8,0 7 28 41 62 41 62 48 72 48 24 7 10 10 17 38 41 52 52 48 93 24 10 7 21 3 10 45 62 62 62 100 69 34 7 24 10 14 31 52 38 41 24 76 31 24 21 14 14 24 24 41 17 31 34 41 38 14 10 7 0 7 21 31 72 62 59 48 55 28 7 0 14 21 10 21 38 41 45 55 76 34 0 14 7 0 28 28 45 17 41 34 59 17 10 3
sandi lovric,Sandi Lovrić,Udinese,428,12,8,0 6 19 31 31 25 50 75 50 19 19 6 0 12 25 44 19 38 69 62 31 12 12 12 19 25 19 56 56 62 50 38 69 6 12 0 6 12 38 62 31 38 56 38 6 31 12 0 25 12 31 100 6 56 62 38 38 0 6 6 6 19 31 50 12 62 62 62 25 0 19 0 6 6 19 12 50 38 12 81 50 6 19 12 31 6 0 6 31 19 12 56 25 12 12 6
jordan zemura,Jordan Zemura,Udinese,680,12,8,0 2 0 7 7 2 5 0 14 7 5 0 5 0 0 0 5 0 0 2 5 0 0 2 2 5 2 5 5 5 5 5 5 5 2 0 0 2 2 2 0 0 10 2 10 2 0 2 21 10 10 12 5 10 7 5 17 10 10 2 12 10 12 24 19 19 31 29 29 12 33 21 7 21 19 57 31 26 33 45 43 45 43 24 12 38 60 100 86 71 88 81 69 45 50 10
rui modesto,Rui Modesto,Udinese,94,12,8,0 0 9 9 9 0 0 0 18 0 27 9 0 0 0 0 0 0 9 0 9 27 9 9 0 0 0 0 0 0 0 0 9 0 0 0 9 0 0 0 0 0 0 0 9 0 18 0 0 0 0 0 18 18 0 0 9 0 0 0 0 9 9 27 0 0 0 9 9 18 0 27 9 0 18 45 36 0 0 18 18 18 9 0 0 0 27 36 27 18 27 27 55 100 18 0
abdoulaye camara,Abdoulaye Camara,Udinese,13,12,8,0 0 0 0 0 0 0 0 50 0 50 0 0 0 0 0 0 0 0 0 50 0 0 0 0 0 0 0 0 0 100 0 50 0 0 0 0 0 0 0 0 50 100 0 0 0 0 0 0 0 0 0 0 0 0 100 0 0 0 0 0 0 0 0 50 50 0 0 0 0 0 0 0 0 0 0 0 0 0 0 0 0 0 0 0 0 0 0 0 0 0 0 0 0 0 0
oier zarraga,Oier Zarraga,Udinese,294,12,8,17 17 33 50 100 58 83 83 33 8 8 8 17 17 17 50 50 83 17 50 75 17 17 0 67 17 50 67 58 50 75 50 67 50 17 8 17 25 17 33 25 25 50 25 17 17 8 8 8 42 8 42 25 8 17 50 25 17 8 0 8 17 0 17 25 33 33 58 17 0 8 17 17 8 0 25 8 0 25 25 17 8 8 0 0 17 8 0 0 0 8 17 0 17 0 8
oumar solet,Oumar Solet,Udinese,2168,12,8,9 6 5 13 16 1 7 2 7 2 0 0 5 5 12 26 24 11 20 18 15 9 5 0 10 13 22 43 38 30 30 24 12 4 4 2 18 29 17 44 35 28 18 11 7 6 11 7 49 48 33 80 49 37 28 26 24 6 22 10 26 56 63 100 93 70 83 63 33 20 17 10 29 59 63 96 82 66 80 63 50 20 13 6 13 28 24 44 39 24 46 33 23 9 1 2
branimir mlacic,Branimir Mlačić,Udinese,114,12,8,25 25 100 33 50 8 8 8 0 0 0 0 17 17 25 58 33 50 50 25 17 8 0 0 17 8 25 42 8 17 8 17 0 0 8 0 25 17 0 8 8 8 17 0 0 17 0 0 8 8 8 0 0 0 0 0 0 0 0 0 0 0 0 17 17 0 0 0 0 0 0 0 0 8 8 0 8 17 0 8 0 0 0 0 8 0 0 25 0 0 0 0 0 0 0 0
saba goglichidze,Saba Goglichidze,Udinese,260,12,8,38 24 19 62 76 52 29 19 0 5 0 0 33 19 29 100 76 81 62 24 10 0 0 0 24 14 33 57 86 10 29 24 5 5 14 0 29 5 10 5 0 19 14 0 0 0 0 10 10 10 0 5 14 0 0 0 5 0 5 5 0 0 0 10 0 0 10 0 0 0 0 5 0 0 5 0 0 0 0 0 0 5 0 0 0 0 0 0 0 0 0 0 0 5 0 0
thomas kristensen,Thomas Kristensen,Udinese,1534,12,8,8 29 44 56 47 34 44 35 16 6 0 3 10 32 48 79 66 52 47 34 15 2 2 0 29 40 55 100 77 55 61 37 21 0 2 2 65 52 44 74 65 45 37 13 11 6 8 3 52 47 35 65 73 60 32 13 6 3 15 6 19 24 29 55 50 31 11 10 5 3 13 3 18 23 23 21 23 13 13 5 3 3 0 0 8 16 6 5 11 5 5 5 0 0 0 0
matteo palma,Matteo Palma,Udinese,95,12,8,50 25 25 75 50 88 25 38 0 12 0 0 12 62 25 100 75 62 25 38 0 0 0 0 25 0 0 75 50 25 0 25 0 0 12 12 0 25 12 0 0 0 38 0 0 0 0 12 25 25 0 0 0 0 0 0 12 0 12 12 0 0 0 0 0 0 0 0 0 0 0 0 0 0 0 0 0 0 0 0 0 0 0 0 0 0 0 0 0 0 0 0 0 0 0 0
enzo ebosse,Enzo Ebosse,Udinese,912,12,8,2 0 2 0 0 0 0 0 0 0 0 2 3 2 2 2 2 0 0 3 2 0 2 2 9 7 0 5 5 0 2 3 0 0 0 3 16 16 9 10 12 3 9 3 0 0 2 2 47 41 17 24 17 9 5 5 7 0 0 2 22 48 48 86 64 53 40 31 17 2 0 3 29 45 52 74 100 59 79 53 26 5 3 0 7 28 28 45 40 28 48 45 29 14 5 2
christian kabasele,Christian Kabasele,Udinese,1122,12,8,6 9 9 12 12 7 9 1 0 0 0 3 9 25 26 42 25 20 4 1 0 1 1 1 16 38 49 100 62 36 30 13 1 3 1 0 39 51 59 94 46 61 30 10 4 0 7 10 35 55 36 62 39 39 22 10 4 3 0 12 14 29 33 43 39 17 13 10 3 1 4 0 4 9 14 19 4 9 12 3 3 0 0 0 7 6 4 9 7 1 0 1 0 0 0 0
nicolo bertola,Nicolò Bertola,Udinese,1175,12,8,14 66 34 97 100 71 89 86 40 11 0 6 34 40 46 91 97 49 57 69 14 9 6 3 40 34 51 51 66 46 37 31 14 9 17 14 29 29 17 37 40 31 20 9 14 3 11 9 51 54 23 43 20 11 9 3 14 3 14 11 26 43 60 51 54 34 43 11 26 14 20 20 26 63 60 83 74 57 43 26 20 14 3 0 23 31 34 71 71 57 34 46 37 11 17 6
maduka okoye,Maduka Okoye,Udinese,626,12,8,2 3 2 2 1 0 0 0 0 0 0 0 1 5 5 5 2 0 0 0 0 0 0 0 44 54 22 8 2 0 0 0 0 0 0 0 100 87 38 20 2 0 0 0 0 0 0 0 94 78 33 11 2 0 0 0 0 0 0 0 32 23 10 10 0 0 0 0 0 0 0 0 7 2 6 1 0 0 0 0 0 0 0 0 2 0 0 0 0 0 0 0 0 0 0 0
daniele padelli,Daniele Padelli,Udinese,79,12,8,0 0 0 0 0 0 0 0 0 0 0 0 0 11 0 0 0 0 0 0 0 0 0 0 0 5 16 0 0 0 0 0 0 0 0 0 95 37 11 11 0 0 0 0 0 0 0 0 100 68 21 0 0 0 0 0 0 0 0 0 21 16 0 0 5 0 0 0 0 0 0 0 0 0 0 0 0 0 0 0 0 0 0 0 0 0 0 0 0 0 0 0 0 0 0 0
domenico berardi,Domenico Berardi,Sassuolo,980,12,8,21 27 42 79 62 77 85 98 100 50 50 10 6 12 23 40 65 46 65 48 71 44 42 15 6 12 15 25 29 33 60 46 46 40 52 23 2 6 8 10 8 12 19 27 35 8 8 15 0 2 8 6 6 2 10 15 25 15 8 8 2 4 6 4 10 0 6 15 19 15 15 8 0 4 0 6 6 0 8 10 10 6 10 6 0 4 0 0 0 0 4 4 6 8 6 4
armand lauriente,Armand Laurienté,Sassuolo,1236,12,8,0 0 0 2 3 0 0 2 5 3 8 5 0 0 3 0 7 0 2 3 10 5 7 5 0 3 3 5 0 7 15 20 37 15 14 15 0 3 2 7 7 10 8 12 27 12 7 3 0 14 12 20 10 17 22 29 37 27 32 7 2 7 12 36 34 29 41 58 59 64 54 42 8 7 14 49 44 47 58 80 80 73 71 32 7 10 7 31 42 53 69 100 93 75 61 15
andrea pinamonti,Andrea Pinamonti,Sassuolo,838,12,8,0 4 4 26 56 22 41 30 19 44 19 15 0 4 4 11 41 33 44 52 67 22 19 11 0 7 4 7 48 56 48 67 33 19 48 22 15 11 26 19 37 85 37 44 100 41 93 48 30 4 11 22 30 63 59 70 78 52 89 44 0 0 7 41 44 59 67 70 78 26 52 56 0 0 7 7 30 22 15 37 59 15 48 33 0 0 0 22 37 44 30 44 33 22 30 15
luca moro,Luca Moro,Sassuolo,130,12,8,0 0 0 0 14 14 14 29 57 43 43 0 0 0 0 0 29 29 14 43 14 29 14 0 0 14 0 0 14 0 14 29 100 0 0 0 0 0 0 29 0 29 29 14 14 0 57 14 0 0 0 0 43 29 14 57 29 14 57 14 0 43 0 14 14 43 29 29 29 29 71 14 0 0 0 0 29 14 29 100 14 14 14 0 0 0 14 29 43 29 29 57 86 29 14 0
nicholas pierini,Nicholas Pierini,Sassuolo,121,12,8,29 29 0 29 29 71 0 14 86 14 43 14 0 0 0 14 14 29 57 14 14 29 29 0 0 0 29 29 0 14 29 0 43 0 29 0 0 0 0 0 0 0 29 29 0 0 0 0 0 0 0 0 29 14 14 29 29 29 14 0 0 0 0 14 0 14 14 29 100 29 29 0 14 0 14 0 43 0 29 43 71 0 14 14 43 29 14 14 14 29 14 29 43 29 29 29
laurs skjellerup,Laurs Skjellerup,Sassuolo,5,12,8,0 0 0 0 0 0 0 0 0 0 0 0 0 0 0 0 0 0 0 0 0 0 100 0 0 0 0 0 0 0 0 0 0 0 0 0 0 0 0 0 0 0 0 0 0 0 0 0 0 0 0 0 0 0 0 100 100 0 0 0 0 0 0 0 0 0 100 100 0 0 0 0 0 0 0 0 0 0 0 0 0 0 0 0 0 0 0 0 0 0 0 0 0 0 0 0
ismael kone,Ismael Koné,Sassuolo,1457,12,8,2 0 9 9 19 9 11 15 23 11 11 4 0 6 13 32 23 30 32 30 28 15 6 2 6 13 11 64 57 49 40 81 38 13 9 9 6 32 17 57 53 60 62 49 45 19 15 11 9 47 32 85 66 64 72 55 60 26 19 9 9 26 36 77 87 55 79 79 81 30 13 9 15 26 34 55 51 55 100 98 66 43 6 2 15 19 17 36 30 21 43 30 23 15 21 4
nemanja matic,Nemanja Matić,Sassuolo,1819,12,8,3 5 3 15 9 9 17 12 23 9 2 0 6 9 15 37 32 25 25 42 25 15 3 3 8 25 34 74 65 55 52 46 31 12 8 5 12 31 32 58 48 43 40 31 20 6 9 2 18 32 34 77 88 60 58 31 12 3 6 3 14 25 29 82 100 58 74 66 38 15 6 2 9 14 17 68 77 54 72 85 51 22 9 8 9 12 17 35 38 26 45 42 40 14 6 6
cristian volpato,Cristian Volpato,Sassuolo,679,12,8,9 16 34 100 84 56 62 91 34 59 53 22 16 3 19 41 47 56 53 78 84 50 28 9 6 9 19 28 38 44 41 41 47 41 47 28 0 16 12 6 16 9 25 16 22 19 16 0 3 9 6 12 12 9 6 22 31 12 9 6 0 0 3 9 9 3 16 19 31 9 3 3 3 3 9 0 3 0 9 22 12 16 9 0 12 12 3 3 3 12 9 22 16 22 19 3
kristian thorstvedt,Kristian Thorstvedt,Sassuolo,1574,12,8,0 10 12 31 45 33 36 60 50 31 36 17 14 5 14 55 57 48 36 86 64 17 21 2 14 26 38 74 81 62 45 88 69 40 26 21 14 21 29 55 36 36 38 29 55 19 24 19 19 36 31 67 50 38 50 50 57 24 29 24 12 31 33 50 64 45 60 64 60 43 36 12 2 21 29 55 55 74 100 93 76 48 29 17 5 17 17 48 52 29 38 88 64 40 12 19
darryl bakola,Darryl Bakola,Sassuolo,117,12,8,0 0 0 0 0 12 0 0 0 0 0 0 0 0 0 0 0 0 0 0 0 0 0 0 0 0 0 12 12 0 0 0 0 0 0 0 0 0 38 12 0 0 0 0 0 12 0 0 12 0 0 0 0 12 12 12 0 0 0 0 0 0 0 38 25 0 12 62 62 25 50 62 25 12 38 38 62 12 25 62 88 50 25 38 12 0 25 38 62 12 62 62 62 100 38 25
luca lipani,Luca Lipani,Sassuolo,723,12,8,4 22 13 13 26 30 17 39 43 4 9 22 9 4 13 78 35 48 70 43 61 26 13 0 4 22 39 91 65 87 100 91 39 13 22 13 13 17 48 57 70 30 52 43 35 52 0 17 17 26 43 87 57 78 78 65 48 22 4 0 22 26 22 57 52 39 70 39 70 17 0 0 4 26 13 57 70 43 43 65 48 17 13 9 4 9 9 17 26 22 4 13 9 9 4 4
daniel boloca,Daniel Boloca,Sassuolo,88,12,8,0 0 0 0 0 0 0 0 17 0 0 0 0 0 0 0 0 0 17 0 0 0 0 0 0 0 0 0 17 17 0 17 17 0 0 0 0 0 0 33 0 17 50 0 17 0 0 0 0 0 0 0 0 50 33 50 33 0 17 0 0 17 50 83 33 0 67 33 100 17 0 0 33 0 17 67 33 33 50 50 33 0 17 0 17 17 17 50 33 33 33 33 33 50 17 0
edoardo iannoni,Edoardo Iannoni,Sassuolo,204,12,8,25 25 38 62 38 0 50 50 38 38 38 25 25 38 25 100 88 12 75 75 50 12 25 25 25 12 75 88 62 50 50 50 38 25 25 0 0 50 0 62 12 75 25 38 12 12 25 12 12 25 0 62 12 75 62 12 12 25 0 0 0 38 0 62 50 38 25 38 25 25 12 0 0 0 0 12 0 0 0 25 25 25 12 0 0 0 0 0 0 12 12 12 0 0 0 0
andrea ghion,Andrea Ghion,Sassuolo,3,12,8,0 0 0 0 0 0 0 0 0 0 0 0 0 0 0 100 0 0 0 0 0 0 0 0 0 0 0 0 0 100 0 0 0 0 0 0 0 0 0 0 0 0 0 0 0 0 0 0 0 0 0 0 0 0 0 0 0 0 0 0 0 0 0 0 0 0 0 0 0 0 0 0 0 0 0 0 0 0 0 0 0 0 0 0 0 0 0 0 0 0 0 0 0 0 0 100
jay idzes,Jay Idzes,Sassuolo,1573,12,8,14 20 11 28 20 11 20 8 5 9 4 1 21 36 41 56 42 32 29 20 8 4 2 0 39 66 64 100 90 60 55 28 2 1 0 4 42 56 34 89 59 38 38 14 10 1 9 4 34 31 28 55 35 38 16 15 4 5 2 0 18 15 24 55 46 24 16 5 5 1 4 2 0 8 8 14 21 12 20 10 0 0 0 1 5 14 2 10 5 6 2 5 0 0 1 0
tarik muharemovic,Tarik Muharemović,Sassuolo,1704,12,8,2 0 2 6 2 1 0 0 1 0 0 0 1 0 1 1 0 1 2 5 1 1 1 0 8 8 13 9 23 14 15 3 1 5 2 2 27 33 26 44 30 17 15 2 2 0 9 6 47 63 57 87 55 49 31 16 10 2 8 2 55 65 81 100 81 64 52 31 15 3 1 3 33 53 55 90 78 45 41 26 15 1 0 1 14 15 28 37 33 29 23 20 14 3 0 0
sebastian walukiewicz,Sebastian Walukiewicz,Sassuolo,1447,12,8,18 53 61 100 85 65 67 72 62 35 35 11 24 38 40 62 56 42 51 46 28 12 9 10 33 33 43 51 44 34 35 27 19 11 4 7 21 36 11 25 12 8 12 8 8 3 2 0 6 6 2 3 4 4 6 2 1 0 3 1 3 0 2 3 1 0 1 0 0 0 0 1 1 1 0 1 1 0 0 0 0 0 0 0 0 0 0 0 0 0 1 0 0 0 0 0
josh doig,Josh Doig,Sassuolo,1068,12,8,1 1 0 1 1 0 0 0 0 1 0 0 0 0 0 1 0 0 0 0 1 0 1 0 1 3 0 0 1 0 0 0 1 1 0 0 4 3 6 1 0 3 4 0 1 4 0 0 17 19 8 10 4 4 10 3 6 4 10 1 24 21 18 15 17 11 12 18 21 8 4 14 31 32 44 57 42 28 42 46 28 18 22 17 36 50 60 100 82 68 82 82 78 46 46 24
fali cande,Fali Candé,Sassuolo,336,12,8,0 0 5 0 0 5 0 0 0 0 5 0 0 5 0 9 9 0 0 0 0 0 0 0 0 0 0 9 14 5 0 0 0 0 0 0 32 0 18 9 18 5 5 5 0 0 5 0 73 18 9 14 23 27 5 9 0 5 9 0 23 23 18 59 45 14 5 9 27 5 5 0 32 18 59 50 77 14 36 27 18 5 0 0 14 50 68 100 86 77 64 73 50 14 9 5
cas odenthal,Cas Odenthal,Sassuolo,2,12,8,0 0 0 0 0 0 0 0 0 0 0 0 0 0 0 0 0 0 100 0 0 0 0 0 0 0 0 0 0 0 0 0 0 0 0 0 0 0 0 0 0 100 0 0 0 0 0 0 0 0 0 0 0 0 0 0 0 0 0 0 0 0 0 0 0 0 0 0 0 0 0 0 0 0 0 0 0 0 0 0 0 0 0 0 0 0 0 0 0 0 0 0 0 0 0 0
arijanet muric,Arijanet Murić,Sassuolo,706,12,8,2 1 9 6 2 0 0 0 0 0 0 0 3 6 6 9 1 1 0 0 0 0 0 0 32 55 27 9 5 0 1 0 0 0 0 0 100 90 36 36 3 0 0 0 0 0 0 0 95 82 40 20 2 0 1 0 0 0 1 0 19 27 15 11 5 3 1 0 0 0 0 0 7 5 7 5 5 1 0 0 0 0 0 0 1 3 1 1 2 0 0 0 0 0 0 0
stefano turati,Stefano Turati,Sassuolo,206,12,8,0 0 0 2 2 0 0 0 0 0 0 0 0 4 4 0 2 0 0 0 0 0 0 0 15 26 6 4 4 0 0 0 0 0 2 0 100 72 19 9 2 0 0 0 0 0 0 0 77 43 4 4 0 0 0 0 0 0 0 0 15 6 6 2 0 0 0 0 0 0 0 0 0 2 4 0 0 0 0 0 0 0 0 0 0 0 0 0 0 0 0 0 0 0 0 0
gioele zacchi,Gioele Zacchi,Sassuolo,5,12,8,0 0 0 0 0 0 0 0 0 0 0 0 0 0 0 0 0 0 0 0 0 0 0 0 0 0 0 0 0 0 0 0 0 0 0 0 100 0 0 0 0 0 0 0 0 0 0 0 0 67 0 0 0 0 0 0 0 0 0 0 0 0 0 0 0 0 0 0 0 0 0 0 0 0 0 0 0 0 0 0 0 0 0 0 0 0 0 0 0 0 0 0 0 0 0 0
giovanni simeone,Giovanni Simeone,Torino,931,12,8,0 3 0 22 19 25 38 41 34 28 31 9 0 3 3 28 41 47 41 56 34 31 22 16 6 6 3 22 66 47 44 100 94 53 50 22 16 12 6 28 22 47 53 47 62 31 84 19 16 3 9 9 38 53 28 34 72 59 94 44 6 3 6 16 53 72 47 84 97 31 41 9 0 6 9 16 69 31 16 53 69 28 12 3 0 6 3 3 22 16 12 28 28 9 22 9
zakaria aboukhlal,Zakaria Aboukhlal,Torino,365,12,8,0 4 0 15 12 15 12 12 4 15 15 8 0 0 4 12 0 0 4 15 4 27 8 0 0 8 0 15 8 8 12 0 4 8 12 4 0 4 0 0 4 4 8 0 8 4 8 0 4 12 0 0 0 4 0 12 12 8 12 0 12 8 4 15 8 12 8 12 35 8 31 19 8 8 19 27 38 4 12 35 27 15 23 42 15 31 35 100 65 62 38 85 81 50 42 12
duvan zapata,Duván Zapata,Torino,510,12,8,0 0 0 15 20 20 35 10 25 25 25 35 0 5 5 25 10 25 55 30 55 30 10 15 5 5 0 25 35 40 55 100 60 30 25 30 30 25 0 10 15 25 35 35 40 30 45 35 25 10 5 15 25 40 55 65 55 40 70 15 0 0 5 5 20 70 25 100 40 55 50 30 0 5 0 20 65 15 35 20 60 50 15 30 0 15 0 30 10 10 15 25 40 20 30 10
che adams,Che Adams,Torino,856,12,8,0 0 7 17 28 21 21 45 41 21 34 21 0 0 10 3 21 10 41 79 52 45 24 17 0 0 10 14 28 31 31 100 97 38 55 24 10 10 21 34 21 28 45 76 79 21 59 38 7 14 10 28 31 55 41 62 59 31 41 24 7 3 24 28 38 59 55 86 83 69 45 28 0 3 17 21 31 55 31 59 45 24 17 7 0 3 10 21 21 28 48 55 34 24 14 28
sandro kulenovic,Sandro Kulenović,Torino,163,12,8,0 0 0 50 33 67 17 17 17 50 0 0 17 0 0 17 17 33 50 50 83 33 33 0 0 0 17 0 17 67 83 83 67 33 17 17 33 17 17 17 50 50 100 83 50 50 67 17 0 17 33 0 0 33 17 67 83 33 17 17 17 0 0 67 33 50 50 17 17 17 33 17 33 0 17 0 50 50 50 0 67 17 0 17 0 17 0 50 17 0 50 50 17 33 17 0
alieu njie,Alieu Njie,Torino,175,12,8,0 10 10 0 0 60 50 30 40 20 10 20 0 0 10 10 0 10 20 10 10 30 20 0 0 0 0 30 20 20 0 0 20 20 10 0 0 0 0 0 30 10 20 10 40 20 10 30 10 10 0 10 20 30 0 20 60 10 50 0 10 0 0 0 10 20 10 10 40 60 40 40 0 0 10 30 20 10 20 50 70 60 30 30 10 0 0 30 30 10 30 40 100 10 20 20
cesare casadei,Cesare Casadei,Torino,1187,12,8,0 2 7 27 52 36 59 50 32 20 7 5 0 11 5 36 50 36 55 100 55 23 2 5 7 27 18 61 77 43 91 95 57 11 16 18 20 30 34 39 34 34 50 55 27 25 43 16 9 30 20 45 39 43 23 14 45 18 50 16 5 2 34 41 48 43 45 75 36 2 9 0 5 2 5 25 36 23 32 55 30 16 0 2 9 9 9 9 25 7 18 32 27 14 5 7
nikola vlasic,Nikola Vlašić,Torino,1744,12,8,7 9 22 43 67 37 63 70 76 57 33 9 0 13 22 67 72 52 41 74 70 33 28 9 11 15 17 52 76 57 59 87 76 54 37 11 9 17 26 41 35 65 48 28 46 35 28 4 7 15 17 61 33 52 54 41 52 37 26 9 4 20 9 54 52 50 63 100 57 37 33 20 9 15 11 59 52 59 61 93 67 39 59 20 0 24 17 39 24 24 74 52 67 22 54 41
ivan ilic,Ivan Ilić,Torino,277,12,8,0 0 0 6 12 6 19 6 19 6 12 0 0 6 12 44 31 12 31 12 25 0 0 0 19 12 12 75 100 44 25 38 6 0 19 0 0 19 0 38 62 38 50 50 12 19 0 0 12 19 19 62 12 6 19 12 6 6 0 0 19 12 6 38 31 31 25 69 38 0 6 0 6 6 25 19 25 19 44 44 19 6 6 0 12 6 0 12 31 0 44 19 25 6 6 0
gvidas gineitis,Gvidas Gineitis,Torino,1002,12,8,0 0 0 5 5 0 3 5 5 3 5 5 0 3 0 8 11 3 8 16 8 3 14 5 14 19 3 24 51 27 35 24 30 27 3 3 5 11 22 30 27 24 32 22 43 11 0 0 5 46 32 46 35 43 24 35 62 30 24 0 30 16 11 84 76 54 81 76 84 27 32 8 22 14 16 78 76 49 81 100 84 24 27 22 22 30 16 59 70 43 57 92 43 41 49 30
tino anjorin,Tino Anjorin,Torino,221,12,8,8 0 0 25 0 8 8 8 25 8 8 8 8 0 0 8 17 8 17 50 50 0 8 0 0 25 17 0 17 42 33 100 33 33 25 0 0 0 0 50 17 33 33 33 8 0 8 25 25 8 17 17 33 33 33 42 25 33 25 0 8 25 17 58 58 25 25 67 8 0 17 0 17 8 17 8 25 17 8 67 50 8 0 0 8 17 8 17 42 33 0 0 17 0 50 17
marcus pedersen,Marcus Pedersen,Torino,892,12,8,25 36 31 100 92 64 77 86 97 78 77 39 16 19 11 36 19 11 25 28 28 34 38 33 19 19 9 16 5 8 17 19 19 22 27 12 14 3 6 3 0 3 9 3 5 5 6 8 5 3 2 2 2 0 2 2 0 0 5 2 2 0 0 0 2 2 2 0 0 0 0 3 0 0 0 0 0 0 0 0 0 0 0 0 2 2 0 0 0 0 0 0 3 2 0 0
emirhan ilkhan,Emirhan İlkhan,Torino,700,12,8,11 14 11 11 11 25 18 29 29 4 7 0 11 7 18 39 50 25 14 68 29 11 7 4 7 21 18 57 96 54 96 100 68 21 4 0 4 18 36 39 43 25 50 54 32 25 4 4 14 21 25 54 86 43 50 54 50 21 11 7 7 7 21 61 79 61 46 50 25 11 14 4 0 18 7 43 32 29 25 57 18 7 7 0 7 11 4 18 21 4 11 14 14 0 4 4
guillermo maripan,Guillermo Maripán,Torino,1346,12,8,14 19 17 27 29 22 27 15 10 2 0 0 7 22 39 39 41 17 29 17 5 0 0 0 27 42 49 97 71 56 49 15 3 3 2 0 37 53 39 81 61 29 32 12 7 0 17 8 53 49 54 100 41 34 25 14 8 5 32 15 25 22 34 68 51 22 32 15 7 5 10 3 15 29 32 41 27 20 17 14 5 2 5 0 5 15 19 29 29 12 29 12 7 3 2 0
cristiano biraghi,Cristiano Biraghi,Torino,317,12,8,0 0 0 0 0 0 0 0 0 7 4 4 0 0 0 0 0 0 4 0 7 7 0 0 0 0 0 4 0 0 0 0 0 0 0 0 11 0 0 0 4 4 0 0 0 0 0 4 7 7 4 15 7 0 4 4 0 0 4 0 4 11 15 11 7 4 7 15 11 15 7 15 11 41 19 37 41 30 15 33 7 19 19 4 4 41 44 70 100 41 63 96 63 48 56 41
saul coco,Saúl Coco,Torino,1851,12,8,8 43 36 64 57 46 54 39 20 5 2 0 13 30 39 70 70 48 51 34 16 0 3 2 21 44 56 93 70 39 34 21 11 11 5 3 52 48 20 62 38 44 33 15 5 7 16 3 75 69 41 74 25 48 23 16 10 0 20 13 20 46 84 100 72 62 61 20 11 5 10 0 18 51 57 95 66 43 43 26 8 8 0 2 8 28 30 48 33 18 20 23 3 0 0 0
ardian ismajli,Ardian Ismajli,Torino,1243,12,8,11 17 19 56 52 37 41 33 17 4 2 0 15 26 33 54 44 30 33 20 6 4 2 0 24 44 50 94 63 41 33 22 7 6 4 4 39 57 35 100 37 48 37 17 2 0 7 11 46 43 31 81 56 44 30 13 6 0 7 7 22 39 50 70 54 33 39 7 4 2 2 0 11 20 20 46 39 22 17 6 0 2 0 0 6 6 7 17 15 15 17 7 6 0 0 0
ali dembele,Ali Dembélé,Torino,20,12,8,0 100 75 50 25 0 100 50 0 0 0 0 25 0 0 0 0 0 0 0 0 0 0 0 0 0 0 0 25 0 0 0 0 0 0 25 25 0 0 0 0 0 0 0 0 0 0 0 0 0 0 0 0 0 0 0 0 0 0 0 0 0 0 0 0 0 0 0 0 0 0 0 0 0 0 0 0 0 0 0 0 0 0 0 0 0 0 0 0 0 0 0 0 0 0 0
franco israel,Franco Israel,Torino,317,12,8,0 0 0 2 0 0 0 0 0 0 0 0 3 3 0 2 0 2 0 0 0 0 0 0 10 21 5 5 0 0 0 0 0 0 0 0 85 100 43 26 0 0 0 0 0 0 0 0 93 59 23 7 2 2 0 0 0 0 0 0 10 10 7 0 0 0 0 0 0 0 0 0 0 2 0 0 0 0 0 0 0 0 0 0 0 0 0 0 0 0 0 0 0 0 0 0
alberto paleari,Alberto Paleari,Torino,672,12,8,0 1 1 1 0 0 0 0 0 0 0 0 2 5 4 2 0 0 0 0 0 0 0 0 40 52 30 17 0 0 0 0 0 0 0 0 100 90 50 45 1 1 0 0 0 0 0 0 90 95 35 29 5 1 0 0 0 0 0 0 27 30 11 5 1 0 0 0 0 0 0 0 11 2 8 1 0 0 0 0 0 0 0 0 0 1 1 2 0 0 0 0 0 0 0 0
mateo pellegrino,Mateo Pellegrino,Parma,1216,12,8,5 3 5 5 37 26 34 39 37 26 24 37 0 3 5 32 47 42 42 71 53 29 16 24 5 8 21 50 37 50 53 58 79 39 42 32 32 29 11 34 42 21 42 34 76 39 100 50 37 26 3 26 37 42 42 58 66 53 66 50 3 5 11 29 29 50 53 97 76 47 53 16 3 0 5 18 39 21 37 74 39 32 50 18 0 11 0 8 18 21 26 50 50 24 39 16
adrian benedyczak,Adrian Benedyczak,Parma,208,12,8,14 29 14 29 57 100 57 71 43 29 100 71 0 29 0 0 43 29 71 57 14 86 100 57 0 14 43 29 0 29 43 29 57 0 100 71 14 43 0 0 29 14 14 43 86 43 43 0 14 14 29 29 0 14 29 29 29 0 86 29 43 14 14 29 29 0 14 43 0 29 57 0 29 0 0 29 0 14 29 43 29 29 29 57 0 14 0 43 29 29 29 43 57 0 14 14
jacob ondrejka,Jacob Ondrejka,Parma,378,12,8,11 0 0 0 0 0 0 16 5 5 11 16 0 0 5 0 0 5 0 5 11 5 11 0 0 5 0 5 0 26 5 42 32 16 37 0 0 0 5 5 5 5 16 16 11 21 21 0 5 0 11 16 16 0 26 5 42 21 0 5 0 5 21 42 42 32 47 53 63 42 53 11 5 32 11 32 37 53 58 100 84 100 74 21 5 5 11 16 26 32 42 74 89 68 63 16
nesta elphege,Nesta Elphege,Parma,132,12,8,0 0 0 0 0 0 29 14 43 29 43 14 0 0 14 0 29 14 14 0 57 43 29 0 0 0 29 0 57 57 29 0 14 43 43 14 43 0 0 29 0 29 0 14 57 29 29 29 0 14 14 14 29 29 29 100 29 43 57 29 0 0 14 29 0 14 43 86 43 43 0 29 0 0 29 0 0 43 29 43 14 29 0 0 14 0 0 0 14 0 14 14 14 14 14 0
pontus almqvist,Pontus Almqvist,Parma,258,12,8,36 14 43 36 79 71 79 100 100 93 71 36 14 36 14 36 29 29 57 29 57 64 64 29 0 14 29 50 36 29 21 7 21 36 29 29 0 14 21 29 29 0 0 29 14 0 14 7 0 7 0 0 7 14 0 0 0 7 7 7 0 0 0 0 7 0 7 14 21 0 7 7 0 0 0 7 0 0 0 14 14 0 7 0 0 0 0 0 0 0 7 0 7 0 0 0
benjamin cremaschi,Benjamin Cremaschi,Parma,98,12,8,20 10 10 50 60 20 30 100 50 40 70 20 30 20 0 40 10 20 0 20 10 20 20 20 0 10 10 10 0 0 20 0 10 10 10 10 10 10 0 10 0 0 0 0 0 0 0 0 0 10 0 10 0 0 0 10 20 0 0 0 0 0 10 0 0 0 0 0 0 0 0 0 0 0 0 0 10 0 0 10 10 0 0 0 20 10 10 0 0 0 10 10 0 10 10 0
adrian bernabe,Adrián Bernabé,Parma,1477,12,8,5 19 22 60 69 55 48 84 67 36 26 12 12 17 24 52 84 50 67 88 78 33 16 5 5 16 22 62 69 69 95 100 93 47 19 3 12 21 21 40 29 50 53 41 33 22 10 2 5 14 16 24 28 33 33 43 40 12 3 3 5 2 9 16 29 21 50 26 31 3 3 0 2 0 3 10 5 3 7 16 19 9 0 5 0 5 2 9 5 0 2 16 7 7 0 2
hans nicolussi caviglia,Hans Nicolussi Caviglia,Parma,1016,12,8,3 8 8 18 13 8 26 26 18 29 0 3 0 8 29 34 37 34 53 50 24 16 8 3 11 16 45 87 71 63 100 74 45 13 11 3 8 18 21 76 45 53 79 42 61 16 3 5 16 32 18 71 71 61 47 50 32 21 5 8 3 24 16 53 61 53 74 74 24 11 8 3 3 13 5 42 55 11 45 61 29 8 8 3 3 3 11 24 18 13 11 21 24 3 8 5
mandela keita,Mandela Keita,Parma,1631,12,8,9 17 11 13 15 15 23 25 15 6 4 2 4 11 9 38 28 17 28 43 17 9 6 0 15 26 55 87 83 42 51 66 38 6 2 0 9 25 53 55 68 62 68 57 32 6 4 0 6 47 40 92 66 94 83 68 70 6 2 0 6 32 55 77 81 74 79 100 45 13 6 0 6 30 26 62 62 51 51 70 36 8 4 4 17 19 9 30 42 15 36 40 23 11 9 2
franco carboni,Franco Carboni,Parma,70,12,8,9 0 0 9 0 0 0 0 0 0 0 0 0 0 0 0 0 0 0 0 0 0 0 0 0 0 0 0 0 0 0 0 0 0 0 0 0 9 0 0 0 0 0 9 0 0 0 0 18 9 9 0 0 9 0 0 0 0 0 9 9 27 0 0 0 0 0 0 0 9 0 0 9 0 36 27 9 18 27 0 0 9 0 0 0 9 36 100 55 18 36 27 55 18 0 9
emanuele valeri,Emanuele Valeri,Parma,1223,12,8,0 0 3 1 0 0 1 1 1 7 3 3 0 0 0 1 3 3 1 1 1 1 3 1 4 1 0 1 1 0 0 0 9 3 1 1 1 4 1 1 0 6 1 0 9 1 4 3 19 16 12 9 1 1 4 3 10 9 4 10 31 40 39 27 9 12 22 16 9 19 9 18 36 55 45 52 42 19 37 48 49 51 40 42 18 49 70 97 76 61 87 94 87 100 76 42
christian ordonez,Christian Ordoñez,Parma,542,12,8,19 25 25 50 38 38 25 38 69 44 25 19 12 25 12 44 62 69 12 88 62 38 0 0 6 19 25 50 75 50 38 75 25 25 6 0 19 25 25 100 38 19 44 56 0 38 6 0 12 25 44 69 88 44 62 38 31 19 19 6 25 31 50 75 75 50 38 56 38 6 6 0 6 31 12 50 56 44 62 81 56 19 12 0 0 25 25 62 44 31 50 56 50 38 44 25
oliver sorensen,Oliver Sørensen,Parma,835,12,8,0 0 0 5 5 2 8 25 22 8 5 2 5 8 0 10 25 10 20 20 28 8 8 10 2 15 15 38 28 22 30 28 35 8 8 8 5 22 10 22 25 25 28 18 10 10 18 22 12 30 10 18 12 18 22 18 35 22 18 2 12 32 10 57 32 20 35 80 40 8 8 8 22 12 25 50 60 32 22 100 70 28 22 10 12 20 2 35 45 30 50 60 65 38 22 10
alessandro circati,Alessandro Circati,Parma,1682,12,8,12 33 33 38 32 18 32 28 12 3 4 1 23 31 47 68 74 28 42 24 3 0 1 0 47 51 59 100 71 42 40 23 6 8 5 1 29 56 45 69 51 41 31 18 3 1 10 9 33 33 27 67 29 29 28 12 6 4 10 3 19 15 26 58 53 23 27 17 13 1 4 1 4 17 21 26 22 10 27 13 14 3 1 0 1 10 3 8 3 6 14 6 3 0 1 0
mariano troilo,Mariano Troilo,Parma,1082,12,8,9 15 11 30 15 13 34 13 0 0 2 2 19 36 32 49 40 26 32 17 6 0 2 0 40 72 72 98 91 55 64 38 11 2 6 2 60 81 55 100 62 60 68 19 2 2 17 2 53 62 51 98 74 57 19 13 11 9 11 19 9 17 21 64 34 19 23 9 0 0 2 0 4 9 13 23 21 15 11 6 6 0 2 4 4 0 11 4 6 2 0 0 2 0 0 0
abdoulaye ndiaye,Abdoulaye Ndiaye,Parma,575,12,8,0 0 0 0 0 0 8 0 0 0 0 0 0 0 0 8 0 5 3 0 0 0 0 0 5 3 8 0 5 8 5 3 3 0 5 0 13 11 3 8 13 13 11 0 11 0 3 8 55 32 18 32 45 18 21 5 3 0 3 8 34 42 50 89 87 63 55 37 11 0 0 0 26 26 47 95 100 53 47 16 11 3 0 0 5 21 24 42 39 18 42 21 5 3 0 0
enrico delprato,Enrico Delprato,Parma,1376,12,8,14 67 64 97 91 79 97 93 71 38 36 9 38 48 76 95 100 67 66 40 31 10 12 14 72 45 79 78 66 36 48 33 19 3 5 17 38 45 24 24 21 16 10 12 5 14 10 12 24 24 9 12 3 12 5 3 2 2 12 12 24 9 5 7 9 3 0 0 5 0 3 3 5 5 5 12 9 3 2 0 3 2 3 0 2 0 9 9 2 3 9 5 2 7 2 0
lautaro valenti,Lautaro Valenti,Parma,1359,12,8,5 6 0 1 1 3 4 6 4 9 5 3 5 3 3 3 3 3 5 0 3 1 0 0 3 10 5 15 11 8 10 6 0 5 1 0 23 15 13 25 18 9 16 9 6 0 4 0 52 44 28 42 32 15 22 15 10 0 5 6 33 42 49 80 56 57 35 27 9 9 6 6 24 35 49 100 75 48 32 35 13 5 3 5 10 38 43 53 43 20 34 32 20 14 16 6
sascha britschgi,Sascha Britschgi,Parma,1053,12,8,36 63 51 81 85 73 69 100 86 56 56 29 27 36 22 51 46 32 29 39 39 27 25 15 22 36 12 12 8 5 19 27 31 15 20 14 10 15 5 2 3 3 3 5 3 7 2 2 2 7 0 5 0 2 0 3 10 3 0 0 5 8 2 3 2 2 2 0 2 5 2 0 7 8 7 8 8 7 2 7 12 3 2 3 3 20 14 36 31 17 14 25 8 20 3 0
zion suzuki,Zion Suzuki,Parma,565,12,8,3 3 3 1 3 4 0 0 0 0 0 0 4 1 1 3 1 1 0 0 0 0 0 0 36 37 20 5 7 1 0 0 0 0 0 0 100 78 41 25 1 0 0 0 0 0 0 0 100 82 36 14 0 0 0 0 0 0 0 0 34 32 17 8 1 1 1 0 0 0 0 0 5 5 8 8 4 3 1 0 0 0 0 0 0 3 0 3 0 0 0 0 0 0 0 0
edoardo corvi,Edoardo Corvi,Parma,455,12,8,1 3 0 0 0 0 0 0 0 0 0 0 3 7 1 6 0 0 0 0 0 0 0 0 7 32 11 8 0 0 0 0 0 0 0 0 94 63 24 7 3 0 0 0 0 0 0 0 99 100 30 31 0 0 0 0 0 0 0 0 34 30 13 13 0 0 0 0 0 0 0 0 3 6 7 1 1 0 0 0 0 0 0 0 1 0 1 0 0 0 0 0 0 0 0 0
filippo rinaldi,Filippo Rinaldi,Parma,65,12,8,6 0 0 0 0 0 0 0 0 0 0 0 6 0 0 0 0 0 0 0 0 0 0 0 18 12 0 6 0 0 0 0 0 0 0 0 94 24 6 6 0 0 0 0 0 0 0 0 100 59 0 0 0 0 0 0 0 0 0 0 18 12 12 0 0 0 0 0 0 0 0 0 0 0 6 0 0 0 0 0 0 0 0 0 0 0 0 0 0 0 0 0 0 0 0 0
zito luvumbo,Zito Luvumbo,Cagliari,176,12,8,0 18 18 36 55 36 27 100 100 91 55 9 0 9 0 9 64 36 18 82 64 55 27 9 9 9 9 27 36 36 18 27 36 64 36 55 0 0 0 0 0 0 18 9 27 0 27 0 0 0 0 0 0 0 9 9 18 9 9 0 0 0 0 0 0 9 0 27 0 9 0 64 0 9 0 0 18 0 0 0 9 0 0 0 0 0 0 0 0 0 9 0 0 0 27 0
sebastiano esposito,Sebastiano Esposito,Cagliari,1575,12,8,0 8 10 32 42 52 70 98 80 62 42 15 5 2 15 50 68 45 57 70 68 32 20 25 10 8 5 48 35 45 42 45 52 50 38 20 12 10 8 32 30 48 32 32 45 32 25 20 10 12 15 30 28 48 42 42 52 38 30 20 18 8 20 52 80 57 82 70 72 55 38 15 20 8 25 57 82 80 78 82 98 40 35 20 5 25 38 85 100 57 90 98 88 55 25 18
paul mendy,Paul Mendy,Cagliari,220,12,8,0 0 7 21 14 14 0 29 21 0 21 7 0 0 0 0 14 0 14 0 21 21 7 29 0 7 0 7 0 36 14 14 21 71 14 14 14 0 0 7 7 14 7 43 29 43 57 0 0 0 0 14 0 0 43 64 29 36 100 21 0 7 7 43 14 21 50 50 29 29 7 14 0 7 0 7 7 14 7 36 57 36 14 7 0 0 0 14 14 7 29 29 14 21 0 7
gennaro borrelli,Gennaro Borrelli,Cagliari,603,12,8,5 14 5 10 43 5 24 24 38 14 5 14 5 0 5 24 48 52 52 90 52 24 33 14 19 19 0 19 52 33 71 100 67 24 33 5 19 5 0 10 24 71 57 33 29 33 57 24 29 24 10 14 24 48 33 38 86 38 62 38 10 0 10 38 38 19 48 90 48 24 19 24 0 5 5 38 48 38 29 81 62 24 24 10 0 0 5 29 38 38 29 43 38 24 14 38
mattia felici,Mattia Felici,Cagliari,237,12,8,7 14 7 43 36 29 14 14 36 36 43 21 0 0 0 21 0 0 0 7 21 14 43 7 0 0 7 7 0 0 0 7 7 7 29 0 0 0 0 0 0 0 7 0 7 0 7 7 0 0 0 0 0 0 0 7 14 21 14 21 7 0 7 14 0 14 7 14 36 21 29 7 14 14 0 36 36 21 29 21 50 29 36 36 14 7 29 100 64 57 79 93 64 50 57 14
yael trepy,Yael Trepy,Cagliari,57,12,8,0 17 0 0 0 50 0 17 100 67 33 17 0 0 0 17 0 0 0 0 17 33 17 17 17 0 0 0 0 17 17 33 50 0 83 17 0 0 0 17 0 33 0 17 0 0 33 17 0 17 0 0 0 0 0 0 0 0 33 0 0 17 17 0 0 0 0 0 17 0 0 50 0 0 0 0 0 0 0 0 0 0 0 0 0 0 17 0 17 17 0 0 0 0 0 0
gianluca gaetano,Gianluca Gaetano,Cagliari,1341,12,8,0 8 5 37 53 16 53 24 26 5 16 11 5 3 5 61 53 47 50 66 45 11 11 0 8 18 26 100 87 74 89 84 55 29 11 5 5 18 37 79 68 79 66 53 47 13 3 0 5 32 32 84 76 68 84 74 34 29 21 8 24 11 50 82 92 71 63 87 53 18 24 8 11 11 18 55 84 42 63 89 45 21 13 5 8 8 8 42 39 26 39 37 37 21 5 8
matteo prati,Matteo Prati,Cagliari,1116,12,8,7 5 14 20 25 20 18 20 11 5 9 5 5 16 16 61 64 25 41 23 20 11 9 2 18 20 45 84 100 45 70 30 32 18 9 2 11 14 43 55 57 64 43 39 32 18 9 5 7 20 36 77 75 50 57 27 48 20 5 11 25 18 36 73 73 59 59 48 36 16 5 2 5 11 7 23 57 30 45 32 27 5 2 0 0 5 0 18 5 14 11 18 11 5 2 5
michel adopo,Michel Adopo,Cagliari,1533,12,8,8 40 33 92 87 63 83 83 60 48 31 12 6 17 46 79 81 62 87 85 69 42 17 12 19 40 56 60 100 90 85 77 60 29 19 10 25 38 29 65 48 44 46 40 35 17 27 13 12 33 25 54 40 25 38 33 42 10 17 8 6 10 23 25 21 27 15 42 27 10 2 4 4 0 12 8 8 4 0 12 10 2 0 0 2 6 4 4 0 2 4 4 2 0 0 2
joseph liteta,Joseph Liteta,Cagliari,193,12,8,0 7 0 0 14 0 7 0 0 0 0 0 0 7 21 7 0 7 0 0 7 7 0 0 0 0 21 36 14 21 36 43 7 7 7 0 7 7 0 57 7 21 21 36 7 0 0 0 0 0 21 86 93 7 43 7 21 0 0 0 0 7 21 100 43 36 64 36 7 0 0 0 7 21 14 43 36 29 14 29 7 0 0 0 0 7 7 43 14 21 29 7 7 0 7 0
alessandro romano,Alessandro Romano,Cagliari,17,12,8,0 0 0 0 0 33 0 0 33 0 0 0 0 0 0 0 0 0 0 0 33 0 0 0 0 0 67 0 100 0 0 100 33 0 0 0 0 0 0 0 0 0 0 0 0 0 33 0 0 0 0 0 0 0 0 0 0 0 0 0 0 0 0 0 33 33 0 0 0 0 0 0 0 0 0 0 33 0 0 0 0 0 0 0 0 0 0 0 0 33 0 0 0 0 0 0
alessandro deiola,Alessandro Deiola,Cagliari,839,12,8,12 3 6 24 15 15 18 12 0 3 0 0 6 12 24 32 47 29 32 6 3 0 0 0 18 47 44 100 82 50 41 15 9 15 15 0 26 32 44 53 35 32 26 24 9 18 18 9 26 35 32 71 53 38 38 21 24 18 18 6 18 18 32 65 76 50 65 47 26 18 12 6 0 29 12 53 56 47 44 32 35 9 6 0 12 9 18 56 32 38 29 26 24 29 0 0
agustin albarracin,Agustín Albarracín,Cagliari,24,12,8,0 50 0 0 0 50 50 100 0 50 0 50 0 0 0 0 50 0 100 50 100 0 0 0 0 0 0 0 0 0 0 100 50 0 0 0 0 0 0 0 0 50 0 100 0 0 0 0 0 0 0 0 0 0 0 0 50 0 0 50 0 0 0 0 0 0 100 0 0 0 0 0 0 0 0 0 0 0 0 0 0 0 0 0 0 0 0 0 0 0 0 50 0 0 0 0
nicolo cavuoti,Nicolò Cavuoti,Cagliari,36,12,8,0 0 25 25 0 0 0 75 0 0 0 0 0 0 0 0 0 75 0 25 25 0 0 0 0 0 0 50 0 0 0 0 0 25 0 0 0 0 25 25 0 25 25 0 0 25 0 0 0 0 0 0 0 0 50 0 0 0 0 0 0 0 25 0 50 0 0 25 25 0 0 0 25 25 0 100 25 0 0 25 0 0 0 0 0 0 0 25 25 0 25 0 0 0 0 0
yerry mina,Yerry Mina,Cagliari,1331,12,8,8 15 26 26 18 9 20 6 1 0 0 0 16 41 40 49 39 32 20 10 8 1 2 0 38 59 74 100 69 45 39 12 6 4 8 2 38 42 49 82 50 38 24 4 4 0 5 8 35 24 44 69 46 22 5 4 4 1 10 5 10 24 24 21 14 21 8 4 1 0 5 1 10 9 14 11 6 4 1 1 4 0 0 0 5 4 0 6 1 0 1 0 0 0 0 0
juan rodriguez,Juan Rodríguez,Cagliari,827,12,8,4 0 0 0 2 0 0 0 0 0 0 0 4 0 0 7 0 0 0 2 0 0 0 0 2 5 4 2 9 2 2 0 2 0 2 0 22 15 11 18 9 4 4 0 2 0 2 9 45 33 36 53 33 35 18 4 2 4 5 0 36 82 76 100 85 49 44 9 5 0 0 2 40 55 56 89 62 49 20 11 9 0 2 0 18 22 42 35 24 7 29 20 4 9 4 0
adam obert,Adam Obert,Cagliari,1468,12,8,1 0 0 1 0 0 1 0 0 0 1 1 1 0 0 2 0 1 0 1 2 0 1 1 2 0 5 7 1 1 0 1 1 2 2 0 15 10 1 3 5 6 1 0 2 1 2 1 29 29 10 22 15 14 6 6 5 0 6 5 21 26 34 48 37 29 30 21 8 13 14 7 30 44 48 86 75 41 54 47 28 17 15 9 39 63 74 100 89 59 63 71 40 33 28 15
ze pedro,Zé Pedro,Cagliari,1148,12,8,21 38 48 100 63 34 56 40 22 16 1 0 25 48 45 86 62 56 52 26 16 1 0 1 21 36 48 75 56 36 29 14 3 5 1 0 18 29 22 37 33 33 18 1 4 4 1 5 23 15 16 29 10 21 4 0 3 0 1 3 4 4 8 14 8 1 4 0 1 1 1 1 1 1 0 3 1 0 0 1 0 0 0 0 1 0 0 1 0 0 0 0 0 0 0 0
gabriele zappa,Gabriele Zappa,Cagliari,1057,12,8,16 46 72 100 97 69 88 79 64 43 25 13 12 24 45 81 64 55 39 37 31 18 10 9 18 19 24 48 42 33 28 21 13 10 9 6 4 16 13 12 10 6 6 4 1 1 9 1 4 15 4 13 1 1 1 3 0 0 1 3 3 0 0 0 1 1 1 1 0 1 0 0 1 0 0 1 1 0 3 4 0 0 0 0 3 1 0 1 0 1 0 0 0 1 0 0
riyad idrissi,Riyad Idrissi,Cagliari,537,12,8,3 0 0 0 3 0 0 0 0 0 0 0 3 0 0 0 0 0 0 3 0 0 0 0 0 0 0 0 0 0 5 0 0 0 0 0 8 5 8 5 0 0 0 3 0 0 3 5 8 10 13 3 3 3 13 3 13 0 0 3 15 10 8 26 8 13 5 10 13 8 0 15 33 23 51 54 49 28 33 33 33 26 18 21 56 64 62 97 64 64 56 100 56 46 44 13
othniel raterink,Othniël Raterink,Cagliari,7,12,8,0 0 0 0 0 50 50 0 0 0 0 0 0 0 0 0 0 0 100 0 0 0 0 0 0 0 0 0 0 0 0 0 0 0 0 0 0 0 0 50 0 0 0 0 0 0 0 0 0 0 0 50 0 0 0 0 0 0 0 0 0 0 0 0 0 0 0 0 0 0 0 0 0 0 0 0 0 0 0 0 0 0 0 0 0 0 0 50 0 0 0 0 0 0 0 0
elia caprile,Elia Caprile,Cagliari,692,12,8,1 7 3 3 0 0 0 0 0 0 0 0 5 6 6 1 1 0 0 0 0 0 0 0 32 35 16 5 3 0 0 0 0 0 0 0 96 84 46 30 1 1 0 0 0 0 0 0 100 86 32 17 0 1 0 0 0 0 0 0 35 32 9 5 0 0 0 0 0 0 0 0 9 10 4 4 0 0 0 0 0 0 0 0 1 2 3 1 0 0 0 0 0 1 0 0
moise kean,Moise Kean,Fiorentina,672,12,8,0 0 0 3 11 8 3 8 18 18 8 13 0 0 0 0 18 18 3 11 21 29 13 11 5 0 0 13 26 26 18 37 55 45 47 16 11 8 8 11 5 26 29 29 61 47 63 34 16 8 0 13 8 21 37 29 50 37 100 32 0 0 0 0 8 24 21 47 66 26 58 24 0 0 0 0 11 13 16 47 26 29 24 5 0 0 0 8 18 8 13 26 37 13 5 11
albert gudmundsson,Albert Guðmundsson,Fiorentina,1170,12,8,0 0 5 5 8 0 13 21 13 13 5 11 0 5 5 8 13 13 13 34 29 11 5 5 3 13 8 18 45 34 32 39 32 32 21 11 0 8 11 13 21 37 58 47 82 26 18 26 0 16 18 37 47 32 61 39 61 45 21 18 8 11 21 63 45 58 82 100 79 55 55 26 11 21 29 47 71 76 66 84 100 74 55 45 3 16 18 76 68 37 53 63 89 66 32 11
m'bala nzola,M'bala Nzola,Fiorentina,690,12,8,3 7 3 13 17 40 37 47 53 33 40 7 3 3 7 10 33 23 20 63 47 30 30 27 7 7 0 37 33 37 37 53 100 63 60 23 17 7 3 17 30 53 53 63 60 37 27 33 7 7 3 20 23 33 53 27 57 27 70 13 7 3 0 17 30 20 37 20 27 17 23 13 0 0 3 17 3 0 0 27 27 20 23 13 0 0 0 10 17 13 23 7 40 20 17 13
roberto piccoli,Roberto Piccoli,Fiorentina,661,12,8,0 0 7 29 18 11 18 54 21 18 29 43 0 4 0 18 32 18 18 18 32 14 7 32 4 0 4 32 25 43 43 50 46 29 54 14 14 11 7 14 7 29 54 36 39 39 100 32 14 18 0 18 18 39 36 46 89 29 82 36 0 4 0 18 21 18 36 68 57 25 32 32 0 0 0 11 39 46 25 64 36 21 4 4 0 4 4 25 32 18 36 29 25 11 21 7
riccardo sottil,Riccardo Sottil,Fiorentina,520,12,8,0 0 3 0 3 6 3 3 16 25 28 12 6 0 0 12 9 0 6 16 22 22 12 12 0 0 0 3 0 9 6 12 9 9 12 6 0 0 0 3 0 6 3 0 12 3 3 0 0 3 3 6 6 6 12 9 12 6 0 3 3 9 9 16 25 9 6 28 25 41 19 31 6 0 9 31 25 19 31 47 56 41 75 72 0 9 19 34 31 59 47 88 84 100 84 47
jacopo fazzini,Jacopo Fazzini,Fiorentina,404,12,8,0 8 33 17 50 25 25 33 25 17 25 25 17 25 0 25 17 42 33 50 75 17 25 0 0 25 17 17 75 50 58 92 92 42 8 8 0 8 25 17 8 25 8 17 83 33 17 8 0 33 17 83 42 42 92 42 75 67 8 0 17 8 25 42 100 92 42 83 42 67 17 8 25 42 8 67 83 42 42 67 58 83 25 8 17 8 58 67 42 58 33 67 25 17 25 17
riccardo braschi,Riccardo Braschi,Fiorentina,48,12,8,0 0 0 0 0 0 33 0 67 33 0 0 0 0 0 0 0 0 0 33 0 0 0 33 0 0 0 0 33 33 0 0 0 33 100 0 0 0 0 0 0 67 0 0 67 0 0 33 0 0 0 0 0 33 33 33 67 0 33 33 0 0 0 33 33 33 33 0 100 0 67 0 0 0 33 33 67 0 0 0 67 0 0 67 0 0 33 0 67 0 0 0 33 0 33 67
amir richardson,Amir Richardson,Fiorentina,50,12,8,0 0 0 100 67 33 33 0 67 0 33 33 0 33 33 33 33 33 0 67 67 33 0 33 0 0 0 0 0 0 33 100 33 67 0 0 0 33 0 67 0 0 0 67 33 33 67 0 0 33 0 0 0 0 33 33 33 0 0 0 0 0 0 0 33 0 100 33 33 0 0 0 0 0 0 0 0 0 0 33 0 0 0 0 0 0 0 33 0 0 0 0 0 0 0 0
nicolo fagioli,Nicolò Fagioli,Fiorentina,1848,12,8,5 7 9 11 18 14 21 27 23 18 7 2 4 2 5 41 38 29 27 52 52 23 4 5 12 14 38 80 68 70 75 100 82 21 7 2 16 20 29 100 75 75 68 57 55 29 7 4 16 25 27 100 70 80 77 84 55 29 11 2 9 34 27 61 66 62 98 88 71 43 7 9 11 14 18 46 48 50 57 62 59 23 12 4 16 12 14 25 21 25 20 20 21 14 5 4
dodo,Dodô,Fiorentina,1742,12,8,26 43 63 100 73 62 82 78 78 66 53 18 27 30 25 60 52 47 46 60 56 38 57 48 27 27 25 40 33 26 33 44 42 15 21 22 22 24 12 14 7 8 14 13 11 9 3 3 3 9 3 10 3 5 4 7 9 0 2 3 2 2 3 5 3 5 4 4 2 1 2 4 2 3 2 0 0 1 3 2 0 0 1 0 2 2 2 1 2 0 1 0 1 0 1 0
cher ndour,Cher Ndour,Fiorentina,1150,12,8,0 15 12 18 9 21 27 12 12 27 15 9 12 3 9 45 30 15 21 24 58 18 12 3 15 24 21 67 76 9 36 58 33 18 6 12 36 18 30 45 27 42 27 30 24 27 18 18 15 45 36 33 52 70 39 45 55 39 21 21 9 18 21 79 100 94 91 76 73 42 33 3 24 24 33 64 79 61 88 100 88 48 42 15 9 21 18 64 85 55 58 85 64 42 30 24
rolando mandragora,Rolando Mandragora,Fiorentina,1318,12,8,2 11 23 23 47 32 43 51 45 23 15 2 9 11 26 64 49 51 81 68 62 34 13 6 11 21 15 85 100 83 87 62 94 53 28 19 26 30 15 55 40 49 62 34 66 36 38 17 9 23 28 72 53 40 68 23 53 30 19 6 6 2 11 34 45 19 32 36 28 9 11 4 2 2 6 15 15 13 30 28 17 4 6 4 0 4 4 13 11 4 9 4 23 6 4 2
giovanni fabbian,Giovanni Fabbian,Fiorentina,557,12,8,0 0 23 32 32 36 64 45 27 32 5 32 9 0 5 50 59 45 68 73 50 27 14 14 14 23 18 59 100 41 77 77 50 27 14 9 5 36 14 27 27 41 50 86 55 41 68 36 9 14 23 9 36 59 41 64 36 18 59 36 0 0 18 23 18 32 41 36 9 9 18 18 0 0 0 5 23 14 23 9 32 5 0 5 0 0 0 9 0 9 5 0 18 0 0 14
marco brescianini,Marco Brescianini,Fiorentina,641,12,8,4 4 4 8 21 21 4 17 21 25 4 4 0 8 12 17 21 12 12 33 21 12 21 0 21 8 21 29 29 21 29 42 17 4 17 12 21 29 21 29 21 25 17 29 25 12 25 0 29 46 25 50 38 25 54 38 29 21 25 17 12 17 29 33 42 54 67 100 54 33 29 25 29 12 21 50 79 25 46 88 62 25 29 21 17 17 25 54 54 46 54 62 71 42 12 25
simon sohm,Simon Sohm,Fiorentina,790,12,8,3 6 6 15 26 9 15 29 6 9 3 3 9 9 12 18 12 29 32 24 12 12 0 0 9 3 18 38 35 29 26 29 29 3 3 6 3 21 9 41 26 44 38 32 35 9 15 3 9 12 12 41 32 68 44 35 32 18 9 6 3 12 3 59 76 59 76 53 26 24 9 15 0 3 18 41 91 65 100 82 50 21 26 6 6 0 3 38 29 47 32 62 26 29 6 6
robin gosens,Robin Gosens,Fiorentina,1096,12,8,2 2 0 0 0 0 0 0 0 0 0 0 2 0 0 0 0 0 0 0 0 2 0 0 0 0 2 2 0 0 2 2 0 2 8 2 13 3 3 0 2 2 3 2 3 0 5 8 44 23 3 13 10 8 5 3 10 11 8 15 34 28 39 30 38 25 23 28 25 15 18 23 25 39 38 57 57 51 57 77 39 25 18 18 11 61 79 100 84 80 84 90 66 52 36 5
marin pongracic,Marin Pongračić,Fiorentina,2002,12,8,20 31 25 31 31 22 33 23 6 1 1 1 15 38 38 72 52 31 41 28 9 1 0 2 41 49 60 100 88 69 53 35 14 1 5 1 33 44 35 72 54 57 48 17 6 4 4 1 35 36 28 77 62 57 36 26 12 5 6 2 19 31 46 56 58 56 48 27 6 2 2 2 9 16 26 51 38 17 23 16 6 2 1 0 9 15 7 17 11 11 5 9 1 0 0 1
pietro comuzzo,Pietro Comuzzo,Fiorentina,1146,12,8,10 32 27 37 42 32 34 24 12 2 0 0 17 46 51 71 63 47 41 32 17 2 0 0 36 53 59 98 100 76 44 46 7 0 2 0 29 25 31 63 51 44 49 10 7 0 10 5 25 34 17 51 32 31 20 5 2 0 3 8 10 5 19 37 25 19 12 2 0 2 2 2 5 3 5 12 14 12 5 8 3 2 0 3 2 3 3 2 5 2 2 5 0 0 0 0
nicolas valentini,Nicolás Valentini,Fiorentina,820,12,8,4 0 0 0 0 0 0 0 0 0 0 0 0 0 2 6 0 2 2 0 0 0 0 0 2 6 6 10 10 4 10 0 0 4 14 2 24 30 14 10 8 6 2 4 0 2 6 6 36 36 22 34 18 22 14 8 4 4 22 10 20 34 52 74 70 44 30 14 8 8 4 16 26 36 60 100 74 40 62 30 24 4 2 4 4 36 54 60 52 46 42 38 20 24 0 2
luca ranieri,Luca Ranieri,Fiorentina,1459,12,8,0 0 1 0 1 0 4 1 1 1 1 0 2 0 0 4 2 0 4 1 0 0 1 1 2 4 4 9 11 2 7 2 0 2 1 4 13 26 10 23 10 7 9 5 2 0 6 10 46 39 27 51 28 39 20 11 6 5 4 9 21 30 52 100 70 59 45 33 12 5 9 6 17 39 51 91 78 51 62 40 23 9 6 12 16 24 33 52 55 43 44 45 38 12 12 2
fabiano parisi,Fabiano Parisi,Fiorentina,1082,12,8,2 8 18 25 50 38 45 70 75 32 22 8 10 2 2 15 25 8 22 52 32 50 42 8 8 15 10 35 28 10 20 45 52 30 40 10 12 12 2 15 15 10 15 30 30 20 5 5 12 18 10 18 8 25 12 18 22 18 22 5 20 40 20 32 35 28 35 30 35 22 12 2 35 30 35 65 55 28 48 57 52 12 25 15 8 30 55 92 72 65 80 100 68 18 10 12
luis balbo,Luís Balbo,Fiorentina,150,12,8,0 0 0 0 0 0 0 0 0 0 0 0 0 0 0 0 0 0 0 0 0 0 0 0 0 0 0 0 0 0 0 0 0 0 0 0 8 15 8 0 0 0 0 0 0 0 0 0 15 15 8 0 0 0 8 0 0 0 0 0 38 15 0 0 23 0 0 0 15 0 0 8 15 38 15 38 46 46 8 38 8 0 23 31 15 62 46 92 69 92 92 100 54 31 8 8
niccolo fortini,Niccolò Fortini,Fiorentina,435,12,8,6 28 50 78 44 50 72 78 72 78 56 11 6 11 11 33 33 11 22 44 61 22 11 11 33 6 11 17 22 17 17 22 6 17 11 6 17 11 6 0 11 0 6 0 17 6 6 11 0 11 0 0 11 6 6 0 6 22 6 0 6 6 0 22 22 11 0 11 44 11 0 0 28 39 17 33 50 39 28 39 61 44 17 11 11 22 67 61 61 44 28 94 94 100 44 11
eddy kouadio,Eddy Kouadio,Fiorentina,48,12,8,60 0 0 40 0 60 20 40 40 20 0 0 0 0 0 80 100 20 40 0 20 0 20 0 0 20 0 100 0 20 20 0 0 0 0 0 20 0 0 20 60 0 0 0 0 0 0 0 0 0 20 40 0 0 0 0 0 0 0 0 0 0 20 0 40 20 0 0 0 0 0 0 0 0 0 0 0 0 0 0 0 0 0 0 0 0 0 0 0 0 0 0 0 0 0 0
david de gea,David De Gea,Fiorentina,617,12,8,1 1 2 0 0 0 0 0 0 0 0 0 5 11 2 2 0 0 0 0 0 0 0 0 34 36 14 5 1 0 0 0 0 0 0 0 100 91 57 30 1 0 0 0 0 0 0 0 95 82 33 17 0 0 0 0 0 0 0 0 17 25 11 3 1 0 0 0 0 0 0 0 3 6 1 3 1 1 0 0 0 0 0 0 0 3 2 1 0 0 0 0 0 0 0 0
oliver christensen,Oliver Christensen,Fiorentina,51,12,8,0 0 0 0 0 0 0 0 0 0 0 0 0 0 0 0 0 0 0 0 0 0 0 0 14 36 0 0 0 0 0 0 0 0 0 0 79 79 14 7 0 0 0 0 0 0 0 0 100 21 14 0 0 0 0 0 0 0 0 0 0 0 0 0 0 0 0 0 0 0 0 0 0 0 0 0 0 0 0 0 0 0 0 0 0 0 0 0 0 0 0 0 0 0 0 0
luca lezzerini,Luca Lezzerini,Fiorentina,11,12,8,0 0 0 0 0 0 0 0 0 0 0 0 0 0 0 0 0 0 0 0 0 0 0 0 25 0 0 0 0 0 0 0 0 0 0 0 75 100 0 0 0 0 0 0 0 0 0 0 25 0 0 0 0 0 0 0 0 0 0 0 0 50 0 0 0 0 0 0 0 0 0 0 0 0 0 0 0 0 0 0 0 0 0 0 0 0 0 0 0 0 0 0 0 0 0 0
lorenzo colombo,Lorenzo Colombo,Genoa,1092,12,8,0 8 5 15 41 51 38 64 38 41 38 5 0 0 5 23 44 41 64 74 90 59 36 23 0 8 10 23 46 41 59 100 92 28 33 28 21 8 5 18 28 41 44 38 21 33 77 21 23 10 8 18 15 46 41 31 49 31 51 36 5 3 5 13 44 44 44 44 54 38 38 41 0 0 0 15 23 23 13 33 54 31 21 10 0 0 5 10 18 28 36 33 33 18 15 21
vitinha,Vitinha,Genoa,1219,12,8,9 19 12 33 21 21 28 37 30 19 26 5 2 2 7 12 35 16 9 47 21 16 12 12 5 0 14 19 23 21 33 37 49 28 26 23 5 9 5 12 19 7 26 30 35 21 26 16 14 14 14 37 19 30 35 23 40 37 47 30 19 21 19 26 30 35 53 51 72 42 67 26 2 14 30 51 70 30 53 60 70 67 44 21 21 19 21 47 51 56 67 86 100 47 58 14
junior messias,Junior Messias,Genoa,533,12,8,0 14 33 48 67 33 62 86 100 81 71 14 5 33 19 33 52 24 67 81 81 62 19 10 10 14 29 48 48 67 48 81 67 52 29 14 5 19 10 29 33 24 43 43 38 19 19 19 5 19 0 14 24 14 24 29 24 33 24 5 0 0 5 5 10 14 10 52 38 29 10 14 0 0 10 5 19 0 5 33 19 19 0 0 0 0 5 5 19 0 14 24 24 14 24 0
lorenzo venturino,Lorenzo Venturino,Genoa,187,12,8,0 0 0 0 0 0 40 50 50 40 70 80 0 10 0 20 10 0 20 10 0 0 20 80 0 10 0 0 20 10 20 30 20 10 30 40 0 10 0 10 20 10 20 10 50 10 10 0 0 0 10 10 0 20 20 0 0 0 20 0 0 0 0 0 0 10 10 10 40 20 20 30 0 0 0 10 30 10 20 40 50 60 40 50 0 0 30 20 70 10 30 100 100 90 30 20
seydou fini,Seydou Fini,Genoa,10,12,8,0 0 0 0 0 0 0 0 0 50 50 0 0 0 0 0 0 0 0 50 0 0 50 0 0 0 0 0 0 0 0 0 0 0 50 0 0 0 0 50 0 0 0 0 50 0 0 0 0 0 0 0 0 0 0 50 100 0 0 0 0 0 0 0 0 0 0 0 0 0 0 0 0 0 0 0 0 0 0 0 0 0 0 0 0 0 0 0 0 0 0 0 0 0 0 0
tommaso baldanzi,Tommaso Baldanzi,Genoa,552,12,8,0 4 17 12 42 42 100 71 50 62 25 17 17 0 4 21 25 71 62 46 58 38 17 4 4 4 8 29 42 46 38 42 83 42 50 0 0 0 8 12 8 21 38 33 58 33 17 4 0 0 0 17 8 33 33 38 67 38 29 0 0 0 12 12 25 21 33 58 38 33 12 4 0 4 0 21 17 21 21 29 58 29 8 4 0 0 0 8 8 4 33 33 25 17 12 8
morten frendrup,Morten Frendrup,Genoa,1722,12,8,6 11 13 32 30 30 38 51 40 15 9 4 13 15 15 53 55 55 72 64 36 13 9 2 30 30 40 87 100 74 98 57 55 17 9 0 15 64 45 87 57 70 60 32 30 9 2 0 23 40 47 91 77 77 74 45 38 11 4 4 36 34 38 89 100 79 98 74 38 15 2 2 21 17 30 62 68 64 74 66 53 13 0 0 9 9 15 45 43 36 45 55 23 15 2 13
aaron martin,Aarón Martín,Genoa,1108,12,8,0 2 5 11 9 5 6 20 23 12 5 6 0 0 0 5 2 2 9 12 11 0 3 5 5 2 6 5 2 2 6 3 9 2 2 0 9 3 0 6 6 0 0 5 2 8 0 3 12 12 12 3 12 5 5 11 6 6 8 2 19 23 22 31 16 16 9 20 22 12 5 11 17 30 30 45 50 25 48 42 45 28 14 12 33 41 59 100 91 73 88 95 89 73 53 9
alexsandro amorim,Alexsandro Amorim,Genoa,431,12,8,0 0 0 22 44 22 22 44 11 0 11 6 6 0 17 44 44 17 22 28 17 6 6 0 0 11 22 61 56 39 28 72 11 0 11 6 6 11 44 39 33 56 44 22 33 0 28 0 6 11 22 78 50 56 72 50 28 11 0 0 11 28 28 94 67 72 67 100 6 17 6 0 6 6 22 50 72 33 50 33 28 6 0 0 0 0 11 33 28 11 44 33 0 11 11 6
mikael ellertsson,Mikael Ellertsson,Genoa,1231,12,8,22 37 35 67 78 78 69 100 61 45 45 18 12 16 22 33 27 20 22 59 47 33 22 12 20 18 12 22 24 10 18 29 27 16 29 12 27 8 10 8 2 10 16 10 16 18 14 12 8 10 6 20 8 8 12 6 27 14 12 8 10 20 20 31 12 29 4 16 12 8 27 16 20 24 24 49 31 16 45 31 31 31 18 4 14 18 39 43 41 51 47 65 49 51 41 8
patrizio masini,Patrizio Masini,Genoa,1034,12,8,26 19 41 41 59 70 52 74 59 22 30 7 0 15 44 63 81 37 70 89 63 22 15 7 11 44 26 81 56 52 89 70 37 19 11 4 22 30 44 48 78 59 70 22 26 15 11 26 11 52 22 74 52 59 52 19 22 19 19 11 22 26 44 85 81 56 44 37 41 30 15 4 30 22 26 52 100 37 63 63 48 22 7 4 15 48 26 56 41 59 48 52 70 37 30 19
stefano sabelli,Stefano Sabelli,Genoa,604,12,8,21 38 41 93 100 55 100 83 66 55 48 21 21 10 28 48 41 34 34 59 41 21 17 7 14 7 7 24 31 31 17 28 14 7 17 7 10 14 10 17 3 7 14 7 10 0 3 3 10 10 0 17 3 0 7 0 7 0 3 0 31 14 7 10 14 7 0 7 3 3 0 0 7 10 21 21 21 24 14 24 3 14 14 0 14 34 24 38 48 28 34 72 28 31 7 10
johan vasquez,Johan Vásquez,Genoa,1906,12,8,0 5 0 3 0 0 0 0 0 0 0 0 1 3 1 8 9 1 5 0 1 0 0 0 8 8 9 7 8 5 6 3 0 1 9 5 26 18 11 16 11 13 10 6 6 6 15 6 72 51 45 77 49 29 25 11 15 10 9 7 29 63 68 93 85 57 52 36 21 6 2 7 39 60 69 100 80 70 66 55 32 7 13 3 15 40 39 51 55 46 66 53 34 20 3 3
leo ostigard,Leo Østigård,Genoa,1734,12,8,7 24 16 24 19 10 12 7 6 2 8 3 23 25 44 53 30 28 27 19 2 1 1 0 32 43 64 100 78 59 31 19 9 1 5 2 44 47 45 99 70 58 38 10 5 0 14 8 31 36 26 91 55 41 24 6 6 5 9 14 12 16 18 53 36 26 20 10 2 1 6 1 6 10 11 18 22 14 14 7 0 1 0 0 2 2 2 7 8 0 3 1 7 9 6 1
brooke norton-cuffy,Brooke Norton-Cuffy,Genoa,1167,12,8,21 56 56 100 94 71 90 79 95 76 63 29 17 14 32 63 65 27 37 32 30 37 40 25 27 25 29 21 21 17 13 25 13 17 11 11 16 17 8 6 3 8 10 10 8 3 11 6 10 8 2 6 10 2 3 2 8 0 6 3 6 0 0 5 6 0 3 5 5 10 2 6 3 5 3 5 3 2 3 0 8 8 10 2 5 10 10 10 10 3 19 14 11 14 5 0
sebastian otoa,Sebastian Otoa,Genoa,520,12,8,16 16 12 12 16 9 3 9 9 0 0 0 9 12 34 25 16 16 25 3 6 6 0 0 41 31 50 78 56 38 25 0 0 0 0 0 34 16 38 100 69 31 12 12 0 0 12 6 41 38 22 69 41 25 34 6 3 0 16 0 19 9 31 56 38 16 19 12 0 0 3 0 9 22 19 16 9 19 12 6 0 0 0 0 6 22 12 6 19 16 22 3 3 0 0 0
alessandro marcandalli,Alessandro Marcandalli,Genoa,1287,12,8,23 51 58 90 100 74 68 65 46 12 6 4 33 41 54 91 93 72 72 55 20 7 12 7 33 42 45 62 71 54 36 28 9 1 13 9 38 36 17 23 17 9 10 7 7 0 10 12 19 10 9 14 10 4 4 1 3 0 6 1 1 3 1 4 3 1 6 0 0 0 3 4 0 0 1 0 6 0 0 0 0 0 1 1 0 0 0 0 0 0 0 0 0 0 0 0
justin bijlow,Justin Bijlow,Genoa,501,12,8,1 6 1 0 0 0 1 0 0 0 0 0 6 0 3 0 0 0 0 0 0 0 0 0 23 29 12 12 3 1 3 0 0 0 0 0 88 93 43 32 3 0 0 0 0 0 0 0 100 96 65 13 4 1 0 0 0 0 0 0 25 22 13 3 0 1 1 0 0 0 0 0 3 4 0 0 0 0 1 0 0 0 0 0 1 1 4 1 0 0 3 0 0 0 0 0
nikola stulic,Nikola Štulić,Lecce,679,12,8,0 3 0 18 18 18 21 41 18 21 12 3 0 0 6 12 12 21 38 29 41 12 9 6 3 0 3 9 24 29 53 100 82 32 41 15 24 9 0 21 21 35 29 41 62 24 32 24 12 12 6 9 26 32 53 41 65 41 47 18 3 0 6 21 15 32 32 44 59 26 21 12 3 0 0 3 15 26 26 41 24 15 35 0 0 0 0 12 9 9 12 15 32 6 6 9
santiago pierotti,Santiago Pierotti,Lecce,1349,12,8,19 23 38 61 59 78 83 100 97 69 55 12 12 25 22 34 48 47 78 78 77 42 52 30 23 28 25 38 30 34 70 62 58 33 41 36 8 19 3 9 19 19 16 17 27 19 20 17 2 9 2 11 14 9 16 12 12 5 12 3 2 0 0 0 3 2 3 9 8 5 2 5 0 0 3 0 0 3 5 2 6 5 0 0 0 3 3 0 0 3 2 3 8 6 2 0
n'dri konan,N'Dri Konan,Lecce,374,12,8,4 15 19 19 26 30 48 89 89 100 63 48 0 4 0 4 15 19 11 30 41 41 78 30 0 4 7 0 0 11 7 41 33 44 37 30 0 0 4 0 0 11 4 11 7 15 4 4 0 4 0 0 4 11 7 4 4 11 4 0 0 4 0 0 4 4 11 15 7 4 7 11 0 0 4 4 7 4 0 7 7 4 11 15 0 4 0 15 15 11 11 4 15 15 11 15
lameck banda,Lameck Banda,Lecce,864,12,8,0 7 0 2 5 5 5 12 19 30 9 5 0 0 7 2 2 2 2 7 9 5 2 2 0 5 0 0 7 0 2 7 7 2 5 5 0 2 2 2 0 2 2 7 0 7 0 5 0 5 7 9 2 12 12 9 12 23 21 16 12 9 23 16 28 23 28 19 47 58 47 40 7 14 23 63 56 30 58 81 84 84 81 51 7 28 19 67 72 47 70 100 100 77 65 40
lassana coulibaly,Lassana Coulibaly,Lecce,1317,12,8,0 0 14 14 36 22 22 39 56 42 31 31 8 8 11 31 22 28 36 67 56 42 36 22 11 14 31 50 69 53 92 86 58 33 22 17 25 31 19 56 22 72 72 67 44 19 22 11 14 19 33 56 44 61 75 72 61 19 25 28 14 28 17 53 100 67 78 94 78 25 25 0 17 25 19 53 72 39 56 86 64 50 22 14 6 14 22 58 56 33 53 50 33 25 17 19
youssef maleh,Youssef Maleh,Lecce,944,12,8,0 0 0 0 0 2 2 10 7 5 0 2 0 5 2 20 10 5 15 5 2 2 0 2 2 17 10 37 22 20 20 37 27 0 0 0 5 17 27 54 15 32 29 32 37 7 10 5 5 22 37 56 37 56 46 22 37 24 5 10 12 17 24 80 66 46 54 56 34 29 5 2 12 12 24 66 63 49 59 100 68 29 32 2 22 12 20 59 51 54 49 41 56 49 27 7
medon berisha,Medon Berisha,Lecce,564,12,8,0 5 0 5 15 5 10 30 55 20 40 20 0 5 0 0 15 10 35 25 30 20 20 15 0 5 10 45 30 70 70 90 60 30 25 15 5 15 20 45 35 65 60 55 45 25 0 10 5 10 15 65 50 60 80 45 45 25 0 20 0 0 10 40 100 85 80 90 30 10 10 15 10 10 15 40 60 40 100 70 50 35 35 5 0 5 0 40 40 40 25 30 25 10 20 15
oumar ngom,Oumar Ngom,Lecce,474,12,8,22 6 0 17 6 6 11 6 6 11 6 17 0 11 11 28 22 0 17 17 17 17 0 0 0 44 44 28 83 50 78 67 61 22 11 6 17 11 0 56 56 44 100 67 50 17 0 0 17 22 22 56 17 56 22 56 11 17 0 0 6 33 39 61 78 72 89 78 44 28 0 6 0 17 6 50 44 39 61 56 39 22 0 0 0 6 0 0 39 33 61 50 44 44 22 11
omri gandelman,Omri Gandelman,Lecce,474,12,8,0 3 0 15 32 38 71 71 56 29 21 3 0 0 6 6 18 18 47 62 29 18 6 3 0 6 6 24 21 12 50 100 35 18 12 12 12 15 3 15 9 12 26 26 9 18 21 12 24 3 3 6 12 6 15 26 21 12 18 6 6 6 9 3 9 6 12 24 15 9 6 0 0 0 0 3 9 18 12 15 9 3 0 9 0 0 0 3 3 9 15 0 6 6 0 3
mohamed kaba,Mohamed Kaba,Lecce,409,12,8,6 22 11 11 22 22 44 44 61 67 39 28 17 0 11 11 61 33 50 100 72 33 33 33 17 17 17 56 17 33 67 78 61 39 39 28 0 17 22 11 22 22 28 22 44 17 11 6 11 11 0 28 44 33 22 28 50 33 22 0 0 6 6 17 39 39 61 33 28 0 22 11 0 22 0 0 17 22 33 28 11 6 6 6 11 0 6 0 0 0 6 6 0 11 11 6
sadik fofana,Sadik Fofana,Lecce,54,12,8,0 0 0 33 33 33 0 33 33 100 100 0 0 0 0 0 0 33 67 67 33 0 0 0 0 0 0 67 100 67 67 67 33 0 33 33 33 0 0 0 0 0 33 67 67 0 33 33 0 0 0 0 100 0 0 0 33 0 33 0 0 0 0 33 100 33 33 0 33 0 33 0 0 0 0 0 0 0 0 0 0 0 0 0 0 0 0 0 0 33 0 0 0 0 33 0
alex sala,Alex Sala,Lecce,144,12,8,0 0 0 0 0 0 29 29 0 29 43 14 0 0 0 0 0 0 0 29 14 100 29 14 0 0 0 14 14 14 0 57 0 29 14 14 0 14 0 0 14 29 14 29 14 43 0 0 0 14 0 0 0 43 86 71 86 29 14 14 0 14 0 57 29 29 43 86 43 29 0 29 0 0 0 57 0 0 71 43 71 43 14 0 0 0 14 29 71 29 71 71 57 14 14 29
olaf gorter,Olaf Gorter,Lecce,25,12,8,0 0 0 0 67 67 33 0 0 0 0 0 0 0 0 0 67 33 67 33 0 33 0 0 0 0 0 33 0 0 100 33 33 0 0 0 0 0 33 0 0 0 33 0 0 0 0 0 0 0 0 0 0 0 0 0 0 0 0 0 0 0 0 0 67 0 0 0 0 0 0 0 0 0 0 0 0 0 100 0 0 0 0 0 0 0 0 0 0 0 0 0 0 0 0 0
tiago gabriel,Tiago Gabriel,Lecce,1531,12,8,0 5 10 6 2 2 7 1 2 0 0 0 10 12 10 8 7 5 5 4 2 0 0 0 18 18 24 25 30 12 13 6 0 0 0 1 35 39 29 48 36 32 18 7 1 4 6 15 51 45 42 87 63 40 32 7 2 2 13 15 29 48 61 100 83 62 43 24 5 0 2 2 17 35 44 70 56 30 42 19 10 0 0 0 14 18 11 19 20 14 18 8 6 0 0 0
kialonda gaspar,Kialonda Gaspar,Lecce,1033,12,8,6 15 29 30 29 24 29 12 0 2 0 0 14 15 36 61 62 24 36 15 5 0 2 2 32 36 59 100 95 64 41 14 3 3 2 0 45 48 21 67 55 42 39 11 0 0 6 9 26 32 18 41 41 11 15 0 0 0 6 2 18 14 12 15 14 5 5 3 3 0 3 3 2 5 6 12 5 2 0 0 0 0 0 0 0 0 2 3 0 2 3 2 0 0 0 0
matias perez,Matías Pérez,Lecce,28,12,8,0 25 25 75 75 50 25 50 50 25 50 0 0 0 0 0 25 50 0 0 0 0 0 0 75 100 0 0 0 0 0 0 0 0 0 0 0 0 0 0 0 0 0 0 0 0 0 0 0 0 0 0 0 0 0 0 0 0 0 0 0 0 0 0 0 0 0 0 0 0 0 0 0 0 0 0 0 0 0 0 0 0 0 0 0 0 0 0 0 0 0 0 0 0 0 0
antonino gallo,Antonino Gallo,Lecce,1377,12,8,0 0 0 1 0 0 0 1 1 0 1 3 0 0 0 1 0 4 0 0 0 1 3 0 0 0 0 1 3 1 1 1 0 0 1 0 0 0 3 0 3 0 5 4 1 0 0 3 54 22 4 9 3 7 7 5 7 0 1 3 36 38 32 37 20 13 34 28 12 12 3 12 42 26 45 71 71 50 59 59 49 28 28 20 53 47 66 99 100 84 91 88 62 58 58 18
danilo veiga,Danilo Veiga,Lecce,1514,12,8,33 51 52 93 89 86 100 88 80 70 71 35 23 34 31 60 65 43 58 53 35 30 23 14 45 46 23 45 35 22 19 27 18 11 6 7 37 30 8 17 5 11 7 2 6 2 4 2 2 7 1 7 5 4 5 2 0 0 0 5 5 1 1 0 2 0 4 2 1 1 0 0 0 0 1 0 4 2 0 1 1 0 0 4 0 0 0 1 0 2 0 0 0 0 0 0
jamil siebert,Jamil Siebert,Lecce,946,12,8,4 22 42 51 49 42 51 20 13 2 11 2 16 20 47 62 87 51 49 11 4 0 2 0 40 44 58 100 93 56 42 20 0 0 2 2 53 62 27 42 20 22 31 16 9 2 2 0 60 38 31 49 42 36 20 11 4 2 22 7 11 27 27 53 44 36 18 4 7 0 2 0 7 20 13 31 31 13 2 2 0 0 0 0 0 4 2 4 11 2 0 0 0 2 0 0
christ-owen kouassi,Christ-Owen Kouassi,Lecce,144,12,8,8 31 31 92 100 69 77 85 38 69 46 15 31 23 38 46 54 31 31 31 8 0 0 0 23 0 0 31 23 8 0 8 0 0 0 0 31 8 0 15 8 0 0 0 0 0 0 0 0 0 0 0 0 0 0 0 0 0 0 0 0 0 0 0 0 0 0 0 0 0 0 0 0 0 0 0 0 0 0 0 0 0 0 0 0 0 0 0 0 0 0 0 0 0 0 0
corrie ndaba,Corrie Ndaba,Lecce,322,12,8,5 0 0 0 0 0 0 0 0 5 0 0 0 0 0 0 0 0 0 0 0 0 0 0 15 5 0 0 0 0 0 0 0 0 0 0 10 15 5 10 10 0 0 0 0 0 0 5 45 30 10 25 10 0 10 0 5 0 0 0 40 10 40 75 70 45 20 40 5 15 0 0 10 20 60 45 90 55 45 25 25 15 0 0 25 25 40 90 90 100 95 75 55 35 10 0
gaby jean,Gaby Jean,Lecce,145,12,8,0 0 0 0 0 0 0 0 0 0 0 0 0 0 0 0 0 0 0 0 0 0 0 0 8 8 15 23 8 0 15 0 0 0 0 0 8 8 8 0 0 0 0 0 8 0 0 0 54 23 8 23 23 15 8 0 0 0 0 0 23 31 31 92 38 31 85 31 0 0 0 0 23 31 15 100 69 31 31 8 0 0 0 0 8 38 8 15 46 15 46 8 0 0 0 0
wladimiro falcone,Wladimiro Falcone,Lecce,813,12,8,2 5 3 0 0 0 0 0 0 0 0 0 13 11 6 7 0 1 0 0 0 0 0 0 55 66 31 23 1 1 0 0 0 0 1 0 100 87 63 37 1 0 0 0 0 0 0 0 91 81 27 22 0 0 0 0 0 0 0 0 27 40 15 10 2 0 0 0 0 0 0 0 2 13 11 6 0 0 0 0 0 0 0 0 0 1 0 1 0 0 0 0 0 0 0 0
antonio sanabria,Antonio Sanabria,Cremonese,363,12,8,0 0 6 12 0 6 29 29 18 18 12 0 6 0 6 6 29 41 24 65 41 12 0 18 12 0 12 12 12 47 76 100 41 0 12 0 47 6 0 24 12 24 53 65 59 24 47 12 41 24 12 18 6 41 71 24 59 18 24 41 0 6 6 41 29 47 47 41 47 18 6 12 0 0 6 18 29 41 53 47 53 12 0 6 0 0 6 12 18 41 18 12 0 6 12 0
federico bonazzoli,Federico Bonazzoli,Cremonese,1202,12,8,0 0 11 25 32 18 42 100 89 54 28 14 0 2 2 23 40 33 74 61 67 42 21 2 4 0 9 39 53 58 65 79 63 40 26 7 7 2 5 37 35 47 44 32 37 28 28 18 7 0 4 33 23 32 32 37 21 12 35 11 0 5 7 9 19 21 19 18 18 11 2 2 0 0 12 21 23 11 11 14 19 4 2 7 0 2 5 12 7 7 12 9 7 5 2 2
milan duric,Milan Đurić,Cremonese,267,12,8,0 0 0 8 8 15 8 23 31 0 8 0 0 0 0 8 15 0 23 31 38 8 38 8 8 0 0 0 0 15 8 100 62 23 54 8 38 0 8 0 8 15 38 69 85 54 100 31 15 8 0 0 8 15 31 54 69 38 100 31 8 0 0 31 15 23 15 62 92 54 62 0 0 0 0 0 15 15 15 54 54 31 0 8 0 0 0 8 23 31 31 31 8 8 0 0
manuel de luca,Manuel De Luca,Cremonese,17,12,8,0 0 0 50 0 0 0 50 0 100 0 0 0 0 0 0 0 0 0 0 0 50 0 0 0 0 0 0 0 0 0 0 0 0 50 0 0 0 0 0 0 0 0 50 100 50 0 0 0 0 0 0 0 0 50 0 0 0 50 0 0 0 50 0 0 0 0 0 50 0 0 0 0 0 0 0 50 0 0 0 0 50 0 0 0 0 0 0 50 0 0 0 0 0 0 0
morten thorsby,Morten Thorsby,Cremonese,764,12,8,0 4 21 42 33 21 58 54 21 33 0 4 4 4 8 17 54 54 92 42 67 29 4 4 17 21 25 46 29 29 79 88 29 29 54 4 21 46 42 46 29 42 42 38 54 33 42 12 21 25 38 38 25 8 58 33 42 8 54 17 17 8 25 42 50 58 50 67 21 25 38 8 8 12 12 38 50 54 46 100 46 12 29 0 0 4 8 46 58 46 46 67 79 50 29 0
jari vandeputte,Jari Vandeputte,Cremonese,1312,12,8,14 2 2 7 12 10 17 29 33 14 14 14 0 10 10 36 26 29 19 36 31 7 2 12 7 21 17 36 45 12 50 43 43 5 2 7 5 12 29 64 57 55 48 26 36 17 5 7 7 26 31 69 43 71 64 48 38 17 14 5 14 26 33 71 90 57 57 55 50 24 5 14 17 26 31 81 76 45 50 100 67 29 40 29 7 17 33 48 45 60 71 69 83 52 55 29
giuseppe pezzella,Giuseppe Pezzella,Cremonese,1186,12,8,0 0 0 0 0 0 0 0 0 0 0 3 0 0 0 0 0 0 0 0 0 0 0 0 1 4 0 1 0 0 1 3 1 0 0 3 9 6 0 0 7 0 3 3 3 0 1 0 37 33 6 6 6 3 7 6 6 1 0 1 23 34 10 31 17 23 23 29 14 4 10 9 26 24 19 70 51 39 49 49 39 24 27 29 21 53 81 100 86 77 90 94 79 67 70 43
tommaso barbieri,Tommaso Barbieri,Cremonese,1045,12,8,31 40 60 88 100 73 92 87 92 75 62 44 29 25 27 73 50 31 44 62 42 33 38 25 33 17 21 37 27 17 25 29 29 23 23 10 17 25 4 23 6 2 12 2 8 13 13 10 8 4 2 6 6 4 2 8 6 6 4 4 2 4 0 6 8 6 0 4 6 4 0 2 0 2 2 8 8 6 4 8 8 10 8 2 2 2 6 10 12 6 12 15 13 13 4 6
michele collocolo,Michele Collocolo,Cremonese,185,12,8,0 23 23 54 92 31 46 31 23 54 15 0 0 15 23 31 62 54 46 15 31 15 31 15 0 8 8 100 85 46 31 8 0 0 15 8 0 38 31 15 31 8 15 15 15 15 15 0 8 15 0 8 15 15 23 15 15 8 0 0 0 0 0 8 23 0 8 0 0 0 0 0 0 0 0 0 0 0 0 8 0 0 0 0 0 0 0 0 15 0 0 0 0 0 0 0
alberto grassi,Alberto Grassi,Cremonese,1108,12,8,5 24 17 17 21 7 14 14 7 5 2 7 7 7 21 19 33 17 24 24 7 12 2 2 14 19 38 81 88 50 52 48 48 12 2 2 14 26 52 98 57 57 60 31 24 19 7 2 10 52 50 100 93 83 76 57 24 10 5 0 14 24 26 76 83 76 69 38 24 12 2 0 12 21 17 50 52 33 31 31 17 14 0 0 12 7 10 19 21 10 19 17 0 14 2 5
dachi lordkipanidze,Dachi Lordkipanidze,Cremonese,16,12,8,0 0 0 0 0 0 0 100 50 0 0 0 0 0 50 0 0 0 0 0 0 0 0 0 0 0 0 0 50 0 0 0 0 0 0 0 0 0 0 50 100 50 0 0 0 0 0 0 0 0 0 0 100 0 0 0 0 0 0 0 0 0 0 50 50 0 0 0 0 0 0 0 0 0 0 0 0 0 0 50 50 0 0 0 0 0 0 0 0 0 0 0 50 0 0 0
simone lottici tessadri,Simone Lottici Tessadri,Cremonese,3,12,8,0 0 0 0 0 0 0 0 0 0 0 0 0 0 0 0 0 0 0 0 0 0 0 0 0 0 0 0 0 0 0 0 0 0 0 0 0 0 0 0 0 0 0 0 0 0 0 0 0 0 0 0 0 0 0 100 0 0 0 0 0 0 0 0 0 0 0 0 0 0 100 0 0 0 0 0 0 0 100 0 0 0 0 0 0 0 0 0 0 0 0 0 0 0 0 0
federico baschirotto,Federico Baschirotto,Cremonese,1526,12,8,16 16 20 16 14 13 13 13 3 7 0 3 14 32 26 49 25 20 37 21 9 0 0 1 45 39 59 100 84 71 30 22 9 1 4 3 49 61 36 100 58 50 28 9 4 3 3 5 54 34 43 89 63 49 25 9 0 1 12 14 21 25 26 50 37 25 18 5 0 0 0 0 16 16 17 24 11 4 22 5 0 0 1 0 8 1 14 3 8 5 8 1 1 0 0 0
sebastiano luperto,Sebastiano Luperto,Cremonese,1630,12,8,4 1 2 6 4 5 4 0 1 0 0 0 5 12 12 14 15 10 12 5 0 2 0 0 6 15 30 48 36 18 14 5 2 2 1 0 35 31 18 42 18 13 7 2 4 2 6 2 50 33 44 56 37 26 29 6 6 2 11 6 33 51 71 100 75 48 48 17 8 2 2 1 24 51 64 94 77 43 67 25 7 0 2 2 17 14 33 44 33 24 30 30 14 7 2 1
matteo bianchetti,Matteo Bianchetti,Cremonese,1432,12,8,8 20 13 18 5 12 12 8 5 3 2 0 13 22 25 23 20 10 12 2 2 2 3 0 12 28 35 32 32 28 27 15 0 2 0 0 33 47 47 63 30 38 30 5 3 2 13 5 55 42 37 52 57 50 33 8 0 2 7 3 30 35 55 100 78 53 52 13 10 0 0 0 15 48 95 95 78 42 45 28 15 5 2 2 15 33 53 57 47 42 40 30 33 17 7 5
francesco folino,Francesco Folino,Cremonese,499,12,8,20 30 45 40 100 25 35 30 15 10 0 0 10 20 40 70 45 15 0 10 0 5 5 0 40 45 55 95 95 35 15 15 0 5 0 5 55 75 30 70 55 40 20 0 5 0 5 0 50 55 35 75 40 20 10 0 0 0 10 15 20 35 60 70 80 50 40 10 0 0 0 5 25 30 55 60 15 25 40 20 10 0 0 0 30 20 20 55 10 10 25 20 5 10 0 0
tomas suslov,Tomáš Suslov,Hellas Verona,253,12,8,0 27 36 27 9 18 27 45 45 18 9 18 9 0 9 36 36 9 36 73 45 18 0 9 0 9 18 36 73 27 27 82 73 18 27 18 0 0 27 9 36 9 18 0 36 9 0 9 0 9 36 18 45 18 73 45 55 36 18 0 0 0 9 55 27 36 18 73 36 45 9 0 0 27 9 45 55 9 9 100 9 18 9 0 9 0 0 45 18 9 36 27 27 18 9 18
daniel mosquera,Daniel Mosquera,Hellas Verona,323,12,8,0 0 8 0 8 25 17 83 50 25 42 8 0 0 8 8 42 33 50 58 25 50 17 0 0 8 17 8 17 33 8 42 100 0 50 58 8 33 0 17 8 8 92 42 33 17 75 33 8 8 8 25 8 42 42 58 50 17 100 33 0 8 0 8 17 17 75 75 33 33 75 17 0 0 0 8 42 8 33 83 58 67 58 17 0 0 17 0 58 50 25 33 25 42 33 8
amin sarr,Amin Sarr,Hellas Verona,596,12,8,0 4 0 20 24 12 28 20 48 32 32 24 0 4 0 12 16 12 32 44 68 20 16 12 0 4 8 20 24 12 36 80 76 28 16 8 8 0 4 16 12 12 24 48 60 8 24 16 20 12 8 8 12 24 36 44 52 16 48 8 0 0 0 20 20 24 64 92 64 48 44 16 0 4 0 24 48 40 24 100 56 36 48 24 0 0 8 12 24 28 52 44 40 24 32 12
kieron bowie,Kieron Bowie,Hellas Verona,540,12,8,11 7 4 21 11 14 29 29 57 36 25 0 4 4 4 4 14 18 18 39 61 25 29 21 4 11 7 21 25 36 54 100 71 29 39 32 14 4 0 18 18 11 43 39 50 25 36 21 11 11 4 43 11 7 18 29 18 25 39 14 7 0 7 14 36 21 18 54 46 18 18 4 4 0 4 7 4 4 32 21 39 11 18 18 0 0 0 7 11 11 18 14 11 7 18 11
isaac,Isaac,Hellas Verona,33,12,8,0 0 0 0 0 0 0 0 0 0 0 0 0 0 0 0 25 0 25 0 0 25 0 0 0 0 0 75 25 0 25 25 25 0 0 0 0 0 0 0 0 0 0 0 50 0 0 0 0 0 0 25 0 0 0 0 50 0 0 0 0 0 0 25 0 50 0 100 0 25 0 0 0 0 0 0 0 25 0 25 25 75 0 25 0 0 0 25 0 0 0 0 25 25 0 0
junior ajayi,Junior Ajayi,Hellas Verona,4,12,8,0 0 0 0 0 0 0 0 0 0 0 0 0 0 0 0 0 0 0 0 0 0 0 0 0 0 0 0 0 0 0 0 0 0 0 0 0 0 0 0 0 0 0 0 100 0 50 0 0 0 0 0 0 0 0 0 0 0 0 0 0 0 0 0 0 0 0 0 0 0 0 0 0 0 0 0 0 0 0 0 50 0 0 0 0 0 0 0 0 0 0 0 0 0 0 0
rafik belghali,Rafik Belghali,Hellas Verona,989,12,8,33 37 25 90 73 48 62 100 96 56 56 31 27 25 17 31 33 19 52 58 48 21 52 27 19 25 21 40 21 12 13 21 21 19 33 35 13 2 6 13 2 4 8 6 15 17 15 10 4 6 2 4 2 8 6 6 4 8 8 4 2 4 4 6 4 0 6 12 10 21 12 13 4 2 2 10 10 8 10 6 17 15 12 8 4 4 15 17 10 8 12 19 29 8 12 4
domagoj bradaric,Domagoj Bradarić,Hellas Verona,920,12,8,2 4 10 14 16 14 10 18 20 29 20 16 4 2 6 20 6 6 6 10 22 14 8 2 4 4 0 6 2 0 2 10 4 12 6 2 6 0 0 0 0 0 4 0 8 2 4 0 20 22 8 4 8 2 0 6 8 6 6 10 16 20 14 4 12 14 18 31 31 12 12 2 24 43 45 61 41 22 47 45 39 24 33 18 45 29 51 71 90 82 100 100 82 67 35 33
cheikh niasse,Cheikh Niasse,Hellas Verona,601,12,8,11 11 41 70 93 41 89 100 70 37 48 11 4 19 37 63 22 30 67 63 59 22 15 4 33 22 19 59 41 33 74 70 44 19 15 4 7 30 22 22 41 33 37 37 22 4 7 0 22 7 11 33 26 11 30 26 11 0 0 0 11 4 15 22 30 19 30 22 26 4 4 0 0 11 0 4 7 11 30 19 15 4 4 4 0 0 4 4 0 4 11 7 4 0 0 0
abdou harroui,Abdou Harroui,Hellas Verona,607,12,8,0 18 18 18 14 32 9 32 55 18 27 14 9 9 5 5 32 14 23 55 82 14 14 27 5 0 14 23 23 41 41 64 55 32 14 18 0 9 23 23 27 18 18 45 36 14 5 0 0 32 27 27 27 45 27 32 41 18 5 0 0 14 14 41 27 41 59 64 59 5 5 0 9 32 14 73 45 50 41 91 73 32 23 14 5 27 18 68 23 68 73 100 82 59 36 9
suat serdar,Suat Serdar,Hellas Verona,643,12,8,10 10 24 76 67 57 76 81 62 38 38 0 14 10 19 62 67 38 57 76 76 48 24 5 14 43 24 38 43 62 76 100 67 33 29 5 5 29 24 43 29 33 43 52 52 29 19 10 10 29 19 67 38 57 24 48 43 24 14 10 5 10 38 33 57 29 43 48 24 24 19 14 0 10 19 43 33 29 38 10 24 14 0 5 0 0 10 33 33 29 14 33 14 10 0 5
grigoris kastanos,Grigoris Kastanos,Hellas Verona,60,12,8,0 20 20 0 20 0 0 0 0 0 0 20 0 0 0 20 20 0 20 40 0 0 0 20 0 0 20 0 60 20 20 0 40 0 0 0 0 0 20 60 20 0 0 20 60 0 0 0 20 0 0 0 20 0 0 20 0 0 0 0 0 0 0 40 40 20 20 80 20 0 0 0 0 20 20 20 20 20 20 20 0 20 0 0 0 0 0 20 40 60 100 0 0 0 0 0
antoine bernede,Antoine Bernede,Hellas Verona,1403,12,8,0 2 6 8 21 23 23 19 21 19 17 6 0 4 6 21 21 23 29 44 23 0 10 6 6 8 25 40 52 50 54 62 44 15 8 4 6 21 8 46 33 35 50 38 31 19 12 2 10 15 23 54 48 50 48 33 42 19 4 2 4 23 25 75 69 71 52 88 42 29 8 15 4 25 38 58 69 58 71 100 81 40 27 8 8 25 25 40 77 46 50 71 54 40 15 23
yellu santiago,Yellu Santiago,Hellas Verona,16,12,8,0 0 0 100 0 0 0 0 0 25 0 0 0 0 0 0 25 0 0 0 0 0 0 0 0 25 0 25 0 0 0 25 0 0 0 0 0 0 0 0 0 0 0 25 25 0 0 0 0 0 0 0 0 0 0 0 25 25 25 0 0 0 0 0 50 0 0 0 0 0 0 0 0 0 0 0 0 0 0 0 0 0 0 0 0 0 0 0 0 0 0 0 0 0 0 0
daniel oyegoke,Daniel Oyegoke,Hellas Verona,373,12,8,8 20 22 80 52 55 72 100 60 57 55 25 5 5 5 20 8 10 18 15 15 15 25 12 2 12 8 5 8 2 5 15 10 10 12 8 0 8 0 0 0 2 5 2 2 2 0 2 2 0 0 0 0 2 2 0 0 0 0 0 0 0 0 5 0 0 0 0 0 0 0 0 2 2 5 0 0 0 0 0 0 0 2 0 0 2 0 5 8 0 5 2 0 2 0 0
tobias slotsager,Tobias Slotsager,Hellas Verona,327,12,8,11 11 7 63 74 56 63 22 7 11 7 0 11 30 15 70 100 78 41 26 19 4 0 0 11 33 15 56 37 37 22 15 7 0 0 0 22 30 7 4 7 4 15 4 0 0 11 4 15 11 4 0 11 4 7 4 4 4 0 4 0 0 11 4 4 7 4 0 0 0 0 0 0 4 11 4 11 4 4 0 4 0 0 0 4 0 0 0 0 0 0 0 4 0 0 0
andrias edmundsson,Andrias Edmundsson,Hellas Verona,851,12,8,3 3 3 14 9 17 3 6 11 0 3 0 14 17 9 34 26 14 9 3 3 9 0 0 34 17 26 71 66 31 20 6 0 0 11 0 97 69 20 69 60 23 26 14 3 0 29 20 89 54 40 97 71 74 49 6 9 0 11 14 20 26 66 60 77 51 51 23 20 0 3 3 11 43 40 100 57 40 40 26 9 0 0 6 6 14 23 46 37 31 29 14 17 9 0 0
martin frese,Martin Frese,Hellas Verona,1159,12,8,0 0 3 2 0 0 2 0 2 11 10 6 0 3 2 0 2 0 0 2 3 2 3 2 6 6 3 3 3 2 0 3 3 2 0 0 16 19 10 5 5 8 5 2 3 2 0 13 35 25 8 17 8 13 6 8 8 6 8 5 21 32 35 49 29 30 32 24 17 8 14 13 30 49 48 81 79 35 54 44 33 24 16 13 13 49 51 94 95 76 100 75 73 44 32 11
fallou cham,Fallou Cham,Hellas Verona,166,12,8,29 19 24 86 100 19 38 67 52 48 48 0 5 19 5 33 14 5 19 24 5 5 10 5 5 14 0 14 10 5 0 5 10 0 19 14 5 0 0 0 0 0 0 0 0 0 5 0 0 0 0 5 0 0 0 0 0 0 0 0 0 0 0 0 0 0 0 0 0 0 0 5 0 0 0 0 0 0 0 0 0 0 0 0 0 0 0 0 0 0 0 0 0 0 0 0
lorenzo montipo,Lorenzo Montipò,Hellas Verona,679,12,8,0 3 3 1 1 0 0 0 0 0 0 0 5 6 6 3 2 0 0 0 0 0 0 0 45 45 17 16 0 0 0 0 0 0 0 0 100 94 41 35 5 2 0 0 0 0 0 0 91 84 26 30 3 1 0 0 0 0 0 0 37 34 9 10 2 0 0 0 0 0 0 0 8 7 3 3 2 0 0 0 0 0 0 0 0 0 1 2 1 0 0 0 0 0 0 0
