sofascore_id,player,squad,norm_key,rating,appearances,matchesStarted,minutesPlayed,goals,expectedGoals,assists,expectedAssists,bigChancesCreated,bigChancesMissed,totalShots,shotsOnTarget,goalConversionPercentage,accuratePasses,totalPasses,accuratePassesPercentage,accurateLongBalls,totalLongBalls,accurateLongBallsPercentage,keyPasses,accurateFinalThirdPasses,accurateChippedPasses,totalChippedPasses,successfulDribbles,totalContest,successfulDribblesPercentage,totalCross,accurateCrosses,accurateCrossesPercentage,touches,possessionLost,possessionWonAttThird,ballRecovery,dispossessed,groundDuelsWon,groundDuelsWonPercentage,aerialDuelsWon,aerialLost,aerialDuelsWonPercentage,totalDuelsWon,totalDuelsWonPercentage,tackles,tacklesWon,tacklesWonPercentage,interceptions,clearances,blockedShots,outfielderBlocks,errorLeadToGoal,errorLeadToShot,dribbledPast,fouls,wasFouled,yellowCards,redCards,saves,savesCaught,savesParried,cleanSheet,goalsConceded,savedShotsFromInsideTheBox,savedShotsFromOutsideTheBox,goalsConcededInsideTheBox,goalsConcededOutsideTheBox,punches,runsOut,successfulRunsOut,highClaims,crossesNotClaimed,penaltyFaced,penaltySave
599114,Jean Butez,Como,jean butez,7.19,38,38,3420,0,,1,0.12,1,0,0,0,0.0,1093,1340,81.57,237,471,50.32,3,49,164,223,1,1,100.0,0,0,0.0,1730,255,0,399,0,7,87.5,15,1,93.75,22,91.67,2,2,100.0,1,46,0,0,2,0,1,0,9,3,0,88,1,10,19,29,59,26,23,6,12,64,62,37,1,6,1
793986,Mile Svilar,Roma,mile svilar,7.08,38,38,3420,0,,0,0.03,0,0,0,0,0.0,811,1167,69.49,219,574,38.15,0,17,46,85,0,0,0.0,0,0,0.0,1561,361,0,309,0,8,88.89,12,3,80.0,20,83.33,3,2,66.67,1,26,0,0,1,0,1,0,8,0,0,107,2,28,18,31,61,44,23,8,10,17,16,27,0,1,0
947954,Elia Caprile,Cagliari,elia caprile,7.02,38,38,3420,0,,0,0.07,0,0,0,0,0.0,696,1091,63.79,214,603,35.49,1,46,53,100,0,0,0.0,0,0,0.0,1469,402,0,303,0,2,100.0,16,3,84.21,18,85.71,0,0,0.0,0,34,0,0,2,0,0,0,8,2,0,122,1,40,8,53,75,45,45,8,14,17,16,45,1,2,0
256667,Wladimiro Falcone,Lecce,wladimiro falcone,6.99,38,38,3420,0,,0,0.1,0,0,0,0,0.0,522,1142,45.71,296,913,32.42,1,58,49,126,0,0,0.0,0,0,0.0,1448,627,0,291,0,5,83.33,19,1,95.0,24,92.31,2,2,100.0,0,55,0,0,0,1,1,0,8,2,0,110,0,27,10,50,88,22,48,2,25,24,23,15,0,6,2
865646,Marco Carnesecchi,Atalanta,marco carnesecchi,7.33,37,37,3330,0,,0,0.06,0,0,0,0,0.0,770,1173,65.64,247,645,38.29,0,40,48,87,1,1,100.0,0,0,0.0,1519,410,0,270,0,6,85.71,12,0,100.0,18,94.74,1,0,0.0,0,33,0,0,0,0,0,1,6,0,0,115,0,29,13,35,82,31,30,5,14,18,17,18,0,4,2
69378,David De Gea,Fiorentina,david de gea,6.97,37,37,3330,0,,0,0.06,0,0,0,0,0.0,707,1067,66.26,188,543,34.62,1,31,58,112,0,0,0.0,0,0,0.0,1384,372,0,260,0,5,71.43,6,2,75.0,11,73.33,0,0,0.0,0,19,0,0,3,2,2,0,6,0,0,121,0,19,10,49,78,41,40,9,11,10,9,16,0,6,1
846148,Victor Nelsson,Hellas Verona,victor nelsson,6.72,38,37,3315,0,0.45,0,0.35,0,1,8,1,0.0,1034,1230,84.07,40,129,31.01,3,78,21,68,3,4,75.0,5,0,0.0,1798,232,1,112,0,93,59.62,128,59,68.45,221,64.43,72,43,59.72,68,261,1,23,1,2,21,44,20,4,0,0,0,0,6,59,0,0,50,9,0,0,0,0,0,0,0
191210,Mike Maignan,Milan,mike maignan,7.23,37,37,3296,0,,0,0.03,0,0,0,0,0.0,840,1082,77.63,174,408,42.65,0,25,54,106,3,3,100.0,0,0,0.0,1449,252,0,285,0,7,100.0,5,0,100.0,12,100.0,0,0,0.0,1,22,0,0,1,2,0,0,5,4,0,108,3,22,13,35,67,35,34,1,8,10,10,36,0,8,2
965330,Pierre Kalulu,Juventus,pierre kalulu,6.91,37,37,3282,2,1.75,4,3.34,11,1,13,4,15.38,1952,2197,88.85,76,143,53.15,43,475,49,119,7,22,31.82,94,22,23.4,2754,376,6,158,10,84,56.76,35,40,46.67,119,53.36,62,34,54.84,24,62,4,8,0,0,9,34,16,2,1,0,0,0,16,30,0,0,25,5,0,0,0,0,0,0,0
1651825,Tiago Gabriel,Lecce,tiago gabriel,6.88,37,36,3220,2,3.6,0,0.14,0,4,20,4,10.0,1161,1328,87.42,66,139,47.48,2,53,25,50,1,1,100.0,2,0,0.0,1855,184,0,86,9,103,68.21,124,63,66.31,227,67.16,63,39,61.9,45,243,2,21,1,3,13,29,40,7,0,0,0,0,9,46,0,0,45,1,0,0,0,0,0,0,0
889785,Johan Vásquez,Genoa,johan vasquez,6.79,36,36,3217,1,1.29,0,0.71,0,1,24,6,4.17,1706,1994,85.56,95,240,39.58,9,192,51,135,8,17,47.06,24,5,20.83,2532,363,4,122,9,112,66.67,73,82,47.1,185,57.28,59,38,64.41,45,154,5,28,1,0,18,23,46,2,0,0,0,0,8,49,0,0,45,4,0,0,0,0,0,0,0
841977,Ylber Ramadani,Lecce,ylber ramadani,6.9,37,37,3214,1,1.1,0,1.69,1,0,34,5,2.94,1163,1446,80.43,94,225,41.78,19,275,50,119,14,27,51.85,16,5,31.25,1988,382,20,211,26,161,54.95,32,23,58.18,193,55.46,92,52,56.52,47,57,10,11,0,3,52,43,59,10,0,0,0,0,9,45,0,0,43,2,0,0,0,0,0,0,0
911355,Simone Canestrelli,Pisa,simone canestrelli,6.61,37,36,3201,1,1.31,0,0.44,1,2,16,3,6.25,1026,1261,81.36,73,172,42.44,10,99,37,81,3,5,60.0,12,1,8.33,1868,338,2,97,6,64,52.03,94,59,61.44,158,57.25,40,23,57.5,33,186,5,20,1,2,13,42,21,4,0,0,0,0,5,65,0,0,54,11,0,0,0,0,0,0,0
227894,Jesper Karlström,Udinese,jesper karlstrom,6.77,36,36,3152,1,0.83,0,1.06,1,0,20,3,5.0,1103,1356,81.34,54,142,38.03,16,215,44,97,10,21,47.62,15,2,13.33,1769,326,11,144,14,91,52.91,30,26,53.57,121,53.07,54,34,62.96,36,76,9,16,2,2,16,41,30,6,0,0,0,0,10,45,0,0,40,5,0,0,0,0,0,0,0
253391,Lorenzo Montipò,Hellas Verona,lorenzo montipo,6.71,35,35,3150,0,,1,0.09,2,0,0,0,0.0,430,928,46.34,237,729,32.51,3,54,26,57,1,1,100.0,0,0,0.0,1208,501,0,258,0,8,100.0,6,0,100.0,14,100.0,1,0,0.0,0,31,0,0,2,0,0,0,8,0,0,91,0,25,5,54,51,36,45,9,18,15,15,27,3,5,3
822518,Dodô,Fiorentina,dodo,6.99,36,36,3139,1,2.18,2,4.96,8,1,25,4,4.0,1170,1400,83.57,49,124,39.52,51,354,37,92,46,85,54.12,152,35,23.03,2234,511,7,172,14,127,58.26,18,21,46.15,145,56.42,29,18,62.07,30,59,5,3,0,2,18,22,53,7,0,0,0,0,8,46,0,0,37,9,0,0,0,0,0,0,0
186855,Bryan Cristante,Roma,bryan cristante,7.02,37,36,3103,2,2.1,1,2.83,3,2,44,8,4.55,1731,2129,81.31,121,235,51.49,27,479,84,182,13,22,59.09,19,6,31.58,2565,491,16,186,23,92,45.1,114,98,53.77,206,49.52,72,41,56.94,27,67,15,8,0,3,19,63,9,6,0,0,0,0,14,26,0,0,18,8,0,0,0,0,0,0,0
1089453,Saúl Coco,Torino,saul coco,6.87,35,35,3090,1,0.9,1,0.85,0,0,15,4,6.67,1286,1508,85.28,83,183,45.36,11,118,42,92,7,11,63.64,5,1,20.0,2022,271,2,88,10,99,58.58,66,57,53.66,165,56.51,58,34,58.62,43,172,3,42,0,0,13,46,34,3,0,0,0,0,11,55,0,0,46,9,0,0,0,0,0,0,0
918440,Morten Frendrup,Genoa,morten frendrup,6.91,36,35,3089,1,0.4,0,0.99,1,0,8,3,12.5,1156,1316,87.84,44,92,47.83,15,179,23,50,8,14,57.14,5,1,20.0,1804,228,20,156,19,145,62.77,28,27,50.91,173,60.49,99,70,70.71,41,89,1,12,0,1,24,40,39,5,0,0,0,0,6,45,0,0,41,4,0,0,0,0,0,0,0
1397736,Marco Palestra,Cagliari,marco palestra,7.02,37,34,3084,1,1.71,4,3.55,7,0,29,7,3.45,738,867,85.12,28,51,54.9,33,163,24,46,70,135,51.85,109,27,24.77,1671,400,3,116,23,233,61.48,15,22,40.54,248,59.62,55,35,63.64,20,42,9,3,0,1,20,41,108,3,0,0,0,0,6,46,0,0,38,8,0,0,0,0,0,0,0
116666,Antonio Caracciolo,Pisa,antonio caracciolo,6.58,35,34,3074,2,2.09,0,0.16,0,1,25,6,8.0,1038,1232,84.25,63,163,38.65,2,54,49,110,3,9,33.33,3,1,33.33,1763,238,1,115,8,84,50.6,55,40,57.89,139,53.26,71,43,60.56,50,192,5,24,1,1,33,40,11,10,0,0,0,0,5,60,0,0,51,9,0,0,0,0,0,0,0
611210,Gianluca Mancini,Roma,gianluca mancini,7.0,36,36,3066,4,2.46,2,1.45,5,0,20,8,20.0,1433,1649,86.9,60,150,40.0,22,232,50,111,4,6,66.67,31,6,19.35,2172,287,4,109,6,97,50.79,91,54,62.76,188,55.95,52,29,55.77,49,126,5,14,0,2,17,71,42,9,0,0,0,0,12,26,0,0,18,8,0,0,0,0,0,0,0
933641,Jay Idzes,Sassuolo,jay idzes,6.67,35,35,3063,0,0.19,0,0.61,2,0,5,0,0.0,1277,1417,90.12,41,111,36.94,3,78,25,57,6,7,85.71,1,0,0.0,1797,159,1,98,4,47,52.81,53,56,48.62,100,50.51,28,13,46.43,42,191,2,23,1,1,9,33,14,3,0,0,0,0,7,42,0,0,38,4,0,0,0,0,0,0,0
318603,Emil Audero,Cremonese,emil audero,7.04,34,34,3060,0,,0,0.07,0,0,0,0,0.0,799,1293,61.79,264,751,35.15,0,30,59,148,1,1,100.0,0,0,0.0,1684,503,0,333,0,2,66.67,12,2,85.71,14,82.35,0,0,0.0,0,31,0,0,5,1,1,0,6,0,0,125,1,37,11,50,74,50,43,7,10,12,12,32,0,6,2
945616,Antonino Gallo,Lecce,antonino gallo,6.78,37,34,3058,0,0.51,4,2.91,6,2,6,1,0.0,795,1126,70.6,80,234,34.19,36,254,57,161,13,25,52.0,134,38,28.36,1922,568,2,142,8,84,62.69,26,24,52.0,110,59.78,58,36,62.07,15,125,1,6,0,3,23,7,13,3,0,0,0,0,9,43,0,0,41,2,0,0,0,0,0,0,0
928777,Michel Adopo,Cagliari,michel adopo,6.61,38,33,3055,1,2.51,2,1.15,3,4,28,11,3.57,892,1084,82.29,20,48,41.67,27,214,23,46,14,36,38.89,26,6,23.08,1514,318,13,176,37,96,46.83,31,41,43.06,127,45.85,57,31,54.39,29,43,9,6,0,5,17,35,25,4,0,0,0,0,5,46,0,0,38,8,0,0,0,0,0,0,0
357596,Nikola Vlašić,Torino,nikola vlasic,6.91,37,36,3053,8,6.96,3,3.31,5,2,49,17,16.33,968,1155,83.81,40,72,55.56,54,369,44,83,28,55,50.91,48,11,22.92,1703,368,16,181,48,140,49.65,22,36,37.93,162,47.65,67,38,56.72,21,28,13,4,0,2,29,44,45,7,0,0,0,0,7,57,0,0,47,10,0,0,0,0,0,0,0
1002045,Danilo Veiga,Lecce,danilo veiga,6.74,36,33,3022,0,0.24,1,1.55,2,0,6,2,0.0,708,1002,70.66,54,142,38.03,21,221,25,92,19,62,30.65,89,16,17.98,2070,582,5,112,32,163,54.52,50,51,49.5,213,53.25,97,53,54.64,33,136,1,14,1,3,19,44,47,9,0,0,0,0,9,42,0,0,41,1,0,0,0,0,0,0,0
352736,Sebastiano Luperto,Cremonese,sebastiano luperto,6.71,34,34,3017,1,0.66,1,0.72,4,1,12,5,8.33,1438,1630,88.22,69,168,41.07,6,96,47,122,5,5,100.0,11,2,18.18,2021,226,1,81,5,68,59.65,33,42,44.0,101,53.44,35,21,60.0,30,159,3,19,1,0,9,32,29,4,0,0,0,0,8,50,0,0,44,6,0,0,0,0,0,0,0
1034303,Filippo Terracciano,Cremonese,filippo terracciano,6.71,36,33,3012,2,1.88,0,0.78,1,2,14,4,14.29,1336,1550,86.19,73,152,48.03,11,185,59,117,5,13,38.46,28,3,10.71,2172,321,2,140,3,63,63.0,43,31,58.11,106,60.92,33,23,69.7,56,117,5,23,1,4,9,18,26,6,0,0,0,0,11,45,0,0,38,7,0,0,0,0,0,0,0
363860,Manuel Locatelli,Juventus,manuel locatelli,7.72,36,36,3004,1,2.76,2,5.03,5,1,46,12,2.17,2473,2805,88.16,191,321,59.5,47,769,158,280,10,18,55.56,19,5,26.32,3324,403,18,180,16,153,60.96,37,30,55.22,190,59.75,102,70,68.63,39,75,14,23,2,3,24,55,44,9,0,0,0,0,10,28,0,0,22,6,0,0,0,0,0,0,0
1110136,Mandela Keita,Parma,mandela keita,6.93,37,36,2999,1,0.7,1,0.41,0,0,16,5,6.25,1070,1210,88.43,45,61,73.77,11,174,16,28,29,45,64.44,3,0,0.0,1660,231,10,154,27,160,62.75,19,13,59.38,179,62.37,74,45,60.81,44,31,3,11,1,3,27,30,57,1,0,0,0,0,10,37,0,0,29,8,0,0,0,0,0,0,0
865167,Lloyd Kelly,Juventus,lloyd kelly,7.0,35,33,2998,1,1.09,1,1.35,3,0,17,3,5.88,1808,2033,88.93,127,234,54.27,11,225,46,117,18,23,78.26,12,0,0.0,2449,285,12,168,9,83,57.64,90,53,62.94,173,60.28,48,34,70.83,14,116,6,17,0,2,7,43,20,4,0,0,0,0,13,30,0,0,25,5,0,0,0,0,0,0,0
1099296,Mateo Pellegrino,Parma,mateo pellegrino,6.72,37,34,2991,9,8.59,1,1.09,4,9,73,22,12.33,301,480,62.71,13,27,48.15,22,125,9,21,25,48,52.08,12,1,8.33,1033,408,24,86,66,112,39.02,121,138,46.72,233,42.67,17,11,64.71,4,42,20,5,0,0,12,87,71,5,0,0,0,0,6,38,0,0,30,8,0,0,0,0,0,0,0
892979,Oumar Solet,Udinese,oumar solet,7.18,35,34,2961,3,2.79,1,2.41,3,3,33,6,9.09,1852,2075,89.25,151,254,59.45,23,277,44,100,41,58,70.69,20,2,10.0,2645,328,5,170,24,143,61.64,50,42,54.35,193,59.57,75,53,70.67,48,125,8,19,1,2,22,30,29,1,0,0,0,0,10,42,0,0,37,5,0,0,0,0,0,0,0
16206,Yann Sommer,Inter,yann sommer,6.92,33,33,2961,0,,0,0.03,0,0,0,0,0.0,858,1048,81.87,165,351,47.01,0,15,45,84,0,0,0.0,0,0,0.0,1265,193,0,210,0,3,75.0,1,1,50.0,4,66.67,0,0,0.0,0,12,0,0,1,1,1,0,3,0,0,65,0,6,15,30,37,27,26,4,7,7,6,11,1,4,0
928103,Enrico Delprato,Parma,enrico delprato,6.74,35,34,2953,2,2.12,0,0.91,1,4,18,9,11.11,963,1118,86.14,47,128,36.72,7,141,35,90,5,9,55.56,19,5,26.32,1631,240,1,76,4,51,56.04,34,36,48.57,85,52.8,36,22,61.11,24,109,3,22,0,0,17,16,10,5,0,0,0,0,9,40,0,0,34,6,0,0,0,0,0,0,0
847467,Marin Pongračić,Fiorentina,marin pongracic,6.76,35,33,2917,0,0.7,0,0.52,1,0,8,1,0.0,1742,1901,91.64,78,135,57.78,8,136,24,54,16,22,72.73,4,1,25.0,2285,199,3,158,5,68,44.44,49,39,55.68,117,48.55,31,17,54.84,35,130,3,27,0,1,6,69,21,12,0,0,0,0,7,41,0,0,34,7,0,0,0,0,0,0,0
850891,Michel Aebischer,Pisa,michel aebischer,6.88,35,33,2900,1,0.65,2,2.5,8,1,19,5,5.26,1308,1529,85.55,93,177,52.54,34,275,57,118,14,29,48.28,44,15,34.09,1962,337,11,169,12,117,52.7,14,21,40.0,131,50.97,65,35,53.85,37,32,3,6,0,5,35,45,38,8,0,0,0,0,4,49,0,0,41,8,0,0,0,0,0,0,0
1171451,Nico Paz,Como,nico paz,7.33,35,33,2882,12,8.5,6,4.48,13,3,121,48,9.92,1154,1394,82.78,30,60,50.0,51,407,49,104,69,125,55.2,63,14,22.22,2123,482,26,138,45,201,51.94,29,23,55.77,230,52.39,91,55,60.44,28,13,35,3,0,3,36,53,41,5,0,0,0,0,11,27,0,0,21,6,0,0,0,0,0,0,0
888971,Arijanet Murić,Sassuolo,arijanet muric,7.15,32,32,2880,0,,0,0.08,0,0,0,0,0.0,564,927,60.84,215,571,37.65,1,58,42,69,0,0,0.0,0,0,0.0,1374,374,0,330,0,2,66.67,17,1,94.44,19,90.48,0,0,0.0,0,49,0,0,2,5,1,1,3,4,0,119,2,23,6,43,78,40,39,4,21,21,18,69,1,6,1
965893,Strahinja Pavlović,Milan,strahinja pavlovic,7.04,34,33,2870,5,3.53,1,1.17,0,2,26,6,19.23,1678,1848,90.8,71,128,55.47,16,219,37,90,17,32,53.13,15,5,33.33,2284,236,5,97,11,99,58.58,70,56,55.56,169,57.29,54,27,50.0,20,117,5,14,0,1,16,30,28,4,0,0,0,0,11,33,0,0,32,1,0,0,0,0,0,0,0
886243,Sebastian Walukiewicz,Sassuolo,sebastian walukiewicz,6.73,34,33,2855,0,0.22,1,2.07,2,0,7,0,0.0,1059,1238,85.54,43,90,47.78,21,187,38,87,21,36,58.33,46,19,41.3,1852,295,3,97,12,84,53.16,26,29,47.27,110,51.64,50,34,68.0,25,108,3,10,0,1,12,35,13,7,0,0,0,0,6,40,0,0,35,5,0,0,0,0,0,0,0
881931,Weston McKennie,Juventus,weston mckennie,6.88,36,32,2841,5,7.54,5,6.06,6,11,43,16,11.63,987,1187,83.15,35,52,67.31,48,419,48,81,17,33,51.52,35,6,17.14,1744,356,13,106,16,68,44.44,46,38,54.76,114,48.1,40,24,60.0,25,49,7,8,2,1,11,44,11,5,0,0,0,0,11,31,0,0,25,6,0,0,0,0,0,0,0
1149011,Kenan Yıldız,Juventus,kenan yildiz,7.39,36,33,2838,10,8.17,6,9.63,15,3,97,40,10.31,1029,1223,84.14,31,51,60.78,76,492,25,54,78,149,52.35,124,33,26.61,1949,509,24,121,55,160,50.16,16,13,55.17,176,50.57,26,14,53.85,7,7,33,0,0,4,14,23,56,2,0,0,0,0,3,26,0,0,22,4,0,0,0,0,0,0,0
1118177,Tarik Muharemović,Sassuolo,tarik muharemovic,6.86,32,32,2835,2,1.64,2,0.44,1,3,20,6,10.0,1413,1649,85.69,89,225,39.56,5,125,51,143,7,11,63.64,2,0,0.0,2131,261,1,91,2,67,64.42,67,37,64.42,134,64.42,44,22,50.0,45,222,8,31,0,1,9,24,20,7,0,0,0,0,6,46,0,0,41,5,0,0,0,0,0,0,0
15466,Luka Modrić,Milan,luka modric,7.53,34,32,2821,2,1.56,3,4.76,6,0,20,8,10.0,2006,2219,90.4,176,236,74.58,53,537,118,191,17,35,48.57,113,29,25.66,2678,367,16,188,12,101,56.11,11,11,50.0,112,55.45,51,28,54.9,39,33,6,12,0,3,29,23,33,4,0,0,0,0,10,26,0,0,25,1,0,0,0,0,0,0,0
383560,Manuel Akanji,Inter,manuel akanji,7.11,33,31,2820,2,2.05,0,1.39,1,1,23,6,8.7,1941,2107,92.12,92,141,65.25,7,303,47,85,1,2,50.0,3,2,66.67,2489,192,2,129,4,66,61.68,51,44,53.68,117,57.92,48,22,45.83,37,105,4,13,0,2,10,26,18,4,0,0,0,0,15,26,0,0,24,2,0,0,0,0,0,0,0
901891,Alexis Saelemaekers,Milan,alexis saelemaekers,7.16,35,33,2797,3,3.31,3,4.85,6,4,43,11,6.98,1112,1326,83.86,25,56,44.64,52,370,28,58,50,106,47.17,82,21,25.61,2050,430,22,160,18,186,59.05,10,12,45.45,196,58.16,73,38,52.05,28,22,14,4,0,4,30,26,64,5,0,0,0,0,8,30,0,0,30,0,0,0,0,0,0,0,0
917048,Andrea Cambiaso,Juventus,andrea cambiaso,6.89,36,35,2794,3,2.95,4,5.52,12,2,26,13,11.54,1360,1545,88.03,55,87,63.22,56,415,46,85,9,27,33.33,123,32,26.02,2193,379,14,168,22,91,51.41,9,16,36.0,100,49.5,61,40,65.57,20,20,3,7,1,3,20,29,21,3,1,0,0,0,3,26,0,0,24,2,0,0,0,0,0,0,0
879346,Scott McTominay,Napoli,scott mctominay,7.04,33,31,2793,10,11.01,3,1.58,1,14,101,34,9.9,1182,1329,88.94,34,46,73.91,22,267,9,24,26,57,45.61,10,2,20.0,1870,292,24,131,50,121,51.05,48,33,59.26,169,53.14,28,13,46.43,21,48,28,13,1,2,12,24,73,1,0,0,0,0,13,27,0,0,25,2,0,0,0,0,0,0,0
964153,Adam Obert,Cagliari,adam obert,6.82,35,33,2788,0,1.43,3,2.31,6,2,10,3,0.0,988,1209,81.72,54,117,46.15,27,147,44,112,16,25,64.0,69,23,33.33,1887,352,5,127,15,97,55.43,31,34,47.69,128,53.33,68,30,44.12,42,113,2,18,0,0,16,40,13,8,1,0,0,0,5,40,0,0,34,6,0,0,0,0,0,0,0
267619,Adam Marušić,Lazio,adam marusic,6.67,33,32,2783,1,1.31,2,1.42,3,3,16,7,6.25,1335,1534,87.03,41,85,48.24,9,248,19,64,6,20,30.0,34,5,14.71,2101,294,2,88,9,58,53.21,31,34,47.69,89,51.15,35,17,48.57,33,65,3,12,0,4,9,22,18,1,1,0,0,0,11,30,0,0,25,5,0,0,0,0,0,0,0
933203,Mikael Ellertsson,Genoa,mikael ellertsson,6.6,36,31,2777,1,2.27,1,1.73,5,3,26,6,3.85,482,638,75.55,14,47,29.79,16,167,4,18,11,40,27.5,32,7,21.88,1151,306,11,79,18,95,48.97,13,29,30.95,108,45.76,44,26,59.09,15,42,8,8,0,0,24,28,42,1,1,0,0,0,7,43,0,0,39,4,0,0,0,0,0,0,0
1086417,Rasmus Højlund,Napoli,rasmus hojlund,6.59,33,32,2761,12,10.59,5,2.8,5,10,60,25,20.0,378,507,74.56,8,10,80.0,33,168,4,12,12,34,35.29,3,2,66.67,900,317,13,33,62,68,35.98,43,77,35.83,111,35.92,4,1,25.0,0,15,14,2,0,0,4,37,53,1,0,0,0,0,6,31,0,0,29,2,0,0,0,0,0,0,0
1134351,Ismael Koné,Sassuolo,ismael kone,6.99,35,33,2756,6,5.24,0,1.82,1,4,23,10,26.09,1046,1143,91.51,66,82,80.49,23,267,32,43,26,44,59.09,5,3,60.0,1526,194,7,92,22,109,58.29,7,16,30.43,116,55.24,31,18,58.06,15,32,3,4,0,4,16,25,54,3,1,0,0,0,3,39,0,0,35,4,0,0,0,0,0,0,0
911848,Lucas Da Cunha,Como,lucas da cunha,7.11,36,31,2748,6,6.61,4,5.14,10,6,41,16,14.63,1788,1981,90.26,61,110,55.45,45,432,58,111,22,33,66.67,98,33,33.67,2408,331,12,168,28,98,49.0,17,23,42.5,115,47.92,57,30,52.63,18,17,11,1,0,0,30,35,19,4,0,0,0,0,10,24,0,0,20,4,0,0,0,0,0,0,0
1086286,Máximo Perrone,Como,maximo perrone,6.99,36,33,2748,3,2.14,4,2.92,4,3,18,9,16.67,1987,2175,91.36,72,105,68.57,34,352,68,109,9,17,52.94,11,3,27.27,2485,263,11,130,22,88,46.07,12,11,52.17,100,46.73,56,37,66.07,22,26,4,3,0,4,31,43,23,8,0,0,0,0,14,21,0,0,17,4,0,0,0,0,0,0,0
1403348,Jacobo Ramón,Como,jacobo ramon,7.17,32,30,2743,2,4.57,0,1.47,1,9,39,9,5.13,1938,2121,91.37,69,136,50.74,11,247,38,76,7,12,58.33,10,2,20.0,2526,227,4,116,9,69,53.08,113,56,66.86,182,60.87,50,30,60.0,37,122,10,17,0,3,15,33,12,11,1,0,0,0,14,24,0,0,18,6,0,0,0,0,0,0,0
893008,Zeki Çelik,Roma,zeki celik,6.81,34,32,2730,1,1.54,2,2.01,2,2,22,4,4.55,1148,1347,85.23,32,84,38.1,28,386,40,77,8,36,22.22,75,15,20.0,2020,369,9,116,13,89,47.85,36,27,57.14,125,50.2,64,38,59.38,22,68,8,6,0,0,23,35,18,2,1,0,0,0,9,27,0,0,20,7,0,0,0,0,0,0,0
284361,Federico Dimarco,Inter,federico dimarco,7.43,35,30,2704,7,5.22,17,11.34,33,9,65,22,10.77,1213,1457,83.25,42,100,42.0,96,488,88,155,7,14,50.0,291,96,32.99,2194,496,21,124,11,80,50.96,2,12,14.29,82,47.95,50,32,64.0,31,28,19,4,0,1,20,41,23,3,0,0,0,0,11,27,0,0,24,3,0,0,0,0,0,0,0
100389,Marten de Roon,Atalanta,marten de roon,7.03,34,32,2704,1,0.84,2,1.96,1,1,16,4,6.25,1668,1942,85.89,102,202,50.5,24,459,53,108,3,8,37.5,13,3,23.08,2293,320,9,114,5,94,55.62,36,45,44.44,130,52.0,81,43,53.09,27,67,3,5,0,1,30,37,11,6,1,0,0,0,7,27,0,0,23,4,0,0,0,0,0,0,0
965008,Sebastiano Esposito,Cagliari,sebastiano esposito,7.03,36,34,2699,7,4.98,5,4.6,11,2,57,16,12.28,759,1005,75.52,64,100,64.0,71,294,73,126,17,41,41.46,137,34,24.82,1636,508,13,93,31,128,48.67,21,28,42.86,149,47.76,56,34,60.71,20,22,15,4,0,1,42,45,56,6,0,0,0,0,1,37,0,0,32,5,0,0,0,0,0,0,0
804621,Lassana Coulibaly,Lecce,lassana coulibaly,6.75,33,31,2695,3,2.79,1,1.17,2,2,28,8,10.71,640,781,81.95,43,67,64.18,21,209,20,36,24,42,57.14,19,3,15.79,1195,255,14,138,26,124,54.39,35,38,47.95,159,52.82,48,25,52.08,8,31,5,6,1,0,27,36,52,4,0,0,0,0,7,33,0,0,32,1,0,0,0,0,0,0,0
848287,Evan Ndicka,Roma,evan ndicka,6.93,31,31,2683,3,1.95,0,0.84,1,1,23,6,13.04,1480,1634,90.58,89,160,55.63,6,102,34,60,4,9,44.44,1,0,0.0,2021,187,1,137,6,63,56.25,76,49,60.8,139,58.65,24,15,62.5,49,138,2,12,1,6,8,32,35,5,0,0,0,0,13,25,0,0,17,8,0,0,0,0,0,0,0
44241,Nemanja Matić,Sassuolo,nemanja matic,6.95,34,31,2669,1,0.37,1,1.45,1,0,11,4,9.09,1488,1721,86.46,104,183,56.83,20,300,85,137,13,25,52.0,12,2,16.67,2064,322,12,165,24,93,52.54,31,20,60.78,124,54.39,43,29,67.44,28,47,3,10,0,2,25,24,39,7,1,0,0,0,5,39,0,0,35,4,0,0,0,0,0,0,0
227864,Alessio Romagnoli,Lazio,alessio romagnoli,6.96,32,31,2667,0,1.46,0,0.43,0,2,9,4,0.0,1866,2001,93.25,69,126,54.76,3,118,41,58,1,1,100.0,2,0,0.0,2296,147,1,102,1,36,57.14,65,41,61.32,101,59.76,23,13,56.52,32,134,0,20,0,1,10,18,15,5,1,0,0,0,12,30,0,0,27,3,0,0,0,0,0,0,0
1155423,Alessandro Circati,Parma,alessandro circati,6.98,31,31,2666,1,1.01,0,0.46,0,1,8,1,12.5,1295,1478,87.62,82,157,52.23,9,132,37,93,4,6,66.67,5,0,0.0,1865,227,0,89,5,65,62.5,76,45,62.81,141,62.67,43,26,60.47,24,150,4,30,1,3,7,30,18,6,0,0,0,0,11,34,0,0,27,7,0,0,0,0,0,0,0
844609,Michele Di Gregorio,Juventus,michele di gregorio,6.9,30,29,2655,0,,0,0.02,0,0,0,0,0.0,506,667,75.86,108,267,40.45,0,9,36,61,1,1,100.0,0,0,0.0,901,166,0,184,0,5,100.0,2,0,100.0,7,100.0,0,0,0.0,0,11,0,0,0,0,0,0,5,1,0,61,0,18,13,25,31,28,20,5,5,10,10,18,0,3,1
891346,Emanuele Valeri,Parma,emanuele valeri,6.88,34,29,2645,0,0.68,2,4.21,4,1,23,5,0.0,550,752,73.14,53,107,49.53,51,174,39,80,15,34,44.12,232,54,23.28,1568,562,8,104,25,87,48.33,14,19,42.42,101,47.42,46,32,69.57,22,42,8,3,0,1,26,23,26,2,0,0,0,0,9,32,0,0,26,6,0,0,0,0,0,0,0
879746,Leo Østigård,Genoa,leo ostigard,7.19,30,30,2623,5,3.39,1,0.76,1,5,22,12,22.73,1505,1692,88.95,83,172,48.26,10,93,43,99,1,1,100.0,1,0,0.0,2119,216,2,80,2,49,53.85,108,43,71.52,157,64.88,36,25,69.44,30,215,4,27,1,0,7,38,15,7,0,0,0,0,8,38,0,0,36,2,0,0,0,0,0,0,0
891656,Maduka Okoye,Udinese,maduka okoye,6.98,30,30,2617,0,,0,0.07,0,0,0,0,0.0,585,904,64.71,207,521,39.73,2,30,53,86,0,0,0.0,0,0,0.0,1127,322,0,205,0,3,60.0,6,1,85.71,9,75.0,0,0,0.0,0,27,0,0,2,2,0,2,4,1,1,81,0,24,10,32,51,29,28,4,14,6,5,21,2,6,1
932643,Armand Laurienté,Sassuolo,armand lauriente,6.98,38,33,2615,7,3.8,9,4.73,15,2,71,26,9.86,689,814,84.64,18,33,54.55,54,332,16,36,29,80,36.25,109,26,23.85,1399,408,16,79,53,103,40.23,7,22,24.14,110,38.6,27,15,55.56,7,12,18,1,0,1,11,42,47,4,0,0,0,0,0,38,0,0,33,5,0,0,0,0,0,0,0
984998,Santiago Pierotti,Lecce,santiago pierotti,6.49,37,31,2613,1,3.3,2,1.53,3,6,33,8,3.03,482,640,75.31,9,17,52.94,22,167,11,14,39,97,40.21,23,3,13.04,1293,422,24,150,78,145,37.76,52,88,37.14,197,37.6,83,49,59.04,20,24,11,5,0,1,40,67,23,4,0,0,0,0,1,34,0,0,32,2,0,0,0,0,0,0,0
259281,Alberto Paleari,Torino,alberto paleari,7.07,29,29,2610,0,,0,0.08,0,0,0,0,0.0,604,913,66.16,211,517,40.81,0,53,29,54,0,0,0.0,0,0,0.0,1208,313,0,252,0,4,66.67,15,1,93.75,19,86.36,0,0,0.0,0,30,0,0,1,1,2,0,7,1,0,82,2,21,9,45,52,29,36,9,14,13,13,37,2,2,0
1068885,Alessandro Marcandalli,Genoa,alessandro marcandalli,6.66,32,29,2606,0,0.34,2,0.77,1,1,5,2,0.0,1022,1232,82.95,46,114,40.35,10,119,31,80,4,9,44.44,10,5,50.0,1570,283,4,81,8,48,55.81,56,34,62.22,104,59.09,33,27,81.82,20,105,1,11,2,2,3,23,11,4,0,0,0,0,7,36,0,0,33,3,0,0,0,0,0,0,0
1174457,Samuele Angori,Pisa,samuele angori,6.88,35,30,2604,0,1.82,2,4.0,5,2,14,3,0.0,571,785,72.74,48,136,35.29,38,172,31,92,9,18,50.0,169,46,27.22,1361,404,3,101,13,109,66.87,19,24,44.19,128,62.14,46,24,52.17,22,61,6,8,1,0,16,17,55,2,0,0,0,0,2,52,0,0,47,5,0,0,0,0,0,0,0
814589,Giuseppe Pezzella,Cremonese,giuseppe pezzella,6.66,31,30,2591,0,0.14,1,1.96,0,0,6,0,0.0,576,749,76.9,15,72,20.83,27,129,22,55,14,29,48.28,129,36,27.91,1422,375,4,88,17,99,49.25,28,32,46.67,127,48.66,53,32,60.38,11,90,1,14,0,0,23,49,32,8,1,0,0,0,6,45,0,0,38,7,0,0,0,0,0,0,0
132318,Davide Zappacosta,Atalanta,davide zappacosta,6.84,35,30,2580,3,2.27,3,4.97,2,3,37,9,8.11,979,1152,84.98,27,75,36.0,42,342,28,72,25,57,43.86,104,26,25.0,1785,376,10,96,15,54,40.6,12,14,46.15,66,41.51,22,14,63.64,20,37,14,2,0,1,15,18,8,3,0,0,0,0,8,24,0,0,21,3,0,0,0,0,0,0,0
826198,Andrea Pinamonti,Sassuolo,andrea pinamonti,6.55,36,32,2576,9,8.78,3,1.1,4,15,72,30,12.5,341,468,72.86,7,11,63.64,17,93,8,20,5,19,26.32,11,2,18.18,778,230,10,43,31,46,43.4,57,97,37.01,103,39.62,11,5,45.45,1,17,15,2,1,1,3,14,33,2,1,0,0,0,1,39,0,0,34,5,0,0,0,0,0,0,0
855829,Juan Miranda,Bologna,juan miranda,6.96,32,29,2573,1,0.61,3,4.14,5,0,13,5,7.69,1212,1456,83.24,113,232,48.71,66,323,69,135,8,16,50.0,174,48,27.59,2230,488,7,115,7,92,63.89,34,28,54.84,126,61.17,49,32,65.31,35,74,3,5,1,0,13,25,35,6,0,0,0,0,7,36,0,0,32,4,0,0,0,0,0,0,0
901850,Nicolò Fagioli,Fiorentina,nicolo fagioli,7.23,33,30,2564,2,2.53,3,3.72,11,1,33,7,6.06,1504,1672,89.95,108,163,66.26,62,367,97,179,19,31,61.29,84,20,23.81,2116,325,16,146,31,110,54.73,1,2,33.33,111,54.41,46,33,71.74,16,26,13,10,1,1,25,23,45,5,0,0,0,0,4,42,0,0,34,8,0,0,0,0,0,0,0
1444690,Arthur Atta,Udinese,arthur atta,6.9,32,29,2563,5,4.03,3,2.28,5,3,57,20,8.77,864,1039,83.16,39,76,51.32,34,321,20,54,63,120,52.5,55,15,27.27,1665,430,14,111,66,120,43.17,21,23,47.73,141,43.79,27,17,62.96,19,35,19,1,0,1,16,23,32,3,0,0,0,0,5,36,0,0,32,4,0,0,0,0,0,0,0
788255,Fikayo Tomori,Milan,fikayo tomori,6.89,33,31,2563,0,0.59,2,0.98,2,0,9,2,0.0,1417,1571,90.2,60,112,53.57,4,207,28,58,3,5,60.0,17,4,23.53,2060,226,0,74,5,75,55.56,16,18,47.06,91,53.85,65,39,60.0,29,100,3,23,0,0,18,36,7,6,1,0,0,0,11,21,0,0,20,1,0,0,0,0,0,0,0
250737,Adrien Rabiot,Milan,adrien rabiot,7.23,29,28,2550,6,4.28,4,3.41,6,3,46,12,13.04,1128,1318,85.58,47,75,62.67,27,337,40,81,20,41,48.78,60,16,26.67,1847,346,13,150,33,129,54.66,44,28,61.11,173,56.17,57,29,50.88,21,41,12,5,0,1,19,35,55,4,1,0,0,0,13,25,0,0,25,0,0,0,0,0,0,0,0
786175,Federico Baschirotto,Cremonese,federico baschirotto,6.81,29,29,2541,2,1.06,0,0.16,0,1,12,5,16.67,1138,1316,86.47,64,159,40.25,2,63,39,77,1,2,50.0,8,1,12.5,1688,206,1,80,3,36,40.0,57,46,55.34,93,48.19,26,13,50.0,26,186,3,33,1,2,11,45,9,2,0,0,0,0,8,38,0,0,31,7,0,0,0,0,0,0,0
151003,Berat Djimsiti,Atalanta,berat djimsiti,6.91,34,29,2534,0,1.63,0,0.71,0,4,16,2,0.0,1417,1568,90.37,60,104,57.69,6,133,33,57,3,4,75.0,2,0,0.0,1973,170,1,95,3,63,61.17,86,60,58.9,149,59.84,52,29,55.77,43,155,4,24,1,2,19,17,8,4,0,0,0,0,8,25,0,0,22,3,0,0,0,0,0,0,0
363856,Nicolò Barella,Inter,nicolo barella,7.19,34,31,2533,3,3.16,8,6.62,14,3,35,5,8.57,1509,1760,85.74,74,134,55.22,72,554,85,161,25,50,50.0,102,37,36.27,2201,406,24,166,20,101,51.27,13,21,38.24,114,49.35,54,29,53.7,9,10,12,3,0,2,23,33,22,7,0,0,0,0,5,25,0,0,22,3,0,0,0,0,0,0,0
826195,Matteo Gabbia,Milan,matteo gabbia,6.93,30,28,2531,0,1.39,0,0.16,0,3,19,3,0.0,1378,1499,91.93,90,155,58.06,2,65,21,57,0,1,0.0,1,0,0.0,1778,128,0,67,0,26,47.27,64,34,65.31,90,58.82,21,12,57.14,14,156,2,22,0,0,5,25,6,4,0,0,0,0,11,25,0,0,25,0,0,0,0,0,0,0,0
284363,Federico Bonazzoli,Cremonese,federico bonazzoli,7.0,35,31,2523,10,9.73,1,1.56,3,5,75,32,13.33,703,833,84.39,42,57,73.68,13,199,39,63,11,34,32.35,26,6,23.08,1252,276,17,86,34,121,54.5,9,17,34.62,130,52.42,30,19,63.33,11,10,18,0,0,0,20,26,80,4,0,0,0,0,2,45,0,0,38,7,0,0,0,0,0,0,0
870263,Alessandro Buongiorno,Napoli,alessandro buongiorno,6.78,33,28,2519,0,1.43,1,0.8,0,3,8,3,0.0,1682,1849,90.97,27,84,32.14,3,174,17,42,1,5,20.0,6,2,33.33,2175,190,2,115,2,59,48.36,75,40,65.22,134,56.54,33,21,63.64,40,113,2,12,1,1,12,50,26,3,0,0,0,0,8,29,0,0,27,2,0,0,0,0,0,0,0
934384,Adrián Bernabé,Parma,adrian bernabe,7.03,32,31,2493,3,2.25,1,3.15,7,2,50,12,6.0,1075,1268,84.78,75,118,63.56,55,331,52,110,15,42,35.71,81,17,20.99,1724,347,10,106,22,115,54.76,4,14,22.22,119,52.19,39,23,58.97,17,25,21,6,0,0,31,15,61,0,0,0,0,0,0,33,0,0,28,5,0,0,0,0,0,0,0
965828,Mario Gila,Lazio,mario gila,7.19,31,31,2481,0,1.43,0,0.64,1,4,12,3,0.0,1650,1820,90.66,135,202,66.83,5,137,57,102,6,7,85.71,1,1,100.0,2150,192,1,134,8,76,67.26,58,32,64.44,134,66.01,46,31,67.39,25,110,3,17,0,2,11,19,25,4,1,0,0,0,7,28,0,0,25,3,0,0,0,0,0,0,0
893998,Luca Ranieri,Fiorentina,luca ranieri,6.85,34,29,2479,1,1.89,0,1.14,2,3,18,3,5.56,1211,1411,85.83,83,179,46.37,7,155,56,130,6,15,40.0,27,6,22.22,1797,256,1,74,4,67,61.47,47,35,57.32,114,59.69,34,24,70.59,24,127,6,13,0,0,8,22,27,8,1,0,0,0,8,34,0,0,27,7,0,0,0,0,0,0,0
1063373,Thomas Kristensen,Udinese,thomas kristensen,6.91,28,28,2475,3,1.02,0,0.25,0,1,11,6,27.27,1069,1249,85.59,80,151,52.98,3,101,28,80,6,12,50.0,4,1,25.0,1634,210,0,84,2,41,47.13,81,47,63.28,122,56.74,26,15,57.69,25,198,2,22,0,2,17,25,9,4,0,0,0,0,9,31,0,0,27,4,0,0,0,0,0,0,0
974087,Manu Koné,Roma,manu kone,7.02,29,28,2459,2,2.11,3,2.51,4,1,21,5,9.52,1239,1370,90.44,35,59,59.32,25,372,12,23,29,47,61.7,1,0,0.0,1780,247,11,127,36,127,50.4,28,27,50.91,155,50.49,49,27,55.1,18,28,9,3,0,2,28,47,53,2,0,0,0,0,11,20,0,0,17,3,0,0,0,0,0,0,0
924973,Kristian Thorstvedt,Sassuolo,kristian thorstvedt,6.9,32,27,2458,4,6.35,4,2.02,4,9,43,13,9.3,869,1055,82.37,18,45,40.0,32,306,30,57,18,42,42.86,14,6,42.86,1538,310,6,103,22,119,57.49,30,49,37.97,149,52.1,44,19,43.18,32,43,12,13,0,0,12,34,57,9,0,0,0,0,5,36,0,0,32,4,0,0,0,0,0,0,0
1134200,Wesley,Roma,wesley,7.05,30,28,2457,5,1.6,0,3.73,9,2,25,13,20.0,823,1028,80.06,23,74,31.08,33,319,25,52,14,60,23.33,95,20,21.05,1809,428,11,117,25,124,47.51,25,31,44.64,149,47.0,53,34,64.15,23,62,5,5,0,0,30,36,57,5,2,0,0,0,10,16,0,0,11,5,0,0,0,0,0,0,0
904832,Khéphren Thuram,Juventus,khephren thuram,6.97,35,30,2453,3,3.09,3,3.6,4,3,50,15,6.0,1308,1507,86.79,42,74,56.76,24,393,41,70,23,37,62.16,17,3,17.65,1875,283,13,120,15,95,55.23,37,36,50.68,132,53.88,60,32,53.33,12,29,14,9,0,0,14,38,12,2,0,0,0,0,9,25,0,0,21,4,0,0,0,0,0,0,0
1390489,Davide Bartesaghi,Milan,davide bartesaghi,6.91,31,27,2442,2,1.11,0,4.06,4,0,22,7,9.09,912,1063,85.79,45,88,51.14,44,269,43,91,12,32,37.5,140,41,29.29,1741,353,2,71,23,75,48.7,25,30,45.45,100,47.85,49,32,65.31,12,67,7,10,0,2,18,19,14,3,0,0,0,0,7,27,0,0,26,1,0,0,0,0,0,0,0
150383,Stanislav Lobotka,Napoli,stanislav lobotka,6.91,32,29,2440,1,0.51,1,1.8,0,0,8,4,12.5,1691,1824,92.71,44,76,57.89,22,375,53,84,4,8,50.0,5,1,20.0,2048,169,9,123,8,77,64.71,11,10,52.38,88,62.86,28,16,57.14,16,29,2,3,0,0,18,13,45,3,0,0,0,0,9,30,0,0,28,2,0,0,0,0,0,0,0
548178,Rolando Mandragora,Fiorentina,rolando mandragora,7.01,34,30,2438,7,4.7,3,2.59,3,0,64,18,10.94,836,990,84.44,33,93,35.48,35,222,39,94,6,16,37.5,70,17,24.29,1388,257,9,69,11,103,59.54,38,24,61.29,141,60.0,45,22,48.89,13,35,21,5,0,0,15,37,55,7,0,0,0,0,2,33,0,0,26,7,0,0,0,0,0,0,0
308182,Ivan Provedel,Lazio,ivan provedel,7.18,27,27,2430,0,,0,0.03,1,0,0,0,0.0,649,862,75.29,173,382,45.29,1,19,42,77,1,1,100.0,0,0,0.0,1101,216,0,174,0,2,66.67,10,1,90.91,12,85.71,0,0,0.0,0,23,0,0,1,0,1,0,2,1,0,90,1,29,12,27,55,33,24,3,11,9,9,16,1,4,1
356160,Vanja Milinković-Savić,Napoli,vanja milinkovic-savic,6.83,27,27,2430,0,,1,0.07,1,0,0,0,0.0,733,1014,72.29,139,417,33.33,3,39,39,82,0,0,0.0,0,0,0.0,1228,286,0,203,0,4,57.14,4,0,100.0,8,72.73,0,0,0.0,0,21,0,0,0,2,2,1,6,0,0,56,1,10,11,24,30,25,23,1,8,18,17,25,2,8,3
874812,Martin Frese,Hellas Verona,martin frese,6.76,31,27,2412,2,1.73,0,2.42,4,1,21,11,9.52,539,718,75.07,34,100,34.0,31,126,15,55,0,8,0.0,72,20,27.78,1319,357,4,65,3,104,57.78,40,24,62.5,144,59.02,84,53,63.1,29,88,3,10,0,1,22,46,20,8,0,0,0,0,2,40,0,0,33,7,0,0,0,0,0,0,0
1116577,Santiago Castro,Bologna,santiago castro,6.73,35,26,2366,7,7.23,2,0.85,4,9,63,20,11.11,298,388,76.8,25,34,73.53,28,112,26,35,16,35,45.71,4,0,0.0,785,250,10,46,45,76,43.93,53,66,44.54,129,44.18,10,7,70.0,1,29,14,2,0,0,4,35,50,3,0,0,0,0,2,34,0,0,28,6,0,0,0,0,0,0,0
930191,Lorenzo Colombo,Genoa,lorenzo colombo,6.54,38,30,2353,7,8.33,1,1.27,2,11,66,27,10.61,336,477,70.44,6,16,37.5,19,129,5,17,19,50,38.0,17,1,5.88,941,327,12,54,49,89,41.78,61,129,32.11,150,37.22,20,14,70.0,1,20,13,2,0,0,10,41,55,2,0,0,0,0,0,32,0,0,28,4,0,0,0,0,0,0,0
226974,Marc Kempf,Como,marc kempf,7.0,34,27,2323,4,2.82,1,0.83,2,2,21,6,19.05,1549,1735,89.28,42,116,36.21,8,115,26,78,2,6,33.33,0,0,0.0,2064,220,2,90,4,41,47.67,93,46,66.91,134,59.56,21,11,52.38,12,138,4,20,2,1,15,26,19,3,0,0,0,0,11,20,0,0,16,4,0,0,0,0,0,0,0
346948,Stefano Moreo,Pisa,stefano moreo,6.79,37,29,2321,7,5.86,1,2.01,5,5,52,20,13.46,328,548,59.85,17,44,38.64,25,131,19,46,13,27,48.15,28,3,10.71,910,336,12,78,10,50,49.02,96,84,53.33,146,51.77,17,10,58.82,22,51,6,4,1,0,10,22,20,2,0,0,0,0,1,51,0,0,44,7,0,0,0,0,0,0,0
837080,Antoine Bernede,Hellas Verona,antoine bernede,6.65,32,29,2320,1,1.36,2,1.5,3,1,21,4,4.76,689,890,77.42,28,82,34.15,30,236,28,70,17,37,45.95,27,5,18.52,1321,342,8,150,34,107,43.85,13,25,34.21,120,42.55,70,37,52.86,14,18,7,6,0,1,29,55,20,2,0,0,0,0,1,38,0,0,34,4,0,0,0,0,0,0,0
818481,Jhon Lucumí,Bologna,jhon lucumi,6.97,29,26,2300,1,0.96,0,0.4,1,0,8,2,12.5,1451,1620,89.57,115,187,61.5,7,127,81,134,5,5,100.0,1,1,100.0,1926,202,2,133,8,65,59.63,42,30,58.33,107,59.12,41,20,48.78,32,101,1,14,1,5,14,23,19,5,0,0,0,0,8,28,0,0,23,5,0,0,0,0,0,0,0
826326,Idrissa Touré,Pisa,idrissa toure,6.76,32,26,2286,1,2.75,0,3.45,6,4,29,8,3.45,440,669,65.77,26,65,40.0,20,135,10,31,21,44,47.73,66,11,16.67,1225,419,6,111,25,81,47.37,141,94,60.0,222,54.68,43,25,58.14,23,78,7,8,2,1,23,23,19,4,1,0,0,0,4,46,0,0,41,5,0,0,0,0,0,0,0
153257,Giovanni Di Lorenzo,Napoli,giovanni di lorenzo,6.9,26,26,2278,2,2.03,1,2.85,3,0,25,9,8.0,1260,1467,85.89,37,76,48.68,16,303,45,93,8,21,38.1,38,5,13.16,1972,294,2,88,8,76,54.68,35,24,59.32,111,56.06,45,26,57.78,9,46,3,9,1,1,12,33,23,1,0,0,0,0,10,23,0,0,21,2,0,0,0,0,0,0,0
894863,Anastasios Douvikas,Como,anastasios douvikas,6.84,38,25,2278,14,12.1,1,1.54,2,12,66,30,21.21,247,318,77.67,9,13,69.23,23,104,6,12,13,33,39.39,4,0,0.0,672,217,6,29,40,68,40.96,32,41,43.84,100,41.84,13,10,76.92,4,14,17,4,0,0,7,36,42,0,0,0,0,0,5,20,0,0,17,3,0,0,0,0,0,0,0
864898,Nicolò Zaniolo,Udinese,nicolo zaniolo,6.81,32,28,2269,5,5.5,6,3.73,7,6,72,22,6.94,452,579,78.07,27,45,60.0,53,184,28,61,33,94,35.11,124,33,26.61,1239,449,25,92,63,122,38.13,18,37,32.73,140,37.33,28,22,78.57,4,0,25,0,0,2,20,62,61,8,0,0,0,0,3,27,0,0,22,5,0,0,0,0,0,0,0
233826,Valentino Lazaro,Torino,valentino lazaro,6.78,31,26,2263,0,0.48,2,3.91,7,0,8,2,0.0,670,844,79.38,45,101,44.55,31,194,32,76,11,25,44.0,136,37,27.21,1438,350,10,94,3,67,47.52,15,24,38.46,82,45.56,47,24,51.06,22,50,3,8,0,0,21,37,9,4,0,0,0,0,7,48,0,0,40,8,0,0,0,0,0,0,0
58351,Christian Kabasele,Udinese,christian kabasele,6.79,30,28,2262,3,1.29,0,0.08,0,0,10,6,30.0,743,841,88.35,48,96,50.0,1,26,19,45,5,6,83.33,0,0,0.0,1179,118,0,55,4,46,54.12,65,35,65.0,111,60.0,18,12,66.67,36,157,2,21,2,1,5,33,25,5,1,0,0,0,6,29,0,0,25,4,0,0,0,0,0,0,0
804909,Albert Guðmundsson,Fiorentina,albert gudmundsson,6.72,33,27,2262,5,5.58,4,2.4,8,5,41,15,12.2,728,839,86.77,31,46,67.39,32,264,27,42,20,39,51.28,57,13,22.81,1207,263,11,72,29,58,36.71,3,12,20.0,61,35.26,8,3,37.5,3,14,13,3,0,2,23,34,30,4,1,0,0,0,2,28,0,0,23,5,0,0,0,0,0,0,0
1093695,Vitinha,Genoa,vitinha,6.77,35,28,2254,5,6.21,1,2.06,5,8,65,20,7.69,265,396,66.92,15,34,44.12,17,106,12,24,36,113,31.86,66,14,21.21,1035,406,19,102,40,143,45.83,58,76,43.28,201,45.07,39,29,74.36,14,29,24,5,1,0,21,34,68,5,0,0,0,0,1,34,0,0,31,3,0,0,0,0,0,0,0
958517,Lautaro Valenti,Parma,lautaro valenti,6.86,27,25,2251,0,0.56,0,0.64,3,0,17,4,0.0,859,1099,78.16,59,188,31.38,11,96,38,97,8,14,57.14,20,2,10.0,1555,333,5,83,8,73,59.84,43,34,55.84,116,58.29,49,29,59.18,25,144,8,25,1,1,12,25,17,7,0,0,0,0,6,30,0,0,23,7,0,0,0,0,0,0,0
814876,Adrian Šemper,Pisa,adrian semper,6.95,25,25,2250,0,,0,0.05,0,0,0,0,0.0,459,746,61.53,202,485,41.65,0,47,43,73,0,0,0.0,0,0,0.0,980,294,0,197,0,4,80.0,12,1,92.31,16,88.89,0,0,0.0,0,25,0,0,0,3,1,0,6,0,0,82,0,23,4,42,51,29,32,10,12,3,3,26,3,2,0
195850,Ruslan Malinovskyi,Genoa,ruslan malinovskyi,6.89,34,28,2250,6,4.55,3,3.26,8,1,55,15,10.91,1001,1218,82.18,89,144,61.81,39,290,51,107,11,20,55.0,64,22,34.38,1594,337,15,120,29,67,41.36,35,38,47.95,102,43.4,30,21,70.0,15,17,12,5,1,2,25,36,26,10,0,0,0,0,1,32,0,0,29,3,0,0,0,0,0,0,0
826188,Alessandro Bastoni,Inter,alessandro bastoni,7.27,28,28,2249,1,1.35,4,2.95,7,3,17,8,5.88,1618,1850,87.46,110,217,50.69,25,368,79,156,6,10,60.0,85,23,27.06,2397,367,6,100,3,77,55.8,52,29,64.2,129,58.9,51,39,76.47,23,80,3,6,0,0,10,45,20,6,0,0,0,0,8,21,0,0,17,4,0,0,0,0,0,0,0
341143,Giovanni Simeone,Torino,giovanni simeone,6.77,32,27,2245,11,9.92,0,0.77,2,13,79,28,13.92,303,417,72.66,8,18,44.44,23,104,10,22,22,52,42.31,9,1,11.11,834,286,18,78,45,78,41.71,34,73,31.78,112,38.1,16,9,56.25,5,16,20,2,0,0,10,31,41,1,0,0,0,0,0,37,0,0,31,6,0,0,0,0,0,0,0
946888,Éderson,Atalanta,ederson,7.0,30,26,2235,2,4.36,1,1.63,3,6,35,11,5.71,1190,1334,89.21,80,111,72.07,25,304,50,77,16,29,55.17,12,1,8.33,1728,233,9,133,21,113,56.78,22,31,41.51,135,53.57,59,35,59.32,28,41,14,7,0,3,19,34,40,3,0,0,0,0,7,18,0,0,16,2,0,0,0,0,0,0,0
115516,Remo Freuler,Bologna,remo freuler,6.87,29,26,2217,1,1.32,2,1.21,1,1,8,1,12.5,1177,1348,87.31,59,113,52.21,22,263,46,91,2,7,28.57,16,2,12.5,1628,232,8,108,9,81,62.79,15,26,36.59,96,56.47,55,31,56.36,23,33,4,5,1,0,18,19,24,5,0,0,0,0,7,29,0,0,24,5,0,0,0,0,0,0,0
945062,Youssouf Fofana,Milan,youssouf fofana,6.62,33,28,2217,2,3.68,3,3.43,5,5,45,18,4.44,664,803,82.69,22,45,48.89,36,208,18,33,13,38,34.21,10,2,20.0,1150,247,14,89,25,70,43.75,10,22,31.25,80,41.67,41,18,43.9,19,16,9,4,0,4,20,21,16,4,0,0,0,0,3,21,0,0,21,0,0,0,0,0,0,0,0
287057,Roberto Gagliardini,Hellas Verona,roberto gagliardini,6.97,29,25,2216,1,1.23,0,0.81,0,2,15,3,6.67,945,1165,81.12,46,115,40.0,16,231,49,96,6,10,60.0,16,6,37.5,1588,292,10,130,12,111,57.81,58,35,62.37,169,59.3,73,39,53.42,54,70,6,13,0,0,23,45,35,10,0,0,0,0,4,32,0,0,26,6,0,0,0,0,0,0,0
1087514,Brooke Norton-Cuffy,Genoa,brooke norton-cuffy,6.83,27,25,2214,2,1.6,1,1.83,2,2,16,6,12.5,584,720,81.11,26,55,47.27,21,145,15,33,32,54,59.26,81,19,23.46,1304,333,11,95,24,91,54.49,15,31,32.61,106,49.77,43,31,72.09,10,39,5,6,0,1,7,23,16,3,1,0,0,0,2,38,0,0,35,3,0,0,0,0,0,0,0
235672,Matteo Politano,Napoli,matteo politano,6.91,34,26,2213,2,2.45,5,4.89,11,3,49,13,4.08,771,940,82.02,26,64,40.63,37,299,29,61,33,69,47.83,173,38,21.97,1503,413,9,83,19,75,47.47,9,15,37.5,84,46.15,15,10,66.67,5,14,14,2,0,0,11,19,28,4,0,0,0,0,3,23,0,0,22,1,0,0,0,0,0,0,0
904887,Jürgen Ekkelenkamp,Udinese,jurgen ekkelenkamp,6.84,31,27,2203,5,4.89,3,1.76,4,4,33,15,15.15,508,643,79.0,8,30,26.67,28,178,21,36,16,25,64.0,32,5,15.63,973,224,9,89,20,82,57.34,15,23,39.47,97,53.59,47,28,59.57,15,26,6,6,0,1,10,22,19,1,0,0,0,0,3,30,0,0,27,3,0,0,0,0,0,0,0
158037,Matteo Bianchetti,Cremonese,matteo bianchetti,6.76,27,25,2197,0,0.5,2,0.39,1,1,7,1,0.0,971,1161,83.63,72,173,41.62,4,99,61,128,2,4,50.0,6,1,16.67,1588,245,1,47,2,62,58.49,53,35,60.23,115,59.28,46,30,65.22,19,140,1,19,0,2,16,28,15,4,0,0,0,0,5,37,0,0,32,5,0,0,0,0,0,0,0
960441,Charles De Ketelaere,Atalanta,charles de ketelaere,7.22,31,26,2188,3,3.63,5,8.75,18,3,46,16,6.52,800,1018,78.59,35,60,58.33,63,440,42,83,49,99,49.49,47,16,34.04,1504,421,20,122,56,109,42.75,42,47,47.19,151,43.9,24,16,66.67,4,15,16,2,0,0,19,23,36,4,0,0,0,0,5,20,0,0,18,2,0,0,0,0,0,0,0
797286,Aarón Martín,Genoa,aaron martin,6.93,33,26,2185,1,1.32,5,5.62,13,1,11,4,9.09,581,737,78.83,40,123,32.52,62,156,25,80,13,26,50.0,195,67,34.36,1398,393,7,79,14,83,56.85,9,21,30.0,92,52.27,43,27,62.79,10,46,6,11,0,0,7,31,27,2,0,0,0,0,3,37,0,0,34,3,0,0,0,0,0,0,0
823984,Lautaro Martínez,Inter,lautaro martinez,7.09,30,27,2178,17,13.5,6,2.71,12,16,92,39,18.48,469,600,78.17,19,29,65.52,37,217,26,38,21,44,47.73,17,2,11.76,1024,274,25,54,34,91,45.96,24,32,42.86,115,45.28,24,14,58.33,7,18,23,0,0,1,9,47,47,4,0,0,0,0,0,21,0,0,17,4,0,0,0,0,0,0,0
885197,Bremer,Juventus,bremer,7.09,26,25,2175,4,2.79,3,1.17,0,1,23,9,17.39,1194,1334,89.51,66,128,51.56,8,126,23,57,1,7,14.29,1,0,0.0,1626,170,2,112,5,39,52.0,66,48,57.89,105,55.56,28,14,50.0,32,94,3,11,1,0,4,21,10,5,0,0,0,0,12,19,0,0,15,4,0,0,0,0,0,0,0
1082406,Matías Soulé,Roma,matias soule,7.06,33,28,2167,6,3.96,5,4.21,5,2,52,18,11.54,835,989,84.43,35,56,62.5,46,410,36,62,35,94,37.23,70,21,30.0,1516,395,38,132,54,95,41.85,9,25,26.47,104,39.85,19,15,78.95,9,12,15,2,0,1,14,7,41,1,0,0,0,0,1,17,0,0,11,6,0,0,0,0,0,0,0
360396,Yerry Mina,Cagliari,yerry mina,6.93,26,26,2153,2,1.58,0,0.63,0,0,11,3,18.18,1099,1201,91.51,37,86,43.02,8,43,23,50,2,5,40.0,1,0,0.0,1544,131,2,80,9,71,62.28,58,31,65.17,129,63.55,32,15,46.88,26,127,2,23,1,1,8,26,37,3,1,0,0,0,6,29,0,0,25,4,0,0,0,0,0,0,0
339909,Guillermo Maripán,Torino,guillermo maripan,6.89,27,24,2151,2,1.57,0,0.48,0,3,18,8,11.11,845,990,85.35,45,97,46.39,9,75,15,48,4,6,66.67,3,1,33.33,1367,171,3,74,9,62,55.86,59,53,52.68,121,54.26,51,30,58.82,28,151,7,26,0,1,14,27,7,5,0,0,0,0,9,37,0,0,31,6,0,0,0,0,0,0,0
934409,Marcus Pedersen,Torino,marcus pedersen,6.54,29,23,2138,1,1.74,2,1.96,4,1,15,3,6.67,426,552,77.17,20,61,32.79,20,109,24,67,9,21,42.86,108,20,18.52,1044,321,4,55,13,38,35.51,7,25,21.88,45,32.37,23,14,60.87,10,23,4,4,2,1,15,31,6,3,0,0,0,0,8,36,0,0,26,10,0,0,0,0,0,0,0
793645,Riccardo Orsolini,Bologna,riccardo orsolini,6.87,35,26,2130,10,9.68,1,1.08,1,7,82,31,12.2,395,561,70.41,40,76,52.63,26,170,23,56,32,67,47.76,40,5,12.5,983,322,9,66,28,97,52.15,29,20,59.18,126,53.62,21,14,66.67,8,16,16,1,0,0,10,21,44,2,0,0,0,0,3,31,0,0,27,4,0,0,0,0,0,0,0
293581,Mattia Zaccagni,Lazio,mattia zaccagni,6.97,26,26,2114,3,4.07,0,2.72,4,8,34,14,8.82,638,773,82.54,22,39,56.41,35,218,33,60,23,60,38.33,54,10,18.52,1258,317,12,98,27,142,55.47,15,21,41.67,157,53.77,37,20,54.05,19,10,7,1,0,0,21,30,82,6,1,0,0,0,6,21,0,0,18,3,0,0,0,0,0,0,0
933264,Torbjørn Heggem,Bologna,torbjorn heggem,6.7,27,23,2113,0,1.14,0,0.13,0,1,11,2,0.0,1097,1196,91.72,84,129,65.12,3,60,13,25,8,10,80.0,1,0,0.0,1468,123,1,91,6,52,53.06,37,45,45.12,89,49.44,32,19,59.38,24,102,3,8,1,2,9,31,12,0,1,0,0,0,6,31,0,0,26,5,0,0,0,0,0,0,0
1963449,Sascha Britschgi,Parma,sascha britschgi,6.5,29,22,2112,0,0.42,2,1.3,3,0,13,3,0.0,468,615,76.1,15,42,35.71,18,121,15,32,9,18,50.0,49,11,22.45,1045,270,7,77,19,65,45.14,11,16,40.74,76,44.44,33,19,57.58,8,38,4,5,0,1,34,18,23,5,1,0,0,0,7,28,0,0,22,6,0,0,0,0,0,0,0
173827,Jamie Vardy,Cremonese,jamie vardy,6.71,29,24,2107,7,4.9,2,0.77,4,6,30,14,23.33,189,303,62.38,4,8,50.0,15,89,8,15,6,15,40.0,12,2,16.67,516,198,10,40,23,39,41.94,48,73,39.67,87,40.65,12,10,83.33,3,25,8,3,0,0,4,19,21,5,0,0,0,0,4,32,0,0,27,5,0,0,0,0,0,0,0
979222,Francisco Conceição,Juventus,francisco conceicao,7.01,31,27,2098,3,7.77,5,5.21,6,11,73,23,4.11,741,849,87.28,18,33,54.55,42,333,23,43,54,102,52.94,92,23,25.0,1371,314,29,98,27,128,51.61,2,14,12.5,130,49.24,34,25,73.53,7,4,28,1,0,0,16,32,40,3,0,0,0,0,0,18,0,0,17,1,0,0,0,0,0,0,0
353130,Mario Hermoso,Roma,mario hermoso,6.93,27,25,2096,3,1.83,2,0.78,1,2,20,6,15.0,1236,1421,86.98,60,134,44.78,10,180,31,75,4,13,30.77,9,1,11.11,1750,231,5,97,3,57,48.31,50,31,61.73,107,53.77,36,19,52.78,29,79,5,6,1,1,11,40,19,9,0,0,0,0,8,17,0,0,13,4,0,0,0,0,0,0,0
830858,Keinan Davis,Udinese,keinan davis,7.0,30,27,2079,10,10.07,4,2.21,6,7,50,25,20.0,308,396,77.78,8,11,72.73,31,124,8,9,30,44,68.18,5,0,0.0,739,209,15,75,40,88,48.62,59,78,43.07,147,46.23,11,5,45.45,2,26,12,3,0,1,5,41,47,5,0,0,0,0,1,28,0,0,26,2,0,0,0,0,0,0,0
138605,Piotr Zieliński,Inter,piotr zielinski,7.11,34,22,2055,6,2.47,3,3.11,7,1,29,10,20.69,1381,1496,92.31,52,81,64.2,29,436,41,62,18,27,66.67,24,9,37.5,1732,172,10,113,9,66,59.46,12,9,57.14,78,59.09,31,19,61.29,5,25,12,3,0,1,12,18,18,3,0,0,0,0,3,26,0,0,23,3,0,0,0,0,0,0,0
835601,Moise Kean,Fiorentina,moise kean,6.68,26,23,2047,8,15.06,1,0.18,0,18,98,27,8.16,154,213,72.3,1,3,33.33,3,62,4,8,25,60,41.67,7,0,0.0,597,197,13,34,30,75,44.38,27,32,45.76,102,44.74,6,3,50.0,7,16,23,1,0,0,4,29,44,4,0,0,0,0,2,32,0,0,24,8,0,0,0,0,0,0,0
1217613,Gift Orban,Hellas Verona,gift orban,6.5,28,23,2036,7,10.55,2,1.43,3,12,85,28,8.24,270,376,71.81,13,28,46.43,20,100,7,24,19,38,50.0,15,5,33.33,698,228,10,57,31,42,36.21,29,60,32.58,71,34.63,4,2,50.0,4,9,24,0,0,0,8,23,21,4,1,0,0,0,1,32,0,0,24,8,0,0,0,0,0,0,0
1142238,Álex Valle,Como,alex valle,6.75,28,23,2025,1,1.04,4,1.19,3,0,11,2,9.09,856,1013,84.5,22,62,35.48,14,198,22,48,5,19,26.32,46,11,23.91,1525,259,6,60,7,75,50.0,18,16,52.94,93,50.54,51,31,60.78,23,52,4,7,0,0,23,34,19,3,0,0,0,0,10,17,0,0,14,3,0,0,0,0,0,0,0
869795,Michael Folorunsho,Cagliari,michael folorunsho,6.52,27,24,2007,2,3.37,0,1.11,2,5,36,9,5.56,323,486,66.46,20,53,37.74,15,99,15,51,22,50,44.0,22,4,18.18,918,321,7,65,32,93,46.27,34,46,42.5,127,45.2,24,10,41.67,9,28,11,3,0,1,17,35,49,3,0,0,0,0,3,30,0,0,24,6,0,0,0,0,0,0,0
317301,Danilo Cataldi,Lazio,danilo cataldi,6.87,27,24,1992,3,2.99,3,1.44,2,0,26,7,11.54,935,1098,85.15,46,96,47.92,23,172,32,78,6,15,40.0,48,12,25.0,1372,227,6,106,4,50,52.63,14,8,63.64,64,54.7,34,20,58.82,21,45,6,9,0,2,12,22,12,6,0,0,0,0,6,26,0,0,24,2,0,0,0,0,0,0,0
1016788,Cesare Casadei,Torino,cesare casadei,6.79,33,19,1990,6,4.18,0,1.58,3,5,35,17,17.14,563,748,75.27,18,41,43.9,17,155,17,39,13,24,54.17,4,1,25.0,1072,272,7,84,21,65,39.88,105,48,68.63,170,53.8,36,16,44.44,10,39,7,3,0,0,18,52,16,5,0,0,0,0,5,36,0,0,30,6,0,0,0,0,0,0,0
897594,Domagoj Bradarić,Hellas Verona,domagoj bradaric,6.64,29,23,1976,0,0.62,1,2.6,5,1,13,6,0.0,403,531,75.89,17,56,30.36,28,99,25,61,7,18,38.89,109,28,25.69,956,288,7,77,4,47,58.02,7,20,25.93,54,50.0,30,18,60.0,9,38,4,3,0,1,12,8,10,2,0,0,0,0,2,39,0,0,34,5,0,0,0,0,0,0,0
253367,Domenico Berardi,Sassuolo,domenico berardi,7.02,26,24,1970,8,5.82,4,3.29,8,4,40,21,20.0,498,647,76.97,37,70,52.86,33,190,34,71,11,26,42.31,58,17,29.31,1023,277,13,78,18,70,45.75,13,19,40.63,83,44.86,26,17,65.38,24,24,5,0,0,0,21,31,34,2,1,0,0,0,3,30,0,0,26,4,0,0,0,0,0,0,0
1157713,Isak Hien,Atalanta,isak hien,6.86,28,20,1965,1,0.85,0,0.31,0,1,9,3,11.11,1044,1134,92.06,56,86,65.12,2,74,11,22,4,9,44.44,0,0,0.0,1462,134,1,125,12,74,52.11,48,49,49.48,122,51.05,49,34,69.39,29,102,1,16,0,1,15,36,21,5,0,0,0,0,2,24,0,0,20,4,0,0,0,0,0,0,0
318645,Jari Vandeputte,Cremonese,jari vandeputte,6.85,32,23,1953,1,2.16,5,4.44,10,2,20,8,5.0,705,911,77.39,49,119,41.18,54,198,57,126,7,22,31.82,162,39,24.07,1368,403,7,92,22,70,45.16,5,11,31.25,75,43.86,38,22,57.89,18,36,6,2,1,0,15,34,25,3,0,0,0,0,1,28,0,0,24,4,0,0,0,0,0,0,0
604232,Diego Carlos,Como,diego carlos,6.89,27,21,1948,1,0.98,0,0.17,0,1,8,2,12.5,1226,1321,92.81,58,108,53.7,2,61,25,57,0,0,0.0,2,0,0.0,1585,110,0,60,2,37,48.05,48,34,58.54,85,53.46,30,17,56.67,22,120,0,17,0,0,2,39,7,8,0,0,0,0,7,15,0,0,12,3,0,0,0,0,0,0,0
190437,Mario Pašalić,Atalanta,mario pasalic,6.88,33,21,1932,3,2.66,4,2.89,8,3,24,6,12.5,1242,1403,88.52,82,120,68.33,40,341,59,95,7,13,53.85,11,1,9.09,1631,230,10,109,9,38,43.68,29,43,40.28,67,42.14,25,18,72.0,13,25,4,3,2,2,16,22,6,3,0,0,0,0,1,28,0,0,25,3,0,0,0,0,0,0,0
1103488,Rafik Belghali,Hellas Verona,rafik belghali,6.7,26,22,1926,2,2.17,0,3.02,2,2,21,6,9.52,378,492,76.83,16,41,39.02,28,159,20,37,39,71,54.93,60,16,26.67,971,284,6,86,18,70,46.67,9,25,26.47,79,42.93,21,13,61.9,18,23,8,6,0,0,12,20,10,6,0,0,0,0,2,28,0,0,22,6,0,0,0,0,0,0,0
989276,Josh Doig,Sassuolo,josh doig,6.59,30,22,1926,0,0.68,0,1.04,4,1,11,4,0.0,600,732,81.97,14,57,24.56,15,118,17,34,9,30,30.0,38,13,34.21,1267,268,1,63,12,60,51.72,29,32,47.54,89,50.28,33,21,63.64,23,54,1,14,1,1,9,16,19,5,0,0,0,0,4,31,0,0,26,5,0,0,0,0,0,0,0
906275,Yann Bisseck,Inter,yann bisseck,7.11,23,21,1922,3,2.52,1,1.12,0,3,25,12,12.0,1202,1297,92.68,26,57,45.61,9,208,13,28,8,12,66.67,13,2,15.38,1645,144,2,70,7,50,56.82,39,21,65.0,89,60.14,27,19,70.37,22,74,8,7,0,1,8,21,16,2,0,0,0,0,9,19,0,0,16,3,0,0,0,0,0,0,0
840414,Ardian Ismajli,Torino,ardian ismajli,6.9,25,21,1915,0,0.32,1,0.32,1,1,6,4,0.0,844,953,88.56,48,96,50.0,4,60,16,44,2,6,33.33,8,3,37.5,1306,136,0,61,1,51,62.96,53,21,71.62,104,67.1,33,15,45.45,34,160,0,18,1,1,5,21,18,5,0,0,0,0,6,28,0,0,23,5,0,0,0,0,0,0,0
791702,Marcus Thuram,Inter,marcus thuram,7.04,29,24,1913,13,9.43,6,2.56,7,15,74,29,17.57,363,480,75.63,4,6,66.67,29,163,3,7,17,28,60.71,21,6,28.57,831,236,14,39,30,81,48.8,49,43,53.26,130,50.39,24,12,50.0,1,10,18,2,0,1,10,43,41,2,0,0,0,0,0,18,0,0,15,3,0,0,0,0,0,0,0
902019,Gianluca Gaetano,Cagliari,gianluca gaetano,6.86,33,21,1912,2,1.87,4,1.84,2,0,34,11,5.88,849,1055,80.47,54,112,48.21,28,180,44,99,17,29,58.62,39,11,28.21,1401,308,2,108,23,75,48.39,14,13,51.85,89,48.9,29,15,51.72,22,29,9,2,0,1,19,26,29,4,0,0,0,0,4,30,0,0,25,5,0,0,0,0,0,0,0
851222,Mehdi Léris,Pisa,mehdi leris,6.85,34,21,1912,2,1.59,3,1.97,5,3,25,7,8.0,395,563,70.16,23,67,34.33,27,151,16,38,17,42,40.48,98,32,32.65,1097,339,9,106,18,105,55.26,56,29,65.88,161,58.55,67,36,53.73,22,37,10,8,0,0,20,27,22,2,0,0,0,0,0,42,0,0,34,8,0,0,0,0,0,0,0
984184,Nicola Zalewski,Atalanta,nicola zalewski,6.99,33,24,1910,2,2.88,4,4.55,11,3,38,7,5.26,534,703,75.96,37,78,47.44,36,219,45,80,28,67,41.79,127,28,22.05,1288,397,9,114,23,108,54.27,14,19,42.42,122,52.59,29,20,68.97,18,23,12,1,0,0,10,21,52,3,0,0,0,0,1,12,0,0,10,2,0,0,0,0,0,0,0
148899,Leonardo Spinazzola,Napoli,leonardo spinazzola,6.99,32,22,1907,3,1.16,3,3.35,2,0,21,7,14.29,796,986,80.73,51,93,54.84,33,243,41,86,16,51,31.37,73,22,30.14,1463,346,8,92,13,49,42.61,2,4,33.33,51,42.15,24,11,45.83,4,32,6,2,0,2,10,9,9,1,0,0,0,0,1,20,0,0,18,2,0,0,0,0,0,0,0
773409,Che Adams,Torino,che adams,6.72,33,19,1896,6,5.74,2,2.13,6,6,53,18,11.32,402,535,75.14,35,49,71.43,26,160,28,41,13,28,46.43,14,2,14.29,797,230,8,54,17,42,44.21,30,52,36.59,72,40.68,14,8,57.14,1,11,18,1,0,0,6,18,15,0,0,0,0,0,1,30,0,0,24,6,0,0,0,0,0,0,0
377118,Robin Gosens,Fiorentina,robin gosens,6.88,26,24,1893,3,2.86,1,1.5,1,3,18,7,16.67,617,776,79.51,22,62,35.48,12,129,17,39,0,3,0.0,42,9,21.43,1241,237,2,46,9,53,53.54,35,42,45.45,88,50.0,31,17,54.84,25,66,5,6,0,0,12,24,25,2,0,0,0,0,4,24,0,0,20,4,0,0,0,0,0,0,0
1111640,Matteo Prati,Torino,matteo prati,6.62,33,22,1889,1,1.57,1,1.05,5,0,31,1,3.23,678,850,79.76,57,127,44.88,12,112,46,92,7,14,50.0,15,5,33.33,1114,208,7,68,5,56,48.7,15,14,51.72,71,49.31,39,14,35.9,20,61,9,9,1,1,18,29,10,6,0,0,0,0,1,30,0,0,25,5,0,0,0,0,0,0,0
1114422,Cher Ndour,Fiorentina,cher ndour,6.69,33,20,1885,3,2.61,0,1.2,1,2,24,8,12.5,626,756,82.8,19,43,44.19,6,182,20,36,7,23,30.43,19,1,5.26,1058,198,7,75,12,66,49.62,32,46,41.03,98,46.45,35,19,54.29,14,34,10,9,1,1,15,26,24,2,0,0,0,0,5,22,0,0,20,2,0,0,0,0,0,0,0
1170773,Giovane,Napoli,giovane,6.52,33,21,1883,3,3.69,5,1.92,6,4,56,27,5.36,317,459,69.06,14,20,70.0,32,154,7,16,36,84,42.86,67,13,19.4,951,377,12,77,41,75,38.27,37,113,24.67,112,32.37,15,10,66.67,6,11,18,2,1,1,11,24,24,2,0,0,0,0,2,29,0,0,24,5,0,0,0,0,0,0,0
351434,Hassane Kamara,Udinese,hassane kamara,6.78,26,22,1869,0,0.65,2,2.02,6,1,16,5,0.0,600,734,81.74,30,75,40.0,24,156,23,51,17,32,53.13,82,17,20.73,1216,294,3,72,11,59,55.66,18,11,62.07,77,57.04,31,22,70.97,23,58,3,3,0,1,8,16,11,5,0,0,0,0,4,26,0,0,23,3,0,0,0,0,0,0,0
851284,Rafael Leão,Milan,rafael leao,6.91,29,23,1859,9,9.88,3,3.37,10,10,63,24,14.29,487,582,83.68,14,18,77.78,23,192,20,23,26,56,46.43,25,11,44.0,911,224,10,43,25,66,45.52,28,27,50.91,94,47.0,6,3,50.0,5,7,18,0,0,0,7,19,34,5,0,0,0,0,3,22,0,0,21,1,0,0,0,0,0,0,0
98059,Nicola Leali,Genoa,nicola leali,6.88,22,21,1848,0,,0,0.04,0,0,0,0,0.0,352,547,64.35,108,299,36.12,2,24,25,53,0,0,0.0,0,0,0.0,703,197,0,126,0,2,40.0,3,0,100.0,5,62.5,1,0,0.0,1,16,0,0,1,0,1,2,2,2,1,58,0,12,4,27,47,11,26,1,5,12,11,11,1,2,0
957921,Oliver Sørensen,Parma,oliver sorensen,6.53,34,19,1835,1,1.59,1,0.54,1,2,15,3,6.67,426,514,82.88,17,35,48.57,10,137,9,17,7,23,30.43,14,2,14.29,779,168,1,61,17,43,41.75,14,25,35.9,57,40.14,18,7,38.89,17,31,5,2,0,0,15,13,20,2,0,0,0,0,2,28,0,0,23,5,0,0,0,0,0,0,0
1090374,Kialonda Gaspar,Lecce,kialonda gaspar,6.79,23,21,1830,0,0.89,0,0.2,0,1,9,1,0.0,668,792,84.34,47,102,46.08,0,40,9,32,1,3,33.33,1,0,0.0,1085,140,0,42,2,45,68.18,49,38,56.32,94,61.44,23,9,39.13,17,141,3,21,0,5,6,13,22,6,1,0,0,0,7,25,0,0,24,1,0,0,0,0,0,0,0
803033,Teun Koopmeiners,Juventus,teun koopmeiners,6.74,33,18,1829,0,1.5,0,1.35,0,2,28,7,0.0,1053,1161,90.7,41,72,56.94,17,257,26,59,5,9,55.56,47,12,25.53,1465,178,6,78,3,48,46.6,32,23,58.18,80,50.63,33,12,36.36,18,39,12,7,0,2,17,33,11,5,0,0,0,0,3,22,0,0,17,5,0,0,0,0,0,0,0
609206,Kingsley Ehizibue,Udinese,kingsley ehizibue,6.67,32,20,1829,2,1.15,0,1.04,2,1,8,2,25.0,378,477,79.25,21,41,51.22,8,92,18,36,7,26,26.92,32,4,12.5,921,231,2,76,16,68,46.9,12,15,44.44,80,46.51,39,31,79.49,12,51,2,3,0,1,10,34,23,5,0,0,0,0,4,23,0,0,21,2,0,0,0,0,0,0,0
928104,Nadir Zortea,Bologna,nadir zortea,6.65,32,16,1818,0,0.43,2,2.47,4,0,11,1,0.0,621,777,79.92,44,95,46.32,24,155,34,76,20,42,47.62,69,21,30.43,1279,300,6,75,15,63,43.15,17,13,56.67,80,45.45,26,17,65.38,20,38,1,6,0,0,18,28,17,2,0,0,0,0,4,27,0,0,22,5,0,0,0,0,0,0,0
1012176,Giorgio Scalvini,Atalanta,giorgio scalvini,7.11,24,23,1817,3,2.57,1,1.57,2,3,19,6,15.79,1065,1211,87.94,37,87,42.53,15,226,25,58,13,29,44.83,6,1,16.67,1562,204,5,100,6,70,50.72,42,26,61.76,112,54.37,47,22,46.81,43,73,7,12,1,0,22,31,10,2,0,0,0,0,5,15,0,0,13,2,0,0,0,0,0,0,0
1001828,Koni De Winter,Milan,koni de winter,6.87,26,19,1805,1,0.69,1,0.43,0,1,7,1,14.29,1154,1263,91.37,29,80,36.25,5,125,17,38,3,6,50.0,5,1,20.0,1521,140,2,74,3,40,54.05,42,22,65.63,82,59.42,29,18,62.07,13,99,2,12,0,2,4,27,8,1,0,0,0,0,7,21,0,0,20,1,0,0,0,0,0,0,0
332155,Amir Rrahmani,Napoli,amir rrahmani,7.23,21,21,1800,2,1.4,1,0.45,0,1,15,4,13.33,1543,1672,92.28,44,100,44.0,7,114,20,55,2,4,50.0,1,0,0.0,1881,142,0,83,3,40,60.61,68,31,68.69,108,65.45,22,13,59.09,24,71,4,10,0,1,2,20,16,3,0,0,0,0,9,15,0,0,14,1,0,0,0,0,0,0,0
905351,Zion Suzuki,Parma,zion suzuki,7.03,20,20,1800,0,,0,0.12,0,0,0,0,0.0,433,699,61.95,160,422,37.91,1,68,36,62,0,0,0.0,0,0,0.0,922,274,0,178,0,4,80.0,7,0,100.0,11,91.67,0,0,0.0,0,25,0,0,1,0,1,0,4,1,0,66,1,16,5,28,43,23,20,8,10,12,12,26,0,3,1
814882,Nikola Moro,Bologna,nikola moro,7.11,30,19,1797,2,0.93,0,2.2,2,1,22,3,9.09,1137,1338,84.98,150,234,64.1,26,318,90,148,13,19,68.42,50,15,30.0,1619,269,9,86,8,61,58.1,19,19,50.0,80,55.94,32,9,28.13,17,34,4,7,0,1,13,18,17,1,0,0,0,0,4,17,0,0,14,3,0,0,0,0,0,0,0
935564,Jonathan David,Juventus,jonathan david,6.42,35,20,1795,6,8.81,4,1.66,5,13,41,16,14.63,413,524,78.82,5,10,50.0,33,184,8,13,6,25,24.0,7,0,0.0,818,243,15,61,23,49,37.69,17,46,26.98,66,34.2,17,9,52.94,5,5,11,0,1,0,10,30,26,0,0,0,0,0,1,14,0,0,13,1,0,0,0,0,0,0,0
838232,Eljif Elmas,Napoli,eljif elmas,6.72,33,20,1788,1,2.94,3,1.89,1,4,27,9,3.7,695,778,89.33,11,19,57.89,24,194,7,22,13,22,59.09,41,11,26.83,1024,158,9,65,16,50,50.51,2,9,18.18,52,47.27,24,15,62.5,7,19,10,6,0,0,7,18,13,3,0,0,0,0,1,22,0,0,21,1,0,0,0,0,0,0,0
839156,Nikola Krstović,Atalanta,nikola krstovic,6.65,33,18,1786,10,14.03,5,2.12,5,14,99,34,10.1,369,500,73.8,9,17,52.94,21,178,7,19,17,39,43.59,5,1,20.0,873,262,24,66,23,58,42.03,60,69,46.51,118,44.19,15,11,73.33,3,15,24,3,0,0,4,45,27,4,0,0,0,0,3,16,0,0,13,3,0,0,0,0,0,0,0
1091303,Petar Sučić,Inter,petar sucic,6.88,34,21,1784,2,1.66,2,3.18,6,2,22,6,9.09,1014,1135,89.34,57,88,64.77,29,353,35,58,15,35,42.86,42,10,23.81,1460,235,11,76,23,86,47.51,12,9,57.14,98,48.51,46,25,54.35,9,19,6,1,0,2,22,30,25,5,0,0,0,0,4,21,0,0,17,4,0,0,0,0,0,0,0
1136399,Nicolò Bertola,Udinese,nicolo bertola,6.7,28,18,1780,0,0.57,1,0.74,3,1,13,4,0.0,639,817,78.21,50,131,38.17,11,81,23,71,5,16,31.25,8,0,0.0,1143,236,3,65,6,54,52.94,35,23,60.34,89,55.63,37,19,51.35,23,86,3,14,1,2,14,20,12,3,0,0,0,0,1,25,0,0,21,4,0,0,0,0,0,0,0
1000366,Warren Bondo,Cremonese,warren bondo,6.6,27,22,1769,0,0.25,0,0.35,0,0,8,2,0.0,697,776,89.82,26,45,57.78,3,102,24,38,15,26,57.69,3,0,0.0,1004,140,3,82,20,79,50.97,6,12,33.33,85,49.13,31,14,45.16,8,9,3,3,0,1,9,39,33,5,0,0,0,0,4,30,0,0,25,5,0,0,0,0,0,0,0
929199,Carlos Augusto,Inter,carlos augusto,6.88,34,18,1765,1,1.46,1,1.54,1,2,20,6,5.0,1007,1131,89.04,24,66,36.36,11,195,15,37,6,13,46.15,46,9,19.57,1518,216,6,61,9,55,55.0,61,27,69.32,116,61.7,37,22,59.46,18,61,4,9,0,2,7,26,13,6,0,0,0,0,5,19,0,0,16,3,0,0,0,0,0,0,0
1030829,Gvidas Gineitis,Torino,gvidas gineitis,6.76,29,23,1763,0,1.03,1,2.35,5,0,27,5,0.0,438,573,76.44,23,61,37.7,27,129,19,46,17,29,58.62,65,22,33.85,965,254,6,77,13,93,55.69,28,27,50.91,121,54.5,45,30,66.67,22,28,9,10,2,0,10,43,32,5,0,0,0,0,1,32,0,0,27,5,0,0,0,0,0,0,0
911350,Lameck Banda,Lecce,lameck banda,6.77,32,21,1760,5,2.77,4,2.59,6,2,38,15,13.16,274,342,80.12,6,12,50.0,24,121,3,9,34,87,39.08,90,15,16.67,837,316,9,79,37,110,42.64,11,19,36.67,121,42.01,27,17,62.96,7,13,14,0,0,0,17,44,49,6,1,0,0,0,0,22,0,0,22,0,0,0,0,0,0,0,0
186845,Alberto Grassi,Cremonese,alberto grassi,6.71,30,18,1754,0,1.1,0,0.78,0,1,13,4,0.0,727,854,85.13,33,90,36.67,8,101,30,58,8,9,88.89,2,0,0.0,1111,155,7,76,8,60,62.5,16,13,55.17,76,60.8,23,10,43.48,32,55,3,9,0,2,11,17,30,4,1,0,0,0,4,31,0,0,26,5,0,0,0,0,0,0,0
798002,Toma Bašić,Lazio,toma basic,6.81,23,23,1746,2,1.41,3,2.03,5,0,30,12,6.67,765,875,87.43,29,48,60.42,22,154,27,47,1,4,25.0,48,18,37.5,1116,171,7,61,11,41,47.67,21,12,63.64,62,52.1,21,15,71.43,11,24,6,7,0,1,13,20,19,0,1,0,0,0,2,20,0,0,18,2,0,0,0,0,0,0,0
1017649,Matteo Cancellieri,Lazio,matteo cancellieri,6.87,30,21,1738,4,4.27,2,1.63,3,7,41,17,9.76,351,457,76.81,8,22,36.36,18,105,4,11,14,41,34.15,21,5,23.81,878,229,6,57,28,121,51.49,34,36,48.57,155,50.82,42,29,69.05,24,26,8,2,0,1,24,39,67,6,0,0,0,0,5,22,0,0,20,2,0,0,0,0,0,0,0
1800245,Jesús Rodriguez,Como,jesus rodriguez,6.86,31,18,1734,2,4.0,9,4.33,11,3,45,12,4.44,363,456,79.61,8,13,61.54,36,166,6,11,41,99,41.41,57,10,17.54,894,301,11,69,29,99,45.62,13,13,50.0,112,46.09,26,17,65.38,5,10,9,0,0,0,10,25,32,3,1,0,0,0,1,12,0,0,9,3,0,0,0,0,0,0,0
1029748,Nikola Štulić,Lecce,nikola stulic,6.5,34,20,1725,4,4.54,0,1.3,2,4,33,9,12.12,216,314,68.79,3,4,75.0,20,85,2,3,4,9,44.44,1,1,100.0,549,168,12,39,18,39,40.21,50,89,35.97,89,37.71,12,7,58.33,2,13,12,4,0,0,3,37,26,1,0,0,0,0,0,22,0,0,20,2,0,0,0,0,0,0,0
993389,Tommaso Barbieri,Cremonese,tommaso barbieri,6.72,29,18,1713,0,0.82,1,0.92,2,1,16,2,0.0,393,536,73.32,37,84,44.05,10,115,24,55,16,33,48.48,78,9,11.54,1024,301,2,57,10,86,49.43,26,31,45.61,112,48.48,45,27,60.0,13,31,7,8,0,0,23,40,26,8,0,0,0,0,3,25,0,0,24,1,0,0,0,0,0,0,0
945448,Zé Pedro,Cagliari,ze pedro,6.6,23,20,1713,0,0.79,1,0.43,1,1,7,0,0.0,829,953,86.99,34,94,36.17,3,86,33,74,5,7,71.43,5,0,0.0,1279,175,2,56,0,50,49.5,18,26,40.91,68,46.9,31,16,51.61,20,82,1,13,1,2,22,29,15,6,0,0,0,0,4,26,0,0,23,3,0,0,0,0,0,0,0
1014287,Jamil Siebert,Lecce,jamil siebert,6.84,21,18,1707,1,0.41,0,0.2,0,0,6,2,16.67,464,601,77.2,54,132,40.91,3,49,20,69,4,6,66.67,5,1,20.0,904,163,1,37,3,37,50.68,38,32,54.29,75,52.45,27,15,55.56,16,143,3,21,1,0,10,22,7,3,0,0,0,0,3,29,0,0,27,2,0,0,0,0,0,0,0
1210848,Pietro Comuzzo,Fiorentina,pietro comuzzo,6.64,27,18,1700,1,1.03,0,0.19,0,1,10,2,10.0,896,992,90.32,41,74,55.41,3,80,12,25,1,2,50.0,1,0,0.0,1244,109,0,62,2,37,50.68,32,32,50.0,69,50.36,32,17,53.13,24,102,1,14,0,0,11,24,4,2,0,0,0,0,1,28,0,0,23,5,0,0,0,0,0,0,0
958982,Roberto Piccoli,Fiorentina,roberto piccoli,6.51,32,16,1698,4,6.48,1,0.96,1,12,47,15,8.51,150,228,65.79,0,4,0.0,15,50,3,6,9,20,45.0,5,1,20.0,526,208,7,35,27,57,46.34,53,86,38.13,110,41.98,8,1,12.5,4,13,10,0,0,0,1,34,40,1,0,0,0,0,4,20,0,0,17,3,0,0,0,0,0,0,0
825271,Jakub Piotrowski,Udinese,jakub piotrowski,6.69,33,20,1697,1,2.69,1,0.76,1,3,36,9,2.78,454,553,82.1,18,39,46.15,12,128,14,29,13,29,44.83,24,0,0.0,902,192,8,81,14,87,55.06,22,19,53.66,109,54.77,45,23,51.11,17,35,14,8,0,1,13,29,29,2,0,0,0,0,2,23,0,0,20,3,0,0,0,0,0,0,0
898815,Sam Beukema,Napoli,sam beukema,6.82,24,18,1686,2,1.7,0,0.55,0,0,8,4,25.0,1254,1372,91.4,49,90,54.44,6,185,22,57,2,3,66.67,6,0,0.0,1558,146,1,73,4,25,44.64,32,29,52.46,57,48.72,19,16,84.21,14,58,0,11,0,1,9,19,5,2,0,0,0,0,4,19,0,0,18,1,0,0,0,0,0,0,0
108484,Juan Jesus,Napoli,juan jesus,6.77,24,19,1684,0,0.33,0,0.29,0,0,3,0,0.0,1265,1382,91.53,52,96,54.17,4,78,19,41,0,1,0.0,1,0,0.0,1589,131,0,87,2,42,47.73,35,34,50.72,77,49.04,40,23,57.5,27,61,3,12,1,0,5,39,2,8,1,0,0,0,5,18,0,0,17,1,0,0,0,0,0,0,0
974581,Ivan Smolčić,Como,ivan smolcic,6.87,28,19,1665,0,0.86,1,0.66,1,1,12,4,0.0,765,878,87.13,35,75,46.67,15,166,16,31,2,3,66.67,29,6,20.69,1254,186,3,57,3,57,57.0,25,21,54.35,82,56.16,38,25,65.79,23,44,3,9,0,1,14,26,17,8,0,0,0,0,5,10,0,0,8,2,0,0,0,0,0,0,0
869888,Alessio Zerbin,Cremonese,alessio zerbin,6.53,32,17,1655,0,1.61,3,1.97,4,3,21,7,0.0,329,456,72.15,17,61,27.87,17,112,25,58,8,27,29.63,59,11,18.64,817,260,2,60,16,67,39.18,9,32,21.95,76,35.85,40,20,50.0,3,25,6,3,0,0,33,37,20,2,0,0,0,0,0,24,0,0,20,4,0,0,0,0,0,0,0
135700,Hakan Çalhanoğlu,Inter,hakan calhanoglu,7.5,22,20,1649,9,5.65,4,3.5,7,1,50,17,18.0,1261,1391,90.65,65,111,58.56,41,364,49,87,5,14,35.71,86,33,38.37,1710,228,8,102,6,50,49.02,13,10,56.52,63,50.4,34,18,52.94,16,16,13,6,0,0,13,28,11,7,0,0,0,0,5,16,0,0,14,2,0,0,0,0,0,0,0
1516324,Mariano Troilo,Parma,mariano troilo,6.94,21,18,1636,1,0.75,0,0.71,1,0,9,2,11.11,760,851,89.31,44,87,50.57,7,53,26,52,5,7,71.43,1,1,100.0,1122,104,2,63,3,50,55.56,39,23,62.9,89,58.55,28,18,64.29,18,119,3,18,0,2,10,27,20,6,2,0,0,0,5,24,0,0,20,4,0,0,0,0,0,0,0
977679,Luís Henrique,Inter,luis henrique,6.86,30,18,1627,1,0.88,2,1.82,5,2,15,7,6.67,713,821,86.85,23,43,53.49,22,276,21,39,13,23,56.52,41,11,26.83,1030,174,7,98,6,33,60.0,5,1,83.33,38,62.3,20,15,75.0,6,15,4,1,0,0,2,5,0,1,0,0,0,0,4,14,0,0,13,1,0,0,0,0,0,0,0
887275,Matteo Tramoni,Pisa,matteo tramoni,6.78,27,21,1615,2,3.25,2,2.35,4,3,28,9,7.14,262,363,72.18,15,32,46.88,28,128,7,25,8,34,23.53,68,22,32.35,691,233,18,66,18,55,41.67,12,8,60.0,67,44.08,32,20,62.5,16,10,7,1,0,1,19,15,15,3,0,0,0,0,0,35,0,0,33,2,0,0,0,0,0,0,0
817957,Christian Pulišić,Milan,christian pulisic,6.99,30,18,1611,8,8.07,4,4.15,9,10,54,25,14.81,575,669,85.95,8,18,44.44,38,240,13,28,32,66,48.48,37,14,37.84,1015,228,12,53,20,70,51.09,10,21,32.26,80,47.62,15,9,60.0,3,11,13,1,0,1,7,11,23,0,0,0,0,0,0,14,0,0,14,0,0,0,0,0,0,0,0
1065261,Jonathan Rowe,Bologna,jonathan rowe,6.79,28,17,1611,3,3.99,2,1.96,5,6,48,17,6.25,314,388,80.93,9,28,32.14,21,142,12,31,49,91,53.85,52,12,23.08,820,241,12,66,30,119,53.6,16,28,36.36,135,50.75,21,14,66.67,8,3,14,0,0,1,9,23,50,2,0,0,0,0,0,20,0,0,16,4,0,0,0,0,0,0,0
907152,Lewis Ferguson,Bologna,lewis ferguson,6.72,27,17,1608,1,0.67,0,1.22,1,0,13,2,7.69,913,1041,87.7,50,75,66.67,16,197,10,31,3,7,42.86,25,8,32.0,1257,166,4,63,6,53,53.54,31,29,51.67,84,52.83,26,17,65.38,11,27,6,8,0,1,6,33,26,5,1,0,0,0,3,29,0,0,23,6,0,0,0,0,0,0,0
927304,Gabriele Zappa,Cagliari,gabriele zappa,6.57,31,18,1608,0,0.9,3,1.5,4,2,11,2,0.0,745,883,84.37,31,80,38.75,13,144,26,64,5,14,35.71,37,13,35.14,1229,208,1,51,3,38,46.91,11,13,45.83,49,46.67,28,16,57.14,17,45,2,2,0,1,19,13,5,2,0,0,0,0,1,27,0,0,21,6,0,0,0,0,0,0,0
798147,Mërgim Vojvoda,Como,mergim vojvoda,6.71,30,19,1599,2,1.36,2,2.71,4,2,18,7,11.11,631,753,83.8,20,40,50.0,29,182,19,35,13,21,61.9,66,19,28.79,1087,228,7,61,20,38,41.3,10,13,43.48,48,41.74,13,4,30.77,14,23,2,2,1,1,11,15,12,2,0,0,0,0,3,14,0,0,12,2,0,0,0,0,0,0,0
976381,Gustav Isaksen,Lazio,gustav isaksen,6.81,30,18,1598,5,5.01,1,1.15,0,8,48,19,10.42,415,514,80.74,15,27,55.56,17,128,16,27,27,71,38.03,32,9,28.13,882,241,13,62,26,99,50.51,11,16,40.74,110,49.33,16,8,50.0,7,6,14,3,1,1,10,18,57,0,0,0,0,0,0,19,0,0,17,2,0,0,0,0,0,0,0
44906,Łukasz Skorupski,Bologna,lukasz skorupski,6.77,19,19,1594,0,,0,0.02,0,0,0,0,0.0,474,646,73.37,90,257,35.02,0,18,18,40,0,0,0.0,0,0,0.0,817,177,0,135,0,4,80.0,7,0,100.0,11,91.67,0,0,0.0,0,32,0,0,0,3,0,1,8,1,1,33,1,11,7,15,24,9,12,3,19,10,10,8,0,2,0
1090019,Martin Baturina,Como,martin baturina,7.12,29,17,1591,6,1.83,3,4.76,8,0,28,9,21.43,741,845,87.69,15,24,62.5,63,268,10,28,23,45,51.11,77,31,40.26,1192,235,17,86,30,88,50.0,6,10,37.5,94,48.96,21,14,66.67,5,2,8,2,0,0,22,15,44,0,0,0,0,0,1,17,0,0,14,3,0,0,0,0,0,0,0
1012177,Lorenzo Bernasconi,Atalanta,lorenzo bernasconi,6.98,23,17,1572,0,0.4,3,3.45,5,1,9,1,0.0,596,708,84.18,23,50,46.0,27,160,15,36,8,16,50.0,113,32,28.32,1138,267,0,53,3,41,57.75,5,11,31.25,46,52.87,29,14,48.28,14,37,5,6,0,0,12,8,5,3,0,0,0,0,8,10,0,0,9,1,0,0,0,0,0,0,0
1156616,Francesco Pio Esposito,Inter,francesco pio esposito,6.67,35,15,1572,7,7.4,3,1.4,2,13,57,23,12.28,267,365,73.15,11,20,55.0,22,133,11,14,4,16,25.0,4,0,0.0,651,198,10,31,22,62,49.21,42,38,52.5,104,50.49,9,6,66.67,5,13,14,2,0,0,6,29,50,1,0,0,0,0,2,18,0,0,16,2,0,0,0,0,0,0,0
849274,Youssef Maleh,Cremonese,youssef maleh,6.57,23,19,1570,1,1.0,0,0.55,1,1,22,4,4.55,461,588,78.4,26,69,37.68,9,114,25,51,7,16,43.75,52,9,17.31,888,224,9,68,16,63,46.32,11,16,40.74,74,45.4,38,17,44.74,14,34,5,3,1,0,13,36,18,4,1,0,0,0,2,31,0,0,27,4,0,0,0,0,0,0,0
37151,Henrikh Mkhitaryan,Inter,henrikh mkhitaryan,6.94,30,16,1555,4,4.92,1,3.05,5,7,43,14,9.3,878,997,88.06,36,49,73.47,23,358,24,40,12,29,41.38,42,6,14.29,1312,224,13,100,21,62,42.18,12,10,54.55,74,43.79,33,25,75.76,14,18,12,4,0,0,20,28,17,5,0,0,0,0,4,12,0,0,9,3,0,0,0,0,0,0,0
1160559,Oliver Provstgaard,Lazio,oliver provstgaard,6.9,26,13,1544,0,0.33,0,0.28,1,1,6,2,0.0,1065,1153,92.37,47,82,57.32,4,105,11,23,1,3,33.33,2,1,50.0,1332,99,4,57,5,21,44.68,42,30,58.33,63,52.94,12,6,50.0,15,71,0,13,0,2,6,14,9,3,0,0,0,0,3,19,0,0,16,3,0,0,0,0,0,0,0
990411,Edoardo Corvi,Parma,edoardo corvi,6.98,17,17,1530,0,,0,0.02,0,0,0,0,0.0,382,512,74.61,80,207,38.65,0,16,13,21,0,0,0.0,0,0,0.0,694,131,0,142,0,5,83.33,2,0,100.0,7,87.5,1,0,0.0,0,17,0,0,2,2,1,0,5,1,0,45,0,13,7,18,31,13,17,1,9,12,12,15,1,3,0
971005,Nicolò Cambiaghi,Bologna,nicolo cambiaghi,6.94,28,17,1529,3,2.13,4,2.38,5,2,24,6,12.5,331,397,83.38,10,22,45.45,18,145,11,21,15,33,45.45,64,16,25.0,744,192,15,69,21,115,56.93,6,12,33.33,121,55.0,30,19,63.33,8,5,8,0,0,0,20,32,71,3,1,0,0,0,2,19,0,0,17,2,0,0,0,0,0,0,0
972886,Fabiano Parisi,Fiorentina,fabiano parisi,6.94,23,18,1527,1,1.28,1,1.66,3,1,24,7,4.17,543,639,84.98,25,55,45.45,19,158,27,53,31,55,56.36,39,7,17.95,1061,217,5,94,26,114,61.29,10,15,40.0,124,58.77,21,13,61.9,20,22,8,6,0,2,8,14,66,6,0,0,0,0,1,21,0,0,16,5,0,0,0,0,0,0,0
788061,M'bala Nzola,Sassuolo,m'bala nzola,6.6,30,15,1520,4,7.32,1,0.66,1,5,39,11,10.26,234,297,78.79,7,10,70.0,20,108,2,6,19,37,51.35,7,1,14.29,585,193,14,71,38,53,39.85,43,34,55.84,96,45.71,8,4,50.0,3,12,11,1,0,0,3,29,26,2,1,0,0,0,3,22,0,0,16,6,0,0,0,0,0,0,0
284367,Arturo Calabresi,Pisa,arturo calabresi,6.54,26,17,1516,0,0.2,0,0.24,0,0,4,1,0.0,427,519,82.27,29,68,42.65,4,59,9,33,2,9,22.22,17,3,17.65,887,168,3,57,5,42,40.0,19,22,46.34,61,41.78,19,10,52.63,19,69,2,13,0,0,20,33,25,8,0,0,0,0,1,30,0,0,27,3,0,0,0,0,0,0,0
1184248,Henrik Wendel Meister,Pisa,henrik wendel meister,6.43,28,15,1512,2,3.56,0,0.11,1,9,20,8,10.0,100,156,64.1,2,6,33.33,5,41,0,2,13,37,35.14,1,0,0.0,378,160,6,29,26,35,31.25,33,45,42.31,68,35.79,5,3,60.0,1,7,4,0,0,0,5,26,17,2,0,0,0,0,0,28,0,0,24,4,0,0,0,0,0,0,0
164511,Jean Daniel Akpa-Akpro,Hellas Verona,jean daniel akpa-akpro,6.7,22,17,1507,1,1.0,0,0.24,0,1,13,4,7.69,288,385,74.81,7,15,46.67,11,69,14,20,23,37,62.16,18,3,16.67,711,182,5,83,15,82,51.25,27,34,44.26,109,49.32,44,30,68.18,23,24,6,7,0,1,13,39,15,9,0,0,0,0,1,19,0,0,14,5,0,0,0,0,0,0,0
944973,Nuno Tavares,Lazio,nuno tavares,6.84,23,17,1493,0,0.65,0,2.0,1,1,16,1,0.0,773,895,86.37,34,53,64.15,21,209,29,49,23,39,58.97,99,21,21.21,1405,280,2,80,11,75,55.97,11,9,55.0,86,55.84,30,24,80.0,18,31,6,1,1,2,13,20,22,5,0,0,0,0,3,18,0,0,16,2,0,0,0,0,0,0,0
908716,Miguel Gutiérrez,Napoli,miguel gutierrez,6.82,28,15,1490,1,0.78,1,1.31,2,0,15,5,6.67,699,794,88.04,39,62,62.9,21,178,24,50,8,23,34.78,48,9,18.75,1163,192,5,99,13,68,55.28,10,7,58.82,78,55.71,33,22,66.67,9,21,2,1,0,2,9,19,28,0,0,0,0,0,5,18,0,0,18,0,0,0,0,0,0,0,0
859027,Maxence Caqueret,Como,maxence caqueret,6.84,30,17,1487,2,2.27,6,2.31,3,1,18,4,11.11,799,906,88.19,12,26,46.15,26,247,15,25,17,32,53.13,36,9,25.0,1193,224,6,67,29,72,45.28,10,10,50.0,82,45.81,35,22,62.86,13,4,6,3,1,0,19,26,23,3,0,0,0,0,0,10,0,0,7,3,0,0,0,0,0,0,0
803039,Donyell Malen,Roma,donyell malen,7.21,18,18,1478,14,14.18,2,2.39,2,10,70,31,20.0,170,220,77.27,2,2,100.0,8,83,6,11,16,43,37.21,6,1,16.67,492,183,13,34,39,38,32.2,10,18,35.71,48,32.88,5,3,60.0,2,1,21,0,0,0,3,12,17,1,0,0,0,0,1,17,0,0,12,5,0,0,0,0,0,0,0
826186,Luca Pellegrini,Lazio,luca pellegrini,6.68,24,17,1476,1,0.69,0,1.36,2,1,7,5,14.29,649,810,80.12,29,71,40.85,16,139,28,76,10,24,41.67,51,13,25.49,1202,252,1,60,11,48,43.64,8,13,38.1,56,42.75,27,15,55.56,17,26,0,10,1,0,12,26,12,8,0,0,0,0,1,18,0,0,15,3,0,0,0,0,0,0,0
555540,Lorenzo Pellegrini,Roma,lorenzo pellegrini,6.83,24,20,1475,4,5.32,2,3.04,4,3,32,12,12.5,526,682,77.13,28,46,60.87,28,233,19,40,5,24,20.83,90,24,26.67,1013,297,7,51,22,56,43.41,21,25,45.65,77,44.0,12,4,33.33,14,14,8,4,0,0,13,20,39,2,0,0,0,0,1,14,0,0,10,4,0,0,0,0,0,0,0
876259,Hans Nicolussi Caviglia,Parma,hans nicolussi caviglia,6.74,26,17,1474,0,0.91,4,1.8,4,0,20,3,0.0,649,768,84.51,39,73,53.42,19,125,31,71,11,22,50.0,54,15,27.78,1042,223,3,65,28,62,45.93,11,13,45.83,73,45.91,27,14,51.85,6,25,10,4,0,1,13,23,24,4,0,0,0,0,1,23,0,0,19,4,0,0,0,0,0,0,0
850952,Federico Ravaglia,Bologna,federico ravaglia,7.17,17,16,1469,0,,0,0.03,0,0,0,0,0.0,565,759,74.44,122,308,39.61,0,16,48,99,1,1,100.0,0,0,0.0,929,201,0,145,0,5,55.56,6,2,75.0,11,64.71,3,1,33.33,1,20,0,0,1,2,2,2,3,4,0,52,0,16,2,29,39,13,24,5,6,17,14,9,0,2,0
895592,Martín Payero,Cremonese,martin payero,6.56,25,16,1458,1,1.8,0,1.0,1,1,23,8,4.35,346,458,75.55,12,36,33.33,12,94,9,31,22,48,45.83,34,8,23.53,790,235,6,69,22,73,45.34,20,34,37.04,93,43.26,19,8,42.11,10,18,5,3,0,0,9,37,34,8,0,0,0,0,1,17,0,0,13,4,0,0,0,0,0,0,0
928796,Tommaso Pobega,Bologna,tommaso pobega,6.66,26,17,1452,3,1.69,1,0.69,2,1,25,10,12.0,394,510,77.25,23,57,40.35,6,97,14,37,7,10,70.0,2,0,0.0,727,149,7,45,7,56,48.7,22,21,51.16,78,49.37,37,18,48.65,19,30,4,11,0,0,16,35,12,2,1,0,0,0,1,21,0,0,18,3,0,0,0,0,0,0,0
1525367,Ebenezer Akinsanmiro,Pisa,ebenezer akinsanmiro,6.8,24,16,1445,0,0.86,1,1.29,3,2,13,3,0.0,436,509,85.66,20,40,50.0,16,120,18,34,21,40,52.5,11,3,27.27,806,164,11,107,22,88,53.66,14,18,43.75,102,52.04,39,24,61.54,27,14,2,6,0,2,10,30,28,2,0,0,0,0,2,29,0,0,21,8,0,0,0,0,0,0,0
909991,Simon Sohm,Bologna,simon sohm,6.62,28,18,1438,0,0.79,1,1.52,3,1,9,1,0.0,488,571,85.46,19,32,59.38,15,104,8,19,11,16,68.75,7,1,14.29,721,118,2,46,5,42,53.16,23,38,37.7,65,46.43,20,12,60.0,8,11,3,5,0,0,4,25,14,3,0,0,0,0,1,22,0,0,17,5,0,0,0,0,0,0,0
328109,Alessandro Deiola,Cagliari,alessandro deiola,6.64,20,17,1435,0,1.53,2,0.35,0,4,22,7,0.0,484,595,81.34,28,54,51.85,6,64,14,33,3,5,60.0,2,0,0.0,785,138,1,50,5,50,54.95,11,20,35.48,61,50.0,35,20,57.14,14,38,6,7,0,4,14,22,12,3,0,0,0,0,2,21,0,0,18,3,0,0,0,0,0,0,0
852404,Mattéo Guendouzi,Lazio,matteo guendouzi,6.99,16,16,1430,2,1.3,1,1.16,1,1,16,8,12.5,644,735,87.62,37,56,66.07,15,193,19,38,8,17,47.06,20,7,35.0,911,137,7,62,6,43,50.0,6,5,54.55,49,50.52,14,7,50.0,11,14,2,6,0,2,11,17,21,6,1,0,0,0,8,12,0,0,11,1,0,0,0,0,0,0,0
970998,Patrizio Masini,Genoa,patrizio masini,6.76,28,13,1430,0,1.87,1,0.88,1,4,18,5,0.0,420,565,74.34,20,47,42.55,9,94,12,24,2,9,22.22,14,3,21.43,929,215,6,78,17,115,61.83,26,41,38.81,141,55.73,68,41,60.29,25,44,6,8,0,0,12,39,45,5,0,0,0,0,2,22,0,0,21,1,0,0,0,0,0,0,0
1116570,Nicolás Valentini,Hellas Verona,nicolas valentini,6.67,21,15,1406,0,0.92,0,0.87,2,1,16,7,0.0,368,513,71.73,27,93,29.03,4,55,24,64,5,6,83.33,15,5,33.33,773,175,1,55,2,42,50.0,53,30,63.86,95,56.89,31,17,54.84,15,99,0,14,0,1,12,30,7,6,1,0,0,0,2,22,0,0,19,3,0,0,0,0,0,0,0
826064,Jens Odgaard,Bologna,jens odgaard,6.66,26,16,1404,5,2.46,1,1.32,1,3,35,13,14.29,238,326,73.01,5,17,29.41,14,106,7,21,7,27,25.93,13,5,38.46,613,195,13,70,32,54,38.57,38,39,49.35,92,42.4,21,11,52.38,4,16,9,0,0,1,8,28,28,1,0,0,0,0,1,21,0,0,16,5,0,0,0,0,0,0,0
959806,Kenneth Taylor,Lazio,kenneth taylor,6.82,17,17,1400,3,2.04,2,0.89,1,1,16,6,18.75,597,673,88.71,8,20,40.0,13,188,13,34,8,19,42.11,9,1,11.11,862,121,3,45,10,42,42.42,5,6,45.45,47,42.73,21,11,52.38,10,10,5,6,0,0,19,17,13,5,0,0,0,0,4,17,0,0,14,3,0,0,0,0,0,0,0
556696,Justin Bijlow,Genoa,justin bijlow,6.94,16,16,1395,0,,0,0.08,0,0,0,0,0.0,458,610,75.08,89,241,36.93,0,27,38,64,0,0,0.0,0,0,0.0,740,155,0,106,0,0,0.0,8,0,100.0,8,88.89,0,0,0.0,0,14,0,0,0,1,0,1,1,1,0,45,2,8,5,20,33,11,17,3,10,3,3,10,0,5,0
126816,Francesco Acerbi,Inter,francesco acerbi,6.99,18,15,1387,0,0.37,0,0.53,1,1,3,1,0.0,928,978,94.89,22,43,51.16,4,72,19,28,1,2,50.0,3,3,100.0,1173,63,0,45,0,24,57.14,45,20,69.23,69,64.49,10,7,70.0,18,91,0,16,0,0,2,17,13,3,0,0,0,0,6,18,0,0,15,3,0,0,0,0,0,0,0
826185,Raoul Bellanova,Atalanta,raoul bellanova,6.65,24,15,1387,0,0.48,1,2.33,3,0,13,5,0.0,489,550,88.91,17,39,43.59,21,164,17,29,9,13,69.23,85,16,18.82,911,174,4,58,4,38,66.67,10,20,33.33,48,55.17,18,9,50.0,9,24,5,3,0,0,7,5,12,2,0,0,0,0,1,26,0,0,23,3,0,0,0,0,0,0,0
280991,Morten Thorsby,Cremonese,morten thorsby,6.68,24,16,1380,3,2.25,1,0.52,3,1,21,8,14.29,308,438,70.32,8,17,47.06,9,97,7,13,3,3,100.0,5,2,40.0,640,175,5,49,8,35,46.67,96,80,54.55,131,52.19,22,6,27.27,5,30,4,7,0,0,9,25,11,4,0,0,0,0,1,25,0,0,24,1,0,0,0,0,0,0,0
1634980,Honest Ahanor,Atalanta,honest ahanor,6.62,22,15,1379,0,1.92,0,0.73,0,5,13,4,0.0,640,714,89.64,13,34,38.24,2,97,9,20,5,8,62.5,2,1,50.0,968,101,0,47,5,69,62.16,33,27,55.0,102,59.65,36,21,58.33,23,49,2,10,0,1,11,25,28,2,1,0,0,0,4,15,0,0,14,1,0,0,0,0,0,0,0
769333,Christopher Nkunku,Milan,christopher nkunku,6.73,32,15,1377,7,9.48,3,1.49,3,8,29,16,24.14,302,342,88.3,8,12,66.67,16,127,8,10,9,26,34.62,18,8,44.44,550,114,10,32,10,36,49.32,14,27,34.15,50,43.86,5,2,40.0,3,8,5,1,0,0,3,9,22,0,0,0,0,0,1,13,0,0,12,1,0,0,0,0,0,0,0
805078,Mathías Olivera,Napoli,mathias olivera,6.76,25,15,1369,0,1.37,0,0.65,0,2,8,3,0.0,1005,1104,91.03,20,45,44.44,10,194,15,33,2,5,40.0,6,2,33.33,1331,129,6,70,6,54,63.53,34,22,60.71,88,62.41,42,21,50.0,15,21,0,5,0,1,6,17,10,3,0,0,0,0,2,13,0,0,13,0,0,0,0,0,0,0,0
256219,Paulo Dybala,Roma,paulo dybala,6.9,22,15,1355,2,4.79,6,5.06,9,6,43,18,4.65,571,683,83.6,33,47,70.21,55,275,34,51,19,54,35.19,98,29,29.59,1049,290,13,60,24,68,46.9,10,15,40.0,78,45.88,10,5,50.0,4,2,14,1,0,0,8,11,40,0,0,0,0,0,2,10,0,0,10,0,0,0,0,0,0,0,0
976025,Armel Bella-Kotchap,Hellas Verona,armel bella-kotchap,6.74,19,14,1355,0,0.11,0,0.37,0,0,3,0,0.0,477,566,84.28,23,62,37.1,1,41,17,35,1,4,25.0,1,0,0.0,810,103,1,74,1,37,56.92,40,8,83.33,77,68.14,20,12,60.0,32,86,1,16,1,0,4,22,17,3,0,0,0,0,1,27,0,0,23,4,0,0,0,0,0,0,0
848279,Enzo Ebosse,Torino,enzo ebosse,6.63,17,16,1331,0,0.05,1,0.42,1,0,1,0,0.0,742,827,89.72,37,84,44.05,7,105,16,42,2,4,50.0,7,3,42.86,994,111,0,33,6,24,41.38,16,18,47.06,40,43.48,12,7,58.33,10,59,0,15,1,0,5,21,10,4,0,0,0,0,3,24,0,0,20,4,0,0,0,0,0,0,0
759520,Denzel Dumfries,Inter,denzel dumfries,6.64,20,15,1327,3,3.44,1,0.92,1,5,23,5,13.04,302,377,80.11,3,12,25.0,13,104,1,11,6,18,33.33,34,5,14.71,658,171,7,35,7,35,45.45,30,24,55.56,65,49.62,16,9,56.25,7,21,7,0,1,0,10,20,13,2,0,0,0,0,4,14,0,0,12,2,0,0,0,0,0,0,0
1085913,Martin Vitík,Bologna,martin vitik,6.77,19,14,1324,0,0.36,0,0.12,0,1,8,2,0.0,643,731,87.96,21,71,29.58,3,61,11,38,2,3,66.67,2,0,0.0,941,102,1,32,4,42,56.0,43,34,55.84,85,55.92,36,22,61.11,10,93,3,7,0,1,6,23,4,3,0,0,0,0,4,18,0,0,15,3,0,0,0,0,0,0,0
906963,Andrias Edmundsson,Hellas Verona,andrias edmundsson,6.87,15,15,1320,0,0.19,0,0.13,0,0,4,1,0.0,395,524,75.38,49,129,37.98,2,51,34,73,1,2,50.0,4,1,25.0,796,151,3,58,3,33,56.9,39,40,49.37,72,52.55,26,20,76.92,27,117,0,14,1,2,10,13,7,3,0,0,0,0,2,20,0,0,16,4,0,0,0,0,0,0,0
807301,Gianluca Scamacca,Atalanta,gianluca scamacca,6.67,24,16,1319,10,6.73,1,0.83,1,5,57,22,17.54,222,316,70.25,8,11,72.73,17,112,7,11,13,23,56.52,0,0,0.0,535,170,5,32,21,39,39.0,26,15,63.41,65,46.1,8,5,62.5,3,15,8,2,1,0,4,26,18,2,0,0,0,0,1,14,0,0,13,1,0,0,0,0,0,0,0
1485391,Juan Rodríguez,Cagliari,juan rodriguez,6.68,17,16,1315,1,0.75,0,0.55,0,1,3,2,33.33,587,662,88.67,14,55,25.45,0,24,13,37,1,1,100.0,5,1,20.0,885,95,0,41,2,46,66.67,16,16,50.0,62,61.39,37,28,75.68,18,81,0,14,1,2,6,15,8,3,0,0,0,0,1,23,0,0,20,3,0,0,0,0,0,0,0
930189,Samuele Ricci,Milan,samuele ricci,6.86,31,11,1305,1,1.53,4,1.9,5,2,18,6,5.56,583,647,90.11,37,48,77.08,20,165,33,42,5,8,62.5,28,12,42.86,863,107,4,58,9,53,63.86,3,7,30.0,56,60.22,16,9,56.25,9,29,6,5,0,1,2,17,33,3,0,0,0,0,1,17,0,0,16,1,0,0,0,0,0,0,0
1175821,Niccolò Pisilli,Roma,niccolo pisilli,6.7,25,13,1295,2,1.69,4,1.2,3,1,19,5,10.53,699,812,86.08,21,59,35.59,13,185,14,35,8,27,29.63,15,5,33.33,1058,195,9,76,21,39,34.21,13,24,35.14,52,34.44,27,13,48.15,24,15,6,1,0,0,16,20,4,3,0,0,0,0,6,16,0,0,13,3,0,0,0,0,0,0,0
797596,Marius Marin,Pisa,marius marin,6.69,23,18,1292,0,0.12,0,0.6,0,0,3,0,0.0,345,447,77.18,34,70,48.57,2,93,25,47,1,5,20.0,18,1,5.56,639,143,7,69,8,65,48.87,8,8,50.0,73,48.99,45,27,60.0,13,23,2,4,0,1,21,36,20,7,0,0,0,0,0,22,0,0,18,4,0,0,0,0,0,0,0
922928,Alessandro Zanoli,Udinese,alessandro zanoli,6.83,19,16,1290,1,0.1,2,1.06,3,0,3,1,33.33,280,348,80.46,9,22,40.91,15,87,11,23,14,33,42.42,39,12,30.77,655,153,4,50,2,44,48.89,17,8,68.0,61,53.04,25,19,76.0,7,36,0,5,0,0,9,16,5,1,0,0,0,0,1,18,0,0,15,3,0,0,0,0,0,0,0
979479,Gennaro Borrelli,Cagliari,gennaro borrelli,6.79,27,13,1273,5,3.18,1,0.37,1,3,30,12,16.67,159,227,70.04,7,10,70.0,12,57,4,4,6,16,37.5,2,0,0.0,491,159,2,23,23,67,46.85,54,44,55.1,121,50.21,15,7,46.67,3,17,9,2,0,0,6,44,49,4,0,0,0,0,0,25,0,0,22,3,0,0,0,0,0,0,0
892521,Unai Núñez,Hellas Verona,unai nunez,6.57,17,15,1265,0,0.45,0,0.36,0,0,7,1,0.0,431,552,78.08,42,97,43.3,5,84,27,64,9,12,75.0,11,3,27.27,804,150,1,54,2,42,53.16,28,33,45.9,70,50.0,24,16,66.67,23,62,3,13,0,0,7,27,10,5,0,0,0,0,2,26,0,0,22,4,0,0,0,0,0,0,0
787941,Frank Anguissa,Napoli,frank anguissa,6.93,18,14,1256,4,2.54,1,1.32,1,1,23,9,17.39,618,714,86.55,11,22,50.0,13,141,13,25,9,17,52.94,15,4,26.67,930,164,3,71,24,45,43.27,32,22,59.26,77,48.73,18,14,77.78,12,11,3,3,0,1,12,18,18,1,0,0,0,0,5,14,0,0,14,0,0,0,0,0,0,0,0
960080,Boulaye Dia,Lazio,boulaye dia,6.47,27,14,1256,1,2.16,2,0.47,3,3,12,7,8.33,270,325,83.08,6,9,66.67,15,72,5,7,5,9,55.56,0,0,0.0,481,121,2,24,25,32,39.51,14,37,27.45,46,34.85,13,7,53.85,3,17,4,2,0,0,4,19,14,1,0,0,0,0,2,11,0,0,11,0,0,0,0,0,0,0,0
917485,Walid Cheddira,Lecce,walid cheddira,6.65,33,12,1247,4,3.59,1,0.91,0,5,33,12,12.12,141,208,67.79,3,5,60.0,11,67,3,9,14,27,51.85,8,2,25.0,438,152,5,33,22,52,46.43,25,50,33.33,77,41.18,6,4,66.67,2,4,11,3,0,0,3,27,34,3,0,0,0,0,0,20,0,0,20,0,0,0,0,0,0,0,0
229740,Alberto Moreno,Como,alberto moreno,6.85,19,13,1240,2,1.51,1,0.5,2,2,11,4,18.18,626,692,90.46,26,47,55.32,15,168,27,43,1,6,16.67,35,7,20.0,976,131,1,40,7,35,50.72,13,13,50.0,48,50.53,22,12,54.55,6,32,3,1,0,2,6,17,12,4,0,0,0,0,5,9,0,0,8,1,0,0,0,0,0,0,0
142148,Sead Kolašinac,Atalanta,sead kolasinac,6.67,19,15,1224,0,0.19,0,0.31,0,0,3,0,0.0,694,771,90.01,16,44,36.36,0,120,14,39,5,7,71.43,3,2,66.67,920,95,4,72,5,42,53.16,13,17,43.33,55,50.46,27,15,55.56,11,32,1,5,0,0,9,22,10,3,0,0,0,0,1,16,0,0,14,2,0,0,0,0,0,0,0
294597,Federico Bernardeschi,Bologna,federico bernardeschi,6.9,29,12,1223,4,3.02,2,2.29,4,0,39,13,10.26,471,540,87.22,47,58,81.03,30,188,44,64,24,49,48.98,49,15,30.61,807,191,8,55,16,42,43.75,6,7,46.15,48,44.04,7,6,85.71,7,8,9,2,0,1,3,13,11,3,0,0,0,0,0,10,0,0,9,1,0,0,0,0,0,0,0
983601,Kieron Bowie,Hellas Verona,kieron bowie,6.78,14,14,1204,4,4.25,0,0.46,1,4,33,11,12.12,140,200,70.0,7,13,53.85,13,62,7,11,5,15,33.33,6,0,0.0,438,157,7,35,19,41,39.81,30,52,36.59,71,38.38,9,3,33.33,0,8,8,3,0,0,1,34,27,1,0,0,0,0,2,18,0,0,14,4,0,0,0,0,0,0,0
982778,Devyne Rensch,Roma,devyne rensch,6.9,24,12,1196,1,0.3,4,2.33,4,1,6,2,16.67,442,543,81.4,8,33,24.24,10,140,10,28,4,7,57.14,22,5,22.73,852,161,0,42,4,53,70.67,11,17,39.29,64,62.14,31,16,51.61,17,37,2,5,0,0,9,6,18,1,0,0,0,0,4,16,0,0,13,3,0,0,0,0,0,0,0
910121,Fisayo Dele-Bashiru,Lazio,fisayo dele-bashiru,6.55,24,11,1185,1,0.87,0,0.55,1,0,9,2,11.11,414,449,92.2,3,7,42.86,11,117,3,3,5,13,38.46,10,2,20.0,590,88,4,44,15,27,45.0,4,10,28.57,31,41.89,19,15,78.95,3,10,1,0,0,2,3,8,3,0,0,0,0,0,2,16,0,0,13,3,0,0,0,0,0,0,0
1100354,Romano Floriani Mussolini,Cremonese,romano floriani mussolini,6.54,28,12,1185,0,0.41,1,0.72,4,0,5,1,0.0,216,308,70.13,4,19,21.05,9,60,5,15,6,16,37.5,29,4,13.79,542,170,1,35,9,36,43.37,23,25,47.92,59,45.04,27,15,55.56,5,37,1,5,0,1,8,21,5,2,0,0,0,0,1,23,0,0,19,4,0,0,0,0,0,0,0
1069244,Tijjani Noslin,Lazio,tijjani noslin,6.78,29,9,1181,4,4.84,2,0.99,1,4,35,13,11.43,302,372,81.18,20,25,80.0,16,101,8,14,17,31,54.84,10,4,40.0,601,153,5,32,18,47,47.47,21,29,42.0,68,45.64,7,7,100.0,3,7,5,3,0,0,3,19,23,4,1,0,0,0,1,14,0,0,12,2,0,0,0,0,0,0,0
1067204,Giovanni Fabbian,Fiorentina,giovanni fabbian,6.61,29,12,1173,2,2.44,0,0.88,3,2,21,6,9.52,236,296,79.73,11,21,52.38,9,65,7,13,6,15,40.0,7,0,0.0,483,117,3,37,14,44,49.44,32,37,46.38,76,48.1,12,4,33.33,6,18,2,1,0,1,7,19,27,2,0,0,0,0,1,12,0,0,11,1,0,0,0,0,0,0,0
70996,Kevin De Bruyne,Napoli,kevin de bruyne,7.01,18,13,1169,5,4.05,2,3.47,6,0,27,11,18.52,620,740,83.78,29,49,59.18,37,237,25,44,9,14,64.29,58,12,20.69,933,208,9,43,13,27,42.19,3,6,33.33,30,41.1,12,9,75.0,5,4,7,0,0,0,11,8,6,1,0,0,0,0,2,8,0,0,8,0,0,0,0,0,0,0,0
1086223,Ange-Yoan Bonny,Inter,ange-yoan bonny,6.74,33,10,1155,5,3.79,4,1.91,7,3,22,9,22.73,214,269,79.55,5,6,83.33,17,104,3,4,20,40,50.0,6,2,33.33,512,158,9,33,41,61,43.26,11,19,36.67,72,42.11,17,10,58.82,1,5,5,0,0,0,3,17,24,1,0,0,0,0,0,11,0,0,10,1,0,0,0,0,0,0,0
284441,Ruben Loftus-Cheek,Milan,ruben loftus-cheek,6.63,28,12,1150,3,3.16,1,1.08,3,5,29,6,10.34,343,406,84.48,5,13,38.46,10,128,5,13,12,26,46.15,10,3,30.0,617,144,5,38,19,45,43.69,31,27,53.45,76,47.2,14,7,50.0,5,16,11,1,0,0,5,23,19,2,0,0,0,0,0,11,0,0,11,0,0,0,0,0,0,0,0
996820,Kristjan Asllani,Torino,kristjan asllani,6.85,15,13,1135,0,1.39,0,1.31,1,1,20,4,0.0,519,617,84.12,68,125,54.4,15,99,52,90,3,6,50.0,52,13,25.0,792,160,4,63,4,37,59.68,2,9,18.18,39,53.42,21,14,66.67,12,10,7,1,1,1,11,7,14,3,0,0,0,0,1,20,0,0,16,4,0,0,0,0,0,0,0
139235,Adrien Tameze,Torino,adrien tameze,6.51,24,12,1133,0,0.26,0,0.28,0,0,5,0,0.0,413,513,80.51,32,70,45.71,8,85,19,31,0,5,0.0,14,2,14.29,685,131,2,58,2,22,42.31,19,17,52.78,41,46.59,15,11,73.33,20,36,2,6,2,0,7,16,7,3,0,0,0,0,1,26,0,0,21,5,0,0,0,0,0,0,0
964119,Jordan Zemura,Udinese,jordan zemura,6.65,17,13,1128,0,0.46,1,0.99,2,0,5,1,0.0,245,333,73.57,15,40,37.5,12,94,13,25,9,30,30.0,36,10,27.78,662,188,2,46,12,51,43.22,7,16,30.43,58,41.13,31,19,61.29,7,27,1,4,0,0,10,26,11,3,0,0,0,0,2,16,0,0,15,1,0,0,0,0,0,0,0
38162,Duván Zapata,Torino,duvan zapata,6.63,28,11,1125,3,3.86,1,1.14,4,6,34,15,8.82,179,245,73.06,10,14,71.43,10,70,9,19,6,16,37.5,7,0,0.0,438,144,10,33,16,32,45.71,35,44,44.3,67,44.97,4,2,50.0,1,15,10,1,0,1,3,15,24,0,0,0,0,0,0,22,0,0,16,6,0,0,0,0,0,0,0
1142692,Rafael Obrador,Torino,rafael obrador,6.61,16,14,1123,1,0.18,3,0.78,2,0,7,2,14.29,292,359,81.34,14,37,37.84,13,67,7,18,9,28,32.14,59,15,25.42,667,164,4,31,5,37,47.44,2,12,14.29,39,42.39,23,8,34.78,11,24,2,1,1,0,10,7,5,1,0,0,0,0,1,19,0,0,14,5,0,0,0,0,0,0,0
800408,Suat Serdar,Hellas Verona,suat serdar,6.73,20,12,1116,2,2.15,0,0.83,2,3,19,7,10.53,284,395,71.9,25,56,44.64,13,117,23,50,9,17,52.94,7,1,14.29,578,157,6,54,13,52,52.0,8,14,36.36,60,49.18,31,19,61.29,9,16,6,5,0,0,9,19,12,3,0,0,0,0,1,24,0,0,22,2,0,0,0,0,0,0,0
1128063,Federico Gatti,Juventus,federico gatti,6.78,21,12,1100,2,2.1,0,0.12,0,2,14,6,14.29,585,645,90.7,31,58,53.45,3,69,9,21,1,1,100.0,2,0,0.0,805,71,2,46,1,19,48.72,27,16,62.79,46,56.1,12,10,83.33,13,63,3,6,1,2,3,17,6,3,0,0,0,0,2,13,0,0,9,4,0,0,0,0,0,0,0
1201388,Christian Ordoñez,Parma,christian ordonez,6.51,28,12,1095,1,0.48,0,0.41,0,0,10,2,10.0,217,264,82.2,2,9,22.22,5,67,4,8,5,14,35.71,12,2,16.67,447,103,3,41,12,41,42.27,8,19,29.63,49,39.52,25,13,52.0,8,12,3,7,0,0,19,16,11,3,1,0,0,0,2,14,0,0,12,2,0,0,0,0,0,0,0
1155625,Cristian Volpato,Sassuolo,cristian volpato,6.75,24,11,1090,2,1.66,4,1.64,6,2,21,7,9.52,324,406,79.8,18,32,56.25,23,118,14,26,23,53,43.4,50,15,30.0,670,208,0,50,23,50,38.76,5,9,35.71,55,38.46,16,11,68.75,6,10,7,1,0,0,7,19,11,4,0,0,0,0,0,14,0,0,14,0,0,0,0,0,0,0,0
1384847,Daniele Ghilardi,Roma,daniele ghilardi,6.79,23,9,1089,0,0.35,0,0.3,0,1,3,0,0.0,518,603,85.9,35,71,49.3,5,85,20,47,3,5,60.0,4,0,0.0,813,109,0,55,6,50,54.95,25,19,56.82,75,55.56,30,15,50.0,20,56,1,6,0,1,12,23,17,1,0,0,0,0,4,15,0,0,13,2,0,0,0,0,0,0,0
1493689,Assane Diao,Como,assane diao,6.78,17,13,1089,2,2.65,1,1.17,3,3,30,10,6.67,259,324,79.94,5,8,62.5,9,107,5,9,27,69,39.13,27,3,11.11,631,190,6,35,26,81,48.8,9,20,31.03,90,46.15,16,5,31.25,4,7,13,1,0,0,3,15,39,2,0,0,0,0,2,11,0,0,8,3,0,0,0,0,0,0,0
1022204,Amin Sarr,Hellas Verona,amin sarr,6.51,34,9,1087,0,1.27,1,0.99,1,1,19,6,0.0,216,287,75.26,3,5,60.0,15,95,6,10,10,23,43.48,12,2,16.67,502,149,6,40,21,47,43.93,38,66,36.54,85,40.28,15,9,60.0,3,11,6,0,0,0,4,25,22,0,1,0,0,0,0,33,0,0,30,3,0,0,0,0,0,0,0
893640,Riccardo Sottil,Lecce,riccardo sottil,6.76,21,13,1072,1,0.67,2,2.72,6,0,20,3,5.0,206,250,82.4,9,15,60.0,24,118,1,5,13,39,33.33,100,25,25.0,528,199,3,38,18,44,42.72,3,12,20.0,47,39.83,4,2,50.0,2,5,10,0,0,0,5,10,27,1,0,0,0,0,0,14,0,0,13,1,0,0,0,0,0,0,0
989894,Woyo Coulibaly,Sassuolo,woyo coulibaly,6.63,20,9,1048,0,0.13,0,0.29,0,0,6,1,0.0,393,435,90.34,6,12,50.0,4,83,7,12,8,11,72.73,11,2,18.18,688,103,1,52,12,44,55.7,6,11,35.29,50,52.08,24,14,58.33,9,18,3,4,0,0,7,15,12,2,0,0,0,0,0,16,0,0,16,0,0,0,0,0,0,0,0
805465,Pervis Estupiñán,Milan,pervis estupinan,6.72,19,13,1046,1,0.39,1,1.46,2,0,9,1,11.11,457,527,86.72,7,15,46.67,13,126,6,10,2,7,28.57,20,8,40.0,754,129,4,59,4,25,40.32,8,7,53.33,33,42.86,15,9,60.0,11,23,0,0,0,4,12,16,8,5,1,0,0,0,5,6,0,0,6,0,0,0,0,0,0,0,0
895868,Nahuel Estévez,Parma,nahuel estevez,6.77,32,9,1044,0,0.57,1,0.71,2,1,9,1,0.0,418,536,77.99,30,71,42.25,13,91,24,43,0,2,0.0,43,12,27.91,723,164,2,51,4,30,55.56,33,26,55.93,63,55.75,18,9,50.0,6,47,6,4,0,0,9,11,13,3,0,0,0,0,4,11,0,0,9,2,0,0,0,0,0,0,0
928800,Marco Brescianini,Fiorentina,marco brescianini,6.69,26,10,1044,2,1.81,1,0.8,2,2,13,4,15.38,326,392,83.16,14,33,42.42,10,93,8,19,8,13,61.54,18,5,27.78,559,118,5,47,15,32,42.67,7,18,28.0,39,39.0,13,9,69.23,2,25,5,4,0,2,6,17,11,2,0,0,0,0,1,14,0,0,12,2,0,0,0,0,0,0,0
980624,Lazar Samardžić,Atalanta,lazar samardzic,6.79,26,11,1028,2,2.96,1,2.58,2,3,25,9,8.0,441,524,84.16,53,65,81.54,28,235,45,65,14,32,43.75,69,19,27.54,789,210,10,49,20,35,37.63,6,22,21.43,41,33.88,12,8,66.67,9,8,6,0,0,0,6,17,10,1,0,0,0,0,1,14,0,0,11,3,0,0,0,0,0,0,0
1154898,Luca Lipani,Sassuolo,luca lipani,6.62,24,10,1028,0,0.85,1,0.46,1,1,12,3,0.0,405,483,83.85,25,46,54.35,11,85,18,35,5,10,50.0,5,0,0.0,654,118,2,54,13,42,40.78,13,11,54.17,55,43.31,29,16,55.17,15,26,4,2,0,0,17,28,8,3,0,0,0,0,1,14,0,0,12,2,0,0,0,0,0,0,0
1142612,Emirhan İlkhan,Torino,emirhan ilkhan,6.78,19,13,1018,1,2.23,2,0.7,2,2,12,3,8.33,398,474,83.97,53,77,68.83,11,85,35,61,7,13,53.85,7,3,42.86,664,113,2,52,11,51,56.67,13,12,52.0,64,55.65,26,18,69.23,13,16,5,2,0,0,12,11,18,2,1,0,0,0,0,25,0,0,22,3,0,0,0,0,0,0,0
1154894,Lennon Miller,Udinese,lennon miller,6.73,24,9,1018,0,0.38,2,0.77,3,0,9,1,0.0,298,384,77.6,15,39,38.46,14,78,16,37,10,15,66.67,32,7,21.88,586,151,5,52,9,48,58.54,16,8,66.67,64,60.38,21,11,52.38,7,18,2,4,0,0,7,14,17,4,0,0,0,0,0,14,0,0,13,1,0,0,0,0,0,0,0
877201,Gabriel Strefezza,Parma,gabriel strefezza,6.92,14,13,1015,2,0.97,2,1.01,3,0,24,7,8.33,297,348,85.34,10,24,41.67,14,118,13,30,17,33,51.52,39,8,20.51,576,148,5,38,18,61,48.03,5,9,35.71,66,46.81,16,12,75.0,5,4,6,0,0,0,13,21,28,3,0,0,0,0,0,13,0,0,9,4,0,0,0,0,0,0,0
877037,Cyril Ngonge,Torino,cyril ngonge,6.67,20,11,1013,1,1.85,1,0.61,0,5,24,12,4.17,178,255,69.8,16,24,66.67,12,80,9,17,19,32,59.38,18,4,22.22,483,169,4,36,18,48,48.48,18,22,45.0,66,47.48,11,4,36.36,2,9,5,0,0,1,5,20,18,2,0,0,0,0,0,20,0,0,17,3,0,0,0,0,0,0,0
902031,João Mário,Bologna,joao mario,6.81,20,12,1008,1,0.28,0,0.85,1,0,7,2,14.29,386,492,78.46,19,42,45.24,8,124,15,45,15,32,46.88,20,7,35.0,761,170,2,43,6,60,58.82,6,8,42.86,66,56.9,14,8,57.14,13,13,4,3,1,0,10,10,31,2,0,0,0,0,2,9,0,0,8,1,0,0,0,0,0,0,0
1019442,Kamaldeen Sulemana,Atalanta,kamaldeen sulemana,6.73,25,9,1007,2,2.32,1,2.09,3,3,25,10,8.0,290,342,84.8,14,20,70.0,13,146,10,15,22,48,45.83,22,5,22.73,555,147,6,47,18,45,41.67,12,12,50.0,57,43.18,9,6,66.67,2,8,6,1,0,0,6,13,14,4,0,0,0,0,0,12,0,0,11,1,0,0,0,0,0,0,0
1128530,Neil El Aynaoui,Roma,neil el aynaoui,6.73,25,8,995,1,1.08,2,0.95,2,0,6,4,16.67,520,583,89.19,16,24,66.67,12,105,10,16,9,17,52.94,17,6,35.29,747,104,8,53,5,38,46.91,13,15,46.43,51,46.79,20,10,50.0,17,15,0,2,0,2,7,23,10,5,0,0,0,0,3,11,0,0,8,3,0,0,0,0,0,0,0
35428,Pedro,Lazio,pedro,6.81,29,9,994,5,2.44,2,1.29,6,0,22,11,22.73,419,482,86.93,20,30,66.67,20,135,20,31,13,25,52.0,30,7,23.33,665,126,8,33,12,48,52.75,2,4,33.33,50,51.55,11,6,54.55,4,4,4,0,0,2,11,10,26,4,0,0,0,0,0,13,0,0,11,2,0,0,0,0,0,0,0
973437,Odilon Kossounou,Atalanta,odilon kossounou,6.66,19,10,994,1,0.39,0,0.19,0,0,5,1,20.0,575,629,91.41,19,33,57.58,4,86,9,15,5,11,45.45,2,1,50.0,767,82,1,40,4,24,45.28,13,21,38.24,37,42.53,17,14,82.35,9,29,2,7,1,0,4,16,3,1,0,0,0,0,2,11,0,0,8,3,0,0,0,0,0,0,0
309156,Caleb Ekuban,Genoa,caleb ekuban,6.6,31,6,986,4,3.74,1,0.81,1,2,29,10,13.79,105,153,68.63,2,5,40.0,11,43,2,6,8,24,33.33,6,1,16.67,346,124,11,36,16,41,46.59,23,29,44.23,64,45.71,4,3,75.0,5,5,5,1,0,0,2,16,29,0,0,0,0,0,0,15,0,0,15,0,0,0,0,0,0,0,0
1142606,Semih Kılıçsoy,Cagliari,semih kilicsoy,6.58,22,11,984,4,1.86,0,0.2,0,0,17,8,23.53,185,240,77.08,13,14,92.86,11,50,15,22,14,25,56.0,1,1,100.0,412,137,7,29,29,34,39.08,6,33,15.38,40,31.75,5,4,80.0,1,0,6,1,0,0,0,14,15,1,0,0,0,0,0,15,0,0,13,2,0,0,0,0,0,0,0
972523,Cheikh Niasse,Hellas Verona,cheikh niasse,6.58,20,11,983,0,0.17,1,0.77,0,0,6,1,0.0,293,361,81.16,7,21,33.33,11,62,6,17,4,6,66.67,12,6,50.0,536,99,2,41,5,40,54.79,21,34,38.18,61,47.66,21,14,66.67,14,18,1,5,0,0,10,20,15,1,0,0,0,0,0,22,0,0,20,2,0,0,0,0,0,0,0
592794,Alex Meret,Napoli,alex meret,6.72,11,11,980,0,,1,0.01,1,0,0,0,0.0,294,350,84.0,45,97,46.39,1,3,24,32,0,0,0.0,0,0,0.0,426,57,0,72,0,0,0.0,2,1,66.67,2,50.0,0,0,0.0,0,6,0,0,0,0,0,1,1,1,0,21,0,6,3,12,13,8,11,1,2,9,9,8,2,2,0
829570,Jack Harrison,Fiorentina,jack harrison,6.73,15,10,979,1,0.88,3,1.83,1,1,13,4,7.69,315,381,82.68,5,18,27.78,15,106,11,24,11,32,34.38,57,11,19.3,589,165,3,34,14,28,33.33,4,13,23.53,32,31.68,10,6,60.0,1,6,4,1,0,0,12,9,7,1,0,0,0,0,3,10,0,0,10,0,0,0,0,0,0,0,0
1031548,Alieu Fadera,Sassuolo,alieu fadera,6.67,28,8,979,2,2.1,1,1.18,1,2,13,4,15.38,202,257,78.6,9,13,69.23,7,75,4,5,11,35,31.43,24,6,25.0,530,163,5,52,20,82,46.33,8,14,36.36,90,45.23,36,23,63.89,7,6,5,0,0,1,16,36,36,5,0,0,0,0,0,11,0,0,10,1,0,0,0,0,0,0,0
1019125,Omri Gandelman,Lecce,omri gandelman,6.51,19,10,978,2,1.4,1,0.71,2,0,10,3,20.0,155,243,63.79,2,6,33.33,7,50,3,4,2,11,18.18,4,1,25.0,383,141,5,21,18,14,24.14,55,72,43.31,69,37.3,9,6,66.67,4,14,3,1,0,0,5,13,3,0,0,0,0,0,1,13,0,0,13,0,0,0,0,0,0,0,0
832208,Dušan Vlahović,Juventus,dusan vlahovic,6.73,19,11,976,7,7.08,1,1.19,1,8,49,18,14.29,122,175,69.71,5,8,62.5,12,57,6,9,3,7,42.86,4,2,50.0,350,118,3,8,19,24,43.64,25,29,46.3,49,44.95,3,3,100.0,2,4,11,2,0,0,0,9,18,0,0,0,0,0,0,12,0,0,7,5,0,0,0,0,0,0,0
273405,Manuel Lazzari,Lazio,manuel lazzari,6.61,23,9,957,0,0.15,0,0.26,0,0,4,2,0.0,340,397,85.64,9,16,56.25,2,80,4,14,10,22,45.45,16,3,18.75,641,118,1,38,7,41,56.16,3,12,20.0,44,50.0,13,9,69.23,6,24,1,1,0,0,3,10,19,2,0,0,0,0,0,10,0,0,10,0,0,0,0,0,0,0,0
970928,Daniel Maldini,Lazio,daniel maldini,6.7,21,12,956,2,3.25,1,1.03,2,2,23,7,8.7,251,309,81.23,5,9,55.56,11,102,4,7,16,34,47.06,11,3,27.27,519,147,9,34,25,58,49.57,8,17,32.0,66,46.48,15,13,86.67,4,4,8,1,0,0,2,18,27,1,0,0,0,0,0,13,0,0,10,3,0,0,0,0,0,0,0
1613917,Jeff Ekhator,Genoa,jeff ekhator,6.56,30,9,949,3,2.89,0,0.43,1,4,20,5,15.0,105,179,58.66,2,4,50.0,10,39,7,9,12,22,54.55,9,0,0.0,362,150,8,32,17,43,44.79,26,30,46.43,69,45.39,12,8,66.67,2,5,6,0,0,0,6,20,19,3,0,0,0,0,0,15,0,0,13,2,0,0,0,0,0,0,0
558320,Ulisses Garcia,Sassuolo,ulisses garcia,6.86,13,10,943,1,0.09,2,1.82,4,0,2,1,50.0,383,445,86.07,17,34,50.0,13,102,10,22,2,6,33.33,34,11,32.35,636,111,2,46,5,21,35.0,6,4,60.0,27,38.57,17,10,58.82,9,13,1,4,1,1,19,11,2,3,0,0,0,0,3,10,0,0,10,0,0,0,0,0,0,0,0
989186,Ignace Van der Brempt,Como,ignace van der brempt,6.78,20,11,943,0,0.18,1,1.09,1,0,3,0,0.0,401,468,85.68,11,30,36.67,5,100,10,19,6,15,40.0,11,2,18.18,737,133,2,42,3,51,58.62,11,12,47.83,62,56.36,30,14,46.67,8,19,1,0,0,0,7,19,15,2,0,0,0,0,2,10,0,0,7,3,0,0,0,0,0,0,0
333261,Antonio Sanabria,Cremonese,antonio sanabria,6.52,25,10,941,1,2.92,1,0.23,3,4,12,4,8.33,145,175,82.86,3,3,100.0,6,46,6,6,7,9,77.78,2,0,0.0,296,75,0,11,9,24,45.28,29,39,42.65,53,43.8,2,1,50.0,1,15,4,0,1,0,3,15,15,2,0,0,0,0,0,12,0,0,11,1,0,0,0,0,0,0,0
125407,Álvaro Morata,Como,alvaro morata,6.56,26,9,932,0,4.92,1,0.5,1,8,23,8,0.0,174,231,75.32,10,14,71.43,10,64,9,14,2,7,28.57,9,3,33.33,390,104,5,20,13,49,55.06,16,19,45.71,65,52.42,14,10,71.43,1,8,4,0,0,0,6,16,33,2,1,0,0,0,1,6,0,0,4,2,0,0,0,0,0,0,0
184421,Stefano Sabelli,Genoa,stefano sabelli,6.68,16,12,929,0,0.52,0,0.6,0,0,8,0,0.0,230,332,69.28,17,54,31.48,7,79,21,56,1,8,12.5,27,7,25.93,573,165,3,42,4,42,61.76,3,13,18.75,45,53.57,22,13,59.09,4,22,2,6,0,0,10,6,19,1,0,0,0,0,0,10,0,0,9,1,0,0,0,0,0,0,0
915812,Abdou Harroui,Hellas Verona,abdou harroui,6.5,23,11,929,1,1.2,0,0.63,0,0,12,2,8.33,295,361,81.72,12,30,40.0,14,91,7,26,11,24,45.83,29,7,24.14,556,150,11,47,14,39,41.49,1,15,6.25,40,36.36,27,19,70.37,1,8,6,5,0,0,8,22,1,3,0,0,0,0,0,21,0,0,16,5,0,0,0,0,0,0,0
1138856,Adam Buksa,Udinese,adam buksa,6.7,25,6,926,3,2.11,0,0.47,2,2,12,6,25.0,110,181,60.77,3,4,75.0,11,43,3,4,2,10,20.0,2,1,50.0,324,125,3,20,12,26,36.62,54,45,54.55,80,47.06,10,8,80.0,2,12,4,0,0,0,6,24,16,3,0,0,0,0,0,15,0,0,12,3,0,0,0,0,0,0,0
850993,David Neres,Napoli,david neres,7.01,16,10,925,3,1.54,3,3.21,9,0,17,4,17.65,270,331,81.57,4,6,66.67,21,141,5,6,19,50,38.0,53,13,24.53,564,185,8,28,12,36,37.5,4,14,22.22,40,35.09,10,5,50.0,1,2,7,3,0,0,2,19,7,3,0,0,0,0,0,7,0,0,6,1,0,0,0,0,0,0,0
862223,Manor Solomon,Fiorentina,manor solomon,7.05,16,9,903,2,0.85,1,1.68,3,1,11,4,18.18,282,315,89.52,6,8,75.0,25,120,4,5,25,36,69.44,47,12,25.53,497,111,3,35,17,54,60.67,1,2,33.33,55,59.78,13,12,92.31,1,3,5,1,0,0,5,2,16,1,0,0,0,0,3,15,0,0,14,1,0,0,0,0,0,0,0
105905,Sulemana,Cagliari,sulemana,6.62,19,7,902,1,1.58,0,0.18,0,1,11,2,9.09,344,390,88.21,11,20,55.0,6,62,7,12,11,23,47.83,2,0,0.0,545,91,0,66,10,40,49.38,15,16,48.39,55,49.11,19,13,68.42,5,16,4,3,0,2,6,13,10,3,0,0,0,0,1,16,0,0,15,1,0,0,0,0,0,0,0
892141,Santiago Giménez,Milan,santiago gimenez,6.46,16,11,896,0,3.38,1,0.62,1,7,27,9,0.0,108,134,80.6,0,0,0.0,4,40,3,5,3,19,15.79,1,1,100.0,267,76,3,14,10,26,41.27,6,17,26.09,32,37.21,8,5,62.5,1,1,4,1,0,0,2,10,15,2,0,0,0,0,0,11,0,0,11,0,0,0,0,0,0,0,0
965264,Emil Holm,Juventus,emil holm,6.81,18,10,895,1,1.28,4,1.74,3,0,13,2,7.69,293,374,78.34,11,42,26.19,9,70,5,25,7,15,46.67,29,7,24.14,687,162,1,57,6,55,63.22,17,19,47.22,72,58.54,30,20,66.67,9,29,2,3,0,1,7,11,19,1,1,0,0,0,1,12,0,0,9,3,0,0,0,0,0,0,0
795044,Patrick Cutrone,Parma,patrick cutrone,6.47,15,11,891,1,2.62,0,0.27,2,5,25,7,4.0,115,175,65.71,1,8,12.5,3,48,2,9,4,12,33.33,12,0,0.0,330,119,8,21,5,25,51.02,10,20,33.33,35,44.3,6,1,16.67,3,7,8,2,0,0,4,7,16,0,0,0,0,0,1,11,0,0,8,3,0,0,0,0,0,0,0
1142149,Medon Berisha,Lecce,medon berisha,7.2,13,12,880,2,1.22,3,2.0,5,0,24,5,8.33,296,364,81.32,28,54,51.85,20,95,21,49,3,4,75.0,59,20,33.9,546,132,2,41,11,34,57.63,7,8,46.67,41,55.41,21,12,57.14,5,3,9,2,0,1,2,11,10,0,0,0,0,0,0,10,0,0,10,0,0,0,0,0,0,0,0
970778,Gabriele Piccinini,Pisa,gabriele piccinini,6.55,25,5,872,0,2.27,0,0.87,2,5,19,7,0.0,182,232,78.45,7,11,63.64,7,51,4,7,4,12,33.33,19,2,10.53,386,102,6,33,11,37,50.68,17,19,47.22,54,49.54,22,13,59.09,2,10,6,1,0,0,7,11,12,3,0,0,0,0,0,20,0,0,18,2,0,0,0,0,0,0,0
605374,Tete Morente,Lecce,tete morente,6.49,16,9,859,0,0.72,0,0.35,1,1,14,2,0.0,195,262,74.43,12,24,50.0,10,91,7,14,9,27,33.33,29,4,13.79,444,143,7,37,14,32,36.78,10,11,47.62,42,38.89,11,8,72.73,3,13,8,2,0,1,13,13,12,2,0,0,0,0,1,14,0,0,13,1,0,0,0,0,0,0,0
965009,Gaetano Oristanio,Parma,gaetano oristanio,6.6,20,8,857,1,2.01,0,0.9,0,2,24,4,4.17,128,156,82.05,10,11,90.91,10,66,10,13,15,31,48.39,16,4,25.0,371,116,5,30,26,43,42.57,9,10,47.37,52,43.33,9,5,55.56,2,6,10,0,0,0,8,13,20,1,0,0,0,0,0,13,0,0,9,4,0,0,0,0,0,0,0
870211,Alberto Dossena,Cagliari,alberto dossena,6.81,12,9,856,0,0.78,1,0.46,2,1,6,2,0.0,409,458,89.3,19,43,44.19,3,25,10,31,1,1,100.0,0,0,0.0,578,60,0,29,1,25,59.52,18,11,62.07,43,60.56,16,13,81.25,9,42,1,9,0,0,5,11,8,5,0,0,0,0,2,12,0,0,10,2,0,0,0,0,0,0,0
997583,Malthe Højholt,Pisa,malthe hojholt,6.45,17,9,856,0,0.73,0,0.23,0,2,4,2,0.0,237,280,84.64,7,20,35.0,3,39,6,14,1,3,33.33,4,1,25.0,354,58,1,28,3,20,36.36,5,8,38.46,25,36.76,14,9,64.29,9,7,0,3,0,0,16,14,5,2,0,0,0,0,0,23,0,0,21,2,0,0,0,0,0,0,0
1409700,Zachary Athekame,Milan,zachary athekame,6.75,27,7,851,2,0.4,2,1.14,4,0,13,4,15.38,288,358,80.45,11,32,34.38,12,92,6,14,5,12,41.67,46,12,26.09,577,138,3,34,5,32,52.46,10,8,55.56,42,53.16,15,8,53.33,3,23,4,0,0,2,5,16,12,3,0,0,0,0,0,11,0,0,10,1,0,0,0,0,0,0,0
868958,Moatasem Al-Musrati,Hellas Verona,moatasem al-musrati,6.62,18,8,847,0,0.3,1,0.48,0,0,9,1,0.0,397,480,82.71,33,64,51.56,7,75,28,47,0,2,0.0,2,1,50.0,597,104,2,51,7,17,33.33,14,17,45.16,31,37.8,14,7,50.0,9,25,5,8,0,0,10,15,3,4,1,0,0,0,1,19,0,0,17,2,0,0,0,0,0,0,0
1175854,Oumar Ngom,Lecce,oumar ngom,6.61,15,10,847,0,0.23,0,0.11,0,0,5,2,0.0,215,261,82.38,10,18,55.56,4,53,5,8,6,11,54.55,3,1,33.33,393,76,4,51,9,35,47.95,12,14,46.15,47,47.47,24,14,58.33,13,16,3,2,0,0,11,15,6,1,0,0,0,0,0,15,0,0,15,0,0,0,0,0,0,0,0
1404639,Sebastian Otoa,Genoa,sebastian otoa,6.65,13,9,843,0,0.09,0,0.03,0,0,3,2,0.0,328,362,90.61,16,32,50.0,0,12,1,6,3,4,75.0,1,0,0.0,488,44,0,32,3,26,72.22,22,10,68.75,48,70.59,11,9,81.82,9,46,1,11,0,0,1,5,13,1,0,0,0,0,0,17,0,0,15,2,0,0,0,0,0,0,0
1122835,Alisson Santos,Napoli,alisson santos,7.29,14,9,836,4,1.43,0,0.89,2,0,29,16,13.79,235,286,82.17,4,8,50.0,14,101,1,2,34,57,59.65,41,7,17.07,534,156,4,23,19,62,54.87,4,2,66.67,66,55.46,20,9,45.0,2,5,7,1,0,1,5,4,8,1,0,0,0,0,2,9,0,0,9,0,0,0,0,0,0,0,0
905381,Thijs Dallinga,Bologna,thijs dallinga,6.51,23,9,828,2,2.94,2,0.54,1,5,23,5,8.7,161,226,71.24,10,14,71.43,10,71,6,10,2,6,33.33,5,1,20.0,347,111,5,20,13,18,33.33,18,30,37.5,36,35.29,7,4,57.14,1,10,7,2,0,0,0,20,9,2,0,0,0,0,1,9,0,0,8,1,0,0,0,0,0,0,0
1518983,Edoardo Motta,Lazio,edoardo motta,6.87,9,9,810,0,,0,0.01,0,0,0,0,0.0,169,237,71.31,39,105,37.14,1,2,13,28,0,0,0.0,0,0,0.0,314,69,0,49,0,0,0.0,4,2,66.67,4,57.14,0,0,0.0,0,8,0,0,1,1,0,1,1,1,0,23,0,6,3,10,14,9,8,2,3,3,3,4,0,1,1
1084846,Franco Israel,Torino,franco israel,6.68,9,9,810,0,,0,0.02,0,0,0,0,0.0,170,290,58.62,62,181,34.25,0,9,4,11,0,0,0.0,0,0,0.0,370,120,0,66,0,3,100.0,3,1,75.0,6,85.71,0,0,0.0,0,10,0,0,0,1,0,0,3,1,0,24,1,7,3,18,13,10,16,2,5,4,3,7,1,2,0
208988,Pablo Marí,Fiorentina,pablo mari,6.59,11,9,809,0,0.03,0,0.06,0,0,2,0,0.0,418,455,91.87,16,40,40.0,2,21,5,16,0,1,0.0,0,0,0.0,577,42,0,28,0,20,50.0,18,17,51.43,38,50.67,12,8,66.67,22,47,0,7,0,0,3,17,8,3,0,0,0,0,1,19,0,0,13,6,0,0,0,0,0,0,0
907668,Billy Gilmour,Napoli,billy gilmour,7.03,17,8,803,1,0.69,0,1.04,0,0,10,3,10.0,713,792,90.03,25,49,51.02,7,184,24,45,9,11,81.82,6,0,0.0,896,103,8,56,3,30,63.83,5,10,33.33,35,56.45,14,7,50.0,11,10,4,1,0,1,4,9,7,1,0,0,0,0,1,5,0,0,5,0,0,0,0,0,0,0,0
824200,Ademola Lookman,Atalanta,ademola lookman,6.75,12,9,797,2,2.68,0,1.48,4,5,27,8,7.41,191,240,79.58,4,6,66.67,18,91,2,4,16,30,53.33,20,6,30.0,388,111,8,24,11,28,43.75,3,3,50.0,31,44.29,5,3,60.0,3,0,14,0,0,0,2,10,8,0,0,0,0,0,0,13,0,0,10,3,0,0,0,0,0,0,0
865651,Giacomo Raspadori,Atalanta,giacomo raspadori,6.77,13,7,791,3,3.18,1,1.52,0,3,28,11,10.71,241,299,80.6,12,23,52.17,17,100,13,25,5,15,33.33,44,13,29.55,455,124,2,28,11,19,38.0,7,9,43.75,26,39.39,8,3,37.5,1,5,11,0,0,0,3,7,6,0,0,0,0,0,1,8,0,0,8,0,0,0,0,0,0,0,0
1012172,Tommaso Baldanzi,Genoa,tommaso baldanzi,6.71,18,8,791,1,2.01,2,1.45,1,0,20,7,5.0,305,347,87.9,8,15,53.33,15,113,8,18,5,16,31.25,16,5,31.25,526,108,11,41,19,45,51.14,1,7,12.5,46,47.92,16,7,43.75,5,1,5,0,0,0,5,10,24,2,0,0,0,0,0,8,0,0,6,2,0,0,0,0,0,0,0
369866,Luca Mazzitelli,Cagliari,luca mazzitelli,6.86,18,9,785,2,0.73,2,0.3,1,0,15,5,13.33,281,370,75.95,32,67,47.76,5,50,21,42,3,6,50.0,9,2,22.22,524,118,1,30,3,36,47.37,10,17,37.04,46,44.66,20,11,55.0,11,26,4,3,0,0,13,22,13,3,0,0,0,0,1,9,0,0,9,0,0,0,0,0,0,0,0
1123175,Riyad Idrissi,Cagliari,riyad idrissi,6.64,23,4,781,2,0.53,0,0.21,0,1,6,6,33.33,229,287,79.79,11,25,44.0,6,47,4,12,8,14,57.14,23,2,8.7,530,122,2,42,5,35,51.47,1,9,10.0,36,46.15,21,14,66.67,8,28,0,4,0,1,13,9,6,3,0,0,0,0,0,15,0,0,12,3,0,0,0,0,0,0,0
984527,Abdoulaye Ndiaye,Parma,abdoulaye ndiaye,6.53,11,9,780,0,0.63,0,0.06,0,1,6,0,0.0,356,424,83.96,15,45,33.33,1,20,6,21,2,3,66.67,0,0,0.0,556,76,0,27,1,29,58.0,24,21,53.33,53,55.79,16,9,56.25,12,44,0,3,0,1,7,13,12,3,1,0,0,0,2,10,0,0,7,3,0,0,0,0,0,0,0
1004790,Jacob Ondrejka,Parma,jacob ondrejka,6.53,16,9,776,0,1.16,0,0.48,0,2,21,7,0.0,163,205,79.51,3,4,75.0,5,75,4,7,10,30,33.33,13,4,30.77,345,94,4,26,12,31,41.89,1,6,14.29,32,39.51,7,2,28.57,3,3,6,0,0,0,4,8,14,2,0,0,0,0,0,14,0,0,12,2,0,0,0,0,0,0,0
999231,Evan Ferguson,Roma,evan ferguson,6.53,16,10,776,3,2.62,2,0.94,2,4,27,15,11.11,127,165,76.97,4,4,100.0,15,58,5,7,8,17,47.06,2,1,50.0,321,107,6,17,20,24,35.29,10,34,22.73,34,30.36,7,4,57.14,1,2,2,1,0,0,4,11,9,1,0,0,0,0,1,6,0,0,5,1,0,0,0,0,0,0,0
79645,Mattia Perin,Juventus,mattia perin,6.69,9,9,765,0,,0,0.0,0,0,0,0,0.0,137,161,85.09,27,51,52.94,1,3,10,15,0,0,0.0,0,0,0.0,218,24,0,55,0,1,100.0,1,0,100.0,2,100.0,0,0,0.0,0,4,0,0,0,1,0,0,2,0,0,13,0,3,2,9,11,2,8,1,2,2,2,1,0,0,0
1210995,Isak Vural,Pisa,isak vural,6.69,15,9,752,0,0.8,0,0.15,1,1,6,1,0.0,174,210,82.86,16,26,61.54,3,32,12,17,9,18,50.0,5,1,20.0,338,67,4,34,6,51,61.45,7,12,36.84,58,56.86,9,7,77.78,2,8,1,3,0,1,3,16,33,4,0,0,0,0,0,16,0,0,11,5,0,0,0,0,0,0,0
1424353,Francesco Folino,Cremonese,francesco folino,6.69,18,7,738,1,0.17,0,0.05,0,0,2,1,50.0,251,311,80.71,26,61,42.62,1,27,18,29,0,3,0.0,1,0,0.0,459,83,0,23,2,17,44.74,16,7,69.57,33,54.1,8,4,50.0,3,52,0,9,0,1,6,11,9,0,0,0,0,0,0,15,0,0,14,1,0,0,0,0,0,0,0
1034082,Ardon Jashari,Milan,ardon jashari,6.76,14,7,706,0,0.22,1,0.6,2,0,7,2,0.0,396,435,91.03,18,24,75.0,9,103,19,26,6,14,42.86,11,4,36.36,552,79,6,40,9,28,46.67,2,7,22.22,30,43.48,14,11,78.57,5,7,1,1,0,1,5,11,8,0,0,0,0,0,0,7,0,0,6,1,0,0,0,0,0,0,0
877013,Valentín Castellanos,Lazio,valentin castellanos,6.89,11,8,694,2,2.02,3,0.82,6,1,20,8,10.0,92,135,68.15,5,8,62.5,8,32,4,12,8,17,47.06,6,0,0.0,255,89,5,14,8,33,55.0,14,14,50.0,47,53.41,7,3,42.86,3,7,6,0,0,0,3,9,18,2,0,0,0,0,1,7,0,0,6,1,0,0,0,0,0,0,0
1520771,Francesco Camarda,Lecce,francesco camarda,6.43,21,7,693,1,1.86,0,0.63,1,3,16,3,6.25,76,107,71.03,3,5,60.0,4,24,4,8,3,9,33.33,1,0,0.0,199,71,6,20,6,10,27.03,14,32,30.43,24,28.92,3,1,33.33,0,2,6,1,0,0,5,12,4,1,0,0,0,0,0,10,0,0,10,0,0,0,0,0,0,0,0
989371,Aster Vranckx,Sassuolo,aster vranckx,6.55,16,9,692,0,0.15,0,0.16,0,0,3,1,0.0,207,245,84.49,7,12,58.33,2,37,3,9,3,13,23.08,5,1,20.0,367,82,2,26,8,36,45.57,8,5,61.54,44,47.83,16,9,56.25,0,15,1,0,0,0,11,16,17,2,0,0,0,0,0,9,0,0,9,0,0,0,0,0,0,0,0
1165371,Luca Marianucci,Torino,luca marianucci,6.68,12,7,691,0,0.03,1,0.2,2,0,2,0,0.0,346,412,83.98,31,59,52.54,8,60,16,35,2,5,40.0,8,3,37.5,523,86,1,32,2,21,45.65,14,15,48.28,35,46.67,16,7,43.75,10,34,1,3,0,0,10,11,3,2,0,0,0,0,1,12,0,0,10,2,0,0,0,0,0,0,0
1177723,Jayden Addai,Como,jayden addai,6.88,12,7,688,3,1.54,0,1.25,2,0,13,6,23.08,124,167,74.25,4,10,40.0,7,59,4,9,14,30,46.67,11,2,18.18,303,101,4,24,17,34,40.96,2,1,66.67,36,41.86,6,2,33.33,3,4,2,1,0,0,4,13,14,4,0,0,0,0,0,6,0,0,6,0,0,0,0,0,0,0,0
367056,Jérémie Boga,Juventus,jeremie boga,7.07,15,6,684,4,2.87,0,3.22,2,3,24,12,16.67,176,213,82.63,0,1,0.0,15,82,7,13,22,42,52.38,30,10,33.33,375,101,2,14,8,36,51.43,3,8,27.27,39,48.15,7,3,42.86,2,4,6,0,0,0,4,3,7,1,0,0,0,0,1,6,0,0,4,2,0,0,0,0,0,0,0
862697,Nicolò Casale,Bologna,nicolo casale,6.64,12,8,684,0,0.74,0,0.18,0,1,5,0,0.0,308,357,86.27,35,57,61.4,4,29,14,22,0,0,0.0,2,1,50.0,477,59,1,26,3,12,37.5,31,16,65.96,43,54.43,7,4,57.14,7,59,1,5,1,1,3,15,5,0,0,0,0,0,2,13,0,0,10,3,0,0,0,0,0,0,0
217784,Patric,Lazio,patric,6.79,14,6,682,0,0.29,0,0.19,1,0,5,0,0.0,522,571,91.42,32,46,69.57,2,65,22,39,2,2,100.0,1,0,0.0,646,58,2,34,0,6,46.15,11,6,64.71,17,56.67,2,0,0.0,4,32,3,6,0,3,3,4,2,2,0,0,0,0,2,8,0,0,6,2,0,0,0,0,0,0,0
888219,Junior Messias,Genoa,junior messias,6.99,20,5,675,3,1.86,1,1.64,1,0,19,7,15.79,198,260,76.15,20,31,64.52,6,99,12,21,20,37,54.05,16,3,18.75,471,130,8,41,10,62,61.39,13,21,38.24,75,55.56,20,9,45.0,5,14,5,1,0,0,3,10,22,1,0,0,0,0,0,7,0,0,7,0,0,0,0,0,0,0,0
835480,Loïs Openda,Juventus,lois openda,6.51,24,6,675,1,3.57,0,1.16,1,5,26,6,3.85,110,151,72.85,2,4,50.0,8,51,1,4,4,11,36.36,7,1,14.29,276,83,2,12,6,30,58.82,8,20,28.57,38,48.1,6,4,66.67,1,3,7,1,0,1,1,8,21,0,0,0,0,0,0,8,0,0,7,1,0,0,0,0,0,0,0
91046,Stefan de Vrij,Inter,stefan de vrij,7.03,11,8,671,0,0.35,0,0.14,0,0,6,2,0.0,438,467,93.79,13,23,56.52,2,32,7,9,1,2,50.0,0,0,0.0,560,31,1,27,0,20,74.07,17,14,54.84,37,63.79,15,10,66.67,7,34,1,4,0,0,1,5,5,1,0,0,0,0,2,8,0,0,6,2,0,0,0,0,0,0,0
875136,Noa Lang,Napoli,noa lang,6.91,18,7,668,1,0.79,2,2.08,4,1,9,4,11.11,212,269,78.81,12,15,80.0,15,101,7,12,8,20,40.0,44,11,25.0,411,120,6,32,7,31,54.39,6,7,46.15,37,52.86,12,7,58.33,2,1,3,0,0,0,2,5,11,2,0,0,0,0,0,4,0,0,4,0,0,0,0,0,0,0,0
959003,Filip Stojilković,Pisa,filip stojilkovic,6.43,13,8,659,0,2.73,0,0.55,2,6,10,4,0.0,49,68,72.06,1,1,100.0,2,14,2,5,2,4,50.0,3,2,66.67,111,32,2,7,3,4,22.22,1,9,10.0,5,17.86,2,1,50.0,0,1,1,1,0,0,1,8,0,0,0,0,0,0,0,16,0,0,12,4,0,0,0,0,0,0,0
983815,Yunus Musah,Atalanta,yunus musah,6.76,20,5,658,1,0.62,0,0.81,1,0,7,2,14.29,323,367,88.01,16,22,72.73,4,106,6,12,14,21,66.67,11,5,45.45,509,82,4,38,9,42,57.53,5,12,29.41,47,52.22,10,6,60.0,5,7,1,2,0,0,6,9,18,1,0,0,0,0,2,9,0,0,7,2,0,0,0,0,0,0,0
45925,Stephan El Shaarawy,Roma,stephan el shaarawy,6.74,20,5,657,1,1.48,2,1.36,3,2,18,7,5.56,281,331,84.89,10,15,66.67,12,113,9,14,12,27,44.44,16,1,6.25,486,105,5,30,8,29,43.94,6,15,28.57,35,40.23,10,6,60.0,7,6,4,2,0,0,5,10,7,4,0,0,0,0,0,3,0,0,2,1,0,0,0,0,0,0,0
877835,Nicolas-Gerrit Kühn,Como,nicolas-gerrit kuhn,6.61,23,6,655,1,1.02,1,1.24,1,1,8,3,12.5,178,217,82.03,4,9,44.44,11,87,3,12,10,19,52.63,14,4,28.57,327,88,3,24,10,25,40.98,3,9,25.0,28,38.36,13,6,46.15,5,0,3,0,0,0,12,6,2,0,0,0,0,0,0,6,0,0,4,2,0,0,0,0,0,0,0
132645,Niclas Füllkrug,Milan,niclas fullkrug,6.5,20,3,647,1,3.9,0,0.62,4,5,16,5,6.25,130,181,71.82,2,3,66.67,9,58,3,5,3,6,50.0,1,0,0.0,279,80,2,13,6,12,40.0,19,24,44.19,31,42.47,1,1,100.0,3,14,5,0,0,1,3,8,8,0,0,0,0,0,0,6,0,0,6,0,0,0,0,0,0,0,0
1127590,Mohamed Kaba,Lecce,mohamed kaba,6.62,15,5,646,0,0.47,0,0.26,0,0,9,4,0.0,142,186,76.34,7,11,63.64,5,58,5,8,9,16,56.25,8,3,37.5,331,96,5,33,18,41,50.0,14,16,46.67,55,49.11,12,7,58.33,4,6,2,2,0,0,5,12,21,1,0,0,0,0,0,12,0,0,11,1,0,0,0,0,0,0,0
786259,Kostas Tsimikas,Roma,kostas tsimikas,6.61,18,6,644,0,0.41,0,0.42,0,1,7,0,0.0,212,265,80.0,8,26,30.77,4,52,3,11,6,10,60.0,43,7,16.28,459,119,3,26,8,25,48.08,5,6,45.45,30,47.62,11,6,54.55,8,18,3,2,0,0,6,9,8,1,0,0,0,0,0,7,0,0,5,2,0,0,0,0,0,0,0
1010223,Fabio Miretti,Juventus,fabio miretti,6.64,23,5,631,1,2.12,2,1.81,2,1,18,5,5.56,325,379,85.75,13,27,48.15,12,130,16,29,7,19,36.84,16,4,25.0,538,108,13,42,13,33,43.42,3,7,30.0,36,41.86,19,8,42.11,3,6,6,0,0,1,6,15,7,1,0,0,0,0,1,6,0,0,6,0,0,0,0,0,0,0,0
284349,Simone Scuffet,Pisa,simone scuffet,7.04,7,7,630,0,,0,0.02,0,0,0,0,0.0,160,237,67.51,73,149,48.99,0,17,24,39,0,0,0.0,0,0,0.0,288,77,0,47,0,3,100.0,3,0,100.0,6,100.0,0,0,0.0,0,9,0,0,0,0,0,0,4,0,0,14,0,4,1,15,12,1,15,0,4,1,1,3,0,3,0
98212,Charalampos Lykogiannis,Bologna,charalampos lykogiannis,6.74,10,7,627,0,0.2,1,1.45,1,0,7,2,0.0,228,296,77.03,13,45,28.89,13,60,12,30,3,5,60.0,45,14,31.11,497,138,1,26,4,18,52.94,7,9,43.75,25,50.0,14,9,64.29,5,17,3,3,0,0,3,8,1,3,0,0,0,0,1,8,0,0,5,3,0,0,0,0,0,0,0
1001997,Răzvan Sava,Udinese,razvan sava,6.67,7,6,619,0,,0,0.01,0,0,0,0,0.0,129,172,75.0,20,62,32.26,0,5,1,2,0,0,0.0,0,0,0.0,222,44,0,46,0,0,0.0,0,0,0.0,0,0.0,0,0,0.0,0,7,0,0,0,1,1,0,0,1,0,14,0,3,1,14,7,5,12,2,3,4,4,2,0,0,0
1069560,Antonio Vergara,Napoli,antonio vergara,6.85,12,8,618,1,0.77,2,0.82,0,0,10,3,10.0,134,176,76.14,2,9,22.22,11,65,4,8,8,26,30.77,11,3,27.27,350,119,9,33,15,40,42.11,5,13,27.78,45,39.82,12,9,75.0,4,3,3,0,0,0,7,17,20,2,0,0,0,0,0,9,0,0,9,0,0,0,0,0,0,0,0
1152943,Rosen Bozhinov,Pisa,rosen bozhinov,6.24,9,8,614,0,0.18,0,0.19,1,0,3,1,0.0,361,413,87.41,11,37,29.73,4,25,11,30,0,1,0.0,3,1,33.33,520,67,0,20,0,7,31.82,16,10,61.54,23,47.92,7,6,85.71,11,28,0,4,0,2,2,12,1,1,1,0,0,0,0,10,0,0,9,1,0,0,0,0,0,0,0
1389689,Reda Belahyane,Lazio,reda belahyane,6.69,13,5,612,0,0.21,2,0.93,1,0,3,1,0.0,241,281,85.77,11,16,68.75,6,71,6,16,7,21,33.33,1,1,100.0,373,73,3,33,6,23,40.35,3,1,75.0,26,42.62,13,7,53.85,3,5,0,1,0,0,3,11,3,1,1,0,0,0,1,10,0,0,9,1,0,0,0,0,0,0,0
1018179,Daniel Mosquera,Hellas Verona,daniel mosquera,6.38,22,5,610,0,0.71,2,0.32,2,0,16,5,0.0,84,114,73.68,0,2,0.0,5,27,1,3,7,16,43.75,2,0,0.0,231,87,4,21,15,17,25.76,17,41,29.31,34,27.42,5,2,40.0,2,6,5,3,0,0,6,22,6,1,0,0,0,0,0,13,0,0,13,0,0,0,0,0,0,0,0
998830,Daniel Oyegoke,Hellas Verona,daniel oyegoke,6.64,15,8,606,0,0.07,0,0.18,0,0,3,1,0.0,133,177,75.14,4,11,36.36,3,44,4,15,7,12,58.33,32,6,18.75,364,114,0,25,7,28,51.85,7,9,43.75,35,50.0,16,10,62.5,7,12,0,0,0,0,3,13,5,2,0,0,0,0,0,8,0,0,8,0,0,0,0,0,0,0,0
158615,Matías Vecino,Lazio,matias vecino,6.69,13,5,605,0,0.33,1,0.7,1,0,7,0,0.0,327,369,88.62,6,15,40.0,3,63,9,16,0,2,0.0,0,0,0.0,453,58,1,32,3,12,41.38,13,15,46.43,25,43.86,10,8,80.0,7,17,3,3,0,1,4,8,3,1,0,0,0,0,1,4,0,0,4,0,0,0,0,0,0,0,0
139273,Daniele Rugani,Fiorentina,daniele rugani,6.56,12,7,594,0,0.1,0,0.04,0,1,1,0,0.0,296,323,91.64,10,19,52.63,0,7,3,9,0,0,0.0,0,0,0.0,391,29,0,15,0,8,50.0,15,14,51.72,23,51.11,8,6,75.0,9,30,0,4,1,2,1,9,0,2,0,0,0,0,1,6,0,0,6,0,0,0,0,0,0,0,0
1012179,Jacopo Fazzini,Fiorentina,jacopo fazzini,6.67,20,5,591,0,1.06,0,0.77,1,1,9,1,0.0,140,188,74.47,6,10,60.0,9,52,6,7,9,22,40.91,16,6,37.5,338,104,6,35,15,42,49.41,9,12,42.86,51,48.11,18,10,55.56,6,6,6,1,0,1,5,12,15,2,0,0,0,0,0,8,0,0,5,3,0,0,0,0,0,0,0
835600,Davide Frattesi,Inter,davide frattesi,6.52,22,3,575,0,2.17,0,0.16,1,4,16,4,0.0,94,121,77.69,2,5,40.0,6,29,2,3,5,9,55.56,2,0,0.0,220,52,0,16,8,31,55.36,4,8,33.33,35,51.47,15,7,46.67,3,4,3,1,0,0,4,9,11,0,0,0,0,0,1,4,0,0,4,0,0,0,0,0,0,0,0
1511706,Alexsandro Amorim,Genoa,alexsandro amorim,6.77,11,6,561,0,0.16,0,0.51,1,0,2,0,0.0,241,282,85.46,13,30,43.33,11,35,11,22,7,9,77.78,16,5,31.25,398,69,2,29,6,41,59.42,1,2,33.33,42,58.33,16,7,43.75,8,8,2,2,0,1,14,7,18,1,0,0,0,0,0,8,0,0,7,1,0,0,0,0,0,0,0
123976,Sergi Roberto,Como,sergi roberto,6.62,20,5,555,0,0.96,0,0.5,0,2,7,2,0.0,401,435,92.18,7,12,58.33,8,82,4,10,4,8,50.0,3,3,100.0,519,56,2,23,7,20,43.48,5,5,50.0,25,44.64,7,6,85.71,5,10,1,1,0,1,6,9,9,3,0,0,0,0,0,7,0,0,4,3,0,0,0,0,0,0,0
981470,Corrie Ndaba,Lecce,corrie ndaba,6.54,14,6,552,0,0.12,0,0.05,0,0,2,0,0.0,166,199,83.42,10,24,41.67,2,34,6,14,6,6,100.0,4,1,25.0,307,45,1,17,1,13,68.42,7,8,46.67,20,58.82,7,4,57.14,4,37,1,1,1,0,3,2,0,0,0,0,0,0,0,12,0,0,12,0,0,0,0,0,0,0,0
1526934,Niccolò Fortini,Fiorentina,niccolo fortini,6.69,16,2,546,0,0.25,0,0.82,1,0,8,2,0.0,184,210,87.62,11,19,57.89,4,58,8,17,8,19,42.11,29,5,17.24,393,91,2,35,5,47,61.84,5,6,45.45,52,59.77,22,9,40.91,4,8,3,2,0,1,8,5,18,0,0,0,0,0,0,12,0,0,11,1,0,0,0,0,0,0,0
978327,N'Dri Konan,Lecce,n'dri konan,6.59,27,1,546,2,1.03,0,0.44,2,1,19,5,10.53,92,132,69.7,5,9,55.56,4,54,4,9,10,44,22.73,23,2,8.7,333,139,7,24,15,39,37.14,5,9,35.71,44,36.97,11,4,36.36,2,0,4,0,0,0,9,9,18,3,0,0,0,0,0,14,0,0,13,1,0,0,0,0,0,0,0
1162611,Benjamín Domínguez,Bologna,benjamin dominguez,6.46,15,6,543,0,0.67,3,0.39,0,0,12,2,0.0,97,121,80.17,4,11,36.36,7,52,6,9,9,21,42.86,7,0,0.0,268,90,4,23,18,36,45.57,2,13,13.33,38,40.43,9,2,22.22,2,0,5,0,0,0,8,6,18,1,0,0,0,0,0,6,0,0,4,2,0,0,0,0,0,0,0
150611,Nícolas,Pisa,nicolas,6.5,6,6,540,0,,0,0.01,0,0,0,0,0.0,124,191,64.92,56,123,45.53,0,11,8,15,1,1,100.0,0,0,0.0,250,67,0,59,0,3,60.0,4,0,100.0,7,77.78,0,0,0.0,0,4,0,0,0,0,2,0,3,0,0,12,0,7,0,14,5,7,13,1,1,4,4,10,0,1,0
1125917,Felipe Loyola,Pisa,felipe loyola,6.41,11,6,538,1,0.8,0,0.07,1,0,9,1,11.11,188,216,87.04,9,14,64.29,4,31,8,14,3,6,50.0,4,0,0.0,310,65,2,28,12,15,35.71,1,6,14.29,16,32.65,10,7,70.0,7,8,5,1,0,0,4,8,2,0,1,0,0,0,0,15,0,0,14,1,0,0,0,0,0,0,0
575852,Sandi Lovrić,Hellas Verona,sandi lovric,6.71,14,4,535,0,0.49,1,1.74,4,1,6,2,0.0,207,236,87.71,16,26,61.54,12,50,16,25,5,8,62.5,47,16,34.04,396,84,2,31,9,31,49.21,2,4,33.33,33,47.83,22,10,45.45,11,14,0,0,1,0,11,9,4,2,0,0,0,0,0,10,0,0,10,0,0,0,0,0,0,0,0
893752,Stefano Turati,Sassuolo,stefano turati,6.92,6,6,533,0,,0,0.02,0,0,0,0,0.0,78,157,49.68,30,109,27.52,2,12,2,6,0,0,0.0,0,0,0.0,217,81,0,49,0,1,100.0,4,0,100.0,5,100.0,0,0,0.0,1,8,0,0,0,0,0,0,1,0,0,15,0,6,2,7,6,9,6,1,2,2,2,10,0,0,0
122848,Cristiano Biraghi,Torino,cristiano biraghi,6.62,14,5,530,0,0.07,0,0.9,0,0,2,0,0.0,145,181,80.11,12,26,46.15,7,49,10,16,1,3,33.33,44,10,22.73,325,86,2,12,0,16,53.33,7,2,77.78,23,58.97,9,7,77.78,3,18,2,0,1,0,4,9,6,0,0,0,0,0,1,11,0,0,11,0,0,0,0,0,0,0,0
215246,Franco Vázquez,Cremonese,franco vazquez,6.75,15,4,529,1,1.39,2,1.56,4,0,12,4,8.33,155,198,78.28,10,14,71.43,10,55,8,12,5,12,41.67,19,5,26.32,340,97,4,21,17,40,50.63,8,17,32.0,48,46.15,19,8,42.11,4,6,2,1,0,0,7,9,16,1,0,0,0,0,1,11,0,0,10,1,0,0,0,0,0,0,0
1499991,Jan Ziółkowski,Roma,jan ziolkowski,6.81,18,5,527,0,0.12,0,0.12,0,0,2,0,0.0,213,254,83.86,12,36,33.33,1,13,5,13,0,0,0.0,0,0,0.0,355,44,0,23,2,27,62.79,23,18,56.1,50,59.52,19,12,63.16,8,41,0,5,0,0,2,12,8,3,0,0,0,0,1,5,0,0,5,0,0,0,0,0,0,0,0
856737,Zakaria Aboukhlal,Torino,zakaria aboukhlal,6.61,15,6,520,0,0.34,0,0.38,1,0,7,2,0.0,123,166,74.1,6,16,37.5,3,40,2,15,6,17,35.29,18,2,11.11,319,100,2,24,6,39,49.37,4,9,30.77,43,46.74,22,13,59.09,1,8,2,1,0,0,11,12,11,4,0,0,0,0,0,11,0,0,11,0,0,0,0,0,0,0,0
937324,Nicolò Rovella,Lazio,nicolo rovella,7.04,11,6,513,0,0.03,1,1.04,2,0,1,0,0.0,456,492,92.68,17,26,65.38,13,85,14,29,6,9,66.67,11,4,36.36,588,60,0,36,4,29,61.7,3,1,75.0,32,62.75,11,10,90.91,9,9,0,1,0,2,5,7,12,2,1,0,0,0,1,6,0,0,4,2,0,0,0,0,0,0,0
892430,Fali Candé,Sassuolo,fali cande,6.57,12,5,512,0,0.22,0,0.03,0,0,3,0,0.0,146,191,76.44,6,24,25.0,1,17,6,18,0,0,0.0,4,0,0.0,298,68,1,26,1,15,53.57,11,17,39.29,26,46.43,9,9,100.0,2,28,0,3,0,1,4,9,6,2,0,0,0,0,0,6,0,0,6,0,0,0,0,0,0,0,0
14718,Lorenzo De Silvestri,Bologna,lorenzo de silvestri,6.69,12,6,503,0,,0,0.15,0,0,0,0,0.0,157,183,85.79,10,18,55.56,5,20,10,16,1,2,50.0,7,4,57.14,281,42,1,15,1,6,35.29,7,3,70.0,13,48.15,2,1,50.0,7,24,0,3,0,0,1,9,3,2,0,0,0,0,0,4,0,0,3,1,0,0,0,0,0,0,0
3041,Raúl Albiol,Pisa,raul albiol,6.68,8,5,502,0,0.07,1,0.29,1,0,1,0,0.0,218,253,86.17,32,54,59.26,3,17,19,30,0,0,0.0,1,1,100.0,352,39,1,19,1,9,50.0,7,8,46.67,16,48.48,7,4,57.14,6,60,1,6,0,0,2,6,2,1,0,0,0,0,1,11,0,0,9,2,0,0,0,0,0,0,0
47743,Juan Cuadrado,Pisa,juan cuadrado,6.83,19,2,501,1,0.96,0,1.15,2,0,10,2,10.0,176,216,81.48,18,30,60.0,13,44,12,29,13,30,43.33,44,18,40.91,420,109,1,29,9,47,51.65,2,4,33.33,49,50.52,18,11,61.11,4,7,5,2,0,0,9,9,16,3,0,0,0,0,0,9,0,0,6,3,0,0,0,0,0,0,0
1048889,Andy Diouf,Inter,andy diouf,6.71,19,4,499,1,0.6,0,1.54,2,0,10,3,10.0,200,234,85.47,2,4,50.0,12,82,2,6,12,24,50.0,6,1,16.67,341,75,1,23,12,27,42.86,6,4,60.0,33,45.21,12,5,41.67,1,5,4,0,0,1,7,5,3,1,0,0,0,0,1,5,0,0,4,1,0,0,0,0,0,0,0
1009661,Oier Zarraga,Udinese,oier zarraga,6.57,24,2,497,0,0.28,0,0.24,1,1,4,1,0.0,142,158,89.87,4,11,36.36,2,39,5,8,1,3,33.33,12,2,16.67,243,39,2,26,3,12,30.0,8,6,57.14,20,37.04,6,6,100.0,6,14,2,3,0,0,15,8,5,2,0,0,0,0,0,10,0,0,9,1,0,0,0,0,0,0,0
76132,Milan Đurić,Cremonese,milan duric,6.74,23,3,495,0,0.88,1,0.6,2,0,15,5,0.0,74,159,46.54,3,5,60.0,5,37,3,4,1,3,33.33,2,0,0.0,221,103,3,9,2,10,47.62,74,22,77.08,84,71.79,1,0,0.0,0,10,3,0,0,0,1,6,9,2,1,0,0,0,0,12,0,0,12,0,0,0,0,0,0,0,0
1183625,Giovanni Bonfanti,Pisa,giovanni bonfanti,6.46,9,6,495,0,0.37,0,0.1,0,0,6,1,0.0,91,140,65.0,11,35,31.43,3,17,6,18,5,12,41.67,12,2,16.67,288,97,1,19,5,21,47.73,9,8,52.94,30,49.18,13,6,46.15,7,26,2,2,0,0,2,10,3,1,0,0,0,0,1,11,0,0,7,4,0,0,0,0,0,0,0
126588,Filip Kostić,Juventus,filip kostic,6.9,18,4,490,3,0.59,1,1.18,1,0,9,4,33.33,190,229,82.97,9,18,50.0,10,48,6,14,4,8,50.0,49,11,22.45,401,100,1,29,6,26,54.17,4,4,50.0,30,53.57,17,10,58.82,4,11,3,0,1,0,4,8,5,1,0,0,0,0,0,4,0,0,3,1,0,0,0,0,0,0,0
139410,Federico Ceccherini,Cremonese,federico ceccherini,6.57,9,6,489,0,0.2,1,0.31,1,0,5,2,0.0,181,226,80.09,9,32,28.13,2,23,8,24,1,1,100.0,3,0,0.0,339,63,1,15,1,16,61.54,16,11,59.26,32,60.38,7,2,28.57,7,25,0,5,0,0,0,10,9,1,1,0,0,0,0,13,0,0,11,2,0,0,0,0,0,0,0
1486808,Eivind Helland,Bologna,eivind helland,6.82,6,6,488,0,0.07,0,0.04,0,0,1,0,0.0,294,335,87.76,11,35,31.43,3,21,8,25,0,0,0.0,0,0,0.0,391,50,0,28,2,8,50.0,15,6,71.43,23,62.16,7,6,85.71,6,19,0,6,0,0,1,5,1,2,0,0,0,0,2,8,0,0,7,1,0,0,0,0,0,0,0
928295,Adrian Benedyczak,Parma,adrian benedyczak,6.62,14,5,486,1,1.44,1,0.56,3,3,8,3,12.5,71,96,73.96,5,9,55.56,9,33,6,8,0,4,0.0,10,2,20.0,161,49,1,9,1,10,40.0,21,23,47.73,31,44.93,6,6,100.0,0,8,1,1,0,0,4,9,6,1,0,0,0,0,0,7,0,0,7,0,0,0,0,0,0,0,0
1133715,Mathias Løvik,Parma,mathias lovik,6.49,9,5,479,0,0.15,0,0.22,0,0,3,0,0.0,101,127,79.53,5,12,41.67,2,22,2,8,2,11,18.18,15,4,26.67,234,62,1,19,0,15,45.45,3,10,23.08,18,39.13,11,6,54.55,6,9,1,0,0,0,6,3,2,0,0,0,0,0,0,8,0,0,5,3,0,0,0,0,0,0,0
1494096,Francesco Coppola,Pisa,francesco coppola,6.28,7,5,461,0,0.1,0,0.16,0,0,2,0,0.0,103,123,83.74,3,6,50.0,0,17,2,6,0,0,0.0,2,1,50.0,249,49,0,12,1,22,52.38,3,7,30.0,25,48.08,13,5,38.46,4,13,2,4,0,0,12,7,9,3,0,0,0,0,0,15,0,0,13,2,0,0,0,0,0,0,0
856065,Pontus Almqvist,Parma,pontus almqvist,6.68,13,4,452,0,0.39,1,0.92,3,1,5,2,0.0,83,106,78.3,2,6,33.33,9,37,2,4,6,16,37.5,7,4,57.14,216,62,1,21,12,29,47.54,6,6,50.0,35,47.95,9,5,55.56,6,3,2,0,0,0,5,6,14,0,0,0,0,0,0,7,0,0,6,1,0,0,0,0,0,0,0
796455,Vakoun Issouf Bayo,Udinese,vakoun issouf bayo,6.41,15,4,451,0,1.37,2,0.12,1,3,14,2,0.0,84,112,75.0,2,6,33.33,3,39,2,6,1,7,14.29,1,0,0.0,192,65,1,12,6,9,25.71,25,30,45.45,34,37.78,2,1,50.0,0,2,0,1,0,0,1,15,6,0,0,0,0,0,0,11,0,0,10,1,0,0,0,0,0,0,0
845291,Josep Martínez,Inter,josep martinez,6.76,5,5,450,0,,0,0.0,0,0,0,0,0.0,160,184,86.96,16,37,43.24,0,0,4,7,0,0,0.0,0,0,0.0,221,26,0,40,0,0,0.0,0,0,0.0,0,0.0,0,0,0.0,0,4,0,0,0,0,0,0,0,0,0,10,0,3,3,4,3,7,3,1,0,7,6,0,1,0,0
964154,Tomáš Suslov,Hellas Verona,tomas suslov,6.43,11,5,445,0,0.56,0,0.16,0,1,12,4,0.0,85,102,83.33,5,10,50.0,4,28,5,10,4,17,23.53,20,5,25.0,211,72,2,26,5,24,42.11,0,2,0.0,24,40.68,8,6,75.0,1,1,5,0,0,0,7,9,12,1,1,0,0,0,0,7,0,0,6,1,0,0,0,0,0,0,0
1133236,Tobias Slotsager,Hellas Verona,tobias slotsager,6.78,8,4,443,0,0.14,0,0.09,0,0,3,1,0.0,176,227,77.53,9,35,25.71,0,24,7,24,0,0,0.0,2,1,50.0,315,57,0,13,0,19,79.17,21,5,80.77,40,80.0,14,7,50.0,3,34,1,4,1,0,2,3,5,0,0,0,0,0,2,9,0,0,9,0,0,0,0,0,0,0,0
1152386,Rafiu Durosinmi,Pisa,rafiu durosinmi,6.38,12,4,430,1,0.85,1,0.23,0,1,9,5,11.11,51,85,60.0,3,3,100.0,3,17,1,1,3,7,42.86,0,0,0.0,161,69,1,12,11,5,14.71,23,29,44.23,28,32.56,0,0,0.0,1,5,1,0,0,0,2,15,2,1,1,0,0,0,0,10,0,0,10,0,0,0,0,0,0,0,0
1536811,Idrissa Gueye,Udinese,idrissa gueye,6.53,19,1,427,1,1.72,0,0.24,0,3,20,6,5.0,48,71,67.61,0,0,0.0,4,22,1,1,2,5,40.0,4,1,25.0,173,58,0,6,6,17,43.59,21,20,51.22,38,47.5,6,4,66.67,3,4,8,3,0,0,4,15,9,2,0,0,0,0,0,6,0,0,4,2,0,0,0,0,0,0,0
1126175,Saba Goglichidze,Udinese,saba goglichidze,6.62,8,4,422,0,0.2,0,0.21,0,1,3,1,0.0,150,184,81.52,32,47,68.09,2,28,20,28,0,0,0.0,2,1,50.0,249,41,0,13,1,15,65.22,5,5,50.0,20,60.61,11,8,72.73,8,16,0,1,0,0,2,5,4,2,0,0,0,0,0,7,0,0,5,2,0,0,0,0,0,0,0
962364,Lorenzo Lucca,Napoli,lorenzo lucca,6.59,16,4,420,1,1.26,0,0.6,1,2,15,5,6.67,52,66,78.79,1,1,100.0,2,22,1,1,6,9,66.67,0,0,0.0,146,43,3,11,9,18,40.0,10,12,45.45,28,41.79,0,0,0.0,0,3,6,0,0,0,1,17,13,1,0,0,0,0,0,3,0,0,3,0,0,0,0,0,0,0,0
848355,Angeliño,Roma,angelino,6.83,7,5,418,0,0.18,0,0.72,0,0,5,2,0.0,164,209,78.47,11,22,50.0,5,58,18,33,0,3,0.0,18,4,22.22,314,72,0,22,2,11,40.74,4,4,50.0,15,42.86,9,7,77.78,2,6,1,0,0,0,6,5,2,2,0,0,0,0,1,1,0,0,0,1,0,0,0,0,0,0,0
877371,Ivan Ilić,Torino,ivan ilic,6.68,8,5,415,0,,0,0.5,1,0,0,0,0.0,156,190,82.11,6,13,46.15,8,41,5,11,2,3,66.67,2,1,50.0,246,50,1,18,8,13,38.24,4,7,36.36,17,37.78,8,5,62.5,6,11,0,0,0,0,4,9,4,2,0,0,0,0,0,5,0,0,5,0,0,0,0,0,0,0,0
975811,Mattia Felici,Cagliari,mattia felici,6.72,12,4,409,2,0.62,1,0.35,1,1,9,6,22.22,71,105,67.62,1,3,33.33,8,23,1,6,7,19,36.84,23,6,26.09,223,86,4,15,8,24,42.86,1,4,20.0,25,40.98,11,6,54.55,5,2,2,0,0,0,3,10,6,3,0,0,0,0,0,7,0,0,7,0,0,0,0,0,0,0,0
355486,Stefan Posch,Como,stefan posch,6.71,14,3,406,1,0.8,0,0.25,0,0,8,3,12.5,196,242,80.99,9,28,32.14,2,43,8,19,1,1,100.0,11,3,27.27,379,70,0,18,4,19,55.88,8,11,42.11,27,50.94,12,3,25.0,4,15,1,1,0,0,2,9,6,1,0,0,0,0,0,3,0,0,3,0,0,0,0,0,0,0,0
831290,David Okereke,Cremonese,david okereke,6.65,10,3,400,2,0.65,0,0.19,1,0,8,5,25.0,86,98,87.76,2,2,100.0,3,31,1,2,5,13,38.46,5,1,20.0,169,42,5,9,5,12,41.38,12,26,31.58,24,35.82,3,0,0.0,0,3,1,1,0,0,3,1,4,0,1,0,0,0,0,7,0,0,6,1,0,0,0,0,0,0,0
798820,Artem Dovbyk,Roma,artem dovbyk,6.57,14,3,396,3,2.52,1,0.45,2,3,12,6,25.0,62,87,71.26,0,0,0.0,11,29,2,4,2,3,66.67,1,0,0.0,161,55,1,5,11,11,33.33,15,8,65.22,26,46.43,3,3,100.0,1,3,1,0,0,0,0,11,6,0,0,0,0,0,0,3,0,0,2,1,0,0,0,0,0,0,0
869275,Dennis Johnsen,Cremonese,dennis johnsen,6.62,11,5,390,1,0.43,1,0.34,1,0,5,2,20.0,49,96,51.04,2,11,18.18,4,16,3,11,5,13,38.46,12,5,41.67,177,88,2,13,6,12,40.0,8,6,57.14,20,45.45,3,2,66.67,0,4,2,0,0,1,3,2,4,0,0,0,0,0,0,7,0,0,5,2,0,0,0,0,0,0,0
887766,Edon Zhegrova,Juventus,edon zhegrova,6.67,19,0,387,0,0.82,0,1.44,2,0,19,9,0.0,189,229,82.53,8,11,72.73,10,117,6,12,21,44,47.73,49,11,22.45,404,131,5,20,11,32,45.71,2,2,50.0,34,45.95,5,3,60.0,0,1,8,0,1,0,1,4,6,1,0,0,0,0,0,4,0,0,3,1,0,0,0,0,0,0,0
839925,Michele Collocolo,Cremonese,michele collocolo,6.47,8,5,363,0,0.06,0,0.03,0,0,2,1,0.0,96,118,81.36,3,10,30.0,2,16,1,9,1,1,100.0,5,0,0.0,164,43,0,14,5,6,40.0,3,3,50.0,9,42.86,3,3,100.0,1,2,1,2,0,0,3,2,2,1,0,0,0,0,1,7,0,0,7,0,0,0,0,0,0,0,0
941179,Niels Nkounkou,Torino,niels nkounkou,6.86,11,3,361,0,0.19,1,0.89,3,0,4,1,0.0,94,117,80.34,6,14,42.86,6,31,3,7,8,12,66.67,20,6,30.0,255,56,1,12,3,26,63.41,3,9,25.0,29,54.72,16,11,68.75,8,15,1,1,0,1,4,4,3,3,0,0,0,0,0,7,0,0,7,0,0,0,0,0,0,0,0
43970,Marco Silvestri,Cremonese,marco silvestri,6.8,4,4,360,0,,0,0.01,0,0,0,0,0.0,80,140,57.14,23,82,28.05,0,4,2,4,0,0,0.0,0,0,0.0,180,60,0,35,0,0,0.0,2,0,100.0,2,100.0,0,0,0.0,0,4,0,0,1,0,0,0,0,0,0,15,0,6,0,7,7,8,6,1,3,2,2,2,0,0,0
1153083,Valentín Carboni,Genoa,valentin carboni,6.71,12,3,360,0,0.44,0,0.34,0,0,6,2,0.0,108,131,82.44,4,6,66.67,4,38,5,6,10,19,52.63,8,0,0.0,248,76,2,25,9,29,47.54,3,5,37.5,32,46.38,14,8,57.14,2,6,2,0,0,0,4,11,5,2,0,0,0,0,0,4,0,0,4,0,0,0,0,0,0,0,0
1530540,Massimo Pessina,Bologna,massimo pessina,6.73,4,3,352,0,,0,0.0,0,0,0,0,0.0,90,136,66.18,19,63,30.16,0,2,3,18,0,0,0.0,0,0,0.0,170,46,0,29,0,1,100.0,1,0,100.0,2,100.0,0,0,0.0,0,10,0,0,0,1,0,0,1,0,0,7,0,4,2,2,5,2,2,0,0,7,7,3,0,0,0
2049928,Paul Mendy,Cagliari,paul mendy,6.62,9,3,338,2,1.88,0,0.13,0,2,15,3,13.33,52,74,70.27,3,4,75.0,6,28,1,1,2,5,40.0,2,0,0.0,162,61,3,18,12,6,17.65,18,25,41.86,24,31.17,0,0,0.0,1,4,3,1,0,0,1,12,4,1,0,0,0,0,0,6,0,0,4,2,0,0,0,0,0,0,0
1000150,Zito Luvumbo,Cagliari,zito luvumbo,6.58,12,2,335,0,1.1,0,0.18,1,2,12,6,0.0,50,65,76.92,0,0,0.0,3,21,2,3,3,12,25.0,7,2,28.57,144,47,2,10,5,23,53.49,1,4,20.0,24,50.0,2,1,50.0,1,1,1,0,0,0,3,4,18,0,0,0,0,0,0,8,0,0,6,2,0,0,0,0,0,0,0
377512,Pasquale Mazzocchi,Napoli,pasquale mazzocchi,6.58,16,2,316,0,0.05,1,0.84,2,0,2,1,0.0,143,169,84.62,4,10,40.0,4,36,4,10,4,9,44.44,15,4,26.67,258,60,0,17,4,6,35.29,6,3,66.67,12,46.15,2,2,100.0,3,10,0,0,0,1,1,1,0,0,1,0,0,0,0,3,0,0,3,0,0,0,0,0,0,0,0
356032,Filippo Romagna,Sassuolo,filippo romagna,6.76,5,4,315,0,0.04,0,0.03,0,0,2,0,0.0,165,183,90.16,11,24,45.83,0,12,9,12,0,0,0.0,1,0,0.0,217,22,1,9,0,2,40.0,3,3,50.0,5,45.45,1,1,100.0,5,12,0,5,0,0,3,0,1,0,0,0,0,0,0,4,0,0,3,1,0,0,0,0,0,0,0
844480,Pol Lirola,Hellas Verona,pol lirola,6.45,6,3,313,0,,0,0.05,0,0,0,0,0.0,71,113,62.83,4,14,28.57,1,19,2,11,1,4,25.0,16,1,6.25,196,75,0,15,2,6,37.5,2,4,33.33,8,36.36,5,3,60.0,4,6,0,1,0,0,2,3,0,1,0,0,0,0,0,6,0,0,6,0,0,0,0,0,0,0,0
1493157,Alieu Njie,Torino,alieu njie,6.6,15,2,311,1,1.0,1,0.1,0,3,6,3,16.67,44,61,72.13,0,2,0.0,3,22,2,5,7,15,46.67,4,0,0.0,137,46,4,16,7,21,46.67,4,6,40.0,25,45.45,6,2,33.33,0,1,0,0,1,0,1,8,8,2,0,0,0,0,0,5,0,0,5,0,0,0,0,0,0,0,0
826026,Sandro Kulenović,Torino,sandro kulenovic,6.44,13,3,310,0,0.67,1,0.13,0,1,5,2,0.0,41,65,63.08,1,3,33.33,5,20,1,2,2,5,40.0,1,1,100.0,125,45,3,15,6,10,33.33,4,9,30.77,14,32.56,4,1,25.0,1,4,2,1,0,0,1,11,4,2,0,0,0,0,0,5,0,0,4,1,0,0,0,0,0,0,0
1486729,Nesta Elphege,Parma,nesta elphege,6.81,9,2,306,2,1.91,1,0.11,0,2,6,3,33.33,41,62,66.13,0,1,0.0,4,21,1,2,4,6,66.67,0,0,0.0,99,31,1,10,0,6,54.55,19,17,52.78,25,53.19,2,0,0.0,0,2,1,0,0,0,0,3,0,0,0,0,0,0,0,2,0,0,1,1,0,0,0,0,0,0,0
988037,Juan Cabal,Juventus,juan cabal,6.74,12,2,296,2,0.79,0,0.18,2,0,5,2,40.0,108,134,80.6,3,11,27.27,2,28,1,5,1,1,100.0,4,0,0.0,200,45,1,21,4,11,45.83,4,7,36.36,15,42.86,9,6,66.67,4,6,1,0,0,0,5,4,1,1,0,0,0,0,0,5,0,0,4,1,0,0,0,0,0,0,0
907667,Tino Anjorin,Torino,tino anjorin,6.59,15,1,286,0,0.49,0,0.15,0,1,4,1,0.0,101,124,81.45,3,7,42.86,3,29,4,7,3,5,60.0,1,1,100.0,184,39,3,13,2,13,48.15,8,7,53.33,21,50.0,9,5,55.56,6,4,3,1,0,0,2,8,1,1,0,0,0,0,0,7,0,0,5,2,0,0,0,0,0,0,0
253369,Simone Perilli,Hellas Verona,simone perilli,6.6,3,3,270,0,,0,0.0,0,0,0,0,0.0,37,78,47.44,16,56,28.57,0,3,1,4,0,0,0.0,0,0,0.0,98,41,0,18,0,0,0.0,0,0,0.0,0,0.0,0,0,0.0,0,2,0,0,0,0,0,0,0,0,0,8,0,3,1,7,4,4,7,0,2,0,0,3,0,0,0
1013239,Edoardo Iannoni,Sassuolo,edoardo iannoni,6.55,15,1,269,1,0.43,0,0.12,0,0,3,1,33.33,91,111,81.98,0,5,0.0,0,28,3,6,0,5,0.0,2,0,0.0,163,37,2,14,3,6,21.43,7,2,77.78,13,35.14,6,3,50.0,3,6,0,0,0,1,4,11,0,3,0,0,0,0,0,6,0,0,6,0,0,0,0,0,0,0,0
1009268,Mattia Viti,Fiorentina,mattia viti,6.42,10,2,267,0,,0,0.03,0,0,0,0,0.0,120,143,83.92,12,21,57.14,0,22,6,11,1,2,50.0,0,0,0.0,206,40,0,11,3,14,48.28,4,8,33.33,18,43.9,9,4,44.44,4,15,0,1,0,0,2,9,4,1,1,0,0,0,0,6,0,0,5,1,0,0,0,0,0,0,0
1910527,Joseph Liteta,Cagliari,joseph liteta,6.43,4,4,266,0,,0,0.04,0,0,0,0,0.0,111,131,84.73,4,14,28.57,0,12,1,3,2,2,100.0,0,0,0.0,168,28,0,21,4,7,31.82,2,2,50.0,9,34.62,5,2,40.0,8,3,0,3,0,0,7,4,0,0,0,0,0,0,0,6,0,0,5,1,0,0,0,0,0,0,0
1618563,Lorenzo Venturino,Roma,lorenzo venturino,6.69,12,1,254,0,0.17,0,1.03,1,0,5,1,0.0,78,97,80.41,1,5,20.0,7,37,1,4,4,6,66.67,36,10,27.78,166,55,0,9,5,7,43.75,3,4,42.86,10,43.48,0,0,0.0,0,2,2,0,0,0,1,1,3,0,0,0,0,0,0,2,0,0,1,1,0,0,0,0,0,0,0
1002564,Mikayil Faye,Cremonese,mikayil faye,6.76,8,2,250,0,0.04,0,0.28,1,0,2,0,0.0,97,124,78.23,8,16,50.0,1,11,4,9,3,3,100.0,6,0,0.0,176,37,1,16,1,14,73.68,3,7,30.0,17,58.62,7,6,85.71,6,7,2,2,0,0,2,2,4,1,0,0,0,0,0,3,0,0,3,0,0,0,0,0,0,0,0
14990,Edin Džeko,Fiorentina,edin dzeko,6.62,11,2,250,0,0.3,0,0.09,0,0,4,1,0.0,60,81,74.07,1,2,50.0,2,17,0,4,2,6,33.33,1,1,100.0,124,33,0,1,3,8,50.0,18,9,66.67,26,60.47,1,1,100.0,1,6,3,1,0,0,0,2,5,1,0,0,0,0,0,6,0,0,6,0,0,0,0,0,0,0,0
19352,Matteo Darmian,Inter,matteo darmian,6.53,6,2,246,0,,0,0.11,0,0,0,0,0.0,110,121,90.91,3,7,42.86,0,35,0,1,0,2,0.0,6,1,16.67,171,24,0,6,0,5,45.45,1,3,25.0,6,40.0,3,3,100.0,1,4,0,3,0,0,0,4,2,0,0,0,0,0,0,5,0,0,4,1,0,0,0,0,0,0,0
132704,Leonardo Pavoletti,Cagliari,leonardo pavoletti,6.48,13,1,246,1,1.19,1,0.04,1,2,6,1,16.67,37,63,58.73,1,2,50.0,2,13,2,4,0,1,0.0,0,0,0.0,88,33,0,6,0,2,18.18,11,17,39.29,13,33.33,2,2,100.0,1,2,2,0,0,0,2,10,0,1,0,0,0,0,0,4,0,0,3,1,0,0,0,0,0,0,0
1945133,Fallou Cham,Hellas Verona,fallou cham,6.58,6,3,235,0,0.35,0,0.1,1,0,5,2,0.0,32,53,60.38,3,5,60.0,4,10,2,5,1,2,50.0,10,1,10.0,144,42,0,6,1,20,62.5,2,2,50.0,22,61.11,14,10,71.43,4,6,0,0,0,0,3,7,5,0,0,0,0,0,0,6,0,0,6,0,0,0,0,0,0,0,0
220223,Andrea Belotti,Cagliari,andrea belotti,6.8,8,3,232,2,1.92,0,0.03,0,3,6,4,33.33,23,31,74.19,0,0,0.0,1,4,0,0,1,4,25.0,1,0,0.0,82,27,0,3,4,11,50.0,5,10,33.33,16,43.24,1,1,100.0,4,2,0,0,0,0,1,3,10,0,0,0,0,0,0,4,0,0,3,1,0,0,0,0,0,0,0
259995,Adam Masina,Torino,adam masina,6.24,5,2,232,0,,1,0.37,1,0,0,0,0.0,85,99,85.86,7,17,41.18,2,10,5,11,1,4,25.0,0,0,0.0,143,24,1,10,3,10,43.48,2,3,40.0,12,42.86,7,3,42.86,5,11,0,1,1,0,1,6,2,0,0,0,0,0,0,11,0,0,10,1,0,0,0,0,0,0,0
949780,Luca Moro,Sassuolo,luca moro,6.48,14,1,231,0,0.62,0,0.05,1,2,6,1,0.0,34,44,77.27,1,2,50.0,1,13,0,0,1,1,100.0,0,0,0.0,98,34,1,4,4,15,51.72,12,11,52.17,27,51.92,5,4,80.0,2,2,0,0,0,0,3,7,9,1,0,0,0,0,0,3,0,0,3,0,0,0,0,0,0,0,0
1101942,Petar Ratkov,Lazio,petar ratkov,6.53,8,2,228,0,0.59,0,0.02,0,2,6,1,0.0,27,45,60.0,0,1,0.0,1,7,3,4,0,1,0.0,0,0,0.0,72,23,2,5,2,6,66.67,7,4,63.64,13,65.0,3,2,66.67,1,3,2,0,0,0,0,0,3,0,0,0,0,0,0,5,0,0,4,1,0,0,0,0,0,0,0
1910643,Christ-Owen Kouassi,Lecce,christ-owen kouassi,6.45,4,3,228,0,,0,0.07,0,0,0,0,0.0,65,81,80.25,4,8,50.0,0,14,0,2,0,1,0.0,2,1,50.0,138,28,0,6,1,14,82.35,3,1,75.0,17,80.95,11,7,63.64,1,8,0,0,0,1,0,1,3,0,0,0,0,0,0,6,0,0,5,1,0,0,0,0,0,0,0
1514800,Robinio Vaz,Roma,robinio vaz,6.54,12,0,221,1,0.51,0,0.05,0,0,5,2,20.0,23,35,65.71,0,0,0.0,0,12,0,0,0,2,0.0,3,1,33.33,87,34,1,5,6,12,52.17,5,11,31.25,17,43.59,0,0,0.0,2,1,1,0,0,0,1,2,12,0,0,0,0,0,0,2,0,0,1,1,0,0,0,0,0,0,0
1155571,Iker Bravo,Udinese,iker bravo,6.69,8,3,216,1,0.24,0,0.17,0,0,4,1,25.0,36,44,81.82,3,3,100.0,3,14,5,8,1,2,50.0,4,0,0.0,75,26,2,10,6,3,20.0,1,5,16.67,4,19.05,1,1,100.0,0,0,3,0,0,0,2,3,1,1,0,0,0,0,0,1,0,0,1,0,0,0,0,0,0,0,0
1499054,Luís Balbo,Fiorentina,luis balbo,6.78,6,1,208,0,,0,0.09,0,0,0,0,0.0,36,54,66.67,3,13,23.08,1,8,1,8,0,1,0.0,5,1,20.0,133,35,0,6,4,12,54.55,3,3,50.0,15,53.57,6,4,66.67,1,10,0,5,0,0,3,2,6,0,0,0,0,0,0,2,0,0,2,0,0,0,0,0,0,0,0
1525361,Mateus Lusuardi,Pisa,mateus lusuardi,6.57,3,3,199,0,0.07,0,0.01,0,0,4,0,0.0,65,79,82.28,4,9,44.44,1,4,1,4,1,2,50.0,1,0,0.0,107,17,0,7,0,3,27.27,8,2,80.0,11,52.38,2,2,100.0,0,12,3,5,0,0,3,4,0,1,0,0,0,0,0,5,0,0,4,1,0,0,0,0,0,0,0
1476922,Juan Arizala,Udinese,juan arizala,6.68,10,1,197,0,0.03,0,0.18,0,0,1,1,0.0,67,75,89.33,2,2,100.0,1,21,2,4,2,5,40.0,6,0,0.0,135,28,0,5,2,11,61.11,2,3,40.0,13,56.52,8,4,50.0,1,2,0,0,0,0,1,1,1,0,0,0,0,0,0,2,0,0,2,0,0,0,0,0,0,0,0
1392819,Gaby Jean,Lecce,gaby jean,6.81,7,1,196,0,,0,0.01,0,0,0,0,0.0,84,104,80.77,7,18,38.89,0,6,2,7,0,0,0.0,0,0,0.0,134,23,0,8,0,4,50.0,5,4,55.56,9,52.94,3,3,100.0,1,16,0,0,0,0,3,1,2,1,0,0,0,0,1,1,0,0,1,0,0,0,0,0,0,0,0
1149288,Vasilije Adžić,Juventus,vasilije adzic,6.59,10,1,193,1,0.23,0,0.23,0,0,6,4,16.67,86,100,86.0,4,6,66.67,4,31,1,4,1,7,14.29,5,0,0.0,147,30,3,15,2,7,35.0,1,7,12.5,8,28.57,4,2,50.0,2,3,1,0,1,1,2,3,2,0,0,0,0,0,0,3,0,0,3,0,0,0,0,0,0,0,0
108673,Nicolae Stanciu,Genoa,nicolae stanciu,6.58,4,2,191,0,1.22,0,0.21,0,1,5,0,0.0,59,79,74.68,5,7,71.43,2,22,4,9,1,2,50.0,9,1,11.11,120,36,3,8,2,7,63.64,1,1,50.0,8,61.54,4,2,50.0,3,2,2,0,0,0,0,1,2,0,0,0,0,0,0,1,0,0,1,0,0,0,0,0,0,0,0
45923,Ciro Immobile,Bologna,ciro immobile,6.27,6,2,191,0,0.04,0,0.02,0,1,2,0,0.0,35,49,71.43,1,1,100.0,1,13,0,0,0,2,0.0,3,0,0.0,82,34,1,6,2,4,23.53,3,7,30.0,7,25.93,1,1,100.0,0,1,1,1,0,0,1,8,3,1,0,0,0,0,0,4,0,0,3,1,0,0,0,0,0,0,0
1157382,Alex Sala,Lecce,alex sala,6.54,9,2,182,0,0.25,1,0.35,0,1,4,2,0.0,65,75,86.67,3,5,60.0,3,31,1,3,0,1,0.0,12,4,33.33,121,30,0,1,3,9,36.0,1,4,20.0,10,33.33,4,2,50.0,3,2,1,0,0,0,6,6,5,0,0,0,0,0,0,6,0,0,6,0,0,0,0,0,0,0,0
808590,Leon Bailey,Roma,leon bailey,6.44,7,1,182,0,0.17,0,0.1,0,0,3,1,0.0,49,59,83.05,0,0,0.0,2,27,0,0,2,6,33.33,14,2,14.29,103,39,0,6,2,5,35.71,3,4,42.86,8,38.1,2,0,0.0,0,0,2,0,0,0,1,2,1,0,0,0,0,0,0,1,0,0,1,0,0,0,0,0,0,0,0
1435226,Nils Zätterström,Genoa,nils zatterstrom,6.45,3,2,181,0,,0,0.01,0,0,0,0,0.0,98,115,85.22,4,10,40.0,0,5,3,7,1,2,50.0,0,0,0.0,132,20,0,4,1,3,37.5,0,3,0.0,3,27.27,2,0,0.0,2,4,0,0,0,0,0,3,0,0,0,0,0,0,1,1,0,0,1,0,0,0,0,0,0,0,0
984095,Alessio Furlanetto,Lazio,alessio furlanetto,6.95,2,2,180,0,,0,0.0,0,0,0,0,0.0,37,45,82.22,7,13,53.85,0,1,3,4,0,0,0.0,0,0,0.0,64,8,0,15,0,0,0.0,0,0,0.0,0,0.0,0,0,0.0,0,0,0,0,0,0,0,0,0,0,0,7,0,4,0,3,3,3,3,0,0,0,0,1,0,0,0
2899,Daniele Padelli,Udinese,daniele padelli,6.85,2,2,180,0,,0,0.0,0,0,0,0,0.0,42,63,66.67,7,28,25.0,0,0,1,1,0,0,0.0,0,0,0.0,76,21,0,17,0,0,0.0,0,0,0.0,0,0.0,0,0,0.0,0,2,0,0,0,0,0,0,0,0,0,3,0,1,0,2,2,1,2,0,0,2,2,0,0,1,0
595572,Daniele Sommariva,Genoa,daniele sommariva,6.7,2,1,175,0,,0,0.02,0,0,0,0,0.0,49,90,54.44,25,65,38.46,0,6,2,7,0,0,0.0,0,0,0.0,103,41,0,6,0,1,100.0,0,0,0.0,1,100.0,0,0,0.0,0,3,0,0,1,0,0,0,1,0,0,8,0,2,0,4,6,2,4,0,1,1,1,0,1,0,0
136322,Elseid Hysaj,Lazio,elseid hysaj,6.45,5,1,170,0,,0,0.03,0,0,0,0,0.0,57,74,77.03,3,9,33.33,0,12,3,8,0,1,0.0,2,1,50.0,112,21,1,3,0,3,60.0,2,1,66.67,5,62.5,2,0,0.0,2,7,0,0,0,0,1,0,1,0,0,0,0,0,0,4,0,0,4,0,0,0,0,0,0,0,0
1831525,Branimir Mlačić,Udinese,branimir mlacic,6.83,7,2,162,0,0.03,0,0.05,0,0,1,0,0.0,68,78,87.18,5,8,62.5,1,7,5,7,1,1,100.0,1,0,0.0,99,12,0,4,1,4,40.0,2,5,28.57,6,35.29,3,3,100.0,2,6,1,2,0,0,1,4,0,2,0,0,0,0,0,0,0,0,0,0,0,0,0,0,0,0,0
886628,Þórir Jóhann Helgason,Lecce,thorir johann helgason,6.59,8,1,145,0,0.21,0,0.14,0,0,3,2,0.0,33,46,71.74,1,4,25.0,3,14,0,2,6,7,85.71,6,3,50.0,82,24,1,4,3,8,66.67,1,2,33.33,9,60.0,2,1,50.0,3,0,1,2,0,0,0,0,0,0,0,0,0,0,0,3,0,0,3,0,0,0,0,0,0,0,0
1823916,Darryl Bakola,Sassuolo,darryl bakola,6.77,6,1,144,0,0.08,1,0.13,1,0,3,1,0.0,49,62,79.03,1,5,20.0,3,23,2,5,3,6,50.0,3,0,0.0,100,24,1,11,1,14,63.64,2,1,66.67,16,64.0,8,1,12.5,1,0,1,0,0,0,2,2,3,0,0,0,0,0,0,3,0,0,3,0,0,0,0,0,0,0,0
1459459,Benjamin Cremaschi,Parma,benjamin cremaschi,6.55,8,2,144,0,0.02,0,0.03,0,0,1,0,0.0,37,51,72.55,1,6,16.67,1,16,1,1,2,4,50.0,6,1,16.67,84,27,0,7,3,4,30.77,3,1,75.0,7,41.18,2,2,100.0,0,5,0,1,0,0,2,2,0,0,0,0,0,0,1,3,0,0,3,0,0,0,0,0,0,0,0
829581,Nicholas Pierini,Sassuolo,nicholas pierini,6.49,11,0,144,0,0.31,0,0.22,0,0,5,2,0.0,44,53,83.02,0,0,0.0,4,22,0,2,2,7,28.57,9,4,44.44,109,32,2,9,8,9,39.13,2,3,40.0,11,39.29,4,4,100.0,2,1,2,0,0,0,0,1,3,1,0,0,0,0,0,0,0,0,0,0,0,0,0,0,0,0,0
983816,Jeremy Sarmiento,Cremonese,jeremy sarmiento,6.72,7,0,143,0,0.08,0,0.16,0,0,2,2,0.0,53,58,91.38,2,3,66.67,3,21,1,3,5,8,62.5,2,1,50.0,102,24,2,10,5,12,57.14,0,0,0.0,12,57.14,6,2,33.33,2,1,0,0,0,0,1,0,1,0,0,0,0,0,0,2,0,0,2,0,0,0,0,0,0,0,0
1084730,Bryan Zaragoza,Roma,bryan zaragoza,6.9,4,2,135,0,0.05,1,0.7,1,0,1,1,0.0,49,59,83.05,1,1,100.0,4,24,1,1,6,10,60.0,9,3,33.33,101,29,2,7,2,12,52.17,0,2,0.0,12,48.0,1,1,100.0,0,0,0,0,0,0,1,5,5,1,0,0,0,0,0,2,0,0,1,1,0,0,0,0,0,0,0
882592,Daniel Boloca,Sassuolo,daniel boloca,6.45,2,2,135,0,0.25,0,0.02,0,0,2,0,0.0,53,56,94.64,2,3,66.67,1,14,1,2,1,2,50.0,1,0,0.0,74,6,0,11,0,4,66.67,0,3,0.0,4,44.44,2,2,100.0,2,2,0,0,0,0,1,0,1,0,0,0,0,0,0,4,0,0,3,1,0,0,0,0,0,0,0
1485292,Pedro Felipe,Sassuolo,pedro felipe,6.5,3,1,127,0,,1,0.07,1,0,0,0,0.0,87,96,90.63,4,8,50.0,1,4,0,2,1,1,100.0,0,0,0.0,112,10,0,4,1,4,44.44,3,2,60.0,7,50.0,2,1,50.0,2,4,0,1,0,0,2,2,1,0,0,0,0,0,0,4,0,0,4,0,0,0,0,0,0,0,0
136856,Pietro Terracciano,Milan,pietro terracciano,7.05,2,1,124,0,,0,0.0,0,0,0,0,0.0,29,31,93.55,7,9,77.78,0,2,4,4,0,0,0.0,0,0,0.0,42,3,0,11,0,0,0.0,0,0,0.0,0,0.0,0,0,0.0,0,1,0,0,0,0,0,0,0,0,0,4,0,0,1,0,1,3,0,0,1,0,0,1,0,0,0
1495719,Matteo Palma,Udinese,matteo palma,6.6,5,1,124,0,,0,0.06,0,0,0,0,0.0,40,53,75.47,2,9,22.22,0,5,2,3,0,1,0.0,1,0,0.0,79,18,0,6,0,2,33.33,8,3,72.73,10,58.82,2,0,0.0,2,9,0,1,0,0,1,3,0,0,0,0,0,0,0,3,0,0,3,0,0,0,0,0,0,0,0
1922473,Daniel Denoon,Pisa,daniel denoon,6.5,2,2,123,0,,0,0.0,0,0,0,0,0.0,27,32,84.38,1,3,33.33,0,0,0,0,0,0,0.0,0,0,0.0,57,11,0,4,1,6,54.55,0,2,0.0,6,46.15,3,2,66.67,1,3,0,0,0,0,0,4,3,1,0,0,0,0,0,1,0,0,1,0,0,0,0,0,0,0,0
1086199,Franco Carboni,Parma,franco carboni,6.5,7,1,123,0,,0,0.0,0,0,0,0,0.0,24,30,80.0,2,3,66.67,0,3,2,2,1,4,25.0,3,0,0.0,62,14,0,3,0,3,30.0,3,2,60.0,6,40.0,2,1,50.0,2,4,0,0,0,0,1,3,0,0,0,0,0,0,0,3,0,0,2,1,0,0,0,0,0,0,0
280439,Maxwel Cornet,Genoa,maxwel cornet,6.29,8,1,121,0,1.54,0,0.15,0,2,4,2,0.0,31,40,77.5,0,3,0.0,6,14,0,0,0,3,0.0,13,2,15.38,78,27,1,4,3,7,38.89,3,4,42.86,10,40.0,6,4,66.67,0,1,1,0,0,0,1,6,1,0,0,0,0,0,0,5,0,0,5,0,0,0,0,0,0,0,0
1068286,Rui Modesto,Udinese,rui modesto,6.77,3,0,116,0,0.02,1,0.33,1,0,1,1,0.0,32,44,72.73,1,4,25.0,2,13,2,6,0,3,0.0,5,2,40.0,82,24,0,4,2,6,50.0,1,3,25.0,7,43.75,6,4,66.67,1,2,0,0,0,0,1,0,0,0,0,0,0,0,0,2,0,0,2,0,0,0,0,0,0,0,0
1459764,Lorran,Pisa,lorran,6.58,9,0,113,1,1.02,0,0.08,0,0,3,1,33.33,47,60,78.33,3,8,37.5,1,19,2,7,6,12,50.0,4,1,25.0,108,33,0,7,2,14,60.87,0,3,0.0,14,53.85,5,4,80.0,3,1,1,0,0,0,1,0,3,0,0,0,0,0,0,8,0,0,8,0,0,0,0,0,0,0,0
1000263,Albert Grønbæk,Genoa,albert gronbaek,6.68,4,1,107,0,0.03,0,0.08,0,0,1,1,0.0,13,17,76.47,0,0,0.0,2,6,1,1,2,6,33.33,1,0,0.0,45,18,1,2,1,7,58.33,1,1,50.0,8,57.14,4,2,50.0,0,2,0,0,0,0,0,1,1,1,0,0,0,0,0,0,0,0,0,0,0,0,0,0,0,0,0
996919,Samuel Iling Junior,Pisa,samuel iling junior,6.48,5,1,107,0,,0,0.08,0,0,0,0,0.0,17,30,56.67,0,1,0.0,1,5,0,0,0,3,0.0,5,1,20.0,53,27,0,5,3,2,20.0,0,2,0.0,2,16.67,2,2,100.0,0,0,0,0,0,0,1,1,0,0,0,0,0,0,0,4,0,0,4,0,0,0,0,0,0,0,0
1526932,Riccardo Braschi,Fiorentina,riccardo braschi,6.35,2,1,106,0,0.14,0,0.03,0,0,3,0,0.0,11,18,61.11,0,1,0.0,0,5,0,0,2,3,66.67,1,1,100.0,37,15,0,3,3,4,44.44,2,5,28.57,6,37.5,2,0,0.0,0,0,0,0,0,0,1,0,0,0,0,0,0,0,0,1,0,0,1,0,0,0,0,0,0,0,0
1615784,Yael Trepy,Cagliari,yael trepy,6.67,8,0,105,1,0.61,0,0.16,0,1,7,2,14.29,9,15,60.0,0,1,0.0,2,2,2,2,2,2,100.0,7,2,28.57,49,17,0,0,3,6,60.0,1,6,14.29,7,41.18,2,1,50.0,1,1,3,0,0,0,0,1,2,0,0,0,0,0,0,1,0,0,1,0,0,0,0,0,0,0,0
1152477,Ioan Vermesan,Hellas Verona,ioan vermesan,6.53,6,0,95,0,0.29,0,0.04,0,1,4,1,0.0,21,28,75.0,1,2,50.0,0,12,0,0,0,1,0.0,0,0,0.0,42,11,1,5,0,1,50.0,4,1,80.0,5,71.43,0,0,0.0,0,1,0,0,0,0,0,0,1,0,0,0,0,0,0,1,0,0,1,0,0,0,0,0,0,0,0
1130662,Sadik Fofana,Lecce,sadik fofana,6.38,5,1,94,0,0.16,0,0.12,0,0,2,0,0.0,14,27,51.85,0,1,0.0,2,6,1,1,1,2,50.0,0,0,0.0,44,21,0,2,1,4,40.0,2,5,28.57,6,35.29,2,2,100.0,0,0,0,0,0,0,1,3,1,0,0,0,0,0,0,1,0,0,1,0,0,0,0,0,0,0,0
1002428,Filippo Rinaldi,Parma,filippo rinaldi,7.6,1,1,90,0,,0,0.0,0,0,0,0,0.0,21,44,47.73,7,30,23.33,0,1,2,6,0,0,0.0,0,0,0.0,59,23,0,13,0,0,0.0,2,0,100.0,2,100.0,0,0,0.0,0,1,0,0,0,0,0,0,0,1,0,4,0,1,1,0,3,1,0,0,1,0,0,2,0,0,0
787505,Benjamin Pavard,Inter,benjamin pavard,7.4,1,1,90,0,0.05,0,0.03,0,0,1,1,0.0,80,84,95.24,3,5,60.0,1,5,4,5,0,0,0.0,0,0,0.0,96,4,0,6,0,2,66.67,0,1,0.0,2,50.0,2,1,50.0,2,2,0,2,0,1,0,1,0,0,0,0,0,0,1,0,0,0,0,0,0,0,0,0,0,0,0
176301,Marco Sportiello,Atalanta,marco sportiello,6.7,1,1,90,0,,0,0.0,0,0,0,0,0.0,15,18,83.33,3,6,50.0,0,0,2,2,0,0,0.0,0,0,0.0,29,3,0,9,0,1,100.0,0,0,0.0,1,100.0,1,0,0.0,0,0,0,0,0,0,0,0,0,0,0,3,0,2,0,1,1,2,1,0,0,0,0,1,0,0,0
1910444,Tommaso Macchioni,Sassuolo,tommaso macchioni,6.1,1,1,90,0,0.43,0,0.0,0,1,1,0,0.0,28,35,80.0,1,4,25.0,0,0,0,3,0,0,0.0,0,0,0.0,46,10,0,1,0,0,0.0,3,2,60.0,3,50.0,0,0,0.0,2,4,0,0,0,0,0,1,0,1,0,0,0,0,0,1,0,0,1,0,0,0,0,0,0,0,0
1029456,Faris Moumbagna,Cremonese,faris moumbagna,6.3,5,0,88,0,0.39,0,0.01,0,1,2,0,0.0,9,15,60.0,0,0,0.0,1,4,0,0,0,1,0.0,1,0,0.0,30,17,0,2,1,0,0.0,3,3,50.0,3,33.33,0,0,0.0,0,1,1,0,0,0,0,1,0,0,0,0,0,0,0,1,0,0,1,0,0,0,0,0,0,0,0
860306,Oliver Christensen,Fiorentina,oliver christensen,8.6,1,1,87,0,,0,0.0,0,0,0,0,0.0,30,41,73.17,14,25,56.0,0,0,1,2,0,0,0.0,0,0,0.0,52,13,0,4,0,1,100.0,0,0,0.0,1,100.0,0,0,0.0,0,0,0,0,0,0,0,0,1,0,0,6,0,3,0,1,3,3,1,0,0,0,0,0,1,0,0
1526933,Eddy Kouadio,Fiorentina,eddy kouadio,6.77,3,0,80,0,,0,0.0,0,0,0,0,0.0,21,24,87.5,1,2,50.0,1,1,0,2,1,2,50.0,1,0,0.0,40,7,0,1,0,6,66.67,0,0,0.0,6,66.67,4,3,75.0,1,1,0,0,0,0,1,1,1,0,0,0,0,0,0,0,0,0,0,0,0,0,0,0,0,0,0
1423452,Daniel Mikołajewski,Parma,daniel mikolajewski,6.5,3,1,75,0,0.22,0,0.13,0,1,1,0,0.0,9,9,100.0,0,0,0.0,0,3,0,0,0,2,0.0,1,1,100.0,24,6,0,0,0,3,37.5,0,2,0.0,3,30.0,1,0,0.0,0,0,0,0,0,0,1,2,2,0,0,0,0,0,0,0,0,0,0,0,0,0,0,0,0,0,0
156019,Hernani,Parma,hernani,6.63,4,0,69,0,0.02,0,0.03,0,0,1,0,0.0,17,24,70.83,4,6,66.67,1,8,4,5,0,1,0.0,2,0,0.0,43,13,0,5,1,4,50.0,2,1,66.67,6,54.55,1,0,0.0,1,2,1,0,0,0,0,2,3,0,0,0,0,0,0,2,0,0,2,0,0,0,0,0,0,0,0
857480,Calvin Stengs,Pisa,calvin stengs,6.5,4,0,61,0,0.08,0,0.04,0,0,2,1,0.0,23,28,82.14,1,2,50.0,1,13,1,2,0,0,0.0,3,0,0.0,50,16,0,3,6,4,33.33,1,1,50.0,5,35.71,2,0,0.0,0,0,0,0,0,0,2,0,2,0,0,0,0,0,0,2,0,0,2,0,0,0,0,0,0,0,0
928814,Alessandro Di Pardo,Cagliari,alessandro di pardo,6.25,3,0,60,0,0.08,0,0.0,0,0,1,0,0.0,13,17,76.47,0,0,0.0,0,2,1,1,0,0,0.0,0,0,0.0,34,7,0,3,0,2,50.0,0,1,0.0,2,40.0,1,1,100.0,0,3,0,1,0,0,2,0,1,0,0,0,0,0,0,2,0,0,2,0,0,0,0,0,0,0,0
791566,Grigoris Kastanos,Hellas Verona,grigoris kastanos,6.64,6,0,59,0,0.02,0,0.43,0,0,1,0,0.0,18,26,69.23,1,3,33.33,1,5,3,4,1,2,50.0,2,1,50.0,47,14,0,4,2,7,43.75,1,2,33.33,8,42.11,5,2,40.0,3,1,0,0,0,0,3,3,1,0,0,0,0,0,0,2,0,0,0,2,0,0,0,0,0,0,0
1013041,Nicolò Cavuoti,Cagliari,nicolo cavuoti,6.6,4,0,52,0,,0,0.0,0,0,0,0,0.0,12,14,85.71,0,1,0.0,0,3,0,1,1,2,50.0,0,0,0.0,27,8,1,2,2,2,28.57,1,2,33.33,3,30.0,0,0,0.0,0,0,0,0,0,0,1,1,1,0,0,0,0,0,0,1,0,0,1,0,0,0,0,0,0,0,0
78893,Romelu Lukaku,Napoli,romelu lukaku,6.58,5,0,50,1,0.26,0,0.27,0,1,2,1,50.0,11,16,68.75,0,0,0.0,2,7,1,1,0,0,0.0,0,0,0.0,29,12,0,1,2,0,0.0,0,2,0.0,0,0.0,0,0,0.0,0,1,0,1,0,0,0,2,0,1,0,0,0,0,0,2,0,0,1,1,0,0,0,0,0,0,0
2246841,Wedtoin Latif Ouedraogo,Genoa,wedtoin latif ouedraogo,6.75,2,0,49,0,,0,0.0,0,0,0,0,0.0,10,16,62.5,0,2,0.0,0,2,0,1,0,2,0.0,3,1,33.33,41,11,0,3,1,7,58.33,0,0,0.0,7,58.33,5,1,20.0,1,1,0,0,0,0,0,2,2,0,0,0,0,0,0,0,0,0,0,0,0,0,0,0,0,0,0
1184308,Álex Jiménez,Milan,alex jimenez,6.6,1,0,45,0,,0,0.07,0,0,0,0,0.0,19,20,95.0,0,0,0.0,2,11,0,0,4,7,57.14,1,0,0.0,35,5,0,1,0,5,55.56,0,0,0.0,5,55.56,0,0,0.0,0,0,0,0,0,0,1,0,1,1,0,0,0,0,0,1,0,0,1,0,0,0,0,0,0,0,0
978301,Jean Onana,Genoa,jean onana,6.53,3,0,45,0,0.02,0,0.0,0,0,1,0,0.0,17,23,73.91,2,4,50.0,1,4,1,2,0,0,0.0,1,0,0.0,35,10,0,1,3,3,30.0,1,1,50.0,4,33.33,3,3,100.0,0,0,0,2,0,0,0,4,0,0,0,0,0,0,0,1,0,0,1,0,0,0,0,0,0,0,0
2158647,Alessandro Cardinali,Parma,alessandro cardinali,6.4,1,0,45,0,,0,0.0,0,0,0,0,0.0,8,9,88.89,0,0,0.0,0,1,0,0,0,1,0.0,1,0,0.0,12,3,0,2,0,0,0.0,0,1,0.0,0,0.0,0,0,0.0,0,0,0,0,0,0,0,0,0,0,0,0,0,0,0,0,0,0,0,0,0,0,0,0,0,0,0
1163083,Giuseppe Ambrosino,Napoli,giuseppe ambrosino,6.53,3,0,41,0,,0,0.0,0,0,0,0,0.0,2,5,40.0,0,0,0.0,0,0,0,0,2,2,100.0,0,0,0.0,12,5,1,1,1,3,60.0,1,1,50.0,4,57.14,0,0,0.0,0,0,0,1,0,0,0,1,1,0,0,0,0,0,0,0,0,0,0,0,0,0,0,0,0,0,0
1121333,Amir Richardson,Fiorentina,amir richardson,6.55,2,0,40,0,0.02,0,0.01,0,0,1,0,0.0,20,29,68.97,1,1,100.0,0,6,3,3,1,4,25.0,1,0,0.0,48,16,0,0,1,5,50.0,1,1,50.0,6,50.0,1,1,100.0,0,2,0,0,0,0,0,1,3,0,0,0,0,0,0,1,0,0,1,0,0,0,0,0,0,0,0
1471239,Isaac,Hellas Verona,isaac,6.53,3,0,37,0,,0,0.02,0,0,0,0,0.0,20,22,90.91,0,0,0.0,0,7,0,0,1,1,100.0,1,0,0.0,29,4,1,3,1,3,60.0,1,1,50.0,4,57.14,0,0,0.0,0,0,0,0,0,0,0,1,2,0,0,0,0,0,0,0,0,0,0,0,0,0,0,0,0,0,0
1819178,Louis Buffon,Pisa,louis buffon,6.37,4,0,36,0,,0,0.01,0,0,0,0,0.0,5,6,83.33,0,0,0.0,0,2,0,0,0,1,0.0,0,0,0.0,14,7,0,1,1,1,25.0,0,3,0.0,1,14.29,0,0,0.0,0,0,0,0,0,0,0,1,1,0,0,0,0,0,0,1,0,0,1,0,0,0,0,0,0,0,0
161325,Arkadiusz Milik,Juventus,arkadiusz milik,6.3,2,0,34,0,0.09,0,0.03,0,1,2,2,0.0,9,11,81.82,0,0,0.0,0,6,0,0,1,4,25.0,0,0,0.0,19,6,0,1,0,1,20.0,0,2,0.0,1,14.29,0,0,0.0,0,0,0,0,0,0,0,1,0,0,0,0,0,0,0,0,0,0,0,0,0,0,0,0,0,0,0
1801193,Matías Pérez,Lecce,matias perez,7.0,1,1,32,0,,0,0.01,0,0,0,0,0.0,14,15,93.33,0,1,0.0,1,4,0,1,0,0,0.0,1,0,0.0,25,4,0,1,0,0,0.0,0,0,0.0,0,0.0,0,0,0.0,0,2,0,2,0,0,1,0,0,0,0,0,0,0,0,0,0,0,0,0,0,0,0,0,0,0,0
914691,Tariq Lamptey,Fiorentina,tariq lamptey,6.75,2,1,32,0,,0,0.09,0,0,0,0,0.0,7,10,70.0,0,0,0.0,2,1,0,1,0,0,0.0,1,1,100.0,16,6,0,1,0,2,100.0,0,1,0.0,2,66.67,2,2,100.0,0,0,0,0,0,0,0,0,0,0,0,0,0,0,0,0,0,0,0,0,0,0,0,0,0,0,0
1014651,Balthazar Pierret,Lecce,balthazar pierret,6.67,3,0,32,0,,0,0.0,0,0,0,0,0.0,11,16,68.75,0,0,0.0,0,2,0,1,0,0,0.0,0,0,0.0,24,5,0,2,0,3,100.0,2,0,100.0,5,100.0,2,1,50.0,0,3,0,0,0,0,0,0,2,0,0,0,0,0,0,0,0,0,0,0,0,0,0,0,0,0,0
812946,Christian Kouamé,Fiorentina,christian kouame,6.45,2,0,32,0,,0,0.0,0,0,0,0,0.0,12,15,80.0,0,1,0.0,0,4,0,0,0,0,0.0,2,0,0.0,23,5,0,1,0,1,100.0,0,1,0.0,1,50.0,1,1,100.0,1,1,0,0,0,0,0,0,0,0,0,0,0,0,0,0,0,0,0,0,0,0,0,0,0,0,0
1464187,Agustín Albarracín,Cagliari,agustin albarracin,6.55,2,0,31,0,,0,0.01,0,0,0,0,0.0,14,16,87.5,0,1,0.0,0,2,0,0,0,1,0.0,2,0,0.0,23,5,0,0,0,3,60.0,0,0,0.0,3,60.0,0,0,0.0,0,0,0,0,0,0,1,0,3,0,0,0,0,0,0,1,0,0,1,0,0,0,0,0,0,0,0
1164381,Seydou Fini,Genoa,seydou fini,6.4,1,0,31,0,,0,0.0,0,0,0,0,0.0,2,3,66.67,0,1,0.0,1,1,0,0,1,1,100.0,1,0,0.0,8,4,0,0,0,1,50.0,0,1,0.0,1,33.33,0,0,0.0,0,1,0,0,0,0,0,1,0,0,0,0,0,0,0,0,0,0,0,0,0,0,0,0,0,0,0
1153193,Dachi Lordkipanidze,Cremonese,dachi lordkipanidze,6.5,1,0,28,0,,0,0.0,0,0,0,0,0.0,5,7,71.43,1,1,100.0,0,0,1,1,0,0,0.0,0,0,0.0,14,4,0,1,2,0,0.0,1,1,50.0,1,25.0,0,0,0.0,1,1,0,0,0,0,0,0,0,0,0,0,0,0,0,0,0,0,0,0,0,0,0,0,0,0,0
1403088,Olaf Gorter,Lecce,olaf gorter,6.6,2,0,27,0,,0,0.01,0,0,0,0,0.0,18,19,94.74,1,1,100.0,0,5,1,1,0,0,0.0,0,0,0.0,22,1,0,2,0,1,50.0,0,0,0.0,1,50.0,1,1,100.0,0,0,0,0,0,0,0,1,0,0,0,0,0,0,0,1,0,0,1,0,0,0,0,0,0,0,0
822470,Samuel Chukwueze,Milan,samuel chukwueze,7.2,1,0,25,0,,0,0.15,0,0,0,0,0.0,11,13,84.62,0,0,0.0,0,6,0,0,1,1,100.0,3,1,33.33,21,5,0,1,0,4,80.0,0,0,0.0,4,80.0,0,0,0.0,0,0,0,0,0,0,1,0,3,0,0,0,0,0,0,0,0,0,0,0,0,0,0,0,0,0,0
807400,Abdelhamid Sabiri,Fiorentina,abdelhamid sabiri,6.8,1,0,25,0,0.01,0,0.22,0,0,1,0,0.0,13,19,68.42,0,2,0.0,3,6,1,2,0,0,0.0,4,2,50.0,28,9,0,2,1,3,50.0,0,0,0.0,3,50.0,2,2,100.0,0,0,0,0,0,0,1,1,1,0,0,0,0,0,0,0,0,0,0,0,0,0,0,0,0,0,0
1923599,Antonio Arena,Roma,antonio arena,6.55,2,0,25,0,0.21,0,0.02,0,0,2,0,0.0,3,4,75.0,0,0,0.0,0,1,0,0,0,0,0.0,0,0,0.0,9,3,0,0,2,0,0.0,0,0,0.0,0,0.0,0,0,0.0,0,0,2,0,0,0,1,0,0,0,0,0,0,0,0,0,0,0,0,0,0,0,0,0,0,0,0
1530727,Mattia Mosconi,Inter,mattia mosconi,6.3,2,0,25,0,0.09,0,0.02,0,0,2,0,0.0,13,13,100.0,0,0,0.0,0,3,0,0,0,1,0.0,0,0,0.0,21,4,0,0,1,2,40.0,0,1,0.0,2,33.33,0,0,0.0,0,0,0,0,0,1,0,1,2,0,0,0,0,0,0,1,0,0,1,0,0,0,0,0,0,0,0
901325,Nicolás González,Juventus,nicolas gonzalez,6.7,2,0,24,0,0.13,0,0.0,0,0,2,0,0.0,2,5,40.0,0,0,0.0,1,1,0,0,0,0,0.0,0,0,0.0,19,5,0,0,0,2,100.0,3,0,100.0,5,100.0,0,0,0.0,0,1,1,0,0,0,0,0,3,0,0,0,0,0,0,0,0,0,0,0,0,0,0,0,0,0,0
1397347,Ali Dembélé,Torino,ali dembele,6.55,2,0,24,0,0.06,0,0.0,0,0,1,0,0.0,5,6,83.33,1,1,100.0,0,1,0,0,0,1,0.0,0,0,0.0,15,5,0,1,0,0,0.0,1,0,100.0,1,50.0,0,0,0.0,0,2,0,0,0,0,0,0,0,0,0,0,0,0,0,1,0,0,1,0,0,0,0,0,0,0,0
1643838,Jacopo Grossi,Genoa,jacopo grossi,6.6,1,0,21,0,0.06,0,0.0,0,0,1,0,0.0,13,14,92.86,1,1,100.0,0,3,0,0,0,0,0.0,3,0,0.0,18,4,0,1,0,0,0.0,0,0,0.0,0,0.0,0,0,0.0,0,0,1,0,0,0,1,0,0,0,0,0,0,0,0,0,0,0,0,0,0,0,0,0,0,0,0
850971,Manuel De Luca,Cremonese,manuel de luca,6.65,2,0,19,1,1.05,0,0.0,0,1,2,2,50.0,1,5,20.0,0,0,0.0,0,1,0,0,0,0,0.0,0,0,0.0,11,5,0,0,0,1,33.33,1,3,25.0,2,28.57,0,0,0.0,0,0,0,0,0,0,1,1,1,0,0,0,0,0,0,0,0,0,0,0,0,0,0,0,0,0,0
1416579,Matteo Cocchi,Inter,matteo cocchi,6.8,1,0,16,0,,0,0.01,0,0,0,0,0.0,5,8,62.5,0,1,0.0,0,2,2,2,0,0,0.0,0,0,0.0,12,3,0,1,0,1,50.0,1,0,100.0,2,66.67,1,0,0.0,0,2,0,0,0,0,1,0,0,0,0,0,0,0,0,0,0,0,0,0,0,0,0,0,0,0,0
295133,Edoardo Goldaniga,Como,edoardo goldaniga,7.0,2,0,14,0,,0,0.0,0,0,0,0,0.0,18,18,100.0,0,0,0.0,0,1,0,0,0,0,0.0,0,0,0.0,21,1,0,0,0,0,0.0,1,0,100.0,1,100.0,0,0,0.0,0,1,0,1,0,0,0,0,0,0,0,0,0,0,0,0,0,0,0,0,0,0,0,0,0,0,0
1012165,Gioele Zacchi,Sassuolo,gioele zacchi,6.6,1,0,14,0,,0,0.0,0,0,0,0,0.0,1,1,100.0,1,1,100.0,0,1,0,0,0,0,0.0,0,0,0.0,3,0,0,2,0,0,0.0,0,0,0.0,0,0.0,0,0,0.0,0,0,0,0,0,0,0,0,0,0,0,0,0,0,0,0,0,0,0,0,0,0,0,0,0,0,0
2284001,Brando Bettazzi,Pisa,brando bettazzi,6.7,1,0,13,0,,0,0.0,0,0,0,0,0.0,4,4,100.0,0,0,0.0,0,1,1,1,1,2,50.0,0,0,0.0,9,1,1,2,0,3,60.0,0,0,0.0,3,60.0,1,1,100.0,0,0,0,0,0,0,0,1,1,0,0,0,0,0,0,0,0,0,0,0,0,0,0,0,0,0,0
979210,Tomás Esteves,Pisa,tomas esteves,6.3,1,0,13,0,,0,0.0,0,0,0,0,0.0,4,5,80.0,0,0,0.0,0,0,0,0,0,0,0.0,0,0,0.0,7,2,0,0,0,0,0.0,1,0,100.0,1,100.0,0,0,0.0,0,0,0,0,0,0,0,0,0,0,0,0,0,0,0,1,0,0,1,0,0,0,0,0,0,0,0
1469998,Othniël Raterink,Cagliari,othniel raterink,6.6,1,0,12,0,,0,0.0,0,0,0,0,0.0,5,6,83.33,0,1,0.0,0,0,0,0,0,0,0.0,0,0,0.0,7,1,0,0,0,0,0.0,0,0,0.0,0,0.0,0,0,0.0,0,0,0,0,0,0,0,0,0,0,0,0,0,0,0,0,0,0,0,0,0,0,0,0,0,0,0
1822931,Matteo Lavelli,Inter,matteo lavelli,6.4,1,0,12,0,,0,0.0,0,0,0,0,0.0,1,1,100.0,0,0,0.0,0,0,0,0,0,0,0.0,1,0,0.0,5,3,0,0,0,0,0.0,0,2,0.0,0,0.0,0,0,0.0,0,0,0,0,0,0,0,0,0,0,0,0,0,0,0,1,0,0,1,0,0,0,0,0,0,0,0
1961644,Abdoulaye Camara,Udinese,abdoulaye camara,6.9,1,0,11,0,,0,0.1,0,0,0,0,0.0,9,9,100.0,1,1,100.0,1,3,1,1,0,0,0.0,2,2,100.0,11,0,0,0,0,0,0.0,0,1,0.0,0,0.0,0,0,0.0,0,0,0,0,0,0,0,0,0,0,0,0,0,0,0,0,0,0,0,0,0,0,0,0,0,0,0
1211005,Yellu Santiago,Hellas Verona,yellu santiago,6.8,2,0,11,0,0.02,0,0.02,0,0,2,1,0.0,4,7,57.14,0,2,0.0,1,2,0,0,1,1,100.0,0,0,0.0,13,3,0,2,0,4,100.0,0,1,0.0,4,80.0,2,0,0.0,0,0,0,0,0,0,0,0,1,0,0,0,0,0,0,0,0,0,0,0,0,0,0,0,0,0,0
1643836,Filippo Carbone,Genoa,filippo carbone,7.1,1,0,10,0,,0,0.0,0,0,0,0,0.0,7,7,100.0,0,0,0.0,0,2,0,0,0,0,0.0,0,0,0.0,12,0,0,1,0,3,100.0,1,1,50.0,4,80.0,3,3,100.0,1,0,0,0,0,0,0,0,1,0,0,0,0,0,0,0,0,0,0,0,0,0,0,0,0,0,0
352728,Nikita Contini,Napoli,nikita contini,6.6,1,0,10,0,,0,0.0,0,0,0,0,0.0,2,3,66.67,0,1,0.0,0,0,0,1,0,0,0.0,0,0,0.0,5,1,0,3,0,0,0.0,0,0,0.0,0,0.0,0,0,0.0,0,0,0,0,0,0,0,0,0,0,0,0,0,0,0,0,0,0,0,0,0,0,0,0,0,0,0
1403204,Gael Lafont,Genoa,gael lafont,6.6,1,0,10,0,,0,0.0,0,0,0,0,0.0,13,14,92.86,0,1,0.0,0,4,1,2,0,0,0.0,0,0,0.0,14,1,0,1,0,0,0.0,0,0,0.0,0,0.0,0,0,0.0,0,0,0,0,0,0,0,0,0,0,0,0,0,0,0,0,0,0,0,0,0,0,0,0,0,0,0
1417034,Alessandro Romano,Roma,alessandro romano,6.5,2,0,10,0,,0,0.0,0,0,0,0,0.0,6,7,85.71,0,1,0.0,0,2,0,0,1,1,100.0,0,0,0.0,10,2,0,3,0,1,25.0,0,0,0.0,1,25.0,0,0,0.0,0,0,0,0,0,0,1,2,0,0,0,0,0,0,0,0,0,0,0,0,0,0,0,0,0,0,0
1215062,Luka Topalović,Inter,luka topalovic,6.7,1,0,9,0,,1,0.01,1,0,0,0,0.0,3,5,60.0,1,1,100.0,1,2,0,0,0,1,0.0,0,0,0.0,10,5,0,0,1,0,0.0,0,0,0.0,0,0.0,0,0,0.0,0,0,0,0,0,0,0,0,0,0,0,0,0,0,0,0,0,0,0,0,0,0,0,0,0,0,0
1397739,Dominic Vavassori,Atalanta,dominic vavassori,6.7,1,0,9,0,,0,0.0,0,0,0,0,0.0,2,2,100.0,0,0,0.0,0,0,0,0,0,0,0.0,0,0,0.0,4,0,0,0,0,1,50.0,1,0,100.0,2,66.67,0,0,0.0,0,1,0,0,0,0,0,1,1,0,0,0,0,0,0,0,0,0,0,0,0,0,0,0,0,0,0
928879,Andrea Ghion,Sassuolo,andrea ghion,6.7,1,0,9,0,,0,0.0,0,0,0,0,0.0,1,1,100.0,0,0,0.0,0,0,0,0,0,0,0.0,1,0,0.0,3,1,0,0,0,1,100.0,0,0,0.0,1,100.0,1,1,100.0,0,0,0,0,0,0,0,0,0,0,0,0,0,0,0,0,0,0,0,0,0,0,0,0,0,0,0
1424191,David Odogu,Milan,david odogu,6.7,2,0,9,0,,0,0.0,0,0,0,0,0.0,1,2,50.0,0,1,0.0,0,0,0,0,0,0,0.0,0,0,0.0,3,1,0,0,0,0,0.0,1,0,100.0,1,100.0,0,0,0.0,0,1,0,0,0,0,0,0,0,0,0,0,0,0,0,0,0,0,0,0,0,0,0,0,0,0,0
2205650,Cheveyo Mul-Balentien,Milan,cheveyo mul-balentien,6.5,2,0,9,0,0.07,0,,0,0,1,0,0.0,0,1,0.0,0,0,0.0,0,0,0,0,0,0,0.0,0,0,0.0,5,4,0,1,1,0,0.0,0,0,0.0,0,0.0,0,0,0.0,0,0,0,0,0,0,1,0,0,0,0,0,0,0,0,0,0,0,0,0,0,0,0,0,0,0,0
1034241,Laurs Skjellerup,Sassuolo,laurs skjellerup,6.5,1,0,9,0,0.02,0,,0,0,1,0,0.0,0,3,0.0,0,0,0.0,0,0,0,0,0,0,0.0,0,0,0.0,4,3,0,1,0,0,0.0,1,0,100.0,1,100.0,0,0,0.0,0,0,1,0,0,0,0,0,0,0,0,0,0,0,0,0,0,0,0,0,0,0,0,0,0,0,0
1838644,Christian Frangella,Sassuolo,christian frangella,6.4,1,0,9,0,,0,0.0,0,0,0,0,0.0,4,7,57.14,0,1,0.0,0,1,0,1,0,0,0.0,1,0,0.0,12,6,0,2,0,0,0.0,0,0,0.0,0,0.0,0,0,0.0,1,0,0,0,0,0,0,0,0,0,0,0,0,0,0,1,0,0,1,0,0,0,0,0,0,0,0
301162,Raffaele Di Gennaro,Inter,raffaele di gennaro,6.3,1,0,9,0,,0,0.0,0,0,0,0,0.0,4,7,57.14,0,3,0.0,0,0,1,2,0,0,0.0,0,0,0.0,10,3,0,3,0,0,0.0,0,0,0.0,0,0.0,0,0,0.0,0,0,0,0,0,0,0,0,0,0,0,1,0,0,0,1,0,1,1,0,0,0,0,0,0,0,0
856638,Mitchel Bakker,Atalanta,mitchel bakker,6.7,1,0,8,0,,0,0.0,0,0,0,0,0.0,7,7,100.0,0,0,0.0,0,1,0,0,0,0,0.0,0,0,0.0,8,0,0,1,0,0,0.0,0,0,0.0,0,0.0,0,0,0.0,0,0,0,0,0,0,0,0,0,0,0,0,0,0,0,0,0,0,0,0,0,0,0,0,0,0,0
1526308,Mamedi Doucoure,Genoa,mamedi doucoure,6.7,1,0,8,0,,0,0.0,0,0,0,0,0.0,9,9,100.0,1,1,100.0,0,1,0,0,0,0,0.0,0,0,0.0,10,1,0,0,1,0,0.0,0,0,0.0,0,0.0,0,0,0.0,0,0,0,0,0,0,0,0,0,0,0,0,0,0,0,0,0,0,0,0,0,0,0,0,0,0,0
1618552,Simone Lottici Tessadri,Cremonese,simone lottici tessadri,6.6,1,0,8,0,0.04,0,0.0,0,0,1,0,0.0,2,2,100.0,0,0,0.0,0,1,0,0,0,0,0.0,0,0,0.0,3,0,0,1,0,0,0.0,0,0,0.0,0,0.0,0,0,0.0,0,0,0,0,0,0,0,0,0,0,0,0,0,0,0,0,0,0,0,0,0,0,0,0,0,0,0
1466806,Adrian Przyborek,Lazio,adrian przyborek,6.6,1,0,8,0,0.02,0,0.0,0,0,1,0,0.0,7,8,87.5,0,0,0.0,0,0,0,0,0,0,0.0,0,0,0.0,9,1,0,1,0,0,0.0,0,0,0.0,0,0.0,0,0,0.0,0,0,0,0,0,0,0,0,0,0,0,0,0,0,0,0,0,0,0,0,0,0,0,0,0,0,0
139272,Luca Lezzerini,Fiorentina,luca lezzerini,0.0,1,0,3,0,,0,0.0,0,0,0,0,0.0,3,5,60.0,1,3,33.33,0,0,0,0,0,0,0.0,0,0,0.0,7,2,0,3,0,0,0.0,0,0,0.0,0,0.0,0,0,0.0,0,0,0,0,0,0,0,0,0,0,0,0,0,0,0,0,0,0,0,0,0,0,0,0,0,0,0
1030200,Tjaš Begić,Parma,tjas begic,0.0,1,0,1,0,,0,,0,0,0,0,0.0,0,1,0.0,0,0,0.0,0,0,0,0,0,0,0.0,0,0,0.0,1,1,0,0,0,0,0.0,0,0,0.0,0,0.0,0,0,0.0,0,0,0,0,0,0,0,0,0,0,0,0,0,0,0,0,0,0,0,0,0,0,0,0,0,0,0
2199322,Andrea Le Borgne,Como,andrea le borgne,0.0,1,0,1,0,,0,0.0,0,0,0,0,0.0,1,1,100.0,0,0,0.0,0,0,0,0,0,0,0.0,0,0,0.0,2,1,0,0,0,0,0.0,0,0,0.0,0,0.0,0,0,0.0,0,0,0,0,0,0,0,0,0,0,0,0,0,0,0,0,0,0,0,0,0,0,0,0,0,0,0
1605324,Joi Xheto Nuredini,Genoa,joi xheto nuredini,0.0,1,0,1,0,,0,,0,0,0,0,0.0,0,0,0.0,0,0,0.0,0,0,0,0,0,0,0.0,0,0,0.0,0,0,0,0,0,0,0.0,0,1,0.0,0,0.0,0,0,0.0,0,0,0,0,0,0,1,0,0,0,0,0,0,0,0,0,0,0,0,0,0,0,0,0,0,0,0
991677,Cas Odenthal,Sassuolo,cas odenthal,0.0,1,0,1,0,,0,0.0,0,0,0,0,0.0,2,2,100.0,0,0,0.0,0,0,0,0,0,0,0.0,0,0,0.0,2,0,0,1,0,0,0.0,0,0,0.0,0,0.0,0,0,0.0,0,0,0,0,0,0,0,0,0,0,0,0,0,0,0,0,0,0,0,0,0,0,0,0,0,0,0
1474846,Junior Ajayi,Hellas Verona,junior ajayi,0.0,1,0,1,0,,0,0.0,0,0,0,0,0.0,1,1,100.0,0,0,0.0,0,1,0,0,0,0,0.0,0,0,0.0,4,2,0,0,1,0,0.0,1,0,100.0,1,50.0,0,0,0.0,0,0,0,0,0,0,0,0,0,0,0,0,0,0,0,0,0,0,0,0,0,0,0,0,0,0,0
