player,squad,pos,age,minutes,npg_per90,ast_per90,sh_per90,sot_per90,crosses_per90,interceptions_per90,tackles_won_per90,fouls_per90,fouled_per90,offsides_per90,market_value_eur,nationality,tm_position,tm_photo,fl_pos,fl_pos2,fl_group
Ben White,Arsenal,DF,27,702,0.0,0.13,0.64,0.13,2.051,1.154,1.154,0.641,0.769,0.385,30000000.0,England,Right-Back,https://img.a.transfermarkt.technology/portrait/medium/335721-1683275943.jpg?lm=1,RB,CB,RB
Bukayo Saka,Arsenal,"FW,MF",23,2222,0.24,0.2,2.88,1.09,4.939,0.648,0.769,1.336,2.186,0.567,110000000.0,England,Right Winger,https://img.a.transfermarkt.technology/portrait/medium/433177-1684155052.jpg?lm=1,RW,LW,RW
Christian Nørgaard,Arsenal,MF,31,106,0.0,0.0,1.7,0.85,0.833,0.833,1.667,2.5,0.0,0.0,5000000.0,Denmark,Defensive Midfield,https://img.a.transfermarkt.technology/portrait/medium/148367-1699799827.jpg?lm=1,DM,,DM
Cristhian Mosquera,Arsenal,DF,21,994,0.0,0.0,0.09,0.0,0.273,0.727,1.909,1.545,0.636,0.091,40000000.0,Spain,Centre-Back,https://img.a.transfermarkt.technology/portrait/medium/646750-1749739359.jpg?lm=1,CB,RB,CB
David Raya,Arsenal,GK,29,3330,0.0,0.0,0.0,0.0,0.0,0.0,0.0,0.0,0.0,0.0,30000000.0,Spain,Goalkeeper,https://img.a.transfermarkt.technology/portrait/medium/262749-1780663789.jpg?lm=1,GK,,GK
Declan Rice,Arsenal,MF,26,3094,0.12,0.15,1.16,0.38,5.145,0.959,0.959,0.756,0.32,0.029,120000000.0,England,Central Midfield,https://img.a.transfermarkt.technology/portrait/medium/357662-1687962936.jpg?lm=1,DM,CB,DM
Eberechi Eze,Arsenal,"MF,FW",27,1812,0.35,0.1,2.83,0.89,0.398,0.547,0.647,0.697,1.891,0.05,65000000.0,England,Attacking Midfield,https://img.a.transfermarkt.technology/portrait/medium/479999-1761083931.jpg?lm=1,AM,LM,LW
Ethan Nwaneri,Arsenal,MF,18,171,0.0,0.0,3.16,0.0,1.053,0.0,0.0,1.053,0.0,0.0,,,,,AM,,AM
Gabriel Jesus,Arsenal,FW,28,429,0.63,0.0,3.99,2.52,0.0,0.417,0.0,1.875,0.208,1.458,17000000.0,Brazil,Centre-Forward,https://img.a.transfermarkt.technology/portrait/medium/363205-1669711141.jpg?lm=1,ST,WF,ST
Gabriel Magalhães,Arsenal,DF,27,2751,0.1,0.13,0.88,0.23,0.196,0.719,0.654,0.686,1.111,0.0,,,,,,,
Gabriel Martinelli,Arsenal,"FW,MF",24,1081,0.08,0.33,2.41,1.08,3.083,0.083,0.667,0.833,1.167,0.417,45000000.0,Brazil,Left Winger,https://img.a.transfermarkt.technology/portrait/medium/655488-1682689091.jpg?lm=1,LW,,LW
Jurriën Timber,Arsenal,DF,24,2454,0.11,0.18,0.92,0.26,1.685,0.879,1.282,1.392,1.062,0.0,70000000.0,Netherlands,Right-Back,https://img.a.transfermarkt.technology/portrait/medium/420243-1702413077.jpg?lm=1,CB,RB,CB
Kai Havertz,Arsenal,"FW,MF",26,581,0.31,0.46,2.79,0.62,0.923,0.154,0.769,1.231,1.231,0.462,55000000.0,Germany,Centre-Forward,https://img.a.transfermarkt.technology/portrait/medium/309400-1683903902.jpg?lm=1,FW,,ST
Kepa Arrizabalaga,Arsenal,GK,30,90,0.0,0.0,0.0,0.0,0.0,0.0,0.0,0.0,0.0,0.0,5000000.0,Spain,Goalkeeper,https://img.a.transfermarkt.technology/portrait/medium/192279-1661855851.jpg?lm=1,,,
Leandro Trossard,Arsenal,"FW,MF",30,2000,0.27,0.27,2.39,0.68,2.613,0.405,0.676,0.586,1.757,0.225,18000000.0,Belgium,Left Winger,https://img.a.transfermarkt.technology/portrait/medium/144028-1702412939.jpg?lm=1,LW,,LW
Martin Ødegaard,Arsenal,MF,26,1369,0.07,0.39,1.45,0.53,1.447,0.461,0.592,0.592,0.592,0.132,65000000.0,Norway,Attacking Midfield,https://img.a.transfermarkt.technology/portrait/medium/316264-1678877651.jpg?lm=1,AM,RW,RW
Martín Zubimendi,Arsenal,MF,26,2992,0.15,0.03,0.81,0.27,0.392,1.175,1.175,0.994,0.452,0.03,75000000.0,Spain,Defensive Midfield,https://img.a.transfermarkt.technology/portrait/medium/423440-1684149419.jpg?lm=1,DM,,DM
Max Dowman,Arsenal,MF,15,157,0.57,0.0,3.44,0.57,3.529,0.588,1.176,1.176,4.118,0.0,30000000.0,England,Right Winger,https://img.a.transfermarkt.technology/portrait/medium/1187629-1773914587.jpg?lm=1,RW,,RW
Mikel Merino,Arsenal,"MF,FW",29,1036,0.35,0.26,1.91,0.69,0.348,0.783,1.13,1.913,1.739,0.261,25000000.0,Spain,Central Midfield,https://img.a.transfermarkt.technology/portrait/medium/338424-1716803831.jpg?lm=1,BX,,CM
Myles Lewis-Skelly,Arsenal,"MF,DF",18,709,0.0,0.0,0.25,0.0,0.0,0.633,0.633,1.266,2.025,0.127,45000000.0,England,Central Midfield,https://img.a.transfermarkt.technology/portrait/medium/890721-1758053582.jpg?lm=1,LB,,LB
Noni Madueke,Arsenal,"FW,MF",23,1211,0.22,0.07,1.86,0.67,5.926,0.37,0.741,1.111,1.111,0.296,50000000.0,England,Right Winger,https://img.a.transfermarkt.technology/portrait/medium/503987-1683102348.jpg?lm=1,RW,,RW
Piero Hincapié,Arsenal,DF,23,1792,0.05,0.1,0.15,0.1,1.658,1.307,1.307,0.905,0.704,0.05,50000000.0,Ecuador,Centre-Back,https://img.a.transfermarkt.technology/portrait/medium/659813-1727377918.jpg?lm=1,LB,CB,LB
Riccardo Calafiori,Arsenal,DF,23,1699,0.05,0.11,1.7,0.42,1.111,0.688,1.005,1.376,0.529,0.212,55000000.0,Italy,Left-Back,https://img.a.transfermarkt.technology/portrait/medium/502821-1727382174.jpg?lm=1,LB,CB,LB
Viktor Gyökeres,Arsenal,FW,27,2224,0.45,0.04,2.23,0.89,0.324,0.04,0.202,1.417,1.255,0.162,65000000.0,Sweden,Centre-Forward,https://img.a.transfermarkt.technology/portrait/medium/325443-1737581896.jpg?lm=1,ST,LW,ST
William Saliba,Arsenal,DF,24,2614,0.03,0.0,0.17,0.03,0.31,0.517,0.793,0.759,0.552,0.034,100000000.0,France,Centre-Back,https://img.a.transfermarkt.technology/portrait/medium/495666-1718697201.jpg?lm=1,CB,,CB
Alysson Edward,Aston Villa,MF,19,49,0.0,0.0,1.84,0.0,4.0,2.0,0.0,0.0,2.0,0.0,10000000.0,Brazil,Right Winger,https://img.a.transfermarkt.technology/portrait/medium/1005583-1756473897.png?lm=1,FW,,ST
Amadou Onana,Aston Villa,MF,23,1758,0.1,0.0,0.97,0.36,0.0,0.974,1.538,1.026,1.282,0.0,45000000.0,Belgium,Defensive Midfield,https://img.a.transfermarkt.technology/portrait/medium/485706-1718697649.jpg?lm=1,DM,,DM
Andrés García,Aston Villa,DF,22,86,0.0,0.0,0.0,0.0,4.0,0.0,4.0,1.0,0.0,0.0,6000000.0,Spain,Right-Back,https://img.a.transfermarkt.technology/portrait/medium/1063329-1698880585.jpg?lm=1,RB,,RB
Boubacar Kamara,Aston Villa,MF,25,1411,0.06,0.19,0.45,0.26,0.127,0.955,1.019,1.019,1.911,0.0,40000000.0,France,Defensive Midfield,https://img.a.transfermarkt.technology/portrait/medium/394327-1736160460.jpg?lm=1,DM,CB,DM
Bradley Burrowes,Aston Villa,MF,17,17,0.0,0.0,0.0,0.0,15.0,0.0,0.0,0.0,5.0,0.0,,,,,RW,,RW
Donyell Malen,Aston Villa,"FW,MF",26,656,0.55,0.14,3.7,1.23,0.959,0.0,0.274,0.274,0.822,0.137,,,,,ST,WF,ST
Douglas Luiz,Aston Villa,MF,27,604,0.15,0.0,0.89,0.6,4.179,1.045,1.642,1.343,1.493,0.0,18000000.0,Brazil,Central Midfield,https://img.a.transfermarkt.technology/portrait/medium/447661-1696598670.jpg?lm=1,BX,,CM
Emi Buendía,Aston Villa,MF,28,1755,0.31,0.1,2.51,0.67,0.513,0.667,1.385,2.103,2.308,0.051,16000000.0,Argentina,Left Winger,https://img.a.transfermarkt.technology/portrait/medium/321247-1696604099.jpg?lm=1,AM,,AM
Emiliano Martínez,Aston Villa,GK,32,2835,0.0,0.0,0.0,0.0,0.0,0.0,0.0,0.0,0.0,0.0,12000000.0,Argentina,Goalkeeper,https://img.a.transfermarkt.technology/portrait/medium/111873-1668180824.jpg?lm=1,GK,,GK
Evann Guessand,Aston Villa,MF,24,588,0.0,0.15,1.22,0.77,1.538,0.462,1.385,1.692,1.846,0.0,,,,,ST,WF,ST
Ezri Konsa,Aston Villa,DF,27,3035,0.0,0.0,0.33,0.06,0.148,0.653,0.237,0.326,1.246,0.0,40000000.0,England,Centre-Back,https://img.a.transfermarkt.technology/portrait/medium/413403-1700651779.jpg?lm=1,CB,RB,CB
George Hemmings,Aston Villa,MF,18,27,0.0,0.0,3.33,0.0,0.0,0.0,0.0,3.333,0.0,0.0,,,,,BX,,CM
Harvey Elliott,Aston Villa,MF,22,112,0.0,0.0,4.02,0.0,2.5,0.0,0.0,0.0,1.667,0.0,20000000.0,England,Attacking Midfield,https://img.a.transfermarkt.technology/portrait/medium/565822-1665128076.jpg?lm=1,AM,RW,RW
Ian Maatsen,Aston Villa,DF,23,1605,0.0,0.06,1.12,0.28,3.034,1.011,1.742,0.955,1.067,0.056,30000000.0,Netherlands,Left-Back,https://img.a.transfermarkt.technology/portrait/medium/485585-1704795222.jpg?lm=1,LB,LM,LB
Jadon Sancho,Aston Villa,MF,25,876,0.0,0.21,1.03,0.31,2.371,0.206,0.206,0.309,0.206,0.309,18000000.0,England,Left Winger,https://img.a.transfermarkt.technology/portrait/medium/401173-1688564217.jpg?lm=1,WF,,W
Jamaldeen Jimoh,Aston Villa,MF,18,9,0.0,0.0,0.0,0.0,0.0,0.0,0.0,0.0,10.0,0.0,,,,,BX,,CM
John McGinn,Aston Villa,MF,30,2137,0.21,0.17,1.18,0.51,3.46,0.506,0.717,1.308,2.025,0.0,13000000.0,Scotland,Central Midfield,https://img.a.transfermarkt.technology/portrait/medium/193116-1689172405.jpg?lm=1,BX,,CM
Lamare Bogarde,Aston Villa,"MF,DF",21,1053,0.0,0.0,0.0,0.0,0.171,0.342,1.624,1.453,1.709,0.0,18000000.0,Netherlands,Defensive Midfield,https://img.a.transfermarkt.technology/portrait/medium/645686-1724484880.jpg?lm=1,DM,DF,DM
Leon Bailey,Aston Villa,MF,27,459,0.0,0.2,1.57,0.2,3.725,0.784,1.176,1.176,0.98,0.196,14000000.0,Jamaica,Right Winger,https://img.a.transfermarkt.technology/portrait/medium/387626-1767803367.jpg?lm=1,WF,,W
Lucas Digne,Aston Villa,DF,32,1852,0.0,0.29,0.68,0.24,5.243,0.631,1.262,0.68,0.583,0.146,6000000.0,France,Left-Back,https://img.a.transfermarkt.technology/portrait/medium/126664-1736160616.jpg?lm=1,LB,,LB
Marco Bizot,Aston Villa,GK,34,585,0.0,0.0,0.0,0.0,0.0,0.0,0.0,0.0,0.0,0.0,1500000.0,Netherlands,Goalkeeper,https://img.a.transfermarkt.technology/portrait/medium/124884-1707302509.jpg?lm=1,GK,,GK
Matty Cash,Aston Villa,DF,27,3014,0.09,0.09,0.9,0.3,3.91,0.716,0.955,1.254,0.896,0.119,22000000.0,Poland,Right-Back,https://img.a.transfermarkt.technology/portrait/medium/425334-1668091733.jpg?lm=1,RB,RM,RB
Morgan Rogers,Aston Villa,MF,23,3280,0.27,0.16,2.3,0.88,1.401,0.357,0.632,1.264,1.346,0.082,90000000.0,England,Attacking Midfield,https://img.a.transfermarkt.technology/portrait/medium/503743-1706786450.jpg?lm=1,AM,LW,LW
Ollie Watkins,Aston Villa,FW,29,2839,0.51,0.1,2.63,1.2,0.222,0.159,0.444,1.111,1.016,0.794,25000000.0,England,Centre-Forward,https://img.a.transfermarkt.technology/portrait/medium/324358-1708341279.jpg?lm=1,ST,,ST
Pau Torres,Aston Villa,DF,28,1676,0.0,0.0,0.48,0.05,0.215,0.591,0.753,0.376,0.269,0.0,20000000.0,Spain,Centre-Back,https://img.a.transfermarkt.technology/portrait/medium/399776-1765899002.jpg?lm=1,CB,,CB
Ross Barkley,Aston Villa,MF,31,857,0.32,0.11,1.89,0.84,0.0,0.211,1.158,0.947,0.842,0.0,4000000.0,England,Central Midfield,https://img.a.transfermarkt.technology/portrait/medium/131978-1662368517.jpg?lm=1,AM,,AM
Tammy Abraham,Aston Villa,FW,27,286,0.63,0.0,2.83,0.94,0.312,0.0,0.312,0.625,0.0,0.0,18000000.0,England,Centre-Forward,https://img.a.transfermarkt.technology/portrait/medium/331726-1761563884.jpg?lm=1,ST,,ST
Tyrone Mings,Aston Villa,DF,32,1324,0.0,0.0,0.61,0.07,0.272,0.748,0.136,0.68,0.544,0.0,3000000.0,England,Centre-Back,https://img.a.transfermarkt.technology/portrait/medium/253677-1746644991.jpg?lm=1,CB,,CB
Victor Lindelöf,Aston Villa,"DF,MF",31,948,0.0,0.09,0.28,0.0,0.0,0.762,0.286,0.19,0.0,0.0,5000000.0,Sweden,Centre-Back,https://img.a.transfermarkt.technology/portrait/medium/184573-1695244778.jpg?lm=1,CB,,CB
Youri Tielemans,Aston Villa,MF,28,1862,0.0,0.19,1.16,0.34,2.174,0.773,1.884,1.208,1.932,0.048,30000000.0,Belgium,Central Midfield,https://img.a.transfermarkt.technology/portrait/medium/249565-1716886438.jpg?lm=1,BX,,CM
Adam Smith,Bournemouth,DF,34,1077,0.0,0.17,0.0,0.0,1.083,0.833,1.0,1.583,0.917,0.0,300000.0,England,Right-Back,https://img.a.transfermarkt.technology/portrait/medium/61841-1737920848.jpg?lm=1,RB,LB,RB
Adrien Truffert,Bournemouth,DF,23,3379,0.03,0.13,0.43,0.16,3.787,1.147,1.36,1.04,0.853,0.0,30000000.0,France,Left-Back,https://img.a.transfermarkt.technology/portrait/medium/654539-1754901329.jpg?lm=1,LB,,LB
Alex Scott,Bournemouth,MF,21,2849,0.09,0.03,1.39,0.41,2.776,1.104,1.199,1.42,1.893,0.032,50000000.0,England,Central Midfield,https://img.a.transfermarkt.technology/portrait/medium/855256-1656922605.jpg?lm=1,BX,,CM
Alex Tóth,Bournemouth,MF,19,140,0.0,0.0,1.29,0.0,1.875,1.875,0.0,0.625,1.25,0.0,12000000.0,Hungary,Central Midfield,https://img.a.transfermarkt.technology/portrait/medium/998101-1763730106.jpg?lm=1,DM,BX,DM
Amine Adli,Bournemouth,MF,25,1093,0.25,0.08,1.65,0.74,3.223,0.496,1.405,2.397,1.901,0.413,20000000.0,Morocco,Left Winger,https://img.a.transfermarkt.technology/portrait/medium/532776-1689710574.jpg?lm=1,WF,AM,AM
Antoine Semenyo,Bournemouth,MF,25,1798,0.45,0.15,2.45,1.35,1.4,0.3,1.0,1.85,0.7,0.6,,,,,RW,,RW
Bafodé Diakité,Bournemouth,DF,24,1277,0.0,0.0,0.07,0.0,0.07,0.704,1.056,0.563,0.282,0.141,25000000.0,France,Centre-Back,https://img.a.transfermarkt.technology/portrait/medium/463605-1666691072.jpg?lm=1,RB,CB,RB
Ben Gannon-Doak,Bournemouth,MF,19,113,0.0,0.8,2.39,0.8,3.077,0.769,1.538,2.308,0.769,0.0,15000000.0,Scotland,Right Winger,https://img.a.transfermarkt.technology/portrait/medium/719673-1780071350.jpg?lm=1,RW,,RW
Ben Winterburn,Bournemouth,MF,20,7,0.0,0.0,0.0,0.0,0.0,0.0,0.0,0.0,0.0,0.0,,,,,DM,,DM
David Brooks,Bournemouth,MF,28,1204,0.07,0.22,3.59,0.97,4.403,0.299,0.97,0.821,0.97,0.149,12000000.0,Wales,Right Winger,https://img.a.transfermarkt.technology/portrait/medium/277033-1700650102.jpg?lm=1,RW,,RW
Eli Junior Kroupi,Bournemouth,"MF,FW",19,1672,0.59,0.0,2.8,1.18,0.538,0.484,0.323,1.452,0.645,0.323,70000000.0,France,Centre-Forward,https://img.a.transfermarkt.technology/portrait/medium/955357-1727784350.jpg?lm=1,FW,,ST
Enes Ünal,Bournemouth,FW,28,232,0.39,0.0,5.82,1.16,0.769,0.0,0.385,2.308,3.846,1.154,7000000.0,Türkiye,Centre-Forward,https://img.a.transfermarkt.technology/portrait/medium/251106-1669365680.jpg?lm=1,ST,,ST
Evanilson,Bournemouth,FW,25,2742,0.2,0.03,2.36,0.75,0.098,0.197,0.164,0.852,1.213,0.918,35000000.0,Brazil,Centre-Forward,https://img.a.transfermarkt.technology/portrait/medium/711337-1737452098.jpg?lm=1,ST,,ST
Hamed Junior Traorè,Bournemouth,MF,25,17,0.0,5.29,0.0,0.0,5.0,0.0,0.0,0.0,0.0,0.0,,,,,AM,LW,LW
James Hill,Bournemouth,DF,23,2106,0.0,0.13,0.51,0.09,0.47,1.581,0.855,0.726,0.556,0.085,23000000.0,England,Centre-Back,https://img.a.transfermarkt.technology/portrait/medium/611793-1774469525.jpg?lm=1,CB,,CB
Julio Soler,Bournemouth,DF,20,35,0.0,0.0,0.0,0.0,5.0,0.0,0.0,5.0,5.0,0.0,8000000.0,Argentina,Left-Back,https://img.a.transfermarkt.technology/portrait/medium/1009658-1721934099.png?lm=1,LB,,LB
Justin Kluivert,Bournemouth,MF,26,952,0.19,0.0,1.61,0.38,3.774,0.377,0.66,1.698,0.943,0.094,25000000.0,Netherlands,Attacking Midfield,https://img.a.transfermarkt.technology/portrait/medium/330659-1779893085.jpg?lm=1,AM,,AM
Lewis Cook,Bournemouth,"MF,DF",28,874,0.0,0.1,0.31,0.0,4.536,2.165,1.753,0.825,0.515,0.0,11000000.0,England,Central Midfield,https://img.a.transfermarkt.technology/portrait/medium/249089-1700671190.jpg?lm=1,BX,,CM
Marcos Senesi,Bournemouth,DF,28,3288,0.0,0.14,0.47,0.14,0.767,1.37,0.932,0.959,1.014,0.027,25000000.0,Argentina,Centre-Back,https://img.a.transfermarkt.technology/portrait/medium/469781-1738824319.jpg?lm=1,CB,,CB
Marcus Tavernier,Bournemouth,MF,26,2732,0.16,0.13,2.31,0.79,3.75,0.526,0.691,1.02,1.151,0.132,25000000.0,England,Attacking Midfield,https://img.a.transfermarkt.technology/portrait/medium/399434-1700650360.jpg?lm=1,LM,,LW
Rayan,Bournemouth,MF,18,1111,0.41,0.16,2.27,0.65,1.951,0.65,0.488,0.732,0.488,0.081,60000000.0,Brazil,Right Winger,https://img.a.transfermarkt.technology/portrait/medium/1012564-1780390891.jpg?lm=1,,,
Ryan Christie,Bournemouth,MF,30,993,0.18,0.0,2.27,0.73,1.545,1.0,1.818,1.455,2.0,0.091,8000000.0,Scotland,Central Midfield,https://img.a.transfermarkt.technology/portrait/medium/188077-1697450633.jpg?lm=1,,,
Tyler Adams,Bournemouth,MF,26,1773,0.1,0.1,0.51,0.3,0.152,1.523,1.218,1.827,0.66,0.051,25000000.0,United States,Defensive Midfield,https://img.a.transfermarkt.technology/portrait/medium/332705-1754244571.jpg?lm=1,DM,RB,DM
Veljko Milosavljević,Bournemouth,DF,18,368,0.0,0.0,0.24,0.0,0.0,0.976,0.976,0.0,0.0,0.0,20000000.0,Serbia,Centre-Back,https://img.a.transfermarkt.technology/portrait/medium/989112-1756755375.jpg?lm=1,CB,DM,CB
Álex Jiménez,Bournemouth,"DF,MF",20,2317,0.04,0.0,0.82,0.16,1.984,1.051,1.751,1.362,0.778,0.0,22000000.0,Spain,Right-Back,https://img.a.transfermarkt.technology/portrait/medium/741257-1751532035.jpg?lm=1,RB,LB,RB
Đorđe Petrović,Bournemouth,GK,25,3420,0.0,0.0,0.0,0.0,0.0,0.0,0.0,0.0,0.0,0.0,28000000.0,Serbia,Goalkeeper,https://img.a.transfermarkt.technology/portrait/medium/465555-1775574265.jpg?lm=1,GK,,GK
Aaron Hickey,Brentford,"DF,MF",23,690,0.0,0.0,0.78,0.13,0.519,1.039,0.909,0.909,1.169,0.0,16000000.0,Scotland,Right-Back,https://img.a.transfermarkt.technology/portrait/medium/591949-1780070754.jpg?lm=1,,,
Antoni Milambo,Brentford,MF,20,45,0.0,0.0,0.0,0.0,0.0,0.0,2.0,0.0,0.0,0.0,15000000.0,Netherlands,Attacking Midfield,https://img.a.transfermarkt.technology/portrait/medium/683620-1691146656.jpg?lm=1,BX,,CM
Caoimhín Kelleher,Brentford,GK,26,3330,0.0,0.0,0.0,0.0,0.0,0.0,0.0,0.0,0.0,0.0,28000000.0,Ireland,Goalkeeper,https://img.a.transfermarkt.technology/portrait/medium/340918-1708933663.jpg?lm=1,GK,,GK
Dango Ouattara,Brentford,MF,23,2276,0.28,0.12,2.21,0.79,4.229,0.949,0.553,1.067,1.542,0.316,35000000.0,Burkina Faso,Right Winger,https://img.a.transfermarkt.technology/portrait/medium/823231-1737452292.jpg?lm=1,WF,LB,LW
Ethan Pinnock,Brentford,DF,32,318,0.0,0.0,0.28,0.28,0.0,1.429,1.429,0.0,0.571,0.0,3000000.0,Jamaica,Centre-Back,https://img.a.transfermarkt.technology/portrait/medium/442248-1719836196.jpg?lm=1,CB,,CB
Fabio Carvalho,Brentford,MF,22,102,0.88,0.0,1.76,0.88,4.545,0.0,1.818,0.0,0.0,0.0,8000000.0,Portugal,Attacking Midfield,https://img.a.transfermarkt.technology/portrait/medium/559263-1687517452.jpg?lm=1,AM,,AM
Frank Onyeka,Brentford,MF,27,92,0.0,0.98,0.0,0.0,0.0,0.0,0.0,3.0,3.0,0.0,8000000.0,Nigeria,Central Midfield,https://img.a.transfermarkt.technology/portrait/medium/421637-1726605377.jpg?lm=1,BX,,CM
Hákon Valdimarsson,Brentford,GK,23,90,0.0,0.0,0.0,0.0,0.0,0.0,0.0,0.0,0.0,0.0,2500000.0,Iceland,Goalkeeper,https://img.a.transfermarkt.technology/portrait/medium/488935-1689319830.jpg?lm=1,GK,,GK
Igor Thiago,Brentford,FW,24,3282,0.38,0.03,2.3,1.18,0.521,0.329,0.575,2.027,0.712,0.658,65000000.0,Brazil,Centre-Forward,https://img.a.transfermarkt.technology/portrait/medium/739443-1770372295.jpg?lm=1,ST,,ST
Jordan Henderson,Brentford,MF,35,1919,0.05,0.14,0.28,0.05,2.254,0.751,0.657,0.61,0.329,0.047,1200000.0,England,Defensive Midfield,https://img.a.transfermarkt.technology/portrait/medium/61651-1662621084.jpg?lm=1,BX,,CM
Josh Dasilva,Brentford,MF,26,3,0.0,0.0,30.0,0.0,,,,,,,1500000.0,England,Central Midfield,https://img.a.transfermarkt.technology/portrait/medium/340321-1769112312.jpg?lm=1,BX,,CM
Kaye Furo,Brentford,FW,18,1,0.0,0.0,0.0,0.0,,,,,,,8000000.0,Belgium,Centre-Forward,https://img.a.transfermarkt.technology/portrait/medium/1011936-1754510728.jpg?lm=1,FW,,ST
Keane Lewis-Potter,Brentford,"DF,MF",24,1972,0.14,0.14,1.41,0.41,3.151,0.457,0.639,0.685,1.644,0.137,25000000.0,England,Left Midfield,https://img.a.transfermarkt.technology/portrait/medium/644401-1767003558.jpg?lm=1,LM,LB,LB
Kevin Schade,Brentford,"MF,FW",23,2745,0.26,0.1,1.87,0.79,0.754,0.623,0.885,1.639,1.41,0.328,35000000.0,Germany,Left Winger,https://img.a.transfermarkt.technology/portrait/medium/473050-1700560328.jpg?lm=1,WF,ST,W
Kristoffer Ajer,Brentford,DF,27,1810,0.0,0.05,0.5,0.15,0.348,0.746,1.144,1.144,0.249,0.0,18000000.0,Norway,Centre-Back,https://img.a.transfermarkt.technology/portrait/medium/328658-1700649482.jpg?lm=1,CB,RB,CB
Mathias Jensen,Brentford,MF,29,2247,0.12,0.04,1.16,0.32,4.96,0.84,0.92,0.8,0.6,0.08,10000000.0,Denmark,Central Midfield,https://img.a.transfermarkt.technology/portrait/medium/319859-1684771732.jpg?lm=1,BX,,CM
Michael Kayode,Brentford,DF,21,3258,0.03,0.03,0.25,0.08,1.547,1.077,1.298,0.718,1.381,0.028,40000000.0,Italy,Right-Back,https://img.a.transfermarkt.technology/portrait/medium/823486-1725531169.jpg?lm=1,RB,RM,RB
Mikkel Damsgaard,Brentford,MF,25,2054,0.18,0.18,1.27,0.48,4.167,1.053,1.491,0.789,1.009,0.175,30000000.0,Denmark,Attacking Midfield,https://img.a.transfermarkt.technology/portrait/medium/540941-1668183899.jpg?lm=1,AM,,AM
Myles Peart-Harris,Brentford,MF,22,1,0.0,0.0,0.0,0.0,,,,,,,,,,,AM,,AM
Nathan Collins,Brentford,DF,24,2975,0.03,0.06,0.61,0.18,0.03,1.088,0.393,0.604,0.514,0.06,30000000.0,Ireland,Centre-Back,https://img.a.transfermarkt.technology/portrait/medium/469050-1688381729.jpg?lm=1,CB,,CB
Reiss Nelson,Brentford,"FW,MF",25,126,0.0,0.71,3.57,0.71,1.429,0.0,2.143,0.0,1.429,0.0,8000000.0,England,Left Winger,https://img.a.transfermarkt.technology/portrait/medium/340325-1667418642.jpg?lm=1,WF,,W
Rico Henry,Brentford,DF,28,1328,0.0,0.07,0.34,0.0,1.757,0.473,0.743,1.014,1.149,0.135,13000000.0,Jamaica,Left-Back,https://img.a.transfermarkt.technology/portrait/medium/339556-1684771012.jpg?lm=1,LB,LM,LB
Romelle Donovan,Brentford,FW,18,41,0.0,0.0,6.59,2.2,4.0,0.0,0.0,4.0,6.0,0.0,3500000.0,England,Right Winger,https://img.a.transfermarkt.technology/portrait/medium/1091562-1754902556.jpg?lm=1,WF,ST,W
Sepp van den Berg,Brentford,DF,23,2763,0.0,0.07,0.75,0.23,0.0,0.847,0.293,0.489,0.358,0.0,32000000.0,Netherlands,Centre-Back,https://img.a.transfermarkt.technology/portrait/medium/541231-1692000386.jpg?lm=1,CB,RB,CB
Vitaly Janelt,Brentford,MF,27,1444,0.06,0.25,0.75,0.19,3.812,1.688,1.062,1.25,0.812,0.0,16000000.0,Germany,Defensive Midfield,https://img.a.transfermarkt.technology/portrait/medium/270171-1649932358.jpg?lm=1,DM,,DM
Yehor Yarmoliuk,Brentford,MF,21,2659,0.03,0.07,0.54,0.14,1.017,0.949,1.559,1.254,0.407,0.034,,,,,BX,,CM
Bart Verbruggen,Brighton,GK,22,3420,0.0,0.0,0.0,0.0,0.0,0.0,0.0,0.0,0.0,0.0,40000000.0,Netherlands,Goalkeeper,https://img.a.transfermarkt.technology/portrait/medium/565093-1716990260.jpg?lm=1,GK,,GK
Brajan Gruda,Brighton,MF,21,719,0.13,0.13,2.0,0.75,1.75,0.25,0.625,1.375,1.75,0.25,,,,,RW,AM,RW
Carlos Baleba,Brighton,MF,21,1652,0.0,0.0,1.09,0.11,0.0,1.522,1.141,1.685,1.304,0.0,55000000.0,Cameroon,Defensive Midfield,https://img.a.transfermarkt.technology/portrait/medium/973085-1666690662.jpg?lm=1,DM,,DM
Charalampos Kostoulas,Brighton,FW,18,369,0.49,0.24,5.12,1.95,1.463,0.244,1.463,1.707,1.707,0.976,25000000.0,Greece,Centre-Forward,https://img.a.transfermarkt.technology/portrait/medium/1060087-1750779518.jpg?lm=1,ST,AM,ST
Danny Welbeck,Brighton,FW,34,2258,0.48,0.04,2.23,1.12,0.12,0.319,0.558,1.235,0.398,0.199,3000000.0,England,Centre-Forward,https://img.a.transfermarkt.technology/portrait/medium/67063-1746437656.jpg?lm=1,ST,LW,ST
Diego Coppola,Brighton,DF,21,194,0.0,0.0,0.0,0.0,0.0,0.455,0.909,1.818,0.0,0.0,,,,,CB,,CB
Diego Gómez,Brighton,"MF,FW",22,2120,0.21,0.04,1.78,0.59,0.975,0.805,2.076,2.076,0.466,0.042,25000000.0,Paraguay,Central Midfield,https://img.a.transfermarkt.technology/portrait/medium/996897-1710077684.jpg?lm=1,,,
Ferdi Kadioglu,Brighton,"DF,MF",25,3133,0.03,0.0,0.8,0.37,3.132,0.718,1.121,0.632,1.034,0.201,35000000.0,Türkiye,Left-Back,https://img.a.transfermarkt.technology/portrait/medium/369316-1724792538.jpg?lm=1,,,
Georginio Rutter,Brighton,"MF,FW",23,1786,0.15,0.15,2.12,0.71,1.01,0.556,0.96,1.515,1.717,0.556,30000000.0,France,Centre-Forward,https://img.a.transfermarkt.technology/portrait/medium/538977-1727785742.jpg?lm=1,ST,AM,AM
Harry Howell,Brighton,MF,17,94,0.0,0.0,0.0,0.0,4.0,0.0,0.0,0.0,0.0,1.0,,,,,AM,,AM
Jack Hinshelwood,Brighton,MF,20,1741,0.21,0.16,1.91,0.78,0.363,0.311,0.674,1.658,0.622,0.104,28000000.0,England,Defensive Midfield,https://img.a.transfermarkt.technology/portrait/medium/867688-1698353957.jpg?lm=1,BX,RB,CM
James Milner,Brighton,MF,39,784,0.0,0.11,0.92,0.23,1.609,0.575,1.034,1.724,0.345,0.115,500000.0,England,Central Midfield,https://img.a.transfermarkt.technology/portrait/medium/3333-1662621121.jpg?lm=1,,,
Jan Paul van Hecke,Brighton,DF,25,3210,0.08,0.08,0.64,0.28,0.644,1.261,0.868,0.756,1.204,0.112,45000000.0,Netherlands,Centre-Back,https://img.a.transfermarkt.technology/portrait/medium/576314-1742501220.jpg?lm=1,CB,,CB
Joe Knight,Brighton,MF,19,1,0.0,0.0,0.0,0.0,,,,,,,,,,,BX,,CM
Joël Veltman,Brighton,DF,33,1057,0.09,0.0,0.34,0.09,1.538,1.624,1.453,0.855,1.88,0.171,1500000.0,Netherlands,Right-Back,https://img.a.transfermarkt.technology/portrait/medium/111195-1700650522.jpg?lm=1,RB,CB,RB
Kaoru Mitoma,Brighton,"MF,FW",28,1721,0.16,0.05,1.67,0.68,2.408,0.419,0.628,1.623,1.099,0.209,22000000.0,Japan,Left Winger,https://img.a.transfermarkt.technology/portrait/medium/504849-1731683095.jpg?lm=1,LW,,LW
Lewis Dunk,Brighton,DF,33,2838,0.03,0.0,0.73,0.1,0.159,0.952,0.698,0.444,0.381,0.032,3500000.0,England,Centre-Back,https://img.a.transfermarkt.technology/portrait/medium/148153-1716297176.jpg?lm=1,CB,,CB
Mats Wieffer,Brighton,DF,25,1903,0.09,0.14,0.85,0.28,0.806,1.137,2.038,1.422,1.043,0.095,25000000.0,Netherlands,Right-Back,https://img.a.transfermarkt.technology/portrait/medium/415381-1779892289.jpg?lm=1,RB,DM,RB
Matt O'Riley,Brighton,MF,24,204,0.0,0.0,1.76,0.88,2.609,0.0,0.87,0.87,0.435,0.435,18000000.0,Denmark,Central Midfield,https://img.a.transfermarkt.technology/portrait/medium/406634-1661800636.jpg?lm=1,BX,,CM
Maxim De Cuyper,Brighton,"DF,MF",24,1415,0.13,0.19,0.83,0.38,4.904,0.701,0.637,1.146,1.338,0.064,22000000.0,Belgium,Left-Back,https://img.a.transfermarkt.technology/portrait/medium/429915-1733899691.jpg?lm=1,LB,LM,LB
Nehemiah Oriola,Brighton,MF,18,1,0.0,0.0,0.0,0.0,,,,,,,,,,,LW,,LW
Olivier Boscagli,Brighton,DF,27,802,0.0,0.11,0.11,0.0,1.685,1.798,1.236,0.787,1.124,0.0,15000000.0,France,Centre-Back,https://img.a.transfermarkt.technology/portrait/medium/318508-1763637922.jpg?lm=1,CB,LB,CB
Pascal Groß,Brighton,MF,34,1636,0.06,0.17,0.99,0.5,6.538,0.604,0.934,0.934,0.659,0.22,2500000.0,Germany,Central Midfield,https://img.a.transfermarkt.technology/portrait/medium/82873-1746195832.jpg?lm=1,BX,RB,CM
Solly March,Brighton,MF,31,41,0.0,0.0,2.2,2.2,8.0,0.0,4.0,0.0,2.0,0.0,1000000.0,England,Right Winger,https://img.a.transfermarkt.technology/portrait/medium/209212-1682348330.jpeg?lm=1,RW,,RW
Stefanos Tzimas,Brighton,FW,19,139,0.65,0.65,2.59,0.65,0.667,0.0,0.667,2.667,0.667,0.667,18000000.0,Greece,Centre-Forward,https://img.a.transfermarkt.technology/portrait/medium/950091-1722955946.jpg?lm=1,ST,,ST
Tom Watson,Brighton,MF,19,62,0.0,0.0,1.45,1.45,0.0,0.0,1.429,4.286,0.0,0.0,7000000.0,England,Left Winger,https://img.a.transfermarkt.technology/portrait/medium/933018-1739871162.jpg?lm=1,LW,,LW
Yankuba Minteh,Brighton,MF,21,2391,0.11,0.15,1.54,0.41,5.977,0.564,1.391,1.203,0.827,0.376,45000000.0,The Gambia,Right Winger,https://img.a.transfermarkt.technology/portrait/medium/1012534-1694774813.jpg?lm=1,RW,,RW
Yasin Ayari,Brighton,MF,21,1929,0.14,0.14,1.91,0.47,1.121,1.215,1.168,1.121,1.308,0.0,35000000.0,Sweden,Central Midfield,https://img.a.transfermarkt.technology/portrait/medium/667287-1746438362.jpg?lm=1,BX,,CM
Armando Broja,Burnley,FW,23,860,0.1,0.1,1.67,0.63,0.312,0.312,0.312,1.458,1.667,0.625,5000000.0,Albania,Centre-Forward,https://img.a.transfermarkt.technology/portrait/medium/571743-1662362376.jpg?lm=1,ST,,ST
Ashley Barnes,Burnley,"FW,MF",35,47,0.0,0.0,3.83,1.91,0.0,0.0,0.0,4.0,4.0,4.0,150000.0,England,Centre-Forward,https://img.a.transfermarkt.technology/portrait/medium/63200-1730035902.jpg?lm=1,ST,LW,ST
Axel Tuanzebe,Burnley,DF,27,1201,0.07,0.0,0.15,0.07,0.075,0.902,0.602,0.977,0.15,0.075,5000000.0,DR Congo,Centre-Back,https://img.a.transfermarkt.technology/portrait/medium/342046-1774470130.jpg?lm=1,CB,RB,CB
Bashir Humphreys,Burnley,"DF,MF",22,1578,0.0,0.0,0.51,0.17,0.971,0.629,0.971,0.8,0.571,0.114,12000000.0,England,Centre-Back,https://img.a.transfermarkt.technology/portrait/medium/612517-1687952102.jpg?lm=1,CB,,CB
Florentino Luís,Burnley,MF,25,2105,0.0,0.09,0.56,0.09,0.47,1.709,2.094,1.709,0.342,0.043,16000000.0,Portugal,Defensive Midfield,https://img.a.transfermarkt.technology/portrait/medium/357162-1701295561.jpg?lm=1,DM,,DM
Hannibal Mejbri,Burnley,MF,22,1229,0.07,0.29,1.39,0.37,2.19,0.511,1.241,1.679,3.358,0.219,15000000.0,Tunisia,Attacking Midfield,https://img.a.transfermarkt.technology/portrait/medium/607224-1695240171.jpg?lm=1,BX,,CM
Hjalmar Ekdal,Burnley,DF,26,1539,0.0,0.0,0.35,0.06,0.058,0.702,0.994,0.292,0.409,0.117,5000000.0,Sweden,Centre-Back,https://img.a.transfermarkt.technology/portrait/medium/392179-1685717602.jpg?lm=1,CB,,CB
Jacob Bruun Larsen,Burnley,"MF,FW",26,1030,0.0,0.09,1.49,0.35,3.684,0.526,0.263,0.088,0.0,0.351,4000000.0,Denmark,Left Winger,https://img.a.transfermarkt.technology/portrait/medium/293281-1657201254.jpg?lm=1,LW,,LW
Jaidon Anthony,Burnley,MF,25,2722,0.26,0.07,1.82,0.76,2.649,0.53,0.695,0.894,1.556,0.298,20000000.0,England,Left Winger,https://img.a.transfermarkt.technology/portrait/medium/684210-1637578473.jpg?lm=1,LW,,LW
James Ward-Prowse,Burnley,MF,30,684,0.0,0.13,0.39,0.26,6.842,1.974,0.526,0.526,1.447,0.0,5000000.0,England,Central Midfield,https://img.a.transfermarkt.technology/portrait/medium/181579-1684751045.jpg?lm=1,BX,RM,CM
Jaydon Amauri Banel,Burnley,"FW,MF",20,10,0.0,0.0,0.0,0.0,0.0,0.0,0.0,0.0,10.0,0.0,,,,,LW,ST,LW
Joe Worrall,Burnley,DF,28,500,0.0,0.0,0.18,0.0,0.0,1.071,0.357,0.714,0.179,0.0,2000000.0,England,Centre-Back,https://img.a.transfermarkt.technology/portrait/medium/415970-1712666411.png?lm=1,CB,,CB
Josh Cullen,Burnley,MF,29,1514,0.12,0.12,0.65,0.36,0.714,1.429,1.131,0.952,1.071,0.0,4000000.0,Ireland,Central Midfield,https://img.a.transfermarkt.technology/portrait/medium/242606-1774468976.jpg?lm=1,BX,,CM
Josh Laurent,Burnley,"DF,MF",30,1764,0.05,0.0,0.77,0.2,0.714,1.429,1.276,1.582,0.561,0.102,1500000.0,England,Central Midfield,https://img.a.transfermarkt.technology/portrait/medium/314241-1741274126.jpg?lm=1,MF,,CM
Kyle Walker,Burnley,"DF,MF",35,3096,0.0,0.06,0.12,0.0,1.076,1.25,0.93,0.93,0.64,0.029,1500000.0,England,Right-Back,https://img.a.transfermarkt.technology/portrait/medium/95424-1668090663.jpg?lm=1,RB,,RB
Lesley Ugochukwu,Burnley,MF,21,2336,0.12,0.04,0.89,0.31,0.269,0.654,1.0,1.077,1.154,0.038,22000000.0,France,Defensive Midfield,https://img.a.transfermarkt.technology/portrait/medium/711999-1666698684.jpg?lm=1,DM,,DM
Loum Tchaouna,Burnley,"MF,FW",21,1272,0.14,0.07,1.63,0.64,2.411,0.142,0.638,0.851,1.135,0.071,13000000.0,France,Right Winger,https://img.a.transfermarkt.technology/portrait/medium/607226-1695710683.jpg?lm=1,RW,,RW
Lucas,Burnley,"MF,DF",24,1409,0.0,0.0,1.02,0.26,3.567,1.21,1.401,0.955,0.255,0.318,,,,,,,
Lyle Foster,Burnley,"FW,MF",24,1371,0.2,0.13,1.31,0.39,0.395,0.263,0.789,1.447,0.855,0.724,8000000.0,South Africa,Centre-Forward,https://img.a.transfermarkt.technology/portrait/medium/467623-1779949909.jpg?lm=1,ST,,ST
Marcus Edwards,Burnley,"MF,FW",26,1067,0.08,0.25,1.94,0.51,1.597,0.252,0.504,0.588,1.513,0.084,6000000.0,England,Right Winger,https://img.a.transfermarkt.technology/portrait/medium/314367-1653379978.jpg?lm=1,RW,AM,RW
Martin Dúbravka,Burnley,GK,36,3150,0.0,0.0,0.0,0.0,0.0,0.0,0.0,0.0,0.0,0.0,500000.0,Slovakia,Goalkeeper,https://img.a.transfermarkt.technology/portrait/medium/74960-1700237195.jpg?lm=1,GK,,GK
Max Weiß,Burnley,GK,21,270,0.0,0.0,0.0,0.0,0.0,0.0,0.0,0.0,0.0,0.0,4000000.0,Germany,Goalkeeper,https://img.a.transfermarkt.technology/portrait/medium/829299-1721465999.jpg?lm=1,GK,,GK
Maxime Estève,Burnley,DF,23,2932,0.0,0.0,0.31,0.03,0.184,1.135,0.828,0.399,0.368,0.0,28000000.0,France,Centre-Back,https://img.a.transfermarkt.technology/portrait/medium/842341-1767956558.jpg?lm=1,CB,,CB
Mike Trésor,Burnley,"FW,MF",26,43,0.0,0.0,0.0,0.0,6.0,0.0,2.0,0.0,0.0,0.0,2000000.0,Belgium,Attacking Midfield,https://img.a.transfermarkt.technology/portrait/medium/381963-1626766909.jpg?lm=1,AM,LW,LW
Oliver Sonne,Burnley,DF,24,169,0.53,0.0,1.6,0.53,2.632,0.526,0.526,2.105,0.0,0.0,,,,,RB,RM,RB
Quilindschy Hartman,Burnley,DF,23,1825,0.0,0.25,0.44,0.15,3.645,1.576,1.527,0.64,0.148,0.049,16000000.0,Netherlands,Left-Back,https://img.a.transfermarkt.technology/portrait/medium/514285-1723820103.jpg?lm=1,LB,,LB
Zeki Amdouni,Burnley,"FW,MF",24,73,0.0,0.0,3.7,1.23,0.0,0.0,0.0,1.25,1.25,0.0,7000000.0,Switzerland,Centre-Forward,https://img.a.transfermarkt.technology/portrait/medium/548729-1715938870.jpg?lm=1,ST,AM,ST
Zian Flemming,Burnley,FW,26,1768,0.46,0.0,2.65,1.07,0.306,0.306,0.51,2.602,1.327,0.153,12000000.0,Netherlands,Centre-Forward,https://img.a.transfermarkt.technology/portrait/medium/411537-1741273915.jpg?lm=1,ST,,ST
Alejandro Garnacho,Chelsea,MF,21,1268,0.07,0.28,2.34,0.5,4.326,0.284,0.922,0.638,1.631,0.142,28000000.0,Argentina,Left Winger,https://img.a.transfermarkt.technology/portrait/medium/811779-1703629085.jpg?lm=1,LW,,LW
Andrey Santos,Chelsea,MF,21,1260,0.07,0.0,0.79,0.14,0.143,1.286,1.5,0.929,1.571,0.071,40000000.0,Brazil,Central Midfield,https://img.a.transfermarkt.technology/portrait/medium/743600-1732576153.png?lm=1,BX,,CM
Benoît Badiashile,Chelsea,DF,24,471,0.0,0.0,0.0,0.0,0.0,1.731,0.962,1.154,0.385,0.0,15000000.0,France,Centre-Back,https://img.a.transfermarkt.technology/portrait/medium/463603-1714721596.jpg?lm=1,CB,,CB
Cole Palmer,Chelsea,MF,23,1955,0.23,0.05,2.95,1.15,1.613,0.599,0.553,0.599,1.705,0.092,100000000.0,England,Attacking Midfield,https://img.a.transfermarkt.technology/portrait/medium/568177-1712320986.jpg?lm=1,AM,RW,RW
Dario Essugo,Chelsea,MF,20,30,0.0,0.0,0.0,0.0,0.0,0.0,10.0,10.0,3.333,0.0,15000000.0,Portugal,Defensive Midfield,https://img.a.transfermarkt.technology/portrait/medium/670717-1742314930.jpg?lm=1,DM,,DM
Enzo Fernández,Chelsea,MF,24,3115,0.23,0.12,2.08,0.9,2.572,0.578,0.694,1.04,1.301,0.029,90000000.0,Argentina,Central Midfield,https://img.a.transfermarkt.technology/portrait/medium/648195-1669894717.jpg?lm=1,BX,,CM
Estêvão Willian,Chelsea,MF,18,848,0.21,0.21,2.97,0.85,1.702,0.426,0.638,1.277,0.957,0.638,80000000.0,Brazil,Right Winger,https://img.a.transfermarkt.technology/portrait/medium/1056993-1766148652.jpg?lm=1,RW,,RW
Facundo Buonanotte,Chelsea,MF,20,45,0.0,0.0,0.0,0.0,0.0,0.0,0.0,0.0,0.0,0.0,,,,,AM,RM,RW
Filip Jørgensen,Chelsea,GK,23,379,0.0,0.0,0.0,0.0,0.0,0.0,0.0,0.0,0.0,0.0,15000000.0,Denmark,Goalkeeper,https://img.a.transfermarkt.technology/portrait/medium/585323-1718280485.jpg?lm=1,GK,,GK
Jamie Gittens,Chelsea,MF,20,495,0.0,0.36,1.82,0.36,2.364,0.364,0.727,1.091,1.455,0.364,30000000.0,England,Left Winger,https://img.a.transfermarkt.technology/portrait/medium/670882-1736780080.jpg?lm=1,,,
Jesse Derry,Chelsea,MF,18,44,0.0,0.0,4.09,2.05,4.0,0.0,2.0,0.0,2.0,0.0,,,,,LW,,LW
Jorrel Hato,Chelsea,DF,19,1148,0.0,0.0,0.31,0.0,0.547,1.328,1.484,1.172,0.156,0.0,40000000.0,Netherlands,Left-Back,https://img.a.transfermarkt.technology/portrait/medium/904802-1701361717.jpg?lm=1,CB,LB,CB
Joshua Acheampong,Chelsea,DF,19,666,0.14,0.0,0.54,0.27,0.135,1.622,1.081,0.27,1.216,0.27,25000000.0,England,Right-Back,https://img.a.transfermarkt.technology/portrait/medium/1004708-1715156243.jpg?lm=1,RB,CB,RB
João Pedro,Chelsea,"FW,MF",23,2661,0.51,0.17,2.47,0.95,0.608,0.203,0.574,1.284,1.858,0.541,80000000.0,Brazil,Centre-Forward,https://img.a.transfermarkt.technology/portrait/medium/626724-1724792744.jpg?lm=1,FW,,ST
Levi Colwill,Chelsea,DF,22,225,0.0,0.0,0.0,0.0,0.4,2.0,0.8,0.4,0.8,0.0,50000000.0,England,Centre-Back,https://img.a.transfermarkt.technology/portrait/medium/614258-1694614507.jpg?lm=1,CB,LB,CB
Liam Delap,Chelsea,FW,22,1107,0.08,0.0,2.93,0.89,0.488,0.081,0.244,2.033,1.545,0.407,28000000.0,England,Centre-Forward,https://img.a.transfermarkt.technology/portrait/medium/610849-1746646306.jpg?lm=1,ST,RW,ST
Malo Gusto,Chelsea,"DF,MF",22,2261,0.08,0.12,0.48,0.24,2.311,1.195,0.916,0.797,0.797,0.04,35000000.0,France,Right-Back,https://img.a.transfermarkt.technology/portrait/medium/620322-1752061866.jpg?lm=1,RB,,RB
Mamadou Sarr,Chelsea,DF,19,102,0.0,0.0,0.88,0.0,0.0,0.909,0.0,0.0,0.0,0.0,22000000.0,Senegal,Centre-Back,https://img.a.transfermarkt.technology/portrait/medium/910905-1773787147.jpg?lm=1,CB,,CB
Marc Cucurella,Chelsea,DF,27,2707,0.03,0.13,0.66,0.2,1.362,0.93,1.329,1.495,0.963,0.166,50000000.0,Spain,Left-Back,https://img.a.transfermarkt.technology/portrait/medium/284857-1765185117.jpg?lm=1,LB,LM,LB
Marc Guiu,Chelsea,FW,19,257,0.0,0.35,4.2,0.7,0.0,0.0,0.0,3.103,0.69,0.69,12000000.0,Spain,Centre-Forward,https://img.a.transfermarkt.technology/portrait/medium/938158-1719846394.jpg?lm=1,ST,,ST
Moisés Caicedo,Chelsea,MF,23,2795,0.1,0.03,0.87,0.23,0.257,1.897,1.511,1.736,1.768,0.0,100000000.0,Ecuador,Defensive Midfield,https://img.a.transfermarkt.technology/portrait/medium/687626-1660729724.jpg?lm=1,DM,,DM
Pedro Neto,Chelsea,"MF,FW",25,2631,0.17,0.21,1.57,0.44,6.301,0.205,0.377,0.582,0.856,0.205,60000000.0,Portugal,Right Winger,https://img.a.transfermarkt.technology/portrait/medium/487465-1763106447.jpg?lm=1,WF,ST,W
Reece James,Chelsea,"DF,MF",25,1963,0.09,0.18,1.01,0.32,5.78,1.468,1.514,1.193,1.009,0.046,60000000.0,England,Right-Back,https://img.a.transfermarkt.technology/portrait/medium/472423-1683900849.jpg?lm=1,RB,DM,RB
Robert Sánchez,Chelsea,GK,27,3039,0.0,0.0,0.0,0.0,0.0,0.0,0.0,0.0,0.0,0.0,22000000.0,Spain,Goalkeeper,https://img.a.transfermarkt.technology/portrait/medium/403151-1695028195.jpg?lm=1,GK,,GK
Roméo Lavia,Chelsea,MF,21,382,0.0,0.0,0.71,0.0,0.238,1.19,1.667,1.905,1.905,0.0,22000000.0,Belgium,Defensive Midfield,https://img.a.transfermarkt.technology/portrait/medium/628451-1683898478.jpg?lm=1,DM,,DM
Shumaira Mheuka,Chelsea,FW,17,2,0.0,0.0,0.0,0.0,,,,,,,,,,,FW,,ST
Tosin Adarabioyo,Chelsea,DF,27,795,0.0,0.0,0.23,0.0,0.0,1.023,0.682,0.682,0.0,0.114,16000000.0,England,Centre-Back,https://img.a.transfermarkt.technology/portrait/medium/258878-1646903871.jpg?lm=1,CB,,CB
Trevoh Chalobah,Chelsea,DF,26,2783,0.1,0.0,0.52,0.16,0.162,1.197,0.712,0.647,0.583,0.065,40000000.0,England,Centre-Back,https://img.a.transfermarkt.technology/portrait/medium/346314-1773301391.jpg?lm=1,CB,DM,CB
Tyrique George,Chelsea,FW,19,145,0.0,0.0,1.86,1.24,0.625,0.0,1.25,3.75,0.625,1.25,,,,,FW,,ST
Wesley Fofana,Chelsea,DF,24,1722,0.0,0.05,0.42,0.05,0.105,1.99,0.576,1.414,0.89,0.052,28000000.0,France,Centre-Back,https://img.a.transfermarkt.technology/portrait/medium/475411-1683899212.jpg?lm=1,CB,,CB
Adam Wharton,Crystal Palace,MF,21,2552,0.04,0.18,1.13,0.21,3.028,0.951,1.268,1.232,1.092,0.0,70000000.0,England,Defensive Midfield,https://img.a.transfermarkt.technology/portrait/medium/744149-1716297290.jpg?lm=1,DM,,DM
Borna Sosa,Crystal Palace,"DF,MF",27,101,0.0,0.0,0.89,0.0,5.455,1.818,0.0,3.636,0.0,0.0,3000000.0,Croatia,Left-Back,https://img.a.transfermarkt.technology/portrait/medium/293194-1716241200.jpg?lm=1,LB,LM,LB
Brennan Johnson,Crystal Palace,"MF,FW",24,1112,0.0,0.08,1.38,0.24,3.629,0.161,0.565,1.452,0.887,0.484,30000000.0,Wales,Right Winger,https://img.a.transfermarkt.technology/portrait/medium/470607-1692959021.jpg?lm=1,FW,,ST
Chadi Riad,Crystal Palace,DF,22,552,0.0,0.16,0.65,0.33,0.984,0.656,0.82,0.82,0.492,0.0,15000000.0,Morocco,Centre-Back,https://img.a.transfermarkt.technology/portrait/medium/689637-1704399972.jpg?lm=1,DM,,DM
Chris Richards,Crystal Palace,DF,25,2827,0.03,0.0,0.48,0.06,0.446,1.369,1.115,0.541,0.159,0.0,28000000.0,United States,Centre-Back,https://img.a.transfermarkt.technology/portrait/medium/578539-1754244701.jpg?lm=1,CB,,CB
Christantus Uche,Crystal Palace,FW,22,173,0.0,0.0,3.12,1.04,3.158,0.0,0.526,2.105,3.684,1.579,12000000.0,Nigeria,Centre-Forward,https://img.a.transfermarkt.technology/portrait/medium/1124005-1748855413.jpg?lm=1,ST,,ST
Daichi Kamada,Crystal Palace,MF,28,1902,0.0,0.0,0.9,0.19,1.991,0.664,1.659,1.422,1.327,0.047,10000000.0,Japan,Attacking Midfield,https://img.a.transfermarkt.technology/portrait/medium/356141-1707947777.jpg?lm=1,AM,,AM
Daniel Muñoz,Crystal Palace,MF,29,2399,0.15,0.11,0.98,0.45,2.322,0.899,1.798,1.273,0.674,0.3,22000000.0,Colombia,Right-Back,https://img.a.transfermarkt.technology/portrait/medium/493003-1718642628.jpg?lm=1,RB,,RB
Dean Henderson,Crystal Palace,GK,28,3330,0.0,0.0,0.0,0.0,0.0,0.0,0.0,0.0,0.0,0.0,28000000.0,England,Goalkeeper,https://img.a.transfermarkt.technology/portrait/medium/258919-1716297478.jpg?lm=1,GK,,GK
Eberechi Eze,Crystal Palace,MF,27,83,0.0,0.0,6.51,2.17,4.444,0.0,1.111,2.222,1.111,0.0,,,,,AM,LM,LW
Eddie Nketiah,Crystal Palace,MF,26,424,0.42,0.0,3.18,1.27,0.0,0.426,1.277,1.489,1.489,0.638,10000000.0,England,Centre-Forward,https://img.a.transfermarkt.technology/portrait/medium/340324-1730795033.jpg?lm=1,ST,,ST
Evann Guessand,Crystal Palace,MF,24,330,0.27,0.27,0.82,0.27,0.27,0.541,0.541,1.081,2.162,0.27,25000000.0,Cote d'Ivoire,Right Winger,https://img.a.transfermarkt.technology/portrait/medium/500689-1765812945.jpg?lm=1,ST,WF,ST
Ismaila Sarr,Crystal Palace,MF,27,2174,0.25,0.04,1.99,0.87,0.992,0.289,0.372,0.496,1.736,0.579,40000000.0,Senegal,Right Winger,https://img.a.transfermarkt.technology/portrait/medium/410225-1765811669.jpg?lm=1,RW,,RW
Jaydee Canvot,Crystal Palace,DF,19,1336,0.0,0.0,0.47,0.07,0.338,0.811,1.486,0.811,0.473,0.0,28000000.0,France,Centre-Back,https://img.a.transfermarkt.technology/portrait/medium/1006411-1741897197.jpg?lm=1,CB,,CB
Jean-Philippe Mateta,Crystal Palace,FW,28,2218,0.32,0.0,2.56,1.3,0.447,0.244,0.163,0.854,0.772,0.732,30000000.0,France,Centre-Forward,https://img.a.transfermarkt.technology/portrait/medium/420002-1723202650.jpg?lm=1,ST,,ST
Jefferson Lerma,Crystal Palace,"MF,DF",30,1733,0.0,0.1,0.99,0.36,0.622,1.295,0.933,1.295,1.244,0.0,6000000.0,Colombia,Defensive Midfield,https://img.a.transfermarkt.technology/portrait/medium/262980-1693334146.jpg?lm=1,DM,RB,DM
Joél Drakes-Thomas,Crystal Palace,MF,16,9,0.0,0.0,0.0,0.0,0.0,0.0,10.0,10.0,0.0,0.0,,,,,RM,,RW
Justin Devenny,Crystal Palace,"MF,FW",21,796,0.0,0.0,1.47,0.45,1.932,0.114,1.25,1.25,1.136,0.114,12000000.0,Northern Ireland,Attacking Midfield,https://img.a.transfermarkt.technology/portrait/medium/747009-1736159687.jpg?lm=1,BX,,CM
Jørgen Strand Larsen,Crystal Palace,FW,25,903,0.3,0.0,2.29,0.7,0.0,0.1,0.0,2.1,1.0,0.1,40000000.0,Norway,Centre-Forward,https://img.a.transfermarkt.technology/portrait/medium/429983-1743541067.jpg?lm=1,ST,,ST
Kaden Rodney,Crystal Palace,"DF,MF",20,4,0.0,0.0,0.0,0.0,,,,,,,,,,,DM,RB,RB
Marc Guéhi,Crystal Palace,DF,25,1800,0.1,0.1,0.75,0.2,0.5,1.2,0.95,0.7,0.9,0.0,,,,,CB,LB,CB
Maxence Lacroix,Crystal Palace,DF,25,3085,0.03,0.06,0.73,0.2,0.146,1.312,1.108,0.991,0.554,0.0,50000000.0,France,Centre-Back,https://img.a.transfermarkt.technology/portrait/medium/434224-1657202248.jpg?lm=1,CB,,CB
Nathaniel Clyne,Crystal Palace,"MF,DF",34,594,0.0,0.15,0.45,0.0,2.273,1.061,1.364,0.606,0.303,0.0,300000.0,England,Right-Back,https://img.a.transfermarkt.technology/portrait/medium/85177-1700648209.jpg?lm=1,RB,,RB
Odsonne Édouard,Crystal Palace,FW,27,3,0.0,0.0,0.0,0.0,,,,,,,,,,,ST,,ST
Rio Cardines,Crystal Palace,MF,19,90,0.0,0.0,1.0,0.0,3.0,0.0,1.0,0.0,1.0,0.0,300000.0,Trinidad and Tobago,Left-Back,https://img.a.transfermarkt.technology/portrait/medium/1047257-1749200047.jpg?lm=1,,,
Romain Esse,Crystal Palace,MF,20,44,0.0,0.0,0.0,0.0,4.0,0.0,2.0,4.0,4.0,0.0,10000000.0,England,Right Winger,https://img.a.transfermarkt.technology/portrait/medium/967319-1725993442.jpg?lm=1,RW,,RW
Tyrick Mitchell,Crystal Palace,MF,25,3251,0.03,0.06,0.53,0.19,2.881,0.914,1.801,0.665,0.776,0.139,25000000.0,England,Left-Back,https://img.a.transfermarkt.technology/portrait/medium/730893-1693826944.jpg?lm=1,LB,,LB
Walter Benítez,Crystal Palace,GK,32,90,0.0,0.0,0.0,0.0,0.0,0.0,0.0,0.0,0.0,0.0,4000000.0,Argentina,Goalkeeper,https://img.a.transfermarkt.technology/portrait/medium/296802-1682332928.jpg?lm=1,GK,,GK
Will Hughes,Crystal Palace,MF,30,1571,0.0,0.0,0.97,0.0,2.571,0.857,0.914,1.371,1.429,0.0,5000000.0,England,Central Midfield,https://img.a.transfermarkt.technology/portrait/medium/207014-1700672424.jpg?lm=1,BX,,CM
Yeremi Pino,Crystal Palace,"MF,FW",22,2080,0.09,0.09,1.95,0.48,3.42,0.346,0.866,1.299,1.039,0.433,30000000.0,Spain,Right Winger,https://img.a.transfermarkt.technology/portrait/medium/568157-1686664370.jpg?lm=1,RW,LW,RW
Beto,Everton,FW,27,1568,0.52,0.06,2.47,0.98,0.115,0.057,0.287,1.839,0.69,0.517,18000000.0,Guinea-Bissau,Centre-Forward,https://img.a.transfermarkt.technology/portrait/medium/595809-1711746870.jpg?lm=1,ST,,ST
Carlos Alcaraz,Everton,MF,22,689,0.0,0.13,2.61,0.65,0.779,0.26,1.169,1.299,1.558,0.13,15000000.0,Argentina,Central Midfield,https://img.a.transfermarkt.technology/portrait/medium/748319-1694617058.jpg?lm=1,BX,,CM
Dwight McNeil,Everton,MF,25,1168,0.0,0.08,1.85,0.39,3.077,0.769,1.231,0.846,0.538,0.154,18000000.0,England,Left Winger,https://img.a.transfermarkt.technology/portrait/medium/584769-1700651579.jpg?lm=1,WF,AM,AM
Harrison Armstrong,Everton,MF,18,529,0.0,0.0,0.85,0.34,0.508,0.678,1.695,1.017,2.542,0.339,12000000.0,England,Central Midfield,https://img.a.transfermarkt.technology/portrait/medium/1107733-1736161319.jpg?lm=1,BX,LM,CM
Idrissa Gana Gueye,Everton,MF,35,2093,0.09,0.13,1.25,0.3,0.815,1.245,0.901,0.901,1.33,0.0,500000.0,Senegal,Defensive Midfield,https://img.a.transfermarkt.technology/portrait/medium/126665-1746646577.jpg?lm=1,BX,,CM
Iliman Ndiaye,Everton,MF,25,2778,0.13,0.1,1.39,0.71,1.78,0.55,1.294,0.971,1.197,0.388,55000000.0,Senegal,Right Winger,https://img.a.transfermarkt.technology/portrait/medium/623570-1765811829.jpg?lm=1,FW,,ST
Jack Grealish,Everton,MF,29,1627,0.11,0.33,1.44,0.44,2.155,0.608,0.829,0.718,3.204,0.0,20000000.0,England,Left Winger,https://img.a.transfermarkt.technology/portrait/medium/203460-1676499047.jpg?lm=1,LW,AM,LW
Jake O'Brien,Everton,DF,24,3120,0.03,0.03,0.37,0.17,1.412,0.375,0.922,0.663,0.49,0.115,18000000.0,Ireland,Right-Back,https://img.a.transfermarkt.technology/portrait/medium/711544-1662362868.jpg?lm=1,CB,,CB
James Garner,Everton,"MF,DF",24,3413,0.05,0.18,1.19,0.37,5.409,1.504,1.9,1.029,1.108,0.0,45000000.0,England,Defensive Midfield,https://img.a.transfermarkt.technology/portrait/medium/505219-1662067244.jpg?lm=1,DM,RB,DM
James Tarkowski,Everton,DF,32,3330,0.05,0.08,0.54,0.27,0.189,0.784,0.811,0.865,0.946,0.054,5000000.0,England,Centre-Back,https://img.a.transfermarkt.technology/portrait/medium/173504-1655979328.jpg?lm=1,CB,,CB
Jarrad Branthwaite,Everton,DF,23,680,0.13,0.0,0.79,0.26,0.395,1.447,0.789,0.395,0.132,0.132,40000000.0,England,Centre-Back,https://img.a.transfermarkt.technology/portrait/medium/661053-1687975679.jpg?lm=1,CB,,CB
Jordan Pickford,Everton,GK,31,3420,0.0,0.0,0.0,0.0,0.0,0.0,0.0,0.0,0.0,0.0,13000000.0,England,Goalkeeper,https://img.a.transfermarkt.technology/portrait/medium/130164-1668499964.jpg?lm=1,GK,,GK
Kiernan Dewsbury-Hall,Everton,MF,26,2626,0.27,0.14,1.34,0.51,3.836,0.479,0.89,1.096,1.644,0.068,35000000.0,England,Central Midfield,https://img.a.transfermarkt.technology/portrait/medium/475188-1774470020.jpg?lm=1,BX,,CM
Merlin Röhl,Everton,MF,23,682,0.13,0.0,1.45,0.13,0.658,0.526,1.711,2.632,0.921,0.263,16000000.0,Germany,Attacking Midfield,https://img.a.transfermarkt.technology/portrait/medium/608832-1726649794.jpg?lm=1,BX,RM,CM
Michael Keane,Everton,DF,32,2591,0.1,0.03,0.94,0.24,0.035,1.285,0.833,0.556,0.208,0.0,3000000.0,England,Centre-Back,https://img.a.transfermarkt.technology/portrait/medium/118534-1687967021.jpg?lm=1,CB,,CB
Nathan Patterson,Everton,DF,23,241,0.0,0.0,0.37,0.37,2.222,0.741,1.481,0.741,0.741,0.37,10000000.0,Scotland,Right-Back,https://img.a.transfermarkt.technology/portrait/medium/424015-1736161412.jpg?lm=1,RB,RM,RB
Séamus Coleman,Everton,DF,36,21,0.0,0.0,0.0,0.0,15.0,0.0,0.0,0.0,5.0,0.0,200000.0,Ireland,Right-Back,https://img.a.transfermarkt.technology/portrait/medium/68390-1774469102.jpg?lm=1,RB,,RB
Thierno Barry,Everton,FW,22,1914,0.38,0.0,1.79,0.66,0.188,0.235,0.188,2.16,0.376,0.61,30000000.0,France,Centre-Forward,https://img.a.transfermarkt.technology/portrait/medium/937941-1743672693.jpg?lm=1,ST,AM,ST
Tim Iroegbunam,Everton,MF,22,1487,0.0,0.12,0.73,0.06,0.182,1.333,2.667,1.758,1.212,0.0,18000000.0,England,Central Midfield,https://img.a.transfermarkt.technology/portrait/medium/696589-1650877564.jpg?lm=1,DM,,DM
Tyler Dibling,Everton,MF,19,358,0.0,0.0,1.01,0.0,1.75,1.5,0.75,2.75,2.75,0.0,17000000.0,England,Right Winger,https://img.a.transfermarkt.technology/portrait/medium/866655-1724485194.jpg?lm=1,RW,,RW
Tyrique George,Everton,MF,19,218,0.0,0.0,2.89,1.24,4.167,0.833,1.25,1.25,0.417,0.833,20000000.0,England,Left Winger,https://img.a.transfermarkt.technology/portrait/medium/936874-1731016609.jpg?lm=1,FW,,ST
Vitaliy Mykolenko,Everton,DF,26,2958,0.0,0.03,0.27,0.06,2.827,0.821,0.76,0.881,0.851,0.0,25000000.0,Ukraine,Left-Back,https://img.a.transfermarkt.technology/portrait/medium/404842-1708012303.jpg?lm=1,LB,,LB
Adama Traoré,Fulham,MF,29,274,0.0,0.0,1.64,0.33,5.0,0.0,0.333,2.0,2.667,1.0,,,,,RW,,RW
Alex Iwobi,Fulham,MF,29,2419,0.15,0.11,1.45,0.56,3.271,0.558,0.669,0.297,0.372,0.037,20000000.0,Nigeria,Left Winger,https://img.a.transfermarkt.technology/portrait/medium/242631-1679652866.jpg?lm=1,WF,AM,AM
Antonee Robinson,Fulham,"DF,MF",27,1492,0.0,0.0,0.36,0.06,4.639,1.687,1.867,0.904,0.542,0.12,22000000.0,United States,Left-Back,https://img.a.transfermarkt.technology/portrait/medium/349701-1703926612.jpg?lm=1,LB,,LB
Bernd Leno,Fulham,GK,33,3420,0.0,0.0,0.0,0.0,0.0,0.0,0.0,0.0,0.0,0.0,6000000.0,Germany,Goalkeeper,https://img.a.transfermarkt.technology/portrait/medium/72476-1774470314.jpg?lm=1,GK,,GK
Calvin Bassey,Fulham,DF,25,2534,0.04,0.0,0.43,0.04,0.496,0.78,1.135,0.993,1.418,0.035,28000000.0,Nigeria,Centre-Back,https://img.a.transfermarkt.technology/portrait/medium/461883-1662989506.jpg?lm=1,LB,CB,LB
Emile Smith Rowe,Fulham,MF,25,1923,0.14,0.0,1.68,0.51,0.607,1.028,1.028,0.467,0.794,0.14,20000000.0,England,Attacking Midfield,https://img.a.transfermarkt.technology/portrait/medium/392765-1684164628.jpg?lm=1,,,
Harrison Reed,Fulham,MF,30,94,0.96,0.0,1.91,0.96,4.0,0.0,0.0,2.0,1.0,0.0,900000.0,Wales,Attacking Midfield,https://img.a.transfermarkt.technology/portrait/medium/817612-1657802332.jpg?lm=1,BX,,CM
Harry Wilson,Fulham,MF,28,2673,0.34,0.24,2.63,0.84,3.872,0.539,0.64,0.438,1.246,0.438,25000000.0,Wales,Right Winger,https://img.a.transfermarkt.technology/portrait/medium/279455-1668070758.jpg?lm=1,RW,,RW
Issa Diop,Fulham,DF,28,816,0.11,0.0,0.22,0.11,0.11,0.659,0.22,0.989,0.33,0.0,8000000.0,Morocco,Centre-Back,https://img.a.transfermarkt.technology/portrait/medium/272622-1780316727.jpg?lm=1,CB,,CB
Joachim Andersen,Fulham,DF,29,2875,0.0,0.03,0.5,0.13,0.47,1.066,0.815,0.94,0.408,0.0,20000000.0,Denmark,Centre-Back,https://img.a.transfermarkt.technology/portrait/medium/260827-1668183482.jpg?lm=1,CB,,CB
Jonah Kusi-Asare,Fulham,FW,18,55,0.0,0.0,0.0,0.0,0.0,0.0,1.667,6.667,3.333,0.0,3000000.0,Sweden,Centre-Forward,https://img.a.transfermarkt.technology/portrait/medium/1069512-1739808814.jpg?lm=1,ST,LW,ST
Jorge Cuenca,Fulham,DF,25,938,0.0,0.0,0.1,0.0,0.192,1.442,0.962,0.962,0.096,0.096,8000000.0,Spain,Centre-Back,https://img.a.transfermarkt.technology/portrait/medium/494880-1737920132.jpg?lm=1,CB,,CB
Joshua King,Fulham,MF,18,1308,0.07,0.14,1.79,0.76,0.828,0.207,0.828,0.897,2.069,0.207,25000000.0,England,Attacking Midfield,https://img.a.transfermarkt.technology/portrait/medium/1011131-1752773470.jpg?lm=1,BX,,CM
Kenny Tete,Fulham,DF,29,1791,0.05,0.0,0.8,0.15,1.709,1.307,1.91,1.357,1.558,0.05,8000000.0,Netherlands,Right-Back,https://img.a.transfermarkt.technology/portrait/medium/206746-1746645948.jpg?lm=1,RB,,RB
Kevin,Fulham,MF,22,1041,0.09,0.09,2.16,0.86,3.707,0.776,0.862,1.207,1.466,0.259,25000000.0,Brazil,Left Winger,https://img.a.transfermarkt.technology/portrait/medium/900195-1762354062.jpg?lm=1,FW,,ST
Oscar Bobb,Fulham,MF,22,571,0.0,0.0,1.26,0.47,1.429,0.952,1.111,0.635,1.27,0.0,28000000.0,Norway,Right Winger,https://img.a.transfermarkt.technology/portrait/medium/661207-1770716679.png?lm=1,FW,,ST
Raúl Jiménez,Fulham,FW,34,2189,0.21,0.12,3.0,0.74,0.288,0.288,0.823,1.893,1.399,0.823,3000000.0,Mexico,Centre-Forward,https://img.a.transfermarkt.technology/portrait/medium/206040-1742820547.jpg?lm=1,ST,,ST
Rodrigo Muniz,Fulham,FW,24,1000,0.09,0.09,2.88,0.45,0.18,0.18,0.27,1.892,1.622,0.45,20000000.0,Brazil,Centre-Forward,https://img.a.transfermarkt.technology/portrait/medium/735571-1657802369.jpg?lm=1,ST,,ST
Ryan Sessegnon,Fulham,"DF,MF",25,1823,0.15,0.05,0.79,0.2,2.709,1.133,1.429,1.626,0.148,0.197,22000000.0,England,Left-Back,https://img.a.transfermarkt.technology/portrait/medium/392775-1722077271.jpg?lm=1,LB,LM,LB
Samuel Chukwueze,Fulham,MF,26,1079,0.25,0.33,2.09,0.58,3.583,0.5,0.333,0.417,1.0,0.25,18000000.0,Nigeria,Right Winger,https://img.a.transfermarkt.technology/portrait/medium/401922-1767008430.jpg?lm=1,RW,,RW
Sander Berge,Fulham,MF,27,2905,0.0,0.03,0.43,0.09,0.402,0.805,1.269,1.084,0.433,0.031,25000000.0,Norway,Defensive Midfield,https://img.a.transfermarkt.technology/portrait/medium/333014-1780049344.jpg?lm=1,DM,,DM
Saša Lukić,Fulham,MF,28,1734,0.05,0.1,0.93,0.31,3.523,0.829,1.451,2.746,1.295,0.104,10000000.0,Serbia,Central Midfield,https://img.a.transfermarkt.technology/portrait/medium/245056-1746645290.jpg?lm=1,BX,,CM
Timothy Castagne,Fulham,"DF,MF",29,1845,0.0,0.0,0.68,0.29,2.341,1.366,1.171,0.878,0.537,0.049,8000000.0,Belgium,Right-Back,https://img.a.transfermarkt.technology/portrait/medium/262226-1762354618.jpg?lm=1,RB,LB,RB
Tom Cairney,Fulham,MF,34,775,0.23,0.0,1.97,0.23,0.698,0.465,0.465,1.163,1.279,0.0,500000.0,Scotland,Central Midfield,https://img.a.transfermarkt.technology/portrait/medium/123275-1651652849.jpg?lm=1,BX,RM,CM
Anton Stach,Leeds United,MF,26,2370,0.19,0.11,2.09,0.53,5.894,0.722,1.331,1.369,0.913,0.0,28000000.0,Germany,Defensive Midfield,https://img.a.transfermarkt.technology/portrait/medium/344069-1723921116.jpg?lm=1,BX,CB,CM
Ao Tanaka,Leeds United,MF,26,1315,0.14,0.0,1.16,0.34,2.671,1.438,1.027,0.89,0.685,0.0,13000000.0,Japan,Central Midfield,https://img.a.transfermarkt.technology/portrait/medium/489359-1780324258.jpg?lm=1,BX,,CM
Brenden Aaronson,Leeds United,"MF,FW",24,2449,0.15,0.18,1.73,0.62,1.36,0.625,0.993,0.735,1.875,0.184,22000000.0,United States,Attacking Midfield,https://img.a.transfermarkt.technology/portrait/medium/393323-1691614083.jpg?lm=1,AM,,AM
Daniel James,Leeds United,"FW,MF",27,559,0.0,0.0,2.25,0.48,8.065,0.161,0.806,0.161,1.29,0.161,10000000.0,Wales,Right Winger,https://img.a.transfermarkt.technology/portrait/medium/319301-1668520687.jpg?lm=1,WF,ST,W
Dominic Calvert-Lewin,Leeds United,FW,28,2721,0.33,0.03,2.41,1.12,0.298,0.166,0.132,1.49,1.225,0.861,22000000.0,England,Centre-Forward,https://img.a.transfermarkt.technology/portrait/medium/306024-1685705768.jpg?lm=1,ST,,ST
Ethan Ampadu,Leeds United,MF,24,3119,0.03,0.03,0.75,0.17,0.72,1.441,1.326,1.441,1.037,0.0,30000000.0,Wales,Defensive Midfield,https://img.a.transfermarkt.technology/portrait/medium/392771-1658829697.jpg?lm=1,DM,CB,DM
Facundo Buonanotte,Leeds United,MF,20,39,0.0,0.0,4.62,0.0,5.0,2.5,0.0,2.5,0.0,0.0,12000000.0,Argentina,Attacking Midfield,https://img.a.transfermarkt.technology/portrait/medium/983989-1682588141.jpg?lm=1,AM,RM,RW
Gabriel Gudmundsson,Leeds United,"DF,MF",26,2631,0.0,0.0,0.62,0.1,3.014,0.959,1.61,1.062,1.918,0.103,20000000.0,Sweden,Left-Back,https://img.a.transfermarkt.technology/portrait/medium/362108-1666691160.jpg?lm=1,LB,LM,LB
Ilia Gruev,Leeds United,MF,25,1323,0.0,0.2,0.48,0.07,1.088,0.952,0.884,1.088,0.612,0.0,12000000.0,Bulgaria,Defensive Midfield,https://img.a.transfermarkt.technology/portrait/medium/381753-1724940121.jpg?lm=1,DM,,DM
Jack Harrison,Leeds United,FW,28,269,0.0,0.0,2.01,0.67,5.667,1.333,0.667,0.333,1.333,0.0,,,,,WF,,W
Jaka Bijol,Leeds United,DF,26,1890,0.05,0.1,0.71,0.29,0.048,1.048,0.619,0.905,0.476,0.0,20000000.0,Slovenia,Centre-Back,https://img.a.transfermarkt.technology/portrait/medium/371851-1695029407.jpg?lm=1,CB,DM,CB
James Justin,Leeds United,"DF,MF",27,1901,0.09,0.05,1.14,0.28,1.801,1.232,1.801,0.616,1.469,0.095,12000000.0,England,Right-Back,https://img.a.transfermarkt.technology/portrait/medium/413220-1746646113.jpg?lm=1,,,
Jayden Bogle,Leeds United,"MF,DF",25,2793,0.03,0.06,0.58,0.13,2.161,0.968,1.387,1.258,0.935,0.323,15000000.0,England,Right-Back,https://img.a.transfermarkt.technology/portrait/medium/465717-1764840719.jpg?lm=1,RB,,RB
Joe Rodon,Leeds United,DF,27,2951,0.06,0.0,0.55,0.21,0.183,0.915,0.579,0.518,0.579,0.03,18000000.0,Wales,Centre-Back,https://img.a.transfermarkt.technology/portrait/medium/297212-1666698393.jpg?lm=1,CB,,CB
Joël Piroe,Leeds United,FW,25,258,0.0,0.0,4.88,1.05,1.379,0.345,0.345,1.379,0.0,0.345,10000000.0,Suriname,Centre-Forward,https://img.a.transfermarkt.technology/portrait/medium/369962-1715936868.jpg?lm=1,ST,,ST
Karl Darlow,Leeds United,GK,34,1980,0.0,0.0,0.0,0.0,0.0,0.0,0.0,0.0,0.0,0.0,200000.0,Wales,Goalkeeper,https://img.a.transfermarkt.technology/portrait/medium/99397-1724939153.jpg?lm=1,GK,,GK
Lucas Perri,Leeds United,GK,27,1440,0.0,0.0,0.0,0.0,0.0,0.0,0.0,0.0,0.0,0.0,10000000.0,Brazil,Goalkeeper,https://img.a.transfermarkt.technology/portrait/medium/352041-1733188777.jpg?lm=1,GK,,GK
Lukas Nmecha,Leeds United,FW,26,1083,0.33,0.08,2.49,1.33,0.833,0.25,0.583,1.5,1.5,0.25,10000000.0,Germany,Centre-Forward,https://img.a.transfermarkt.technology/portrait/medium/314288-1657203640.jpg?lm=1,ST,,ST
Noah Okafor,Leeds United,"FW,MF",25,1561,0.46,0.06,2.02,0.86,2.081,0.694,0.867,1.04,0.809,0.0,25000000.0,Switzerland,Left Winger,https://img.a.transfermarkt.technology/portrait/medium/346890-1692879855.jpg?lm=1,ST,WF,ST
Pascal Struijk,Leeds United,DF,25,2936,0.0,0.03,0.95,0.15,0.061,0.982,0.675,0.828,0.675,0.153,22000000.0,Netherlands,Centre-Back,https://img.a.transfermarkt.technology/portrait/medium/410708-1708002225.jpg?lm=1,CB,LB,CB
Sam Byram,Leeds United,"DF,MF",31,9,0.0,0.0,0.0,0.0,0.0,0.0,10.0,10.0,0.0,10.0,400000.0,England,Left-Back,https://img.a.transfermarkt.technology/portrait/medium/236953-1724940024.jpg?lm=1,RB,LB,RB
Sean Longstaff,Leeds United,MF,27,1011,0.18,0.18,1.42,0.36,4.821,1.071,2.143,1.161,1.518,0.089,15000000.0,England,Central Midfield,https://img.a.transfermarkt.technology/portrait/medium/346707-1682341336.jpg?lm=1,BX,,CM
Sebastiaan Bornauw,Leeds United,DF,26,429,0.0,0.0,0.21,0.0,0.208,1.458,0.833,1.458,0.0,0.208,8000000.0,Belgium,Centre-Back,https://img.a.transfermarkt.technology/portrait/medium/338629-1657202272.jpg?lm=1,CB,,CB
Wilfried Gnonto,Leeds United,FW,21,537,0.0,0.17,1.68,0.0,3.333,0.5,2.167,1.167,1.833,0.0,16000000.0,Italy,Right Winger,https://img.a.transfermarkt.technology/portrait/medium/627626-1647955561.jpg?lm=1,FW,,ST
Alexander Isak,Liverpool,FW,25,699,0.39,0.13,2.19,0.77,0.256,0.0,0.769,0.641,0.128,0.0,85000000.0,Sweden,Centre-Forward,https://img.a.transfermarkt.technology/portrait/medium/349066-1680791339.jpg?lm=1,ST,,ST
Alexis Mac Allister,Liverpool,MF,26,2658,0.07,0.14,1.76,0.41,0.678,0.61,0.915,1.186,1.085,0.0,70000000.0,Argentina,Central Midfield,https://img.a.transfermarkt.technology/portrait/medium/534033-1669835342.jpg?lm=1,BX,,CM
Alisson,Liverpool,GK,32,2340,0.0,0.0,0.0,0.0,0.0,0.0,0.0,0.0,0.0,0.0,15000000.0,Brazil,Goalkeeper,https://img.a.transfermarkt.technology/portrait/medium/105470-1780389358.jpg?lm=1,,,
Andrew Robertson,Liverpool,DF,31,1176,0.08,0.0,0.77,0.23,4.046,0.534,0.763,0.305,0.076,0.382,7000000.0,Scotland,Left-Back,https://img.a.transfermarkt.technology/portrait/medium/234803-1709147379.jpg?lm=1,LB,LM,LB
Cody Gakpo,Liverpool,"MF,FW",26,2737,0.23,0.16,2.86,0.69,2.829,0.395,0.493,1.382,1.447,0.987,60000000.0,Netherlands,Left Winger,https://img.a.transfermarkt.technology/portrait/medium/434675-1682690965.jpg?lm=1,LW,ST,LW
Conor Bradley,Liverpool,DF,22,929,0.0,0.1,0.58,0.0,2.233,1.165,1.456,1.748,1.942,0.097,25000000.0,Northern Ireland,Right-Back,https://img.a.transfermarkt.technology/portrait/medium/624258-1762340233.jpg?lm=1,RB,,RB
Curtis Jones,Liverpool,"MF,DF",24,1937,0.05,0.09,1.02,0.33,0.744,0.837,1.07,0.791,1.349,0.0,35000000.0,England,Central Midfield,https://img.a.transfermarkt.technology/portrait/medium/433188-1701681163.jpg?lm=1,BX,,CM
Dominik Szoboszlai,Liverpool,"MF,DF",24,3231,0.17,0.19,1.98,0.64,5.738,0.808,0.891,1.17,0.836,0.056,100000000.0,Hungary,Attacking Midfield,https://img.a.transfermarkt.technology/portrait/medium/451276-1758715234.jpg?lm=1,,,
Federico Chiesa,Liverpool,MF,27,339,0.53,0.27,4.51,1.33,4.474,1.053,1.316,2.895,1.842,0.526,13000000.0,Italy,Right Winger,https://img.a.transfermarkt.technology/portrait/medium/341092-1663576975.jpg?lm=1,WF,ST,W
Florian Wirtz,Liverpool,MF,22,2378,0.19,0.11,1.93,0.68,1.212,0.455,0.985,0.833,0.72,0.076,100000000.0,Germany,Attacking Midfield,https://img.a.transfermarkt.technology/portrait/medium/598577-1781163178.jpg?lm=1,AM,,AM
Freddie Woodman,Liverpool,GK,28,213,0.0,0.0,0.0,0.0,0.0,0.0,0.0,0.0,0.0,0.0,3000000.0,England,Goalkeeper,https://img.a.transfermarkt.technology/portrait/medium/226049-1737883837.jpg?lm=1,GK,,GK
Giorgi Mamardashvili,Liverpool,GK,24,867,0.0,0.0,0.0,0.0,0.0,0.0,0.0,0.0,0.0,0.0,28000000.0,Georgia,Goalkeeper,https://img.a.transfermarkt.technology/portrait/medium/502676-1716542116.jpg?lm=1,GK,,GK
Harvey Elliott,Liverpool,"FW,MF",22,1,0.0,0.0,0.0,0.0,,,,,,,,,,,AM,RW,RW
Hugo Ekitike,Liverpool,FW,23,1803,0.55,0.2,3.24,0.95,0.35,0.2,0.35,1.75,0.6,0.5,80000000.0,France,Centre-Forward,https://img.a.transfermarkt.technology/portrait/medium/709726-1758714741.jpg?lm=1,ST,,ST
Ibrahima Konaté,Liverpool,DF,26,3090,0.03,0.0,0.35,0.12,0.087,0.816,0.904,0.962,1.195,0.0,45000000.0,France,Centre-Back,https://img.a.transfermarkt.technology/portrait/medium/357119-1669190550.jpg?lm=1,CB,,CB
Jeremie Frimpong,Liverpool,"DF,MF",24,1040,0.0,0.09,0.87,0.17,4.397,0.517,0.776,0.69,1.81,0.345,35000000.0,Netherlands,Right-Back,https://img.a.transfermarkt.technology/portrait/medium/484547-1689710682.jpg?lm=1,RB,RM,RB
Joe Gomez,Liverpool,DF,28,607,0.0,0.3,0.74,0.15,2.388,1.194,1.045,2.09,0.0,0.0,13000000.0,England,Centre-Back,https://img.a.transfermarkt.technology/portrait/medium/256178-1746645094.jpg?lm=1,CB,RB,CB
Milos Kerkez,Liverpool,DF,21,2257,0.08,0.04,0.36,0.08,3.147,0.598,1.036,0.876,1.195,0.159,35000000.0,Hungary,Left-Back,https://img.a.transfermarkt.technology/portrait/medium/730861-1773172293.jpg?lm=1,LB,,LB
Mohamed Salah,Liverpool,MF,33,2146,0.25,0.29,2.85,0.8,4.916,0.126,0.504,0.42,0.672,0.588,22000000.0,Egypt,Right Winger,https://img.a.transfermarkt.technology/portrait/medium/148455-1727337594.jpg?lm=1,RW,ST,RW
Rio Ngumoha,Liverpool,MF,16,560,0.32,0.16,2.57,0.96,3.548,0.484,0.323,0.645,1.935,0.0,30000000.0,England,Left Winger,https://img.a.transfermarkt.technology/portrait/medium/1108466-1730834754.jpg?lm=1,LW,,LW
Ryan Gravenberch,Liverpool,MF,23,2992,0.15,0.09,1.14,0.39,0.241,1.325,1.054,1.145,1.265,0.0,80000000.0,Netherlands,Defensive Midfield,https://img.a.transfermarkt.technology/portrait/medium/478573-1718097194.jpg?lm=1,BX,,CM
Trey Nyoni,Liverpool,MF,18,24,0.0,0.0,3.75,0.0,0.0,0.0,0.0,3.333,0.0,3.333,8000000.0,England,Central Midfield,https://img.a.transfermarkt.technology/portrait/medium/1045123-1708933240.jpg?lm=1,BX,,CM
Virgil van Dijk,Liverpool,DF,34,3420,0.16,0.0,0.79,0.37,0.026,0.684,0.395,0.5,0.474,0.026,15000000.0,Netherlands,Centre-Back,https://img.a.transfermarkt.technology/portrait/medium/139208-1702049837.jpg?lm=1,CB,,CB
Wataru Endo,Liverpool,DF,32,175,0.0,0.51,0.51,0.0,1.579,0.0,1.579,1.053,1.579,0.0,4000000.0,Japan,Defensive Midfield,https://img.a.transfermarkt.technology/portrait/medium/146310-1657181542.jpg?lm=1,DM,CB,CB
Abdukodir Khusanov,Manchester City,DF,21,1432,0.0,0.0,0.44,0.06,0.189,1.824,1.258,0.881,0.377,0.0,50000000.0,Uzbekistan,Centre-Back,https://img.a.transfermarkt.technology/portrait/medium/763079-1740493347.jpg?lm=1,CB,,CB
Antoine Semenyo,Manchester City,"MF,FW",25,1397,0.45,0.06,2.19,0.9,1.355,0.387,0.71,1.097,0.452,0.452,80000000.0,Ghana,Right Winger,https://img.a.transfermarkt.technology/portrait/medium/583255-1737452028.jpg?lm=1,RW,,RW
Bernardo Silva,Manchester City,MF,30,2872,0.06,0.13,0.94,0.22,2.257,0.658,0.878,1.129,0.69,0.157,22000000.0,Portugal,Attacking Midfield,https://img.a.transfermarkt.technology/portrait/medium/241641-1684311533.jpg?lm=1,AM,RW,RW
Divine Mukasa,Manchester City,MF,17,27,0.0,0.0,0.0,0.0,0.0,0.0,0.0,3.333,0.0,0.0,,,,,AM,,AM
Erling Haaland,Manchester City,FW,25,2953,0.73,0.24,3.84,1.8,0.091,0.122,0.213,0.732,0.762,0.152,200000000.0,Norway,Centre-Forward,https://img.a.transfermarkt.technology/portrait/medium/418560-1709108116.png?lm=1,ST,,ST
Gianluigi Donnarumma,Manchester City,GK,26,3060,0.0,0.0,0.0,0.0,0.0,0.0,0.0,0.0,0.0,0.0,45000000.0,Italy,Goalkeeper,https://img.a.transfermarkt.technology/portrait/medium/315858-1761076746.jpg?lm=1,GK,,GK
James Trafford,Manchester City,GK,22,360,0.0,0.0,0.0,0.0,0.0,0.0,0.0,0.0,0.0,0.0,25000000.0,England,Goalkeeper,https://img.a.transfermarkt.technology/portrait/medium/566799-1689876147.jpg?lm=1,GK,,GK
Jeremy Doku,Manchester City,"MF,FW",23,1784,0.25,0.25,1.97,0.76,3.131,0.606,0.808,1.162,3.081,0.152,75000000.0,Belgium,Left Winger,https://img.a.transfermarkt.technology/portrait/medium/486049-1743670159.jpg?lm=1,RW,LW,RW
John Stones,Manchester City,DF,31,439,0.0,0.0,0.0,0.0,0.816,0.612,0.204,0.0,0.0,0.0,12000000.0,England,Centre-Back,https://img.a.transfermarkt.technology/portrait/medium/186590-1684764261.jpg?lm=1,CB,RB,CB
Joško Gvardiol,Manchester City,DF,23,1372,0.13,0.13,1.12,0.39,0.132,1.053,0.855,1.053,0.461,0.0,70000000.0,Croatia,Centre-Back,https://img.a.transfermarkt.technology/portrait/medium/475959-1713391602.jpg?lm=1,CB,LB,CB
Marc Guéhi,Manchester City,DF,25,1350,0.07,0.07,1.13,0.33,0.467,1.667,0.8,0.733,1.333,0.0,70000000.0,England,Centre-Back,https://img.a.transfermarkt.technology/portrait/medium/392757-1683030598.jpg?lm=1,CB,LB,CB
Mateo Kovačić,Manchester City,MF,31,130,0.0,0.69,1.38,0.0,0.0,1.429,0.714,0.0,1.429,0.0,10000000.0,Croatia,Central Midfield,https://img.a.transfermarkt.technology/portrait/medium/51471-1682668192.jpg?lm=1,BX,,CM
Matheus Nunes,Manchester City,DF,26,2862,0.03,0.16,0.22,0.06,2.107,0.912,1.289,0.535,0.943,0.126,50000000.0,Portugal,Right-Back,https://img.a.transfermarkt.technology/portrait/medium/601883-1761076097.jpg?lm=1,RB,,RB
Max Alleyne,Manchester City,DF,20,135,0.0,0.0,1.33,0.67,0.0,2.0,2.0,0.0,0.0,0.0,8000000.0,England,Centre-Back,https://img.a.transfermarkt.technology/portrait/medium/843595-1773301916.jpg?lm=1,CB,,CB
Nathan Aké,Manchester City,DF,30,695,0.0,0.0,0.91,0.13,0.519,0.649,0.779,0.39,1.039,0.13,12000000.0,Netherlands,Centre-Back,https://img.a.transfermarkt.technology/portrait/medium/177476-1666733797.jpg?lm=1,CB,LB,CB
Nico O’Reilly,Manchester City,"DF,MF",20,2646,0.17,0.1,1.39,0.51,1.293,0.68,1.224,1.531,0.612,0.034,70000000.0,England,Left-Back,https://img.a.transfermarkt.technology/portrait/medium/743413-1751367149.jpg?lm=1,BX,LB,LB
Nicolás González,Manchester City,MF,23,1569,0.06,0.0,0.8,0.11,0.172,1.379,1.724,1.724,1.034,0.0,40000000.0,Spain,Defensive Midfield,https://img.a.transfermarkt.technology/portrait/medium/466805-1743669968.jpg?lm=1,BX,,CM
Omar Marmoush,Manchester City,"FW,MF",26,700,0.39,0.39,3.86,1.16,1.538,0.256,1.026,1.282,2.692,0.769,50000000.0,Egypt,Centre-Forward,https://img.a.transfermarkt.technology/portrait/medium/445939-1747656490.jpg?lm=1,ST,,ST
Oscar Bobb,Manchester City,"MF,FW",22,468,0.0,0.19,0.77,0.0,0.962,0.577,0.962,0.962,1.731,0.0,,,,,FW,,ST
Phil Foden,Manchester City,MF,25,2086,0.3,0.22,2.37,0.82,5.129,0.431,0.69,0.776,1.336,0.129,70000000.0,England,Attacking Midfield,https://img.a.transfermarkt.technology/portrait/medium/406635-1668524492.jpg?lm=1,AM,,AM
Rayan Aït-Nouri,Manchester City,DF,24,974,0.0,0.18,0.92,0.18,2.037,1.204,1.944,1.574,0.926,0.0,40000000.0,Algeria,Left-Back,https://img.a.transfermarkt.technology/portrait/medium/578391-1761076429.jpg?lm=1,LB,,LB
Rayan Cherki,Manchester City,MF,21,1786,0.2,0.6,2.77,0.66,4.04,0.354,0.808,0.909,1.717,0.051,90000000.0,France,Attacking Midfield,https://img.a.transfermarkt.technology/portrait/medium/607223-1773302431.jpg?lm=1,AM,RW,RW
Rico Lewis,Manchester City,DF,20,407,0.0,0.22,0.66,0.0,0.444,1.556,0.889,1.111,2.0,0.0,28000000.0,England,Right-Back,https://img.a.transfermarkt.technology/portrait/medium/701057-1684856684.jpg?lm=1,RB,DM,RB
Rodri,Manchester City,MF,29,1511,0.06,0.0,0.95,0.18,0.298,0.714,1.488,0.833,1.845,0.0,50000000.0,Spain,Defensive Midfield,https://img.a.transfermarkt.technology/portrait/medium/357565-1682587890.jpg?lm=1,DM,,DM
Rúben Dias,Manchester City,DF,28,2141,0.08,0.0,0.42,0.17,0.378,0.966,0.252,0.63,0.378,0.0,55000000.0,Portugal,Centre-Back,https://img.a.transfermarkt.technology/portrait/medium/258004-1684921271.jpg?lm=1,CB,,CB
Sávio,Manchester City,MF,21,833,0.11,0.11,2.16,1.19,4.301,0.538,0.538,0.968,1.613,0.43,,,,,WF,,W
Tijjani Reijnders,Manchester City,MF,27,1631,0.28,0.11,2.7,0.88,2.376,0.608,0.221,1.05,0.829,0.221,50000000.0,Netherlands,Central Midfield,https://img.a.transfermarkt.technology/portrait/medium/460939-1773302677.jpg?lm=1,BX,,CM
Altay Bayındır,Manchester Utd,GK,27,540,0.0,0.0,0.0,0.0,0.0,0.0,0.0,0.0,0.0,0.0,5000000.0,Türkiye,Goalkeeper,https://img.a.transfermarkt.technology/portrait/medium/336077-1781173656.jpg?lm=1,GK,,GK
Amad Diallo,Manchester Utd,MF,23,2341,0.08,0.12,2.04,0.88,1.769,0.577,0.885,0.923,1.462,0.462,45000000.0,Cote d'Ivoire,Right Winger,https://img.a.transfermarkt.technology/portrait/medium/536835-1747857754.jpg?lm=1,RW,,RW
Ayden Heaven,Manchester Utd,DF,18,924,0.0,0.1,0.29,0.0,0.097,0.097,1.262,0.68,0.874,0.0,30000000.0,England,Centre-Back,https://img.a.transfermarkt.technology/portrait/medium/1078163-1727382016.jpg?lm=1,CB,LB,CB
Bendito Mantato,Manchester Utd,MF,17,16,0.0,0.0,0.0,0.0,5.0,0.0,0.0,0.0,0.0,0.0,,,,,MF,,CM
Benjamin Šeško,Manchester Utd,FW,22,1643,0.6,0.05,3.34,1.86,0.109,0.164,0.164,0.929,0.328,0.383,75000000.0,Slovenia,Centre-Forward,https://img.a.transfermarkt.technology/portrait/medium/627442-1779803478.jpg?lm=1,ST,,ST
Bruno Fernandes,Manchester Utd,MF,30,3063,0.15,0.62,2.5,0.71,5.324,0.618,1.029,0.706,1.029,0.118,35000000.0,Portugal,Attacking Midfield,https://img.a.transfermarkt.technology/portrait/medium/240306-1683882766.jpg?lm=1,AM,,AM
Bryan Mbeumo,Manchester Utd,"MF,FW",25,2609,0.38,0.1,2.52,1.1,3.621,0.241,0.379,0.793,0.966,0.241,75000000.0,Cameroon,Right Winger,https://img.a.transfermarkt.technology/portrait/medium/413039-1769532496.jpg?lm=1,RW,LW,RW
Casemiro,Manchester Utd,MF,33,2571,0.32,0.07,1.82,0.63,0.664,1.049,1.573,1.608,1.259,0.175,6000000.0,Brazil,Defensive Midfield,https://img.a.transfermarkt.technology/portrait/medium/16306-1699018876.jpg?lm=1,DM,,DM
Diogo Dalot,Manchester Utd,"DF,MF",26,2614,0.03,0.1,0.83,0.21,1.966,0.897,1.034,0.862,0.483,0.138,30000000.0,Portugal,Right-Back,https://img.a.transfermarkt.technology/portrait/medium/357147-1727785546.jpg?lm=1,RB,LB,RB
Harry Maguire,Manchester Utd,DF,32,1653,0.05,0.11,0.76,0.22,0.217,0.652,0.924,0.87,0.87,0.0,8000000.0,England,Centre-Back,https://img.a.transfermarkt.technology/portrait/medium/177907-1663841733.jpg?lm=1,CB,,CB
Jack Fletcher,Manchester Utd,MF,18,108,0.0,0.0,0.83,0.0,0.0,0.833,0.833,1.667,0.833,0.0,,,,,BX,,CM
Joshua Zirkzee,Manchester Utd,"FW,MF",24,626,0.29,0.14,3.59,1.29,0.714,0.143,0.857,1.143,0.857,0.143,20000000.0,Netherlands,Centre-Forward,https://img.a.transfermarkt.technology/portrait/medium/435648-1775738266.jpg?lm=1,ST,,ST
Kobbie Mainoo,Manchester Utd,MF,20,1662,0.05,0.11,0.7,0.16,0.703,1.027,1.081,0.649,1.189,0.054,70000000.0,England,Central Midfield,https://img.a.transfermarkt.technology/portrait/medium/820374-1719349758.jpg?lm=1,BX,,CM
Leny Yoro,Manchester Utd,DF,19,1740,0.0,0.0,0.47,0.16,0.155,1.606,1.036,0.881,0.259,0.104,50000000.0,France,Centre-Back,https://img.a.transfermarkt.technology/portrait/medium/923831-1747857948.jpg?lm=1,CB,,CB
Lisandro Martínez,Manchester Utd,DF,27,1233,0.0,0.0,0.36,0.0,0.146,0.876,0.803,0.657,0.146,0.0,40000000.0,Argentina,Centre-Back,https://img.a.transfermarkt.technology/portrait/medium/480762-1680681507.jpg?lm=1,CB,,CB
Luke Shaw,Manchester Utd,DF,30,3219,0.03,0.03,0.28,0.08,1.508,1.201,1.257,1.341,0.559,0.0,8000000.0,England,Left-Back,https://img.a.transfermarkt.technology/portrait/medium/183288-1668500175.jpg?lm=1,LB,CB,LB
Manuel Ugarte,Manchester Utd,MF,24,887,0.0,0.0,1.32,0.1,0.101,2.02,3.03,2.424,1.515,0.0,25000000.0,Uruguay,Defensive Midfield,https://img.a.transfermarkt.technology/portrait/medium/476701-1715107512.jpg?lm=1,DM,,DM
Mason Mount,Manchester Utd,MF,26,1017,0.27,0.0,1.68,0.44,1.947,0.796,1.15,1.504,1.062,0.0,25000000.0,England,Attacking Midfield,https://img.a.transfermarkt.technology/portrait/medium/346483-1683291495.jpg?lm=1,AM,,AM
Matheus Cunha,Manchester Utd,"MF,FW",26,2494,0.36,0.07,3.25,1.26,1.769,0.758,0.83,1.011,1.949,0.072,75000000.0,Brazil,Centre-Forward,https://img.a.transfermarkt.technology/portrait/medium/517894-1780390711.jpg?lm=1,ST,AM,AM
Matthijs de Ligt,Manchester Utd,DF,25,1170,0.08,0.0,0.85,0.23,0.308,0.846,1.0,0.462,0.385,0.0,30000000.0,Netherlands,Centre-Back,https://img.a.transfermarkt.technology/portrait/medium/326031-1700659567.jpg?lm=1,CB,,CB
Noussair Mazraoui,Manchester Utd,"DF,MF",27,985,0.0,0.0,0.46,0.0,1.193,1.009,1.376,1.101,1.284,0.0,18000000.0,Morocco,Right-Back,https://img.a.transfermarkt.technology/portrait/medium/340456-1700207898.jpg?lm=1,RB,,RB
Patrick Dorgu,Manchester Utd,MF,20,1449,0.25,0.25,1.55,0.68,3.54,0.994,1.863,1.429,2.919,0.435,35000000.0,Denmark,Left Winger,https://img.a.transfermarkt.technology/portrait/medium/926952-1747857569.jpg?lm=1,LB,,LB
Senne Lammens,Manchester Utd,GK,23,2880,0.0,0.0,0.0,0.0,0.0,0.0,0.0,0.0,0.0,0.0,35000000.0,Belgium,Goalkeeper,https://img.a.transfermarkt.technology/portrait/medium/503883-1755675220.jpg?lm=1,GK,,GK
Shea Lacey,Manchester Utd,FW,18,43,0.0,0.0,8.37,2.09,0.0,0.0,0.0,4.0,4.0,0.0,,,,,RW,,RW
Tyler Fletcher,Manchester Utd,MF,18,18,0.0,0.0,0.0,0.0,0.0,0.0,0.0,0.0,0.0,0.0,,,,,,,
Tyler Fredricson,Manchester Utd,DF,20,3,0.0,0.0,0.0,0.0,,,,,,,3000000.0,England,Centre-Back,https://img.a.transfermarkt.technology/portrait/medium/911424-1739789023.jpg?lm=1,CB,,CB
Tyrell Malacia,Manchester Utd,DF,25,18,0.0,0.0,0.0,0.0,0.0,0.0,5.0,0.0,0.0,0.0,4000000.0,Netherlands,Left-Back,https://img.a.transfermarkt.technology/portrait/medium/339340-1657096025.jpg?lm=1,LB,,LB
Aaron Ramsdale,Newcastle United,GK,27,1004,0.0,0.0,0.0,0.0,0.0,0.0,0.0,0.0,0.0,0.0,12000000.0,England,Goalkeeper,https://img.a.transfermarkt.technology/portrait/medium/427568-1681828000.jpg?lm=1,GK,,GK
Alex Murphy,Newcastle United,DF,21,9,0.0,0.0,0.0,0.0,0.0,10.0,0.0,0.0,0.0,0.0,1500000.0,Ireland,Left-Back,https://img.a.transfermarkt.technology/portrait/medium/900601-1714056292.jpg?lm=1,RW,,RW
Anthony Elanga,Newcastle United,"FW,MF",23,1319,0.0,0.07,1.16,0.27,5.646,0.204,0.748,0.544,1.701,0.136,32000000.0,Sweden,Right Winger,https://img.a.transfermarkt.technology/portrait/medium/583189-1700739021.jpg?lm=1,WF,ST,W
Anthony Gordon,Newcastle United,FW,24,1795,0.15,0.1,2.41,1.0,3.467,0.151,0.653,0.653,2.01,0.251,65000000.0,England,Left Winger,https://img.a.transfermarkt.technology/portrait/medium/503733-1761080304.jpg?lm=1,WF,,W
Bruno Guimarães,Newcastle United,MF,27,2453,0.26,0.18,1.54,0.84,3.004,0.586,1.502,1.648,2.747,0.073,70000000.0,Brazil,Central Midfield,https://img.a.transfermarkt.technology/portrait/medium/520624-1780929894.jpg?lm=1,DM,,DM
Dan Burn,Newcastle United,DF,33,2199,0.04,0.08,0.41,0.12,0.574,0.82,1.066,1.475,0.533,0.123,4000000.0,England,Centre-Back,https://img.a.transfermarkt.technology/portrait/medium/134270-1682340860.jpg?lm=1,CB,LB,CB
Emil Krafth,Newcastle United,DF,30,45,0.0,0.0,0.0,0.0,2.0,0.0,0.0,2.0,0.0,0.0,750000.0,Sweden,Right-Back,https://img.a.transfermarkt.technology/portrait/medium/184528-1674210829.jpg?lm=1,RB,,RB
Fabian Schär,Newcastle United,DF,33,1091,0.0,0.0,1.4,0.33,0.331,1.322,0.744,1.24,0.579,0.083,4000000.0,Switzerland,Centre-Back,https://img.a.transfermarkt.technology/portrait/medium/135343-1667990394.jpg?lm=1,RB,,RB
Harvey Barnes,Newcastle United,"FW,MF",27,1966,0.32,0.05,2.66,0.96,3.394,0.138,0.229,0.78,1.055,0.138,32000000.0,England,Left Winger,https://img.a.transfermarkt.technology/portrait/medium/398065-1761079974.jpg?lm=1,LW,,LW
Jacob Murphy,Newcastle United,"FW,MF",30,1617,0.17,0.11,2.34,0.72,6.944,0.333,0.667,0.5,0.722,0.278,12000000.0,England,Right Winger,https://img.a.transfermarkt.technology/portrait/medium/199527-1674210561.jpg?lm=1,,,
Jacob Ramsey,Newcastle United,MF,24,1450,0.12,0.19,0.99,0.25,0.497,0.559,1.304,0.994,0.87,0.124,35000000.0,England,Central Midfield,https://img.a.transfermarkt.technology/portrait/medium/503749-1687975464.jpg?lm=1,BX,,CM
Jamaal Lascelles,Newcastle United,DF,31,21,0.0,0.0,4.29,0.0,0.0,0.0,0.0,0.0,0.0,0.0,,,,,CB,,CB
Joe Willock,Newcastle United,MF,25,983,0.0,0.18,1.56,0.55,1.468,0.642,1.376,1.468,1.009,0.183,14000000.0,England,Central Midfield,https://img.a.transfermarkt.technology/portrait/medium/340329-1761077592.jpg?lm=1,BX,,CM
Joelinton,Newcastle United,MF,28,1951,0.09,0.05,1.48,0.51,0.507,1.29,1.06,2.12,1.244,0.046,25000000.0,Brazil,Central Midfield,https://img.a.transfermarkt.technology/portrait/medium/333241-1674210135.jpg?lm=1,AM,LW,LW
Kieran Trippier,Newcastle United,DF,34,1586,0.0,0.06,0.11,0.0,5.455,0.398,0.739,1.25,1.08,0.057,1500000.0,England,Right-Back,https://img.a.transfermarkt.technology/portrait/medium/95810-1696454076.jpg?lm=1,RB,,RB
Lewis Hall,Newcastle United,DF,20,2181,0.04,0.04,1.03,0.25,4.215,1.198,1.281,0.702,1.653,0.0,40000000.0,England,Left-Back,https://img.a.transfermarkt.technology/portrait/medium/670858-1699385942.jpg?lm=1,LB,BX,LB
Lewis Miley,Newcastle United,"MF,DF",19,1496,0.06,0.24,0.72,0.24,2.53,1.205,1.084,0.301,0.241,0.12,25000000.0,England,Central Midfield,https://img.a.transfermarkt.technology/portrait/medium/922769-1696453881.jpg?lm=1,DM,,DM
Malick Thiaw,Newcastle United,DF,23,2965,0.12,0.0,0.85,0.42,0.274,0.912,1.033,0.729,0.334,0.061,45000000.0,Germany,Centre-Back,https://img.a.transfermarkt.technology/portrait/medium/521964-1682063635.jpg?lm=1,CB,,CB
Nick Pope,Newcastle United,GK,33,2416,0.0,0.0,0.0,0.0,0.0,0.0,0.0,0.0,0.0,0.0,5000000.0,England,Goalkeeper,https://img.a.transfermarkt.technology/portrait/medium/192080-1663841362.jpg?lm=1,GK,,GK
Nick Woltemade,Newcastle United,"FW,MF",23,1902,0.33,0.14,1.51,0.62,0.142,0.237,0.616,0.948,0.948,0.379,55000000.0,Germany,Centre-Forward,https://img.a.transfermarkt.technology/portrait/medium/455661-1779983237.jpg?lm=1,ST,,ST
Sandro Tonali,Newcastle United,MF,25,2534,0.0,0.07,1.31,0.28,3.369,0.993,0.887,0.851,1.489,0.035,80000000.0,Italy,Defensive Midfield,https://img.a.transfermarkt.technology/portrait/medium/397033-1688389270.jpg?lm=1,BX,,CM
Sean Neave,Newcastle United,FW,18,14,0.0,0.0,6.43,0.0,0.0,0.0,0.0,0.0,0.0,0.0,,,,,ST,,ST
Sven Botman,Newcastle United,DF,25,1835,0.05,0.05,0.74,0.2,0.098,1.225,0.686,0.637,0.931,0.049,35000000.0,Netherlands,Centre-Back,https://img.a.transfermarkt.technology/portrait/medium/361093-1683290679.jpg?lm=1,CB,,CB
Tino Livramento,Newcastle United,DF,22,1328,0.0,0.07,0.2,0.0,2.432,0.135,0.946,0.473,1.081,0.135,45000000.0,England,Right-Back,https://img.a.transfermarkt.technology/portrait/medium/503981-1699383321.jpg?lm=1,RB,RM,RB
William Osula,Newcastle United,FW,21,819,0.77,0.0,2.53,1.32,0.33,0.11,0.549,2.637,1.758,0.22,28000000.0,Denmark,Centre-Forward,https://img.a.transfermarkt.technology/portrait/medium/609556-1693217416.jpg?lm=1,FW,,ST
Yoane Wissa,Newcastle United,FW,28,531,0.17,0.0,2.2,0.85,0.169,0.0,0.847,1.017,0.339,0.678,25000000.0,DR Congo,Centre-Forward,https://img.a.transfermarkt.technology/portrait/medium/388165-1740646948.jpg?lm=1,ST,LW,ST
Angus Gunn,Nottingham Forest,GK,29,45,0.0,0.0,0.0,0.0,0.0,0.0,0.0,0.0,0.0,0.0,1000000.0,Scotland,Goalkeeper,https://img.a.transfermarkt.technology/portrait/medium/201574-1716378186.jpg?lm=1,GK,,GK
Arnaud Kalimuendo,Nottingham Forest,FW,23,96,0.0,0.0,3.75,0.94,1.818,0.0,0.909,1.818,0.0,0.909,,,,,ST,,ST
Callum Hudson-Odoi,Nottingham Forest,MF,24,1841,0.15,0.2,1.47,0.49,4.439,0.39,0.341,0.585,0.585,0.098,30000000.0,England,Left Winger,https://img.a.transfermarkt.technology/portrait/medium/392768-1659969850.png?lm=1,WF,,W
Chris Wood,Nottingham Forest,FW,33,901,0.3,0.0,2.3,0.9,0.1,0.1,0.1,0.6,0.6,0.4,5000000.0,New Zealand,Centre-Forward,https://img.a.transfermarkt.technology/portrait/medium/108725-1740646786.jpg?lm=1,ST,,ST
Dan Ndoye,Nottingham Forest,MF,24,1173,0.08,0.08,1.15,0.31,3.154,0.769,0.846,1.231,1.692,0.692,32000000.0,Switzerland,Right Winger,https://img.a.transfermarkt.technology/portrait/medium/365108-1718218474.jpg?lm=1,RW,LW,RW
Dilane Bakwa,Nottingham Forest,MF,22,553,0.0,0.33,1.46,0.49,6.23,0.0,0.492,1.475,2.295,0.0,28000000.0,France,Right Winger,https://img.a.transfermarkt.technology/portrait/medium/540664-1775762611.jpg?lm=1,WF,,W
Douglas Luiz,Nottingham Forest,MF,27,315,0.0,0.0,1.43,0.29,4.286,2.0,0.857,1.143,1.429,0.0,,,,,BX,,CM
Elliot Anderson,Nottingham Forest,MF,22,3331,0.08,0.11,1.19,0.27,4.73,1.108,1.622,1.541,2.162,0.054,75000000.0,England,Central Midfield,https://img.a.transfermarkt.technology/portrait/medium/567576-1696453772.jpg?lm=1,AM,LM,LW
Ibrahim Sangaré,Nottingham Forest,MF,27,2075,0.09,0.09,0.69,0.22,0.346,0.952,1.385,1.818,0.779,0.0,20000000.0,Cote d'Ivoire,Defensive Midfield,https://img.a.transfermarkt.technology/portrait/medium/375885-1700738495.jpg?lm=1,BX,,CM
Igor Jesus,Nottingham Forest,FW,24,2298,0.2,0.16,2.74,0.82,0.392,0.078,0.627,1.647,1.569,0.431,25000000.0,Brazil,Centre-Forward,https://img.a.transfermarkt.technology/portrait/medium/432164-1725325779.jpg?lm=1,ST,,ST
Jair Cunha,Nottingham Forest,DF,20,517,0.0,0.0,0.52,0.17,0.351,0.877,0.877,0.0,1.053,0.0,15000000.0,Brazil,Centre-Back,https://img.a.transfermarkt.technology/portrait/medium/984096-1770845001.jpg?lm=1,CB,,CB
James Mcatee,Nottingham Forest,MF,22,298,0.0,0.3,1.21,0.0,2.727,0.909,1.212,1.212,1.515,0.606,18000000.0,England,Attacking Midfield,https://img.a.transfermarkt.technology/portrait/medium/583199-1770845444.jpg?lm=1,AM,,AM
John,Nottingham Forest,GK,29,437,0.0,0.0,0.0,0.0,0.0,0.0,0.0,0.0,0.0,0.0,,,,,,,
Jota Silva,Nottingham Forest,FW,25,12,0.0,0.0,0.0,0.0,10.0,0.0,10.0,0.0,10.0,0.0,,,,,WF,,W
Lorenzo Lucca,Nottingham Forest,FW,24,129,0.7,0.0,2.79,0.7,0.0,0.714,0.0,0.714,1.429,1.429,20000000.0,Italy,Centre-Forward,https://img.a.transfermarkt.technology/portrait/medium/572265-1725531439.jpg?lm=1,ST,,ST
Luca Netz,Nottingham Forest,"DF,MF",22,357,0.0,0.0,0.0,0.0,0.5,0.25,2.0,1.25,0.5,0.0,8000000.0,Germany,Left-Back,https://img.a.transfermarkt.technology/portrait/medium/524285-1760967382.jpg?lm=1,LB,LM,LB
Matz Sels,Nottingham Forest,GK,33,2668,0.0,0.0,0.0,0.0,0.0,0.0,0.0,0.0,0.0,0.0,3500000.0,Belgium,Goalkeeper,https://img.a.transfermarkt.technology/portrait/medium/127202-1665067633.jpg?lm=1,GK,,GK
Morato,Nottingham Forest,DF,24,1345,0.07,0.0,0.33,0.13,0.134,0.738,1.208,1.074,0.47,0.067,14000000.0,Brazil,Centre-Back,https://img.a.transfermarkt.technology/portrait/medium/673492-1701295349.jpg?lm=1,CB,,CB
Morgan Gibbs-White,Nottingham Forest,MF,25,3097,0.41,0.12,2.41,0.93,1.221,0.349,0.465,0.756,1.192,0.145,70000000.0,England,Attacking Midfield,https://img.a.transfermarkt.technology/portrait/medium/429014-1687975822.jpg?lm=1,AM,,AM
Murillo,Nottingham Forest,DF,23,2130,0.04,0.0,0.46,0.17,0.084,1.224,0.97,0.97,0.295,0.0,50000000.0,Brazil,Centre-Back,https://img.a.transfermarkt.technology/portrait/medium/1005649-1709159139.jpg?lm=1,CB,,CB
Neco Williams,Nottingham Forest,DF,24,3204,0.06,0.08,1.29,0.53,4.017,1.292,1.713,0.815,1.461,0.112,28000000.0,Wales,Left-Back,https://img.a.transfermarkt.technology/portrait/medium/503680-1705499825.jpg?lm=1,RB,LB,RB
Nicolás Domínguez,Nottingham Forest,MF,27,1175,0.08,0.08,1.38,0.38,1.069,0.458,2.29,1.221,0.84,0.0,15000000.0,Argentina,Central Midfield,https://img.a.transfermarkt.technology/portrait/medium/497291-1767772056.jpg?lm=1,BX,,CM
Nicolò Savona,Nottingham Forest,DF,22,1028,0.18,0.0,0.44,0.26,2.368,0.439,1.053,1.053,0.439,0.088,15000000.0,Italy,Right-Back,https://img.a.transfermarkt.technology/portrait/medium/708072-1730125797.jpg?lm=1,RB,,RB
Nikola Milenković,Nottingham Forest,DF,27,3375,0.0,0.0,0.43,0.03,0.053,0.773,0.507,0.56,0.533,0.027,28000000.0,Serbia,Centre-Back,https://img.a.transfermarkt.technology/portrait/medium/413507-1661166461.jpg?lm=1,CB,,CB
Ola Aina,Nottingham Forest,DF,28,1588,0.0,0.0,0.68,0.06,2.216,1.477,1.193,0.739,0.852,0.0,18000000.0,Nigeria,Right-Back,https://img.a.transfermarkt.technology/portrait/medium/236490-1707383919.jpg?lm=1,,,
Oleksandr Zinchenko,Nottingham Forest,DF,28,353,0.0,0.0,1.02,0.51,4.615,0.513,1.538,0.256,0.513,0.256,,,,,LB,BX,LB
Omari Hutchinson,Nottingham Forest,MF,21,1688,0.05,0.27,1.33,0.59,7.074,0.585,0.585,1.223,1.277,0.426,30000000.0,England,Attacking Midfield,https://img.a.transfermarkt.technology/portrait/medium/741238-1770845529.jpg?lm=1,AM,RW,RW
Ryan Yates,Nottingham Forest,MF,27,617,0.0,0.29,1.31,0.29,0.725,1.304,1.449,1.884,1.884,0.0,7000000.0,England,Central Midfield,https://img.a.transfermarkt.technology/portrait/medium/425902-1684239778.jpg?lm=1,BX,,CM
Stefan Ortega,Nottingham Forest,GK,32,270,0.0,0.0,0.0,0.0,0.0,0.0,0.0,0.0,0.0,0.0,4000000.0,Germany,Goalkeeper,https://img.a.transfermarkt.technology/portrait/medium/85941-1668065114.jpg?lm=1,GK,,GK
Taiwo Awoniyi,Nottingham Forest,FW,27,494,0.73,0.18,2.73,1.46,0.182,0.182,0.182,1.818,1.273,1.091,8000000.0,Nigeria,Centre-Forward,https://img.a.transfermarkt.technology/portrait/medium/295313-1774469214.jpg?lm=1,ST,,ST
Zach Abbott,Nottingham Forest,DF,19,164,0.0,0.0,0.0,0.0,1.667,1.111,2.222,1.667,0.556,0.0,4000000.0,England,Centre-Back,https://img.a.transfermarkt.technology/portrait/medium/933017-1724485038.jpg?lm=1,CB,DM,CB
Arthur Masuaku,Sunderland,DF,31,126,0.0,0.0,0.71,0.0,5.714,1.429,1.429,2.143,0.0,0.0,,,,,LB,LM,LB
Bertrand Traoré,Sunderland,"MF,FW",29,632,0.14,0.0,1.71,0.85,1.857,0.286,0.571,1.571,1.714,0.143,4000000.0,Burkina Faso,Right Winger,https://img.a.transfermarkt.technology/portrait/medium/131996-1696603763.jpg?lm=1,RW,,RW
Brian Brobbey,Sunderland,FW,23,1927,0.33,0.05,1.68,0.84,0.093,0.0,0.093,1.542,1.729,0.374,30000000.0,Netherlands,Centre-Forward,https://img.a.transfermarkt.technology/portrait/medium/473169-1718013901.jpg?lm=1,ST,,ST
Chemsdine Talbi,Sunderland,"MF,FW",20,1561,0.23,0.06,1.44,0.58,2.89,0.173,0.347,0.289,0.058,0.116,25000000.0,Morocco,Right Winger,https://img.a.transfermarkt.technology/portrait/medium/743384-1764837422.jpg?lm=1,RW,,RW
Chris Rigg,Sunderland,MF,18,761,0.12,0.12,1.42,0.35,1.294,0.471,0.941,0.941,0.941,0.235,25000000.0,England,Attacking Midfield,https://img.a.transfermarkt.technology/portrait/medium/947411-1707494096.png?lm=1,BX,RM,CM
Dan Neil,Sunderland,MF,23,14,0.0,0.0,0.0,0.0,0.0,5.0,0.0,0.0,5.0,0.0,,,,,BX,,CM
Daniel Ballard,Sunderland,DF,25,2149,0.08,0.0,1.09,0.38,0.042,0.837,0.711,1.213,1.213,0.126,1500000.0,France,Right Midfield,https://img.a.transfermarkt.technology/portrait/medium/654412-1635852545.jpg?lm=1,CB,,CB
Dennis Cirkin,Sunderland,DF,23,323,0.0,0.0,0.28,0.0,0.833,1.389,1.389,1.111,0.556,0.0,6000000.0,Latvia,Left-Back,https://img.a.transfermarkt.technology/portrait/medium/568006-1711448219.jpg?lm=1,LB,,LB
Eliezer Mayenda,Sunderland,"FW,MF",20,759,0.24,0.0,1.54,0.71,0.119,0.119,0.357,0.714,1.31,0.357,16000000.0,Spain,Centre-Forward,https://img.a.transfermarkt.technology/portrait/medium/967346-1724772065.jpg?lm=1,ST,RW,ST
Enzo Le Fée,Sunderland,"MF,FW",25,2930,0.06,0.18,1.11,0.37,3.006,0.859,1.718,0.951,1.135,0.123,28000000.0,France,Central Midfield,https://img.a.transfermarkt.technology/portrait/medium/633992-1764837815.jpg?lm=1,BX,,CM
Granit Xhaka,Sunderland,MF,32,2904,0.03,0.19,0.65,0.15,3.065,0.898,1.022,0.712,1.238,0.0,8000000.0,Switzerland,Defensive Midfield,https://img.a.transfermarkt.technology/portrait/medium/111455-1689711080.jpg?lm=1,DM,,DM
Habib Diarra,Sunderland,MF,21,1405,0.06,0.13,1.67,0.51,2.051,0.256,0.449,1.218,1.731,0.192,35000000.0,Senegal,Central Midfield,https://img.a.transfermarkt.technology/portrait/medium/876631-1765811931.jpg?lm=1,DM,,DM
Jenson Seelt,Sunderland,DF,22,134,0.0,0.0,0.0,0.0,0.667,0.0,0.0,0.667,0.667,0.0,,,,,CB,,CB
Jocelin Ta Bi,Sunderland,MF,20,38,0.0,0.0,0.0,0.0,12.5,0.0,0.0,0.0,2.5,0.0,2500000.0,Cote d'Ivoire,Right Winger,https://img.a.transfermarkt.technology/portrait/medium/1322090-1768311614.jpg?lm=1,RW,,RW
Luke O'Nien,Sunderland,DF,30,569,0.0,0.16,0.63,0.16,1.111,0.952,0.952,1.111,1.27,0.0,700000.0,England,Centre-Back,https://img.a.transfermarkt.technology/portrait/medium/282939-1724770104.jpg?lm=1,CB,DM,CB
Lutsharel Geertruida,Sunderland,"DF,MF",25,1693,0.0,0.0,0.58,0.16,0.479,1.064,1.17,0.798,0.372,0.053,20000000.0,Netherlands,Right-Back,https://img.a.transfermarkt.technology/portrait/medium/420210-1729520430.jpg?lm=1,RB,CB,RB
Marc Guiu,Sunderland,FW,19,15,0.0,0.0,6.0,0.0,0.0,0.0,0.0,0.0,0.0,0.0,,,,,ST,,ST
Melker Ellborg,Sunderland,GK,22,270,0.0,0.0,0.0,0.0,0.0,0.0,0.0,0.0,0.0,0.0,3000000.0,Sweden,Goalkeeper,https://img.a.transfermarkt.technology/portrait/medium/605426-1740563649.jpg?lm=1,GK,,GK
Nilson Angulo,Sunderland,MF,22,404,0.0,0.0,1.56,0.67,1.556,1.111,1.556,2.444,0.667,0.222,17000000.0,Ecuador,Left Winger,https://img.a.transfermarkt.technology/portrait/medium/903611-1749390009.jpg?lm=1,WF,AM,AM
Noah Sadiki,Sunderland,MF,20,2889,0.0,0.03,0.59,0.16,0.654,1.028,0.81,0.966,1.246,0.062,35000000.0,DR Congo,Central Midfield,https://img.a.transfermarkt.technology/portrait/medium/727089-1767005980.jpg?lm=1,DM,RB,DM
Nordi Mukiele,Sunderland,DF,27,2784,0.1,0.1,0.84,0.13,2.751,1.197,1.456,1.133,0.841,0.097,16000000.0,France,Right-Back,https://img.a.transfermarkt.technology/portrait/medium/348026-1727378130.jpg?lm=1,RB,,RB
Omar Alderete,Sunderland,DF,28,2798,0.03,0.03,0.77,0.29,0.354,1.158,0.579,1.093,0.322,0.161,13000000.0,Paraguay,Centre-Back,https://img.a.transfermarkt.technology/portrait/medium/353032-1669365021.jpg?lm=1,CB,LB,CB
Patrick Roberts,Sunderland,"FW,MF",28,28,0.0,0.0,3.21,0.0,0.0,0.0,0.0,0.0,0.0,0.0,,,,,RW,AM,RW
Reinildo Mandava,Sunderland,DF,31,1966,0.0,0.05,0.18,0.0,1.055,1.33,1.055,1.468,1.606,0.046,4000000.0,Mozambique,Left-Back,https://img.a.transfermarkt.technology/portrait/medium/240692-1666818500.jpg?lm=1,LB,,LB
Robin Roefs,Sunderland,GK,22,3150,0.0,0.0,0.0,0.0,0.0,0.0,0.0,0.0,0.0,0.0,28000000.0,Netherlands,Goalkeeper,https://img.a.transfermarkt.technology/portrait/medium/646991-1723035894.jpg?lm=1,GK,,GK
Romaine Mundle,Sunderland,MF,22,411,0.0,0.0,1.53,0.44,2.391,0.217,0.87,1.522,1.739,0.0,7000000.0,England,Left Winger,https://img.a.transfermarkt.technology/portrait/medium/696181-1748348552.jpg?lm=1,WF,,W
Simon Adingra,Sunderland,"MF,FW",23,653,0.14,0.0,0.83,0.28,3.699,0.274,1.096,2.466,0.411,0.548,,,,,WF,,W
Trai Hume,Sunderland,"DF,MF",23,3036,0.06,0.03,1.01,0.21,2.611,0.742,1.365,0.89,1.128,0.089,22000000.0,Northern Ireland,Right-Back,https://img.a.transfermarkt.technology/portrait/medium/515544-1748348258.jpg?lm=1,RB,,RB
Wilson Isidor,Sunderland,FW,24,1165,0.46,0.0,3.32,1.31,0.0,0.155,0.62,1.085,0.543,0.775,18000000.0,Haiti,Centre-Forward,https://img.a.transfermarkt.technology/portrait/medium/494237-1739871086.jpg?lm=1,ST,LW,ST
Antonín Kinský,Tottenham Hotspur,GK,22,630,0.0,0.0,0.0,0.0,0.0,0.0,0.0,0.0,0.0,0.0,15000000.0,Czech Republic,Goalkeeper,https://img.a.transfermarkt.technology/portrait/medium/725912-1766160431.jpg?lm=1,GK,,GK
Archie Gray,Tottenham Hotspur,"MF,DF",19,1478,0.12,0.12,0.67,0.3,0.732,1.037,0.488,0.732,0.122,0.0,35000000.0,England,Central Midfield,https://img.a.transfermarkt.technology/portrait/medium/922693-1695108880.jpg?lm=1,BX,DF,CM
Ben Davies,Tottenham Hotspur,DF,32,137,0.66,0.0,1.31,1.31,2.0,0.667,2.667,1.333,0.0,0.0,3000000.0,Wales,Centre-Back,https://img.a.transfermarkt.technology/portrait/medium/192765-1668520095.jpg?lm=1,LB,CB,LB
Brennan Johnson,Tottenham Hotspur,"MF,FW",24,610,0.3,0.0,0.89,0.3,3.382,0.294,1.324,0.294,0.588,1.176,,,,,FW,,ST
Callum Olusesi,Tottenham Hotspur,MF,18,15,0.0,0.0,0.0,0.0,0.0,0.0,0.0,0.0,0.0,0.0,,,,,MF,,CM
Conor Gallagher,Tottenham Hotspur,MF,25,1184,0.08,0.08,0.84,0.3,1.742,1.364,1.061,1.894,1.742,0.076,32000000.0,England,Central Midfield,https://img.a.transfermarkt.technology/portrait/medium/488362-1668500476.jpg?lm=1,BX,,CM
Cristian Romero,Tottenham Hotspur,DF,27,1868,0.19,0.05,0.82,0.29,0.048,1.49,1.442,1.538,0.769,0.048,45000000.0,Argentina,Centre-Back,https://img.a.transfermarkt.technology/portrait/medium/355915-1665609429.jpg?lm=1,CB,,CB
Dane Scarlett,Tottenham Hotspur,FW,21,9,0.0,0.0,0.0,0.0,0.0,0.0,0.0,10.0,0.0,0.0,1500000.0,England,Centre-Forward,https://img.a.transfermarkt.technology/portrait/medium/670883-1629964528.jpg?lm=1,ST,,ST
Destiny Udogie,Tottenham Hotspur,"DF,MF",22,1339,0.0,0.07,0.27,0.07,1.812,0.47,1.342,1.141,1.477,0.201,30000000.0,Italy,Left-Back,https://img.a.transfermarkt.technology/portrait/medium/556385-1697208468.jpg?lm=1,LB,LM,LB
Djed Spence,Tottenham Hotspur,"DF,MF",24,2055,0.0,0.0,0.57,0.35,2.149,0.658,1.096,1.228,0.921,0.175,30000000.0,England,Left-Back,https://img.a.transfermarkt.technology/portrait/medium/483348-1746645656.jpg?lm=1,RB,LB,RB
Dominic Solanke,Tottenham Hotspur,FW,27,1001,0.27,0.0,1.8,0.99,0.18,0.27,1.441,1.081,0.811,0.27,28000000.0,England,Centre-Forward,https://img.a.transfermarkt.technology/portrait/medium/258889-1708340487.jpg?lm=1,ST,,ST
Guglielmo Vicario,Tottenham Hotspur,GK,28,2790,0.0,0.0,0.0,0.0,0.0,0.0,0.0,0.0,0.0,0.0,18000000.0,Italy,Goalkeeper,https://img.a.transfermarkt.technology/portrait/medium/286047-1725874745.jpg?lm=1,GK,,GK
James Maddison,Tottenham Hotspur,"FW,MF",28,37,0.0,0.0,4.86,0.0,15.0,0.0,2.5,2.5,2.5,0.0,20000000.0,England,Attacking Midfield,https://img.a.transfermarkt.technology/portrait/medium/294057-1687982662.jpg?lm=1,AM,,ST
James Rowswell,Tottenham Hotspur,DF,19,1,0.0,0.0,0.0,0.0,,,,,,,,,,,CB,,CB
João Palhinha,Tottenham Hotspur,MF,30,2199,0.2,0.08,1.35,0.37,0.164,1.148,2.5,1.148,1.475,0.0,15000000.0,Portugal,Defensive Midfield,https://img.a.transfermarkt.technology/portrait/medium/257455-1684773447.jpg?lm=1,DM,,DM
Jun'ai Byfield,Tottenham Hotspur,DF,16,1,0.0,0.0,0.0,0.0,,,,,,,,,,,CB,,CB
Kevin Danso,Tottenham Hotspur,DF,26,1494,0.0,0.0,0.66,0.12,0.422,1.506,0.783,1.265,0.783,0.0,20000000.0,Austria,Centre-Back,https://img.a.transfermarkt.technology/portrait/medium/263236-1691217955.png?lm=1,CB,,CB
Lucas Bergvall,Tottenham Hotspur,MF,19,965,0.09,0.28,1.12,0.47,1.776,0.28,1.308,2.243,0.654,0.28,35000000.0,Sweden,Central Midfield,https://img.a.transfermarkt.technology/portrait/medium/866246-1701861399.jpg?lm=1,AM,,AM
Mathys Tel,Tottenham Hotspur,"MF,FW",20,1349,0.27,0.07,2.34,0.53,6.133,0.333,0.8,1.267,1.533,0.2,22000000.0,France,Centre-Forward,https://img.a.transfermarkt.technology/portrait/medium/801734-1700040486.jpg?lm=1,ST,WF,ST
Micky van de Ven,Tottenham Hotspur,DF,24,3041,0.12,0.03,0.47,0.18,0.089,0.621,0.592,0.828,0.651,0.059,50000000.0,Netherlands,Centre-Back,https://img.a.transfermarkt.technology/portrait/medium/557459-1744313600.jpg?lm=1,CB,,CB
Mohammed Kudus,Tottenham Hotspur,"MF,FW",24,1535,0.12,0.29,1.52,0.53,7.135,0.175,0.994,1.345,0.877,0.585,50000000.0,Ghana,Right Winger,https://img.a.transfermarkt.technology/portrait/medium/543499-1668429218.jpg?lm=1,WF,AM,AM
Pape Matar Sarr,Tottenham Hotspur,MF,22,1397,0.13,0.26,1.1,0.39,0.516,0.903,1.355,1.871,0.839,0.194,30000000.0,Senegal,Central Midfield,https://img.a.transfermarkt.technology/portrait/medium/568693-1668163083.jpg?lm=1,BX,,CM
Pedro Porro,Tottenham Hotspur,DF,25,2796,0.03,0.06,1.03,0.26,7.46,0.997,1.608,1.029,0.836,0.032,35000000.0,Spain,Right-Back,https://img.a.transfermarkt.technology/portrait/medium/553875-1730812390.jpg?lm=1,RB,RM,RB
Radu Drăgușin,Tottenham Hotspur,DF,23,517,0.0,0.0,0.7,0.0,0.526,2.807,0.526,1.579,0.175,0.0,16000000.0,Romania,Centre-Back,https://img.a.transfermarkt.technology/portrait/medium/568559-1704716630.jpg?lm=1,CB,,CB
Randal Kolo Muani,Tottenham Hotspur,"FW,MF",26,1664,0.05,0.05,1.08,0.22,0.973,0.108,0.865,2.216,0.919,0.162,20000000.0,France,Centre-Forward,https://img.a.transfermarkt.technology/portrait/medium/487969-1718697120.jpg?lm=1,ST,RW,ST
Richarlison,Tottenham Hotspur,"FW,MF",28,1964,0.5,0.18,2.8,1.19,0.826,0.321,0.734,1.055,1.514,0.459,25000000.0,Brazil,Centre-Forward,https://img.a.transfermarkt.technology/portrait/medium/378710-1665608231.jpg?lm=1,ST,LW,ST
Rodrigo Bentancur,Tottenham Hotspur,MF,28,1883,0.05,0.05,0.62,0.14,0.335,1.722,1.722,0.909,0.383,0.048,20000000.0,Uruguay,Defensive Midfield,https://img.a.transfermarkt.technology/portrait/medium/354362-1740605779.jpg?lm=1,BX,,CM
Souza,Tottenham Hotspur,MF,19,144,0.0,0.0,0.62,0.62,1.875,1.25,0.0,1.875,1.25,0.0,12000000.0,Brazil,Left-Back,https://img.a.transfermarkt.technology/portrait/medium/1086258-1769207185.jpg?lm=1,LB,,LB
Wilson Odobert,Tottenham Hotspur,"MF,FW",20,985,0.0,0.18,1.92,0.73,2.569,0.0,0.734,0.183,0.917,0.183,18000000.0,France,Left Winger,https://img.a.transfermarkt.technology/portrait/medium/743498-1740605858.jpg?lm=1,WF,,W
Xavi Simons,Tottenham Hotspur,"MF,FW",22,1755,0.1,0.26,2.15,0.51,2.615,0.769,1.026,1.077,2.256,0.0,40000000.0,Netherlands,Attacking Midfield,https://img.a.transfermarkt.technology/portrait/medium/566931-1729778226.jpg?lm=1,AM,RW,RW
Yves Bissouma,Tottenham Hotspur,MF,28,603,0.0,0.0,0.75,0.3,0.149,1.194,1.642,1.194,0.896,0.0,10000000.0,Mali,Defensive Midfield,https://img.a.transfermarkt.technology/portrait/medium/410425-1665607355.jpg?lm=1,BX,,CM
Aaron Wan-Bissaka,West Ham United,"DF,MF",27,2081,0.0,0.09,0.0,0.0,1.861,1.775,1.039,0.996,0.519,0.043,15000000.0,DR Congo,Right-Back,https://img.a.transfermarkt.technology/portrait/medium/477758-1769112496.jpg?lm=1,RB,,RB
Adama Traoré,West Ham United,"FW,MF",29,121,0.0,0.0,1.49,0.0,9.231,0.0,0.769,0.769,0.0,1.538,6000000.0,Spain,Right Winger,https://img.a.transfermarkt.technology/portrait/medium/204103-1736153427.jpg?lm=1,RW,,RW
Alphonse Areola,West Ham United,GK,32,1800,0.0,0.0,0.0,0.0,0.0,0.0,0.0,0.0,0.0,0.0,4000000.0,France,Goalkeeper,https://img.a.transfermarkt.technology/portrait/medium/120629-1663243036.jpg?lm=1,GK,,GK
Andy Irving,West Ham United,MF,25,158,0.0,0.0,0.0,0.0,6.667,0.556,2.222,0.556,0.0,0.0,,,,,BX,AM,CM
Axel Disasi,West Ham United,DF,27,1254,0.0,0.0,0.36,0.22,0.0,0.863,0.719,0.36,0.288,0.072,15000000.0,France,Centre-Back,https://img.a.transfermarkt.technology/portrait/medium/386047-1727785671.jpg?lm=1,CB,,CB
Callum Marshall,West Ham United,FW,20,60,0.0,0.0,1.5,0.0,0.0,2.857,0.0,0.0,0.0,1.429,,,,,ST,,ST
Callum Wilson,West Ham United,FW,33,1251,0.5,0.07,2.73,1.15,0.36,0.216,0.144,0.863,1.007,0.647,4000000.0,England,Centre-Forward,https://img.a.transfermarkt.technology/portrait/medium/123682-1668090039.jpg?lm=1,ST,,ST
Crysencio Summerville,West Ham United,"MF,FW",23,2470,0.18,0.07,1.97,0.55,2.153,0.547,0.949,1.788,2.445,0.219,35000000.0,Netherlands,Left Winger,https://img.a.transfermarkt.technology/portrait/medium/474701-1781510697.jpg?lm=1,RW,,RW
El Hadji Malick Diouf,West Ham United,"DF,MF",20,2707,0.0,0.17,0.6,0.13,3.621,1.063,0.631,0.93,0.831,0.066,28000000.0,Senegal,Left-Back,https://img.a.transfermarkt.technology/portrait/medium/1111589-1768815059.jpg?lm=1,LB,LM,LB
Ezra Mayers,West Ham United,DF,18,117,0.0,0.0,0.77,0.0,2.308,0.769,0.0,0.0,0.0,0.0,,,,,DF,,CB
Freddie Potts,West Ham United,MF,21,1171,0.0,0.08,0.23,0.08,2.615,1.231,1.385,1.154,1.077,0.0,10000000.0,England,Defensive Midfield,https://img.a.transfermarkt.technology/portrait/medium/698164-1766482338.jpg?lm=1,DM,CB,DM
George Earthy,West Ham United,MF,20,9,0.0,0.0,0.0,0.0,0.0,0.0,0.0,0.0,0.0,0.0,,,,,AM,,AM
Guido Rodríguez,West Ham United,MF,31,180,0.0,0.0,0.5,0.0,1.0,1.0,0.0,1.0,2.0,0.0,,,,,DM,,DM
Igor,West Ham United,DF,27,105,0.0,0.0,0.0,0.0,0.0,0.833,0.0,0.833,0.0,0.0,,,,,,,
James Ward-Prowse,West Ham United,MF,30,413,0.0,0.0,0.44,0.0,4.783,1.304,0.435,0.87,0.435,0.0,,,,,BX,RM,CM
Jarrod Bowen,West Ham United,"MF,FW",28,3403,0.21,0.29,2.09,0.74,3.915,0.714,0.741,0.503,1.296,0.45,30000000.0,England,Right Winger,https://img.a.transfermarkt.technology/portrait/medium/314875-1662362005.jpg?lm=1,RW,,RW
Jean-Clair Todibo,West Ham United,DF,25,1814,0.0,0.05,0.1,0.0,0.099,0.792,1.188,0.446,0.149,0.05,22000000.0,France,Centre-Back,https://img.a.transfermarkt.technology/portrait/medium/605184-1699439806.jpg?lm=1,CB,,CB
Konstantinos Mavropanos,West Ham United,DF,27,2534,0.11,0.0,0.82,0.28,0.142,1.667,0.851,0.567,0.319,0.071,18000000.0,Greece,Centre-Back,https://img.a.transfermarkt.technology/portrait/medium/415912-1691999569.jpg?lm=1,CB,,CB
Kyle Walker-Peters,West Ham United,DF,28,1383,0.07,0.0,0.33,0.2,1.299,0.584,1.948,0.779,1.623,0.065,12000000.0,England,Right-Back,https://img.a.transfermarkt.technology/portrait/medium/341051-1766483117.jpg?lm=1,RB,LB,RB
Lucas Paquetá,West Ham United,"MF,FW",27,1511,0.12,0.06,1.37,0.66,2.143,0.417,1.31,1.607,1.786,0.298,,,,,AM,,AM
Luis Guilherme,West Ham United,FW,19,125,0.0,0.0,0.72,0.0,0.0,0.0,0.714,0.0,0.0,0.0,,,,,RW,AM,RW
Mads Hermansen,West Ham United,GK,25,1620,0.0,0.0,0.0,0.0,0.0,0.0,0.0,0.0,0.0,0.0,15000000.0,Denmark,Goalkeeper,https://img.a.transfermarkt.technology/portrait/medium/400536-1707386039.jpg?lm=1,GK,,GK
Mateus Fernandes,West Ham United,MF,21,3016,0.09,0.12,0.84,0.24,1.522,1.075,2.0,1.463,1.463,0.0,50000000.0,Portugal,Central Midfield,https://img.a.transfermarkt.technology/portrait/medium/880245-1727786403.jpg?lm=1,BX,,CM
Max Kilman,West Ham United,DF,28,1561,0.0,0.0,0.4,0.06,0.116,0.347,0.462,0.925,0.116,0.0,13000000.0,England,Centre-Back,https://img.a.transfermarkt.technology/portrait/medium/525247-1688370291.jpg?lm=1,CB,,CB
Mohamadou Kanté,West Ham United,MF,19,75,0.0,0.0,2.4,0.0,0.0,0.0,5.0,5.0,1.25,0.0,1000000.0,France,Defensive Midfield,https://img.a.transfermarkt.technology/portrait/medium/1081995-1741902531.jpg?lm=1,BX,,CM
Nayef Aguerd,West Ham United,DF,29,180,0.0,0.0,1.0,0.0,1.0,0.5,0.0,0.0,0.5,0.0,,,,,CB,,CB
Niclas Füllkrug,West Ham United,FW,32,409,0.0,0.0,1.98,0.66,0.0,0.444,0.222,2.444,0.222,0.444,,,,,ST,LW,ST
Oliver Scarles,West Ham United,"DF,MF",19,659,0.0,0.0,0.41,0.0,4.795,1.781,2.603,0.959,0.959,0.137,10000000.0,England,Left-Back,https://img.a.transfermarkt.technology/portrait/medium/922563-1667548640.jpg?lm=1,LB,LM,LB
Pablo,West Ham United,"MF,FW",21,823,0.0,0.11,1.31,0.33,0.549,0.549,1.538,2.527,0.879,0.0,18000000.0,Brazil,Centre-Forward,https://img.a.transfermarkt.technology/portrait/medium/817665-1767624687.jpg?lm=1,,,
Soungoutou Magassa,West Ham United,MF,21,981,0.09,0.0,0.64,0.18,0.826,1.56,2.11,1.56,1.56,0.0,17000000.0,France,Defensive Midfield,https://img.a.transfermarkt.technology/portrait/medium/745181-1766482964.jpg?lm=1,DM,CB,DM
Tomáš Souček,West Ham United,MF,30,2200,0.2,0.0,1.06,0.57,0.574,0.656,0.943,1.516,0.902,0.205,10000000.0,Czech Republic,Defensive Midfield,https://img.a.transfermarkt.technology/portrait/medium/283628-1704184173.jpg?lm=1,DM,,DM
Valentín Castellanos,West Ham United,FW,26,1384,0.39,0.0,3.25,1.43,0.584,0.39,0.584,2.078,1.039,0.584,28000000.0,Argentina,Centre-Forward,https://img.a.transfermarkt.technology/portrait/medium/522784-1723926679.jpg?lm=1,ST,,ST
Adam Armstrong,Wolves,"FW,MF",28,1140,0.08,0.16,1.42,0.47,0.394,0.079,0.315,0.945,0.236,0.394,6000000.0,England,Centre-Forward,https://img.a.transfermarkt.technology/portrait/medium/250426-1708002412.jpg?lm=1,ST,WF,ST
André,Wolves,MF,24,2762,0.03,0.0,0.49,0.03,1.303,0.814,1.368,1.531,1.401,0.0,25000000.0,Brazil,Defensive Midfield,https://img.a.transfermarkt.technology/portrait/medium/800176-1699348390.jpg?lm=1,DM,,DM
Angel Gomes,Wolves,"MF,FW",24,461,0.0,0.0,1.17,0.39,2.353,0.196,0.98,1.373,1.765,0.0,10000000.0,England,Attacking Midfield,https://img.a.transfermarkt.technology/portrait/medium/392770-1666690396.jpg?lm=1,ST,,ST
Daniel Bentley,Wolves,GK,32,270,0.0,0.0,0.0,0.0,0.0,0.0,0.0,0.0,0.0,0.0,800000.0,England,Goalkeeper,https://img.a.transfermarkt.technology/portrait/medium/136401-1700737411.jpg?lm=1,GK,,GK
David Møller Wolfe,Wolves,"MF,DF",23,1049,0.0,0.17,0.26,0.0,2.735,0.598,0.427,0.855,0.342,0.0,8000000.0,Norway,Left-Back,https://img.a.transfermarkt.technology/portrait/medium/661427-1753350331.jpg?lm=1,LB,,LB
Emmanuel Agbadou,Wolves,DF,28,1101,0.0,0.0,0.82,0.25,1.066,1.148,1.721,0.82,0.41,0.082,,,,,CB,DM,CB
Fer López,Wolves,MF,21,235,0.0,0.38,1.91,0.38,1.538,0.0,0.385,2.308,1.538,0.0,,,,,WF,AM,AM
Hugo Bueno,Wolves,"MF,DF",22,2366,0.04,0.08,0.61,0.23,6.312,1.255,1.331,0.646,0.913,0.114,12000000.0,Spain,Left-Back,https://img.a.transfermarkt.technology/portrait/medium/698678-1669020197.jpg?lm=1,LB,LM,LW
Hwang Hee-chan,Wolves,"FW,MF",29,1446,0.06,0.12,1.18,0.37,1.18,0.745,0.248,1.739,1.118,0.559,6000000.0,"Korea, South",Centre-Forward,https://img.a.transfermarkt.technology/portrait/medium/292246-1708341416.jpg?lm=1,ST,WF,ST
Jackson Tchatchoua,Wolves,"MF,DF",23,1845,0.0,0.05,0.15,0.05,4.39,0.683,0.732,0.39,0.439,0.098,12000000.0,Cameroon,Right-Back,https://img.a.transfermarkt.technology/portrait/medium/848509-1725529771.jpg?lm=1,RB,RM,RW
Jean-Ricner Bellegarde,Wolves,"MF,FW",27,1248,0.07,0.07,1.51,0.5,1.799,0.647,1.079,1.439,2.95,0.0,16000000.0,Haiti,Central Midfield,https://img.a.transfermarkt.technology/portrait/medium/450050-1769112628.jpg?lm=1,DM,AM,DM
Jerome Abbey,Wolves,MF,15,17,0.0,0.0,0.0,0.0,0.0,5.0,0.0,0.0,0.0,5.0,,,,,MF,,CM
Jhon Arias,Wolves,"FW,MF",27,1124,0.08,0.0,1.28,0.24,2.4,0.56,2.16,2.08,0.72,0.24,,,,,WF,AM,W
José Sá,Wolves,GK,32,2070,0.0,0.0,0.0,0.0,0.0,0.0,0.0,0.0,0.0,0.0,3500000.0,Portugal,Goalkeeper,https://img.a.transfermarkt.technology/portrait/medium/249994-1696600015.jpg?lm=1,GK,,GK
João Gomes,Wolves,MF,24,2829,0.03,0.03,0.6,0.22,0.987,1.146,2.166,2.197,1.561,0.032,40000000.0,Brazil,Central Midfield,https://img.a.transfermarkt.technology/portrait/medium/735570-1675092223.jpg?lm=1,DM,,DM
Jørgen Strand Larsen,Wolves,FW,25,1404,0.0,0.06,1.35,0.45,0.192,0.192,0.128,1.923,0.705,0.577,,,,,ST,,ST
Ki-Jana Hoever,Wolves,"MF,DF",23,425,0.0,0.0,0.21,0.21,4.681,1.064,2.34,0.638,0.638,0.213,3500000.0,Netherlands,Right-Back,https://img.a.transfermarkt.technology/portrait/medium/485583-1724259461.jpg?lm=1,RB,CB,RB
Ladislav Krejčí,Wolves,"DF,MF",26,2356,0.08,0.04,0.8,0.38,0.649,1.221,0.802,1.26,0.267,0.0,22000000.0,Czech Republic,Centre-Back,https://img.a.transfermarkt.technology/portrait/medium/345911-1716965804.jpg?lm=1,CB,DM,CB
Marshall Munetsi,Wolves,"MF,FW",29,875,0.1,0.1,1.44,0.62,1.443,0.515,1.34,1.959,1.031,0.412,,,,,DM,CB,DM
Mateus Mane,Wolves,MF,17,1795,0.15,0.05,2.06,0.85,4.724,0.251,0.653,1.307,2.362,0.101,20000000.0,Portugal,Attacking Midfield,https://img.a.transfermarkt.technology/portrait/medium/1230661-1771869256.jpg?lm=1,ST,,ST
Matt Doherty,Wolves,"DF,MF",33,787,0.0,0.0,0.34,0.0,0.92,0.805,0.92,1.839,0.69,0.0,1000000.0,Ireland,Right-Back,https://img.a.transfermarkt.technology/portrait/medium/171679-1682598455.jpg?lm=1,RB,LB,RB
Pedro Lima,Wolves,MF,19,260,0.0,0.0,1.38,0.35,3.448,1.379,1.724,2.069,0.345,0.0,4000000.0,Brazil,Right-Back,https://img.a.transfermarkt.technology/portrait/medium/1193867-1710156658.jpg?lm=1,RB,RM,RW
Rodrigo Gomes,Wolves,"MF,FW",22,960,0.28,0.0,1.87,0.56,2.243,1.028,1.682,0.561,0.748,0.28,15000000.0,Portugal,Left Midfield,https://img.a.transfermarkt.technology/portrait/medium/667121-1749738496.jpg?lm=1,,,
Sam Johnstone,Wolves,GK,32,1080,0.0,0.0,0.0,0.0,0.0,0.0,0.0,0.0,0.0,0.0,2000000.0,England,Goalkeeper,https://img.a.transfermarkt.technology/portrait/medium/110864-1672915792.jpg?lm=1,GK,,GK
Santiago Bueno,Wolves,DF,26,2553,0.11,0.04,0.35,0.25,0.211,0.951,1.056,1.021,0.387,0.07,10000000.0,Uruguay,Centre-Back,https://img.a.transfermarkt.technology/portrait/medium/438001-1738823992.jpg?lm=1,,,
Sasa Kalajdzic,Wolves,"FW,MF",28,15,0.0,0.0,0.0,0.0,0.0,5.0,0.0,0.0,0.0,0.0,,,,,ST,,ST
Tawanda Chirewa,Wolves,MF,21,27,0.0,0.0,0.0,0.0,0.0,0.0,0.0,10.0,3.333,0.0,450000.0,Zimbabwe,Attacking Midfield,https://img.a.transfermarkt.technology/portrait/medium/724783-1706825693.jpg?lm=1,AM,,AM
Tolu Arokodare,Wolves,FW,24,1419,0.19,0.06,2.92,1.01,0.0,0.316,0.253,1.139,1.076,0.38,20000000.0,Nigeria,Centre-Forward,https://img.a.transfermarkt.technology/portrait/medium/683571-1714038632.png?lm=1,ST,,ST
Tom Edozie,Wolves,MF,19,14,6.43,0.0,12.86,6.43,0.0,0.0,0.0,0.0,0.0,0.0,,,,,,,
Toti Gomes,Wolves,DF,26,1424,0.0,0.0,0.32,0.13,0.696,0.823,0.696,0.696,0.696,0.0,18000000.0,Portugal,Centre-Back,https://img.a.transfermarkt.technology/portrait/medium/606718-1743575342.jpg?lm=1,CB,,CB
Yerson Mosquera,Wolves,DF,24,2136,0.0,0.0,1.26,0.25,0.759,1.055,1.519,1.435,1.857,0.042,12000000.0,Colombia,Centre-Back,https://img.a.transfermarkt.technology/portrait/medium/716276-1682874906.jpg?lm=1,CB,,CB
