sofascore_id,player,squad,norm_key,rating,appearances,matchesStarted,minutesPlayed,goals,expectedGoals,assists,expectedAssists,bigChancesCreated,bigChancesMissed,totalShots,shotsOnTarget,goalConversionPercentage,accuratePasses,totalPasses,accuratePassesPercentage,accurateLongBalls,totalLongBalls,accurateLongBallsPercentage,keyPasses,accurateFinalThirdPasses,accurateChippedPasses,totalChippedPasses,successfulDribbles,totalContest,successfulDribblesPercentage,totalCross,accurateCrosses,accurateCrossesPercentage,touches,possessionLost,possessionWonAttThird,ballRecovery,dispossessed,groundDuelsWon,groundDuelsWonPercentage,aerialDuelsWon,aerialLost,aerialDuelsWonPercentage,totalDuelsWon,totalDuelsWonPercentage,tackles,tacklesWon,tacklesWonPercentage,interceptions,clearances,blockedShots,outfielderBlocks,errorLeadToGoal,errorLeadToShot,dribbledPast,fouls,wasFouled,yellowCards,redCards,saves,savesCaught,savesParried,cleanSheet,goalsConceded,savedShotsFromInsideTheBox,savedShotsFromOutsideTheBox,goalsConcededInsideTheBox,goalsConcededOutsideTheBox,punches,runsOut,successfulRunsOut,highClaims,crossesNotClaimed,penaltyFaced,penaltySave
610396,Joël Drommel,Sparta R.,joel drommel,7.46,34,34,3060,0,0.03,0,0.37,1,0,1,0,0.0,967,1464,66.05,409,899,45.49,2,115,115,198,0,0,0.0,0,0,0.0,1855,508,0,346,0,7,87.5,8,0,100.0,15,93.75,0,0,0.0,0,26,0,0,2,0,0,1,6,1,0,139,0,38,11,62,93,45,52,10,7,18,18,29,0,3,2
837072,Jari De Busser,Go Ahead Eagles,jari de busser,7.4,34,34,3060,0,,0,0.12,0,0,0,0,0.0,793,1322,59.98,237,757,31.31,2,55,63,134,1,1,100.0,0,0,0.0,1719,535,0,318,0,11,84.62,12,0,100.0,23,92.0,0,0,0.0,1,36,0,0,2,5,2,0,13,0,0,149,1,27,9,53,106,43,48,5,19,7,7,29,0,3,0
1184054,Kodai Sano,NEC Nijmegen,kodai sano,7.11,34,34,3060,3,1.77,7,6.08,11,1,34,9,8.82,1352,1625,83.2,65,139,46.76,48,466,40,85,60,108,55.56,70,16,22.86,2388,505,21,212,46,167,49.55,38,36,51.35,205,49.88,71,44,61.97,47,93,8,8,1,3,38,45,36,3,0,0,0,0,5,53,0,0,46,7,0,0,0,0,0,0,0
1031721,Casper Widell,Excelsior,casper widell,6.91,34,34,3054,1,2.33,1,1.29,1,3,18,4,5.56,1459,1762,82.8,147,280,52.5,9,139,61,140,4,4,100.0,3,1,33.33,2247,321,0,99,4,46,52.87,106,58,64.63,152,60.56,33,22,66.67,32,248,5,32,0,1,16,24,9,2,0,0,0,0,6,56,0,0,49,7,0,0,0,0,0,0,0
1121401,Thijmen Blokzijl,Groningen,thijmen blokzijl,6.97,34,34,3047,1,0.78,1,1.12,3,0,11,1,9.09,1734,1955,88.7,77,146,52.74,8,195,38,67,3,7,42.86,8,3,37.5,2356,251,5,162,3,55,57.29,74,92,44.58,129,49.24,40,21,52.5,33,173,7,30,1,1,11,23,13,4,0,0,0,0,10,44,0,0,38,6,0,0,0,0,0,0,0
796943,Tobias Lauritsen,Sparta R.,tobias lauritsen,7.22,34,34,3042,12,10.82,5,3.47,9,6,73,27,16.44,435,742,58.63,8,15,53.33,49,205,19,25,9,20,45.0,4,0,0.0,1131,404,21,59,19,83,54.97,237,144,62.2,320,60.15,19,14,73.68,8,47,12,2,0,0,10,29,56,4,0,0,0,0,10,62,0,0,52,10,0,0,0,0,0,0,0
793742,Joris Kramer,Go Ahead Eagles,joris kramer,7.01,34,34,3015,1,1.9,3,2.32,4,1,16,5,6.25,1830,2095,87.35,129,260,49.62,16,236,81,150,9,15,60.0,27,7,25.93,2604,316,5,128,5,49,53.26,72,58,55.38,121,54.5,26,15,57.69,36,219,6,50,0,1,9,23,14,2,0,0,0,0,8,53,0,0,48,5,0,0,0,0,0,0,0
385300,Jeff Hardeveld,Telstar,jeff hardeveld,7.24,34,34,2979,6,3.63,7,8.74,24,2,27,13,22.22,827,1177,70.26,59,195,30.26,63,291,53,130,15,33,45.45,171,56,32.75,2051,578,7,117,9,103,52.02,35,41,46.05,138,50.36,79,49,62.03,34,123,4,21,0,2,38,30,10,1,0,0,0,0,5,53,0,0,47,6,0,0,0,0,0,0,0
1413536,Thom van Bergen,Groningen,thom van bergen,6.76,34,34,2977,9,17.17,4,3.07,8,17,102,37,8.82,550,746,73.73,12,19,63.16,29,258,6,16,28,76,36.84,15,1,6.67,1394,432,37,112,66,139,42.25,74,126,37.0,213,40.26,43,26,60.47,6,20,28,1,0,0,30,51,70,4,0,0,0,0,8,42,0,0,37,5,0,0,0,0,0,0,0
939460,Daniel Bielica,NAC Breda,daniel bielica,7.25,33,33,2970,0,,0,0.08,0,0,0,0,0.0,593,1023,57.97,266,689,38.61,0,41,52,75,2,2,100.0,0,0,0.0,1349,435,0,276,0,8,80.0,13,0,100.0,21,91.3,0,0,0.0,0,39,0,0,0,2,2,0,8,3,0,118,1,27,6,55,80,37,52,3,17,24,23,17,1,3,0
253875,Timon Wellenreuther,Feyenoord,timon wellenreuther,6.99,33,33,2970,0,,0,0.16,0,0,0,0,0.0,851,1231,69.13,244,612,39.87,1,64,84,143,1,1,100.0,0,0,0.0,1570,391,0,332,0,12,100.0,12,1,92.31,24,96.0,0,0,0.0,0,38,0,0,2,0,0,1,14,6,0,89,1,13,9,44,59,29,34,10,15,26,25,23,0,3,0
1648759,Marvin Young,Sparta R.,marvin young,6.94,33,33,2970,0,0.49,1,1.33,3,1,10,1,0.0,1576,1769,89.09,121,213,56.81,13,169,53,95,7,12,58.33,0,0,0.0,2283,230,1,139,8,96,59.26,59,44,57.28,155,58.49,73,35,47.95,49,209,3,25,1,5,18,36,17,7,0,0,0,0,11,61,0,0,51,10,0,0,0,0,0,0,0
1047396,Guus Offerhaus,Telstar,guus offerhaus,6.64,33,33,2969,1,1.47,3,2.11,5,0,18,3,5.56,1098,1316,83.43,75,181,41.44,33,170,45,87,7,15,46.67,102,27,26.47,1859,366,1,146,15,53,42.4,34,55,38.2,87,40.65,39,18,46.15,30,143,5,29,2,3,15,35,7,6,0,0,0,0,4,54,0,0,47,7,0,0,0,0,0,0,0
268701,Ronald Koeman Jr,Telstar,ronald koeman jr,7.53,33,33,2959,1,0.79,0,0.21,0,0,1,1,100.0,919,1388,66.21,380,835,45.51,0,104,191,278,2,2,100.0,0,0,0.0,1708,483,0,319,0,8,100.0,4,2,66.67,12,85.71,1,1,100.0,0,23,0,0,2,1,0,0,5,3,0,143,0,22,5,53,111,30,46,7,8,12,12,12,1,4,0
1387012,Mats Rots,Twente,mats rots,6.94,34,34,2954,4,2.83,4,5.63,9,2,37,12,10.81,1136,1428,79.55,74,185,40.0,51,390,31,76,34,93,36.56,83,16,19.28,2287,570,13,193,31,136,46.26,18,22,45.0,154,46.11,73,42,57.53,39,65,13,7,1,3,41,27,29,4,0,0,0,0,7,36,0,0,30,6,0,0,0,0,0,0,0
138842,Joris van Overeem,Heerenveen,joris van overeem,7.22,33,33,2933,2,2.29,9,6.3,9,2,15,4,13.33,1487,1872,79.43,136,271,50.18,58,484,128,238,22,36,61.11,96,29,30.21,2433,559,25,273,37,109,47.81,42,34,55.26,151,49.67,54,28,51.85,35,79,4,8,1,6,28,43,33,5,0,0,0,0,4,51,0,0,40,11,0,0,0,0,0,0,0
318575,Damon Mirani,Heracles Almelo,damon mirani,6.65,33,33,2933,3,1.46,0,0.36,1,2,15,5,20.0,1258,1457,86.34,87,191,45.55,5,136,46,82,8,9,88.89,1,1,100.0,1892,221,1,93,4,56,60.87,86,67,56.21,142,57.96,35,21,60.0,28,192,2,36,2,1,15,20,13,6,0,0,0,0,2,79,0,0,71,8,0,0,0,0,0,0,0
946506,Bart van Rooij,Twente,bart van rooij,7.4,33,33,2928,3,2.03,4,5.29,5,1,36,9,8.33,1422,1709,83.21,126,222,56.76,42,355,56,107,18,34,52.94,75,14,18.67,2650,520,17,182,10,161,66.26,38,26,59.38,199,64.82,108,64,59.26,20,94,10,18,0,1,30,28,35,5,1,0,0,0,6,39,0,0,32,7,0,0,0,0,0,0,0
347726,Vasilis Barkas,Utrecht,vasilis barkas,7.15,33,33,2925,0,,0,0.08,0,0,0,0,0.0,723,1110,65.14,268,645,41.55,0,32,37,69,1,1,100.0,0,0,0.0,1442,390,0,336,0,7,87.5,10,0,100.0,17,94.44,1,1,100.0,0,28,0,0,2,1,1,0,4,1,0,110,2,16,9,39,73,36,32,7,8,21,21,32,0,2,1
1000548,Alonzo Engwanda,Utrecht,alonzo engwanda,6.93,34,34,2924,0,0.22,1,1.55,0,0,9,1,0.0,1022,1182,86.46,45,74,60.81,8,197,31,53,19,39,48.72,11,2,18.18,1647,235,12,124,22,132,60.27,38,25,60.32,170,60.28,96,58,60.42,56,71,5,9,0,2,18,28,17,4,0,0,0,0,8,40,0,0,33,7,0,0,0,0,0,0,0
847073,Koen Kostons,Zwolle,koen kostons,6.79,34,34,2887,11,11.1,6,3.8,7,12,61,28,18.03,545,750,72.67,21,33,63.64,21,214,27,46,10,31,32.26,16,3,18.75,1181,394,22,79,36,63,39.13,54,107,33.54,117,36.34,24,14,58.33,4,23,9,9,0,1,12,31,29,2,0,0,0,0,5,64,0,0,54,10,0,0,0,0,0,0,0
1393970,Kayne van Oevelen,Volendam,kayne van oevelen,7.2,32,32,2851,0,0.02,0,0.25,1,0,1,0,0.0,741,1384,53.54,250,883,28.31,3,91,53,117,2,2,100.0,0,0,0.0,1804,656,1,334,0,18,100.0,15,1,93.75,33,97.06,0,0,0.0,0,41,0,0,0,5,0,0,17,1,0,149,1,43,3,51,89,55,45,6,25,16,16,32,0,2,0
1004278,Alexandre Penetra,AZ Alkmaar,alexandre penetra,6.94,33,33,2845,2,2.22,1,0.96,1,1,16,2,12.5,1688,1882,89.69,108,201,53.73,8,172,59,118,1,2,50.0,7,3,42.86,2340,244,3,117,2,66,64.08,49,59,45.37,115,54.5,42,29,69.05,28,185,4,27,0,1,15,19,23,5,0,0,0,0,8,48,0,0,39,9,0,0,0,0,0,0,0
1005693,Anselmo Garcia McNulty,Zwolle,anselmo garcia mcnulty,6.63,32,32,2845,2,1.25,0,1.13,2,2,15,5,13.33,1282,1515,84.62,101,236,42.8,11,186,83,167,7,9,77.78,9,1,11.11,1957,270,4,103,0,62,56.88,46,37,55.42,108,56.25,40,24,60.0,32,186,5,20,0,1,16,29,15,4,1,0,0,0,6,67,0,0,56,11,0,0,0,0,0,0,0
991679,Souffian El Karouani,Utrecht,souffian el karouani,7.29,32,32,2833,2,2.13,11,8.88,16,2,47,16,4.26,904,1152,78.47,74,171,43.27,98,261,51,109,13,47,27.66,320,103,32.19,2253,635,12,146,19,143,55.0,19,23,45.24,162,53.64,87,59,67.82,31,61,11,8,0,3,21,46,43,3,0,0,0,0,9,36,0,0,29,7,0,0,0,0,0,0,0
891795,Melle Meulensteen,Go Ahead Eagles,melle meulensteen,7.14,34,33,2832,6,5.21,1,1.63,3,5,41,19,14.63,1415,1646,85.97,75,154,48.7,14,315,79,132,23,35,65.71,18,4,22.22,2203,326,9,173,18,107,59.12,66,64,50.77,173,55.63,45,22,48.89,55,112,9,22,0,1,31,15,43,2,0,0,0,0,8,49,0,0,44,5,0,0,0,0,0,0,0
1424404,Jorg Schreuders,Groningen,jorg schreuders,6.82,34,32,2828,1,3.6,2,3.91,4,7,36,18,2.78,922,1074,85.85,32,48,66.67,36,337,19,35,26,52,50.0,44,9,20.45,1560,318,22,154,37,114,50.22,15,17,46.88,129,49.81,48,33,68.75,11,14,8,5,0,0,28,26,40,3,0,0,0,0,7,40,0,0,35,5,0,0,0,0,0,0,0
76160,Marvin Peersman,Groningen,marvin peersman,6.74,33,33,2828,3,3.0,1,2.99,1,5,21,6,14.29,1011,1274,79.36,71,162,43.83,26,278,58,129,12,35,34.29,46,9,19.57,2020,481,8,187,8,93,51.96,35,38,47.95,128,50.79,39,25,64.1,29,101,4,7,1,1,19,39,42,5,0,0,0,0,5,38,0,0,33,5,0,0,0,0,0,0,0
858242,Boy Kemper,NAC Breda,boy kemper,6.83,32,32,2821,5,3.11,3,3.67,7,3,30,13,16.67,813,1134,71.69,75,171,43.86,37,281,40,104,10,23,43.48,115,22,19.13,2009,582,10,135,16,97,53.59,68,53,56.2,165,54.64,50,29,58.0,23,89,2,13,0,0,19,38,40,3,0,0,0,0,4,53,0,0,50,3,0,0,0,0,0,0,0
367118,Stijn van Gassel,Excelsior,stijn van gassel,7.36,32,32,2820,0,,1,0.54,2,0,0,0,0.0,845,1450,58.28,423,1021,41.43,3,113,87,164,0,0,0.0,0,0,0.0,1795,618,0,305,0,3,60.0,5,0,100.0,8,80.0,0,0,0.0,0,44,0,0,1,3,2,0,4,0,0,117,0,27,6,46,77,38,39,7,19,24,23,27,0,4,0
1150061,Oliver Braude,Heerenveen,oliver braude,6.81,32,32,2819,0,1.59,4,4.31,4,2,21,4,0.0,1071,1381,77.55,100,224,44.64,25,279,70,155,18,33,54.55,61,15,24.59,2115,463,8,167,15,136,56.67,48,53,47.52,184,53.96,67,41,61.19,22,83,5,15,0,1,30,46,51,7,0,0,0,0,5,50,0,0,41,9,0,0,0,0,0,0,0
1064426,Vasilios Zagaritis,Heerenveen,vasilios zagaritis,6.88,34,33,2816,2,1.42,3,4.66,9,1,20,6,10.0,972,1157,84.01,35,69,50.72,33,291,23,44,28,49,57.14,98,19,19.39,1990,406,8,139,23,118,57.84,69,31,69.0,187,61.51,59,39,66.1,47,107,5,12,0,1,16,28,32,4,0,0,0,0,1,48,0,0,38,10,0,0,0,0,0,0,0
794013,Mats Deijl,Feyenoord,mats deijl,6.75,33,32,2811,1,2.77,5,2.56,5,3,17,10,5.88,978,1192,82.05,67,161,41.61,26,276,45,93,10,17,58.82,44,12,27.27,1866,328,6,111,6,115,71.43,48,35,57.83,163,66.8,46,33,71.74,17,82,1,18,0,1,7,29,61,5,0,0,0,0,6,49,0,0,42,7,0,0,0,0,0,0,0
1433802,Gjivai Zechiël,Utrecht,gjivai zechiel,7.19,34,32,2808,8,5.84,7,5.73,9,8,62,26,12.9,1126,1326,84.92,62,103,60.19,46,316,54,91,26,58,44.83,22,8,36.36,1815,333,22,154,28,111,50.45,16,10,61.54,127,51.63,51,24,47.06,39,35,21,7,0,0,28,21,34,4,0,0,0,0,6,35,0,0,28,7,0,0,0,0,0,0,0
803021,Sherel Constancio Floranus,Zwolle,sherel constancio floranus,6.4,32,32,2801,1,0.75,3,2.03,5,2,7,3,14.29,954,1168,81.68,47,102,46.08,14,188,29,61,17,33,51.52,39,8,20.51,1887,381,4,148,16,86,50.89,28,36,43.75,114,48.93,55,38,69.09,50,111,1,7,0,2,31,23,14,5,0,0,0,0,3,65,0,0,56,9,0,0,0,0,0,0,0
990798,Gonzalo Crettaz,NEC Nijmegen,gonzalo crettaz,7.14,31,31,2790,0,,0,0.56,3,0,0,0,0.0,813,1473,55.19,302,950,31.79,3,97,85,177,0,0,0.0,0,0,0.0,1763,665,0,340,1,5,62.5,5,0,100.0,10,76.92,5,2,40.0,0,38,0,0,2,2,2,0,1,3,0,104,0,17,4,49,66,34,42,7,7,53,51,14,0,5,1
927366,Matěj Kovář,PSV,matej kovar,7.08,31,31,2790,0,,0,0.12,0,0,0,0,0.0,953,1231,77.42,201,468,42.95,2,33,81,146,1,1,100.0,0,0,0.0,1545,283,0,297,2,6,60.0,7,0,100.0,13,76.47,0,0,0.0,1,40,0,0,1,3,1,1,5,0,0,85,3,11,7,41,58,27,30,11,14,19,19,31,0,4,0
94835,Lars Unnerstall,Twente,lars unnerstall,6.94,31,31,2790,0,,0,0.08,0,0,0,0,0.0,605,899,67.3,180,471,38.22,2,33,37,67,0,0,0.0,0,0,0.0,1162,295,0,264,0,3,100.0,4,0,100.0,7,100.0,0,0,0.0,0,22,0,0,0,1,0,0,4,0,0,76,0,14,6,35,48,27,30,5,3,20,20,12,0,2,0
1145525,Tom de Graaff,Zwolle,tom de graaff,6.85,31,31,2790,0,,0,0.06,0,0,0,0,0.0,566,1011,55.98,186,618,30.1,1,22,53,96,0,0,0.0,0,0,0.0,1353,453,0,287,0,6,75.0,11,2,84.62,17,80.95,3,2,66.67,0,26,0,0,3,2,2,0,5,0,0,128,0,27,6,65,82,44,55,10,14,9,9,19,0,2,0
927440,Kamal Sowah,NAC Breda,kamal sowah,6.58,33,32,2787,1,2.61,1,1.86,3,3,36,9,2.78,874,1091,80.11,36,79,45.57,26,251,24,51,18,42,42.86,56,10,17.86,1588,383,13,148,30,98,47.57,14,35,28.57,112,43.92,60,27,45.0,30,38,11,4,0,1,22,35,21,3,0,0,0,0,5,51,0,0,48,3,0,0,0,0,0,0,0
1000228,Youri Baas,Ajax,youri baas,7.18,31,31,2760,4,1.72,1,1.13,3,1,15,7,26.67,2124,2298,92.43,77,156,49.36,9,239,50,98,10,19,52.63,2,1,50.0,2767,228,2,140,10,104,63.41,45,47,48.91,149,58.2,57,34,59.65,35,137,1,31,0,0,16,27,37,2,1,0,0,0,9,38,0,0,34,4,0,0,0,0,0,0,0
106154,Mawouna Amevor,Volendam,mawouna amevor,6.73,32,32,2759,1,1.01,1,0.55,1,0,12,2,8.33,1072,1242,86.31,72,152,47.37,8,95,41,80,2,2,100.0,3,0,0.0,1615,189,1,95,3,39,46.99,69,52,57.02,108,52.94,26,12,46.15,36,167,2,39,1,0,10,34,11,3,1,0,0,0,3,46,0,0,41,5,0,0,0,0,0,0,0
1145982,Wouter Goes,AZ Alkmaar,wouter goes,7.0,33,32,2757,1,1.43,0,1.16,0,0,6,4,16.67,1688,1900,88.84,103,216,47.69,10,251,79,148,7,9,77.78,4,0,0.0,2290,243,3,138,4,81,65.85,37,27,57.81,118,63.1,38,21,55.26,36,125,1,28,0,0,14,25,38,9,0,0,0,0,8,44,0,0,36,8,0,0,0,0,0,0,0
35208,Tjaronn Chery,NEC Nijmegen,tjaronn chery,6.98,33,33,2755,10,9.76,6,6.04,10,7,107,45,9.35,934,1103,84.68,32,60,53.33,60,430,25,61,21,40,52.5,160,43,26.88,1629,400,23,115,25,58,45.67,4,9,30.77,62,44.29,8,2,25.0,5,9,35,2,1,0,10,19,30,3,1,0,0,0,3,49,0,0,42,7,0,0,0,0,0,0,0
996982,Yannick Leliendal,Volendam,yannick leliendal,6.84,32,31,2746,1,0.82,1,2.89,3,0,25,8,4.0,988,1210,81.65,63,140,45.0,26,242,29,81,28,49,57.14,53,10,18.87,2066,419,7,160,41,172,59.11,26,21,55.32,198,58.58,86,52,60.47,40,114,8,12,0,3,37,20,58,6,0,0,0,0,1,52,0,0,47,5,0,0,0,0,0,0,0
1096511,Maximilien Balard,NAC Breda,maximilien balard,6.85,32,32,2736,0,0.71,1,2.1,2,0,16,1,0.0,1111,1301,85.4,44,84,52.38,23,299,40,69,11,23,47.83,3,0,0.0,1671,252,10,143,18,107,57.22,26,26,50.0,133,55.65,59,23,38.98,32,52,9,8,0,1,19,34,38,3,1,0,0,0,4,52,0,0,50,2,0,0,0,0,0,0,0
1470010,Dies Janse,Groningen,dies janse,7.14,31,30,2724,2,1.36,2,2.53,5,2,14,5,14.29,1451,1678,86.47,95,199,47.74,17,159,49,108,10,12,83.33,5,4,80.0,2075,261,3,93,4,76,61.79,53,42,55.79,129,59.17,36,21,58.33,33,151,4,24,0,0,7,35,31,6,0,0,0,0,10,36,0,0,30,6,0,0,0,0,0,0,0
1146623,Younes Taha,Groningen,younes taha,6.86,33,33,2698,5,7.22,9,8.0,19,12,96,39,5.21,498,684,72.81,38,61,62.3,75,257,20,41,30,84,35.71,229,60,26.2,1458,573,16,80,54,92,34.59,10,38,20.83,102,32.48,43,25,58.14,11,9,26,0,0,0,36,31,19,6,0,0,0,0,1,41,0,0,35,6,0,0,0,0,0,0,0
1149146,Mika Godts,Ajax,mika godts,7.78,32,30,2686,17,10.93,12,9.27,14,8,80,39,21.25,911,1139,79.98,52,76,68.42,78,416,53,92,85,182,46.7,86,17,19.77,1837,543,24,120,51,156,45.22,12,21,36.36,168,44.44,27,18,66.67,12,7,14,3,0,2,23,19,44,2,0,0,0,0,4,38,0,0,35,3,0,0,0,0,0,0,0
927155,Simon Graves,Zwolle,simon graves,6.8,32,30,2681,0,1.77,2,1.26,2,3,9,1,0.0,1425,1693,84.17,89,228,39.04,7,124,38,103,5,6,83.33,1,0,0.0,2146,291,2,116,3,48,50.53,76,56,57.58,124,54.63,27,17,62.96,33,241,1,39,1,5,9,35,18,5,0,0,0,0,6,56,0,0,49,7,0,0,0,0,0,0,0
1015627,Jacob Trenskow,Heerenveen,jacob trenskow,7.16,33,32,2678,12,8.91,5,8.58,10,7,84,37,14.29,724,867,83.51,21,36,58.33,68,351,28,45,23,57,40.35,117,21,17.95,1397,376,19,112,37,59,38.31,11,28,28.21,70,36.27,23,17,73.91,20,37,30,2,0,0,11,13,13,0,0,0,0,0,3,42,0,0,32,10,0,0,0,0,0,0,0
1523582,Nick Verschuren,Volendam,nick verschuren,6.83,31,30,2676,0,0.82,1,0.31,0,1,12,3,0.0,1202,1341,89.63,57,112,50.89,7,78,27,47,5,6,83.33,2,2,100.0,1764,169,0,73,3,46,51.69,68,51,57.14,114,54.81,28,18,64.29,40,168,2,53,0,1,9,33,13,7,0,0,0,0,3,47,0,0,41,6,0,0,0,0,0,0,0
1384483,Irakli Yegoian,Excelsior,irakli yegoian,6.99,31,30,2675,5,4.32,2,3.58,4,2,54,14,9.26,851,1021,83.35,63,104,60.58,37,240,37,68,38,75,50.67,35,11,31.43,1584,344,20,180,38,127,52.05,25,29,46.3,152,51.01,53,30,56.6,33,29,17,11,0,2,23,22,36,2,0,0,0,0,4,46,0,0,40,6,0,0,0,0,0,0,0
989882,Ramiz Zerrouki,Twente,ramiz zerrouki,7.21,32,32,2667,3,1.5,1,4.04,4,1,33,8,9.09,1391,1666,83.49,139,223,62.33,44,495,103,167,15,21,71.43,84,24,28.57,2142,394,13,151,16,98,52.97,46,43,51.69,144,52.55,63,36,57.14,41,69,11,9,0,0,25,41,21,2,1,0,0,0,5,34,0,0,27,7,0,0,0,0,0,0,0
1126966,Gyan de Regt,Excelsior,gyan de regt,6.74,34,31,2662,3,4.7,7,7.43,15,10,41,16,7.32,517,721,71.71,26,60,43.33,54,184,20,49,23,58,39.66,192,49,25.52,1270,476,12,97,19,68,37.99,27,35,43.55,95,39.42,22,12,54.55,10,28,9,2,0,1,25,33,23,3,0,0,0,0,5,50,0,0,43,7,0,0,0,0,0,0,0
876233,Thijs Oosting,Zwolle,thijs oosting,6.78,34,34,2652,6,7.33,3,4.36,7,10,52,25,11.54,627,837,74.91,31,69,44.93,27,195,35,77,9,24,37.5,53,12,22.64,1304,360,19,108,19,77,40.31,20,28,41.67,97,40.59,45,31,68.89,29,74,9,5,0,1,47,34,23,3,0,0,0,0,2,55,0,0,45,10,0,0,0,0,0,0,0
1394147,Sami Ouaissa,NEC Nijmegen,sami ouaissa,7.03,32,32,2644,6,5.3,6,8.6,13,3,62,22,9.68,660,820,80.49,29,47,61.7,56,355,21,38,54,103,52.43,101,20,19.8,1496,443,22,132,45,133,46.67,26,30,46.43,159,46.63,33,25,75.76,13,29,16,1,0,1,23,41,46,5,1,0,0,0,3,48,0,0,41,7,0,0,0,0,0,0,0
942213,Tsuyoshi Watanabe,Feyenoord,tsuyoshi watanabe,7.08,30,30,2637,2,2.74,0,1.92,2,2,23,10,8.7,1611,1809,89.05,76,151,50.33,13,235,41,77,10,12,83.33,4,1,25.0,2185,230,2,120,1,58,64.44,94,67,58.39,152,60.56,33,20,60.61,27,148,4,22,1,0,10,22,15,1,0,0,0,0,7,37,0,0,27,10,0,0,0,0,0,0,0
302690,Danny Bakker,Telstar,danny bakker,7.01,30,29,2636,4,3.3,2,2.6,3,7,31,8,12.9,1268,1512,83.86,78,166,46.99,15,236,59,109,9,15,60.0,11,2,18.18,2008,286,7,94,3,78,56.52,97,78,55.43,175,55.91,43,27,62.79,27,176,9,24,0,3,22,31,26,0,0,0,0,0,4,45,0,0,39,6,0,0,0,0,0,0,0
918484,Ivan Mesík,Heracles Almelo,ivan mesik,6.35,30,30,2633,2,1.95,0,2.43,2,2,24,7,8.33,744,944,78.81,57,131,43.51,15,123,31,73,9,19,47.37,43,8,18.6,1523,298,4,108,8,71,46.1,28,27,50.91,99,47.37,44,27,61.36,27,141,6,16,0,1,10,56,18,7,0,0,0,0,2,76,0,0,68,8,0,0,0,0,0,0,0
913584,Joshua Kitolano,Sparta R.,joshua kitolano,6.92,32,30,2631,5,2.97,2,3.11,2,2,28,11,17.86,699,861,81.18,28,59,47.46,35,195,23,42,26,47,55.32,11,2,18.18,1324,284,13,155,30,123,54.19,16,31,34.04,139,50.73,47,27,57.45,23,43,5,11,1,2,28,28,52,3,0,0,0,0,5,57,0,0,47,10,0,0,0,0,0,0,0
1195719,Bernt Klaverboer,Heerenveen,bernt klaverboer,6.88,29,29,2610,0,,0,0.13,0,0,0,0,0.0,689,1153,59.76,207,663,31.22,2,60,30,77,3,3,100.0,0,0,0.0,1476,468,0,279,0,8,100.0,8,0,100.0,16,100.0,0,0,0.0,0,32,0,0,4,2,0,0,4,2,0,117,1,26,5,44,65,49,36,8,20,9,9,23,0,3,0
909960,Mathis Suray,Go Ahead Eagles,mathis suray,6.83,32,32,2602,12,10.67,2,1.93,4,13,63,31,19.05,526,669,78.62,15,40,37.5,19,215,16,40,18,34,52.94,52,7,13.46,1068,290,12,91,33,64,38.79,9,31,22.5,73,35.61,27,23,85.19,10,20,11,7,0,1,24,29,19,4,0,0,0,0,4,43,0,0,39,4,0,0,0,0,0,0,0
1132765,Maas Willemsen,Heerenveen,maas willemsen,6.84,30,29,2573,1,2.17,0,0.55,0,2,18,8,5.56,1575,1765,89.24,84,174,48.28,7,140,31,79,18,23,78.26,2,0,0.0,2130,219,5,143,5,58,57.43,62,54,53.45,120,55.3,28,18,64.29,23,132,5,27,0,3,11,23,12,4,0,0,0,0,4,45,0,0,37,8,0,0,0,0,0,0,0
1160026,Kristian Hlynsson,Twente,kristian hlynsson,6.87,33,31,2569,10,10.29,4,3.98,6,7,88,36,11.36,789,971,81.26,22,48,45.83,37,324,27,44,15,44,34.09,28,4,14.29,1405,316,21,121,20,87,45.79,16,30,34.78,103,43.64,35,22,62.86,17,20,31,5,1,0,24,30,37,0,1,0,0,0,1,33,0,0,29,4,0,0,0,0,0,0,0
1121400,Luciano Valente,Feyenoord,luciano valente,6.99,32,30,2555,2,3.47,7,7.52,7,4,41,14,4.88,1170,1390,84.17,48,86,55.81,47,458,37,76,45,90,50.0,52,11,21.15,1926,422,20,187,36,116,46.96,12,15,44.44,128,46.72,45,23,51.11,33,15,17,3,0,2,28,25,26,8,1,0,0,0,6,35,0,0,25,10,0,0,0,0,0,0,0
1218066,Anis Hadj Moussa,Feyenoord,anis hadj moussa,7.45,30,30,2553,11,6.78,6,11.14,16,4,77,32,14.29,602,814,73.96,28,63,44.44,71,322,34,76,77,153,50.33,214,53,24.77,1564,583,31,131,34,137,47.57,7,20,25.93,144,45.71,25,12,48.0,8,10,24,0,1,1,29,15,35,4,1,0,0,0,5,37,0,0,28,9,0,0,0,0,0,0,0
985823,Ayase Ueda,Feyenoord,ayase ueda,7.19,31,31,2533,25,18.93,1,1.67,2,21,102,46,24.51,302,421,71.73,6,16,37.5,21,121,8,17,6,24,25.0,6,3,50.0,846,273,12,41,35,74,50.0,100,86,53.76,174,52.1,12,6,50.0,3,25,17,1,0,0,3,24,60,2,0,0,0,0,3,35,0,0,26,9,0,0,0,0,0,0,0
809408,Etienne Vaessen,Groningen,etienne vaessen,6.91,29,29,2513,0,,1,0.21,1,0,0,0,0.0,794,1218,65.19,277,685,40.44,2,72,82,150,1,1,100.0,0,0,0.0,1481,431,0,315,0,12,80.0,10,2,83.33,22,81.48,2,1,50.0,0,35,0,0,1,2,2,1,11,3,0,69,2,9,8,35,42,27,30,5,7,45,42,16,0,2,0
1048906,Rick Meissen,Excelsior,rick meissen,6.75,33,28,2513,0,1.0,3,0.77,2,2,12,5,0.0,1081,1284,84.19,112,192,58.33,8,101,29,76,2,4,50.0,4,0,0.0,1652,246,4,117,3,46,51.69,44,32,57.89,90,54.55,29,21,72.41,52,111,4,24,2,0,14,25,15,4,0,0,0,0,4,40,0,0,34,6,0,0,0,0,0,0,0
862479,Iván Márquez,Fortuna Sittard,ivan marquez,6.72,32,28,2506,1,1.28,0,0.62,0,2,13,3,7.69,845,983,85.96,41,107,38.32,4,33,10,33,1,1,100.0,0,0,0.0,1409,156,0,60,4,48,55.81,92,42,68.66,140,63.64,36,22,61.11,28,240,1,28,0,1,5,32,12,4,0,0,0,0,3,53,0,0,47,6,0,0,0,0,0,0,0
1046142,Derensili Sanches Fernandes,Excelsior,derensili sanches fernandes,6.9,33,30,2501,6,5.75,3,5.19,7,4,60,20,10.0,715,856,83.53,43,59,72.88,33,261,39,62,66,126,52.38,70,15,21.43,1436,404,15,142,51,119,40.89,10,40,20.0,129,37.83,23,14,60.87,11,17,23,0,0,0,20,42,30,0,0,0,0,0,1,45,0,0,40,5,0,0,0,0,0,0,0
893559,Mees De Wit,AZ Alkmaar,mees de wit,6.75,31,29,2486,3,3.26,5,3.02,7,3,20,11,15.0,1090,1315,82.89,76,150,50.67,30,310,56,110,17,26,65.38,38,9,23.68,1900,321,4,106,15,91,51.7,34,34,50.0,125,51.23,63,33,52.38,28,82,4,9,0,3,34,31,12,9,0,0,0,0,4,45,0,0,38,7,0,0,0,0,0,0,0
966299,Teo Quintero,Sparta R.,teo quintero,6.91,31,27,2475,1,1.88,1,1.01,0,2,28,6,3.57,980,1178,83.19,77,157,49.04,16,186,43,90,15,22,68.18,35,6,17.14,1833,301,2,88,15,96,56.47,68,50,57.63,164,56.94,64,39,60.94,36,153,9,31,0,2,20,35,18,7,1,0,0,0,10,43,0,0,39,4,0,0,0,0,0,0,0
992018,Ringo Meerveld,Heerenveen,ringo meerveld,6.94,30,29,2441,6,6.66,3,6.49,8,8,54,19,11.11,666,819,81.32,27,51,52.94,41,268,24,52,47,81,58.02,26,12,46.15,1215,288,24,124,34,92,50.0,14,20,41.18,106,48.62,23,17,73.91,9,14,17,0,0,0,11,14,22,1,0,0,0,0,1,41,0,0,33,8,0,0,0,0,0,0,0
1132766,Philip Brittijn,Fortuna Sittard,philip brittijn,6.85,32,28,2415,4,2.02,1,0.58,0,1,16,6,25.0,677,845,80.12,33,81,40.74,13,128,28,54,6,13,46.15,4,1,25.0,1229,220,3,111,11,94,52.22,31,36,46.27,125,50.61,71,44,61.97,45,54,7,14,0,1,28,42,17,10,0,0,0,0,2,46,0,0,40,6,0,0,0,0,0,0,0
827662,Mitchell Van Bergen,Sparta R.,mitchell van bergen,6.83,30,30,2400,3,5.53,4,5.68,11,6,65,21,4.62,513,648,79.17,13,23,56.52,40,188,17,36,36,89,40.45,190,38,20.0,1207,427,12,80,22,62,39.49,2,6,25.0,64,38.79,14,6,42.86,7,19,23,2,0,0,14,6,12,1,0,0,0,0,7,39,0,0,30,9,0,0,0,0,0,0,0
910053,Arthur Zagre,Excelsior,arthur zagre,6.7,30,27,2386,4,3.78,2,1.67,4,3,26,9,15.38,913,1087,83.99,56,114,49.12,17,204,36,73,32,53,60.38,42,8,19.05,1718,323,8,164,19,102,55.74,8,10,44.44,110,54.73,53,33,62.26,31,45,11,10,0,1,11,32,17,5,1,0,0,0,3,44,0,0,39,5,0,0,0,0,0,0,0
844234,Jerdy Schouten,PSV,jerdy schouten,7.1,28,28,2381,1,1.13,2,2.4,1,0,19,6,5.26,1806,1981,91.17,56,88,63.64,24,429,33,45,16,23,69.57,4,0,0.0,2338,231,7,160,14,74,53.62,33,34,49.25,107,52.2,44,23,52.27,50,68,2,10,1,3,12,31,15,2,1,0,0,0,6,33,0,0,25,8,0,0,0,0,0,0,0
850816,Joey Veerman,PSV,joey veerman,7.89,30,27,2370,8,2.34,14,9.69,27,1,34,14,23.53,1691,1961,86.23,126,215,58.6,95,691,79,157,13,24,54.17,193,60,31.09,2509,459,12,128,14,85,53.13,24,11,68.57,109,55.9,58,38,65.52,26,54,9,12,2,0,33,17,14,4,0,0,0,0,3,33,0,0,25,8,0,0,0,0,0,0,0
1048430,Daan Rots,Twente,daan rots,7.01,33,28,2368,9,6.8,4,7.54,11,5,66,30,13.64,636,867,73.36,30,64,46.88,52,344,32,72,27,78,34.62,100,21,21.0,1478,485,20,99,49,121,41.72,35,56,38.46,156,40.94,48,27,56.25,11,24,18,2,0,0,41,28,47,5,0,0,0,0,3,28,0,0,24,4,0,0,0,0,0,0,0
847072,Sam Kersten,Heerenveen,sam kersten,6.81,31,27,2367,1,0.47,0,0.57,1,1,10,3,10.0,1172,1331,88.05,62,134,46.27,9,120,36,71,3,5,60.0,0,0,0.0,1695,181,2,101,6,55,57.29,46,35,56.79,101,57.06,41,31,75.61,26,163,5,14,1,4,8,26,11,5,0,0,0,0,3,39,0,0,30,9,0,0,0,0,0,0,0
899644,Ilias Bronkhorst,Excelsior,ilias bronkhorst,6.8,33,26,2356,2,0.86,0,2.38,1,1,13,4,15.38,839,1123,74.71,69,141,48.94,34,190,32,82,7,16,43.75,76,15,19.74,1814,496,3,132,8,75,53.57,71,37,65.74,146,58.87,46,26,56.52,27,85,2,10,1,1,19,30,22,6,0,0,0,0,3,41,0,0,37,4,0,0,0,0,0,0,0
980671,Sven Mijnans,AZ Alkmaar,sven mijnans,7.2,30,27,2350,11,11.73,6,8.2,11,12,84,36,13.1,902,1103,81.78,36,67,53.73,54,335,48,88,17,44,38.64,83,20,24.1,1607,379,16,106,33,76,44.44,15,24,38.46,91,43.33,34,16,47.06,16,29,24,5,1,1,21,15,25,1,0,0,0,0,7,42,0,0,35,7,0,0,0,0,0,0,0
1048487,Noah Naujoks,Excelsior,noah naujoks,6.8,31,29,2334,10,8.78,1,1.59,4,12,64,24,15.63,457,648,70.52,14,35,40.0,30,163,15,31,18,45,40.0,13,0,0.0,1085,312,10,81,18,98,44.14,56,70,44.44,154,44.25,50,21,42.0,21,28,12,6,0,0,32,47,30,3,0,0,0,0,1,43,0,0,38,5,0,0,0,0,0,0,0
1150154,Nils Rossen,Telstar,nils rossen,6.88,28,26,2330,3,0.92,1,1.6,1,0,9,4,33.33,692,811,85.33,54,80,67.5,14,179,24,42,7,13,53.85,2,0,0.0,1085,168,13,129,13,63,56.25,16,22,42.11,79,52.67,29,16,55.17,26,42,4,13,0,0,10,22,27,0,0,0,0,0,4,41,0,0,37,4,0,0,0,0,0,0,0
1627623,Marcus Linday,Heerenveen,marcus linday,6.96,32,27,2321,1,1.69,2,2.81,3,1,18,2,5.56,1048,1224,85.62,25,53,47.17,25,292,30,59,15,29,51.72,4,1,25.0,1596,241,17,128,13,129,61.14,26,25,50.98,155,59.16,79,47,59.49,25,41,8,5,0,1,24,31,36,6,0,0,0,0,3,41,0,0,31,10,0,0,0,0,0,0,0
897603,Darko Nejašmić,NEC Nijmegen,darko nejasmic,7.26,29,26,2311,4,1.72,1,3.24,4,1,27,12,14.81,1115,1346,82.84,85,152,55.92,20,332,65,106,16,26,61.54,15,3,20.0,1797,308,9,171,14,104,57.14,67,55,54.92,171,56.25,64,44,68.75,28,79,5,14,0,1,32,23,25,3,0,0,0,0,2,38,0,0,35,3,0,0,0,0,0,0,0
1469336,Tyrese Noslin,Telstar,tyrese noslin,6.82,34,26,2306,2,2.95,3,2.57,6,6,39,17,5.13,459,657,69.86,43,112,38.39,18,142,16,38,18,60,30.0,68,15,22.06,1445,416,14,118,23,126,51.01,18,19,48.65,144,50.7,61,43,70.49,35,78,10,12,0,3,26,35,48,5,0,0,0,0,2,40,0,0,36,4,0,0,0,0,0,0,0
1066319,Patrick Brouwer,Telstar,patrick brouwer,7.0,30,28,2298,7,8.48,6,5.54,8,12,51,22,13.73,393,559,70.3,20,39,51.28,35,184,9,23,16,38,42.11,32,1,3.13,952,303,12,92,26,84,45.41,20,29,40.82,104,44.44,36,25,69.44,18,23,10,3,0,2,29,25,32,2,0,0,0,0,1,38,0,0,33,5,0,0,0,0,0,0,0
827103,Marco Rente,Groningen,marco rente,7.04,29,28,2278,3,2.56,4,3.54,2,2,20,8,15.0,628,857,73.28,45,108,41.67,37,199,32,62,14,24,58.33,63,16,25.4,1445,353,5,85,4,68,58.12,91,48,65.47,159,62.11,43,29,67.44,28,96,5,9,0,1,18,17,11,2,1,0,0,0,6,29,0,0,24,5,0,0,0,0,0,0,0
47753,Bryan Linssen,NEC Nijmegen,bryan linssen,6.9,32,31,2251,11,11.95,7,4.03,4,16,70,32,15.71,278,404,68.81,7,18,38.89,40,153,9,26,6,15,40.0,23,6,26.09,712,207,14,42,10,46,41.07,48,63,43.24,94,42.15,27,21,77.78,10,16,12,2,0,0,15,35,13,6,0,0,0,0,0,38,0,0,34,4,0,0,0,0,0,0,0
845798,Guus Til,PSV,guus til,6.9,29,25,2248,14,9.84,4,4.83,6,10,61,27,22.95,544,655,83.05,2,7,28.57,43,248,3,9,3,18,16.67,26,6,23.08,980,232,15,58,26,52,41.27,32,36,47.06,84,43.3,29,13,44.83,2,22,15,1,0,0,7,28,20,2,0,0,0,0,3,31,0,0,22,9,0,0,0,0,0,0,0
788284,Ajdin Hrustić,Heracles Almelo,ajdin hrustic,6.82,27,25,2222,1,2.8,6,6.92,17,2,36,12,2.78,797,995,80.1,49,103,47.57,55,263,47,111,20,54,37.04,182,52,28.57,1499,432,10,103,16,85,49.13,7,17,29.17,92,46.7,33,18,54.55,8,15,10,7,3,1,16,25,32,5,0,0,0,0,2,60,0,0,52,8,0,0,0,0,0,0,0
38710,Ivan Perišić,PSV,ivan perisic,7.23,30,27,2218,7,4.97,12,7.87,18,5,54,19,12.96,713,929,76.75,46,74,62.16,53,285,33,59,15,31,48.39,171,44,25.73,1489,421,15,80,11,58,42.34,44,24,64.71,102,49.76,36,23,63.89,26,45,16,4,0,0,27,27,7,5,0,0,0,0,1,30,0,0,24,6,0,0,0,0,0,0,0
152414,Mike Van der Hoorn,Utrecht,mike van der hoorn,7.05,29,26,2213,2,1.57,0,1.23,1,0,12,5,16.67,1169,1372,85.2,129,228,56.58,11,133,91,148,2,4,50.0,1,0,0.0,1720,222,0,75,4,48,53.33,77,51,60.16,125,57.34,27,14,51.85,25,156,2,18,0,1,9,30,19,1,0,0,0,0,7,28,0,0,25,3,0,0,0,0,0,0,0
116947,Bruno Martins Indi,Sparta R.,bruno martins indi,6.95,27,26,2211,1,1.02,0,1.0,0,1,9,6,11.11,1217,1353,89.95,86,155,55.48,6,138,54,102,0,2,0.0,6,2,33.33,1683,149,1,96,1,44,57.14,56,30,65.12,100,61.35,21,12,57.14,28,163,3,20,0,0,2,30,24,5,1,0,0,0,7,42,0,0,33,9,0,0,0,0,0,0,0
825899,Anel Ahmedhodžić,Feyenoord,anel ahmedhodzic,6.81,26,26,2210,0,1.3,1,1.67,0,2,15,1,0.0,1328,1459,91.02,33,77,42.86,13,203,15,36,2,7,28.57,1,0,0.0,1775,156,5,104,4,45,53.57,65,39,62.5,110,58.51,26,15,57.69,36,123,6,15,1,2,2,30,17,5,1,0,0,0,6,35,0,0,26,9,0,0,0,0,0,0,0
966555,Troy Parrott,AZ Alkmaar,troy parrott,7.01,28,25,2206,16,17.45,4,3.33,6,25,88,43,18.18,399,528,75.57,11,15,73.33,25,184,9,19,14,28,50.0,8,1,12.5,887,247,12,60,25,69,48.94,44,76,36.67,113,43.3,24,12,50.0,5,18,17,2,0,1,15,18,31,3,0,0,0,0,1,37,0,0,30,7,0,0,0,0,0,0,0
906021,Sergiño Dest,PSV,sergino dest,7.0,27,26,2204,1,0.84,5,4.44,10,0,14,5,7.14,1212,1346,90.04,19,35,54.29,28,437,11,22,42,86,48.84,55,10,18.18,1995,341,11,152,24,130,57.02,20,22,47.62,150,55.56,52,30,57.69,13,28,2,6,0,1,16,17,36,5,0,0,0,0,4,31,0,0,23,8,0,0,0,0,0,0,0
945233,Thomas Van den Belt,Twente,thomas van den belt,6.85,32,27,2191,5,7.77,1,2.68,1,7,56,18,8.93,848,1058,80.15,38,73,52.05,33,267,30,53,10,21,47.62,9,1,11.11,1450,294,18,124,16,68,48.57,39,37,51.32,107,49.54,44,31,70.45,30,46,18,6,0,0,19,26,14,5,0,0,0,0,3,22,0,0,18,4,0,0,0,0,0,0,0
591044,Dimitris Limnios,Fortuna Sittard,dimitris limnios,6.79,34,28,2187,2,2.58,6,4.58,9,3,25,11,8.0,515,655,78.63,21,44,47.73,45,192,16,30,16,41,39.02,79,26,32.91,1123,292,9,102,24,87,50.29,18,46,28.13,105,44.3,38,18,47.37,10,25,6,2,0,0,22,16,34,1,0,0,0,0,1,39,0,0,35,4,0,0,0,0,0,0,0
1481354,Precious Ugwu,Volendam,precious ugwu,6.52,29,24,2171,0,0.59,0,1.23,2,0,12,2,0.0,609,719,84.7,27,64,42.19,8,131,12,29,8,24,33.33,24,3,12.5,1236,232,6,89,22,86,48.31,23,23,50.0,109,48.66,59,42,71.19,10,69,6,9,0,0,25,29,19,2,0,0,0,0,2,36,0,0,33,3,0,0,0,0,0,0,0
1418395,Neville Nwankwo,Telstar,neville nwankwo,6.48,28,26,2166,0,1.37,1,0.64,1,1,11,2,0.0,686,819,83.76,37,75,49.33,5,85,16,35,8,15,53.33,4,0,0.0,1201,186,3,120,6,56,50.91,51,61,45.54,107,48.2,39,23,58.97,33,107,2,8,0,4,14,27,10,3,0,0,0,0,3,37,0,0,31,6,0,0,0,0,0,0,0
146871,Mattijs Branderhorst,Fortuna Sittard,mattijs branderhorst,7.0,24,24,2160,0,,0,0.22,0,0,0,0,0.0,354,817,43.33,210,673,31.2,2,66,6,16,1,1,100.0,0,0,0.0,1038,471,0,273,0,3,60.0,11,2,84.62,14,77.78,2,1,50.0,1,19,0,0,2,0,1,1,0,3,0,94,1,25,3,42,62,31,37,5,10,11,10,34,2,2,1
333571,Ryan Thomas,Zwolle,ryan thomas,7.09,27,27,2157,1,0.56,1,2.38,1,0,14,2,7.14,824,1020,80.78,62,121,51.24,14,188,49,88,21,34,61.76,10,1,10.0,1492,280,8,129,15,115,55.83,35,28,55.56,150,55.76,60,38,63.33,49,98,7,13,0,4,28,36,34,7,0,0,0,0,4,41,0,0,35,6,0,0,0,0,0,0,0
974203,Alec Van Hoorenbeeck,Heracles Almelo,alec van hoorenbeeck,6.7,24,24,2156,2,2.7,0,0.53,0,2,17,4,11.76,997,1160,85.95,59,142,41.55,7,87,28,47,5,9,55.56,6,3,50.0,1504,185,2,89,1,43,56.58,56,38,59.57,99,58.24,24,17,70.83,28,154,4,24,1,0,11,19,14,5,0,0,0,0,2,55,0,0,48,7,0,0,0,0,0,0,0
855854,Dani De Wit,Utrecht,dani de wit,6.9,27,24,2155,7,5.21,3,1.74,3,6,33,15,21.21,565,776,72.81,11,31,35.48,23,152,27,45,4,11,36.36,4,1,25.0,1122,276,12,73,15,86,49.14,105,70,60.0,191,54.57,50,28,56.0,18,43,3,7,0,1,21,48,33,7,0,0,0,0,5,26,0,0,21,5,0,0,0,0,0,0,0
1200962,Sondre Ørjasæter,Twente,sondre orjasaeter,7.08,30,28,2154,3,4.44,6,8.41,8,3,63,20,4.76,556,703,79.09,20,29,68.97,63,334,18,37,57,106,53.77,72,15,20.83,1189,361,22,89,35,93,44.71,15,28,34.88,108,43.03,18,12,66.67,6,5,23,2,0,1,20,11,18,2,0,0,0,0,0,26,0,0,22,4,0,0,0,0,0,0,0
1063767,Ismael Saibari,PSV,ismael saibari,7.2,27,26,2145,15,12.95,8,7.41,11,21,91,37,16.48,846,999,84.68,22,43,51.16,53,365,12,30,48,85,56.47,18,2,11.11,1482,337,16,94,38,101,47.64,15,18,45.45,116,47.35,33,18,54.55,9,8,15,2,0,3,14,25,21,2,0,0,0,0,2,32,0,0,25,7,0,0,0,0,0,0,0
1184317,Yarek Gasiorowski,PSV,yarek gasiorowski,7.07,28,25,2144,3,2.27,2,0.48,1,3,13,8,23.08,1407,1534,91.72,50,100,50.0,5,133,25,53,4,8,50.0,0,0,0.0,1852,146,1,59,1,40,59.7,56,31,64.37,96,62.34,27,17,62.96,35,123,2,20,2,0,7,16,9,0,0,0,0,0,5,28,0,0,18,10,0,0,0,0,0,0,0
970860,Lucas Rosa,Ajax,lucas rosa,6.81,27,24,2144,0,1.2,0,0.87,0,1,16,5,0.0,1101,1245,88.43,36,76,47.37,8,201,27,42,19,39,48.72,25,3,12.0,1794,226,4,113,5,113,62.78,19,26,42.22,132,58.67,66,40,60.61,39,87,4,14,1,0,14,31,28,4,0,0,0,0,8,26,0,0,24,2,0,0,0,0,0,0,0
922018,Peer Koopmeiners,AZ Alkmaar,peer koopmeiners,6.89,29,24,2140,2,1.84,0,2.02,5,2,31,9,6.45,845,1023,82.6,52,90,57.78,27,222,31,74,7,20,35.0,63,12,19.05,1468,293,8,106,10,91,51.12,47,52,47.47,138,49.82,78,46,58.97,25,77,9,12,0,1,27,38,6,5,0,0,0,0,5,36,0,0,29,7,0,0,0,0,0,0,0
1405756,Kees Smit,AZ Alkmaar,kees smit,6.99,26,23,2138,3,2.54,3,4.82,6,1,38,10,7.89,1065,1209,88.09,41,69,59.42,37,375,33,58,21,49,42.86,23,5,21.74,1600,274,19,132,37,92,45.32,9,21,30.0,101,43.35,38,25,65.79,15,18,14,6,0,2,14,34,33,5,0,0,0,0,4,36,0,0,31,5,0,0,0,0,0,0,0
825843,Dylan Vente,Heerenveen,dylan vente,6.43,30,23,2126,7,10.57,2,1.71,3,10,66,26,10.61,328,490,66.94,9,25,36.0,23,149,10,28,3,14,21.43,8,3,37.5,778,245,9,46,15,34,38.64,54,100,35.06,88,36.36,13,7,53.85,4,39,19,1,0,0,6,23,18,1,0,0,0,0,0,36,0,0,30,6,0,0,0,0,0,0,0
1048758,Jasper Dahlhaus,Fortuna Sittard,jasper dahlhaus,6.48,26,25,2120,0,0.46,1,1.17,3,0,13,3,0.0,607,771,78.73,28,105,26.67,15,147,17,45,18,38,47.37,47,9,19.15,1380,306,6,123,11,79,50.97,30,32,48.39,109,50.23,47,22,46.81,50,81,3,6,1,1,20,27,14,5,0,0,0,0,3,41,0,0,35,6,0,0,0,0,0,0,0
1090328,Stije Resink,Groningen,stije resink,7.23,24,24,2090,5,5.7,5,3.02,2,2,55,12,9.09,964,1156,83.39,48,90,53.33,20,264,43,87,36,69,52.17,21,5,23.81,1618,304,18,141,26,127,54.27,37,15,71.15,164,57.34,60,37,61.67,22,41,18,9,0,1,24,24,31,5,0,0,0,0,7,31,0,0,28,3,0,0,0,0,0,0,0
893499,Mauro Júnior,PSV,mauro junior,7.15,26,24,2086,1,1.6,9,4.94,13,0,22,8,4.55,1386,1548,89.53,58,88,65.91,35,408,25,44,24,42,57.14,29,10,34.48,2063,273,14,166,14,99,58.93,15,17,46.88,114,57.0,60,41,68.33,38,50,8,5,0,7,22,16,15,2,0,0,0,0,3,27,0,0,20,7,0,0,0,0,0,0,0
1193676,Başar Önal,NEC Nijmegen,basar onal,6.96,29,25,2071,7,4.14,7,6.57,10,4,48,20,14.58,545,702,77.64,23,45,51.11,47,282,21,48,45,114,39.47,128,27,21.09,1296,448,17,110,35,98,40.5,20,30,40.0,118,40.41,24,16,66.67,11,10,16,1,0,0,22,20,29,4,0,0,0,0,0,36,0,0,30,6,0,0,0,0,0,0,0
1878212,David van der Werff,Groningen,david van der werff,6.82,34,26,2063,3,5.43,2,4.66,12,7,55,24,5.45,544,735,74.01,27,55,49.09,44,255,16,41,16,44,36.36,94,26,27.66,1144,339,8,71,9,72,52.17,17,24,41.46,89,49.72,46,24,52.17,12,23,18,0,0,1,15,14,10,2,0,0,0,0,2,28,0,0,24,4,0,0,0,0,0,0,0
1014408,Maxence Rivera,Heerenveen,maxence rivera,6.71,30,24,2059,4,5.78,4,3.92,7,5,71,28,5.63,473,622,76.05,17,39,43.59,32,241,12,37,47,105,44.76,86,11,12.79,1159,394,15,84,31,99,42.49,4,31,11.43,103,38.43,34,11,32.35,11,13,22,2,0,0,21,26,18,5,0,0,0,0,1,37,0,0,29,8,0,0,0,0,0,0,0
1144138,Jordan Bos,Feyenoord,jordan bos,7.16,28,24,2058,4,2.27,7,3.95,9,2,38,14,10.53,843,984,85.67,16,36,44.44,37,270,13,23,37,72,51.39,78,21,26.92,1699,350,7,109,31,119,53.6,52,30,63.41,171,56.25,69,47,68.12,24,66,11,7,0,1,16,21,16,0,0,0,0,0,5,32,0,0,24,8,0,0,0,0,0,0,0
1145999,Rome Jayden Owusu-Oduro,AZ Alkmaar,rome jayden owusu-oduro,7.02,23,23,2052,0,,1,0.09,0,0,0,0,0.0,403,667,60.42,131,389,33.68,2,35,30,48,2,2,100.0,0,0,0.0,888,268,0,205,1,4,57.14,3,2,60.0,7,58.33,0,0,0.0,0,24,0,0,4,0,1,1,3,1,0,71,0,15,6,36,47,20,31,5,11,10,10,21,0,3,0
1121402,Tika de Jonge,Groningen,tika de jonge,6.74,28,25,2051,3,2.12,1,2.18,4,1,30,9,10.0,621,794,78.21,38,83,45.78,22,159,27,53,16,34,47.06,34,11,32.35,1156,260,10,60,14,72,47.68,12,20,37.5,84,45.9,50,21,42.0,24,44,8,3,0,4,30,18,6,3,0,0,0,0,4,29,0,0,25,4,0,0,0,0,0,0,0
1064177,Ahmetcan Kaplan,NEC Nijmegen,ahmetcan kaplan,6.93,25,23,2050,1,1.87,0,0.7,0,2,20,8,5.0,998,1148,86.93,45,95,47.37,10,158,27,53,20,27,74.07,12,1,8.33,1648,213,7,117,10,110,61.8,74,55,57.36,184,59.93,48,31,64.58,23,128,6,14,0,2,17,36,43,10,0,0,0,0,1,42,0,0,35,7,0,0,0,0,0,0,0
78730,Ivo Pinto,Fortuna Sittard,ivo pinto,6.5,28,24,2047,0,0.06,5,2.38,4,0,4,0,0.0,556,747,74.43,35,123,28.46,22,181,25,65,16,28,57.14,62,17,27.42,1269,339,9,113,18,80,54.42,13,13,50.0,93,53.76,48,34,70.83,13,70,0,5,1,0,19,18,16,3,1,0,0,0,1,44,0,0,39,5,0,0,0,0,0,0,0
1157777,Jochem Ritmeester van de Kamp,Telstar,jochem ritmeester van de kamp,7.11,28,23,2044,7,2.95,1,1.91,3,1,22,12,31.82,513,642,79.91,22,35,62.86,34,196,23,32,12,18,66.67,45,8,17.78,995,221,14,89,9,79,58.96,20,23,46.51,99,55.93,41,23,56.1,26,38,6,4,0,0,21,19,27,4,0,0,0,0,0,38,0,0,34,4,0,0,0,0,0,0,0
1087931,Isak Steiner Jensen,AZ Alkmaar,isak steiner jensen,6.86,33,23,2044,2,3.35,4,4.76,9,4,35,9,5.71,583,706,82.58,17,40,42.5,41,210,9,24,59,96,61.46,79,28,35.44,1201,304,17,107,38,108,50.94,26,44,37.14,134,47.52,24,15,62.5,9,21,16,0,0,0,15,14,27,0,0,0,0,0,4,28,0,0,25,3,0,0,0,0,0,0,0
1029724,Jakob Breum,Go Ahead Eagles,jakob breum,7.2,28,24,2042,6,3.43,5,4.51,12,2,33,20,18.18,782,936,83.55,53,89,59.55,53,276,62,106,30,50,60.0,92,29,31.52,1343,306,18,106,16,70,56.45,10,9,52.63,80,55.94,17,13,76.47,9,26,8,11,0,4,10,8,24,1,0,0,0,0,4,35,0,0,31,4,0,0,0,0,0,0,0
1091923,Stav Lemkin,Twente,stav lemkin,6.85,25,23,2040,0,0.42,1,0.74,1,0,7,0,0.0,1159,1282,90.41,54,124,43.55,6,133,15,34,2,4,50.0,3,2,66.67,1579,151,1,92,7,30,48.39,40,33,54.79,70,51.85,20,12,60.0,16,147,3,16,0,2,5,19,9,3,0,0,0,0,7,23,0,0,18,5,0,0,0,0,0,0,0
927605,Kaj de Rooij,Zwolle,kaj de rooij,6.84,32,23,2035,6,3.11,5,3.5,7,3,28,9,21.43,347,476,72.9,12,33,36.36,25,129,10,23,21,46,45.65,17,2,11.76,862,283,18,88,39,109,50.93,42,56,42.86,151,48.4,26,12,46.15,6,14,8,0,0,0,11,32,63,3,0,0,0,0,3,54,0,0,45,9,0,0,0,0,0,0,0
252885,Brandley Kuwas,Volendam,brandley kuwas,6.73,32,23,2024,5,4.94,4,3.29,4,2,40,14,12.5,415,523,79.35,22,35,62.86,36,197,11,29,23,56,41.07,46,11,23.91,975,316,10,79,65,86,40.76,13,38,25.49,99,37.79,18,11,61.11,3,13,10,5,0,1,13,16,45,4,0,0,0,0,0,32,0,0,28,4,0,0,0,0,0,0,0
989586,Shawn Adewoye,Fortuna Sittard,shawn adewoye,6.66,28,24,2022,0,0.19,0,0.18,0,0,4,2,0.0,732,857,85.41,50,110,45.45,3,72,24,53,3,5,60.0,1,0,0.0,1216,161,2,91,7,67,55.83,56,32,63.64,123,59.13,44,30,68.18,36,116,1,23,0,2,10,36,20,6,0,0,0,0,2,42,0,0,38,4,0,0,0,0,0,0,0
1012927,Rio Hillen,NAC Breda,rio hillen,6.71,26,24,2005,0,1.97,1,0.81,1,1,19,6,0.0,966,1132,85.34,61,124,49.19,6,121,36,77,7,15,46.67,7,3,42.86,1532,211,3,117,7,76,59.84,65,38,63.11,141,61.3,51,33,64.71,26,134,1,16,0,3,9,28,18,9,1,0,0,0,3,35,0,0,34,1,0,0,0,0,0,0,0
841420,Victor Edvardsen,Go Ahead Eagles,victor edvardsen,6.66,26,22,1998,4,3.98,7,4.57,6,3,32,13,12.5,360,531,67.8,22,47,46.81,36,173,23,59,7,27,25.93,47,7,14.89,774,289,8,50,15,28,32.56,14,33,29.79,42,31.58,16,10,62.5,1,12,11,1,0,0,6,18,5,4,0,0,0,0,5,30,0,0,30,0,0,0,0,0,0,0,0
855847,Kaj Sierhuis,Fortuna Sittard,kaj sierhuis,6.99,30,25,1997,12,9.42,1,1.49,4,12,78,31,15.38,347,483,71.84,10,23,43.48,25,154,16,28,16,41,39.02,8,3,37.5,853,265,14,60,23,52,39.39,73,74,49.66,125,44.8,11,7,63.64,5,26,16,6,0,0,9,28,26,4,0,0,0,0,0,39,0,0,35,4,0,0,0,0,0,0,0
794014,Luuk Brouwers,Heerenveen,luuk brouwers,6.95,30,21,1953,5,3.7,4,3.35,5,5,35,11,14.29,705,846,83.33,30,42,71.43,26,210,25,44,9,16,56.25,11,2,18.18,1143,203,9,84,14,70,51.47,35,24,59.32,105,53.85,42,22,52.38,14,45,11,1,1,2,20,26,19,2,1,0,0,0,1,35,0,0,30,5,0,0,0,0,0,0,0
946505,Lance Duijvestijn,Fortuna Sittard,lance duijvestijn,6.85,28,21,1950,3,4.68,2,3.82,7,7,46,16,6.52,587,754,77.85,37,60,61.67,31,231,34,69,15,35,42.86,35,11,31.43,1131,281,19,117,24,87,50.0,13,13,50.0,100,50.0,46,29,63.04,15,31,6,2,0,2,30,19,26,3,0,0,0,0,0,37,0,0,33,4,0,0,0,0,0,0,0
929633,Mohamed Ihattaren,Fortuna Sittard,mohamed ihattaren,7.11,28,23,1946,6,5.88,10,5.98,11,1,69,34,8.7,637,813,78.35,46,71,64.79,49,263,46,68,30,60,50.0,125,35,28.0,1284,381,16,85,30,65,44.83,7,17,29.17,72,42.6,14,6,42.86,10,9,25,1,0,0,10,10,21,4,0,0,0,0,0,41,0,0,35,6,0,0,0,0,0,0,0
1135884,Lewis Holtby,NAC Breda,lewis holtby,6.83,30,25,1940,1,2.4,5,4.8,5,3,30,5,3.33,600,759,79.05,32,71,45.07,40,200,25,52,7,16,43.75,76,27,35.53,1129,262,11,72,16,70,51.09,18,30,37.5,88,47.57,46,30,65.22,8,39,9,4,0,2,24,19,17,2,1,0,0,0,2,31,0,0,29,2,0,0,0,0,0,0,0
1095731,Oussama Targhalline,Feyenoord,oussama targhalline,7.22,25,21,1920,2,0.47,4,2.32,4,0,9,3,22.22,935,1086,86.1,25,40,62.5,21,297,24,41,18,26,69.23,2,0,0.0,1399,202,8,130,12,112,65.12,28,29,49.12,140,61.14,66,42,63.64,42,31,2,4,1,1,16,26,28,4,0,0,0,0,5,23,0,0,17,6,0,0,0,0,0,0,0
996992,Matisse Didden,Utrecht,matisse didden,6.85,24,21,1894,2,1.28,0,0.55,0,1,12,5,16.67,904,1106,81.74,85,179,47.49,7,71,25,63,4,5,80.0,3,1,33.33,1425,235,0,75,3,39,47.56,60,31,65.93,99,57.23,27,13,48.15,26,124,1,20,0,4,15,26,8,3,1,0,0,0,5,24,0,0,17,7,0,0,0,0,0,0,0
1105700,Yoann Cathline,Utrecht,yoann cathline,6.93,26,21,1890,3,3.42,4,4.33,9,3,59,16,5.08,347,470,73.83,17,32,53.13,35,176,16,31,38,87,43.68,64,19,29.69,950,330,12,100,49,106,45.69,6,17,26.09,112,43.92,28,18,64.29,11,13,25,0,0,1,10,19,40,4,0,0,0,0,2,21,0,0,16,5,0,0,0,0,0,0,0
1002479,Shunsuke Mito,Sparta R.,shunsuke mito,7.02,25,23,1871,7,6.39,3,2.04,4,5,52,18,13.46,402,523,76.86,16,40,40.0,30,149,7,22,28,63,44.44,57,18,31.58,933,287,15,80,23,88,53.33,10,22,31.25,98,49.75,26,13,50.0,10,16,14,1,0,0,8,12,34,0,0,0,0,0,4,34,0,0,30,4,0,0,0,0,0,0,0
842275,Philippe Sandler,NEC Nijmegen,philippe sandler,6.84,25,23,1870,1,0.89,3,2.7,4,3,7,4,14.29,1073,1190,90.17,54,89,60.67,9,194,22,31,5,9,55.56,2,0,0.0,1450,144,2,88,6,39,45.88,49,51,49.0,88,47.57,19,12,63.16,19,100,1,7,2,0,7,32,15,7,1,0,0,0,4,28,0,0,23,5,0,0,0,0,0,0,0
1049446,Olivier Aertssen,Zwolle,olivier aertssen,6.5,28,19,1857,0,0.33,2,1.97,5,0,9,1,0.0,408,578,70.59,35,102,34.31,15,93,24,54,15,27,55.56,28,9,32.14,1134,287,7,77,19,90,55.21,22,25,46.81,112,53.33,59,38,64.41,27,109,5,12,0,1,18,24,16,2,0,0,0,0,4,51,0,0,43,8,0,0,0,0,0,0,0
1515525,Cherrion Valerius,NAC Breda,cherrion valerius,6.68,28,20,1847,0,1.06,2,2.31,2,1,17,2,0.0,518,657,78.84,30,82,36.59,16,151,12,36,15,35,42.86,43,17,39.53,1172,265,4,85,16,85,55.19,16,22,42.11,101,52.6,43,26,60.47,25,67,5,10,0,2,17,17,27,5,0,0,0,0,3,31,0,0,29,2,0,0,0,0,0,0,0
1088895,Mohamed Nassoh,NAC Breda,mohamed nassoh,6.84,28,20,1827,5,3.53,1,3.55,3,3,43,15,11.63,606,762,79.53,34,61,55.74,37,224,32,61,32,52,61.54,66,18,27.27,1158,301,12,105,36,92,49.46,7,18,28.0,99,46.92,35,22,62.86,10,13,14,1,0,1,20,18,25,4,1,0,0,0,0,36,0,0,34,2,0,0,0,0,0,0,0
127846,Eli Dasa,NEC Nijmegen,eli dasa,6.66,22,21,1815,1,0.77,0,2.89,4,0,21,4,4.76,724,872,83.03,37,93,39.78,16,202,18,51,8,18,44.44,40,13,32.5,1294,247,9,88,13,43,53.75,21,18,53.85,64,53.78,17,11,64.71,18,38,6,7,1,1,3,11,18,0,0,0,0,0,1,32,0,0,27,5,0,0,0,0,0,0,0
954836,Josip Šutalo,Ajax,josip sutalo,6.87,24,19,1797,0,0.17,0,0.55,0,0,3,0,0.0,1316,1445,91.07,52,111,46.85,1,122,29,64,17,20,85.0,2,0,0.0,1713,158,1,93,3,37,66.07,48,27,64.0,85,64.89,12,7,58.33,37,102,1,12,0,4,5,8,8,1,0,0,0,0,4,29,0,0,26,3,0,0,0,0,0,0,0
97410,Davy Klaassen,Ajax,davy klaassen,6.92,29,21,1793,6,4.42,2,1.51,2,3,26,11,23.08,558,698,79.94,20,36,55.56,18,166,23,52,2,14,14.29,5,2,40.0,958,195,9,78,9,63,53.85,22,30,42.31,85,50.3,46,32,69.57,13,20,7,10,0,0,11,24,15,1,0,0,0,0,1,25,0,0,24,1,0,0,0,0,0,0,0
1120315,Anton Gaaei,Ajax,anton gaaei,6.75,26,19,1793,1,1.12,4,4.95,10,0,28,9,3.57,719,874,82.27,41,94,43.62,28,217,37,72,12,29,41.38,89,15,16.85,1327,290,8,68,9,44,43.56,24,22,52.17,68,46.26,27,19,70.37,20,52,7,5,0,2,11,21,5,3,0,0,0,0,4,27,0,0,24,3,0,0,0,0,0,0,0
252215,Wout Weghorst,Ajax,wout weghorst,6.83,27,20,1790,8,6.29,4,3.11,7,8,51,17,15.69,373,504,74.01,9,10,90.0,47,191,15,21,6,16,37.5,4,0,0.0,764,217,9,32,19,47,46.08,76,50,60.32,123,53.95,11,5,45.45,3,23,10,3,0,1,4,29,31,6,0,0,0,0,5,25,0,0,21,4,0,0,0,0,0,0,0
1511723,Nordin Bukala,Volendam,nordin bukala,6.72,25,21,1751,2,2.76,1,0.68,0,2,12,5,16.67,415,504,82.34,23,45,51.11,7,111,12,19,14,24,58.33,8,1,12.5,819,147,5,75,17,97,57.4,12,16,42.86,109,55.33,60,34,56.67,30,26,2,8,1,2,19,26,24,5,0,0,0,0,1,32,0,0,29,3,0,0,0,0,0,0,0
46900,Nick Viergever,Utrecht,nick viergever,6.7,25,17,1750,0,1.32,0,0.29,0,3,9,1,0.0,778,899,86.54,36,81,44.44,2,85,14,38,2,2,100.0,5,1,20.0,1143,138,2,56,3,23,47.92,38,29,56.72,61,53.04,19,13,68.42,22,102,1,16,0,0,6,16,2,3,0,0,0,0,4,22,0,0,18,4,0,0,0,0,0,0,0
35193,Ricky van Wolfswinkel,Twente,ricky van wolfswinkel,6.7,31,18,1740,8,9.42,0,1.3,2,6,43,20,18.6,279,396,70.45,11,15,73.33,22,112,10,19,8,18,44.44,9,0,0.0,662,184,11,51,7,58,44.62,47,66,41.59,105,43.21,23,17,73.91,10,24,13,3,0,0,17,41,28,4,0,0,0,0,1,26,0,0,22,4,0,0,0,0,0,0,0
930295,Jan Žambůrek,Heracles Almelo,jan zamburek,6.61,26,21,1739,0,0.67,1,0.47,0,1,8,1,0.0,502,609,82.43,28,53,52.83,13,91,16,36,9,23,39.13,21,5,23.81,885,167,3,79,10,67,46.85,24,16,60.0,91,49.73,34,22,64.71,31,43,1,4,0,0,20,34,24,6,0,0,0,0,0,45,0,0,39,6,0,0,0,0,0,0,0
794990,Siebe Horemans,Utrecht,siebe horemans,6.7,27,19,1729,0,0.68,1,2.12,4,0,13,2,0.0,644,793,81.21,48,99,48.48,19,119,28,67,5,11,45.45,56,19,33.93,1241,221,2,89,3,45,52.33,23,19,54.76,68,53.13,36,15,41.67,24,65,6,5,1,1,21,11,4,1,0,0,0,0,3,29,0,0,26,3,0,0,0,0,0,0,0
196082,Robin Pröpper,Twente,robin propper,7.1,28,20,1723,0,1.71,0,1.01,0,3,23,5,0.0,1088,1278,85.13,95,201,47.26,9,189,65,115,3,5,60.0,6,2,33.33,1566,211,1,88,2,52,57.78,59,44,57.28,111,57.51,33,15,45.45,17,108,5,18,0,1,10,26,16,6,0,0,0,0,4,23,0,0,19,4,0,0,0,0,0,0,0
927359,Vítězslav Jaroš,Ajax,vitezslav jaros,7.27,19,19,1710,0,,0,0.04,0,0,0,0,0.0,550,759,72.46,116,317,36.59,0,16,55,109,0,0,0.0,0,0,0.0,960,215,0,174,0,2,100.0,4,0,100.0,6,100.0,0,0,0.0,2,15,0,0,0,1,0,0,3,1,0,62,0,8,5,23,38,23,21,2,5,3,3,15,0,3,0
996940,Youri Regeer,Ajax,youri regeer,7.05,25,21,1698,0,1.61,2,0.88,1,2,10,2,0.0,910,997,91.27,30,50,60.0,8,178,24,35,4,10,40.0,14,2,14.29,1319,138,8,103,14,75,61.98,30,20,60.0,105,61.4,53,31,58.49,23,65,4,10,0,0,8,18,18,6,0,0,0,0,3,17,0,0,16,1,0,0,0,0,0,0,0
313264,Henk Veerman,Volendam,henk veerman,6.66,24,20,1696,4,6.22,1,0.93,2,9,44,14,9.09,156,243,64.2,10,16,62.5,9,63,9,18,6,10,60.0,3,0,0.0,401,129,5,19,6,13,36.11,40,45,47.06,53,43.8,4,3,75.0,1,25,8,2,0,0,1,12,3,1,0,0,0,0,1,33,0,0,30,3,0,0,0,0,0,0,0
366942,Kristoffer Peterson,Fortuna Sittard,kristoffer peterson,6.71,34,20,1695,3,4.17,2,2.18,2,5,49,15,6.12,318,440,72.27,6,24,25.0,25,146,12,23,23,70,32.86,109,16,14.68,901,329,5,64,17,73,43.45,20,15,57.14,93,45.81,18,4,22.22,6,21,19,5,0,0,15,16,32,2,0,0,0,0,0,35,0,0,32,3,0,0,0,0,0,0,0
1046960,Ryan Flamingo,PSV,ryan flamingo,6.99,33,15,1683,3,1.5,1,0.62,3,2,18,6,16.67,1137,1279,88.9,68,124,54.84,7,171,43,81,3,9,33.33,3,0,0.0,1584,170,2,55,6,41,48.24,72,29,71.29,113,60.75,28,19,67.86,24,122,3,19,1,0,10,22,10,4,0,0,0,0,1,28,0,0,20,8,0,0,0,0,0,0,0
1890313,Ruud Nijstad,Twente,ruud nijstad,6.8,21,18,1675,1,0.64,1,0.39,1,1,11,5,9.09,912,1048,87.02,82,169,48.52,5,109,30,69,0,0,0.0,1,0,0.0,1230,147,0,69,3,19,70.37,25,31,44.64,44,53.01,16,14,87.5,13,89,1,10,0,0,1,4,3,0,0,0,0,0,3,25,0,0,20,5,0,0,0,0,0,0,0
1095753,Gibson Yah,Volendam,gibson yah,7.07,24,20,1665,0,0.48,3,1.81,3,0,11,4,0.0,701,850,82.47,43,80,53.75,11,137,22,46,11,25,44.0,5,0,0.0,1232,221,5,107,14,103,61.68,32,20,61.54,135,61.64,67,42,62.69,30,59,4,17,0,3,14,23,25,2,0,0,0,0,1,27,0,0,24,3,0,0,0,0,0,0,0
966655,Shola Shoretire,Zwolle,shola shoretire,6.79,24,19,1657,5,3.86,1,1.54,3,1,17,8,29.41,393,478,82.22,15,25,60.0,16,123,7,18,15,33,45.45,10,0,0.0,781,196,8,71,27,71,45.51,7,24,22.58,78,41.71,24,16,66.67,19,12,3,3,1,0,11,30,32,4,0,0,0,0,2,34,0,0,30,4,0,0,0,0,0,0,0
1068610,Devon Koswal,Telstar,devon koswal,6.67,25,18,1651,0,0.11,0,0.66,0,0,3,0,0.0,487,586,83.11,27,64,42.19,4,69,14,31,2,3,66.67,9,2,22.22,830,131,3,44,3,43,66.15,16,34,32.0,59,51.3,22,15,68.18,8,88,1,19,3,0,6,12,20,4,0,0,0,0,2,26,0,0,23,3,0,0,0,0,0,0,0
1146018,Paul Wanner,PSV,paul wanner,7.02,22,19,1649,3,4.6,3,3.72,5,9,33,14,9.09,769,859,89.52,19,26,73.08,23,254,9,19,18,31,58.06,26,8,30.77,1169,191,13,74,26,82,56.16,9,16,36.0,91,53.22,43,29,67.44,5,15,6,2,0,0,3,23,21,5,0,0,0,0,3,22,0,0,18,4,0,0,0,0,0,0,0
998999,Luka Kulenović,Heracles Almelo,luka kulenovic,6.74,29,16,1644,5,7.56,3,1.14,3,11,48,12,10.42,228,384,59.38,4,10,40.0,16,103,2,9,5,9,55.56,4,0,0.0,636,255,8,44,26,32,31.07,119,67,63.98,151,52.25,10,8,80.0,4,21,10,2,0,0,10,32,17,1,1,0,0,0,0,46,0,0,42,4,0,0,0,0,0,0,0
1046722,Dean James,Go Ahead Eagles,dean james,6.54,26,18,1629,1,0.86,1,2.76,6,2,7,4,14.29,466,567,82.19,29,69,42.03,26,124,22,48,6,10,60.0,144,32,22.22,1024,251,4,69,5,50,55.56,13,8,61.9,63,56.76,35,21,60.0,18,65,0,2,1,0,12,19,9,3,1,0,0,0,1,29,0,0,26,3,0,0,0,0,0,0,0
916926,Shurandy Sambo,Sparta R.,shurandy sambo,6.64,25,18,1626,0,0.21,1,0.81,1,0,6,1,0.0,550,672,81.85,35,66,53.03,7,129,18,37,5,13,38.46,21,2,9.52,1076,184,4,72,8,53,48.62,37,30,55.22,90,51.14,40,26,65.0,19,80,2,10,0,2,23,18,8,6,0,0,0,0,5,30,0,0,23,7,0,0,0,0,0,0,0
1548838,Soufiane Hetli,Telstar,soufiane hetli,6.64,31,19,1618,3,5.55,1,1.58,2,7,53,14,5.66,290,369,78.59,19,30,63.33,16,122,13,26,20,65,30.77,16,3,18.75,751,242,18,91,43,82,41.41,4,15,21.05,86,39.63,25,18,72.0,6,12,19,1,0,2,12,19,37,2,0,0,0,0,0,26,0,0,23,3,0,0,0,0,0,0,0
795135,Pelle Clement,Sparta R.,pelle clement,6.79,26,18,1611,2,0.8,3,1.33,6,0,13,5,15.38,520,649,80.12,29,61,47.54,11,142,26,44,10,19,52.63,17,6,35.29,892,182,3,83,10,54,45.76,20,25,44.44,74,45.4,29,14,48.28,10,42,3,8,0,1,26,19,15,2,0,0,0,0,1,34,0,0,26,8,0,0,0,0,0,0,0
1048011,Édouard Michut,Fortuna Sittard,edouard michut,6.81,20,17,1592,0,1.0,0,1.08,1,0,17,2,0.0,620,693,89.47,15,29,51.72,15,185,15,30,14,32,43.75,14,1,7.14,1039,162,16,92,24,105,53.57,14,13,51.85,119,53.36,45,32,71.11,31,28,7,5,0,0,16,36,47,4,0,0,0,0,0,33,0,0,29,4,0,0,0,0,0,0,0
1084609,Tyrone Owusu,Telstar,tyrone owusu,6.77,22,20,1587,2,1.82,1,1.48,5,1,24,10,8.33,517,637,81.16,21,44,47.73,14,184,19,33,22,48,45.83,10,4,40.0,926,230,19,102,31,66,44.3,10,14,41.67,76,43.93,26,16,61.54,12,8,6,5,0,1,10,16,18,2,0,0,0,0,2,26,0,0,22,4,0,0,0,0,0,0,0
1648751,Ayoni Santos,Sparta R.,ayoni santos,6.75,26,18,1579,1,2.14,1,1.42,3,4,21,7,4.76,457,532,85.9,26,44,59.09,17,142,17,36,25,57,43.86,26,3,11.54,913,195,12,82,9,107,54.87,10,18,35.71,117,52.47,58,38,65.52,14,19,9,3,0,0,17,30,24,2,0,0,0,0,0,27,0,0,25,2,0,0,0,0,0,0,0
1100399,Ozan Kökçü,Volendam,ozan kokcu,6.69,28,18,1578,1,1.32,2,2.54,3,1,19,3,5.26,450,522,86.21,20,30,66.67,31,162,18,30,9,23,39.13,62,14,22.58,772,170,6,68,10,42,51.22,9,9,50.0,51,51.0,14,8,57.14,13,19,9,3,0,0,4,13,19,2,0,0,0,0,0,26,0,0,21,5,0,0,0,0,0,0,0
1155158,Oscar Gloukh,Ajax,oscar gloukh,6.96,29,16,1569,6,4.93,6,3.83,4,1,49,22,12.24,680,804,84.58,23,39,58.97,29,286,20,43,32,76,42.11,40,12,30.0,1150,275,11,79,35,72,43.11,0,6,0.0,72,41.62,23,12,52.17,2,4,18,0,0,1,12,4,17,3,0,0,0,0,0,18,0,0,16,2,0,0,0,0,0,0,0
1126595,Lennard Hartjes,Excelsior,lennard hartjes,6.84,21,21,1564,1,1.53,0,0.47,0,2,11,2,9.09,635,715,88.81,39,55,70.91,5,98,12,24,6,14,42.86,6,1,16.67,947,130,5,70,8,52,57.14,22,20,52.38,74,55.64,34,21,61.76,21,47,3,11,0,3,8,15,12,1,0,0,0,0,1,26,0,0,25,1,0,0,0,0,0,0,0
1133233,Aske Adelgaard,Go Ahead Eagles,aske adelgaard,6.77,27,16,1561,1,0.3,2,2.55,3,0,10,4,10.0,540,649,83.2,19,50,38.0,15,142,14,35,10,20,50.0,72,16,22.22,1070,212,4,85,6,59,48.76,22,13,62.86,81,51.92,36,19,52.78,17,50,2,8,0,1,22,24,14,4,0,0,0,0,6,25,0,0,23,2,0,0,0,0,0,0,0
804901,Sam Lammers,Twente,sam lammers,6.74,25,17,1556,6,9.93,7,2.98,10,12,55,25,10.91,318,440,72.27,8,12,66.67,29,151,14,24,11,26,42.31,4,1,25.0,697,211,9,25,10,47,52.22,51,48,51.52,98,51.85,15,7,46.67,1,11,9,1,0,0,4,18,22,0,0,0,0,0,2,19,0,0,16,3,0,0,0,0,0,0,0
1441117,Tygo Land,Groningen,tygo land,6.85,29,16,1539,3,1.51,1,2.19,4,0,12,5,25.0,801,873,91.75,15,30,50.0,23,264,17,25,6,14,42.86,6,1,16.67,1071,121,9,67,8,52,52.53,3,11,21.43,55,48.67,35,20,57.14,15,14,3,5,0,1,18,14,11,3,1,0,0,0,1,21,0,0,17,4,0,0,0,0,0,0,0
1095406,Aurelio Oehlers,Volendam,aurelio oehlers,6.75,33,18,1538,4,1.87,1,2.44,4,3,18,10,22.22,252,325,77.54,4,10,40.0,15,106,1,7,14,41,34.15,74,18,24.32,630,222,6,52,28,53,44.92,8,24,25.0,61,40.67,21,12,57.14,5,16,4,0,0,0,5,6,18,1,0,0,0,0,0,34,0,0,31,3,0,0,0,0,0,0,0
1050828,Zico Buurmeester,Zwolle,zico buurmeester,6.7,23,15,1531,2,1.58,0,1.9,2,2,15,6,13.33,459,567,80.95,20,46,43.48,17,144,13,36,9,21,42.86,29,8,27.59,840,180,6,68,10,61,55.96,11,22,33.33,72,50.7,41,17,41.46,18,32,6,7,0,1,10,16,12,2,0,0,0,0,2,36,0,0,29,7,0,0,0,0,0,0,0
1142147,Ryan Fosso,Fortuna Sittard,ryan fosso,6.79,17,17,1512,0,0.42,1,0.69,1,0,11,1,0.0,609,690,88.26,22,48,45.83,10,101,14,30,5,13,38.46,1,1,100.0,922,126,7,117,12,66,54.55,10,11,47.62,76,53.52,38,23,60.53,26,25,3,6,0,1,13,22,23,4,0,0,0,0,3,29,0,0,25,4,0,0,0,0,0,0,0
58994,Denis Odoi,NAC Breda,denis odoi,6.56,19,17,1512,0,0.46,0,1.81,3,0,10,0,0.0,579,692,83.67,29,70,41.43,9,109,20,37,3,8,37.5,20,4,20.0,1059,177,0,64,5,49,52.13,38,45,45.78,87,49.15,30,22,73.33,16,73,2,12,2,4,9,26,16,3,0,0,0,0,2,26,0,0,26,0,0,0,0,0,0,0,0
990814,Charles-Andreas Brym,NAC Breda,charles-andreas brym,6.72,24,17,1505,2,4.47,4,2.17,5,7,43,13,4.65,317,420,75.48,13,21,61.9,23,126,10,14,33,64,51.56,44,11,25.0,799,257,7,73,36,86,45.99,23,42,35.38,109,43.25,14,5,35.71,12,7,11,1,0,0,14,21,39,4,0,0,0,0,1,32,0,0,31,1,0,0,0,0,0,0,0
1066450,Walid Ould-Chikh,Heracles Almelo,walid ould-chikh,7.0,24,17,1500,1,0.43,4,2.62,5,0,15,4,6.67,325,461,70.5,41,90,45.56,30,135,34,68,20,36,55.56,68,18,26.47,825,258,7,58,16,103,62.42,6,7,46.15,109,61.24,41,28,68.29,17,20,2,4,0,2,9,21,42,3,0,0,0,0,0,39,0,0,35,4,0,0,0,0,0,0,0
812145,Dennis Man,PSV,dennis man,7.08,25,20,1496,7,4.76,7,4.95,6,5,42,15,16.67,530,634,83.6,10,17,58.82,30,253,16,24,38,85,44.71,19,8,42.11,957,227,14,81,16,66,40.74,15,19,44.12,81,41.33,10,8,80.0,5,13,13,1,0,0,16,17,19,2,0,0,0,0,0,25,0,0,20,5,0,0,0,0,0,0,0
932555,Evert Linthorst,Go Ahead Eagles,evert linthorst,6.75,29,16,1494,1,0.57,2,1.0,1,1,8,4,12.5,651,770,84.55,50,96,52.08,9,162,48,90,1,3,33.33,9,3,33.33,931,150,7,90,4,20,41.67,12,13,48.0,32,43.84,16,9,56.25,16,43,3,8,0,1,6,16,4,3,0,0,0,0,0,22,0,0,19,3,0,0,0,0,0,0,0
1112604,Justin Hubner,Fortuna Sittard,justin hubner,6.59,25,15,1491,2,2.26,1,0.44,2,0,12,4,16.67,550,687,80.06,54,134,40.3,9,89,23,58,2,4,50.0,7,3,42.86,1028,170,1,60,1,41,54.67,51,26,66.23,92,60.53,29,18,62.07,27,115,2,12,0,0,11,24,10,7,1,0,0,0,0,34,0,0,28,6,0,0,0,0,0,0,0
1177177,Deveron Fonville,NEC Nijmegen,deveron fonville,6.85,29,13,1479,0,0.35,2,1.74,0,0,5,0,0.0,643,789,81.5,30,80,37.5,8,213,18,47,14,22,63.64,22,7,31.82,1261,258,7,83,12,74,64.35,29,31,48.33,103,58.86,47,29,61.7,21,70,5,10,0,0,9,14,13,3,0,0,0,0,1,24,0,0,22,2,0,0,0,0,0,0,0
1130308,Mimeirhel Benita,Heracles Almelo,mimeirhel benita,6.6,25,15,1458,0,0.7,1,1.45,2,3,6,4,0.0,408,513,79.53,41,79,51.9,13,119,20,43,10,26,38.46,36,8,22.22,966,219,7,77,9,70,54.26,23,12,65.71,93,56.71,37,27,72.97,22,53,1,8,0,0,17,17,23,6,0,0,0,0,0,38,0,0,34,4,0,0,0,0,0,0,0
1148468,Weslley Patati,AZ Alkmaar,weslley patati,6.83,27,18,1448,2,4.31,3,2.62,7,9,46,16,4.35,411,504,81.55,16,23,69.57,25,163,12,20,31,71,43.66,24,4,16.67,905,255,14,78,32,109,48.23,10,22,31.25,119,46.12,42,29,69.05,1,16,12,1,0,0,19,28,36,0,0,0,0,0,0,24,0,0,19,5,0,0,0,0,0,0,0
986395,Ricardo Pepi,PSV,ricardo pepi,7.02,26,16,1433,16,11.41,1,2.22,5,8,61,32,26.23,247,295,83.73,9,10,90.0,16,95,4,7,15,25,60.0,3,1,33.33,499,105,17,57,17,33,44.59,16,17,48.48,49,45.79,7,4,57.14,3,7,15,2,0,1,3,11,11,1,0,0,0,0,2,23,0,0,17,6,0,0,0,0,0,0,0
1214957,Noe Lebreton,NEC Nijmegen,noe lebreton,6.94,22,15,1432,5,5.87,4,2.15,2,4,40,17,12.5,373,456,81.8,12,26,46.15,29,177,13,26,18,34,52.94,14,4,28.57,830,205,12,66,37,80,46.24,28,43,39.44,108,44.26,36,18,50.0,10,23,9,3,0,0,17,27,26,4,0,0,0,0,2,22,0,0,18,4,0,0,0,0,0,0,0
1150938,Leo Sauer,Feyenoord,leo sauer,6.91,20,17,1419,3,2.17,2,3.35,5,0,33,14,9.09,284,375,75.73,3,6,50.0,21,159,1,4,26,57,45.61,30,5,16.67,638,196,6,50,16,61,45.52,17,19,47.22,78,45.88,15,7,46.67,5,14,10,0,0,1,13,15,20,1,0,0,0,0,2,24,0,0,18,6,0,0,0,0,0,0,0
127554,Mike te Wierik,Heracles Almelo,mike te wierik,6.6,22,16,1400,1,0.64,0,1.01,1,0,7,1,14.29,404,501,80.64,20,48,41.67,7,67,18,33,4,7,57.14,7,3,42.86,777,143,4,46,2,51,63.75,39,22,63.93,90,63.83,29,23,79.31,12,61,1,6,0,0,8,16,21,2,0,0,0,0,0,39,0,0,35,4,0,0,0,0,0,0,0
1149147,Juho Talvitie,NAC Breda,juho talvitie,6.73,27,15,1399,3,1.97,2,2.99,6,1,29,11,10.34,318,409,77.75,7,10,70.0,25,127,9,18,20,74,27.03,89,26,29.21,799,270,12,64,25,68,38.64,9,14,39.13,77,38.69,26,15,57.69,8,18,7,1,1,0,16,15,22,0,0,0,0,0,0,25,0,0,23,2,0,0,0,0,0,0,0
336811,Clint Leemans,NAC Breda,clint leemans,6.64,31,15,1374,1,2.04,0,2.87,2,2,25,9,4.0,770,940,81.91,62,133,46.62,35,197,47,92,2,8,25.0,119,30,25.21,1251,293,4,80,4,27,43.55,23,24,48.94,50,45.87,20,12,60.0,19,45,6,4,0,0,13,12,5,4,0,0,0,0,2,26,0,0,25,1,0,0,0,0,0,0,0
1142572,Tristan Gooijer,Zwolle,tristan gooijer,6.57,23,17,1371,3,1.88,0,0.36,0,0,14,7,21.43,437,506,86.36,20,44,45.45,6,59,7,14,16,36,44.44,6,1,16.67,873,126,8,75,12,62,52.54,18,13,58.06,80,53.69,38,19,50.0,12,65,2,13,1,1,6,19,8,3,1,0,0,0,1,31,0,0,25,6,0,0,0,0,0,0,0
1145987,Lewis Schouten,Excelsior,lewis schouten,6.77,24,14,1365,1,1.12,0,0.87,2,2,12,5,8.33,648,758,85.49,61,111,54.95,9,86,29,61,1,4,25.0,4,0,0.0,951,126,5,62,2,34,47.89,35,28,55.56,69,51.49,23,15,65.22,16,70,3,8,1,0,15,20,10,1,0,0,0,0,1,21,0,0,20,1,0,0,0,0,0,0,0
1199214,Milan Smit,Go Ahead Eagles,milan smit,6.85,19,14,1362,6,2.89,2,1.22,2,2,26,13,23.08,163,223,73.09,3,8,37.5,11,55,9,11,3,13,23.08,2,0,0.0,400,123,4,31,18,34,36.96,28,40,41.18,62,38.75,4,2,50.0,2,13,2,6,0,0,6,25,29,5,0,0,0,0,0,27,0,0,22,5,0,0,0,0,0,0,0
2216656,Robin van Cruijsen,Volendam,robin van cruijsen,6.83,24,16,1361,4,2.13,3,3.52,5,0,16,9,25.0,321,408,78.68,17,32,53.13,37,115,10,19,6,18,33.33,58,15,25.86,670,199,7,44,12,23,30.67,4,16,20.0,27,28.42,15,11,73.33,11,32,6,3,0,1,17,12,2,5,0,0,0,0,1,17,0,0,14,3,0,0,0,0,0,0,0
1145989,Ro-Zangelo Daal,AZ Alkmaar,ro-zangelo daal,7.0,24,18,1357,1,1.17,0,3.32,6,0,25,9,4.0,358,445,80.45,18,27,66.67,28,164,12,22,29,68,42.65,25,6,24.0,740,196,9,65,17,91,55.15,3,6,33.33,94,54.02,30,21,70.0,9,10,10,0,0,2,11,9,32,1,0,0,0,0,0,24,0,0,18,6,0,0,0,0,0,0,0
836673,Owen Wijndal,Ajax,owen wijndal,6.74,19,15,1356,1,0.66,0,2.28,3,1,10,5,10.0,568,654,86.85,11,42,26.19,16,135,5,17,5,13,38.46,32,8,25.0,971,149,1,54,9,53,56.38,12,11,52.17,65,55.56,23,17,73.91,16,34,4,4,0,1,7,18,25,3,0,0,0,0,2,16,0,0,15,1,0,0,0,0,0,0,0
1014118,Miguel Rodríguez,Utrecht,miguel rodriguez,6.68,24,15,1355,3,3.86,0,2.3,3,4,45,15,6.67,283,390,72.56,12,30,40.0,18,114,16,31,21,50,42.0,35,12,34.29,767,237,11,69,31,81,44.51,12,19,38.71,93,43.66,23,14,60.87,16,8,14,2,0,0,23,19,37,2,1,0,0,0,1,15,0,0,12,3,0,0,0,0,0,0,0
914392,Jizz Hornkamp,AZ Alkmaar,jizz hornkamp,7.08,22,16,1351,10,8.25,1,1.87,1,10,43,24,23.26,176,283,62.19,7,15,46.67,17,51,6,10,9,18,50.0,3,3,100.0,503,172,6,29,11,48,48.98,68,45,60.18,116,54.98,16,10,62.5,4,16,6,1,0,0,4,29,23,2,1,0,0,0,0,32,0,0,27,5,0,0,0,0,0,0,0
2622,Remko Pasveer,Heracles Almelo,remko pasveer,7.07,15,15,1350,0,,0,0.16,0,0,0,0,0.0,364,577,63.08,168,376,44.68,1,46,48,89,0,0,0.0,0,0,0.0,731,216,0,135,0,2,50.0,2,0,100.0,4,66.67,1,0,0.0,0,10,0,0,1,2,2,0,2,0,0,69,0,8,1,34,42,26,30,4,3,8,6,17,0,5,0
1189737,Timo Jansink,Heracles Almelo,timo jansink,7.02,15,15,1350,0,,0,0.07,1,0,0,0,0.0,345,544,63.42,146,344,42.44,2,34,20,43,0,0,0.0,0,0,0.0,686,200,1,138,0,2,100.0,3,0,100.0,5,100.0,0,0,0.0,0,8,0,0,2,0,0,0,2,0,0,54,0,10,0,38,34,20,34,4,3,3,3,16,0,5,1
790989,Ko Itakura,Ajax,ko itakura,7.04,18,16,1344,1,0.7,0,0.72,1,0,7,3,14.29,846,911,92.86,29,54,53.7,3,76,12,28,5,9,55.56,4,0,0.0,1145,92,3,48,7,31,53.45,32,13,71.11,63,61.17,17,9,52.94,14,101,1,14,0,1,4,13,9,2,0,0,0,0,3,17,0,0,16,1,0,0,0,0,0,0,0
1563462,Jorthy Mokio,Ajax,jorthy mokio,6.89,26,13,1329,2,1.86,2,0.98,1,3,17,6,11.76,595,698,85.24,15,30,50.0,11,122,6,17,11,28,39.29,6,1,16.67,1011,167,11,86,16,82,53.95,22,24,47.83,104,52.53,59,32,54.24,19,31,2,6,0,2,23,15,12,1,0,0,0,0,3,21,0,0,19,2,0,0,0,0,0,0,0
996988,Bryan Limbombe,Heracles Almelo,bryan limbombe,6.62,22,16,1322,1,0.87,3,2.27,5,0,19,7,5.26,249,308,80.84,7,12,58.33,19,103,8,13,24,42,57.14,58,11,18.97,575,185,5,50,20,46,40.71,1,13,7.14,47,37.01,9,5,55.56,4,14,5,2,0,1,9,20,13,1,0,0,0,0,1,34,0,0,32,2,0,0,0,0,0,0,0
961678,Neraysho Kasanwirjo,Fortuna Sittard,neraysho kasanwirjo,6.56,16,14,1320,0,0.47,2,0.56,1,2,7,1,0.0,526,647,81.3,35,86,40.7,7,74,20,47,12,15,80.0,10,2,20.0,911,164,1,67,7,46,60.53,15,14,51.72,61,58.1,17,13,76.47,22,60,1,7,0,1,11,10,17,1,0,0,0,0,0,29,0,0,25,4,0,0,0,0,0,0,0
959805,Quinten Timber,Feyenoord,quinten timber,6.92,17,14,1316,2,3.0,4,3.92,7,3,23,8,8.7,466,559,83.36,17,22,77.27,29,214,14,21,15,26,57.69,3,1,33.33,799,155,9,69,14,63,57.27,3,8,27.27,66,54.55,33,16,48.48,17,13,3,4,1,0,7,15,15,1,0,0,0,0,4,19,0,0,15,4,0,0,0,0,0,0,0
1046143,Julian Baas,Sparta R.,julian baas,6.82,23,14,1302,0,1.74,0,2.53,2,1,17,5,0.0,451,574,78.57,46,79,58.23,21,109,23,52,0,5,0.0,46,19,41.3,829,172,3,51,3,42,51.22,14,15,48.28,56,50.45,25,15,60.0,20,51,3,12,0,0,13,19,17,5,0,0,0,0,5,24,0,0,22,2,0,0,0,0,0,0,0
959806,Kenneth Taylor,Ajax,kenneth taylor,6.85,15,14,1279,2,3.17,4,2.74,5,7,26,11,7.69,545,631,86.37,19,31,61.29,23,181,19,29,10,17,58.82,24,7,29.17,816,138,0,54,12,43,50.0,7,13,35.0,50,47.17,16,10,62.5,16,6,10,2,0,0,7,22,17,3,0,0,0,0,3,19,0,0,16,3,0,0,0,0,0,0,0
1213453,Tristan van Gilst,Heracles Almelo,tristan van gilst,6.53,28,13,1277,2,2.24,0,0.76,3,2,20,7,10.0,190,253,75.1,4,11,36.36,10,64,5,8,5,21,23.81,14,2,14.29,443,131,9,49,15,28,39.44,14,20,41.18,42,40.0,9,7,77.78,9,17,3,3,0,1,4,9,14,3,0,0,0,0,0,33,0,0,30,3,0,0,0,0,0,0,0
815080,Jamiro Monteiro,Zwolle,jamiro monteiro,6.73,21,17,1276,2,2.49,3,2.15,3,4,20,3,10.0,489,578,84.6,28,54,51.85,14,108,26,48,3,19,15.79,25,2,8.0,838,172,2,102,16,86,56.95,1,7,12.5,87,54.72,43,28,65.12,12,8,5,3,0,0,18,16,40,0,1,0,0,0,1,29,0,0,26,3,0,0,0,0,0,0,0
1386461,Elijah Dijkstra,AZ Alkmaar,elijah dijkstra,6.63,20,13,1273,0,0.4,0,1.65,1,0,7,1,0.0,549,625,87.84,22,37,59.46,14,131,13,23,11,27,40.74,11,4,36.36,952,146,7,98,9,61,53.04,13,12,52.0,74,52.86,34,18,52.94,21,27,3,2,1,1,21,8,16,1,0,0,0,0,2,22,0,0,17,5,0,0,0,0,0,0,0
831860,Koki Ogawa,NEC Nijmegen,koki ogawa,6.8,26,17,1272,8,7.6,3,1.5,1,13,43,18,18.6,141,209,67.46,2,3,66.67,17,78,1,2,5,11,45.45,1,0,0.0,400,125,5,18,14,33,50.77,66,93,41.51,99,44.2,12,9,75.0,4,8,10,1,0,1,1,13,16,1,0,0,0,0,0,20,0,0,16,4,0,0,0,0,0,0,0
1014222,Kiliann Sildillia,PSV,kiliann sildillia,6.78,21,13,1264,2,2.29,3,2.29,2,3,15,5,13.33,608,732,83.06,20,43,46.51,20,213,11,27,4,15,26.67,36,9,25.0,1098,233,2,69,13,40,42.55,38,26,59.38,78,49.37,32,19,59.38,7,43,4,7,0,1,8,25,4,2,0,0,0,0,1,25,0,0,15,10,0,0,0,0,0,0,0
837010,Niklas Vesterlund,Utrecht,niklas vesterlund,6.66,18,15,1258,1,1.37,1,0.38,0,1,10,4,10.0,315,400,78.75,22,51,43.14,5,48,10,20,0,1,0.0,10,1,10.0,655,120,1,32,3,23,62.16,25,9,73.53,48,67.61,18,15,83.33,5,56,3,3,0,1,5,5,6,2,0,0,0,0,2,18,0,0,14,4,0,0,0,0,0,0,0
991039,Adam Carlén,Excelsior,adam carlen,6.7,25,12,1244,0,0.29,1,0.26,0,0,8,1,0.0,362,455,79.56,18,42,42.86,7,59,6,16,2,2,100.0,2,0,0.0,640,115,2,71,6,47,53.41,26,13,66.67,73,57.48,36,21,58.33,9,43,4,9,0,0,14,22,9,4,0,0,0,0,2,26,0,0,20,6,0,0,0,0,0,0,0
1008111,Denso Kasius,AZ Alkmaar,denso kasius,7.01,17,13,1218,2,1.26,2,2.68,5,2,25,8,8.0,415,524,79.2,47,79,59.49,21,117,19,38,13,23,56.52,55,12,21.82,871,207,4,70,8,39,54.17,2,4,33.33,41,52.56,17,10,58.82,7,27,8,6,0,1,6,9,9,3,0,0,0,0,2,18,0,0,15,3,0,0,0,0,0,0,0
974530,Djevencio van der Kust,Heracles Almelo,djevencio van der kust,6.45,21,13,1218,0,0.09,2,1.18,1,0,3,0,0.0,299,380,78.68,20,44,45.45,6,53,14,30,2,7,28.57,31,3,9.68,693,165,2,56,9,42,49.41,14,19,42.42,56,47.46,34,21,61.76,15,38,1,8,0,1,17,13,7,2,0,0,0,0,0,33,0,0,30,3,0,0,0,0,0,0,0
907520,Brynjólfur Darri Willumsson,Groningen,brynjolfur darri willumsson,6.57,27,12,1208,6,6.05,0,0.55,1,8,42,19,14.29,179,246,72.76,3,7,42.86,16,86,3,8,1,6,16.67,2,1,50.0,435,133,13,35,19,30,34.48,27,66,29.03,57,31.67,12,5,41.67,2,4,11,3,0,0,6,27,17,2,0,0,0,0,0,20,0,0,17,3,0,0,0,0,0,0,0
943595,Sydney van Hooijdonk,NAC Breda,sydney van hooijdonk,6.68,18,15,1200,5,5.27,0,1.07,1,3,37,10,13.51,180,273,65.93,1,6,16.67,10,60,3,6,6,14,42.86,8,1,12.5,456,159,4,26,15,45,52.33,49,36,57.65,94,54.97,13,6,46.15,1,4,14,0,0,0,1,17,27,1,1,0,0,0,1,22,0,0,20,2,0,0,0,0,0,0,0
1118181,Lequincio Zeefuik,Heracles Almelo,lequincio zeefuik,6.6,23,12,1179,2,4.01,0,0.71,0,6,36,10,5.56,128,211,60.66,5,9,55.56,7,61,5,10,14,30,46.67,5,0,0.0,497,215,10,33,40,51,36.43,46,54,46.0,97,40.42,10,8,80.0,2,11,5,3,0,0,1,37,28,6,0,0,0,0,1,34,0,0,30,4,0,0,0,0,0,0,0
1001943,Julius Dirksen,Go Ahead Eagles,julius dirksen,7.11,18,14,1173,2,0.21,0,0.42,1,0,5,2,40.0,467,550,84.91,41,90,45.56,4,47,22,44,12,16,75.0,4,1,25.0,765,102,0,39,4,33,63.46,36,16,69.23,69,66.35,14,9,64.29,16,91,0,27,0,1,4,9,7,4,0,0,0,0,2,17,0,0,17,0,0,0,0,0,0,0,0
1012639,Brayann Pereira,NEC Nijmegen,brayann pereira,6.73,24,13,1171,0,0.72,1,2.87,4,1,6,1,0.0,467,546,85.53,17,38,44.74,9,127,8,14,11,20,55.0,30,7,23.33,907,169,3,60,7,82,65.6,13,27,32.5,95,57.58,41,25,60.98,10,35,3,4,0,3,9,21,30,1,0,0,0,0,1,20,0,0,18,2,0,0,0,0,0,0,0
146401,Thomas Bruns,Heracles Almelo,thomas bruns,6.57,27,12,1164,1,1.02,0,1.14,1,0,17,3,5.88,344,454,75.77,34,77,44.16,8,98,26,47,4,13,30.77,22,6,27.27,663,163,7,51,13,54,46.55,10,19,34.48,64,44.14,33,15,45.45,8,18,4,3,1,0,12,29,17,3,0,0,0,0,0,41,0,0,38,3,0,0,0,0,0,0,0
100386,Steven Berghuis,Ajax,steven berghuis,7.26,19,14,1147,4,3.82,2,4.42,5,2,41,16,9.76,607,718,84.54,49,84,58.33,37,259,40,69,6,18,33.33,66,23,34.85,950,201,14,59,13,30,47.62,4,4,50.0,34,47.89,14,9,64.29,8,5,9,2,0,1,2,8,11,3,0,0,0,0,1,8,0,0,6,2,0,0,0,0,0,0,0
1638564,Cedric Hatenboer,Telstar,cedric hatenboer,6.8,15,15,1144,0,0.56,3,1.34,4,0,16,3,0.0,425,557,76.3,44,82,53.66,15,119,29,66,14,29,48.28,22,7,31.82,778,198,7,58,11,51,46.79,8,5,61.54,59,48.36,25,15,60.0,15,18,3,2,0,1,19,13,12,0,1,0,0,0,0,18,0,0,16,2,0,0,0,0,0,0,0
1859920,Sean Steur,Ajax,sean steur,6.96,19,14,1142,1,1.62,1,1.43,1,3,15,8,6.67,559,623,89.73,27,34,79.41,15,171,11,13,9,17,52.94,2,0,0.0,751,90,6,49,6,41,56.94,5,4,55.56,46,56.79,20,9,45.0,7,5,2,1,0,0,11,6,12,2,0,0,0,0,0,16,0,0,15,1,0,0,0,0,0,0,0
1049063,Joel Ideho,Volendam,joel ideho,6.75,25,10,1141,1,1.45,1,1.44,1,4,23,7,4.35,237,323,73.37,21,38,55.26,10,101,10,31,33,66,50.0,44,6,13.64,671,229,9,75,18,94,55.62,4,11,26.67,98,53.26,24,10,41.67,7,11,7,1,0,2,10,15,37,4,0,0,0,0,0,24,0,0,22,2,0,0,0,0,0,0,0
918420,Leo Greiml,NAC Breda,leo greiml,7.21,14,14,1135,1,0.56,0,0.85,1,0,10,6,10.0,551,641,85.96,35,70,50.0,5,45,11,23,3,4,75.0,1,0,0.0,862,97,0,39,0,46,61.33,63,31,67.02,109,64.5,30,20,66.67,11,96,2,16,0,0,7,24,14,2,1,0,0,0,0,24,0,0,22,2,0,0,0,0,0,0,0
1189738,Sem Scheperman,Heracles Almelo,sem scheperman,6.93,16,13,1124,1,1.64,1,0.27,1,2,16,7,6.25,353,412,85.68,17,28,60.71,5,58,3,9,2,4,50.0,4,2,50.0,612,84,2,41,2,56,63.64,32,22,59.26,88,61.97,41,26,63.41,10,29,2,18,0,0,13,16,13,2,1,0,0,0,0,32,0,0,29,3,0,0,0,0,0,0,0
912651,Boyd Lucassen,NAC Breda,boyd lucassen,6.58,20,13,1116,1,0.64,0,0.92,1,0,5,2,20.0,215,286,75.17,10,36,27.78,10,54,4,15,3,7,42.86,30,9,30.0,541,131,2,37,4,35,56.45,16,17,48.48,51,53.68,19,14,73.68,9,44,1,6,0,0,10,9,13,1,0,0,0,0,0,26,0,0,23,3,0,0,0,0,0,0,0
944467,Sem Steijn,Feyenoord,sem steijn,7.07,21,12,1106,7,7.82,2,3.72,8,6,38,17,18.42,270,324,83.33,7,12,58.33,32,115,14,22,3,4,75.0,42,17,40.48,484,107,6,34,7,16,38.1,7,9,43.75,23,39.66,8,5,62.5,1,6,12,0,0,0,11,8,5,0,0,0,0,0,3,13,0,0,10,3,0,0,0,0,0,0,0
795761,Kasper Dolberg,Ajax,kasper dolberg,6.59,22,12,1098,3,3.91,3,1.0,4,8,27,12,11.11,149,221,67.42,3,7,42.86,10,54,1,2,7,21,33.33,1,0,0.0,399,134,3,17,9,41,48.24,18,36,33.33,59,42.45,6,5,83.33,4,6,5,1,0,1,1,22,28,1,0,0,0,0,0,12,0,0,12,0,0,0,0,0,0,0,0
961684,Anass Salah-Eddine,PSV,anass salah-eddine,6.72,17,12,1092,0,0.59,0,0.97,0,1,8,2,0.0,552,620,89.03,18,33,54.55,10,152,8,17,11,17,64.71,15,3,20.0,888,125,4,69,12,54,59.34,15,11,57.69,69,58.97,28,22,78.57,10,20,4,3,0,2,6,14,16,3,1,0,0,0,3,14,0,0,12,2,0,0,0,0,0,0,0
1137227,Milan Zonneveld,Sparta R.,milan zonneveld,6.65,31,9,1092,6,8.12,2,0.62,1,14,42,20,14.29,122,193,63.21,3,3,100.0,10,49,1,3,2,8,25.0,1,1,100.0,371,132,4,19,14,19,40.43,44,51,46.32,63,44.37,1,1,100.0,2,13,8,3,0,0,2,9,16,1,0,0,0,0,0,30,0,0,29,1,0,0,0,0,0,0,0
1136110,Esmir Bajraktarević,PSV,esmir bajraktarevic,6.95,28,8,1062,4,2.68,4,3.26,6,2,36,14,11.11,416,473,87.95,9,16,56.25,22,184,16,21,21,47,44.68,50,13,26.0,740,163,13,52,10,58,51.79,2,15,11.76,60,46.51,19,14,73.68,4,8,14,0,0,2,10,9,18,0,0,0,0,0,2,11,0,0,6,5,0,0,0,0,0,0,0
1893852,Jerolldino Bergraaf,Excelsior,jerolldino bergraaf,6.45,24,10,1057,0,1.27,0,0.25,1,1,19,3,0.0,135,208,64.9,2,7,28.57,8,44,1,3,5,18,27.78,1,0,0.0,369,137,4,21,10,25,31.25,41,33,55.41,66,42.86,7,4,57.14,3,11,2,0,0,0,9,23,13,1,0,0,0,0,0,22,0,0,21,1,0,0,0,0,0,0,0
235538,Younes Namli,Zwolle,younes namli,7.37,13,12,1056,2,2.28,4,3.9,10,2,29,10,6.9,297,374,79.41,26,41,63.41,35,124,25,44,24,53,45.28,71,24,33.8,666,207,9,61,18,56,43.41,4,7,36.36,60,42.86,19,7,36.84,4,6,12,0,0,1,13,13,13,1,0,0,0,0,1,19,0,0,15,4,0,0,0,0,0,0,0
961685,Dirk Wanner Proper,NEC Nijmegen,dirk wanner proper,6.77,22,8,1048,3,1.95,0,1.24,1,1,10,4,30.0,350,433,80.83,10,26,38.46,11,122,10,22,3,4,75.0,2,0,0.0,570,107,4,34,4,37,57.81,20,20,50.0,57,54.81,19,13,68.42,12,22,5,0,0,0,7,16,15,2,0,0,0,0,2,20,0,0,17,3,0,0,0,0,0,0,0
973716,Richonell Margaret,Go Ahead Eagles,richonell margaret,6.48,22,13,1030,1,1.12,2,1.16,0,2,16,4,6.25,194,243,79.84,2,4,50.0,8,93,2,6,21,61,34.43,45,6,13.33,548,216,7,52,40,56,34.57,6,15,28.57,62,33.88,19,8,42.11,7,8,6,0,0,0,10,17,16,3,0,0,0,0,0,19,0,0,17,2,0,0,0,0,0,0,0
1548834,Sem van Duijn,Telstar,sem van duijn,7.12,14,12,1013,5,4.49,2,1.84,2,5,23,9,21.74,160,234,68.38,5,11,45.45,17,65,7,12,9,18,50.0,10,3,30.0,456,145,3,28,7,26,34.67,30,28,51.72,56,42.11,14,8,57.14,5,34,5,1,0,0,18,16,3,1,0,0,0,0,1,17,0,0,14,3,0,0,0,0,0,0,0
132674,Mario Engels,Heracles Almelo,mario engels,6.52,24,11,1005,1,2.5,2,2.33,6,2,18,8,5.56,156,192,81.25,5,10,50.0,12,66,1,5,8,28,28.57,27,4,14.81,385,145,2,31,18,29,31.87,3,9,25.0,32,31.07,8,3,37.5,2,0,4,1,0,0,3,23,13,2,1,0,0,0,0,30,0,0,25,5,0,0,0,0,0,0,0
385708,Vito van Crooij,Sparta R.,vito van crooij,6.72,18,11,1001,1,2.02,1,1.6,3,2,17,7,5.88,207,281,73.67,11,24,45.83,23,81,7,25,3,7,42.86,57,14,24.56,469,149,3,32,5,23,44.23,23,16,58.97,46,50.55,11,9,81.82,3,17,4,3,0,0,8,12,9,3,0,0,0,0,1,24,0,0,24,0,0,0,0,0,0,0,0
889689,Hwang In-beom,Feyenoord,hwang in-beom,6.91,17,12,991,1,1.28,3,3.05,5,3,16,5,6.25,460,561,82.0,12,31,38.71,24,164,11,30,10,14,71.43,40,15,37.5,742,148,6,59,8,40,55.56,20,15,57.14,60,56.07,19,10,52.63,12,19,6,3,0,2,9,11,11,2,0,0,0,0,1,22,0,0,19,3,0,0,0,0,0,0,0
843250,Maarten Paes,Ajax,maarten paes,7.15,11,11,990,0,,0,0.02,0,0,0,0,0.0,289,447,64.65,88,239,36.82,0,12,29,68,0,0,0.0,0,0,0.0,561,162,0,110,0,2,100.0,4,0,100.0,6,100.0,1,0,0.0,0,8,0,0,0,0,0,0,1,0,0,33,1,6,5,11,17,16,10,1,5,5,5,8,0,1,0
148615,Paul Gladon,Fortuna Sittard,paul gladon,6.55,31,5,990,5,5.19,1,0.36,0,8,32,11,15.63,119,229,51.97,2,7,28.57,12,52,1,5,2,5,40.0,4,0,0.0,395,151,5,14,14,22,29.73,81,76,51.59,103,44.59,7,6,85.71,0,15,10,1,0,0,6,35,13,2,1,0,0,0,0,21,0,0,18,3,0,0,0,0,0,0,0
1214695,Adrian Blake,Utrecht,adrian blake,6.7,23,10,977,2,2.76,2,2.31,3,2,35,13,5.71,220,285,77.19,10,20,50.0,13,90,10,21,14,37,37.84,22,4,18.18,476,147,9,48,17,31,37.35,1,11,8.33,32,33.68,5,3,60.0,2,5,11,0,0,0,5,7,12,2,0,0,0,0,0,16,0,0,15,1,0,0,0,0,0,0,0
1153261,Ángel Alarcón,Utrecht,angel alarcon,7.12,13,13,972,3,4.24,3,1.89,5,8,32,14,9.38,162,238,68.07,10,22,45.45,20,60,8,20,23,43,53.49,52,11,21.15,480,194,7,43,16,44,45.83,9,10,47.37,53,46.09,10,5,50.0,3,1,8,0,0,1,13,3,11,0,0,0,0,0,0,13,0,0,10,3,0,0,0,0,0,0,0
149731,Sébastien Haller,Utrecht,sebastien haller,6.71,21,10,956,1,2.45,3,1.03,2,3,23,10,4.35,211,294,71.77,4,4,100.0,17,72,3,6,3,9,33.33,0,0,0.0,458,141,4,33,15,31,43.06,67,41,62.04,98,54.44,8,4,50.0,6,5,3,1,0,0,6,15,22,1,0,0,0,0,0,13,0,0,9,4,0,0,0,0,0,0,0
1047395,Couhaib Driouech,PSV,couhaib driouech,6.75,29,5,953,4,4.24,6,2.17,7,5,37,13,10.81,305,384,79.43,11,26,42.31,20,122,6,13,9,24,37.5,41,10,24.39,605,173,6,52,7,39,45.35,5,9,35.71,44,44.0,20,12,60.0,1,6,8,0,1,1,8,18,10,4,0,0,0,0,1,18,0,0,11,7,0,0,0,0,0,0,0
1388535,Givairo Read,Feyenoord,givairo read,6.81,16,11,940,1,1.21,3,1.56,3,1,16,3,6.25,359,411,87.35,10,20,50.0,11,88,5,11,13,18,72.22,30,6,20.0,703,146,2,44,9,46,62.16,3,3,50.0,49,61.25,19,9,47.37,12,22,6,1,0,0,7,7,14,2,0,0,0,0,0,12,0,0,9,3,0,0,0,0,0,0,0
1960315,Lushendry Edward Martes,Sparta R.,lushendry edward martes,6.77,13,12,940,0,0.25,0,0.68,1,0,6,2,0.0,325,395,82.28,29,49,59.18,7,65,11,24,7,15,46.67,14,4,28.57,670,112,1,48,6,47,51.65,14,17,45.16,61,50.0,31,22,70.97,10,32,1,6,1,0,16,14,9,5,0,0,0,0,1,14,0,0,13,1,0,0,0,0,0,0,0
1423743,Deron Payne,Volendam,deron payne,6.64,15,11,931,0,0.18,0,0.27,0,0,3,0,0.0,269,326,82.52,9,17,52.94,3,68,8,15,6,14,42.86,18,1,5.56,563,112,2,44,6,43,59.72,8,6,57.14,51,59.3,31,21,67.74,9,22,1,7,0,0,4,11,6,1,0,0,0,0,0,20,0,0,17,3,0,0,0,0,0,0,0
796279,Jordan Lotomba,Feyenoord,jordan lotomba,6.55,20,8,921,0,0.44,1,0.74,2,0,4,2,0.0,325,366,88.8,0,10,0.0,4,82,2,7,5,11,45.45,10,2,20.0,590,87,3,33,7,29,53.7,16,10,61.54,45,56.25,17,9,52.94,8,36,2,7,0,1,4,8,7,0,0,0,0,0,0,19,0,0,14,5,0,0,0,0,0,0,0
40963,Jeroen Zoet,AZ Alkmaar,jeroen zoet,6.67,11,10,918,0,,1,0.07,1,0,0,0,0.0,169,298,56.71,66,190,34.74,2,12,11,19,0,0,0.0,0,0,0.0,372,129,0,75,0,2,100.0,1,0,100.0,3,100.0,0,0,0.0,0,2,0,0,1,3,0,0,2,0,0,31,0,9,2,15,17,14,10,5,1,2,2,3,0,1,0
1648756,Ayoub Oufkir,AZ Alkmaar,ayoub oufkir,6.66,24,7,918,1,4.13,2,1.68,3,6,30,13,3.33,190,248,76.61,9,15,60.0,8,91,1,9,18,50,36.0,37,3,8.11,509,180,9,44,10,47,39.5,3,7,30.0,50,38.76,15,10,66.67,5,16,4,2,0,0,13,17,14,3,0,0,0,0,0,13,0,0,10,3,0,0,0,0,0,0,0
190435,Marko Pjaca,Twente,marko pjaca,6.78,27,7,912,2,2.74,1,2.82,3,4,25,12,8.0,312,378,82.54,14,21,66.67,14,131,10,18,23,50,46.0,29,10,34.48,626,166,7,46,20,48,46.6,15,17,46.88,63,46.67,12,7,58.33,11,21,5,1,0,0,1,7,14,1,0,0,0,0,0,11,0,0,9,2,0,0,0,0,0,0,0
875673,Justin Lonwijk,Fortuna Sittard,justin lonwijk,6.69,15,12,905,4,1.86,0,0.67,0,2,15,5,26.67,131,207,63.29,6,16,37.5,10,50,6,19,4,13,30.77,6,1,16.67,401,125,5,27,18,39,41.49,10,22,31.25,49,38.89,21,15,71.43,11,17,2,2,0,0,12,16,14,1,0,0,0,0,0,17,0,0,15,2,0,0,0,0,0,0,0
961686,Syb Van Ottele,Fortuna Sittard,syb van ottele,6.8,15,9,901,0,0.18,0,0.7,0,0,6,2,0.0,351,447,78.52,36,81,44.44,8,63,27,54,2,7,28.57,2,1,50.0,617,118,3,45,5,42,56.76,24,16,60.0,66,57.89,29,19,65.52,6,50,0,7,1,2,11,11,11,2,0,0,0,0,0,19,0,0,17,2,0,0,0,0,0,0,0
128992,Luuk Koopmans,Fortuna Sittard,luuk koopmans,6.95,10,10,900,0,,0,0.08,1,0,0,0,0.0,152,333,45.65,107,286,37.41,1,38,5,11,0,0,0.0,0,0,0.0,419,183,0,103,0,3,100.0,3,1,75.0,6,85.71,1,1,100.0,0,18,0,0,0,0,0,0,2,0,0,32,0,6,0,21,19,12,18,3,4,7,7,9,0,0,0
544532,Bilal Ould-Chikh,Volendam,bilal ould-chikh,7.05,12,11,893,0,0.54,1,3.96,5,0,13,4,0.0,164,217,75.58,7,12,58.33,20,73,6,14,10,19,52.63,72,18,25.0,427,144,3,25,9,36,50.7,1,10,9.09,37,45.12,7,3,42.86,3,3,7,0,0,1,12,6,19,0,0,0,0,0,0,12,0,0,11,1,0,0,0,0,0,0,0
966429,David Min,Utrecht,david min,6.62,23,7,892,4,5.67,1,0.79,1,6,24,7,16.67,145,200,72.5,6,8,75.0,13,59,6,10,10,19,52.63,0,0,0.0,365,117,6,32,20,26,35.14,29,39,42.65,55,38.73,5,2,40.0,4,8,3,3,0,0,3,17,11,1,0,0,0,0,0,16,0,0,15,1,0,0,0,0,0,0,0
1153117,Mexx Meerdink,AZ Alkmaar,mexx meerdink,6.67,19,9,890,5,6.81,1,0.61,2,7,36,13,13.89,131,192,68.23,4,5,80.0,7,59,8,12,6,10,60.0,1,0,0.0,333,105,5,25,14,24,42.86,30,43,41.1,54,41.86,5,3,60.0,0,7,4,0,0,1,3,15,13,2,0,0,0,0,1,15,0,0,11,4,0,0,0,0,0,0,0
1008697,Anthony Descotte,Volendam,anthony descotte,6.81,14,9,881,4,2.74,1,0.93,2,2,25,16,16.0,137,196,69.9,8,11,72.73,10,65,4,12,8,18,44.44,4,1,25.0,335,114,3,27,18,25,38.46,16,28,36.36,41,37.61,8,4,50.0,0,4,4,0,1,0,3,10,9,2,0,0,0,0,1,14,0,0,13,1,0,0,0,0,0,0,0
27035,André Ayew,NAC Breda,andre ayew,6.48,17,8,881,1,3.28,0,0.59,1,6,25,8,4.0,148,210,70.48,4,7,57.14,8,57,2,9,6,15,40.0,8,3,37.5,387,119,5,26,20,35,47.3,33,57,36.67,68,41.46,7,4,57.14,2,16,4,1,0,0,5,5,22,1,0,0,0,0,3,13,0,0,12,1,0,0,0,0,0,0,0
842536,Alfons Sampsted,Go Ahead Eagles,alfons sampsted,6.73,12,12,877,0,0.17,2,0.41,0,0,2,1,0.0,248,315,78.73,13,45,28.89,6,40,7,18,1,4,25.0,16,3,18.75,554,98,1,32,1,37,66.07,15,22,40.54,52,55.91,32,17,53.13,8,42,1,4,0,0,10,5,5,0,1,0,0,0,3,11,0,0,11,0,0,0,0,0,0,0,0
860160,Gijs Smal,Feyenoord,gijs smal,6.98,17,10,876,0,1.15,2,1.22,0,3,11,2,0.0,437,514,85.02,19,46,41.3,16,149,21,43,5,9,55.56,31,5,16.13,738,133,7,39,2,36,75.0,15,14,51.72,51,66.23,20,16,80.0,12,18,4,4,0,0,3,3,11,0,0,0,0,0,2,9,0,0,6,3,0,0,0,0,0,0,0
1592993,Tyrique Mercera,Groningen,tyrique mercera,6.52,22,7,869,0,0.16,1,1.17,1,0,3,0,0.0,211,268,78.73,10,13,76.92,5,52,3,5,2,6,33.33,17,5,29.41,507,119,4,29,4,33,53.23,24,38,38.71,57,45.97,25,12,48.0,5,29,1,6,0,1,4,18,6,3,0,0,0,0,1,17,0,0,16,1,0,0,0,0,0,0,0
1028070,Lasse Selvåg Nordås,Heerenveen,lasse selvag nordas,6.73,16,10,864,6,7.25,1,1.22,1,3,40,16,15.0,132,210,62.86,1,1,100.0,8,48,1,4,9,20,45.0,2,0,0.0,421,157,2,23,17,23,29.11,43,49,46.74,66,38.6,6,5,83.33,3,16,12,3,0,0,5,25,8,2,0,0,0,0,0,15,0,0,11,4,0,0,0,0,0,0,0
984880,Jannes Wieckhoff,Heracles Almelo,jannes wieckhoff,6.41,19,9,860,0,0.11,0,0.85,0,0,4,0,0.0,232,301,77.08,14,33,42.42,11,60,7,18,7,13,53.85,24,6,25.0,502,112,4,40,3,43,52.44,4,5,44.44,47,51.65,26,13,50.0,11,26,0,0,1,1,10,20,10,3,0,0,0,0,0,25,0,0,22,3,0,0,0,0,0,0,0
156676,Robert Mühren,Volendam,robert muhren,6.66,31,5,854,6,4.83,1,1.28,4,7,22,12,27.27,88,134,65.67,8,17,47.06,14,40,3,10,3,7,42.86,6,2,33.33,247,74,4,22,7,16,38.1,11,25,30.56,27,34.62,8,6,75.0,2,12,0,4,0,0,8,8,6,0,0,0,0,0,0,18,0,0,17,1,0,0,0,0,0,0,0
1218004,Jaden Slory,Go Ahead Eagles,jaden slory,6.52,19,9,843,0,0.67,1,1.35,2,0,12,2,0.0,140,178,78.65,3,11,27.27,12,70,3,8,15,34,44.12,42,11,26.19,392,137,5,47,20,43,45.26,3,16,15.79,46,40.35,11,8,72.73,7,6,7,2,0,0,5,9,17,1,0,0,0,0,0,10,0,0,8,2,0,0,0,0,0,0,0
1638685,Mateo Chávez,AZ Alkmaar,mateo chavez,6.85,20,9,838,1,1.32,2,1.71,2,0,15,5,6.67,311,420,74.05,18,43,41.86,10,89,20,49,9,18,50.0,22,3,13.64,709,160,3,37,7,79,60.31,12,6,66.67,91,61.07,56,35,62.5,13,26,5,1,0,0,23,13,15,5,0,0,0,0,0,13,0,0,10,3,0,0,0,0,0,0,0
954317,Naci Ünüvar,Heracles Almelo,naci unuvar,6.79,18,9,838,2,3.38,1,1.21,2,4,17,5,11.76,176,219,80.37,8,18,44.44,13,81,11,21,15,30,50.0,22,7,31.82,394,111,12,59,17,46,46.0,4,3,57.14,50,46.73,21,11,52.38,3,3,8,1,0,0,7,16,10,3,0,0,0,0,0,21,0,0,18,3,0,0,0,0,0,0,0
1146002,Dave Kwakman,Volendam,dave kwakman,6.87,16,9,837,0,0.64,4,0.61,3,1,11,2,0.0,326,382,85.34,17,36,47.22,7,49,12,28,7,16,43.75,3,1,33.33,580,85,2,40,9,67,60.36,9,14,39.13,76,56.72,36,20,55.56,11,36,6,6,0,1,11,16,24,1,0,0,0,0,0,16,0,0,13,3,0,0,0,0,0,0,0
1403090,Rayane Bounida,Ajax,rayane bounida,6.95,22,9,828,1,2.76,5,3.14,5,3,37,10,2.7,329,396,83.08,18,31,58.06,32,130,15,26,17,31,54.84,60,12,20.0,668,174,1,39,14,54,50.94,6,15,28.57,60,47.24,15,6,40.0,2,16,19,3,0,1,14,12,22,4,0,0,0,0,0,12,0,0,12,0,0,0,0,0,0,0,0
1489193,Artem Stepanov,Utrecht,artem stepanov,6.64,13,11,823,4,5.36,1,0.33,2,4,27,9,14.81,103,150,68.67,5,7,71.43,6,34,9,11,7,23,30.43,6,1,16.67,319,124,7,32,13,20,27.78,23,22,51.11,43,36.75,8,4,50.0,1,7,6,0,0,0,6,18,5,0,0,0,0,0,0,7,0,0,6,1,0,0,0,0,0,0,0
825838,Armando Obispo,PSV,armando obispo,6.89,17,9,821,2,1.49,0,0.27,0,3,11,6,18.18,526,587,89.61,28,48,58.33,0,86,18,36,3,3,100.0,0,0,0.0,709,69,0,32,1,12,60.0,39,30,56.52,51,57.3,6,3,50.0,6,56,1,5,1,0,2,6,4,1,0,0,0,0,0,12,0,0,11,1,0,0,0,0,0,0,0
116946,Jordy Clasie,AZ Alkmaar,jordy clasie,7.02,12,10,815,1,0.28,1,1.3,2,0,8,3,12.5,522,584,89.38,28,47,59.57,12,152,17,31,4,7,57.14,1,0,0.0,680,77,4,49,5,24,52.17,5,2,71.43,29,54.72,16,12,75.0,9,18,3,3,0,1,7,8,4,2,1,0,0,0,1,13,0,0,12,1,0,0,0,0,0,0,0
860158,Kay Tejan,Telstar,kay tejan,6.57,28,6,812,3,4.81,1,0.85,1,8,26,14,11.54,115,177,64.97,7,15,46.67,7,50,5,12,9,25,36.0,10,2,20.0,351,135,2,25,15,26,27.96,27,36,42.86,53,33.97,12,8,66.67,3,8,5,2,0,0,7,31,5,4,0,0,0,0,0,24,0,0,19,5,0,0,0,0,0,0,0
1091627,Max Bruns,Twente,max bruns,6.89,13,8,808,1,0.31,0,0.4,0,0,3,1,33.33,437,512,85.35,33,65,50.77,3,94,20,38,3,5,60.0,5,0,0.0,651,96,0,45,2,19,63.33,20,22,47.62,39,54.17,12,9,75.0,9,40,1,9,0,0,3,5,4,0,0,0,0,0,1,11,0,0,10,1,0,0,0,0,0,0,0
886242,Jakub Moder,Feyenoord,jakub moder,6.86,10,9,803,1,2.53,1,0.96,1,2,21,7,4.76,279,371,75.2,10,23,43.48,11,116,12,22,5,12,41.67,11,4,36.36,543,134,4,23,5,34,50.75,20,10,66.67,54,55.67,19,8,42.11,8,17,9,3,0,1,9,12,10,3,0,0,0,0,2,9,0,0,6,3,0,0,0,0,0,0,0
133168,Gerrit Nauber,Go Ahead Eagles,gerrit nauber,7.16,9,9,799,2,1.21,0,1.06,2,2,7,4,28.57,424,481,88.15,22,56,39.29,4,61,13,31,0,0,0.0,1,0,0.0,587,62,0,22,0,4,33.33,30,17,63.83,34,57.63,4,3,75.0,5,51,1,13,1,0,2,7,0,1,0,0,0,0,1,16,0,0,14,2,0,0,0,0,0,0,0
1461935,Moussa Soumano,NAC Breda,moussa soumano,6.76,16,9,798,5,3.8,0,0.51,0,6,42,16,11.9,148,194,76.29,3,4,75.0,10,57,3,5,8,23,34.78,3,0,0.0,379,117,5,25,20,24,33.33,34,30,53.13,58,42.65,5,4,80.0,2,6,10,0,0,0,2,11,13,0,0,0,0,0,0,16,0,0,16,0,0,0,0,0,0,0,0
99960,Jens Toornstra,Sparta R.,jens toornstra,6.67,17,9,795,0,1.08,0,0.99,1,1,11,2,0.0,234,315,74.29,23,52,44.23,13,82,20,36,6,13,46.15,29,4,13.79,472,135,7,42,6,29,47.54,4,5,44.44,33,47.14,20,11,55.0,9,22,6,3,0,1,14,5,3,5,0,0,0,0,2,20,0,0,13,7,0,0,0,0,0,0,0
2180363,Yassir Rahmouni,Go Ahead Eagles,yassir rahmouni,6.66,20,7,787,0,0.08,0,0.35,1,0,3,0,0.0,313,372,84.14,13,31,41.94,1,70,13,26,2,3,66.67,5,1,20.0,475,72,0,24,0,32,74.42,8,16,33.33,40,59.7,20,12,60.0,2,23,0,5,0,0,2,8,10,2,0,0,0,0,1,20,0,0,17,3,0,0,0,0,0,0,0
964766,Thibo Baeten,Go Ahead Eagles,thibo baeten,6.44,20,5,772,1,0.99,2,1.17,2,2,15,7,6.67,106,131,80.92,4,8,50.0,11,48,4,7,13,28,46.43,56,7,12.5,424,165,2,24,17,50,42.02,2,17,10.53,52,37.68,19,7,36.84,3,13,3,1,0,0,10,29,18,2,1,0,0,0,0,15,0,0,14,1,0,0,0,0,0,0,0
916947,Kenzo Goudmijn,Go Ahead Eagles,kenzo goudmijn,6.57,16,11,770,0,0.77,0,1.22,2,1,12,3,0.0,298,375,79.47,17,37,45.95,10,139,17,35,3,11,27.27,37,6,16.22,528,153,5,33,17,23,33.82,8,6,57.14,31,37.8,10,5,50.0,3,5,4,1,0,0,13,7,10,1,0,0,0,0,0,11,0,0,8,3,0,0,0,0,0,0,0
1009285,Szymon Włodarczyk,Excelsior,szymon wlodarczyk,6.51,23,9,764,3,5.08,1,0.46,1,6,21,10,14.29,91,136,66.91,7,9,77.78,11,39,3,7,3,6,50.0,5,1,20.0,269,101,4,17,15,11,23.91,18,53,25.35,29,24.79,4,3,75.0,0,9,4,2,0,0,9,10,4,1,0,0,0,0,0,10,0,0,7,3,0,0,0,0,0,0,0
226762,Fredrik Jensen,NAC Breda,fredrik jensen,6.69,11,9,762,0,0.45,1,0.24,0,0,7,4,0.0,447,509,87.82,21,45,46.67,3,60,16,43,1,1,100.0,0,0,0.0,595,67,0,40,1,20,64.52,20,21,48.78,40,55.56,11,10,90.91,12,30,1,1,0,0,5,6,8,0,1,0,0,0,1,16,0,0,15,1,0,0,0,0,0,0,0
1509752,Nick Fichtinger,Zwolle,nick fichtinger,6.63,20,5,762,0,0.43,1,0.26,0,0,7,2,0.0,204,287,71.08,7,26,26.92,3,49,16,30,1,4,25.0,1,0,0.0,478,115,0,28,6,49,58.33,20,18,52.63,69,56.56,40,26,65.0,18,33,2,8,0,0,12,14,8,3,1,0,0,0,0,20,0,0,17,3,0,0,0,0,0,0,0
1384486,Thijs Kraaijeveld,Feyenoord,thijs kraaijeveld,6.83,15,8,759,0,0.26,0,0.34,0,0,6,0,0.0,319,369,86.45,14,36,38.89,4,56,5,24,0,9,0.0,1,0,0.0,493,73,1,28,3,21,44.68,18,7,72.0,39,54.17,17,11,64.71,10,32,2,5,0,1,9,7,4,2,0,0,0,0,2,6,0,0,5,1,0,0,0,0,0,0,0
974020,Xavier Mbuyamba,Volendam,xavier mbuyamba,6.74,16,6,755,1,0.75,0,0.38,1,1,10,3,10.0,339,413,82.08,26,47,55.32,3,65,10,24,2,3,66.67,1,0,0.0,558,89,1,27,2,26,54.17,24,16,60.0,50,56.82,18,9,50.0,7,49,0,11,0,0,9,10,6,2,0,0,0,0,0,18,0,0,17,1,0,0,0,0,0,0,0
571964,Enes Mahmutović,NAC Breda,enes mahmutovic,6.6,15,7,753,0,1.01,0,0.07,0,1,10,1,0.0,223,276,80.8,14,35,40.0,3,20,15,28,0,1,0.0,0,0,0.0,417,63,0,33,2,15,48.39,33,23,58.93,48,55.17,7,6,85.71,7,60,2,7,0,1,2,12,9,2,0,0,0,0,1,14,0,0,13,1,0,0,0,0,0,0,0
980742,Erik Ahlstrand,Heracles Almelo,erik ahlstrand,6.43,14,7,748,0,0.38,1,1.75,0,0,8,2,0.0,157,212,74.06,6,15,40.0,12,84,8,16,4,11,36.36,42,9,21.43,389,132,2,33,10,26,41.27,3,9,25.0,29,38.67,19,15,78.95,7,15,1,0,0,2,8,12,3,0,0,0,0,0,0,22,0,0,20,2,0,0,0,0,0,0,0
1083398,Raul Paula,NAC Breda,raul paula,6.71,21,7,724,2,1.42,2,2.25,2,1,23,6,8.7,211,266,79.32,11,15,73.33,15,80,10,15,12,25,48.0,28,5,17.86,436,128,5,21,16,41,46.07,6,16,27.27,47,42.34,8,6,75.0,2,3,10,0,0,0,9,10,21,2,0,0,0,0,1,13,0,0,13,0,0,0,0,0,0,0,0
856743,Fabian De Keijzer,Heracles Almelo,fabian de keijzer,7.18,8,8,720,0,,0,0.11,0,0,0,0,0.0,170,318,53.46,81,226,35.84,0,39,8,14,0,0,0.0,0,0,0.0,391,151,0,76,0,0,0.0,0,0,0.0,0,0.0,0,0,0.0,0,10,0,0,1,1,0,0,0,0,0,37,0,5,1,20,17,19,18,2,3,3,3,6,0,0,0
150494,Mike van Duinen,Excelsior,mike van duinen,6.54,28,5,719,1,1.49,2,0.5,3,1,18,4,5.56,83,149,55.7,5,12,41.67,7,33,2,4,3,8,37.5,0,0,0.0,282,109,4,20,14,19,28.36,43,55,43.88,62,37.58,12,9,75.0,2,12,4,3,0,0,4,28,4,2,0,0,0,0,0,13,0,0,11,2,0,0,0,0,0,0,0
788971,Juninho Bacuna,Volendam,juninho bacuna,6.95,13,8,717,0,1.27,2,0.72,0,0,18,2,0.0,228,326,69.94,25,58,43.1,9,84,15,42,11,18,61.11,31,3,9.68,528,166,1,46,6,37,53.62,34,25,57.63,71,55.47,17,11,64.71,12,12,9,6,0,1,5,15,9,1,0,0,0,0,1,12,0,0,11,1,0,0,0,0,0,0,0
1590941,Kasper Boogaard,AZ Alkmaar,kasper boogaard,6.55,11,8,711,0,0.24,2,1.38,4,0,6,1,0.0,268,343,78.13,15,36,41.67,10,48,8,22,5,8,62.5,9,3,33.33,457,101,4,37,7,23,44.23,7,14,33.33,30,41.1,11,5,45.45,11,11,1,2,1,0,9,11,7,1,0,0,0,0,1,13,0,0,7,6,0,0,0,0,0,0,0
74577,Patrick van Aanholt,Sparta R.,patrick van aanholt,6.93,13,8,694,1,1.19,3,1.04,2,2,10,3,10.0,222,282,78.72,10,22,45.45,12,51,5,11,8,12,66.67,18,5,27.78,451,93,4,38,3,27,55.1,3,1,75.0,30,56.6,18,11,61.11,6,17,4,6,0,0,11,4,1,2,0,0,0,0,2,17,0,0,11,6,0,0,0,0,0,0,0
987647,Søren Tengstedt,Go Ahead Eagles,soren tengstedt,6.78,13,9,690,4,1.77,0,0.42,0,1,19,7,21.05,125,163,76.69,5,12,41.67,9,55,6,11,12,20,60.0,17,3,17.65,308,96,5,27,14,26,46.43,3,6,33.33,29,44.62,4,4,100.0,4,8,6,1,0,1,5,3,10,1,0,0,0,0,0,14,0,0,14,0,0,0,0,0,0,0,0
1119473,Giovanni van Zwam,Go Ahead Eagles,giovanni van zwam,6.67,12,6,685,0,0.37,0,0.29,1,1,5,1,0.0,291,349,83.38,20,47,42.55,2,29,8,24,1,1,100.0,3,1,33.33,468,74,0,14,1,12,46.15,14,17,45.16,26,45.61,7,5,71.43,7,43,3,10,0,2,5,8,4,0,0,0,0,0,0,9,0,0,9,0,0,0,0,0,0,0,0
878599,Oliver Valaker Edvardsen,Ajax,oliver valaker edvardsen,6.56,18,6,661,0,0.73,1,1.01,3,2,4,1,0.0,197,240,82.08,6,7,85.71,9,67,1,4,5,10,50.0,20,5,25.0,374,89,3,30,14,31,44.93,13,11,54.17,44,47.31,9,7,77.78,4,9,2,0,0,0,8,12,18,3,0,0,0,0,0,14,0,0,12,2,0,0,0,0,0,0,0
905174,Ibrahim Sadiq,AZ Alkmaar,ibrahim sadiq,6.64,20,5,646,2,2.09,0,0.89,1,2,21,10,9.52,176,225,78.22,13,21,61.9,8,63,6,10,5,17,29.41,12,3,25.0,363,98,3,29,12,23,36.51,9,13,40.91,32,37.65,8,6,75.0,3,11,4,1,0,0,8,8,10,3,0,0,0,0,0,11,0,0,9,2,0,0,0,0,0,0,0
846003,Odysseus Velanas,Zwolle,odysseus velanas,6.88,13,7,639,2,1.94,1,1.43,4,2,8,6,25.0,171,214,79.91,4,9,44.44,13,45,6,11,2,6,33.33,33,8,24.24,355,99,3,30,8,40,56.34,5,11,31.25,45,51.72,21,12,57.14,2,8,1,0,0,0,12,7,17,0,0,0,0,0,0,22,0,0,16,6,0,0,0,0,0,0,0
907517,Stefán Ingi Sigurðarson,Go Ahead Eagles,stefan ingi sigurdarson,6.71,14,8,637,3,3.08,0,0.16,0,5,24,12,12.5,81,135,60.0,3,6,50.0,5,23,2,8,3,12,25.0,1,0,0.0,266,91,4,13,5,17,50.0,34,40,45.95,51,47.22,3,3,100.0,2,18,7,2,0,0,2,2,11,0,0,0,0,0,0,13,0,0,13,0,0,0,0,0,0,0,0
578344,Arno Verschueren,Twente,arno verschueren,6.57,30,3,602,0,1.18,2,2.28,6,1,15,7,0.0,174,263,66.16,7,22,31.82,16,91,13,31,7,11,63.64,10,5,50.0,405,124,5,30,5,24,40.0,17,21,44.74,41,41.84,14,7,50.0,6,15,4,1,0,0,8,19,3,1,0,0,0,0,0,11,0,0,8,3,0,0,0,0,0,0,0
860161,Alex Plat,Volendam,alex plat,6.62,17,6,589,0,0.64,0,0.22,0,1,3,1,0.0,196,252,77.78,17,26,65.38,5,45,8,15,5,6,83.33,4,0,0.0,364,82,5,43,5,25,55.56,7,9,43.75,32,52.46,10,5,50.0,14,12,1,3,0,1,7,7,10,2,0,0,0,0,0,14,0,0,12,2,0,0,0,0,0,0,0
1213381,Billy van Duijl,AZ Alkmaar,billy van duijl,7.31,7,6,585,1,0.32,0,0.62,0,0,3,1,33.33,277,340,81.47,42,79,53.16,2,42,31,52,6,7,85.71,4,1,25.0,446,72,1,30,2,26,70.27,3,10,23.08,29,58.0,18,10,55.56,5,30,2,6,0,1,5,3,2,0,0,0,0,0,3,7,0,0,6,1,0,0,0,0,0,0,0
961674,Tijs Velthuis,Zwolle,tijs velthuis,6.55,14,6,580,0,,0,0.09,0,0,0,0,0.0,267,306,87.25,15,28,53.57,2,16,4,13,0,0,0.0,1,0,0.0,382,42,0,22,1,6,46.15,13,7,65.0,19,57.58,6,5,83.33,9,38,0,8,0,1,0,6,0,0,0,0,0,0,0,14,0,0,10,4,0,0,0,0,0,0,0
794362,Emil Hansson,Excelsior,emil hansson,6.68,12,8,579,1,0.51,1,1.64,4,1,8,5,12.5,143,173,82.66,2,2,100.0,10,54,4,8,7,18,38.89,39,11,28.21,281,87,3,21,2,11,32.35,1,2,33.33,12,32.43,3,1,33.33,1,5,1,0,0,0,7,3,1,1,0,0,0,0,0,9,0,0,8,1,0,0,0,0,0,0,0
980383,Raúl Moro,Ajax,raul moro,6.7,14,7,569,0,0.96,1,2.25,4,1,9,5,0.0,143,176,81.25,4,5,80.0,16,83,2,3,5,20,25.0,40,5,12.5,293,105,3,21,0,13,34.21,1,2,33.33,14,34.15,6,2,33.33,4,1,1,0,1,1,7,3,2,1,0,0,0,0,0,9,0,0,7,2,0,0,0,0,0,0,0
1121247,Nikolai Soyset Hopland,Heerenveen,nikolai soyset hopland,6.69,18,5,563,1,0.81,0,0.1,0,0,2,1,50.0,317,358,88.55,21,36,58.33,2,40,6,18,0,1,0.0,1,0,0.0,444,52,0,24,3,14,45.16,16,10,61.54,30,52.63,10,4,40.0,7,33,1,0,0,1,8,5,4,1,0,0,0,0,0,10,0,0,6,4,0,0,0,0,0,0,0
1586649,Aaron Bouwman,Ajax,aaron bouwman,7.1,8,6,560,1,0.3,0,0.25,1,0,2,2,50.0,385,410,93.9,10,20,50.0,1,30,2,6,1,1,100.0,0,0,0.0,482,29,0,23,1,8,44.44,3,9,25.0,11,36.67,7,4,57.14,4,33,0,5,0,1,2,7,0,2,0,0,0,0,4,3,0,0,3,0,0,0,0,0,0,0,0
1170900,Matěj Šín,AZ Alkmaar,matej sin,6.7,18,6,557,1,1.3,1,1.01,2,1,9,3,11.11,147,188,78.19,6,10,60.0,12,55,4,7,2,6,33.33,5,1,20.0,277,74,4,35,11,14,32.56,1,7,12.5,15,29.41,8,6,75.0,5,9,4,3,0,1,7,7,4,1,0,0,0,0,0,8,0,0,5,3,0,0,0,0,0,0,0
797279,Bart Nieuwkoop,Feyenoord,bart nieuwkoop,6.84,17,5,556,1,0.74,0,1.51,0,0,5,2,20.0,176,230,76.52,4,16,25.0,7,64,3,9,1,3,33.33,10,0,0.0,397,93,3,22,0,25,55.56,19,12,61.29,44,57.89,20,14,70.0,9,28,1,1,0,1,5,13,4,3,0,0,0,0,0,4,0,0,3,1,0,0,0,0,0,0,0
1403075,Gerald Alders,Telstar,gerald alders,6.65,10,7,553,0,0.03,0,0.93,2,0,1,0,0.0,201,244,82.38,7,13,53.85,4,58,6,11,1,4,25.0,13,4,30.77,390,73,1,27,6,35,66.04,2,15,11.76,37,52.86,20,9,45.0,6,22,0,3,1,0,3,7,14,0,0,0,0,0,0,9,0,0,7,2,0,0,0,0,0,0,0
856648,Victor Jensen,Utrecht,victor jensen,7.44,8,7,547,5,2.47,0,0.81,0,1,14,8,35.71,124,150,82.67,7,9,77.78,7,38,6,6,3,4,75.0,1,0,0.0,232,43,1,17,1,27,67.5,9,9,50.0,36,62.07,14,8,57.14,4,2,2,0,0,0,5,6,10,1,0,0,0,0,0,7,0,0,6,1,0,0,0,0,0,0,0
339941,Hidde Jurjus,Groningen,hidde jurjus,7.01,7,5,547,0,,0,0.03,0,0,0,0,0.0,134,246,54.47,58,165,35.15,0,16,14,25,0,0,0.0,0,0,0.0,308,113,0,60,0,0,0.0,1,0,100.0,1,100.0,0,0,0.0,1,8,0,0,0,1,0,0,0,0,0,25,0,3,1,10,17,8,9,1,5,7,7,5,0,1,0
1133679,Stan Henderikx,Excelsior,stan henderikx,6.29,10,5,542,0,0.11,0,0.21,0,0,4,3,0.0,232,275,84.36,16,40,40.0,0,28,9,20,0,0,0.0,2,1,50.0,367,51,0,19,0,13,54.17,11,5,68.75,24,60.0,9,5,55.56,12,29,0,2,0,0,4,7,4,0,1,0,0,0,1,17,0,0,14,3,0,0,0,0,0,0,0
148623,Virgil Misidjan,NEC Nijmegen,virgil misidjan,6.75,17,4,541,1,0.47,2,1.65,4,0,11,4,9.09,158,193,81.87,9,15,60.0,10,82,9,11,3,18,16.67,19,2,10.53,328,100,5,27,11,21,36.84,6,6,50.0,27,39.13,5,3,60.0,1,2,4,0,0,0,2,8,13,1,0,0,0,0,0,11,0,0,10,1,0,0,0,0,0,0,0
834597,Jesper Karlsson,Utrecht,jesper karlsson,6.91,16,5,538,4,1.3,1,1.8,5,1,20,9,20.0,124,167,74.25,5,7,71.43,12,55,5,8,7,14,50.0,32,10,31.25,312,101,5,36,14,23,45.1,7,9,43.75,30,44.78,9,1,11.11,2,8,6,1,0,0,3,5,7,2,0,0,0,0,0,7,0,0,4,3,0,0,0,0,0,0,0
1084944,Calvin Twigt,Willem II Tilburg,calvin twigt,6.61,12,6,538,0,0.07,0,0.86,1,0,2,1,0.0,235,286,82.17,17,35,48.57,3,49,12,25,1,5,20.0,10,3,30.0,378,71,0,17,2,17,45.95,5,6,45.45,22,45.83,11,6,54.55,8,16,0,5,0,0,5,9,5,1,1,0,0,0,0,9,0,0,9,0,0,0,0,0,0,0,0
966546,Mathias Kjølø,Twente,mathias kjolo,6.62,19,3,534,0,0.21,0,0.55,1,0,5,3,0.0,209,260,80.38,9,23,39.13,5,76,6,11,1,8,12.5,6,3,50.0,349,70,0,29,2,11,35.48,4,9,30.77,15,34.09,8,6,75.0,4,22,1,1,0,0,5,6,2,0,0,0,0,0,0,10,0,0,9,1,0,0,0,0,0,0,0
1129996,Hristiyan Petrov,Heerenveen,hristiyan petrov,6.61,21,3,534,0,0.13,0,0.36,0,0,2,0,0.0,231,269,85.87,11,21,52.38,7,41,4,11,1,1,100.0,10,0,0.0,395,59,1,19,0,13,65.0,17,12,58.62,30,61.22,9,5,55.56,9,32,2,7,0,0,4,4,3,1,1,0,0,0,0,11,0,0,8,3,0,0,0,0,0,0,0
1001945,Kian Fitz-Jim,Ajax,kian fitz-jim,6.8,17,4,530,1,0.89,0,1.62,2,0,13,4,7.69,300,342,87.72,9,21,42.86,4,88,4,13,7,16,43.75,3,0,0.0,455,68,2,37,5,34,50.0,1,1,50.0,35,50.0,20,12,60.0,16,8,5,0,0,1,9,11,7,2,0,0,0,0,0,9,0,0,7,2,0,0,0,0,0,0,0
923968,Dylan Mbayo,Zwolle,dylan mbayo,6.55,14,5,528,0,0.3,1,0.48,1,1,2,1,0.0,105,124,84.68,1,1,100.0,5,39,1,1,5,20,25.0,5,2,40.0,216,63,2,16,9,21,36.84,0,3,0.0,21,35.0,1,0,0.0,1,2,0,0,0,0,4,8,15,1,0,0,0,0,0,7,0,0,7,0,0,0,0,0,0,0,0
946950,Simon Janssen,Excelsior,simon janssen,6.51,13,5,518,0,0.58,1,1.32,2,1,6,5,0.0,133,157,84.71,11,22,50.0,5,35,6,9,1,3,33.33,24,5,20.83,288,61,3,18,2,17,54.84,3,7,30.0,20,48.78,10,5,50.0,5,12,0,2,0,0,6,4,6,0,0,0,0,0,0,13,0,0,11,2,0,0,0,0,0,0,0
1123613,Yvandro Borges Sanches,Heracles Almelo,yvandro borges sanches,6.72,11,5,515,2,0.32,0,0.29,0,0,6,4,33.33,95,114,83.33,6,8,75.0,1,25,4,9,8,21,38.1,9,2,22.22,233,71,2,25,9,24,45.28,0,4,0.0,24,42.11,13,8,61.54,0,5,1,0,0,0,5,2,3,0,0,0,0,0,0,18,0,0,16,2,0,0,0,0,0,0,0
1032926,Sayfallah Ltaief,Sparta R.,sayfallah ltaief,6.71,9,7,511,1,1.37,0,0.3,0,0,13,3,7.69,86,115,74.78,1,5,20.0,6,45,2,6,7,16,43.75,1,0,0.0,215,69,5,23,5,27,50.94,2,3,40.0,29,50.0,12,4,33.33,2,1,5,0,0,0,7,5,8,0,0,0,0,0,0,15,0,0,8,7,0,0,0,0,0,0,0
32386,Aaron Meijers,Volendam,aaron meijers,6.62,12,5,511,0,0.16,0,0.17,1,0,3,1,0.0,150,187,80.21,8,27,29.63,1,27,7,16,2,3,66.67,10,1,10.0,300,60,0,19,3,21,55.26,4,5,44.44,25,53.19,12,5,41.67,0,16,2,1,0,1,9,5,7,0,0,0,0,0,1,8,0,0,7,1,0,0,0,0,0,0,0
1381819,Jan Faberski,Zwolle,jan faberski,6.59,18,4,509,0,0.49,2,1.13,2,0,11,1,0.0,76,103,73.79,1,6,16.67,8,27,2,8,7,20,35.0,21,4,19.05,219,68,3,28,5,32,52.46,2,10,16.67,34,46.58,8,4,50.0,2,3,7,1,0,0,5,6,18,1,1,0,0,0,0,19,0,0,17,2,0,0,0,0,0,0,0
958317,Youssef el Kachati,NEC Nijmegen,youssef el kachati,6.74,19,1,500,3,2.09,2,1.94,2,3,22,8,13.64,89,119,74.79,3,4,75.0,6,54,2,2,5,13,38.46,21,3,14.29,244,86,11,20,5,21,45.65,7,18,28.0,28,39.44,8,4,50.0,1,3,8,0,0,0,2,12,8,0,0,0,0,0,0,9,0,0,7,2,0,0,0,0,0,0,0
1481249,Wouter Prins,Groningen,wouter prins,6.51,21,4,500,0,0.44,2,0.84,2,0,3,0,0.0,124,170,72.94,8,28,28.57,4,40,5,19,2,5,40.0,11,2,18.18,357,111,1,24,5,26,54.17,8,15,34.78,34,47.89,22,13,59.09,4,28,0,2,0,0,7,7,2,0,0,0,0,0,0,15,0,0,14,1,0,0,0,0,0,0,0
1211982,Miliano Jonathans,Excelsior,miliano jonathans,6.66,16,3,493,2,1.93,1,1.27,2,1,15,5,13.33,123,164,75.0,9,16,56.25,9,40,8,17,7,18,38.89,16,7,43.75,286,91,2,24,9,22,42.31,6,7,46.15,28,43.08,5,3,60.0,0,6,6,1,0,0,4,6,11,1,0,0,0,0,0,12,0,0,11,1,0,0,0,0,0,0,0
995365,Dylan Mertens,Telstar,dylan mertens,6.55,20,4,486,0,0.55,0,0.52,0,1,8,1,0.0,108,136,79.41,4,11,36.36,4,48,8,14,9,15,60.0,11,2,18.18,270,66,8,35,12,37,52.86,7,11,38.89,44,50.0,20,10,50.0,3,9,5,4,0,1,3,12,8,2,0,0,0,0,0,16,0,0,14,2,0,0,0,0,0,0,0
1153163,Nolan Martens,De Graafschap,nolan martens,6.6,9,6,481,0,0.1,1,0.06,0,0,1,0,0.0,136,181,75.14,13,32,40.63,1,24,1,10,2,7,28.57,11,0,0.0,304,82,2,25,4,14,45.16,5,7,41.67,19,44.19,12,10,83.33,5,18,0,4,0,0,5,3,0,0,0,0,0,0,0,8,0,0,7,1,0,0,0,0,0,0,0
987077,Nökkvi Þórisson,Telstar,nokkvi thorisson,6.55,17,7,480,1,1.66,1,0.72,1,3,16,8,6.25,65,97,67.01,0,2,0.0,6,35,3,6,4,9,44.44,1,0,0.0,177,65,1,8,10,12,28.57,12,19,38.71,24,32.88,4,1,25.0,0,4,7,0,0,0,3,14,4,0,0,0,0,0,0,5,0,0,5,0,0,0,0,0,0,0,0
1479467,Aymen Sliti,Feyenoord,aymen sliti,6.65,19,3,478,1,1.05,0,1.53,3,1,11,3,9.09,139,184,75.54,8,13,61.54,9,74,7,13,6,15,40.0,50,10,20.0,324,116,3,19,4,17,41.46,9,8,52.94,26,44.83,4,1,25.0,2,7,5,0,0,0,5,6,7,0,0,0,0,0,0,9,0,0,7,2,0,0,0,0,0,0,0
1010846,Yassin Oukili,Fortuna Sittard,yassin oukili,6.69,13,3,473,2,0.71,0,0.21,1,0,9,4,22.22,116,160,72.5,6,14,42.86,2,36,6,9,1,5,20.0,1,0,0.0,243,66,6,28,4,25,54.35,6,9,40.0,31,50.82,21,9,42.86,7,3,4,1,0,0,3,10,3,3,0,0,0,0,0,17,0,0,14,3,0,0,0,0,0,0,0
983068,Václav Sejk,Heerenveen,vaclav sejk,6.52,17,3,471,3,2.08,1,0.65,2,2,14,6,21.43,62,109,56.88,2,4,50.0,10,29,1,3,3,9,33.33,2,0,0.0,201,81,4,20,5,17,36.17,20,27,42.55,37,39.36,7,4,57.14,1,3,4,0,0,0,3,16,7,1,0,0,0,0,0,10,0,0,9,1,0,0,0,0,0,0,0
996986,Luca Oyen,Heerenveen,luca oyen,6.51,14,5,468,1,2.1,0,0.61,0,1,16,4,6.25,116,145,80.0,1,8,12.5,8,59,2,6,11,28,39.29,17,4,23.53,269,91,6,25,14,20,34.48,4,5,44.44,24,35.82,5,4,80.0,2,3,8,1,0,0,3,5,4,0,0,0,0,0,0,7,0,0,6,1,0,0,0,0,0,0,0
1142678,Daouda Weidmann,Twente,daouda weidmann,6.68,16,5,462,0,0.62,1,0.73,0,1,10,4,0.0,221,264,83.71,7,21,33.33,10,76,6,12,5,12,41.67,18,7,38.89,399,90,5,30,7,21,48.84,5,3,62.5,26,50.98,12,11,91.67,8,10,3,1,0,0,5,3,4,1,0,0,0,0,0,9,0,0,7,2,0,0,0,0,0,0,0
979221,Gonçalo Borges,Feyenoord,goncalo borges,6.72,11,4,459,2,1.51,1,1.0,3,1,14,4,14.29,77,101,76.24,2,5,40.0,10,50,1,5,5,12,41.67,25,6,24.0,216,84,6,22,10,19,36.54,2,1,66.67,21,38.18,9,6,66.67,1,4,4,1,0,0,11,5,5,0,1,0,0,0,0,5,0,0,5,0,0,0,0,0,0,0,0
1136902,Makan Aïko,Fortuna Sittard,makan aiko,6.78,13,3,454,2,1.44,2,0.81,2,1,12,3,16.67,69,94,73.4,0,2,0.0,5,33,1,3,4,8,50.0,24,5,20.83,204,73,4,16,9,19,47.5,3,13,18.75,22,39.29,5,4,80.0,3,3,3,0,0,0,1,7,10,2,0,0,0,0,0,6,0,0,5,1,0,0,0,0,0,0,0
1193084,Mike Kleijn,Sparta R.,mike kleijn,6.63,11,4,446,0,0.06,1,0.6,1,0,1,1,0.0,133,164,81.1,3,9,33.33,1,24,2,12,0,2,0.0,7,1,14.29,275,54,1,20,3,23,79.31,1,4,20.0,24,70.59,20,12,60.0,6,12,0,0,0,1,1,0,3,0,0,0,0,0,0,10,0,0,9,1,0,0,0,0,0,0,0
798180,Thomas Ouwejan,NEC Nijmegen,thomas ouwejan,7.17,6,6,444,1,0.29,2,1.21,4,0,5,1,20.0,117,145,80.69,6,13,46.15,11,27,3,8,0,0,0.0,35,12,34.29,258,67,1,5,2,13,72.22,8,9,47.06,21,60.0,10,6,60.0,3,10,3,3,0,0,1,2,3,0,0,0,0,0,0,7,0,0,7,0,0,0,0,0,0,0,0
934249,Can Bozdoğan,Utrecht,can bozdogan,6.84,18,4,443,1,1.0,0,0.29,0,2,13,6,7.69,195,230,84.78,8,15,53.33,4,40,7,12,1,1,100.0,10,3,30.0,322,59,2,20,5,24,64.86,9,9,50.0,33,60.0,12,6,50.0,5,5,1,1,0,1,2,6,11,0,0,0,0,0,0,7,0,0,6,1,0,0,0,0,0,0,0
957937,Casper Tengstedt,Feyenoord,casper tengstedt,6.65,18,2,433,3,4.83,0,0.34,2,8,22,9,13.64,43,73,58.9,4,4,100.0,6,24,3,8,2,8,25.0,3,1,33.33,136,47,3,9,0,9,42.86,6,13,31.58,15,37.5,1,1,100.0,2,6,5,0,0,0,1,5,6,0,0,0,0,0,0,8,0,0,6,2,0,0,0,0,0,0,0
138534,Raheem Sterling,Feyenoord,raheem sterling,6.61,8,5,421,0,0.9,1,0.55,2,1,8,3,0.0,104,128,81.25,3,4,75.0,6,56,1,3,4,18,22.22,7,2,28.57,229,75,3,10,11,24,40.0,0,3,0.0,24,38.1,5,2,40.0,2,0,4,0,0,0,1,10,15,1,0,0,0,0,0,7,0,0,6,1,0,0,0,0,0,0,0
896210,Saïd Bakari,Sparta R.,said bakari,6.42,13,4,418,0,,0,0.24,0,0,0,0,0.0,178,205,86.83,14,24,58.33,3,36,3,6,3,7,42.86,7,1,14.29,321,51,0,29,4,15,50.0,9,5,64.29,24,54.55,9,5,55.56,10,14,0,2,0,1,5,2,3,0,0,0,0,0,0,13,0,0,11,2,0,0,0,0,0,0,0
1144148,Rhys Bozinovski,Heracles Almelo,rhys bozinovski,6.36,8,6,413,0,0.08,0,0.19,0,0,2,0,0.0,98,124,79.03,4,13,30.77,2,18,3,7,1,7,14.29,3,0,0.0,181,45,0,13,2,12,38.71,4,11,26.67,16,34.78,8,2,25.0,5,9,2,0,0,1,2,9,3,1,0,0,0,0,0,8,0,0,7,1,0,0,0,0,0,0,0
1520752,Benjamin Pauwels,Volendam,benjamin pauwels,6.89,8,5,397,1,1.03,0,0.46,1,1,17,6,5.88,84,99,84.85,3,4,75.0,6,31,2,4,13,26,50.0,14,2,14.29,201,60,1,21,4,25,52.08,1,5,16.67,26,48.15,5,3,60.0,1,1,7,0,0,0,4,2,7,0,0,0,0,0,0,3,0,0,3,0,0,0,0,0,0,0,0
1896133,Luka Tunjić,Fortuna Sittard,luka tunjic,6.86,16,3,393,2,0.45,0,0.64,1,0,9,2,22.22,99,131,75.57,4,8,50.0,3,39,4,10,4,9,44.44,19,6,31.58,256,79,1,17,7,32,57.14,7,8,46.67,39,54.93,17,8,47.06,1,5,3,1,0,0,10,2,11,0,0,0,0,0,0,7,0,0,6,1,0,0,0,0,0,0,0
1939011,Tobias van den Elshout,Feyenoord,tobias van den elshout,6.76,11,4,387,0,1.14,1,0.46,1,1,10,2,0.0,62,89,69.66,6,10,60.0,3,24,5,8,1,7,14.29,5,2,40.0,160,46,1,11,1,16,55.17,3,7,30.0,19,48.72,8,4,50.0,2,4,3,0,0,0,2,5,7,0,0,0,0,0,0,2,0,0,2,0,0,0,0,0,0,0,0
1886213,Noah Fernandez,PSV,noah fernandez,6.73,10,4,384,1,0.1,0,1.06,1,0,2,1,50.0,183,199,91.96,5,6,83.33,6,54,9,13,4,12,33.33,2,1,50.0,265,36,2,30,4,22,45.83,1,3,25.0,23,44.23,14,6,42.86,3,3,1,1,0,0,6,9,4,2,0,0,0,0,0,5,0,0,4,1,0,0,0,0,0,0,0
1212550,Ruben van Bommel,PSV,ruben van bommel,7.28,6,6,381,3,2.16,0,1.07,1,1,8,6,37.5,108,145,74.48,0,4,0.0,8,47,1,3,7,17,41.18,14,4,28.57,242,75,2,19,1,20,48.78,9,7,56.25,29,50.88,10,8,80.0,6,7,2,0,0,0,1,9,3,1,0,0,0,0,0,7,0,0,5,2,0,0,0,0,0,0,0
906024,Taylor Booth,Twente,taylor booth,6.61,10,4,370,0,0.54,0,0.95,3,0,9,2,0.0,95,118,80.51,5,10,50.0,5,43,4,5,3,12,25.0,25,10,40.0,226,64,2,14,5,19,41.3,4,11,26.67,23,37.7,12,8,66.67,1,3,5,1,0,0,3,10,4,2,0,0,0,0,0,5,0,0,4,1,0,0,0,0,0,0,0
1499696,Kento Shiogai,NEC Nijmegen,kento shiogai,6.98,12,1,363,7,3.55,0,0.13,1,1,14,8,50.0,40,57,70.18,1,2,50.0,4,17,1,2,7,11,63.64,2,0,0.0,126,42,5,14,9,19,51.35,7,12,36.84,26,46.43,3,2,66.67,0,0,5,1,0,0,1,9,9,1,0,0,0,0,0,7,0,0,7,0,0,0,0,0,0,0,0
361780,Calvin Verdonk,NEC Nijmegen,calvin verdonk,7.18,4,4,360,0,0.03,1,0.47,1,0,2,0,0.0,299,357,83.75,7,27,25.93,3,90,10,27,3,5,60.0,2,0,0.0,442,71,2,22,4,17,56.67,8,4,66.67,25,59.52,14,9,64.29,4,10,0,1,0,0,4,3,0,0,0,0,0,0,2,4,0,0,4,0,0,0,0,0,0,0,0
339339,Andries Noppert,Heerenveen,andries noppert,6.93,4,4,360,0,,0,0.01,0,0,0,0,0.0,93,140,66.43,25,71,35.21,0,3,7,13,0,0,0.0,0,0,0.0,191,49,0,41,0,1,50.0,4,0,100.0,5,83.33,0,0,0.0,0,7,0,0,1,0,1,0,1,0,0,11,0,2,0,7,10,1,4,3,2,4,3,7,0,0,0
1014566,Sava Arangel Čestić,Heracles Almelo,sava arangel cestic,6.33,7,3,358,0,0.48,0,0.04,0,0,5,2,0.0,124,154,80.52,10,30,33.33,1,11,3,17,1,2,50.0,0,0,0.0,216,36,0,10,2,9,47.37,6,7,46.15,15,46.88,6,2,33.33,4,21,0,5,0,0,4,3,2,0,0,0,0,0,0,10,0,0,9,1,0,0,0,0,0,0,0
946561,Derry Murkin,Utrecht,derry murkin,6.92,9,4,353,2,0.21,3,0.65,2,0,2,2,100.0,83,118,70.34,7,16,43.75,7,26,3,6,1,3,33.33,10,4,40.0,194,57,1,17,1,9,42.86,6,4,60.0,15,48.39,5,0,0.0,2,12,0,2,0,0,1,8,3,1,0,0,0,0,0,6,0,0,6,0,0,0,0,0,0,0,0
947842,Mike Eerdhuijzen,Utrecht,mike eerdhuijzen,6.78,9,6,352,0,0.1,0,0.1,0,0,2,1,0.0,195,213,91.55,16,28,57.14,1,11,3,7,1,1,100.0,0,0,0.0,260,22,0,14,1,6,60.0,8,3,72.73,14,66.67,5,3,60.0,2,21,0,4,0,1,2,1,0,1,0,0,0,0,0,6,0,0,6,0,0,0,0,0,0,0,0
1022552,Oskar Siira Sivertsen,Go Ahead Eagles,oskar siira sivertsen,6.54,14,2,341,0,1.15,1,0.97,0,1,7,4,0.0,86,99,86.87,3,5,60.0,4,34,4,6,7,9,77.78,31,9,29.03,195,52,2,17,6,19,54.29,1,7,12.5,20,46.51,6,4,66.67,1,5,1,0,0,0,4,4,6,0,1,0,0,0,0,8,0,0,8,0,0,0,0,0,0,0,0
1175856,Amine Salama,NAC Breda,amine salama,6.43,8,4,329,0,0.23,1,0.43,1,0,7,2,0.0,72,97,74.23,3,3,100.0,7,42,2,3,6,12,50.0,5,1,20.0,157,59,4,11,10,8,29.63,3,4,42.86,11,32.35,2,0,0.0,0,1,3,0,0,0,1,2,0,0,0,0,0,0,0,6,0,0,6,0,0,0,0,0,0,0,0
856744,Myron Boadu,PSV,myron boadu,6.62,13,2,323,3,4.26,0,0.17,1,4,13,6,23.08,42,55,76.36,1,3,33.33,3,17,0,0,4,7,57.14,0,0,0.0,108,33,3,8,4,11,47.83,5,9,35.71,16,43.24,3,1,33.33,0,0,1,0,0,0,1,5,4,0,0,0,0,0,0,8,0,0,6,2,0,0,0,0,0,0,0
2197943,Pepijn Reulen,NAC Breda,pepijn reulen,6.49,16,2,322,1,0.99,0,0.36,1,1,6,3,16.67,35,51,68.63,0,3,0.0,5,15,1,3,3,3,100.0,1,0,0.0,97,33,2,8,5,8,38.1,4,12,25.0,12,32.43,5,3,60.0,0,3,0,0,0,0,2,6,0,1,0,0,0,0,0,6,0,0,6,0,0,0,0,0,0,0,0
1652148,Giannino Vianello,Sparta R.,giannino vianello,6.44,5,3,313,0,0.1,0,0.11,0,0,3,0,0.0,131,154,85.06,9,18,50.0,1,22,1,7,3,4,75.0,15,2,13.33,240,41,0,9,0,6,50.0,4,3,57.14,10,52.63,2,1,50.0,3,20,2,3,0,0,2,4,1,0,0,0,0,0,0,10,0,0,10,0,0,0,0,0,0,0,0
318745,Oskar Zawada,Groningen,oskar zawada,6.56,16,0,311,3,3.26,0,0.68,1,2,20,6,15.0,51,86,59.3,1,3,33.33,3,20,1,5,1,1,100.0,0,0,0.0,145,51,2,9,5,2,13.33,23,26,46.94,25,39.06,0,0,0.0,0,5,3,0,0,0,0,10,2,1,0,0,0,0,0,4,0,0,3,1,0,0,0,0,0,0,0
1586644,Eser Gürbüz,Heerenveen,eser gurbuz,6.61,16,1,307,1,1.33,0,0.49,0,1,12,6,8.33,55,75,73.33,0,0,0.0,4,26,2,4,14,32,43.75,25,3,12.0,201,83,2,14,6,23,41.82,3,3,50.0,26,42.62,7,3,42.86,1,0,5,0,0,0,2,8,2,1,0,0,0,0,0,4,0,0,4,0,0,0,0,0,0,0,0
1594488,Adil Lechkar,Telstar,adil lechkar,6.58,16,1,290,0,0.16,2,0.9,4,0,2,1,0.0,71,102,69.61,3,21,14.29,4,18,2,7,1,2,50.0,21,0,0.0,212,66,2,25,3,17,50.0,3,5,37.5,20,47.62,10,8,80.0,5,14,0,2,0,1,3,10,6,2,0,0,0,0,0,7,0,0,6,1,0,0,0,0,0,0,0
360006,Finn Stokkers,Go Ahead Eagles,finn stokkers,6.56,19,0,287,1,1.26,0,0.79,2,1,13,2,7.69,47,78,60.26,1,4,25.0,5,21,0,3,1,2,50.0,3,1,33.33,135,48,3,15,3,4,28.57,18,19,48.65,22,43.14,0,0,0.0,1,4,7,0,0,0,0,6,3,1,0,0,0,0,0,4,0,0,3,1,0,0,0,0,0,0,0
1149130,Brahim Ghalidi,NAC Breda,brahim ghalidi,6.79,10,1,283,0,0.14,0,0.92,0,0,5,0,0.0,114,132,86.36,3,4,75.0,4,61,1,1,10,12,83.33,29,5,17.24,216,56,3,17,6,23,67.65,0,1,0.0,23,65.71,1,0,0.0,3,3,2,0,0,0,2,1,12,1,0,0,0,0,0,7,0,0,7,0,0,0,0,0,0,0,0
121588,Gernot Trauner,Feyenoord,gernot trauner,6.93,5,4,282,0,0.19,0,0.11,0,0,2,1,0.0,124,150,82.67,3,15,20.0,0,23,5,12,1,1,100.0,0,0,0.0,194,30,0,10,1,7,43.75,12,5,70.59,19,57.58,4,2,50.0,5,16,0,3,1,1,2,6,3,0,0,0,0,0,0,3,0,0,3,0,0,0,0,0,0,0,0
1400656,Travis Hernes,Groningen,travis hernes,6.62,10,2,278,0,1.02,0,0.53,1,1,6,2,0.0,65,85,76.47,0,3,0.0,3,24,1,4,5,13,38.46,5,0,0.0,143,39,1,7,1,11,47.83,8,4,66.67,19,54.29,3,2,66.67,5,1,1,0,0,0,1,2,3,1,0,0,0,0,0,3,0,0,3,0,0,0,0,0,0,0,0
940647,Danilo,NEC Nijmegen,danilo,6.59,11,1,277,1,1.62,1,0.39,1,4,13,5,7.69,65,90,72.22,0,0,0.0,5,40,0,1,5,9,55.56,2,1,50.0,151,47,1,14,4,10,47.62,8,13,38.1,18,42.86,2,1,50.0,1,1,5,0,0,0,3,1,3,0,0,0,0,0,0,3,0,0,2,1,0,0,0,0,0,0,0
27691,Przemysław Tytoń,Twente,przemyslaw tyton,6.6,3,3,270,0,,0,0.0,0,0,0,0,0.0,60,86,69.77,17,42,40.48,0,4,3,10,0,0,0.0,0,0,0.0,109,26,0,24,0,0,0.0,0,0,0.0,0,0.0,0,0,0.0,0,1,0,0,0,0,1,0,0,0,0,5,0,1,2,5,3,1,3,2,0,4,4,2,0,1,0
70930,Bram Nuytinck,NEC Nijmegen,bram nuytinck,6.32,7,3,259,0,0.05,0,0.02,0,0,1,1,0.0,130,160,81.25,4,20,20.0,0,11,1,9,0,0,0.0,2,0,0.0,204,35,0,15,1,6,42.86,9,16,36.0,15,38.46,3,1,33.33,4,17,0,0,0,0,2,5,4,1,0,0,0,0,0,5,0,0,5,0,0,0,0,0,0,0,0
1019892,Stefan Mitrović,Excelsior,stefan mitrovic,6.54,9,2,256,0,0.71,0,0.19,1,0,7,2,0.0,53,66,80.3,3,5,60.0,4,19,0,2,3,4,75.0,18,2,11.11,135,48,1,10,9,11,40.74,3,5,37.5,14,40.0,2,1,50.0,2,1,4,0,0,0,1,5,6,0,0,0,0,0,0,4,0,0,3,1,0,0,0,0,0,0,0
1014225,Zidane Iqbal,Utrecht,zidane iqbal,7.06,5,3,255,0,,0,0.37,0,0,0,0,0.0,165,183,90.16,11,16,68.75,1,45,4,9,4,7,57.14,0,0,0.0,223,28,1,15,2,17,65.38,1,2,33.33,18,62.07,9,3,33.33,4,1,0,1,0,0,2,2,4,1,0,0,0,0,0,6,0,0,6,0,0,0,0,0,0,0,0
1528458,Chris-Kévin Nadje,Excelsior,chris-kevin nadje,6.69,7,2,234,0,0.12,0,0.22,0,0,4,0,0.0,84,108,77.78,4,9,44.44,2,22,0,5,7,13,53.85,2,1,50.0,169,39,2,22,7,17,48.57,6,4,60.0,23,51.11,4,2,50.0,2,5,3,2,0,0,1,4,6,2,0,0,0,0,0,4,0,0,3,1,0,0,0,0,0,0,0
1050672,Casper Terho,Sparta R.,casper terho,6.79,9,0,228,1,0.63,1,0.58,2,1,9,1,11.11,46,59,77.97,1,3,33.33,4,12,1,2,7,13,53.85,25,3,12.0,150,55,2,20,5,17,48.57,5,4,55.56,22,50.0,4,3,75.0,1,4,2,0,0,0,3,4,6,1,0,0,0,0,0,13,0,0,13,0,0,0,0,0,0,0,0
1885838,Gabriel Reiziger,Zwolle,gabriel reiziger,6.57,12,1,218,1,0.78,0,0.19,0,1,4,1,25.0,38,62,61.29,1,6,16.67,0,16,2,4,1,4,25.0,2,1,50.0,105,41,3,13,4,7,35.0,1,7,12.5,8,28.57,4,3,75.0,5,2,0,0,0,0,2,4,2,0,0,0,0,0,0,3,0,0,2,1,0,0,0,0,0,0,0
2195123,Jadiel Pereira da Gama,Zwolle,jadiel pereira da gama,6.5,10,1,216,0,0.02,0,0.06,0,0,1,0,0.0,65,82,79.27,1,7,14.29,1,20,0,2,1,3,33.33,0,0,0.0,117,29,0,7,0,7,38.89,5,1,83.33,12,50.0,4,2,50.0,4,5,0,1,0,0,3,6,2,3,0,0,0,0,0,6,0,0,6,0,0,0,0,0,0,0,0
804434,Takehiro Tomiyasu,Ajax,takehiro tomiyasu,6.54,7,2,211,0,0.06,0,0.05,0,0,1,0,0.0,93,117,79.49,3,11,27.27,0,15,4,6,2,5,40.0,0,0,0.0,179,38,1,13,3,8,47.06,9,1,90.0,17,62.96,4,1,25.0,7,9,1,0,0,0,1,2,2,0,1,0,0,0,0,0,0,0,0,0,0,0,0,0,0,0,0
1918931,Gaoussou Diarra,Feyenoord,gaoussou diarra,6.55,6,2,209,0,0.33,0,0.27,1,1,7,3,0.0,51,71,71.83,2,5,40.0,1,21,0,2,7,12,58.33,2,0,0.0,119,38,2,11,1,12,60.0,3,4,42.86,15,55.56,3,3,100.0,1,2,2,0,0,0,0,2,2,0,0,0,0,0,0,0,0,0,0,0,0,0,0,0,0,0,0
1403023,Roy Steur,Volendam,roy steur,6.23,3,2,209,0,,0,0.02,0,0,0,0,0.0,43,111,38.74,28,96,29.17,0,10,4,8,0,0,0.0,0,0,0.0,122,68,0,23,0,0,0.0,1,0,100.0,1,100.0,0,0,0.0,0,2,0,0,1,0,0,0,0,0,0,3,0,2,0,4,2,1,4,0,1,0,0,2,0,1,0
73557,Dion Malone,Telstar,dion malone,6.56,11,0,207,0,,0,0.01,0,0,0,0,0.0,53,64,82.81,3,8,37.5,0,4,1,3,0,1,0.0,0,0,0.0,92,12,0,14,0,3,50.0,6,2,75.0,9,64.29,2,1,50.0,4,12,0,2,0,1,0,2,1,0,0,0,0,0,0,5,0,0,4,1,0,0,0,0,0,0,0
1891895,Stijn Middendorp,Excelsior,stijn middendorp,6.52,6,2,205,0,0.11,0,0.02,0,0,1,0,0.0,41,56,73.21,2,5,40.0,0,8,3,4,2,4,50.0,1,0,0.0,93,21,0,14,2,9,60.0,2,1,66.67,11,61.11,5,4,80.0,3,8,0,1,0,0,2,0,2,0,1,0,0,0,0,6,0,0,5,1,0,0,0,0,0,0,0
163541,Mats Seuntjens,Groningen,mats seuntjens,6.71,16,0,204,1,0.81,0,1.27,1,1,9,4,11.11,61,94,64.89,6,13,46.15,9,34,8,12,0,2,0.0,27,5,18.52,154,64,1,8,3,3,16.67,3,1,75.0,6,27.27,2,0,0.0,0,2,3,0,0,0,6,4,1,0,0,0,0,0,0,4,0,0,3,1,0,0,0,0,0,0,0
1119294,Maxim Dekker,AZ Alkmaar,maxim dekker,6.5,6,2,201,0,0.06,0,0.02,0,0,1,0,0.0,98,108,90.74,6,10,60.0,0,8,5,7,1,1,100.0,1,0,0.0,131,14,1,14,0,4,80.0,5,6,45.45,9,56.25,3,2,66.67,0,9,1,1,0,0,1,0,0,0,0,0,0,0,0,6,0,0,4,2,0,0,0,0,0,0,0
1403073,Don-Angelo Konadu,Ajax,don-angelo konadu,6.51,9,2,197,0,1.36,0,0.31,1,1,7,2,0.0,29,40,72.5,1,1,100.0,3,15,0,0,1,2,50.0,0,0,0.0,79,24,0,3,3,7,46.67,8,7,53.33,15,50.0,2,2,100.0,1,4,1,0,0,0,0,4,4,0,0,0,0,0,0,4,0,0,4,0,0,0,0,0,0,0,0
138837,Terence Kongolo,NAC Breda,terence kongolo,6.28,5,1,189,0,,0,0.0,0,0,0,0,0.0,42,58,72.41,1,7,14.29,0,1,0,4,1,1,100.0,0,0,0.0,89,18,0,12,1,9,75.0,8,3,72.73,17,73.91,5,3,60.0,1,11,0,0,0,0,1,1,3,0,0,0,0,0,0,6,0,0,5,1,0,0,0,0,0,0,0
123865,Jasper Cillessen,NEC Nijmegen,jasper cillessen,7.3,3,3,186,0,,0,0.01,0,0,0,0,0.0,35,81,43.21,17,63,26.98,1,5,6,12,0,0,0.0,0,0,0.0,99,46,0,21,0,1,100.0,1,0,100.0,2,100.0,0,0,0.0,0,5,0,0,0,0,0,0,1,0,0,7,0,1,1,2,5,2,2,0,0,5,5,1,0,0,0
2007289,Jelani Seedorf,Telstar,jelani seedorf,6.67,13,0,185,1,1.86,0,0.28,1,4,8,5,12.5,25,39,64.1,2,4,50.0,3,12,0,0,0,3,0.0,1,1,100.0,86,31,0,5,0,6,46.15,13,8,61.9,19,55.88,4,3,75.0,0,2,1,0,0,0,1,3,2,1,0,0,0,0,0,5,0,0,4,1,0,0,0,0,0,0,0
961616,Calvin Raatsie,Excelsior,calvin raatsie,7.15,2,2,180,0,,0,0.01,0,0,0,0,0.0,86,113,76.11,15,41,36.59,0,4,5,7,0,0,0.0,0,0,0.0,137,27,0,14,0,1,100.0,0,0,0.0,1,100.0,1,0,0.0,0,3,0,0,0,0,0,1,0,0,0,10,0,2,0,6,7,3,6,0,0,5,4,2,0,0,0
1134720,Niek Schiks,PSV,niek schiks,6.9,2,2,180,0,,0,0.0,0,0,0,0,0.0,61,77,79.22,11,27,40.74,0,2,3,8,0,0,0.0,0,0,0.0,95,16,0,18,0,1,100.0,1,0,100.0,2,100.0,0,0,0.0,0,1,0,0,0,0,0,0,1,0,0,5,0,2,0,3,4,1,3,0,1,0,0,2,0,0,0
856636,Jasper Schendelaar,Zwolle,jasper schendelaar,6.75,2,2,180,0,,0,0.0,0,0,0,0,0.0,33,61,54.1,14,42,33.33,0,1,3,6,0,0,0.0,0,0,0.0,82,29,0,18,0,2,100.0,0,0,0.0,2,100.0,0,0,0.0,0,0,0,0,0,0,0,0,2,0,0,5,0,2,0,4,3,2,3,1,0,2,2,2,0,1,0
138828,Jetro Willems,NEC Nijmegen,jetro willems,6.66,6,2,177,0,0.02,0,0.1,0,0,1,0,0.0,61,71,85.92,4,6,66.67,0,17,1,3,1,3,33.33,4,1,25.0,113,27,0,9,1,5,55.56,2,2,50.0,7,53.85,2,2,100.0,2,5,1,1,0,0,0,1,2,0,0,0,0,0,0,4,0,0,4,0,0,0,0,0,0,0,0
1514878,Mats Egbring,Heerenveen,mats egbring,6.7,8,1,171,0,0.03,1,0.44,2,0,1,0,0.0,34,49,69.39,3,6,50.0,3,7,1,5,1,1,100.0,3,2,66.67,112,21,0,8,1,9,39.13,7,3,70.0,16,48.48,6,5,83.33,4,14,0,0,0,0,8,5,2,1,0,0,0,0,0,3,0,0,2,1,0,0,0,0,0,0,0
1130306,Jayden Candelaria,NAC Breda,jayden candelaria,6.6,8,1,159,0,0.29,0,0.1,0,1,2,1,0.0,27,42,64.29,4,8,50.0,1,14,4,6,1,3,33.33,6,1,16.67,93,31,0,3,0,5,50.0,3,2,60.0,8,53.33,2,1,50.0,2,7,0,0,0,0,2,1,2,0,0,0,0,0,0,5,0,0,5,0,0,0,0,0,0,0,0
787640,Jeremiah St Juste,Feyenoord,jeremiah st juste,6.53,6,1,158,0,,0,0.05,0,0,0,0,0.0,70,77,90.91,3,4,75.0,1,7,0,0,1,1,100.0,0,0,0.0,103,9,1,11,1,3,50.0,7,2,77.78,10,66.67,1,0,0.0,4,14,0,0,0,0,1,1,1,0,0,0,0,0,0,5,0,0,5,0,0,0,0,0,0,0,0
790179,Cyle Larin,Feyenoord,cyle larin,6.53,8,1,157,0,1.11,1,0.66,1,1,9,3,0.0,33,45,73.33,0,2,0.0,3,12,0,1,1,1,100.0,0,0,0.0,76,20,3,7,0,9,81.82,2,9,18.18,11,50.0,5,3,60.0,0,1,2,1,0,0,0,4,3,1,0,0,0,0,0,3,0,0,3,0,0,0,0,0,0,0,0
825906,Oscar Pettersson,Go Ahead Eagles,oscar pettersson,6.44,5,1,157,0,0.26,1,0.24,0,2,4,2,0.0,28,30,93.33,0,1,0.0,3,13,0,0,0,2,0.0,9,1,11.11,51,12,0,4,0,0,0.0,0,1,0.0,0,0.0,0,0,0.0,2,1,0,0,0,0,2,2,0,0,0,0,0,0,0,2,0,0,2,0,0,0,0,0,0,0,0
1028330,Seiya Maikuma,AZ Alkmaar,seiya maikuma,6.69,7,1,155,0,,0,0.23,1,0,0,0,0.0,41,61,67.21,1,4,25.0,3,14,0,3,1,1,100.0,0,0,0.0,95,23,0,5,1,9,47.37,5,2,71.43,14,53.85,5,3,60.0,2,4,0,0,0,0,3,6,3,0,0,0,0,0,0,0,0,0,0,0,0,0,0,0,0,0,0
1540010,Joel Van Den Berg,PSV,joel van den berg,6.58,5,1,142,0,0.12,0,0.18,0,0,2,1,0.0,53,64,82.81,1,2,50.0,2,19,0,0,3,3,100.0,0,0,0.0,94,18,0,6,3,9,60.0,0,1,0.0,9,56.25,6,3,50.0,3,2,1,1,0,0,2,1,0,1,0,0,0,0,0,3,0,0,0,3,0,0,0,0,0,0,0
1001468,Davy van den Berg,Utrecht,davy van den berg,6.93,5,2,141,1,0.32,0,0.06,0,0,1,1,100.0,48,56,85.71,2,2,100.0,2,16,1,4,1,2,50.0,1,0,0.0,77,14,1,10,1,7,70.0,1,0,100.0,8,72.73,3,1,33.33,2,2,0,0,0,0,1,0,3,0,0,0,0,0,0,2,0,0,2,0,0,0,0,0,0,0,0
252027,Michael Brouwer,Utrecht,michael brouwer,7.0,2,1,135,0,,0,0.01,0,0,0,0,0.0,32,49,65.31,17,34,50.0,0,4,2,3,0,0,0.0,0,0,0.0,65,18,0,17,0,0,0.0,0,0,0.0,0,0.0,0,0,0.0,0,1,0,0,0,0,1,0,0,0,0,4,0,2,0,3,1,3,3,0,0,2,2,0,0,1,0
856736,Thomas Buitink,Zwolle,thomas buitink,6.4,8,0,134,0,0.45,0,0.05,0,1,2,1,0.0,16,21,76.19,0,0,0.0,1,6,1,1,1,3,33.33,2,0,0.0,49,22,2,4,4,3,23.08,1,2,33.33,4,25.0,1,1,100.0,0,0,0,0,0,0,1,4,1,1,0,0,0,0,0,4,0,0,4,0,0,0,0,0,0,0,0
966542,Mathijs Tielemans,Excelsior,mathijs tielemans,6.6,2,2,133,0,0.02,0,0.13,0,0,1,1,0.0,71,77,92.21,6,9,66.67,2,15,3,4,0,0,0.0,3,1,33.33,97,11,1,4,1,2,33.33,0,1,0.0,2,28.57,1,0,0.0,2,3,0,0,0,0,1,2,1,0,0,0,0,0,0,4,0,0,4,0,0,0,0,0,0,0,0
1545079,Jan Plug,Feyenoord,jan plug,6.47,5,1,125,0,,0,0.02,0,0,0,0,0.0,60,73,82.19,0,2,0.0,0,14,0,1,0,0,0.0,2,0,0.0,94,18,0,5,0,3,33.33,1,5,16.67,4,26.67,3,3,100.0,4,3,0,0,0,0,3,3,0,0,0,0,0,0,0,3,0,0,3,0,0,0,0,0,0,0,0
1022376,Amourricho van Axel-Dongen,Heerenveen,amourricho van axel-dongen,6.63,7,1,119,1,1.07,0,0.02,0,2,6,2,16.67,14,22,63.64,2,3,66.67,0,6,1,1,4,11,36.36,2,0,0.0,58,23,2,9,3,8,34.78,3,7,30.0,11,33.33,0,0,0.0,1,0,2,2,0,0,2,3,4,0,0,0,0,0,0,3,0,0,2,1,0,0,0,0,0,0,0
339879,Bas Kuipers,Twente,bas kuipers,6.6,7,0,115,0,0.39,0,0.07,0,1,4,2,0.0,45,57,78.95,3,5,60.0,1,13,3,6,0,1,0.0,5,2,40.0,102,22,0,5,1,6,75.0,4,4,50.0,10,62.5,4,3,75.0,2,5,1,2,0,0,0,0,2,0,0,0,0,0,0,4,0,0,3,1,0,0,0,0,0,0,0
1469273,Rojendro Oudsten,Telstar,rojendro oudsten,6.6,8,0,115,0,0.19,0,0.05,0,0,2,1,0.0,32,43,74.42,1,4,25.0,1,10,1,2,1,2,50.0,1,0,0.0,71,17,1,7,1,9,75.0,1,4,20.0,10,58.82,8,7,87.5,0,6,1,0,0,0,0,1,0,1,0,0,0,0,0,3,0,0,2,1,0,0,0,0,0,0,0
192308,Alassane Pléa,PSV,alassane plea,7.05,2,2,112,0,0.4,1,0.89,0,0,2,0,0.0,28,36,77.78,0,0,0.0,2,13,0,0,2,2,100.0,0,0,0.0,52,12,1,5,1,5,71.43,1,1,50.0,6,66.67,2,2,100.0,1,1,1,1,0,0,1,0,1,0,0,0,0,0,0,1,0,0,1,0,0,0,0,0,0,0,0
1386737,Tristan Schenkhuizen,Fortuna Sittard,tristan schenkhuizen,6.6,4,1,111,0,0.03,0,0.03,0,0,1,0,0.0,34,38,89.47,2,4,50.0,1,6,2,2,0,2,0.0,1,0,0.0,63,11,0,5,1,6,60.0,1,1,50.0,7,58.33,2,2,100.0,1,1,0,0,0,1,0,1,4,0,0,0,0,0,0,2,0,0,2,0,0,0,0,0,0,0,0
1592152,Sebastiaan Hagedoorn,Telstar,sebastiaan hagedoorn,6.57,8,0,110,0,0.32,0,0.07,0,1,8,6,0.0,18,30,60.0,0,0,0.0,1,8,0,0,4,4,100.0,0,0,0.0,56,20,0,4,2,7,63.64,8,6,57.14,15,60.0,2,1,50.0,0,0,0,0,0,0,0,2,1,0,0,0,0,0,0,3,0,0,3,0,0,0,0,0,0,0,0
1142574,Oualid Agougil,Utrecht,oualid agougil,6.64,6,0,107,0,,0,0.04,0,0,0,0,0.0,65,75,86.67,3,5,60.0,3,21,2,5,1,1,100.0,0,0,0.0,89,15,0,6,4,3,30.0,2,2,50.0,5,35.71,1,1,100.0,0,3,0,0,0,0,0,3,1,1,0,0,0,0,0,1,0,0,1,0,0,0,0,0,0,0,0
1138450,Zach Booth,Excelsior,zach booth,6.3,3,1,105,0,0.02,0,0.03,0,0,1,1,0.0,22,29,75.86,1,2,50.0,0,7,0,0,0,0,0.0,0,0,0.0,37,10,1,3,0,1,20.0,0,2,0.0,1,14.29,1,0,0.0,0,0,0,0,0,0,0,4,0,0,0,0,0,0,0,3,0,0,3,0,0,0,0,0,0,0,0
13028,Jonathan de Guzmán,Sparta R.,jonathan de guzman,6.63,6,1,103,0,,0,0.05,0,0,0,0,0.0,50,65,76.92,5,7,71.43,0,14,3,6,0,1,0.0,4,0,0.0,92,26,2,3,3,6,54.55,3,1,75.0,9,60.0,5,3,60.0,1,3,0,0,0,0,0,1,1,0,0,0,0,0,0,1,0,0,1,0,0,0,0,0,0,0,0
916942,Daan Reiziger,Telstar,daan reiziger,7.7,2,1,101,0,,0,0.01,0,0,0,0,0.0,26,46,56.52,16,34,47.06,0,3,2,4,0,0,0.0,0,0,0.0,64,20,0,13,0,1,100.0,0,0,0.0,1,100.0,0,0,0.0,0,1,0,0,0,0,0,0,1,0,0,10,0,2,0,2,8,2,2,0,1,0,0,1,0,0,0
1138428,James McConnell,Ajax,james mcconnell,6.9,4,1,101,0,,0,0.05,0,0,0,0,0.0,51,59,86.44,3,6,50.0,0,9,3,4,1,1,100.0,0,0,0.0,84,11,0,3,2,7,70.0,1,0,100.0,8,72.73,5,2,40.0,1,4,0,2,0,1,0,1,1,0,0,0,0,0,0,2,0,0,2,0,0,0,0,0,0,0,0
1500752,Yoon Do-young,Excelsior,yoon do-young,6.57,6,0,101,1,1.03,0,0.01,0,1,5,2,20.0,16,20,80.0,0,0,0.0,0,3,0,0,1,4,25.0,2,0,0.0,49,14,0,6,2,6,40.0,0,3,0.0,6,33.33,2,1,50.0,2,2,1,0,0,0,2,3,3,1,0,0,0,0,0,5,0,0,5,0,0,0,0,0,0,0,0
2360419,Ryan Metu,Groningen,ryan metu,6.55,7,0,101,0,0.12,0,0.02,1,1,2,1,0.0,17,25,68.0,0,1,0.0,1,4,0,2,2,5,40.0,5,0,0.0,57,23,0,5,2,4,36.36,1,1,50.0,5,38.46,2,2,100.0,0,2,0,0,0,0,1,1,0,0,0,0,0,0,0,4,0,0,4,0,0,0,0,0,0,0,0
978823,Willum Thor Willumsson,NEC Nijmegen,willum thor willumsson,6.48,4,1,97,0,0.08,0,0.09,0,0,1,1,0.0,32,39,82.05,0,0,0.0,0,21,0,1,0,0,0.0,1,0,0.0,56,13,1,4,0,3,42.86,1,5,16.67,4,30.77,0,0,0.0,0,1,0,0,0,0,0,4,3,1,0,0,0,0,0,1,0,0,1,0,0,0,0,0,0,0,0
845119,Houboulang Mendes,Fortuna Sittard,houboulang mendes,6.62,6,0,96,0,0.05,0,0.02,0,0,1,0,0.0,12,18,66.67,1,1,100.0,0,2,0,0,0,1,0.0,6,1,16.67,46,17,0,2,1,4,44.44,0,0,0.0,4,44.44,3,2,66.67,0,6,1,0,0,0,1,2,1,0,0,0,0,0,0,1,0,0,1,0,0,0,0,0,0,0,0
1499691,Rion Ichihara,AZ Alkmaar,rion ichihara,6.85,2,1,94,0,0.13,0,0.01,0,0,2,1,0.0,43,52,82.69,2,3,66.67,0,3,1,2,0,0,0.0,0,0,0.0,68,12,0,1,0,2,40.0,5,4,55.56,7,50.0,0,0,0.0,2,1,1,2,0,0,2,1,2,0,0,0,0,0,0,0,0,0,0,0,0,0,0,0,0,0,0
1402994,Emirhan Demircan,Utrecht,emirhan demircan,6.68,6,0,93,0,0.14,0,0.1,0,0,3,0,0.0,27,31,87.1,0,3,0.0,3,13,0,1,3,7,42.86,1,0,0.0,61,16,0,7,5,9,47.37,2,1,66.67,11,50.0,2,2,100.0,1,0,2,0,0,0,0,1,4,0,0,0,0,0,0,0,0,0,0,0,0,0,0,0,0,0,0
1403072,David Voute,Zwolle,david voute,6.57,3,0,93,0,0.02,0,0.01,0,0,1,0,0.0,31,36,86.11,1,2,50.0,0,6,2,2,2,3,66.67,0,0,0.0,67,12,0,5,2,3,42.86,1,1,50.0,4,44.44,1,1,100.0,3,6,0,0,0,1,1,0,0,0,0,0,0,0,0,2,0,0,2,0,0,0,0,0,0,0,0
1922946,Luca Blondeau,Volendam,luca blondeau,6.4,2,1,91,0,,0,0.01,0,0,0,0,0.0,41,49,83.67,1,7,14.29,0,3,0,2,0,0,0.0,0,0,0.0,61,8,0,4,0,2,100.0,0,0,0.0,2,100.0,2,2,100.0,1,5,0,0,0,0,0,0,0,0,0,0,0,0,0,2,0,0,2,0,0,0,0,0,0,0,0
1394059,Duke Verduin,Zwolle,duke verduin,8.2,1,1,90,0,,0,0.0,0,0,0,0,0.0,24,40,60.0,6,22,27.27,0,1,4,10,0,0,0.0,0,0,0.0,50,16,0,7,0,0,0.0,0,0,0.0,0,0.0,0,0,0.0,0,0,0,0,0,0,0,0,0,0,0,6,0,2,0,2,5,1,2,0,0,1,1,1,0,0,0
227192,Nick Olij,PSV,nick olij,7.7,1,1,90,0,,0,0.0,0,0,0,0,0.0,45,47,95.74,5,7,71.43,0,0,1,3,0,0,0.0,0,0,0.0,56,2,0,6,0,0,0.0,0,0,0.0,0,0.0,0,0,0.0,0,2,0,0,0,0,0,0,0,0,0,3,0,1,0,1,3,0,0,1,1,1,1,1,0,0,0
860764,Steven Benda,Feyenoord,steven benda,6.7,1,1,90,0,,0,0.0,0,0,0,0,0.0,18,20,90.0,2,4,50.0,0,2,2,2,0,0,0.0,0,0,0.0,25,2,0,8,0,0,0.0,0,0,0.0,0,0.0,0,0,0.0,0,1,0,0,0,0,0,0,0,0,0,0,0,0,1,0,0,0,0,0,0,1,1,0,0,0,0
97401,Hobie Verhulst,AZ Alkmaar,hobie verhulst,6.6,1,1,90,0,,0,0.0,0,0,0,0,0.0,3,13,23.08,2,12,16.67,0,1,1,2,0,0,0.0,0,0,0.0,18,10,0,4,0,0,0.0,0,0,0.0,0,0.0,0,0,0.0,0,0,0,0,0,0,0,0,0,0,0,2,0,0,1,0,1,1,0,0,0,0,0,0,0,0,0
42876,Kostas Lamprou,NAC Breda,kostas lamprou,5.9,1,1,90,0,,0,0.0,0,0,0,0,0.0,27,44,61.36,19,36,52.78,0,7,8,11,0,0,0.0,0,0,0.0,50,18,0,9,0,0,0.0,0,0,0.0,0,0.0,0,0,0.0,0,0,0,0,1,0,1,0,0,0,0,2,0,0,0,3,2,0,3,0,0,1,0,0,0,0,0
945955,Nordin Bakker,Heerenveen,nordin bakker,5.6,1,1,90,0,,0,0.01,0,0,0,0,0.0,22,31,70.97,6,14,42.86,0,2,1,2,0,0,0.0,0,0,0.0,36,9,0,6,0,0,0.0,0,0,0.0,0,0.0,0,0,0.0,0,1,0,0,1,0,0,0,0,0,0,1,0,0,0,2,0,1,2,0,0,1,1,0,0,0,0
1386780,Daan Bisschops,Fortuna Sittard,daan bisschops,6.7,1,1,89,0,,0,0.01,1,0,0,0,0.0,23,28,82.14,2,4,50.0,1,3,2,3,0,0,0.0,1,0,0.0,48,9,1,2,1,3,60.0,2,1,66.67,5,62.5,2,0,0.0,2,2,0,0,0,0,0,1,1,0,0,0,0,0,0,2,0,0,2,0,0,0,0,0,0,0,0
910022,Rober González,NEC Nijmegen,rober gonzalez,6.47,3,1,87,0,0.1,0,0.2,0,0,1,0,0.0,17,22,77.27,0,0,0.0,1,7,1,1,0,2,0.0,1,0,0.0,44,16,1,6,4,4,28.57,1,2,33.33,5,29.41,2,2,100.0,0,0,1,0,0,0,2,2,2,0,0,0,0,0,0,2,0,0,2,0,0,0,0,0,0,0,0
1066313,Rijk Janse,NEC Nijmegen,rijk janse,6.5,1,0,84,0,,0,0.0,0,0,0,0,0.0,19,34,55.88,4,19,21.05,0,0,0,1,0,0,0.0,0,0,0.0,43,15,0,11,0,0,0.0,0,0,0.0,0,0.0,0,0,0.0,0,4,0,0,0,0,0,0,0,0,0,3,0,1,0,2,2,1,2,0,0,3,3,1,0,0,0
581080,Mohamed Hamdaoui,Telstar,mohamed hamdaoui,6.41,7,0,82,0,0.4,0,0.08,0,1,6,0,0.0,21,22,95.45,1,2,50.0,1,10,2,2,1,2,50.0,6,0,0.0,56,15,0,4,2,6,54.55,0,2,0.0,6,46.15,3,1,33.33,0,2,4,0,0,0,2,1,2,0,1,0,0,0,0,1,0,0,1,0,0,0,0,0,0,0,0
1119502,Ernest Poku,AZ Alkmaar,ernest poku,6.8,1,1,77,0,,1,0.02,0,0,0,0,0.0,14,18,77.78,0,0,0.0,1,6,1,2,5,6,83.33,1,1,100.0,33,10,0,6,2,5,62.5,1,0,100.0,6,66.67,0,0,0.0,2,0,0,0,0,0,0,0,0,0,0,0,0,0,0,1,0,0,1,0,0,0,0,0,0,0,0
1562510,Wassim Bouziane,AZ Alkmaar,wassim bouziane,6.7,4,0,74,0,0.04,1,0.3,0,0,1,1,0.0,21,27,77.78,0,1,0.0,3,10,0,2,2,5,40.0,2,1,50.0,56,20,1,7,3,8,50.0,0,1,0.0,8,47.06,2,0,0.0,0,1,0,0,0,0,1,1,4,0,0,0,0,0,0,3,0,0,2,1,0,0,0,0,0,0,0
1011489,Silvinho Esajas,Volendam,silvinho esajas,6.4,3,1,74,0,0.14,0,0.01,0,0,2,1,0.0,26,27,96.3,1,1,100.0,0,1,0,1,0,0,0.0,0,0,0.0,36,3,0,3,0,0,0.0,0,2,0.0,0,0.0,0,0,0.0,0,3,0,2,0,0,1,1,0,0,0,0,0,0,0,4,0,0,4,0,0,0,0,0,0,0,0
1634542,Lucas Vennegoor of Hesselink,Twente,lucas vennegoor of hesselink,6.36,5,0,71,0,0.33,0,0.54,0,1,6,0,0.0,10,22,45.45,0,0,0.0,2,7,0,1,0,0,0.0,2,1,50.0,35,16,1,1,1,0,0.0,3,2,60.0,3,30.0,0,0,0.0,0,0,3,0,0,0,1,3,0,0,0,0,0,0,0,1,0,0,1,0,0,0,0,0,0,0,0
955148,Nigel Ogidi Nwankwo,Telstar,nigel ogidi nwankwo,6.75,4,0,70,0,0.05,0,0.21,0,0,1,0,0.0,13,22,59.09,0,2,0.0,3,4,0,1,3,4,75.0,8,2,25.0,51,23,0,4,3,5,45.45,3,1,75.0,8,53.33,2,1,50.0,0,1,0,1,0,0,2,0,0,0,0,0,0,0,0,1,0,0,1,0,0,0,0,0,0,0,0
1590944,Rio Robbemond,AZ Alkmaar,rio robbemond,6.2,1,1,70,0,,0,0.01,0,0,0,0,0.0,25,28,89.29,1,2,50.0,1,5,1,2,1,3,33.33,0,0,0.0,38,6,0,3,0,2,20.0,0,1,0.0,2,18.18,1,0,0.0,2,0,0,0,0,0,4,2,0,1,0,0,0,0,0,1,0,0,0,1,0,0,0,0,0,0,0
1479476,Eus Waayers,Go Ahead Eagles,eus waayers,6.7,4,1,66,0,0.03,1,0.49,1,0,1,1,0.0,21,23,91.3,0,0,0.0,3,7,0,0,0,0,0.0,1,1,100.0,41,2,0,1,0,3,50.0,0,0,0.0,3,50.0,2,1,50.0,1,3,0,1,0,0,1,2,1,0,0,0,0,0,0,2,0,0,2,0,0,0,0,0,0,0,0
218160,Bertrand Traoré,Ajax,bertrand traore,7.2,1,1,63,0,0.27,0,0.05,0,1,1,1,0.0,17,19,89.47,0,0,0.0,0,5,1,1,0,0,0.0,1,0,0.0,33,6,0,2,2,5,71.43,0,1,0.0,5,62.5,2,2,100.0,1,0,0,0,0,0,0,0,3,0,0,0,0,0,0,0,0,0,0,0,0,0,0,0,0,0,0
1893851,Tijmen Holla,Excelsior,tijmen holla,6.4,1,0,60,0,,0,0.02,0,0,0,0,0.0,25,40,62.5,12,27,44.44,1,6,1,1,0,0,0.0,0,0,0.0,47,15,0,11,0,0,0.0,0,0,0.0,0,0.0,0,0,0.0,0,0,0,0,0,0,0,1,0,0,0,3,0,0,0,4,3,0,4,0,0,0,0,1,0,1,0
940979,Rui Mendes,Groningen,rui mendes,6.45,5,0,57,0,0.15,0,0.0,0,1,1,1,0.0,3,7,42.86,0,0,0.0,0,0,0,0,0,1,0.0,0,0,0.0,18,8,1,4,0,0,0.0,1,4,20.0,1,14.29,0,0,0.0,0,2,0,0,0,0,1,0,0,0,0,0,0,0,0,0,0,0,0,0,0,0,0,0,0,0,0
1126965,Espen Van Ee,Heerenveen,espen van ee,6.6,1,0,55,0,0.1,0,0.01,0,0,2,0,0.0,16,18,88.89,1,1,100.0,0,4,1,1,1,2,50.0,0,0,0.0,35,8,0,3,1,4,57.14,1,3,25.0,5,45.45,3,0,0.0,0,2,0,0,0,0,0,1,0,0,0,0,0,0,0,1,0,0,1,0,0,0,0,0,0,0,0
1133678,Levi Smans,Heerenveen,levi smans,7.4,1,1,53,0,0.38,1,0.51,1,0,3,0,0.0,12,16,75.0,0,0,0.0,2,10,1,2,2,2,100.0,3,1,33.33,30,7,0,0,0,5,71.43,1,3,25.0,6,54.55,1,0,0.0,0,0,2,0,0,0,0,2,2,0,0,0,0,0,0,0,0,0,0,0,0,0,0,0,0,0,0
352964,Samuel Bastien,Fortuna Sittard,samuel bastien,6.58,6,0,53,0,,0,0.01,0,0,0,0,0.0,11,14,78.57,0,1,0.0,0,4,0,1,1,1,100.0,0,0,0.0,22,5,0,1,1,2,66.67,1,0,100.0,3,75.0,1,1,100.0,0,2,0,0,0,0,0,0,0,0,0,0,0,0,0,1,0,0,1,0,0,0,0,0,0,0,0
1425327,Nolhan Courtens,Heerenveen,nolhan courtens,6.58,5,0,52,0,,0,0.03,0,0,0,0,0.0,17,22,77.27,0,0,0.0,2,7,0,1,0,0,0.0,1,0,0.0,35,10,0,1,3,2,33.33,1,2,33.33,3,33.33,2,1,50.0,0,0,0,1,0,0,0,1,0,1,0,0,0,0,0,1,0,0,0,1,0,0,0,0,0,0,0
1101593,Alwande Roaldsoy,Sparta R.,alwande roaldsoy,6.6,4,0,49,0,,0,0.0,0,0,0,0,0.0,18,27,66.67,0,0,0.0,1,1,0,0,2,3,66.67,0,0,0.0,40,12,0,8,1,4,66.67,3,1,75.0,7,70.0,2,2,100.0,2,0,0,0,0,0,0,0,0,0,0,0,0,0,0,2,0,0,2,0,0,0,0,0,0,0,0
2076787,Mark Hoekstra,Groningen,mark hoekstra,6.43,4,0,47,0,,0,0.0,0,0,0,0,0.0,13,17,76.47,1,3,33.33,0,2,0,1,3,4,75.0,0,0,0.0,30,11,0,3,1,4,40.0,1,4,20.0,5,33.33,0,0,0.0,0,0,0,0,0,0,2,2,1,1,0,0,0,0,0,1,0,0,1,0,0,0,0,0,0,0,0
1386182,Robbin Weijenberg,Go Ahead Eagles,robbin weijenberg,6.4,2,0,46,0,0.02,0,0.01,0,0,1,0,0.0,12,16,75.0,0,1,0.0,0,3,0,0,1,2,50.0,1,0,0.0,33,7,1,2,1,2,40.0,1,1,50.0,3,42.86,1,0,0.0,0,1,1,0,0,0,1,0,0,0,0,0,0,0,0,1,0,0,1,0,0,0,0,0,0,0,0
1467980,Emeka Adeile,Utrecht,emeka adeile,5.8,2,0,46,0,,0,0.0,0,0,0,0,0.0,16,17,94.12,1,1,100.0,0,3,0,0,1,3,33.33,0,0,0.0,30,4,0,3,0,3,42.86,0,0,0.0,3,42.86,0,0,0.0,2,0,0,0,0,0,1,1,2,0,0,0,0,0,0,3,0,0,3,0,0,0,0,0,0,0,0
1484975,Malcolm Jeng,Feyenoord,malcolm jeng,6.8,1,1,45,0,,0,0.0,0,0,0,0,0.0,43,49,87.76,0,3,0.0,0,2,0,1,0,0,0.0,0,0,0.0,56,6,0,2,0,1,100.0,0,0,0.0,1,100.0,1,0,0.0,2,2,0,0,0,0,0,0,0,0,0,0,0,0,0,0,0,0,0,0,0,0,0,0,0,0,0
1597274,Maher Carrizo,Ajax,maher carrizo,6.57,4,0,45,0,0.38,0,0.01,0,0,4,2,0.0,8,9,88.89,1,1,100.0,0,1,0,1,1,3,33.33,5,0,0.0,34,10,0,1,0,2,50.0,2,0,100.0,4,66.67,1,0,0.0,0,2,2,0,0,0,0,0,0,0,0,0,0,0,0,1,0,0,1,0,0,0,0,0,0,0,0
1069509,Noam Emeran,Groningen,noam emeran,6.43,4,0,45,0,0.08,0,0.39,0,0,1,0,0.0,16,22,72.73,1,2,50.0,0,8,0,1,1,2,50.0,6,0,0.0,47,19,0,3,2,4,57.14,0,1,0.0,4,50.0,2,1,50.0,1,0,1,0,0,0,0,0,1,0,0,0,0,0,0,2,0,0,2,0,0,0,0,0,0,0,0
960112,Eliano Reijnders,Zwolle,eliano reijnders,6.55,2,0,41,0,0.06,0,0.1,0,0,1,0,0.0,4,10,40.0,0,1,0.0,1,2,0,1,0,0,0.0,0,0,0.0,18,10,0,4,1,2,50.0,0,1,0.0,2,40.0,2,2,100.0,0,0,1,0,0,0,1,0,0,0,0,0,0,0,0,0,0,0,0,0,0,0,0,0,0,0,0
1388442,Dion Versluis,NAC Breda,dion versluis,6.55,6,0,40,0,0.03,0,0.0,0,0,1,0,0.0,2,8,25.0,2,3,66.67,0,0,1,1,0,1,0.0,1,0,0.0,24,16,0,1,4,1,16.67,3,2,60.0,4,36.36,1,1,100.0,0,2,0,0,0,0,0,0,0,0,0,0,0,0,0,0,0,0,0,0,0,0,0,0,0,0,0
1892604,Daan Van Reeuwijk,NAC Breda,daan van reeuwijk,6.4,1,0,40,0,0.13,0,0.0,0,0,2,0,0.0,11,19,57.89,0,3,0.0,0,1,0,1,0,0,0.0,0,0,0.0,23,9,0,1,0,0,0.0,2,3,40.0,2,40.0,0,0,0.0,0,1,1,0,0,0,0,0,0,0,0,0,0,0,0,0,0,0,0,0,0,0,0,0,0,0,0
1957736,Jaygo van Ommeren,Utrecht,jaygo van ommeren,6.75,2,0,39,0,0.04,0,0.02,0,0,1,0,0.0,25,28,89.29,0,1,0.0,0,7,2,2,1,1,100.0,0,0,0.0,38,6,0,2,0,3,100.0,2,0,100.0,5,100.0,1,1,100.0,0,2,1,0,0,0,0,0,1,0,0,0,0,0,0,1,0,0,1,0,0,0,0,0,0,0,0
1100456,Noah Ohio,Utrecht,noah ohio,6.5,2,0,39,0,,0,0.0,0,0,0,0,0.0,10,11,90.91,0,0,0.0,0,2,0,0,0,0,0.0,0,0,0.0,15,4,0,2,0,0,0.0,0,0,0.0,0,0.0,0,0,0.0,0,0,0,0,0,0,0,0,0,0,0,0,0,0,0,1,0,0,1,0,0,0,0,0,0,0,0
2025659,Owen Johnson,Fortuna Sittard,owen johnson,6.48,4,0,39,0,,0,0.0,0,0,0,0,0.0,4,6,66.67,0,0,0.0,0,1,0,0,0,0,0.0,0,0,0.0,14,5,0,0,2,1,20.0,2,2,50.0,3,33.33,0,0,0.0,0,1,0,0,0,0,1,1,1,0,0,0,0,0,0,2,0,0,0,2,0,0,0,0,0,0,0
1470002,Shaqueel van Persie,Feyenoord,shaqueel van persie,7.55,3,0,37,2,0.37,0,0.6,0,0,2,2,100.0,11,17,64.71,0,1,0.0,0,4,0,1,1,1,100.0,0,0,0.0,29,10,0,0,2,2,50.0,2,3,40.0,4,44.44,1,1,100.0,0,2,0,0,0,0,0,0,0,1,0,0,0,0,0,3,0,0,3,0,0,0,0,0,0,0,0
277331,Alen Halilović,Fortuna Sittard,alen halilovic,6.63,5,0,37,0,0.11,1,0.57,1,0,1,0,0.0,17,18,94.44,1,2,50.0,2,7,0,0,0,0,0.0,6,3,50.0,33,5,0,2,0,5,83.33,0,0,0.0,5,83.33,1,1,100.0,1,1,0,0,0,0,0,1,4,0,0,0,0,0,0,1,0,0,1,0,0,0,0,0,0,0,0
1048427,Casper Staring,NAC Breda,casper staring,6.65,2,0,34,0,,0,0.0,0,0,0,0,0.0,4,9,44.44,0,3,0.0,0,0,0,0,0,0,0.0,0,0,0.0,14,5,0,0,0,0,0.0,2,1,66.67,2,50.0,0,0,0.0,0,4,0,1,0,0,1,0,0,0,0,0,0,0,0,1,0,0,1,0,0,0,0,0,0,0,0
1648749,Younes Jaber el Maftahi,Sparta R.,younes jaber el maftahi,6.6,1,0,33,0,0.08,0,0.01,0,1,1,1,0.0,7,10,70.0,1,2,50.0,0,3,0,0,0,2,0.0,0,0,0.0,23,7,1,6,0,2,50.0,0,0,0.0,2,50.0,2,1,50.0,0,2,0,0,0,0,0,0,0,0,0,0,0,0,0,0,0,0,0,0,0,0,0,0,0,0,0
794269,Jeff Reine-Adélaïde,Heracles Almelo,jeff reine-adelaide,6.7,1,0,32,0,,0,0.31,1,0,0,0,0.0,12,14,85.71,2,3,66.67,2,6,2,3,0,0,0.0,0,0,0.0,19,5,1,1,1,1,50.0,0,1,0.0,1,33.33,0,0,0.0,0,0,0,0,0,0,0,0,1,0,0,0,0,0,0,3,0,0,3,0,0,0,0,0,0,0,0
2207814,Moussa Gbemou,Fortuna Sittard,moussa gbemou,6.63,3,0,31,0,,0,0.0,0,0,0,0,0.0,17,20,85.0,0,1,0.0,1,1,0,1,0,0,0.0,0,0,0.0,33,6,0,1,2,4,66.67,0,1,0.0,4,57.14,4,3,75.0,0,2,0,1,0,0,0,0,0,0,0,0,0,0,0,1,0,0,1,0,0,0,0,0,0,0,0
1012931,Samir Lagsir,Zwolle,samir lagsir,6.6,2,0,29,0,,0,0.02,0,0,0,0,0.0,10,11,90.91,1,2,50.0,0,6,0,0,2,4,50.0,1,0,0.0,21,6,0,3,1,2,40.0,1,0,100.0,3,50.0,0,0,0.0,0,0,0,0,0,0,0,0,0,0,0,0,0,0,0,1,0,0,1,0,0,0,0,0,0,0,0
1625485,Nils Eggens,De Graafschap,nils eggens,6.73,3,0,28,0,0.04,0,0.0,0,0,1,0,0.0,5,7,71.43,1,1,100.0,0,1,0,0,0,0,0.0,0,0,0.0,11,4,0,0,1,1,50.0,1,1,50.0,2,50.0,0,0,0.0,0,0,1,0,0,0,0,0,1,0,0,0,0,0,0,1,0,0,1,0,0,0,0,0,0,0,0
1120949,Milan de Haan,Almere City FC,milan de haan,6.55,2,0,28,0,,0,0.01,0,0,0,0,0.0,10,13,76.92,0,2,0.0,0,5,0,3,0,0,0.0,0,0,0.0,16,3,0,1,0,0,0.0,0,0,0.0,0,0.0,0,0,0.0,1,1,0,0,0,0,1,0,0,0,0,0,0,0,0,0,0,0,0,0,0,0,0,0,0,0,0
2055327,Bendegúz Kovács,AZ Alkmaar,bendeguz kovacs,6.4,3,0,27,0,0.16,0,0.01,0,0,2,0,0.0,4,8,50.0,0,1,0.0,1,3,0,1,1,1,100.0,0,0,0.0,21,8,0,1,2,1,20.0,1,3,25.0,2,22.22,0,0,0.0,0,1,1,0,0,0,0,2,0,0,0,0,0,0,0,0,0,0,0,0,0,0,0,0,0,0,0
1402736,Kiano Dyer,Volendam,kiano dyer,6.5,3,0,25,0,,0,0.0,0,0,0,0,0.0,9,11,81.82,0,0,0.0,0,1,0,0,0,1,0.0,0,0,0.0,18,3,0,0,0,2,66.67,0,0,0.0,2,66.67,2,1,50.0,0,0,0,0,0,0,0,0,0,0,0,0,0,0,0,1,0,0,1,0,0,0,0,0,0,0,0
1147503,Marko Kerkez,Fortuna Sittard,marko kerkez,6.55,3,0,24,0,,0,0.0,0,0,0,0,0.0,1,4,25.0,0,0,0.0,0,0,0,0,0,0,0.0,0,0,0.0,10,3,1,1,0,1,50.0,0,3,0.0,1,20.0,1,0,0.0,0,2,0,1,0,0,1,0,0,0,0,0,0,0,0,0,0,0,0,0,0,0,0,0,0,0,0
2166694,Key Shawn Soij,Volendam,key shawn soij,6.45,3,0,23,0,0.13,0,0.0,0,0,1,0,0.0,4,6,66.67,0,0,0.0,0,0,0,0,0,1,0.0,0,0,0.0,14,5,0,1,1,1,25.0,0,0,0.0,1,25.0,1,1,100.0,0,0,0,0,0,0,0,1,0,0,0,0,0,0,0,1,0,0,1,0,0,0,0,0,0,0,0
1172732,Damian van der Haar,Zwolle,damian van der haar,6.55,3,0,22,0,,0,0.0,0,0,0,0,0.0,1,3,33.33,0,1,0.0,0,0,0,0,0,0,0.0,0,0,0.0,9,2,0,0,0,0,0.0,0,1,0.0,0,0.0,0,0,0.0,1,2,0,0,0,0,0,1,0,1,0,0,0,0,0,0,0,0,0,0,0,0,0,0,0,0,0
2361972,Tarik Hamamioglu,Heracles Almelo,tarik hamamioglu,6.35,2,0,22,0,0.04,0,0.02,0,0,1,0,0.0,1,2,50.0,0,0,0.0,0,1,0,0,0,1,0.0,0,0,0.0,6,3,1,1,0,0,0.0,0,3,0.0,0,0.0,0,0,0.0,0,0,0,0,0,0,0,0,0,0,0,0,0,0,0,0,0,0,0,0,0,0,0,0,0,0,0
287643,Oleksandr Zinchenko,Ajax,oleksandr zinchenko,7.0,2,1,20,0,,0,0.07,0,0,0,0,0.0,20,22,90.91,3,3,100.0,0,12,3,3,0,1,0.0,1,0,0.0,29,5,0,0,0,1,33.33,0,0,0.0,1,33.33,0,0,0.0,0,1,0,0,0,0,0,1,1,0,0,0,0,0,0,0,0,0,0,0,0,0,0,0,0,0,0
1198088,Nesto Groen,Excelsior,nesto groen,6.3,1,0,18,0,,0,0.0,0,0,0,0,0.0,2,4,50.0,0,0,0.0,0,1,0,0,0,0,0.0,1,0,0.0,7,4,1,2,1,0,0.0,0,2,0.0,0,0.0,0,0,0.0,0,0,0,0,0,0,0,1,0,0,0,0,0,0,0,0,0,0,0,0,0,0,0,0,0,0,0
1885304,Rodney Kroeze,Zwolle,rodney kroeze,6.8,1,0,17,0,0.01,0,0.02,0,0,1,0,0.0,17,19,89.47,1,1,100.0,0,7,1,1,0,0,0.0,0,0,0.0,26,4,0,1,0,2,40.0,0,0,0.0,2,40.0,2,0,0.0,0,0,0,0,0,0,1,2,0,1,0,0,0,0,0,0,0,0,0,0,0,0,0,0,0,0,0
2202901,Noa el Hamdaoui,Excelsior,noa el hamdaoui,6.5,1,0,17,0,,0,0.0,0,0,0,0,0.0,4,4,100.0,0,0,0.0,0,2,0,0,0,0,0.0,0,0,0.0,5,1,0,0,0,0,0.0,0,1,0.0,0,0.0,0,0,0.0,0,0,0,0,0,0,0,1,0,0,0,0,0,0,0,0,0,0,0,0,0,0,0,0,0,0,0
1470065,Guilherme Peixoto,Twente,guilherme peixoto,6.4,1,0,17,0,,0,0.0,0,0,0,0,0.0,4,4,100.0,1,1,100.0,0,2,1,1,1,1,100.0,0,0,0.0,7,0,0,0,0,1,33.33,0,0,0.0,1,33.33,0,0,0.0,0,1,0,0,0,0,1,1,0,1,0,0,0,0,0,0,0,0,0,0,0,0,0,0,0,0,0
1019011,Isak Hansen Aarøen,NEC Nijmegen,isak hansen aaroen,5.9,3,0,16,0,,0,0.05,0,0,0,0,0.0,13,17,76.47,0,1,0.0,1,6,0,1,1,1,100.0,0,0,0.0,24,6,0,0,0,3,100.0,0,1,0.0,3,75.0,2,1,50.0,0,1,0,0,0,0,0,0,0,0,0,0,0,0,0,0,0,0,0,0,0,0,0,0,0,0,0
1500993,Kevin Kers,NEC Nijmegen,kevin kers,6.4,1,0,15,0,0.28,0,0.0,0,1,1,0,0.0,1,2,50.0,0,0,0.0,0,0,0,0,0,0,0.0,0,0,0.0,7,4,0,0,0,0,0.0,1,2,33.33,1,33.33,0,0,0.0,0,0,0,0,0,0,0,0,0,0,0,0,0,0,0,0,0,0,0,0,0,0,0,0,0,0,0
1801349,Tiago Codinha,Volendam,tiago codinha,6.5,2,0,14,0,,0,0.0,0,0,0,0,0.0,3,3,100.0,0,0,0.0,0,0,0,0,0,0,0.0,0,0,0.0,12,5,0,1,1,1,33.33,0,0,0.0,1,33.33,1,1,100.0,1,1,0,0,0,0,0,1,0,0,0,0,0,0,0,0,0,0,0,0,0,0,0,0,0,0,0
2193004,Sam de Laat,NEC Nijmegen,sam de laat,6.6,1,0,13,0,,0,0.01,0,0,0,0,0.0,4,4,100.0,1,1,100.0,0,3,0,0,1,1,100.0,0,0,0.0,6,0,1,1,0,1,50.0,0,0,0.0,1,50.0,0,0,0.0,1,0,0,0,0,0,0,1,0,0,0,0,0,0,0,0,0,0,0,0,0,0,0,0,0,0,0
1586639,Jim Koller,PSV,jim koller,6.6,2,0,13,0,,0,0.0,0,0,0,0,0.0,3,3,100.0,0,0,0.0,0,0,0,0,1,1,100.0,0,0,0.0,6,1,0,0,0,2,66.67,0,1,0.0,2,50.0,0,0,0.0,0,0,0,0,0,0,0,1,1,0,0,0,0,0,0,0,0,0,0,0,0,0,0,0,0,0,0
1546216,Ayoub Ouarghi,Feyenoord,ayoub ouarghi,6.5,1,0,13,0,,0,0.0,0,0,0,0,0.0,2,2,100.0,1,1,100.0,0,1,1,1,0,0,0.0,0,0,0.0,5,2,0,2,1,0,0.0,0,0,0.0,0,0.0,0,0,0.0,0,1,0,0,0,0,0,1,0,0,0,0,0,0,0,1,0,0,1,0,0,0,0,0,0,0,0
2014656,Jivayno Zinhagel,Feyenoord,jivayno zinhagel,6.4,1,0,13,0,,0,0.0,0,0,0,0,0.0,4,5,80.0,0,0,0.0,0,1,0,0,0,0,0.0,1,0,0.0,7,3,0,0,0,0,0.0,0,1,0.0,0,0.0,0,0,0.0,0,0,0,0,0,0,0,0,0,0,0,0,0,0,0,0,0,0,0,0,0,0,0,0,0,0,0
2026504,Yousri Sbai,NEC Nijmegen,yousri sbai,6.8,2,0,11,0,,0,0.0,0,0,0,0,0.0,2,3,66.67,0,0,0.0,0,1,0,0,0,0,0.0,0,0,0.0,6,2,0,0,0,0,0.0,0,0,0.0,0,0.0,0,0,0.0,0,1,0,1,0,0,0,0,0,0,0,0,0,0,0,0,0,0,0,0,0,0,0,0,0,0,0
1801311,Jermaine Rijssel,Heerenveen,jermaine rijssel,6.5,1,0,11,0,,0,0.0,0,0,0,0,0.0,1,1,100.0,0,0,0.0,0,1,0,0,0,0,0.0,1,0,0.0,2,1,1,1,0,0,0.0,0,0,0.0,0,0.0,0,0,0.0,0,0,0,0,0,0,0,0,0,0,0,0,0,0,0,0,0,0,0,0,0,0,0,0,0,0,0
1939251,Jesper Tielemans,Volendam,jesper tielemans,6.4,1,0,11,0,0.09,0,0.0,0,0,1,1,0.0,2,2,100.0,0,0,0.0,0,1,0,0,0,0,0.0,0,0,0.0,4,1,0,0,0,0,0.0,0,0,0.0,0,0.0,0,0,0.0,0,0,0,0,0,0,0,0,0,0,0,0,0,0,0,0,0,0,0,0,0,0,0,0,0,0,0
1638397,Dylan Ruward,Zwolle,dylan ruward,6.3,1,0,11,0,,0,,0,0,0,0,0.0,0,0,0.0,0,0,0.0,0,0,0,0,0,0,0.0,0,0,0.0,3,0,0,0,0,0,0.0,0,0,0.0,0,0.0,0,0,0.0,0,1,0,0,0,0,0,0,0,0,0,0,0,0,0,1,0,0,1,0,0,0,0,0,0,0,0
2465040,Ilai Grootfaam ,Feyenoord,ilai grootfaam,6.0,1,0,11,0,,0,0.0,0,0,0,0,0.0,2,2,100.0,0,0,0.0,0,1,0,0,0,0,0.0,0,0,0.0,5,0,0,0,0,2,100.0,0,0,0.0,2,100.0,2,1,50.0,0,0,0,0,0,0,0,0,0,0,0,0,0,0,0,1,0,0,1,0,0,0,0,0,0,0,0
2186070,Sil Blokhuis,Heracles Almelo,sil blokhuis,6.8,2,0,10,0,,0,0.18,0,0,0,0,0.0,2,3,66.67,0,0,0.0,1,2,0,0,0,0,0.0,1,0,0.0,5,2,0,0,0,0,0.0,0,0,0.0,0,0.0,0,0,0.0,0,0,0,0,0,0,0,0,0,0,0,0,0,0,0,0,0,0,0,0,0,0,0,0,0,0,0
1465822,Nicolas Verkooijen,PSV,nicolas verkooijen,6.7,3,0,10,0,,0,0.04,0,0,0,0,0.0,6,7,85.71,0,0,0.0,1,5,1,1,0,0,0.0,0,0,0.0,8,2,1,1,1,0,0.0,1,1,50.0,1,33.33,0,0,0.0,0,0,0,0,0,0,0,0,0,0,0,0,0,0,0,0,0,0,0,0,0,0,0,0,0,0,0
1542618,Jordy Bawuah,PSV,jordy bawuah,6.7,1,0,10,0,0.03,0,0.0,0,0,1,1,0.0,2,3,66.67,0,1,0.0,0,0,0,0,0,0,0.0,0,0,0.0,8,2,0,1,0,1,100.0,0,0,0.0,1,100.0,1,1,100.0,1,0,0,0,0,0,0,0,0,0,0,0,0,0,0,0,0,0,0,0,0,0,0,0,0,0,0
286097,Paweł Bochniewicz,Heerenveen,pawel bochniewicz,6.5,1,0,10,0,,0,,0,0,0,0,0.0,0,1,0.0,0,0,0.0,0,0,0,0,0,0,0.0,0,0,0.0,2,1,0,0,0,0,0.0,0,1,0.0,0,0.0,0,0,0.0,0,0,0,0,0,0,0,0,0,0,0,0,0,0,0,0,0,0,0,0,0,0,0,0,0,0,0
1823943,Jinairo Johnson,Ajax,jinairo johnson,6.5,1,0,10,0,,0,0.0,0,0,0,0,0.0,4,4,100.0,0,0,0.0,0,0,0,0,0,0,0.0,0,0,0.0,7,3,0,1,1,0,0.0,0,0,0.0,0,0.0,0,0,0.0,0,0,0,0,0,0,0,0,0,0,0,0,0,0,0,0,0,0,0,0,0,0,0,0,0,0,0
1801303,Isaiah Ahmed,Heerenveen,isaiah ahmed,6.5,2,0,10,0,,0,,0,0,0,0,0.0,0,2,0.0,0,1,0.0,0,0,0,1,0,0,0.0,0,0,0.0,4,3,0,1,0,0,0.0,0,1,0.0,0,0.0,0,0,0.0,1,0,0,0,0,0,0,1,0,0,0,0,0,0,0,0,0,0,0,0,0,0,0,0,0,0,0
996813,Antonio Satriano,Heracles Almelo,antonio satriano,6.4,1,0,10,0,,0,,0,0,0,0,0.0,0,0,0.0,0,0,0.0,0,0,0,0,0,0,0.0,0,0,0.0,1,0,0,0,0,0,0.0,0,1,0.0,0,0.0,0,0,0.0,0,0,0,0,0,0,0,0,0,0,0,0,0,0,0,1,0,0,1,0,0,0,0,0,0,0,0
2193018,Jeppe Wijnreder,Heracles Almelo,jeppe wijnreder,6.8,1,0,9,0,,0,0.0,0,0,0,0,0.0,3,5,60.0,1,1,100.0,0,2,0,0,0,0,0.0,0,0,0.0,5,2,0,0,0,0,0.0,1,0,100.0,1,100.0,0,0,0.0,0,0,0,0,0,0,0,0,0,0,0,0,0,0,0,0,0,0,0,0,0,0,0,0,0,0,0
1383661,Remi van Ekeris,Telstar,remi van ekeris,6.6,1,0,9,0,,0,0.01,0,0,0,0,0.0,5,7,71.43,1,1,100.0,0,2,0,0,0,0,0.0,1,0,0.0,10,4,0,0,0,0,0.0,0,0,0.0,0,0.0,0,0,0.0,0,0,0,0,0,0,0,0,0,0,0,0,0,0,0,0,0,0,0,0,0,0,0,0,0,0,0
1923374,Giuliano Cairo,Excelsior,giuliano cairo,6.5,1,0,9,0,,0,0.0,0,0,0,0,0.0,5,6,83.33,0,0,0.0,0,0,0,1,0,1,0.0,0,0,0.0,8,2,0,0,0,1,25.0,0,0,0.0,1,25.0,1,0,0.0,0,0,0,0,0,0,1,1,0,0,0,0,0,0,0,0,0,0,0,0,0,0,0,0,0,0,0
1841361,Myron Mau-Asam,Volendam,myron mau-asam,6.5,1,0,9,0,,0,0.0,0,0,0,0,0.0,2,2,100.0,0,0,0.0,0,1,0,0,0,0,0.0,0,0,0.0,4,1,0,0,1,0,0.0,0,0,0.0,0,0.0,0,0,0.0,0,0,0,0,0,0,0,1,0,0,0,0,0,0,0,0,0,0,0,0,0,0,0,0,0,0,0
1886210,Fabian Merién,PSV,fabian merien,6.8,1,0,8,0,,0,0.0,0,0,0,0,0.0,4,4,100.0,0,0,0.0,0,0,0,0,1,1,100.0,0,0,0.0,8,0,0,0,0,1,50.0,0,0,0.0,1,50.0,0,0,0.0,0,2,0,0,0,0,1,0,0,0,0,0,0,0,0,0,0,0,0,0,0,0,0,0,0,0,0
1862924,Jop Tijink,Heracles Almelo,jop tijink,6.7,1,0,8,0,,0,0.0,0,0,0,0,0.0,1,1,100.0,0,0,0.0,1,0,0,0,0,0,0.0,0,0,0.0,2,0,0,0,0,0,0.0,0,0,0.0,0,0.0,0,0,0.0,0,0,0,0,0,0,0,0,0,0,0,0,0,0,0,0,0,0,0,0,0,0,0,0,0,0,0
2361970,Nigel Groenewald,Twente,nigel groenewald,6.7,1,0,8,0,,0,0.01,0,0,0,0,0.0,3,4,75.0,0,0,0.0,0,2,0,0,0,0,0.0,0,0,0.0,6,2,0,1,0,0,0.0,1,0,100.0,1,50.0,0,0,0.0,0,1,0,0,0,0,0,1,0,0,0,0,0,0,0,0,0,0,0,0,0,0,0,0,0,0,0
1960323,Pharrel Nash,Ajax,pharrel nash,6.6,1,0,8,0,,0,0.01,0,0,0,0,0.0,2,3,66.67,0,0,0.0,0,2,0,0,0,0,0.0,1,0,0.0,4,2,0,0,0,0,0.0,1,0,100.0,1,100.0,0,0,0.0,0,0,0,0,0,0,0,0,0,0,0,0,0,0,0,0,0,0,0,0,0,0,0,0,0,0,0
1190941,Rafik El Arguioui,Utrecht,rafik el arguioui,6.5,1,0,8,0,,0,0.0,0,0,0,0,0.0,1,1,100.0,0,0,0.0,0,1,0,0,0,0,0.0,0,0,0.0,2,1,0,0,1,0,0.0,0,0,0.0,0,0.0,0,0,0.0,0,0,0,0,0,0,0,0,0,0,0,0,0,0,0,0,0,0,0,0,0,0,0,0,0,0,0
2056009,Ofosu Boakye,Go Ahead Eagles,ofosu boakye,6.3,1,0,8,0,,0,,0,0,0,0,0.0,0,0,0.0,0,0,0.0,0,0,0,0,0,1,0.0,0,0,0.0,4,2,0,0,0,0,0.0,0,1,0.0,0,0.0,0,0,0.0,0,0,0,0,0,0,0,1,0,0,0,0,0,0,0,0,0,0,0,0,0,0,0,0,0,0,0
2025660,Amin Laoukili,Fortuna Sittard,amin laoukili,0.0,1,0,2,0,0.01,0,,0,0,1,1,0.0,0,0,0.0,0,0,0.0,0,0,0,0,0,0,0.0,0,0,0.0,1,0,0,0,0,0,0.0,0,0,0.0,0,0.0,0,0,0.0,0,0,0,0,0,0,0,0,0,0,0,0,0,0,0,0,0,0,0,0,0,0,0,0,0,0,0
2199364,Jismerai Dillema,Groningen,jismerai dillema,0.0,1,0,1,0,,0,,0,0,0,0,0.0,0,0,0.0,0,0,0.0,0,0,0,0,0,0,0.0,0,0,0.0,0,0,0,0,0,0,0.0,0,0,0.0,0,0.0,0,0,0.0,0,0,0,0,0,0,0,0,0,0,0,0,0,0,0,0,0,0,0,0,0,0,0,0,0,0,0
1916795,Hasip Korkmazyürek,Fortuna Sittard,hasip korkmazyurek,0.0,1,0,1,0,,0,,0,0,0,0,0.0,0,0,0.0,0,0,0.0,0,0,0,0,0,0,0.0,0,0,0.0,1,0,0,0,0,0,0.0,0,1,0.0,0,0.0,0,0,0.0,0,1,0,0,0,0,0,0,0,0,0,0,0,0,0,0,0,0,0,0,0,0,0,0,0,0,0
2589410,Ganni Buyukhan,Fortuna Sittard,ganni buyukhan,0.0,1,0,1,0,,0,0.0,0,0,0,0,0.0,1,1,100.0,0,0,0.0,0,0,0,0,0,1,0.0,0,0,0.0,5,1,0,0,0,1,50.0,0,1,0.0,1,33.33,1,1,100.0,1,0,0,0,0,0,0,0,0,0,0,0,0,0,0,0,0,0,0,0,0,0,0,0,0,0,0
