sofascore_id,player,squad,norm_key,rating,appearances,matchesStarted,minutesPlayed,goals,expectedGoals,assists,expectedAssists,bigChancesCreated,bigChancesMissed,totalShots,shotsOnTarget,goalConversionPercentage,accuratePasses,totalPasses,accuratePassesPercentage,accurateLongBalls,totalLongBalls,accurateLongBallsPercentage,keyPasses,accurateFinalThirdPasses,accurateChippedPasses,totalChippedPasses,successfulDribbles,totalContest,successfulDribblesPercentage,totalCross,accurateCrosses,accurateCrossesPercentage,touches,possessionLost,possessionWonAttThird,ballRecovery,dispossessed,groundDuelsWon,groundDuelsWonPercentage,aerialDuelsWon,aerialLost,aerialDuelsWonPercentage,totalDuelsWon,totalDuelsWonPercentage,tackles,tacklesWon,tacklesWonPercentage,interceptions,clearances,blockedShots,outfielderBlocks,errorLeadToGoal,errorLeadToShot,dribbledPast,fouls,wasFouled,yellowCards,redCards,saves,savesCaught,savesParried,cleanSheet,goalsConceded,savedShotsFromInsideTheBox,savedShotsFromOutsideTheBox,goalsConcededInsideTheBox,goalsConcededOutsideTheBox,punches,runsOut,successfulRunsOut,highClaims,crossesNotClaimed,penaltyFaced,penaltySave
156663,Davy Roef,Gent,davy roef,7.25,41,41,3720,0,,0,0.05,0,0,0,0,0.0,871,1298,67.1,255,670,38.06,3,24,69,126,0,0,0.0,0,0,0.0,1788,447,0,378,0,7,100.0,18,2,90.0,25,92.59,1,1,100.0,1,39,0,0,2,3,0,0,8,0,0,147,2,26,10,58,110,36,50,8,21,14,14,32,0,4,2
801025,Bryan Heynen,Genk,bryan heynen,7.31,40,40,3603,4,4.75,1,4.68,7,4,48,11,8.33,2169,2503,86.66,121,220,55.0,49,671,100,168,22,40,55.0,23,4,17.39,3193,481,21,213,31,163,56.01,76,58,56.72,239,56.24,99,64,64.65,53,119,14,23,0,1,35,46,42,5,0,0,0,0,8,52,0,0,47,5,0,0,0,0,0,0,0
963038,Andreas Jungdal,Westerlo,andreas jungdal,6.97,40,40,3600,0,,0,0.15,0,0,0,0,0.0,845,1253,67.44,258,661,39.03,3,71,70,120,0,0,0.0,0,0,0.0,1645,417,0,343,0,7,87.5,19,0,100.0,26,96.3,1,1,100.0,1,53,0,0,3,1,1,0,9,3,0,112,0,25,14,57,76,34,50,7,18,35,35,24,1,2,1
949101,Ewoud Pletinckx,OH Leuven,ewoud pletinckx,6.74,40,40,3538,3,2.91,0,1.14,1,4,35,12,8.57,1256,1559,80.56,106,237,44.73,14,143,76,170,6,10,60.0,15,6,40.0,2139,359,0,97,4,65,56.03,97,107,47.55,162,50.63,55,32,58.18,38,199,5,34,0,1,15,30,4,4,0,0,0,0,10,60,0,0,53,7,0,0,0,0,0,0,0
1392905,Matte Smets,Genk,matte smets,7.15,39,39,3509,0,0.75,1,2.2,3,0,15,0,0.0,2674,2925,91.42,229,388,59.02,17,256,78,156,5,8,62.5,11,3,27.27,3501,285,2,134,2,93,69.92,73,78,48.34,166,58.45,70,41,58.57,54,273,2,31,0,1,13,22,18,4,0,0,0,0,7,53,0,0,48,5,0,0,0,0,0,0,0
862075,Bryan Reynolds,Westerlo,bryan reynolds,6.77,39,39,3494,2,2.75,3,4.35,5,4,22,8,9.09,1157,1473,78.55,52,117,44.44,37,390,47,106,37,73,50.68,69,24,34.78,2337,552,10,151,22,114,50.44,40,19,67.8,154,54.04,53,32,60.38,32,114,2,7,1,1,21,37,24,8,0,0,0,0,13,56,0,0,49,7,0,0,0,0,0,0,0
1407973,Cheick Keita,Charleroi,cheick keita,6.69,40,39,3440,3,2.36,0,0.27,0,2,18,5,16.67,1359,1490,91.21,61,120,50.83,1,77,31,65,5,9,55.56,4,1,25.0,1949,183,1,127,13,67,54.47,63,63,50.0,130,52.21,43,26,60.47,25,189,1,23,0,3,9,32,19,5,0,0,0,0,11,49,0,0,40,9,0,0,0,0,0,0,0
248331,Brandon Mechele,Club Brugge,brandon mechele,7.29,39,39,3435,5,3.46,2,1.49,3,4,33,14,15.15,2595,2813,92.25,129,217,59.45,22,307,73,125,5,6,83.33,4,0,0.0,3298,252,2,160,5,102,64.97,127,77,62.25,229,63.43,77,43,55.84,44,149,6,36,0,2,16,36,21,4,0,0,0,0,12,41,0,0,37,4,0,0,0,0,0,0,0
997020,Léo Kokubo,Sint-Truiden,leo kokubo,7.23,38,38,3420,0,,0,0.05,0,0,0,0,0.0,841,1165,72.19,195,509,38.31,0,29,44,84,0,0,0.0,0,0,0.0,1521,334,0,301,0,15,100.0,8,2,80.0,23,92.0,4,3,75.0,0,44,0,0,1,3,0,1,12,5,0,110,0,34,9,43,79,31,35,8,16,18,17,26,1,3,0
122399,Colin Coosemans,Anderlecht,colin coosemans,6.98,38,38,3420,0,,0,0.11,0,0,0,0,0.0,788,1130,69.73,205,539,38.03,2,47,80,156,1,1,100.0,1,0,0.0,1467,353,0,286,0,11,100.0,16,3,84.21,27,90.0,0,0,0.0,2,39,0,0,2,1,0,2,10,2,0,102,0,19,10,56,74,28,49,7,26,8,8,33,1,5,0
846087,Doğucan Haspolat,Westerlo,dogucan haspolat,7.18,38,38,3395,1,2.52,4,7.83,12,1,46,10,2.17,1420,1737,81.75,101,212,47.64,86,414,94,180,19,41,46.34,263,85,32.32,2539,581,15,177,12,160,56.54,26,28,48.15,186,55.19,82,49,59.76,62,57,11,13,0,1,45,45,63,7,0,0,0,0,12,57,0,0,50,7,0,0,0,0,0,0,0
965265,Aiham Ousou,Charleroi,aiham ousou,6.95,39,39,3395,2,3.22,1,1.58,2,4,34,10,5.88,1584,1789,88.54,143,247,57.89,11,217,62,105,5,7,71.43,1,0,0.0,2313,246,2,151,10,76,58.02,78,60,56.52,154,57.25,53,35,66.04,41,220,10,35,0,1,6,40,20,12,1,0,0,0,10,47,0,0,39,8,0,0,0,0,0,0,0
118085,Hans Vanaken,Club Brugge,hans vanaken,7.45,39,38,3366,7,8.38,3,8.0,14,7,58,21,12.07,2319,2619,88.55,162,214,75.7,67,777,146,221,15,36,41.67,35,15,42.86,3143,428,13,193,36,81,45.51,74,33,69.16,155,54.39,38,22,57.89,22,54,19,12,0,2,25,18,29,2,0,0,0,0,10,42,0,0,38,4,0,0,0,0,0,0,0
946959,Fredrik Hammar,Mechelen,fredrik hammar,7.04,38,38,3366,1,1.75,1,1.64,3,1,28,6,3.57,1099,1384,79.41,67,150,44.67,18,263,37,82,20,29,68.97,7,2,28.57,2080,385,14,224,34,218,60.39,59,48,55.14,277,59.19,152,96,63.16,66,105,4,30,1,1,49,55,46,10,0,0,0,0,9,53,0,0,46,7,0,0,0,0,0,0,0
846330,Abdoulaye Sissako,Sint-Truiden,abdoulaye sissako,6.82,40,39,3349,2,2.74,3,1.22,1,1,30,4,6.67,1503,1796,83.69,76,128,59.38,15,346,46,82,41,71,57.75,10,1,10.0,2411,433,17,228,34,148,53.82,66,65,50.38,214,52.71,91,48,52.75,47,79,7,19,1,1,21,44,16,5,0,0,0,0,8,44,0,0,35,9,0,0,0,0,0,0,0
997153,Emin Bayram,Westerlo,emin bayram,7.06,38,38,3322,4,4.39,2,2.88,5,4,41,13,9.76,1734,2050,84.59,159,325,48.92,20,196,134,238,15,21,71.43,13,4,30.77,2670,374,6,143,6,79,58.09,94,47,66.67,173,62.45,44,21,47.73,51,254,8,32,2,3,21,26,21,4,2,0,0,0,13,49,0,0,43,6,0,0,0,0,0,0,0
1030211,Rihito Yamamoto,Sint-Truiden,rihito yamamoto,7.08,38,38,3290,5,5.87,6,6.27,8,6,51,16,9.8,1161,1402,82.81,35,65,53.85,62,506,52,91,21,52,40.38,79,26,32.91,2163,446,23,182,39,193,56.43,28,49,36.36,221,52.74,75,48,64.0,45,58,21,13,0,1,34,48,97,6,0,0,0,0,7,42,0,0,33,9,0,0,0,0,0,0,0
1154586,Ilias Sebaoui,Sint-Truiden,ilias sebaoui,6.81,40,40,3272,5,8.33,5,5.21,9,7,93,27,5.38,966,1218,79.31,76,130,58.46,36,388,57,111,43,107,40.19,43,7,16.28,1939,529,22,186,51,128,40.13,19,23,45.24,147,40.72,46,29,63.04,16,50,34,3,0,2,28,52,39,3,0,0,0,0,8,42,0,0,34,8,0,0,0,0,0,0,0
915567,Aurélien Scheidler,Charleroi,aurelien scheidler,6.81,40,37,3266,9,12.47,4,2.75,3,16,71,28,12.68,504,814,61.92,14,25,56.0,38,199,23,32,10,28,35.71,8,0,0.0,1232,466,16,56,31,62,38.51,238,204,53.85,300,49.75,8,4,50.0,7,44,12,3,0,0,10,43,44,3,0,0,0,0,9,45,0,0,37,8,0,0,0,0,0,0,0
861977,Brent Gabriel,Zulte Waregem,brent gabriel,7.26,36,36,3240,0,,1,0.6,0,0,0,0,0.0,882,1213,72.71,316,641,49.3,2,58,108,166,1,1,100.0,0,0,0.0,1530,339,0,264,0,6,85.71,6,2,75.0,12,80.0,1,0,0.0,1,36,0,0,3,1,1,0,4,1,0,110,2,21,8,53,74,35,47,6,14,24,24,20,0,7,1
1086107,Luc Marijnissen,Dender,luc marijnissen,6.73,37,37,3225,1,1.59,0,1.25,1,2,16,6,6.25,1246,1514,82.3,102,221,46.15,11,161,64,130,13,26,50.0,41,12,29.27,2198,417,2,121,17,109,58.29,92,74,55.42,201,56.94,84,52,61.9,41,181,1,19,1,4,14,36,13,7,0,0,0,0,7,59,0,0,49,10,0,0,0,0,0,0,0
303634,Christian Burgess,Union SG,christian burgess,7.31,35,35,3147,2,1.63,3,1.37,2,2,23,8,8.7,1706,1998,85.39,171,303,56.44,13,153,100,184,1,1,100.0,2,0,0.0,2556,324,0,125,4,75,62.5,139,88,61.23,214,61.67,53,30,56.6,40,270,6,23,0,2,15,34,21,13,1,0,0,0,15,26,0,0,22,4,0,0,0,0,0,0,0
1403362,Anan Khalaili,Union SG,anan khalaili,7.22,38,36,3099,3,3.34,5,7.52,14,2,38,13,7.89,1128,1423,79.27,96,163,58.9,62,394,78,131,49,95,51.58,114,31,27.19,2277,553,22,199,26,128,49.42,60,29,67.42,188,54.02,69,47,68.12,42,85,11,6,0,1,37,24,10,7,0,0,0,0,10,22,0,0,20,2,0,0,0,0,0,0,0
339901,Vincent Janssen,Antwerp,vincent janssen,6.87,35,35,3088,10,12.99,7,3.46,10,12,91,30,10.99,538,719,74.83,56,89,62.92,33,188,35,57,21,44,47.73,24,2,8.33,1255,361,19,101,48,96,44.65,41,60,40.59,137,43.35,29,20,68.97,7,54,27,6,0,0,16,41,48,8,0,0,0,0,3,37,0,0,30,7,0,0,0,0,0,0,0
1047164,Robert-Jan Vanwesemael,Sint-Truiden,robert-jan vanwesemael,6.75,37,37,3077,1,1.87,1,4.8,5,2,33,8,3.03,1243,1516,81.99,75,153,49.02,36,391,55,138,30,54,55.56,112,25,22.32,2423,531,15,177,38,121,47.45,17,36,32.08,138,44.81,70,42,60.0,36,68,13,10,0,1,22,56,21,11,0,0,0,0,6,41,0,0,33,8,0,0,0,0,0,0,0
1153957,Aleksandar Stanković,Club Brugge,aleksandar stankovic,7.09,39,34,3076,6,4.66,2,4.09,6,3,74,25,8.11,1500,1735,86.46,114,202,56.44,33,400,94,159,8,14,57.14,29,5,17.24,2245,326,21,158,22,75,51.72,56,43,56.57,131,53.69,39,22,56.41,43,97,29,17,0,0,13,30,28,4,0,0,0,0,7,37,0,0,34,3,0,0,0,0,0,0,0
842164,Siebe Van Der Heyden,Gent,siebe van der heyden,6.74,36,34,3075,2,1.64,1,1.37,1,1,25,8,8.0,1560,1840,84.78,91,231,39.39,9,200,59,139,3,8,37.5,32,7,21.88,2380,351,0,106,4,82,52.56,78,87,47.27,160,49.84,54,30,55.56,73,163,3,25,1,0,17,51,25,11,0,0,0,0,8,49,0,0,43,6,0,0,0,0,0,0,0
1031259,Christos Tzolis,Club Brugge,christos tzolis,7.71,36,34,3072,17,17.4,23,15.94,25,16,123,44,13.82,1102,1388,79.39,47,71,66.2,135,580,40,73,40,79,50.63,283,96,33.92,2246,652,27,132,33,127,51.63,29,39,42.65,156,49.68,29,18,62.07,11,33,33,2,1,1,18,32,59,6,0,0,0,0,10,37,0,0,34,3,0,0,0,0,0,0,0
1103765,Zeno Van Den Bosch,Antwerp,zeno van den bosch,6.91,35,35,3071,0,0.97,1,1.34,2,1,13,6,0.0,1459,1802,80.97,118,314,37.58,15,235,69,161,4,9,44.44,18,6,33.33,2343,400,6,120,7,77,52.38,50,41,54.95,127,53.36,57,30,52.63,53,155,0,29,1,1,13,46,17,6,1,0,0,0,7,41,0,0,35,6,0,0,0,0,0,0,0
789394,Marcos Hernán Peano,La Louvière,marcos hernan peano,7.37,34,34,3060,0,,0,0.14,0,0,0,0,0.0,634,1064,59.59,293,719,40.75,0,79,49,91,4,4,100.0,0,0,0.0,1421,445,0,338,2,14,70.0,11,3,78.57,25,73.53,4,4,100.0,0,43,0,0,2,5,3,1,8,2,0,118,0,25,10,44,80,36,43,1,21,32,30,41,0,8,0
1392080,Thérence Koudou,Mechelen,therence koudou,6.85,37,36,3060,5,1.64,2,4.81,4,3,25,8,20.0,1099,1391,79.01,57,129,44.19,35,383,64,134,38,102,37.25,123,32,26.02,2215,604,19,191,40,107,44.4,14,19,42.42,121,44.16,31,24,77.42,25,58,8,4,1,0,15,15,38,5,0,0,0,0,5,50,0,0,42,8,0,0,0,0,0,0,0
1097542,Etienne Camara,Charleroi,etienne camara,6.83,38,38,3034,2,1.19,3,1.37,2,0,20,7,10.0,1283,1516,84.63,88,144,61.11,20,212,58,89,19,28,67.86,16,3,18.75,2004,317,7,215,29,124,47.51,74,49,60.16,198,51.56,94,56,59.57,49,75,7,15,0,4,28,73,11,11,1,0,0,0,7,45,0,0,37,8,0,0,0,0,0,0,0
1126245,Isa Sakamoto,Westerlo,isa sakamoto,6.67,38,38,3021,6,7.98,4,2.85,7,7,66,21,9.09,703,842,83.49,19,27,70.37,32,314,12,25,62,109,56.88,10,1,10.0,1300,312,25,121,43,131,43.81,5,27,15.63,136,41.09,43,30,69.77,9,6,22,1,0,0,29,51,26,1,0,0,0,0,4,46,0,0,39,7,0,0,0,0,0,0,0
935309,Mujaid Sadick,Genk,mujaid sadick,6.83,36,34,3014,2,2.1,0,0.55,0,3,7,3,28.57,1881,2015,93.35,41,98,41.84,1,130,18,48,4,7,57.14,2,1,50.0,2428,162,0,116,5,92,67.15,49,47,51.04,141,60.52,76,46,60.53,24,166,1,24,0,1,12,26,12,4,1,0,0,0,5,47,0,0,42,5,0,0,0,0,0,0,0
990726,Mardochee Nzita,Charleroi,mardochee nzita,6.77,38,34,3007,0,1.02,2,3.04,4,1,12,3,0.0,947,1282,73.87,96,235,40.85,21,226,64,158,18,51,35.29,126,23,18.25,2209,618,5,148,14,131,55.27,24,26,48.0,155,54.01,65,42,64.62,35,85,6,10,0,0,25,35,49,3,1,0,0,0,7,37,0,0,32,5,0,0,0,0,0,0,0
1134470,Zakaria El Ouahdi,Genk,zakaria el ouahdi,7.07,34,34,2996,8,4.96,4,4.37,7,3,70,24,11.43,1243,1442,86.2,66,139,47.48,49,397,44,84,36,65,55.38,82,13,15.85,2286,381,10,162,21,116,51.33,26,37,41.27,142,49.13,42,22,52.38,24,96,21,15,0,0,40,21,38,4,0,0,0,0,6,44,0,0,41,3,0,0,0,0,0,0,0
1149123,Arthur Piedfort,Westerlo,arthur piedfort,7.07,36,35,2989,3,1.9,2,3.11,6,1,23,7,13.04,1116,1387,80.46,40,98,40.82,43,345,77,136,25,56,44.64,16,4,25.0,1947,390,20,174,18,166,63.36,31,33,48.44,197,60.43,86,49,56.98,47,56,6,10,1,0,28,20,56,5,0,0,0,0,9,41,0,0,36,5,0,0,0,0,0,0,0
1395881,Joaquin Seys,Club Brugge,joaquin seys,6.81,39,35,2976,2,1.25,5,3.7,4,0,16,4,12.5,1501,1713,87.62,49,105,46.67,33,473,29,54,11,18,61.11,61,14,22.95,2401,344,3,111,14,88,61.97,36,34,51.43,124,58.49,56,25,44.64,40,93,9,7,0,0,11,22,22,3,0,0,0,0,4,41,0,0,37,4,0,0,0,0,0,0,0
1000472,Adem Zorgane,Union SG,adem zorgane,7.04,37,34,2968,4,2.44,5,6.23,7,2,28,12,14.29,1598,1877,85.14,82,142,57.75,40,572,92,164,19,37,51.35,61,13,21.31,2324,427,21,196,24,88,42.11,28,30,48.28,116,43.45,64,42,65.63,31,22,6,6,0,1,39,42,5,7,0,0,0,0,12,22,0,0,20,2,0,0,0,0,0,0,0
386958,Shogo Taniguchi,Sint-Truiden,shogo taniguchi,7.07,38,32,2963,1,1.07,1,1.31,2,0,14,2,7.14,1853,2091,88.62,139,266,52.26,10,234,75,144,2,2,100.0,7,1,14.29,2566,264,2,129,2,70,60.87,75,63,54.35,145,57.31,43,25,58.14,39,224,3,32,3,2,19,25,25,4,0,0,0,0,7,39,0,0,31,8,0,0,0,0,0,0,0
964757,Ibe Hautekiet,Standard Liège,ibe hautekiet,6.87,36,32,2954,2,2.36,0,0.69,1,5,17,5,11.76,1038,1215,85.43,31,86,36.05,11,73,21,36,1,4,25.0,2,0,0.0,1737,211,1,93,5,74,61.67,111,80,58.12,185,59.49,59,35,59.32,59,217,1,27,1,2,16,27,14,3,0,0,0,0,9,42,0,0,38,4,0,0,0,0,0,0,0
895327,Kevin Mac Allister,Union SG,kevin mac allister,7.14,34,34,2930,1,3.07,1,2.44,4,4,22,5,4.55,1394,1659,84.03,91,181,50.28,13,317,58,102,9,18,50.0,12,4,33.33,2460,393,8,118,12,154,59.92,79,53,59.85,233,59.9,112,68,60.71,53,142,4,13,0,2,36,47,35,11,1,0,0,0,15,20,0,0,17,3,0,0,0,0,0,0,0
1010556,Nacho Miras,Mechelen,nacho miras,7.57,33,33,2925,0,,0,0.03,0,0,0,0,0.0,635,957,66.35,177,491,36.05,0,21,30,58,0,0,0.0,0,0,0.0,1324,330,0,243,0,7,100.0,7,0,100.0,14,100.0,1,0,0.0,0,52,0,0,3,1,0,0,8,2,0,139,2,39,8,49,95,42,43,6,17,23,23,19,0,10,2
1196903,Nacho Ferri,Westerlo,nacho ferri,7.04,36,34,2910,11,16.2,2,2.4,3,28,101,42,10.89,264,456,57.89,5,16,31.25,30,115,12,24,22,58,37.93,15,5,33.33,1075,428,20,57,51,115,42.44,157,92,63.05,272,52.31,27,13,48.15,5,41,17,8,0,0,6,71,70,7,0,0,0,0,4,37,0,0,33,4,0,0,0,0,0,0,0
1094538,Yassine Titraoui,Charleroi,yassine titraoui,7.23,35,33,2904,5,2.9,1,3.78,4,1,53,20,9.43,1358,1597,85.03,146,213,68.54,31,419,86,146,26,45,57.78,41,9,21.95,2113,376,12,194,26,123,56.42,20,25,44.44,143,54.37,58,34,58.62,43,43,12,10,0,0,29,22,39,7,0,0,0,0,6,39,0,0,33,6,0,0,0,0,0,0,0
990265,Gary Magnee,Cercle Brugge,gary magnee,6.93,34,31,2889,4,5.4,7,6.75,16,1,31,10,12.9,865,1230,70.33,99,246,40.24,74,317,68,171,20,49,40.82,253,78,30.83,2361,714,19,184,29,115,49.57,24,40,37.5,139,46.96,72,45,62.5,66,120,7,8,1,0,42,18,24,4,0,0,0,0,6,52,0,0,45,7,0,0,0,0,0,0,0
1391315,Keisuke Goto,Sint-Truiden,keisuke goto,6.77,38,32,2885,11,13.43,7,4.3,9,18,62,25,17.74,410,591,69.37,10,28,35.71,30,166,25,49,7,17,41.18,5,0,0.0,979,297,12,38,20,81,47.93,75,83,47.47,156,47.71,41,19,46.34,11,29,11,3,0,0,25,37,34,5,0,0,0,0,3,36,0,0,27,9,0,0,0,0,0,0,0
996979,Tobe Leysen,OH Leuven,tobe leysen,6.97,32,32,2859,0,,0,0.15,0,0,0,0,0.0,710,1163,61.05,229,677,33.83,0,85,53,79,0,0,0.0,0,0,0.0,1501,458,0,286,0,9,100.0,10,3,76.92,19,86.36,3,1,33.33,0,36,0,0,0,0,0,0,7,2,0,109,0,18,7,47,79,28,41,6,14,20,20,22,0,6,1
1143667,Redouane Halhal,Mechelen,redouane halhal,6.82,33,32,2849,1,0.94,2,1.04,1,1,12,4,8.33,1617,1776,91.05,78,139,56.12,7,160,27,59,4,9,44.44,5,1,20.0,2333,228,1,136,14,99,56.9,67,44,60.36,166,58.25,50,34,68.0,41,195,1,22,1,5,7,53,48,10,0,0,0,0,5,49,0,0,43,6,0,0,0,0,0,0,0
1012925,Myron Van Brederode,Mechelen,myron van brederode,7.1,34,32,2840,9,5.95,5,5.55,10,2,41,17,21.95,839,1062,79.0,36,61,59.02,57,373,39,78,49,99,49.49,135,36,26.67,1717,533,19,128,52,128,49.61,9,19,32.14,137,47.9,34,21,61.76,16,14,12,0,0,0,13,15,45,2,0,0,0,0,2,49,0,0,42,7,0,0,0,0,0,0,0
190401,Pieter Gerkens,Cercle Brugge,pieter gerkens,6.85,35,31,2840,6,5.58,1,3.44,3,11,41,16,14.63,802,1003,79.96,37,67,55.22,40,249,49,78,7,18,38.89,47,9,19.15,1443,319,26,121,17,58,41.73,50,54,48.08,108,44.44,38,23,60.53,27,67,12,16,0,0,27,27,13,1,0,0,0,0,6,49,0,0,41,8,0,0,0,0,0,0,0
831697,Ryotaro Ito,Sint-Truiden,ryotaro ito,7.28,35,34,2838,10,8.51,5,8.81,15,3,73,27,13.7,1419,1682,84.36,92,134,68.66,102,525,83,148,19,39,48.72,159,45,28.3,2201,488,27,170,24,78,48.45,3,7,30.0,81,47.37,20,9,45.0,13,10,19,1,0,1,23,17,39,1,0,0,0,0,5,35,0,0,29,6,0,0,0,0,0,0,0
838640,Wilfried Kanga,Gent,wilfried kanga,6.71,36,33,2836,12,15.13,4,1.71,4,12,90,37,13.33,389,538,72.3,6,7,85.71,27,141,7,10,8,17,47.06,12,6,50.0,951,290,13,43,21,64,51.61,84,86,49.41,148,50.34,8,2,25.0,1,35,20,1,0,0,4,32,49,4,0,0,0,0,4,35,0,0,31,4,0,0,0,0,0,0,0
852394,Kjell Scherpen,Union SG,kjell scherpen,7.18,32,32,2835,0,,0,0.12,1,0,0,0,0.0,626,861,72.71,182,413,44.07,1,50,42,75,0,0,0.0,0,0,0.0,1092,243,0,197,0,3,100.0,9,0,100.0,12,100.0,1,1,100.0,0,29,0,0,2,0,0,0,2,1,0,60,0,10,16,20,42,17,17,3,18,6,6,19,0,6,1
997024,Tiago Araújo,Gent,tiago araujo,6.94,35,32,2820,1,0.83,4,6.33,8,0,21,4,4.76,1034,1342,77.05,115,238,48.32,57,302,77,154,20,42,47.62,234,66,28.21,2286,654,9,140,22,87,48.07,18,24,42.86,105,47.09,39,23,58.97,34,88,7,2,1,2,30,20,28,9,0,0,0,0,6,45,0,0,38,7,0,0,0,0,0,0,0
1069486,Carlos Forbs,Club Brugge,carlos forbs,7.17,37,34,2816,8,6.18,8,8.55,9,4,57,21,14.04,833,1031,80.8,11,32,34.38,61,534,11,24,52,123,42.28,98,32,32.65,1664,474,13,95,33,118,46.64,3,21,12.5,121,43.68,40,28,70.0,18,26,24,1,0,0,9,26,27,4,0,0,0,0,2,30,0,0,29,1,0,0,0,0,0,0,0
1100321,Noah Mbamba,Dender,noah mbamba,6.88,35,34,2805,2,2.99,2,2.06,4,8,28,9,7.14,861,1045,82.39,38,68,55.88,20,198,42,73,35,80,43.75,11,2,18.18,1644,365,13,197,39,178,57.98,43,48,47.25,221,55.53,93,56,60.22,45,44,11,5,1,2,11,38,50,4,0,0,0,0,3,49,0,0,41,8,0,0,0,0,0,0,0
1093876,Mathis Servais,Mechelen,mathis servais,6.98,32,32,2796,2,2.95,4,5.07,6,1,41,11,4.88,975,1197,81.45,90,175,51.43,35,299,64,112,11,37,29.73,149,37,24.83,1806,441,4,140,20,89,49.72,32,25,56.14,121,51.27,48,28,58.33,22,41,14,13,0,1,22,24,30,5,0,0,0,0,4,48,0,0,42,6,0,0,0,0,0,0,0
1035095,Jeppe Erenbjerg,Zulte Waregem,jeppe erenbjerg,7.12,35,32,2787,13,10.16,3,5.5,8,8,88,32,14.77,851,1071,79.46,46,93,49.46,41,400,35,86,24,63,38.1,65,20,30.77,1597,427,17,110,27,65,39.39,5,25,16.67,70,35.9,24,11,45.83,20,26,29,5,0,2,23,12,17,2,0,0,0,0,5,44,0,0,38,6,0,0,0,0,0,0,0
1188173,Thomas Claes,Zulte Waregem,thomas claes,6.85,34,32,2784,2,2.45,1,3.5,2,0,50,16,4.0,1098,1284,85.51,79,128,61.72,32,355,56,109,19,39,48.72,90,25,27.78,1815,365,10,155,39,98,46.23,19,28,40.43,117,45.17,52,31,59.62,20,50,17,11,0,3,25,33,27,3,0,0,0,0,5,47,0,0,41,6,0,0,0,0,0,0,0
957895,Sami Lahssaini,La Louvière,sami lahssaini,6.89,32,31,2770,1,0.41,1,1.57,2,0,13,2,7.69,830,1075,77.21,98,194,50.52,16,226,80,151,20,37,54.05,33,7,21.21,1562,378,11,223,30,147,55.26,23,22,51.11,170,54.66,60,40,66.67,41,29,3,8,0,3,30,48,68,4,0,0,0,0,9,39,0,0,38,1,0,0,0,0,0,0,0
1047321,Rafiki Saïd,Standard Liège,rafiki said,7.07,37,34,2756,8,10.2,4,4.41,10,7,90,32,8.89,541,695,77.84,33,54,61.11,28,231,25,49,69,147,46.94,73,18,24.66,1434,478,18,119,52,145,46.93,27,33,45.0,172,46.61,30,25,83.33,20,31,23,1,0,0,15,21,46,4,0,0,0,0,3,37,0,0,34,3,0,0,0,0,0,0,0
1470622,Yuto Tsunashima,Antwerp,yuto tsunashima,6.84,34,32,2740,1,2.15,0,0.47,0,1,12,4,8.33,1338,1549,86.38,90,196,45.92,7,130,46,93,6,12,50.0,8,1,12.5,2029,263,0,95,5,83,52.53,79,60,56.83,162,54.55,53,34,64.15,36,188,3,27,0,1,22,47,24,6,0,0,0,0,7,38,0,0,33,5,0,0,0,0,0,0,0
1637689,Nathan De Cat,Anderlecht,nathan de cat,6.75,36,34,2739,2,1.79,4,2.28,3,1,30,6,6.67,816,1072,76.12,68,128,53.13,28,321,72,127,21,43,48.84,20,0,0.0,1560,387,13,130,25,114,48.51,30,33,47.62,144,48.32,60,34,56.67,35,48,4,9,0,1,28,46,34,8,0,0,0,0,4,44,0,0,40,4,0,0,0,0,0,0,0
1167514,Yllan Okou,La Louvière,yllan okou,6.96,33,30,2731,1,0.73,0,1.05,2,2,11,3,9.09,912,1132,80.57,133,281,47.33,12,83,58,123,2,6,33.33,24,3,12.5,1778,382,0,121,7,40,61.54,64,41,60.95,104,61.18,36,27,75.0,41,248,4,20,1,1,3,13,3,6,0,0,0,0,8,44,0,0,43,1,0,0,0,0,0,0,0
94286,Thorgan Hazard,Anderlecht,thorgan hazard,7.04,36,31,2722,13,11.91,7,8.06,14,7,74,31,17.57,1056,1335,79.1,48,79,60.76,78,510,59,105,38,76,50.0,184,51,27.72,1979,567,24,124,36,95,38.93,11,26,29.73,106,37.72,38,22,57.89,9,19,18,1,0,0,38,40,19,6,1,0,0,0,6,48,0,0,44,4,0,0,0,0,0,0,0
1131598,Josimar Alcócer,Westerlo,josimar alcocer,6.63,35,33,2722,3,3.61,4,2.38,2,3,54,24,5.56,580,696,83.33,19,37,51.35,26,268,29,41,47,143,32.87,41,6,14.63,1373,397,21,125,43,141,41.23,8,21,27.59,149,40.16,51,33,64.71,20,24,16,2,1,1,33,31,43,6,0,0,0,0,5,43,0,0,36,7,0,0,0,0,0,0,0
1092285,Malcolm Viltard,Dender,malcolm viltard,6.88,36,34,2721,1,0.41,1,2.6,4,0,15,4,6.67,912,1165,78.28,84,149,56.38,27,237,66,119,17,41,41.46,47,18,38.3,1711,388,21,186,24,126,53.62,36,24,60.0,162,54.92,70,40,57.14,44,63,5,13,0,1,27,35,39,6,1,0,0,0,3,54,0,0,45,9,0,0,0,0,0,0,0
1028340,Takahiro Akimoto,OH Leuven,takahiro akimoto,6.81,31,30,2710,0,0.82,0,1.74,4,0,19,5,0.0,706,894,78.97,44,124,35.48,15,170,28,61,14,25,56.0,47,12,25.53,1531,331,3,113,9,118,64.48,47,34,58.02,165,62.5,70,40,57.14,35,128,5,8,0,1,20,26,35,4,0,0,0,0,8,47,0,0,41,6,0,0,0,0,0,0,0
942479,Michał Skóraś,Gent,michal skoras,7.06,34,31,2697,2,3.87,7,6.79,13,5,43,10,4.65,759,953,79.64,39,72,54.17,65,323,19,42,37,79,46.84,137,38,27.74,1737,456,16,141,34,144,48.32,17,26,39.53,161,47.21,49,31,63.27,45,58,16,6,0,0,40,39,58,6,1,0,0,0,3,34,0,0,28,6,0,0,0,0,0,0,0
858926,Roman Kvet,Dender,roman kvet,6.73,34,32,2676,5,4.44,0,3.29,5,3,38,12,13.16,855,1108,77.17,43,77,55.84,39,348,41,69,24,56,42.86,93,26,27.96,1614,452,24,140,21,86,44.79,17,45,27.42,103,40.55,34,22,64.71,24,28,12,2,0,0,25,31,28,5,0,0,0,0,3,51,0,0,40,11,0,0,0,0,0,0,0
281283,Patrick Pflücke,Charleroi,patrick pflucke,6.97,41,33,2670,4,5.54,8,8.28,16,4,63,22,6.35,775,951,81.49,83,131,63.36,67,340,77,129,9,20,45.0,213,41,19.25,1454,430,11,72,17,42,47.73,9,18,33.33,51,44.35,22,13,59.09,4,22,18,1,0,2,15,3,12,0,0,0,0,0,1,37,0,0,29,8,0,0,0,0,0,0,0
1187275,Joel Ordóñez,Club Brugge,joel ordonez,6.95,33,30,2668,3,1.91,0,0.92,2,1,16,4,18.75,1821,2001,91.0,60,135,44.44,6,200,31,68,3,5,60.0,2,1,50.0,2348,217,1,96,8,57,51.35,84,56,60.0,141,56.18,37,25,67.57,26,116,6,21,0,1,10,37,17,4,2,0,0,0,5,31,0,0,28,3,0,0,0,0,0,0,0
964764,Anouar Ait El Hadj,Union SG,anouar ait el hadj,6.9,38,34,2660,2,5.0,5,7.38,10,4,42,13,4.76,843,997,84.55,52,87,59.77,62,348,49,95,13,40,32.5,114,49,42.98,1407,319,15,104,15,67,48.55,3,7,30.0,70,47.3,29,13,44.83,16,15,8,0,0,0,14,16,25,2,0,0,0,0,6,16,0,0,14,2,0,0,0,0,0,0,0
1002358,Taishi Brandon Nozawa,Antwerp,taishi brandon nozawa,7.19,30,30,2654,0,,0,0.11,1,0,0,0,0.0,489,875,55.89,188,573,32.81,3,48,22,45,0,0,0.0,0,0,0.0,1153,396,0,228,0,8,72.73,10,5,66.67,18,69.23,3,2,66.67,0,18,0,0,1,0,3,0,7,1,0,95,1,26,7,37,67,28,30,7,6,17,16,32,1,5,1
845558,Ross Sykes,Union SG,ross sykes,7.28,32,28,2629,5,3.78,0,2.34,3,2,56,25,8.93,1163,1447,80.37,117,273,42.86,21,225,39,93,6,8,75.0,13,4,30.77,2075,385,4,111,6,69,57.5,108,38,73.97,177,66.54,40,17,42.5,48,162,6,12,0,3,12,36,23,9,0,0,0,0,13,20,0,0,18,2,0,0,0,0,0,0,0
1009413,Jordi Liongola,La Louvière,jordi liongola,6.93,31,30,2618,2,3.28,6,4.29,8,3,29,6,6.9,458,688,66.57,32,83,38.55,40,159,29,76,27,83,32.53,162,42,25.93,1657,560,10,113,35,138,48.25,57,61,48.31,195,48.27,57,37,64.91,36,69,6,10,0,0,18,45,54,10,0,0,0,0,7,36,0,0,35,1,0,0,0,0,0,0,0
1094132,Anosike Ementa,Zulte Waregem,anosike ementa,6.9,32,29,2616,4,7.37,8,3.77,13,8,41,18,9.76,531,907,58.54,15,31,48.39,61,240,27,47,40,71,56.34,1,0,0.0,1478,605,17,63,69,141,47.32,223,140,61.43,364,55.07,20,13,65.0,4,54,7,3,0,0,10,50,84,5,0,0,0,0,8,40,0,0,36,4,0,0,0,0,0,0,0
1121943,Matthieu Epolo,Standard Liège,matthieu epolo,7.32,29,29,2610,0,0.06,0,0.05,1,0,1,0,0.0,525,855,61.4,196,516,37.98,1,26,35,76,0,0,0.0,0,0,0.0,1155,333,0,270,0,8,100.0,11,1,91.67,19,95.0,1,0,0.0,0,31,0,0,1,0,0,0,8,1,0,102,1,19,8,35,66,33,32,3,11,12,12,22,0,1,1
1390575,Edan Diop,Cercle Brugge,edan diop,6.99,33,31,2607,7,6.96,3,5.33,9,7,53,22,13.21,942,1176,80.1,42,82,51.22,46,344,26,63,43,93,46.24,60,22,36.67,1800,453,25,168,34,131,47.29,26,35,42.62,157,46.45,52,27,51.92,16,42,13,3,0,0,31,31,36,7,0,0,0,0,4,47,0,0,42,5,0,0,0,0,0,0,0
962625,José Marsà,Mechelen,jose marsa,6.73,33,28,2594,1,1.7,2,2.1,4,1,15,3,6.67,1021,1284,79.52,94,231,40.69,12,187,53,125,9,28,32.14,39,6,15.38,1877,391,3,115,12,82,53.59,21,35,37.5,103,49.28,47,26,55.32,36,107,3,13,0,1,22,20,26,4,0,0,0,0,5,46,0,0,41,5,0,0,0,0,0,0,0
94290,Hannes Van Der Bruggen,Cercle Brugge,hannes van der bruggen,6.96,32,32,2569,0,1.32,1,1.83,1,0,28,4,0.0,1018,1305,78.01,65,141,46.1,15,303,84,174,5,14,35.71,12,0,0.0,1736,367,19,198,16,102,49.51,46,44,51.11,148,50.0,73,39,53.42,38,76,7,11,0,0,44,37,25,7,0,0,0,0,1,40,0,0,36,4,0,0,0,0,0,0,0
1030459,Parfait Guiagon,Charleroi,parfait guiagon,7.08,33,29,2555,9,7.78,5,5.5,5,1,80,22,11.25,884,1065,83.0,46,65,70.77,52,379,57,95,73,142,51.41,104,25,24.04,1757,483,19,159,59,166,49.85,6,17,26.09,172,48.31,30,16,53.33,17,11,30,1,0,0,13,28,63,6,0,0,0,0,1,33,0,0,31,2,0,0,0,0,0,0,0
1006113,Flávio Nazinho,Cercle Brugge,flavio nazinho,7.07,30,28,2554,3,0.91,7,7.69,17,0,27,8,11.11,771,1059,72.8,46,138,33.33,59,282,33,88,24,52,46.15,181,59,32.6,1998,569,17,139,34,134,53.82,16,29,35.56,150,51.02,73,40,54.79,50,76,6,9,0,1,23,34,37,13,0,0,0,0,5,45,0,0,38,7,0,0,0,0,0,0,0
1170564,Djibril Lamego,La Louvière,djibril lamego,6.67,30,29,2553,0,0.09,0,0.53,0,0,4,0,0.0,739,937,78.87,61,146,41.78,4,170,24,73,8,17,47.06,14,2,14.29,1377,282,1,89,13,58,65.17,33,35,48.53,91,57.96,33,22,66.67,46,125,1,17,0,1,4,7,18,2,0,0,0,0,8,38,0,0,37,1,0,0,0,0,0,0,0
1122698,Lucas Hey,Anderlecht,lucas hey,6.83,32,27,2535,0,0.71,0,0.46,1,0,10,1,0.0,1219,1433,85.07,71,183,38.8,3,139,43,106,4,4,100.0,1,0,0.0,1768,236,3,106,4,48,59.26,69,47,59.48,117,59.39,25,18,72.0,28,153,5,27,0,1,6,25,20,6,0,0,0,0,8,40,0,0,38,2,0,0,0,0,0,0,0
1145225,Fabio Ferraro,Dender,fabio ferraro,6.62,29,29,2531,1,2.28,3,3.94,2,3,30,12,3.33,714,952,75.0,37,103,35.92,41,239,47,82,31,57,54.39,119,31,26.05,1761,497,9,109,36,103,50.49,32,30,51.61,135,50.75,53,38,71.7,28,72,7,4,1,1,20,20,20,5,0,0,0,0,3,46,0,0,35,11,0,0,0,0,0,0,0
135647,Dennis Praet,Antwerp,dennis praet,6.92,31,29,2525,0,0.62,0,2.25,2,0,16,3,0.0,1011,1229,82.26,79,157,50.32,26,239,59,110,10,20,50.0,58,16,27.59,1707,335,7,154,10,99,60.74,15,13,53.57,114,59.69,64,35,54.69,56,72,5,14,0,2,18,28,25,3,1,0,0,0,6,36,0,0,33,3,0,0,0,0,0,0,0
134231,Visar Musliu,Sint-Truiden,visar musliu,7.12,30,28,2519,0,1.16,0,0.58,0,1,17,3,0.0,1515,1719,88.13,123,203,60.59,4,188,90,147,6,8,75.0,3,0,0.0,2148,242,1,132,10,70,60.34,105,58,64.42,175,62.72,39,21,53.85,47,170,4,23,0,1,14,22,26,4,0,0,0,0,7,32,0,0,27,5,0,0,0,0,0,0,0
1177167,Nicolò Tresoldi,Club Brugge,nicolo tresoldi,6.99,40,29,2507,19,16.6,5,3.73,8,17,101,39,18.81,345,460,75.0,17,21,80.95,38,166,23,30,19,33,57.58,7,0,0.0,888,251,14,54,40,91,52.91,61,67,47.66,152,50.67,29,14,48.28,5,16,23,2,0,0,8,20,46,1,0,0,0,0,2,25,0,0,23,2,0,0,0,0,0,0,0
1836721,Jerry Afriyie,La Louvière,jerry afriyie,6.52,31,29,2497,5,7.65,1,2.32,5,10,51,21,9.8,253,352,71.88,10,21,47.62,17,117,11,23,36,79,45.57,17,4,23.53,756,310,24,91,46,74,34.42,27,62,30.34,101,33.22,23,13,56.52,6,8,7,0,0,0,18,38,15,7,0,0,0,0,3,37,0,0,36,1,0,0,0,0,0,0,0
783478,Leonardo Lopes,Gent,leonardo lopes,6.84,37,26,2464,1,2.1,1,1.39,0,0,18,2,5.56,1050,1237,84.88,82,143,57.34,13,209,56,85,15,32,46.88,10,3,30.0,1667,280,5,159,18,89,55.63,40,43,48.19,129,53.09,37,25,67.57,37,88,2,15,1,1,17,22,37,3,0,0,0,0,4,39,0,0,34,5,0,0,0,0,0,0,0
1922407,Joseph Opoku,Zulte Waregem,joseph opoku,6.91,33,30,2458,10,10.15,6,3.62,8,11,69,25,14.49,472,598,78.93,16,24,66.67,46,237,12,22,37,81,45.68,30,8,26.67,1080,336,24,108,48,81,36.32,8,26,23.53,89,34.63,16,8,50.0,12,17,26,2,0,0,18,40,28,2,0,0,0,0,1,37,0,0,33,4,0,0,0,0,0,0,0
358198,Marco Ilaimaharitra,Standard Liège,marco ilaimaharitra,6.85,31,29,2445,3,3.44,0,1.16,0,1,14,6,21.43,976,1230,79.35,61,140,43.57,21,211,46,92,8,19,42.11,13,4,30.77,1634,380,13,174,20,88,50.0,11,19,36.67,99,48.06,48,26,54.17,34,47,0,5,0,3,29,29,32,10,1,0,0,0,3,32,0,0,29,3,0,0,0,0,0,0,0
1002356,Taiga Hata,Sint-Truiden,taiga hata,6.66,32,28,2444,1,1.79,3,2.66,5,2,6,3,16.67,936,1156,80.97,43,108,39.81,19,281,38,82,10,24,41.67,64,14,21.88,1760,349,3,84,13,64,54.7,25,36,40.98,89,50.0,44,22,50.0,12,71,0,9,1,1,13,14,10,0,0,0,0,0,7,32,0,0,26,6,0,0,0,0,0,0,0
1002804,Thibo Somers,Antwerp,thibo somers,6.88,32,29,2434,4,5.33,2,4.11,6,6,36,16,11.11,452,617,73.26,23,43,53.49,27,136,14,35,3,21,14.29,55,9,16.36,1290,369,6,63,15,100,53.76,37,61,37.76,137,48.24,74,39,52.7,16,79,6,3,0,0,30,24,23,3,0,0,0,0,3,34,0,0,29,5,0,0,0,0,0,0,0
976265,Henry Lawrence,Standard Liège,henry lawrence,6.78,30,27,2433,2,1.98,0,1.48,0,1,11,3,18.18,657,860,76.4,31,103,30.1,6,150,19,67,18,29,62.07,31,7,22.58,1439,342,6,108,19,93,62.42,41,29,58.57,134,61.19,36,19,52.78,22,91,5,10,0,0,8,19,39,5,0,0,0,0,8,25,0,0,24,1,0,0,0,0,0,0,0
834261,Antoine Bernier,Charleroi,antoine bernier,6.86,38,31,2379,7,4.84,2,2.76,3,1,41,16,17.07,522,673,77.56,17,43,39.53,29,251,21,37,32,67,47.76,51,6,11.76,1150,347,16,101,40,113,45.56,22,42,34.38,135,43.27,46,28,60.87,15,19,16,2,0,0,19,43,35,7,0,0,0,0,0,22,0,0,17,5,0,0,0,0,0,0,0
845344,Daan Heymans,Genk,daan heymans,6.98,31,28,2362,10,7.98,4,2.96,4,8,61,25,16.39,922,1141,80.81,30,50,60.0,33,317,22,34,11,19,57.89,19,4,21.05,1566,320,12,94,23,84,49.12,94,58,61.84,178,55.11,50,29,58.0,21,54,13,4,0,2,24,32,26,3,0,0,0,0,2,34,0,0,31,3,0,0,0,0,0,0,0
1593830,Joël Ito,La Louvière,joel ito,6.72,33,27,2340,1,1.26,1,2.37,3,2,22,7,4.55,457,589,77.59,40,80,50.0,17,177,34,53,23,58,39.66,28,6,21.43,1008,281,11,135,27,99,42.86,9,18,33.33,108,41.86,60,37,61.67,14,20,4,5,0,0,43,29,16,2,0,0,0,0,6,34,0,0,34,0,0,0,0,0,0,0,0
959820,Óscar Gil,OH Leuven,oscar gil,6.54,33,29,2325,2,2.33,1,2.05,1,4,22,10,9.09,462,590,78.31,32,67,47.76,16,132,12,29,18,51,35.29,35,5,14.29,1262,303,10,71,19,132,47.48,20,36,35.71,152,45.51,66,39,59.09,32,42,3,12,0,0,39,58,49,12,1,0,0,0,3,39,0,0,35,4,0,0,0,0,0,0,0
1093229,Nathan-Dylan Saliba,Anderlecht,nathan-dylan saliba,6.86,34,28,2319,3,3.27,1,2.58,3,1,59,15,5.08,817,1055,77.44,56,87,64.37,26,301,44,87,19,33,57.58,18,6,33.33,1517,344,9,126,30,112,50.0,33,46,41.77,145,47.85,75,37,49.33,26,37,24,7,0,1,21,49,18,12,1,0,0,0,2,38,0,0,32,6,0,0,0,0,0,0,0
237048,Tobias Mohr,Standard Liège,tobias mohr,6.91,38,26,2310,2,1.09,2,5.42,8,1,25,5,8.0,702,951,73.82,86,186,46.24,44,220,47,104,20,37,54.05,154,49,31.82,1631,442,7,105,9,78,53.42,31,34,47.69,109,51.66,50,29,58.0,29,86,10,10,0,0,25,18,11,5,0,0,0,0,4,30,0,0,27,3,0,0,0,0,0,0,0
957913,Wagane Faye,La Louvière,wagane faye,6.97,27,26,2304,3,1.68,1,1.43,1,2,16,5,18.75,674,905,74.48,56,175,32.0,7,116,34,97,4,8,50.0,34,8,23.53,1393,323,4,98,8,92,68.66,65,58,52.85,157,61.09,62,45,72.58,24,135,0,13,1,0,9,24,29,6,0,0,0,0,8,31,0,0,31,0,0,0,0,0,0,0,0
1396487,Maxence Maisonneuve,La Louvière,maxence maisonneuve,6.62,31,24,2303,0,1.59,1,0.74,1,1,24,5,0.0,740,967,76.53,74,187,39.57,9,125,50,114,9,12,75.0,13,1,7.69,1356,268,2,95,5,46,54.12,63,50,55.75,109,55.05,31,16,51.61,35,159,7,17,0,1,15,19,6,3,0,0,0,0,5,45,0,0,44,1,0,0,0,0,0,0,0
338869,Kerim Mrabti,Mechelen,kerim mrabti,6.81,33,28,2300,5,3.37,3,1.81,3,1,29,10,17.24,717,880,81.48,53,83,63.86,20,247,21,42,8,14,57.14,27,8,29.63,1207,251,4,99,18,56,45.53,36,37,49.32,92,46.94,31,17,54.84,27,24,15,4,0,1,13,32,18,5,0,0,0,0,1,42,0,0,37,5,0,0,0,0,0,0,0
775019,Bryan Goncalves,Dender,bryan goncalves,6.79,28,26,2293,1,1.13,2,3.58,13,0,12,5,8.33,1000,1350,74.07,152,373,40.75,38,180,114,251,10,13,76.92,145,42,28.97,1928,490,3,88,2,63,54.31,37,27,57.81,100,55.56,42,22,52.38,31,149,2,9,0,2,18,30,11,5,0,0,0,0,5,45,0,0,36,9,0,0,0,0,0,0,0
887822,Jakob Kiilerich,Zulte Waregem,jakob kiilerich,6.74,29,25,2291,0,0.77,0,0.82,0,0,9,2,0.0,1269,1466,86.56,82,160,51.25,4,118,53,94,3,4,75.0,0,0,0.0,1805,215,2,83,2,46,52.27,83,51,61.94,129,58.11,27,20,74.07,29,169,1,14,0,0,10,29,18,3,1,0,0,0,7,36,0,0,33,3,0,0,0,0,0,0,0
826170,Daam Foulon,Antwerp,daam foulon,6.78,33,29,2290,0,0.68,4,3.5,10,1,13,4,0.0,771,961,80.23,42,107,39.25,33,151,28,62,10,31,32.26,144,38,26.39,1641,406,3,99,5,112,56.0,58,31,65.17,170,58.82,56,31,55.36,39,71,1,7,0,0,23,41,47,5,2,0,0,0,5,32,0,0,28,4,0,0,0,0,0,0,0
876232,Tommy St Jago,Mechelen,tommy st jago,6.72,28,25,2282,0,0.3,1,0.66,1,0,6,0,0.0,1246,1466,84.99,76,173,43.93,6,196,53,118,7,8,87.5,9,4,44.44,1984,312,3,103,9,80,60.61,46,58,44.23,126,53.39,62,38,61.29,21,133,0,15,0,2,21,23,11,4,0,0,0,0,6,39,0,0,35,4,0,0,0,0,0,0,0
1468744,Konstantinos Karetsas,Genk,konstantinos karetsas,6.91,34,27,2247,0,4.62,10,7.63,13,5,68,27,0.0,815,992,82.16,56,93,60.22,68,372,53,95,59,131,45.04,171,33,19.3,1733,531,15,104,53,152,46.06,7,23,23.33,159,44.17,30,14,46.67,6,12,18,0,1,1,32,22,63,3,0,0,0,0,1,39,0,0,36,3,0,0,0,0,0,0,0
1191212,Christiaan Ravych,Cercle Brugge,christiaan ravych,6.94,27,25,2243,0,1.38,0,0.44,1,4,8,2,0.0,817,977,83.62,53,142,37.32,5,105,30,71,6,9,66.67,5,1,20.0,1412,220,1,76,3,78,70.27,45,46,49.45,123,60.89,49,31,63.27,36,159,3,27,2,0,7,21,25,2,0,0,0,0,7,38,0,0,35,3,0,0,0,0,0,0,0
905474,Allahyar Sayyadmanesh,Westerlo,allahyar sayyadmanesh,6.89,30,27,2241,7,7.15,3,4.43,10,7,48,15,14.58,440,650,67.69,20,48,41.67,37,213,18,41,33,79,41.77,69,23,33.33,1275,446,10,99,41,112,44.8,40,54,42.55,152,44.19,35,24,68.57,16,27,11,9,0,0,21,32,44,5,0,0,0,0,6,35,0,0,31,4,0,0,0,0,0,0,0
1129502,Roggerio Nyakossi,OH Leuven,roggerio nyakossi,6.84,27,26,2241,4,1.16,0,0.19,0,0,13,5,30.77,934,1038,89.98,62,104,59.62,2,62,39,62,7,9,77.78,3,0,0.0,1312,121,0,88,3,41,67.21,49,32,60.49,90,63.38,29,17,58.62,34,105,1,16,0,3,4,11,5,4,0,0,0,0,4,40,0,0,35,5,0,0,0,0,0,0,0
2213526,Matties Volckaert,Gent,matties volckaert,6.82,26,25,2237,0,0.66,0,1.42,1,1,13,1,0.0,835,1023,81.62,81,201,40.3,11,125,47,106,7,8,87.5,30,9,30.0,1384,236,1,66,2,39,63.93,47,41,53.41,86,57.72,21,15,71.43,25,131,4,16,2,0,10,9,11,2,0,0,0,0,6,35,0,0,31,4,0,0,0,0,0,0,0
1146316,Kamiel Van de Perre,Union SG,kamiel van de perre,6.88,30,25,2214,0,0.49,3,0.67,1,0,11,0,0.0,789,970,81.34,45,92,48.91,9,181,45,87,12,25,48.0,8,1,12.5,1390,263,8,157,20,132,56.65,28,26,51.85,160,55.75,84,52,61.9,44,43,5,8,0,0,26,43,36,9,0,0,0,0,7,17,0,0,14,3,0,0,0,0,0,0,0
997118,Christopher Scott,Antwerp,christopher scott,6.99,31,26,2206,6,4.76,2,2.76,3,1,43,17,13.95,621,762,81.5,37,65,56.92,27,193,27,50,17,46,36.96,20,5,25.0,1232,278,10,101,24,97,47.78,24,40,37.5,121,45.32,57,40,70.18,14,27,10,5,0,2,21,36,23,3,0,0,0,0,6,30,0,0,25,5,0,0,0,0,0,0,0
976070,Josué Homawoo,Standard Liège,josue homawoo,6.91,30,26,2198,0,0.5,1,0.41,1,1,6,0,0.0,987,1171,84.29,62,145,42.76,5,95,38,72,3,8,37.5,2,1,50.0,1614,217,4,94,4,74,56.92,67,36,65.05,141,60.52,46,26,56.52,44,175,3,24,0,1,16,34,25,2,1,0,0,0,6,26,0,0,24,2,0,0,0,0,0,0,0
874855,Junior Marsoni Sambu Mansoni​,Dender,junior marsoni sambu mansoni,6.61,31,25,2193,0,0.7,4,1.62,2,0,12,3,0.0,654,855,76.49,37,80,46.25,20,172,22,54,29,65,44.62,49,9,18.37,1457,373,14,139,24,97,49.74,19,15,55.88,116,50.66,63,36,57.14,26,63,4,7,0,0,18,20,5,7,0,0,0,0,2,44,0,0,36,8,0,0,0,0,0,0,0
966263,Ibrahim Karamoko,Standard Liège,ibrahim karamoko,6.76,31,25,2185,1,3.04,0,0.38,0,2,22,7,4.55,669,831,80.51,33,78,42.31,6,98,20,47,6,10,60.0,7,0,0.0,1198,204,4,108,7,63,53.85,69,54,56.1,132,55.0,35,19,54.29,25,102,4,12,0,2,10,37,23,7,1,0,0,0,7,20,0,0,17,3,0,0,0,0,0,0,0
1034816,Atsuki Ito,Gent,atsuki ito,6.88,30,26,2184,4,4.25,3,2.25,4,4,37,13,10.81,733,864,84.84,30,60,50.0,26,214,23,39,14,26,53.85,28,8,28.57,1208,217,8,85,14,70,50.36,20,31,39.22,90,47.37,39,24,61.54,23,43,10,5,0,0,16,27,17,3,0,0,0,0,2,39,0,0,32,7,0,0,0,0,0,0,0
882003,Nathan Rodes,Dender,nathan rodes,6.62,35,24,2178,0,1.14,0,0.92,3,2,23,4,0.0,717,911,78.7,33,79,41.77,8,161,29,62,5,10,50.0,10,0,0.0,1253,262,4,92,13,62,48.06,51,61,45.54,113,46.89,51,33,64.71,14,83,6,11,1,0,39,12,6,1,0,0,0,0,4,41,0,0,35,6,0,0,0,0,0,0,0
1047163,Rein Van Helden,Antwerp,rein van helden,7.02,29,25,2126,2,2.19,0,1.08,0,2,12,4,16.67,1191,1364,87.32,85,173,49.13,13,206,52,94,8,13,61.54,21,2,9.52,1826,251,0,83,6,74,62.18,53,35,60.23,127,61.35,52,34,65.38,20,106,3,8,0,1,15,21,14,2,1,0,0,0,8,24,0,0,18,6,0,0,0,0,0,0,0
1001201,Łukasz Łakomy,OH Leuven,lukasz lakomy,6.82,32,25,2123,3,1.56,3,3.17,2,2,32,12,9.38,673,927,72.6,70,167,41.92,35,219,74,156,13,23,56.52,81,17,20.99,1361,409,16,133,18,80,49.08,10,22,31.25,90,46.15,44,26,59.09,29,34,9,5,0,1,22,37,23,6,0,0,0,0,3,40,0,0,35,5,0,0,0,0,0,0,0
190413,Siebe Schrijvers,OH Leuven,siebe schrijvers,7.0,30,25,2121,3,5.03,4,3.45,7,3,29,4,10.34,714,900,79.33,64,126,50.79,37,220,60,118,12,19,63.16,106,33,31.13,1383,339,9,122,18,101,57.71,8,17,32.0,109,54.5,62,34,54.84,29,45,7,11,0,6,12,40,27,6,0,0,0,0,5,35,0,0,32,3,0,0,0,0,0,0,0
1130602,Kevin Van Den Kerkhof,Charleroi,kevin van den kerkhof,6.78,30,25,2117,3,3.1,4,2.9,7,2,35,11,8.57,462,588,78.57,36,70,51.43,35,169,26,41,27,58,46.55,121,23,19.01,1191,361,7,90,19,93,51.67,9,25,26.47,102,47.66,56,36,64.29,11,63,6,8,0,1,21,19,10,5,1,0,0,0,5,26,0,0,21,5,0,0,0,0,0,0,0
1127801,Adnane Abid,Standard Liège,adnane abid,6.92,34,26,2114,2,2.21,5,4.2,5,2,22,11,9.09,559,715,78.18,22,42,52.38,44,272,23,44,37,69,53.62,45,13,28.89,1139,327,14,120,28,115,55.56,5,15,25.0,120,52.86,40,31,77.5,12,13,6,1,1,1,17,19,38,5,1,0,0,0,2,29,0,0,27,2,0,0,0,0,0,0,0
354046,Joris Kayembe,Genk,joris kayembe,6.96,28,23,2111,0,0.47,1,1.64,1,0,13,2,0.0,1322,1562,84.64,68,135,50.37,20,327,58,125,27,31,87.1,47,9,19.15,2131,343,7,136,14,93,65.49,37,18,67.27,130,65.99,48,29,60.42,28,81,8,8,0,2,11,22,19,5,0,0,0,0,7,32,0,0,29,3,0,0,0,0,0,0,0
1394411,Steve Ngoura,Cercle Brugge,steve ngoura,6.67,34,26,2097,7,9.75,4,2.31,6,10,71,23,9.86,235,376,62.5,2,8,25.0,22,113,4,12,27,80,33.75,25,4,16.0,916,414,24,68,51,80,37.21,86,85,50.29,166,43.01,9,8,88.89,2,21,20,1,0,0,7,29,45,2,0,0,0,0,2,31,0,0,26,5,0,0,0,0,0,0,0
862821,Youssef Maziz,OH Leuven,youssef maziz,6.96,36,24,2096,3,4.34,4,6.75,14,6,49,12,6.12,716,900,79.56,46,89,51.69,63,241,49,95,13,39,33.33,160,57,35.63,1394,391,7,108,22,77,49.36,16,26,38.1,93,46.97,25,18,72.0,6,23,17,2,0,2,12,20,40,6,0,0,0,0,3,28,0,0,24,4,0,0,0,0,0,0,0
386950,Gyrano Kerk,Antwerp,gyrano kerk,6.77,27,24,2095,3,4.85,4,3.05,9,6,50,17,6.0,270,401,67.33,5,13,38.46,26,131,7,17,35,77,45.45,64,11,17.19,938,395,20,95,69,99,38.98,16,31,34.04,115,38.21,34,22,64.71,8,13,12,3,0,0,18,28,31,4,0,0,0,0,1,28,0,0,24,4,0,0,0,0,0,0,0
138546,Ludwig Augustinsson,Anderlecht,ludwig augustinsson,6.89,27,24,2082,0,1.0,3,3.93,5,1,21,3,0.0,898,1116,80.47,36,112,32.14,29,299,41,99,2,8,25.0,82,23,28.05,1691,342,5,85,8,55,48.67,48,41,53.93,103,50.99,44,22,50.0,19,87,8,12,0,0,17,27,9,4,0,0,0,0,6,30,0,0,27,3,0,0,0,0,0,0,0
1007528,Abdelkahar Kadri,Gent,abdelkahar kadri,6.89,33,22,2076,2,2.42,5,2.53,4,1,27,9,7.41,995,1122,88.68,56,84,66.67,32,286,43,67,24,62,38.71,37,11,29.73,1507,248,13,123,28,95,49.22,17,22,43.59,112,48.28,43,23,53.49,23,25,7,4,1,1,17,16,28,5,0,0,0,0,1,30,0,0,27,3,0,0,0,0,0,0,0
909964,Killian Sardella,Anderlecht,killian sardella,6.66,32,22,2064,0,1.39,1,1.45,3,1,23,6,0.0,876,1042,84.07,58,127,45.67,19,220,36,80,14,22,63.64,53,7,13.21,1522,282,5,99,7,62,52.1,34,32,51.52,96,51.89,33,20,60.61,22,74,10,16,1,1,13,29,15,3,1,0,0,0,4,40,0,0,34,6,0,0,0,0,0,0,0
964759,Marco Kana,Anderlecht,marco kana,6.78,26,25,2043,0,0.37,0,0.82,0,0,9,2,0.0,1219,1324,92.07,58,110,52.73,6,84,27,55,2,3,66.67,1,0,0.0,1583,126,3,96,6,25,39.06,27,14,65.85,52,49.52,19,12,63.16,25,123,4,16,2,3,8,25,4,5,0,0,0,0,7,28,0,0,26,2,0,0,0,0,0,0,0
1506998,Yannick Cappelle,Zulte Waregem,yannick cappelle,6.81,30,22,2030,1,0.92,1,1.3,2,1,8,1,12.5,710,878,80.87,42,96,43.75,17,169,38,72,19,32,59.38,91,17,18.68,1500,334,2,81,13,97,62.58,34,30,53.13,131,59.82,53,38,71.7,14,70,4,9,0,0,22,10,26,2,0,0,0,0,4,32,0,0,28,4,0,0,0,0,0,0,0
889927,Mory Konate,Mechelen,mory konate,6.68,30,23,2022,2,1.44,1,0.37,0,1,13,5,15.38,833,926,89.96,38,67,56.72,7,46,13,26,2,8,25.0,1,0,0.0,1253,127,1,79,12,55,47.41,38,37,50.67,93,48.69,34,21,61.76,26,129,0,16,0,3,14,34,19,7,0,0,0,0,6,35,0,0,30,5,0,0,0,0,0,0,0
133164,Rob Schoofs,Union SG,rob schoofs,6.89,36,20,2013,4,3.11,5,5.5,9,1,42,11,9.52,840,1038,80.92,60,124,48.39,52,294,46,96,7,13,53.85,74,33,44.59,1395,301,12,118,16,51,43.59,13,23,36.11,64,41.83,27,15,55.56,21,34,13,1,0,3,19,25,17,4,0,0,0,0,6,13,0,0,12,1,0,0,0,0,0,0,0
1129862,Raphael Onyedika,Club Brugge,raphael onyedika,6.86,30,22,1995,1,2.76,0,1.16,0,4,29,11,3.45,1200,1334,89.96,64,103,62.14,10,250,50,75,16,22,72.73,4,0,0.0,1616,187,6,120,24,82,53.95,23,13,63.89,105,55.85,42,27,64.29,20,32,13,6,2,6,12,30,25,3,0,0,0,0,3,27,0,0,24,3,0,0,0,0,0,0,0
812797,Dennis Eckert Ayensa,Standard Liège,dennis eckert ayensa,6.63,35,23,1987,5,5.29,0,1.66,1,3,32,10,15.63,315,465,67.74,12,30,40.0,17,124,13,28,10,23,43.48,19,7,36.84,773,264,7,48,32,61,43.26,51,63,44.74,112,43.92,18,10,55.56,4,32,6,1,0,0,6,30,33,2,0,0,0,0,0,25,0,0,24,1,0,0,0,0,0,0,0
1047536,Bruny Nsimba,Dender,bruny nsimba,6.8,30,23,1905,9,10.1,4,3.3,8,10,60,22,15.0,261,402,64.93,8,13,61.54,24,103,11,22,20,52,38.46,40,14,35.0,787,302,16,68,39,74,42.05,50,53,48.54,124,44.44,17,5,29.41,2,16,15,1,0,0,8,27,37,3,0,0,0,0,2,31,0,0,26,5,0,0,0,0,0,0,0
1116571,Nilson Angulo,Anderlecht,nilson angulo,7.26,22,22,1902,6,3.77,5,4.47,9,3,33,16,18.18,556,700,79.43,14,30,46.67,46,300,19,42,44,99,44.44,99,24,24.24,1326,386,12,105,44,145,48.99,25,38,39.68,170,47.35,62,38,61.29,17,29,9,1,0,0,23,31,39,2,1,0,0,0,5,25,0,0,23,2,0,0,0,0,0,0,0
1185568,Lawrence Agyekum,Cercle Brugge,lawrence agyekum,6.68,29,25,1898,0,1.79,2,1.95,3,3,26,6,0.0,350,478,73.22,16,39,41.03,16,109,9,24,17,34,50.0,41,8,19.51,982,276,17,124,31,137,57.56,19,38,33.33,156,52.88,73,39,53.42,21,26,10,2,0,0,28,28,47,5,0,0,0,0,5,31,0,0,26,5,0,0,0,0,0,0,0
1436187,Tristan Degreef,Anderlecht,tristan degreef,6.65,34,21,1891,4,2.62,2,1.63,2,3,39,15,10.26,471,616,76.46,23,51,45.1,22,229,17,39,15,44,34.09,26,1,3.85,1030,301,14,109,29,101,46.76,9,19,32.14,110,45.08,49,35,71.43,5,18,15,2,0,1,24,33,37,3,1,0,0,0,0,39,0,0,33,6,0,0,0,0,0,0,0
1141106,Martin Delavallée,Charleroi,martin delavallee,6.84,21,21,1890,0,0.04,0,0.05,0,0,1,0,0.0,353,561,62.92,131,336,38.99,0,29,34,63,0,0,0.0,0,0,0.0,775,232,0,181,0,3,100.0,4,0,100.0,7,100.0,0,0,0.0,0,20,1,0,4,0,0,0,5,0,0,50,0,6,5,32,38,12,27,5,6,8,8,13,0,8,0
247471,Casper Nielsen,Standard Liège,casper nielsen,6.95,26,23,1878,5,3.38,2,3.36,6,4,32,11,15.63,466,707,65.91,44,132,33.33,19,140,37,103,8,22,36.36,97,24,24.74,1123,392,7,79,12,76,53.52,25,45,35.71,101,47.64,42,28,66.67,11,34,14,11,0,0,20,20,27,5,0,0,0,0,3,27,0,0,26,1,0,0,0,0,0,0,0
1088899,Fedde Leysen,Union SG,fedde leysen,6.98,27,20,1877,1,1.4,1,0.48,0,0,11,4,9.09,970,1131,85.76,63,122,51.64,8,140,27,78,0,4,0.0,8,2,25.0,1529,220,4,86,5,47,46.08,44,34,56.41,91,50.56,41,28,68.29,21,97,1,7,0,0,15,33,6,3,0,0,0,0,9,14,0,0,11,3,0,0,0,0,0,0,0
115569,Noë Dussenne,OH Leuven,noe dussenne,6.87,23,22,1877,1,1.85,0,0.68,0,3,18,4,5.56,867,1075,80.65,101,206,49.03,11,79,71,139,1,2,50.0,1,0,0.0,1385,233,2,69,6,48,53.33,71,43,62.28,119,58.33,32,21,65.63,32,127,6,14,1,0,11,26,16,6,0,0,0,0,5,24,0,0,21,3,0,0,0,0,0,0,0
886171,Lion Lauberbach,Mechelen,lion lauberbach,6.7,22,21,1872,6,9.02,1,0.94,1,13,48,25,12.5,332,457,72.65,10,17,58.82,15,121,12,22,21,47,44.68,12,0,0.0,800,277,8,44,36,58,40.85,61,83,42.36,119,41.61,12,5,41.67,0,22,10,0,0,0,7,20,30,4,0,0,0,0,4,22,0,0,19,3,0,0,0,0,0,0,0
890695,Arbnor Muja,Sint-Truiden,arbnor muja,6.91,26,22,1855,6,5.76,2,4.41,6,5,43,16,13.95,696,832,83.65,39,63,61.9,28,317,27,52,21,47,44.68,90,20,22.22,1240,331,10,82,33,65,40.63,8,15,34.78,73,39.89,24,14,58.33,9,21,10,2,0,1,23,13,21,3,1,0,0,0,1,26,0,0,21,5,0,0,0,0,0,0,0
939399,Seiji Kimura,Westerlo,seiji kimura,6.82,21,20,1839,1,0.87,0,0.23,1,0,16,2,6.25,930,1059,87.82,52,108,48.15,3,79,30,72,1,2,50.0,1,1,100.0,1354,157,1,53,5,39,60.0,43,32,57.33,82,58.57,28,16,57.14,15,105,6,9,1,0,12,10,10,1,0,0,0,0,7,30,0,0,25,5,0,0,0,0,0,0,0
1143547,Chukwubuikem Ikwuemesi,OH Leuven,chukwubuikem ikwuemesi,6.54,34,20,1829,4,5.11,0,0.95,0,2,46,19,8.7,167,230,72.61,2,4,50.0,16,69,7,17,20,56,35.71,6,3,50.0,586,221,11,44,30,67,35.08,37,49,43.02,104,37.55,7,4,57.14,4,19,15,2,0,0,3,60,40,4,0,0,0,0,0,23,0,0,21,2,0,0,0,0,0,0,0
1431770,Kevin Rodriguez,Union SG,kevin rodriguez,6.69,31,22,1825,10,8.63,2,2.84,4,8,76,30,13.16,290,422,68.72,5,10,50.0,19,132,3,9,19,42,45.24,7,0,0.0,894,343,27,77,53,81,41.75,60,92,39.47,141,40.75,19,13,68.42,5,14,21,3,0,0,6,33,45,2,0,0,0,0,2,12,0,0,10,2,0,0,0,0,0,0,0
954621,Maksim Paskotsi,Gent,maksim paskotsi,6.96,22,22,1813,4,1.28,1,0.33,1,0,15,6,26.67,1038,1147,90.5,37,86,43.02,1,51,12,36,1,1,100.0,4,1,25.0,1443,130,1,59,1,27,52.94,41,44,48.24,68,50.0,19,14,73.68,22,141,4,26,0,0,0,24,8,1,0,0,0,0,4,31,0,0,26,5,0,0,0,0,0,0,0
361722,Nordin Jackers,Club Brugge,nordin jackers,7.06,21,20,1801,0,,0,0.07,0,0,0,0,0.0,494,664,74.4,144,309,46.6,0,35,52,84,0,0,0.0,0,0,0.0,853,174,0,155,0,9,100.0,9,0,100.0,18,100.0,1,1,100.0,0,31,0,0,1,0,0,0,9,1,0,54,0,11,8,22,27,25,21,1,14,8,8,13,1,1,0
783278,Junya Ito,Genk,junya ito,7.09,28,22,1785,6,3.79,5,5.63,12,6,36,16,16.67,571,745,76.64,29,55,52.73,51,247,31,62,24,50,48.0,146,46,31.51,1188,370,14,80,25,74,47.74,13,18,41.94,87,46.77,37,21,56.76,16,13,10,1,0,0,16,15,13,4,0,0,0,0,0,26,0,0,23,3,0,0,0,0,0,0,0
966670,Lewin Blum,Charleroi,lewin blum,6.76,32,17,1784,0,1.14,1,2.5,3,3,8,2,0.0,570,695,82.01,36,96,37.5,25,159,34,68,5,13,38.46,107,24,22.43,1220,330,4,64,5,74,52.86,19,20,48.72,93,51.96,49,29,59.18,20,54,2,6,0,0,17,36,21,7,0,0,0,0,3,25,0,0,19,6,0,0,0,0,0,0,0
1890424,Pape Moussa Fall,La Louvière,pape moussa fall,7.14,27,18,1771,11,11.35,1,1.56,3,11,62,23,17.74,191,354,53.95,8,18,44.44,14,94,7,16,5,16,31.25,7,0,0.0,684,274,8,36,20,52,45.61,150,100,60.0,202,55.49,11,8,72.73,4,38,13,3,0,0,7,27,37,3,0,0,0,0,3,28,0,0,27,1,0,0,0,0,0,0,0
1198306,Jakob Napoleon Romsaas,Charleroi,jakob napoleon romsaas,6.72,37,16,1749,2,5.11,3,2.68,2,9,40,15,5.0,517,625,82.72,19,33,57.58,34,200,16,28,20,30,66.67,19,5,26.32,939,205,18,84,27,63,52.07,30,32,48.39,93,50.82,27,20,74.07,21,27,14,1,0,0,10,13,16,2,0,0,0,0,0,33,0,0,27,6,0,0,0,0,0,0,0
988839,Marley Aké,Zulte Waregem,marley ake,6.9,30,16,1746,8,5.67,0,2.12,1,8,48,17,16.67,294,386,76.17,15,33,45.45,16,125,19,42,22,46,47.83,53,13,24.53,779,218,7,49,19,84,56.76,9,23,28.13,93,51.67,26,15,57.69,12,10,12,0,0,0,12,11,36,1,0,0,0,0,2,27,0,0,26,1,0,0,0,0,0,0,0
938190,Benoit Nyssen,Zulte Waregem,benoit nyssen,6.77,28,20,1744,2,0.81,2,3.36,2,1,16,5,12.5,591,764,77.36,58,128,45.31,17,169,39,95,12,25,48.0,61,15,24.59,1246,298,2,70,10,56,44.44,4,20,16.67,60,40.0,35,20,57.14,23,49,8,6,0,1,25,23,9,3,0,0,0,0,1,28,0,0,23,5,0,0,0,0,0,0,0
1847412,Emmanuel Kakou,Cercle Brugge,emmanuel kakou,6.8,24,19,1737,2,1.44,1,0.56,0,0,21,5,9.52,738,888,83.11,53,119,44.54,4,79,28,60,7,10,70.0,13,3,23.08,1255,192,3,86,6,59,59.0,52,41,55.91,111,57.51,35,23,65.71,38,110,4,14,0,0,18,15,18,1,1,0,0,0,2,34,0,0,28,6,0,0,0,0,0,0,0
1083365,Gustav Mortensen,Standard Liège,gustav mortensen,6.64,20,19,1736,0,0.36,0,2.52,4,0,7,1,0.0,497,611,81.34,12,36,33.33,19,130,16,33,3,5,60.0,81,16,19.75,1016,246,4,48,7,27,46.55,7,19,26.92,34,40.48,21,13,61.9,7,47,3,5,0,0,14,9,3,0,0,0,0,0,6,21,0,0,19,2,0,0,0,0,0,0,0
867246,Thierry Lutonda,La Louvière,thierry lutonda,6.62,26,22,1730,1,1.36,1,0.79,1,0,20,5,5.0,242,329,73.56,11,27,40.74,9,90,5,14,30,77,38.96,37,6,16.22,742,245,7,65,24,86,47.25,5,19,20.83,91,44.17,33,18,54.55,8,30,10,1,0,1,17,12,23,0,0,0,0,0,3,20,0,0,19,1,0,0,0,0,0,0,0
1413129,Luc De Fougerolles,Dender,luc de fougerolles,6.74,28,19,1717,0,0.48,1,0.48,1,1,5,0,0.0,769,935,82.25,47,125,37.6,8,85,23,59,7,10,70.0,9,2,22.22,1287,210,0,73,9,91,64.08,49,31,61.25,140,63.06,39,22,56.41,23,91,2,19,0,0,11,29,45,5,2,0,0,0,2,33,0,0,24,9,0,0,0,0,0,0,0
192268,Birger Verstraete,OH Leuven,birger verstraete,6.69,26,18,1712,0,0.14,0,0.55,0,0,4,0,0.0,517,633,81.67,34,67,50.75,5,107,27,46,4,7,57.14,4,0,0.0,868,155,3,78,10,60,53.57,28,13,68.29,88,57.52,36,23,63.89,31,47,1,6,0,2,11,30,20,8,2,0,0,0,2,29,0,0,26,3,0,0,0,0,0,0,0
1131009,Mohamed Koné,Charleroi,mohamed kone,7.22,19,19,1710,0,,0,0.03,0,0,0,0,0.0,379,570,66.49,117,303,38.61,0,19,22,50,0,0,0.0,0,0,0.0,793,197,0,193,0,3,100.0,13,3,81.25,16,84.21,1,1,100.0,0,22,0,0,1,3,0,0,4,2,0,51,0,17,6,18,31,19,14,4,10,10,9,28,0,5,0
916951,Enric Llansana,Anderlecht,enric llansana,6.75,29,19,1709,0,1.22,1,1.72,3,2,18,1,0.0,764,927,82.42,38,63,60.32,18,225,37,60,3,11,27.27,5,1,20.0,1227,216,11,95,8,83,46.89,34,31,52.31,117,48.35,62,45,72.58,17,38,4,7,0,1,27,52,19,7,0,0,0,0,3,26,0,0,24,2,0,0,0,0,0,0,0
832976,Takuma Ominami,OH Leuven,takuma ominami,6.7,22,18,1706,0,1.07,1,0.44,2,2,9,1,0.0,674,772,87.31,53,93,56.99,4,72,11,34,4,6,66.67,3,0,0.0,981,126,3,43,2,41,57.75,36,24,60.0,77,58.78,32,20,62.5,11,70,2,11,1,2,12,14,5,3,0,0,0,0,5,30,0,0,27,3,0,0,0,0,0,0,0
1396529,Tibe De Vlieger,Gent,tibe de vlieger,7.21,25,18,1696,1,1.4,0,0.97,0,0,16,1,6.25,676,780,86.67,52,76,68.42,13,181,38,47,9,18,50.0,27,4,14.81,1177,198,7,79,24,114,62.64,48,30,61.54,162,62.31,59,32,54.24,28,50,8,15,0,0,17,21,47,5,0,0,0,0,5,21,0,0,20,1,0,0,0,0,0,0,0
822698,Laurent Lemoine,Zulte Waregem,laurent lemoine,6.94,22,19,1670,1,0.77,0,0.53,1,0,3,1,33.33,777,895,86.82,37,85,43.53,3,61,19,46,8,12,66.67,4,1,25.0,1201,154,3,71,4,63,63.0,49,31,61.25,112,62.22,40,19,47.5,13,112,1,18,1,1,12,18,16,3,0,0,0,0,3,25,0,0,22,3,0,0,0,0,0,0,0
1005175,Anton Tanghe,Zulte Waregem,anton tanghe,7.02,21,20,1664,3,2.43,0,0.92,1,0,5,3,60.0,709,822,86.25,85,142,59.86,8,69,49,86,1,1,100.0,1,1,100.0,1059,123,0,39,1,21,47.73,32,38,45.71,53,46.49,14,9,64.29,11,122,0,19,0,1,9,14,7,2,0,0,0,0,4,26,0,0,22,4,0,0,0,0,0,0,0
1101258,Kyriani Sabbe,Club Brugge,kyriani sabbe,6.94,27,20,1658,3,1.71,3,3.84,6,1,18,9,16.67,974,1154,84.4,44,92,47.83,23,335,46,92,8,21,38.1,42,5,11.9,1650,304,9,89,8,60,57.14,11,8,57.89,71,57.26,43,23,53.49,24,34,5,3,0,0,16,9,10,2,0,0,0,0,1,22,0,0,20,2,0,0,0,0,0,0,0
940558,Henok Teklab,OH Leuven,henok teklab,6.84,25,21,1638,3,2.46,0,1.96,5,1,23,8,13.04,423,527,80.27,27,55,49.09,21,124,23,45,12,28,42.86,34,9,26.47,942,212,6,78,17,72,48.0,12,27,30.77,84,44.44,51,26,50.98,17,39,8,2,0,0,25,20,9,4,0,0,0,0,1,25,0,0,23,2,0,0,0,0,0,0,0
1427166,Mihajlo Cvetković,Anderlecht,mihajlo cvetkovic,6.6,29,19,1631,9,7.58,2,1.0,2,7,41,21,21.95,225,299,75.25,15,22,68.18,17,99,8,18,8,20,40.0,2,0,0.0,567,168,10,43,25,52,41.27,21,45,31.82,73,38.02,15,9,60.0,6,18,11,2,0,0,6,34,30,4,1,0,0,0,0,32,0,0,27,5,0,0,0,0,0,0,0
990025,Tobias Lawal,Genk,tobias lawal,6.81,18,18,1620,0,,0,0.03,0,0,0,0,0.0,477,581,82.1,94,194,48.45,0,15,15,35,1,2,50.0,0,0,0.0,759,109,0,133,0,4,66.67,5,2,71.43,9,69.23,0,0,0.0,0,20,0,0,2,1,1,0,3,2,0,53,0,7,3,29,37,15,28,1,10,17,16,22,0,2,0
880780,Ousseynou Niang,Union SG,ousseynou niang,6.87,27,18,1618,2,1.79,3,1.63,2,3,23,6,8.7,442,545,81.1,21,47,44.68,10,134,10,28,20,54,37.04,63,9,14.29,953,271,13,104,19,89,51.45,4,4,50.0,93,51.38,29,20,68.97,6,16,5,1,0,0,15,16,40,5,0,0,0,0,3,11,0,0,9,2,0,0,0,0,0,0,0
867250,Adriano Bertaccini,Anderlecht,adriano bertaccini,6.7,33,17,1603,7,7.73,2,1.74,2,10,65,28,10.77,264,354,74.58,12,26,46.15,15,118,12,23,17,57,29.82,23,1,4.35,674,237,14,52,33,45,29.61,7,21,25.0,52,28.89,14,9,64.29,4,12,14,1,0,1,18,18,14,5,1,0,0,0,1,32,0,0,30,2,0,0,0,0,0,0,0
1201883,Oluwaseun Adewumi,Cercle Brugge,oluwaseun adewumi,6.61,32,16,1598,5,7.78,0,1.06,1,17,57,24,8.77,195,285,68.42,1,12,8.33,12,96,3,8,27,51,52.94,23,2,8.7,632,238,18,61,37,62,43.36,20,50,28.57,82,38.5,14,5,35.71,6,5,14,3,0,0,4,16,21,2,0,0,0,0,2,33,0,0,29,4,0,0,0,0,0,0,0
869131,Sory Kaba,OH Leuven,sory kaba,6.59,30,16,1595,6,5.38,2,1.57,3,4,41,12,14.63,214,346,61.85,10,19,52.63,22,85,11,17,12,24,50.0,4,1,25.0,633,261,11,56,37,45,31.69,82,99,45.3,127,39.32,11,9,81.82,1,20,9,0,0,0,6,49,22,6,0,0,0,0,1,25,0,0,23,2,0,0,0,0,0,0,0
909953,Maxime Delanghe,Cercle Brugge,maxime delanghe,6.88,18,17,1591,0,,0,0.02,0,0,0,0,0.0,242,393,61.58,77,227,33.92,0,16,14,42,0,0,0.0,0,0,0.0,534,160,0,105,0,4,80.0,6,0,100.0,10,90.91,0,0,0.0,0,17,0,0,1,0,1,1,6,1,0,51,0,11,3,31,26,24,28,3,4,13,12,4,0,3,0
861071,Warleson,Cercle Brugge,warleson,7.13,19,18,1556,0,,0,0.03,0,0,0,0,0.0,263,471,55.84,90,293,30.72,0,18,14,34,0,0,0.0,0,0,0.0,627,216,0,133,0,4,80.0,5,0,100.0,9,90.0,0,0,0.0,0,13,0,0,0,1,1,1,4,2,1,68,0,17,5,23,43,25,18,5,6,8,8,17,0,2,0
1820381,Guilherme Smith,Union SG,guilherme smith,7.08,22,18,1546,4,0.98,2,1.96,4,0,21,7,19.05,308,386,79.79,22,36,61.11,15,128,12,20,28,64,43.75,61,12,19.67,768,231,14,90,15,84,50.0,2,5,28.57,86,49.14,33,22,66.67,19,15,8,1,1,0,17,17,23,4,0,0,0,0,3,12,0,0,10,2,0,0,0,0,0,0,0
1106546,Yaimar Medina,Genk,yaimar medina,6.73,27,18,1534,0,1.37,3,1.99,3,2,27,11,0.0,757,922,82.1,34,85,40.0,19,212,34,76,2,5,40.0,51,9,17.65,1309,272,5,82,10,53,57.61,12,11,52.17,65,56.52,21,17,80.95,13,52,3,2,0,1,9,17,30,4,0,0,0,0,1,19,0,0,18,1,0,0,0,0,0,0,0
1396027,Ibrahima Sory Bangoura,Genk,ibrahima sory bangoura,6.72,28,18,1531,0,0.92,0,0.45,1,2,8,3,0.0,564,637,88.54,29,46,63.04,9,109,15,20,14,14,100.0,2,0,0.0,881,129,1,90,19,80,54.05,19,31,38.0,99,50.0,59,30,50.85,20,27,3,6,0,1,10,42,7,5,0,0,0,0,3,19,0,0,17,2,0,0,0,0,0,0,0
1402224,Mauricio Benitez,Antwerp,mauricio benitez,6.88,27,17,1524,3,1.74,0,0.99,0,1,24,6,12.5,616,745,82.68,40,70,57.14,13,147,32,58,8,18,44.44,8,1,12.5,1043,187,5,107,8,70,58.82,29,29,50.0,99,55.93,49,27,55.1,32,30,4,2,1,1,20,14,13,4,0,0,0,0,4,19,0,0,14,5,0,0,0,0,0,0,0
1021398,David Toshevski,Dender,david toshevski,6.57,26,19,1520,4,5.5,0,1.06,0,4,40,12,10.0,225,341,65.98,5,10,50.0,10,70,12,21,13,23,56.52,7,2,28.57,635,225,8,42,26,50,40.65,62,85,42.18,112,41.48,11,7,63.64,1,19,8,7,0,0,8,33,29,5,1,0,0,0,0,30,0,0,23,7,0,0,0,0,0,0,0
1099462,Jarne Steuckers,Genk,jarne steuckers,6.96,30,16,1504,0,2.06,6,6.27,11,2,30,8,0.0,662,834,79.38,64,103,62.14,54,305,61,116,15,28,53.57,146,29,19.86,1169,349,9,62,16,33,42.86,5,3,62.5,38,44.71,9,5,55.56,3,7,12,4,0,1,8,7,9,1,0,0,0,0,0,25,0,0,22,3,0,0,0,0,0,0,0
1119328,Promise David,Union SG,promise david,6.68,24,17,1493,9,12.3,1,1.04,2,14,70,26,12.86,165,289,57.09,11,21,52.38,13,80,8,18,6,22,27.27,4,0,0.0,560,220,17,48,23,26,28.26,60,55,52.17,86,41.55,4,3,75.0,4,22,13,0,0,0,3,29,18,1,0,0,0,0,3,11,0,0,9,2,0,0,0,0,0,0,0
880762,Marlon Fossey,Standard Liège,marlon fossey,6.91,20,20,1469,1,0.72,2,1.82,1,0,9,4,11.11,367,486,75.51,14,44,31.82,11,105,21,39,9,15,60.0,42,6,14.29,856,228,0,52,7,42,64.62,35,31,53.03,77,58.78,18,10,55.56,19,66,2,11,0,0,2,9,15,2,1,0,0,0,2,20,0,0,18,2,0,0,0,0,0,0,0
826172,Thibaud Verlinden,OH Leuven,thibaud verlinden,6.92,26,17,1463,2,0.59,4,4.03,9,1,20,10,10.0,250,326,76.69,17,40,42.5,26,93,17,36,21,49,42.86,113,33,29.2,684,234,9,67,13,51,41.13,4,15,21.05,55,38.46,24,18,75.0,9,8,8,0,0,0,21,12,6,4,0,0,0,0,1,25,0,0,21,4,0,0,0,0,0,0,0
921180,Edgaras Utkus,Cercle Brugge,edgaras utkus,7.31,19,17,1451,2,1.25,0,0.36,0,1,14,4,14.29,675,839,80.45,65,137,47.45,1,76,28,67,1,1,100.0,0,0,0.0,1153,179,0,62,1,53,70.67,95,30,76.0,148,74.0,28,18,64.29,31,140,3,15,1,0,6,17,28,2,0,0,0,0,5,20,0,0,17,3,0,0,0,0,0,0,0
923972,Louis Patris,Union SG,louis patris,6.89,34,14,1450,0,1.84,2,2.88,3,4,13,6,0.0,410,592,69.26,19,78,24.36,27,125,16,51,11,21,52.38,60,14,23.33,983,287,7,67,10,80,56.74,30,12,71.43,110,60.11,57,30,52.63,27,43,3,2,0,0,24,18,12,2,0,0,0,0,4,11,0,0,11,0,0,0,0,0,0,0,0
1145065,Lukas Willen,Zulte Waregem,lukas willen,6.7,20,16,1447,0,0.18,1,1.33,1,0,4,0,0.0,536,666,80.48,31,85,36.47,9,112,22,37,6,10,60.0,7,1,14.29,917,166,3,65,5,40,54.79,29,28,50.88,69,53.08,29,18,62.07,20,74,3,7,0,0,14,11,6,3,0,0,0,0,3,24,0,0,20,4,0,0,0,0,0,0,0
2048955,Hyllarion Goore,Gent,hyllarion goore,6.71,34,14,1431,5,5.22,4,2.29,6,4,55,15,9.09,256,353,72.52,2,9,22.22,20,133,2,9,25,45,55.56,14,2,14.29,629,202,8,49,25,50,39.68,18,37,32.73,68,37.57,9,6,66.67,6,9,19,1,0,0,8,24,16,2,0,0,0,0,0,24,0,0,20,4,0,0,0,0,0,0,0
1188191,Oumar Diakité,Cercle Brugge,oumar diakite,6.63,25,15,1429,7,7.36,0,1.43,2,10,39,18,17.95,219,288,76.04,1,6,16.67,22,100,2,8,23,41,56.1,11,2,18.18,585,206,13,41,34,58,40.56,41,66,38.32,99,39.6,14,9,64.29,3,4,6,2,0,0,6,29,21,4,1,0,0,0,0,28,0,0,24,4,0,0,0,0,0,0,0
1019125,Omri Gandelman,Gent,omri gandelman,6.81,18,16,1427,7,5.0,1,0.62,1,4,28,11,25.0,288,384,75.0,4,17,23.53,11,71,9,19,4,9,44.44,1,0,0.0,560,134,4,54,11,21,38.89,43,47,47.78,64,44.44,10,8,80.0,6,24,5,3,0,1,5,12,8,1,0,0,0,0,2,23,0,0,19,4,0,0,0,0,0,0,0
1191892,Tochukwu Nnadi,Zulte Waregem,tochukwu nnadi,6.74,18,17,1418,0,0.06,1,0.62,0,0,2,0,0.0,639,750,85.2,52,99,52.53,5,128,23,53,3,4,75.0,4,1,25.0,937,132,2,93,8,61,57.01,18,4,81.82,79,61.24,37,22,59.46,20,38,1,5,0,1,8,31,21,7,1,0,0,0,2,26,0,0,22,4,0,0,0,0,0,0,0
901898,Yari Verschaeren,Anderlecht,yari verschaeren,6.71,28,12,1408,1,2.03,3,2.5,4,1,24,6,4.17,560,653,85.76,22,41,53.66,31,228,18,35,12,26,46.15,62,17,27.42,964,220,6,51,20,49,49.49,8,9,47.06,57,49.14,19,12,63.16,8,18,11,2,0,1,11,5,19,1,0,0,0,0,1,26,0,0,21,5,0,0,0,0,0,0,0
38471,Roman Neustädter,Westerlo,roman neustadter,6.85,18,17,1392,0,0.33,0,0.58,0,1,5,1,0.0,708,769,92.07,41,67,61.19,4,43,29,46,0,1,0.0,0,0,0.0,929,71,0,41,0,18,50.0,36,23,61.02,54,56.84,14,9,64.29,15,82,0,14,0,1,9,9,4,3,0,0,0,0,7,23,0,0,20,3,0,0,0,0,0,0,0
897334,Daiki Hashioka,Gent,daiki hashioka,6.69,17,16,1386,0,0.58,0,1.25,2,1,7,1,0.0,437,567,77.07,22,77,28.57,6,80,15,48,2,4,50.0,31,7,22.58,908,199,3,35,4,30,54.55,50,37,57.47,80,56.34,15,10,66.67,18,89,1,9,2,0,7,18,13,1,0,0,0,0,4,20,0,0,18,2,0,0,0,0,0,0,0
839675,David Robert Bates,Standard Liège,david robert bates,6.89,18,15,1384,1,1.63,0,0.33,0,2,10,4,10.0,562,672,83.63,30,80,37.5,1,14,12,36,1,1,100.0,0,0,0.0,923,119,1,52,1,25,56.82,47,31,60.26,72,59.02,18,13,72.22,16,134,2,25,0,4,4,15,7,3,0,0,0,0,5,16,0,0,14,2,0,0,0,0,0,0,0
1124749,Mathias Delorge,Gent,mathias delorge,7.01,20,19,1383,0,0.27,3,2.13,2,0,9,4,0.0,813,931,87.33,81,113,71.68,17,157,61,89,2,6,33.33,52,14,26.92,1156,192,5,84,10,44,55.0,7,13,35.0,51,51.0,30,20,66.67,13,28,1,6,0,2,10,14,12,1,0,0,0,0,2,19,0,0,15,4,0,0,0,0,0,0,0
1440668,Ali Maamar,Anderlecht,ali maamar,6.68,25,14,1382,0,0.58,4,1.82,4,0,13,0,0.0,503,643,78.23,15,51,29.41,18,197,17,43,18,24,75.0,31,4,12.9,1080,229,10,82,18,69,57.02,15,20,42.86,84,53.85,36,19,52.78,18,39,6,1,0,1,8,21,16,4,0,0,0,0,2,17,0,0,16,1,0,0,0,0,0,0,0
1046245,Matisse Samoise,Gent,matisse samoise,6.76,18,16,1379,2,1.28,2,1.47,2,0,8,4,25.0,487,616,79.06,39,74,52.7,22,125,29,50,9,27,33.33,73,15,20.55,1023,251,5,56,3,49,46.67,13,20,39.39,62,44.93,27,18,66.67,19,39,4,6,0,0,16,20,13,5,0,0,0,0,1,22,0,0,19,3,0,0,0,0,0,0,0
2405369,Xander Dierckx,Antwerp,xander dierckx,6.44,19,16,1361,1,0.72,0,0.52,1,1,9,2,11.11,232,327,70.95,10,26,38.46,9,65,5,13,2,16,12.5,11,4,36.36,551,165,3,51,9,45,48.39,19,33,36.54,64,44.14,34,17,50.0,13,20,2,9,0,0,7,19,9,2,1,0,0,0,2,21,0,0,18,3,0,0,0,0,0,0,0
795541,Thomas Henry,Standard Liège,thomas henry,6.47,21,17,1360,3,3.2,2,0.58,2,4,16,6,18.75,178,291,61.17,13,21,61.9,10,64,10,17,4,15,26.67,1,0,0.0,531,211,6,32,28,53,40.15,55,54,50.46,108,44.81,6,5,83.33,1,18,3,5,0,0,7,34,43,5,1,0,0,0,2,19,0,0,18,1,0,0,0,0,0,0,0
1069336,Romeo Vermant,Club Brugge,romeo vermant,6.64,35,13,1338,8,6.53,2,1.09,2,7,48,19,16.67,277,384,72.14,12,16,75.0,15,111,5,11,5,18,27.78,3,0,0.0,644,195,8,50,23,57,40.14,39,65,37.5,96,39.02,19,9,47.37,3,14,9,2,0,0,10,41,35,3,0,0,0,0,1,17,0,0,15,2,0,0,0,0,0,0,0
980923,Enrique Lofolomo,Zulte Waregem,enrique lofolomo,6.78,22,14,1336,0,1.38,2,1.07,1,2,9,3,0.0,452,559,80.86,42,82,51.22,7,77,24,54,3,7,42.86,2,1,50.0,770,141,4,85,10,55,51.89,32,19,62.75,87,55.41,24,14,58.33,15,45,3,5,1,0,9,28,29,7,0,0,0,0,3,22,0,0,21,1,0,0,0,0,0,0,0
983041,Hugo Siquet,Club Brugge,hugo siquet,7.0,31,13,1332,0,0.75,2,3.62,4,1,16,2,0.0,613,771,79.51,43,108,39.81,38,179,40,85,4,8,50.0,88,32,36.36,1173,260,8,65,3,42,66.67,24,13,64.86,66,66.0,31,15,48.39,9,32,5,4,0,2,8,7,7,2,0,0,0,0,1,13,0,0,12,1,0,0,0,0,0,0,0
1020197,Anthony Valencia,Antwerp,anthony valencia,6.95,23,12,1332,4,3.57,2,2.73,4,4,29,12,13.79,492,586,83.96,19,32,59.38,29,174,5,20,36,84,42.86,32,8,25.0,980,244,16,98,31,81,42.86,6,22,21.43,87,40.09,27,17,62.96,11,11,11,1,1,0,13,16,18,3,0,0,0,0,2,16,0,0,14,2,0,0,0,0,0,0,0
793987,Kobe Cools,Dender,kobe cools,7.02,19,15,1331,0,0.85,0,0.74,2,1,12,6,0.0,458,547,83.73,31,69,44.93,2,37,25,48,2,2,100.0,0,0,0.0,772,98,0,30,3,26,52.0,55,34,61.8,81,58.27,21,11,52.38,17,105,3,23,0,1,1,21,3,2,0,0,0,0,4,21,0,0,14,7,0,0,0,0,0,0,0
1474689,Marwan Al-Sahafi,Antwerp,marwan al-sahafi,6.66,24,15,1330,1,2.92,0,1.36,1,5,19,5,5.26,215,271,79.34,15,24,62.5,10,102,6,14,17,42,40.48,12,4,33.33,507,165,5,53,14,39,43.82,8,22,26.67,47,39.5,13,8,61.54,6,14,8,0,0,1,2,10,9,2,0,0,0,0,0,17,0,0,15,2,0,0,0,0,0,0,0
340561,Gauthier Gallon,Dender,gauthier gallon,7.11,15,15,1326,0,,0,0.01,0,0,0,0,0.0,314,441,71.2,79,206,38.35,0,5,31,48,0,0,0.0,0,0,0.0,599,128,0,136,0,2,100.0,9,0,100.0,11,100.0,1,0,0.0,0,16,0,0,0,0,0,0,2,1,0,49,0,16,5,26,37,12,21,5,9,6,6,11,0,3,2
2041882,Bouke Boersma,Mechelen,bouke boersma,6.58,17,15,1325,3,3.32,3,1.13,3,3,23,11,13.04,126,220,57.27,5,9,55.56,8,46,4,7,5,10,50.0,6,1,16.67,450,205,2,16,33,38,38.78,58,85,40.56,96,39.83,3,2,66.67,1,7,6,1,0,0,4,20,33,1,0,0,0,0,2,27,0,0,23,4,0,0,0,0,0,0,0
1099368,Daan Dierckx,Standard Liège,daan dierckx,6.86,20,16,1321,0,1.26,0,0.38,0,4,13,4,0.0,603,708,85.17,40,90,44.44,2,78,21,41,1,1,100.0,1,0,0.0,916,122,1,46,2,20,42.55,59,32,64.84,79,57.25,17,9,52.94,15,90,2,22,0,1,6,20,3,2,0,0,0,0,3,16,0,0,15,1,0,0,0,0,0,0,0
1405446,Robin Mirisola,Genk,robin mirisola,6.66,30,13,1317,5,6.48,2,0.66,1,10,36,13,13.89,177,266,66.54,4,10,40.0,15,65,9,11,22,35,62.86,7,1,14.29,495,181,7,29,27,44,37.61,56,40,58.33,100,46.95,11,9,81.82,5,6,6,0,0,1,2,32,11,3,0,0,0,0,0,16,0,0,15,1,0,0,0,0,0,0,0
877236,Hugo Vetlesen,Club Brugge,hugo vetlesen,6.87,25,15,1315,5,4.89,6,3.32,5,6,36,14,13.89,424,525,80.76,10,23,43.48,22,141,12,23,12,19,63.16,15,3,20.0,772,177,4,51,22,50,43.1,7,24,22.58,57,38.78,25,13,52.0,4,14,13,7,0,0,9,30,13,5,0,0,0,0,1,21,0,0,19,2,0,0,0,0,0,0,0
1397747,Ilay Camara,Anderlecht,ilay camara,6.56,25,17,1310,2,1.17,1,2.75,5,2,15,7,13.33,538,644,83.54,12,33,36.36,23,202,14,34,11,22,50.0,37,7,18.92,1023,219,3,72,13,42,39.62,6,20,23.08,48,36.36,19,14,73.68,31,18,2,2,0,0,14,26,12,1,0,0,0,0,1,22,0,0,19,3,0,0,0,0,0,0,0
360652,Mathieu Maertens,OH Leuven,mathieu maertens,6.6,35,12,1302,1,5.76,3,1.05,4,11,52,17,1.92,234,313,74.76,5,16,31.25,19,87,3,8,10,21,47.62,20,6,30.0,612,166,8,64,20,64,45.71,27,29,48.21,91,46.43,23,13,56.52,12,17,9,2,0,1,15,33,32,5,0,0,0,0,0,21,0,0,19,2,0,0,0,0,0,0,0
1404526,Wilguens Paugain,Zulte Waregem,wilguens paugain,6.81,24,15,1298,1,0.5,0,0.84,0,1,6,1,16.67,387,490,78.98,23,46,50.0,3,114,11,20,14,29,48.28,22,4,18.18,885,207,0,41,6,73,63.48,20,17,54.05,93,61.18,33,24,72.73,28,40,4,3,1,1,10,12,26,1,0,0,0,0,2,21,0,0,20,1,0,0,0,0,0,0,0
2425212,Nolan Gillot,La Louvière,nolan gillot,6.88,21,13,1297,2,1.93,4,3.66,6,0,30,9,6.67,253,384,65.89,23,68,33.82,29,105,22,53,16,34,47.06,140,39,27.86,848,316,6,80,10,52,50.0,23,25,47.92,75,49.34,31,15,48.39,11,24,12,1,0,0,13,12,5,0,0,0,0,0,2,26,0,0,25,1,0,0,0,0,0,0,0
1137885,Samuel Gueulette,La Louvière,samuel gueulette,6.64,29,12,1295,0,0.81,0,0.31,1,4,12,3,0.0,282,346,81.5,22,42,52.38,5,48,22,32,5,10,50.0,3,1,33.33,530,92,6,63,3,68,54.4,15,30,33.33,83,48.82,52,24,46.15,15,18,1,1,0,1,25,25,11,4,0,0,0,0,0,21,0,0,21,0,0,0,0,0,0,0,0
1165701,Owen Maes,La Louvière,owen maes,6.51,22,14,1281,0,0.76,1,1.7,3,0,17,5,0.0,197,299,65.89,17,50,34.0,17,91,12,45,22,61,36.07,100,16,16.0,716,316,8,69,28,81,40.3,4,21,16.0,85,37.61,26,14,53.85,13,7,4,1,0,0,25,28,33,3,1,0,0,0,2,16,0,0,15,1,0,0,0,0,0,0,0
1152943,Rosen Bozhinov,Antwerp,rosen bozhinov,7.08,16,15,1279,1,0.4,0,0.39,0,0,7,3,14.29,670,744,90.05,21,51,41.18,5,28,13,26,2,2,100.0,0,0,0.0,956,86,0,61,1,20,46.51,58,31,65.17,78,59.09,15,9,60.0,21,103,1,19,1,2,3,21,4,1,0,0,0,0,2,16,0,0,14,2,0,0,0,0,0,0,0
1396102,Amando Lapage,Westerlo,amando lapage,7.1,16,14,1272,0,0.13,0,0.51,2,0,8,2,0.0,760,868,87.56,74,130,56.92,4,93,44,76,3,3,100.0,6,2,33.33,1089,128,0,56,3,21,53.85,39,31,55.71,60,55.05,15,11,73.33,20,86,2,15,1,2,7,9,3,3,0,0,0,0,4,19,0,0,19,0,0,0,0,0,0,0,0
981053,Timothee Nkada,Standard Liège,timothee nkada,6.42,30,11,1240,4,4.31,1,0.44,1,3,25,10,16.0,137,220,62.27,2,8,25.0,4,59,4,12,8,25,32.0,9,0,0.0,426,184,10,32,24,28,33.33,21,63,25.0,49,29.17,8,5,62.5,1,13,10,1,0,0,7,8,12,1,1,0,0,0,0,12,0,0,10,2,0,0,0,0,0,0,0
1130011,Tuur Rommens,Westerlo,tuur rommens,6.79,15,14,1223,0,0.85,1,1.48,6,2,8,2,0.0,445,581,76.59,19,48,39.58,20,134,27,53,19,25,76.0,31,11,35.48,1011,240,1,60,9,64,61.54,38,19,66.67,102,63.35,33,22,66.67,18,62,2,2,1,1,9,16,12,2,0,0,0,0,3,24,0,0,20,4,0,0,0,0,0,0,0
1104897,Jorne Spileers,Club Brugge,jorne spileers,6.83,23,13,1218,0,0.12,1,0.28,1,0,3,0,0.0,1013,1096,92.43,57,84,67.86,2,145,21,39,3,4,75.0,3,0,0.0,1266,109,1,55,5,26,54.17,18,11,62.07,44,57.14,21,12,57.14,5,56,3,3,0,1,4,13,2,4,0,0,0,0,3,17,0,0,16,1,0,0,0,0,0,0,0
1022491,Raul Florucz,Union SG,raul florucz,6.78,24,15,1214,7,6.84,3,1.86,3,4,46,15,15.22,191,272,70.22,6,12,50.0,18,104,5,14,14,45,31.11,28,11,39.29,560,223,13,42,29,43,34.68,3,13,18.75,46,32.86,17,11,64.71,4,4,17,0,0,0,11,14,12,1,0,0,0,0,0,7,0,0,7,0,0,0,0,0,0,0,0
848537,Boubakar Kouyaté,Antwerp,boubakar kouyate,6.9,24,13,1213,1,0.74,0,0.17,0,2,10,3,10.0,396,487,81.31,23,58,39.66,2,16,11,23,0,3,0.0,0,0,0.0,779,114,0,35,2,47,55.95,63,52,54.78,110,55.28,37,14,37.84,23,133,1,26,0,5,7,27,10,5,1,0,0,0,4,14,0,0,10,4,0,0,0,0,0,0,0
986770,Guillaume Dietsch,Dender,guillaume dietsch,6.75,14,13,1194,0,,0,0.03,0,0,0,0,0.0,191,383,49.87,82,273,30.04,0,17,16,35,0,0,0.0,0,0,0.0,528,195,0,131,0,1,100.0,3,0,100.0,4,100.0,0,0,0.0,0,12,0,0,3,2,0,0,2,1,0,53,0,8,0,24,35,18,18,6,1,4,4,9,0,2,1
1065233,Max Dean,Gent,max dean,6.69,23,11,1187,7,8.96,1,1.47,3,7,50,21,14.0,139,189,73.54,5,13,38.46,16,55,8,17,5,16,31.25,15,3,20.0,428,141,16,46,11,32,41.56,12,23,34.29,44,39.29,8,4,50.0,5,14,12,3,0,0,11,12,19,2,1,0,0,0,0,17,0,0,16,1,0,0,0,0,0,0,0
983027,Wouter George,OH Leuven,wouter george,6.63,24,12,1185,1,0.71,1,1.04,1,0,11,3,9.09,339,419,80.91,14,37,37.84,15,101,13,30,10,22,45.45,40,12,30.0,688,169,7,68,15,62,44.93,3,11,21.43,65,42.76,42,22,52.38,13,14,3,3,1,0,26,27,10,2,0,0,0,0,1,17,0,0,15,2,0,0,0,0,0,0,0
845930,Jean-Kévin Duverne,Gent,jean-kevin duverne,6.63,22,12,1174,1,1.66,1,0.88,1,1,4,3,25.0,455,578,78.72,32,77,41.56,4,96,29,62,3,8,37.5,26,4,15.38,844,183,0,39,2,32,51.61,21,21,50.0,53,50.96,25,15,60.0,10,76,0,5,1,1,12,11,4,5,0,0,0,0,2,21,0,0,19,2,0,0,0,0,0,0,0
1396029,Josue Ndenge Kongolo,Genk,josue ndenge kongolo,6.98,16,12,1168,0,0.19,0,0.56,0,0,4,0,0.0,624,681,91.63,33,56,58.93,3,61,14,25,10,14,71.43,4,2,50.0,888,84,5,54,5,53,66.25,13,23,36.11,66,56.9,27,17,62.96,12,52,1,12,0,2,6,13,16,3,1,0,0,0,5,9,0,0,9,0,0,0,0,0,0,0,0
1158921,Bill Antonio,Mechelen,bill antonio,6.63,33,7,1168,1,1.11,1,1.75,1,1,15,4,6.67,196,302,64.9,2,13,15.38,13,83,3,8,27,66,40.91,49,5,10.2,681,286,1,38,20,59,43.38,12,31,27.91,71,39.66,16,10,62.5,8,22,5,3,0,0,6,12,16,2,0,0,0,0,0,28,0,0,23,5,0,0,0,0,0,0,0
1502620,Aaron Bibout,Genk,aaron bibout,6.68,21,13,1165,6,8.1,0,0.79,1,9,49,17,12.24,180,242,74.38,6,9,66.67,8,72,7,9,9,14,64.29,1,0,0.0,449,143,10,32,21,30,38.96,58,53,52.25,88,46.81,6,4,66.67,0,12,10,0,0,0,3,22,15,0,0,0,0,0,3,14,0,0,12,2,0,0,0,0,0,0,0
1122525,Mohamed Berte,Dender,mohamed berte,6.56,30,10,1149,3,1.76,1,0.93,3,3,32,10,9.38,126,195,64.62,2,5,40.0,13,53,4,5,5,14,35.71,4,2,50.0,385,139,6,32,13,37,43.02,23,47,32.86,60,38.46,12,6,50.0,1,2,8,2,0,0,7,22,21,2,0,0,0,0,1,26,0,0,18,8,0,0,0,0,0,0,0
985162,Yira Collins Sor,Genk,yira collins sor,6.77,28,10,1147,4,3.69,1,1.9,1,2,35,17,11.43,331,421,78.62,5,17,29.41,17,152,6,13,15,34,44.12,30,7,23.33,638,168,5,55,8,51,53.13,4,10,28.57,55,50.0,15,7,46.67,8,14,6,0,1,0,6,14,21,0,0,0,0,0,0,17,0,0,16,1,0,0,0,0,0,0,0
1920581,Farouck Adekami,Antwerp,farouck adekami,6.9,21,12,1140,2,2.95,2,1.76,4,3,35,16,5.71,239,318,75.16,15,33,45.45,21,67,14,37,38,94,40.43,80,28,35.0,735,266,12,56,14,104,50.0,5,16,23.81,109,47.6,23,17,73.91,3,6,11,1,0,0,16,21,43,7,0,0,0,0,0,16,0,0,14,2,0,0,0,0,0,0,0
997164,Thomas Van den Keybus,Westerlo,thomas van den keybus,6.61,32,10,1140,1,1.98,0,0.89,0,0,30,8,3.33,339,428,79.21,17,28,60.71,12,111,12,24,10,27,37.04,19,8,42.11,663,165,7,68,17,54,43.2,12,13,48.0,66,44.0,27,15,55.56,3,14,12,0,0,0,19,20,17,3,0,0,0,0,0,21,0,0,19,2,0,0,0,0,0,0,0
1064174,Nayel Mehssatou,Standard Liège,nayel mehssatou,6.67,29,10,1124,0,0.85,1,1.14,2,1,10,5,0.0,342,425,80.47,17,37,45.95,7,126,25,40,6,26,23.08,22,5,22.73,615,156,4,34,11,43,45.74,5,8,38.46,48,44.86,15,9,60.0,4,15,2,2,0,3,8,12,22,2,0,0,0,0,1,15,0,0,14,1,0,0,0,0,0,0,0
1086072,Nikolas Sattlberger,Genk,nikolas sattlberger,6.59,25,12,1124,0,0.75,1,0.73,4,0,8,2,0.0,472,566,83.39,23,44,52.27,6,87,17,32,2,4,50.0,3,1,33.33,711,115,4,50,7,24,35.82,18,23,43.9,42,38.89,16,10,62.5,11,45,2,2,0,0,6,30,6,3,0,0,0,0,0,20,0,0,20,0,0,0,0,0,0,0,0
1010634,Hyeon-gyu Oh,Genk,hyeon-gyu oh,6.77,20,13,1116,6,7.63,3,1.49,5,14,49,24,12.24,160,198,80.81,6,7,85.71,17,83,7,13,6,12,50.0,5,1,20.0,391,107,7,25,12,32,48.48,15,40,27.27,47,38.84,10,4,40.0,1,3,11,3,0,0,3,15,16,2,0,0,0,0,0,20,0,0,19,1,0,0,0,0,0,0,0
94300,Benito Raman,Mechelen,benito raman,6.65,29,10,1087,3,4.82,3,1.09,1,5,28,10,10.71,132,193,68.39,12,18,66.67,13,53,15,20,11,25,44.0,12,1,8.33,344,121,11,27,12,29,38.67,2,13,13.33,31,34.44,11,7,63.64,2,3,6,0,0,0,10,10,7,0,0,0,0,0,0,20,0,0,17,3,0,0,0,0,0,0,0
110777,Hendrik Van Crombrugge,Genk,hendrik van crombrugge,7.13,12,12,1080,0,,0,0.03,0,0,0,0,0.0,337,401,84.04,72,130,55.38,0,11,26,44,0,0,0.0,0,0,0.0,517,66,0,86,0,1,100.0,0,0,0.0,1,100.0,0,0,0.0,1,10,0,0,1,2,0,0,1,0,0,40,0,4,1,18,32,8,15,3,6,3,2,13,0,1,0
1512197,Noah Adedeji-Sternberg,Genk,noah adedeji-sternberg,6.8,25,12,1052,1,1.22,1,2.9,5,0,22,4,4.55,356,433,82.22,4,10,40.0,16,174,15,25,22,61,36.07,47,9,19.15,781,232,8,44,20,80,50.63,7,13,35.0,87,48.88,22,15,68.18,8,6,7,2,0,1,7,12,36,0,0,0,0,0,0,11,0,0,10,1,0,0,0,0,0,0,0
1403124,Emran Soglo,Zulte Waregem,emran soglo,6.85,18,11,1045,0,1.02,3,2.37,4,1,16,2,0.0,314,407,77.15,12,34,35.29,15,125,12,34,23,34,67.65,42,10,23.81,722,186,8,62,13,65,56.03,9,8,52.94,74,55.64,29,17,58.62,15,8,4,1,0,0,11,16,13,2,0,0,0,0,0,18,0,0,15,3,0,0,0,0,0,0,0
1047509,Bjorn Meijer,Club Brugge,bjorn meijer,6.88,27,9,1041,1,1.56,1,2.26,6,1,14,4,7.14,418,511,81.8,21,40,52.5,19,143,18,31,9,20,45.0,39,15,38.46,850,175,1,31,6,33,55.0,25,14,64.1,58,58.59,15,9,60.0,14,38,5,4,0,0,4,6,9,1,0,0,0,0,3,10,0,0,9,1,0,0,0,0,0,0,0
1473492,Makaya Ibrahima Diaby,Cercle Brugge,makaya ibrahima diaby,6.7,26,10,1039,2,2.24,1,0.73,2,2,18,7,11.11,318,419,75.89,14,20,70.0,5,60,7,11,13,25,52.0,6,1,16.67,676,172,7,58,17,62,46.97,31,24,56.36,93,49.73,35,24,68.57,18,25,4,6,0,0,15,27,14,4,1,0,0,0,1,22,0,0,19,3,0,0,0,0,0,0,0
10406,Simon Mignolet,Club Brugge,simon mignolet,7.14,12,12,1023,0,,0,0.02,0,0,0,0,0.0,304,360,84.44,58,112,51.79,0,10,17,26,0,0,0.0,0,0,0.0,448,57,0,80,0,0,0.0,2,0,100.0,2,100.0,0,0,0.0,0,5,0,0,2,0,0,0,0,1,0,34,0,5,1,11,26,7,8,3,3,1,1,9,0,1,0
1529975,Lucca Brughmans,Genk,lucca brughmans,7.11,11,11,1020,0,,0,0.02,0,0,0,0,0.0,202,309,65.37,59,165,35.76,1,12,16,32,0,0,0.0,0,0,0.0,404,113,0,77,0,0,0.0,1,0,100.0,1,100.0,0,0,0.0,0,10,0,0,1,0,0,0,0,0,0,28,0,8,5,7,24,4,6,1,3,5,5,9,0,2,0
198282,Patrik Hrošovský,Genk,patrik hrosovsky,6.94,16,10,1002,1,1.52,1,1.12,2,0,24,8,4.17,530,595,89.08,38,58,65.52,13,177,24,44,8,17,47.06,32,8,25.0,773,123,7,72,12,33,50.0,5,10,33.33,38,46.91,18,10,55.56,9,14,9,2,0,0,8,6,7,0,0,0,0,0,1,14,0,0,11,3,0,0,0,0,0,0,0
1166767,Dikeni Salifou,Mechelen,dikeni salifou,6.62,18,11,1002,0,0.28,0,0.17,0,1,3,2,0.0,352,417,84.41,20,34,58.82,1,68,15,24,7,14,50.0,2,0,0.0,589,110,3,53,18,44,46.81,20,20,50.0,64,47.76,31,17,54.84,19,19,1,3,0,1,10,16,6,2,0,0,0,0,1,20,0,0,16,4,0,0,0,0,0,0,0
190379,Lucas Pirard,Standard Liège,lucas pirard,7.44,11,11,990,0,,0,0.03,0,0,0,0,0.0,174,336,51.79,93,253,36.76,0,16,13,31,1,1,100.0,0,0,0.0,446,164,0,106,0,4,100.0,3,0,100.0,7,100.0,0,0,0.0,0,13,0,0,1,1,0,0,3,1,0,45,0,5,4,11,33,12,10,1,2,8,8,6,0,0,0
982315,Moussa Ndiaye,Anderlecht,moussa ndiaye,6.88,17,9,977,0,0.69,0,0.34,0,0,10,1,0.0,505,616,81.98,20,61,32.79,4,136,16,43,8,12,66.67,7,1,14.29,904,163,1,58,1,57,71.25,33,16,67.35,90,69.77,29,14,48.28,21,36,3,3,0,0,8,10,20,2,0,0,0,0,1,17,0,0,14,3,0,0,0,0,0,0,0
1122552,Alan Minda,Cercle Brugge,alan minda,6.86,17,11,974,3,2.77,2,1.19,3,2,27,12,11.11,201,243,82.72,12,17,70.59,10,91,7,10,20,40,50.0,16,7,43.75,429,129,8,24,17,32,41.03,6,7,46.15,38,41.76,3,2,66.67,4,2,5,0,0,0,6,3,10,0,0,0,0,0,1,16,0,0,13,3,0,0,0,0,0,0,0
1142092,Darío Benavides,La Louvière,dario benavides,6.73,20,12,974,0,0.68,1,1.43,2,1,7,1,0.0,220,288,76.39,10,21,47.62,10,80,8,21,6,9,66.67,32,9,28.13,528,135,7,52,6,41,55.41,17,17,50.0,58,53.7,22,12,54.55,19,26,0,2,0,0,13,12,13,1,0,0,0,0,1,15,0,0,15,0,0,0,0,0,0,0,0
2033824,Abdoul Karim Traoré,OH Leuven,abdoul karim traore,6.41,25,11,972,2,4.07,1,0.64,2,6,34,8,5.88,120,164,73.17,3,7,42.86,8,46,1,4,11,41,26.83,15,0,0.0,398,162,10,52,22,32,28.32,18,47,27.69,50,28.09,8,5,62.5,4,5,13,1,0,0,8,23,13,3,0,0,0,0,0,15,0,0,12,3,0,0,0,0,0,0,0
985262,Moussa Diarra,Anderlecht,moussa diarra,6.48,12,12,970,0,0.23,0,0.17,0,0,5,1,0.0,538,622,86.5,22,60,36.67,0,46,17,46,2,4,50.0,7,0,0.0,780,107,2,41,2,25,52.08,26,23,53.06,51,52.58,8,3,37.5,21,38,1,11,0,1,1,18,15,4,0,0,0,0,0,23,0,0,19,4,0,0,0,0,0,0,0
1402293,Ryan Merlen,Sint-Truiden,ryan merlen,6.82,33,7,965,3,3.41,2,2.27,5,4,24,5,12.5,493,619,79.64,62,104,59.62,19,164,61,106,9,15,60.0,33,8,24.24,788,193,6,71,8,19,38.0,16,17,48.48,35,42.17,8,5,62.5,4,16,7,2,0,0,9,8,2,4,1,0,0,0,1,8,0,0,8,0,0,0,0,0,0,0,0
1407164,Gora Diouf,Mechelen,gora diouf,6.78,18,9,951,1,0.59,1,0.28,0,0,6,1,16.67,383,466,82.19,42,87,48.28,4,32,24,42,8,9,88.89,1,0,0.0,675,108,1,32,3,34,66.67,21,18,53.85,55,61.11,22,12,54.55,14,76,0,6,0,0,6,9,4,5,1,0,0,0,2,17,0,0,14,3,0,0,0,0,0,0,0
822673,Dante Vanzeir,Cercle Brugge,dante vanzeir,6.58,20,10,950,2,1.86,2,1.3,6,3,23,10,8.7,144,225,64.0,4,9,44.44,13,79,3,10,7,14,50.0,39,7,17.95,399,162,9,29,9,17,32.69,10,26,27.78,27,30.68,8,6,75.0,5,10,7,0,0,0,8,11,2,0,0,0,0,0,1,16,0,0,13,3,0,0,0,0,0,0,0
2115926,Benoit De Jaegere,Zulte Waregem,benoit de jaegere,6.61,17,10,946,0,0.05,0,0.59,0,0,2,0,0.0,380,462,82.25,30,80,37.5,3,53,15,47,2,5,40.0,6,1,16.67,632,108,2,27,4,32,61.54,9,16,36.0,41,53.25,24,14,58.33,6,50,0,3,0,1,5,8,6,1,0,0,0,0,1,18,0,0,16,2,0,0,0,0,0,0,0
1101178,Oucasse Mendy,La Louvière,oucasse mendy,6.59,17,12,930,1,0.8,0,0.49,2,2,7,2,14.29,70,113,61.95,0,8,0.0,11,36,2,5,9,22,40.91,8,1,12.5,290,112,3,16,20,44,44.0,25,39,39.06,69,42.07,9,8,88.89,6,7,2,1,0,0,3,20,26,4,0,0,0,0,0,8,0,0,8,0,0,0,0,0,0,0,0
904992,Loïc Mbe Soh,Sint-Truiden,loic mbe soh,7.18,14,9,921,2,1.47,0,0.27,0,2,5,2,40.0,708,765,92.55,28,54,51.85,1,68,19,36,1,2,50.0,1,0,0.0,897,66,2,49,3,16,55.17,20,13,60.61,36,58.06,12,4,33.33,15,57,1,18,0,0,1,9,3,1,0,0,0,0,0,14,0,0,11,3,0,0,0,0,0,0,0
1465835,Andreas Verstraeten,Antwerp,andreas verstraeten,6.77,16,9,921,0,,1,0.39,1,0,0,0,0.0,457,550,83.09,31,76,40.79,8,69,21,55,4,9,44.44,23,4,17.39,702,141,2,49,5,33,55.93,6,7,46.15,39,54.17,21,15,71.43,14,18,0,4,0,0,9,7,8,3,0,0,0,0,1,12,0,0,11,1,0,0,0,0,0,0,0
942937,Hong Hyun-seok,Gent,hong hyun-seok,6.71,19,13,912,1,0.82,0,0.66,1,1,6,4,16.67,276,340,81.18,9,19,47.37,7,92,8,14,5,14,35.71,10,3,30.0,484,107,5,36,8,34,53.97,7,9,43.75,41,51.9,18,9,50.0,12,7,2,1,0,1,9,4,12,0,0,0,0,0,0,12,0,0,11,1,0,0,0,0,0,0,0
331837,Alireza Jahanbakhsh,Dender,alireza jahanbakhsh,6.6,21,9,906,1,2.38,1,1.07,0,1,20,7,5.0,260,370,70.27,18,33,54.55,11,109,12,31,8,21,38.1,30,2,6.67,598,206,8,35,15,31,39.74,19,22,46.34,50,42.02,9,5,55.56,4,16,4,3,0,1,7,14,14,5,0,0,0,0,0,18,0,0,16,2,0,0,0,0,0,0,0
1397885,Geoffrey Kondo,Cercle Brugge,geoffrey kondo,7.08,10,10,900,1,0.63,1,1.11,2,0,9,2,11.11,435,506,85.97,43,76,56.58,3,36,24,41,5,7,71.43,3,0,0.0,661,86,0,59,0,24,72.73,21,7,75.0,45,73.77,16,9,56.25,10,67,3,5,0,0,2,5,3,0,0,0,0,0,1,22,0,0,19,3,0,0,0,0,0,0,0
583506,Michael Verrips,Dender,michael verrips,6.86,10,10,900,0,,0,0.02,0,0,0,0,0.0,240,374,64.17,63,195,32.31,0,10,11,21,0,0,0.0,0,0,0.0,459,136,0,97,0,3,100.0,3,1,75.0,6,85.71,0,0,0.0,1,7,0,0,0,0,0,0,3,0,0,21,0,3,2,15,15,6,14,1,2,1,1,4,0,2,0
252515,Simen Juklerød,Sint-Truiden,simen juklerod,6.77,22,7,873,1,0.83,4,1.79,3,1,8,3,12.5,314,416,75.48,15,40,37.5,14,135,9,26,4,12,33.33,36,7,19.44,641,168,4,35,3,22,45.83,17,17,50.0,39,47.56,13,10,76.92,8,23,1,2,0,1,8,7,5,0,0,0,0,0,3,9,0,0,7,2,0,0,0,0,0,0,0
1177406,Andrés Ferrari,Sint-Truiden,andres ferrari,6.62,20,10,869,3,4.29,1,0.39,0,5,32,8,9.38,81,108,75.0,5,7,71.43,8,30,4,5,12,40,30.0,3,0,0.0,340,125,6,24,15,43,38.05,23,24,48.94,66,41.25,15,8,53.33,6,8,8,3,0,0,5,24,16,4,0,0,0,0,0,10,0,0,8,2,0,0,0,0,0,0,0
1135616,Momodou Sonko,Gent,momodou sonko,6.67,28,6,868,0,1.16,2,3.54,5,1,20,2,0.0,295,358,82.4,12,20,60.0,20,108,3,9,17,43,39.53,59,15,25.42,609,189,5,50,18,33,38.37,3,1,75.0,36,40.0,10,9,90.0,5,7,8,0,0,1,2,7,6,2,0,0,0,0,0,18,0,0,15,3,0,0,0,0,0,0,0
1445119,Bilal Bafdili,Mechelen,bilal bafdili,6.72,19,11,867,1,1.42,3,1.69,4,2,11,4,9.09,223,286,77.97,11,29,37.93,16,81,11,23,10,27,37.04,30,9,30.0,471,149,6,58,17,30,35.29,7,14,33.33,37,34.91,8,4,50.0,7,14,3,0,0,0,9,12,12,2,0,0,0,0,1,11,0,0,10,1,0,0,0,0,0,0,0
997827,Kyan Vaesen,OH Leuven,kyan vaesen,6.52,32,7,863,2,3.79,1,0.44,2,4,22,9,9.09,100,166,60.24,2,5,40.0,11,49,1,5,4,11,36.36,3,0,0.0,327,136,3,24,15,23,38.98,40,50,44.44,63,42.28,9,6,66.67,3,13,1,1,0,0,3,11,11,4,0,0,0,0,0,23,0,0,21,2,0,0,0,0,0,0,0
1470532,Benjamin Fredrick,Dender,benjamin fredrick,6.51,14,10,862,0,0.45,0,0.68,2,1,6,1,0.0,287,342,83.92,10,26,38.46,4,48,5,10,3,4,75.0,19,5,26.32,550,93,0,25,5,30,60.0,13,25,34.21,43,48.86,22,11,50.0,14,38,3,6,0,0,6,8,5,2,0,0,0,0,0,16,0,0,14,2,0,0,0,0,0,0,0
1168646,Ibrahim Diakité,Cercle Brugge,ibrahim diakite,6.61,19,10,858,0,0.87,1,0.66,0,1,5,1,0.0,215,304,70.72,17,45,37.78,2,72,18,42,5,9,55.56,11,1,9.09,529,142,5,32,8,41,60.29,16,14,53.33,57,58.16,27,19,70.37,7,29,1,0,0,0,4,12,9,3,0,0,0,0,0,16,0,0,15,1,0,0,0,0,0,0,0
1869028,Shunsuke Saito,Westerlo,shunsuke saito,6.72,17,10,855,1,1.62,1,2.37,4,1,18,2,5.56,190,253,75.1,5,14,35.71,11,82,8,18,13,26,50.0,26,8,30.77,446,147,6,31,19,39,45.35,5,8,38.46,44,44.44,17,6,35.29,5,6,5,0,0,0,8,9,10,2,0,0,0,0,0,8,0,0,8,0,0,0,0,0,0,0,0
1860321,Davis Opoku,OH Leuven,davis opoku,6.79,21,5,837,0,0.18,2,1.21,2,0,4,1,0.0,209,260,80.38,11,29,37.93,13,61,10,22,10,17,58.82,20,8,40.0,530,124,3,32,9,59,57.84,6,8,42.86,65,56.03,33,22,66.67,14,26,3,2,0,1,11,16,16,2,0,0,0,0,1,14,0,0,12,2,0,0,0,0,0,0,0
1499156,Valy Konaté,Cercle Brugge,valy konate,6.92,13,9,835,0,0.08,0,0.87,2,0,3,1,0.0,303,381,79.53,18,50,36.0,7,73,16,31,7,14,50.0,29,4,13.79,643,134,3,48,4,58,64.44,22,12,64.71,80,64.52,41,29,70.73,19,45,1,4,0,0,11,10,10,2,0,0,0,0,2,13,0,0,10,3,0,0,0,0,0,0,0
1931586,Moncef Zekri,Mechelen,moncef zekri,6.64,16,11,831,0,0.39,0,0.5,1,0,7,4,0.0,190,243,78.19,7,26,26.92,2,54,8,19,11,26,42.31,21,4,19.05,491,129,3,44,13,39,45.35,2,11,15.38,41,41.41,20,12,60.0,15,16,0,2,0,0,7,12,8,1,0,0,0,0,0,7,0,0,7,0,0,0,0,0,0,0,0
1128427,Dirk Asare,Zulte Waregem,dirk asare,6.9,11,9,818,0,0.27,0,0.73,3,0,8,4,0.0,333,392,84.95,19,33,57.58,5,96,11,18,6,10,60.0,3,1,33.33,517,80,2,52,7,37,51.39,12,6,66.67,49,54.44,22,12,54.55,14,17,2,1,0,2,10,15,10,1,0,0,0,0,2,14,0,0,12,2,0,0,0,0,0,0,0
924664,David Hrnčár,Dender,david hrncar,6.66,18,9,815,2,2.21,0,1.03,1,4,17,8,11.76,119,182,65.38,14,33,42.42,11,44,13,24,2,7,28.57,37,13,35.14,381,126,3,24,5,16,41.03,7,9,43.75,23,41.82,11,6,54.55,5,26,3,1,0,0,8,6,4,1,0,0,0,0,1,16,0,0,16,0,0,0,0,0,0,0,0
1495876,Mamadou Diakhon,Club Brugge,mamadou diakhon,6.76,23,8,809,0,1.11,7,1.96,3,1,17,3,0.0,267,298,89.6,10,11,90.91,15,138,4,5,15,24,62.5,36,6,16.67,486,117,5,26,15,47,57.32,1,8,11.11,48,52.75,4,3,75.0,2,3,4,1,0,0,6,6,28,1,0,0,0,0,0,12,0,0,12,0,0,0,0,0,0,0,0
1101702,Mario Stroeykens,Anderlecht,mario stroeykens,6.64,23,7,806,1,1.14,0,1.45,1,0,16,3,6.25,396,481,82.33,11,17,64.71,10,207,18,26,4,11,36.36,10,1,10.0,620,135,4,36,13,24,40.68,3,18,14.29,27,33.75,12,7,58.33,7,6,7,0,0,0,7,8,8,2,0,0,0,0,1,17,0,0,16,1,0,0,0,0,0,0,0
891609,Joedrick Pupe,Sint-Truiden,joedrick pupe,6.97,12,10,804,1,0.22,0,0.62,1,0,6,3,16.67,412,496,83.06,22,52,42.31,8,100,19,38,7,17,41.18,23,4,17.39,673,130,3,35,2,24,54.55,19,14,57.58,43,55.84,10,7,70.0,17,21,0,3,0,1,1,8,8,2,0,0,0,0,1,10,0,0,9,1,0,0,0,0,0,0,0
1173223,Besfort Zeneli,Union SG,besfort zeneli,7.13,15,8,774,3,2.06,6,3.52,8,3,16,8,18.75,251,327,76.76,7,12,58.33,22,101,9,18,7,14,50.0,59,25,42.37,503,153,3,25,9,24,48.98,5,4,55.56,29,50.0,8,6,75.0,3,0,5,2,0,1,4,6,9,0,0,0,0,0,0,6,0,0,4,2,0,0,0,0,0,0,0
1387937,Mateo Biondic,Union SG,mateo biondic,6.76,15,9,771,4,4.58,2,0.91,1,6,27,15,14.81,112,164,68.29,2,4,50.0,9,46,0,2,8,17,47.06,6,1,16.67,303,108,8,24,9,19,32.76,24,28,46.15,43,39.09,5,2,40.0,3,5,6,0,0,0,3,19,6,0,0,0,0,0,1,5,0,0,3,2,0,0,0,0,0,0,0
1193085,Mihajlo Ilić,Anderlecht,mihajlo ilic,6.84,10,8,769,0,0.17,0,0.19,0,0,4,1,0.0,364,428,85.05,37,70,52.86,3,36,16,32,0,2,0.0,1,0,0.0,573,74,1,31,0,15,50.0,23,16,58.97,38,55.07,10,6,60.0,8,67,1,14,0,1,3,11,5,4,0,0,0,0,1,17,0,0,13,4,0,0,0,0,0,0,0
1108599,Vic Chambaere,Union SG,vic chambaere,6.73,9,8,765,0,,0,0.02,0,0,0,0,0.0,120,187,64.17,37,104,35.58,1,11,13,32,0,0,0.0,0,0,0.0,242,69,0,56,0,1,50.0,1,0,100.0,2,66.67,0,0,0.0,0,7,0,0,0,0,1,0,1,1,0,14,0,4,2,7,10,4,6,1,5,2,1,1,0,0,0
1049432,Dani van den Heuvel,Club Brugge,dani van den heuvel,6.68,10,8,764,0,,0,0.03,0,0,0,0,0.0,216,287,75.26,36,106,33.96,0,5,10,20,0,0,0.0,0,0,0.0,354,72,0,54,0,2,100.0,1,1,50.0,3,75.0,0,0,0.0,0,8,0,0,1,0,0,1,2,0,0,22,0,4,2,12,13,9,12,0,3,2,2,1,0,2,1
1474426,Lucas Mbamba,Westerlo,lucas mbamba,6.5,14,9,763,0,1.03,0,0.17,0,2,8,2,0.0,255,290,87.93,7,16,43.75,6,66,0,3,6,14,42.86,9,0,0.0,487,81,5,44,9,33,55.0,5,9,35.71,38,51.35,15,10,66.67,17,24,1,2,0,1,1,13,12,2,0,0,0,0,2,14,0,0,11,3,0,0,0,0,0,0,0
785520,Maxence Prévot,OH Leuven,maxence prevot,7.19,9,8,741,0,,0,0.02,0,0,0,0,0.0,181,311,58.2,88,216,40.74,0,14,27,52,2,2,100.0,0,0,0.0,393,132,0,80,0,5,100.0,0,0,0.0,5,100.0,0,0,0.0,0,5,0,0,0,1,0,0,3,1,0,26,0,6,3,13,20,6,12,1,0,6,6,10,0,3,0
1146136,Jovan Mijatović,OH Leuven,jovan mijatovic,6.49,14,7,731,0,0.79,1,0.47,0,2,15,4,0.0,86,133,64.66,8,16,50.0,10,35,9,11,6,17,35.29,13,1,7.69,311,136,4,18,19,23,33.33,16,19,45.71,39,37.5,2,1,50.0,1,12,4,0,0,0,5,12,15,2,0,0,0,0,0,17,0,0,15,2,0,0,0,0,0,0,0
834244,Mathias Rasmussen,Union SG,mathias rasmussen,7.13,16,7,720,2,0.52,1,1.02,3,0,10,3,20.0,287,356,80.62,29,52,55.77,20,86,17,34,7,10,70.0,27,14,51.85,504,96,3,48,3,42,63.64,15,10,60.0,57,62.64,25,16,64.0,14,14,4,3,0,0,13,7,10,1,0,0,0,0,2,8,0,0,7,1,0,0,0,0,0,0,0
974713,Luis Vázquez,Anderlecht,luis vazquez,6.59,14,8,708,2,2.9,0,0.38,2,4,22,10,9.09,108,154,70.13,2,3,66.67,8,53,1,1,3,12,25.0,3,0,0.0,274,84,4,19,5,20,50.0,23,24,48.94,43,49.43,9,6,66.67,0,4,6,1,0,0,0,7,9,2,0,0,0,0,1,9,0,0,7,2,0,0,0,0,0,0,0
1514300,Kaito Matsuzawa,Sint-Truiden,kaito matsuzawa,6.76,32,3,705,2,3.41,2,2.03,3,5,23,8,8.7,199,254,78.35,7,10,70.0,14,118,3,8,28,55,50.91,35,7,20.0,490,148,3,36,15,57,50.89,4,10,28.57,61,48.41,11,2,18.18,4,9,7,1,0,0,4,9,18,1,0,0,0,0,0,7,0,0,6,1,0,0,0,0,0,0,0
859032,Maxime Pau,La Louvière,maxime pau,6.82,14,8,696,1,1.03,0,1.93,4,0,9,2,11.11,133,200,66.5,15,30,50.0,19,53,9,23,7,15,46.67,70,19,27.14,374,148,9,45,7,31,48.44,1,8,11.11,32,43.84,15,10,66.67,4,3,4,0,0,0,9,10,9,2,0,0,0,0,2,8,0,0,8,0,0,0,0,0,0,0,0
877292,Ortwin De Wolf,Mechelen,ortwin de wolf,6.85,8,7,675,0,,0,0.02,0,0,0,0,0.0,167,254,65.75,46,133,34.59,1,12,12,27,0,0,0.0,0,0,0.0,321,89,0,61,0,2,100.0,1,0,100.0,3,100.0,0,0,0.0,0,3,0,0,1,0,0,0,2,1,0,21,1,2,1,12,14,7,10,2,1,4,4,4,1,1,0
979808,Griffin Yow,Westerlo,griffin yow,6.81,16,8,664,3,2.06,0,0.64,1,1,24,7,12.5,116,161,72.05,6,10,60.0,8,59,5,9,15,36,41.67,25,3,12.0,383,134,9,41,18,42,42.86,3,6,33.33,45,42.06,17,12,70.59,2,6,7,0,0,0,12,5,10,0,0,0,0,0,0,13,0,0,11,2,0,0,0,0,0,0,0
612016,Glenn Bijl,Antwerp,glenn bijl,6.95,11,8,652,0,0.01,0,0.38,0,0,1,0,0.0,235,285,82.46,21,40,52.5,4,50,16,26,1,2,50.0,10,2,20.0,407,71,3,25,1,26,53.06,13,9,59.09,39,54.93,18,18,100.0,4,28,0,4,0,0,6,15,7,1,0,0,0,0,2,5,0,0,5,0,0,0,0,0,0,0,0
1119498,Jules Gaudin,Charleroi,jules gaudin,6.74,19,6,651,0,0.16,0,1.11,0,0,7,1,0.0,283,360,78.61,26,52,50.0,10,85,16,32,4,8,50.0,46,10,21.74,600,156,6,35,1,39,65.0,13,7,65.0,52,65.0,21,11,52.38,8,25,2,1,0,1,7,11,14,1,1,0,0,0,0,13,0,0,9,4,0,0,0,0,0,0,0
845199,Mo El Hankouri,Standard Liège,mo el hankouri,6.67,15,6,641,0,0.66,0,0.96,2,1,6,2,0.0,236,286,82.52,12,23,52.17,6,105,8,21,5,14,35.71,15,5,33.33,417,96,3,32,11,25,51.02,8,10,44.44,33,49.25,9,6,66.67,6,13,3,0,0,0,1,3,11,0,0,0,0,0,1,4,0,0,2,2,0,0,0,0,0,0,0
909965,Antoine Colassin,Charleroi,antoine colassin,6.53,29,6,634,2,3.3,1,0.67,1,4,23,7,8.7,113,155,72.9,7,12,58.33,9,52,5,10,6,13,46.15,10,3,30.0,304,97,1,22,16,21,32.31,10,30,25.0,31,29.52,8,6,75.0,4,11,4,2,0,0,7,14,7,2,0,0,0,0,0,8,0,0,6,2,0,0,0,0,0,0,0
999013,Stavros Gavriel,Zulte Waregem,stavros gavriel,6.73,22,7,629,1,1.41,1,2.15,2,0,26,7,3.85,128,167,76.65,8,19,42.11,13,64,11,19,11,22,50.0,54,13,24.07,336,117,3,19,7,26,45.61,3,7,30.0,29,43.28,6,5,83.33,1,7,12,0,0,0,7,7,9,0,0,0,0,0,0,9,0,0,8,1,0,0,0,0,0,0,0
1126852,Yassine Khalifi,Charleroi,yassine khalifi,6.82,20,4,625,0,0.1,1,0.57,0,0,3,0,0.0,375,415,90.36,26,34,76.47,6,76,22,27,5,6,83.33,2,0,0.0,513,50,4,49,2,34,75.56,5,5,50.0,39,70.91,15,11,73.33,14,10,0,1,0,2,3,5,14,2,0,0,0,0,2,8,0,0,6,2,0,0,0,0,0,0,0
899651,Ragnar Oratmangoen,Dender,ragnar oratmangoen,6.68,18,4,622,1,0.79,0,0.42,1,0,9,4,11.11,206,257,80.16,8,26,30.77,9,78,3,18,13,25,52.0,19,4,21.05,399,97,6,35,2,29,50.0,3,8,27.27,32,46.38,8,7,87.5,2,9,1,1,0,0,5,11,8,1,0,0,0,0,0,15,0,0,12,3,0,0,0,0,0,0,0
1546054,Semm Renders,Antwerp,semm renders,6.66,12,5,622,0,0.07,0,0.09,0,0,2,0,0.0,116,166,69.88,10,28,35.71,3,30,6,16,3,7,42.86,8,1,12.5,324,86,1,22,5,27,50.0,9,11,45.0,36,48.65,20,13,65.0,6,18,0,1,0,1,7,11,4,0,0,0,0,0,0,6,0,0,6,0,0,0,0,0,0,0,0
907707,Serxho Ujka,Zulte Waregem,serxho ujka,6.71,15,6,609,1,0.57,2,0.36,0,0,11,2,9.09,169,239,70.71,8,17,47.06,5,29,4,12,7,14,50.0,9,1,11.11,395,123,3,43,13,35,46.67,20,16,55.56,55,49.55,16,9,56.25,4,14,4,0,0,0,8,12,13,0,0,0,0,0,0,13,0,0,13,0,0,0,0,0,0,0,0
1004449,Cisse Sandra,Club Brugge,cisse sandra,6.71,16,6,608,1,1.15,1,1.03,2,1,15,4,6.67,198,232,85.34,8,12,66.67,10,67,7,10,2,9,22.22,3,0,0.0,345,73,2,21,8,11,24.44,12,4,75.0,23,37.7,8,4,50.0,7,12,6,2,0,0,6,13,1,2,0,0,0,0,3,4,0,0,4,0,0,0,0,0,0,0,0
1590946,Youssef Hamdaoui,Antwerp,youssef hamdaoui,6.77,21,5,604,1,1.51,1,0.98,3,1,19,4,5.26,146,194,75.26,8,14,57.14,11,62,5,8,18,38,47.37,18,1,5.56,413,141,6,37,17,63,55.26,7,12,36.84,70,52.63,25,16,64.0,2,3,8,0,0,0,8,8,20,3,0,0,0,0,0,11,0,0,9,2,0,0,0,0,0,0,0
1212237,Mohammed Fuseini,Union SG,mohammed fuseini,6.4,21,4,599,1,2.23,0,0.79,3,3,16,5,6.25,75,98,76.53,4,5,80.0,11,45,0,4,2,17,11.76,6,3,50.0,218,85,4,16,18,14,25.0,6,14,30.0,20,26.32,4,1,25.0,0,0,7,0,0,0,3,6,9,0,0,0,0,0,0,8,0,0,7,1,0,0,0,0,0,0,0
1434757,Hakim Sahabo,Standard Liège,hakim sahabo,6.69,14,5,594,0,0.16,0,0.34,0,0,5,1,0.0,229,271,84.5,19,39,48.72,1,70,9,16,1,3,33.33,3,1,33.33,358,62,0,34,3,20,51.28,2,3,40.0,22,50.0,14,11,78.57,7,10,3,3,1,0,3,13,5,3,0,0,0,0,0,8,0,0,6,2,0,0,0,0,0,0,0
1401875,Mohamed Guindo,La Louvière,mohamed guindo,6.44,14,6,586,0,1.33,0,0.08,0,4,15,3,0.0,35,65,53.85,1,5,20.0,1,15,1,5,5,14,35.71,3,0,0.0,170,83,4,16,12,16,34.04,11,24,31.43,27,32.93,5,3,60.0,2,5,2,0,0,0,2,8,6,2,0,0,0,0,2,7,0,0,7,0,0,0,0,0,0,0,0
1426634,Gerard Vandeplas,Antwerp,gerard vandeplas,6.42,19,5,561,0,1.26,0,0.13,0,3,11,6,0.0,80,110,72.73,1,2,50.0,4,30,4,5,4,6,66.67,1,0,0.0,219,75,3,20,10,22,46.81,9,36,20.0,31,33.7,11,6,54.55,1,13,1,0,0,0,2,11,7,0,0,0,0,0,1,6,0,0,6,0,0,0,0,0,0,0,0
1050672,Casper Terho,OH Leuven,casper terho,6.65,12,6,552,0,1.69,0,0.99,2,1,19,7,0.0,75,117,64.1,6,14,42.86,11,27,4,14,2,4,50.0,35,14,40.0,257,90,4,21,4,19,37.25,2,11,15.38,21,32.81,12,6,50.0,3,5,9,1,0,0,12,14,5,2,0,0,0,0,0,10,0,0,9,1,0,0,0,0,0,0,0
905257,César Huerta,Anderlecht,cesar huerta,6.51,11,8,545,1,1.74,0,0.97,0,2,16,6,6.25,172,210,81.9,4,12,33.33,7,94,5,15,6,14,42.86,11,1,9.09,341,93,5,30,13,26,40.63,5,20,20.0,31,34.83,12,10,83.33,3,4,2,0,1,0,4,13,8,4,0,0,0,0,0,3,0,0,3,0,0,0,0,0,0,0,0
794564,Lucas Schoofs,Lommel SK,lucas schoofs,7.8,6,6,540,3,1.84,3,0.65,3,0,8,5,37.5,196,246,79.67,7,13,53.85,7,66,7,11,2,5,40.0,5,3,60.0,368,87,5,36,14,34,50.75,16,14,53.33,50,51.55,24,16,66.67,1,7,2,1,0,0,5,11,8,1,0,0,0,0,2,5,0,0,3,2,0,0,0,0,0,0,0
339269,Dries Wouters,Lommel SK,dries wouters,7.53,6,6,540,0,,0,0.03,0,0,0,0,0.0,248,286,86.71,23,44,52.27,1,31,22,32,1,1,100.0,0,0,0.0,381,45,1,15,4,11,61.11,19,4,82.61,30,73.17,2,2,100.0,6,52,0,6,0,1,1,2,8,1,0,0,0,0,2,5,0,0,3,2,0,0,0,0,0,0,0
1405437,Matthias Pieklak,Lommel SK,matthias pieklak,7.33,6,6,540,0,,0,0.0,0,0,0,0,0.0,114,188,60.64,32,105,30.48,0,3,5,6,0,0,0.0,0,0,0.0,259,74,0,50,0,1,100.0,0,0,0.0,1,100.0,0,0,0.0,0,9,0,0,0,1,0,0,1,0,0,21,0,4,2,5,12,9,3,2,6,2,2,9,0,0,0
1146313,Sam De Grand,Lommel SK,sam de grand,7.27,6,6,540,2,0.32,1,0.1,1,0,4,3,50.0,229,288,79.51,9,25,36.0,9,55,16,32,1,4,25.0,26,6,23.08,465,111,4,27,7,17,45.95,7,6,53.85,24,48.0,16,9,56.25,3,31,0,0,0,0,7,3,0,0,0,0,0,0,2,5,0,0,3,2,0,0,0,0,0,0,0
235404,Joey Pelupessy,Lommel SK,joey pelupessy,7.15,6,6,540,0,0.05,0,0.04,0,0,1,0,0.0,186,212,87.74,8,15,53.33,2,34,6,12,1,1,100.0,1,0,0.0,269,30,2,31,2,16,80.0,8,4,66.67,24,75.0,12,7,58.33,5,23,1,2,0,0,2,0,3,0,0,0,0,0,2,5,0,0,3,2,0,0,0,0,0,0,0
1010237,Keano Vanrafelghem,Mechelen,keano vanrafelghem,6.69,16,5,534,3,1.86,0,0.55,0,2,10,4,30.0,124,160,77.5,3,6,50.0,5,66,3,9,11,29,37.93,12,4,33.33,292,93,4,20,11,33,50.0,6,12,33.33,39,46.43,13,3,23.08,0,4,1,1,0,0,2,3,9,3,0,0,0,0,0,9,0,0,9,0,0,0,0,0,0,0,0
961902,Ken Nkuba,Genk,ken nkuba,6.59,14,5,533,1,0.62,0,0.23,0,2,11,6,9.09,219,271,80.81,7,15,46.67,3,54,6,13,7,24,29.17,22,2,9.09,490,122,2,29,8,34,48.57,7,6,53.85,41,49.4,21,14,66.67,5,24,0,1,0,0,2,9,6,2,0,0,0,0,1,9,0,0,7,2,0,0,0,0,0,0,0
1400846,Mahamadou Doumbia,Antwerp,mahamadou doumbia,7.25,6,6,528,2,1.8,1,0.37,1,1,10,3,20.0,160,182,87.91,12,20,60.0,7,67,9,13,17,31,54.84,5,1,20.0,297,61,3,30,9,45,56.25,3,7,30.0,48,53.33,4,3,75.0,4,1,4,0,0,1,3,9,24,2,0,0,0,0,0,6,0,0,6,0,0,0,0,0,0,0,0
1173826,Jhon Banguera,Lommel SK,jhon banguera,6.97,6,6,525,0,0.1,0,0.01,0,1,4,1,0.0,185,212,87.26,8,22,36.36,0,7,6,16,1,1,100.0,0,0,0.0,301,31,0,9,0,14,73.68,14,8,63.64,28,68.29,6,3,50.0,4,51,1,3,0,0,2,4,7,1,0,0,0,0,1,5,0,0,3,2,0,0,0,0,0,0,0
965779,Tom Reyners,Lommel SK,tom reyners,6.82,6,6,518,1,0.34,1,0.68,1,1,7,3,14.29,149,175,85.14,3,5,60.0,6,56,9,16,5,14,35.71,17,6,35.29,289,79,3,22,14,19,38.0,5,14,26.32,24,34.78,7,5,71.43,2,10,1,0,0,0,4,4,7,0,0,0,0,0,0,5,0,0,3,2,0,0,0,0,0,0,0
2034332,Bo De Kerf,Dender,bo de kerf,6.37,10,5,512,0,0.17,0,0.25,0,0,4,0,0.0,164,220,74.55,17,38,44.74,0,17,12,27,0,3,0.0,4,0,0.0,339,79,1,22,4,10,34.48,9,11,45.0,19,38.78,10,10,100.0,11,37,2,2,0,1,4,8,1,1,1,0,0,0,1,12,0,0,11,1,0,0,0,0,0,0,0
1406947,Marc Giger,Union SG,marc giger,6.67,16,5,500,3,3.19,1,1.06,1,3,15,8,20.0,110,137,80.29,4,4,100.0,7,56,4,5,8,16,50.0,6,2,33.33,258,78,5,21,14,24,36.92,11,12,47.83,35,39.77,12,6,50.0,2,1,3,0,0,0,5,15,4,3,0,0,0,0,0,3,0,0,2,1,0,0,0,0,0,0,0
794571,Yannick Thoelen,Antwerp,yannick thoelen,7.08,7,5,496,0,,0,0.04,0,0,0,0,0.0,97,167,58.08,35,105,33.33,0,9,7,14,0,0,0.0,0,0,0.0,234,70,0,57,0,1,100.0,2,0,100.0,3,100.0,0,0,0.0,0,5,0,0,0,0,0,0,1,1,0,24,0,4,1,7,17,7,7,0,3,2,2,6,0,0,0
73795,Ralf Seuntjens,Lommel SK,ralf seuntjens,6.98,6,6,491,2,0.53,2,0.24,2,1,7,3,28.57,113,166,68.07,3,8,37.5,4,40,2,8,5,9,55.56,0,0,0.0,244,82,5,23,6,19,51.35,14,14,50.0,33,50.77,0,0,0.0,2,12,0,2,0,0,0,8,14,0,0,0,0,0,1,4,0,0,2,2,0,0,0,0,0,0,0
1103229,Samuel Kotto,Gent,samuel kotto,6.37,8,6,489,0,0.05,0,0.19,0,0,2,0,0.0,373,412,90.53,13,34,38.24,1,21,7,18,2,4,50.0,2,2,100.0,492,51,0,32,2,15,68.18,17,16,51.52,32,58.18,9,5,55.56,3,31,0,2,0,1,0,5,4,0,1,0,0,0,1,8,0,0,6,2,0,0,0,0,0,0,0
45946,Jelle Vossen,Zulte Waregem,jelle vossen,6.61,17,4,484,2,2.6,0,0.36,1,2,18,7,11.11,84,125,67.2,3,4,75.0,5,32,4,7,2,5,40.0,2,0,0.0,186,56,1,13,6,10,35.71,12,9,57.14,22,44.9,4,3,75.0,2,2,7,0,0,0,1,8,5,0,0,0,0,0,0,8,0,0,7,1,0,0,0,0,0,0,0
1120701,Isaac Babadi,Antwerp,isaac babadi,6.63,17,3,479,0,0.49,0,0.94,0,0,12,6,0.0,224,272,82.35,11,25,44.0,8,88,19,32,5,8,62.5,12,5,41.67,373,82,3,38,9,21,46.67,1,5,16.67,22,43.14,15,9,60.0,5,3,2,0,0,0,8,4,1,1,0,0,0,0,0,7,0,0,6,1,0,0,0,0,0,0,0
1106649,Jusef Erabi,Genk,jusef erabi,6.43,15,4,475,1,1.49,0,0.32,0,3,14,6,7.14,78,93,83.87,1,1,100.0,4,27,1,2,1,7,14.29,1,1,100.0,160,39,1,11,10,14,35.9,11,22,33.33,25,34.72,6,2,33.33,0,1,4,0,0,0,0,9,7,2,0,0,0,0,0,4,0,0,3,1,0,0,0,0,0,0,0
1469056,Amine Boukamir,Charleroi,amine boukamir,6.99,7,6,458,0,,0,0.12,0,0,0,0,0.0,178,199,89.45,15,23,65.22,2,34,14,16,1,3,33.33,3,1,33.33,273,31,2,19,2,23,69.7,8,8,50.0,31,63.27,18,8,44.44,6,16,0,3,1,0,1,5,4,1,0,0,0,0,1,6,0,0,4,2,0,0,0,0,0,0,0
928033,Charles Vanhoutte,Union SG,charles vanhoutte,7.36,5,5,450,0,0.36,1,1.67,1,2,2,1,0.0,240,290,82.76,17,31,54.84,12,83,19,37,2,2,100.0,41,17,41.46,394,83,6,33,5,22,55.0,3,8,27.27,25,49.02,18,12,66.67,4,6,0,0,0,0,8,5,2,2,0,0,0,0,3,3,0,0,2,1,0,0,0,0,0,0,0
2192147,Ian Struyf,Mechelen,ian struyf,6.73,11,6,445,0,0.18,0,0.05,0,0,1,0,0.0,170,219,77.63,18,46,39.13,0,24,10,25,2,2,100.0,1,0,0.0,299,57,1,15,1,12,66.67,5,12,29.41,17,48.57,8,5,62.5,10,23,0,3,0,0,2,3,2,2,0,0,0,0,0,2,0,0,2,0,0,0,0,0,0,0,0
1459382,Aimé Omgba,Gent,aime omgba,6.65,20,2,440,0,0.57,0,0.49,1,0,5,2,0.0,221,253,87.35,10,15,66.67,8,83,2,9,1,11,9.09,2,1,50.0,320,49,3,22,2,17,41.46,3,8,27.27,20,38.46,13,6,46.15,3,7,1,0,0,0,5,7,3,0,0,0,0,0,0,7,0,0,5,2,0,0,0,0,0,0,0
1105106,Ayumu Yokoyama,Genk,ayumu yokoyama,7.13,9,3,422,1,1.08,0,1.73,2,1,14,7,7.14,142,162,87.65,4,8,50.0,12,78,4,8,11,22,50.0,29,9,31.03,277,68,2,22,9,21,44.68,0,2,0.0,21,42.86,6,4,66.67,1,7,3,0,0,0,4,2,4,0,0,0,0,0,1,3,0,0,2,1,0,0,0,0,0,0,0
945479,Danylo Sikan,Anderlecht,danylo sikan,6.75,9,6,419,2,1.71,1,0.37,0,2,14,10,14.29,61,86,70.93,0,0,0.0,1,20,1,1,0,4,0.0,1,0,0.0,167,49,2,8,6,13,34.21,18,17,51.43,31,42.47,6,3,50.0,2,8,1,0,0,0,2,13,8,1,0,0,0,0,0,8,0,0,8,0,0,0,0,0,0,0,0
1000311,Alexandro Calut,Standard Liège,alexandro calut,6.79,9,4,414,0,,0,0.33,0,0,0,0,0.0,157,195,80.51,11,28,39.29,3,37,10,20,1,4,25.0,11,3,27.27,314,63,0,9,3,17,45.95,6,6,50.0,23,46.94,8,4,50.0,4,27,0,0,0,0,7,7,9,1,0,0,0,0,1,4,0,0,4,0,0,0,0,0,0,0,0
901149,Majeed Ashimeru,La Louvière,majeed ashimeru,6.3,9,6,414,0,0.26,0,0.56,2,0,7,0,0.0,126,155,81.29,7,14,50.0,5,43,7,16,10,20,50.0,3,1,33.33,248,62,8,31,8,32,50.0,2,5,28.57,34,47.89,12,7,58.33,3,3,2,1,0,1,6,8,10,2,1,0,0,0,0,7,0,0,7,0,0,0,0,0,0,0,0
1970815,Dylan Ourega,Westerlo,dylan ourega,6.81,8,3,413,1,0.4,1,0.79,2,0,3,1,33.33,124,152,81.58,10,20,50.0,5,32,8,12,6,11,54.55,7,1,14.29,282,62,2,25,6,30,54.55,0,8,0.0,30,47.62,9,6,66.67,5,10,1,1,0,1,8,6,15,0,1,0,0,0,1,7,0,0,7,0,0,0,0,0,0,0,0
1195745,Jason van Duiven,Lommel SK,jason van duiven,7.08,6,6,410,2,0.75,0,0.07,1,0,6,3,33.33,89,128,69.53,8,17,47.06,5,27,7,16,4,9,44.44,7,0,0.0,223,66,3,18,5,19,45.24,8,11,42.11,27,44.26,10,6,60.0,5,12,2,5,0,0,6,7,5,1,0,0,0,0,0,3,0,0,2,1,0,0,0,0,0,0,0
1402751,Mahamadou Diawara,Antwerp,mahamadou diawara,6.6,8,6,401,0,0.08,0,0.09,0,0,2,1,0.0,140,162,86.42,8,12,66.67,1,35,5,7,1,6,16.67,3,0,0.0,228,41,2,24,5,14,38.89,5,7,41.67,19,39.58,8,4,50.0,3,10,0,3,0,0,2,10,5,1,0,0,0,0,0,6,0,0,3,3,0,0,0,0,0,0,0
980673,Brian Plat,K. Beerschot V.A.,brian plat,7.1,4,4,390,1,1.26,0,0.19,0,1,5,4,20.0,312,341,91.5,20,33,60.61,0,45,15,29,0,2,0.0,4,2,50.0,394,39,0,15,1,3,33.33,17,8,68.0,20,58.82,2,1,50.0,1,20,0,3,0,0,0,3,1,0,0,0,0,0,0,9,0,0,7,2,0,0,0,0,0,0,0
941300,Colin Dagba,K. Beerschot V.A.,colin dagba,6.68,4,4,390,0,0.2,1,0.72,1,0,4,3,0.0,191,230,83.04,3,19,15.79,8,76,17,30,4,7,57.14,31,9,29.03,393,80,2,23,4,20,60.61,2,5,28.57,22,55.0,9,7,77.78,6,8,0,1,0,1,3,3,7,1,0,0,0,0,0,9,0,0,7,2,0,0,0,0,0,0,0
1803258,Arnold Vula,K. Beerschot V.A.,arnold vula,6.38,4,4,390,0,1.54,1,0.48,2,5,10,2,0.0,47,78,60.26,0,3,0.0,7,23,1,2,6,10,60.0,1,0,0.0,136,53,2,8,7,9,36.0,17,27,38.64,26,37.68,1,1,100.0,1,0,2,0,0,0,0,6,2,1,0,0,0,0,0,9,0,0,7,2,0,0,0,0,0,0,0
909962,Nick Shinton,K. Beerschot V.A.,nick shinton,6.15,4,4,390,0,,0,0.02,0,0,0,0,0.0,99,126,78.57,19,44,43.18,0,6,8,19,0,0,0.0,0,0,0.0,154,28,0,30,0,0,0.0,0,0,0.0,0,0.0,0,0,0.0,0,4,0,0,1,0,0,0,0,0,0,7,0,3,0,9,4,3,7,2,3,3,3,3,0,0,0
1144096,Adedire Mebude,Westerlo,adedire mebude,6.78,13,1,386,2,1.77,0,0.48,0,1,14,4,14.29,121,151,80.13,0,4,0.0,4,57,1,4,9,15,60.0,8,2,25.0,241,54,4,17,3,23,58.97,2,3,40.0,25,56.82,8,7,87.5,2,5,5,0,0,0,6,1,6,0,0,0,0,0,0,8,0,0,8,0,0,0,0,0,0,0,0
1402669,Lautaro López,Lommel SK,lautaro lopez,6.83,6,6,383,0,0.02,1,0.45,1,0,4,1,0.0,160,199,80.4,6,9,66.67,2,44,7,13,3,8,37.5,2,0,0.0,255,54,3,10,4,16,45.71,3,6,33.33,19,43.18,9,6,66.67,6,4,2,1,0,0,4,6,4,1,0,0,0,0,0,3,0,0,2,1,0,0,0,0,0,0,0
1512869,Krzysztof Koton,Dender,krzysztof koton,6.68,13,2,383,0,0.3,0,0.14,0,0,6,3,0.0,88,118,74.58,4,9,44.44,0,27,4,9,6,11,54.55,5,1,20.0,194,50,3,24,4,26,54.17,0,10,0.0,26,44.83,10,6,60.0,0,7,2,2,0,0,2,12,10,1,0,0,0,0,0,7,0,0,4,3,0,0,0,0,0,0,0
48243,Genki Haraguchi,K. Beerschot V.A.,genki haraguchi,7.93,4,4,377,1,0.26,0,1.41,0,0,6,3,16.67,213,247,86.23,13,26,50.0,8,77,19,34,5,9,55.56,21,8,38.1,320,66,2,22,8,16,51.61,3,3,50.0,19,51.35,7,4,57.14,3,1,1,1,1,0,3,0,4,0,0,0,0,0,0,9,0,0,7,2,0,0,0,0,0,0,0
1048359,Bas Van den Eynden,K. Beerschot V.A.,bas van den eynden,7.13,4,4,377,0,0.12,0,0.41,0,0,3,0,0.0,307,342,89.77,18,34,52.94,3,63,11,18,2,3,66.67,2,0,0.0,407,40,0,18,0,16,64.0,13,6,68.42,29,65.91,9,5,55.56,9,23,1,0,0,0,2,6,5,1,0,0,0,0,0,9,0,0,7,2,0,0,0,0,0,0,0
910937,Jeremy Petris,Charleroi,jeremy petris,6.92,5,4,376,0,,0,0.29,0,0,0,0,0.0,123,157,78.34,17,26,65.38,2,40,10,19,7,11,63.64,14,2,14.29,257,74,2,19,2,22,73.33,9,3,75.0,31,73.81,5,3,60.0,3,8,0,1,0,0,0,2,10,0,0,0,0,0,0,5,0,0,5,0,0,0,0,0,0,0,0
829643,Teddy Teuma,Standard Liège,teddy teuma,6.73,9,3,371,0,0.24,1,1.09,2,0,6,3,0.0,196,246,79.67,16,27,59.26,9,66,12,26,3,8,37.5,43,10,23.26,362,107,6,28,7,19,44.19,3,3,50.0,22,44.9,14,8,57.14,1,6,3,0,1,0,4,8,2,2,0,0,0,0,0,7,0,0,7,0,0,0,0,0,0,0,0
1542745,Ibrahim Kanate,Anderlecht,ibrahim kanate,6.72,19,0,368,2,1.89,0,0.24,0,2,12,5,16.67,101,123,82.11,0,3,0.0,3,55,0,3,18,37,48.65,18,1,5.56,266,85,4,21,9,38,48.1,3,8,27.27,41,45.56,13,8,61.54,2,6,5,0,0,0,8,5,7,1,0,0,0,0,0,3,0,0,3,0,0,0,0,0,0,0,0
1092662,Franck Surdez,Gent,franck surdez,6.65,14,4,364,1,1.71,0,0.49,0,1,11,4,9.09,115,147,78.23,4,11,36.36,5,34,2,5,3,12,25.0,23,4,17.39,282,79,3,20,7,23,46.0,3,4,42.86,26,45.61,12,7,58.33,4,9,2,0,0,0,5,7,8,2,0,0,0,0,0,10,0,0,8,2,0,0,0,0,0,0,0
964753,Senne Lammens,Antwerp,senne lammens,7.23,4,4,360,0,,0,0.01,0,0,0,0,0.0,97,177,54.8,34,114,29.82,0,14,6,9,0,0,0.0,0,0,0.0,226,82,0,42,0,0,0.0,3,0,100.0,3,100.0,0,0,0.0,0,3,0,0,0,1,0,0,1,0,0,11,0,1,0,4,6,5,4,0,1,2,2,11,0,1,1
81202,Serhiy Sydorchuk,Westerlo,serhiy sydorchuk,6.59,16,3,359,0,0.01,0,0.11,0,0,1,0,0.0,138,164,84.15,4,13,30.77,4,35,4,8,3,7,42.86,0,0,0.0,219,41,2,19,6,8,30.77,3,3,50.0,11,34.38,5,4,80.0,5,11,1,1,0,0,3,5,0,0,0,0,0,0,2,2,0,0,2,0,0,0,0,0,0,0,0
1064825,Tobias Hedl,Zulte Waregem,tobias hedl,6.52,11,4,351,1,1.26,0,0.45,0,1,5,3,20.0,43,72,59.72,1,5,20.0,3,27,2,3,3,8,37.5,2,0,0.0,128,57,1,3,6,14,50.0,5,18,21.74,19,37.25,3,2,66.67,1,0,2,2,0,0,0,3,8,0,1,0,0,0,0,5,0,0,5,0,0,0,0,0,0,0,0
923969,Michel Ange Balikwisha,Antwerp,michel ange balikwisha,7.05,4,4,347,1,0.95,0,0.1,1,0,3,2,33.33,82,98,83.67,3,3,100.0,4,22,1,3,2,5,40.0,10,1,10.0,178,44,1,12,5,23,60.53,2,3,40.0,25,58.14,11,7,63.64,4,3,0,1,0,0,2,6,10,0,0,0,0,0,0,3,0,0,3,0,0,0,0,0,0,0,0
1502944,Nail Moutha-Sebtaoui,Dender,nail moutha-sebtaoui,6.58,16,2,339,0,0.33,0,0.45,0,2,4,2,0.0,108,161,67.08,5,31,16.13,3,43,2,12,2,8,25.0,29,7,24.14,290,101,1,20,4,11,42.31,2,7,22.22,13,37.14,6,3,50.0,2,12,1,1,0,0,2,3,3,4,0,0,0,0,0,6,0,0,6,0,0,0,0,0,0,0,0
823046,Thibault Vlietinck,OH Leuven,thibault vlietinck,6.6,9,4,332,0,0.17,0,0.38,0,1,2,1,0.0,72,106,67.92,1,6,16.67,1,25,4,4,2,4,50.0,6,2,33.33,179,47,1,17,1,15,62.5,1,4,20.0,16,55.17,8,7,87.5,0,14,0,0,0,0,2,4,5,3,0,0,0,0,0,5,0,0,4,1,0,0,0,0,0,0,0
1388443,Desmond Acquah,Dender,desmond acquah,6.68,13,3,331,1,0.91,1,0.92,1,1,9,3,11.11,97,133,72.93,3,11,27.27,4,39,3,7,5,9,55.56,5,0,0.0,215,67,2,23,7,15,42.86,2,6,25.0,17,39.53,9,6,66.67,5,5,2,0,0,0,3,7,1,1,0,0,0,0,0,5,0,0,5,0,0,0,0,0,0,0,0
1131463,Mehdi Boukamir,Charleroi,mehdi boukamir,6.59,16,1,328,0,,0,0.02,0,0,0,0,0.0,86,108,79.63,5,21,23.81,0,10,4,6,1,1,100.0,0,0,0.0,170,29,0,7,2,4,30.77,10,9,52.63,14,43.75,3,1,33.33,6,24,0,6,0,0,2,5,0,0,0,0,0,0,1,5,0,0,3,2,0,0,0,0,0,0,0
2445106,Ibrahima Cisse,Gent,ibrahima cisse,6.53,12,1,326,1,0.67,0,0.22,1,0,9,2,11.11,35,54,64.81,2,3,66.67,2,18,3,4,5,12,41.67,1,0,0.0,149,60,2,10,13,21,43.75,14,21,40.0,35,42.17,9,2,22.22,2,2,4,0,0,0,1,8,7,1,0,0,0,0,0,7,0,0,7,0,0,0,0,0,0,0,0
1198065,Léandre Kuavita,Standard Liège,leandre kuavita,6.57,13,1,322,0,0.38,0,0.06,1,1,4,2,0.0,53,79,67.09,1,4,25.0,2,14,3,7,3,6,50.0,2,1,50.0,160,48,0,8,7,21,55.26,7,11,38.89,28,50.0,8,5,62.5,2,14,0,1,0,0,3,4,11,3,0,0,0,0,0,5,0,0,5,0,0,0,0,0,0,0,0
2017474,Bernard Nguene,Standard Liège,bernard nguene,6.7,14,1,318,1,0.93,0,0.11,1,1,8,5,12.5,50,85,58.82,0,4,0.0,4,14,1,3,13,22,59.09,5,1,20.0,183,78,4,22,7,22,44.9,17,13,56.67,39,49.37,4,2,50.0,2,3,1,0,0,0,6,6,5,1,0,0,0,0,0,6,0,0,6,0,0,0,0,0,0,0,0
1409866,Maxim Kireev,Mechelen,maxim kireev,6.72,13,3,317,0,0.31,0,0.76,1,0,5,1,0.0,98,122,80.33,3,5,60.0,3,43,5,8,9,22,40.91,9,4,44.44,221,66,3,20,7,25,45.45,1,5,16.67,26,42.62,7,5,71.43,5,1,3,0,0,0,3,7,9,1,0,0,0,0,0,5,0,0,4,1,0,0,0,0,0,0,0
943881,William Balikwisha,OH Leuven,william balikwisha,6.59,11,3,317,0,0.27,0,0.4,0,0,5,2,0.0,83,99,83.84,2,5,40.0,2,27,3,4,4,10,40.0,4,2,50.0,171,50,4,28,7,15,42.86,0,4,0.0,15,38.46,6,2,33.33,3,1,3,0,0,0,3,4,5,0,0,0,0,0,0,6,0,0,5,1,0,0,0,0,0,0,0
1388434,Nachon Nsingi,La Louvière,nachon nsingi,6.53,16,2,315,1,0.75,0,0.06,0,2,8,3,12.5,38,53,71.7,2,4,50.0,2,19,2,2,1,6,16.67,11,1,9.09,119,47,0,10,6,11,36.67,1,9,10.0,12,30.0,5,4,80.0,0,0,2,0,0,0,1,8,5,4,0,0,0,0,0,12,0,0,11,1,0,0,0,0,0,0,0
987617,Bryan Soumaré,La Louvière,bryan soumare,6.53,7,3,314,0,0.12,0,0.17,0,0,4,3,0.0,79,99,79.8,2,6,33.33,3,32,1,3,0,6,0.0,5,1,20.0,169,45,1,9,7,16,48.48,1,6,14.29,17,42.5,9,6,66.67,2,1,1,0,1,0,1,3,8,1,0,0,0,0,0,9,0,0,9,0,0,0,0,0,0,0,0
1546044,Eran Tuypens,Antwerp,eran tuypens,6.53,8,4,311,0,0.02,0,0.16,0,0,1,0,0.0,135,171,78.95,6,13,46.15,3,31,0,3,2,6,33.33,4,0,0.0,251,57,0,28,2,17,60.71,6,4,60.0,23,60.53,13,11,84.62,3,5,0,2,0,0,1,4,2,1,0,0,0,0,0,12,0,0,10,2,0,0,0,0,0,0,0
1393681,Adrian Palacios,Genk,adrian palacios,6.59,11,3,310,0,0.31,1,0.11,1,1,4,0,0.0,194,223,87.0,9,20,45.0,3,38,7,10,1,3,33.33,8,0,0.0,328,55,1,15,3,12,50.0,6,6,50.0,18,50.0,10,6,60.0,4,19,2,3,0,1,3,4,1,0,0,0,0,0,0,7,0,0,6,1,0,0,0,0,0,0,0
1894087,Erick Nunes,Cercle Brugge,erick nunes,6.52,15,1,302,0,0.14,1,0.45,2,0,3,0,0.0,74,112,66.07,1,7,14.29,3,37,1,4,6,12,50.0,15,4,26.67,233,82,1,11,4,24,53.33,4,7,36.36,28,50.0,13,8,61.54,7,7,1,1,1,0,7,4,5,0,0,0,0,0,0,4,0,0,3,1,0,0,0,0,0,0,0
1012192,Filip Szymczak,Charleroi,filip szymczak,6.53,19,0,301,0,0.61,0,0.34,0,0,10,3,0.0,61,82,74.39,1,2,50.0,4,29,3,5,1,5,20.0,5,1,20.0,151,46,2,15,2,12,42.86,11,9,55.0,23,47.92,7,2,28.57,3,4,4,0,0,0,3,7,4,1,0,0,0,0,0,4,0,0,4,0,0,0,0,0,0,0,0
991607,Dennis Gyamfi,K. Beerschot V.A.,dennis gyamfi,6.5,4,3,288,0,,0,0.13,0,0,0,0,0.0,119,135,88.15,6,11,54.55,2,43,5,5,3,6,50.0,10,2,20.0,223,39,0,10,2,17,70.83,7,6,53.85,24,64.86,2,0,0.0,1,6,0,1,0,0,0,2,12,1,0,0,0,0,0,6,0,0,4,2,0,0,0,0,0,0,0
1606624,Mathys Angely,Anderlecht,mathys angely,6.65,4,3,279,0,0.02,0,0.03,0,0,1,0,0.0,135,153,88.24,7,14,50.0,0,15,5,12,1,1,100.0,0,0,0.0,210,20,0,10,1,12,80.0,4,9,30.77,16,57.14,9,4,44.44,1,22,0,6,0,0,0,2,2,0,0,0,0,0,0,9,0,0,9,0,0,0,0,0,0,0,0
992166,Jordan Attah Kadiri,Dender,jordan attah kadiri,6.56,13,1,278,1,0.97,0,0.22,0,3,11,3,9.09,40,61,65.57,1,3,33.33,4,19,0,0,0,1,0.0,1,1,100.0,116,35,3,6,2,14,66.67,5,16,23.81,19,45.24,1,1,100.0,1,2,1,0,0,0,0,4,13,2,0,0,0,0,0,9,0,0,9,0,0,0,0,0,0,0,0
1001790,Jesper Tolinsson,Lommel SK,jesper tolinsson,6.95,4,3,277,0,0.13,0,0.07,0,0,2,0,0.0,107,138,77.54,11,27,40.74,2,10,4,12,1,4,25.0,3,0,0.0,199,40,0,8,0,7,53.85,9,4,69.23,16,61.54,4,1,25.0,3,18,1,0,0,0,1,2,2,0,0,0,0,0,1,1,0,0,0,1,0,0,0,0,0,0,0
893586,Ludovit Reis,Club Brugge,ludovit reis,6.35,7,3,265,0,0.71,0,0.18,0,1,6,2,0.0,163,188,86.7,3,7,42.86,3,57,1,5,2,3,66.67,2,0,0.0,231,41,3,11,5,7,29.17,3,3,50.0,10,33.33,2,0,0.0,3,2,2,1,0,0,6,5,3,1,0,0,0,0,0,5,0,0,3,2,0,0,0,0,0,0,0
1141169,Clinton Nsiala,Westerlo,clinton nsiala,6.15,4,4,265,0,,0,0.02,0,0,0,0,0.0,72,104,69.23,3,17,17.65,1,7,1,4,3,7,42.86,6,2,33.33,173,58,0,15,4,10,43.48,5,5,50.0,15,45.45,4,2,50.0,3,8,0,2,0,0,0,6,3,1,1,0,0,0,1,3,0,0,3,0,0,0,0,0,0,0,0
1092366,Zalán Vancsa,Lommel SK,zalan vancsa,7.4,6,2,256,4,0.71,0,0.12,0,0,7,5,57.14,48,67,71.64,3,10,30.0,1,17,6,7,4,7,57.14,6,1,16.67,112,33,1,10,0,12,60.0,1,4,20.0,13,52.0,4,2,50.0,1,5,1,1,0,0,4,1,4,0,0,0,0,0,0,4,0,0,3,1,0,0,0,0,0,0,0
1391861,Massimo Decoene,Mechelen,massimo decoene,6.44,8,2,251,0,0.06,0,0.08,0,0,2,2,0.0,79,109,72.48,5,17,29.41,1,18,3,12,0,4,0.0,2,0,0.0,159,47,0,14,2,4,30.77,5,4,55.56,9,40.91,3,2,66.67,2,13,0,2,0,0,0,4,1,4,0,0,0,0,0,9,0,0,8,1,0,0,0,0,0,0,0
45880,Lukas Van Eenoo,K. Beerschot V.A.,lukas van eenoo,7.0,4,2,246,1,0.63,1,0.77,1,0,9,2,11.11,130,160,81.25,11,24,45.83,6,41,11,22,0,1,0.0,28,4,14.29,237,61,1,13,1,11,68.75,5,8,38.46,16,55.17,10,8,80.0,1,3,2,1,0,0,2,1,1,0,0,0,0,0,0,6,0,0,4,2,0,0,0,0,0,0,0
1586655,Afonso Patrao,Westerlo,afonso patrao,6.56,11,1,244,1,1.35,0,0.15,0,2,8,4,12.5,38,49,77.55,0,1,0.0,2,12,2,2,3,4,75.0,3,1,33.33,86,22,1,7,3,7,38.89,0,6,0.0,7,29.17,2,1,50.0,1,1,1,0,0,0,4,3,2,0,0,0,0,0,0,4,0,0,4,0,0,0,0,0,0,0,0
1515600,Severin Sabri Guendouz,K. Beerschot V.A.,severin sabri guendouz,6.47,3,3,242,0,0.91,1,1.32,2,1,10,1,0.0,72,92,78.26,1,3,33.33,3,43,2,5,4,12,33.33,9,2,22.22,160,50,0,7,3,15,48.39,2,2,50.0,17,48.57,6,5,83.33,0,3,5,0,0,0,1,6,5,1,1,0,0,0,0,5,0,0,5,0,0,0,0,0,0,0,0
1103488,Rafik Belghali,Mechelen,rafik belghali,6.9,3,3,240,0,0.02,0,0.05,0,0,1,0,0.0,116,136,85.29,8,14,57.14,2,22,5,9,4,5,80.0,3,0,0.0,188,29,0,12,1,10,58.82,1,3,25.0,11,52.38,5,2,40.0,4,5,0,0,0,0,3,2,1,1,0,0,0,0,0,2,0,0,2,0,0,0,0,0,0,0,0
1414276,Raymond Asante,Patro Eisden Maasmechelen,raymond asante,6.68,4,2,229,1,1.01,0,0.04,0,0,7,3,14.29,27,37,72.97,3,6,50.0,1,15,2,3,2,8,25.0,2,0,0.0,101,31,2,8,7,14,41.18,5,11,31.25,19,38.0,7,4,57.14,2,7,2,0,0,0,3,4,5,1,0,0,0,0,0,3,0,0,2,1,0,0,0,0,0,0,0
1125634,Ken Masui,K. Beerschot V.A.,ken masui,6.65,4,3,229,0,0.1,0,0.79,2,0,2,1,0.0,70,77,90.91,6,8,75.0,2,33,6,7,5,5,100.0,13,4,30.77,122,27,0,7,5,8,50.0,0,0,0.0,8,50.0,1,1,100.0,1,2,1,0,0,0,1,2,2,1,0,0,0,0,0,4,0,0,2,2,0,0,0,0,0,0,0
164025,Ryan Sanusi,K. Beerschot V.A.,ryan sanusi,6.58,4,3,222,0,0.05,1,0.19,2,0,2,0,0.0,139,157,88.54,7,12,58.33,6,47,10,14,0,1,0.0,1,0,0.0,182,26,1,9,3,3,27.27,5,4,55.56,8,40.0,1,1,100.0,3,3,0,0,1,0,0,5,2,0,0,0,0,0,0,5,0,0,5,0,0,0,0,0,0,0,0
1493499,Oumar Diouf,Sint-Truiden,oumar diouf,6.66,16,0,217,3,3.03,0,0.06,1,3,12,6,25.0,18,28,64.29,1,3,33.33,4,6,1,1,0,2,0.0,0,0,0.0,66,25,1,12,2,6,50.0,5,11,31.25,11,39.29,2,1,50.0,0,1,4,0,0,0,0,2,4,1,0,0,0,0,0,3,0,0,2,1,0,0,0,0,0,0,0
1029748,Nikola Štulić,Charleroi,nikola stulic,6.63,3,3,217,1,0.32,0,0.11,0,0,3,2,33.33,31,40,77.5,0,0,0.0,1,12,0,0,1,3,33.33,0,0,0.0,65,14,0,0,2,5,33.33,9,14,39.13,14,36.84,0,0,0.0,0,4,0,1,0,0,1,5,5,0,1,0,0,0,0,3,0,0,3,0,0,0,0,0,0,0,0
802311,Jordan Renson,Patro Eisden Maasmechelen,jordan renson,7.35,2,2,210,1,0.21,0,0.03,0,0,2,1,50.0,40,52,76.92,6,17,35.29,1,9,5,12,0,0,0.0,1,0,0.0,83,15,0,3,0,2,66.67,3,0,100.0,5,83.33,2,2,100.0,4,13,0,3,0,0,0,1,0,0,0,0,0,0,0,4,0,0,3,1,0,0,0,0,0,0,0
201988,Stef Peeters,Patro Eisden Maasmechelen,stef peeters,6.9,2,2,210,0,0.14,0,0.7,0,0,3,0,0.0,47,75,62.67,13,28,46.43,3,22,15,28,0,0,0.0,12,3,25.0,114,47,0,18,6,5,38.46,0,1,0.0,5,35.71,3,2,66.67,2,1,1,0,0,0,1,2,2,1,0,0,0,0,0,4,0,0,3,1,0,0,0,0,0,0,0
1127589,Aloïs Penin,Patro Eisden Maasmechelen,alois penin,6.75,2,2,210,0,,0,0.17,0,0,0,0,0.0,27,41,65.85,4,12,33.33,1,8,0,1,1,1,100.0,3,2,66.67,93,21,1,11,0,10,71.43,5,6,45.45,15,60.0,7,4,57.14,6,8,0,2,0,0,2,3,2,0,0,0,0,0,0,4,0,0,3,1,0,0,0,0,0,0,0
867253,Kéres Masangu,Patro Eisden Maasmechelen,keres masangu,6.75,2,2,210,0,0.08,0,0.01,0,0,2,0,0.0,24,43,55.81,2,9,22.22,1,3,1,3,0,3,0.0,0,0,0.0,85,25,0,11,0,5,35.71,4,4,50.0,9,40.91,5,3,60.0,2,15,2,3,0,0,4,3,0,2,0,0,0,0,0,4,0,0,3,1,0,0,0,0,0,0,0
1140116,Gian Geladé,Patro Eisden Maasmechelen,gian gelade,6.4,2,2,210,0,,0,0.02,0,0,0,0,0.0,30,73,41.1,19,61,31.15,1,9,1,1,0,0,0.0,0,0,0.0,93,44,0,22,0,1,100.0,4,0,100.0,5,100.0,0,0,0.0,0,5,0,0,0,1,0,0,1,0,0,4,0,0,0,4,3,1,3,1,3,0,0,4,0,1,0
1396500,Léandro Rousseau,Patro Eisden Maasmechelen,leandro rousseau,6.35,2,2,210,0,0.07,0,0.22,0,0,1,0,0.0,29,37,78.38,1,2,50.0,3,12,2,3,1,2,50.0,1,0,0.0,65,18,0,6,1,7,43.75,1,5,16.67,8,36.36,3,3,100.0,0,7,1,1,0,0,3,4,3,1,0,0,0,0,0,4,0,0,3,1,0,0,0,0,0,0,0
1085724,Justin Munezero,Patro Eisden Maasmechelen,justin munezero,5.95,2,2,208,0,,0,0.0,0,0,0,0,0.0,19,28,67.86,2,4,50.0,0,2,0,0,0,0,0.0,2,0,0.0,67,20,0,2,1,4,33.33,0,5,0.0,4,23.53,3,3,100.0,1,11,0,0,0,0,2,5,1,0,0,0,0,0,0,4,0,0,3,1,0,0,0,0,0,0,0
1067539,Lynnt Audoor,Club Brugge,lynnt audoor,6.88,7,3,203,0,,1,0.27,0,0,0,0,0.0,116,134,86.57,6,9,66.67,3,39,5,7,3,9,33.33,2,0,0.0,189,31,1,14,3,21,65.63,6,3,66.67,27,65.85,8,7,87.5,3,4,0,1,0,0,0,3,10,0,0,0,0,0,0,4,0,0,4,0,0,0,0,0,0,0,0
1018367,D'Margio Wright-Phillips,K. Beerschot V.A.,d'margio wright-phillips,6.83,4,1,202,1,1.14,0,0.54,2,1,5,2,20.0,32,35,91.43,1,1,100.0,3,17,2,2,0,2,0.0,3,3,100.0,61,13,3,6,1,3,33.33,1,6,14.29,4,25.0,0,0,0.0,0,1,2,0,0,0,1,2,3,0,0,0,0,0,0,5,0,0,3,2,0,0,0,0,0,0,0
1461399,Hatim Essaouabi,Gent,hatim essaouabi,6.5,10,2,201,0,,0,0.05,0,0,0,0,0.0,101,119,84.87,5,14,35.71,0,10,2,5,0,0,0.0,1,0,0.0,175,20,0,7,0,9,69.23,7,2,77.78,16,72.73,6,4,66.67,1,34,0,6,0,1,2,2,3,0,1,0,0,0,0,3,0,0,3,0,0,0,0,0,0,0,0
38096,Rajiv Van La Parra,K. Beerschot V.A.,rajiv van la parra,6.43,3,2,196,0,0.51,0,0.11,0,1,5,3,0.0,34,42,80.95,0,0,0.0,1,22,0,0,3,7,42.86,6,0,0.0,90,28,3,11,4,14,50.0,0,2,0.0,14,46.67,5,3,60.0,0,0,1,0,0,0,0,6,6,1,0,0,0,0,0,6,0,0,6,0,0,0,0,0,0,0,0
789000,Isaac Mbenza,Charleroi,isaac mbenza,6.83,4,2,187,0,0.13,0,0.87,1,0,2,1,0.0,51,66,77.27,7,10,70.0,7,21,3,8,3,5,60.0,26,9,34.62,118,41,1,3,2,5,33.33,2,0,100.0,7,41.18,1,0,0.0,0,2,1,0,0,0,1,7,2,1,0,0,0,0,0,3,0,0,3,0,0,0,0,0,0,0,0
1100897,Fernand Gouré,Westerlo,fernand goure,6.39,13,1,183,0,0.46,0,0.1,1,2,3,1,0.0,31,47,65.96,1,2,50.0,2,10,0,1,1,3,33.33,0,0,0.0,90,31,0,3,3,4,26.67,9,13,40.91,13,35.14,0,0,0.0,0,8,1,1,0,0,1,5,3,1,0,0,0,0,0,1,0,0,1,0,0,0,0,0,0,0,0
1131054,Martin Wasinski,RFC Liège,martin wasinski,6.95,2,2,180,0,0.11,0,0.38,2,0,1,1,0.0,126,139,90.65,16,21,76.19,3,31,14,16,1,1,100.0,17,4,23.53,190,30,0,12,0,5,55.56,2,3,40.0,7,50.0,2,2,100.0,4,4,0,0,2,0,3,1,2,1,0,0,0,0,0,5,0,0,5,0,0,0,0,0,0,0,0
826928,Reno Wilmots,RFC Liège,reno wilmots,6.9,2,2,180,0,0.41,0,0.09,0,0,4,0,0.0,97,106,91.51,3,6,50.0,1,25,6,10,3,3,100.0,0,0,0.0,139,16,2,14,1,8,53.33,7,4,63.64,15,57.69,4,2,50.0,4,1,2,1,0,0,2,4,1,0,0,0,0,0,0,5,0,0,5,0,0,0,0,0,0,0,0
1542961,Alexis Andre Jr.,RFC Liège,alexis andre jr.,6.75,2,2,180,0,,0,0.0,0,0,0,0,0.0,36,45,80.0,6,15,40.0,0,0,3,3,0,0,0.0,0,0,0.0,66,10,0,16,0,0,0.0,3,0,100.0,3,100.0,0,0,0.0,0,2,0,0,0,0,0,0,0,0,0,6,0,3,0,5,5,1,5,0,1,2,2,2,0,0,0
932070,Justin Heekeren,Anderlecht,justin heekeren,6.4,2,2,180,0,,0,0.0,0,0,0,0,0.0,40,62,64.52,9,31,29.03,0,1,4,11,0,0,0.0,0,0,0.0,80,22,0,15,0,0,0.0,0,0,0.0,0,0.0,0,0,0.0,0,0,0,0,0,0,0,0,0,0,0,9,0,1,0,6,8,1,6,0,0,0,0,1,0,1,0
1101663,Benoit Bruggeman,RFC Liège,benoit bruggeman,6.35,2,2,180,0,0.35,1,0.44,0,1,3,0,0.0,61,76,80.26,0,0,0.0,4,22,2,3,1,7,14.29,11,4,36.36,118,37,1,9,3,4,23.53,2,3,40.0,6,27.27,1,0,0.0,0,1,2,0,0,0,2,2,2,0,0,0,0,0,0,5,0,0,5,0,0,0,0,0,0,0,0
1048440,Celestin De Schrevel,La Louvière,celestin de schrevel,6.35,2,2,180,0,,0,0.0,0,0,0,0,0.0,45,63,71.43,12,29,41.38,0,2,4,7,0,0,0.0,0,0,0.0,75,18,0,15,0,2,100.0,0,0,0.0,2,100.0,1,1,100.0,0,2,0,0,0,0,0,0,1,0,0,1,0,0,0,6,0,1,6,0,0,1,1,0,0,1,0
137805,Pierre-Yves Ngawa,RFC Liège,pierre-yves ngawa,6.05,2,2,180,0,0.14,0,0.01,0,1,1,0,0.0,113,120,94.17,3,8,37.5,0,3,2,4,0,0,0.0,0,0,0.0,135,9,0,8,0,1,20.0,3,2,60.0,4,40.0,1,1,100.0,3,5,0,0,0,0,0,4,0,1,0,0,0,0,0,5,0,0,5,0,0,0,0,0,0,0,0
257205,Sofiane Boufal,Union SG,sofiane boufal,6.83,9,0,179,0,0.8,1,0.62,3,0,8,2,0.0,69,84,82.14,4,7,57.14,6,32,5,9,8,10,80.0,6,1,16.67,137,31,1,9,3,19,63.33,1,2,33.33,20,60.61,4,2,50.0,0,3,3,0,0,0,1,6,7,0,0,0,0,0,0,3,0,0,3,0,0,0,0,0,0,0,0
1393695,Matt Lendfers,Sint-Truiden,matt lendfers,6.7,2,2,179,0,,0,0.0,0,0,0,0,0.0,40,54,74.07,8,22,36.36,0,0,2,6,0,0,0.0,0,0,0.0,71,14,0,16,0,1,100.0,0,0,0.0,1,100.0,0,0,0.0,0,0,0,0,0,0,0,0,1,0,0,5,0,1,0,3,1,4,2,1,0,0,0,1,0,0,0
1825873,Cristian Makate,La Louvière,cristian makate,6.48,8,0,179,0,0.26,0,0.09,1,1,5,4,0.0,23,31,74.19,1,2,50.0,2,10,1,3,1,3,33.33,1,1,100.0,72,28,1,7,8,7,31.82,1,11,8.33,8,23.53,0,0,0.0,0,2,0,0,0,0,0,6,6,0,0,0,0,0,0,4,0,0,4,0,0,0,0,0,0,0,0
1195764,Halil Özdemir,Mechelen,halil ozdemir,6.51,7,1,178,0,0.08,0,0.05,0,0,2,0,0.0,34,48,70.83,0,1,0.0,1,13,0,3,5,10,50.0,5,1,20.0,97,35,1,9,5,14,48.28,3,5,37.5,17,45.95,5,3,60.0,0,3,1,0,0,0,2,3,4,1,0,0,0,0,0,3,0,0,2,1,0,0,0,0,0,0,0
1214992,Jan-Carlo Simić,Anderlecht,jan-carlo simic,6.45,2,2,178,0,0.03,0,0.04,0,0,1,0,0.0,85,101,84.16,4,11,36.36,0,11,1,3,0,1,0.0,0,0,0.0,127,18,0,6,1,6,75.0,4,5,44.44,10,58.82,4,3,75.0,3,8,0,1,1,0,0,0,2,0,0,0,0,0,0,4,0,0,4,0,0,0,0,0,0,0,0
1092081,Matija Frigan,Westerlo,matija frigan,6.9,3,2,175,1,0.13,0,0.03,0,0,2,2,50.0,17,24,70.83,0,1,0.0,0,3,2,4,0,0,0.0,0,0,0.0,34,10,1,5,1,2,40.0,2,7,22.22,4,28.57,0,0,0.0,0,0,0,0,0,0,0,2,2,0,0,0,0,0,0,7,0,0,5,2,0,0,0,0,0,0,0
1101657,Jordan Bustin,RFC Liège,jordan bustin,6.5,2,2,175,0,,0,0.03,0,0,0,0,0.0,140,157,89.17,7,13,53.85,0,15,3,10,0,1,0.0,0,0,0.0,180,19,1,14,0,3,37.5,6,2,75.0,9,56.25,1,0,0.0,5,10,0,0,0,0,2,2,2,1,0,0,0,0,0,5,0,0,5,0,0,0,0,0,0,0,0
1153538,Heriberto Jurado,Cercle Brugge,heriberto jurado,6.6,8,1,174,0,0.14,0,0.24,0,0,3,1,0.0,32,43,74.42,2,5,40.0,4,13,1,3,6,10,60.0,11,3,27.27,104,39,3,11,7,13,46.43,2,3,40.0,15,45.45,4,3,75.0,0,0,1,0,0,0,2,2,3,1,0,0,0,0,0,6,0,0,5,1,0,0,0,0,0,0,0
1128428,Milan Robberechts,Patro Eisden Maasmechelen,milan robberechts,6.65,2,2,173,0,0.19,1,0.29,1,0,3,2,0.0,15,20,75.0,2,3,66.67,3,7,1,1,3,6,50.0,3,1,33.33,58,26,0,7,0,8,50.0,0,3,0.0,8,42.11,3,3,100.0,0,0,1,0,0,0,1,4,2,1,0,0,0,0,0,2,0,0,2,0,0,0,0,0,0,0,0
341273,Jonathan D'Ostilio,RFC Liège,jonathan d'ostilio,7.0,2,2,169,0,0.12,0,0.27,0,0,2,0,0.0,92,102,90.2,1,4,25.0,3,26,3,7,1,1,100.0,16,4,25.0,167,26,1,8,0,9,69.23,3,0,100.0,12,75.0,8,5,62.5,4,5,1,2,0,0,3,2,0,1,0,0,0,0,0,5,0,0,5,0,0,0,0,0,0,0,0
928920,Mouhamed Belkheir,La Louvière,mouhamed belkheir,6.6,3,2,167,0,0.48,0,0.17,0,1,4,2,0.0,13,17,76.47,2,3,66.67,0,7,3,3,2,4,50.0,0,0,0.0,57,20,0,2,4,9,50.0,2,8,20.0,11,39.29,1,1,100.0,0,1,2,0,0,0,1,2,6,0,0,0,0,0,0,2,0,0,2,0,0,0,0,0,0,0,0
1001456,Alexis Beka Beka,La Louvière,alexis beka beka,6.79,7,2,166,1,0.34,0,0.09,0,0,8,2,12.5,56,67,83.58,2,5,40.0,3,16,3,4,7,9,77.78,4,0,0.0,118,28,0,15,6,12,48.0,0,2,0.0,12,44.44,4,3,75.0,3,0,1,0,0,0,2,3,1,0,0,0,0,0,0,6,0,0,6,0,0,0,0,0,0,0,0
1931567,René Mitongo,Standard Liège,rene mitongo,6.4,7,0,164,0,0.16,0,0.07,0,0,2,0,0.0,13,18,72.22,2,2,100.0,2,6,1,2,2,4,50.0,1,0,0.0,43,20,0,3,5,2,14.29,0,4,0.0,2,11.11,0,0,0.0,0,0,0,0,0,0,1,4,0,0,0,0,0,0,0,2,0,0,2,0,0,0,0,0,0,0,0
1094395,Hélio Varela,Gent,helio varela,6.67,3,2,163,0,0.05,0,0.17,0,0,2,0,0.0,48,59,81.36,2,3,66.67,1,16,1,1,4,10,40.0,15,2,13.33,115,39,1,11,3,10,52.63,1,1,50.0,11,52.38,0,0,0.0,1,5,0,0,0,0,0,0,6,0,0,0,0,0,0,1,0,0,1,0,0,0,0,0,0,0,0
1466553,Abdoulaye Traore,Zulte Waregem,abdoulaye traore,6.73,3,2,161,0,0.99,0,0.2,0,2,9,3,0.0,31,42,73.81,1,2,50.0,1,18,2,3,4,9,44.44,5,1,20.0,89,30,3,10,5,9,40.91,0,1,0.0,9,39.13,4,2,50.0,2,1,3,0,0,0,2,1,1,1,0,0,0,0,0,3,0,0,3,0,0,0,0,0,0,0,0
44001,Radja Nainggolan,Patro Eisden Maasmechelen,radja nainggolan,7.0,2,2,157,1,0.56,0,0.03,0,0,9,2,11.11,29,38,76.32,6,6,100.0,3,9,2,2,0,1,0.0,7,0,0.0,61,20,1,6,0,0,0.0,7,6,53.85,7,41.18,0,0,0.0,0,1,2,0,0,0,2,1,0,0,0,0,0,0,0,1,0,0,1,0,0,0,0,0,0,0,0
1898323,Massamba Sow,Charleroi,massamba sow,6.4,4,1,157,0,,0,0.02,0,0,0,0,0.0,40,50,80.0,3,9,33.33,0,3,1,2,0,0,0.0,0,0,0.0,70,12,0,3,1,4,50.0,3,5,37.5,7,43.75,3,0,0.0,0,11,0,0,0,0,0,3,1,1,0,0,0,0,0,2,0,0,2,0,0,0,0,0,0,0,0
888605,Žan Rogelj,Charleroi,zan rogelj,6.8,2,2,152,0,,0,0.31,0,0,0,0,0.0,28,35,80.0,4,6,66.67,1,11,4,4,1,2,50.0,5,1,20.0,67,16,0,5,0,4,66.67,1,1,50.0,5,62.5,2,1,50.0,0,3,0,1,0,0,1,0,1,0,0,0,0,0,0,2,0,0,2,0,0,0,0,0,0,0,0
1189787,Eric N'jo,RFC Liège,eric n'jo,6.6,2,2,149,0,0.06,0,0.02,0,1,2,0,0.0,52,59,88.14,4,5,80.0,0,11,4,4,3,7,42.86,0,0,0.0,89,24,0,10,3,7,41.18,3,1,75.0,10,47.62,2,2,100.0,1,0,1,0,1,0,0,3,2,0,0,0,0,0,0,5,0,0,5,0,0,0,0,0,0,0,0
839898,Alessio Castro-Montes,Union SG,alessio castro-montes,6.56,5,2,149,0,0.43,0,0.1,0,1,1,0,0.0,41,56,73.21,1,1,100.0,1,17,1,2,0,5,0.0,3,0,0.0,89,25,1,6,2,6,35.29,2,1,66.67,8,40.0,4,1,25.0,2,4,0,0,0,0,1,3,2,0,0,0,0,0,0,2,0,0,1,1,0,0,0,0,0,0,0
1392054,Coba Da Costa,Anderlecht,coba da costa,6.42,5,2,145,0,0.15,0,0.02,0,0,2,1,0.0,26,43,60.47,0,2,0.0,0,8,0,3,1,5,20.0,4,0,0.0,89,38,1,14,4,11,50.0,4,3,57.14,15,51.72,6,4,66.67,3,3,1,0,0,0,0,4,4,2,0,0,0,0,0,3,0,0,3,0,0,0,0,0,0,0,0
909961,Sekou Sidibe,La Louvière,sekou sidibe,6.54,5,1,144,0,0.1,0,0.05,0,0,2,1,0.0,17,31,54.84,0,7,0.0,0,7,0,3,3,6,50.0,7,1,14.29,70,32,0,5,2,9,47.37,2,2,50.0,11,47.83,3,1,33.33,2,2,0,0,0,0,1,4,3,1,0,0,0,0,0,2,0,0,2,0,0,0,0,0,0,0,0
2236318,Amine Daali,Dender,amine daali,6.59,7,0,142,0,0.19,1,0.02,1,1,3,2,0.0,44,59,74.58,2,5,40.0,2,16,1,1,0,2,0.0,4,0,0.0,107,29,3,12,1,11,55.0,7,9,43.75,18,50.0,10,7,70.0,1,1,0,1,0,0,4,2,2,1,0,0,0,0,0,4,0,0,4,0,0,0,0,0,0,0,0
2001165,Krys Kouassi,Cercle Brugge,krys kouassi,6.6,12,0,140,0,0.17,0,0.06,0,0,3,0,0.0,29,37,78.38,3,3,100.0,1,11,0,1,0,0,0.0,4,0,0.0,66,21,2,6,1,6,66.67,7,10,41.18,13,50.0,1,0,0.0,0,2,1,0,0,0,0,3,5,1,0,0,0,0,0,3,0,0,3,0,0,0,0,0,0,0,0
1154566,Mukhammadali Urinboev,Antwerp,mukhammadali urinboev,6.7,5,0,136,0,0.12,0,0.17,1,0,3,0,0.0,42,54,77.78,5,6,83.33,3,15,4,6,1,5,20.0,15,2,13.33,102,38,0,6,1,9,52.94,3,0,100.0,12,60.0,4,1,25.0,0,0,3,0,0,0,3,0,4,0,0,0,0,0,0,3,0,0,3,0,0,0,0,0,0,0,0
1392102,Yasin Özcan,Anderlecht,yasin ozcan,6.8,4,1,132,0,0.07,0,0.05,0,0,2,0,0.0,45,61,73.77,5,11,45.45,1,11,5,9,0,0,0.0,0,0,0.0,94,19,0,0,0,4,100.0,3,1,75.0,7,87.5,4,2,50.0,0,11,0,1,0,0,0,0,0,0,0,0,0,0,0,3,0,0,1,2,0,0,0,0,0,0,0
2124293,Naoufal Bohamdi-Kamoni,Westerlo,naoufal bohamdi-kamoni,6.67,11,0,132,0,0.05,1,0.19,0,0,1,0,0.0,40,45,88.89,0,0,0.0,3,14,0,0,1,6,16.67,10,3,30.0,97,30,0,6,2,18,60.0,1,2,33.33,19,57.58,12,9,75.0,1,0,1,0,0,0,4,2,5,0,0,0,0,0,0,1,0,0,1,0,0,0,0,0,0,0,0
1101701,Nils De Wilde,Cercle Brugge,nils de wilde,6.6,10,0,122,0,0.13,0,0.19,1,0,2,1,0.0,32,50,64.0,2,8,25.0,2,15,2,5,0,1,0.0,3,2,66.67,76,23,1,9,1,2,20.0,1,0,100.0,3,27.27,0,0,0.0,1,5,1,0,0,0,5,1,2,1,0,0,0,0,0,2,0,0,2,0,0,0,0,0,0,0,0
795761,Kasper Dolberg,Anderlecht,kasper dolberg,6.5,3,1,122,1,1.94,0,0.13,0,1,7,4,14.29,25,29,86.21,0,0,0.0,1,16,0,0,1,4,25.0,0,0,0.0,50,13,1,2,2,2,28.57,1,2,33.33,3,30.0,0,0,0.0,0,0,0,1,0,0,0,0,1,0,0,0,0,0,0,3,0,0,3,0,0,0,0,0,0,0,0
379184,Kylian Hazard,RFC Liège,kylian hazard,7.05,2,1,121,1,0.6,0,0.3,1,1,5,1,20.0,27,33,81.82,1,3,33.33,3,11,0,1,2,5,40.0,13,5,38.46,73,24,3,6,1,4,33.33,0,6,0.0,4,22.22,2,1,50.0,1,0,2,0,0,0,1,3,0,0,0,0,0,0,0,2,0,0,2,0,0,0,0,0,0,0,0
962872,Kays Ruiz-Atil,RFC Liège,kays ruiz-atil,6.7,2,1,121,0,0.04,0,0.1,0,0,1,0,0.0,81,99,81.82,3,10,30.0,3,43,3,8,2,4,50.0,6,0,0.0,125,32,2,6,2,5,50.0,1,1,50.0,6,50.0,1,0,0.0,0,0,0,0,0,0,0,1,2,0,0,0,0,0,0,2,0,0,2,0,0,0,0,0,0,0,0
1521229,Steeven Assengue,Standard Liège,steeven assengue,6.65,6,0,121,0,,0,0.04,0,0,0,0,0.0,35,42,83.33,1,2,50.0,2,13,0,0,2,3,66.67,1,0,0.0,81,20,0,6,3,9,50.0,0,3,0.0,9,42.86,4,3,75.0,1,2,0,1,0,0,3,3,3,0,0,0,0,0,0,1,0,0,1,0,0,0,0,0,0,0,0
1472969,Christian Akpan,Genk,christian akpan,7.0,1,1,120,0,,0,0.01,0,0,0,0,0.0,43,53,81.13,0,6,0.0,0,7,1,4,1,1,100.0,2,0,0.0,95,18,1,9,1,5,41.67,4,1,80.0,9,52.94,4,3,75.0,5,17,0,0,0,0,2,4,0,0,0,0,0,0,0,1,0,0,1,0,0,0,0,0,0,0,0
2058686,Gabriel Jesus David,Antwerp,gabriel jesus david,6.5,8,0,120,0,0.13,0,0.01,0,0,1,0,0.0,14,17,82.35,0,0,0.0,2,6,0,1,1,3,33.33,2,0,0.0,54,23,0,2,5,6,37.5,3,6,33.33,9,36.0,2,1,50.0,0,2,1,1,0,0,1,2,3,1,0,0,0,0,0,2,0,0,2,0,0,0,0,0,0,0,0
1518101,Shandre Campbell,Club Brugge,shandre campbell,6.77,11,0,119,1,0.2,0,0.19,1,0,5,1,20.0,45,57,78.95,5,8,62.5,3,23,4,6,4,11,36.36,5,1,20.0,106,29,3,12,2,12,42.86,0,0,0.0,12,42.86,5,2,40.0,0,2,2,0,0,0,5,2,3,1,0,0,0,0,0,4,0,0,3,1,0,0,0,0,0,0,0
144168,Glenn Claes,K. Beerschot V.A.,glenn claes,6.55,2,2,116,0,0.12,0,0.1,0,0,3,2,0.0,39,50,78.0,2,4,50.0,0,19,2,6,0,2,0.0,5,0,0.0,71,21,0,1,0,5,71.43,3,2,60.0,8,66.67,1,1,100.0,0,2,1,0,0,0,0,1,4,0,0,0,0,0,0,2,0,0,1,1,0,0,0,0,0,0,0
333301,Boli Bolingoli-Mbombo,Standard Liège,boli bolingoli-mbombo,6.43,3,1,115,0,,0,0.01,0,0,0,0,0.0,41,51,80.39,2,5,40.0,0,7,0,2,1,1,100.0,0,0,0.0,90,19,0,5,2,5,50.0,2,0,100.0,7,58.33,3,3,100.0,4,9,0,0,0,0,3,0,1,0,0,0,0,0,0,5,0,0,4,1,0,0,0,0,0,0,0
859899,Timothy Eyoma,Lommel SK,timothy eyoma,6.53,3,1,114,0,,0,0.01,0,0,0,0,0.0,36,56,64.29,6,19,31.58,1,9,7,15,1,1,100.0,0,0,0.0,91,29,0,9,1,3,50.0,4,4,50.0,7,50.0,1,0,0.0,1,8,0,0,0,0,1,1,1,0,0,0,0,0,1,2,0,0,1,1,0,0,0,0,0,0,0
1390360,Mohamed Salah El Boukammiri,Lommel SK,mohamed salah el boukammiri,6.82,5,0,112,0,0.03,1,0.09,1,0,5,2,0.0,41,50,82.0,1,3,33.33,2,13,0,1,2,3,66.67,3,2,66.67,81,17,0,10,3,9,50.0,3,4,42.86,12,48.0,4,3,75.0,0,2,2,0,0,0,2,3,3,2,0,0,0,0,0,1,0,0,0,1,0,0,0,0,0,0,0
1531384,Antonio Cordero,Westerlo,antonio cordero,6.47,7,0,106,0,0.4,0,0.2,0,0,4,1,0.0,22,31,70.97,1,2,50.0,3,9,0,3,0,3,0.0,7,3,42.86,65,24,0,3,5,3,27.27,0,2,0.0,3,23.08,2,1,50.0,1,1,1,1,0,0,0,0,1,0,0,0,0,0,0,2,0,0,2,0,0,0,0,0,0,0,0
58917,Geoffry Hairemans,Antwerp,geoffry hairemans,6.47,4,1,105,0,0.82,0,0.16,0,1,2,0,0.0,68,79,86.08,4,4,100.0,2,25,6,9,0,1,0.0,4,1,25.0,101,25,1,6,2,1,14.29,2,1,66.67,3,30.0,0,0,0.0,0,1,0,0,0,0,2,1,1,0,0,0,0,0,0,0,0,0,0,0,0,0,0,0,0,0,0
548640,Vetle Dragsnes,Charleroi,vetle dragsnes,7.1,2,1,101,1,0.37,0,0.03,0,0,3,3,33.33,40,50,80.0,1,3,33.33,0,11,1,2,0,0,0.0,8,0,0.0,92,29,0,1,2,3,50.0,2,0,100.0,5,62.5,2,2,100.0,0,3,0,1,0,0,1,0,1,0,0,0,0,0,0,2,0,0,2,0,0,0,0,0,0,0,0
1897832,Massire Sylla,Union SG,massire sylla,6.9,3,1,101,0,,0,0.0,0,0,0,0,0.0,53,60,88.33,6,11,54.55,0,1,0,1,0,0,0.0,0,0,0.0,88,8,0,7,0,6,85.71,2,0,100.0,8,88.89,5,3,60.0,3,16,0,0,0,0,0,1,1,1,0,0,0,0,1,1,0,0,1,0,0,0,0,0,0,0,0
1002383,Bryang Kayo,OH Leuven,bryang kayo,6.76,5,1,100,0,,0,0.03,0,0,0,0,0.0,30,35,85.71,0,0,0.0,2,8,0,1,0,1,0.0,2,0,0.0,59,9,0,1,0,8,72.73,0,1,0.0,8,66.67,4,4,100.0,1,5,0,0,0,0,0,2,4,0,0,0,0,0,0,0,0,0,0,0,0,0,0,0,0,0,0
1008697,Anthony Descotte,Charleroi,anthony descotte,6.37,3,1,100,0,,0,0.01,0,0,0,0,0.0,7,11,63.64,0,0,0.0,0,4,0,1,0,1,0.0,1,0,0.0,18,8,0,0,0,1,12.5,1,2,33.33,2,18.18,0,0,0.0,0,1,0,0,0,0,0,6,1,0,0,0,0,0,0,2,0,0,2,0,0,0,0,0,0,0,0
2137673,Jules Ahoka,Antwerp,jules ahoka,7.45,2,1,98,0,0.02,0,0.0,0,0,1,0,0.0,40,45,88.89,2,5,40.0,0,0,1,2,1,1,100.0,0,0,0.0,75,5,0,3,0,5,100.0,6,5,54.55,11,68.75,2,1,50.0,1,16,1,3,0,0,0,0,2,0,0,0,0,0,1,0,0,0,0,0,0,0,0,0,0,0,0
148132,Denis Prychynenko,Patro Eisden Maasmechelen,denis prychynenko,6.2,2,2,97,0,,0,0.0,0,0,0,0,0.0,4,5,80.0,0,0,0.0,0,0,0,0,0,0,0.0,0,0,0.0,21,1,0,0,0,3,42.86,2,3,40.0,5,41.67,3,2,66.67,0,10,0,1,0,0,0,4,0,1,0,0,0,0,0,1,0,0,1,0,0,0,0,0,0,0,0
1012480,Enis Destan,Westerlo,enis destan,6.5,3,1,96,0,0.16,0,0.05,0,0,3,1,0.0,14,24,58.33,0,0,0.0,0,11,0,1,0,1,0.0,0,0,0.0,41,15,1,3,2,2,22.22,6,1,85.71,8,50.0,0,0,0.0,0,3,0,0,0,0,0,4,2,1,0,0,0,0,0,2,0,0,2,0,0,0,0,0,0,0,0
998414,Nilton Varela,K. Beerschot V.A.,nilton varela,6.47,3,1,95,0,0.07,0,0.05,0,0,1,0,0.0,16,25,64.0,1,5,20.0,0,3,1,1,0,2,0.0,3,1,33.33,55,17,0,3,0,3,50.0,2,3,40.0,5,45.45,1,0,0.0,1,5,0,3,0,0,1,0,2,0,0,0,0,0,0,3,0,0,3,0,0,0,0,0,0,0,0
803742,Kjetil Borry,Patro Eisden Maasmechelen,kjetil borry,6.5,1,0,94,0,,0,0.0,0,0,0,0,0.0,19,28,67.86,3,8,37.5,0,1,1,3,0,0,0.0,0,0,0.0,42,11,0,1,0,1,50.0,2,2,50.0,3,50.0,1,1,100.0,0,7,0,1,0,0,0,1,0,0,0,0,0,0,0,2,0,0,1,1,0,0,0,0,0,0,0
904995,Theo Epailly,La Louvière,theo epailly,6.33,4,1,92,0,0.09,0,0.02,0,0,1,0,0.0,8,17,47.06,1,1,100.0,1,4,0,1,0,2,0.0,3,0,0.0,30,18,1,1,0,0,0.0,1,5,16.67,1,10.0,0,0,0.0,0,2,1,0,0,0,0,3,0,0,0,0,0,0,0,4,0,0,4,0,0,0,0,0,0,0,0
1481739,Ensar Brahić,K. Beerschot V.A.,ensar brahic,7.27,3,0,91,2,0.49,0,0.27,0,0,4,2,50.0,9,17,52.94,0,0,0.0,1,6,0,0,0,0,0.0,0,0,0.0,29,13,1,2,1,2,50.0,5,5,50.0,7,50.0,0,0,0.0,0,0,2,0,0,0,0,1,2,0,0,0,0,0,0,2,0,0,2,0,0,0,0,0,0,0,0
1652684,Abdoul Kader Ouattara,Cercle Brugge,abdoul kader ouattara,6.37,3,1,91,0,,0,0.2,0,0,0,0,0.0,12,17,70.59,0,1,0.0,1,5,2,2,0,2,0.0,0,0,0.0,34,14,1,5,1,4,57.14,2,3,40.0,6,50.0,0,0,0.0,0,1,0,0,0,0,0,0,5,0,0,0,0,0,0,1,0,0,1,0,0,0,0,0,0,0,0
1835475,Christ Souanga,OH Leuven,christ souanga,7.6,1,1,90,1,0.07,0,0.01,0,0,1,1,100.0,23,29,79.31,4,7,57.14,0,3,3,5,0,0,0.0,0,0,0.0,40,6,0,4,0,1,33.33,0,0,0.0,1,33.33,1,0,0.0,3,4,0,0,0,0,0,2,0,0,0,0,0,0,0,1,0,0,1,0,0,0,0,0,0,0,0
1391493,Niels Devalckeneer,Antwerp,niels devalckeneer,6.7,1,1,90,0,,0,0.0,0,0,0,0,0.0,13,22,59.09,7,16,43.75,0,0,1,2,0,0,0.0,0,0,0.0,30,9,0,8,0,0,0.0,0,0,0.0,0,0.0,0,0,0.0,0,3,0,0,0,0,0,0,0,0,0,2,0,1,1,0,1,1,0,0,1,2,2,0,0,0,0
794545,Damien Mouchamps,RFC Liège,damien mouchamps,6.4,1,1,90,0,,0,0.06,0,0,0,0,0.0,32,43,74.42,3,6,50.0,0,16,2,4,0,1,0.0,6,1,16.67,61,21,0,4,1,0,0.0,2,1,66.67,2,40.0,0,0,0.0,0,4,0,0,0,0,0,0,0,0,0,0,0,0,0,3,0,0,3,0,0,0,0,0,0,0,0
1191211,Bas Langenbick,Cercle Brugge,bas langenbick,6.1,1,1,90,0,,0,0.0,0,0,0,0,0.0,14,20,70.0,2,8,25.0,0,0,1,3,0,0,0.0,0,0,0.0,30,6,0,9,0,0,0.0,1,0,100.0,1,100.0,0,0,0.0,0,1,0,0,0,0,0,0,0,0,0,2,0,1,0,4,1,1,4,0,1,0,0,0,0,1,0
328159,Nicolas Rommens,Lommel SK,nicolas rommens,6.58,5,0,89,0,,0,0.11,0,0,0,0,0.0,28,45,62.22,0,7,0.0,1,11,1,5,0,0,0.0,5,1,20.0,65,21,0,4,0,4,57.14,2,2,50.0,6,54.55,2,2,100.0,1,6,0,0,0,0,0,3,2,0,0,0,0,0,0,1,0,0,1,0,0,0,0,0,0,0,0
70961,Mats Rits,Anderlecht,mats rits,6.7,3,0,88,0,0.11,0,0.05,0,0,1,0,0.0,20,34,58.82,0,8,0.0,0,5,1,7,0,0,0.0,0,0,0.0,45,16,0,5,0,2,66.67,0,0,0.0,2,66.67,1,1,100.0,0,2,0,1,0,0,1,1,1,0,0,0,0,0,0,1,0,0,1,0,0,0,0,0,0,0,0
1099751,Alexis Lefebvre,RFC Liège,alexis lefebvre,6.6,1,1,87,0,0.13,0,0.16,1,0,3,1,0.0,18,29,62.07,1,2,50.0,3,4,0,2,0,2,0.0,10,2,20.0,52,23,2,8,2,4,44.44,0,2,0.0,4,36.36,3,2,66.67,0,0,1,0,0,0,0,1,1,1,0,0,0,0,0,2,0,0,2,0,0,0,0,0,0,0,0
1403098,Kaye Furo,Club Brugge,kaye furo,6.76,5,0,84,1,0.39,0,0.2,1,2,4,2,25.0,15,32,46.88,0,2,0.0,2,7,0,0,1,1,100.0,1,1,100.0,51,21,0,4,0,5,62.5,9,4,69.23,14,66.67,2,1,50.0,0,1,0,0,0,0,2,1,2,0,0,0,0,0,0,3,0,0,3,0,0,0,0,0,0,0,0
886227,Hassane Bandé,Mechelen,hassane bande,6.55,7,0,82,0,,0,0.08,0,0,0,0,0.0,26,28,92.86,0,1,0.0,0,15,2,2,1,4,25.0,0,0,0.0,51,13,1,3,2,6,42.86,5,5,50.0,11,45.83,0,0,0.0,0,0,0,0,0,0,1,2,7,0,0,0,0,0,0,3,0,0,3,0,0,0,0,0,0,0,0
2049801,Shion Shinkawa,Sint-Truiden,shion shinkawa,6.47,4,1,81,0,0.1,0,0.01,0,0,2,0,0.0,12,15,80.0,0,1,0.0,0,5,0,0,0,2,0.0,0,0,0.0,32,10,1,4,2,3,33.33,0,2,0.0,3,27.27,0,0,0.0,0,2,0,0,0,0,0,2,3,0,0,0,0,0,0,2,0,0,2,0,0,0,0,0,0,0,0
987734,Tolu Arokodare,Genk,tolu arokodare,6.93,4,0,80,1,0.27,0,0.09,0,1,6,2,16.67,20,33,60.61,1,1,100.0,0,12,1,2,3,4,75.0,1,0,0.0,72,25,0,1,2,6,60.0,11,2,84.62,17,73.91,0,0,0.0,0,6,1,0,0,0,0,1,3,0,0,0,0,0,0,1,0,0,1,0,0,0,0,0,0,0,0
1591025,Mohammed El Âdfaoui,Gent,mohammed el adfaoui,6.7,4,0,79,0,0.09,1,0.88,1,0,2,0,0.0,40,50,80.0,0,4,0.0,3,17,2,6,1,1,100.0,7,1,14.29,69,18,0,4,1,4,80.0,2,2,50.0,6,66.67,2,0,0.0,0,0,2,0,0,0,0,1,1,0,0,0,0,0,0,3,0,0,2,1,0,0,0,0,0,0,0
795994,Alexis De Sart,RFC Liège,alexis de sart,6.5,1,1,79,0,0.03,0,0.01,0,0,1,0,0.0,24,33,72.73,3,5,60.0,0,4,1,1,0,1,0.0,0,0,0.0,46,11,0,7,0,4,57.14,1,0,100.0,5,62.5,4,3,75.0,2,1,1,0,0,0,1,1,0,0,0,0,0,0,0,3,0,0,3,0,0,0,0,0,0,0,0
1113031,Moïse Sahi Dion,Dender,moise sahi dion,6.5,5,0,78,0,0.1,0,0.03,0,0,1,0,0.0,31,33,93.94,0,0,0.0,0,15,2,3,2,2,100.0,1,0,0.0,43,8,0,2,1,2,40.0,0,4,0.0,2,22.22,0,0,0.0,0,0,0,0,0,0,2,0,0,0,0,0,0,0,0,2,0,0,2,0,0,0,0,0,0,0,0
1103764,Ivan Pavlić,Union SG,ivan pavlic,6.5,9,0,77,0,0.03,0,0.03,0,0,1,0,0.0,33,45,73.33,4,8,50.0,0,16,2,4,0,1,0.0,1,0,0.0,60,17,0,4,1,2,20.0,1,1,50.0,3,25.0,0,0,0.0,0,1,0,1,0,0,4,3,2,1,0,0,0,0,0,2,0,0,1,1,0,0,0,0,0,0,0
1994822,Royer Caicedo,Cercle Brugge,royer caicedo,6.4,2,1,76,0,0.11,0,0.01,0,0,2,1,0.0,27,34,79.41,0,3,0.0,0,4,0,2,0,1,0.0,0,0,0.0,51,9,0,2,0,2,50.0,5,4,55.56,7,53.85,2,1,50.0,2,3,1,0,0,0,0,1,0,0,0,0,0,0,0,2,0,0,2,0,0,0,0,0,0,0,0
1463503,Malick Mbaye,Zulte Waregem,malick mbaye,6.85,6,0,74,1,0.38,0,0.07,0,0,3,2,33.33,13,19,68.42,0,0,0.0,1,5,0,0,2,4,50.0,3,1,33.33,47,17,0,4,2,5,45.45,4,3,57.14,9,50.0,1,1,100.0,2,0,1,0,0,0,1,1,2,0,0,0,0,0,0,1,0,0,1,0,0,0,0,0,0,0,0
149796,Nikola Storm,Mechelen,nikola storm,6.1,1,1,73,0,,0,0.01,0,0,0,0,0.0,17,24,70.83,1,2,50.0,1,3,1,2,0,3,0.0,4,0,0.0,37,17,0,2,2,0,0.0,0,0,0.0,0,0.0,0,0,0.0,0,0,0,0,0,0,0,0,0,0,0,0,0,0,0,0,0,0,0,0,0,0,0,0,0,0,0
1470008,Charles Herrmann,Cercle Brugge,charles herrmann,6.47,4,0,72,0,0.11,0,0.04,0,0,2,0,0.0,21,29,72.41,0,0,0.0,1,9,1,2,1,4,25.0,1,1,100.0,51,17,0,8,2,5,38.46,0,3,0.0,5,31.25,3,3,100.0,0,0,2,0,0,0,2,1,1,0,0,0,0,0,0,0,0,0,0,0,0,0,0,0,0,0,0
1514298,Dalangunypole Gomis,Cercle Brugge,dalangunypole gomis,6.5,1,1,70,0,0.04,0,0.06,0,0,1,0,0.0,49,54,90.74,4,7,57.14,0,7,3,5,0,0,0.0,2,1,50.0,64,7,0,6,0,1,100.0,2,2,50.0,3,60.0,1,0,0.0,1,3,0,0,0,0,0,0,0,0,0,0,0,0,0,3,0,0,2,1,0,0,0,0,0,0,0
1512259,Abian Arslan,RFC Liège,abian arslan,6.45,2,1,70,0,0.13,0,0.02,0,0,1,0,0.0,10,17,58.82,0,0,0.0,0,4,1,1,5,7,71.43,1,0,0.0,39,14,1,3,1,8,61.54,0,3,0.0,8,50.0,1,1,100.0,2,0,0,0,0,0,0,3,2,0,0,0,0,0,0,3,0,0,3,0,0,0,0,0,0,0,0
1130942,Félix Lemaréchal,Club Brugge,felix lemarechal,6.45,2,1,69,0,0.17,0,0.14,0,0,1,1,0.0,34,43,79.07,0,0,0.0,0,14,1,2,0,1,0.0,3,0,0.0,65,19,0,5,3,6,46.15,0,0,0.0,6,46.15,4,2,50.0,0,0,0,0,0,0,2,1,2,0,0,0,0,0,0,1,0,0,1,0,0,0,0,0,0,0,0
1481773,Alouis Diriken,Sint-Truiden,alouis diriken,6.65,7,0,68,0,0.04,0,0.04,0,0,2,1,0.0,34,39,87.18,0,2,0.0,0,10,0,2,0,0,0.0,1,1,100.0,54,5,0,4,0,4,66.67,0,2,0.0,4,50.0,4,2,50.0,1,2,1,0,0,0,1,1,0,0,0,0,0,0,0,1,0,0,1,0,0,0,0,0,0,0,0
1839317,Mamadou Barry,Union SG,mamadou barry,6.9,2,1,67,0,0.04,0,0.0,0,0,1,0,0.0,16,22,72.73,0,2,0.0,0,3,0,1,0,0,0.0,0,0,0.0,47,9,0,2,0,4,80.0,5,2,71.43,9,75.0,3,2,66.67,3,5,0,0,0,0,0,1,1,0,0,0,0,0,0,0,0,0,0,0,0,0,0,0,0,0,0
1002317,Ryan Teague,Mechelen,ryan teague,6.58,5,0,59,0,,0,0.02,0,0,0,0,0.0,16,19,84.21,0,1,0.0,0,3,1,2,0,1,0.0,4,0,0.0,41,12,0,1,1,2,33.33,1,1,50.0,3,37.5,2,0,0.0,0,7,0,2,0,0,0,2,0,0,0,0,0,0,0,2,0,0,2,0,0,0,0,0,0,0,0
1108450,Zaid Romero,Club Brugge,zaid romero,6.2,1,1,59,0,0.02,0,0.01,0,0,1,1,0.0,43,46,93.48,0,0,0.0,0,9,0,0,0,0,0.0,0,0,0.0,50,3,0,4,0,0,0.0,1,1,50.0,1,50.0,0,0,0.0,0,2,0,0,0,0,0,0,0,0,0,0,0,0,0,2,0,0,2,0,0,0,0,0,0,0,0
572286,Gustaf Nilsson,Club Brugge,gustaf nilsson,6.44,7,0,58,0,0.2,0,0.13,0,0,3,1,0.0,10,18,55.56,0,0,0.0,0,6,0,0,0,0,0.0,0,0,0.0,30,13,1,3,1,1,11.11,5,2,71.43,6,37.5,1,0,0.0,0,1,1,0,0,0,0,7,0,1,0,0,0,0,0,0,0,0,0,0,0,0,0,0,0,0,0
1931420,August De Wannemacker,Genk,august de wannemacker,6.4,4,0,58,0,0.08,0,0.07,0,0,1,1,0.0,47,53,88.68,1,1,100.0,1,16,1,1,2,5,40.0,1,0,0.0,69,12,0,3,1,6,50.0,0,2,0.0,6,42.86,1,0,0.0,0,1,0,0,0,0,1,1,3,0,0,0,0,0,0,1,0,0,1,0,0,0,0,0,0,0,0
1493773,Robin van Duiven,Lommel SK,robin van duiven,6.47,3,0,57,0,0.4,1,0.02,1,0,2,1,0.0,10,12,83.33,0,2,0.0,1,4,0,1,0,0,0.0,0,0,0.0,30,6,0,0,1,4,66.67,2,9,18.18,6,35.29,2,1,50.0,0,2,0,1,0,0,0,2,2,0,0,0,0,0,0,1,0,0,1,0,0,0,0,0,0,0,0
1177983,Raf Smekens,Westerlo,raf smekens,6.7,2,0,53,0,0.08,0,0.03,0,0,2,0,0.0,25,37,67.57,1,2,50.0,1,10,1,3,0,0,0.0,1,0,0.0,49,15,1,4,0,2,100.0,0,0,0.0,2,100.0,2,1,50.0,1,0,0,0,0,0,0,0,0,0,0,0,0,0,0,0,0,0,0,0,0,0,0,0,0,0,0
794418,Wolke Janssens,Sint-Truiden,wolke janssens,6.67,7,0,47,0,,0,0.03,0,0,0,0,0.0,29,38,76.32,1,1,100.0,0,10,3,4,2,2,100.0,0,0,0.0,60,11,0,2,0,5,83.33,4,2,66.67,9,75.0,3,1,33.33,2,6,0,1,0,0,1,0,0,0,0,0,0,0,0,1,0,0,0,1,0,0,0,0,0,0,0
1929417,Basile Vroninks,Anderlecht,basile vroninks,6.9,1,0,45,0,,0,0.14,0,0,0,0,0.0,13,15,86.67,1,1,100.0,1,5,1,1,1,3,33.33,2,0,0.0,28,8,0,4,0,3,60.0,0,0,0.0,3,60.0,1,1,100.0,1,1,0,0,0,0,0,0,1,0,0,0,0,0,0,2,0,0,2,0,0,0,0,0,0,0,0
1473182,Anas Tajaouart,Anderlecht,anas tajaouart,6.3,1,1,45,0,,0,0.02,0,0,0,0,0.0,28,33,84.85,0,1,0.0,0,8,1,1,0,0,0.0,0,0,0.0,39,6,1,1,0,1,33.33,1,1,50.0,2,40.0,1,0,0.0,1,0,0,0,0,0,1,1,0,0,0,0,0,0,0,3,0,0,3,0,0,0,0,0,0,0,0
1465821,Matteo Heremans,OH Leuven,matteo heremans,6.0,1,0,45,0,,0,0.01,0,0,0,0,0.0,10,14,71.43,0,1,0.0,0,3,0,0,0,0,0.0,0,0,0.0,19,8,0,1,1,0,0.0,1,2,33.33,1,20.0,0,0,0.0,0,0,0,0,0,0,0,1,0,0,0,0,0,0,0,3,0,0,3,0,0,0,0,0,0,0,0
794565,Yassin Gueroui,Patro Eisden Maasmechelen,yassin gueroui,7.1,1,0,44,0,,0,0.0,0,0,0,0,0.0,6,16,37.5,1,3,33.33,0,1,0,1,0,0,0.0,0,0,0.0,32,13,0,3,0,4,80.0,6,1,85.71,10,83.33,2,2,100.0,2,7,0,0,0,0,0,1,2,1,0,0,0,0,0,2,0,0,1,1,0,0,0,0,0,0,0
2307624,Elnora Lembi,Dender,elnora lembi,7.5,2,0,43,0,,0,0.0,0,0,0,0,0.0,19,23,82.61,1,2,50.0,0,2,1,1,0,0,0.0,0,0,0.0,32,4,0,2,0,2,100.0,3,3,50.0,5,62.5,2,1,50.0,1,0,0,3,0,0,0,0,0,0,0,0,0,0,0,0,0,0,0,0,0,0,0,0,0,0,0
1465411,Reda Laalaoui,Westerlo,reda laalaoui,6.83,3,0,43,0,0.1,0,0.01,0,0,2,1,0.0,25,29,86.21,0,1,0.0,0,4,0,2,0,0,0.0,0,0,0.0,41,7,0,5,0,3,100.0,4,0,100.0,7,100.0,3,2,66.67,0,1,0,0,0,0,0,0,0,0,0,0,0,0,0,0,0,0,0,0,0,0,0,0,0,0,0
2487802,Luca Schelfhout,Antwerp,luca schelfhout,6.8,2,0,43,0,,0,0.01,0,0,0,0,0.0,8,11,72.73,1,1,100.0,0,4,0,0,0,1,0.0,2,0,0.0,26,9,0,3,0,3,60.0,0,2,0.0,3,42.86,3,2,66.67,0,3,0,0,0,0,1,0,0,0,0,0,0,0,0,0,0,0,0,0,0,0,0,0,0,0,0
1102965,Nikola Mituljikić,Zulte Waregem,nikola mituljikic,6.3,2,0,43,0,,0,0.01,0,0,0,0,0.0,16,16,100.0,0,0,0.0,2,6,0,0,1,1,100.0,1,0,0.0,26,2,0,2,1,1,20.0,0,2,0.0,1,14.29,0,0,0.0,0,0,0,0,0,0,2,1,0,0,0,0,0,0,0,1,0,0,1,0,0,0,0,0,0,0,0
1897486,Yoann Cissé,Charleroi,yoann cisse,6.7,5,0,37,0,0.07,0,0.41,0,0,2,1,0.0,17,23,73.91,1,1,100.0,2,9,1,2,0,2,0.0,4,2,50.0,35,10,0,1,0,1,33.33,0,0,0.0,1,33.33,0,0,0.0,1,0,0,0,0,0,0,0,1,0,0,0,0,0,0,1,0,0,1,0,0,0,0,0,0,0,0
2425195,Joshua Nga Kana,Anderlecht,joshua nga kana,6.37,3,0,37,0,0.1,0,0.01,0,0,2,0,0.0,6,8,75.0,0,0,0.0,0,3,0,0,0,1,0.0,1,0,0.0,17,7,0,0,1,1,33.33,0,0,0.0,1,33.33,1,1,100.0,0,0,1,0,0,0,0,0,0,0,0,0,0,0,0,2,0,0,2,0,0,0,0,0,0,0,0
1822941,Siviwe Magidigidi,K. Beerschot V.A.,siviwe magidigidi,6.7,1,0,36,0,0.02,0,0.11,0,0,1,0,0.0,8,9,88.89,0,0,0.0,2,8,0,0,0,3,0.0,5,0,0.0,21,10,0,0,0,1,25.0,2,2,50.0,3,37.5,0,0,0.0,0,0,0,0,0,0,0,0,1,0,0,0,0,0,0,0,0,0,0,0,0,0,0,0,0,0,0
2602250,Modibo Fofana,Antwerp,modibo fofana,7.45,2,0,35,1,0.22,0,0.1,0,0,4,1,25.0,14,15,93.33,1,1,100.0,1,3,0,0,2,2,100.0,0,0,0.0,30,5,0,5,2,5,71.43,1,0,100.0,6,75.0,3,2,66.67,0,0,1,1,0,0,0,0,0,0,0,0,0,0,0,0,0,0,0,0,0,0,0,0,0,0,0
1046241,Isaías Delpupo,Sint-Truiden,isaias delpupo,6.67,4,0,35,0,,0,0.0,0,0,0,0,0.0,10,16,62.5,0,2,0.0,0,3,0,2,2,2,100.0,3,0,0.0,37,14,1,3,2,5,55.56,0,1,0.0,5,50.0,2,1,50.0,0,1,0,1,0,0,1,1,1,0,0,0,0,0,0,0,0,0,0,0,0,0,0,0,0,0,0
1063222,Kayden Pierre,Genk,kayden pierre,6.6,1,0,35,0,,1,0.05,1,0,0,0,0.0,7,9,77.78,1,1,100.0,1,3,0,0,0,0,0.0,0,0,0.0,20,6,0,2,1,3,75.0,0,1,0.0,3,60.0,1,0,0.0,1,1,0,0,0,0,0,0,2,0,0,0,0,0,0,1,0,0,1,0,0,0,0,0,0,0,0
842287,Ridwane M'Barki,Patro Eisden Maasmechelen,ridwane m'barki,6.4,2,0,35,0,,0,0.0,0,0,0,0,0.0,4,7,57.14,2,4,50.0,0,1,0,0,0,0,0.0,0,0,0.0,9,5,0,0,1,0,0.0,0,0,0.0,0,0.0,0,0,0.0,0,0,0,0,0,0,0,1,0,0,0,0,0,0,0,2,0,0,1,1,0,0,0,0,0,0,0
2014314,Alexander De Ridder,Anderlecht,alexander de ridder,6.1,1,0,35,0,,0,0.01,0,0,0,0,0.0,8,12,66.67,0,2,0.0,0,1,0,1,0,0,0.0,0,0,0.0,12,4,1,4,0,0,0.0,0,1,0.0,0,0.0,0,0,0.0,0,0,0,0,0,0,0,2,0,1,0,0,0,0,0,1,0,0,1,0,0,0,0,0,0,0,0
876447,Mathias Fixelles,Westerlo,mathias fixelles,6.57,4,0,33,0,,0,0.0,0,0,0,0,0.0,14,16,87.5,1,2,50.0,0,2,0,0,0,0,0.0,0,0,0.0,27,4,0,5,1,4,50.0,1,0,100.0,5,55.56,4,2,50.0,0,3,0,1,0,0,2,1,0,0,0,0,0,0,0,2,0,0,2,0,0,0,0,0,0,0,0
1520987,Noah Makembo-Ntemo,La Louvière,noah makembo-ntemo,6.45,2,0,32,0,,0,0.01,0,0,0,0,0.0,8,11,72.73,0,0,0.0,0,4,0,1,1,2,50.0,1,0,0.0,17,6,0,0,0,1,50.0,0,0,0.0,1,50.0,0,0,0.0,0,0,0,0,0,0,0,0,0,0,0,0,0,0,0,1,0,0,1,0,0,0,0,0,0,0,0
1520808,Alama Bayo,Cercle Brugge,alama bayo,6.4,5,0,31,0,,0,0.01,0,0,0,0,0.0,5,9,55.56,0,0,0.0,1,3,0,1,0,3,0.0,2,0,0.0,18,10,0,0,1,1,14.29,0,3,0.0,1,10.0,0,0,0.0,0,0,0,0,0,0,0,2,1,0,0,0,0,0,0,0,0,0,0,0,0,0,0,0,0,0,0
1485493,Moctar Diop,Gent,moctar diop,6.4,3,0,30,0,0.07,0,0.01,0,0,1,0,0.0,5,9,55.56,0,0,0.0,0,2,0,0,0,0,0.0,0,0,0.0,15,5,0,0,1,0,0.0,3,9,25.0,3,23.08,0,0,0.0,0,0,0,2,0,0,0,1,0,0,0,0,0,0,0,1,0,0,1,0,0,0,0,0,0,0,0
2419385,Charli Spoden,Standard Liège,charli spoden,6.6,1,0,23,0,,0,0.0,0,0,0,0,0.0,6,7,85.71,0,0,0.0,0,2,0,0,0,0,0.0,0,0,0.0,8,1,0,2,0,1,33.33,0,0,0.0,1,33.33,1,0,0.0,0,0,0,0,0,0,1,1,0,0,0,0,0,0,0,0,0,0,0,0,0,0,0,0,0,0,0
1397883,Freddy Mbemba,Charleroi,freddy mbemba,6.55,2,0,23,0,0.08,0,0.01,0,0,2,1,0.0,10,12,83.33,0,1,0.0,1,7,1,1,0,2,0.0,2,0,0.0,24,7,0,3,0,3,50.0,3,0,100.0,6,66.67,2,1,50.0,0,0,0,0,0,0,0,1,1,0,0,0,0,0,0,0,0,0,0,0,0,0,0,0,0,0,0
2203341,Ryan Adewusi,Dender,ryan adewusi,6.4,1,0,23,0,,0,0.01,0,0,0,0,0.0,6,8,75.0,0,0,0.0,0,6,0,0,0,0,0.0,0,0,0.0,9,3,1,1,1,0,0.0,1,3,25.0,1,20.0,0,0,0.0,0,0,0,0,0,0,0,1,0,0,0,0,0,0,0,0,0,0,0,0,0,0,0,0,0,0,0
2063857,Mauro Lenaerts,Mechelen,mauro lenaerts,6.5,2,0,22,0,0.07,0,0.01,0,0,1,0,0.0,1,4,25.0,0,0,0.0,1,1,0,0,1,1,100.0,0,0,0.0,7,4,0,0,1,1,50.0,0,0,0.0,1,50.0,0,0,0.0,0,0,0,0,0,0,0,0,0,0,0,0,0,0,0,2,0,0,2,0,0,0,0,0,0,0,0
45897,Guillaume François,Union SG,guillaume francois,6.3,2,0,22,0,,0,0.01,0,0,0,0,0.0,11,14,78.57,2,3,66.67,0,5,1,2,0,1,0.0,0,0,0.0,16,4,0,2,0,0,0.0,0,0,0.0,0,0.0,0,0,0.0,0,0,0,0,0,1,1,1,0,0,0,0,0,0,0,1,0,0,0,1,0,0,0,0,0,0,0
1127709,Japhet Muanza,Patro Eisden Maasmechelen,japhet muanza,6.6,2,0,21,0,,0,0.06,0,0,0,0,0.0,2,4,50.0,0,0,0.0,0,1,0,0,0,0,0.0,0,0,0.0,12,2,0,0,0,1,100.0,5,2,71.43,6,75.0,0,0,0.0,0,5,0,0,0,0,0,0,1,0,0,0,0,0,0,1,0,0,1,0,0,0,0,0,0,0,0
2058687,Orseer Achihi,Antwerp,orseer achihi,6.3,2,0,21,0,,0,0.0,0,0,0,0,0.0,3,5,60.0,0,0,0.0,0,0,0,0,0,0,0.0,0,0,0.0,9,6,0,3,4,0,0.0,0,2,0.0,0,0.0,0,0,0.0,0,0,0,0,0,0,0,0,0,0,0,0,0,0,0,0,0,0,0,0,0,0,0,0,0,0,0
1442013,Hannes Vernemmen,Gent,hannes vernemmen,6.2,1,0,21,0,,0,0.0,0,0,0,0,0.0,1,1,100.0,0,0,0.0,0,0,0,0,0,0,0.0,0,0,0.0,3,0,0,1,0,0,0.0,0,0,0.0,0,0.0,0,0,0.0,0,1,0,0,0,0,0,1,0,0,0,0,0,0,0,1,0,0,1,0,0,0,0,0,0,0,0
1470012,Eliot Bujupi,Westerlo,eliot bujupi,6.4,5,0,17,0,0.15,0,0.06,0,0,2,1,0.0,9,9,100.0,0,0,0.0,2,5,0,0,0,0,0.0,1,0,0.0,14,1,0,1,0,1,33.33,1,2,33.33,2,33.33,0,0,0.0,0,0,0,0,0,0,0,2,1,1,0,0,0,0,0,0,0,0,0,0,0,0,0,0,0,0,0
1514602,Henry Oware,Lommel SK,henry oware,6.9,1,0,15,0,,0,,0,0,0,0,0.0,2,2,100.0,0,0,0.0,0,0,0,0,0,0,0.0,0,0,0.0,10,0,0,0,0,2,66.67,0,1,0.0,2,50.0,1,1,100.0,0,5,0,0,0,0,0,1,1,1,0,0,0,0,0,0,0,0,0,0,0,0,0,0,0,0,0
1546047,Jeff Godelaine,Antwerp,jeff godelaine,6.5,1,0,15,0,0.13,0,0.0,0,0,1,0,0.0,2,2,100.0,1,1,100.0,0,1,0,0,0,0,0.0,0,0,0.0,3,0,0,1,0,0,0.0,0,0,0.0,0,0.0,0,0,0.0,0,0,1,0,0,0,0,0,0,0,0,0,0,0,0,0,0,0,0,0,0,0,0,0,0,0,0
2213490,El Hadji Seck,Gent,el hadji seck,6.4,1,0,15,0,,0,0.0,0,0,0,0,0.0,1,1,100.0,0,0,0.0,0,1,0,0,1,1,100.0,4,0,0.0,8,6,0,0,1,1,50.0,0,0,0.0,1,50.0,0,0,0.0,0,0,0,0,0,0,0,0,0,0,0,0,0,0,0,0,0,0,0,0,0,0,0,0,0,0,0
1656128,Vince Osuji,Club Brugge,vince osuji,6.2,1,0,15,0,,0,0.0,0,0,0,0,0.0,3,3,100.0,0,0,0.0,0,1,0,0,0,0,0.0,0,0,0.0,6,0,0,0,0,0,0.0,0,1,0.0,0,0.0,0,0,0.0,0,2,0,0,0,0,0,0,0,0,0,0,0,0,0,1,0,0,1,0,0,0,0,0,0,0,0
1427490,Milan Govaers,K. Beerschot V.A.,milan govaers,7.4,1,0,13,0,,0,0.01,0,0,0,0,0.0,14,14,100.0,4,4,100.0,0,5,3,3,0,0,0.0,0,0,0.0,16,0,0,2,0,0,0.0,1,0,100.0,1,100.0,0,0,0.0,0,1,0,1,0,0,0,0,0,0,0,0,0,0,0,0,0,0,0,0,0,0,0,0,0,0,0
1389913,Lucas Bretelle,La Louvière,lucas bretelle,7.0,1,0,13,0,,1,0.16,1,0,0,0,0.0,14,18,77.78,1,1,100.0,1,6,1,1,0,0,0.0,0,0,0.0,23,5,0,1,0,1,100.0,0,0,0.0,1,100.0,1,1,100.0,0,0,0,0,0,0,0,0,0,0,0,0,0,0,0,0,0,0,0,0,0,0,0,0,0,0,0
2399613,Abdul Ayinde,Gent,abdul ayinde,6.7,2,0,13,0,,0,0.03,0,0,0,0,0.0,8,11,72.73,0,0,0.0,0,3,0,2,0,0,0.0,0,0,0.0,16,3,0,1,0,1,100.0,1,0,100.0,2,100.0,0,0,0.0,1,1,0,0,0,0,0,0,1,0,0,0,0,0,0,0,0,0,0,0,0,0,0,0,0,0,0
1101653,Victor Corneillie,RFC Liège,victor corneillie,6.9,1,0,12,0,,0,0.0,0,0,0,0,0.0,7,8,87.5,0,0,0.0,0,0,0,0,0,0,0.0,0,0,0.0,10,1,0,1,0,0,0.0,2,0,100.0,2,100.0,0,0,0.0,0,2,0,0,0,0,0,0,0,0,0,0,0,0,0,0,0,0,0,0,0,0,0,0,0,0,0
1396504,Quentin Benaets,Charleroi,quentin benaets,6.7,1,0,12,0,,0,0.0,0,0,0,0,0.0,2,2,100.0,1,1,100.0,0,1,1,1,0,0,0.0,2,0,0.0,7,3,0,1,0,0,0.0,0,0,0.0,0,0.0,0,0,0.0,0,0,0,1,0,0,0,0,0,0,0,0,0,0,0,0,0,0,0,0,0,0,0,0,0,0,0
1403045,Argus Vanden Driessche,Club Brugge,argus vanden driessche,6.6,1,0,12,0,,0,0.0,0,0,0,0,0.0,5,5,100.0,1,1,100.0,0,0,0,0,0,0,0.0,0,0,0.0,5,0,0,0,0,0,0.0,0,0,0.0,0,0.0,0,0,0.0,0,0,0,0,0,0,0,0,0,0,0,0,0,0,0,0,0,0,0,0,0,0,0,0,0,0,0
1425339,Gilles De Meyer,Gent,gilles de meyer,6.8,1,0,11,0,,0,0.0,0,0,0,0,0.0,4,5,80.0,0,1,0.0,0,1,0,0,0,0,0.0,0,0,0.0,7,1,0,1,0,1,100.0,0,0,0.0,1,100.0,1,1,100.0,0,1,0,0,0,0,0,0,0,0,0,0,0,0,0,0,0,0,0,0,0,0,0,0,0,0,0
2188051,Sekou Keita,Union SG,sekou keita,6.5,1,0,11,0,,0,,0,0,0,0,0.0,0,1,0.0,0,0,0.0,0,0,0,0,0,0,0.0,0,0,0.0,2,1,0,1,0,0,0.0,0,0,0.0,0,0.0,0,0,0.0,0,0,0,0,0,0,0,0,0,0,0,0,0,0,0,0,0,0,0,0,0,0,0,0,0,0,0
982523,Andri Guðjohnsen,Gent,andri gudjohnsen,6.4,2,0,11,0,,0,0.0,0,0,0,0,0.0,1,3,33.33,0,0,0.0,0,0,0,0,0,0,0.0,0,0,0.0,5,4,0,0,1,0,0.0,2,2,50.0,2,33.33,0,0,0.0,0,0,0,0,0,0,0,1,0,0,0,0,0,0,0,2,0,0,1,1,0,0,0,0,0,0,0
844687,Nicolas Orye,Patro Eisden Maasmechelen,nicolas orye,6.4,2,0,11,0,,0,,0,0,0,0,0.0,0,2,0.0,0,1,0.0,0,0,0,1,0,1,0.0,0,0,0.0,10,7,0,1,0,0,0.0,4,1,80.0,4,50.0,0,0,0.0,0,1,0,0,0,0,1,1,0,1,0,0,0,0,0,1,0,0,1,0,0,0,0,0,0,0,0
997130,Emrehan Gedikli,RFC Liège,emrehan gedikli,6.3,1,0,11,0,,0,,0,0,0,0,0.0,0,0,0.0,0,0,0.0,0,0,0,0,0,0,0.0,0,0,0.0,1,1,0,0,0,0,0.0,0,1,0.0,0,0.0,0,0,0.0,0,0,0,0,0,0,1,0,0,0,0,0,0,0,0,0,0,0,0,0,0,0,0,0,0,0,0
1177319,Arnaud Dony,Patro Eisden Maasmechelen,arnaud dony,6.4,2,0,10,0,0.04,0,0.0,0,0,1,1,0.0,4,4,100.0,1,1,100.0,0,2,0,0,0,0,0.0,0,0,0.0,9,1,0,2,0,1,100.0,1,1,50.0,2,66.67,1,1,100.0,0,1,0,0,0,0,0,0,0,0,0,0,0,0,0,1,0,0,1,0,0,0,0,0,0,0,0
2155267,James Nam,Standard Liège,james nam,6.6,1,0,9,0,,0,,0,0,0,0,0.0,0,1,0.0,0,0,0.0,0,0,0,0,0,0,0.0,0,0,0.0,2,2,0,0,0,0,0.0,1,0,100.0,1,100.0,0,0,0.0,0,0,0,0,0,0,0,0,0,0,0,0,0,0,0,0,0,0,0,0,0,0,0,0,0,0,0
2080950,Sebastian Murru,OH Leuven,sebastian murru,6.5,1,0,8,0,,0,0.0,0,0,0,0,0.0,4,6,66.67,0,0,0.0,0,2,0,1,0,1,0.0,0,0,0.0,7,3,0,1,0,0,0.0,0,0,0.0,0,0.0,0,0,0.0,0,0,0,0,0,0,0,0,0,0,0,0,0,0,0,0,0,0,0,0,0,0,0,0,0,0,0
1888650,Jay David Mbalanda,Sint-Truiden,jay david mbalanda,6.5,1,0,8,0,0.06,0,0.01,0,0,1,0,0.0,4,5,80.0,0,0,0.0,0,2,0,0,0,0,0.0,2,0,0.0,8,3,0,0,0,0,0.0,0,0,0.0,0,0.0,0,0,0.0,0,0,0,0,0,0,0,0,0,0,0,0,0,0,0,0,0,0,0,0,0,0,0,0,0,0,0
2502049,Loris Pirotte,RFC Liège,loris pirotte,0.0,1,0,3,0,,0,0.0,0,0,0,0,0.0,2,3,66.67,0,0,0.0,0,0,0,0,0,0,0.0,1,0,0.0,8,2,0,1,0,1,100.0,0,0,0.0,1,100.0,1,0,0.0,2,0,0,0,0,0,0,0,0,0,0,0,0,0,0,0,0,0,0,0,0,0,0,0,0,0,0
1894037,Soumaela Traoré,La Louvière,soumaela traore,0.0,1,0,3,0,,0,0.0,0,0,0,0,0.0,2,2,100.0,0,0,0.0,0,0,0,0,0,0,0.0,0,0,0.0,2,0,0,0,0,0,0.0,0,0,0.0,0,0.0,0,0,0.0,0,0,0,0,0,0,1,0,0,0,0,0,0,0,0,0,0,0,0,0,0,0,0,0,0,0,0
1567333,Nikoloz Chikovani,Charleroi,nikoloz chikovani,0.0,1,0,1,0,,0,,0,0,0,0,0.0,0,0,0.0,0,0,0.0,0,0,0,0,0,0,0.0,0,0,0.0,2,1,0,0,0,0,0.0,1,0,100.0,1,100.0,0,0,0.0,0,1,0,0,0,0,0,0,0,0,0,0,0,0,0,0,0,0,0,0,0,0,0,0,0,0,0
2466062,Adjani Mujangi Bia,Anderlecht,adjani mujangi bia,0.0,1,0,1,0,,0,,0,0,0,0,0.0,0,0,0.0,0,0,0.0,0,0,0,0,0,0,0.0,0,0,0.0,0,0,0,0,0,0,0.0,0,0,0.0,0,0.0,0,0,0.0,0,0,0,0,0,0,0,0,0,0,0,0,0,0,0,0,0,0,0,0,0,0,0,0,0,0,0
45854,Jo Coppens,Sint-Truiden,jo coppens,0.0,1,0,1,0,,0,,0,0,0,0,0.0,0,1,0.0,0,1,0.0,0,0,0,0,0,0,0.0,0,0,0.0,1,1,0,0,0,0,0.0,0,0,0.0,0,0.0,0,0,0.0,0,0,0,0,0,0,0,0,0,0,0,0,0,0,0,0,0,0,0,0,0,0,0,0,0,0,0
1127857,Mathis Riou,La Louvière,mathis riou,0.0,1,0,1,0,,0,0.0,0,0,0,0,0.0,1,1,100.0,0,0,0.0,0,0,0,0,0,0,0.0,0,0,0.0,1,0,0,0,0,0,0.0,0,0,0.0,0,0.0,0,0,0.0,0,0,0,0,0,0,0,0,0,0,0,0,0,0,0,0,0,0,0,0,0,0,0,0,0,0,0
