detected_at,squad,player,norm_key,tm_id,joined_date,contract_until,contract_signal,tm_photo,source
2026-07-09T08:47:52,Sporting CP,Rui Silva,rui silva,234811,2025-07-01,2028-06-30,,https://img.a.transfermarkt.technology/portrait/medium/234811-1666770953.jpg?lm=1,https://www.transfermarkt.com/sporting-lissabon/kader/verein/336/plus/1
2026-07-09T08:47:52,Sporting CP,João Virgínia,joao virginia,329813,2025-07-25,2028-06-30,,https://img.a.transfermarkt.technology/portrait/medium/329813-1773786854.jpg?lm=1,https://www.transfermarkt.com/sporting-lissabon/kader/verein/336/plus/1
2026-07-09T08:47:52,Sporting CP,Ousmane Diomande,ousmane diomande,974982,2023-01-31,2030-06-30,,https://img.a.transfermarkt.technology/portrait/medium/974982-1759778940.jpg?lm=1,https://www.transfermarkt.com/sporting-lissabon/kader/verein/336/plus/1
2026-07-09T08:47:52,Sporting CP,Gonçalo Inácio,goncalo inacio,549006,2020-07-01,2030-06-30,,https://img.a.transfermarkt.technology/portrait/medium/549006-1716296254.jpg?lm=1,https://www.transfermarkt.com/sporting-lissabon/kader/verein/336/plus/1
2026-07-09T08:47:52,Sporting CP,Zeno Debast,zeno debast,548193,2024-07-04,2029-06-30,,https://img.a.transfermarkt.technology/portrait/medium/548193-1759779104.jpg?lm=1,https://www.transfermarkt.com/sporting-lissabon/kader/verein/336/plus/1
2026-07-09T08:47:52,Sporting CP,Eduardo Quaresma,eduardo quaresma,504073,2020-03-01,2028-06-30,,https://img.a.transfermarkt.technology/portrait/medium/504073-1764375031.jpg?lm=1,https://www.transfermarkt.com/sporting-lissabon/kader/verein/336/plus/1
2026-07-09T08:47:52,Sporting CP,Maxi Araújo,maxi araujo,572675,2024-08-27,2029-06-30,,https://img.a.transfermarkt.technology/portrait/medium/572675-1773786535.jpg?lm=1,https://www.transfermarkt.com/sporting-lissabon/kader/verein/336/plus/1
2026-07-09T08:47:52,Sporting CP,Nuno Santos,nuno santos,290391,2020-08-21,2027-06-30,,https://img.a.transfermarkt.technology/portrait/medium/290391-1765307190.jpg?lm=1,https://www.transfermarkt.com/sporting-lissabon/kader/verein/336/plus/1
2026-07-09T08:47:52,Sporting CP,Ricardo Mangas,ricardo mangas,314944,2025-08-06,2029-06-30,,https://img.a.transfermarkt.technology/portrait/medium/314944-1765307316.jpg?lm=1,https://www.transfermarkt.com/sporting-lissabon/kader/verein/336/plus/1
2026-07-09T08:47:52,Sporting CP,Iván Fresneda,ivan fresneda,946883,2023-08-30,2028-06-30,,https://img.a.transfermarkt.technology/portrait/medium/946883-1761231757.jpg?lm=1,https://www.transfermarkt.com/sporting-lissabon/kader/verein/336/plus/1
2026-07-09T08:47:52,Sporting CP,Georgios Vagiannidis,georgios vagiannidis,546186,2025-08-06,2030-06-30,,https://img.a.transfermarkt.technology/portrait/medium/546186-1765306981.jpg?lm=1,https://www.transfermarkt.com/sporting-lissabon/kader/verein/336/plus/1
2026-07-09T08:47:52,Sporting CP,Salvador Blopa,salvador blopa,1294105,2030-06-30,2030-06-30,NEW,https://img.a.transfermarkt.technology/portrait/medium/1294105-1771958981.jpg?lm=1,https://www.transfermarkt.com/sporting-lissabon/kader/verein/336/plus/1
2026-07-09T08:47:52,Sporting CP,Morten Hjulmand,morten hjulmand,461496,2023-08-13,2028-06-30,,https://img.a.transfermarkt.technology/portrait/medium/461496-1725633200.jpg?lm=1,https://www.transfermarkt.com/sporting-lissabon/kader/verein/336/plus/1
2026-07-09T08:47:52,Sporting CP,Silas Andersen,silas andersen,685657,2026-07-01,2031-06-30,NEW,https://img.a.transfermarkt.technology/portrait/medium/685657-1723460472.jpg?lm=1,https://www.transfermarkt.com/sporting-lissabon/kader/verein/336/plus/1
2026-07-09T08:47:52,Sporting CP,Sergi Altimira,sergi altimira,466801,2026-07-01,2031-06-30,NEW,https://img.a.transfermarkt.technology/portrait/medium/466801-1744375696.jpg?lm=1,https://www.transfermarkt.com/sporting-lissabon/kader/verein/336/plus/1
2026-07-09T08:47:52,Sporting CP,Issa Doumbia,issa doumbia,924349,2026-07-01,2031-06-30,NEW,https://img.a.transfermarkt.technology/portrait/medium/924349-1730186334.jpg?lm=1,https://www.transfermarkt.com/sporting-lissabon/kader/verein/336/plus/1
2026-07-09T08:47:52,Sporting CP,João Simões,joao simoes,958937,2024-11-01,2030-06-30,,https://img.a.transfermarkt.technology/portrait/medium/958937-1761231845.jpg?lm=1,https://www.transfermarkt.com/sporting-lissabon/kader/verein/336/plus/1
2026-07-09T08:47:52,Sporting CP,Daniel Bragança,daniel braganca,461943,2020-08-03,2027-06-30,,https://img.a.transfermarkt.technology/portrait/medium/461943-1765306925.jpg?lm=1,https://www.transfermarkt.com/sporting-lissabon/kader/verein/336/plus/1
2026-07-09T08:47:52,Sporting CP,Giorgi Kochorashvili,giorgi kochorashvili,405564,2025-07-01,2030-06-30,,https://img.a.transfermarkt.technology/portrait/medium/405564-1759133137.jpg?lm=1,https://www.transfermarkt.com/sporting-lissabon/kader/verein/336/plus/1
2026-07-09T08:47:52,Sporting CP,Koba Koindredi,koba koindredi,569375,2024-01-31,2028-06-30,,https://img.a.transfermarkt.technology/portrait/medium/569375-1606423211.jpg?lm=1,https://www.transfermarkt.com/sporting-lissabon/kader/verein/336/plus/1
2026-07-09T08:47:52,Sporting CP,Pedro Lima,pedro lima,816135,2026-07-01,2031-06-30,NEW,https://img.a.transfermarkt.technology/portrait/medium/816135-1670964723.jpg?lm=1,https://www.transfermarkt.com/sporting-lissabon/kader/verein/336/plus/1
2026-07-09T08:47:52,Sporting CP,Sotiris Alexandropoulos,sotiris alexandropoulos,481688,2022-08-29,2027-06-30,,https://img.a.transfermarkt.technology/portrait/medium/481688-1753692280.jpg?lm=1,https://www.transfermarkt.com/sporting-lissabon/kader/verein/336/plus/1
2026-07-09T08:47:52,Sporting CP,Francisco Trincão,francisco trincao,412669,2023-07-01,2030-06-30,,https://img.a.transfermarkt.technology/portrait/medium/412669-1739308729.jpg?lm=1,https://www.transfermarkt.com/sporting-lissabon/kader/verein/336/plus/1
2026-07-09T08:47:52,Sporting CP,Rodrigo Zalazar,rodrigo zalazar,606752,2026-07-01,2031-06-30,NEW,https://img.a.transfermarkt.technology/portrait/medium/606752-1771936397.png?lm=1,https://www.transfermarkt.com/sporting-lissabon/kader/verein/336/plus/1
2026-07-09T08:47:52,Sporting CP,Pedro Gonçalves,pedro goncalves,426620,2020-08-18,2030-06-30,,https://img.a.transfermarkt.technology/portrait/medium/426620-1759778826.jpg?lm=1,https://www.transfermarkt.com/sporting-lissabon/kader/verein/336/plus/1
2026-07-09T08:47:52,Sporting CP,Geny Catamo,geny catamo,701979,2023-07-01,2028-06-30,,https://img.a.transfermarkt.technology/portrait/medium/701979-1764374966.jpg?lm=1,https://www.transfermarkt.com/sporting-lissabon/kader/verein/336/plus/1
2026-07-09T08:47:52,Sporting CP,Luís Guilherme,luis guilherme,991800,2026-01-04,2030-06-30,,https://img.a.transfermarkt.technology/portrait/medium/991800-1736160163.jpg?lm=1,https://www.transfermarkt.com/sporting-lissabon/kader/verein/336/plus/1
2026-07-09T08:47:52,Sporting CP,Souleymane Faye,souleymane faye,666971,2026-01-21,2030-06-30,,https://img.a.transfermarkt.technology/portrait/medium/666971-1773786729.jpg?lm=1,https://www.transfermarkt.com/sporting-lissabon/kader/verein/336/plus/1
2026-07-09T08:47:52,Sporting CP,Rodrigo Rodrigues,rodrigo rodrigues,1333982,2026-07-07,2026-07-07,NEW,https://img.a.transfermarkt.technology/portrait/medium/1333982-1783284997.jpg?lm=1,https://www.transfermarkt.com/sporting-lissabon/kader/verein/336/plus/1
2026-07-09T08:47:52,Sporting CP,Luis Suárez,luis suarez,424784,2025-07-28,2030-06-30,,https://img.a.transfermarkt.technology/portrait/medium/424784-1761232078.jpg?lm=1,https://www.transfermarkt.com/sporting-lissabon/kader/verein/336/plus/1
2026-07-09T08:47:52,Sporting CP,Fotis Ioannidis,fotis ioannidis,532444,2025-09-01,2030-06-30,,https://img.a.transfermarkt.technology/portrait/medium/532444-1765306791.jpg?lm=1,https://www.transfermarkt.com/sporting-lissabon/kader/verein/336/plus/1
2026-07-09T08:47:52,Sporting CP,Rafael Nel,rafael nel,1057523,2026-03-22,2029-06-30,,https://img.a.transfermarkt.technology/portrait/medium/1057523-1725522275.jpg?lm=1,https://www.transfermarkt.com/sporting-lissabon/kader/verein/336/plus/1
2026-07-09T08:48:02,Porto,Diogo Costa,diogo costa,357153,2019-07-01,2030-06-30,,https://img.a.transfermarkt.technology/portrait/medium/357153-1716296015.jpg?lm=1,https://www.transfermarkt.com/fc-porto/kader/verein/720/plus/1
2026-07-09T08:48:02,Porto,João Afonso,joao afonso,1083369,2026-07-01,2031-06-30,NEW,https://img.a.transfermarkt.technology/portrait/medium/1083369-1672318882.jpg?lm=1,https://www.transfermarkt.com/fc-porto/kader/verein/720/plus/1
2026-07-09T08:48:02,Porto,Samuel Portugal,samuel portugal,284701,2022-09-01,2027-06-30,,https://img.a.transfermarkt.technology/portrait/medium/284701-1669115006.png?lm=1,https://www.transfermarkt.com/fc-porto/kader/verein/720/plus/1
2026-07-09T08:48:02,Porto,Cláudio Ramos,claudio ramos,155396,2020-08-14,2027-06-30,,https://img.a.transfermarkt.technology/portrait/medium/155396-1773342545.jpg?lm=1,https://www.transfermarkt.com/fc-porto/kader/verein/720/plus/1
2026-07-09T08:48:02,Porto,João Costa,joao costa,198638,2025-07-09,2030-06-30,,https://img.a.transfermarkt.technology/portrait/medium/198638-1773342461.jpg?lm=1,https://www.transfermarkt.com/fc-porto/kader/verein/720/plus/1
2026-07-09T08:48:02,Porto,Jakub Kiwior,jakub kiwior,425918,2026-07-01,2030-06-30,NEW,https://img.a.transfermarkt.technology/portrait/medium/425918-1683101307.jpg?lm=1,https://www.transfermarkt.com/fc-porto/kader/verein/720/plus/1
2026-07-09T08:48:02,Porto,Nehuén Pérez,nehuen perez,491693,2025-07-01,2029-06-30,,https://img.a.transfermarkt.technology/portrait/medium/491693-1695029359.jpg?lm=1,https://www.transfermarkt.com/fc-porto/kader/verein/720/plus/1
2026-07-09T08:48:02,Porto,Jan Bednarek,jan bednarek,243028,2025-07-28,2029-06-30,,https://img.a.transfermarkt.technology/portrait/medium/243028-1709158468.jpg?lm=1,https://www.transfermarkt.com/fc-porto/kader/verein/720/plus/1
2026-07-09T08:48:02,Porto,Dominik Prpić,dominik prpic,921533,2025-07-10,2030-06-30,,https://img.a.transfermarkt.technology/portrait/medium/921533-1758830918.jpg?lm=1,https://www.transfermarkt.com/fc-porto/kader/verein/720/plus/1
2026-07-09T08:48:02,Porto,Francisco Moura,francisco moura,478365,2024-09-02,2029-06-30,,https://img.a.transfermarkt.technology/portrait/medium/478365-1758830803.jpg?lm=1,https://www.transfermarkt.com/fc-porto/kader/verein/720/plus/1
2026-07-09T08:48:02,Porto,Zaidu Sanusi,zaidu sanusi,544784,2020-08-30,2027-06-30,,https://img.a.transfermarkt.technology/portrait/medium/544784-1758829993.jpg?lm=1,https://www.transfermarkt.com/fc-porto/kader/verein/720/plus/1
2026-07-09T08:48:02,Porto,Alberto Costa,alberto costa,877139,2025-07-24,2030-06-30,,https://img.a.transfermarkt.technology/portrait/medium/877139-1739281459.jpg?lm=1,https://www.transfermarkt.com/fc-porto/kader/verein/720/plus/1
2026-07-09T08:48:02,Porto,Martim Fernandes,martim fernandes,935480,2024-04-17,2030-06-30,,https://img.a.transfermarkt.technology/portrait/medium/935480-1775770086.jpg?lm=1,https://www.transfermarkt.com/fc-porto/kader/verein/720/plus/1
2026-07-09T08:48:02,Porto,Alan Varela,alan varela,756990,2023-08-16,2030-06-30,,https://img.a.transfermarkt.technology/portrait/medium/756990-1758829907.jpg?lm=1,https://www.transfermarkt.com/fc-porto/kader/verein/720/plus/1
2026-07-09T08:48:02,Porto,Pablo Rosario,pablo rosario,370791,2025-08-28,2029-06-30,,https://img.a.transfermarkt.technology/portrait/medium/370791-1773342182.jpg?lm=1,https://www.transfermarkt.com/fc-porto/kader/verein/720/plus/1
2026-07-09T08:48:02,Porto,Victor Froholdt,victor froholdt,926993,2025-07-23,2030-06-30,,https://img.a.transfermarkt.technology/portrait/medium/926993-1779796148.jpg?lm=1,https://www.transfermarkt.com/fc-porto/kader/verein/720/plus/1
2026-07-09T08:48:02,Porto,Stephen Eustaquio,stephen eustaquio,512913,2022-07-01,2027-06-30,,https://img.a.transfermarkt.technology/portrait/medium/512913-1778846068.jpg?lm=1,https://www.transfermarkt.com/fc-porto/kader/verein/720/plus/1
2026-07-09T08:48:02,Porto,Vasco Sousa,vasco sousa,575716,2024-07-01,2030-06-30,,https://img.a.transfermarkt.technology/portrait/medium/575716-1725014523.png?lm=1,https://www.transfermarkt.com/fc-porto/kader/verein/720/plus/1
2026-07-09T08:48:02,Porto,Rodrigo Mora,rodrigo mora,957653,2024-07-01,2030-06-30,,https://img.a.transfermarkt.technology/portrait/medium/957653-1758830632.jpg?lm=1,https://www.transfermarkt.com/fc-porto/kader/verein/720/plus/1
2026-07-09T08:48:02,Porto,Gabri Veiga,gabri veiga,699704,2025-06-05,2030-06-30,,https://img.a.transfermarkt.technology/portrait/medium/699704-1664178820.jpg?lm=1,https://www.transfermarkt.com/fc-porto/kader/verein/720/plus/1
2026-07-09T08:48:02,Porto,Iván Jaime,ivan jaime,610335,2023-08-31,2028-06-30,,https://img.a.transfermarkt.technology/portrait/medium/610335-1771707220.jpg?lm=1,https://www.transfermarkt.com/fc-porto/kader/verein/720/plus/1
2026-07-09T08:48:02,Porto,Oskar Pietuszewski,oskar pietuszewski,1162012,2026-01-07,2031-06-30,,https://img.a.transfermarkt.technology/portrait/medium/1162012-1760515365.JPG?lm=1,https://www.transfermarkt.com/fc-porto/kader/verein/720/plus/1
2026-07-09T08:48:02,Porto,Borja Sainz,borja sainz,634461,2025-07-13,2030-06-30,,https://img.a.transfermarkt.technology/portrait/medium/634461-1773342111.jpg?lm=1,https://www.transfermarkt.com/fc-porto/kader/verein/720/plus/1
2026-07-09T08:48:02,Porto,Yann Karamoh,yann karamoh,324804,2025-09-18,2026-06-30,,https://img.a.transfermarkt.technology/portrait/medium/324804-1663596515.jpg?lm=1,https://www.transfermarkt.com/fc-porto/kader/verein/720/plus/1
2026-07-09T08:48:02,Porto,William Gomes,william gomes,1004725,2025-01-31,2029-06-30,,https://img.a.transfermarkt.technology/portrait/medium/1004725-1758830735.jpg?lm=1,https://www.transfermarkt.com/fc-porto/kader/verein/720/plus/1
2026-07-09T08:48:02,Porto,Pepê,pepe,520662,2021-07-01,2028-06-30,,https://img.a.transfermarkt.technology/portrait/medium/520662-1758830033.jpg?lm=1,https://www.transfermarkt.com/fc-porto/kader/verein/720/plus/1
2026-07-09T08:48:02,Porto,Gabriel Veron,gabriel veron,627221,2022-07-22,2027-06-30,,https://img.a.transfermarkt.technology/portrait/medium/627221-1669112552.png?lm=1,https://www.transfermarkt.com/fc-porto/kader/verein/720/plus/1
2026-07-09T08:48:02,Porto,Samu Aghehowa,samu aghehowa,991268,2024-08-23,2029-06-30,,https://img.a.transfermarkt.technology/portrait/medium/991268-1732829288.jpg?lm=1,https://www.transfermarkt.com/fc-porto/kader/verein/720/plus/1
2026-07-09T08:48:02,Porto,Deniz Gül,deniz gul,1063292,2024-08-24,2029-06-30,,https://img.a.transfermarkt.technology/portrait/medium/1063292-1781168698.jpg?lm=1,https://www.transfermarkt.com/fc-porto/kader/verein/720/plus/1
2026-07-09T08:48:02,Porto,André Silva,andre silva,198008,2026-07-01,2027-06-30,NEW,https://img.a.transfermarkt.technology/portrait/medium/198008-1724336978.jpg?lm=1,https://www.transfermarkt.com/fc-porto/kader/verein/720/plus/1
2026-07-09T08:48:09,Benfica,Anatoliy Trubin,anatoliy trubin,537844,2023-08-10,2028-06-30,,https://img.a.transfermarkt.technology/portrait/medium/537844-1737497981.jpg?lm=1,https://www.transfermarkt.com/benfica-lissabon/kader/verein/294/plus/1
2026-07-09T08:48:09,Benfica,Samuel Soares,samuel soares,504072,2023-01-01,2027-06-30,,https://img.a.transfermarkt.technology/portrait/medium/504072-1749738150.jpg?lm=1,https://www.transfermarkt.com/benfica-lissabon/kader/verein/294/plus/1
2026-07-09T08:48:09,Benfica,Tomás Araújo,tomas araujo,504087,2022-07-01,2029-06-30,,https://img.a.transfermarkt.technology/portrait/medium/504087-1737497771.jpg?lm=1,https://www.transfermarkt.com/benfica-lissabon/kader/verein/294/plus/1
2026-07-09T08:48:09,Benfica,António Silva,antonio silva,650568,2022-07-01,2027-06-30,,https://img.a.transfermarkt.technology/portrait/medium/650568-1700235534.jpg?lm=1,https://www.transfermarkt.com/benfica-lissabon/kader/verein/294/plus/1
2026-07-09T08:48:09,Benfica,Clément Lenglet,clement lenglet,182904,2026-07-01,2027-06-30,NEW,https://img.a.transfermarkt.technology/portrait/medium/182904-1599988301.jpg?lm=1,https://www.transfermarkt.com/benfica-lissabon/kader/verein/294/plus/1
2026-07-09T08:48:09,Benfica,Samuel Dahl,samuel dahl,605396,2025-07-01,2029-06-30,,https://img.a.transfermarkt.technology/portrait/medium/605396-1750852807.jpg?lm=1,https://www.transfermarkt.com/benfica-lissabon/kader/verein/294/plus/1
2026-07-09T08:48:09,Benfica,Rafa Obrador,rafa obrador,646747,2025-07-11,2030-06-30,,https://img.a.transfermarkt.technology/portrait/medium/646747-1724425498.jpg?lm=1,https://www.transfermarkt.com/benfica-lissabon/kader/verein/294/plus/1
2026-07-09T08:48:09,Benfica,José Neto,jose neto,1233701,2031-06-30,2031-06-30,NEW,https://img.a.transfermarkt.technology/portrait/medium/1233701-1763574790.jpg?lm=1,https://www.transfermarkt.com/benfica-lissabon/kader/verein/294/plus/1
2026-07-09T08:48:09,Benfica,Amar Dedić,amar dedic,519184,2025-07-14,2030-06-30,,https://img.a.transfermarkt.technology/portrait/medium/519184-1758058581.jpg?lm=1,https://www.transfermarkt.com/benfica-lissabon/kader/verein/294/plus/1
2026-07-09T08:48:09,Benfica,Alexander Bah,alexander bah,452607,2022-07-01,2029-06-30,,https://img.a.transfermarkt.technology/portrait/medium/452607-1701334276.jpg?lm=1,https://www.transfermarkt.com/benfica-lissabon/kader/verein/294/plus/1
2026-07-09T08:48:09,Benfica,Daniel Banjaqui,daniel banjaqui,1134199,2031-06-30,2031-06-30,NEW,https://img.a.transfermarkt.technology/portrait/medium/1134199-1772555829.jpg?lm=1,https://www.transfermarkt.com/benfica-lissabon/kader/verein/294/plus/1
2026-07-09T08:48:09,Benfica,Richard Ríos,richard rios,735573,2025-07-22,2030-06-30,,https://img.a.transfermarkt.technology/portrait/medium/735573-1779797805.jpg?lm=1,https://www.transfermarkt.com/benfica-lissabon/kader/verein/294/plus/1
2026-07-09T08:48:09,Benfica,Enzo Barrenechea,enzo barrenechea,671915,2026-07-01,2026-07-01,NEW,https://img.a.transfermarkt.technology/portrait/medium/671915-1758058491.jpg?lm=1,https://www.transfermarkt.com/benfica-lissabon/kader/verein/294/plus/1
2026-07-09T08:48:09,Benfica,Manu Silva,manu silva,699592,2025-01-20,2030-06-30,,https://img.a.transfermarkt.technology/portrait/medium/699592-1758716910.jpg?lm=1,https://www.transfermarkt.com/benfica-lissabon/kader/verein/294/plus/1
2026-07-09T08:48:09,Benfica,Leandro Barreiro,leandro barreiro,357233,2024-07-02,2029-06-30,,https://img.a.transfermarkt.technology/portrait/medium/357233-1750853041.jpg?lm=1,https://www.transfermarkt.com/benfica-lissabon/kader/verein/294/plus/1
2026-07-09T08:48:09,Benfica,Fredrik Aursnes,fredrik aursnes,223367,2022-08-24,2029-06-30,,https://img.a.transfermarkt.technology/portrait/medium/223367-1737497700.jpg?lm=1,https://www.transfermarkt.com/benfica-lissabon/kader/verein/294/plus/1
2026-07-09T08:48:09,Benfica,João Veloso,joao veloso,637792,2025-07-01,2028-06-30,,https://img.a.transfermarkt.technology/portrait/medium/637792-1750853399.jpg?lm=1,https://www.transfermarkt.com/benfica-lissabon/kader/verein/294/plus/1
2026-07-09T08:48:09,Benfica,Georgiy Sudakov,georgiy sudakov,623325,2026-07-01,2029-06-30,NEW,https://img.a.transfermarkt.technology/portrait/medium/623325-1758058526.jpg?lm=1,https://www.transfermarkt.com/benfica-lissabon/kader/verein/294/plus/1
2026-07-09T08:48:09,Benfica,João Rego,joao rego,931415,2025-01-01,2030-06-30,,https://img.a.transfermarkt.technology/portrait/medium/931415-1750853573.jpg?lm=1,https://www.transfermarkt.com/benfica-lissabon/kader/verein/294/plus/1
2026-07-09T08:48:09,Benfica,Andreas Schjelderup,andreas schjelderup,670103,2023-01-12,2028-06-30,,https://img.a.transfermarkt.technology/portrait/medium/670103-1697191976.jpg?lm=1,https://www.transfermarkt.com/benfica-lissabon/kader/verein/294/plus/1
2026-07-09T08:48:09,Benfica,Jakub Kamiński,jakub kaminski,407098,2026-07-07,2031-06-30,NEW,https://img.a.transfermarkt.technology/portrait/medium/407098-1752743041.jpg?lm=1,https://www.transfermarkt.com/benfica-lissabon/kader/verein/294/plus/1
2026-07-09T08:48:09,Benfica,Bruma,bruma,139396,2025-02-03,2028-06-30,,https://img.a.transfermarkt.technology/portrait/medium/139396-1700235976.jpg?lm=1,https://www.transfermarkt.com/benfica-lissabon/kader/verein/294/plus/1
2026-07-09T08:48:09,Benfica,Gianluca Prestianni,gianluca prestianni,1000674,2024-01-31,2029-06-30,,https://img.a.transfermarkt.technology/portrait/medium/1000674-1750852935.jpg?lm=1,https://www.transfermarkt.com/benfica-lissabon/kader/verein/294/plus/1
2026-07-09T08:48:09,Benfica,Dodi Lukébakio,dodi lukebakio,303259,2025-09-01,2030-06-30,,https://img.a.transfermarkt.technology/portrait/medium/303259-1657098989.jpg?lm=1,https://www.transfermarkt.com/benfica-lissabon/kader/verein/294/plus/1
2026-07-09T08:48:09,Benfica,Tiago Gouveia,tiago gouveia,479638,2022-04-01,2028-06-30,,https://img.a.transfermarkt.technology/portrait/medium/479638-1757513051.jpg?lm=1,https://www.transfermarkt.com/benfica-lissabon/kader/verein/294/plus/1
2026-07-09T08:48:09,Benfica,Rafa Silva,rafa silva,238055,2026-01-22,2028-06-30,,https://img.a.transfermarkt.technology/portrait/medium/238055-1727356372.png?lm=1,https://www.transfermarkt.com/benfica-lissabon/kader/verein/294/plus/1
2026-07-09T08:48:09,Benfica,Vangelis Pavlidis,vangelis pavlidis,324503,2024-07-01,2029-06-30,,https://img.a.transfermarkt.technology/portrait/medium/324503-1737497307.jpg?lm=1,https://www.transfermarkt.com/benfica-lissabon/kader/verein/294/plus/1
2026-07-09T08:48:09,Benfica,Franjo Ivanović,franjo ivanovic,548028,2025-07-31,2030-06-30,,https://img.a.transfermarkt.technology/portrait/medium/548028-1727376769.jpg?lm=1,https://www.transfermarkt.com/benfica-lissabon/kader/verein/294/plus/1
2026-07-09T08:48:09,Benfica,Anísio Cabral,anisio cabral,1092964,2026-01-25,2031-06-30,,https://img.a.transfermarkt.technology/portrait/medium/1092964-1772555863.jpg?lm=1,https://www.transfermarkt.com/benfica-lissabon/kader/verein/294/plus/1
2026-07-09T08:48:09,Benfica,Henrique Araújo,henrique araujo,617267,2022-07-01,2027-06-30,,https://img.a.transfermarkt.technology/portrait/medium/617267-1749738879.jpg?lm=1,https://www.transfermarkt.com/benfica-lissabon/kader/verein/294/plus/1
2026-07-09T08:48:12,Braga,Lukas Hornicek,lukas hornicek,629773,2023-07-01,2028-06-30,,https://img.a.transfermarkt.technology/portrait/medium/629773-1732826321.jpg?lm=1,https://www.transfermarkt.com/sc-braga/kader/verein/1075/plus/1
2026-07-09T08:48:12,Braga,Bernardo,bernardo,719646,2026-07-01,2030-06-30,NEW,https://img.a.transfermarkt.technology/portrait/medium/719646-1761504207.jpg?lm=1,https://www.transfermarkt.com/sc-braga/kader/verein/1075/plus/1
2026-07-09T08:48:12,Braga,João Carvalho,joao carvalho,929868,2028-06-30,2028-06-30,NEW,https://img.a.transfermarkt.technology/portrait/medium/929868-1732826908.jpg?lm=1,https://www.transfermarkt.com/sc-braga/kader/verein/1075/plus/1
2026-07-09T08:48:12,Braga,Tiago Sá,tiago sa,286908,2015-07-01,2027-06-30,,https://img.a.transfermarkt.technology/portrait/medium/286908-1591777631.png?lm=1,https://www.transfermarkt.com/sc-braga/kader/verein/1075/plus/1
2026-07-09T08:48:12,Braga,Gustaf Lagerbielke,gustaf lagerbielke,485395,2025-07-08,2030-06-30,,https://img.a.transfermarkt.technology/portrait/medium/485395-1781507635.jpg?lm=1,https://www.transfermarkt.com/sc-braga/kader/verein/1075/plus/1
2026-07-09T08:48:12,Braga,Bright Arrey-Mbi,bright arrey-mbi,580193,2024-07-17,2029-06-30,,https://img.a.transfermarkt.technology/portrait/medium/580193-1708164169.jpg?lm=1,https://www.transfermarkt.com/sc-braga/kader/verein/1075/plus/1
2026-07-09T08:48:12,Braga,Sikou Niakaté,sikou niakate,413118,2023-07-01,2028-06-30,,https://img.a.transfermarkt.technology/portrait/medium/413118-1729863558.jpg?lm=1,https://www.transfermarkt.com/sc-braga/kader/verein/1075/plus/1
2026-07-09T08:48:12,Braga,Adrian Barisic,adrian barisic,625206,2026-07-01,2030-06-30,NEW,https://img.a.transfermarkt.technology/portrait/medium/625206-1758783943.jpg?lm=1,https://www.transfermarkt.com/sc-braga/kader/verein/1075/plus/1
2026-07-09T08:48:12,Braga,Adrian Bajrami,adrian bajrami,582987,2026-07-01,2031-06-30,NEW,https://img.a.transfermarkt.technology/portrait/medium/582987-1704294917.jpg?lm=1,https://www.transfermarkt.com/sc-braga/kader/verein/1075/plus/1
2026-07-09T08:48:12,Braga,Sergio Barcia,sergio barcia,562058,2026-07-01,2030-06-30,NEW,https://img.a.transfermarkt.technology/portrait/medium/562058-1777322045.jpg?lm=1,https://www.transfermarkt.com/sc-braga/kader/verein/1075/plus/1
2026-07-09T08:48:12,Braga,Jonatás Noro,jonatas noro,1061378,2027-06-30,2027-06-30,NEW,https://img.a.transfermarkt.technology/portrait/medium/1061378-1732827111.jpg?lm=1,https://www.transfermarkt.com/sc-braga/kader/verein/1075/plus/1
2026-07-09T08:48:12,Braga,Paulo Oliveira,paulo oliveira,139336,2021-07-01,2026-06-30,,https://img.a.transfermarkt.technology/portrait/medium/139336-1778180204.jpg?lm=1,https://www.transfermarkt.com/sc-braga/kader/verein/1075/plus/1
2026-07-09T08:48:12,Braga,Leonardo Lelo,leonardo lelo,669956,2025-07-01,2029-06-30,,https://img.a.transfermarkt.technology/portrait/medium/669956-1663603059.png?lm=1,https://www.transfermarkt.com/sc-braga/kader/verein/1075/plus/1
2026-07-09T08:48:12,Braga,Chissumba,chissumba,898721,2025-01-15,2028-06-30,,https://img.a.transfermarkt.technology/portrait/medium/898721-1732826797.jpg?lm=1,https://www.transfermarkt.com/sc-braga/kader/verein/1075/plus/1
2026-07-09T08:48:12,Braga,Bartlomiej Wdowik,bartlomiej wdowik,589013,2024-07-01,2028-06-30,,https://img.a.transfermarkt.technology/portrait/medium/589013-1760514248.JPG?lm=1,https://www.transfermarkt.com/sc-braga/kader/verein/1075/plus/1
2026-07-09T08:48:12,Braga,Víctor Gómez,victor gomez,495601,2023-07-01,2028-06-30,,https://img.a.transfermarkt.technology/portrait/medium/495601-1583506246.jpg?lm=1,https://www.transfermarkt.com/sc-braga/kader/verein/1075/plus/1
2026-07-09T08:48:12,Braga,Diogo Travassos,diogo travassos,478317,2026-07-01,2031-06-30,NEW,https://img.a.transfermarkt.technology/portrait/medium/478317-1743698526.jpg?lm=1,https://www.transfermarkt.com/sc-braga/kader/verein/1075/plus/1
2026-07-09T08:48:12,Braga,Demir Ege Tıknaz,demir ege tiknaz,875337,2026-01-21,2031-06-30,,https://img.a.transfermarkt.technology/portrait/medium/875337-1774435467.jpeg?lm=1,https://www.transfermarkt.com/sc-braga/kader/verein/1075/plus/1
2026-07-09T08:48:12,Braga,Thiago Helguera,thiago helguera,997827,2024-07-01,2029-06-30,,https://img.a.transfermarkt.technology/portrait/medium/default.jpg?lm=1,https://www.transfermarkt.com/sc-braga/kader/verein/1075/plus/1
2026-07-09T08:48:12,Braga,Vítor Carvalho,vitor carvalho,553062,2023-07-01,2028-06-30,,https://img.a.transfermarkt.technology/portrait/medium/553062-1766178064.png?lm=1,https://www.transfermarkt.com/sc-braga/kader/verein/1075/plus/1
2026-07-09T08:48:12,Braga,Yanis da Rocha,yanis da rocha,1073115,2025-07-01,2030-06-30,,https://img.a.transfermarkt.technology/portrait/medium/1073115-1689275379.jpg?lm=1,https://www.transfermarkt.com/sc-braga/kader/verein/1075/plus/1
2026-07-09T08:48:12,Braga,Gorby,gorby,631404,2021-12-01,2028-06-30,,https://img.a.transfermarkt.technology/portrait/medium/631404-1778180026.jpg?lm=1,https://www.transfermarkt.com/sc-braga/kader/verein/1075/plus/1
2026-07-09T08:48:12,Braga,Diego Rodrigues,diego rodrigues,984540,2025-01-01,2030-06-30,,https://img.a.transfermarkt.technology/portrait/medium/984540-1732827172.jpg?lm=1,https://www.transfermarkt.com/sc-braga/kader/verein/1075/plus/1
2026-07-09T08:48:12,Braga,Denis Huseinbasic,denis huseinbasic,678479,2026-07-01,2031-06-30,NEW,https://img.a.transfermarkt.technology/portrait/medium/678479-1721140225.jpg?lm=1,https://www.transfermarkt.com/sc-braga/kader/verein/1075/plus/1
2026-07-09T08:48:12,Braga,André Horta,andre horta,329722,2019-07-01,2027-06-30,,https://img.a.transfermarkt.technology/portrait/medium/329722-1737995089.png?lm=1,https://www.transfermarkt.com/sc-braga/kader/verein/1075/plus/1
2026-07-09T08:48:12,Braga,João Moutinho,joao moutinho,29364,2023-08-25,2027-06-30,,https://img.a.transfermarkt.technology/portrait/medium/29364-1464083394.PNG?lm=1,https://www.transfermarkt.com/sc-braga/kader/verein/1075/plus/1
2026-07-09T08:48:12,Braga,Mario Dorgeles,mario dorgeles,1045972,2025-07-04,2030-06-30,,https://img.a.transfermarkt.technology/portrait/medium/1045972-1778181083.jpg?lm=1,https://www.transfermarkt.com/sc-braga/kader/verein/1075/plus/1
2026-07-09T08:48:12,Braga,Luisinho,luisinho,1333915,2026-04-01,2028-06-30,,https://img.a.transfermarkt.technology/portrait/medium/1333915-1778180376.jpg?lm=1,https://www.transfermarkt.com/sc-braga/kader/verein/1075/plus/1
2026-07-09T08:48:12,Braga,Ricardo Horta,ricardo horta,261927,2017-07-18,2028-06-30,,https://img.a.transfermarkt.technology/portrait/medium/261927-1702415787.jpg?lm=1,https://www.transfermarkt.com/sc-braga/kader/verein/1075/plus/1
2026-07-09T08:48:12,Braga,Gabriel Silva,gabriel silva,627224,2026-07-01,2031-06-30,NEW,https://img.a.transfermarkt.technology/portrait/medium/627224-1773448016.jpg?lm=1,https://www.transfermarkt.com/sc-braga/kader/verein/1075/plus/1
2026-07-09T08:48:12,Braga,Gabri Martínez,gabri martinez,906948,2024-07-01,2029-06-30,,https://img.a.transfermarkt.technology/portrait/medium/906948-1712569048.jpg?lm=1,https://www.transfermarkt.com/sc-braga/kader/verein/1075/plus/1
2026-07-09T08:48:12,Braga,Ismaël Gharbi,ismael gharbi,810096,2024-08-31,2029-06-30,,https://img.a.transfermarkt.technology/portrait/medium/810096-1773671302.jpg?lm=1,https://www.transfermarkt.com/sc-braga/kader/verein/1075/plus/1
2026-07-09T08:48:12,Braga,João Marques,joao marques,891971,2024-07-01,2029-06-30,,https://img.a.transfermarkt.technology/portrait/medium/891971-1749738572.jpg?lm=1,https://www.transfermarkt.com/sc-braga/kader/verein/1075/plus/1
2026-07-09T08:48:12,Braga,Sandro Vidigal,sandro vidigal,1006448,2025-07-01,2030-06-30,,https://img.a.transfermarkt.technology/portrait/medium/1006448-1778181244.jpg?lm=1,https://www.transfermarkt.com/sc-braga/kader/verein/1075/plus/1
2026-07-09T08:48:12,Braga,João Aragão,joao aragao,1075884,2027-06-30,2027-06-30,NEW,https://img.a.transfermarkt.technology/portrait/medium/1075884-1762245267.jpg?lm=1,https://www.transfermarkt.com/sc-braga/kader/verein/1075/plus/1
2026-07-09T08:48:12,Braga,Pau Víctor,pau victor,707572,2025-07-25,2030-06-30,,https://img.a.transfermarkt.technology/portrait/medium/707572-1724052852.jpg?lm=1,https://www.transfermarkt.com/sc-braga/kader/verein/1075/plus/1
2026-07-09T08:48:12,Braga,Jonas Wind,jonas wind,391004,2026-07-01,2029-06-30,NEW,https://img.a.transfermarkt.technology/portrait/medium/391004-1752736403.jpg?lm=1,https://www.transfermarkt.com/sc-braga/kader/verein/1075/plus/1
2026-07-09T08:48:12,Braga,Fran Navarro,fran navarro,284883,2025-07-01,2029-06-30,,https://img.a.transfermarkt.technology/portrait/medium/284883-1693589967.png?lm=1,https://www.transfermarkt.com/sc-braga/kader/verein/1075/plus/1
2026-07-09T08:48:12,Braga,Amine El Ouazzani,amine el ouazzani,735051,2024-07-01,2029-06-30,,https://img.a.transfermarkt.technology/portrait/medium/735051-1669303777.png?lm=1,https://www.transfermarkt.com/sc-braga/kader/verein/1075/plus/1
2026-07-09T08:48:16,Famalicão,Lazar Carević,lazar carevic,344457,2024-08-21,2028-06-30,,https://img.a.transfermarkt.technology/portrait/medium/344457-1729964020.jpg?lm=1,https://www.transfermarkt.com/fc-famalicao/kader/verein/3329/plus/1
2026-07-09T08:48:16,Famalicão,Ivan Zlobin,ivan zlobin,282654,2020-08-22,2027-06-30,,https://img.a.transfermarkt.technology/portrait/medium/282654-1634205324.jpg?lm=1,https://www.transfermarkt.com/fc-famalicao/kader/verein/3329/plus/1
2026-07-09T08:48:16,Famalicão,Ibrahima Ba,ibrahima ba,1191154,2025-07-01,2030-06-30,,https://img.a.transfermarkt.technology/portrait/medium/1191154-1758311322.jpg?lm=1,https://www.transfermarkt.com/fc-famalicao/kader/verein/3329/plus/1
2026-07-09T08:48:16,Famalicão,Léo Realpe,leo realpe,656409,2025-07-01,2029-06-30,,https://img.a.transfermarkt.technology/portrait/medium/656409-1776811689.jpg?lm=1,https://www.transfermarkt.com/fc-famalicao/kader/verein/3329/plus/1
2026-07-09T08:48:16,Famalicão,Finn van Breemen,finn van breemen,705016,2026-07-01,2030-06-30,NEW,https://img.a.transfermarkt.technology/portrait/medium/705016-1676562295.jpg?lm=1,https://www.transfermarkt.com/fc-famalicao/kader/verein/3329/plus/1
2026-07-09T08:48:16,Famalicão,Renan Santana,renan santana,1096224,2025-07-22,2029-06-30,,https://img.a.transfermarkt.technology/portrait/medium/default.jpg?lm=1,https://www.transfermarkt.com/fc-famalicao/kader/verein/3329/plus/1
2026-07-09T08:48:16,Famalicão,Vojin Serafimovic,vojin serafimovic,673435,2026-07-01,2031-06-30,NEW,https://img.a.transfermarkt.technology/portrait/medium/673435-1735146326.png?lm=1,https://www.transfermarkt.com/fc-famalicao/kader/verein/3329/plus/1
2026-07-09T08:48:16,Famalicão,Pedro Bondo,pedro bondo,847484,2025-01-21,2029-06-30,,https://img.a.transfermarkt.technology/portrait/medium/847484-1766431838.jpg?lm=1,https://www.transfermarkt.com/fc-famalicao/kader/verein/3329/plus/1
2026-07-09T08:48:16,Famalicão,Leny Meyer,leny meyer,678843,2026-07-01,2030-06-30,NEW,https://img.a.transfermarkt.technology/portrait/medium/678843-1752760102.jpg?lm=1,https://www.transfermarkt.com/fc-famalicao/kader/verein/3329/plus/1
2026-07-09T08:48:16,Famalicão,Rodrigo Pinheiro,rodrigo pinheiro,549038,2024-07-01,2027-06-30,,https://img.a.transfermarkt.technology/portrait/medium/549038-1749738242.jpg?lm=1,https://www.transfermarkt.com/fc-famalicao/kader/verein/3329/plus/1
2026-07-09T08:48:16,Famalicão,Garcia,garcia,574758,2025-07-06,2029-06-30,,https://img.a.transfermarkt.technology/portrait/medium/574758-1595155750.jpg?lm=1,https://www.transfermarkt.com/fc-famalicao/kader/verein/3329/plus/1
2026-07-09T08:48:16,Famalicão,Tom van de Looi,tom van de looi,420189,2024-07-01,2027-06-30,,https://img.a.transfermarkt.technology/portrait/medium/420189-1632545699.png?lm=1,https://www.transfermarkt.com/fc-famalicao/kader/verein/3329/plus/1
2026-07-09T08:48:16,Famalicão,Mathias de Amorim,mathias de amorim,1061975,2024-08-08,2028-06-30,,https://img.a.transfermarkt.technology/portrait/medium/1061975-1766702373.jpg?lm=1,https://www.transfermarkt.com/fc-famalicao/kader/verein/3329/plus/1
2026-07-09T08:48:16,Famalicão,Paulo Moreira,paulo moreira,375392,2026-07-01,2029-06-30,NEW,https://img.a.transfermarkt.technology/portrait/medium/375392-1743699836.jpg?lm=1,https://www.transfermarkt.com/fc-famalicao/kader/verein/3329/plus/1
2026-07-09T08:48:16,Famalicão,Tamás Szűcs,tamas szucs,933240,2026-07-01,2031-06-30,NEW,https://img.a.transfermarkt.technology/portrait/medium/933240-1776954993.jpg?lm=1,https://www.transfermarkt.com/fc-famalicao/kader/verein/3329/plus/1
2026-07-09T08:48:16,Famalicão,Marcos Peña,marcos pena,1064121,2025-08-01,2029-06-30,,https://img.a.transfermarkt.technology/portrait/medium/1064121-1755151656.jpg?lm=1,https://www.transfermarkt.com/fc-famalicao/kader/verein/3329/plus/1
2026-07-09T08:48:16,Famalicão,Gustavo Sá,gustavo sa,982575,2022-07-01,2029-06-30,,https://img.a.transfermarkt.technology/portrait/medium/982575-1742141418.jpg?lm=1,https://www.transfermarkt.com/fc-famalicao/kader/verein/3329/plus/1
2026-07-09T08:48:16,Famalicão,Mathis Jangéal,mathis jangeal,1185887,2026-07-01,2031-06-30,NEW,https://img.a.transfermarkt.technology/portrait/medium/1185887-1759353509.jpg?lm=1,https://www.transfermarkt.com/fc-famalicao/kader/verein/3329/plus/1
2026-07-09T08:48:16,Famalicão,Sorriso,sorriso,868101,2025-07-01,2029-06-30,,https://img.a.transfermarkt.technology/portrait/medium/868101-1662647908.jpg?lm=1,https://www.transfermarkt.com/fc-famalicao/kader/verein/3329/plus/1
2026-07-09T08:48:16,Famalicão,Óscar Aranda,oscar aranda,652332,2023-08-08,2026-06-30,,https://img.a.transfermarkt.technology/portrait/medium/652332-1742552942.jpg?lm=1,https://www.transfermarkt.com/fc-famalicao/kader/verein/3329/plus/1
2026-07-09T08:48:16,Famalicão,Roméo Beney,romeo beney,700479,2025-07-25,2030-06-30,,https://img.a.transfermarkt.technology/portrait/medium/700479-1707377051.jpg?lm=1,https://www.transfermarkt.com/fc-famalicao/kader/verein/3329/plus/1
2026-07-09T08:48:16,Famalicão,Rochinha,rochinha,290336,2024-07-01,2027-06-30,,https://img.a.transfermarkt.technology/portrait/medium/290336-1666099955.jpg?lm=1,https://www.transfermarkt.com/fc-famalicao/kader/verein/3329/plus/1
2026-07-09T08:48:16,Famalicão,Gil Dias,gil dias,329723,2024-07-02,2027-06-30,,https://img.a.transfermarkt.technology/portrait/medium/329723-1709021301.png?lm=1,https://www.transfermarkt.com/fc-famalicao/kader/verein/3329/plus/1
2026-07-09T08:48:16,Famalicão,Pedro Santos,pedro santos,825835,2025-07-11,2028-06-30,,https://img.a.transfermarkt.technology/portrait/medium/825835-1704275152.jpg?lm=1,https://www.transfermarkt.com/fc-famalicao/kader/verein/3329/plus/1
2026-07-09T08:48:16,Famalicão,Umar Abubakar,umar abubakar,1133954,2025-07-14,2030-06-30,,https://img.a.transfermarkt.technology/portrait/medium/1133954-1741365210.jpg?lm=1,https://www.transfermarkt.com/fc-famalicao/kader/verein/3329/plus/1
2026-07-09T08:48:16,Famalicão,Rudi Almeida,rudi almeida,1061686,2026-07-01,2029-06-30,NEW,https://img.a.transfermarkt.technology/portrait/medium/default.jpg?lm=1,https://www.transfermarkt.com/fc-famalicao/kader/verein/3329/plus/1
2026-07-09T08:48:20,Vit. Guimarães,Juan Castillo,juan castillo,662446,2025-07-01,2029-06-30,,https://img.a.transfermarkt.technology/portrait/medium/662446-1772459420.jpg?lm=1,https://www.transfermarkt.com/vitoria-guimaraes-sc/kader/verein/2420/plus/1
2026-07-09T08:48:20,Vit. Guimarães,Charles,charles,181773,2023-07-01,2027-06-30,,https://img.a.transfermarkt.technology/portrait/medium/181773-1695207347.jpg?lm=1,https://www.transfermarkt.com/vitoria-guimaraes-sc/kader/verein/2420/plus/1
2026-07-09T08:48:20,Vit. Guimarães,Gui,gui,1093809,2028-06-30,2028-06-30,NEW,https://img.a.transfermarkt.technology/portrait/medium/1093809-1772459281.jpg?lm=1,https://www.transfermarkt.com/vitoria-guimaraes-sc/kader/verein/2420/plus/1
2026-07-09T08:48:20,Vit. Guimarães,Jota,jota,724421,2024-07-09,2027-06-30,,https://img.a.transfermarkt.technology/portrait/medium/default.jpg?lm=1,https://www.transfermarkt.com/vitoria-guimaraes-sc/kader/verein/2420/plus/1
2026-07-09T08:48:20,Vit. Guimarães,Óscar Rivas,oscar rivas,890557,2024-07-02,2028-06-30,,https://img.a.transfermarkt.technology/portrait/medium/890557-1702510048.png?lm=1,https://www.transfermarkt.com/vitoria-guimaraes-sc/kader/verein/2420/plus/1
2026-07-09T08:48:20,Vit. Guimarães,Thiago Balieiro,thiago balieiro,984093,2025-07-01,2029-06-30,,https://img.a.transfermarkt.technology/portrait/medium/984093-1770900839.jpg?lm=1,https://www.transfermarkt.com/vitoria-guimaraes-sc/kader/verein/2420/plus/1
2026-07-09T08:48:20,Vit. Guimarães,Miguel Nóbrega,miguel nobrega,409884,2025-07-01,2028-06-30,,https://img.a.transfermarkt.technology/portrait/medium/409884-1676542998.jpg?lm=1,https://www.transfermarkt.com/vitoria-guimaraes-sc/kader/verein/2420/plus/1
2026-07-09T08:48:20,Vit. Guimarães,Rodrigo Abascal,rodrigo abascal,367652,2025-07-08,2027-06-30,,https://img.a.transfermarkt.technology/portrait/medium/367652-1581877880.jpg?lm=1,https://www.transfermarkt.com/vitoria-guimaraes-sc/kader/verein/2420/plus/1
2026-07-09T08:48:20,Vit. Guimarães,João Mendes,joao mendes,684348,2024-07-01,2028-06-30,,https://img.a.transfermarkt.technology/portrait/medium/684348-1772459237.jpg?lm=1,https://www.transfermarkt.com/vitoria-guimaraes-sc/kader/verein/2420/plus/1
2026-07-09T08:48:20,Vit. Guimarães,Orest Lebedenko,orest lebedenko,524964,2025-07-01,2028-06-30,,https://img.a.transfermarkt.technology/portrait/medium/524964-1636825412.jpg?lm=1,https://www.transfermarkt.com/vitoria-guimaraes-sc/kader/verein/2420/plus/1
2026-07-09T08:48:20,Vit. Guimarães,Francisco Dias,francisco dias,1335120,2029-06-30,2029-06-30,NEW,https://img.a.transfermarkt.technology/portrait/medium/default.jpg?lm=1,https://www.transfermarkt.com/vitoria-guimaraes-sc/kader/verein/2420/plus/1
2026-07-09T08:48:20,Vit. Guimarães,Tony Strata,tony strata,1004681,2025-08-27,2029-06-30,,https://img.a.transfermarkt.technology/portrait/medium/1004681-1772459339.jpg?lm=1,https://www.transfermarkt.com/vitoria-guimaraes-sc/kader/verein/2420/plus/1
2026-07-09T08:48:20,Vit. Guimarães,Maga,maga,729140,2022-01-01,2027-06-30,,https://img.a.transfermarkt.technology/portrait/medium/729140-1672674207.png?lm=1,https://www.transfermarkt.com/vitoria-guimaraes-sc/kader/verein/2420/plus/1
2026-07-09T08:48:20,Vit. Guimarães,Rica Rocha,rica rocha,902869,2028-06-30,2028-06-30,NEW,https://img.a.transfermarkt.technology/portrait/medium/default.jpg?lm=1,https://www.transfermarkt.com/vitoria-guimaraes-sc/kader/verein/2420/plus/1
2026-07-09T08:48:20,Vit. Guimarães,Beni Mukendi,beni mukendi,666539,2025-02-03,2029-06-30,,https://img.a.transfermarkt.technology/portrait/medium/666539-1766431769.jpg?lm=1,https://www.transfermarkt.com/vitoria-guimaraes-sc/kader/verein/2420/plus/1
2026-07-09T08:48:20,Vit. Guimarães,Gonçalo Nogueira,goncalo nogueira,877140,2023-01-01,2028-06-30,,https://img.a.transfermarkt.technology/portrait/medium/877140-1695208234.jpg?lm=1,https://www.transfermarkt.com/vitoria-guimaraes-sc/kader/verein/2420/plus/1
2026-07-09T08:48:20,Vit. Guimarães,Matija Mitrović,matija mitrovic,959979,2025-07-01,2029-06-30,,https://img.a.transfermarkt.technology/portrait/medium/959979-1718184844.png?lm=1,https://www.transfermarkt.com/vitoria-guimaraes-sc/kader/verein/2420/plus/1
2026-07-09T08:48:20,Vit. Guimarães,Marco Cruz,marco cruz,670682,2024-07-01,2028-06-30,,https://img.a.transfermarkt.technology/portrait/medium/670682-1763278027.jpg?lm=1,https://www.transfermarkt.com/vitoria-guimaraes-sc/kader/verein/2420/plus/1
2026-07-09T08:48:20,Vit. Guimarães,Samu,samu,291939,2024-07-01,2027-06-30,,https://img.a.transfermarkt.technology/portrait/medium/291939-1478181309.jpg?lm=1,https://www.transfermarkt.com/vitoria-guimaraes-sc/kader/verein/2420/plus/1
2026-07-09T08:48:20,Vit. Guimarães,Oumar Camara,oumar camara,1053206,2025-07-01,2029-06-30,,https://img.a.transfermarkt.technology/portrait/medium/1053206-1772459112.jpg?lm=1,https://www.transfermarkt.com/vitoria-guimaraes-sc/kader/verein/2420/plus/1
2026-07-09T08:48:20,Vit. Guimarães,Fabio Blanco,fabio blanco,648909,2025-07-01,2029-06-30,,https://img.a.transfermarkt.technology/portrait/medium/648909-1737487769.jpg?lm=1,https://www.transfermarkt.com/vitoria-guimaraes-sc/kader/verein/2420/plus/1
2026-07-09T08:48:20,Vit. Guimarães,Vando Félix,vando felix,830452,2025-01-23,2029-06-30,,https://img.a.transfermarkt.technology/portrait/medium/830452-1737741759.jpg?lm=1,https://www.transfermarkt.com/vitoria-guimaraes-sc/kader/verein/2420/plus/1
2026-07-09T08:48:20,Vit. Guimarães,Gustavo Silva,gustavo silva,1047860,2024-08-07,2028-06-30,,https://img.a.transfermarkt.technology/portrait/medium/1047860-1772459179.jpg?lm=1,https://www.transfermarkt.com/vitoria-guimaraes-sc/kader/verein/2420/plus/1
2026-07-09T08:48:20,Vit. Guimarães,Telmo Arcanjo,telmo arcanjo,791528,2023-07-01,2027-06-30,,https://img.a.transfermarkt.technology/portrait/medium/791528-1780406516.jpg?lm=1,https://www.transfermarkt.com/vitoria-guimaraes-sc/kader/verein/2420/plus/1
2026-07-09T08:48:20,Vit. Guimarães,Miguel Nogueira,miguel nogueira,1135545,2025-07-01,2029-06-30,,https://img.a.transfermarkt.technology/portrait/medium/1135545-1743455490.jpg?lm=1,https://www.transfermarkt.com/vitoria-guimaraes-sc/kader/verein/2420/plus/1
2026-07-09T08:48:20,Vit. Guimarães,Alioune Ndoye,alioune ndoye,807124,2025-08-04,2029-06-30,,https://img.a.transfermarkt.technology/portrait/medium/807124-1712084978.jpg?lm=1,https://www.transfermarkt.com/vitoria-guimaraes-sc/kader/verein/2420/plus/1
2026-07-09T08:48:20,Vit. Guimarães,Dieu-Merci Michel,dieu-merci michel,921090,2025-01-01,2027-06-30,,https://img.a.transfermarkt.technology/portrait/medium/default.jpg?lm=1,https://www.transfermarkt.com/vitoria-guimaraes-sc/kader/verein/2420/plus/1
2026-07-09T08:48:24,Gil Vicente FC,Lucão,lucao,412372,2026-01-16,2028-06-30,,https://img.a.transfermarkt.technology/portrait/medium/412372-1717523097.jpg?lm=1,https://www.transfermarkt.com/gil-vicente-fc/kader/verein/2424/plus/1
2026-07-09T08:48:24,Gil Vicente FC,Marvin Elimbi,marvin elimbi,862628,2024-08-29,2028-06-30,,https://img.a.transfermarkt.technology/portrait/medium/862628-1770902208.jpg?lm=1,https://www.transfermarkt.com/gil-vicente-fc/kader/verein/2424/plus/1
2026-07-09T08:48:24,Gil Vicente FC,David Moreira,david moreira,1044831,2026-07-07,2026-07-07,NEW,https://img.a.transfermarkt.technology/portrait/medium/1044831-1757439840.jpg?lm=1,https://www.transfermarkt.com/gil-vicente-fc/kader/verein/2424/plus/1
2026-07-09T08:48:24,Gil Vicente FC,Buatu,buatu,137313,2024-01-25,2028-06-30,,https://img.a.transfermarkt.technology/portrait/medium/137313-1710239104.png?lm=1,https://www.transfermarkt.com/gil-vicente-fc/kader/verein/2424/plus/1
2026-07-09T08:48:24,Gil Vicente FC,Antonio Espigares,antonio espigares,886047,2025-07-01,2029-06-30,,https://img.a.transfermarkt.technology/portrait/medium/886047-1664570903.jpg?lm=1,https://www.transfermarkt.com/gil-vicente-fc/kader/verein/2424/plus/1
2026-07-09T08:48:24,Gil Vicente FC,Arthur Tchaptchet,arthur tchaptchet,955355,2025-07-13,2027-06-30,,https://img.a.transfermarkt.technology/portrait/medium/955355-1723838802.png?lm=1,https://www.transfermarkt.com/gil-vicente-fc/kader/verein/2424/plus/1
2026-07-09T08:48:24,Gil Vicente FC,Ghislain Konan,ghislain konan,422850,2025-07-01,2026-06-30,,https://img.a.transfermarkt.technology/portrait/medium/422850-1780315250.jpg?lm=1,https://www.transfermarkt.com/gil-vicente-fc/kader/verein/2424/plus/1
2026-07-09T08:48:24,Gil Vicente FC,Weverson,weverson,412367,2026-01-29,2028-06-30,,https://img.a.transfermarkt.technology/portrait/medium/412367-1654715390.png?lm=1,https://www.transfermarkt.com/gil-vicente-fc/kader/verein/2424/plus/1
2026-07-09T08:48:24,Gil Vicente FC,Ricardo Esgaio,ricardo esgaio,139395,2026-07-01,2028-06-30,NEW,https://img.a.transfermarkt.technology/portrait/medium/139395-1772615836.png?lm=1,https://www.transfermarkt.com/gil-vicente-fc/kader/verein/2424/plus/1
2026-07-09T08:48:24,Gil Vicente FC,José Silva,jose silva,1102159,2026-07-07,2029-06-30,NEW,https://img.a.transfermarkt.technology/portrait/medium/default.jpg?lm=1,https://www.transfermarkt.com/gil-vicente-fc/kader/verein/2424/plus/1
2026-07-09T08:48:24,Gil Vicente FC,Jonathan Mutombo,jonathan mutombo,721952,2024-07-03,2027-06-30,,https://img.a.transfermarkt.technology/portrait/medium/721952-1770902469.jpg?lm=1,https://www.transfermarkt.com/gil-vicente-fc/kader/verein/2424/plus/1
2026-07-09T08:48:24,Gil Vicente FC,Mohamed Bamba,mohamed bamba,1178475,2025-02-03,2027-06-30,,https://img.a.transfermarkt.technology/portrait/medium/1178475-1723838539.png?lm=1,https://www.transfermarkt.com/gil-vicente-fc/kader/verein/2424/plus/1
2026-07-09T08:48:24,Gil Vicente FC,Facundo Cáseres,facundo caseres,829434,2024-07-23,2028-06-30,,https://img.a.transfermarkt.technology/portrait/medium/829434-1646598800.png?lm=1,https://www.transfermarkt.com/gil-vicente-fc/kader/verein/2424/plus/1
2026-07-09T08:48:24,Gil Vicente FC,Diogo Prioste,diogo prioste,670718,2026-07-03,2027-06-30,NEW,https://img.a.transfermarkt.technology/portrait/medium/670718-1750853465.jpg?lm=1,https://www.transfermarkt.com/gil-vicente-fc/kader/verein/2424/plus/1
2026-07-09T08:48:24,Gil Vicente FC,Zé Carlos,ze carlos,908936,2025-07-23,2028-06-30,,https://img.a.transfermarkt.technology/portrait/medium/908936-1672674297.png?lm=1,https://www.transfermarkt.com/gil-vicente-fc/kader/verein/2424/plus/1
2026-07-09T08:48:24,Gil Vicente FC,Andreas Lausen,andreas lausen,515025,2026-07-02,2030-06-30,NEW,https://img.a.transfermarkt.technology/portrait/medium/515025-1755786827.png?lm=1,https://www.transfermarkt.com/gil-vicente-fc/kader/verein/2424/plus/1
2026-07-09T08:48:24,Gil Vicente FC,Gonçalo Maia,goncalo maia,1089809,2028-06-30,2028-06-30,NEW,https://img.a.transfermarkt.technology/portrait/medium/1089809-1710240842.jpg?lm=1,https://www.transfermarkt.com/gil-vicente-fc/kader/verein/2424/plus/1
2026-07-09T08:48:24,Gil Vicente FC,Santi García,santi garcia,732096,2024-07-05,2028-06-30,,https://img.a.transfermarkt.technology/portrait/medium/732096-1770901764.jpg?lm=1,https://www.transfermarkt.com/gil-vicente-fc/kader/verein/2424/plus/1
2026-07-09T08:48:24,Gil Vicente FC,Martín Fernández,martin fernandez,822141,2026-07-01,2029-06-30,NEW,https://img.a.transfermarkt.technology/portrait/medium/822141-1750607712.jpg?lm=1,https://www.transfermarkt.com/gil-vicente-fc/kader/verein/2424/plus/1
2026-07-09T08:48:24,Gil Vicente FC,Gil Martins,gil martins,937727,2026-02-02,2028-06-30,,https://img.a.transfermarkt.technology/portrait/medium/937727-1770902580.jpg?lm=1,https://www.transfermarkt.com/gil-vicente-fc/kader/verein/2424/plus/1
2026-07-09T08:48:24,Gil Vicente FC,Joelson Fernandes,joelson fernandes,581140,2025-08-30,2029-06-30,,https://img.a.transfermarkt.technology/portrait/medium/581140-1696433273.png?lm=1,https://www.transfermarkt.com/gil-vicente-fc/kader/verein/2424/plus/1
2026-07-09T08:48:24,Gil Vicente FC,Tidjany Touré,tidjany toure,641576,2024-07-01,2027-06-30,,https://img.a.transfermarkt.technology/portrait/medium/641576-1710239940.png?lm=1,https://www.transfermarkt.com/gil-vicente-fc/kader/verein/2424/plus/1
2026-07-09T08:48:24,Gil Vicente FC,Agustín Moreira,agustin moreira,999072,2026-07-01,2029-06-30,NEW,https://img.a.transfermarkt.technology/portrait/medium/999072-1726767292.jpg?lm=1,https://www.transfermarkt.com/gil-vicente-fc/kader/verein/2424/plus/1
2026-07-09T08:48:24,Gil Vicente FC,Murilo,murilo,345061,2025-08-21,2028-06-30,,https://img.a.transfermarkt.technology/portrait/medium/345061-1710239991.jpg?lm=1,https://www.transfermarkt.com/gil-vicente-fc/kader/verein/2424/plus/1
2026-07-09T08:48:24,Gil Vicente FC,Sergio Bermejo,sergio bermejo,372051,2025-01-24,2027-06-30,,https://img.a.transfermarkt.technology/portrait/medium/372051-1720169542.jpg?lm=1,https://www.transfermarkt.com/gil-vicente-fc/kader/verein/2424/plus/1
2026-07-09T08:48:24,Gil Vicente FC,Héctor Hernández,hector hernandez,273738,2026-01-27,2027-06-30,,https://img.a.transfermarkt.technology/portrait/medium/273738-1491486452.jpg?lm=1,https://www.transfermarkt.com/gil-vicente-fc/kader/verein/2424/plus/1
2026-07-09T08:48:24,Gil Vicente FC,Walace França,walace franca,1031292,2026-07-06,2026-07-06,NEW,https://img.a.transfermarkt.technology/portrait/medium/1031292-1680441310.jpg?lm=1,https://www.transfermarkt.com/gil-vicente-fc/kader/verein/2424/plus/1
2026-07-09T08:48:24,Gil Vicente FC,Carlos Eduardo,carlos eduardo,927714,2025-01-24,2028-06-30,,https://img.a.transfermarkt.technology/portrait/medium/default.jpg?lm=1,https://www.transfermarkt.com/gil-vicente-fc/kader/verein/2424/plus/1
2026-07-09T08:48:28,Estoril,Joel Robles,joel robles,101118,2024-07-31,2028-06-30,,https://img.a.transfermarkt.technology/portrait/medium/101118-1698420821.JPG?lm=1,https://www.transfermarkt.com/gd-estoril-praia/kader/verein/1465/plus/1
2026-07-09T08:48:28,Estoril,Martin Turk,martin turk,700643,2025-07-24,2028-06-30,,https://img.a.transfermarkt.technology/portrait/medium/700643-1729676593.jpg?lm=1,https://www.transfermarkt.com/gd-estoril-praia/kader/verein/1465/plus/1
2026-07-09T08:48:28,Estoril,Diogo Dias,diogo dias,906307,2025-07-01,2026-06-30,,https://img.a.transfermarkt.technology/portrait/medium/906307-1724848714.jpg?lm=1,https://www.transfermarkt.com/gd-estoril-praia/kader/verein/1465/plus/1
2026-07-09T08:48:28,Estoril,Felix Bacher,felix bacher,394134,2024-07-25,2028-06-30,,https://img.a.transfermarkt.technology/portrait/medium/394134-1724845183.jpg?lm=1,https://www.transfermarkt.com/gd-estoril-praia/kader/verein/1465/plus/1
2026-07-09T08:48:28,Estoril,Ferro,ferro,294321,2025-07-31,2027-06-30,,https://img.a.transfermarkt.technology/portrait/medium/294321-1743698179.jpg?lm=1,https://www.transfermarkt.com/gd-estoril-praia/kader/verein/1465/plus/1
2026-07-09T08:48:28,Estoril,Antef Tsoungui,antef tsoungui,503858,2025-09-01,2029-06-30,,https://img.a.transfermarkt.technology/portrait/medium/503858-1745075714.jpg?lm=1,https://www.transfermarkt.com/gd-estoril-praia/kader/verein/1465/plus/1
2026-07-09T08:48:28,Estoril,Ismael Sierra,ismael sierra,718195,2024-08-17,2027-06-30,,https://img.a.transfermarkt.technology/portrait/medium/default.jpg?lm=1,https://www.transfermarkt.com/gd-estoril-praia/kader/verein/1465/plus/1
2026-07-09T08:48:28,Estoril,Gonçalo Costa,goncalo costa,383014,2024-07-31,2028-06-30,,https://img.a.transfermarkt.technology/portrait/medium/383014-1724845350.jpg?lm=1,https://www.transfermarkt.com/gd-estoril-praia/kader/verein/1465/plus/1
2026-07-09T08:48:28,Estoril,Fernando Medrano,fernando medrano,461619,2026-07-01,2028-06-30,NEW,https://img.a.transfermarkt.technology/portrait/medium/default.jpg?lm=1,https://www.transfermarkt.com/gd-estoril-praia/kader/verein/1465/plus/1
2026-07-09T08:48:28,Estoril,Tiago Parente,tiago parente,925417,2025-07-01,2029-06-30,,https://img.a.transfermarkt.technology/portrait/medium/default.jpg?lm=1,https://www.transfermarkt.com/gd-estoril-praia/kader/verein/1465/plus/1
2026-07-09T08:48:28,Estoril,Ricard Sánchez,ricard sanchez,388545,2025-08-12,2027-06-30,,https://img.a.transfermarkt.technology/portrait/medium/388545-1551650605.JPG?lm=1,https://www.transfermarkt.com/gd-estoril-praia/kader/verein/1465/plus/1
2026-07-09T08:48:28,Estoril,Pedro Carvalho,pedro carvalho,1072238,2024-07-24,2028-06-30,,https://img.a.transfermarkt.technology/portrait/medium/1072238-1724848221.jpg?lm=1,https://www.transfermarkt.com/gd-estoril-praia/kader/verein/1465/plus/1
2026-07-09T08:48:28,Estoril,Diogo Brasido,diogo brasido,1044429,2025-07-01,2026-06-30,,https://img.a.transfermarkt.technology/portrait/medium/1044429-1765307982.png?lm=1,https://www.transfermarkt.com/gd-estoril-praia/kader/verein/1465/plus/1
2026-07-09T08:48:28,Estoril,Jordan Holsgrove,jordan holsgrove,429309,2024-08-13,2028-06-30,,https://img.a.transfermarkt.technology/portrait/medium/429309-1571162556.jpg?lm=1,https://www.transfermarkt.com/gd-estoril-praia/kader/verein/1465/plus/1
2026-07-09T08:48:28,Estoril,Jandro Orellana,jandro orellana,388548,2024-07-08,2027-06-30,,https://img.a.transfermarkt.technology/portrait/medium/388548-1724848451.jpg?lm=1,https://www.transfermarkt.com/gd-estoril-praia/kader/verein/1465/plus/1
2026-07-09T08:48:28,Estoril,Tiago Brito,tiago brito,1020686,2025-07-01,2029-06-30,,https://img.a.transfermarkt.technology/portrait/medium/default.jpg?lm=1,https://www.transfermarkt.com/gd-estoril-praia/kader/verein/1465/plus/1
2026-07-09T08:48:28,Estoril,Xeka,xeka,290256,2024-08-15,2028-06-30,,https://img.a.transfermarkt.technology/portrait/medium/290256-1599421564.jpg?lm=1,https://www.transfermarkt.com/gd-estoril-praia/kader/verein/1465/plus/1
2026-07-09T08:48:28,Estoril,Nodar Lominadze,nodar lominadze,658815,2025-07-14,2029-06-30,,https://img.a.transfermarkt.technology/portrait/medium/658815-1713341533.png?lm=1,https://www.transfermarkt.com/gd-estoril-praia/kader/verein/1465/plus/1
2026-07-09T08:48:28,Estoril,João Carvalho,joao carvalho,258005,2024-08-16,2027-06-30,,https://img.a.transfermarkt.technology/portrait/medium/258005-1541149759.JPG?lm=1,https://www.transfermarkt.com/gd-estoril-praia/kader/verein/1465/plus/1
2026-07-09T08:48:28,Estoril,André Lacximicant,andre lacximicant,752442,2024-07-25,2028-06-30,,https://img.a.transfermarkt.technology/portrait/medium/752442-1724846373.jpg?lm=1,https://www.transfermarkt.com/gd-estoril-praia/kader/verein/1465/plus/1
2026-07-09T08:48:28,Estoril,Rafik Guitane,rafik guitane,394328,2023-07-23,2027-06-30,,https://img.a.transfermarkt.technology/portrait/medium/394328-1724846346.jpg?lm=1,https://www.transfermarkt.com/gd-estoril-praia/kader/verein/1465/plus/1
2026-07-09T08:48:28,Estoril,Fabrício Garcia,fabricio garcia,1070645,2024-07-01,2028-06-30,,https://img.a.transfermarkt.technology/portrait/medium/1070645-1724848419.jpg?lm=1,https://www.transfermarkt.com/gd-estoril-praia/kader/verein/1465/plus/1
2026-07-09T08:48:28,Estoril,Peixinho,peixinho,1159044,2026-01-01,2028-06-30,,https://img.a.transfermarkt.technology/portrait/medium/default.jpg?lm=1,https://www.transfermarkt.com/gd-estoril-praia/kader/verein/1465/plus/1
2026-07-09T08:48:28,Estoril,Yanis Begraoui,yanis begraoui,569376,2024-07-01,2028-06-30,,https://img.a.transfermarkt.technology/portrait/medium/569376-1724845434.jpg?lm=1,https://www.transfermarkt.com/gd-estoril-praia/kader/verein/1465/plus/1
2026-07-09T08:48:28,Estoril,Khayon Edwards,khayon edwards,741650,2025-07-04,2028-06-30,,https://img.a.transfermarkt.technology/portrait/medium/741650-1675880434.jpg?lm=1,https://www.transfermarkt.com/gd-estoril-praia/kader/verein/1465/plus/1
2026-07-09T08:48:28,Estoril,Israel Salazar,israel salazar,634430,2024-08-15,2028-06-30,,https://img.a.transfermarkt.technology/portrait/medium/634430-1700777589.jpg?lm=1,https://www.transfermarkt.com/gd-estoril-praia/kader/verein/1465/plus/1
2026-07-09T08:48:34,Alverca,Noah Raveyre,noah raveyre,986180,2026-07-03,2026-07-03,NEW,https://img.a.transfermarkt.technology/portrait/medium/986180-1668004374.jpg?lm=1,https://www.transfermarkt.com/fc-alverca/kader/verein/2521/plus/1
2026-07-09T08:48:34,Alverca,Matheus Mendes,matheus mendes,629077,2025-08-20,2028-06-30,,https://img.a.transfermarkt.technology/portrait/medium/629077-1745599175.jpg?lm=1,https://www.transfermarkt.com/fc-alverca/kader/verein/2521/plus/1
2026-07-09T08:48:34,Alverca,Mateus,mateus,813121,2025-07-17,2028-06-30,,https://img.a.transfermarkt.technology/portrait/medium/813121-1706119734.jpg?lm=1,https://www.transfermarkt.com/fc-alverca/kader/verein/2521/plus/1
2026-07-09T08:48:34,Alverca,André Paulo,andre paulo,647098,2025-07-05,2027-06-30,,https://img.a.transfermarkt.technology/portrait/medium/647098-1612359737.jpg?lm=1,https://www.transfermarkt.com/fc-alverca/kader/verein/2521/plus/1
2026-07-09T08:48:34,Alverca,Bastien Meupiyou,bastien meupiyou,955253,2025-07-21,2028-06-30,,https://img.a.transfermarkt.technology/portrait/medium/955253-1703065461.jpg?lm=1,https://www.transfermarkt.com/fc-alverca/kader/verein/2521/plus/1
2026-07-09T08:48:34,Alverca,Julián Martínez,julian martinez,1105188,2025-08-13,2029-06-30,,https://img.a.transfermarkt.technology/portrait/medium/1105188-1751554869.jpg?lm=1,https://www.transfermarkt.com/fc-alverca/kader/verein/2521/plus/1
2026-07-09T08:48:34,Alverca,Steven Baseya,steven baseya,988468,2025-07-05,2028-06-30,,https://img.a.transfermarkt.technology/portrait/medium/988468-1716939302.jpg?lm=1,https://www.transfermarkt.com/fc-alverca/kader/verein/2521/plus/1
2026-07-09T08:48:34,Alverca,Sergi Gómez,sergi gomez,92947,2025-08-07,2027-06-30,,https://img.a.transfermarkt.technology/portrait/medium/92947-1447159892.jpg?lm=1,https://www.transfermarkt.com/fc-alverca/kader/verein/2521/plus/1
2026-07-09T08:48:34,Alverca,Isaac James,isaac james,746642,2025-07-02,2027-06-30,,https://img.a.transfermarkt.technology/portrait/medium/746642-1757672743.jpg?lm=1,https://www.transfermarkt.com/fc-alverca/kader/verein/2521/plus/1
2026-07-09T08:48:34,Alverca,Diogo Spencer,diogo spencer,858252,2026-01-30,2026-01-30,,https://img.a.transfermarkt.technology/portrait/medium/858252-1680003588.jpg?lm=1,https://www.transfermarkt.com/fc-alverca/kader/verein/2521/plus/1
2026-07-09T08:48:34,Alverca,Toni Tamarit,toni tamarit,1344793,2026-07-04,2030-06-30,NEW,https://img.a.transfermarkt.technology/portrait/medium/default.jpg?lm=1,https://www.transfermarkt.com/fc-alverca/kader/verein/2521/plus/1
2026-07-09T08:48:34,Alverca,Vasco Moreira,vasco moreira,657429,2026-01-13,2028-06-30,,https://img.a.transfermarkt.technology/portrait/medium/657429-1748379150.png?lm=1,https://www.transfermarkt.com/fc-alverca/kader/verein/2521/plus/1
2026-07-09T08:48:34,Alverca,Sabit Abdulai,sabit abdulai,648812,2025-08-02,2028-06-30,,https://img.a.transfermarkt.technology/portrait/medium/648812-1638365169.jpg?lm=1,https://www.transfermarkt.com/fc-alverca/kader/verein/2521/plus/1
2026-07-09T08:48:34,Alverca,Davy Gui,davy gui,1321322,2025-07-08,2028-06-30,,https://img.a.transfermarkt.technology/portrait/medium/1321322-1770902019.jpg?lm=1,https://www.transfermarkt.com/fc-alverca/kader/verein/2521/plus/1
2026-07-09T08:48:34,Alverca,Nabil Touaizi,nabil touaizi,487180,2025-08-05,2028-06-30,,https://img.a.transfermarkt.technology/portrait/medium/487180-1745338434.jpg?lm=1,https://www.transfermarkt.com/fc-alverca/kader/verein/2521/plus/1
2026-07-09T08:48:34,Alverca,Lucca Giuntini,lucca giuntini,1307181,2026-07-01,2026-07-01,NEW,https://img.a.transfermarkt.technology/portrait/medium/default.jpg?lm=1,https://www.transfermarkt.com/fc-alverca/kader/verein/2521/plus/1
2026-07-09T08:48:34,Alverca,Chiquinho,chiquinho,695454,2025-07-09,2028-06-30,,https://img.a.transfermarkt.technology/portrait/medium/695454-1641552728.png?lm=1,https://www.transfermarkt.com/fc-alverca/kader/verein/2521/plus/1
2026-07-09T08:48:34,Alverca,Figueiredo,figueiredo,703324,2025-09-01,2028-06-30,,https://img.a.transfermarkt.technology/portrait/medium/703324-1706564805.jpg?lm=1,https://www.transfermarkt.com/fc-alverca/kader/verein/2521/plus/1
2026-07-09T08:48:34,Alverca,Cédric Nuozzi,cedric nuozzi,859923,2025-07-02,2028-06-30,,https://img.a.transfermarkt.technology/portrait/medium/859923-1714046764.png?lm=1,https://www.transfermarkt.com/fc-alverca/kader/verein/2521/plus/1
2026-07-09T08:48:34,Alverca,Marco Essimi,marco essimi,628697,2026-07-01,2026-07-01,NEW,https://img.a.transfermarkt.technology/portrait/medium/628697-1778861886.jpg?lm=1,https://www.transfermarkt.com/fc-alverca/kader/verein/2521/plus/1
2026-07-09T08:48:34,Alverca,Stéphane Diarra,stephane diarra,428954,2025-07-16,2028-06-30,,https://img.a.transfermarkt.technology/portrait/medium/428954-1604333823.jpg?lm=1,https://www.transfermarkt.com/fc-alverca/kader/verein/2521/plus/1
2026-07-09T08:48:34,Alverca,Felipe Lima,felipe lima,923299,2028-06-30,2028-06-30,NEW,https://img.a.transfermarkt.technology/portrait/medium/923299-1629396774.png?lm=1,https://www.transfermarkt.com/fc-alverca/kader/verein/2521/plus/1
2026-07-09T08:48:34,Alverca,Armando Jr,armando jr,967688,2025-07-04,2028-06-30,,https://img.a.transfermarkt.technology/portrait/medium/967688-1727174918.png?lm=1,https://www.transfermarkt.com/fc-alverca/kader/verein/2521/plus/1
2026-07-09T08:48:38,Rio Ave,Cezary Miszta,cezary miszta,487167,2024-07-01,2027-06-30,,https://img.a.transfermarkt.technology/portrait/medium/487167-1737115990.jpg?lm=1,https://www.transfermarkt.com/rio-ave-fc/kader/verein/2425/plus/1
2026-07-09T08:48:38,Rio Ave,Ennio van der Gouw,ennio van der gouw,529425,2026-07-01,2029-06-30,NEW,https://img.a.transfermarkt.technology/portrait/medium/529425-1709893439.jpeg?lm=1,https://www.transfermarkt.com/rio-ave-fc/kader/verein/2425/plus/1
2026-07-09T08:48:38,Rio Ave,Kevin Chamorro,kevin chamorro,378521,2025-07-21,2029-06-30,,https://img.a.transfermarkt.technology/portrait/medium/378521-1715904382.png?lm=1,https://www.transfermarkt.com/rio-ave-fc/kader/verein/2425/plus/1
2026-07-09T08:48:38,Rio Ave,Antzelo Sina,antzelo sina,923129,2025-07-01,2027-06-30,,https://img.a.transfermarkt.technology/portrait/medium/923129-1737116030.jpg?lm=1,https://www.transfermarkt.com/rio-ave-fc/kader/verein/2425/plus/1
2026-07-09T08:48:38,Rio Ave,Andreas Ntoi,andreas ntoi,724035,2025-07-01,2028-06-30,,https://img.a.transfermarkt.technology/portrait/medium/724035-1771960523.jpg?lm=1,https://www.transfermarkt.com/rio-ave-fc/kader/verein/2425/plus/1
2026-07-09T08:48:38,Rio Ave,Gustavo Mancha,gustavo mancha,1082582,2026-02-02,2027-06-30,,https://img.a.transfermarkt.technology/portrait/medium/1082582-1757716101.png?lm=1,https://www.transfermarkt.com/rio-ave-fc/kader/verein/2425/plus/1
2026-07-09T08:48:38,Rio Ave,Nelson Abbey,nelson abbey,566677,2025-07-01,2028-06-30,,https://img.a.transfermarkt.technology/portrait/medium/566677-1737116225.jpg?lm=1,https://www.transfermarkt.com/rio-ave-fc/kader/verein/2425/plus/1
2026-07-09T08:48:38,Rio Ave,Francisco Petrasso,francisco petrasso,985683,2024-08-26,2028-06-30,,https://img.a.transfermarkt.technology/portrait/medium/985683-1737116110.jpg?lm=1,https://www.transfermarkt.com/rio-ave-fc/kader/verein/2425/plus/1
2026-07-09T08:48:38,Rio Ave,Jakub Brabec,jakub brabec,112948,2025-09-08,2027-06-30,,https://img.a.transfermarkt.technology/portrait/medium/112948-1735061444.jpg?lm=1,https://www.transfermarkt.com/rio-ave-fc/kader/verein/2425/plus/1
2026-07-09T08:48:38,Rio Ave,Julien Lomboto,julien lomboto,862204,2025-07-01,2028-06-30,,https://img.a.transfermarkt.technology/portrait/medium/862204-1737739097.jpg?lm=1,https://www.transfermarkt.com/rio-ave-fc/kader/verein/2425/plus/1
2026-07-09T08:48:38,Rio Ave,Marios Vrousai,marios vrousai,395632,2024-07-06,2027-06-30,,https://img.a.transfermarkt.technology/portrait/medium/395632-1737120039.jpg?lm=1,https://www.transfermarkt.com/rio-ave-fc/kader/verein/2425/plus/1
2026-07-09T08:48:38,Rio Ave,João Tomé,joao tome,551981,2024-07-01,2027-06-30,,https://img.a.transfermarkt.technology/portrait/medium/551981-1737124650.jpg?lm=1,https://www.transfermarkt.com/rio-ave-fc/kader/verein/2425/plus/1
2026-07-09T08:48:38,Rio Ave,Tamás Nikitscher,tamas nikitscher,633056,2025-09-01,2029-06-30,,https://img.a.transfermarkt.technology/portrait/medium/633056-1732087351.jpg?lm=1,https://www.transfermarkt.com/rio-ave-fc/kader/verein/2425/plus/1
2026-07-09T08:48:38,Rio Ave,Georgios Liavas,georgios liavas,481676,2025-08-12,2029-06-30,,https://img.a.transfermarkt.technology/portrait/medium/481676-1738081958.png?lm=1,https://www.transfermarkt.com/rio-ave-fc/kader/verein/2425/plus/1
2026-07-09T08:48:38,Rio Ave,Georgios Okkas,georgios okkas,614987,2024-07-09,2027-06-30,,https://img.a.transfermarkt.technology/portrait/medium/614987-1759527016.jpg?lm=1,https://www.transfermarkt.com/rio-ave-fc/kader/verein/2425/plus/1
2026-07-09T08:48:38,Rio Ave,Brandon Aguilera,brandon aguilera,631996,2024-07-02,2027-06-30,,https://img.a.transfermarkt.technology/portrait/medium/631996-1737125377.jpg?lm=1,https://www.transfermarkt.com/rio-ave-fc/kader/verein/2425/plus/1
2026-07-09T08:48:38,Rio Ave,Ryan Guilherme,ryan guilherme,877787,2026-02-01,2030-06-30,,https://img.a.transfermarkt.technology/portrait/medium/877787-1684688975.jpeg?lm=1,https://www.transfermarkt.com/rio-ave-fc/kader/verein/2425/plus/1
2026-07-09T08:48:38,Rio Ave,Ole Pohlmann,ole pohlmann,405690,2024-07-02,2027-06-30,,https://img.a.transfermarkt.technology/portrait/medium/405690-1737124998.jpg?lm=1,https://www.transfermarkt.com/rio-ave-fc/kader/verein/2425/plus/1
2026-07-09T08:48:38,Rio Ave,Tobías Medina,tobias medina,856592,2024-08-12,2028-06-30,,https://img.a.transfermarkt.technology/portrait/medium/856592-1737125595.jpg?lm=1,https://www.transfermarkt.com/rio-ave-fc/kader/verein/2425/plus/1
2026-07-09T08:48:38,Rio Ave,Diogo Bezerra,diogo bezerra,947404,2026-01-13,2030-06-30,,https://img.a.transfermarkt.technology/portrait/medium/947404-1758020968.png?lm=1,https://www.transfermarkt.com/rio-ave-fc/kader/verein/2425/plus/1
2026-07-09T08:48:38,Rio Ave,Dario Špikić,dario spikic,403290,2025-08-15,2028-06-30,,https://img.a.transfermarkt.technology/portrait/medium/403290-1601583952.jpg?lm=1,https://www.transfermarkt.com/rio-ave-fc/kader/verein/2425/plus/1
2026-07-09T08:48:38,Rio Ave,Rafael Lobato,rafael lobato,1097263,2025-08-27,2029-06-30,,https://img.a.transfermarkt.technology/portrait/medium/1097263-1739971442.jpg?lm=1,https://www.transfermarkt.com/rio-ave-fc/kader/verein/2425/plus/1
2026-07-09T08:48:38,Rio Ave,Amine Rehmi,amine rehmi,990860,2024-07-01,2028-06-30,,https://img.a.transfermarkt.technology/portrait/medium/default.jpg?lm=1,https://www.transfermarkt.com/rio-ave-fc/kader/verein/2425/plus/1
2026-07-09T08:48:38,Rio Ave,Jalen Blesa,jalen blesa,973249,2026-02-02,2030-06-30,,https://img.a.transfermarkt.technology/portrait/medium/973249-1773844255.jpg?lm=1,https://www.transfermarkt.com/rio-ave-fc/kader/verein/2425/plus/1
2026-07-09T08:48:38,Rio Ave,Tamble,tamble,842517,2026-02-02,2026-02-02,,https://img.a.transfermarkt.technology/portrait/medium/842517-1753033448.png?lm=1,https://www.transfermarkt.com/rio-ave-fc/kader/verein/2425/plus/1
2026-07-09T08:48:38,Rio Ave,Samuel Alves,samuel alves,1502255,2026-07-03,2030-06-30,NEW,https://img.a.transfermarkt.technology/portrait/medium/default.jpg?lm=1,https://www.transfermarkt.com/rio-ave-fc/kader/verein/2425/plus/1
2026-07-09T08:48:42,Santa Clara,Gabriel Batista,gabriel batista,401535,2022-08-25,2028-06-30,,https://img.a.transfermarkt.technology/portrait/medium/401535-1779129023.jpeg?lm=1,https://www.transfermarkt.com/cd-santa-clara/kader/verein/2423/plus/1
2026-07-09T08:48:42,Santa Clara,Neneca,neneca,983843,2026-07-01,2030-06-30,NEW,https://img.a.transfermarkt.technology/portrait/medium/983843-1665789640.jpg?lm=1,https://www.transfermarkt.com/cd-santa-clara/kader/verein/2423/plus/1
2026-07-09T08:48:42,Santa Clara,Cristian,cristian,662335,2025-09-01,2027-06-30,,https://img.a.transfermarkt.technology/portrait/medium/662335-1595155136.jpg?lm=1,https://www.transfermarkt.com/cd-santa-clara/kader/verein/2423/plus/1
2026-07-09T08:48:42,Santa Clara,Sidney Lima,sidney lima,657155,2023-07-01,2027-06-30,,https://img.a.transfermarkt.technology/portrait/medium/657155-1778859302.jpeg?lm=1,https://www.transfermarkt.com/cd-santa-clara/kader/verein/2423/plus/1
2026-07-09T08:48:42,Santa Clara,MT,mt,808475,2024-07-01,2028-06-30,,https://img.a.transfermarkt.technology/portrait/medium/808475-1729963137.jpg?lm=1,https://www.transfermarkt.com/cd-santa-clara/kader/verein/2423/plus/1
2026-07-09T08:48:42,Santa Clara,Emanuel Moreira,emanuel moreira,927733,2026-07-01,2026-07-01,NEW,https://img.a.transfermarkt.technology/portrait/medium/default.jpg?lm=1,https://www.transfermarkt.com/cd-santa-clara/kader/verein/2423/plus/1
2026-07-09T08:48:42,Santa Clara,Henrique Silva,henrique silva,1083239,2025-11-01,2026-06-30,,https://img.a.transfermarkt.technology/portrait/medium/default.jpg?lm=1,https://www.transfermarkt.com/cd-santa-clara/kader/verein/2423/plus/1
2026-07-09T08:48:42,Santa Clara,Pedro Pacheco,pedro pacheco,290508,2023-07-01,2028-06-30,,https://img.a.transfermarkt.technology/portrait/medium/290508-1503595572.jpg?lm=1,https://www.transfermarkt.com/cd-santa-clara/kader/verein/2423/plus/1
2026-07-09T08:48:42,Santa Clara,Alysson,alysson,574761,2024-07-01,2026-06-30,,https://img.a.transfermarkt.technology/portrait/medium/574761-1766504446.jpg?lm=1,https://www.transfermarkt.com/cd-santa-clara/kader/verein/2423/plus/1
2026-07-09T08:48:42,Santa Clara,Frederico Venâncio,frederico venancio,169681,2024-07-18,2026-06-30,,https://img.a.transfermarkt.technology/portrait/medium/169681-1547396267.png?lm=1,https://www.transfermarkt.com/cd-santa-clara/kader/verein/2423/plus/1
2026-07-09T08:48:42,Santa Clara,Thauan Lara,thauan lara,749557,2025-07-04,2027-06-30,,https://img.a.transfermarkt.technology/portrait/medium/749557-1660571974.jpg?lm=1,https://www.transfermarkt.com/cd-santa-clara/kader/verein/2423/plus/1
2026-07-09T08:48:42,Santa Clara,Kamika,kamika,959680,2026-07-06,2028-06-30,NEW,https://img.a.transfermarkt.technology/portrait/medium/default.jpg?lm=1,https://www.transfermarkt.com/cd-santa-clara/kader/verein/2423/plus/1
2026-07-09T08:48:42,Santa Clara,Lucas Soares,lucas soares,684061,2023-07-06,2027-06-30,,https://img.a.transfermarkt.technology/portrait/medium/684061-1663602623.png?lm=1,https://www.transfermarkt.com/cd-santa-clara/kader/verein/2423/plus/1
2026-07-09T08:48:42,Santa Clara,Edney,edney,1082539,2025-02-03,2027-06-30,,https://img.a.transfermarkt.technology/portrait/medium/1082539-1680449152.jpg?lm=1,https://www.transfermarkt.com/cd-santa-clara/kader/verein/2423/plus/1
2026-07-09T08:48:42,Santa Clara,Diogo Calila,diogo calila,396429,2022-08-19,2027-06-30,,https://img.a.transfermarkt.technology/portrait/medium/396429-1716925128.jpeg?lm=1,https://www.transfermarkt.com/cd-santa-clara/kader/verein/2423/plus/1
2026-07-09T08:48:42,Santa Clara,Douglas Borel,douglas borel,647540,2025-07-01,2028-06-30,,https://img.a.transfermarkt.technology/portrait/medium/647540-1660518709.jpg?lm=1,https://www.transfermarkt.com/cd-santa-clara/kader/verein/2423/plus/1
2026-07-09T08:48:42,Santa Clara,Pedro Ferreira,pedro ferreira,337799,2024-01-03,2028-06-30,,https://img.a.transfermarkt.technology/portrait/medium/337799-1409755092.jpg?lm=1,https://www.transfermarkt.com/cd-santa-clara/kader/verein/2423/plus/1
2026-07-09T08:48:42,Santa Clara,Dani Borges,dani borges,1083604,2024-01-31,2030-06-30,,https://img.a.transfermarkt.technology/portrait/medium/default.jpg?lm=1,https://www.transfermarkt.com/cd-santa-clara/kader/verein/2423/plus/1
2026-07-09T08:48:42,Santa Clara,Mateus Sarará,mateus sarara,874853,2023-07-05,2026-06-30,,https://img.a.transfermarkt.technology/portrait/medium/874853-1739441498.jpg?lm=1,https://www.transfermarkt.com/cd-santa-clara/kader/verein/2423/plus/1
2026-07-09T08:48:42,Santa Clara,Djé,dje,1292917,2025-07-01,2030-06-30,,https://img.a.transfermarkt.technology/portrait/medium/default.jpg?lm=1,https://www.transfermarkt.com/cd-santa-clara/kader/verein/2423/plus/1
2026-07-09T08:48:42,Santa Clara,Miguel Pires,miguel pires,1056441,2025-07-01,2027-06-30,,https://img.a.transfermarkt.technology/portrait/medium/default.jpg?lm=1,https://www.transfermarkt.com/cd-santa-clara/kader/verein/2423/plus/1
2026-07-09T08:48:42,Santa Clara,Tiago Ribeiro,tiago ribeiro,504084,2026-07-03,2026-07-03,NEW,https://img.a.transfermarkt.technology/portrait/medium/default.jpg?lm=1,https://www.transfermarkt.com/cd-santa-clara/kader/verein/2423/plus/1
2026-07-09T08:48:42,Santa Clara,Rildo,rildo,800177,2022-07-25,2027-06-30,,https://img.a.transfermarkt.technology/portrait/medium/800177-1751175543.png?lm=1,https://www.transfermarkt.com/cd-santa-clara/kader/verein/2423/plus/1
2026-07-09T08:48:42,Santa Clara,Andrey,andrey,997076,2026-02-02,2027-06-30,,https://img.a.transfermarkt.technology/portrait/medium/997076-1741858941.jpg?lm=1,https://www.transfermarkt.com/cd-santa-clara/kader/verein/2423/plus/1
2026-07-09T08:48:42,Santa Clara,Pedro Jesus,pedro jesus,1005424,2024-07-14,2024-07-14,,https://img.a.transfermarkt.technology/portrait/medium/default.jpg?lm=1,https://www.transfermarkt.com/cd-santa-clara/kader/verein/2423/plus/1
2026-07-09T08:48:42,Santa Clara,Henrique Pereira,henrique pereira,505655,2025-07-02,2028-06-30,,https://img.a.transfermarkt.technology/portrait/medium/505655-1625667504.jpg?lm=1,https://www.transfermarkt.com/cd-santa-clara/kader/verein/2423/plus/1
2026-07-09T08:48:42,Santa Clara,Vinícius Lopes,vinicius lopes,688881,2024-07-02,2028-06-30,,https://img.a.transfermarkt.technology/portrait/medium/688881-1636982998.jpg?lm=1,https://www.transfermarkt.com/cd-santa-clara/kader/verein/2423/plus/1
2026-07-09T08:48:42,Santa Clara,Brenner,brenner,973703,2025-07-01,2028-06-30,,https://img.a.transfermarkt.technology/portrait/medium/973703-1741821568.jpg?lm=1,https://www.transfermarkt.com/cd-santa-clara/kader/verein/2423/plus/1
2026-07-09T08:48:42,Santa Clara,Fernando,fernando,1091608,2026-02-02,2029-06-30,,https://img.a.transfermarkt.technology/portrait/medium/1091608-1708568803.jpg?lm=1,https://www.transfermarkt.com/cd-santa-clara/kader/verein/2423/plus/1
2026-07-09T08:48:42,Santa Clara,Welinton Torrão,welinton torrao,687361,2026-01-01,2028-06-30,,https://img.a.transfermarkt.technology/portrait/medium/default.jpg?lm=1,https://www.transfermarkt.com/cd-santa-clara/kader/verein/2423/plus/1
2026-07-09T08:48:42,Santa Clara,Bruno Almeida,bruno almeida,393581,2023-07-01,2026-06-30,,https://img.a.transfermarkt.technology/portrait/medium/393581-1716925058.jpeg?lm=1,https://www.transfermarkt.com/cd-santa-clara/kader/verein/2423/plus/1
2026-07-09T08:48:42,Santa Clara,Vitinho,vitinho,796742,2026-02-02,2026-02-02,,https://img.a.transfermarkt.technology/portrait/medium/796742-1670979913.jpg?lm=1,https://www.transfermarkt.com/cd-santa-clara/kader/verein/2423/plus/1
2026-07-09T08:48:42,Santa Clara,Gonçalo Paciência,goncalo paciencia,181547,2026-01-27,2028-06-30,,https://img.a.transfermarkt.technology/portrait/medium/181547-1533115440.jpg?lm=1,https://www.transfermarkt.com/cd-santa-clara/kader/verein/2423/plus/1
2026-07-09T08:48:42,Santa Clara,João Costa,joao costa,856423,2024-07-01,2028-06-30,,https://img.a.transfermarkt.technology/portrait/medium/default.jpg?lm=1,https://www.transfermarkt.com/cd-santa-clara/kader/verein/2423/plus/1
2026-07-09T08:48:47,Moreirense,André Ferreira,andre ferreira,290346,2025-07-21,2028-06-30,,https://img.a.transfermarkt.technology/portrait/medium/290346-1548259586.jpg?lm=1,https://www.transfermarkt.com/moreirense-fc/kader/verein/979/plus/1
2026-07-09T08:48:47,Moreirense,Aranha,aranha,1093863,2026-07-01,2027-06-30,NEW,https://img.a.transfermarkt.technology/portrait/medium/1093863-1680448579.jpg?lm=1,https://www.transfermarkt.com/moreirense-fc/kader/verein/979/plus/1
2026-07-09T08:48:47,Moreirense,Gilberto Batista,gilberto batista,816572,2023-07-01,2027-06-30,,https://img.a.transfermarkt.technology/portrait/medium/816572-1705663008.png?lm=1,https://www.transfermarkt.com/moreirense-fc/kader/verein/979/plus/1
2026-07-09T08:48:47,Moreirense,Maracás,maracas,373187,2023-07-01,2026-06-30,,https://img.a.transfermarkt.technology/portrait/medium/373187-1705662823.png?lm=1,https://www.transfermarkt.com/moreirense-fc/kader/verein/979/plus/1
2026-07-09T08:48:47,Moreirense,Kevyn Monteiro,kevyn monteiro,1116537,2026-07-01,2030-06-30,NEW,https://img.a.transfermarkt.technology/portrait/medium/1116537-1769434591.png?lm=1,https://www.transfermarkt.com/moreirense-fc/kader/verein/979/plus/1
2026-07-09T08:48:47,Moreirense,Janderson,janderson,1097224,2026-07-02,2031-06-30,NEW,https://img.a.transfermarkt.technology/portrait/medium/1097224-1769129291.png?lm=1,https://www.transfermarkt.com/moreirense-fc/kader/verein/979/plus/1
2026-07-09T08:48:47,Moreirense,Kiko,kiko,934031,2025-07-02,2029-06-30,,https://img.a.transfermarkt.technology/portrait/medium/934031-1704295000.jpg?lm=1,https://www.transfermarkt.com/moreirense-fc/kader/verein/979/plus/1
2026-07-09T08:48:47,Moreirense,Álvaro Martínez,alvaro martinez,718577,2025-07-01,2028-06-30,,https://img.a.transfermarkt.technology/portrait/medium/718577-1732225155.jpg?lm=1,https://www.transfermarkt.com/moreirense-fc/kader/verein/979/plus/1
2026-07-09T08:48:47,Moreirense,Dinis Pinto,dinis pinto,663254,2023-07-01,2027-06-30,,https://img.a.transfermarkt.technology/portrait/medium/663254-1705663219.png?lm=1,https://www.transfermarkt.com/moreirense-fc/kader/verein/979/plus/1
2026-07-09T08:48:47,Moreirense,Leandro Santos,leandro santos,1173926,2026-01-23,2030-06-30,,https://img.a.transfermarkt.technology/portrait/medium/1173926-1750853222.jpg?lm=1,https://www.transfermarkt.com/moreirense-fc/kader/verein/979/plus/1
2026-07-09T08:48:47,Moreirense,Mateja Stjepanović,mateja stjepanovic,698539,2025-07-08,2029-06-30,,https://img.a.transfermarkt.technology/portrait/medium/698539-1673942102.jpg?lm=1,https://www.transfermarkt.com/moreirense-fc/kader/verein/979/plus/1
2026-07-09T08:48:47,Moreirense,Guilherme Liberato,guilherme liberato,739442,2024-07-01,2028-06-30,,https://img.a.transfermarkt.technology/portrait/medium/739442-1759257694.jpg?lm=1,https://www.transfermarkt.com/moreirense-fc/kader/verein/979/plus/1
2026-07-09T08:48:47,Moreirense,Afonso Assis,afonso assis,1365020,2025-07-01,2030-06-30,,https://img.a.transfermarkt.technology/portrait/medium/1365020-1778859569.jpeg?lm=1,https://www.transfermarkt.com/moreirense-fc/kader/verein/979/plus/1
2026-07-09T08:48:47,Moreirense,Miguel Silva,miguel silva,1510255,2027-06-30,2027-06-30,NEW,https://img.a.transfermarkt.technology/portrait/medium/default.jpg?lm=1,https://www.transfermarkt.com/moreirense-fc/kader/verein/979/plus/1
2026-07-09T08:48:47,Moreirense,Rodri Alonso,rodri alonso,668178,2025-07-01,2028-06-30,,https://img.a.transfermarkt.technology/portrait/medium/668178-1614625342.jpg?lm=1,https://www.transfermarkt.com/moreirense-fc/kader/verein/979/plus/1
2026-07-09T08:48:47,Moreirense,Nile John,nile john,581683,2026-01-29,2029-06-30,,https://img.a.transfermarkt.technology/portrait/medium/581683-1629964630.jpg?lm=1,https://www.transfermarkt.com/moreirense-fc/kader/verein/979/plus/1
2026-07-09T08:48:47,Moreirense,Jimi Gower,jimi gower,890718,2025-08-06,2028-06-30,,https://img.a.transfermarkt.technology/portrait/medium/890718-1744146290.jpg?lm=1,https://www.transfermarkt.com/moreirense-fc/kader/verein/979/plus/1
2026-07-09T08:48:47,Moreirense,Landerson,landerson,1219689,2025-08-14,2030-06-30,,https://img.a.transfermarkt.technology/portrait/medium/1219689-1770771756.jpg?lm=1,https://www.transfermarkt.com/moreirense-fc/kader/verein/979/plus/1
2026-07-09T08:48:47,Moreirense,Kiko Bondoso,kiko bondoso,590302,2025-07-01,2027-06-30,,https://img.a.transfermarkt.technology/portrait/medium/590302-1737125586.jpg?lm=1,https://www.transfermarkt.com/moreirense-fc/kader/verein/979/plus/1
2026-07-09T08:48:47,Moreirense,Joel Jorquera,joel jorquera,633114,2025-01-27,2027-06-30,,https://img.a.transfermarkt.technology/portrait/medium/default.jpg?lm=1,https://www.transfermarkt.com/moreirense-fc/kader/verein/979/plus/1
2026-07-09T08:48:47,Moreirense,Michael Dacosta,michael dacosta,854722,2026-07-01,2029-06-30,NEW,https://img.a.transfermarkt.technology/portrait/medium/default.jpg?lm=1,https://www.transfermarkt.com/moreirense-fc/kader/verein/979/plus/1
2026-07-09T08:48:47,Moreirense,Yan Maranhão,yan maranhao,862568,2025-02-02,2029-06-30,,https://img.a.transfermarkt.technology/portrait/medium/862568-1766511707.jpg?lm=1,https://www.transfermarkt.com/moreirense-fc/kader/verein/979/plus/1
2026-07-09T08:48:47,Moreirense,Alexandre Parsemain,alexandre parsemain,811432,2026-07-02,2030-06-30,NEW,https://img.a.transfermarkt.technology/portrait/medium/811432-1755174658.jpg?lm=1,https://www.transfermarkt.com/moreirense-fc/kader/verein/979/plus/1
2026-07-09T08:48:47,Moreirense,Koby Mottoh,koby mottoh,1076505,2026-07-01,2026-07-01,NEW,https://img.a.transfermarkt.technology/portrait/medium/default.jpg?lm=1,https://www.transfermarkt.com/moreirense-fc/kader/verein/979/plus/1
2026-07-09T08:48:50,Estrela,Francisco Meixedo,francisco meixedo,564968,2024-07-14,2027-06-30,,https://img.a.transfermarkt.technology/portrait/medium/564968-1743697970.jpg?lm=1,https://www.transfermarkt.com/cf-estrela-amadora-sad/kader/verein/2431/plus/1
2026-07-09T08:48:50,Estrela,Diogo Pinto,diogo pinto,670711,2025-07-01,2028-06-30,,https://img.a.transfermarkt.technology/portrait/medium/670711-1689275244.jpg?lm=1,https://www.transfermarkt.com/cf-estrela-amadora-sad/kader/verein/2431/plus/1
2026-07-09T08:48:50,Estrela,Dudu,dudu,369258,2026-02-02,2028-06-30,,https://img.a.transfermarkt.technology/portrait/medium/369258-1752756448.jpg?lm=1,https://www.transfermarkt.com/cf-estrela-amadora-sad/kader/verein/2431/plus/1
2026-07-09T08:48:50,Estrela,David Grilo,david grilo,372468,2025-07-02,2028-06-30,,https://img.a.transfermarkt.technology/portrait/medium/372468-1638712058.jpg?lm=1,https://www.transfermarkt.com/cf-estrela-amadora-sad/kader/verein/2431/plus/1
2026-07-09T08:48:50,Estrela,Stefan Lekovic,stefan lekovic,797572,2026-07-01,2029-06-30,NEW,https://img.a.transfermarkt.technology/portrait/medium/797572-1739282472.jpg?lm=1,https://www.transfermarkt.com/cf-estrela-amadora-sad/kader/verein/2431/plus/1
2026-07-09T08:48:50,Estrela,Luan Patrick,luan patrick,658674,2025-07-10,2028-06-30,,https://img.a.transfermarkt.technology/portrait/medium/658674-1682527289.jpg?lm=1,https://www.transfermarkt.com/cf-estrela-amadora-sad/kader/verein/2431/plus/1
2026-07-09T08:48:50,Estrela,Otávio,otavio,1094885,2025-10-20,2029-06-30,,https://img.a.transfermarkt.technology/portrait/medium/1094885-1767963953.jpg?lm=1,https://www.transfermarkt.com/cf-estrela-amadora-sad/kader/verein/2431/plus/1
2026-07-09T08:48:50,Estrela,Bernardo Schappo,bernardo schappo,699679,2025-07-09,2028-06-30,,https://img.a.transfermarkt.technology/portrait/medium/699679-1666299634.jpg?lm=1,https://www.transfermarkt.com/cf-estrela-amadora-sad/kader/verein/2431/plus/1
2026-07-09T08:48:50,Estrela,Atanas Chernev,atanas chernev,351441,2025-07-02,2028-06-30,,https://img.a.transfermarkt.technology/portrait/medium/351441-1695563713.png?lm=1,https://www.transfermarkt.com/cf-estrela-amadora-sad/kader/verein/2431/plus/1
2026-07-09T08:48:50,Estrela,Issiar Dramé,issiar drame,461582,2024-07-06,2027-06-30,,https://img.a.transfermarkt.technology/portrait/medium/461582-1743698274.jpg?lm=1,https://www.transfermarkt.com/cf-estrela-amadora-sad/kader/verein/2431/plus/1
2026-07-09T08:48:50,Estrela,Ni,ni,927107,2025-07-01,2028-06-30,,https://img.a.transfermarkt.technology/portrait/medium/default.jpg?lm=1,https://www.transfermarkt.com/cf-estrela-amadora-sad/kader/verein/2431/plus/1
2026-07-09T08:48:50,Estrela,Yahya Kalley,yahya kalley,593410,2026-01-30,2028-06-30,,https://img.a.transfermarkt.technology/portrait/medium/593410-1630507412.jpg?lm=1,https://www.transfermarkt.com/cf-estrela-amadora-sad/kader/verein/2431/plus/1
2026-07-09T08:48:50,Estrela,Jefferson Encada,jefferson encada,448468,2025-07-04,2028-06-30,,https://img.a.transfermarkt.technology/portrait/medium/448468-1547563286.png?lm=1,https://www.transfermarkt.com/cf-estrela-amadora-sad/kader/verein/2431/plus/1
2026-07-09T08:48:50,Estrela,Max Scholze,max scholze,707350,2026-01-28,2028-06-30,,https://img.a.transfermarkt.technology/portrait/medium/707350-1753735529.jpg?lm=1,https://www.transfermarkt.com/cf-estrela-amadora-sad/kader/verein/2431/plus/1
2026-07-09T08:48:50,Estrela,Kevin Höög Jansson,kevin hoog jansson,626854,2026-01-01,2028-06-30,,https://img.a.transfermarkt.technology/portrait/medium/626854-1613147297.png?lm=1,https://www.transfermarkt.com/cf-estrela-amadora-sad/kader/verein/2431/plus/1
2026-07-09T08:48:50,Estrela,Eddy Doué,eddy doue,1159661,2026-01-23,2028-06-30,,https://img.a.transfermarkt.technology/portrait/medium/default.jpg?lm=1,https://www.transfermarkt.com/cf-estrela-amadora-sad/kader/verein/2431/plus/1
2026-07-09T08:48:50,Estrela,Robinho,robinho,1093626,2025-07-14,2028-06-30,,https://img.a.transfermarkt.technology/portrait/medium/1093626-1711599066.jpg?lm=1,https://www.transfermarkt.com/cf-estrela-amadora-sad/kader/verein/2431/plus/1
2026-07-09T08:48:50,Estrela,Tom Moustier,tom moustier,782889,2026-01-20,2028-06-30,,https://img.a.transfermarkt.technology/portrait/medium/782889-1753388045.jpg?lm=1,https://www.transfermarkt.com/cf-estrela-amadora-sad/kader/verein/2431/plus/1
2026-07-09T08:48:50,Estrela,Ianis Stoica,ianis stoica,547754,2025-07-28,2028-06-30,,https://img.a.transfermarkt.technology/portrait/medium/547754-1753432042.png?lm=1,https://www.transfermarkt.com/cf-estrela-amadora-sad/kader/verein/2431/plus/1
2026-07-09T08:48:50,Estrela,Jorge Meireles,jorge meireles,742454,2025-07-01,2028-06-30,,https://img.a.transfermarkt.technology/portrait/medium/742454-1689275346.jpg?lm=1,https://www.transfermarkt.com/cf-estrela-amadora-sad/kader/verein/2431/plus/1
2026-07-09T08:48:50,Estrela,Alisson Souza,alisson souza,1270605,2026-01-01,2028-06-30,,https://img.a.transfermarkt.technology/portrait/medium/1270605-1767963706.jpg?lm=1,https://www.transfermarkt.com/cf-estrela-amadora-sad/kader/verein/2431/plus/1
2026-07-09T08:48:50,Estrela,Bénito,benito,768562,2026-07-01,2029-06-30,NEW,https://img.a.transfermarkt.technology/portrait/medium/768562-1703759870.png?lm=1,https://www.transfermarkt.com/cf-estrela-amadora-sad/kader/verein/2431/plus/1
2026-07-09T08:48:50,Estrela,Abraham Marcus,abraham marcus,699632,2025-07-08,2028-06-30,,https://img.a.transfermarkt.technology/portrait/medium/699632-1612876843.jpg?lm=1,https://www.transfermarkt.com/cf-estrela-amadora-sad/kader/verein/2431/plus/1
2026-07-09T08:48:50,Estrela,Sydney van Hooijdonk,sydney van hooijdonk,439292,2026-01-29,2028-06-30,,https://img.a.transfermarkt.technology/portrait/medium/439292-1755785236.jpg?lm=1,https://www.transfermarkt.com/cf-estrela-amadora-sad/kader/verein/2431/plus/1
2026-07-09T08:48:50,Estrela,João Gastão,joao gastao,1321718,2025-07-01,2029-06-30,,https://img.a.transfermarkt.technology/portrait/medium/default.jpg?lm=1,https://www.transfermarkt.com/cf-estrela-amadora-sad/kader/verein/2431/plus/1
2026-07-09T08:48:50,Estrela,Mathew Gbomadu,mathew gbomadu,1159175,2026-02-02,2027-06-30,,https://img.a.transfermarkt.technology/portrait/medium/1159175-1757593860.png?lm=1,https://www.transfermarkt.com/cf-estrela-amadora-sad/kader/verein/2431/plus/1
2026-07-09T08:48:50,Estrela,Chilohem Onuoha,chilohem onuoha,905013,2026-01-14,2026-01-14,,https://img.a.transfermarkt.technology/portrait/medium/905013-1752744716.jpg?lm=1,https://www.transfermarkt.com/cf-estrela-amadora-sad/kader/verein/2431/plus/1
2026-07-09T08:48:50,Estrela,Leandro Antonetti,leandro antonetti,892926,2025-09-01,2028-06-30,,https://img.a.transfermarkt.technology/portrait/medium/892926-1750365255.jpg?lm=1,https://www.transfermarkt.com/cf-estrela-amadora-sad/kader/verein/2431/plus/1
2026-07-09T08:48:50,Estrela,Rodrigo Pinho,rodrigo pinho,366278,2024-01-03,2027-06-30,,https://img.a.transfermarkt.technology/portrait/medium/366278-1743700311.jpg?lm=1,https://www.transfermarkt.com/cf-estrela-amadora-sad/kader/verein/2431/plus/1
2026-07-09T08:48:53,Casa Pia,Patrick Sequeira,patrick sequeira,378482,2024-07-25,2027-06-30,,https://img.a.transfermarkt.technology/portrait/medium/378482-1700766324.png?lm=1,https://www.transfermarkt.com/casa-pia-ac/kader/verein/3268/plus/1
2026-07-09T08:48:53,Casa Pia,Ivan Mandić,ivan mandic,815219,2025-07-20,2029-06-30,,https://img.a.transfermarkt.technology/portrait/medium/815219-1731615982.jpeg?lm=1,https://www.transfermarkt.com/casa-pia-ac/kader/verein/3268/plus/1
2026-07-09T08:48:53,Casa Pia,Daniel Azevedo,daniel azevedo,383008,2024-01-15,2027-06-30,,https://img.a.transfermarkt.technology/portrait/medium/383008-1537438714.jpg?lm=1,https://www.transfermarkt.com/casa-pia-ac/kader/verein/3268/plus/1
2026-07-09T08:48:53,Casa Pia,Ricardo Batista,ricardo batista,24846,2020-08-31,2026-06-30,,https://img.a.transfermarkt.technology/portrait/medium/24846-1663602421.png?lm=1,https://www.transfermarkt.com/casa-pia-ac/kader/verein/3268/plus/1
2026-07-09T08:48:53,Casa Pia,João Goulart,joao goulart,537477,2024-07-05,2027-06-30,,https://img.a.transfermarkt.technology/portrait/medium/537477-1571744295.jpg?lm=1,https://www.transfermarkt.com/casa-pia-ac/kader/verein/3268/plus/1
2026-07-09T08:48:53,Casa Pia,Kaique Rocha,kaique rocha,633377,2025-07-28,2028-06-30,,https://img.a.transfermarkt.technology/portrait/medium/633377-1604409330.jpg?lm=1,https://www.transfermarkt.com/casa-pia-ac/kader/verein/3268/plus/1
2026-07-09T08:48:53,Casa Pia,David Sousa,david sousa,740159,2025-08-07,2028-06-30,,https://img.a.transfermarkt.technology/portrait/medium/740159-1709824940.png?lm=1,https://www.transfermarkt.com/casa-pia-ac/kader/verein/3268/plus/1
2026-07-09T08:48:53,Casa Pia,Kaly,kaly,1241219,2025-01-31,2027-06-30,,https://img.a.transfermarkt.technology/portrait/medium/1241219-1713416870.png?lm=1,https://www.transfermarkt.com/casa-pia-ac/kader/verein/3268/plus/1
2026-07-09T08:48:53,Casa Pia,Abdu Conté,abdu conte,337798,2025-08-29,2028-06-30,,https://img.a.transfermarkt.technology/portrait/medium/337798-1522748269.jpg?lm=1,https://www.transfermarkt.com/casa-pia-ac/kader/verein/3268/plus/1
2026-07-09T08:48:53,Casa Pia,Pedro Rosas,pedro rosas,696504,2026-02-02,2026-02-02,,https://img.a.transfermarkt.technology/portrait/medium/default.jpg?lm=1,https://www.transfermarkt.com/casa-pia-ac/kader/verein/3268/plus/1
2026-07-09T08:48:53,Casa Pia,André Geraldes,andre geraldes,154319,2023-07-01,2027-06-30,,https://img.a.transfermarkt.technology/portrait/medium/154319-1653327686.png?lm=1,https://www.transfermarkt.com/casa-pia-ac/kader/verein/3268/plus/1
2026-07-09T08:48:53,Casa Pia,Seba Pérez,seba perez,182108,2025-07-30,2027-06-30,,https://img.a.transfermarkt.technology/portrait/medium/182108-1461141662.jpg?lm=1,https://www.transfermarkt.com/casa-pia-ac/kader/verein/3268/plus/1
2026-07-09T08:48:53,Casa Pia,Iyad Mohamed,iyad mohamed,805065,2025-02-03,2027-06-30,,https://img.a.transfermarkt.technology/portrait/medium/805065-1643894860.jpg?lm=1,https://www.transfermarkt.com/casa-pia-ac/kader/verein/3268/plus/1
2026-07-09T08:48:53,Casa Pia,Lawrence Ofori,lawrence ofori,536081,2026-01-18,2027-06-30,,https://img.a.transfermarkt.technology/portrait/medium/536081-1705663776.png?lm=1,https://www.transfermarkt.com/casa-pia-ac/kader/verein/3268/plus/1
2026-07-09T08:48:53,Casa Pia,Kevin Prieto,kevin prieto,1221003,2025-08-08,2029-06-30,,https://img.a.transfermarkt.technology/portrait/medium/1221003-1743017579.jpg?lm=1,https://www.transfermarkt.com/casa-pia-ac/kader/verein/3268/plus/1
2026-07-09T08:48:53,Casa Pia,Raúl Blanco,raul blanco,636096,2024-07-04,2027-06-30,,https://img.a.transfermarkt.technology/portrait/medium/636096-1746123863.jpg?lm=1,https://www.transfermarkt.com/casa-pia-ac/kader/verein/3268/plus/1
2026-07-09T08:48:53,Casa Pia,Kelian Nsona,kelian nsona,569368,2025-07-08,2027-06-30,,https://img.a.transfermarkt.technology/portrait/medium/569368-1713620942.png?lm=1,https://www.transfermarkt.com/casa-pia-ac/kader/verein/3268/plus/1
2026-07-09T08:48:53,Casa Pia,Jérémy Livolant,jeremy livolant,324806,2024-09-17,2027-06-30,,https://img.a.transfermarkt.technology/portrait/medium/324806-1656331238.png?lm=1,https://www.transfermarkt.com/casa-pia-ac/kader/verein/3268/plus/1
2026-07-09T08:48:53,Casa Pia,Korede Osundina,korede osundina,975138,2025-01-31,2028-06-30,,https://img.a.transfermarkt.technology/portrait/medium/975138-1723628302.jpg?lm=1,https://www.transfermarkt.com/casa-pia-ac/kader/verein/3268/plus/1
2026-07-09T08:48:53,Casa Pia,Max Svensson,max svensson,705808,2024-08-07,2027-06-30,,https://img.a.transfermarkt.technology/portrait/medium/705808-1700856935.png?lm=1,https://www.transfermarkt.com/casa-pia-ac/kader/verein/3268/plus/1
2026-07-09T08:48:53,Casa Pia,Cassiano,cassiano,238367,2024-09-01,2026-06-30,,https://img.a.transfermarkt.technology/portrait/medium/238367-1705756565.jpg?lm=1,https://www.transfermarkt.com/casa-pia-ac/kader/verein/3268/plus/1
2026-07-09T08:48:53,Casa Pia,Clau Mendes,clau mendes,699501,2024-07-03,2026-06-30,,https://img.a.transfermarkt.technology/portrait/medium/699501-1700153657.png?lm=1,https://www.transfermarkt.com/casa-pia-ac/kader/verein/3268/plus/1
2026-07-09T08:48:58,Arouca,Ignacio de Arruabarrena,ignacio de arruabarrena,367651,2026-01-13,2028-06-30,,https://img.a.transfermarkt.technology/portrait/medium/367651-1692977383.jpg?lm=1,https://www.transfermarkt.com/fc-arouca/kader/verein/8024/plus/1
2026-07-09T08:48:58,Arouca,Nico Mantl,nico mantl,349536,2024-07-01,2028-06-30,,https://img.a.transfermarkt.technology/portrait/medium/349536-1692996965.png?lm=1,https://www.transfermarkt.com/fc-arouca/kader/verein/8024/plus/1
2026-07-09T08:48:58,Arouca,Jakub Vinarčík,jakub vinarcik,912688,2025-07-01,2028-06-30,,https://img.a.transfermarkt.technology/portrait/medium/912688-1704901901.jpg?lm=1,https://www.transfermarkt.com/fc-arouca/kader/verein/8024/plus/1
2026-07-09T08:48:58,Arouca,Martim Duarte,martim duarte,575723,2026-07-01,2028-06-30,NEW,https://img.a.transfermarkt.technology/portrait/medium/575723-1571815579.jpg?lm=1,https://www.transfermarkt.com/fc-arouca/kader/verein/8024/plus/1
2026-07-09T08:48:58,Arouca,José Fontán,jose fontan,609361,2024-07-03,2027-06-30,,https://img.a.transfermarkt.technology/portrait/medium/609361-1643110309.jpg?lm=1,https://www.transfermarkt.com/fc-arouca/kader/verein/8024/plus/1
2026-07-09T08:48:58,Arouca,Boris Popović,boris popovic,470796,2025-07-01,2028-06-30,,https://img.a.transfermarkt.technology/portrait/medium/470796-1706087355.jpg?lm=1,https://www.transfermarkt.com/fc-arouca/kader/verein/8024/plus/1
2026-07-09T08:48:58,Arouca,Javi Sánchez,javi sanchez,340853,2026-01-05,2026-06-30,,https://img.a.transfermarkt.technology/portrait/medium/340853-1448530734.jpg?lm=1,https://www.transfermarkt.com/fc-arouca/kader/verein/8024/plus/1
2026-07-09T08:48:58,Arouca,Matías Rocha,matias rocha,821824,2023-08-11,2027-06-30,,https://img.a.transfermarkt.technology/portrait/medium/default.jpg?lm=1,https://www.transfermarkt.com/fc-arouca/kader/verein/8024/plus/1
2026-07-09T08:48:58,Arouca,Diogo Monteiro,diogo monteiro,670713,2025-08-11,2028-06-30,,https://img.a.transfermarkt.technology/portrait/medium/670713-1764057784.jpg?lm=1,https://www.transfermarkt.com/fc-arouca/kader/verein/8024/plus/1
2026-07-09T08:48:58,Arouca,Amadou Dante,amadou dante,649087,2025-07-01,2028-06-30,,https://img.a.transfermarkt.technology/portrait/medium/649087-1694035145.jpg?lm=1,https://www.transfermarkt.com/fc-arouca/kader/verein/8024/plus/1
2026-07-09T08:48:58,Arouca,Arnau Solà,arnau sola,636697,2025-07-08,2028-06-30,,https://img.a.transfermarkt.technology/portrait/medium/636697-1657288744.jpg?lm=1,https://www.transfermarkt.com/fc-arouca/kader/verein/8024/plus/1
2026-07-09T08:48:58,Arouca,Tiago Esgaio,tiago esgaio,581121,2024-07-01,2027-06-30,,https://img.a.transfermarkt.technology/portrait/medium/581121-1638436958.jpg?lm=1,https://www.transfermarkt.com/fc-arouca/kader/verein/8024/plus/1
2026-07-09T08:48:58,Arouca,Taichi Fukui,taichi fukui,868622,2025-02-03,2028-06-30,,https://img.a.transfermarkt.technology/portrait/medium/868622-1692803071.png?lm=1,https://www.transfermarkt.com/fc-arouca/kader/verein/8024/plus/1
2026-07-09T08:48:58,Arouca,Espen van Ee,espen van ee,607144,2025-08-31,2029-06-30,,https://img.a.transfermarkt.technology/portrait/medium/607144-1723713541.jpg?lm=1,https://www.transfermarkt.com/fc-arouca/kader/verein/8024/plus/1
2026-07-09T08:48:58,Arouca,Mateo Flores,mateo flores,1061283,2026-07-01,2029-06-30,NEW,https://img.a.transfermarkt.technology/portrait/medium/1061283-1744633163.jpg?lm=1,https://www.transfermarkt.com/fc-arouca/kader/verein/8024/plus/1
2026-07-09T08:48:58,Arouca,Pedro Santos,pedro santos,657435,2023-07-01,2028-06-30,,https://img.a.transfermarkt.technology/portrait/medium/657435-1680781798.png?lm=1,https://www.transfermarkt.com/fc-arouca/kader/verein/8024/plus/1
2026-07-09T08:48:58,Arouca,Hyun-ju Lee,hyun-ju lee,709166,2025-07-23,2028-06-30,,https://img.a.transfermarkt.technology/portrait/medium/709166-1690131657.jpg?lm=1,https://www.transfermarkt.com/fc-arouca/kader/verein/8024/plus/1
2026-07-09T08:48:58,Arouca,Pablo Gozálbez,pablo gozalbez,622992,2024-07-01,2029-06-30,,https://img.a.transfermarkt.technology/portrait/medium/622992-1698962957.jpg?lm=1,https://www.transfermarkt.com/fc-arouca/kader/verein/8024/plus/1
2026-07-09T08:48:58,Arouca,Naïs Djouahra,nais djouahra,594926,2025-07-02,2027-06-30,,https://img.a.transfermarkt.technology/portrait/medium/594926-1766432207.jpg?lm=1,https://www.transfermarkt.com/fc-arouca/kader/verein/8024/plus/1
2026-07-09T08:48:58,Arouca,Brian Mansilla,brian mansilla,981058,2025-07-01,2028-06-30,,https://img.a.transfermarkt.technology/portrait/medium/981058-1721081381.jpg?lm=1,https://www.transfermarkt.com/fc-arouca/kader/verein/8024/plus/1
2026-07-09T08:48:58,Arouca,Miguel Puche,miguel puche,632901,2023-08-06,2028-06-30,,https://img.a.transfermarkt.technology/portrait/medium/default.jpg?lm=1,https://www.transfermarkt.com/fc-arouca/kader/verein/8024/plus/1
2026-07-09T08:48:58,Arouca,Si-hoo Park,si-hoo park,1154528,2026-07-04,2026-07-04,NEW,https://img.a.transfermarkt.technology/portrait/medium/default.jpg?lm=1,https://www.transfermarkt.com/fc-arouca/kader/verein/8024/plus/1
2026-07-09T08:48:58,Arouca,Alfonso Trezza,alfonso trezza,741517,2023-08-16,2027-06-30,,https://img.a.transfermarkt.technology/portrait/medium/741517-1766432296.jpg?lm=1,https://www.transfermarkt.com/fc-arouca/kader/verein/8024/plus/1
2026-07-09T08:48:58,Arouca,Fally Mayulu,fally mayulu,826719,2026-02-02,2026-02-02,,https://img.a.transfermarkt.technology/portrait/medium/826719-1692995781.png?lm=1,https://www.transfermarkt.com/fc-arouca/kader/verein/8024/plus/1
2026-07-09T08:48:58,Arouca,Iván Barbero,ivan barbero,514514,2025-07-16,2027-06-30,,https://img.a.transfermarkt.technology/portrait/medium/514514-1702411088.jpg?lm=1,https://www.transfermarkt.com/fc-arouca/kader/verein/8024/plus/1
2026-07-09T08:48:58,Arouca,Dylan Nandín,dylan nandin,862352,2025-07-01,2028-06-30,,https://img.a.transfermarkt.technology/portrait/medium/862352-1712765458.JPG?lm=1,https://www.transfermarkt.com/fc-arouca/kader/verein/8024/plus/1
2026-07-09T08:48:58,Arouca,Vladislav Morozov,vladislav morozov,662415,2024-01-29,2027-06-30,,https://img.a.transfermarkt.technology/portrait/medium/662415-1680670866.png?lm=1,https://www.transfermarkt.com/fc-arouca/kader/verein/8024/plus/1
2026-07-09T08:48:58,Arouca,Romualdas Jansonas,romualdas jansonas,832326,2025-08-30,2030-06-30,,https://img.a.transfermarkt.technology/portrait/medium/832326-1688466174.jpg?lm=1,https://www.transfermarkt.com/fc-arouca/kader/verein/8024/plus/1
2026-07-09T08:49:08,Tondela,Lucas Cañizares,lucas canizares,568154,2025-08-21,2028-06-30,,https://img.a.transfermarkt.technology/portrait/medium/568154-1603003972.jpg?lm=1,https://www.transfermarkt.com/cd-tondela/kader/verein/7179/plus/1
2026-07-09T08:49:08,Tondela,Carlão,carlao,985208,2026-07-01,2028-06-30,NEW,https://img.a.transfermarkt.technology/portrait/medium/default.jpg?lm=1,https://www.transfermarkt.com/cd-tondela/kader/verein/7179/plus/1
2026-07-09T08:49:08,Tondela,Brayan Medina,brayan medina,989929,2025-07-17,2030-06-30,,https://img.a.transfermarkt.technology/portrait/medium/989929-1691772750.jpg?lm=1,https://www.transfermarkt.com/cd-tondela/kader/verein/7179/plus/1
2026-07-09T08:49:08,Tondela,Christian Marques,christian marques,539807,2025-07-21,2029-06-30,,https://img.a.transfermarkt.technology/portrait/medium/539807-1738846099.jpg?lm=1,https://www.transfermarkt.com/cd-tondela/kader/verein/7179/plus/1
2026-07-09T08:49:08,Tondela,João Afonso,joao afonso,211107,2024-07-16,2027-06-30,,https://img.a.transfermarkt.technology/portrait/medium/211107-1547404462.png?lm=1,https://www.transfermarkt.com/cd-tondela/kader/verein/7179/plus/1
2026-07-09T08:49:08,Tondela,Bruno Almeida,bruno almeida,696688,2026-07-01,2028-06-30,NEW,https://img.a.transfermarkt.technology/portrait/medium/default.jpg?lm=1,https://www.transfermarkt.com/cd-tondela/kader/verein/7179/plus/1
2026-07-09T08:49:08,Tondela,Rémy Vita,remy vita,805835,2025-07-31,2028-06-30,,https://img.a.transfermarkt.technology/portrait/medium/805835-1630599334.jpg?lm=1,https://www.transfermarkt.com/cd-tondela/kader/verein/7179/plus/1
2026-07-09T08:49:08,Tondela,Nor Maviram,nor maviram,700789,2024-07-09,2026-06-30,,https://img.a.transfermarkt.technology/portrait/medium/700789-1714464465.jpg?lm=1,https://www.transfermarkt.com/cd-tondela/kader/verein/7179/plus/1
2026-07-09T08:49:08,Tondela,Zé Ricardo,ze ricardo,519748,2026-07-01,2028-06-30,NEW,https://img.a.transfermarkt.technology/portrait/medium/default.jpg?lm=1,https://www.transfermarkt.com/cd-tondela/kader/verein/7179/plus/1
2026-07-09T08:49:08,Tondela,Gabriel Ramalho,gabriel ramalho,1460195,2025-07-01,2028-06-30,,https://img.a.transfermarkt.technology/portrait/medium/default.jpg?lm=1,https://www.transfermarkt.com/cd-tondela/kader/verein/7179/plus/1
2026-07-09T08:49:08,Tondela,Tiago Manso,tiago manso,592498,2024-07-01,2026-06-30,,https://img.a.transfermarkt.technology/portrait/medium/592498-1546889206.png?lm=1,https://www.transfermarkt.com/cd-tondela/kader/verein/7179/plus/1
2026-07-09T08:49:08,Tondela,Rodrigo Conceição,rodrigo conceicao,426213,2025-12-12,2027-06-30,,https://img.a.transfermarkt.technology/portrait/medium/426213-1720616605.png?lm=1,https://www.transfermarkt.com/cd-tondela/kader/verein/7179/plus/1
2026-07-09T08:49:08,Tondela,Bebeto,bebeto,124548,2020-09-14,2027-06-30,,https://img.a.transfermarkt.technology/portrait/medium/124548-1560104395.png?lm=1,https://www.transfermarkt.com/cd-tondela/kader/verein/7179/plus/1
2026-07-09T08:49:08,Tondela,Joe Hodge,joe hodge,503975,2025-07-18,2029-06-30,,https://img.a.transfermarkt.technology/portrait/medium/503975-1696599924.jpg?lm=1,https://www.transfermarkt.com/cd-tondela/kader/verein/7179/plus/1
2026-07-09T08:49:08,Tondela,Cícero,cicero,476355,2023-07-01,2027-06-30,,https://img.a.transfermarkt.technology/portrait/medium/476355-1737736348.jpg?lm=1,https://www.transfermarkt.com/cd-tondela/kader/verein/7179/plus/1
2026-07-09T08:49:08,Tondela,Yaya Sithole,yaya sithole,401736,2023-07-11,2027-06-30,,https://img.a.transfermarkt.technology/portrait/medium/401736-1781204736.jpg?lm=1,https://www.transfermarkt.com/cd-tondela/kader/verein/7179/plus/1
2026-07-09T08:49:08,Tondela,Hélder Tavares,helder tavares,134608,2023-07-01,2027-06-30,,https://img.a.transfermarkt.technology/portrait/medium/134608-1598707029.jpeg?lm=1,https://www.transfermarkt.com/cd-tondela/kader/verein/7179/plus/1
2026-07-09T08:49:08,Tondela,Leonardo Silva,leonardo silva,1455799,2025-07-01,2025-07-01,,https://img.a.transfermarkt.technology/portrait/medium/default.jpg?lm=1,https://www.transfermarkt.com/cd-tondela/kader/verein/7179/plus/1
2026-07-09T08:49:08,Tondela,Hugo Félix,hugo felix,670683,2025-09-01,2029-06-30,,https://img.a.transfermarkt.technology/portrait/medium/670683-1649417739.jpg?lm=1,https://www.transfermarkt.com/cd-tondela/kader/verein/7179/plus/1
2026-07-09T08:49:08,Tondela,Xabi Huarte,xabi huarte,634125,2025-07-16,2028-06-30,,https://img.a.transfermarkt.technology/portrait/medium/634125-1700857441.png?lm=1,https://www.transfermarkt.com/cd-tondela/kader/verein/7179/plus/1
2026-07-09T08:49:08,Tondela,Cascavel,cascavel,1038290,2022-07-01,2027-06-30,,https://img.a.transfermarkt.technology/portrait/medium/default.jpg?lm=1,https://www.transfermarkt.com/cd-tondela/kader/verein/7179/plus/1
2026-07-09T08:49:08,Tondela,Richarllyson,richarllyson,1355783,2026-07-08,2028-06-30,NEW,https://img.a.transfermarkt.technology/portrait/medium/default.jpg?lm=1,https://www.transfermarkt.com/cd-tondela/kader/verein/7179/plus/1
2026-07-09T08:49:08,Tondela,Moudjatovic,moudjatovic,842764,2024-08-27,2026-06-30,,https://img.a.transfermarkt.technology/portrait/medium/842764-1692873898.png?lm=1,https://www.transfermarkt.com/cd-tondela/kader/verein/7179/plus/1
2026-07-09T08:49:08,Tondela,Arjen van der Heide,arjen van der heide,462087,2026-01-22,2026-01-22,,https://img.a.transfermarkt.technology/portrait/medium/462087-1725616907.jpg?lm=1,https://www.transfermarkt.com/cd-tondela/kader/verein/7179/plus/1
2026-07-09T08:49:08,Tondela,Gastón Novero,gaston novero,997765,2026-07-01,2028-06-30,NEW,https://img.a.transfermarkt.technology/portrait/medium/default.jpg?lm=1,https://www.transfermarkt.com/cd-tondela/kader/verein/7179/plus/1
2026-07-09T08:49:12,Nacional,Renato Marin,renato marin,1041614,2026-07-06,2027-06-30,NEW,https://img.a.transfermarkt.technology/portrait/medium/1041614-1730123074.jpg?lm=1,https://www.transfermarkt.com/cd-nacional/kader/verein/982/plus/1
2026-07-09T08:49:12,Nacional,João Gonçalves,joao goncalves,685805,2026-07-06,2028-06-30,NEW,https://img.a.transfermarkt.technology/portrait/medium/685805-1716920593.jpeg?lm=1,https://www.transfermarkt.com/cd-nacional/kader/verein/982/plus/1
2026-07-09T08:49:12,Nacional,Kevyn,kevyn,1116638,2025-07-02,2030-06-30,,https://img.a.transfermarkt.technology/portrait/medium/default.jpg?lm=1,https://www.transfermarkt.com/cd-nacional/kader/verein/982/plus/1
2026-07-09T08:49:12,Nacional,Zé Vítor,ze vitor,879236,2024-07-04,2027-06-30,,https://img.a.transfermarkt.technology/portrait/medium/879236-1660517796.jpg?lm=1,https://www.transfermarkt.com/cd-nacional/kader/verein/982/plus/1
2026-07-09T08:49:12,Nacional,Ulisses,ulisses,678991,2024-07-16,2028-06-30,,https://img.a.transfermarkt.technology/portrait/medium/678991-1598602878.jpg?lm=1,https://www.transfermarkt.com/cd-nacional/kader/verein/982/plus/1
2026-07-09T08:49:12,Nacional,Léo Santos,leo santos,351894,2024-08-27,2027-06-30,,https://img.a.transfermarkt.technology/portrait/medium/351894-1539349850.jpg?lm=1,https://www.transfermarkt.com/cd-nacional/kader/verein/982/plus/1
2026-07-09T08:49:12,Nacional,Ivanildo Fernandes,ivanildo fernandes,340524,2025-01-22,2027-06-30,,https://img.a.transfermarkt.technology/portrait/medium/340524-1579457375.jpeg?lm=1,https://www.transfermarkt.com/cd-nacional/kader/verein/982/plus/1
2026-07-09T08:49:12,Nacional,Chico Gonçalves,chico goncalves,1020652,2023-07-01,2029-06-30,,https://img.a.transfermarkt.technology/portrait/medium/default.jpg?lm=1,https://www.transfermarkt.com/cd-nacional/kader/verein/982/plus/1
2026-07-09T08:49:12,Nacional,José Gomes,jose gomes,305946,2021-07-07,2027-06-30,,https://img.a.transfermarkt.technology/portrait/medium/305946-1500043002.jpg?lm=1,https://www.transfermarkt.com/cd-nacional/kader/verein/982/plus/1
2026-07-09T08:49:12,Nacional,Daniel de la Cruz,daniel de la cruz,981484,2026-07-08,2027-06-30,NEW,https://img.a.transfermarkt.technology/portrait/medium/981484-1755013292.png?lm=1,https://www.transfermarkt.com/cd-nacional/kader/verein/982/plus/1
2026-07-09T08:49:12,Nacional,Matheus Dias,matheus dias,815384,2025-07-11,2030-06-30,,https://img.a.transfermarkt.technology/portrait/medium/815384-1664420751.jpg?lm=1,https://www.transfermarkt.com/cd-nacional/kader/verein/982/plus/1
2026-07-09T08:49:12,Nacional,Liziero,liziero,401526,2025-07-25,2028-06-30,,https://img.a.transfermarkt.technology/portrait/medium/401526-1531496363.jpg?lm=1,https://www.transfermarkt.com/cd-nacional/kader/verein/982/plus/1
2026-07-09T08:49:12,Nacional,Chiheb Labidi,chiheb labidi,673511,2024-09-02,2027-06-30,,https://img.a.transfermarkt.technology/portrait/medium/673511-1708343033.jpg?lm=1,https://www.transfermarkt.com/cd-nacional/kader/verein/982/plus/1
2026-07-09T08:49:12,Nacional,Danel Dongmo,danel dongmo,929612,2026-07-07,2029-06-30,NEW,https://img.a.transfermarkt.technology/portrait/medium/929612-1770384854.png?lm=1,https://www.transfermarkt.com/cd-nacional/kader/verein/982/plus/1
2026-07-09T08:49:12,Nacional,Joel Silva,joel silva,929573,2025-07-30,2029-06-30,,https://img.a.transfermarkt.technology/portrait/medium/default.jpg?lm=1,https://www.transfermarkt.com/cd-nacional/kader/verein/982/plus/1
2026-07-09T08:49:12,Nacional,Deivison,deivison,1261642,2025-07-03,2030-06-30,,https://img.a.transfermarkt.technology/portrait/medium/default.jpg?lm=1,https://www.transfermarkt.com/cd-nacional/kader/verein/982/plus/1
2026-07-09T08:49:12,Nacional,Josué Souza,josue souza,1084815,2025-07-10,2025-07-10,,https://img.a.transfermarkt.technology/portrait/medium/default.jpg?lm=1,https://www.transfermarkt.com/cd-nacional/kader/verein/982/plus/1
2026-07-09T08:49:12,Nacional,Filipe Soares,filipe soares,357163,2025-07-22,2027-06-30,,https://img.a.transfermarkt.technology/portrait/medium/357163-1694781256.png?lm=1,https://www.transfermarkt.com/cd-nacional/kader/verein/982/plus/1
2026-07-09T08:49:12,Nacional,Daniel Jr,daniel jr,746358,2025-08-28,2030-06-30,,https://img.a.transfermarkt.technology/portrait/medium/746358-1694515273.png?lm=1,https://www.transfermarkt.com/cd-nacional/kader/verein/982/plus/1
2026-07-09T08:49:12,Nacional,Mateus Iseppe,mateus iseppe,1220180,2026-07-01,2026-07-01,NEW,https://img.a.transfermarkt.technology/portrait/medium/1220180-1769005745.jpg?lm=1,https://www.transfermarkt.com/cd-nacional/kader/verein/982/plus/1
2026-07-09T08:49:12,Nacional,Miguel Baeza,miguel baeza,523977,2024-07-16,2026-06-30,,https://img.a.transfermarkt.technology/portrait/medium/523977-1676547473.jpg?lm=1,https://www.transfermarkt.com/cd-nacional/kader/verein/982/plus/1
2026-07-09T08:49:12,Nacional,Paulinho Bóia,paulinho boia,544895,2025-01-06,2026-06-30,,https://img.a.transfermarkt.technology/portrait/medium/544895-1641123568.png?lm=1,https://www.transfermarkt.com/cd-nacional/kader/verein/982/plus/1
2026-07-09T08:49:12,Nacional,Witi,witi,352425,2025-07-25,2028-06-30,,https://img.a.transfermarkt.technology/portrait/medium/352425-1534846226.jpg?lm=1,https://www.transfermarkt.com/cd-nacional/kader/verein/982/plus/1
2026-07-09T08:49:12,Nacional,Motez Nourani,motez nourani,1176866,2025-07-01,2028-06-30,,https://img.a.transfermarkt.technology/portrait/medium/1176866-1728554733.jpg?lm=1,https://www.transfermarkt.com/cd-nacional/kader/verein/982/plus/1
2026-07-09T08:49:12,Nacional,Stavros Gavriel,stavros gavriel,613983,2026-07-02,2029-06-30,NEW,https://img.a.transfermarkt.technology/portrait/medium/613983-1709896001.png?lm=1,https://www.transfermarkt.com/cd-nacional/kader/verein/982/plus/1
2026-07-09T08:49:12,Nacional,Pablo Ruan,pablo ruan,1083068,2025-07-02,2030-06-30,,https://img.a.transfermarkt.technology/portrait/medium/1083068-1716823852.jpg?lm=1,https://www.transfermarkt.com/cd-nacional/kader/verein/982/plus/1
2026-07-09T08:49:12,Nacional,Watts,watts,1047861,2025-07-01,2028-06-30,,https://img.a.transfermarkt.technology/portrait/medium/default.jpg?lm=1,https://www.transfermarkt.com/cd-nacional/kader/verein/982/plus/1
2026-07-09T08:49:12,Nacional,Jesús Ramírez,jesus ramirez,419936,2025-07-05,2027-06-30,,https://img.a.transfermarkt.technology/portrait/medium/419936-1689097936.jpg?lm=1,https://www.transfermarkt.com/cd-nacional/kader/verein/982/plus/1
2026-07-09T08:49:16,AVS Futebol,Dani Rebollo,dani rebollo,566666,2026-07-01,2029-06-30,NEW,https://img.a.transfermarkt.technology/portrait/medium/566666-1699901351.jpg?lm=1,https://www.transfermarkt.com/avs-futebol-sad/kader/verein/110302/plus/1
2026-07-09T08:49:16,AVS Futebol,Trigueira,trigueira,91949,2023-07-01,2026-06-30,,https://img.a.transfermarkt.technology/portrait/medium/91949-1537360799.png?lm=1,https://www.transfermarkt.com/avs-futebol-sad/kader/verein/110302/plus/1
2026-07-09T08:49:16,AVS Futebol,Lucas Moura,lucas moura,1070035,2023-07-01,2026-06-30,,https://img.a.transfermarkt.technology/portrait/medium/default.jpg?lm=1,https://www.transfermarkt.com/avs-futebol-sad/kader/verein/110302/plus/1
2026-07-09T08:49:16,AVS Futebol,Estevão,estevao,1224655,2026-07-03,2029-06-30,NEW,https://img.a.transfermarkt.technology/portrait/medium/default.jpg?lm=1,https://www.transfermarkt.com/avs-futebol-sad/kader/verein/110302/plus/1
2026-07-09T08:49:16,AVS Futebol,Cristian Devenish,cristian devenish,726697,2024-07-19,2028-06-30,,https://img.a.transfermarkt.technology/portrait/medium/726697-1707339505.JPG?lm=1,https://www.transfermarkt.com/avs-futebol-sad/kader/verein/110302/plus/1
2026-07-09T08:49:16,AVS Futebol,Rúben Semedo,ruben semedo,197602,2025-10-14,2026-06-30,,https://img.a.transfermarkt.technology/portrait/medium/197602-1723145663.jpg?lm=1,https://www.transfermarkt.com/avs-futebol-sad/kader/verein/110302/plus/1
2026-07-09T08:49:16,AVS Futebol,Ponck,ponck,341516,2025-11-04,2026-06-30,,https://img.a.transfermarkt.technology/portrait/medium/341516-1705662770.png?lm=1,https://www.transfermarkt.com/avs-futebol-sad/kader/verein/110302/plus/1
2026-07-09T08:49:16,AVS Futebol,Aderllan Santos,aderllan santos,159142,2025-01-23,2026-06-30,,https://img.a.transfermarkt.technology/portrait/medium/159142-1737119731.jpg?lm=1,https://www.transfermarkt.com/avs-futebol-sad/kader/verein/110302/plus/1
2026-07-09T08:49:16,AVS Futebol,Daniel Rivas,daniel rivas,690124,2025-07-25,2027-06-30,,https://img.a.transfermarkt.technology/portrait/medium/690124-1710426613.jpg?lm=1,https://www.transfermarkt.com/avs-futebol-sad/kader/verein/110302/plus/1
2026-07-09T08:49:16,AVS Futebol,Kiki,kiki,270055,2024-07-13,2026-06-30,,https://img.a.transfermarkt.technology/portrait/medium/270055-1690030617.png?lm=1,https://www.transfermarkt.com/avs-futebol-sad/kader/verein/110302/plus/1
2026-07-09T08:49:16,AVS Futebol,Guillem Molina,guillem molina,602156,2025-07-16,2027-06-30,,https://img.a.transfermarkt.technology/portrait/medium/602156-1700856092.png?lm=1,https://www.transfermarkt.com/avs-futebol-sad/kader/verein/110302/plus/1
2026-07-09T08:49:16,AVS Futebol,Mateus Pivô,mateus pivo,978615,2026-02-02,2027-06-30,,https://img.a.transfermarkt.technology/portrait/medium/978615-1674927213.jpg?lm=1,https://www.transfermarkt.com/avs-futebol-sad/kader/verein/110302/plus/1
2026-07-09T08:49:16,AVS Futebol,Roni,roni,725049,2026-01-06,2028-06-30,,https://img.a.transfermarkt.technology/portrait/medium/725049-1600327915.jpg?lm=1,https://www.transfermarkt.com/avs-futebol-sad/kader/verein/110302/plus/1
2026-07-09T08:49:16,AVS Futebol,Ángel Algobia,angel algobia,638589,2025-07-14,2027-06-30,,https://img.a.transfermarkt.technology/portrait/medium/638589-1660238970.jpg?lm=1,https://www.transfermarkt.com/avs-futebol-sad/kader/verein/110302/plus/1
2026-07-09T08:49:16,AVS Futebol,Fernando Almeida,fernando almeida,933988,2026-07-01,2029-06-30,NEW,https://img.a.transfermarkt.technology/portrait/medium/default.jpg?lm=1,https://www.transfermarkt.com/avs-futebol-sad/kader/verein/110302/plus/1
2026-07-09T08:49:16,AVS Futebol,Gustavo Mendonça,gustavo mendonca,637788,2023-08-04,2028-06-30,,https://img.a.transfermarkt.technology/portrait/medium/637788-1770901565.jpg?lm=1,https://www.transfermarkt.com/avs-futebol-sad/kader/verein/110302/plus/1
2026-07-09T08:49:16,AVS Futebol,Tunde Akinsola,tunde akinsola,924447,2024-08-15,2027-06-30,,https://img.a.transfermarkt.technology/portrait/medium/924447-1700777468.jpg?lm=1,https://www.transfermarkt.com/avs-futebol-sad/kader/verein/110302/plus/1
2026-07-09T08:49:16,AVS Futebol,Guilherme Neiva,guilherme neiva,1065761,2025-07-05,2027-06-30,,https://img.a.transfermarkt.technology/portrait/medium/1065761-1770900958.jpg?lm=1,https://www.transfermarkt.com/avs-futebol-sad/kader/verein/110302/plus/1
2026-07-09T08:49:16,AVS Futebol,Andre Green,andre green,309841,2026-02-02,2026-06-30,,https://img.a.transfermarkt.technology/portrait/medium/309841-1648491795.png?lm=1,https://www.transfermarkt.com/avs-futebol-sad/kader/verein/110302/plus/1
2026-07-09T08:49:16,AVS Futebol,Talles Wander,talles wander,980866,2024-01-31,2027-06-30,,https://img.a.transfermarkt.technology/portrait/medium/980866-1737741482.jpg?lm=1,https://www.transfermarkt.com/avs-futebol-sad/kader/verein/110302/plus/1
2026-07-09T08:49:16,AVS Futebol,Tomané,tomane,139393,2025-08-27,2026-06-30,,https://img.a.transfermarkt.technology/portrait/medium/139393-1633107752.png?lm=1,https://www.transfermarkt.com/avs-futebol-sad/kader/verein/110302/plus/1
2026-07-09T08:49:16,AVS Futebol,Nenê,nene,45717,2023-07-01,2026-06-30,,https://img.a.transfermarkt.technology/portrait/medium/45717-1537365392.jpg?lm=1,https://www.transfermarkt.com/avs-futebol-sad/kader/verein/110302/plus/1
