detected_at,squad,player,norm_key,tm_id,joined_date,contract_until,contract_signal,tm_photo,source
2026-07-08T07:38:41,Atalanta,Marco Carnesecchi,marco carnesecchi,459763,2019-07-01,2028-06-30,,https://img.a.transfermarkt.technology/portrait/medium/459763-1695027944.jpg?lm=1,https://www.transfermarkt.com/atalanta-bergamo/kader/verein/800/plus/1
2026-07-08T07:38:41,Atalanta,Paolo Vismara,paolo vismara,650256,2026-07-01,2028-06-30,NEW,https://img.a.transfermarkt.technology/portrait/medium/650256-1777960882.jpg?lm=1,https://www.transfermarkt.com/atalanta-bergamo/kader/verein/800/plus/1
2026-07-08T07:38:41,Atalanta,Marco Sportiello,marco sportiello,199976,2025-07-18,2028-06-30,,https://img.a.transfermarkt.technology/portrait/medium/199976-1661351013.jpg?lm=1,https://www.transfermarkt.com/atalanta-bergamo/kader/verein/800/plus/1
2026-07-08T07:38:41,Atalanta,Francesco Rossi,francesco rossi,126634,2009-07-01,2027-06-30,,https://img.a.transfermarkt.technology/portrait/medium/126634-1757604568.jpg?lm=1,https://www.transfermarkt.com/atalanta-bergamo/kader/verein/800/plus/1
2026-07-08T07:38:41,Atalanta,Giorgio Scalvini,giorgio scalvini,571604,2021-07-09,2028-06-30,,https://img.a.transfermarkt.technology/portrait/medium/571604-1701860841.jpg?lm=1,https://www.transfermarkt.com/atalanta-bergamo/kader/verein/800/plus/1
2026-07-08T07:38:41,Atalanta,Honest Ahanor,honest ahanor,1077175,2025-07-04,2028-06-30,,https://img.a.transfermarkt.technology/portrait/medium/1077175-1725265871.jpg?lm=1,https://www.transfermarkt.com/atalanta-bergamo/kader/verein/800/plus/1
2026-07-08T07:38:41,Atalanta,Isak Hien,isak hien,503075,2024-01-02,2028-06-30,,https://img.a.transfermarkt.technology/portrait/medium/503075-1725531359.jpg?lm=1,https://www.transfermarkt.com/atalanta-bergamo/kader/verein/800/plus/1
2026-07-08T07:38:41,Atalanta,Odilon Kossounou,odilon kossounou,644771,2025-07-01,2029-06-30,,https://img.a.transfermarkt.technology/portrait/medium/644771-1730183693.jpg?lm=1,https://www.transfermarkt.com/atalanta-bergamo/kader/verein/800/plus/1
2026-07-08T07:38:41,Atalanta,Berat Djimsiti,berat djimsiti,165513,2016-01-18,2027-06-30,,https://img.a.transfermarkt.technology/portrait/medium/165513-1718627443.jpg?lm=1,https://www.transfermarkt.com/atalanta-bergamo/kader/verein/800/plus/1
2026-07-08T07:38:41,Atalanta,Sead Kolasinac,sead kolasinac,94005,2023-07-06,2027-06-30,,https://img.a.transfermarkt.technology/portrait/medium/94005-1666815100.jpg?lm=1,https://www.transfermarkt.com/atalanta-bergamo/kader/verein/800/plus/1
2026-07-08T07:38:41,Atalanta,Giovanni Bonfanti,giovanni bonfanti,663900,2022-07-01,2028-06-30,,https://img.a.transfermarkt.technology/portrait/medium/663900-1757604741.jpg?lm=1,https://www.transfermarkt.com/atalanta-bergamo/kader/verein/800/plus/1
2026-07-08T07:38:41,Atalanta,Giorgio Cittadini,giorgio cittadini,616628,2022-07-01,2028-06-30,,https://img.a.transfermarkt.technology/portrait/medium/616628-1664874587.png?lm=1,https://www.transfermarkt.com/atalanta-bergamo/kader/verein/800/plus/1
2026-07-08T07:38:41,Atalanta,Ibrahim Sulemana,ibrahim sulemana,982267,2024-07-17,2028-06-30,,https://img.a.transfermarkt.technology/portrait/medium/982267-1695033715.jpg?lm=1,https://www.transfermarkt.com/atalanta-bergamo/kader/verein/800/plus/1
2026-07-08T07:38:41,Atalanta,Marten de Roon,marten de roon,133179,2017-08-10,2027-06-30,,https://img.a.transfermarkt.technology/portrait/medium/133179-1779892536.jpg?lm=1,https://www.transfermarkt.com/atalanta-bergamo/kader/verein/800/plus/1
2026-07-08T07:38:41,Atalanta,Éderson,ederson,607854,2022-07-06,2027-06-30,,https://img.a.transfermarkt.technology/portrait/medium/607854-1646648856.jpg?lm=1,https://www.transfermarkt.com/atalanta-bergamo/kader/verein/800/plus/1
2026-07-08T07:38:41,Atalanta,Mario Pašalić,mario pasalic,205938,2020-09-01,2028-06-30,,https://img.a.transfermarkt.technology/portrait/medium/205938-1716240830.jpg?lm=1,https://www.transfermarkt.com/atalanta-bergamo/kader/verein/800/plus/1
2026-07-08T07:38:41,Atalanta,Raoul Bellanova,raoul bellanova,357992,2024-08-22,2029-06-30,,https://img.a.transfermarkt.technology/portrait/medium/357992-1695028689.jpg?lm=1,https://www.transfermarkt.com/atalanta-bergamo/kader/verein/800/plus/1
2026-07-08T07:38:41,Atalanta,Davide Zappacosta,davide zappacosta,173859,2021-08-24,2028-06-30,,https://img.a.transfermarkt.technology/portrait/medium/173859-1661268432.jpg?lm=1,https://www.transfermarkt.com/atalanta-bergamo/kader/verein/800/plus/1
2026-07-08T07:38:41,Atalanta,Lorenzo Bernasconi,lorenzo bernasconi,708635,2025-07-01,2028-06-30,,https://img.a.transfermarkt.technology/portrait/medium/708635-1773300882.jpg?lm=1,https://www.transfermarkt.com/atalanta-bergamo/kader/verein/800/plus/1
2026-07-08T07:38:41,Atalanta,Nicola Zalewski,nicola zalewski,550108,2025-08-18,2029-06-30,,https://img.a.transfermarkt.technology/portrait/medium/550108-1725530902.jpg?lm=1,https://www.transfermarkt.com/atalanta-bergamo/kader/verein/800/plus/1
2026-07-08T07:38:41,Atalanta,Mitchel Bakker,mitchel bakker,361065,2023-07-07,2027-06-30,,https://img.a.transfermarkt.technology/portrait/medium/361065-1658913284.jpg?lm=1,https://www.transfermarkt.com/atalanta-bergamo/kader/verein/800/plus/1
2026-07-08T07:38:41,Atalanta,Charles De Ketelaere,charles de ketelaere,435772,2024-07-01,2028-06-30,,https://img.a.transfermarkt.technology/portrait/medium/435772-1659601388.jpg?lm=1,https://www.transfermarkt.com/atalanta-bergamo/kader/verein/800/plus/1
2026-07-08T07:38:41,Atalanta,Lazar Samardžić,lazar samardzic,528833,2025-07-01,2029-06-30,,https://img.a.transfermarkt.technology/portrait/medium/528833-1757605226.jpg?lm=1,https://www.transfermarkt.com/atalanta-bergamo/kader/verein/800/plus/1
2026-07-08T07:38:41,Atalanta,Daniel Maldini,daniel maldini,539134,2025-02-01,2029-06-30,,https://img.a.transfermarkt.technology/portrait/medium/539134-1695031448.jpg?lm=1,https://www.transfermarkt.com/atalanta-bergamo/kader/verein/800/plus/1
2026-07-08T07:38:41,Atalanta,Kamaldeen Sulemana,kamaldeen sulemana,746695,2025-07-02,2029-06-30,,https://img.a.transfermarkt.technology/portrait/medium/746695-1751520001.jpg?lm=1,https://www.transfermarkt.com/atalanta-bergamo/kader/verein/800/plus/1
2026-07-08T07:38:41,Atalanta,El Bilal Touré,el bilal toure,649016,2023-07-29,2028-06-30,,https://img.a.transfermarkt.technology/portrait/medium/649016-1770375726.png?lm=1,https://www.transfermarkt.com/atalanta-bergamo/kader/verein/800/plus/1
2026-07-08T07:38:41,Atalanta,Giacomo Raspadori,giacomo raspadori,405885,2026-01-15,2030-06-30,,https://img.a.transfermarkt.technology/portrait/medium/405885-1708552564.jpg?lm=1,https://www.transfermarkt.com/atalanta-bergamo/kader/verein/800/plus/1
2026-07-08T07:38:41,Atalanta,Nikola Krstović,nikola krstovic,434433,2025-08-20,2030-06-30,,https://img.a.transfermarkt.technology/portrait/medium/434433-1730126208.jpg?lm=1,https://www.transfermarkt.com/atalanta-bergamo/kader/verein/800/plus/1
2026-07-08T07:38:41,Atalanta,Gianluca Scamacca,gianluca scamacca,315867,2023-08-07,2028-06-30,,https://img.a.transfermarkt.technology/portrait/medium/315867-1659354755.jpg?lm=1,https://www.transfermarkt.com/atalanta-bergamo/kader/verein/800/plus/1
2026-07-08T07:38:41,Atalanta,Vanja Vlahović,vanja vlahovic,698546,2028-06-30,2028-06-30,NEW,https://img.a.transfermarkt.technology/portrait/medium/698546-1730123337.jpg?lm=1,https://www.transfermarkt.com/atalanta-bergamo/kader/verein/800/plus/1
2026-07-08T07:38:45,Bologna,Massimo Pessina,massimo pessina,992569,2025-07-01,2029-06-30,,https://img.a.transfermarkt.technology/portrait/medium/992569-1762757870.jpg?lm=1,https://www.transfermarkt.com/fc-bologna/kader/verein/1025/plus/1
2026-07-08T07:38:45,Bologna,Lukasz Skorupski,lukasz skorupski,80894,2018-07-01,2027-06-30,,https://img.a.transfermarkt.technology/portrait/medium/80894-1724827036.jpg?lm=1,https://www.transfermarkt.com/fc-bologna/kader/verein/1025/plus/1
2026-07-08T07:38:45,Bologna,Federico Ravaglia,federico ravaglia,390304,2017-07-01,2028-06-30,,https://img.a.transfermarkt.technology/portrait/medium/390304-1701253429.jpg?lm=1,https://www.transfermarkt.com/fc-bologna/kader/verein/1025/plus/1
2026-07-08T07:38:45,Bologna,Jhon Lucumí,jhon lucumi,413565,2022-08-18,2027-06-30,,https://img.a.transfermarkt.technology/portrait/medium/413565-1753445789.jpg?lm=1,https://www.transfermarkt.com/fc-bologna/kader/verein/1025/plus/1
2026-07-08T07:38:45,Bologna,Torbjørn Heggem,torbjorn heggem,464469,2025-08-15,2029-06-30,,https://img.a.transfermarkt.technology/portrait/medium/464469-1702050091.jpg?lm=1,https://www.transfermarkt.com/fc-bologna/kader/verein/1025/plus/1
2026-07-08T07:38:45,Bologna,Martin Vitík,martin vitik,652054,2025-07-06,2029-06-30,,https://img.a.transfermarkt.technology/portrait/medium/652054-1716965526.jpg?lm=1,https://www.transfermarkt.com/fc-bologna/kader/verein/1025/plus/1
2026-07-08T07:38:45,Bologna,Eivind Helland,eivind helland,1129198,2026-01-16,2030-06-30,,https://img.a.transfermarkt.technology/portrait/medium/1129198-1720826278.jpg?lm=1,https://www.transfermarkt.com/fc-bologna/kader/verein/1025/plus/1
2026-07-08T07:38:45,Bologna,Nicolò Casale,nicolo casale,389837,2025-07-01,2028-06-30,,https://img.a.transfermarkt.technology/portrait/medium/389837-1695026993.jpg?lm=1,https://www.transfermarkt.com/fc-bologna/kader/verein/1025/plus/1
2026-07-08T07:38:45,Bologna,Mihajlo Ilić,mihajlo ilic,845566,2024-01-18,2028-06-30,,https://img.a.transfermarkt.technology/portrait/medium/845566-1678309962.jpg?lm=1,https://www.transfermarkt.com/fc-bologna/kader/verein/1025/plus/1
2026-07-08T07:38:45,Bologna,Juan Miranda,juan miranda,341227,2024-07-03,2028-06-30,,https://img.a.transfermarkt.technology/portrait/medium/341227-1752838396.jpg?lm=1,https://www.transfermarkt.com/fc-bologna/kader/verein/1025/plus/1
2026-07-08T07:38:45,Bologna,Dimitar Papazov,dimitar papazov,1108253,2026-07-01,2028-06-30,NEW,https://img.a.transfermarkt.technology/portrait/medium/1108253-1696356049.png?lm=1,https://www.transfermarkt.com/fc-bologna/kader/verein/1025/plus/1
2026-07-08T07:38:45,Bologna,Emil Holm,emil holm,496745,2024-07-01,2028-06-30,,https://img.a.transfermarkt.technology/portrait/medium/496745-1688450376.jpg?lm=1,https://www.transfermarkt.com/fc-bologna/kader/verein/1025/plus/1
2026-07-08T07:38:45,Bologna,Nadir Zortea,nadir zortea,392966,2025-08-20,2029-06-30,,https://img.a.transfermarkt.technology/portrait/medium/392966-1730186481.jpg?lm=1,https://www.transfermarkt.com/fc-bologna/kader/verein/1025/plus/1
2026-07-08T07:38:45,Bologna,Lorenzo De Silvestri,lorenzo de silvestri,33571,2020-09-17,2027-06-30,RENEW,https://img.a.transfermarkt.technology/portrait/medium/33571-1595929290.jpg?lm=1,https://www.transfermarkt.com/fc-bologna/kader/verein/1025/plus/1
2026-07-08T07:38:45,Bologna,Nikola Moro,nikola moro,316934,2023-07-02,2027-06-30,,https://img.a.transfermarkt.technology/portrait/medium/316934-1692964241.jpg?lm=1,https://www.transfermarkt.com/fc-bologna/kader/verein/1025/plus/1
2026-07-08T07:38:45,Bologna,Oussama El Azzouzi,oussama el azzouzi,531065,2023-07-20,2027-06-30,,https://img.a.transfermarkt.technology/portrait/medium/531065-1707127581.jpg?lm=1,https://www.transfermarkt.com/fc-bologna/kader/verein/1025/plus/1
2026-07-08T07:38:45,Bologna,Lewis Ferguson,lewis ferguson,428563,2022-07-12,2028-06-30,,https://img.a.transfermarkt.technology/portrait/medium/428563-1753445535.jpg?lm=1,https://www.transfermarkt.com/fc-bologna/kader/verein/1025/plus/1
2026-07-08T07:38:45,Bologna,Tommaso Pobega,tommaso pobega,392538,2026-07-01,2028-06-30,NEW,https://img.a.transfermarkt.technology/portrait/medium/392538-1661767249.jpg?lm=1,https://www.transfermarkt.com/fc-bologna/kader/verein/1025/plus/1
2026-07-08T07:38:45,Bologna,Niklas Pyyhtiä,niklas pyyhtia,679754,2023-01-01,2027-06-30,RENEW,https://img.a.transfermarkt.technology/portrait/medium/679754-1758100281.png?lm=1,https://www.transfermarkt.com/fc-bologna/kader/verein/1025/plus/1
2026-07-08T07:38:45,Bologna,Jens Odgaard,jens odgaard,345590,2024-07-01,2029-06-30,,https://img.a.transfermarkt.technology/portrait/medium/345590-1706697621.jpg?lm=1,https://www.transfermarkt.com/fc-bologna/kader/verein/1025/plus/1
2026-07-08T07:38:45,Bologna,Jonathan Rowe,jonathan rowe,672381,2025-08-24,2029-06-30,,https://img.a.transfermarkt.technology/portrait/medium/672381-1750074903.jpg?lm=1,https://www.transfermarkt.com/fc-bologna/kader/verein/1025/plus/1
2026-07-08T07:38:45,Bologna,Nicolò Cambiaghi,nicolo cambiaghi,459151,2024-07-12,2029-06-30,,https://img.a.transfermarkt.technology/portrait/medium/459151-1695031545.jpg?lm=1,https://www.transfermarkt.com/fc-bologna/kader/verein/1025/plus/1
2026-07-08T07:38:45,Bologna,Benja Domínguez,benja dominguez,961022,2024-08-28,2029-06-30,,https://img.a.transfermarkt.technology/portrait/medium/961022-1757664923.png?lm=1,https://www.transfermarkt.com/fc-bologna/kader/verein/1025/plus/1
2026-07-08T07:38:45,Bologna,Jesper Karlsson,jesper karlsson,367992,2023-08-23,2028-06-30,,https://img.a.transfermarkt.technology/portrait/medium/367992-1739281929.jpg?lm=1,https://www.transfermarkt.com/fc-bologna/kader/verein/1025/plus/1
2026-07-08T07:38:45,Bologna,Riccardo Orsolini,riccardo orsolini,368482,2019-07-01,2027-06-30,,https://img.a.transfermarkt.technology/portrait/medium/368482-1724827463.jpg?lm=1,https://www.transfermarkt.com/fc-bologna/kader/verein/1025/plus/1
2026-07-08T07:38:45,Bologna,Federico Bernardeschi,federico bernardeschi,197300,2025-07-19,2027-06-30,,https://img.a.transfermarkt.technology/portrait/medium/197300-1740819052.jpg?lm=1,https://www.transfermarkt.com/fc-bologna/kader/verein/1025/plus/1
2026-07-08T07:38:45,Bologna,Santiago Castro,santiago castro,849520,2024-01-30,2030-06-30,,https://img.a.transfermarkt.technology/portrait/medium/849520-1724827267.jpg?lm=1,https://www.transfermarkt.com/fc-bologna/kader/verein/1025/plus/1
2026-07-08T07:38:45,Bologna,Thijs Dallinga,thijs dallinga,538964,2024-07-23,2028-06-30,,https://img.a.transfermarkt.technology/portrait/medium/538964-1737495076.jpg?lm=1,https://www.transfermarkt.com/fc-bologna/kader/verein/1025/plus/1
2026-07-08T07:38:45,Bologna,Luigi Caccavo,luigi caccavo,815787,2026-07-01,2030-06-30,NEW,https://img.a.transfermarkt.technology/portrait/medium/815787-1752499407.jpg?lm=1,https://www.transfermarkt.com/fc-bologna/kader/verein/1025/plus/1
2026-07-08T07:38:48,Cagliari,Elia Caprile,elia caprile,421873,2025-07-01,2029-06-30,,https://img.a.transfermarkt.technology/portrait/medium/421873-1704902651.jpg?lm=1,https://www.transfermarkt.com/cagliari-calcio/kader/verein/1390/plus/1
2026-07-08T07:38:48,Cagliari,Alen Sherri,alen sherri,304144,2024-07-24,2028-06-30,,https://img.a.transfermarkt.technology/portrait/medium/304144-1730124783.jpg?lm=1,https://www.transfermarkt.com/cagliari-calcio/kader/verein/1390/plus/1
2026-07-08T07:38:48,Cagliari,Boris Radunović,boris radunovic,258482,2021-07-14,2029-06-30,,https://img.a.transfermarkt.technology/portrait/medium/258482-1757604393.jpg?lm=1,https://www.transfermarkt.com/cagliari-calcio/kader/verein/1390/plus/1
2026-07-08T07:38:48,Cagliari,Giuseppe Ciocci,giuseppe ciocci,535740,2021-07-01,2027-06-30,,https://img.a.transfermarkt.technology/portrait/medium/535740-1767802954.jpg?lm=1,https://www.transfermarkt.com/cagliari-calcio/kader/verein/1390/plus/1
2026-07-08T07:38:48,Cagliari,Juan Rodríguez,juan rodriguez,1228231,2025-09-01,2030-06-30,,https://img.a.transfermarkt.technology/portrait/medium/1228231-1767769559.jpg?lm=1,https://www.transfermarkt.com/cagliari-calcio/kader/verein/1390/plus/1
2026-07-08T07:38:48,Cagliari,Zé Pedro,ze pedro,406151,2025-09-01,2028-06-30,,https://img.a.transfermarkt.technology/portrait/medium/406151-1756792343.jpg?lm=1,https://www.transfermarkt.com/cagliari-calcio/kader/verein/1390/plus/1
2026-07-08T07:38:48,Cagliari,Yerry Mina,yerry mina,289446,2024-02-01,2028-06-30,,https://img.a.transfermarkt.technology/portrait/medium/289446-1730186402.jpg?lm=1,https://www.transfermarkt.com/cagliari-calcio/kader/verein/1390/plus/1
2026-07-08T07:38:48,Cagliari,Mateusz Wieteska,mateusz wieteska,208172,2023-08-29,2027-06-30,,https://img.a.transfermarkt.technology/portrait/medium/208172-1746022660.png?lm=1,https://www.transfermarkt.com/cagliari-calcio/kader/verein/1390/plus/1
2026-07-08T07:38:48,Cagliari,Davide Veroli,davide veroli,705097,2023-07-01,2029-06-30,,https://img.a.transfermarkt.technology/portrait/medium/705097-1695047244.jpg?lm=1,https://www.transfermarkt.com/cagliari-calcio/kader/verein/1390/plus/1
2026-07-08T07:38:48,Cagliari,Nicola Pintus,nicola pintus,885230,2025-07-01,2029-06-30,,https://img.a.transfermarkt.technology/portrait/medium/885230-1745908959.jpg?lm=1,https://www.transfermarkt.com/cagliari-calcio/kader/verein/1390/plus/1
2026-07-08T07:38:48,Cagliari,Francesco Gallea,francesco gallea,887650,2026-01-29,2029-06-30,,https://img.a.transfermarkt.technology/portrait/medium/887650-1783488840.jpg?lm=1,https://www.transfermarkt.com/cagliari-calcio/kader/verein/1390/plus/1
2026-07-08T07:38:48,Cagliari,Adam Obert,adam obert,568333,2021-07-01,2030-06-30,,https://img.a.transfermarkt.technology/portrait/medium/568333-1695033793.jpg?lm=1,https://www.transfermarkt.com/cagliari-calcio/kader/verein/1390/plus/1
2026-07-08T07:38:48,Cagliari,Riyad Idrissi,riyad idrissi,885226,2024-07-01,2030-06-30,,https://img.a.transfermarkt.technology/portrait/medium/885226-1730128832.jpg?lm=1,https://www.transfermarkt.com/cagliari-calcio/kader/verein/1390/plus/1
2026-07-08T07:38:48,Cagliari,Gabriele Zappa,gabriele zappa,392569,2021-07-01,2030-06-30,,https://img.a.transfermarkt.technology/portrait/medium/392569-1695033763.jpg?lm=1,https://www.transfermarkt.com/cagliari-calcio/kader/verein/1390/plus/1
2026-07-08T07:38:48,Cagliari,Othniël Raterink,othniel raterink,997478,2026-01-30,2030-06-30,,https://img.a.transfermarkt.technology/portrait/medium/997478-1767882208.jpg?lm=1,https://www.transfermarkt.com/cagliari-calcio/kader/verein/1390/plus/1
2026-07-08T07:38:48,Cagliari,Gianluca Gaetano,gianluca gaetano,358008,2025-07-01,2029-06-30,,https://img.a.transfermarkt.technology/portrait/medium/358008-1757604842.jpg?lm=1,https://www.transfermarkt.com/cagliari-calcio/kader/verein/1390/plus/1
2026-07-08T07:38:48,Cagliari,Matteo Prati,matteo prati,876298,2023-08-17,2028-06-30,,https://img.a.transfermarkt.technology/portrait/medium/876298-1686214955.jpg?lm=1,https://www.transfermarkt.com/cagliari-calcio/kader/verein/1390/plus/1
2026-07-08T07:38:48,Cagliari,Alessandro Romano,alessandro romano,911224,2026-07-01,2027-06-30,NEW,https://img.a.transfermarkt.technology/portrait/medium/911224-1736759506.jpg?lm=1,https://www.transfermarkt.com/cagliari-calcio/kader/verein/1390/plus/1
2026-07-08T07:38:48,Cagliari,Michel Adopo,michel adopo,564305,2025-07-01,2029-06-30,,https://img.a.transfermarkt.technology/portrait/medium/564305-1730186534.jpg?lm=1,https://www.transfermarkt.com/cagliari-calcio/kader/verein/1390/plus/1
2026-07-08T07:38:48,Cagliari,Joseph Liteta,joseph liteta,1134304,2025-10-19,2030-06-30,,https://img.a.transfermarkt.technology/portrait/medium/1134304-1752133481.jpg?lm=1,https://www.transfermarkt.com/cagliari-calcio/kader/verein/1390/plus/1
2026-07-08T07:38:48,Cagliari,Alessandro Deiola,alessandro deiola,235931,2014-07-01,2029-06-30,,https://img.a.transfermarkt.technology/portrait/medium/235931-1692964002.jpg?lm=1,https://www.transfermarkt.com/cagliari-calcio/kader/verein/1390/plus/1
2026-07-08T07:38:48,Cagliari,Ivan Sulev,ivan sulev,926839,2026-07-01,2029-06-30,NEW,https://img.a.transfermarkt.technology/portrait/medium/926839-1659474005.png?lm=1,https://www.transfermarkt.com/cagliari-calcio/kader/verein/1390/plus/1
2026-07-08T07:38:48,Cagliari,Demi Akarakiri,demi akarakiri,1078164,2026-07-03,2030-06-30,NEW,https://img.a.transfermarkt.technology/portrait/medium/1078164-1783321719.jpg?lm=1,https://www.transfermarkt.com/cagliari-calcio/kader/verein/1390/plus/1
2026-07-08T07:38:48,Cagliari,Nicola Grandu,nicola grandu,1048013,2026-07-01,2027-06-30,NEW,https://img.a.transfermarkt.technology/portrait/medium/1048013-1752133783.jpg?lm=1,https://www.transfermarkt.com/cagliari-calcio/kader/verein/1390/plus/1
2026-07-08T07:38:48,Cagliari,Nicolò Cavuoti,nicolo cavuoti,701842,2030-06-30,2030-06-30,NEW,https://img.a.transfermarkt.technology/portrait/medium/701842-1753403818.jpg?lm=1,https://www.transfermarkt.com/cagliari-calcio/kader/verein/1390/plus/1
2026-07-08T07:38:48,Cagliari,Mattia Felici,mattia felici,600041,2024-07-10,2027-06-30,,https://img.a.transfermarkt.technology/portrait/medium/600041-1730125232.jpg?lm=1,https://www.transfermarkt.com/cagliari-calcio/kader/verein/1390/plus/1
2026-07-08T07:38:48,Cagliari,Agustín Albarracín,agustin albarracin,1104206,2026-01-27,2030-06-30,,https://img.a.transfermarkt.technology/portrait/medium/1104206-1769528142.png?lm=1,https://www.transfermarkt.com/cagliari-calcio/kader/verein/1390/plus/1
2026-07-08T07:38:48,Cagliari,Zito Luvumbo,zito luvumbo,666547,2022-07-01,2029-06-30,,https://img.a.transfermarkt.technology/portrait/medium/666547-1655123282.jpg?lm=1,https://www.transfermarkt.com/cagliari-calcio/kader/verein/1390/plus/1
2026-07-08T07:38:48,Cagliari,Sebastiano Di Paolo,sebastiano di paolo,967814,2026-01-29,2029-06-30,,https://img.a.transfermarkt.technology/portrait/medium/default.jpg?lm=1,https://www.transfermarkt.com/cagliari-calcio/kader/verein/1390/plus/1
2026-07-08T07:38:48,Cagliari,Sebastiano Esposito,sebastiano esposito,538918,2026-07-01,2030-06-30,NEW,https://img.a.transfermarkt.technology/portrait/medium/538918-1730127469.jpg?lm=1,https://www.transfermarkt.com/cagliari-calcio/kader/verein/1390/plus/1
2026-07-08T07:38:48,Cagliari,Paul Mendy,paul mendy,1371793,2026-03-05,2031-06-30,,https://img.a.transfermarkt.technology/portrait/medium/1371793-1757603190.jpg?lm=1,https://www.transfermarkt.com/cagliari-calcio/kader/verein/1390/plus/1
2026-07-08T07:38:48,Cagliari,Kingstone Mutandwa,kingstone mutandwa,1111663,2024-03-01,2028-06-30,,https://img.a.transfermarkt.technology/portrait/medium/1111663-1753367462.png?lm=1,https://www.transfermarkt.com/cagliari-calcio/kader/verein/1390/plus/1
2026-07-08T07:38:48,Cagliari,Gennaro Borrelli,gennaro borrelli,459988,2025-07-10,2029-06-30,,https://img.a.transfermarkt.technology/portrait/medium/459988-1756452626.jpg?lm=1,https://www.transfermarkt.com/cagliari-calcio/kader/verein/1390/plus/1
2026-07-08T07:38:48,Cagliari,Yael Trepy,yael trepy,1099924,2026-02-02,2030-06-30,,https://img.a.transfermarkt.technology/portrait/medium/1099924-1757602928.jpg?lm=1,https://www.transfermarkt.com/cagliari-calcio/kader/verein/1390/plus/1
2026-07-08T07:38:52,Como,Jean Butez,jean butez,290537,2025-01-07,2030-06-30,,https://img.a.transfermarkt.technology/portrait/medium/290537-1704961364.jpg?lm=1,https://www.transfermarkt.com/como-1907/kader/verein/1047/plus/1
2026-07-08T07:38:52,Como,Emil Audero,emil audero,256339,2024-07-30,2028-06-30,,https://img.a.transfermarkt.technology/portrait/medium/256339-1663679682.jpg?lm=1,https://www.transfermarkt.com/como-1907/kader/verein/1047/plus/1
2026-07-08T07:38:52,Como,Noel Törnqvist,noel tornqvist,730531,2025-08-30,2025-08-30,,https://img.a.transfermarkt.technology/portrait/medium/730531-1743175380.jpg?lm=1,https://www.transfermarkt.com/como-1907/kader/verein/1047/plus/1
2026-07-08T07:38:52,Como,Jacobo Ramón,jacobo ramon,948278,2025-07-31,2030-06-30,,https://img.a.transfermarkt.technology/portrait/medium/948278-1759837942.jpg?lm=1,https://www.transfermarkt.com/como-1907/kader/verein/1047/plus/1
2026-07-08T07:38:52,Como,Stefan Posch,stefan posch,223974,2026-01-21,2029-06-30,,https://img.a.transfermarkt.technology/portrait/medium/223974-1725531246.jpg?lm=1,https://www.transfermarkt.com/como-1907/kader/verein/1047/plus/1
2026-07-08T07:38:52,Como,Alberto Dossena,alberto dossena,385394,2024-07-01,2028-06-30,,https://img.a.transfermarkt.technology/portrait/medium/385394-1686510717.jpg?lm=1,https://www.transfermarkt.com/como-1907/kader/verein/1047/plus/1
2026-07-08T07:38:52,Como,Marc Oliver Kempf,marc oliver kempf,160938,2024-08-28,2027-06-30,,https://img.a.transfermarkt.technology/portrait/medium/160938-1753445146.jpg?lm=1,https://www.transfermarkt.com/como-1907/kader/verein/1047/plus/1
2026-07-08T07:38:52,Como,Fellipe Jack,fellipe jack,1004723,2025-07-01,2028-06-30,,https://img.a.transfermarkt.technology/portrait/medium/1004723-1680450497.jpg?lm=1,https://www.transfermarkt.com/como-1907/kader/verein/1047/plus/1
2026-07-08T07:38:52,Como,Edoardo Goldaniga,edoardo goldaniga,242940,2024-01-28,2028-06-30,,https://img.a.transfermarkt.technology/portrait/medium/242940-1725530007.jpg?lm=1,https://www.transfermarkt.com/como-1907/kader/verein/1047/plus/1
2026-07-08T07:38:52,Como,Andrés Cuenca,andres cuenca,962111,2026-07-01,2030-06-30,NEW,https://img.a.transfermarkt.technology/portrait/medium/962111-1745401649.jpg?lm=1,https://www.transfermarkt.com/como-1907/kader/verein/1047/plus/1
2026-07-08T07:38:52,Como,Kaiki,kaiki,879217,2026-07-02,2027-06-30,NEW,https://img.a.transfermarkt.technology/portrait/medium/879217-1678847563.jpg?lm=1,https://www.transfermarkt.com/como-1907/kader/verein/1047/plus/1
2026-07-08T07:38:52,Como,Álex Valle,alex valle,709957,2025-07-01,2029-06-30,,https://img.a.transfermarkt.technology/portrait/medium/709957-1757603064.jpg?lm=1,https://www.transfermarkt.com/como-1907/kader/verein/1047/plus/1
2026-07-08T07:38:52,Como,Ivan Smolcic,ivan smolcic,571271,2025-02-03,2031-06-30,,https://img.a.transfermarkt.technology/portrait/medium/571271-1738499181.jpg?lm=1,https://www.transfermarkt.com/como-1907/kader/verein/1047/plus/1
2026-07-08T07:38:52,Como,Ignace Van der Brempt,ignace van der brempt,490423,2025-07-01,2028-06-30,,https://img.a.transfermarkt.technology/portrait/medium/490423-1757664819.jpg?lm=1,https://www.transfermarkt.com/como-1907/kader/verein/1047/plus/1
2026-07-08T07:38:52,Como,Mërgim Vojvoda,mergim vojvoda,336125,2025-02-03,2028-06-30,,https://img.a.transfermarkt.technology/portrait/medium/336125-1661351703.jpg?lm=1,https://www.transfermarkt.com/como-1907/kader/verein/1047/plus/1
2026-07-08T07:38:52,Como,Máximo Perrone,maximo perrone,668547,2025-07-18,2029-06-30,,https://img.a.transfermarkt.technology/portrait/medium/668547-1681246573.jpg?lm=1,https://www.transfermarkt.com/como-1907/kader/verein/1047/plus/1
2026-07-08T07:38:52,Como,Yannik Engelhardt,yannik engelhardt,405670,2024-08-01,2027-06-30,,https://img.a.transfermarkt.technology/portrait/medium/405670-1760966867.jpg?lm=1,https://www.transfermarkt.com/como-1907/kader/verein/1047/plus/1
2026-07-08T07:38:52,Como,Andréa Le Borgne,andrea le borgne,1204163,2028-06-30,2028-06-30,NEW,https://img.a.transfermarkt.technology/portrait/medium/1204163-1767802091.jpg?lm=1,https://www.transfermarkt.com/como-1907/kader/verein/1047/plus/1
2026-07-08T07:38:52,Como,Lucas Da Cunha,lucas da cunha,495667,2023-01-16,2029-06-30,,https://img.a.transfermarkt.technology/portrait/medium/495667-1778088169.jpg?lm=1,https://www.transfermarkt.com/como-1907/kader/verein/1047/plus/1
2026-07-08T07:38:52,Como,Maxence Caqueret,maxence caqueret,395237,2025-01-12,2029-06-30,,https://img.a.transfermarkt.technology/portrait/medium/395237-1739281407.jpg?lm=1,https://www.transfermarkt.com/como-1907/kader/verein/1047/plus/1
2026-07-08T07:38:52,Como,Adrian Lahdo,adrian lahdo,1231993,2026-02-02,2031-06-30,,https://img.a.transfermarkt.technology/portrait/medium/1231993-1770014850.jpg?lm=1,https://www.transfermarkt.com/como-1907/kader/verein/1047/plus/1
2026-07-08T07:38:52,Como,Fabio Rispoli,fabio rispoli,981136,,,,https://img.a.transfermarkt.technology/portrait/medium/981136-1730128894.jpg?lm=1,https://www.transfermarkt.com/como-1907/kader/verein/1047/plus/1
2026-07-08T07:38:52,Como,Luis Milla,luis milla,281989,2026-07-02,2029-06-30,NEW,https://img.a.transfermarkt.technology/portrait/medium/281989-1669364960.jpg?lm=1,https://www.transfermarkt.com/como-1907/kader/verein/1047/plus/1
2026-07-08T07:38:52,Como,Luca Mazzitelli,luca mazzitelli,226025,2025-07-01,2027-06-30,,https://img.a.transfermarkt.technology/portrait/medium/226025-1730185840.jpg?lm=1,https://www.transfermarkt.com/como-1907/kader/verein/1047/plus/1
2026-07-08T07:38:52,Como,Matthias Braunöder,matthias braunoder,488052,2024-07-01,2027-06-30,,https://img.a.transfermarkt.technology/portrait/medium/488052-1692968166.png?lm=1,https://www.transfermarkt.com/como-1907/kader/verein/1047/plus/1
2026-07-08T07:38:52,Como,Nico Paz,nico paz,948294,2024-08-25,2028-06-30,,https://img.a.transfermarkt.technology/portrait/medium/948294-1699472504.jpg?lm=1,https://www.transfermarkt.com/como-1907/kader/verein/1047/plus/1
2026-07-08T07:38:52,Como,Martin Baturina,martin baturina,580451,2025-07-01,2030-06-30,,https://img.a.transfermarkt.technology/portrait/medium/580451-1716240952.jpg?lm=1,https://www.transfermarkt.com/como-1907/kader/verein/1047/plus/1
2026-07-08T07:38:52,Como,Jesús Rodríguez,jesus rodriguez,1190411,2025-07-02,2030-06-30,,https://img.a.transfermarkt.technology/portrait/medium/1190411-1744375833.jpg?lm=1,https://www.transfermarkt.com/como-1907/kader/verein/1047/plus/1
2026-07-08T07:38:52,Como,Assane Diao,assane diao,1061282,2025-01-07,2029-06-30,,https://img.a.transfermarkt.technology/portrait/medium/1061282-1699273116.jpg?lm=1,https://www.transfermarkt.com/como-1907/kader/verein/1047/plus/1
2026-07-08T07:38:52,Como,Alieu Fadera,alieu fadera,749552,2024-08-14,2028-06-30,,https://img.a.transfermarkt.technology/portrait/medium/749552-1753767931.jpg?lm=1,https://www.transfermarkt.com/como-1907/kader/verein/1047/plus/1
2026-07-08T07:38:52,Como,Ali Jasim,ali jasim,877672,2024-07-24,2027-06-30,,https://img.a.transfermarkt.technology/portrait/medium/877672-1738057702.jpg?lm=1,https://www.transfermarkt.com/como-1907/kader/verein/1047/plus/1
2026-07-08T07:38:52,Como,Jayden Addai,jayden addai,747720,2025-07-04,2030-06-30,,https://img.a.transfermarkt.technology/portrait/medium/747720-1723819872.jpg?lm=1,https://www.transfermarkt.com/como-1907/kader/verein/1047/plus/1
2026-07-08T07:38:52,Como,Nicolas Kühn,nicolas kuhn,336012,2025-07-11,2029-06-30,,https://img.a.transfermarkt.technology/portrait/medium/336012-1752477155.jpg?lm=1,https://www.transfermarkt.com/como-1907/kader/verein/1047/plus/1
2026-07-08T07:38:52,Como,Anastasios Douvikas,anastasios douvikas,523318,2025-02-03,2029-06-30,,https://img.a.transfermarkt.technology/portrait/medium/523318-1682331342.jpg?lm=1,https://www.transfermarkt.com/como-1907/kader/verein/1047/plus/1
2026-07-08T07:38:52,Como,Álvaro Morata,alvaro morata,128223,2026-07-01,2029-06-30,NEW,https://img.a.transfermarkt.technology/portrait/medium/128223-1719989301.jpg?lm=1,https://www.transfermarkt.com/como-1907/kader/verein/1047/plus/1
2026-07-08T07:38:52,Como,Iván Azón,ivan azon,633306,2025-02-03,2029-06-30,,https://img.a.transfermarkt.technology/portrait/medium/633306-1732367699.jpg?lm=1,https://www.transfermarkt.com/como-1907/kader/verein/1047/plus/1
2026-07-08T07:38:52,Como,Alessandro Gabrielloni,alessandro gabrielloni,311333,2018-01-31,2028-06-30,,https://img.a.transfermarkt.technology/portrait/medium/311333-1714813246.jpg?lm=1,https://www.transfermarkt.com/como-1907/kader/verein/1047/plus/1
2026-07-08T07:38:52,Como,Marlon Mustapha,marlon mustapha,532495,2023-07-11,2027-06-30,,https://img.a.transfermarkt.technology/portrait/medium/532495-1752849763.jpg?lm=1,https://www.transfermarkt.com/como-1907/kader/verein/1047/plus/1
2026-07-08T07:38:52,Como,Tommaso Fumagalli,tommaso fumagalli,691678,2024-01-30,2027-06-30,,https://img.a.transfermarkt.technology/portrait/medium/691678-1565895735.jpg?lm=1,https://www.transfermarkt.com/como-1907/kader/verein/1047/plus/1
2026-07-08T07:38:55,Cremonese,Andrea Fulignati,andrea fulignati,231381,2025-07-01,2025-07-01,,https://img.a.transfermarkt.technology/portrait/medium/231381-1753428070.jpg?lm=1,https://www.transfermarkt.com/us-cremonese/kader/verein/2239/plus/1
2026-07-08T07:38:55,Cremonese,Gianluca Saro,gianluca saro,420179,2022-08-12,2027-06-30,,https://img.a.transfermarkt.technology/portrait/medium/420179-1675244937.jpg?lm=1,https://www.transfermarkt.com/us-cremonese/kader/verein/2239/plus/1
2026-07-08T07:38:55,Cremonese,Federico Agazzi,federico agazzi,729536,2023-07-01,2029-06-30,,https://img.a.transfermarkt.technology/portrait/medium/729536-1777180738.jpeg?lm=1,https://www.transfermarkt.com/us-cremonese/kader/verein/2239/plus/1
2026-07-08T07:38:55,Cremonese,Lapo Nava,lapo nava,815563,2025-07-17,2028-06-30,,https://img.a.transfermarkt.technology/portrait/medium/815563-1681206054.jpg?lm=1,https://www.transfermarkt.com/us-cremonese/kader/verein/2239/plus/1
2026-07-08T07:38:55,Cremonese,Sebastiano Luperto,sebastiano luperto,278531,2026-02-02,2030-06-30,,https://img.a.transfermarkt.technology/portrait/medium/278531-1730125275.jpg?lm=1,https://www.transfermarkt.com/us-cremonese/kader/verein/2239/plus/1
2026-07-08T07:38:55,Cremonese,Federico Baschirotto,federico baschirotto,351955,2025-07-29,2028-06-30,,https://img.a.transfermarkt.technology/portrait/medium/351955-1730126092.jpg?lm=1,https://www.transfermarkt.com/us-cremonese/kader/verein/2239/plus/1
2026-07-08T07:38:55,Cremonese,Matteo Bianchetti,matteo bianchetti,160986,2019-08-17,2027-06-30,,https://img.a.transfermarkt.technology/portrait/medium/160986-1663683697.jpg?lm=1,https://www.transfermarkt.com/us-cremonese/kader/verein/2239/plus/1
2026-07-08T07:38:55,Cremonese,Francesco Folino,francesco folino,603675,2025-01-24,2028-06-30,,https://img.a.transfermarkt.technology/portrait/medium/603675-1737968311.jpg?lm=1,https://www.transfermarkt.com/us-cremonese/kader/verein/2239/plus/1
2026-07-08T07:38:55,Cremonese,Eddy Cabianca,eddy cabianca,960966,2024-08-03,2028-06-30,,https://img.a.transfermarkt.technology/portrait/medium/960966-1712938994.jpg?lm=1,https://www.transfermarkt.com/us-cremonese/kader/verein/2239/plus/1
2026-07-08T07:38:55,Cremonese,Lorenzo Moretti,lorenzo moretti,539632,2024-07-26,2027-06-30,,https://img.a.transfermarkt.technology/portrait/medium/539632-1607587131.jpg?lm=1,https://www.transfermarkt.com/us-cremonese/kader/verein/2239/plus/1
2026-07-08T07:38:55,Cremonese,Mattia Scaringi,mattia scaringi,708700,,,,https://img.a.transfermarkt.technology/portrait/medium/708700-1753779296.jpeg?lm=1,https://www.transfermarkt.com/us-cremonese/kader/verein/2239/plus/1
2026-07-08T07:38:55,Cremonese,Giuseppe Pezzella,giuseppe pezzella,336960,2025-07-25,2028-06-30,,https://img.a.transfermarkt.technology/portrait/medium/336960-1661521548.jpg?lm=1,https://www.transfermarkt.com/us-cremonese/kader/verein/2239/plus/1
2026-07-08T07:38:55,Cremonese,Leonardo Sernicola,leonardo sernicola,340707,2022-07-08,2028-06-30,,https://img.a.transfermarkt.technology/portrait/medium/340707-1753430499.jpg?lm=1,https://www.transfermarkt.com/us-cremonese/kader/verein/2239/plus/1
2026-07-08T07:38:55,Cremonese,Yuri Rocchetti,yuri rocchetti,667627,2023-09-01,2027-06-30,,https://img.a.transfermarkt.technology/portrait/medium/667627-1753428183.jpg?lm=1,https://www.transfermarkt.com/us-cremonese/kader/verein/2239/plus/1
2026-07-08T07:38:55,Cremonese,Filippo Tosi,filippo tosi,1061003,,,,https://img.a.transfermarkt.technology/portrait/medium/1061003-1751738963.png?lm=1,https://www.transfermarkt.com/us-cremonese/kader/verein/2239/plus/1
2026-07-08T07:38:55,Cremonese,Tommaso Barbieri,tommaso barbieri,569939,2024-08-06,2028-06-30,,https://img.a.transfermarkt.technology/portrait/medium/569939-1681713735.jpg?lm=1,https://www.transfermarkt.com/us-cremonese/kader/verein/2239/plus/1
2026-07-08T07:38:55,Cremonese,Daniele Triacca,daniele triacca,897658,,,,https://img.a.transfermarkt.technology/portrait/medium/default.jpg?lm=1,https://www.transfermarkt.com/us-cremonese/kader/verein/2239/plus/1
2026-07-08T07:38:55,Cremonese,Samuele Regazzetti,samuele regazzetti,817045,2024-07-01,2024-07-01,,https://img.a.transfermarkt.technology/portrait/medium/817045-1666258961.jpg?lm=1,https://www.transfermarkt.com/us-cremonese/kader/verein/2239/plus/1
2026-07-08T07:38:55,Cremonese,Alberto Grassi,alberto grassi,197473,2025-07-19,2027-06-30,,https://img.a.transfermarkt.technology/portrait/medium/197473-1695031303.jpg?lm=1,https://www.transfermarkt.com/us-cremonese/kader/verein/2239/plus/1
2026-07-08T07:38:55,Cremonese,Simone Lottici Tessadri,simone lottici tessadri,897651,2026-07-01,2029-06-30,NEW,https://img.a.transfermarkt.technology/portrait/medium/default.jpg?lm=1,https://www.transfermarkt.com/us-cremonese/kader/verein/2239/plus/1
2026-07-08T07:38:55,Cremonese,Mattia Bozza,mattia bozza,1054459,,,,https://img.a.transfermarkt.technology/portrait/medium/1054459-1766517142.jpeg?lm=1,https://www.transfermarkt.com/us-cremonese/kader/verein/2239/plus/1
2026-07-08T07:38:55,Cremonese,Alessio Brambilla,alessio brambilla,539131,2023-07-21,2023-07-21,,https://img.a.transfermarkt.technology/portrait/medium/539131-1641380670.jpg?lm=1,https://www.transfermarkt.com/us-cremonese/kader/verein/2239/plus/1
2026-07-08T07:38:55,Cremonese,Jari Vandeputte,jari vandeputte,258827,2025-07-01,2028-06-30,,https://img.a.transfermarkt.technology/portrait/medium/258827-1712490921.jpg?lm=1,https://www.transfermarkt.com/us-cremonese/kader/verein/2239/plus/1
2026-07-08T07:38:55,Cremonese,Morten Thorsby,morten thorsby,226524,2026-02-02,2028-06-30,,https://img.a.transfermarkt.technology/portrait/medium/226524-1725529624.jpg?lm=1,https://www.transfermarkt.com/us-cremonese/kader/verein/2239/plus/1
2026-07-08T07:38:55,Cremonese,Michele Collocolo,michele collocolo,434551,2023-07-22,2029-06-30,,https://img.a.transfermarkt.technology/portrait/medium/434551-1753430710.jpg?lm=1,https://www.transfermarkt.com/us-cremonese/kader/verein/2239/plus/1
2026-07-08T07:38:55,Cremonese,Dachi Lordkipanidze,dachi lordkipanidze,894456,2025-07-01,2027-06-30,,https://img.a.transfermarkt.technology/portrait/medium/894456-1767803663.jpg?lm=1,https://www.transfermarkt.com/us-cremonese/kader/verein/2239/plus/1
2026-07-08T07:38:55,Cremonese,Tommaso Berti,tommaso berti,908768,2026-07-01,2030-06-30,NEW,https://img.a.transfermarkt.technology/portrait/medium/908768-1728992170.jpg?lm=1,https://www.transfermarkt.com/us-cremonese/kader/verein/2239/plus/1
2026-07-08T07:38:55,Cremonese,Felix Afena-Gyan,felix afena-gyan,872380,2022-08-29,2022-08-29,,https://img.a.transfermarkt.technology/portrait/medium/872380-1781011815.jpg?lm=1,https://www.transfermarkt.com/us-cremonese/kader/verein/2239/plus/1
2026-07-08T07:38:55,Cremonese,Adrian Lickūnas,adrian lickunas,819369,2026-07-01,2026-07-01,NEW,https://img.a.transfermarkt.technology/portrait/medium/819369-1753435567.jpg?lm=1,https://www.transfermarkt.com/us-cremonese/kader/verein/2239/plus/1
2026-07-08T07:38:55,Cremonese,Federico Bonazzoli,federico bonazzoli,241527,2024-08-06,2028-06-30,,https://img.a.transfermarkt.technology/portrait/medium/241527-1692962795.jpg?lm=1,https://www.transfermarkt.com/us-cremonese/kader/verein/2239/plus/1
2026-07-08T07:38:55,Cremonese,Antonio Sanabria,antonio sanabria,234523,2025-08-21,2028-06-30,,https://img.a.transfermarkt.technology/portrait/medium/234523-1692963077.jpg?lm=1,https://www.transfermarkt.com/us-cremonese/kader/verein/2239/plus/1
2026-07-08T07:38:55,Cremonese,Marco Nasti,marco nasti,629016,2024-08-20,2028-06-30,,https://img.a.transfermarkt.technology/portrait/medium/629016-1753428371.jpg?lm=1,https://www.transfermarkt.com/us-cremonese/kader/verein/2239/plus/1
2026-07-08T07:38:55,Cremonese,Manuel De Luca,manuel de luca,375816,2024-07-19,2028-06-30,,https://img.a.transfermarkt.technology/portrait/medium/375816-1753427921.jpg?lm=1,https://www.transfermarkt.com/us-cremonese/kader/verein/2239/plus/1
2026-07-08T07:38:55,Cremonese,Milan Djuric,milan djuric,67556,2026-01-27,2027-06-30,,https://img.a.transfermarkt.technology/portrait/medium/67556-1628670733.jpg?lm=1,https://www.transfermarkt.com/us-cremonese/kader/verein/2239/plus/1
2026-07-08T07:38:55,Cremonese,David Stückler,david stuckler,896362,2024-07-01,2028-06-30,,https://img.a.transfermarkt.technology/portrait/medium/896362-1751271639.jpg?lm=1,https://www.transfermarkt.com/us-cremonese/kader/verein/2239/plus/1
2026-07-08T07:38:55,Cremonese,Giacomo Gabbiani,giacomo gabbiani,897668,,,,https://img.a.transfermarkt.technology/portrait/medium/default.jpg?lm=1,https://www.transfermarkt.com/us-cremonese/kader/verein/2239/plus/1
2026-07-08T07:38:55,Cremonese,Frank Tsadjout,frank tsadjout,392545,2022-07-15,2027-06-30,,https://img.a.transfermarkt.technology/portrait/medium/392545-1663684446.jpg?lm=1,https://www.transfermarkt.com/us-cremonese/kader/verein/2239/plus/1
2026-07-08T07:38:59,Fiorentina,Tommaso Martinelli,tommaso martinelli,934159,2023-07-01,2029-06-30,,https://img.a.transfermarkt.technology/portrait/medium/934159-1676018484.jpg?lm=1,https://www.transfermarkt.com/ac-florenz/kader/verein/430/plus/1
2026-07-08T07:38:59,Fiorentina,David de Gea,david de gea,59377,2024-08-09,2028-06-30,,https://img.a.transfermarkt.technology/portrait/medium/59377-1667548362.jpg?lm=1,https://www.transfermarkt.com/ac-florenz/kader/verein/430/plus/1
2026-07-08T07:38:59,Fiorentina,Oliver Christensen,oliver christensen,471936,2023-08-10,2028-06-30,,https://img.a.transfermarkt.technology/portrait/medium/471936-1688647558.jpg?lm=1,https://www.transfermarkt.com/ac-florenz/kader/verein/430/plus/1
2026-07-08T07:38:59,Fiorentina,Tommaso Vannucchi,tommaso vannucchi,988977,,,,https://img.a.transfermarkt.technology/portrait/medium/988977-1695026842.jpg?lm=1,https://www.transfermarkt.com/ac-florenz/kader/verein/430/plus/1
2026-07-08T07:38:59,Fiorentina,Luca Lezzerini,luca lezzerini,135747,2025-08-01,2028-06-30,,https://img.a.transfermarkt.technology/portrait/medium/135747-1757604338.jpg?lm=1,https://www.transfermarkt.com/ac-florenz/kader/verein/430/plus/1
2026-07-08T07:38:59,Fiorentina,Pietro Comuzzo,pietro comuzzo,746712,2023-07-01,2029-06-30,,https://img.a.transfermarkt.technology/portrait/medium/746712-1730183199.jpg?lm=1,https://www.transfermarkt.com/ac-florenz/kader/verein/430/plus/1
2026-07-08T07:38:59,Fiorentina,Marin Pongracic,marin pongracic,282144,2024-07-19,2029-06-30,,https://img.a.transfermarkt.technology/portrait/medium/282144-1657202331.jpg?lm=1,https://www.transfermarkt.com/ac-florenz/kader/verein/430/plus/1
2026-07-08T07:38:59,Fiorentina,Viery,viery,950393,2026-07-01,2031-06-30,NEW,https://img.a.transfermarkt.technology/portrait/medium/950393-1773183484.jpg?lm=1,https://www.transfermarkt.com/ac-florenz/kader/verein/430/plus/1
2026-07-08T07:38:59,Fiorentina,Matías Moreno,matias moreno,1144700,2024-08-30,2029-06-30,,https://img.a.transfermarkt.technology/portrait/medium/1144700-1730183072.jpg?lm=1,https://www.transfermarkt.com/ac-florenz/kader/verein/430/plus/1
2026-07-08T07:38:59,Fiorentina,Luca Ranieri,luca ranieri,346561,2018-07-01,2028-06-30,,https://img.a.transfermarkt.technology/portrait/medium/346561-1692962464.jpg?lm=1,https://www.transfermarkt.com/ac-florenz/kader/verein/430/plus/1
2026-07-08T07:38:59,Fiorentina,Nicolás Valentini,nicolas valentini,860992,2025-01-02,2029-06-30,,https://img.a.transfermarkt.technology/portrait/medium/860992-1711028718.jpg?lm=1,https://www.transfermarkt.com/ac-florenz/kader/verein/430/plus/1
2026-07-08T07:38:59,Fiorentina,Eddy Kouadio,eddy kouadio,957822,2025-07-01,2030-06-30,,https://img.a.transfermarkt.technology/portrait/medium/957822-1755840967.jpg?lm=1,https://www.transfermarkt.com/ac-florenz/kader/verein/430/plus/1
2026-07-08T07:38:59,Fiorentina,Eman Košpo,eman kospo,1015822,2025-07-15,2030-06-30,,https://img.a.transfermarkt.technology/portrait/medium/1015822-1699372371.jpg?lm=1,https://www.transfermarkt.com/ac-florenz/kader/verein/430/plus/1
2026-07-08T07:38:59,Fiorentina,Lorenzo Romani,lorenzo romani,899542,2027-06-30,2027-06-30,NEW,https://img.a.transfermarkt.technology/portrait/medium/899542-1715679763.jpg?lm=1,https://www.transfermarkt.com/ac-florenz/kader/verein/430/plus/1
2026-07-08T07:38:59,Fiorentina,Niccolò Fortini,niccolo fortini,984964,2024-07-01,2027-06-30,,https://img.a.transfermarkt.technology/portrait/medium/984964-1748503175.jpg?lm=1,https://www.transfermarkt.com/ac-florenz/kader/verein/430/plus/1
2026-07-08T07:38:59,Fiorentina,Fabiano Parisi,fabiano parisi,547985,2023-07-14,2029-06-30,,https://img.a.transfermarkt.technology/portrait/medium/547985-1663677780.jpg?lm=1,https://www.transfermarkt.com/ac-florenz/kader/verein/430/plus/1
2026-07-08T07:38:59,Fiorentina,Robin Gosens,robin gosens,273132,2025-07-01,2028-06-30,,https://img.a.transfermarkt.technology/portrait/medium/273132-1686641124.jpg?lm=1,https://www.transfermarkt.com/ac-florenz/kader/verein/430/plus/1
2026-07-08T07:38:59,Fiorentina,Luis Balbo,luis balbo,1012731,2026-01-15,2028-06-30,,https://img.a.transfermarkt.technology/portrait/medium/1012731-1770273851.jpg?lm=1,https://www.transfermarkt.com/ac-florenz/kader/verein/430/plus/1
2026-07-08T07:38:59,Fiorentina,Dodô,dodo,401529,2022-07-22,2027-06-30,,https://img.a.transfermarkt.technology/portrait/medium/401529-1663591985.jpg?lm=1,https://www.transfermarkt.com/ac-florenz/kader/verein/430/plus/1
2026-07-08T07:38:59,Fiorentina,Rolando Mandragora,rolando mandragora,308279,2022-07-04,2028-06-30,,https://img.a.transfermarkt.technology/portrait/medium/308279-1663591807.jpg?lm=1,https://www.transfermarkt.com/ac-florenz/kader/verein/430/plus/1
2026-07-08T07:38:59,Fiorentina,Lorenzo Amatucci,lorenzo amatucci,707450,2023-07-01,2028-06-30,,https://img.a.transfermarkt.technology/portrait/medium/707450-1751270499.jpg?lm=1,https://www.transfermarkt.com/ac-florenz/kader/verein/430/plus/1
2026-07-08T07:38:59,Fiorentina,Cher Ndour,cher ndour,651005,2025-02-03,2029-06-30,,https://img.a.transfermarkt.technology/portrait/medium/651005-1758718132.jpg?lm=1,https://www.transfermarkt.com/ac-florenz/kader/verein/430/plus/1
2026-07-08T07:38:59,Fiorentina,Nicolò Fagioli,nicolo fagioli,432090,2025-07-01,2028-06-30,,https://img.a.transfermarkt.technology/portrait/medium/432090-1695025310.jpg?lm=1,https://www.transfermarkt.com/ac-florenz/kader/verein/430/plus/1
2026-07-08T07:38:59,Fiorentina,Marco Brescianini,marco brescianini,459128,2026-07-01,2030-06-30,NEW,https://img.a.transfermarkt.technology/portrait/medium/459128-1730183739.jpg?lm=1,https://www.transfermarkt.com/ac-florenz/kader/verein/430/plus/1
2026-07-08T07:38:59,Fiorentina,Jacopo Fazzini,jacopo fazzini,691482,2025-07-01,2030-06-30,,https://img.a.transfermarkt.technology/portrait/medium/691482-1673249779.jpg?lm=1,https://www.transfermarkt.com/ac-florenz/kader/verein/430/plus/1
2026-07-08T07:38:59,Fiorentina,Simon Sohm,simon sohm,507486,2025-08-04,2030-06-30,,https://img.a.transfermarkt.technology/portrait/medium/507486-1753435341.jpg?lm=1,https://www.transfermarkt.com/ac-florenz/kader/verein/430/plus/1
2026-07-08T07:38:59,Fiorentina,Alessandro Bianco,alessandro bianco,602124,2022-07-01,2027-06-30,,https://img.a.transfermarkt.technology/portrait/medium/602124-1762637367.png?lm=1,https://www.transfermarkt.com/ac-florenz/kader/verein/430/plus/1
2026-07-08T07:38:59,Fiorentina,Amir Richardson,amir richardson,893675,2024-08-12,2029-06-30,,https://img.a.transfermarkt.technology/portrait/medium/893675-1725529481.jpg?lm=1,https://www.transfermarkt.com/ac-florenz/kader/verein/430/plus/1
2026-07-08T07:38:59,Fiorentina,Jonas Harder,jonas harder,932740,2029-06-30,2029-06-30,NEW,https://img.a.transfermarkt.technology/portrait/medium/932740-1707406029.jpg?lm=1,https://www.transfermarkt.com/ac-florenz/kader/verein/430/plus/1
2026-07-08T07:38:59,Fiorentina,Giovanni Fabbian,giovanni fabbian,633668,2026-07-01,2030-06-30,NEW,https://img.a.transfermarkt.technology/portrait/medium/633668-1695027735.jpg?lm=1,https://www.transfermarkt.com/ac-florenz/kader/verein/430/plus/1
2026-07-08T07:38:59,Fiorentina,Tommaso Rubino,tommaso rubino,866247,2029-06-30,2029-06-30,NEW,https://img.a.transfermarkt.technology/portrait/medium/866247-1715679843.jpg?lm=1,https://www.transfermarkt.com/ac-florenz/kader/verein/430/plus/1
2026-07-08T07:38:59,Fiorentina,Antonín Barák,antonin barak,272261,2023-01-31,2027-06-30,,https://img.a.transfermarkt.technology/portrait/medium/272261-1727699332.jpg?lm=1,https://www.transfermarkt.com/ac-florenz/kader/verein/430/plus/1
2026-07-08T07:38:59,Fiorentina,Riccardo Sottil,riccardo sottil,386455,2018-07-01,2027-06-30,,https://img.a.transfermarkt.technology/portrait/medium/386455-1663591627.jpg?lm=1,https://www.transfermarkt.com/ac-florenz/kader/verein/430/plus/1
2026-07-08T07:38:59,Fiorentina,Maat Daniel Caprini,maat daniel caprini,996453,2025-02-03,2027-06-30,,https://img.a.transfermarkt.technology/portrait/medium/996453-1707214283.jpg?lm=1,https://www.transfermarkt.com/ac-florenz/kader/verein/430/plus/1
2026-07-08T07:38:59,Fiorentina,Albert Gudmundsson,albert gudmundsson,305947,2025-07-01,2029-06-30,,https://img.a.transfermarkt.technology/portrait/medium/305947-1705389252.jpg?lm=1,https://www.transfermarkt.com/ac-florenz/kader/verein/430/plus/1
2026-07-08T07:38:59,Fiorentina,Filippo Distefano,filippo distefano,669915,2023-07-01,2028-06-30,,https://img.a.transfermarkt.technology/portrait/medium/669915-1673248566.jpg?lm=1,https://www.transfermarkt.com/ac-florenz/kader/verein/430/plus/1
2026-07-08T07:38:59,Fiorentina,Moise Kean,moise kean,364135,2024-07-09,2029-06-30,,https://img.a.transfermarkt.technology/portrait/medium/364135-1725532147.jpg?lm=1,https://www.transfermarkt.com/ac-florenz/kader/verein/430/plus/1
2026-07-08T07:38:59,Fiorentina,Roberto Piccoli,roberto piccoli,432092,2025-08-25,2030-06-30,,https://img.a.transfermarkt.technology/portrait/medium/432092-1753438910.jpg?lm=1,https://www.transfermarkt.com/ac-florenz/kader/verein/430/plus/1
2026-07-08T07:38:59,Fiorentina,M'Bala Nzola,m'bala nzola,354814,2023-08-10,2027-06-30,,https://img.a.transfermarkt.technology/portrait/medium/354814-1664974000.jpg?lm=1,https://www.transfermarkt.com/ac-florenz/kader/verein/430/plus/1
2026-07-08T07:38:59,Fiorentina,Riccardo Braschi,riccardo braschi,934514,2026-03-08,2027-06-30,,https://img.a.transfermarkt.technology/portrait/medium/934514-1753770074.jpg?lm=1,https://www.transfermarkt.com/ac-florenz/kader/verein/430/plus/1
2026-07-08T07:39:05,Genoa,Justin Bijlow,justin bijlow,315121,2026-01-20,2029-06-30,,https://img.a.transfermarkt.technology/portrait/medium/315121-1676465549.jpg?lm=1,https://www.transfermarkt.com/fc-genua/kader/verein/252/plus/1
2026-07-08T07:39:05,Genoa,Franz Stolz,franz stolz,462699,2024-01-27,2027-06-30,,https://img.a.transfermarkt.technology/portrait/medium/462699-1771411473.jpg?lm=1,https://www.transfermarkt.com/fc-genua/kader/verein/252/plus/1
2026-07-08T07:39:05,Genoa,Ernestas Lysionok,ernestas lysionok,874967,2025-07-01,2028-06-30,,https://img.a.transfermarkt.technology/portrait/medium/874967-1760450182.jpg?lm=1,https://www.transfermarkt.com/fc-genua/kader/verein/252/plus/1
2026-07-08T07:39:05,Genoa,Alessandro Marcandalli,alessandro marcandalli,818448,2022-07-01,2029-06-30,,https://img.a.transfermarkt.technology/portrait/medium/818448-1739282452.jpg?lm=1,https://www.transfermarkt.com/fc-genua/kader/verein/252/plus/1
2026-07-08T07:39:05,Genoa,Leo Østigård,leo ostigard,367284,2026-01-31,2030-06-30,,https://img.a.transfermarkt.technology/portrait/medium/367284-1708552959.jpg?lm=1,https://www.transfermarkt.com/fc-genua/kader/verein/252/plus/1
2026-07-08T07:39:05,Genoa,Johan Vásquez,johan vasquez,532937,2022-01-03,2028-06-30,,https://img.a.transfermarkt.technology/portrait/medium/532937-1742929864.jpg?lm=1,https://www.transfermarkt.com/fc-genua/kader/verein/252/plus/1
2026-07-08T07:39:05,Genoa,Gabriele Calvani,gabriele calvani,745778,,,,https://img.a.transfermarkt.technology/portrait/medium/745778-1745569323.jpg?lm=1,https://www.transfermarkt.com/fc-genua/kader/verein/252/plus/1
2026-07-08T07:39:05,Genoa,Alan Matturro,alan matturro,861981,2023-01-02,2028-06-30,,https://img.a.transfermarkt.technology/portrait/medium/861981-1692967519.jpg?lm=1,https://www.transfermarkt.com/fc-genua/kader/verein/252/plus/1
2026-07-08T07:39:05,Genoa,Alessandro Vogliacco,alessandro vogliacco,330208,2021-08-13,2027-06-30,,https://img.a.transfermarkt.technology/portrait/medium/330208-1762636759.png?lm=1,https://www.transfermarkt.com/fc-genua/kader/verein/252/plus/1
2026-07-08T07:39:05,Genoa,Sebastian Otoa,sebastian otoa,890385,2025-01-16,2028-06-30,,https://img.a.transfermarkt.technology/portrait/medium/890385-1736924404.jpg?lm=1,https://www.transfermarkt.com/fc-genua/kader/verein/252/plus/1
2026-07-08T07:39:05,Genoa,Aarón Martín,aaron martin,251878,2023-07-03,2027-06-30,,https://img.a.transfermarkt.technology/portrait/medium/251878-1730126148.jpg?lm=1,https://www.transfermarkt.com/fc-genua/kader/verein/252/plus/1
2026-07-08T07:39:05,Genoa,David Puczka,david puczka,715894,2026-07-02,2031-06-30,NEW,https://img.a.transfermarkt.technology/portrait/medium/715894-1782973384.jpg?lm=1,https://www.transfermarkt.com/fc-genua/kader/verein/252/plus/1
2026-07-08T07:39:05,Genoa,Marcelo Vaz,marcelo vaz,1438038,2026-06-29,2029-06-30,NEW,https://img.a.transfermarkt.technology/portrait/medium/default.jpg?lm=1,https://www.transfermarkt.com/fc-genua/kader/verein/252/plus/1
2026-07-08T07:39:05,Genoa,Brooke Norton-Cuffy,brooke norton-cuffy,728733,2024-08-14,2029-06-30,,https://img.a.transfermarkt.technology/portrait/medium/728733-1736498622.jpg?lm=1,https://www.transfermarkt.com/fc-genua/kader/verein/252/plus/1
2026-07-08T07:39:05,Genoa,Stefano Sabelli,stefano sabelli,167491,2021-07-20,2028-06-30,,https://img.a.transfermarkt.technology/portrait/medium/167491-1753439397.jpg?lm=1,https://www.transfermarkt.com/fc-genua/kader/verein/252/plus/1
2026-07-08T07:39:05,Genoa,Morten Frendrup,morten frendrup,503871,2022-01-30,2028-06-30,,https://img.a.transfermarkt.technology/portrait/medium/503871-1707815910.jpg?lm=1,https://www.transfermarkt.com/fc-genua/kader/verein/252/plus/1
2026-07-08T07:39:05,Genoa,Amorim,amorim,1082774,2026-01-29,2030-06-30,,https://img.a.transfermarkt.technology/portrait/medium/1082774-1766511456.jpg?lm=1,https://www.transfermarkt.com/fc-genua/kader/verein/252/plus/1
2026-07-08T07:39:05,Genoa,Mikael Egill Ellertsson,mikael egill ellertsson,566615,2025-01-30,2029-06-30,,https://img.a.transfermarkt.technology/portrait/medium/566615-1730125923.jpg?lm=1,https://www.transfermarkt.com/fc-genua/kader/verein/252/plus/1
2026-07-08T07:39:05,Genoa,Franz-Ethan Meichtry,franz-ethan meichtry,1172166,2026-07-01,2030-06-30,NEW,https://img.a.transfermarkt.technology/portrait/medium/1172166-1771764915.jpg?lm=1,https://www.transfermarkt.com/fc-genua/kader/verein/252/plus/1
2026-07-08T07:39:05,Genoa,Patrizio Masini,patrizio masini,459665,2020-09-01,2028-06-30,,https://img.a.transfermarkt.technology/portrait/medium/459665-1742901177.jpg?lm=1,https://www.transfermarkt.com/fc-genua/kader/verein/252/plus/1
2026-07-08T07:39:05,Genoa,Samuel Wiafe,samuel wiafe,1295778,2026-07-02,2030-06-30,NEW,https://img.a.transfermarkt.technology/portrait/medium/1295778-1770621237.png?lm=1,https://www.transfermarkt.com/fc-genua/kader/verein/252/plus/1
2026-07-08T07:39:05,Genoa,Tommaso Baldanzi,tommaso baldanzi,641537,2026-01-23,2027-06-30,,https://img.a.transfermarkt.technology/portrait/medium/641537-1661764089.jpg?lm=1,https://www.transfermarkt.com/fc-genua/kader/verein/252/plus/1
2026-07-08T07:39:05,Genoa,Hugo Cuenca,hugo cuenca,906315,2025-02-03,2028-06-30,,https://img.a.transfermarkt.technology/portrait/medium/906315-1739282726.jpg?lm=1,https://www.transfermarkt.com/fc-genua/kader/verein/252/plus/1
2026-07-08T07:39:05,Genoa,Lorenzo Venturino,lorenzo venturino,1061820,2025-01-15,2029-06-30,,https://img.a.transfermarkt.technology/portrait/medium/1061820-1737358590.jpg?lm=1,https://www.transfermarkt.com/fc-genua/kader/verein/252/plus/1
2026-07-08T07:39:05,Genoa,Seydou Fini,seydou fini,866250,2028-06-30,2028-06-30,NEW,https://img.a.transfermarkt.technology/portrait/medium/866250-1750415371.jpg?lm=1,https://www.transfermarkt.com/fc-genua/kader/verein/252/plus/1
2026-07-08T07:39:05,Genoa,Junior Messias,junior messias,449151,2024-01-13,2027-06-30,,https://img.a.transfermarkt.technology/portrait/medium/449151-1663575000.jpg?lm=1,https://www.transfermarkt.com/fc-genua/kader/verein/252/plus/1
2026-07-08T07:39:05,Genoa,Lorenzo Colombo,lorenzo colombo,487843,2026-07-01,2029-06-30,NEW,https://img.a.transfermarkt.technology/portrait/medium/487843-1730186148.jpg?lm=1,https://www.transfermarkt.com/fc-genua/kader/verein/252/plus/1
2026-07-08T07:39:05,Genoa,Vitinha,vitinha,586853,2024-07-01,2028-06-30,,https://img.a.transfermarkt.technology/portrait/medium/586853-1730184491.jpg?lm=1,https://www.transfermarkt.com/fc-genua/kader/verein/252/plus/1
2026-07-08T07:39:05,Genoa,Alessandro Debenedetti,alessandro debenedetti,1044794,2029-06-30,2029-06-30,NEW,https://img.a.transfermarkt.technology/portrait/medium/1044794-1745853366.jpg?lm=1,https://www.transfermarkt.com/fc-genua/kader/verein/252/plus/1
2026-07-08T07:39:08,Hellas Verona,Lorenzo Montipò,lorenzo montipo,241923,2022-07-01,2028-06-30,,https://img.a.transfermarkt.technology/portrait/medium/241923-1724828092.jpg?lm=1,https://www.transfermarkt.com/hellas-verona/kader/verein/276/plus/1
2026-07-08T07:39:08,Hellas Verona,Federico Magro,federico magro,818898,2024-08-30,2024-08-30,,https://img.a.transfermarkt.technology/portrait/medium/818898-1715635789.jpg?lm=1,https://www.transfermarkt.com/hellas-verona/kader/verein/276/plus/1
2026-07-08T07:39:08,Hellas Verona,Giacomo Toniolo,giacomo toniolo,709986,2024-07-01,2024-07-01,,https://img.a.transfermarkt.technology/portrait/medium/709986-1755497123.jpg?lm=1,https://www.transfermarkt.com/hellas-verona/kader/verein/276/plus/1
2026-07-08T07:39:08,Hellas Verona,Arthur Borghi,arthur borghi,1355285,2026-01-03,2029-06-30,,https://img.a.transfermarkt.technology/portrait/medium/default.jpg?lm=1,https://www.transfermarkt.com/hellas-verona/kader/verein/276/plus/1
2026-07-08T07:39:08,Hellas Verona,Andrias Edmundsson,andrias edmundsson,495839,2026-02-02,2029-06-30,,https://img.a.transfermarkt.technology/portrait/medium/495839-1753817752.jpg?lm=1,https://www.transfermarkt.com/hellas-verona/kader/verein/276/plus/1
2026-07-08T07:39:08,Hellas Verona,Tobias Slotsager,tobias slotsager,851385,2025-02-03,2028-06-30,,https://img.a.transfermarkt.technology/portrait/medium/851385-1687342165.jpg?lm=1,https://www.transfermarkt.com/hellas-verona/kader/verein/276/plus/1
2026-07-08T07:39:08,Hellas Verona,Nicolò Calabrese,nicolo calabrese,815529,,,,https://img.a.transfermarkt.technology/portrait/medium/815529-1779522515.jpg?lm=1,https://www.transfermarkt.com/hellas-verona/kader/verein/276/plus/1
2026-07-08T07:39:08,Hellas Verona,Christian Corradi,christian corradi,936183,2024-07-01,2028-06-30,,https://img.a.transfermarkt.technology/portrait/medium/936183-1736760722.jpg?lm=1,https://www.transfermarkt.com/hellas-verona/kader/verein/276/plus/1
2026-07-08T07:39:08,Hellas Verona,Martin Frese,martin frese,488785,2024-07-10,2027-06-30,,https://img.a.transfermarkt.technology/portrait/medium/488785-1701443446.jpg?lm=1,https://www.transfermarkt.com/hellas-verona/kader/verein/276/plus/1
2026-07-08T07:39:08,Hellas Verona,Domagoj Bradarić,domagoj bradaric,357796,2025-08-03,2028-06-30,,https://img.a.transfermarkt.technology/portrait/medium/357796-1730186706.jpg?lm=1,https://www.transfermarkt.com/hellas-verona/kader/verein/276/plus/1
2026-07-08T07:39:08,Hellas Verona,Rafik Belghali,rafik belghali,864306,2025-08-19,2029-06-30,,https://img.a.transfermarkt.technology/portrait/medium/864306-1706263707.jpg?lm=1,https://www.transfermarkt.com/hellas-verona/kader/verein/276/plus/1
2026-07-08T07:39:08,Hellas Verona,Daniel Oyegoke,daniel oyegoke,586984,2025-01-28,2028-06-30,,https://img.a.transfermarkt.technology/portrait/medium/586984-1669114349.jpg?lm=1,https://www.transfermarkt.com/hellas-verona/kader/verein/276/plus/1
2026-07-08T07:39:08,Hellas Verona,Fallou Cham,fallou cham,1315458,2025-07-01,2025-07-01,,https://img.a.transfermarkt.technology/portrait/medium/1315458-1757603675.jpg?lm=1,https://www.transfermarkt.com/hellas-verona/kader/verein/276/plus/1
2026-07-08T07:39:08,Hellas Verona,Cheikh Niasse,cheikh niasse,644032,2025-07-01,2029-06-30,,https://img.a.transfermarkt.technology/portrait/medium/644032-1595970130.jpg?lm=1,https://www.transfermarkt.com/hellas-verona/kader/verein/276/plus/1
2026-07-08T07:39:08,Hellas Verona,Charlys,charlys,1082519,2024-07-18,2028-06-30,,https://img.a.transfermarkt.technology/portrait/medium/1082519-1681675943.jpg?lm=1,https://www.transfermarkt.com/hellas-verona/kader/verein/276/plus/1
2026-07-08T07:39:08,Hellas Verona,Leorat Bega,leorat bega,708436,2026-07-01,2029-06-30,NEW,https://img.a.transfermarkt.technology/portrait/medium/708436-1766434491.jpeg?lm=1,https://www.transfermarkt.com/hellas-verona/kader/verein/276/plus/1
2026-07-08T07:39:08,Hellas Verona,Antoine Bernede,antoine bernede,395512,2025-07-01,2028-06-30,,https://img.a.transfermarkt.technology/portrait/medium/395512-1739282210.jpg?lm=1,https://www.transfermarkt.com/hellas-verona/kader/verein/276/plus/1
2026-07-08T07:39:08,Hellas Verona,Suat Serdar,suat serdar,261905,2024-07-01,2028-06-30,,https://img.a.transfermarkt.technology/portrait/medium/261905-1744314720.jpg?lm=1,https://www.transfermarkt.com/hellas-verona/kader/verein/276/plus/1
2026-07-08T07:39:08,Hellas Verona,Abdou Harroui,abdou harroui,416386,2024-07-09,2028-06-30,,https://img.a.transfermarkt.technology/portrait/medium/416386-1730186775.jpg?lm=1,https://www.transfermarkt.com/hellas-verona/kader/verein/276/plus/1
2026-07-08T07:39:08,Hellas Verona,Grigoris Kastanos,grigoris kastanos,298635,2025-07-01,2027-06-30,,https://img.a.transfermarkt.technology/portrait/medium/298635-1725530400.jpg?lm=1,https://www.transfermarkt.com/hellas-verona/kader/verein/276/plus/1
2026-07-08T07:39:08,Hellas Verona,Yellu Santiago,yellu santiago,941869,2025-07-24,2028-06-30,,https://img.a.transfermarkt.technology/portrait/medium/941869-1751617638.jpg?lm=1,https://www.transfermarkt.com/hellas-verona/kader/verein/276/plus/1
2026-07-08T07:39:08,Hellas Verona,Tomas Suslov,tomas suslov,540333,2024-01-31,2028-06-30,,https://img.a.transfermarkt.technology/portrait/medium/540333-1695032418.jpg?lm=1,https://www.transfermarkt.com/hellas-verona/kader/verein/276/plus/1
2026-07-08T07:39:08,Hellas Verona,Alessandro Pavanati,alessandro pavanati,936027,,,,https://img.a.transfermarkt.technology/portrait/medium/default.jpg?lm=1,https://www.transfermarkt.com/hellas-verona/kader/verein/276/plus/1
2026-07-08T07:39:08,Hellas Verona,Denis Cazzadori,denis cazzadori,815543,,,,https://img.a.transfermarkt.technology/portrait/medium/default.jpg?lm=1,https://www.transfermarkt.com/hellas-verona/kader/verein/276/plus/1
2026-07-08T07:39:08,Hellas Verona,Kieron Bowie,kieron bowie,647280,2026-01-30,2030-06-30,,https://img.a.transfermarkt.technology/portrait/medium/647280-1755308021.jpg?lm=1,https://www.transfermarkt.com/hellas-verona/kader/verein/276/plus/1
2026-07-08T07:39:08,Hellas Verona,Amin Sarr,amin sarr,748382,2025-07-01,2029-06-30,,https://img.a.transfermarkt.technology/portrait/medium/748382-1695624167.jpg?lm=1,https://www.transfermarkt.com/hellas-verona/kader/verein/276/plus/1
2026-07-08T07:39:08,Hellas Verona,Daniel Mosquera,daniel mosquera,651569,2024-07-04,2028-06-30,,https://img.a.transfermarkt.technology/portrait/medium/651569-1722324016.jpg?lm=1,https://www.transfermarkt.com/hellas-verona/kader/verein/276/plus/1
2026-07-08T07:39:08,Hellas Verona,Dailon Livramento,dailon livramento,676411,2024-07-24,2028-06-30,,https://img.a.transfermarkt.technology/portrait/medium/676411-1780406426.jpg?lm=1,https://www.transfermarkt.com/hellas-verona/kader/verein/276/plus/1
2026-07-08T07:39:08,Hellas Verona,Isaac,isaac,1083069,2026-01-09,2029-06-30,,https://img.a.transfermarkt.technology/portrait/medium/1083069-1777961186.jpg?lm=1,https://www.transfermarkt.com/hellas-verona/kader/verein/276/plus/1
2026-07-08T07:39:08,Hellas Verona,Junior Ajayi,junior ajayi,1111820,2024-07-01,2024-07-01,,https://img.a.transfermarkt.technology/portrait/medium/1111820-1739287294.jpg?lm=1,https://www.transfermarkt.com/hellas-verona/kader/verein/276/plus/1
2026-07-08T07:39:08,Hellas Verona,Juan Manuel Cruz,juan manuel cruz,748316,2023-09-12,2027-06-30,,https://img.a.transfermarkt.technology/portrait/medium/748316-1695711115.jpg?lm=1,https://www.transfermarkt.com/hellas-verona/kader/verein/276/plus/1
2026-07-08T07:39:14,Inter,Josep Martínez,josep martinez,388516,2024-07-09,2029-06-30,,https://img.a.transfermarkt.technology/portrait/medium/388516-1686153132.jpg?lm=1,https://www.transfermarkt.com/inter-mailand/kader/verein/46/plus/1
2026-07-08T07:39:14,Inter,Raffaele Di Gennaro,raffaele di gennaro,70580,2023-07-13,2023-07-13,,https://img.a.transfermarkt.technology/portrait/medium/70580-1692961707.jpg?lm=1,https://www.transfermarkt.com/inter-mailand/kader/verein/46/plus/1
2026-07-08T07:39:14,Inter,Alessandro Bastoni,alessandro bastoni,315853,2017-08-31,2028-06-30,,https://img.a.transfermarkt.technology/portrait/medium/315853-1742497518.jpg?lm=1,https://www.transfermarkt.com/inter-mailand/kader/verein/46/plus/1
2026-07-08T07:39:14,Inter,Yann Bisseck,yann bisseck,441986,2023-07-12,2029-06-30,,https://img.a.transfermarkt.technology/portrait/medium/441986-1742497863.jpg?lm=1,https://www.transfermarkt.com/inter-mailand/kader/verein/46/plus/1
2026-07-08T07:39:14,Inter,Manuel Akanji,manuel akanji,284730,2026-07-01,2028-06-30,NEW,https://img.a.transfermarkt.technology/portrait/medium/284730-1684165752.jpg?lm=1,https://www.transfermarkt.com/inter-mailand/kader/verein/46/plus/1
2026-07-08T07:39:14,Inter,Benjamin Pavard,benjamin pavard,353366,2023-08-30,2028-06-30,,https://img.a.transfermarkt.technology/portrait/medium/353366-1713819215.jpg?lm=1,https://www.transfermarkt.com/inter-mailand/kader/verein/46/plus/1
2026-07-08T07:39:14,Inter,Federico Dimarco,federico dimarco,198116,2018-07-05,2027-06-30,,https://img.a.transfermarkt.technology/portrait/medium/198116-1725531769.jpg?lm=1,https://www.transfermarkt.com/inter-mailand/kader/verein/46/plus/1
2026-07-08T07:39:14,Inter,Carlos Augusto,carlos augusto,585982,2024-07-01,2028-06-30,,https://img.a.transfermarkt.technology/portrait/medium/585982-1735891597.jpg?lm=1,https://www.transfermarkt.com/inter-mailand/kader/verein/46/plus/1
2026-07-08T07:39:14,Inter,Aleksandar Stanković,aleksandar stankovic,780136,2026-06-29,2031-06-30,NEW,https://img.a.transfermarkt.technology/portrait/medium/780136-1770972635.jpg?lm=1,https://www.transfermarkt.com/inter-mailand/kader/verein/46/plus/1
2026-07-08T07:39:14,Inter,Hakan Çalhanoğlu,hakan calhanoglu,126414,2021-07-01,2027-06-30,,https://img.a.transfermarkt.technology/portrait/medium/126414-1709035146.jpg?lm=1,https://www.transfermarkt.com/inter-mailand/kader/verein/46/plus/1
2026-07-08T07:39:14,Inter,Kristjan Asllani,kristjan asllani,543771,2023-07-01,2028-06-30,,https://img.a.transfermarkt.technology/portrait/medium/543771-1716969431.jpg?lm=1,https://www.transfermarkt.com/inter-mailand/kader/verein/46/plus/1
2026-07-08T07:39:14,Inter,Nicolò Barella,nicolo barella,255942,2020-09-01,2029-06-30,,https://img.a.transfermarkt.technology/portrait/medium/255942-1725531625.jpg?lm=1,https://www.transfermarkt.com/inter-mailand/kader/verein/46/plus/1
2026-07-08T07:39:14,Inter,Petar Sučić,petar sucic,668207,2025-06-01,2030-06-30,,https://img.a.transfermarkt.technology/portrait/medium/668207-1757603291.jpg?lm=1,https://www.transfermarkt.com/inter-mailand/kader/verein/46/plus/1
2026-07-08T07:39:14,Inter,Davide Frattesi,davide frattesi,394300,2024-07-01,2028-06-30,,https://img.a.transfermarkt.technology/portrait/medium/394300-1730126974.jpg?lm=1,https://www.transfermarkt.com/inter-mailand/kader/verein/46/plus/1
2026-07-08T07:39:14,Inter,Andy Diouf,andy diouf,711976,2025-08-22,2030-06-30,,https://img.a.transfermarkt.technology/portrait/medium/711976-1756099849.jpg?lm=1,https://www.transfermarkt.com/inter-mailand/kader/verein/46/plus/1
2026-07-08T07:39:14,Inter,Piotr Zielinski,piotr zielinski,181136,2024-07-01,2028-06-30,,https://img.a.transfermarkt.technology/portrait/medium/181136-1692962961.jpg?lm=1,https://www.transfermarkt.com/inter-mailand/kader/verein/46/plus/1
2026-07-08T07:39:14,Inter,Ebenezer Akinsanmiro,ebenezer akinsanmiro,969192,2024-07-01,2029-06-30,,https://img.a.transfermarkt.technology/portrait/medium/969192-1692945465.jpg?lm=1,https://www.transfermarkt.com/inter-mailand/kader/verein/46/plus/1
2026-07-08T07:39:14,Inter,Henrikh Mkhitaryan,henrikh mkhitaryan,55735,2022-07-01,2027-06-30,,https://img.a.transfermarkt.technology/portrait/medium/55735-1664973670.jpg?lm=1,https://www.transfermarkt.com/inter-mailand/kader/verein/46/plus/1
2026-07-08T07:39:14,Inter,Luis Henrique,luis henrique,691316,2025-06-07,2030-06-30,,https://img.a.transfermarkt.technology/portrait/medium/691316-1743759325.jpg?lm=1,https://www.transfermarkt.com/inter-mailand/kader/verein/46/plus/1
2026-07-08T07:39:14,Inter,Yanis Massolin,yanis massolin,915849,2026-02-02,2030-06-30,,https://img.a.transfermarkt.technology/portrait/medium/915849-1758100470.png?lm=1,https://www.transfermarkt.com/inter-mailand/kader/verein/46/plus/1
2026-07-08T07:39:14,Inter,Lautaro Martínez,lautaro martinez,406625,2018-07-04,2029-06-30,,https://img.a.transfermarkt.technology/portrait/medium/406625-1695024988.jpg?lm=1,https://www.transfermarkt.com/inter-mailand/kader/verein/46/plus/1
2026-07-08T07:39:14,Inter,Marcus Thuram,marcus thuram,318528,2023-07-01,2028-06-30,,https://img.a.transfermarkt.technology/portrait/medium/318528-1746041509.jpg?lm=1,https://www.transfermarkt.com/inter-mailand/kader/verein/46/plus/1
2026-07-08T07:39:14,Inter,Pio Esposito,pio esposito,930781,2023-07-01,2030-06-30,,https://img.a.transfermarkt.technology/portrait/medium/930781-1757605256.jpg?lm=1,https://www.transfermarkt.com/inter-mailand/kader/verein/46/plus/1
2026-07-08T07:39:14,Inter,Ange-Yoan Bonny,ange-yoan bonny,827734,2025-07-05,2030-06-30,,https://img.a.transfermarkt.technology/portrait/medium/827734-1751380953.jpg?lm=1,https://www.transfermarkt.com/inter-mailand/kader/verein/46/plus/1
2026-07-08T07:39:20,Juventus,Michele Di Gregorio,michele di gregorio,301238,2025-07-01,2029-06-30,,https://img.a.transfermarkt.technology/portrait/medium/301238-1730125609.jpg?lm=1,https://www.transfermarkt.com/juventus-turin/kader/verein/506/plus/1
2026-07-08T07:39:20,Juventus,Mattia Perin,mattia perin,110923,2018-07-01,2027-06-30,,https://img.a.transfermarkt.technology/portrait/medium/110923-1695107834.jpg?lm=1,https://www.transfermarkt.com/juventus-turin/kader/verein/506/plus/1
2026-07-08T07:39:20,Juventus,Carlo Pinsoglio,carlo pinsoglio,75411,2014-07-01,2027-06-30,,https://img.a.transfermarkt.technology/portrait/medium/75411-1663577377.jpg?lm=1,https://www.transfermarkt.com/juventus-turin/kader/verein/506/plus/1
2026-07-08T07:39:20,Juventus,Bremer,bremer,516716,2022-07-20,2029-06-30,,https://img.a.transfermarkt.technology/portrait/medium/516716-1725531520.jpg?lm=1,https://www.transfermarkt.com/juventus-turin/kader/verein/506/plus/1
2026-07-08T07:39:20,Juventus,Pierre Kalulu,pierre kalulu,585949,2025-07-01,2029-06-30,,https://img.a.transfermarkt.technology/portrait/medium/585949-1684854558.jpg?lm=1,https://www.transfermarkt.com/juventus-turin/kader/verein/506/plus/1
2026-07-08T07:39:20,Juventus,Lloyd Kelly,lloyd kelly,480116,2025-07-01,2029-06-30,,https://img.a.transfermarkt.technology/portrait/medium/480116-1739281396.jpg?lm=1,https://www.transfermarkt.com/juventus-turin/kader/verein/506/plus/1
2026-07-08T07:39:20,Juventus,Federico Gatti,federico gatti,509022,2022-01-31,2030-06-30,,https://img.a.transfermarkt.technology/portrait/medium/509022-1725531068.jpg?lm=1,https://www.transfermarkt.com/juventus-turin/kader/verein/506/plus/1
2026-07-08T07:39:20,Juventus,Daniele Rugani,daniele rugani,162959,2013-07-31,2028-06-30,,https://img.a.transfermarkt.technology/portrait/medium/162959-1753427431.jpg?lm=1,https://www.transfermarkt.com/juventus-turin/kader/verein/506/plus/1
2026-07-08T07:39:20,Juventus,Andrea Cambiaso,andrea cambiaso,459658,2022-07-14,2029-06-30,,https://img.a.transfermarkt.technology/portrait/medium/459658-1662127057.jpg?lm=1,https://www.transfermarkt.com/juventus-turin/kader/verein/506/plus/1
2026-07-08T07:39:20,Juventus,Juan Cabal,juan cabal,686965,2024-07-18,2029-06-30,,https://img.a.transfermarkt.technology/portrait/medium/686965-1692964112.jpg?lm=1,https://www.transfermarkt.com/juventus-turin/kader/verein/506/plus/1
2026-07-08T07:39:20,Juventus,Jonas Rouhi,jonas rouhi,741090,2024-08-09,2028-06-30,,https://img.a.transfermarkt.technology/portrait/medium/741090-1757604908.jpg?lm=1,https://www.transfermarkt.com/juventus-turin/kader/verein/506/plus/1
2026-07-08T07:39:20,Juventus,João Mário,joao mario,537602,2025-07-24,2030-06-30,,https://img.a.transfermarkt.technology/portrait/medium/537602-1753421209.jpg?lm=1,https://www.transfermarkt.com/juventus-turin/kader/verein/506/plus/1
2026-07-08T07:39:20,Juventus,Manuel Locatelli,manuel locatelli,265088,2023-07-01,2030-06-30,,https://img.a.transfermarkt.technology/portrait/medium/265088-1730125083.jpg?lm=1,https://www.transfermarkt.com/juventus-turin/kader/verein/506/plus/1
2026-07-08T07:39:20,Juventus,Teun Koopmeiners,teun koopmeiners,360518,2024-08-28,2029-06-30,,https://img.a.transfermarkt.technology/portrait/medium/360518-1707302998.jpg?lm=1,https://www.transfermarkt.com/juventus-turin/kader/verein/506/plus/1
2026-07-08T07:39:20,Juventus,Khéphren Thuram,khephren thuram,463618,2024-07-10,2029-06-30,,https://img.a.transfermarkt.technology/portrait/medium/463618-1683889273.jpg?lm=1,https://www.transfermarkt.com/juventus-turin/kader/verein/506/plus/1
2026-07-08T07:39:20,Juventus,Weston McKennie,weston mckennie,332697,2021-07-01,2030-06-30,,https://img.a.transfermarkt.technology/portrait/medium/332697-1754245044.jpg?lm=1,https://www.transfermarkt.com/juventus-turin/kader/verein/506/plus/1
2026-07-08T07:39:20,Juventus,Douglas Luiz,douglas luiz,447661,2024-07-01,2029-06-30,,https://img.a.transfermarkt.technology/portrait/medium/447661-1696598670.jpg?lm=1,https://www.transfermarkt.com/juventus-turin/kader/verein/506/plus/1
2026-07-08T07:39:20,Juventus,Fabio Miretti,fabio miretti,571607,2022-07-01,2028-06-30,,https://img.a.transfermarkt.technology/portrait/medium/571607-1652773586.jpg?lm=1,https://www.transfermarkt.com/juventus-turin/kader/verein/506/plus/1
2026-07-08T07:39:20,Juventus,Arthur Melo,arthur melo,362842,2020-09-01,2027-06-30,,https://img.a.transfermarkt.technology/portrait/medium/362842-1692880101.jpg?lm=1,https://www.transfermarkt.com/juventus-turin/kader/verein/506/plus/1
2026-07-08T07:39:20,Juventus,Vasilije Adžić,vasilije adzic,944570,2024-07-01,2029-06-30,,https://img.a.transfermarkt.technology/portrait/medium/944570-1730123395.jpg?lm=1,https://www.transfermarkt.com/juventus-turin/kader/verein/506/plus/1
2026-07-08T07:39:20,Juventus,Kenan Yıldız,kenan yildiz,845654,2023-11-07,2030-06-30,,https://img.a.transfermarkt.technology/portrait/medium/845654-1759822280.jpg?lm=1,https://www.transfermarkt.com/juventus-turin/kader/verein/506/plus/1
2026-07-08T07:39:20,Juventus,Nico González,nico gonzalez,486031,2025-07-01,2029-06-30,,https://img.a.transfermarkt.technology/portrait/medium/486031-1673442459.jpg?lm=1,https://www.transfermarkt.com/juventus-turin/kader/verein/506/plus/1
2026-07-08T07:39:20,Juventus,Jérémie Boga,jeremie boga,216569,2026-07-01,2029-06-30,NEW,https://img.a.transfermarkt.technology/portrait/medium/216569-1756824408.jpg?lm=1,https://www.transfermarkt.com/juventus-turin/kader/verein/506/plus/1
2026-07-08T07:39:20,Juventus,Francisco Conceição,francisco conceicao,487474,2025-07-22,2030-06-30,,https://img.a.transfermarkt.technology/portrait/medium/487474-1749069081.jpg?lm=1,https://www.transfermarkt.com/juventus-turin/kader/verein/506/plus/1
2026-07-08T07:39:20,Juventus,Edon Zhegrova,edon zhegrova,496857,2025-09-01,2030-06-30,,https://img.a.transfermarkt.technology/portrait/medium/496857-1767803628.jpg?lm=1,https://www.transfermarkt.com/juventus-turin/kader/verein/506/plus/1
2026-07-08T07:39:20,Juventus,Jonathan David,jonathan david,533738,2025-07-04,2030-06-30,,https://img.a.transfermarkt.technology/portrait/medium/533738-1760114012.jpg?lm=1,https://www.transfermarkt.com/juventus-turin/kader/verein/506/plus/1
2026-07-08T07:39:20,Juventus,Loïs Openda,lois openda,368887,2026-07-01,2030-06-30,NEW,https://img.a.transfermarkt.technology/portrait/medium/368887-1713944805.jpg?lm=1,https://www.transfermarkt.com/juventus-turin/kader/verein/506/plus/1
2026-07-08T07:39:20,Juventus,Jeff Ekhator,jeff ekhator,934878,2026-07-01,2031-06-30,NEW,https://img.a.transfermarkt.technology/portrait/medium/934878-1757663221.jpg?lm=1,https://www.transfermarkt.com/juventus-turin/kader/verein/506/plus/1
2026-07-08T07:39:20,Juventus,Arkadiusz Milik,arkadiusz milik,191891,2023-07-01,2027-06-30,,https://img.a.transfermarkt.technology/portrait/medium/191891-1661518258.jpg?lm=1,https://www.transfermarkt.com/juventus-turin/kader/verein/506/plus/1
2026-07-08T07:39:22,Lazio,Christos Mandas,christos mandas,481675,2023-09-01,2029-06-30,,https://img.a.transfermarkt.technology/portrait/medium/481675-1724268727.jpg?lm=1,https://www.transfermarkt.com/lazio-rom/kader/verein/398/plus/1
2026-07-08T07:39:22,Lazio,Edoardo Motta,edoardo motta,916430,2026-01-27,2030-06-30,,https://img.a.transfermarkt.technology/portrait/medium/916430-1745844405.jpg?lm=1,https://www.transfermarkt.com/lazio-rom/kader/verein/398/plus/1
2026-07-08T07:39:22,Lazio,Ivan Provedel,ivan provedel,197929,2022-08-08,2027-06-30,,https://img.a.transfermarkt.technology/portrait/medium/197929-1695160944.jpg?lm=1,https://www.transfermarkt.com/lazio-rom/kader/verein/398/plus/1
2026-07-08T07:39:22,Lazio,Alessio Furlanetto,alessio furlanetto,538079,2022-07-01,2028-06-30,,https://img.a.transfermarkt.technology/portrait/medium/538079-1757604115.jpg?lm=1,https://www.transfermarkt.com/lazio-rom/kader/verein/398/plus/1
2026-07-08T07:39:22,Lazio,Davide Renzetti,davide renzetti,918957,2024-07-01,2027-06-30,,https://img.a.transfermarkt.technology/portrait/medium/918957-1726131865.jpg?lm=1,https://www.transfermarkt.com/lazio-rom/kader/verein/398/plus/1
2026-07-08T07:39:22,Lazio,Mario Gila,mario gila,618341,2022-07-12,2027-06-30,,https://img.a.transfermarkt.technology/portrait/medium/618341-1730127774.jpg?lm=1,https://www.transfermarkt.com/lazio-rom/kader/verein/398/plus/1
2026-07-08T07:39:22,Lazio,Oliver Provstgaard,oliver provstgaard,644408,2025-02-03,2029-06-30,,https://img.a.transfermarkt.technology/portrait/medium/644408-1739282123.jpg?lm=1,https://www.transfermarkt.com/lazio-rom/kader/verein/398/plus/1
2026-07-08T07:39:22,Lazio,Alessio Romagnoli,alessio romagnoli,197747,2022-07-12,2027-06-30,,https://img.a.transfermarkt.technology/portrait/medium/197747-1730125586.jpg?lm=1,https://www.transfermarkt.com/lazio-rom/kader/verein/398/plus/1
2026-07-08T07:39:22,Lazio,Patric,patric,126729,2015-07-01,2027-06-30,,https://img.a.transfermarkt.technology/portrait/medium/126729-1695026786.jpg?lm=1,https://www.transfermarkt.com/lazio-rom/kader/verein/398/plus/1
2026-07-08T07:39:22,Lazio,Samuel Gigot,samuel gigot,276896,2025-07-01,2027-06-30,,https://img.a.transfermarkt.technology/portrait/medium/276896-1703066101.jpg?lm=1,https://www.transfermarkt.com/lazio-rom/kader/verein/398/plus/1
2026-07-08T07:39:22,Lazio,Filipe Bordon,filipe bordon,1110645,2024-07-01,2028-06-30,,https://img.a.transfermarkt.technology/portrait/medium/1110645-1715640507.jpg?lm=1,https://www.transfermarkt.com/lazio-rom/kader/verein/398/plus/1
2026-07-08T07:39:22,Lazio,Nuno Tavares,nuno tavares,535955,2025-07-01,2029-06-30,,https://img.a.transfermarkt.technology/portrait/medium/535955-1730127360.jpg?lm=1,https://www.transfermarkt.com/lazio-rom/kader/verein/398/plus/1
2026-07-08T07:39:22,Lazio,Luca Pellegrini,luca pellegrini,346567,2025-07-01,2027-06-30,,https://img.a.transfermarkt.technology/portrait/medium/346567-1663065246.jpg?lm=1,https://www.transfermarkt.com/lazio-rom/kader/verein/398/plus/1
2026-07-08T07:39:22,Lazio,Alfonso Pedraza,alfonso pedraza,356197,2026-07-03,2029-06-30,NEW,https://img.a.transfermarkt.technology/portrait/medium/356197-1620304916.jpg?lm=1,https://www.transfermarkt.com/lazio-rom/kader/verein/398/plus/1
2026-07-08T07:39:22,Lazio,Alessandro Milani,alessandro milani,883058,2027-06-30,2027-06-30,NEW,https://img.a.transfermarkt.technology/portrait/medium/883058-1767615908.jpg?lm=1,https://www.transfermarkt.com/lazio-rom/kader/verein/398/plus/1
2026-07-08T07:39:22,Lazio,Mohamed Fares,mohamed fares,287700,2020-10-01,2027-06-30,,https://img.a.transfermarkt.technology/portrait/medium/287700-1730217489.jpg?lm=1,https://www.transfermarkt.com/lazio-rom/kader/verein/398/plus/1
2026-07-08T07:39:22,Lazio,Romano Floriani Mussolini,romano floriani mussolini,708086,2028-06-30,2028-06-30,NEW,https://img.a.transfermarkt.technology/portrait/medium/708086-1752505857.jpg?lm=1,https://www.transfermarkt.com/lazio-rom/kader/verein/398/plus/1
2026-07-08T07:39:22,Lazio,Adam Marusic,adam marusic,239802,2017-07-01,2028-06-30,,https://img.a.transfermarkt.technology/portrait/medium/239802-1692962856.jpg?lm=1,https://www.transfermarkt.com/lazio-rom/kader/verein/398/plus/1
2026-07-08T07:39:22,Lazio,Manuel Lazzari,manuel lazzari,331401,2019-07-12,2027-06-30,,https://img.a.transfermarkt.technology/portrait/medium/331401-1707947147.jpg?lm=1,https://www.transfermarkt.com/lazio-rom/kader/verein/398/plus/1
2026-07-08T07:39:22,Lazio,Nicolò Rovella,nicolo rovella,525704,2025-07-01,2028-06-30,,https://img.a.transfermarkt.technology/portrait/medium/525704-1730127184.jpg?lm=1,https://www.transfermarkt.com/lazio-rom/kader/verein/398/plus/1
2026-07-08T07:39:22,Lazio,Reda Belahyane,reda belahyane,982855,2025-02-03,2029-06-30,,https://img.a.transfermarkt.technology/portrait/medium/982855-1757602905.jpg?lm=1,https://www.transfermarkt.com/lazio-rom/kader/verein/398/plus/1
2026-07-08T07:39:22,Lazio,Danilo Cataldi,danilo cataldi,199733,2013-07-01,2027-06-30,,https://img.a.transfermarkt.technology/portrait/medium/199733-1661513736.jpg?lm=1,https://www.transfermarkt.com/lazio-rom/kader/verein/398/plus/1
2026-07-08T07:39:22,Lazio,Kenneth Taylor,kenneth taylor,470394,2026-01-09,2030-06-30,,https://img.a.transfermarkt.technology/portrait/medium/470394-1745076706.jpg?lm=1,https://www.transfermarkt.com/lazio-rom/kader/verein/398/plus/1
2026-07-08T07:39:22,Lazio,Fisayo Dele-Bashiru,fisayo dele-bashiru,530742,2025-07-01,2028-06-30,,https://img.a.transfermarkt.technology/portrait/medium/530742-1683029896.jpg?lm=1,https://www.transfermarkt.com/lazio-rom/kader/verein/398/plus/1
2026-07-08T07:39:22,Lazio,Adrian Przyborek,adrian przyborek,1018395,2026-01-31,2030-06-30,,https://img.a.transfermarkt.technology/portrait/medium/1018395-1777961309.jpg?lm=1,https://www.transfermarkt.com/lazio-rom/kader/verein/398/plus/1
2026-07-08T07:39:22,Lazio,Mattia Zaccagni,mattia zaccagni,283735,2022-07-01,2029-06-30,,https://img.a.transfermarkt.technology/portrait/medium/283735-1695026445.jpg?lm=1,https://www.transfermarkt.com/lazio-rom/kader/verein/398/plus/1
2026-07-08T07:39:22,Lazio,Gustav Isaksen,gustav isaksen,462823,2023-08-08,2028-06-30,,https://img.a.transfermarkt.technology/portrait/medium/462823-1695026324.jpg?lm=1,https://www.transfermarkt.com/lazio-rom/kader/verein/398/plus/1
2026-07-08T07:39:22,Lazio,Tijjani Noslin,tijjani noslin,457736,2024-07-01,2029-06-30,,https://img.a.transfermarkt.technology/portrait/medium/457736-1730184958.jpg?lm=1,https://www.transfermarkt.com/lazio-rom/kader/verein/398/plus/1
2026-07-08T07:39:22,Lazio,Matteo Cancellieri,matteo cancellieri,550106,2023-07-01,2027-06-30,,https://img.a.transfermarkt.technology/portrait/medium/550106-1687191024.jpg?lm=1,https://www.transfermarkt.com/lazio-rom/kader/verein/398/plus/1
2026-07-08T07:39:22,Lazio,Petar Ratkov,petar ratkov,846254,2026-01-08,2030-06-30,,https://img.a.transfermarkt.technology/portrait/medium/846254-1770273673.jpg?lm=1,https://www.transfermarkt.com/lazio-rom/kader/verein/398/plus/1
2026-07-08T07:39:22,Lazio,Boulaye Dia,boulaye dia,626913,2026-07-01,2028-06-30,NEW,https://img.a.transfermarkt.technology/portrait/medium/626913-1730127040.jpg?lm=1,https://www.transfermarkt.com/lazio-rom/kader/verein/398/plus/1
2026-07-08T07:39:22,Lazio,Gabriele Artistico,gabriele artistico,604239,2024-07-09,2028-06-30,,https://img.a.transfermarkt.technology/portrait/medium/604239-1663875375.jpg?lm=1,https://www.transfermarkt.com/lazio-rom/kader/verein/398/plus/1
2026-07-08T07:39:34,Lecce,Wladimiro Falcone,wladimiro falcone,238537,2023-07-27,2028-06-30,,https://img.a.transfermarkt.technology/portrait/medium/238537-1693308504.jpg?lm=1,https://www.transfermarkt.com/us-lecce/kader/verein/1005/plus/1
2026-07-08T07:39:34,Lecce,Christian Früchtl,christian fruchtl,336307,2024-07-01,2027-06-30,,https://img.a.transfermarkt.technology/portrait/medium/336307-1695655759.jpg?lm=1,https://www.transfermarkt.com/us-lecce/kader/verein/1005/plus/1
2026-07-08T07:39:34,Lecce,Alexandru Borbei,alexandru borbei,667640,2022-07-01,2028-06-30,,https://img.a.transfermarkt.technology/portrait/medium/667640-1746513794.png?lm=1,https://www.transfermarkt.com/us-lecce/kader/verein/1005/plus/1
2026-07-08T07:39:34,Lecce,Jasper Samooja,jasper samooja,712911,2022-07-01,2028-06-30,,https://img.a.transfermarkt.technology/portrait/medium/712911-1730122886.jpg?lm=1,https://www.transfermarkt.com/us-lecce/kader/verein/1005/plus/1
2026-07-08T07:39:34,Lecce,Tiago Gabriel,tiago gabriel,1112449,2025-01-28,2027-06-30,,https://img.a.transfermarkt.technology/portrait/medium/1112449-1737958874.jpg?lm=1,https://www.transfermarkt.com/us-lecce/kader/verein/1005/plus/1
2026-07-08T07:39:34,Lecce,Jamil Siebert,jamil siebert,604113,2025-08-22,2028-06-30,,https://img.a.transfermarkt.technology/portrait/medium/604113-1753692148.jpg?lm=1,https://www.transfermarkt.com/us-lecce/kader/verein/1005/plus/1
2026-07-08T07:39:34,Lecce,Gaspar,gaspar,836441,2024-07-01,2027-06-30,,https://img.a.transfermarkt.technology/portrait/medium/836441-1730185525.jpg?lm=1,https://www.transfermarkt.com/us-lecce/kader/verein/1005/plus/1
2026-07-08T07:39:34,Lecce,Gaby Jean,gaby jean,805886,2024-08-26,2027-06-30,,https://img.a.transfermarkt.technology/portrait/medium/805886-1692033275.png?lm=1,https://www.transfermarkt.com/us-lecce/kader/verein/1005/plus/1
2026-07-08T07:39:34,Lecce,Sebastian Esposito,sebastian esposito,1118086,2024-07-01,2024-07-01,,https://img.a.transfermarkt.technology/portrait/medium/1118086-1708933470.jpg?lm=1,https://www.transfermarkt.com/us-lecce/kader/verein/1005/plus/1
2026-07-08T07:39:34,Lecce,Matías Pérez,matias perez,1175410,2025-07-19,2028-06-30,,https://img.a.transfermarkt.technology/portrait/medium/1175410-1757603578.jpg?lm=1,https://www.transfermarkt.com/us-lecce/kader/verein/1005/plus/1
2026-07-08T07:39:34,Lecce,Antonino Gallo,antonino gallo,392516,2019-07-25,2027-06-30,,https://img.a.transfermarkt.technology/portrait/medium/392516-1663745734.jpg?lm=1,https://www.transfermarkt.com/us-lecce/kader/verein/1005/plus/1
2026-07-08T07:39:34,Lecce,Corrie Ndaba,corrie ndaba,433329,2025-07-28,2028-06-30,,https://img.a.transfermarkt.technology/portrait/medium/433329-1753768662.jpg?lm=1,https://www.transfermarkt.com/us-lecce/kader/verein/1005/plus/1
2026-07-08T07:39:34,Lecce,Vernon Addo,vernon addo,1017950,2024-07-01,2028-06-30,,https://img.a.transfermarkt.technology/portrait/medium/1017950-1669889030.png?lm=1,https://www.transfermarkt.com/us-lecce/kader/verein/1005/plus/1
2026-07-08T07:39:34,Lecce,Danilo Veiga,danilo veiga,728485,2025-01-28,2027-06-30,,https://img.a.transfermarkt.technology/portrait/medium/728485-1739282699.jpg?lm=1,https://www.transfermarkt.com/us-lecce/kader/verein/1005/plus/1
2026-07-08T07:39:34,Lecce,Christ-Owen Kouassi,christ-owen kouassi,1057563,2025-07-01,2029-06-30,,https://img.a.transfermarkt.technology/portrait/medium/1057563-1751354881.jpg?lm=1,https://www.transfermarkt.com/us-lecce/kader/verein/1005/plus/1
2026-07-08T07:39:34,Lecce,Marlon Ubani,marlon ubani,745595,2029-06-30,2029-06-30,NEW,https://img.a.transfermarkt.technology/portrait/medium/745595-1713462623.jpg?lm=1,https://www.transfermarkt.com/us-lecce/kader/verein/1005/plus/1
2026-07-08T07:39:34,Lecce,Oumar Ngom,oumar ngom,980575,2026-01-13,2029-06-30,,https://img.a.transfermarkt.technology/portrait/medium/980575-1768202944.jpg?lm=1,https://www.transfermarkt.com/us-lecce/kader/verein/1005/plus/1
2026-07-08T07:39:34,Lecce,Sadik Fofana,sadik fofana,644613,2026-01-15,2029-06-30,,https://img.a.transfermarkt.technology/portrait/medium/644613-1659622952.jpg?lm=1,https://www.transfermarkt.com/us-lecce/kader/verein/1005/plus/1
2026-07-08T07:39:34,Lecce,Niko Kovač,niko kovac,866607,2026-07-01,2029-06-30,NEW,https://img.a.transfermarkt.technology/portrait/medium/866607-1770294951.jpg?lm=1,https://www.transfermarkt.com/us-lecce/kader/verein/1005/plus/1
2026-07-08T07:39:34,Lecce,Olaf Gorter,olaf gorter,748679,2026-07-01,2029-06-30,NEW,https://img.a.transfermarkt.technology/portrait/medium/748679-1751972792.jpg?lm=1,https://www.transfermarkt.com/us-lecce/kader/verein/1005/plus/1
2026-07-08T07:39:34,Lecce,Medon Berisha,medon berisha,583046,2022-07-01,2028-06-30,,https://img.a.transfermarkt.technology/portrait/medium/583046-1662114572.jpg?lm=1,https://www.transfermarkt.com/us-lecce/kader/verein/1005/plus/1
2026-07-08T07:39:34,Lecce,Mohamed Kaba,mohamed kaba,911328,2023-08-14,2027-06-30,,https://img.a.transfermarkt.technology/portrait/medium/911328-1695033138.jpg?lm=1,https://www.transfermarkt.com/us-lecce/kader/verein/1005/plus/1
2026-07-08T07:39:34,Lecce,Lassana Coulibaly,lassana coulibaly,386552,2024-08-14,2027-06-30,,https://img.a.transfermarkt.technology/portrait/medium/386552-1725529617.jpg?lm=1,https://www.transfermarkt.com/us-lecce/kader/verein/1005/plus/1
2026-07-08T07:39:34,Lecce,Youssef Maleh,youssef maleh,324377,2023-07-01,2027-06-30,,https://img.a.transfermarkt.technology/portrait/medium/324377-1753434607.jpg?lm=1,https://www.transfermarkt.com/us-lecce/kader/verein/1005/plus/1
2026-07-08T07:39:34,Lecce,Álex Sala,alex sala,582664,2025-08-23,2028-06-30,,https://img.a.transfermarkt.technology/portrait/medium/582664-1734477018.jpg?lm=1,https://www.transfermarkt.com/us-lecce/kader/verein/1005/plus/1
2026-07-08T07:39:34,Lecce,Ed McJannet,ed mcjannet,802243,2024-07-01,2027-06-30,,https://img.a.transfermarkt.technology/portrait/medium/802243-1709655876.jpg?lm=1,https://www.transfermarkt.com/us-lecce/kader/verein/1005/plus/1
2026-07-08T07:39:34,Lecce,Omri Gandelman,omri gandelman,780548,2026-01-09,2029-06-30,,https://img.a.transfermarkt.technology/portrait/medium/780548-1706693476.jpg?lm=1,https://www.transfermarkt.com/us-lecce/kader/verein/1005/plus/1
2026-07-08T07:39:34,Lecce,Filip Marchwinski,filip marchwinski,555106,2024-07-26,2028-06-30,,https://img.a.transfermarkt.technology/portrait/medium/555106-1757664884.jpg?lm=1,https://www.transfermarkt.com/us-lecce/kader/verein/1005/plus/1
2026-07-08T07:39:34,Lecce,Lameck Banda,lameck banda,545538,2022-08-04,2027-06-30,,https://img.a.transfermarkt.technology/portrait/medium/545538-1663744937.jpg?lm=1,https://www.transfermarkt.com/us-lecce/kader/verein/1005/plus/1
2026-07-08T07:39:34,Lecce,Marco Delle Monache,marco delle monache,899543,2028-06-30,2028-06-30,NEW,https://img.a.transfermarkt.technology/portrait/medium/899543-1694005634.png?lm=1,https://www.transfermarkt.com/us-lecce/kader/verein/1005/plus/1
2026-07-08T07:39:34,Lecce,Santiago Pierotti,santiago pierotti,674806,2024-01-16,2027-06-30,,https://img.a.transfermarkt.technology/portrait/medium/674806-1709016512.jpg?lm=1,https://www.transfermarkt.com/us-lecce/kader/verein/1005/plus/1
2026-07-08T07:39:34,Lecce,Konan N’Dri,konan n'dri,649490,2025-02-02,2027-06-30,,https://img.a.transfermarkt.technology/portrait/medium/649490-1713338739.png?lm=1,https://www.transfermarkt.com/us-lecce/kader/verein/1005/plus/1
2026-07-08T07:39:34,Lecce,Nikola Stulic,nikola stulic,595650,2025-08-27,2029-06-30,,https://img.a.transfermarkt.technology/portrait/medium/595650-1705056566.jpg?lm=1,https://www.transfermarkt.com/us-lecce/kader/verein/1005/plus/1
2026-07-08T07:39:34,Lecce,Milos Jovic,milos jovic,943473,2025-08-29,2029-06-30,,https://img.a.transfermarkt.technology/portrait/medium/943473-1727102831.png?lm=1,https://www.transfermarkt.com/us-lecce/kader/verein/1005/plus/1
2026-07-08T07:39:34,Lecce,Rareș Burnete,rares burnete,731525,2023-07-01,2029-06-30,,https://img.a.transfermarkt.technology/portrait/medium/731525-1709655620.jpg?lm=1,https://www.transfermarkt.com/us-lecce/kader/verein/1005/plus/1
2026-07-08T07:39:36,Milan,Mike Maignan,mike maignan,182906,2021-07-01,2031-06-30,,https://img.a.transfermarkt.technology/portrait/medium/182906-1681459155.jpg?lm=1,https://www.transfermarkt.com/ac-mailand/kader/verein/5/plus/1
2026-07-08T07:39:36,Milan,Pietro Terracciano,pietro terracciano,96254,2025-07-18,2027-06-30,,https://img.a.transfermarkt.technology/portrait/medium/96254-1753403934.jpg?lm=1,https://www.transfermarkt.com/ac-mailand/kader/verein/5/plus/1
2026-07-08T07:39:36,Milan,Lorenzo Torriani,lorenzo torriani,939745,2024-07-01,2030-06-30,,https://img.a.transfermarkt.technology/portrait/medium/939745-1730184012.jpg?lm=1,https://www.transfermarkt.com/ac-mailand/kader/verein/5/plus/1
2026-07-08T07:39:36,Milan,Strahinja Pavlović,strahinja pavlovic,574671,2024-07-31,2028-06-30,,https://img.a.transfermarkt.technology/portrait/medium/574671-1757664768.jpg?lm=1,https://www.transfermarkt.com/ac-mailand/kader/verein/5/plus/1
2026-07-08T07:39:36,Milan,Koni De Winter,koni de winter,490384,2025-08-13,2030-06-30,,https://img.a.transfermarkt.technology/portrait/medium/490384-1730126791.jpg?lm=1,https://www.transfermarkt.com/ac-mailand/kader/verein/5/plus/1
2026-07-08T07:39:36,Milan,Fikayo Tomori,fikayo tomori,303254,2021-07-01,2027-06-30,,https://img.a.transfermarkt.technology/portrait/medium/303254-1684856117.jpg?lm=1,https://www.transfermarkt.com/ac-mailand/kader/verein/5/plus/1
2026-07-08T07:39:36,Milan,Matteo Gabbia,matteo gabbia,323167,2017-07-01,2029-06-30,,https://img.a.transfermarkt.technology/portrait/medium/323167-1661351918.jpg?lm=1,https://www.transfermarkt.com/ac-mailand/kader/verein/5/plus/1
2026-07-08T07:39:36,Milan,David Odogu,david odogu,897423,2025-09-01,2029-06-30,,https://img.a.transfermarkt.technology/portrait/medium/897423-1724771146.jpg?lm=1,https://www.transfermarkt.com/ac-mailand/kader/verein/5/plus/1
2026-07-08T07:39:36,Milan,Filippo Terracciano,filippo terracciano,631007,2024-01-08,2028-06-30,,https://img.a.transfermarkt.technology/portrait/medium/631007-1739283881.jpg?lm=1,https://www.transfermarkt.com/ac-mailand/kader/verein/5/plus/1
2026-07-08T07:39:36,Milan,Davide Bartesaghi,davide bartesaghi,887638,2025-07-01,2030-06-30,,https://img.a.transfermarkt.technology/portrait/medium/887638-1695108454.jpg?lm=1,https://www.transfermarkt.com/ac-mailand/kader/verein/5/plus/1
2026-07-08T07:39:36,Milan,Pervis Estupiñán,pervis estupinan,349599,2025-07-24,2030-06-30,,https://img.a.transfermarkt.technology/portrait/medium/349599-1668498118.jpg?lm=1,https://www.transfermarkt.com/ac-mailand/kader/verein/5/plus/1
2026-07-08T07:39:36,Milan,Zachary Athekame,zachary athekame,990637,2025-08-15,2030-06-30,,https://img.a.transfermarkt.technology/portrait/medium/990637-1733948149.jpg?lm=1,https://www.transfermarkt.com/ac-mailand/kader/verein/5/plus/1
2026-07-08T07:39:36,Milan,Ardon Jashari,ardon jashari,608172,2025-08-06,2030-06-30,,https://img.a.transfermarkt.technology/portrait/medium/608172-1734438792.jpg?lm=1,https://www.transfermarkt.com/ac-mailand/kader/verein/5/plus/1
2026-07-08T07:39:36,Milan,Youssouf Fofana,youssouf fofana,569598,2024-08-17,2028-06-30,,https://img.a.transfermarkt.technology/portrait/medium/569598-1725528517.jpg?lm=1,https://www.transfermarkt.com/ac-mailand/kader/verein/5/plus/1
2026-07-08T07:39:36,Milan,Samuele Ricci,samuele ricci,467992,2025-07-03,2029-06-30,,https://img.a.transfermarkt.technology/portrait/medium/467992-1730125512.jpg?lm=1,https://www.transfermarkt.com/ac-mailand/kader/verein/5/plus/1
2026-07-08T07:39:36,Milan,Ismaël Bennacer,ismael bennacer,351816,2019-08-04,2027-06-30,,https://img.a.transfermarkt.technology/portrait/medium/351816-1663575089.jpg?lm=1,https://www.transfermarkt.com/ac-mailand/kader/verein/5/plus/1
2026-07-08T07:39:36,Milan,Adrien Rabiot,adrien rabiot,182913,2025-09-01,2028-06-30,,https://img.a.transfermarkt.technology/portrait/medium/182913-1681462009.jpg?lm=1,https://www.transfermarkt.com/ac-mailand/kader/verein/5/plus/1
2026-07-08T07:39:36,Milan,Yunus Musah,yunus musah,503991,2023-08-04,2028-06-30,,https://img.a.transfermarkt.technology/portrait/medium/503991-1684913655.jpg?lm=1,https://www.transfermarkt.com/ac-mailand/kader/verein/5/plus/1
2026-07-08T07:39:36,Milan,Ruben Loftus-Cheek,ruben loftus-cheek,202886,2023-07-01,2027-06-30,,https://img.a.transfermarkt.technology/portrait/medium/202886-1692879593.jpg?lm=1,https://www.transfermarkt.com/ac-mailand/kader/verein/5/plus/1
2026-07-08T07:39:36,Milan,Warren Bondo,warren bondo,659516,2025-02-03,2029-06-30,,https://img.a.transfermarkt.technology/portrait/medium/659516-1739281834.jpg?lm=1,https://www.transfermarkt.com/ac-mailand/kader/verein/5/plus/1
2026-07-08T07:39:36,Milan,Christian Comotto,christian comotto,1058363,2028-06-30,2028-06-30,NEW,https://img.a.transfermarkt.technology/portrait/medium/1058363-1713979779.jpg?lm=1,https://www.transfermarkt.com/ac-mailand/kader/verein/5/plus/1
2026-07-08T07:39:36,Milan,Kevin Zeroli,kevin zeroli,883349,2024-07-01,2028-06-30,,https://img.a.transfermarkt.technology/portrait/medium/883349-1696430935.jpg?lm=1,https://www.transfermarkt.com/ac-mailand/kader/verein/5/plus/1
2026-07-08T07:39:36,Milan,Alexis Saelemaekers,alexis saelemaekers,381950,2020-09-01,2031-06-30,,https://img.a.transfermarkt.technology/portrait/medium/381950-1757604189.jpg?lm=1,https://www.transfermarkt.com/ac-mailand/kader/verein/5/plus/1
2026-07-08T07:39:36,Milan,Alphadjo Cissè,alphadjo cisse,964087,2026-02-02,2030-06-30,,https://img.a.transfermarkt.technology/portrait/medium/964087-1704901805.jpg?lm=1,https://www.transfermarkt.com/ac-mailand/kader/verein/5/plus/1
2026-07-08T07:39:36,Milan,Rafael Leão,rafael leao,357164,2019-08-01,2028-06-30,,https://img.a.transfermarkt.technology/portrait/medium/357164-1730126553.jpg?lm=1,https://www.transfermarkt.com/ac-mailand/kader/verein/5/plus/1
2026-07-08T07:39:36,Milan,Christian Pulisic,christian pulisic,315779,2023-07-13,2027-06-30,,https://img.a.transfermarkt.technology/portrait/medium/315779-1691696699.jpg?lm=1,https://www.transfermarkt.com/ac-mailand/kader/verein/5/plus/1
2026-07-08T07:39:36,Milan,Samuel Chukwueze,samuel chukwueze,401922,2023-07-27,2028-06-30,,https://img.a.transfermarkt.technology/portrait/medium/401922-1767008430.jpg?lm=1,https://www.transfermarkt.com/ac-mailand/kader/verein/5/plus/1
2026-07-08T07:39:36,Milan,Gonçalo Ramos,goncalo ramos,550550,2026-06-30,2031-06-30,NEW,https://img.a.transfermarkt.technology/portrait/medium/550550-1681906158.jpg?lm=1,https://www.transfermarkt.com/ac-mailand/kader/verein/5/plus/1
2026-07-08T07:39:36,Milan,Christopher Nkunku,christopher nkunku,344381,2025-08-30,2030-06-30,,https://img.a.transfermarkt.technology/portrait/medium/344381-1663686834.jpg?lm=1,https://www.transfermarkt.com/ac-mailand/kader/verein/5/plus/1
2026-07-08T07:39:36,Milan,Santiago Gimenez,santiago gimenez,552955,2025-02-03,2029-06-30,,https://img.a.transfermarkt.technology/portrait/medium/552955-1739903736.jpg?lm=1,https://www.transfermarkt.com/ac-mailand/kader/verein/5/plus/1
2026-07-08T07:39:36,Milan,Francesco Camarda,francesco camarda,1058368,2025-06-01,2028-06-30,,https://img.a.transfermarkt.technology/portrait/medium/1058368-1751957691.jpg?lm=1,https://www.transfermarkt.com/ac-mailand/kader/verein/5/plus/1
2026-07-08T07:39:41,Napoli,Vanja Milinković-Savić,vanja milinkovic-savic,257474,2026-07-01,2030-06-30,NEW,https://img.a.transfermarkt.technology/portrait/medium/257474-1730125139.jpg?lm=1,https://www.transfermarkt.com/ssc-neapel/kader/verein/6195/plus/1
2026-07-08T07:39:41,Napoli,Alex Meret,alex meret,240414,2019-07-01,2027-06-30,,https://img.a.transfermarkt.technology/portrait/medium/240414-1695025886.jpg?lm=1,https://www.transfermarkt.com/ssc-neapel/kader/verein/6195/plus/1
2026-07-08T07:39:41,Napoli,Nikita Contini,nikita contini,250683,2015-07-01,2031-06-30,,https://img.a.transfermarkt.technology/portrait/medium/250683-1663679972.jpg?lm=1,https://www.transfermarkt.com/ssc-neapel/kader/verein/6195/plus/1
2026-07-08T07:39:41,Napoli,Mathias Ferrante,mathias ferrante,1195798,2025-07-16,2030-06-30,,https://img.a.transfermarkt.technology/portrait/medium/1195798-1707491711.jpg?lm=1,https://www.transfermarkt.com/ssc-neapel/kader/verein/6195/plus/1
2026-07-08T07:39:41,Napoli,Alessandro Buongiorno,alessandro buongiorno,386446,2024-07-13,2029-06-30,,https://img.a.transfermarkt.technology/portrait/medium/386446-1663596475.jpg?lm=1,https://www.transfermarkt.com/ssc-neapel/kader/verein/6195/plus/1
2026-07-08T07:39:41,Napoli,Sam Beukema,sam beukema,433984,2025-07-20,2030-06-30,,https://img.a.transfermarkt.technology/portrait/medium/433984-1696837343.jpg?lm=1,https://www.transfermarkt.com/ssc-neapel/kader/verein/6195/plus/1
2026-07-08T07:39:41,Napoli,Rafa Marín,rafa marin,662261,2024-07-10,2029-06-30,,https://img.a.transfermarkt.technology/portrait/medium/662261-1725529332.jpg?lm=1,https://www.transfermarkt.com/ssc-neapel/kader/verein/6195/plus/1
2026-07-08T07:39:41,Napoli,Amir Rrahmani,amir rrahmani,257732,2020-01-20,2027-06-30,,https://img.a.transfermarkt.technology/portrait/medium/257732-1663579350.jpg?lm=1,https://www.transfermarkt.com/ssc-neapel/kader/verein/6195/plus/1
2026-07-08T07:39:41,Napoli,Luca Marianucci,luca marianucci,814446,2025-07-01,2030-06-30,,https://img.a.transfermarkt.technology/portrait/medium/814446-1721740329.jpg?lm=1,https://www.transfermarkt.com/ssc-neapel/kader/verein/6195/plus/1
2026-07-08T07:39:41,Napoli,Nosa Edward Obaretin,nosa edward obaretin,704456,2023-07-01,2027-06-30,,https://img.a.transfermarkt.technology/portrait/medium/704456-1698789493.png?lm=1,https://www.transfermarkt.com/ssc-neapel/kader/verein/6195/plus/1
2026-07-08T07:39:41,Napoli,Luigi D'Avino,luigi d'avino,885235,2027-06-30,2027-06-30,NEW,https://img.a.transfermarkt.technology/portrait/medium/885235-1695808879.jpg?lm=1,https://www.transfermarkt.com/ssc-neapel/kader/verein/6195/plus/1
2026-07-08T07:39:41,Napoli,Miguel Gutiérrez,miguel gutierrez,525299,2025-08-19,2030-06-30,,https://img.a.transfermarkt.technology/portrait/medium/525299-1755681125.jpg?lm=1,https://www.transfermarkt.com/ssc-neapel/kader/verein/6195/plus/1
2026-07-08T07:39:41,Napoli,Mathías Olivera,mathias olivera,376514,2022-07-01,2030-06-30,,https://img.a.transfermarkt.technology/portrait/medium/376514-1681910576.jpg?lm=1,https://www.transfermarkt.com/ssc-neapel/kader/verein/6195/plus/1
2026-07-08T07:39:41,Napoli,Leonardo Spinazzola,leonardo spinazzola,118689,2024-07-10,2028-06-30,,https://img.a.transfermarkt.technology/portrait/medium/118689-1663580982.jpg?lm=1,https://www.transfermarkt.com/ssc-neapel/kader/verein/6195/plus/1
2026-07-08T07:39:41,Napoli,Giovanni Di Lorenzo,giovanni di lorenzo,169880,2019-07-01,2028-06-30,,https://img.a.transfermarkt.technology/portrait/medium/169880-1730126691.jpg?lm=1,https://www.transfermarkt.com/ssc-neapel/kader/verein/6195/plus/1
2026-07-08T07:39:41,Napoli,Pasquale Mazzocchi,pasquale mazzocchi,250153,2024-01-05,2027-06-30,,https://img.a.transfermarkt.technology/portrait/medium/250153-1725529479.jpg?lm=1,https://www.transfermarkt.com/ssc-neapel/kader/verein/6195/plus/1
2026-07-08T07:39:41,Napoli,Billy Gilmour,billy gilmour,423744,2024-08-30,2029-06-30,,https://img.a.transfermarkt.technology/portrait/medium/423744-1701544195.jpg?lm=1,https://www.transfermarkt.com/ssc-neapel/kader/verein/6195/plus/1
2026-07-08T07:39:41,Napoli,Stanislav Lobotka,stanislav lobotka,192735,2020-01-15,2027-06-30,,https://img.a.transfermarkt.technology/portrait/medium/192735-1661509021.jpg?lm=1,https://www.transfermarkt.com/ssc-neapel/kader/verein/6195/plus/1
2026-07-08T07:39:41,Napoli,Jens Cajuste,jens cajuste,468066,2023-08-10,2028-06-30,,https://img.a.transfermarkt.technology/portrait/medium/468066-1691568301.jpg?lm=1,https://www.transfermarkt.com/ssc-neapel/kader/verein/6195/plus/1
2026-07-08T07:39:41,Napoli,Scott McTominay,scott mctominay,315969,2024-08-30,2028-06-30,,https://img.a.transfermarkt.technology/portrait/medium/315969-1780932470.jpg?lm=1,https://www.transfermarkt.com/ssc-neapel/kader/verein/6195/plus/1
2026-07-08T07:39:41,Napoli,Frank Anguissa,frank anguissa,354361,2022-07-01,2027-06-30,,https://img.a.transfermarkt.technology/portrait/medium/354361-1695026237.jpg?lm=1,https://www.transfermarkt.com/ssc-neapel/kader/verein/6195/plus/1
2026-07-08T07:39:41,Napoli,Michael Folorunsho,michael folorunsho,377042,2019-07-13,2029-06-30,,https://img.a.transfermarkt.technology/portrait/medium/377042-1722173196.jpg?lm=1,https://www.transfermarkt.com/ssc-neapel/kader/verein/6195/plus/1
2026-07-08T07:39:41,Napoli,Luis Hasa,luis hasa,724178,2025-01-08,2029-06-30,,https://img.a.transfermarkt.technology/portrait/medium/724178-1655244826.jpg?lm=1,https://www.transfermarkt.com/ssc-neapel/kader/verein/6195/plus/1
2026-07-08T07:39:41,Napoli,Coli Saco,coli saco,820633,2028-06-30,2028-06-30,NEW,https://img.a.transfermarkt.technology/portrait/medium/820633-1757315350.jpg?lm=1,https://www.transfermarkt.com/ssc-neapel/kader/verein/6195/plus/1
2026-07-08T07:39:41,Napoli,Alessio Zerbin,alessio zerbin,433584,2018-07-01,2028-06-30,,https://img.a.transfermarkt.technology/portrait/medium/433584-1757604547.jpg?lm=1,https://www.transfermarkt.com/ssc-neapel/kader/verein/6195/plus/1
2026-07-08T07:39:41,Napoli,Antonio Vergara,antonio vergara,703245,2022-07-01,2030-06-30,,https://img.a.transfermarkt.technology/portrait/medium/703245-1757662637.jpg?lm=1,https://www.transfermarkt.com/ssc-neapel/kader/verein/6195/plus/1
2026-07-08T07:39:41,Napoli,Kevin De Bruyne,kevin de bruyne,88755,2025-07-01,2027-06-30,,https://img.a.transfermarkt.technology/portrait/medium/88755-1713391485.jpg?lm=1,https://www.transfermarkt.com/ssc-neapel/kader/verein/6195/plus/1
2026-07-08T07:39:41,Napoli,Alisson Santos,alisson santos,830365,2026-07-01,2030-06-30,NEW,https://img.a.transfermarkt.technology/portrait/medium/830365-1765306584.jpg?lm=1,https://www.transfermarkt.com/ssc-neapel/kader/verein/6195/plus/1
2026-07-08T07:39:41,Napoli,Noa Lang,noa lang,339332,2025-07-17,2030-06-30,,https://img.a.transfermarkt.technology/portrait/medium/339332-1742501723.jpg?lm=1,https://www.transfermarkt.com/ssc-neapel/kader/verein/6195/plus/1
2026-07-08T07:39:41,Napoli,Emanuele Rao,emanuele rao,936229,2025-07-17,2030-06-30,,https://img.a.transfermarkt.technology/portrait/medium/936229-1757672893.jpg?lm=1,https://www.transfermarkt.com/ssc-neapel/kader/verein/6195/plus/1
2026-07-08T07:39:41,Napoli,David Neres,david neres,469822,2024-08-21,2028-06-30,,https://img.a.transfermarkt.technology/portrait/medium/469822-1701334470.jpg?lm=1,https://www.transfermarkt.com/ssc-neapel/kader/verein/6195/plus/1
2026-07-08T07:39:41,Napoli,Cyril Ngonge,cyril ngonge,358032,2024-01-19,2028-06-30,,https://img.a.transfermarkt.technology/portrait/medium/358032-1674197416.jpg?lm=1,https://www.transfermarkt.com/ssc-neapel/kader/verein/6195/plus/1
2026-07-08T07:39:41,Napoli,Matteo Politano,matteo politano,165895,2021-07-01,2028-06-30,,https://img.a.transfermarkt.technology/portrait/medium/165895-1692963030.jpg?lm=1,https://www.transfermarkt.com/ssc-neapel/kader/verein/6195/plus/1
2026-07-08T07:39:41,Napoli,Jesper Lindstrøm,jesper lindstrom,513245,2023-08-29,2028-06-30,,https://img.a.transfermarkt.technology/portrait/medium/513245-1663065433.jpg?lm=1,https://www.transfermarkt.com/ssc-neapel/kader/verein/6195/plus/1
2026-07-08T07:39:41,Napoli,Lorenzo Sgarbi,lorenzo sgarbi,535797,,,,https://img.a.transfermarkt.technology/portrait/medium/535797-1754926764.jpg?lm=1,https://www.transfermarkt.com/ssc-neapel/kader/verein/6195/plus/1
2026-07-08T07:39:41,Napoli,Rasmus Højlund,rasmus hojlund,610442,2026-07-01,2030-06-30,NEW,https://img.a.transfermarkt.technology/portrait/medium/610442-1757931324.jpg?lm=1,https://www.transfermarkt.com/ssc-neapel/kader/verein/6195/plus/1
2026-07-08T07:39:41,Napoli,Lorenzo Lucca,lorenzo lucca,572265,2026-01-22,2030-06-30,,https://img.a.transfermarkt.technology/portrait/medium/572265-1725531439.jpg?lm=1,https://www.transfermarkt.com/ssc-neapel/kader/verein/6195/plus/1
2026-07-08T07:39:41,Napoli,Giovane,giovane,1005165,2026-01-24,2030-06-30,,https://img.a.transfermarkt.technology/portrait/medium/1005165-1757603428.jpg?lm=1,https://www.transfermarkt.com/ssc-neapel/kader/verein/6195/plus/1
2026-07-08T07:39:41,Napoli,Romelu Lukaku,romelu lukaku,96341,2024-08-29,2027-06-30,,https://img.a.transfermarkt.technology/portrait/medium/96341-1661780981.jpg?lm=1,https://www.transfermarkt.com/ssc-neapel/kader/verein/6195/plus/1
2026-07-08T07:39:41,Napoli,Giuseppe Ambrosino,giuseppe ambrosino,707295,2022-07-01,2030-06-30,,https://img.a.transfermarkt.technology/portrait/medium/707295-1757604449.jpg?lm=1,https://www.transfermarkt.com/ssc-neapel/kader/verein/6195/plus/1
2026-07-08T07:39:41,Napoli,Walid Cheddira,walid cheddira,521407,2023-08-20,2028-06-30,,https://img.a.transfermarkt.technology/portrait/medium/521407-1770273321.jpg?lm=1,https://www.transfermarkt.com/ssc-neapel/kader/verein/6195/plus/1
2026-07-08T07:39:49,Parma,Zion Suzuki,zion suzuki,432298,2024-07-15,2029-06-30,,https://img.a.transfermarkt.technology/portrait/medium/432298-1780323348.jpg?lm=1,https://www.transfermarkt.com/parma-calcio-1913/kader/verein/130/plus/1
2026-07-08T07:39:49,Parma,Giovanni Daffara,giovanni daffara,814473,2026-07-01,2031-06-30,NEW,https://img.a.transfermarkt.technology/portrait/medium/814473-1770412165.jpg?lm=1,https://www.transfermarkt.com/parma-calcio-1913/kader/verein/130/plus/1
2026-07-08T07:39:49,Parma,Edoardo Corvi,edoardo corvi,528181,2020-07-01,2029-06-30,,https://img.a.transfermarkt.technology/portrait/medium/528181-1712347686.jpg?lm=1,https://www.transfermarkt.com/parma-calcio-1913/kader/verein/130/plus/1
2026-07-08T07:39:49,Parma,Filippo Rinaldi,filippo rinaldi,604207,2020-10-01,2029-06-30,,https://img.a.transfermarkt.technology/portrait/medium/604207-1758687826.jpg?lm=1,https://www.transfermarkt.com/parma-calcio-1913/kader/verein/130/plus/1
2026-07-08T07:39:49,Parma,Alessandro Circati,alessandro circati,867137,2022-07-01,2029-06-30,,https://img.a.transfermarkt.technology/portrait/medium/867137-1780322535.jpg?lm=1,https://www.transfermarkt.com/parma-calcio-1913/kader/verein/130/plus/1
2026-07-08T07:39:49,Parma,Mariano Troilo,mariano troilo,1159864,2025-08-21,2030-06-30,,https://img.a.transfermarkt.technology/portrait/medium/1159864-1755605683.jpg?lm=1,https://www.transfermarkt.com/parma-calcio-1913/kader/verein/130/plus/1
2026-07-08T07:39:49,Parma,Abdoulaye Ndiaye,abdoulaye ndiaye,673514,2025-08-04,2029-06-30,,https://img.a.transfermarkt.technology/portrait/medium/673514-1767803264.jpg?lm=1,https://www.transfermarkt.com/parma-calcio-1913/kader/verein/130/plus/1
2026-07-08T07:39:49,Parma,Botond Balogh,botond balogh,543727,2020-09-01,2027-06-30,,https://img.a.transfermarkt.technology/portrait/medium/543727-1760087992.png?lm=1,https://www.transfermarkt.com/parma-calcio-1913/kader/verein/130/plus/1
2026-07-08T07:39:49,Parma,Lautaro Valenti,lautaro valenti,625202,2021-07-01,2027-06-30,,https://img.a.transfermarkt.technology/portrait/medium/625202-1725530168.jpg?lm=1,https://www.transfermarkt.com/parma-calcio-1913/kader/verein/130/plus/1
2026-07-08T07:39:49,Parma,Nicolas Trabucchi,nicolas trabucchi,1119655,2025-07-04,2028-06-30,,https://img.a.transfermarkt.technology/portrait/medium/1119655-1734334113.jpg?lm=1,https://www.transfermarkt.com/parma-calcio-1913/kader/verein/130/plus/1
2026-07-08T07:39:49,Parma,Peter Amoran,peter amoran,858677,2024-02-01,2027-06-30,,https://img.a.transfermarkt.technology/portrait/medium/858677-1707905691.jpg?lm=1,https://www.transfermarkt.com/parma-calcio-1913/kader/verein/130/plus/1
2026-07-08T07:39:49,Parma,Emanuele Valeri,emanuele valeri,445126,2024-07-01,2028-06-30,,https://img.a.transfermarkt.technology/portrait/medium/445126-1663684061.jpg?lm=1,https://www.transfermarkt.com/parma-calcio-1913/kader/verein/130/plus/1
2026-07-08T07:39:49,Parma,Franco Carboni,franco carboni,731491,2026-07-02,2030-06-30,NEW,https://img.a.transfermarkt.technology/portrait/medium/731491-1675245800.jpg?lm=1,https://www.transfermarkt.com/parma-calcio-1913/kader/verein/130/plus/1
2026-07-08T07:39:49,Parma,Sascha Britschgi,sascha britschgi,932187,2025-08-26,2030-06-30,,https://img.a.transfermarkt.technology/portrait/medium/932187-1756106334.jpg?lm=1,https://www.transfermarkt.com/parma-calcio-1913/kader/verein/130/plus/1
2026-07-08T07:39:49,Parma,Enrico Delprato,enrico delprato,392956,2022-07-01,2027-06-30,,https://img.a.transfermarkt.technology/portrait/medium/392956-1730185180.jpg?lm=1,https://www.transfermarkt.com/parma-calcio-1913/kader/verein/130/plus/1
2026-07-08T07:39:49,Parma,Mandela Keita,mandela keita,707844,2024-08-30,2029-06-30,,https://img.a.transfermarkt.technology/portrait/medium/707844-1706174326.jpg?lm=1,https://www.transfermarkt.com/parma-calcio-1913/kader/verein/130/plus/1
2026-07-08T07:39:49,Parma,Hans Nicolussi Caviglia,hans nicolussi caviglia,430280,2026-07-01,2030-06-30,NEW,https://img.a.transfermarkt.technology/portrait/medium/430280-1743004805.jpg?lm=1,https://www.transfermarkt.com/parma-calcio-1913/kader/verein/130/plus/1
2026-07-08T07:39:49,Parma,Adrián Bernabé,adrian bernabe,466802,2021-07-07,2027-06-30,,https://img.a.transfermarkt.technology/portrait/medium/466802-1714503707.jpg?lm=1,https://www.transfermarkt.com/parma-calcio-1913/kader/verein/130/plus/1
2026-07-08T07:39:49,Parma,Oliver Sørensen,oliver sorensen,514888,2025-08-13,2030-06-30,,https://img.a.transfermarkt.technology/portrait/medium/514888-1727290198.jpg?lm=1,https://www.transfermarkt.com/parma-calcio-1913/kader/verein/130/plus/1
2026-07-08T07:39:49,Parma,Christian Ordóñez,christian ordonez,1043646,2025-07-01,2030-06-30,,https://img.a.transfermarkt.technology/portrait/medium/1043646-1751354832.jpg?lm=1,https://www.transfermarkt.com/parma-calcio-1913/kader/verein/130/plus/1
2026-07-08T07:39:49,Parma,Benja Cremaschi,benja cremaschi,999127,2026-07-01,2031-06-30,NEW,https://img.a.transfermarkt.technology/portrait/medium/999127-1740775093.jpg?lm=1,https://www.transfermarkt.com/parma-calcio-1913/kader/verein/130/plus/1
2026-07-08T07:39:49,Parma,Rachid Kouda,rachid kouda,702324,2024-08-29,2028-06-30,,https://img.a.transfermarkt.technology/portrait/medium/702324-1753435148.jpg?lm=1,https://www.transfermarkt.com/parma-calcio-1913/kader/verein/130/plus/1
2026-07-08T07:39:49,Parma,Jacob Ondrejka,jacob ondrejka,663237,2025-01-23,2029-06-30,,https://img.a.transfermarkt.technology/portrait/medium/663237-1751532865.jpg?lm=1,https://www.transfermarkt.com/parma-calcio-1913/kader/verein/130/plus/1
2026-07-08T07:39:49,Parma,Antoine Joujou,antoine joujou,1028162,2024-08-28,2028-06-30,,https://img.a.transfermarkt.technology/portrait/medium/1028162-1683803729.jpg?lm=1,https://www.transfermarkt.com/parma-calcio-1913/kader/verein/130/plus/1
2026-07-08T07:39:49,Parma,Pontus Almqvist,pontus almqvist,300532,2024-08-13,2027-06-30,,https://img.a.transfermarkt.technology/portrait/medium/300532-1692964187.jpg?lm=1,https://www.transfermarkt.com/parma-calcio-1913/kader/verein/130/plus/1
2026-07-08T07:39:49,Parma,Anthony Partipilo,anthony partipilo,182517,2023-07-04,2027-06-30,,https://img.a.transfermarkt.technology/portrait/medium/182517-1712352354.jpg?lm=1,https://www.transfermarkt.com/parma-calcio-1913/kader/verein/130/plus/1
2026-07-08T07:39:49,Parma,Mateo Pellegrino,mateo pellegrino,856530,2025-02-03,2030-06-30,,https://img.a.transfermarkt.technology/portrait/medium/856530-1751532694.jpg?lm=1,https://www.transfermarkt.com/parma-calcio-1913/kader/verein/130/plus/1
2026-07-08T07:39:49,Parma,Matija Frigan,matija frigan,840149,2025-08-15,2030-06-30,,https://img.a.transfermarkt.technology/portrait/medium/840149-1757665206.jpg?lm=1,https://www.transfermarkt.com/parma-calcio-1913/kader/verein/130/plus/1
2026-07-08T07:39:49,Parma,Adrian Benedyczak,adrian benedyczak,454386,2021-07-01,2028-06-30,,https://img.a.transfermarkt.technology/portrait/medium/454386-1686128177.jpg?lm=1,https://www.transfermarkt.com/parma-calcio-1913/kader/verein/130/plus/1
2026-07-08T07:39:49,Parma,Nesta Elphege,nesta elphege,862606,2026-01-30,2030-06-30,,https://img.a.transfermarkt.technology/portrait/medium/862606-1777961604.jpg?lm=1,https://www.transfermarkt.com/parma-calcio-1913/kader/verein/130/plus/1
2026-07-08T07:39:52,Pisa,Gianmarco Vannucchi,gianmarco vannucchi,240157,2025-07-10,2028-06-30,,https://img.a.transfermarkt.technology/portrait/medium/240157-1695665658.jpg?lm=1,https://www.transfermarkt.com/pisa-sporting-club/kader/verein/4171/plus/1
2026-07-08T07:39:52,Pisa,Manuel Esposito,manuel esposito,895560,2023-07-01,2028-06-30,,https://img.a.transfermarkt.technology/portrait/medium/default.jpg?lm=1,https://www.transfermarkt.com/pisa-sporting-club/kader/verein/4171/plus/1
2026-07-08T07:39:52,Pisa,Stefano Scognamillo,stefano scognamillo,142990,2025-07-17,2028-06-30,,https://img.a.transfermarkt.technology/portrait/medium/142990-1613242254.png?lm=1,https://www.transfermarkt.com/pisa-sporting-club/kader/verein/4171/plus/1
2026-07-08T07:39:52,Pisa,Pietro Saio,pietro saio,708070,2025-07-03,2028-06-30,,https://img.a.transfermarkt.technology/portrait/medium/708070-1719825875.jpg?lm=1,https://www.transfermarkt.com/pisa-sporting-club/kader/verein/4171/plus/1
2026-07-08T07:39:52,Pisa,Raffaele Romano,raffaele romano,934202,2025-07-01,2028-06-30,,https://img.a.transfermarkt.technology/portrait/medium/934202-1775981408.png?lm=1,https://www.transfermarkt.com/pisa-sporting-club/kader/verein/4171/plus/1
2026-07-08T07:39:52,Pisa,Diego Borghini,diego borghini,324472,2025-07-18,2027-06-30,,https://img.a.transfermarkt.technology/portrait/medium/324472-1443180392.jpg?lm=1,https://www.transfermarkt.com/pisa-sporting-club/kader/verein/4171/plus/1
2026-07-08T07:39:52,Pisa,Angelo Viscardi,angelo viscardi,818546,2023-07-24,2028-06-30,,https://img.a.transfermarkt.technology/portrait/medium/818546-1704278637.png?lm=1,https://www.transfermarkt.com/pisa-sporting-club/kader/verein/4171/plus/1
2026-07-08T07:39:52,Pisa,Gerard Mirashi,gerard mirashi,1317761,2027-06-30,2027-06-30,NEW,https://img.a.transfermarkt.technology/portrait/medium/default.jpg?lm=1,https://www.transfermarkt.com/pisa-sporting-club/kader/verein/4171/plus/1
2026-07-08T07:39:52,Pisa,Vincenzo Avolio,vincenzo avolio,914006,2024-07-01,2027-06-30,,https://img.a.transfermarkt.technology/portrait/medium/default.jpg?lm=1,https://www.transfermarkt.com/pisa-sporting-club/kader/verein/4171/plus/1
2026-07-08T07:39:52,Pisa,Giovanni Castaldi,giovanni castaldi,1216277,2026-01-28,2028-06-30,,https://img.a.transfermarkt.technology/portrait/medium/1216277-1740417657.jpg?lm=1,https://www.transfermarkt.com/pisa-sporting-club/kader/verein/4171/plus/1
2026-07-08T07:39:52,Pisa,Raffaele Celia,raffaele celia,195057,2026-02-02,2027-06-30,,https://img.a.transfermarkt.technology/portrait/medium/195057-1754864356.jpg?lm=1,https://www.transfermarkt.com/pisa-sporting-club/kader/verein/4171/plus/1
2026-07-08T07:39:52,Pisa,Francesco Sena,francesco sena,818538,2023-07-01,2028-06-30,,https://img.a.transfermarkt.technology/portrait/medium/default.jpg?lm=1,https://www.transfermarkt.com/pisa-sporting-club/kader/verein/4171/plus/1
2026-07-08T07:39:52,Pisa,Antonio Ferrara,antonio ferrara,461774,2024-08-22,2027-06-30,,https://img.a.transfermarkt.technology/portrait/medium/461774-1695667275.jpg?lm=1,https://www.transfermarkt.com/pisa-sporting-club/kader/verein/4171/plus/1
2026-07-08T07:39:52,Pisa,Marco Ciurleo,marco ciurleo,990212,2024-07-08,2027-06-30,,https://img.a.transfermarkt.technology/portrait/medium/default.jpg?lm=1,https://www.transfermarkt.com/pisa-sporting-club/kader/verein/4171/plus/1
2026-07-08T07:39:52,Pisa,Edoardo Pierozzi,edoardo pierozzi,534083,2025-07-03,2028-06-30,,https://img.a.transfermarkt.technology/portrait/medium/534083-1751270533.jpg?lm=1,https://www.transfermarkt.com/pisa-sporting-club/kader/verein/4171/plus/1
2026-07-08T07:39:52,Pisa,Antonio Prisco,antonio prisco,721731,2028-06-30,2028-06-30,NEW,https://img.a.transfermarkt.technology/portrait/medium/default.jpg?lm=1,https://www.transfermarkt.com/pisa-sporting-club/kader/verein/4171/plus/1
2026-07-08T07:39:52,Pisa,Dino Mehić,dino mehic,667050,2025-07-25,2028-06-30,,https://img.a.transfermarkt.technology/portrait/medium/default.jpg?lm=1,https://www.transfermarkt.com/pisa-sporting-club/kader/verein/4171/plus/1
2026-07-08T07:39:52,Pisa,Mattia Maita,mattia maita,167470,2025-07-10,2029-06-30,,https://img.a.transfermarkt.technology/portrait/medium/167470-1647293328.jpg?lm=1,https://www.transfermarkt.com/pisa-sporting-club/kader/verein/4171/plus/1
2026-07-08T07:39:52,Pisa,Christian Kouan,christian kouan,529885,2026-02-02,2028-06-30,,https://img.a.transfermarkt.technology/portrait/medium/529885-1632466609.jpg?lm=1,https://www.transfermarkt.com/pisa-sporting-club/kader/verein/4171/plus/1
2026-07-08T07:39:52,Pisa,Angelo Talia,angelo talia,705288,2021-07-01,2027-06-30,,https://img.a.transfermarkt.technology/portrait/medium/705288-1666174583.jpeg?lm=1,https://www.transfermarkt.com/pisa-sporting-club/kader/verein/4171/plus/1
2026-07-08T07:39:52,Pisa,Antonis Siatounis,antonis siatounis,554397,2026-07-03,2029-06-30,NEW,https://img.a.transfermarkt.technology/portrait/medium/554397-1696851075.jpg?lm=1,https://www.transfermarkt.com/pisa-sporting-club/kader/verein/4171/plus/1
2026-07-08T07:39:52,Pisa,Pier Luigi Simonetti,pier luigi simonetti,504530,2023-09-01,2027-06-30,,https://img.a.transfermarkt.technology/portrait/medium/504530-1634641553.jpg?lm=1,https://www.transfermarkt.com/pisa-sporting-club/kader/verein/4171/plus/1
2026-07-08T07:39:52,Pisa,Giacomo Ricci,giacomo ricci,261056,2025-07-25,2028-06-30,,https://img.a.transfermarkt.technology/portrait/medium/261056-1598868697.jpg?lm=1,https://www.transfermarkt.com/pisa-sporting-club/kader/verein/4171/plus/1
2026-07-08T07:39:52,Pisa,Jacopo Manconi,jacopo manconi,240206,2024-07-08,2027-06-30,,https://img.a.transfermarkt.technology/portrait/medium/240206-1713379969.png?lm=1,https://www.transfermarkt.com/pisa-sporting-club/kader/verein/4171/plus/1
2026-07-08T07:39:52,Pisa,Lorenzo Carfora,lorenzo carfora,976219,2023-07-11,2028-06-30,,https://img.a.transfermarkt.technology/portrait/medium/default.jpg?lm=1,https://www.transfermarkt.com/pisa-sporting-club/kader/verein/4171/plus/1
2026-07-08T07:39:52,Pisa,Logan,logan,1500924,2026-07-06,2029-06-30,NEW,https://img.a.transfermarkt.technology/portrait/medium/default.jpg?lm=1,https://www.transfermarkt.com/pisa-sporting-club/kader/verein/4171/plus/1
2026-07-08T07:39:52,Pisa,Davide Lamesta,davide lamesta,689090,2024-07-06,2027-06-30,,https://img.a.transfermarkt.technology/portrait/medium/689090-1583831497.jpg?lm=1,https://www.transfermarkt.com/pisa-sporting-club/kader/verein/4171/plus/1
2026-07-08T07:39:52,Pisa,Emanuele Schimmenti,emanuele schimmenti,854589,2026-07-01,2029-06-30,NEW,https://img.a.transfermarkt.technology/portrait/medium/854589-1666175296.jpg?lm=1,https://www.transfermarkt.com/pisa-sporting-club/kader/verein/4171/plus/1
2026-07-08T07:39:52,Pisa,Raffaele Cantisani,raffaele cantisani,714004,2025-09-01,2028-06-30,,https://img.a.transfermarkt.technology/portrait/medium/default.jpg?lm=1,https://www.transfermarkt.com/pisa-sporting-club/kader/verein/4171/plus/1
2026-07-08T07:39:52,Pisa,Ernesto Starita,ernesto starita,288061,2024-01-15,2027-06-30,,https://img.a.transfermarkt.technology/portrait/medium/288061-1670667007.png?lm=1,https://www.transfermarkt.com/pisa-sporting-club/kader/verein/4171/plus/1
2026-07-08T07:39:52,Pisa,Nicolò Francescotti,nicolo francescotti,926508,,,,https://img.a.transfermarkt.technology/portrait/medium/default.jpg?lm=1,https://www.transfermarkt.com/pisa-sporting-club/kader/verein/4171/plus/1
2026-07-08T07:39:52,Pisa,Marco Tumminello,marco tumminello,315850,2025-09-01,2028-06-30,,https://img.a.transfermarkt.technology/portrait/medium/315850-1656581776.jpg?lm=1,https://www.transfermarkt.com/pisa-sporting-club/kader/verein/4171/plus/1
2026-07-08T07:39:52,Pisa,Guglielmo Mignani,guglielmo mignani,707785,2025-07-29,2028-06-30,,https://img.a.transfermarkt.technology/portrait/medium/707785-1606859189.jpg?lm=1,https://www.transfermarkt.com/pisa-sporting-club/kader/verein/4171/plus/1
2026-07-08T07:39:52,Pisa,Francesco Salvemini,francesco salvemini,254997,2025-07-01,2028-06-30,,https://img.a.transfermarkt.technology/portrait/medium/254997-1638568720.jpg?lm=1,https://www.transfermarkt.com/pisa-sporting-club/kader/verein/4171/plus/1
2026-07-08T07:39:52,Pisa,Mario Perlingieri,mario perlingieri,926530,2024-02-01,2028-06-30,,https://img.a.transfermarkt.technology/portrait/medium/default.jpg?lm=1,https://www.transfermarkt.com/pisa-sporting-club/kader/verein/4171/plus/1
2026-07-08T07:39:55,Roma,Mile Svilar,mile svilar,338670,2022-07-01,2030-06-30,,https://img.a.transfermarkt.technology/portrait/medium/338670-1725532174.jpg?lm=1,https://www.transfermarkt.com/as-rom/kader/verein/12/plus/1
2026-07-08T07:39:55,Roma,Devis Vásquez,devis vasquez,495722,2025-07-29,2027-06-30,,https://img.a.transfermarkt.technology/portrait/medium/495722-1770806559.jpg?lm=1,https://www.transfermarkt.com/as-rom/kader/verein/12/plus/1
2026-07-08T07:39:55,Roma,Pierluigi Gollini,pierluigi gollini,244192,2025-01-24,2027-06-30,,https://img.a.transfermarkt.technology/portrait/medium/244192-1695026486.jpg?lm=1,https://www.transfermarkt.com/as-rom/kader/verein/12/plus/1
2026-07-08T07:39:55,Roma,Radoslaw Zelezny,radoslaw zelezny,1073023,2025-07-23,2029-06-30,,https://img.a.transfermarkt.technology/portrait/medium/1073023-1753683100.jpg?lm=1,https://www.transfermarkt.com/as-rom/kader/verein/12/plus/1
2026-07-08T07:39:55,Roma,Evan Ndicka,evan ndicka,371149,2023-07-01,2028-06-30,,https://img.a.transfermarkt.technology/portrait/medium/371149-1757605149.jpg?lm=1,https://www.transfermarkt.com/as-rom/kader/verein/12/plus/1
2026-07-08T07:39:55,Roma,Daniele Ghilardi,daniele ghilardi,701819,2026-07-01,2030-06-30,NEW,https://img.a.transfermarkt.technology/portrait/medium/701819-1725530673.jpg?lm=1,https://www.transfermarkt.com/as-rom/kader/verein/12/plus/1
2026-07-08T07:39:55,Roma,Gianluca Mancini,gianluca mancini,256448,2020-09-01,2027-06-30,,https://img.a.transfermarkt.technology/portrait/medium/256448-1663581060.jpg?lm=1,https://www.transfermarkt.com/as-rom/kader/verein/12/plus/1
2026-07-08T07:39:55,Roma,Jan Ziolkowski,jan ziolkowski,1046867,2025-08-29,2030-06-30,,https://img.a.transfermarkt.technology/portrait/medium/1046867-1757603793.jpg?lm=1,https://www.transfermarkt.com/as-rom/kader/verein/12/plus/1
2026-07-08T07:39:55,Roma,Mario Hermoso,mario hermoso,281769,2024-09-02,2027-06-30,,https://img.a.transfermarkt.technology/portrait/medium/281769-1666818938.jpg?lm=1,https://www.transfermarkt.com/as-rom/kader/verein/12/plus/1
2026-07-08T07:39:55,Roma,Marash Kumbulla,marash kumbulla,371371,2021-07-01,2028-06-30,,https://img.a.transfermarkt.technology/portrait/medium/371371-1716969202.jpg?lm=1,https://www.transfermarkt.com/as-rom/kader/verein/12/plus/1
2026-07-08T07:39:55,Roma,Filippo Reale,filippo reale,1053217,2027-06-30,2027-06-30,NEW,https://img.a.transfermarkt.technology/portrait/medium/1053217-1754287089.jpg?lm=1,https://www.transfermarkt.com/as-rom/kader/verein/12/plus/1
2026-07-08T07:39:55,Roma,Anass Salah-Eddine,anass salah-eddine,485584,2025-02-03,2028-06-30,,https://img.a.transfermarkt.technology/portrait/medium/485584-1766406432.jpg?lm=1,https://www.transfermarkt.com/as-rom/kader/verein/12/plus/1
2026-07-08T07:39:55,Roma,Angeliño,angelino,277179,2024-07-01,2028-06-30,,https://img.a.transfermarkt.technology/portrait/medium/277179-1706626191.jpg?lm=1,https://www.transfermarkt.com/as-rom/kader/verein/12/plus/1
2026-07-08T07:39:55,Roma,Wesley,wesley,964580,2025-07-28,2030-06-30,,https://img.a.transfermarkt.technology/portrait/medium/964580-1743167536.jpg?lm=1,https://www.transfermarkt.com/as-rom/kader/verein/12/plus/1
2026-07-08T07:39:55,Roma,Devyne Rensch,devyne rensch,557407,2025-01-23,2029-06-30,,https://img.a.transfermarkt.technology/portrait/medium/557407-1683881379.jpg?lm=1,https://www.transfermarkt.com/as-rom/kader/verein/12/plus/1
2026-07-08T07:39:55,Roma,Mattia Mannini,mattia mannini,803005,2025-07-01,2028-06-30,,https://img.a.transfermarkt.technology/portrait/medium/803005-1705653269.jpg?lm=1,https://www.transfermarkt.com/as-rom/kader/verein/12/plus/1
2026-07-08T07:39:55,Roma,Bryan Cristante,bryan cristante,199248,2019-07-01,2027-06-30,,https://img.a.transfermarkt.technology/portrait/medium/199248-1724827920.jpg?lm=1,https://www.transfermarkt.com/as-rom/kader/verein/12/plus/1
2026-07-08T07:39:55,Roma,Manu Koné,manu kone,624690,2024-08-30,2029-06-30,,https://img.a.transfermarkt.technology/portrait/medium/624690-1757931309.jpg?lm=1,https://www.transfermarkt.com/as-rom/kader/verein/12/plus/1
2026-07-08T07:39:55,Roma,Niccolò Pisilli,niccolo pisilli,813137,2024-07-01,2029-06-30,,https://img.a.transfermarkt.technology/portrait/medium/813137-1683527978.jpg?lm=1,https://www.transfermarkt.com/as-rom/kader/verein/12/plus/1
2026-07-08T07:39:55,Roma,Neil El Aynaoui,neil el aynaoui,901019,2025-07-20,2030-06-30,,https://img.a.transfermarkt.technology/portrait/medium/901019-1757603917.jpg?lm=1,https://www.transfermarkt.com/as-rom/kader/verein/12/plus/1
2026-07-08T07:39:55,Roma,Riccardo Pagano,riccardo pagano,659415,2024-07-01,2027-06-30,,https://img.a.transfermarkt.technology/portrait/medium/659415-1696837644.jpg?lm=1,https://www.transfermarkt.com/as-rom/kader/verein/12/plus/1
2026-07-08T07:39:55,Roma,Luigi Cherubini,luigi cherubini,721227,2027-06-30,2027-06-30,NEW,https://img.a.transfermarkt.technology/portrait/medium/721227-1698056763.jpg?lm=1,https://www.transfermarkt.com/as-rom/kader/verein/12/plus/1
2026-07-08T07:39:55,Roma,Matías Soulé,matias soule,668951,2024-07-30,2029-06-30,,https://img.a.transfermarkt.technology/portrait/medium/668951-1725529266.jpg?lm=1,https://www.transfermarkt.com/as-rom/kader/verein/12/plus/1
2026-07-08T07:39:55,Roma,Donyell Malen,donyell malen,326029,2026-07-01,2030-06-30,NEW,https://img.a.transfermarkt.technology/portrait/medium/326029-1711746104.jpg?lm=1,https://www.transfermarkt.com/as-rom/kader/verein/12/plus/1
2026-07-08T07:39:55,Roma,Robinio Vaz,robinio vaz,1131161,2026-01-14,2030-06-30,,https://img.a.transfermarkt.technology/portrait/medium/1131161-1761232363.jpg?lm=1,https://www.transfermarkt.com/as-rom/kader/verein/12/plus/1
2026-07-08T07:39:55,Roma,Artem Dovbyk,artem dovbyk,343537,2024-08-02,2029-06-30,,https://img.a.transfermarkt.technology/portrait/medium/343537-1719215184.jpg?lm=1,https://www.transfermarkt.com/as-rom/kader/verein/12/plus/1
2026-07-08T07:39:57,Sassuolo,Arijanet Murić,arijanet muric,371021,2026-07-01,2026-07-01,NEW,https://img.a.transfermarkt.technology/portrait/medium/371021-1685718424.jpg?lm=1,https://www.transfermarkt.com/us-sassuolo/kader/verein/6574/plus/1
2026-07-08T07:39:57,Sassuolo,Stefano Turati,stefano turati,543666,2019-10-01,2028-06-30,,https://img.a.transfermarkt.technology/portrait/medium/543666-1686126590.jpg?lm=1,https://www.transfermarkt.com/us-sassuolo/kader/verein/6574/plus/1
2026-07-08T07:39:57,Sassuolo,Gioele Zacchi,gioele zacchi,659648,2023-07-01,2023-07-01,,https://img.a.transfermarkt.technology/portrait/medium/659648-1757676122.jpg?lm=1,https://www.transfermarkt.com/us-sassuolo/kader/verein/6574/plus/1
2026-07-08T07:39:57,Sassuolo,Tarik Muharemović,tarik muharemovic,679423,2025-07-01,2031-06-30,,https://img.a.transfermarkt.technology/portrait/medium/679423-1751529111.jpg?lm=1,https://www.transfermarkt.com/us-sassuolo/kader/verein/6574/plus/1
2026-07-08T07:39:57,Sassuolo,Jay Idzes,jay idzes,546926,2025-08-09,2029-06-30,,https://img.a.transfermarkt.technology/portrait/medium/546926-1781679094.jpg?lm=1,https://www.transfermarkt.com/us-sassuolo/kader/verein/6574/plus/1
2026-07-08T07:39:57,Sassuolo,Fali Candé,fali cande,520530,2025-08-10,2029-06-30,,https://img.a.transfermarkt.technology/portrait/medium/520530-1697463489.png?lm=1,https://www.transfermarkt.com/us-sassuolo/kader/verein/6574/plus/1
2026-07-08T07:39:57,Sassuolo,Cas Odenthal,cas odenthal,406632,2024-07-30,2027-06-30,,https://img.a.transfermarkt.technology/portrait/medium/406632-1714813970.jpg?lm=1,https://www.transfermarkt.com/us-sassuolo/kader/verein/6574/plus/1
2026-07-08T07:39:57,Sassuolo,Josh Doig,josh doig,567129,2024-01-20,2028-06-30,,https://img.a.transfermarkt.technology/portrait/medium/567129-1701544110.jpg?lm=1,https://www.transfermarkt.com/us-sassuolo/kader/verein/6574/plus/1
2026-07-08T07:39:57,Sassuolo,Edoardo Pieragnolo,edoardo pieragnolo,691825,2023-07-01,2029-06-30,,https://img.a.transfermarkt.technology/portrait/medium/691825-1757662713.jpg?lm=1,https://www.transfermarkt.com/us-sassuolo/kader/verein/6574/plus/1
2026-07-08T07:39:57,Sassuolo,Sebastian Walukiewicz,sebastian walukiewicz,345458,2026-07-01,2026-07-01,NEW,https://img.a.transfermarkt.technology/portrait/medium/345458-1716985042.jpg?lm=1,https://www.transfermarkt.com/us-sassuolo/kader/verein/6574/plus/1
2026-07-08T07:39:57,Sassuolo,Filippo Missori,filippo missori,650993,2023-07-01,2028-06-30,,https://img.a.transfermarkt.technology/portrait/medium/650993-1770426204.jpg?lm=1,https://www.transfermarkt.com/us-sassuolo/kader/verein/6574/plus/1
2026-07-08T07:39:57,Sassuolo,Yeferson Paz,yeferson paz,655525,2022-07-01,2027-06-30,,https://img.a.transfermarkt.technology/portrait/medium/655525-1692882887.jpg?lm=1,https://www.transfermarkt.com/us-sassuolo/kader/verein/6574/plus/1
2026-07-08T07:39:57,Sassuolo,Luca Lipani,luca lipani,724106,2023-08-08,2028-06-30,,https://img.a.transfermarkt.technology/portrait/medium/724106-1681206396.jpg?lm=1,https://www.transfermarkt.com/us-sassuolo/kader/verein/6574/plus/1
2026-07-08T07:39:57,Sassuolo,Daniel Boloca,daniel boloca,441515,2023-07-13,2028-06-30,,https://img.a.transfermarkt.technology/portrait/medium/441515-1692881633.jpg?lm=1,https://www.transfermarkt.com/us-sassuolo/kader/verein/6574/plus/1
2026-07-08T07:39:57,Sassuolo,Nemanja Matić,nemanja matic,74683,2025-08-26,2027-06-30,,https://img.a.transfermarkt.technology/portrait/medium/74683-1655212906.jpg?lm=1,https://www.transfermarkt.com/us-sassuolo/kader/verein/6574/plus/1
2026-07-08T07:39:57,Sassuolo,Andrea Ghion,andrea ghion,390163,2019-07-01,2029-06-30,,https://img.a.transfermarkt.technology/portrait/medium/390163-1753403691.jpg?lm=1,https://www.transfermarkt.com/us-sassuolo/kader/verein/6574/plus/1
2026-07-08T07:39:57,Sassuolo,Ismaël Koné,ismael kone,921655,2026-02-02,2030-06-30,,https://img.a.transfermarkt.technology/portrait/medium/921655-1757604633.jpg?lm=1,https://www.transfermarkt.com/us-sassuolo/kader/verein/6574/plus/1
2026-07-08T07:39:57,Sassuolo,Kristian Thorstvedt,kristian thorstvedt,564785,2022-07-12,2027-06-30,,https://img.a.transfermarkt.technology/portrait/medium/564785-1692883043.jpg?lm=1,https://www.transfermarkt.com/us-sassuolo/kader/verein/6574/plus/1
2026-07-08T07:39:57,Sassuolo,Justin Kumi,justin kumi,808559,2024-07-01,2024-07-01,,https://img.a.transfermarkt.technology/portrait/medium/808559-1770426610.jpg?lm=1,https://www.transfermarkt.com/us-sassuolo/kader/verein/6574/plus/1
2026-07-08T07:39:57,Sassuolo,Edoardo Iannoni,edoardo iannoni,700053,2024-08-23,2028-06-30,,https://img.a.transfermarkt.technology/portrait/medium/700053-1757662739.jpg?lm=1,https://www.transfermarkt.com/us-sassuolo/kader/verein/6574/plus/1
2026-07-08T07:39:57,Sassuolo,Kevin Leone,kevin leone,724068,2028-06-30,2028-06-30,NEW,https://img.a.transfermarkt.technology/portrait/medium/724068-1718228513.jpg?lm=1,https://www.transfermarkt.com/us-sassuolo/kader/verein/6574/plus/1
2026-07-08T07:39:57,Sassuolo,Fabrizio Caligara,fabrizio caligara,386574,2024-07-20,2027-06-30,,https://img.a.transfermarkt.technology/portrait/medium/386574-1609841206.jpg?lm=1,https://www.transfermarkt.com/us-sassuolo/kader/verein/6574/plus/1
2026-07-08T07:39:57,Sassuolo,Simone Cinquegrano,simone cinquegrano,919669,2027-06-30,2027-06-30,NEW,https://img.a.transfermarkt.technology/portrait/medium/919669-1718228826.jpg?lm=1,https://www.transfermarkt.com/us-sassuolo/kader/verein/6574/plus/1
2026-07-08T07:39:57,Sassuolo,Cristian Volpato,cristian volpato,746891,2023-07-01,2028-06-30,,https://img.a.transfermarkt.technology/portrait/medium/746891-1780931649.jpg?lm=1,https://www.transfermarkt.com/us-sassuolo/kader/verein/6574/plus/1
2026-07-08T07:39:57,Sassuolo,Darryl Bakola,darryl bakola,1170286,2026-02-02,2030-06-30,,https://img.a.transfermarkt.technology/portrait/medium/1170286-1736792764.jpg?lm=1,https://www.transfermarkt.com/us-sassuolo/kader/verein/6574/plus/1
2026-07-08T07:39:57,Sassuolo,Borna Knezovic,borna knezovic,1028399,2027-06-30,2027-06-30,NEW,https://img.a.transfermarkt.technology/portrait/medium/1028399-1718228108.jpg?lm=1,https://www.transfermarkt.com/us-sassuolo/kader/verein/6574/plus/1
2026-07-08T07:39:57,Sassuolo,Kevin Bruno,kevin bruno,883051,,,,https://img.a.transfermarkt.technology/portrait/medium/883051-1718228417.jpg?lm=1,https://www.transfermarkt.com/us-sassuolo/kader/verein/6574/plus/1
2026-07-08T07:39:57,Sassuolo,Armand Laurienté,armand lauriente,579930,2022-08-31,2029-06-30,,https://img.a.transfermarkt.technology/portrait/medium/579930-1753431935.jpg?lm=1,https://www.transfermarkt.com/us-sassuolo/kader/verein/6574/plus/1
2026-07-08T07:39:57,Sassuolo,Riccardo Ciervo,riccardo ciervo,628558,2022-07-01,2027-06-30,,https://img.a.transfermarkt.technology/portrait/medium/628558-1634291987.jpg?lm=1,https://www.transfermarkt.com/us-sassuolo/kader/verein/6574/plus/1
2026-07-08T07:39:57,Sassuolo,Patrick Nuamah,patrick nuamah,813961,2025-07-19,2030-06-30,,https://img.a.transfermarkt.technology/portrait/medium/813961-1675938563.jpg?lm=1,https://www.transfermarkt.com/us-sassuolo/kader/verein/6574/plus/1
2026-07-08T07:39:57,Sassuolo,Domenico Berardi,domenico berardi,177843,2015-07-01,2029-06-30,,https://img.a.transfermarkt.technology/portrait/medium/177843-1692883147.jpg?lm=1,https://www.transfermarkt.com/us-sassuolo/kader/verein/6574/plus/1
2026-07-08T07:39:57,Sassuolo,Nicholas Pierini,nicholas pierini,372720,2024-08-30,2027-06-30,,https://img.a.transfermarkt.technology/portrait/medium/372720-1717659913.jpg?lm=1,https://www.transfermarkt.com/us-sassuolo/kader/verein/6574/plus/1
2026-07-08T07:39:57,Sassuolo,Luca D'Andrea,luca d'andrea,725242,2022-07-01,2027-06-30,,https://img.a.transfermarkt.technology/portrait/medium/725242-1667406284.jpg?lm=1,https://www.transfermarkt.com/us-sassuolo/kader/verein/6574/plus/1
2026-07-08T07:39:57,Sassuolo,Andrea Pinamonti,andrea pinamonti,315865,2023-07-01,2027-06-30,,https://img.a.transfermarkt.technology/portrait/medium/315865-1692883161.jpg?lm=1,https://www.transfermarkt.com/us-sassuolo/kader/verein/6574/plus/1
2026-07-08T07:39:57,Sassuolo,Samuele Mulattieri,samuele mulattieri,457422,2023-07-07,2028-06-30,,https://img.a.transfermarkt.technology/portrait/medium/457422-1686814443.jpg?lm=1,https://www.transfermarkt.com/us-sassuolo/kader/verein/6574/plus/1
2026-07-08T07:39:57,Sassuolo,Agustín Álvarez,agustin alvarez,812625,2022-07-01,2027-06-30,,https://img.a.transfermarkt.technology/portrait/medium/812625-1704205457.jpg?lm=1,https://www.transfermarkt.com/us-sassuolo/kader/verein/6574/plus/1
2026-07-08T07:39:57,Sassuolo,Luca Moro,luca moro,600936,2022-01-31,2027-06-30,,https://img.a.transfermarkt.technology/portrait/medium/600936-1772549757.jpg?lm=1,https://www.transfermarkt.com/us-sassuolo/kader/verein/6574/plus/1
2026-07-08T07:39:57,Sassuolo,Laurs Skjellerup,laurs skjellerup,655207,2025-01-20,2029-06-30,,https://img.a.transfermarkt.technology/portrait/medium/655207-1723796786.png?lm=1,https://www.transfermarkt.com/us-sassuolo/kader/verein/6574/plus/1
2026-07-08T07:39:57,Sassuolo,Janis Antiste,janis antiste,538974,2022-08-31,2022-08-31,,https://img.a.transfermarkt.technology/portrait/medium/538974-1739822641.jpg?lm=1,https://www.transfermarkt.com/us-sassuolo/kader/verein/6574/plus/1
2026-07-08T07:39:57,Sassuolo,Flavio Russo,flavio russo,908788,2024-07-01,2024-07-01,,https://img.a.transfermarkt.technology/portrait/medium/908788-1718228666.jpg?lm=1,https://www.transfermarkt.com/us-sassuolo/kader/verein/6574/plus/1
2026-07-08T07:40:01,Torino,Franco Israel,franco israel,492319,2025-07-27,2028-06-30,,https://img.a.transfermarkt.technology/portrait/medium/492319-1753680657.jpg?lm=1,https://www.transfermarkt.com/fc-turin/kader/verein/416/plus/1
2026-07-08T07:40:01,Torino,Alberto Paleari,alberto paleari,163048,2024-07-19,2027-06-30,,https://img.a.transfermarkt.technology/portrait/medium/163048-1753444583.jpg?lm=1,https://www.transfermarkt.com/fc-turin/kader/verein/416/plus/1
2026-07-08T07:40:01,Torino,Lapo Siviero,lapo siviero,942103,2026-01-22,2029-06-30,,https://img.a.transfermarkt.technology/portrait/medium/942103-1779090329.png?lm=1,https://www.transfermarkt.com/fc-turin/kader/verein/416/plus/1
2026-07-08T07:40:01,Torino,Saúl Coco,saul coco,588426,2024-07-17,2029-06-30,,https://img.a.transfermarkt.technology/portrait/medium/588426-1725531089.jpg?lm=1,https://www.transfermarkt.com/fc-turin/kader/verein/416/plus/1
2026-07-08T07:40:01,Torino,Ardian Ismajli,ardian ismajli,435228,2025-07-08,2027-06-30,,https://img.a.transfermarkt.technology/portrait/medium/435228-1663677962.jpg?lm=1,https://www.transfermarkt.com/fc-turin/kader/verein/416/plus/1
2026-07-08T07:40:01,Torino,Alessandro Dellavalle,alessandro dellavalle,704825,2024-07-01,2028-06-30,,https://img.a.transfermarkt.technology/portrait/medium/704825-1758099771.png?lm=1,https://www.transfermarkt.com/fc-turin/kader/verein/416/plus/1
2026-07-08T07:40:01,Torino,Cristiano Biraghi,cristiano biraghi,124555,2025-07-01,2027-06-30,,https://img.a.transfermarkt.technology/portrait/medium/124555-1724827712.jpg?lm=1,https://www.transfermarkt.com/fc-turin/kader/verein/416/plus/1
2026-07-08T07:40:01,Torino,Marcus Pedersen,marcus pedersen,583404,2025-07-01,2027-06-30,,https://img.a.transfermarkt.technology/portrait/medium/583404-1695028079.jpg?lm=1,https://www.transfermarkt.com/fc-turin/kader/verein/416/plus/1
2026-07-08T07:40:01,Torino,Ali Dembélé,ali dembele,1004344,2023-07-01,2028-06-30,,https://img.a.transfermarkt.technology/portrait/medium/1004344-1730184789.jpg?lm=1,https://www.transfermarkt.com/fc-turin/kader/verein/416/plus/1
2026-07-08T07:40:01,Torino,Côme Bianay Balcot,come bianay balcot,1059298,2024-07-01,2027-06-30,,https://img.a.transfermarkt.technology/portrait/medium/1059298-1726135841.jpg?lm=1,https://www.transfermarkt.com/fc-turin/kader/verein/416/plus/1
2026-07-08T07:40:01,Torino,Cesare Casadei,cesare casadei,622380,2025-02-02,2029-06-30,,https://img.a.transfermarkt.technology/portrait/medium/622380-1692967622.jpg?lm=1,https://www.transfermarkt.com/fc-turin/kader/verein/416/plus/1
2026-07-08T07:40:01,Torino,Ivan Ilić,ivan ilic,470794,2023-07-01,2027-06-30,,https://img.a.transfermarkt.technology/portrait/medium/470794-1716239802.jpg?lm=1,https://www.transfermarkt.com/fc-turin/kader/verein/416/plus/1
2026-07-08T07:40:01,Torino,Emirhan İlkhan,emirhan ilkhan,743091,2022-08-08,2027-06-30,,https://img.a.transfermarkt.technology/portrait/medium/743091-1757662852.jpg?lm=1,https://www.transfermarkt.com/fc-turin/kader/verein/416/plus/1
2026-07-08T07:40:01,Torino,Gvidas Gineitis,gvidas gineitis,798929,2023-01-02,2029-06-30,,https://img.a.transfermarkt.technology/portrait/medium/798929-1730125690.jpg?lm=1,https://www.transfermarkt.com/fc-turin/kader/verein/416/plus/1
2026-07-08T07:40:01,Torino,Tino Anjorin,tino anjorin,433181,2026-07-01,2028-06-30,NEW,https://img.a.transfermarkt.technology/portrait/medium/433181-1751866018.jpg?lm=1,https://www.transfermarkt.com/fc-turin/kader/verein/416/plus/1
2026-07-08T07:40:01,Torino,Aaron Ciammaglichella,aaron ciammaglichella,724108,2024-07-01,2027-06-30,,https://img.a.transfermarkt.technology/portrait/medium/724108-1704901754.jpg?lm=1,https://www.transfermarkt.com/fc-turin/kader/verein/416/plus/1
2026-07-08T07:40:01,Torino,Marco Dalla Vecchia,marco dalla vecchia,879868,2027-06-30,2027-06-30,NEW,https://img.a.transfermarkt.technology/portrait/medium/879868-1725265936.jpg?lm=1,https://www.transfermarkt.com/fc-turin/kader/verein/416/plus/1
2026-07-08T07:40:01,Torino,Nikola Vlašić,nikola vlasic,293200,2023-08-08,2027-06-30,,https://img.a.transfermarkt.technology/portrait/medium/293200-1695028630.jpg?lm=1,https://www.transfermarkt.com/fc-turin/kader/verein/416/plus/1
2026-07-08T07:40:01,Torino,Sergiu Perciun,sergiu perciun,980632,2025-04-15,2029-06-30,,https://img.a.transfermarkt.technology/portrait/medium/980632-1734332485.jpg?lm=1,https://www.transfermarkt.com/fc-turin/kader/verein/416/plus/1
2026-07-08T07:40:01,Torino,Alessio Cacciamani,alessio cacciamani,1188619,2029-06-30,2029-06-30,NEW,https://img.a.transfermarkt.technology/portrait/medium/1188619-1745479120.jpg?lm=1,https://www.transfermarkt.com/fc-turin/kader/verein/416/plus/1
2026-07-08T07:40:01,Torino,Alieu Njie,alieu njie,934527,2024-07-01,2029-06-30,,https://img.a.transfermarkt.technology/portrait/medium/934527-1739284093.jpg?lm=1,https://www.transfermarkt.com/fc-turin/kader/verein/416/plus/1
2026-07-08T07:40:01,Torino,Zakaria Aboukhlal,zakaria aboukhlal,393238,2025-07-29,2029-06-30,,https://img.a.transfermarkt.technology/portrait/medium/393238-1753798031.jpg?lm=1,https://www.transfermarkt.com/fc-turin/kader/verein/416/plus/1
2026-07-08T07:40:01,Torino,Giovanni Simeone,giovanni simeone,282388,2026-07-01,2028-06-30,NEW,https://img.a.transfermarkt.technology/portrait/medium/282388-1690294694.jpg?lm=1,https://www.transfermarkt.com/fc-turin/kader/verein/416/plus/1
2026-07-08T07:40:01,Torino,Ché Adams,che adams,346779,2024-07-23,2027-06-30,,https://img.a.transfermarkt.technology/portrait/medium/346779-1716381473.jpg?lm=1,https://www.transfermarkt.com/fc-turin/kader/verein/416/plus/1
2026-07-08T07:40:01,Torino,Sandro Kulenović,sandro kulenovic,357778,2026-07-01,2029-06-30,NEW,https://img.a.transfermarkt.technology/portrait/medium/357778-1770273801.jpg?lm=1,https://www.transfermarkt.com/fc-turin/kader/verein/416/plus/1
2026-07-08T07:40:01,Torino,Duván Zapata,duvan zapata,73794,2024-07-01,2027-06-30,,https://img.a.transfermarkt.technology/portrait/medium/73794-1730126644.jpg?lm=1,https://www.transfermarkt.com/fc-turin/kader/verein/416/plus/1
2026-07-08T07:40:01,Torino,Pietro Pellegri,pietro pellegri,364133,2022-07-01,2027-06-30,,https://img.a.transfermarkt.technology/portrait/medium/364133-1663596740.jpg?lm=1,https://www.transfermarkt.com/fc-turin/kader/verein/416/plus/1
2026-07-08T07:40:05,Udinese,Maduka Okoye,maduka okoye,340353,2023-08-24,2028-06-30,,https://img.a.transfermarkt.technology/portrait/medium/340353-1729542646.jpg?lm=1,https://www.transfermarkt.com/udinese-calcio/kader/verein/410/plus/1
2026-07-08T07:40:05,Udinese,Edoardo Piana,edoardo piana,612059,2022-07-01,2022-07-01,,https://img.a.transfermarkt.technology/portrait/medium/612059-1673248975.jpg?lm=1,https://www.transfermarkt.com/udinese-calcio/kader/verein/410/plus/1
2026-07-08T07:40:05,Udinese,Daniele Padelli,daniele padelli,27807,2021-07-01,2027-06-30,,https://img.a.transfermarkt.technology/portrait/medium/27807-1630653305.jpg?lm=1,https://www.transfermarkt.com/udinese-calcio/kader/verein/410/plus/1
2026-07-08T07:40:05,Udinese,Oumar Solet,oumar solet,463665,2025-01-02,2027-06-30,,https://img.a.transfermarkt.technology/portrait/medium/463665-1739281800.jpg?lm=1,https://www.transfermarkt.com/udinese-calcio/kader/verein/410/plus/1
2026-07-08T07:40:05,Udinese,Thomas Kristensen,thomas kristensen,698259,2023-09-01,2028-06-30,,https://img.a.transfermarkt.technology/portrait/medium/698259-1696837568.jpg?lm=1,https://www.transfermarkt.com/udinese-calcio/kader/verein/410/plus/1
2026-07-08T07:40:05,Udinese,Nicolò Bertola,nicolo bertola,632831,2025-07-01,2030-06-30,,https://img.a.transfermarkt.technology/portrait/medium/632831-1734888290.jpg?lm=1,https://www.transfermarkt.com/udinese-calcio/kader/verein/410/plus/1
2026-07-08T07:40:05,Udinese,Matteo Palma,matteo palma,1058354,2024-07-01,2028-06-30,,https://img.a.transfermarkt.technology/portrait/medium/1058354-1730184292.jpg?lm=1,https://www.transfermarkt.com/udinese-calcio/kader/verein/410/plus/1
2026-07-08T07:40:05,Udinese,Branimir Mlacic,branimir mlacic,1300966,2026-02-02,2031-06-30,,https://img.a.transfermarkt.technology/portrait/medium/1300966-1767281419.jpg?lm=1,https://www.transfermarkt.com/udinese-calcio/kader/verein/410/plus/1
2026-07-08T07:40:05,Udinese,James Abankwah,james abankwah,648032,2022-01-26,2029-06-30,,https://img.a.transfermarkt.technology/portrait/medium/648032-1730125344.jpg?lm=1,https://www.transfermarkt.com/udinese-calcio/kader/verein/410/plus/1
2026-07-08T07:40:05,Udinese,Saba Goglichidze,saba goglichidze,906160,2025-08-05,2030-06-30,,https://img.a.transfermarkt.technology/portrait/medium/906160-1732017345.jpg?lm=1,https://www.transfermarkt.com/udinese-calcio/kader/verein/410/plus/1
2026-07-08T07:40:05,Udinese,Enzo Ebosse,enzo ebosse,342877,2022-07-29,2027-06-30,,https://img.a.transfermarkt.technology/portrait/medium/342877-1659337327.jpg?lm=1,https://www.transfermarkt.com/udinese-calcio/kader/verein/410/plus/1
2026-07-08T07:40:05,Udinese,Christian Kabasele,christian kabasele,81512,2023-07-25,2027-06-30,,https://img.a.transfermarkt.technology/portrait/medium/81512-1692277533.jpg?lm=1,https://www.transfermarkt.com/udinese-calcio/kader/verein/410/plus/1
2026-07-08T07:40:05,Udinese,Jordan Zemura,jordan zemura,633530,2023-07-01,2027-06-30,,https://img.a.transfermarkt.technology/portrait/medium/633530-1730184134.jpg?lm=1,https://www.transfermarkt.com/udinese-calcio/kader/verein/410/plus/1
2026-07-08T07:40:05,Udinese,Hassane Kamara,hassane kamara,290017,2022-08-22,2027-06-30,,https://img.a.transfermarkt.technology/portrait/medium/290017-1730126484.jpg?lm=1,https://www.transfermarkt.com/udinese-calcio/kader/verein/410/plus/1
2026-07-08T07:40:05,Udinese,Leonardo Buta,leonardo buta,653415,2025-07-01,2027-06-30,,https://img.a.transfermarkt.technology/portrait/medium/653415-1710239705.jpg?lm=1,https://www.transfermarkt.com/udinese-calcio/kader/verein/410/plus/1
2026-07-08T07:40:05,Udinese,Alessandro Zanoli,alessandro zanoli,397225,2026-07-01,2029-06-30,NEW,https://img.a.transfermarkt.technology/portrait/medium/397225-1673603620.jpg?lm=1,https://www.transfermarkt.com/udinese-calcio/kader/verein/410/plus/1
2026-07-08T07:40:05,Udinese,Jesper Karlström,jesper karlstrom,222855,2024-08-03,2028-06-30,,https://img.a.transfermarkt.technology/portrait/medium/222855-1730184243.jpg?lm=1,https://www.transfermarkt.com/udinese-calcio/kader/verein/410/plus/1
2026-07-08T07:40:05,Udinese,Abdoulaye Camara,abdoulaye camara,1210116,2025-07-16,2029-06-30,,https://img.a.transfermarkt.technology/portrait/medium/1210116-1767803175.jpg?lm=1,https://www.transfermarkt.com/udinese-calcio/kader/verein/410/plus/1
2026-07-08T07:40:05,Udinese,Arthur Atta,arthur atta,855308,2025-07-01,2029-06-30,,https://img.a.transfermarkt.technology/portrait/medium/855308-1752140643.jpg?lm=1,https://www.transfermarkt.com/udinese-calcio/kader/verein/410/plus/1
2026-07-08T07:40:05,Udinese,Jurgen Ekkelenkamp,jurgen ekkelenkamp,361068,2024-08-06,2029-06-30,,https://img.a.transfermarkt.technology/portrait/medium/361068-1757604896.jpg?lm=1,https://www.transfermarkt.com/udinese-calcio/kader/verein/410/plus/1
2026-07-08T07:40:05,Udinese,Lennon Miller,lennon miller,924857,2025-08-12,2030-06-30,,https://img.a.transfermarkt.technology/portrait/medium/924857-1701702197.jpg?lm=1,https://www.transfermarkt.com/udinese-calcio/kader/verein/410/plus/1
2026-07-08T07:40:05,Udinese,Martín Payero,martin payero,555820,2023-09-01,2027-06-30,,https://img.a.transfermarkt.technology/portrait/medium/555820-1707213845.jpg?lm=1,https://www.transfermarkt.com/udinese-calcio/kader/verein/410/plus/1
2026-07-08T07:40:05,Udinese,Jakub Piotrowski,jakub piotrowski,377243,2025-08-02,2029-06-30,,https://img.a.transfermarkt.technology/portrait/medium/377243-1753958125.jpg?lm=1,https://www.transfermarkt.com/udinese-calcio/kader/verein/410/plus/1
2026-07-08T07:40:05,Udinese,Sandi Lovrić,sandi lovric,268429,2022-07-01,2027-06-30,,https://img.a.transfermarkt.technology/portrait/medium/268429-1725531957.jpg?lm=1,https://www.transfermarkt.com/udinese-calcio/kader/verein/410/plus/1
2026-07-08T07:40:05,Udinese,Oier Zarraga,oier zarraga,524010,2023-07-01,2027-06-30,,https://img.a.transfermarkt.technology/portrait/medium/524010-1692963352.jpg?lm=1,https://www.transfermarkt.com/udinese-calcio/kader/verein/410/plus/1
2026-07-08T07:40:05,Udinese,Juan Arizala,juan arizala,1118347,2026-01-06,2030-06-30,,https://img.a.transfermarkt.technology/portrait/medium/1118347-1777961114.jpg?lm=1,https://www.transfermarkt.com/udinese-calcio/kader/verein/410/plus/1
2026-07-08T07:40:05,Udinese,Simone Pafundi,simone pafundi,876400,2022-07-01,2028-06-30,,https://img.a.transfermarkt.technology/portrait/medium/876400-1660805372.jpg?lm=1,https://www.transfermarkt.com/udinese-calcio/kader/verein/410/plus/1
2026-07-08T07:40:05,Udinese,Giorgi Chakvetadze,giorgi chakvetadze,412616,2026-07-06,2030-06-30,NEW,https://img.a.transfermarkt.technology/portrait/medium/412616-1716542553.jpg?lm=1,https://www.transfermarkt.com/udinese-calcio/kader/verein/410/plus/1
2026-07-08T07:40:05,Udinese,David Pejičić,david pejicic,1009633,2023-07-01,2028-06-30,,https://img.a.transfermarkt.technology/portrait/medium/1009633-1693205121.jpg?lm=1,https://www.transfermarkt.com/udinese-calcio/kader/verein/410/plus/1
2026-07-08T07:40:05,Udinese,Rui Modesto,rui modesto,671799,2024-08-30,2029-06-30,,https://img.a.transfermarkt.technology/portrait/medium/671799-1718958112.jpg?lm=1,https://www.transfermarkt.com/udinese-calcio/kader/verein/410/plus/1
2026-07-08T07:40:05,Udinese,Nicolò Zaniolo,nicolo zaniolo,392085,2026-07-01,2029-06-30,NEW,https://img.a.transfermarkt.technology/portrait/medium/392085-1713472570.jpg?lm=1,https://www.transfermarkt.com/udinese-calcio/kader/verein/410/plus/1
2026-07-08T07:40:05,Udinese,Keinan Davis,keinan davis,412660,2023-09-01,2027-06-30,,https://img.a.transfermarkt.technology/portrait/medium/412660-1707127382.jpg?lm=1,https://www.transfermarkt.com/udinese-calcio/kader/verein/410/plus/1
2026-07-08T07:40:05,Udinese,Luca Kjerrumgaard,luca kjerrumgaard,668950,2025-07-16,2030-06-30,,https://img.a.transfermarkt.technology/portrait/medium/668950-1737536587.jpg?lm=1,https://www.transfermarkt.com/udinese-calcio/kader/verein/410/plus/1
2026-07-08T07:40:05,Udinese,Idrissa Gueye,idrissa gueye,1178488,2026-07-01,2030-06-30,NEW,https://img.a.transfermarkt.technology/portrait/medium/1178488-1741265032.jpg?lm=1,https://www.transfermarkt.com/udinese-calcio/kader/verein/410/plus/1
2026-07-08T07:40:05,Udinese,Adam Buksa,adam buksa,267160,2025-08-26,2029-06-30,,https://img.a.transfermarkt.technology/portrait/medium/267160-1725875279.jpg?lm=1,https://www.transfermarkt.com/udinese-calcio/kader/verein/410/plus/1
2026-07-08T07:40:05,Udinese,Iker Bravo,iker bravo,741292,2024-07-31,2028-06-30,,https://img.a.transfermarkt.technology/portrait/medium/741292-1753444385.jpg?lm=1,https://www.transfermarkt.com/udinese-calcio/kader/verein/410/plus/1
2026-07-08T07:40:05,Udinese,Vakoun Bayo,vakoun bayo,375877,2024-08-29,2028-06-30,,https://img.a.transfermarkt.technology/portrait/medium/375877-1757604280.jpg?lm=1,https://www.transfermarkt.com/udinese-calcio/kader/verein/410/plus/1
